"arm","collection","ID","Count","p.adjust","p_matched","frac_matched_reaching_q","size_tested","enriched","pinned","fails_p_matched","fails_recurrence","pruned_by","pruned_hit_jaccard","rank_in_collection","selected","variant"
"WT_heat_up","Hallmark","HALLMARK_TNFA_SIGNALING_VIA_NFKB",35,3.2838367948082e-19,0.000499750124937531,0.099,191,TRUE,FALSE,FALSE,FALSE,NA,NA,1,TRUE,"unpinned"
"WT_heat_up","Hallmark","HALLMARK_INFLAMMATORY_RESPONSE",21,5.1051464921737e-08,0.000499750124937531,0.0570285142571286,166,TRUE,FALSE,FALSE,FALSE,NA,NA,2,TRUE,"unpinned"
"WT_heat_up","Hallmark","HALLMARK_HYPOXIA",18,9.75807515390371e-06,0.000999500249875062,0.079,171,TRUE,FALSE,FALSE,FALSE,NA,NA,3,TRUE,"unpinned"
"WT_heat_up","Hallmark","HALLMARK_EPITHELIAL_MESENCHYMAL_TRANSITION",14,0.000313579416705385,0.00149925037481259,0.0180451127819549,142,TRUE,FALSE,FALSE,FALSE,NA,NA,4,TRUE,"unpinned"
"WT_heat_up","Hallmark","HALLMARK_P53_PATHWAY",15,0.00142562500121075,0.00449775112443778,0.0225,187,TRUE,FALSE,FALSE,FALSE,NA,NA,5,TRUE,"unpinned"
"WT_heat_up","Hallmark","HALLMARK_KRAS_SIGNALING_UP",13,0.0031644979385807,0.00549725137431284,0.00852130325814536,161,TRUE,FALSE,FALSE,FALSE,NA,NA,6,TRUE,"unpinned"
"WT_heat_up","Hallmark","HALLMARK_IL2_STAT5_SIGNALING",14,0.00591757150581644,0.0299850074962519,0.0465,197,TRUE,FALSE,FALSE,FALSE,NA,NA,8,TRUE,"unpinned"
"WT_heat_up","Hallmark","HALLMARK_COMPLEMENT",12,0.00857896240574693,0.0189905047476262,0.0190285428142213,162,TRUE,FALSE,FALSE,FALSE,"HALLMARK_COAGULATION",0.666666666666667,NA,FALSE,"unpinned"
"WT_heat_up","Hallmark","HALLMARK_APOPTOSIS",11,0.0137408982743975,0.229885057471264,0.1635,151,TRUE,FALSE,TRUE,FALSE,NA,NA,NA,FALSE,"unpinned"
"WT_heat_up","Hallmark","HALLMARK_COAGULATION",8,0.0197200426040843,0.0144927536231884,0.00617601646937725,95,TRUE,FALSE,FALSE,FALSE,NA,NA,7,TRUE,"unpinned"
"WT_heat_up","GO_BP","GOBP_TAXIS",23,1.1623916324849e-05,0.000499750124937531,0.12,334,TRUE,FALSE,FALSE,FALSE,NA,NA,1,TRUE,"unpinned"
"WT_heat_up","GO_BP","GOBP_REGULATION_OF_INFLAMMATORY_RESPONSE",23,1.1623916324849e-05,0.000499750124937531,0.1335,340,TRUE,FALSE,FALSE,FALSE,NA,NA,2,TRUE,"unpinned"
"WT_heat_up","GO_BP","GOBP_REGULATION_OF_VASCULATURE_DEVELOPMENT",18,3.45750869816291e-05,0.000999500249875062,0.0645968953430145,228,TRUE,FALSE,FALSE,FALSE,NA,NA,11,FALSE,"unpinned"
"WT_heat_up","GO_BP","GOBP_CELL_CHEMOTAXIS",17,0.000164644585163445,0.00199900049975012,0.0945472736368184,233,TRUE,FALSE,FALSE,FALSE,"GOBP_TAXIS",0.739130434782609,NA,FALSE,"unpinned"
"WT_heat_up","GO_BP","GOBP_TISSUE_REMODELING",13,0.000164644585163445,0.000999500249875062,0.0548289738430583,134,TRUE,FALSE,FALSE,FALSE,NA,NA,12,FALSE,"unpinned"
"WT_heat_up","GO_BP","GOBP_POSITIVE_REGULATION_OF_CELL_ACTIVATION",20,0.000198383897774775,0.0114942528735632,0.2585,327,TRUE,FALSE,FALSE,TRUE,NA,NA,NA,FALSE,"unpinned"
"WT_heat_up","GO_BP","GOBP_REGULATION_OF_APOPTOTIC_SIGNALING_PATHWAY",19,0.00054885500731485,0.00699650174912544,0.121,321,TRUE,FALSE,FALSE,FALSE,"GOBP_EXTRINSIC_APOPTOTIC_SIGNALING_PATHWAY",0.571428571428571,NA,FALSE,"unpinned"
"WT_heat_up","GO_BP","GOBP_NEGATIVE_REGULATION_OF_G_PROTEIN_COUPLED_RECEPTOR_SIGNALING_PATHWAY",8,0.00054885500731485,0.000499750124937531,0.00336021505376344,51,TRUE,FALSE,FALSE,FALSE,NA,NA,3,TRUE,"unpinned"
"WT_heat_up","GO_BP","GOBP_REGULATION_OF_EXTRINSIC_APOPTOTIC_SIGNALING_PATHWAY",12,0.000550787716135207,0.00349825087456272,0.0434343434343434,134,TRUE,FALSE,FALSE,FALSE,"GOBP_POSITIVE_REGULATION_OF_EXTRINSIC_APOPTOTIC_SIGNALING_PATHWAY",0.583333333333333,NA,FALSE,"unpinned"
"WT_heat_up","GO_BP","GOBP_POSITIVE_REGULATION_OF_CELL_ADHESION",21,0.000550787716135207,0.0289855072463768,0.305,395,TRUE,FALSE,FALSE,TRUE,NA,NA,NA,FALSE,"unpinned"
"WT_heat_up","GO_BP","GOBP_POSITIVE_REGULATION_OF_INFLAMMATORY_RESPONSE",12,0.000550787716135207,0.00199900049975012,0.0397984886649874,135,TRUE,FALSE,FALSE,FALSE,"GOBP_REGULATION_OF_INFLAMMATORY_RESPONSE",0.521739130434783,NA,FALSE,"unpinned"
"WT_heat_up","GO_BP","GOBP_LEUKOCYTE_PROLIFERATION",17,0.000725434359701076,0.0164917541229385,0.1985,277,TRUE,FALSE,FALSE,FALSE,NA,NA,57,FALSE,"unpinned"
"WT_heat_up","GO_BP","GOBP_WOUND_HEALING",19,0.000787414155918892,0.0109945027486257,0.1335,343,TRUE,FALSE,FALSE,FALSE,NA,NA,49,FALSE,"unpinned"
"WT_heat_up","GO_BP","GOBP_NEGATIVE_REGULATION_OF_RESPONSE_TO_EXTERNAL_STIMULUS",18,0.000827949232205846,0.0119940029985007,0.1275,314,TRUE,FALSE,FALSE,FALSE,NA,NA,51,FALSE,"unpinned"
"WT_heat_up","GO_BP","GOBP_REGULATION_OF_BODY_FLUID_LEVELS",17,0.00097920080714624,0.00499750124937531,0.066,288,TRUE,FALSE,FALSE,FALSE,NA,NA,31,FALSE,"unpinned"
"WT_heat_up","GO_BP","GOBP_HUMORAL_IMMUNE_RESPONSE",12,0.00106248275229643,0.00199900049975012,0.0142638818135507,149,TRUE,FALSE,FALSE,FALSE,"GOBP_ANTIMICROBIAL_HUMORAL_IMMUNE_RESPONSE_MEDIATED_BY_ANTIMICROBIAL_PEPTIDE",0.583333333333333,NA,FALSE,"unpinned"
"WT_heat_up","GO_BP","GOBP_EXTRINSIC_APOPTOTIC_SIGNALING_PATHWAY",14,0.00109621435502932,0.00349825087456272,0.0630630630630631,204,TRUE,FALSE,FALSE,FALSE,NA,NA,25,FALSE,"unpinned"
"WT_heat_up","GO_BP","GOBP_POSITIVE_REGULATION_OF_CELL_GROWTH",11,0.00134242960970454,0.00149925037481259,0.0276639344262295,129,TRUE,FALSE,FALSE,FALSE,NA,NA,15,FALSE,"unpinned"
"WT_heat_up","GO_BP","GOBP_POSITIVE_REGULATION_OF_CELL_CELL_ADHESION",16,0.00139945257282442,0.0274862568715642,0.2085,271,TRUE,FALSE,FALSE,FALSE,NA,NA,69,FALSE,"unpinned"
"WT_heat_up","GO_BP","GOBP_NEGATIVE_REGULATION_OF_VASCULATURE_DEVELOPMENT",9,0.00139945257282442,0.000499750124937531,0.0128617363344051,85,TRUE,FALSE,FALSE,FALSE,NA,NA,4,TRUE,"unpinned"
"WT_heat_up","GO_BP","GOBP_PHOSPHOLIPASE_C_ACTIVATING_G_PROTEIN_COUPLED_RECEPTOR_SIGNALING_PATHWAY",9,0.0017273813794152,0.000999500249875062,0.00567536889897843,88,TRUE,FALSE,FALSE,FALSE,NA,NA,13,FALSE,"unpinned"
"WT_heat_up","GO_BP","GOBP_MESODERM_MORPHOGENESIS",7,0.0017273813794152,0.00249875062468766,0.0228228228228228,49,TRUE,FALSE,FALSE,FALSE,NA,NA,19,FALSE,"unpinned"
"WT_heat_up","GO_BP","GOBP_POSITIVE_REGULATION_OF_EXTRINSIC_APOPTOTIC_SIGNALING_PATHWAY",7,0.00189467838689025,0.000499750124937531,0.0178132678132678,50,TRUE,FALSE,FALSE,FALSE,NA,NA,5,TRUE,"unpinned"
"WT_heat_up","GO_BP","GOBP_REGULATION_OF_G_PROTEIN_COUPLED_RECEPTOR_SIGNALING_PATHWAY",10,0.00235631949613956,0.000999500249875062,0.00829445308449974,116,TRUE,FALSE,FALSE,FALSE,"GOBP_NEGATIVE_REGULATION_OF_G_PROTEIN_COUPLED_RECEPTOR_SIGNALING_PATHWAY",0.8,NA,FALSE,"unpinned"
"WT_heat_up","GO_BP","GOBP_PLACENTA_DEVELOPMENT",10,0.00235742556730875,0.00399800099950025,0.022119341563786,117,TRUE,FALSE,FALSE,FALSE,NA,NA,29,FALSE,"unpinned"
"WT_heat_up","GO_BP","GOBP_LEUKOCYTE_MIGRATION",16,0.00235742556730875,0.039480259870065,0.1535,290,TRUE,FALSE,FALSE,FALSE,"GOBP_MONONUCLEAR_CELL_MIGRATION",0.75,NA,FALSE,"unpinned"
"WT_heat_up","GO_BP","GOBP_LEUKOCYTE_CELL_CELL_ADHESION",18,0.00235742556730875,0.0779610194902549,0.2845,357,TRUE,FALSE,TRUE,TRUE,NA,NA,NA,FALSE,"unpinned"
"WT_heat_up","GO_BP","GOBP_EPITHELIAL_CELL_PROLIFERATION",16,0.00235742556730875,0.0434782608695652,0.181,291,TRUE,FALSE,FALSE,FALSE,"GOBP_POSITIVE_REGULATION_OF_EPITHELIAL_CELL_PROLIFERATION",0.5625,NA,FALSE,"unpinned"
"WT_heat_up","GO_BP","GOBP_LEUKOCYTE_CHEMOTAXIS",12,0.00235742556730875,0.0139930034982509,0.0676352705410822,172,TRUE,FALSE,FALSE,FALSE,"GOBP_TAXIS",0.521739130434783,NA,FALSE,"unpinned"
"WT_heat_up","GO_BP","GOBP_MONONUCLEAR_CELL_MIGRATION",12,0.00235742556730875,0.0194902548725637,0.0790790790790791,172,TRUE,FALSE,FALSE,FALSE,NA,NA,61,FALSE,"unpinned"
"WT_heat_up","GO_BP","GOBP_REGULATION_OF_COAGULATION",7,0.00235742556730875,0.000499750124937531,0.00967937084089534,54,TRUE,FALSE,FALSE,FALSE,NA,NA,6,TRUE,"unpinned"
"WT_heat_up","GO_BP","GOBP_POSITIVE_REGULATION_OF_SECRETION",14,0.00250635246213541,0.0274862568715642,0.1265,233,TRUE,FALSE,FALSE,FALSE,NA,NA,70,FALSE,"unpinned"
"WT_heat_up","GO_BP","GOBP_EOSINOPHIL_MIGRATION",4,0.00250635246213541,0.000499750124937531,0.00626304801670146,12,TRUE,FALSE,FALSE,FALSE,NA,NA,7,TRUE,"unpinned"
"WT_heat_up","GO_BP","GOBP_POSITIVE_REGULATION_OF_VASCULATURE_DEVELOPMENT",10,0.00250635246213541,0.0114942528735632,0.0450177035913,122,TRUE,FALSE,FALSE,FALSE,"GOBP_REGULATION_OF_VASCULATURE_DEVELOPMENT",0.555555555555556,NA,FALSE,"unpinned"
"WT_heat_up","GO_BP","GOBP_REGULATION_OF_RESPONSE_TO_WOUNDING",10,0.00250635246213541,0.00849575212393803,0.0474029248613212,122,TRUE,FALSE,FALSE,FALSE,"GOBP_REGULATION_OF_COAGULATION",0.545454545454545,NA,FALSE,"unpinned"
"WT_heat_up","GO_BP","GOBP_POSITIVE_REGULATION_OF_LEUKOCYTE_CELL_CELL_ADHESION",14,0.00264630751956959,0.0469765117441279,0.1785,236,TRUE,FALSE,FALSE,FALSE,"GOBP_POSITIVE_REGULATION_OF_CELL_CELL_ADHESION",0.875,NA,FALSE,"unpinned"
"WT_heat_up","GO_BP","GOBP_EMBRYONIC_ORGAN_DEVELOPMENT",16,0.00264630751956959,0.0204897551224388,0.0855,300,TRUE,FALSE,FALSE,FALSE,NA,NA,64,FALSE,"unpinned"
"WT_heat_up","GO_BP","GOBP_OSTEOCLAST_DIFFERENTIATION",9,0.00268302745810174,0.00349825087456272,0.0192107995846314,100,TRUE,FALSE,FALSE,FALSE,NA,NA,26,FALSE,"unpinned"
"WT_heat_up","GO_BP","GOBP_ANTIMICROBIAL_HUMORAL_IMMUNE_RESPONSE_MEDIATED_BY_ANTIMICROBIAL_PEPTIDE",7,0.00268302745810174,0.000499750124937531,0.0020703933747412,57,TRUE,FALSE,FALSE,FALSE,NA,NA,8,TRUE,"unpinned"
"WT_heat_up","GO_BP","GOBP_RECEPTOR_MEDIATED_ENDOCYTOSIS",13,0.00268371392384768,0.00199900049975012,0.017059708981435,208,TRUE,FALSE,FALSE,FALSE,NA,NA,17,FALSE,"unpinned"
"WT_heat_up","GO_BP","GOBP_POSITIVE_REGULATION_OF_RECEPTOR_MEDIATED_ENDOCYTOSIS",6,0.00336926029295518,0.000999500249875062,0.00740740740740741,41,TRUE,FALSE,FALSE,FALSE,NA,NA,14,FALSE,"unpinned"
"WT_heat_up","GO_BP","GOBP_MYELOID_LEUKOCYTE_DIFFERENTIATION",13,0.0037757290175167,0.023488255872064,0.0915457728864432,216,TRUE,FALSE,FALSE,FALSE,"GOBP_OSTEOCLAST_DIFFERENTIATION",0.692307692307692,NA,FALSE,"unpinned"
"WT_heat_up","GO_BP","GOBP_POSITIVE_REGULATION_OF_CELL_DEVELOPMENT",17,0.00420627539853713,0.11744127936032,0.271,351,TRUE,FALSE,TRUE,TRUE,NA,NA,NA,FALSE,"unpinned"
"WT_heat_up","GO_BP","GOBP_MESODERM_DEVELOPMENT",8,0.00420627539853713,0.00349825087456272,0.0164630908125332,84,TRUE,FALSE,FALSE,FALSE,"GOBP_MESODERM_MORPHOGENESIS",0.875,NA,FALSE,"unpinned"
"WT_heat_up","GO_BP","GOBP_REGULATION_OF_CELL_GROWTH",16,0.00420627539853713,0.0214892553723138,0.0665,317,TRUE,FALSE,FALSE,FALSE,"GOBP_POSITIVE_REGULATION_OF_CELL_GROWTH",0.6875,NA,FALSE,"unpinned"
"WT_heat_up","GO_BP","GOBP_POSITIVE_REGULATION_OF_LEUKOCYTE_PROLIFERATION",10,0.00452877121403535,0.0229885057471264,0.0689134808853119,135,TRUE,FALSE,FALSE,FALSE,"GOBP_LEUKOCYTE_PROLIFERATION",0.588235294117647,NA,FALSE,"unpinned"
"WT_heat_up","GO_BP","GOBP_RENAL_SYSTEM_PROCESS",8,0.00578902271388587,0.00299850074962519,0.00864397622906537,89,TRUE,FALSE,FALSE,FALSE,NA,NA,23,FALSE,"unpinned"
"WT_heat_up","GO_BP","GOBP_MUSCLE_TISSUE_DEVELOPMENT",15,0.00578902271388587,0.0484757621189405,0.121,295,TRUE,FALSE,FALSE,FALSE,NA,NA,84,FALSE,"unpinned"
"WT_heat_up","GO_BP","GOBP_POSITIVE_REGULATION_OF_BEHAVIOR",4,0.00578902271388587,0.000499750124937531,0.00154559505409583,16,TRUE,FALSE,FALSE,FALSE,NA,NA,9,TRUE,"unpinned"
"WT_heat_up","GO_BP","GOBP_ERK1_AND_ERK2_CASCADE",13,0.00578902271388587,0.0634682658670665,0.15,230,TRUE,FALSE,TRUE,FALSE,NA,NA,NA,FALSE,"unpinned"
"WT_heat_up","GO_BP","GOBP_REGULATION_OF_BEHAVIOR",6,0.00578902271388587,0.00349825087456272,0.00876601483479434,47,TRUE,FALSE,FALSE,FALSE,"GOBP_POSITIVE_REGULATION_OF_BEHAVIOR",0.666666666666667,NA,FALSE,"unpinned"
"WT_heat_up","GO_BP","GOBP_REGULATION_OF_WOUND_HEALING",8,0.00578902271388587,0.0114942528735632,0.0263702171664943,90,TRUE,FALSE,FALSE,FALSE,"GOBP_REGULATION_OF_COAGULATION",0.666666666666667,NA,FALSE,"unpinned"
"WT_heat_up","GO_BP","GOBP_ADENYLATE_CYCLASE_ACTIVATING_G_PROTEIN_COUPLED_RECEPTOR_SIGNALING_PATHWAY",9,0.00578902271388587,0.00149925037481259,0.00732600732600733,115,TRUE,FALSE,FALSE,FALSE,NA,NA,16,FALSE,"unpinned"
"WT_heat_up","GO_BP","GOBP_REGULATION_OF_BLOOD_PRESSURE",9,0.00578902271388587,0.0079960019990005,0.0216049382716049,115,TRUE,FALSE,FALSE,FALSE,"GOBP_REGULATION_OF_SYSTEMIC_ARTERIAL_BLOOD_PRESSURE",0.666666666666667,NA,FALSE,"unpinned"
"WT_heat_up","GO_BP","GOBP_REGULATION_OF_RECEPTOR_MEDIATED_ENDOCYTOSIS",8,0.00602087505352827,0.00149925037481259,0.00910064239828694,91,TRUE,FALSE,FALSE,FALSE,"GOBP_POSITIVE_REGULATION_OF_RECEPTOR_MEDIATED_ENDOCYTOSIS",0.75,NA,FALSE,"unpinned"
"WT_heat_up","GO_BP","GOBP_REGULATION_OF_LIPID_BIOSYNTHETIC_PROCESS",10,0.00602087505352827,0.0224887556221889,0.0532931121166415,143,TRUE,FALSE,FALSE,FALSE,NA,NA,65,FALSE,"unpinned"
"WT_heat_up","GO_BP","GOBP_EPIDERMIS_DEVELOPMENT",13,0.00623145691793297,0.0149925037481259,0.042,234,TRUE,FALSE,FALSE,FALSE,NA,NA,55,FALSE,"unpinned"
"WT_heat_up","GO_BP","GOBP_EMBRYONIC_PLACENTA_DEVELOPMENT",7,0.00623145691793297,0.0104947526236882,0.0211228460255698,69,TRUE,FALSE,FALSE,FALSE,"GOBP_PLACENTA_DEVELOPMENT",0.7,NA,FALSE,"unpinned"
"WT_heat_up","GO_BP","GOBP_ACUTE_INFLAMMATORY_RESPONSE",7,0.00666529500481182,0.00949525237381309,0.0228509249183896,70,TRUE,FALSE,FALSE,FALSE,"GOBP_POSITIVE_REGULATION_OF_ACUTE_INFLAMMATORY_RESPONSE",0.571428571428571,NA,FALSE,"unpinned"
"WT_heat_up","GO_BP","GOBP_LEUKOCYTE_MEDIATED_IMMUNITY",16,0.00666529500481182,0.0994502748625687,0.1815,338,TRUE,FALSE,TRUE,FALSE,NA,NA,NA,FALSE,"unpinned"
"WT_heat_up","GO_BP","GOBP_LYMPHOCYTE_CHEMOTAXIS",5,0.00709662834072533,0.00549725137431284,0.0134069400630915,32,TRUE,FALSE,FALSE,FALSE,NA,NA,33,FALSE,"unpinned"
"WT_heat_up","GO_BP","GOBP_POSITIVE_REGULATION_OF_APOPTOTIC_SIGNALING_PATHWAY",9,0.00744143317063629,0.0164917541229385,0.0324379118094273,121,TRUE,FALSE,FALSE,FALSE,"GOBP_POSITIVE_REGULATION_OF_EXTRINSIC_APOPTOTIC_SIGNALING_PATHWAY",0.777777777777778,NA,FALSE,"unpinned"
"WT_heat_up","GO_BP","GOBP_MUSCLE_CELL_PROLIFERATION",10,0.00744870621435436,0.0809595202398801,0.1255,149,TRUE,FALSE,TRUE,FALSE,NA,NA,NA,FALSE,"unpinned"
"WT_heat_up","GO_BP","GOBP_MYELOID_LEUKOCYTE_ACTIVATION",12,0.00744870621435436,0.0539730134932534,0.10960960960961,209,TRUE,FALSE,TRUE,FALSE,NA,NA,NA,FALSE,"unpinned"
"WT_heat_up","GO_BP","GOBP_OLEFINIC_COMPOUND_BIOSYNTHETIC_PROCESS",4,0.00749668963330853,0.00299850074962519,0.0069284064665127,18,TRUE,FALSE,FALSE,FALSE,NA,NA,24,FALSE,"unpinned"
"WT_heat_up","GO_BP","GOBP_OLEFINIC_COMPOUND_METABOLIC_PROCESS",8,0.00790831570889323,0.00199900049975012,0.00554016620498615,97,TRUE,FALSE,FALSE,FALSE,NA,NA,18,FALSE,"unpinned"
"WT_heat_up","GO_BP","GOBP_MONOCYTE_CHEMOTAXIS",5,0.00855307127427923,0.00899550224887556,0.0155917788802268,34,TRUE,FALSE,FALSE,FALSE,NA,NA,45,FALSE,"unpinned"
"WT_heat_up","GO_BP","GOBP_NEGATIVE_REGULATION_OF_COAGULATION",5,0.00855307127427923,0.00149925037481259,0.00403551251008878,34,TRUE,FALSE,FALSE,FALSE,"GOBP_REGULATION_OF_COAGULATION",0.714285714285714,NA,FALSE,"unpinned"
"WT_heat_up","GO_BP","GOBP_POSITIVE_REGULATION_OF_EPITHELIAL_CELL_PROLIFERATION",9,0.00855307127427923,0.0299850074962519,0.0598892803220936,125,TRUE,FALSE,FALSE,FALSE,NA,NA,72,FALSE,"unpinned"
"WT_heat_up","GO_BP","GOBP_NEUROINFLAMMATORY_RESPONSE",7,0.00874010625622893,0.0324837581209395,0.0511064278187566,75,TRUE,FALSE,FALSE,FALSE,"GOBP_REGULATION_OF_NEUROINFLAMMATORY_RESPONSE",0.714285714285714,NA,FALSE,"unpinned"
"WT_heat_up","GO_BP","GOBP_OSSIFICATION",15,0.00882806348181057,0.0419790104947526,0.0775,316,TRUE,FALSE,FALSE,FALSE,"GOBP_OSTEOBLAST_DIFFERENTIATION",0.666666666666667,NA,FALSE,"unpinned"
"WT_heat_up","GO_BP","GOBP_DEFENSE_RESPONSE_TO_BACTERIUM",11,0.00945352465735278,0.0194902548725637,0.0326633165829146,186,TRUE,FALSE,FALSE,FALSE,NA,NA,62,FALSE,"unpinned"
"WT_heat_up","GO_BP","GOBP_CARDIOCYTE_DIFFERENTIATION",8,0.00945352465735278,0.0549725137431284,0.0755578093306288,101,TRUE,FALSE,TRUE,FALSE,NA,NA,NA,FALSE,"unpinned"
"WT_heat_up","GO_BP","GOBP_ANTIMICROBIAL_HUMORAL_RESPONSE",7,0.00974318209130191,0.00249875062468766,0.00426829268292683,77,TRUE,FALSE,FALSE,FALSE,"GOBP_ANTIMICROBIAL_HUMORAL_IMMUNE_RESPONSE_MEDIATED_BY_ANTIMICROBIAL_PEPTIDE",1,NA,FALSE,"unpinned"
"WT_heat_up","GO_BP","GOBP_REGULATION_OF_SYSTEMIC_ARTERIAL_BLOOD_PRESSURE",6,0.00980543828102494,0.00749625187406297,0.0114457831325301,55,TRUE,FALSE,FALSE,FALSE,NA,NA,40,FALSE,"unpinned"
"WT_heat_up","GO_BP","GOBP_MYELOID_LEUKOCYTE_MIGRATION",10,0.00984873619704409,0.0474762618690655,0.0787362086258776,158,TRUE,FALSE,FALSE,FALSE,"GOBP_MONONUCLEAR_CELL_MIGRATION",0.571428571428571,NA,FALSE,"unpinned"
"WT_heat_up","GO_BP","GOBP_LIPID_EXPORT_FROM_CELL",5,0.00984873619704409,0.00549725137431284,0.00550964187327824,36,TRUE,FALSE,FALSE,FALSE,NA,NA,34,FALSE,"unpinned"
"WT_heat_up","GO_BP","GOBP_POSITIVE_REGULATION_OF_LYMPHOCYTE_MIGRATION",5,0.00984873619704409,0.00849575212393803,0.0134048257372654,36,TRUE,FALSE,FALSE,FALSE,"GOBP_LYMPHOCYTE_CHEMOTAXIS",0.666666666666667,NA,FALSE,"unpinned"
"WT_heat_up","GO_BP","GOBP_REGULATION_OF_TISSUE_REMODELING",6,0.0102846580143167,0.0079960019990005,0.0133101851851852,56,TRUE,FALSE,FALSE,FALSE,NA,NA,41,FALSE,"unpinned"
"WT_heat_up","GO_BP","GOBP_NEGATIVE_REGULATION_OF_APOPTOTIC_SIGNALING_PATHWAY",11,0.010797784742202,0.0469765117441279,0.0660330165082541,191,TRUE,FALSE,FALSE,FALSE,NA,NA,83,FALSE,"unpinned"
"WT_heat_up","GO_BP","GOBP_REGULATION_OF_NEUROINFLAMMATORY_RESPONSE",5,0.0108202962768992,0.0104947526236882,0.0126835781041389,37,TRUE,FALSE,FALSE,FALSE,NA,NA,48,FALSE,"unpinned"
"WT_heat_up","GO_BP","GOBP_POSITIVE_REGULATION_OF_GROWTH",11,0.0109142921208554,0.0569715142428786,0.0775387693846923,192,TRUE,FALSE,TRUE,FALSE,NA,NA,NA,FALSE,"unpinned"
"WT_heat_up","GO_BP","GOBP_POSITIVE_REGULATION_OF_ACUTE_INFLAMMATORY_RESPONSE",4,0.0109142921208554,0.00549725137431284,0.00959692898272553,21,TRUE,FALSE,FALSE,FALSE,NA,NA,35,FALSE,"unpinned"
"WT_heat_up","GO_BP","GOBP_VASCULAR_ASSOCIATED_SMOOTH_MUSCLE_CELL_DIFFERENTIATION",4,0.0109142921208554,0.00549725137431284,0.009765625,21,TRUE,FALSE,FALSE,FALSE,NA,NA,36,FALSE,"unpinned"
"WT_heat_up","GO_BP","GOBP_RESPONSE_TO_STEROID_HORMONE",13,0.0109316998490805,0.072463768115942,0.092,258,TRUE,FALSE,TRUE,FALSE,NA,NA,NA,FALSE,"unpinned"
"WT_heat_up","GO_BP","GOBP_LYMPHOCYTE_DIFFERENTIATION",17,0.0113156438880835,0.174912543728136,0.224,403,TRUE,FALSE,TRUE,FALSE,NA,NA,NA,FALSE,"unpinned"
"WT_heat_up","GO_BP","GOBP_REGULATION_OF_LYMPHOCYTE_MIGRATION",6,0.0113164585782907,0.0174912543728136,0.0199657729606389,58,TRUE,FALSE,FALSE,FALSE,"GOBP_LYMPHOCYTE_CHEMOTAXIS",0.571428571428571,NA,FALSE,"unpinned"
"WT_heat_up","GO_BP","GOBP_POSITIVE_REGULATION_OF_FIBROBLAST_PROLIFERATION",5,0.0113164585782907,0.00649675162418791,0.00736278447121821,38,TRUE,FALSE,FALSE,FALSE,NA,NA,38,FALSE,"unpinned"
"WT_heat_up","GO_BP","GOBP_SKELETAL_MUSCLE_CELL_DIFFERENTIATION",6,0.0121605620034629,0.00449775112443778,0.00637755102040816,59,TRUE,FALSE,FALSE,FALSE,NA,NA,30,FALSE,"unpinned"
"WT_heat_up","GO_BP","GOBP_FOREBRAIN_DEVELOPMENT",13,0.0128274739037803,0.0614692653673163,0.0735367683841921,264,TRUE,FALSE,TRUE,FALSE,NA,NA,NA,FALSE,"unpinned"
"WT_heat_up","GO_BP","GOBP_REGULATION_OF_T_CELL_ACTIVATION",15,0.0128274739037803,0.229385307346327,0.266,335,TRUE,FALSE,TRUE,TRUE,NA,NA,NA,FALSE,"unpinned"
"WT_heat_up","GO_BP","GOBP_SKIN_DEVELOPMENT",11,0.0133153813623184,0.0334832583708146,0.041041041041041,199,TRUE,FALSE,FALSE,FALSE,"GOBP_EPIDERMIS_DEVELOPMENT",0.6,NA,FALSE,"unpinned"
"WT_heat_up","GO_BP","GOBP_KERATINOCYTE_PROLIFERATION",5,0.0136676196591755,0.00899550224887556,0.0103021978021978,40,TRUE,FALSE,FALSE,FALSE,NA,NA,46,FALSE,"unpinned"
"WT_heat_up","GO_BP","GOBP_EOSINOPHIL_CHEMOTAXIS",3,0.013755766232483,0.000999500249875062,0.00233644859813084,10,TRUE,FALSE,FALSE,FALSE,"GOBP_EOSINOPHIL_MIGRATION",0.75,NA,FALSE,"unpinned"
"WT_heat_up","GO_BP","GOBP_FORMATION_OF_PRIMARY_GERM_LAYER",7,0.013798514579523,0.0139930034982509,0.0149732620320856,85,TRUE,FALSE,FALSE,FALSE,"GOBP_MESODERM_MORPHOGENESIS",1,NA,FALSE,"unpinned"
"WT_heat_up","GO_BP","GOBP_POSITIVE_REGULATION_OF_T_CELL_PROLIFERATION",7,0.013798514579523,0.0334832583708146,0.0329387545033453,85,TRUE,FALSE,FALSE,FALSE,NA,NA,75,FALSE,"unpinned"
"WT_heat_up","GO_BP","GOBP_GLIOGENESIS",12,0.0138098049565318,0.132933533233383,0.1445,234,TRUE,FALSE,TRUE,FALSE,NA,NA,NA,FALSE,"unpinned"
"WT_heat_up","GO_BP","GOBP_T_CELL_DIFFERENTIATION",14,0.0140011680310112,0.195402298850575,0.2135,304,TRUE,FALSE,TRUE,FALSE,NA,NA,NA,FALSE,"unpinned"
"WT_heat_up","GO_BP","GOBP_T_CELL_MIGRATION",6,0.014317659991453,0.023488255872064,0.0232172470978441,62,TRUE,FALSE,FALSE,FALSE,"GOBP_LYMPHOCYTE_CHEMOTAXIS",0.571428571428571,NA,FALSE,"unpinned"
"WT_heat_up","GO_BP","GOBP_NEGATIVE_REGULATION_OF_RESPONSE_TO_WOUNDING",6,0.0154544841344931,0.0149925037481259,0.0124434389140271,63,TRUE,FALSE,FALSE,FALSE,NA,NA,56,FALSE,"unpinned"
"WT_heat_up","GO_BP","GOBP_POSITIVE_REGULATION_OF_VASCULAR_ENDOTHELIAL_GROWTH_FACTOR_PRODUCTION",4,0.0155036509643038,0.00849575212393803,0.0112068965517241,24,TRUE,FALSE,FALSE,FALSE,NA,NA,42,FALSE,"unpinned"
"WT_heat_up","GO_BP","GOBP_B_CELL_PROLIFERATION",7,0.0159006406937216,0.0344827586206897,0.0322412896515861,88,TRUE,FALSE,FALSE,FALSE,NA,NA,76,FALSE,"unpinned"
"WT_heat_up","GO_BP","GOBP_OSTEOBLAST_DIFFERENTIATION",10,0.0159006406937216,0.0354822588705647,0.0350525788683025,174,TRUE,FALSE,FALSE,FALSE,NA,NA,77,FALSE,"unpinned"
"WT_heat_up","GO_BP","GOBP_GRANULOCYTE_MACROPHAGE_COLONY_STIMULATING_FACTOR_PRODUCTION",3,0.0165693791806073,0.00499750124937531,0.0136986301369863,11,TRUE,FALSE,FALSE,FALSE,NA,NA,32,FALSE,"unpinned"
"WT_heat_up","GO_BP","GOBP_POSITIVE_REGULATION_OF_HORMONE_METABOLIC_PROCESS",3,0.0165693791806073,0.00499750124937531,0.0123839009287926,11,TRUE,FALSE,FALSE,FALSE,"GOBP_OLEFINIC_COMPOUND_BIOSYNTHETIC_PROCESS",0.75,NA,FALSE,"unpinned"
"WT_heat_up","GO_BP","GOBP_POSITIVE_REGULATION_OF_VASCULAR_ASSOCIATED_SMOOTH_MUSCLE_CELL_MIGRATION",3,0.0165693791806073,0.00249875062468766,0.00742115027829314,11,TRUE,FALSE,FALSE,FALSE,NA,NA,20,FALSE,"unpinned"
"WT_heat_up","GO_BP","GOBP_REGULATION_OF_ENDOCRINE_PROCESS",4,0.0171984631952137,0.0139930034982509,0.0164880461665293,25,TRUE,FALSE,FALSE,FALSE,NA,NA,53,FALSE,"unpinned"
"WT_heat_up","GO_BP","GOBP_ENDOTHELIAL_CELL_MIGRATION",10,0.0173212303862903,0.0769615192403798,0.0756134201301953,177,TRUE,FALSE,TRUE,FALSE,NA,NA,NA,FALSE,"unpinned"
"WT_heat_up","GO_BP","GOBP_LYMPHOCYTE_MIGRATION",7,0.0183419784255136,0.0374812593703148,0.033109156751164,91,TRUE,FALSE,FALSE,FALSE,"GOBP_LYMPHOCYTE_CHEMOTAXIS",0.714285714285714,NA,FALSE,"unpinned"
"WT_heat_up","GO_BP","GOBP_ACUTE_PHASE_RESPONSE",4,0.0195178346569311,0.00649675162418791,0.0112359550561798,26,TRUE,FALSE,FALSE,FALSE,NA,NA,39,FALSE,"unpinned"
"WT_heat_up","GO_BP","GOBP_B_CELL_MEDIATED_IMMUNITY",8,0.019817224054892,0.0259870064967516,0.0229474757776645,120,TRUE,FALSE,FALSE,FALSE,NA,NA,67,FALSE,"unpinned"
"WT_heat_up","GO_BP","GOBP_INTEGRIN_MEDIATED_SIGNALING_PATHWAY",7,0.0202855639958452,0.0169915042478761,0.0140540540540541,93,TRUE,FALSE,FALSE,FALSE,NA,NA,59,FALSE,"unpinned"
"WT_heat_up","GO_BP","GOBP_POSITIVE_REGULATION_OF_HUMORAL_IMMUNE_RESPONSE",3,0.0202855639958452,0.00849575212393803,0.0193637621023513,12,TRUE,FALSE,FALSE,FALSE,NA,NA,43,FALSE,"unpinned"
"WT_heat_up","GO_BP","GOBP_REGULATION_OF_URINE_VOLUME",3,0.0202855639958452,0.00249875062468766,0.00503355704697987,12,TRUE,FALSE,FALSE,FALSE,NA,NA,21,FALSE,"unpinned"
"WT_heat_up","GO_BP","GOBP_REGULATION_OF_LEUKOCYTE_PROLIFERATION",11,0.0202855639958452,0.182408795602199,0.159,215,TRUE,FALSE,TRUE,FALSE,NA,NA,NA,FALSE,"unpinned"
"WT_heat_up","GO_BP","GOBP_NEURON_PROJECTION_GUIDANCE",9,0.0211379013345892,0.0164917541229385,0.0106544901065449,152,TRUE,FALSE,FALSE,FALSE,NA,NA,58,FALSE,"unpinned"
"WT_heat_up","GO_BP","GOBP_REGULATION_OF_CHEMOTAXIS",9,0.0211379013345892,0.108945527236382,0.0872617853560682,152,TRUE,FALSE,TRUE,FALSE,NA,NA,NA,FALSE,"unpinned"
"WT_heat_up","GO_BP","GOBP_NEGATIVE_REGULATION_OF_INFLAMMATORY_RESPONSE",9,0.0219574969941466,0.0669665167416292,0.054718875502008,153,TRUE,FALSE,TRUE,FALSE,NA,NA,NA,FALSE,"unpinned"
"WT_heat_up","GO_BP","GOBP_DEFENSE_RESPONSE_TO_GRAM_NEGATIVE_BACTERIUM",5,0.0226112865610589,0.0194902548725637,0.0138221153846154,47,TRUE,FALSE,FALSE,FALSE,NA,NA,63,FALSE,"unpinned"
"WT_heat_up","GO_BP","GOBP_POSITIVE_REGULATION_OF_PHOSPHATIDYLINOSITOL_3_KINASE_PROTEIN_KINASE_B_SIGNAL_TRANSDUCTION",9,0.0226112865610589,0.11944027986007,0.0932798395185557,154,TRUE,FALSE,TRUE,FALSE,NA,NA,NA,FALSE,"unpinned"
"WT_heat_up","GO_BP","GOBP_RENAL_SYSTEM_DEVELOPMENT",11,0.0226964676090167,0.109945027486257,0.0855,221,TRUE,FALSE,TRUE,FALSE,NA,NA,NA,FALSE,"unpinned"
"WT_heat_up","GO_BP","GOBP_FIBROBLAST_PROLIFERATION",6,0.0226964676090167,0.0294852573713143,0.0173818576860402,71,TRUE,FALSE,FALSE,FALSE,"GOBP_POSITIVE_REGULATION_OF_FIBROBLAST_PROLIFERATION",0.833333333333333,NA,FALSE,"unpinned"
"WT_heat_up","GO_BP","GOBP_POSITIVE_REGULATION_OF_LIPID_LOCALIZATION",6,0.0226964676090167,0.0329835082458771,0.0206409560021727,71,TRUE,FALSE,FALSE,FALSE,NA,NA,74,FALSE,"unpinned"
"WT_heat_up","GO_BP","GOBP_ALPHA_BETA_T_CELL_ACTIVATION",10,0.0226964676090167,0.139930034982509,0.108608608608609,188,TRUE,FALSE,TRUE,FALSE,NA,NA,NA,FALSE,"unpinned"
"WT_heat_up","GO_BP","GOBP_BRANCH_ELONGATION_OF_AN_EPITHELIUM",3,0.0226964676090167,0.0124937531234383,0.0131108462455304,13,TRUE,FALSE,FALSE,FALSE,NA,NA,52,FALSE,"unpinned"
"WT_heat_up","GO_BP","GOBP_EYELID_DEVELOPMENT_IN_CAMERA_TYPE_EYE",3,0.0226964676090167,0.00349825087456272,0.0045045045045045,13,TRUE,FALSE,FALSE,FALSE,NA,NA,27,FALSE,"unpinned"
"WT_heat_up","GO_BP","GOBP_FIBRINOLYSIS",3,0.0226964676090167,0.000499750124937531,0,13,TRUE,FALSE,FALSE,FALSE,NA,NA,10,TRUE,"unpinned"
"WT_heat_up","GO_BP","GOBP_HEAT_GENERATION",3,0.0226964676090167,0.00649675162418791,0.0113798008534851,13,TRUE,FALSE,FALSE,FALSE,"GOBP_ACUTE_PHASE_RESPONSE",0.75,NA,FALSE,"unpinned"
"WT_heat_up","GO_BP","GOBP_POSITIVE_REGULATION_OF_BONE_RESORPTION",3,0.0226964676090167,0.00249875062468766,0.00347826086956522,13,TRUE,FALSE,FALSE,FALSE,NA,NA,22,FALSE,"unpinned"
"WT_heat_up","GO_BP","GOBP_POSITIVE_REGULATION_OF_SYNCYTIUM_FORMATION_BY_PLASMA_MEMBRANE_FUSION",3,0.0226964676090167,0.00349825087456272,0.00536672629695885,13,TRUE,FALSE,FALSE,FALSE,NA,NA,28,FALSE,"unpinned"
"WT_heat_up","GO_BP","GOBP_METANEPHROS_DEVELOPMENT",5,0.0226964676090167,0.0444777611194403,0.0327022375215146,48,TRUE,FALSE,FALSE,FALSE,NA,NA,82,FALSE,"unpinned"
"WT_heat_up","GO_BP","GOBP_MUSCLE_CELL_DIFFERENTIATION",14,0.0231316334734065,0.0719640179910045,0.057,330,TRUE,FALSE,TRUE,FALSE,NA,NA,NA,FALSE,"unpinned"
"WT_heat_up","GO_BP","GOBP_RESPONSE_TO_BMP",7,0.0233259059945232,0.0374812593703148,0.0283944243675787,98,TRUE,FALSE,FALSE,FALSE,NA,NA,78,FALSE,"unpinned"
"WT_heat_up","GO_BP","GOBP_ADENYLATE_CYCLASE_MODULATING_G_PROTEIN_COUPLED_RECEPTOR_SIGNALING_PATHWAY",9,0.024258301920717,0.0154922538730635,0.0136916835699797,158,TRUE,FALSE,FALSE,FALSE,"GOBP_ADENYLATE_CYCLASE_ACTIVATING_G_PROTEIN_COUPLED_RECEPTOR_SIGNALING_PATHWAY",1,NA,FALSE,"unpinned"
"WT_heat_up","GO_BP","GOBP_REGULATION_OF_HUMORAL_IMMUNE_RESPONSE",4,0.0243080079645587,0.0189905047476262,0.0135135135135135,29,TRUE,FALSE,FALSE,FALSE,"GOBP_POSITIVE_REGULATION_OF_HUMORAL_IMMUNE_RESPONSE",0.75,NA,FALSE,"unpinned"
"WT_heat_up","GO_BP","GOBP_HEMOSTASIS",10,0.025488892871638,0.0534732633683158,0.0286288297338021,192,TRUE,FALSE,TRUE,FALSE,NA,NA,NA,FALSE,"unpinned"
"WT_heat_up","GO_BP","GOBP_BLOOD_VESSEL_ENDOTHELIAL_CELL_MIGRATION",7,0.025488892871638,0.0674662668665667,0.0493638676844784,100,TRUE,FALSE,TRUE,FALSE,NA,NA,NA,FALSE,"unpinned"
"WT_heat_up","GO_BP","GOBP_POSITIVE_REGULATION_OF_MONONUCLEAR_CELL_MIGRATION",6,0.0259585499021248,0.0744627686156921,0.0524675324675325,74,TRUE,FALSE,TRUE,FALSE,NA,NA,NA,FALSE,"unpinned"
"WT_heat_up","GO_BP","GOBP_REGULATION_OF_TUBE_SIZE",7,0.0259585499021248,0.0789605197401299,0.0492307692307692,101,TRUE,FALSE,TRUE,FALSE,NA,NA,NA,FALSE,"unpinned"
"WT_heat_up","GO_BP","GOBP_C21_STEROID_HORMONE_BIOSYNTHETIC_PROCESS",3,0.0259585499021248,0.00749625187406297,0.00292825768667643,14,TRUE,FALSE,FALSE,FALSE,"GOBP_OLEFINIC_COMPOUND_BIOSYNTHETIC_PROCESS",0.75,NA,FALSE,"unpinned"
"WT_heat_up","GO_BP","GOBP_POSITIVE_REGULATION_OF_LYMPHOCYTE_CHEMOTAXIS",3,0.0259585499021248,0.00899550224887556,0.0100882723833544,14,TRUE,FALSE,FALSE,FALSE,"GOBP_LYMPHOCYTE_CHEMOTAXIS",0.6,NA,FALSE,"unpinned"
"WT_heat_up","GO_BP","GOBP_REGULATION_OF_PLASMINOGEN_ACTIVATION",3,0.0259585499021248,0.00649675162418791,0.00154798761609907,14,TRUE,FALSE,FALSE,FALSE,"GOBP_FIBRINOLYSIS",1,NA,FALSE,"unpinned"
"WT_heat_up","GO_BP","GOBP_RHYTHMIC_BEHAVIOR",4,0.0259585499021248,0.00999500249875063,0.00517241379310345,30,TRUE,FALSE,FALSE,FALSE,NA,NA,47,FALSE,"unpinned"
"WT_heat_up","GO_BP","GOBP_VASCULAR_ENDOTHELIAL_GROWTH_FACTOR_PRODUCTION",4,0.0259585499021248,0.0174912543728136,0.0119940029985007,30,TRUE,FALSE,FALSE,FALSE,"GOBP_POSITIVE_REGULATION_OF_VASCULAR_ENDOTHELIAL_GROWTH_FACTOR_PRODUCTION",1,NA,FALSE,"unpinned"
"WT_heat_up","GO_BP","GOBP_GASTRULATION",8,0.0266343381696087,0.039480259870065,0.0223463687150838,131,TRUE,FALSE,FALSE,FALSE,"GOBP_MESODERM_MORPHOGENESIS",0.875,NA,FALSE,"unpinned"
"WT_heat_up","GO_BP","GOBP_NEGATIVE_REGULATION_OF_DEFENSE_RESPONSE",11,0.0266343381696087,0.132433783108446,0.0935,229,TRUE,FALSE,TRUE,FALSE,NA,NA,NA,FALSE,"unpinned"
"WT_heat_up","GO_BP","GOBP_POSITIVE_REGULATION_OF_RESPONSE_TO_WOUNDING",5,0.0266624298734623,0.0294852573713143,0.0189013585351447,51,TRUE,FALSE,FALSE,FALSE,NA,NA,71,FALSE,"unpinned"
"WT_heat_up","GO_BP","GOBP_ADAPTIVE_IMMUNE_RESPONSE_BASED_ON_SOMATIC_RECOMBINATION_OF_IMMUNE_RECEPTORS_BUILT_FROM_IMMUNOGLOBULIN_SUPERFAMILY_DOMAINS",13,0.0270919652111283,0.220889555222389,0.167,302,TRUE,FALSE,TRUE,FALSE,NA,NA,NA,FALSE,"unpinned"
"WT_heat_up","GO_BP","GOBP_SMOOTH_MUSCLE_CELL_PROLIFERATION",7,0.0277777591909369,0.12543728135932,0.0691220988900101,103,TRUE,FALSE,TRUE,FALSE,NA,NA,NA,FALSE,"unpinned"
"WT_heat_up","GO_BP","GOBP_MUSCLE_ADAPTATION",6,0.0277777591909369,0.0954522738630685,0.0546021840873635,76,TRUE,FALSE,TRUE,FALSE,NA,NA,NA,FALSE,"unpinned"
"WT_heat_up","GO_BP","GOBP_REGULATION_OF_NEURON_APOPTOTIC_PROCESS",10,0.0277863122890003,0.15992003998001,0.101,197,TRUE,FALSE,TRUE,FALSE,NA,NA,NA,FALSE,"unpinned"
"WT_heat_up","GO_BP","GOBP_LUNG_EPITHELIUM_DEVELOPMENT",4,0.0277863122890003,0.0139930034982509,0.00922367409684858,31,TRUE,FALSE,FALSE,FALSE,NA,NA,54,FALSE,"unpinned"
"WT_heat_up","GO_BP","GOBP_CARDIAC_CELL_DEVELOPMENT",5,0.0277863122890003,0.0424787606196902,0.0237268518518519,52,TRUE,FALSE,FALSE,FALSE,NA,NA,81,FALSE,"unpinned"
"WT_heat_up","GO_BP","GOBP_MAMMARY_GLAND_EPITHELIUM_DEVELOPMENT",5,0.0277863122890003,0.0599700149925037,0.0346368715083799,52,TRUE,FALSE,TRUE,FALSE,NA,NA,NA,FALSE,"unpinned"
"WT_heat_up","GO_BP","GOBP_POSITIVE_REGULATION_OF_CHEMOTAXIS",7,0.0282935154624157,0.118440779610195,0.0729853015712114,104,TRUE,FALSE,TRUE,FALSE,NA,NA,NA,FALSE,"unpinned"
"WT_heat_up","GO_BP","GOBP_POSITIVE_REGULATION_OF_HOMOTYPIC_CELL_CELL_ADHESION",3,0.0295409903295409,0.0229885057471264,0.0212527964205817,15,TRUE,FALSE,FALSE,FALSE,NA,NA,66,FALSE,"unpinned"
"WT_heat_up","GO_BP","GOBP_CELL_SURFACE_RECEPTOR_PROTEIN_SERINE_THREONINE_KINASE_SIGNALING_PATHWAY",12,0.0295409903295409,0.109445277361319,0.0685,270,TRUE,FALSE,TRUE,FALSE,NA,NA,NA,FALSE,"unpinned"
"WT_heat_up","GO_BP","GOBP_MORPHOGENESIS_OF_A_BRANCHING_STRUCTURE",8,0.0297706799555757,0.148925537231384,0.0840840840840841,135,TRUE,FALSE,TRUE,FALSE,NA,NA,NA,FALSE,"unpinned"
"WT_heat_up","GO_BP","GOBP_REGULATION_OF_EPITHELIAL_CELL_PROLIFERATION",11,0.0310621948101343,0.233383308345827,0.1505,236,TRUE,FALSE,TRUE,FALSE,NA,NA,NA,FALSE,"unpinned"
"WT_heat_up","GO_BP","GOBP_LIPID_LOCALIZATION",13,0.0325230713424423,0.0544727636181909,0.0290145072536268,311,TRUE,FALSE,TRUE,FALSE,NA,NA,NA,FALSE,"unpinned"
"WT_heat_up","GO_BP","GOBP_POSITIVE_REGULATION_OF_MOLECULAR_FUNCTION",15,0.0336467738835265,0.159420289855072,0.0925,390,TRUE,FALSE,TRUE,FALSE,NA,NA,NA,FALSE,"unpinned"
"WT_heat_up","GO_BP","GOBP_POSITIVE_REGULATION_OF_MIRNA_METABOLIC_PROCESS",5,0.0339751974959087,0.0609695152423788,0.0286034772854739,55,TRUE,FALSE,TRUE,FALSE,NA,NA,NA,FALSE,"unpinned"
"WT_heat_up","GO_BP","GOBP_RESPONSE_TO_MOLECULE_OF_BACTERIAL_ORIGIN",12,0.0341898806081907,0.256371814092954,0.160580290145073,276,TRUE,FALSE,TRUE,FALSE,NA,NA,NA,FALSE,"unpinned"
"WT_heat_up","GO_BP","GOBP_EMBRYONIC_FORELIMB_MORPHOGENESIS",3,0.034199387032603,0.00549725137431284,0.00605143721633888,16,TRUE,FALSE,FALSE,FALSE,NA,NA,37,FALSE,"unpinned"
"WT_heat_up","GO_BP","GOBP_POSITIVE_REGULATION_OF_TUMOR_NECROSIS_FACTOR_SUPERFAMILY_CYTOKINE_PRODUCTION",7,0.0345898003603291,0.120939530234883,0.0566228513650152,109,TRUE,FALSE,TRUE,FALSE,NA,NA,NA,FALSE,"unpinned"
"WT_heat_up","GO_BP","GOBP_SPROUTING_ANGIOGENESIS",7,0.0345898003603291,0.0514742628685657,0.0267765190525232,109,TRUE,FALSE,TRUE,FALSE,NA,NA,NA,FALSE,"unpinned"
"WT_heat_up","GO_BP","GOBP_ALPHA_BETA_T_CELL_DIFFERENTIATION",8,0.0354149171526956,0.158920539730135,0.0838353413654618,140,TRUE,FALSE,TRUE,FALSE,NA,NA,NA,FALSE,"unpinned"
"WT_heat_up","GO_BP","GOBP_REGULATION_OF_ACUTE_INFLAMMATORY_RESPONSE",4,0.0355782748886934,0.0274862568715642,0.0111111111111111,34,TRUE,FALSE,FALSE,FALSE,"GOBP_POSITIVE_REGULATION_OF_ACUTE_INFLAMMATORY_RESPONSE",1,NA,FALSE,"unpinned"
"WT_heat_up","GO_BP","GOBP_ENDOTHELIAL_CELL_PROLIFERATION",7,0.0355782748886934,0.0969515242378811,0.0491637100861632,110,TRUE,FALSE,TRUE,FALSE,NA,NA,NA,FALSE,"unpinned"
"WT_heat_up","GO_BP","GOBP_REGULATION_OF_MONONUCLEAR_CELL_MIGRATION",7,0.0355782748886934,0.134432783608196,0.0696266397578204,110,TRUE,FALSE,TRUE,FALSE,NA,NA,NA,FALSE,"unpinned"
"WT_heat_up","GO_BP","GOBP_T_CELL_PROLIFERATION",9,0.038427692462117,0.216391804097951,0.113556778389195,175,TRUE,FALSE,TRUE,FALSE,NA,NA,NA,FALSE,"unpinned"
"WT_heat_up","GO_BP","GOBP_NEGATIVE_REGULATION_OF_MEMBRANE_PERMEABILITY",3,0.0386041750996612,0.0109945027486257,0.00251256281407035,17,TRUE,FALSE,FALSE,FALSE,NA,NA,50,FALSE,"unpinned"
"WT_heat_up","GO_BP","GOBP_PLASMINOGEN_ACTIVATION",3,0.0386041750996612,0.00999500249875063,0.00137174211248285,17,TRUE,FALSE,FALSE,FALSE,"GOBP_FIBRINOLYSIS",1,NA,FALSE,"unpinned"
"WT_heat_up","GO_BP","GOBP_PODOSOME_ASSEMBLY",3,0.0386041750996612,0.00849575212393803,0.0028169014084507,17,TRUE,FALSE,FALSE,FALSE,NA,NA,44,FALSE,"unpinned"
"WT_heat_up","GO_BP","GOBP_POSITIVE_REGULATION_OF_PHOSPHORYLATION",10,0.0386041750996612,0.158920539730135,0.0761141712568853,210,TRUE,FALSE,TRUE,FALSE,NA,NA,NA,FALSE,"unpinned"
"WT_heat_up","GO_BP","GOBP_POSITIVE_REGULATION_OF_LEUKOCYTE_MIGRATION",7,0.0398232230321446,0.140929535232384,0.0687563195146613,113,TRUE,FALSE,TRUE,FALSE,NA,NA,NA,FALSE,"unpinned"
"WT_heat_up","GO_BP","GOBP_TEMPERATURE_HOMEOSTASIS",8,0.0398232230321446,0.0744627686156921,0.0288461538461538,144,TRUE,FALSE,TRUE,FALSE,NA,NA,NA,FALSE,"unpinned"
"WT_heat_up","GO_BP","GOBP_REGULATION_OF_BONE_REMODELING",4,0.0415014142977762,0.0254872563718141,0.0101744186046512,36,TRUE,FALSE,FALSE,FALSE,"GOBP_POSITIVE_REGULATION_OF_BONE_RESORPTION",0.75,NA,FALSE,"unpinned"
"WT_heat_up","GO_BP","GOBP_INFLAMMATORY_RESPONSE_TO_ANTIGENIC_STIMULUS",5,0.0415014142977762,0.0579710144927536,0.0238756246529706,59,TRUE,FALSE,TRUE,FALSE,NA,NA,NA,FALSE,"unpinned"
"WT_heat_up","GO_BP","GOBP_POSITIVE_REGULATION_OF_LIPID_TRANSPORT",5,0.0415014142977762,0.0584707646176912,0.0208333333333333,59,TRUE,FALSE,TRUE,FALSE,NA,NA,NA,FALSE,"unpinned"
"WT_heat_up","GO_BP","GOBP_SIGNAL_TRANSDUCTION_IN_ABSENCE_OF_LIGAND",5,0.0415014142977762,0.0504747626186907,0.0165242165242165,59,TRUE,FALSE,TRUE,FALSE,NA,NA,NA,FALSE,"unpinned"
"WT_heat_up","GO_BP","GOBP_POSITIVE_REGULATION_OF_HEMOPOIESIS",9,0.0420067486416625,0.281859070464768,0.15,179,TRUE,FALSE,TRUE,FALSE,NA,NA,NA,FALSE,"unpinned"
"WT_heat_up","GO_BP","GOBP_CELL_ACTIVATION_INVOLVED_IN_IMMUNE_RESPONSE",12,0.0420067486416625,0.377811094452774,0.214,287,TRUE,FALSE,TRUE,FALSE,NA,NA,NA,FALSE,"unpinned"
"WT_heat_up","GO_BP","GOBP_ERBB2_SIGNALING_PATHWAY",3,0.0422036641440863,0.0224887556221889,0.00424178154825027,18,TRUE,FALSE,FALSE,FALSE,"REACTOME_EGFR_DOWNREGULATION",0.6,NA,FALSE,"unpinned"
"WT_heat_up","GO_BP","GOBP_REGULATION_OF_COLLATERAL_SPROUTING",3,0.0422036641440863,0.0189905047476262,0.00365853658536585,18,TRUE,FALSE,FALSE,FALSE,NA,NA,60,FALSE,"unpinned"
"WT_heat_up","GO_BP","GOBP_REGULATION_OF_HORMONE_BIOSYNTHETIC_PROCESS",3,0.0422036641440863,0.0199900049975013,0.00761697497279652,18,TRUE,FALSE,FALSE,FALSE,"GOBP_OLEFINIC_COMPOUND_BIOSYNTHETIC_PROCESS",0.75,NA,FALSE,"unpinned"
"WT_heat_up","GO_BP","GOBP_REGULATION_OF_KETONE_BIOSYNTHETIC_PROCESS",3,0.0422036641440863,0.0139930034982509,0.0072463768115942,18,TRUE,FALSE,FALSE,FALSE,"GOBP_OLEFINIC_COMPOUND_BIOSYNTHETIC_PROCESS",0.75,NA,FALSE,"unpinned"
"WT_heat_up","GO_BP","GOBP_REGULATION_OF_LYMPHOCYTE_CHEMOTAXIS",3,0.0422036641440863,0.0254872563718141,0.00955414012738853,18,TRUE,FALSE,FALSE,FALSE,"GOBP_LYMPHOCYTE_CHEMOTAXIS",0.6,NA,FALSE,"unpinned"
"WT_heat_up","GO_BP","GOBP_STEROID_HORMONE_SECRETION",3,0.0422036641440863,0.0184907546226887,0.00113250283125708,18,TRUE,FALSE,FALSE,FALSE,"GOBP_LIPID_EXPORT_FROM_CELL",0.6,NA,FALSE,"unpinned"
"WT_heat_up","GO_BP","GOBP_REGULATION_OF_OSTEOCLAST_DIFFERENTIATION",5,0.0425621133961374,0.0484757621189405,0.0167973124300112,60,TRUE,FALSE,FALSE,FALSE,"GOBP_OSTEOCLAST_DIFFERENTIATION",0.555555555555556,NA,FALSE,"unpinned"
"WT_heat_up","GO_BP","GOBP_ERBB_SIGNALING_PATHWAY",7,0.0427247462462837,0.0749625187406297,0.0254065040650406,116,TRUE,FALSE,TRUE,FALSE,NA,NA,NA,FALSE,"unpinned"
"WT_heat_up","GO_BP","GOBP_REGULATION_OF_EXTRINSIC_APOPTOTIC_SIGNALING_PATHWAY_IN_ABSENCE_OF_LIGAND",4,0.0428862176292139,0.04047976011994,0.0136518771331058,37,TRUE,FALSE,FALSE,FALSE,NA,NA,80,FALSE,"unpinned"
"WT_heat_up","GO_BP","GOBP_POSITIVE_REGULATION_OF_DNA_BINDING_TRANSCRIPTION_FACTOR_ACTIVITY",6,0.0429595045086278,0.0609695152423788,0.0198226395409494,87,TRUE,FALSE,TRUE,FALSE,NA,NA,NA,FALSE,"unpinned"
"WT_heat_up","GO_BP","GOBP_INTERLEUKIN_1_PRODUCTION",6,0.0452487633100649,0.110944527736132,0.0338114754098361,88,TRUE,FALSE,TRUE,FALSE,NA,NA,NA,FALSE,"unpinned"
"WT_heat_up","GO_BP","GOBP_PHAGOCYTOSIS",9,0.0460977468929654,0.140429785107446,0.0566700100300903,184,TRUE,FALSE,TRUE,FALSE,NA,NA,NA,FALSE,"unpinned"
"WT_heat_up","GO_BP","GOBP_KERATINOCYTE_DIFFERENTIATION",6,0.0460977468929654,0.0384807596201899,0.0101931330472103,89,TRUE,FALSE,FALSE,FALSE,"GOBP_KERATINOCYTE_PROLIFERATION",0.571428571428571,NA,FALSE,"unpinned"
"WT_heat_up","GO_BP","GOBP_ENDOCRINE_PROCESS",5,0.0460977468929654,0.0494752623688156,0.015963511972634,62,TRUE,FALSE,FALSE,FALSE,"GOBP_REGULATION_OF_ENDOCRINE_PROCESS",0.8,NA,FALSE,"unpinned"
"WT_heat_up","GO_BP","GOBP_POSITIVE_REGULATION_OF_SMOOTH_MUSCLE_CELL_PROLIFERATION",5,0.0460977468929654,0.105947026486757,0.0362860192102455,62,TRUE,FALSE,TRUE,FALSE,NA,NA,NA,FALSE,"unpinned"
"WT_heat_up","GO_BP","GOBP_EXOCYTOSIS",12,0.0460977468929654,0.122938530734633,0.047047047047047,294,TRUE,FALSE,TRUE,FALSE,NA,NA,NA,FALSE,"unpinned"
"WT_heat_up","GO_BP","GOBP_FORELIMB_MORPHOGENESIS",3,0.0460977468929654,0.0149925037481259,0.00371287128712871,19,TRUE,FALSE,FALSE,FALSE,"GOBP_EMBRYONIC_FORELIMB_MORPHOGENESIS",1,NA,FALSE,"unpinned"
"WT_heat_up","GO_BP","GOBP_MESODERMAL_CELL_DIFFERENTIATION",3,0.0460977468929654,0.0299850074962519,0.00951474785918173,19,TRUE,FALSE,FALSE,FALSE,NA,NA,73,FALSE,"unpinned"
"WT_heat_up","GO_BP","GOBP_POSITIVE_REGULATION_OF_ACTIVATED_T_CELL_PROLIFERATION",3,0.0460977468929654,0.0259870064967516,0.00283822138126774,19,TRUE,FALSE,FALSE,FALSE,NA,NA,68,FALSE,"unpinned"
"WT_heat_up","GO_BP","GOBP_VASCULAR_ASSOCIATED_SMOOTH_MUSCLE_CELL_MIGRATION",3,0.0460977468929654,0.0194902548725637,0.0050709939148073,19,TRUE,FALSE,FALSE,FALSE,"GOBP_POSITIVE_REGULATION_OF_VASCULAR_ASSOCIATED_SMOOTH_MUSCLE_CELL_MIGRATION",1,NA,FALSE,"unpinned"
"WT_heat_up","GO_BP","GOBP_LYMPHOCYTE_MEDIATED_IMMUNITY",11,0.0468075931300215,0.216891554222889,0.104052026013007,257,TRUE,FALSE,TRUE,FALSE,NA,NA,NA,FALSE,"unpinned"
"WT_heat_up","GO_BP","GOBP_REGULATION_OF_ERBB_SIGNALING_PATHWAY",5,0.0487919165843572,0.0374812593703148,0.0140762463343109,63,TRUE,FALSE,FALSE,FALSE,NA,NA,79,FALSE,"unpinned"
"WT_heat_up","GO_BP","GOBP_PHOSPHATIDYLINOSITOL_3_KINASE_PROTEIN_KINASE_B_SIGNAL_TRANSDUCTION",11,0.0491515267484814,0.316841579210395,0.161,259,TRUE,FALSE,TRUE,FALSE,NA,NA,NA,FALSE,"unpinned"
"WT_heat_up","GO_MF","GOMF_CYTOKINE_ACTIVITY",27,4.50542168683098e-19,0.000499750124937531,0,128,TRUE,FALSE,FALSE,FALSE,NA,NA,1,TRUE,"unpinned"
"WT_heat_up","GO_MF","GOMF_CYTOKINE_RECEPTOR_BINDING",21,6.05280945985527e-09,0.000499750124937531,0,191,TRUE,FALSE,FALSE,FALSE,"GOMF_CYTOKINE_ACTIVITY",0.655172413793103,NA,FALSE,"unpinned"
"WT_heat_up","GO_MF","GOMF_TUMOR_NECROSIS_FACTOR_RECEPTOR_BINDING",7,4.82697382358018e-05,0.000499750124937531,0,27,TRUE,FALSE,FALSE,FALSE,"REACTOME_TNFS_BIND_THEIR_PHYSIOLOGICAL_RECEPTORS",0.75,NA,FALSE,"unpinned"
"WT_heat_up","GO_MF","GOMF_TUMOR_NECROSIS_FACTOR_RECEPTOR_SUPERFAMILY_BINDING",8,8.19304101399231e-05,0.000499750124937531,0,43,TRUE,FALSE,FALSE,FALSE,"REACTOME_TNFS_BIND_THEIR_PHYSIOLOGICAL_RECEPTORS",0.666666666666667,NA,FALSE,"unpinned"
"WT_heat_up","GO_MF","GOMF_G_PROTEIN_COUPLED_RECEPTOR_BINDING",14,0.000288351879839026,0.000499750124937531,0.000518672199170124,178,TRUE,FALSE,FALSE,FALSE,NA,NA,2,TRUE,"unpinned"
"WT_heat_up","GO_MF","GOMF_GROWTH_FACTOR_ACTIVITY",10,0.000288351879839026,0.000499750124937531,0,89,TRUE,FALSE,FALSE,FALSE,NA,NA,3,TRUE,"unpinned"
"WT_heat_up","GO_MF","GOMF_GROWTH_FACTOR_RECEPTOR_BINDING",9,0.00266691946019055,0.000499750124937531,0,95,TRUE,FALSE,FALSE,FALSE,"GOMF_GROWTH_FACTOR_ACTIVITY",0.583333333333333,NA,FALSE,"unpinned"
"WT_heat_up","GO_MF","GOMF_CALCIUM_DEPENDENT_PHOSPHOLIPID_BINDING",6,0.00266691946019055,0.000499750124937531,0,38,TRUE,FALSE,FALSE,FALSE,NA,NA,4,TRUE,"unpinned"
"WT_heat_up","GO_MF","GOMF_CHEMOKINE_ACTIVITY",5,0.00653274565263623,0.000499750124937531,0,29,TRUE,FALSE,FALSE,FALSE,NA,NA,5,TRUE,"unpinned"
"WT_heat_up","GO_MF","GOMF_CCR_CHEMOKINE_RECEPTOR_BINDING",4,0.0152366623504834,0.000499750124937531,0,20,TRUE,FALSE,FALSE,FALSE,"GOBP_EOSINOPHIL_MIGRATION",0.6,NA,FALSE,"unpinned"
"WT_heat_up","GO_MF","GOMF_CHEMOKINE_RECEPTOR_BINDING",5,0.0204929621084261,0.000999500249875062,0,39,TRUE,FALSE,FALSE,FALSE,"GOMF_CHEMOKINE_ACTIVITY",1,NA,FALSE,"unpinned"
"WT_heat_up","GO_MF","GOMF_PHOSPHATIDYLSERINE_BINDING",5,0.0204929621084261,0.000499750124937531,0,39,TRUE,FALSE,FALSE,FALSE,NA,NA,6,TRUE,"unpinned"
"WT_heat_up","GO_MF","GOMF_DNA_BINDING_TRANSCRIPTION_ACTIVATOR_ACTIVITY",13,0.0405021725186991,0.000499750124937531,0,272,TRUE,FALSE,FALSE,FALSE,NA,NA,7,TRUE,"unpinned"
"WT_heat_up","GO_MF","GOMF_PEPTIDASE_INHIBITOR_ACTIVITY",6,0.0439407202132356,0.00399800099950025,0,71,TRUE,FALSE,FALSE,FALSE,NA,NA,10,TRUE,"unpinned"
"WT_heat_up","GO_MF","GOMF_NUCLEAR_GLUCOCORTICOID_RECEPTOR_BINDING",3,0.0439407202132356,0.000499750124937531,0,14,TRUE,FALSE,FALSE,FALSE,NA,NA,8,TRUE,"unpinned"
"WT_heat_up","GO_MF","GOMF_HORMONE_ACTIVITY",5,0.0439407202132356,0.00199900049975012,0,49,TRUE,FALSE,FALSE,FALSE,NA,NA,9,TRUE,"unpinned"
"WT_heat_up","KEGG","KEGG_CYTOKINE_CYTOKINE_RECEPTOR_INTERACTION",22,1.87636320226404e-09,0.000499750124937531,0,184,TRUE,FALSE,FALSE,FALSE,"GOMF_CYTOKINE_ACTIVITY",0.633333333333333,NA,FALSE,"unpinned"
"WT_heat_up","KEGG","KEGG_GRAFT_VERSUS_HOST_DISEASE",5,0.0119109092259996,0.0119940029985007,0.015180265654649,27,TRUE,FALSE,FALSE,FALSE,"KEGG_TYPE_I_DIABETES_MELLITUS",0.666666666666667,NA,FALSE,"unpinned"
"WT_heat_up","KEGG","KEGG_TYPE_I_DIABETES_MELLITUS",5,0.0133097182942815,0.0109945027486257,0.0126984126984127,30,TRUE,FALSE,FALSE,FALSE,NA,NA,2,TRUE,"unpinned"
"WT_heat_up","KEGG","KEGG_ECM_RECEPTOR_INTERACTION",6,0.047063557804676,0.00149925037481259,0,62,TRUE,FALSE,FALSE,FALSE,NA,NA,1,TRUE,"unpinned"
"WT_heat_up","KEGG","KEGG_ALLOGRAFT_REJECTION",4,0.047063557804676,0.0679660169915042,0.0175757575757576,27,TRUE,FALSE,TRUE,FALSE,NA,NA,NA,FALSE,"unpinned"
"WT_heat_up","KEGG","KEGG_AUTOIMMUNE_THYROID_DISEASE",4,0.047063557804676,0.0629685157421289,0.0177261613691932,28,TRUE,FALSE,TRUE,FALSE,NA,NA,NA,FALSE,"unpinned"
"WT_heat_up","Reactome","REACTOME_INTERLEUKIN_10_SIGNALING",10,4.59774538328503e-07,0.000499750124937531,0,37,TRUE,FALSE,FALSE,FALSE,NA,NA,1,TRUE,"unpinned"
"WT_heat_up","Reactome","REACTOME_TNFS_BIND_THEIR_PHYSIOLOGICAL_RECEPTORS",7,3.36768174290159e-05,0.000499750124937531,0,23,TRUE,FALSE,FALSE,FALSE,NA,NA,2,TRUE,"unpinned"
"WT_heat_up","Reactome","REACTOME_NGF_STIMULATED_TRANSCRIPTION",7,0.00062193057423933,0.000499750124937531,0,36,TRUE,FALSE,FALSE,FALSE,NA,NA,3,TRUE,"unpinned"
"WT_heat_up","Reactome","REACTOME_GPCR_LIGAND_BINDING",15,0.000815199828895191,0.000499750124937531,0,205,TRUE,FALSE,FALSE,FALSE,"GOMF_G_PROTEIN_COUPLED_RECEPTOR_BINDING",0.526315789473684,NA,FALSE,"unpinned"
"WT_heat_up","Reactome","REACTOME_SIGNALING_BY_INTERLEUKINS",21,0.00155988625770791,0.000499750124937531,0,397,TRUE,FALSE,FALSE,FALSE,NA,NA,4,TRUE,"unpinned"
"WT_heat_up","Reactome","REACTOME_CLASS_A_1_RHODOPSIN_LIKE_RECEPTORS",12,0.00287041323772998,0.000499750124937531,0,156,TRUE,FALSE,FALSE,FALSE,NA,NA,5,TRUE,"unpinned"
"WT_heat_up","Reactome","REACTOME_ATTACHMENT_AND_ENTRY",4,0.00362900223718649,0.000499750124937531,0,12,TRUE,FALSE,FALSE,FALSE,NA,NA,6,TRUE,"unpinned"
"WT_heat_up","Reactome","REACTOME_NUCLEAR_EVENTS_KINASE_AND_TRANSCRIPTION_FACTOR_ACTIVATION",7,0.00593059435935165,0.000499750124937531,0,58,TRUE,FALSE,FALSE,FALSE,"REACTOME_NGF_STIMULATED_TRANSCRIPTION",1,NA,FALSE,"unpinned"
"WT_heat_up","Reactome","REACTOME_TNFR2_NON_CANONICAL_NF_KB_PATHWAY",8,0.0061371830085028,0.000499750124937531,0,80,TRUE,FALSE,FALSE,FALSE,"REACTOME_TNFS_BIND_THEIR_PHYSIOLOGICAL_RECEPTORS",0.875,NA,FALSE,"unpinned"
"WT_heat_up","Reactome","REACTOME_EGFR_DOWNREGULATION",5,0.0061371830085028,0.000499750124937531,0,27,TRUE,FALSE,FALSE,FALSE,NA,NA,7,TRUE,"unpinned"
"WT_heat_up","Reactome","REACTOME_TNF_RECEPTOR_SUPERFAMILY_TNFSF_MEMBERS_MEDIATING_NON_CANONICAL_NF_KB_PATHWAY",4,0.00800366122880276,0.000499750124937531,0,16,TRUE,FALSE,FALSE,FALSE,"GOBP_POSITIVE_REGULATION_OF_EXTRINSIC_APOPTOTIC_SIGNALING_PATHWAY",0.571428571428571,NA,FALSE,"unpinned"
"WT_heat_up","Reactome","REACTOME_PI3K_AKT_SIGNALING_IN_CANCER",8,0.00812059599139218,0.000499750124937531,0,86,TRUE,FALSE,FALSE,FALSE,NA,NA,8,TRUE,"unpinned"
"WT_heat_up","Reactome","REACTOME_RESPIRATORY_SYNCYTIAL_VIRUS_RSV_ATTACHMENT_AND_ENTRY",4,0.0135294906125163,0.000499750124937531,0,19,TRUE,FALSE,FALSE,FALSE,"REACTOME_ATTACHMENT_AND_ENTRY",0.6,NA,FALSE,"unpinned"
"WT_heat_up","Reactome","REACTOME_INTERLEUKIN_4_AND_INTERLEUKIN_13_SIGNALING",8,0.0135294906125163,0.000499750124937531,0,95,TRUE,FALSE,FALSE,FALSE,NA,NA,9,TRUE,"unpinned"
"WT_heat_up","Reactome","REACTOME_DEVELOPMENTAL_CELL_LINEAGES",7,0.0135294906125163,0.000499750124937531,0,73,TRUE,FALSE,FALSE,FALSE,NA,NA,10,TRUE,"unpinned"
"WT_heat_up","Reactome","REACTOME_EXTRACELLULAR_MATRIX_ORGANIZATION",12,0.0149734041968991,0.00149925037481259,0,206,TRUE,FALSE,FALSE,FALSE,NA,NA,12,FALSE,"unpinned"
"WT_heat_up","Reactome","REACTOME_DEFECTIVE_EXT2_CAUSES_EXOSTOSES_2",3,0.0199372715100551,0.00149925037481259,0,10,TRUE,FALSE,FALSE,FALSE,"REACTOME_ATTACHMENT_AND_ENTRY",0.75,NA,FALSE,"unpinned"
"WT_heat_up","Reactome","REACTOME_CONSTITUTIVE_SIGNALING_BY_ABERRANT_PI3K_IN_CANCER",6,0.021333584238311,0.000499750124937531,0,59,TRUE,FALSE,FALSE,FALSE,"REACTOME_PI3K_AKT_SIGNALING_IN_CANCER",0.75,NA,FALSE,"unpinned"
"WT_heat_up","Reactome","REACTOME_DISSOLUTION_OF_FIBRIN_CLOT",3,0.0229794148386667,0.000499750124937531,0,11,TRUE,FALSE,FALSE,FALSE,"GOBP_FIBRINOLYSIS",1,NA,FALSE,"unpinned"
"WT_heat_up","Reactome","REACTOME_SHC1_EVENTS_IN_EGFR_SIGNALING",3,0.0229794148386667,0.000499750124937531,0,11,TRUE,FALSE,FALSE,FALSE,"REACTOME_EGFR_DOWNREGULATION",0.6,NA,FALSE,"unpinned"
"WT_heat_up","Reactome","REACTOME_DEFECTIVE_B4GALT7_CAUSES_EDS_PROGEROID_TYPE",3,0.0287769868481433,0.00149925037481259,0,12,TRUE,FALSE,FALSE,FALSE,"REACTOME_ATTACHMENT_AND_ENTRY",0.75,NA,FALSE,"unpinned"
"WT_heat_up","Reactome","REACTOME_SIGNALING_BY_NTRKS",8,0.0324722653122899,0.000499750124937531,0,117,TRUE,FALSE,FALSE,FALSE,"REACTOME_NGF_STIMULATED_TRANSCRIPTION",0.875,NA,FALSE,"unpinned"
"WT_heat_up","Reactome","REACTOME_DEVELOPMENTAL_LINEAGE_OF_MAMMARY_GLAND_MYOEPITHELIAL_CELLS",3,0.0324722653122899,0.000999500249875062,0,13,TRUE,FALSE,FALSE,FALSE,NA,NA,11,FALSE,"unpinned"
"WT_heat_up","Reactome","REACTOME_DEVELOPMENTAL_LINEAGE_OF_PANCREATIC_DUCTAL_CELLS",4,0.0324722653122899,0.000999500249875062,0,28,TRUE,FALSE,FALSE,FALSE,"REACTOME_DEVELOPMENTAL_CELL_LINEAGES",0.571428571428571,NA,FALSE,"unpinned"
"WT_heat_up","Reactome","REACTOME_SIGNALING_BY_EGFR",5,0.0324722653122899,0.000499750124937531,0,47,TRUE,FALSE,FALSE,FALSE,"REACTOME_EGFR_DOWNREGULATION",1,NA,FALSE,"unpinned"
"WT_heat_up","Reactome","REACTOME_NEGATIVE_REGULATION_OF_THE_PI3K_AKT_NETWORK",7,0.0324722653122899,0.000999500249875062,0,93,TRUE,FALSE,FALSE,FALSE,"REACTOME_PI3K_AKT_SIGNALING_IN_CANCER",0.666666666666667,NA,FALSE,"unpinned"
"WT_heat_up","Reactome","REACTOME_EARLY_SARS_COV_2_INFECTION_EVENTS",4,0.0324722653122899,0.000999500249875062,0,29,TRUE,FALSE,FALSE,FALSE,"REACTOME_ATTACHMENT_AND_ENTRY",1,NA,FALSE,"unpinned"
"WT_heat_up","Reactome","REACTOME_GAB1_SIGNALOSOME",3,0.0324722653122899,0.000499750124937531,0,14,TRUE,FALSE,FALSE,FALSE,"REACTOME_EGFR_DOWNREGULATION",0.6,NA,FALSE,"unpinned"
"WT_heat_up","Reactome","REACTOME_HS_GAG_DEGRADATION",3,0.0324722653122899,0.00449775112443778,0,14,TRUE,FALSE,FALSE,FALSE,"REACTOME_ATTACHMENT_AND_ENTRY",0.75,NA,FALSE,"unpinned"
"WT_heat_up","Reactome","REACTOME_PEPTIDE_LIGAND_BINDING_RECEPTORS",7,0.0324722653122899,0.00199900049975012,0,95,TRUE,FALSE,FALSE,FALSE,"REACTOME_CLASS_A_1_RHODOPSIN_LIKE_RECEPTORS",0.583333333333333,NA,FALSE,"unpinned"
"WT_heat_up","Hallmark","HALLMARK_TNFA_SIGNALING_VIA_NFKB",35,3.2838367948082e-19,0.000499750124937531,0.099,191,TRUE,FALSE,FALSE,FALSE,NA,NA,1,TRUE,"hypoxia_anchored"
"WT_heat_up","Hallmark","HALLMARK_INFLAMMATORY_RESPONSE",21,5.1051464921737e-08,0.000499750124937531,0.0570285142571286,166,TRUE,FALSE,FALSE,FALSE,NA,NA,2,TRUE,"hypoxia_anchored"
"WT_heat_up","Hallmark","HALLMARK_HYPOXIA",18,9.75807515390371e-06,0.000999500249875062,0.079,171,TRUE,TRUE,FALSE,FALSE,NA,NA,3,TRUE,"hypoxia_anchored"
"WT_heat_up","Hallmark","HALLMARK_EPITHELIAL_MESENCHYMAL_TRANSITION",14,0.000313579416705385,0.00149925037481259,0.0180451127819549,142,TRUE,FALSE,FALSE,FALSE,NA,NA,4,TRUE,"hypoxia_anchored"
"WT_heat_up","Hallmark","HALLMARK_P53_PATHWAY",15,0.00142562500121075,0.00449775112443778,0.0225,187,TRUE,FALSE,FALSE,FALSE,NA,NA,5,TRUE,"hypoxia_anchored"
"WT_heat_up","Hallmark","HALLMARK_KRAS_SIGNALING_UP",13,0.0031644979385807,0.00549725137431284,0.00852130325814536,161,TRUE,FALSE,FALSE,FALSE,NA,NA,6,TRUE,"hypoxia_anchored"
"WT_heat_up","Hallmark","HALLMARK_IL2_STAT5_SIGNALING",14,0.00591757150581644,0.0299850074962519,0.0465,197,TRUE,FALSE,FALSE,FALSE,NA,NA,8,TRUE,"hypoxia_anchored"
"WT_heat_up","Hallmark","HALLMARK_COMPLEMENT",12,0.00857896240574693,0.0189905047476262,0.0190285428142213,162,TRUE,FALSE,FALSE,FALSE,"HALLMARK_COAGULATION",0.666666666666667,NA,FALSE,"hypoxia_anchored"
"WT_heat_up","Hallmark","HALLMARK_APOPTOSIS",11,0.0137408982743975,0.229885057471264,0.1635,151,TRUE,FALSE,TRUE,FALSE,NA,NA,NA,FALSE,"hypoxia_anchored"
"WT_heat_up","Hallmark","HALLMARK_COAGULATION",8,0.0197200426040843,0.0144927536231884,0.00617601646937725,95,TRUE,FALSE,FALSE,FALSE,NA,NA,7,TRUE,"hypoxia_anchored"
"WT_heat_up","GO_BP","GOBP_TAXIS",23,1.1623916324849e-05,0.000499750124937531,0.12,334,TRUE,FALSE,FALSE,FALSE,NA,NA,1,TRUE,"hypoxia_anchored"
"WT_heat_up","GO_BP","GOBP_REGULATION_OF_INFLAMMATORY_RESPONSE",23,1.1623916324849e-05,0.000499750124937531,0.1335,340,TRUE,FALSE,FALSE,FALSE,NA,NA,2,TRUE,"hypoxia_anchored"
"WT_heat_up","GO_BP","GOBP_REGULATION_OF_VASCULATURE_DEVELOPMENT",18,3.45750869816291e-05,0.000999500249875062,0.0645968953430145,228,TRUE,FALSE,FALSE,FALSE,NA,NA,11,FALSE,"hypoxia_anchored"
"WT_heat_up","GO_BP","GOBP_CELL_CHEMOTAXIS",17,0.000164644585163445,0.00199900049975012,0.0945472736368184,233,TRUE,FALSE,FALSE,FALSE,"GOBP_TAXIS",0.739130434782609,NA,FALSE,"hypoxia_anchored"
"WT_heat_up","GO_BP","GOBP_TISSUE_REMODELING",13,0.000164644585163445,0.000999500249875062,0.0548289738430583,134,TRUE,FALSE,FALSE,FALSE,NA,NA,12,FALSE,"hypoxia_anchored"
"WT_heat_up","GO_BP","GOBP_POSITIVE_REGULATION_OF_CELL_ACTIVATION",20,0.000198383897774775,0.0114942528735632,0.2585,327,TRUE,FALSE,FALSE,TRUE,NA,NA,NA,FALSE,"hypoxia_anchored"
"WT_heat_up","GO_BP","GOBP_REGULATION_OF_APOPTOTIC_SIGNALING_PATHWAY",19,0.00054885500731485,0.00699650174912544,0.121,321,TRUE,FALSE,FALSE,FALSE,"GOBP_EXTRINSIC_APOPTOTIC_SIGNALING_PATHWAY",0.571428571428571,NA,FALSE,"hypoxia_anchored"
"WT_heat_up","GO_BP","GOBP_NEGATIVE_REGULATION_OF_G_PROTEIN_COUPLED_RECEPTOR_SIGNALING_PATHWAY",8,0.00054885500731485,0.000499750124937531,0.00336021505376344,51,TRUE,FALSE,FALSE,FALSE,NA,NA,3,TRUE,"hypoxia_anchored"
"WT_heat_up","GO_BP","GOBP_REGULATION_OF_EXTRINSIC_APOPTOTIC_SIGNALING_PATHWAY",12,0.000550787716135207,0.00349825087456272,0.0434343434343434,134,TRUE,FALSE,FALSE,FALSE,"GOBP_POSITIVE_REGULATION_OF_EXTRINSIC_APOPTOTIC_SIGNALING_PATHWAY",0.583333333333333,NA,FALSE,"hypoxia_anchored"
"WT_heat_up","GO_BP","GOBP_POSITIVE_REGULATION_OF_CELL_ADHESION",21,0.000550787716135207,0.0289855072463768,0.305,395,TRUE,FALSE,FALSE,TRUE,NA,NA,NA,FALSE,"hypoxia_anchored"
"WT_heat_up","GO_BP","GOBP_POSITIVE_REGULATION_OF_INFLAMMATORY_RESPONSE",12,0.000550787716135207,0.00199900049975012,0.0397984886649874,135,TRUE,FALSE,FALSE,FALSE,"GOBP_REGULATION_OF_INFLAMMATORY_RESPONSE",0.521739130434783,NA,FALSE,"hypoxia_anchored"
"WT_heat_up","GO_BP","GOBP_LEUKOCYTE_PROLIFERATION",17,0.000725434359701076,0.0164917541229385,0.1985,277,TRUE,FALSE,FALSE,FALSE,NA,NA,57,FALSE,"hypoxia_anchored"
"WT_heat_up","GO_BP","GOBP_WOUND_HEALING",19,0.000787414155918892,0.0109945027486257,0.1335,343,TRUE,FALSE,FALSE,FALSE,NA,NA,49,FALSE,"hypoxia_anchored"
"WT_heat_up","GO_BP","GOBP_NEGATIVE_REGULATION_OF_RESPONSE_TO_EXTERNAL_STIMULUS",18,0.000827949232205846,0.0119940029985007,0.1275,314,TRUE,FALSE,FALSE,FALSE,NA,NA,51,FALSE,"hypoxia_anchored"
"WT_heat_up","GO_BP","GOBP_REGULATION_OF_BODY_FLUID_LEVELS",17,0.00097920080714624,0.00499750124937531,0.066,288,TRUE,FALSE,FALSE,FALSE,NA,NA,31,FALSE,"hypoxia_anchored"
"WT_heat_up","GO_BP","GOBP_HUMORAL_IMMUNE_RESPONSE",12,0.00106248275229643,0.00199900049975012,0.0142638818135507,149,TRUE,FALSE,FALSE,FALSE,"GOBP_ANTIMICROBIAL_HUMORAL_IMMUNE_RESPONSE_MEDIATED_BY_ANTIMICROBIAL_PEPTIDE",0.583333333333333,NA,FALSE,"hypoxia_anchored"
"WT_heat_up","GO_BP","GOBP_EXTRINSIC_APOPTOTIC_SIGNALING_PATHWAY",14,0.00109621435502932,0.00349825087456272,0.0630630630630631,204,TRUE,FALSE,FALSE,FALSE,NA,NA,25,FALSE,"hypoxia_anchored"
"WT_heat_up","GO_BP","GOBP_POSITIVE_REGULATION_OF_CELL_GROWTH",11,0.00134242960970454,0.00149925037481259,0.0276639344262295,129,TRUE,FALSE,FALSE,FALSE,NA,NA,15,FALSE,"hypoxia_anchored"
"WT_heat_up","GO_BP","GOBP_POSITIVE_REGULATION_OF_CELL_CELL_ADHESION",16,0.00139945257282442,0.0274862568715642,0.2085,271,TRUE,FALSE,FALSE,FALSE,NA,NA,69,FALSE,"hypoxia_anchored"
"WT_heat_up","GO_BP","GOBP_NEGATIVE_REGULATION_OF_VASCULATURE_DEVELOPMENT",9,0.00139945257282442,0.000499750124937531,0.0128617363344051,85,TRUE,FALSE,FALSE,FALSE,NA,NA,4,TRUE,"hypoxia_anchored"
"WT_heat_up","GO_BP","GOBP_PHOSPHOLIPASE_C_ACTIVATING_G_PROTEIN_COUPLED_RECEPTOR_SIGNALING_PATHWAY",9,0.0017273813794152,0.000999500249875062,0.00567536889897843,88,TRUE,FALSE,FALSE,FALSE,NA,NA,13,FALSE,"hypoxia_anchored"
"WT_heat_up","GO_BP","GOBP_MESODERM_MORPHOGENESIS",7,0.0017273813794152,0.00249875062468766,0.0228228228228228,49,TRUE,FALSE,FALSE,FALSE,NA,NA,19,FALSE,"hypoxia_anchored"
"WT_heat_up","GO_BP","GOBP_POSITIVE_REGULATION_OF_EXTRINSIC_APOPTOTIC_SIGNALING_PATHWAY",7,0.00189467838689025,0.000499750124937531,0.0178132678132678,50,TRUE,FALSE,FALSE,FALSE,NA,NA,5,TRUE,"hypoxia_anchored"
"WT_heat_up","GO_BP","GOBP_REGULATION_OF_G_PROTEIN_COUPLED_RECEPTOR_SIGNALING_PATHWAY",10,0.00235631949613956,0.000999500249875062,0.00829445308449974,116,TRUE,FALSE,FALSE,FALSE,"GOBP_NEGATIVE_REGULATION_OF_G_PROTEIN_COUPLED_RECEPTOR_SIGNALING_PATHWAY",0.8,NA,FALSE,"hypoxia_anchored"
"WT_heat_up","GO_BP","GOBP_PLACENTA_DEVELOPMENT",10,0.00235742556730875,0.00399800099950025,0.022119341563786,117,TRUE,FALSE,FALSE,FALSE,NA,NA,29,FALSE,"hypoxia_anchored"
"WT_heat_up","GO_BP","GOBP_LEUKOCYTE_MIGRATION",16,0.00235742556730875,0.039480259870065,0.1535,290,TRUE,FALSE,FALSE,FALSE,"GOBP_MONONUCLEAR_CELL_MIGRATION",0.75,NA,FALSE,"hypoxia_anchored"
"WT_heat_up","GO_BP","GOBP_LEUKOCYTE_CELL_CELL_ADHESION",18,0.00235742556730875,0.0779610194902549,0.2845,357,TRUE,FALSE,TRUE,TRUE,NA,NA,NA,FALSE,"hypoxia_anchored"
"WT_heat_up","GO_BP","GOBP_EPITHELIAL_CELL_PROLIFERATION",16,0.00235742556730875,0.0434782608695652,0.181,291,TRUE,FALSE,FALSE,FALSE,"GOBP_POSITIVE_REGULATION_OF_EPITHELIAL_CELL_PROLIFERATION",0.5625,NA,FALSE,"hypoxia_anchored"
"WT_heat_up","GO_BP","GOBP_LEUKOCYTE_CHEMOTAXIS",12,0.00235742556730875,0.0139930034982509,0.0676352705410822,172,TRUE,FALSE,FALSE,FALSE,"GOBP_TAXIS",0.521739130434783,NA,FALSE,"hypoxia_anchored"
"WT_heat_up","GO_BP","GOBP_MONONUCLEAR_CELL_MIGRATION",12,0.00235742556730875,0.0194902548725637,0.0790790790790791,172,TRUE,FALSE,FALSE,FALSE,NA,NA,61,FALSE,"hypoxia_anchored"
"WT_heat_up","GO_BP","GOBP_REGULATION_OF_COAGULATION",7,0.00235742556730875,0.000499750124937531,0.00967937084089534,54,TRUE,FALSE,FALSE,FALSE,NA,NA,6,TRUE,"hypoxia_anchored"
"WT_heat_up","GO_BP","GOBP_POSITIVE_REGULATION_OF_SECRETION",14,0.00250635246213541,0.0274862568715642,0.1265,233,TRUE,FALSE,FALSE,FALSE,NA,NA,70,FALSE,"hypoxia_anchored"
"WT_heat_up","GO_BP","GOBP_EOSINOPHIL_MIGRATION",4,0.00250635246213541,0.000499750124937531,0.00626304801670146,12,TRUE,FALSE,FALSE,FALSE,NA,NA,7,TRUE,"hypoxia_anchored"
"WT_heat_up","GO_BP","GOBP_POSITIVE_REGULATION_OF_VASCULATURE_DEVELOPMENT",10,0.00250635246213541,0.0114942528735632,0.0450177035913,122,TRUE,FALSE,FALSE,FALSE,"GOBP_REGULATION_OF_VASCULATURE_DEVELOPMENT",0.555555555555556,NA,FALSE,"hypoxia_anchored"
"WT_heat_up","GO_BP","GOBP_REGULATION_OF_RESPONSE_TO_WOUNDING",10,0.00250635246213541,0.00849575212393803,0.0474029248613212,122,TRUE,FALSE,FALSE,FALSE,"GOBP_REGULATION_OF_COAGULATION",0.545454545454545,NA,FALSE,"hypoxia_anchored"
"WT_heat_up","GO_BP","GOBP_POSITIVE_REGULATION_OF_LEUKOCYTE_CELL_CELL_ADHESION",14,0.00264630751956959,0.0469765117441279,0.1785,236,TRUE,FALSE,FALSE,FALSE,"GOBP_POSITIVE_REGULATION_OF_CELL_CELL_ADHESION",0.875,NA,FALSE,"hypoxia_anchored"
"WT_heat_up","GO_BP","GOBP_EMBRYONIC_ORGAN_DEVELOPMENT",16,0.00264630751956959,0.0204897551224388,0.0855,300,TRUE,FALSE,FALSE,FALSE,NA,NA,64,FALSE,"hypoxia_anchored"
"WT_heat_up","GO_BP","GOBP_OSTEOCLAST_DIFFERENTIATION",9,0.00268302745810174,0.00349825087456272,0.0192107995846314,100,TRUE,FALSE,FALSE,FALSE,NA,NA,26,FALSE,"hypoxia_anchored"
"WT_heat_up","GO_BP","GOBP_ANTIMICROBIAL_HUMORAL_IMMUNE_RESPONSE_MEDIATED_BY_ANTIMICROBIAL_PEPTIDE",7,0.00268302745810174,0.000499750124937531,0.0020703933747412,57,TRUE,FALSE,FALSE,FALSE,NA,NA,8,TRUE,"hypoxia_anchored"
"WT_heat_up","GO_BP","GOBP_RECEPTOR_MEDIATED_ENDOCYTOSIS",13,0.00268371392384768,0.00199900049975012,0.017059708981435,208,TRUE,FALSE,FALSE,FALSE,NA,NA,17,FALSE,"hypoxia_anchored"
"WT_heat_up","GO_BP","GOBP_POSITIVE_REGULATION_OF_RECEPTOR_MEDIATED_ENDOCYTOSIS",6,0.00336926029295518,0.000999500249875062,0.00740740740740741,41,TRUE,FALSE,FALSE,FALSE,NA,NA,14,FALSE,"hypoxia_anchored"
"WT_heat_up","GO_BP","GOBP_MYELOID_LEUKOCYTE_DIFFERENTIATION",13,0.0037757290175167,0.023488255872064,0.0915457728864432,216,TRUE,FALSE,FALSE,FALSE,"GOBP_OSTEOCLAST_DIFFERENTIATION",0.692307692307692,NA,FALSE,"hypoxia_anchored"
"WT_heat_up","GO_BP","GOBP_POSITIVE_REGULATION_OF_CELL_DEVELOPMENT",17,0.00420627539853713,0.11744127936032,0.271,351,TRUE,FALSE,TRUE,TRUE,NA,NA,NA,FALSE,"hypoxia_anchored"
"WT_heat_up","GO_BP","GOBP_MESODERM_DEVELOPMENT",8,0.00420627539853713,0.00349825087456272,0.0164630908125332,84,TRUE,FALSE,FALSE,FALSE,"GOBP_MESODERM_MORPHOGENESIS",0.875,NA,FALSE,"hypoxia_anchored"
"WT_heat_up","GO_BP","GOBP_REGULATION_OF_CELL_GROWTH",16,0.00420627539853713,0.0214892553723138,0.0665,317,TRUE,FALSE,FALSE,FALSE,"GOBP_POSITIVE_REGULATION_OF_CELL_GROWTH",0.6875,NA,FALSE,"hypoxia_anchored"
"WT_heat_up","GO_BP","GOBP_POSITIVE_REGULATION_OF_LEUKOCYTE_PROLIFERATION",10,0.00452877121403535,0.0229885057471264,0.0689134808853119,135,TRUE,FALSE,FALSE,FALSE,"GOBP_LEUKOCYTE_PROLIFERATION",0.588235294117647,NA,FALSE,"hypoxia_anchored"
"WT_heat_up","GO_BP","GOBP_RENAL_SYSTEM_PROCESS",8,0.00578902271388587,0.00299850074962519,0.00864397622906537,89,TRUE,FALSE,FALSE,FALSE,NA,NA,23,FALSE,"hypoxia_anchored"
"WT_heat_up","GO_BP","GOBP_MUSCLE_TISSUE_DEVELOPMENT",15,0.00578902271388587,0.0484757621189405,0.121,295,TRUE,FALSE,FALSE,FALSE,NA,NA,84,FALSE,"hypoxia_anchored"
"WT_heat_up","GO_BP","GOBP_POSITIVE_REGULATION_OF_BEHAVIOR",4,0.00578902271388587,0.000499750124937531,0.00154559505409583,16,TRUE,FALSE,FALSE,FALSE,NA,NA,9,TRUE,"hypoxia_anchored"
"WT_heat_up","GO_BP","GOBP_ERK1_AND_ERK2_CASCADE",13,0.00578902271388587,0.0634682658670665,0.15,230,TRUE,FALSE,TRUE,FALSE,NA,NA,NA,FALSE,"hypoxia_anchored"
"WT_heat_up","GO_BP","GOBP_REGULATION_OF_BEHAVIOR",6,0.00578902271388587,0.00349825087456272,0.00876601483479434,47,TRUE,FALSE,FALSE,FALSE,"GOBP_POSITIVE_REGULATION_OF_BEHAVIOR",0.666666666666667,NA,FALSE,"hypoxia_anchored"
"WT_heat_up","GO_BP","GOBP_REGULATION_OF_WOUND_HEALING",8,0.00578902271388587,0.0114942528735632,0.0263702171664943,90,TRUE,FALSE,FALSE,FALSE,"GOBP_REGULATION_OF_COAGULATION",0.666666666666667,NA,FALSE,"hypoxia_anchored"
"WT_heat_up","GO_BP","GOBP_ADENYLATE_CYCLASE_ACTIVATING_G_PROTEIN_COUPLED_RECEPTOR_SIGNALING_PATHWAY",9,0.00578902271388587,0.00149925037481259,0.00732600732600733,115,TRUE,FALSE,FALSE,FALSE,NA,NA,16,FALSE,"hypoxia_anchored"
"WT_heat_up","GO_BP","GOBP_REGULATION_OF_BLOOD_PRESSURE",9,0.00578902271388587,0.0079960019990005,0.0216049382716049,115,TRUE,FALSE,FALSE,FALSE,"GOBP_REGULATION_OF_SYSTEMIC_ARTERIAL_BLOOD_PRESSURE",0.666666666666667,NA,FALSE,"hypoxia_anchored"
"WT_heat_up","GO_BP","GOBP_REGULATION_OF_RECEPTOR_MEDIATED_ENDOCYTOSIS",8,0.00602087505352827,0.00149925037481259,0.00910064239828694,91,TRUE,FALSE,FALSE,FALSE,"GOBP_POSITIVE_REGULATION_OF_RECEPTOR_MEDIATED_ENDOCYTOSIS",0.75,NA,FALSE,"hypoxia_anchored"
"WT_heat_up","GO_BP","GOBP_REGULATION_OF_LIPID_BIOSYNTHETIC_PROCESS",10,0.00602087505352827,0.0224887556221889,0.0532931121166415,143,TRUE,FALSE,FALSE,FALSE,NA,NA,65,FALSE,"hypoxia_anchored"
"WT_heat_up","GO_BP","GOBP_EPIDERMIS_DEVELOPMENT",13,0.00623145691793297,0.0149925037481259,0.042,234,TRUE,FALSE,FALSE,FALSE,NA,NA,55,FALSE,"hypoxia_anchored"
"WT_heat_up","GO_BP","GOBP_EMBRYONIC_PLACENTA_DEVELOPMENT",7,0.00623145691793297,0.0104947526236882,0.0211228460255698,69,TRUE,FALSE,FALSE,FALSE,"GOBP_PLACENTA_DEVELOPMENT",0.7,NA,FALSE,"hypoxia_anchored"
"WT_heat_up","GO_BP","GOBP_ACUTE_INFLAMMATORY_RESPONSE",7,0.00666529500481182,0.00949525237381309,0.0228509249183896,70,TRUE,FALSE,FALSE,FALSE,"GOBP_POSITIVE_REGULATION_OF_ACUTE_INFLAMMATORY_RESPONSE",0.571428571428571,NA,FALSE,"hypoxia_anchored"
"WT_heat_up","GO_BP","GOBP_LEUKOCYTE_MEDIATED_IMMUNITY",16,0.00666529500481182,0.0994502748625687,0.1815,338,TRUE,FALSE,TRUE,FALSE,NA,NA,NA,FALSE,"hypoxia_anchored"
"WT_heat_up","GO_BP","GOBP_LYMPHOCYTE_CHEMOTAXIS",5,0.00709662834072533,0.00549725137431284,0.0134069400630915,32,TRUE,FALSE,FALSE,FALSE,NA,NA,33,FALSE,"hypoxia_anchored"
"WT_heat_up","GO_BP","GOBP_POSITIVE_REGULATION_OF_APOPTOTIC_SIGNALING_PATHWAY",9,0.00744143317063629,0.0164917541229385,0.0324379118094273,121,TRUE,FALSE,FALSE,FALSE,"GOBP_POSITIVE_REGULATION_OF_EXTRINSIC_APOPTOTIC_SIGNALING_PATHWAY",0.777777777777778,NA,FALSE,"hypoxia_anchored"
"WT_heat_up","GO_BP","GOBP_MUSCLE_CELL_PROLIFERATION",10,0.00744870621435436,0.0809595202398801,0.1255,149,TRUE,FALSE,TRUE,FALSE,NA,NA,NA,FALSE,"hypoxia_anchored"
"WT_heat_up","GO_BP","GOBP_MYELOID_LEUKOCYTE_ACTIVATION",12,0.00744870621435436,0.0539730134932534,0.10960960960961,209,TRUE,FALSE,TRUE,FALSE,NA,NA,NA,FALSE,"hypoxia_anchored"
"WT_heat_up","GO_BP","GOBP_OLEFINIC_COMPOUND_BIOSYNTHETIC_PROCESS",4,0.00749668963330853,0.00299850074962519,0.0069284064665127,18,TRUE,FALSE,FALSE,FALSE,NA,NA,24,FALSE,"hypoxia_anchored"
"WT_heat_up","GO_BP","GOBP_OLEFINIC_COMPOUND_METABOLIC_PROCESS",8,0.00790831570889323,0.00199900049975012,0.00554016620498615,97,TRUE,FALSE,FALSE,FALSE,NA,NA,18,FALSE,"hypoxia_anchored"
"WT_heat_up","GO_BP","GOBP_MONOCYTE_CHEMOTAXIS",5,0.00855307127427923,0.00899550224887556,0.0155917788802268,34,TRUE,FALSE,FALSE,FALSE,NA,NA,45,FALSE,"hypoxia_anchored"
"WT_heat_up","GO_BP","GOBP_NEGATIVE_REGULATION_OF_COAGULATION",5,0.00855307127427923,0.00149925037481259,0.00403551251008878,34,TRUE,FALSE,FALSE,FALSE,"GOBP_REGULATION_OF_COAGULATION",0.714285714285714,NA,FALSE,"hypoxia_anchored"
"WT_heat_up","GO_BP","GOBP_POSITIVE_REGULATION_OF_EPITHELIAL_CELL_PROLIFERATION",9,0.00855307127427923,0.0299850074962519,0.0598892803220936,125,TRUE,FALSE,FALSE,FALSE,NA,NA,72,FALSE,"hypoxia_anchored"
"WT_heat_up","GO_BP","GOBP_NEUROINFLAMMATORY_RESPONSE",7,0.00874010625622893,0.0324837581209395,0.0511064278187566,75,TRUE,FALSE,FALSE,FALSE,"GOBP_REGULATION_OF_NEUROINFLAMMATORY_RESPONSE",0.714285714285714,NA,FALSE,"hypoxia_anchored"
"WT_heat_up","GO_BP","GOBP_OSSIFICATION",15,0.00882806348181057,0.0419790104947526,0.0775,316,TRUE,FALSE,FALSE,FALSE,"GOBP_OSTEOBLAST_DIFFERENTIATION",0.666666666666667,NA,FALSE,"hypoxia_anchored"
"WT_heat_up","GO_BP","GOBP_DEFENSE_RESPONSE_TO_BACTERIUM",11,0.00945352465735278,0.0194902548725637,0.0326633165829146,186,TRUE,FALSE,FALSE,FALSE,NA,NA,62,FALSE,"hypoxia_anchored"
"WT_heat_up","GO_BP","GOBP_CARDIOCYTE_DIFFERENTIATION",8,0.00945352465735278,0.0549725137431284,0.0755578093306288,101,TRUE,FALSE,TRUE,FALSE,NA,NA,NA,FALSE,"hypoxia_anchored"
"WT_heat_up","GO_BP","GOBP_ANTIMICROBIAL_HUMORAL_RESPONSE",7,0.00974318209130191,0.00249875062468766,0.00426829268292683,77,TRUE,FALSE,FALSE,FALSE,"GOBP_ANTIMICROBIAL_HUMORAL_IMMUNE_RESPONSE_MEDIATED_BY_ANTIMICROBIAL_PEPTIDE",1,NA,FALSE,"hypoxia_anchored"
"WT_heat_up","GO_BP","GOBP_REGULATION_OF_SYSTEMIC_ARTERIAL_BLOOD_PRESSURE",6,0.00980543828102494,0.00749625187406297,0.0114457831325301,55,TRUE,FALSE,FALSE,FALSE,NA,NA,40,FALSE,"hypoxia_anchored"
"WT_heat_up","GO_BP","GOBP_MYELOID_LEUKOCYTE_MIGRATION",10,0.00984873619704409,0.0474762618690655,0.0787362086258776,158,TRUE,FALSE,FALSE,FALSE,"GOBP_MONONUCLEAR_CELL_MIGRATION",0.571428571428571,NA,FALSE,"hypoxia_anchored"
"WT_heat_up","GO_BP","GOBP_LIPID_EXPORT_FROM_CELL",5,0.00984873619704409,0.00549725137431284,0.00550964187327824,36,TRUE,FALSE,FALSE,FALSE,NA,NA,34,FALSE,"hypoxia_anchored"
"WT_heat_up","GO_BP","GOBP_POSITIVE_REGULATION_OF_LYMPHOCYTE_MIGRATION",5,0.00984873619704409,0.00849575212393803,0.0134048257372654,36,TRUE,FALSE,FALSE,FALSE,"GOBP_LYMPHOCYTE_CHEMOTAXIS",0.666666666666667,NA,FALSE,"hypoxia_anchored"
"WT_heat_up","GO_BP","GOBP_REGULATION_OF_TISSUE_REMODELING",6,0.0102846580143167,0.0079960019990005,0.0133101851851852,56,TRUE,FALSE,FALSE,FALSE,NA,NA,41,FALSE,"hypoxia_anchored"
"WT_heat_up","GO_BP","GOBP_NEGATIVE_REGULATION_OF_APOPTOTIC_SIGNALING_PATHWAY",11,0.010797784742202,0.0469765117441279,0.0660330165082541,191,TRUE,FALSE,FALSE,FALSE,NA,NA,83,FALSE,"hypoxia_anchored"
"WT_heat_up","GO_BP","GOBP_REGULATION_OF_NEUROINFLAMMATORY_RESPONSE",5,0.0108202962768992,0.0104947526236882,0.0126835781041389,37,TRUE,FALSE,FALSE,FALSE,NA,NA,48,FALSE,"hypoxia_anchored"
"WT_heat_up","GO_BP","GOBP_POSITIVE_REGULATION_OF_GROWTH",11,0.0109142921208554,0.0569715142428786,0.0775387693846923,192,TRUE,FALSE,TRUE,FALSE,NA,NA,NA,FALSE,"hypoxia_anchored"
"WT_heat_up","GO_BP","GOBP_POSITIVE_REGULATION_OF_ACUTE_INFLAMMATORY_RESPONSE",4,0.0109142921208554,0.00549725137431284,0.00959692898272553,21,TRUE,FALSE,FALSE,FALSE,NA,NA,35,FALSE,"hypoxia_anchored"
"WT_heat_up","GO_BP","GOBP_VASCULAR_ASSOCIATED_SMOOTH_MUSCLE_CELL_DIFFERENTIATION",4,0.0109142921208554,0.00549725137431284,0.009765625,21,TRUE,FALSE,FALSE,FALSE,NA,NA,36,FALSE,"hypoxia_anchored"
"WT_heat_up","GO_BP","GOBP_RESPONSE_TO_STEROID_HORMONE",13,0.0109316998490805,0.072463768115942,0.092,258,TRUE,FALSE,TRUE,FALSE,NA,NA,NA,FALSE,"hypoxia_anchored"
"WT_heat_up","GO_BP","GOBP_LYMPHOCYTE_DIFFERENTIATION",17,0.0113156438880835,0.174912543728136,0.224,403,TRUE,FALSE,TRUE,FALSE,NA,NA,NA,FALSE,"hypoxia_anchored"
"WT_heat_up","GO_BP","GOBP_REGULATION_OF_LYMPHOCYTE_MIGRATION",6,0.0113164585782907,0.0174912543728136,0.0199657729606389,58,TRUE,FALSE,FALSE,FALSE,"GOBP_LYMPHOCYTE_CHEMOTAXIS",0.571428571428571,NA,FALSE,"hypoxia_anchored"
"WT_heat_up","GO_BP","GOBP_POSITIVE_REGULATION_OF_FIBROBLAST_PROLIFERATION",5,0.0113164585782907,0.00649675162418791,0.00736278447121821,38,TRUE,FALSE,FALSE,FALSE,NA,NA,38,FALSE,"hypoxia_anchored"
"WT_heat_up","GO_BP","GOBP_SKELETAL_MUSCLE_CELL_DIFFERENTIATION",6,0.0121605620034629,0.00449775112443778,0.00637755102040816,59,TRUE,FALSE,FALSE,FALSE,NA,NA,30,FALSE,"hypoxia_anchored"
"WT_heat_up","GO_BP","GOBP_FOREBRAIN_DEVELOPMENT",13,0.0128274739037803,0.0614692653673163,0.0735367683841921,264,TRUE,FALSE,TRUE,FALSE,NA,NA,NA,FALSE,"hypoxia_anchored"
"WT_heat_up","GO_BP","GOBP_REGULATION_OF_T_CELL_ACTIVATION",15,0.0128274739037803,0.229385307346327,0.266,335,TRUE,FALSE,TRUE,TRUE,NA,NA,NA,FALSE,"hypoxia_anchored"
"WT_heat_up","GO_BP","GOBP_SKIN_DEVELOPMENT",11,0.0133153813623184,0.0334832583708146,0.041041041041041,199,TRUE,FALSE,FALSE,FALSE,"GOBP_EPIDERMIS_DEVELOPMENT",0.6,NA,FALSE,"hypoxia_anchored"
"WT_heat_up","GO_BP","GOBP_KERATINOCYTE_PROLIFERATION",5,0.0136676196591755,0.00899550224887556,0.0103021978021978,40,TRUE,FALSE,FALSE,FALSE,NA,NA,46,FALSE,"hypoxia_anchored"
"WT_heat_up","GO_BP","GOBP_EOSINOPHIL_CHEMOTAXIS",3,0.013755766232483,0.000999500249875062,0.00233644859813084,10,TRUE,FALSE,FALSE,FALSE,"GOBP_EOSINOPHIL_MIGRATION",0.75,NA,FALSE,"hypoxia_anchored"
"WT_heat_up","GO_BP","GOBP_FORMATION_OF_PRIMARY_GERM_LAYER",7,0.013798514579523,0.0139930034982509,0.0149732620320856,85,TRUE,FALSE,FALSE,FALSE,"GOBP_MESODERM_MORPHOGENESIS",1,NA,FALSE,"hypoxia_anchored"
"WT_heat_up","GO_BP","GOBP_POSITIVE_REGULATION_OF_T_CELL_PROLIFERATION",7,0.013798514579523,0.0334832583708146,0.0329387545033453,85,TRUE,FALSE,FALSE,FALSE,NA,NA,75,FALSE,"hypoxia_anchored"
"WT_heat_up","GO_BP","GOBP_GLIOGENESIS",12,0.0138098049565318,0.132933533233383,0.1445,234,TRUE,FALSE,TRUE,FALSE,NA,NA,NA,FALSE,"hypoxia_anchored"
"WT_heat_up","GO_BP","GOBP_T_CELL_DIFFERENTIATION",14,0.0140011680310112,0.195402298850575,0.2135,304,TRUE,FALSE,TRUE,FALSE,NA,NA,NA,FALSE,"hypoxia_anchored"
"WT_heat_up","GO_BP","GOBP_T_CELL_MIGRATION",6,0.014317659991453,0.023488255872064,0.0232172470978441,62,TRUE,FALSE,FALSE,FALSE,"GOBP_LYMPHOCYTE_CHEMOTAXIS",0.571428571428571,NA,FALSE,"hypoxia_anchored"
"WT_heat_up","GO_BP","GOBP_NEGATIVE_REGULATION_OF_RESPONSE_TO_WOUNDING",6,0.0154544841344931,0.0149925037481259,0.0124434389140271,63,TRUE,FALSE,FALSE,FALSE,NA,NA,56,FALSE,"hypoxia_anchored"
"WT_heat_up","GO_BP","GOBP_POSITIVE_REGULATION_OF_VASCULAR_ENDOTHELIAL_GROWTH_FACTOR_PRODUCTION",4,0.0155036509643038,0.00849575212393803,0.0112068965517241,24,TRUE,FALSE,FALSE,FALSE,NA,NA,42,FALSE,"hypoxia_anchored"
"WT_heat_up","GO_BP","GOBP_B_CELL_PROLIFERATION",7,0.0159006406937216,0.0344827586206897,0.0322412896515861,88,TRUE,FALSE,FALSE,FALSE,NA,NA,76,FALSE,"hypoxia_anchored"
"WT_heat_up","GO_BP","GOBP_OSTEOBLAST_DIFFERENTIATION",10,0.0159006406937216,0.0354822588705647,0.0350525788683025,174,TRUE,FALSE,FALSE,FALSE,NA,NA,77,FALSE,"hypoxia_anchored"
"WT_heat_up","GO_BP","GOBP_GRANULOCYTE_MACROPHAGE_COLONY_STIMULATING_FACTOR_PRODUCTION",3,0.0165693791806073,0.00499750124937531,0.0136986301369863,11,TRUE,FALSE,FALSE,FALSE,NA,NA,32,FALSE,"hypoxia_anchored"
"WT_heat_up","GO_BP","GOBP_POSITIVE_REGULATION_OF_HORMONE_METABOLIC_PROCESS",3,0.0165693791806073,0.00499750124937531,0.0123839009287926,11,TRUE,FALSE,FALSE,FALSE,"GOBP_OLEFINIC_COMPOUND_BIOSYNTHETIC_PROCESS",0.75,NA,FALSE,"hypoxia_anchored"
"WT_heat_up","GO_BP","GOBP_POSITIVE_REGULATION_OF_VASCULAR_ASSOCIATED_SMOOTH_MUSCLE_CELL_MIGRATION",3,0.0165693791806073,0.00249875062468766,0.00742115027829314,11,TRUE,FALSE,FALSE,FALSE,NA,NA,20,FALSE,"hypoxia_anchored"
"WT_heat_up","GO_BP","GOBP_REGULATION_OF_ENDOCRINE_PROCESS",4,0.0171984631952137,0.0139930034982509,0.0164880461665293,25,TRUE,FALSE,FALSE,FALSE,NA,NA,53,FALSE,"hypoxia_anchored"
"WT_heat_up","GO_BP","GOBP_ENDOTHELIAL_CELL_MIGRATION",10,0.0173212303862903,0.0769615192403798,0.0756134201301953,177,TRUE,FALSE,TRUE,FALSE,NA,NA,NA,FALSE,"hypoxia_anchored"
"WT_heat_up","GO_BP","GOBP_LYMPHOCYTE_MIGRATION",7,0.0183419784255136,0.0374812593703148,0.033109156751164,91,TRUE,FALSE,FALSE,FALSE,"GOBP_LYMPHOCYTE_CHEMOTAXIS",0.714285714285714,NA,FALSE,"hypoxia_anchored"
"WT_heat_up","GO_BP","GOBP_ACUTE_PHASE_RESPONSE",4,0.0195178346569311,0.00649675162418791,0.0112359550561798,26,TRUE,FALSE,FALSE,FALSE,NA,NA,39,FALSE,"hypoxia_anchored"
"WT_heat_up","GO_BP","GOBP_B_CELL_MEDIATED_IMMUNITY",8,0.019817224054892,0.0259870064967516,0.0229474757776645,120,TRUE,FALSE,FALSE,FALSE,NA,NA,67,FALSE,"hypoxia_anchored"
"WT_heat_up","GO_BP","GOBP_INTEGRIN_MEDIATED_SIGNALING_PATHWAY",7,0.0202855639958452,0.0169915042478761,0.0140540540540541,93,TRUE,FALSE,FALSE,FALSE,NA,NA,59,FALSE,"hypoxia_anchored"
"WT_heat_up","GO_BP","GOBP_POSITIVE_REGULATION_OF_HUMORAL_IMMUNE_RESPONSE",3,0.0202855639958452,0.00849575212393803,0.0193637621023513,12,TRUE,FALSE,FALSE,FALSE,NA,NA,43,FALSE,"hypoxia_anchored"
"WT_heat_up","GO_BP","GOBP_REGULATION_OF_URINE_VOLUME",3,0.0202855639958452,0.00249875062468766,0.00503355704697987,12,TRUE,FALSE,FALSE,FALSE,NA,NA,21,FALSE,"hypoxia_anchored"
"WT_heat_up","GO_BP","GOBP_REGULATION_OF_LEUKOCYTE_PROLIFERATION",11,0.0202855639958452,0.182408795602199,0.159,215,TRUE,FALSE,TRUE,FALSE,NA,NA,NA,FALSE,"hypoxia_anchored"
"WT_heat_up","GO_BP","GOBP_NEURON_PROJECTION_GUIDANCE",9,0.0211379013345892,0.0164917541229385,0.0106544901065449,152,TRUE,FALSE,FALSE,FALSE,NA,NA,58,FALSE,"hypoxia_anchored"
"WT_heat_up","GO_BP","GOBP_REGULATION_OF_CHEMOTAXIS",9,0.0211379013345892,0.108945527236382,0.0872617853560682,152,TRUE,FALSE,TRUE,FALSE,NA,NA,NA,FALSE,"hypoxia_anchored"
"WT_heat_up","GO_BP","GOBP_NEGATIVE_REGULATION_OF_INFLAMMATORY_RESPONSE",9,0.0219574969941466,0.0669665167416292,0.054718875502008,153,TRUE,FALSE,TRUE,FALSE,NA,NA,NA,FALSE,"hypoxia_anchored"
"WT_heat_up","GO_BP","GOBP_DEFENSE_RESPONSE_TO_GRAM_NEGATIVE_BACTERIUM",5,0.0226112865610589,0.0194902548725637,0.0138221153846154,47,TRUE,FALSE,FALSE,FALSE,NA,NA,63,FALSE,"hypoxia_anchored"
"WT_heat_up","GO_BP","GOBP_POSITIVE_REGULATION_OF_PHOSPHATIDYLINOSITOL_3_KINASE_PROTEIN_KINASE_B_SIGNAL_TRANSDUCTION",9,0.0226112865610589,0.11944027986007,0.0932798395185557,154,TRUE,FALSE,TRUE,FALSE,NA,NA,NA,FALSE,"hypoxia_anchored"
"WT_heat_up","GO_BP","GOBP_RENAL_SYSTEM_DEVELOPMENT",11,0.0226964676090167,0.109945027486257,0.0855,221,TRUE,FALSE,TRUE,FALSE,NA,NA,NA,FALSE,"hypoxia_anchored"
"WT_heat_up","GO_BP","GOBP_FIBROBLAST_PROLIFERATION",6,0.0226964676090167,0.0294852573713143,0.0173818576860402,71,TRUE,FALSE,FALSE,FALSE,"GOBP_POSITIVE_REGULATION_OF_FIBROBLAST_PROLIFERATION",0.833333333333333,NA,FALSE,"hypoxia_anchored"
"WT_heat_up","GO_BP","GOBP_POSITIVE_REGULATION_OF_LIPID_LOCALIZATION",6,0.0226964676090167,0.0329835082458771,0.0206409560021727,71,TRUE,FALSE,FALSE,FALSE,NA,NA,74,FALSE,"hypoxia_anchored"
"WT_heat_up","GO_BP","GOBP_ALPHA_BETA_T_CELL_ACTIVATION",10,0.0226964676090167,0.139930034982509,0.108608608608609,188,TRUE,FALSE,TRUE,FALSE,NA,NA,NA,FALSE,"hypoxia_anchored"
"WT_heat_up","GO_BP","GOBP_BRANCH_ELONGATION_OF_AN_EPITHELIUM",3,0.0226964676090167,0.0124937531234383,0.0131108462455304,13,TRUE,FALSE,FALSE,FALSE,NA,NA,52,FALSE,"hypoxia_anchored"
"WT_heat_up","GO_BP","GOBP_EYELID_DEVELOPMENT_IN_CAMERA_TYPE_EYE",3,0.0226964676090167,0.00349825087456272,0.0045045045045045,13,TRUE,FALSE,FALSE,FALSE,NA,NA,27,FALSE,"hypoxia_anchored"
"WT_heat_up","GO_BP","GOBP_FIBRINOLYSIS",3,0.0226964676090167,0.000499750124937531,0,13,TRUE,FALSE,FALSE,FALSE,NA,NA,10,TRUE,"hypoxia_anchored"
"WT_heat_up","GO_BP","GOBP_HEAT_GENERATION",3,0.0226964676090167,0.00649675162418791,0.0113798008534851,13,TRUE,FALSE,FALSE,FALSE,"GOBP_ACUTE_PHASE_RESPONSE",0.75,NA,FALSE,"hypoxia_anchored"
"WT_heat_up","GO_BP","GOBP_POSITIVE_REGULATION_OF_BONE_RESORPTION",3,0.0226964676090167,0.00249875062468766,0.00347826086956522,13,TRUE,FALSE,FALSE,FALSE,NA,NA,22,FALSE,"hypoxia_anchored"
"WT_heat_up","GO_BP","GOBP_POSITIVE_REGULATION_OF_SYNCYTIUM_FORMATION_BY_PLASMA_MEMBRANE_FUSION",3,0.0226964676090167,0.00349825087456272,0.00536672629695885,13,TRUE,FALSE,FALSE,FALSE,NA,NA,28,FALSE,"hypoxia_anchored"
"WT_heat_up","GO_BP","GOBP_METANEPHROS_DEVELOPMENT",5,0.0226964676090167,0.0444777611194403,0.0327022375215146,48,TRUE,FALSE,FALSE,FALSE,NA,NA,82,FALSE,"hypoxia_anchored"
"WT_heat_up","GO_BP","GOBP_MUSCLE_CELL_DIFFERENTIATION",14,0.0231316334734065,0.0719640179910045,0.057,330,TRUE,FALSE,TRUE,FALSE,NA,NA,NA,FALSE,"hypoxia_anchored"
"WT_heat_up","GO_BP","GOBP_RESPONSE_TO_BMP",7,0.0233259059945232,0.0374812593703148,0.0283944243675787,98,TRUE,FALSE,FALSE,FALSE,NA,NA,78,FALSE,"hypoxia_anchored"
"WT_heat_up","GO_BP","GOBP_ADENYLATE_CYCLASE_MODULATING_G_PROTEIN_COUPLED_RECEPTOR_SIGNALING_PATHWAY",9,0.024258301920717,0.0154922538730635,0.0136916835699797,158,TRUE,FALSE,FALSE,FALSE,"GOBP_ADENYLATE_CYCLASE_ACTIVATING_G_PROTEIN_COUPLED_RECEPTOR_SIGNALING_PATHWAY",1,NA,FALSE,"hypoxia_anchored"
"WT_heat_up","GO_BP","GOBP_REGULATION_OF_HUMORAL_IMMUNE_RESPONSE",4,0.0243080079645587,0.0189905047476262,0.0135135135135135,29,TRUE,FALSE,FALSE,FALSE,"GOBP_POSITIVE_REGULATION_OF_HUMORAL_IMMUNE_RESPONSE",0.75,NA,FALSE,"hypoxia_anchored"
"WT_heat_up","GO_BP","GOBP_HEMOSTASIS",10,0.025488892871638,0.0534732633683158,0.0286288297338021,192,TRUE,FALSE,TRUE,FALSE,NA,NA,NA,FALSE,"hypoxia_anchored"
"WT_heat_up","GO_BP","GOBP_BLOOD_VESSEL_ENDOTHELIAL_CELL_MIGRATION",7,0.025488892871638,0.0674662668665667,0.0493638676844784,100,TRUE,FALSE,TRUE,FALSE,NA,NA,NA,FALSE,"hypoxia_anchored"
"WT_heat_up","GO_BP","GOBP_POSITIVE_REGULATION_OF_MONONUCLEAR_CELL_MIGRATION",6,0.0259585499021248,0.0744627686156921,0.0524675324675325,74,TRUE,FALSE,TRUE,FALSE,NA,NA,NA,FALSE,"hypoxia_anchored"
"WT_heat_up","GO_BP","GOBP_REGULATION_OF_TUBE_SIZE",7,0.0259585499021248,0.0789605197401299,0.0492307692307692,101,TRUE,FALSE,TRUE,FALSE,NA,NA,NA,FALSE,"hypoxia_anchored"
"WT_heat_up","GO_BP","GOBP_C21_STEROID_HORMONE_BIOSYNTHETIC_PROCESS",3,0.0259585499021248,0.00749625187406297,0.00292825768667643,14,TRUE,FALSE,FALSE,FALSE,"GOBP_OLEFINIC_COMPOUND_BIOSYNTHETIC_PROCESS",0.75,NA,FALSE,"hypoxia_anchored"
"WT_heat_up","GO_BP","GOBP_POSITIVE_REGULATION_OF_LYMPHOCYTE_CHEMOTAXIS",3,0.0259585499021248,0.00899550224887556,0.0100882723833544,14,TRUE,FALSE,FALSE,FALSE,"GOBP_LYMPHOCYTE_CHEMOTAXIS",0.6,NA,FALSE,"hypoxia_anchored"
"WT_heat_up","GO_BP","GOBP_REGULATION_OF_PLASMINOGEN_ACTIVATION",3,0.0259585499021248,0.00649675162418791,0.00154798761609907,14,TRUE,FALSE,FALSE,FALSE,"GOBP_FIBRINOLYSIS",1,NA,FALSE,"hypoxia_anchored"
"WT_heat_up","GO_BP","GOBP_RHYTHMIC_BEHAVIOR",4,0.0259585499021248,0.00999500249875063,0.00517241379310345,30,TRUE,FALSE,FALSE,FALSE,NA,NA,47,FALSE,"hypoxia_anchored"
"WT_heat_up","GO_BP","GOBP_VASCULAR_ENDOTHELIAL_GROWTH_FACTOR_PRODUCTION",4,0.0259585499021248,0.0174912543728136,0.0119940029985007,30,TRUE,FALSE,FALSE,FALSE,"GOBP_POSITIVE_REGULATION_OF_VASCULAR_ENDOTHELIAL_GROWTH_FACTOR_PRODUCTION",1,NA,FALSE,"hypoxia_anchored"
"WT_heat_up","GO_BP","GOBP_GASTRULATION",8,0.0266343381696087,0.039480259870065,0.0223463687150838,131,TRUE,FALSE,FALSE,FALSE,"GOBP_MESODERM_MORPHOGENESIS",0.875,NA,FALSE,"hypoxia_anchored"
"WT_heat_up","GO_BP","GOBP_NEGATIVE_REGULATION_OF_DEFENSE_RESPONSE",11,0.0266343381696087,0.132433783108446,0.0935,229,TRUE,FALSE,TRUE,FALSE,NA,NA,NA,FALSE,"hypoxia_anchored"
"WT_heat_up","GO_BP","GOBP_POSITIVE_REGULATION_OF_RESPONSE_TO_WOUNDING",5,0.0266624298734623,0.0294852573713143,0.0189013585351447,51,TRUE,FALSE,FALSE,FALSE,NA,NA,71,FALSE,"hypoxia_anchored"
"WT_heat_up","GO_BP","GOBP_ADAPTIVE_IMMUNE_RESPONSE_BASED_ON_SOMATIC_RECOMBINATION_OF_IMMUNE_RECEPTORS_BUILT_FROM_IMMUNOGLOBULIN_SUPERFAMILY_DOMAINS",13,0.0270919652111283,0.220889555222389,0.167,302,TRUE,FALSE,TRUE,FALSE,NA,NA,NA,FALSE,"hypoxia_anchored"
"WT_heat_up","GO_BP","GOBP_SMOOTH_MUSCLE_CELL_PROLIFERATION",7,0.0277777591909369,0.12543728135932,0.0691220988900101,103,TRUE,FALSE,TRUE,FALSE,NA,NA,NA,FALSE,"hypoxia_anchored"
"WT_heat_up","GO_BP","GOBP_MUSCLE_ADAPTATION",6,0.0277777591909369,0.0954522738630685,0.0546021840873635,76,TRUE,FALSE,TRUE,FALSE,NA,NA,NA,FALSE,"hypoxia_anchored"
"WT_heat_up","GO_BP","GOBP_REGULATION_OF_NEURON_APOPTOTIC_PROCESS",10,0.0277863122890003,0.15992003998001,0.101,197,TRUE,FALSE,TRUE,FALSE,NA,NA,NA,FALSE,"hypoxia_anchored"
"WT_heat_up","GO_BP","GOBP_LUNG_EPITHELIUM_DEVELOPMENT",4,0.0277863122890003,0.0139930034982509,0.00922367409684858,31,TRUE,FALSE,FALSE,FALSE,NA,NA,54,FALSE,"hypoxia_anchored"
"WT_heat_up","GO_BP","GOBP_CARDIAC_CELL_DEVELOPMENT",5,0.0277863122890003,0.0424787606196902,0.0237268518518519,52,TRUE,FALSE,FALSE,FALSE,NA,NA,81,FALSE,"hypoxia_anchored"
"WT_heat_up","GO_BP","GOBP_MAMMARY_GLAND_EPITHELIUM_DEVELOPMENT",5,0.0277863122890003,0.0599700149925037,0.0346368715083799,52,TRUE,FALSE,TRUE,FALSE,NA,NA,NA,FALSE,"hypoxia_anchored"
"WT_heat_up","GO_BP","GOBP_POSITIVE_REGULATION_OF_CHEMOTAXIS",7,0.0282935154624157,0.118440779610195,0.0729853015712114,104,TRUE,FALSE,TRUE,FALSE,NA,NA,NA,FALSE,"hypoxia_anchored"
"WT_heat_up","GO_BP","GOBP_POSITIVE_REGULATION_OF_HOMOTYPIC_CELL_CELL_ADHESION",3,0.0295409903295409,0.0229885057471264,0.0212527964205817,15,TRUE,FALSE,FALSE,FALSE,NA,NA,66,FALSE,"hypoxia_anchored"
"WT_heat_up","GO_BP","GOBP_CELL_SURFACE_RECEPTOR_PROTEIN_SERINE_THREONINE_KINASE_SIGNALING_PATHWAY",12,0.0295409903295409,0.109445277361319,0.0685,270,TRUE,FALSE,TRUE,FALSE,NA,NA,NA,FALSE,"hypoxia_anchored"
"WT_heat_up","GO_BP","GOBP_MORPHOGENESIS_OF_A_BRANCHING_STRUCTURE",8,0.0297706799555757,0.148925537231384,0.0840840840840841,135,TRUE,FALSE,TRUE,FALSE,NA,NA,NA,FALSE,"hypoxia_anchored"
"WT_heat_up","GO_BP","GOBP_REGULATION_OF_EPITHELIAL_CELL_PROLIFERATION",11,0.0310621948101343,0.233383308345827,0.1505,236,TRUE,FALSE,TRUE,FALSE,NA,NA,NA,FALSE,"hypoxia_anchored"
"WT_heat_up","GO_BP","GOBP_LIPID_LOCALIZATION",13,0.0325230713424423,0.0544727636181909,0.0290145072536268,311,TRUE,FALSE,TRUE,FALSE,NA,NA,NA,FALSE,"hypoxia_anchored"
"WT_heat_up","GO_BP","GOBP_POSITIVE_REGULATION_OF_MOLECULAR_FUNCTION",15,0.0336467738835265,0.159420289855072,0.0925,390,TRUE,FALSE,TRUE,FALSE,NA,NA,NA,FALSE,"hypoxia_anchored"
"WT_heat_up","GO_BP","GOBP_POSITIVE_REGULATION_OF_MIRNA_METABOLIC_PROCESS",5,0.0339751974959087,0.0609695152423788,0.0286034772854739,55,TRUE,FALSE,TRUE,FALSE,NA,NA,NA,FALSE,"hypoxia_anchored"
"WT_heat_up","GO_BP","GOBP_RESPONSE_TO_MOLECULE_OF_BACTERIAL_ORIGIN",12,0.0341898806081907,0.256371814092954,0.160580290145073,276,TRUE,FALSE,TRUE,FALSE,NA,NA,NA,FALSE,"hypoxia_anchored"
"WT_heat_up","GO_BP","GOBP_EMBRYONIC_FORELIMB_MORPHOGENESIS",3,0.034199387032603,0.00549725137431284,0.00605143721633888,16,TRUE,FALSE,FALSE,FALSE,NA,NA,37,FALSE,"hypoxia_anchored"
"WT_heat_up","GO_BP","GOBP_POSITIVE_REGULATION_OF_TUMOR_NECROSIS_FACTOR_SUPERFAMILY_CYTOKINE_PRODUCTION",7,0.0345898003603291,0.120939530234883,0.0566228513650152,109,TRUE,FALSE,TRUE,FALSE,NA,NA,NA,FALSE,"hypoxia_anchored"
"WT_heat_up","GO_BP","GOBP_SPROUTING_ANGIOGENESIS",7,0.0345898003603291,0.0514742628685657,0.0267765190525232,109,TRUE,FALSE,TRUE,FALSE,NA,NA,NA,FALSE,"hypoxia_anchored"
"WT_heat_up","GO_BP","GOBP_ALPHA_BETA_T_CELL_DIFFERENTIATION",8,0.0354149171526956,0.158920539730135,0.0838353413654618,140,TRUE,FALSE,TRUE,FALSE,NA,NA,NA,FALSE,"hypoxia_anchored"
"WT_heat_up","GO_BP","GOBP_REGULATION_OF_ACUTE_INFLAMMATORY_RESPONSE",4,0.0355782748886934,0.0274862568715642,0.0111111111111111,34,TRUE,FALSE,FALSE,FALSE,"GOBP_POSITIVE_REGULATION_OF_ACUTE_INFLAMMATORY_RESPONSE",1,NA,FALSE,"hypoxia_anchored"
"WT_heat_up","GO_BP","GOBP_ENDOTHELIAL_CELL_PROLIFERATION",7,0.0355782748886934,0.0969515242378811,0.0491637100861632,110,TRUE,FALSE,TRUE,FALSE,NA,NA,NA,FALSE,"hypoxia_anchored"
"WT_heat_up","GO_BP","GOBP_REGULATION_OF_MONONUCLEAR_CELL_MIGRATION",7,0.0355782748886934,0.134432783608196,0.0696266397578204,110,TRUE,FALSE,TRUE,FALSE,NA,NA,NA,FALSE,"hypoxia_anchored"
"WT_heat_up","GO_BP","GOBP_T_CELL_PROLIFERATION",9,0.038427692462117,0.216391804097951,0.113556778389195,175,TRUE,FALSE,TRUE,FALSE,NA,NA,NA,FALSE,"hypoxia_anchored"
"WT_heat_up","GO_BP","GOBP_NEGATIVE_REGULATION_OF_MEMBRANE_PERMEABILITY",3,0.0386041750996612,0.0109945027486257,0.00251256281407035,17,TRUE,FALSE,FALSE,FALSE,NA,NA,50,FALSE,"hypoxia_anchored"
"WT_heat_up","GO_BP","GOBP_PLASMINOGEN_ACTIVATION",3,0.0386041750996612,0.00999500249875063,0.00137174211248285,17,TRUE,FALSE,FALSE,FALSE,"GOBP_FIBRINOLYSIS",1,NA,FALSE,"hypoxia_anchored"
"WT_heat_up","GO_BP","GOBP_PODOSOME_ASSEMBLY",3,0.0386041750996612,0.00849575212393803,0.0028169014084507,17,TRUE,FALSE,FALSE,FALSE,NA,NA,44,FALSE,"hypoxia_anchored"
"WT_heat_up","GO_BP","GOBP_POSITIVE_REGULATION_OF_PHOSPHORYLATION",10,0.0386041750996612,0.158920539730135,0.0761141712568853,210,TRUE,FALSE,TRUE,FALSE,NA,NA,NA,FALSE,"hypoxia_anchored"
"WT_heat_up","GO_BP","GOBP_POSITIVE_REGULATION_OF_LEUKOCYTE_MIGRATION",7,0.0398232230321446,0.140929535232384,0.0687563195146613,113,TRUE,FALSE,TRUE,FALSE,NA,NA,NA,FALSE,"hypoxia_anchored"
"WT_heat_up","GO_BP","GOBP_TEMPERATURE_HOMEOSTASIS",8,0.0398232230321446,0.0744627686156921,0.0288461538461538,144,TRUE,FALSE,TRUE,FALSE,NA,NA,NA,FALSE,"hypoxia_anchored"
"WT_heat_up","GO_BP","GOBP_REGULATION_OF_BONE_REMODELING",4,0.0415014142977762,0.0254872563718141,0.0101744186046512,36,TRUE,FALSE,FALSE,FALSE,"GOBP_POSITIVE_REGULATION_OF_BONE_RESORPTION",0.75,NA,FALSE,"hypoxia_anchored"
"WT_heat_up","GO_BP","GOBP_INFLAMMATORY_RESPONSE_TO_ANTIGENIC_STIMULUS",5,0.0415014142977762,0.0579710144927536,0.0238756246529706,59,TRUE,FALSE,TRUE,FALSE,NA,NA,NA,FALSE,"hypoxia_anchored"
"WT_heat_up","GO_BP","GOBP_POSITIVE_REGULATION_OF_LIPID_TRANSPORT",5,0.0415014142977762,0.0584707646176912,0.0208333333333333,59,TRUE,FALSE,TRUE,FALSE,NA,NA,NA,FALSE,"hypoxia_anchored"
"WT_heat_up","GO_BP","GOBP_SIGNAL_TRANSDUCTION_IN_ABSENCE_OF_LIGAND",5,0.0415014142977762,0.0504747626186907,0.0165242165242165,59,TRUE,FALSE,TRUE,FALSE,NA,NA,NA,FALSE,"hypoxia_anchored"
"WT_heat_up","GO_BP","GOBP_POSITIVE_REGULATION_OF_HEMOPOIESIS",9,0.0420067486416625,0.281859070464768,0.15,179,TRUE,FALSE,TRUE,FALSE,NA,NA,NA,FALSE,"hypoxia_anchored"
"WT_heat_up","GO_BP","GOBP_CELL_ACTIVATION_INVOLVED_IN_IMMUNE_RESPONSE",12,0.0420067486416625,0.377811094452774,0.214,287,TRUE,FALSE,TRUE,FALSE,NA,NA,NA,FALSE,"hypoxia_anchored"
"WT_heat_up","GO_BP","GOBP_ERBB2_SIGNALING_PATHWAY",3,0.0422036641440863,0.0224887556221889,0.00424178154825027,18,TRUE,FALSE,FALSE,FALSE,"REACTOME_EGFR_DOWNREGULATION",0.6,NA,FALSE,"hypoxia_anchored"
"WT_heat_up","GO_BP","GOBP_REGULATION_OF_COLLATERAL_SPROUTING",3,0.0422036641440863,0.0189905047476262,0.00365853658536585,18,TRUE,FALSE,FALSE,FALSE,NA,NA,60,FALSE,"hypoxia_anchored"
"WT_heat_up","GO_BP","GOBP_REGULATION_OF_HORMONE_BIOSYNTHETIC_PROCESS",3,0.0422036641440863,0.0199900049975013,0.00761697497279652,18,TRUE,FALSE,FALSE,FALSE,"GOBP_OLEFINIC_COMPOUND_BIOSYNTHETIC_PROCESS",0.75,NA,FALSE,"hypoxia_anchored"
"WT_heat_up","GO_BP","GOBP_REGULATION_OF_KETONE_BIOSYNTHETIC_PROCESS",3,0.0422036641440863,0.0139930034982509,0.0072463768115942,18,TRUE,FALSE,FALSE,FALSE,"GOBP_OLEFINIC_COMPOUND_BIOSYNTHETIC_PROCESS",0.75,NA,FALSE,"hypoxia_anchored"
"WT_heat_up","GO_BP","GOBP_REGULATION_OF_LYMPHOCYTE_CHEMOTAXIS",3,0.0422036641440863,0.0254872563718141,0.00955414012738853,18,TRUE,FALSE,FALSE,FALSE,"GOBP_LYMPHOCYTE_CHEMOTAXIS",0.6,NA,FALSE,"hypoxia_anchored"
"WT_heat_up","GO_BP","GOBP_STEROID_HORMONE_SECRETION",3,0.0422036641440863,0.0184907546226887,0.00113250283125708,18,TRUE,FALSE,FALSE,FALSE,"GOBP_LIPID_EXPORT_FROM_CELL",0.6,NA,FALSE,"hypoxia_anchored"
"WT_heat_up","GO_BP","GOBP_REGULATION_OF_OSTEOCLAST_DIFFERENTIATION",5,0.0425621133961374,0.0484757621189405,0.0167973124300112,60,TRUE,FALSE,FALSE,FALSE,"GOBP_OSTEOCLAST_DIFFERENTIATION",0.555555555555556,NA,FALSE,"hypoxia_anchored"
"WT_heat_up","GO_BP","GOBP_ERBB_SIGNALING_PATHWAY",7,0.0427247462462837,0.0749625187406297,0.0254065040650406,116,TRUE,FALSE,TRUE,FALSE,NA,NA,NA,FALSE,"hypoxia_anchored"
"WT_heat_up","GO_BP","GOBP_REGULATION_OF_EXTRINSIC_APOPTOTIC_SIGNALING_PATHWAY_IN_ABSENCE_OF_LIGAND",4,0.0428862176292139,0.04047976011994,0.0136518771331058,37,TRUE,FALSE,FALSE,FALSE,NA,NA,80,FALSE,"hypoxia_anchored"
"WT_heat_up","GO_BP","GOBP_POSITIVE_REGULATION_OF_DNA_BINDING_TRANSCRIPTION_FACTOR_ACTIVITY",6,0.0429595045086278,0.0609695152423788,0.0198226395409494,87,TRUE,FALSE,TRUE,FALSE,NA,NA,NA,FALSE,"hypoxia_anchored"
"WT_heat_up","GO_BP","GOBP_INTERLEUKIN_1_PRODUCTION",6,0.0452487633100649,0.110944527736132,0.0338114754098361,88,TRUE,FALSE,TRUE,FALSE,NA,NA,NA,FALSE,"hypoxia_anchored"
"WT_heat_up","GO_BP","GOBP_PHAGOCYTOSIS",9,0.0460977468929654,0.140429785107446,0.0566700100300903,184,TRUE,FALSE,TRUE,FALSE,NA,NA,NA,FALSE,"hypoxia_anchored"
"WT_heat_up","GO_BP","GOBP_KERATINOCYTE_DIFFERENTIATION",6,0.0460977468929654,0.0384807596201899,0.0101931330472103,89,TRUE,FALSE,FALSE,FALSE,"GOBP_KERATINOCYTE_PROLIFERATION",0.571428571428571,NA,FALSE,"hypoxia_anchored"
"WT_heat_up","GO_BP","GOBP_ENDOCRINE_PROCESS",5,0.0460977468929654,0.0494752623688156,0.015963511972634,62,TRUE,FALSE,FALSE,FALSE,"GOBP_REGULATION_OF_ENDOCRINE_PROCESS",0.8,NA,FALSE,"hypoxia_anchored"
"WT_heat_up","GO_BP","GOBP_POSITIVE_REGULATION_OF_SMOOTH_MUSCLE_CELL_PROLIFERATION",5,0.0460977468929654,0.105947026486757,0.0362860192102455,62,TRUE,FALSE,TRUE,FALSE,NA,NA,NA,FALSE,"hypoxia_anchored"
"WT_heat_up","GO_BP","GOBP_EXOCYTOSIS",12,0.0460977468929654,0.122938530734633,0.047047047047047,294,TRUE,FALSE,TRUE,FALSE,NA,NA,NA,FALSE,"hypoxia_anchored"
"WT_heat_up","GO_BP","GOBP_FORELIMB_MORPHOGENESIS",3,0.0460977468929654,0.0149925037481259,0.00371287128712871,19,TRUE,FALSE,FALSE,FALSE,"GOBP_EMBRYONIC_FORELIMB_MORPHOGENESIS",1,NA,FALSE,"hypoxia_anchored"
"WT_heat_up","GO_BP","GOBP_MESODERMAL_CELL_DIFFERENTIATION",3,0.0460977468929654,0.0299850074962519,0.00951474785918173,19,TRUE,FALSE,FALSE,FALSE,NA,NA,73,FALSE,"hypoxia_anchored"
"WT_heat_up","GO_BP","GOBP_POSITIVE_REGULATION_OF_ACTIVATED_T_CELL_PROLIFERATION",3,0.0460977468929654,0.0259870064967516,0.00283822138126774,19,TRUE,FALSE,FALSE,FALSE,NA,NA,68,FALSE,"hypoxia_anchored"
"WT_heat_up","GO_BP","GOBP_VASCULAR_ASSOCIATED_SMOOTH_MUSCLE_CELL_MIGRATION",3,0.0460977468929654,0.0194902548725637,0.0050709939148073,19,TRUE,FALSE,FALSE,FALSE,"GOBP_POSITIVE_REGULATION_OF_VASCULAR_ASSOCIATED_SMOOTH_MUSCLE_CELL_MIGRATION",1,NA,FALSE,"hypoxia_anchored"
"WT_heat_up","GO_BP","GOBP_LYMPHOCYTE_MEDIATED_IMMUNITY",11,0.0468075931300215,0.216891554222889,0.104052026013007,257,TRUE,FALSE,TRUE,FALSE,NA,NA,NA,FALSE,"hypoxia_anchored"
"WT_heat_up","GO_BP","GOBP_REGULATION_OF_ERBB_SIGNALING_PATHWAY",5,0.0487919165843572,0.0374812593703148,0.0140762463343109,63,TRUE,FALSE,FALSE,FALSE,NA,NA,79,FALSE,"hypoxia_anchored"
"WT_heat_up","GO_BP","GOBP_PHOSPHATIDYLINOSITOL_3_KINASE_PROTEIN_KINASE_B_SIGNAL_TRANSDUCTION",11,0.0491515267484814,0.316841579210395,0.161,259,TRUE,FALSE,TRUE,FALSE,NA,NA,NA,FALSE,"hypoxia_anchored"
"WT_heat_up","GO_MF","GOMF_CYTOKINE_ACTIVITY",27,4.50542168683098e-19,0.000499750124937531,0,128,TRUE,FALSE,FALSE,FALSE,NA,NA,1,TRUE,"hypoxia_anchored"
"WT_heat_up","GO_MF","GOMF_CYTOKINE_RECEPTOR_BINDING",21,6.05280945985527e-09,0.000499750124937531,0,191,TRUE,FALSE,FALSE,FALSE,"GOMF_CYTOKINE_ACTIVITY",0.655172413793103,NA,FALSE,"hypoxia_anchored"
"WT_heat_up","GO_MF","GOMF_TUMOR_NECROSIS_FACTOR_RECEPTOR_BINDING",7,4.82697382358018e-05,0.000499750124937531,0,27,TRUE,FALSE,FALSE,FALSE,"REACTOME_TNFS_BIND_THEIR_PHYSIOLOGICAL_RECEPTORS",0.75,NA,FALSE,"hypoxia_anchored"
"WT_heat_up","GO_MF","GOMF_TUMOR_NECROSIS_FACTOR_RECEPTOR_SUPERFAMILY_BINDING",8,8.19304101399231e-05,0.000499750124937531,0,43,TRUE,FALSE,FALSE,FALSE,"REACTOME_TNFS_BIND_THEIR_PHYSIOLOGICAL_RECEPTORS",0.666666666666667,NA,FALSE,"hypoxia_anchored"
"WT_heat_up","GO_MF","GOMF_G_PROTEIN_COUPLED_RECEPTOR_BINDING",14,0.000288351879839026,0.000499750124937531,0.000518672199170124,178,TRUE,FALSE,FALSE,FALSE,NA,NA,2,TRUE,"hypoxia_anchored"
"WT_heat_up","GO_MF","GOMF_GROWTH_FACTOR_ACTIVITY",10,0.000288351879839026,0.000499750124937531,0,89,TRUE,FALSE,FALSE,FALSE,NA,NA,3,TRUE,"hypoxia_anchored"
"WT_heat_up","GO_MF","GOMF_GROWTH_FACTOR_RECEPTOR_BINDING",9,0.00266691946019055,0.000499750124937531,0,95,TRUE,FALSE,FALSE,FALSE,"GOMF_GROWTH_FACTOR_ACTIVITY",0.583333333333333,NA,FALSE,"hypoxia_anchored"
"WT_heat_up","GO_MF","GOMF_CALCIUM_DEPENDENT_PHOSPHOLIPID_BINDING",6,0.00266691946019055,0.000499750124937531,0,38,TRUE,FALSE,FALSE,FALSE,NA,NA,4,TRUE,"hypoxia_anchored"
"WT_heat_up","GO_MF","GOMF_CHEMOKINE_ACTIVITY",5,0.00653274565263623,0.000499750124937531,0,29,TRUE,FALSE,FALSE,FALSE,NA,NA,5,TRUE,"hypoxia_anchored"
"WT_heat_up","GO_MF","GOMF_CCR_CHEMOKINE_RECEPTOR_BINDING",4,0.0152366623504834,0.000499750124937531,0,20,TRUE,FALSE,FALSE,FALSE,"GOBP_EOSINOPHIL_MIGRATION",0.6,NA,FALSE,"hypoxia_anchored"
"WT_heat_up","GO_MF","GOMF_CHEMOKINE_RECEPTOR_BINDING",5,0.0204929621084261,0.000999500249875062,0,39,TRUE,FALSE,FALSE,FALSE,"GOMF_CHEMOKINE_ACTIVITY",1,NA,FALSE,"hypoxia_anchored"
"WT_heat_up","GO_MF","GOMF_PHOSPHATIDYLSERINE_BINDING",5,0.0204929621084261,0.000499750124937531,0,39,TRUE,FALSE,FALSE,FALSE,NA,NA,6,TRUE,"hypoxia_anchored"
"WT_heat_up","GO_MF","GOMF_DNA_BINDING_TRANSCRIPTION_ACTIVATOR_ACTIVITY",13,0.0405021725186991,0.000499750124937531,0,272,TRUE,FALSE,FALSE,FALSE,NA,NA,7,TRUE,"hypoxia_anchored"
"WT_heat_up","GO_MF","GOMF_PEPTIDASE_INHIBITOR_ACTIVITY",6,0.0439407202132356,0.00399800099950025,0,71,TRUE,FALSE,FALSE,FALSE,NA,NA,10,TRUE,"hypoxia_anchored"
"WT_heat_up","GO_MF","GOMF_NUCLEAR_GLUCOCORTICOID_RECEPTOR_BINDING",3,0.0439407202132356,0.000499750124937531,0,14,TRUE,FALSE,FALSE,FALSE,NA,NA,8,TRUE,"hypoxia_anchored"
"WT_heat_up","GO_MF","GOMF_HORMONE_ACTIVITY",5,0.0439407202132356,0.00199900049975012,0,49,TRUE,FALSE,FALSE,FALSE,NA,NA,9,TRUE,"hypoxia_anchored"
"WT_heat_up","KEGG","KEGG_CYTOKINE_CYTOKINE_RECEPTOR_INTERACTION",22,1.87636320226404e-09,0.000499750124937531,0,184,TRUE,FALSE,FALSE,FALSE,"GOMF_CYTOKINE_ACTIVITY",0.633333333333333,NA,FALSE,"hypoxia_anchored"
"WT_heat_up","KEGG","KEGG_GRAFT_VERSUS_HOST_DISEASE",5,0.0119109092259996,0.0119940029985007,0.015180265654649,27,TRUE,FALSE,FALSE,FALSE,"KEGG_TYPE_I_DIABETES_MELLITUS",0.666666666666667,NA,FALSE,"hypoxia_anchored"
"WT_heat_up","KEGG","KEGG_TYPE_I_DIABETES_MELLITUS",5,0.0133097182942815,0.0109945027486257,0.0126984126984127,30,TRUE,FALSE,FALSE,FALSE,NA,NA,2,TRUE,"hypoxia_anchored"
"WT_heat_up","KEGG","KEGG_ECM_RECEPTOR_INTERACTION",6,0.047063557804676,0.00149925037481259,0,62,TRUE,FALSE,FALSE,FALSE,NA,NA,1,TRUE,"hypoxia_anchored"
"WT_heat_up","KEGG","KEGG_ALLOGRAFT_REJECTION",4,0.047063557804676,0.0679660169915042,0.0175757575757576,27,TRUE,FALSE,TRUE,FALSE,NA,NA,NA,FALSE,"hypoxia_anchored"
"WT_heat_up","KEGG","KEGG_AUTOIMMUNE_THYROID_DISEASE",4,0.047063557804676,0.0629685157421289,0.0177261613691932,28,TRUE,FALSE,TRUE,FALSE,NA,NA,NA,FALSE,"hypoxia_anchored"
"WT_heat_up","Reactome","REACTOME_INTERLEUKIN_10_SIGNALING",10,4.59774538328503e-07,0.000499750124937531,0,37,TRUE,FALSE,FALSE,FALSE,NA,NA,1,TRUE,"hypoxia_anchored"
"WT_heat_up","Reactome","REACTOME_TNFS_BIND_THEIR_PHYSIOLOGICAL_RECEPTORS",7,3.36768174290159e-05,0.000499750124937531,0,23,TRUE,FALSE,FALSE,FALSE,NA,NA,2,TRUE,"hypoxia_anchored"
"WT_heat_up","Reactome","REACTOME_NGF_STIMULATED_TRANSCRIPTION",7,0.00062193057423933,0.000499750124937531,0,36,TRUE,FALSE,FALSE,FALSE,NA,NA,3,TRUE,"hypoxia_anchored"
"WT_heat_up","Reactome","REACTOME_GPCR_LIGAND_BINDING",15,0.000815199828895191,0.000499750124937531,0,205,TRUE,FALSE,FALSE,FALSE,"GOMF_G_PROTEIN_COUPLED_RECEPTOR_BINDING",0.526315789473684,NA,FALSE,"hypoxia_anchored"
"WT_heat_up","Reactome","REACTOME_SIGNALING_BY_INTERLEUKINS",21,0.00155988625770791,0.000499750124937531,0,397,TRUE,FALSE,FALSE,FALSE,NA,NA,4,TRUE,"hypoxia_anchored"
"WT_heat_up","Reactome","REACTOME_CLASS_A_1_RHODOPSIN_LIKE_RECEPTORS",12,0.00287041323772998,0.000499750124937531,0,156,TRUE,FALSE,FALSE,FALSE,NA,NA,5,TRUE,"hypoxia_anchored"
"WT_heat_up","Reactome","REACTOME_ATTACHMENT_AND_ENTRY",4,0.00362900223718649,0.000499750124937531,0,12,TRUE,FALSE,FALSE,FALSE,NA,NA,6,TRUE,"hypoxia_anchored"
"WT_heat_up","Reactome","REACTOME_NUCLEAR_EVENTS_KINASE_AND_TRANSCRIPTION_FACTOR_ACTIVATION",7,0.00593059435935165,0.000499750124937531,0,58,TRUE,FALSE,FALSE,FALSE,"REACTOME_NGF_STIMULATED_TRANSCRIPTION",1,NA,FALSE,"hypoxia_anchored"
"WT_heat_up","Reactome","REACTOME_TNFR2_NON_CANONICAL_NF_KB_PATHWAY",8,0.0061371830085028,0.000499750124937531,0,80,TRUE,FALSE,FALSE,FALSE,"REACTOME_TNFS_BIND_THEIR_PHYSIOLOGICAL_RECEPTORS",0.875,NA,FALSE,"hypoxia_anchored"
"WT_heat_up","Reactome","REACTOME_EGFR_DOWNREGULATION",5,0.0061371830085028,0.000499750124937531,0,27,TRUE,FALSE,FALSE,FALSE,NA,NA,7,TRUE,"hypoxia_anchored"
"WT_heat_up","Reactome","REACTOME_TNF_RECEPTOR_SUPERFAMILY_TNFSF_MEMBERS_MEDIATING_NON_CANONICAL_NF_KB_PATHWAY",4,0.00800366122880276,0.000499750124937531,0,16,TRUE,FALSE,FALSE,FALSE,"GOBP_POSITIVE_REGULATION_OF_EXTRINSIC_APOPTOTIC_SIGNALING_PATHWAY",0.571428571428571,NA,FALSE,"hypoxia_anchored"
"WT_heat_up","Reactome","REACTOME_PI3K_AKT_SIGNALING_IN_CANCER",8,0.00812059599139218,0.000499750124937531,0,86,TRUE,FALSE,FALSE,FALSE,NA,NA,8,TRUE,"hypoxia_anchored"
"WT_heat_up","Reactome","REACTOME_RESPIRATORY_SYNCYTIAL_VIRUS_RSV_ATTACHMENT_AND_ENTRY",4,0.0135294906125163,0.000499750124937531,0,19,TRUE,FALSE,FALSE,FALSE,"REACTOME_ATTACHMENT_AND_ENTRY",0.6,NA,FALSE,"hypoxia_anchored"
"WT_heat_up","Reactome","REACTOME_INTERLEUKIN_4_AND_INTERLEUKIN_13_SIGNALING",8,0.0135294906125163,0.000499750124937531,0,95,TRUE,FALSE,FALSE,FALSE,NA,NA,9,TRUE,"hypoxia_anchored"
"WT_heat_up","Reactome","REACTOME_DEVELOPMENTAL_CELL_LINEAGES",7,0.0135294906125163,0.000499750124937531,0,73,TRUE,FALSE,FALSE,FALSE,NA,NA,10,TRUE,"hypoxia_anchored"
"WT_heat_up","Reactome","REACTOME_EXTRACELLULAR_MATRIX_ORGANIZATION",12,0.0149734041968991,0.00149925037481259,0,206,TRUE,FALSE,FALSE,FALSE,NA,NA,12,FALSE,"hypoxia_anchored"
"WT_heat_up","Reactome","REACTOME_DEFECTIVE_EXT2_CAUSES_EXOSTOSES_2",3,0.0199372715100551,0.00149925037481259,0,10,TRUE,FALSE,FALSE,FALSE,"REACTOME_ATTACHMENT_AND_ENTRY",0.75,NA,FALSE,"hypoxia_anchored"
"WT_heat_up","Reactome","REACTOME_CONSTITUTIVE_SIGNALING_BY_ABERRANT_PI3K_IN_CANCER",6,0.021333584238311,0.000499750124937531,0,59,TRUE,FALSE,FALSE,FALSE,"REACTOME_PI3K_AKT_SIGNALING_IN_CANCER",0.75,NA,FALSE,"hypoxia_anchored"
"WT_heat_up","Reactome","REACTOME_DISSOLUTION_OF_FIBRIN_CLOT",3,0.0229794148386667,0.000499750124937531,0,11,TRUE,FALSE,FALSE,FALSE,"GOBP_FIBRINOLYSIS",1,NA,FALSE,"hypoxia_anchored"
"WT_heat_up","Reactome","REACTOME_SHC1_EVENTS_IN_EGFR_SIGNALING",3,0.0229794148386667,0.000499750124937531,0,11,TRUE,FALSE,FALSE,FALSE,"REACTOME_EGFR_DOWNREGULATION",0.6,NA,FALSE,"hypoxia_anchored"
"WT_heat_up","Reactome","REACTOME_DEFECTIVE_B4GALT7_CAUSES_EDS_PROGEROID_TYPE",3,0.0287769868481433,0.00149925037481259,0,12,TRUE,FALSE,FALSE,FALSE,"REACTOME_ATTACHMENT_AND_ENTRY",0.75,NA,FALSE,"hypoxia_anchored"
"WT_heat_up","Reactome","REACTOME_SIGNALING_BY_NTRKS",8,0.0324722653122899,0.000499750124937531,0,117,TRUE,FALSE,FALSE,FALSE,"REACTOME_NGF_STIMULATED_TRANSCRIPTION",0.875,NA,FALSE,"hypoxia_anchored"
"WT_heat_up","Reactome","REACTOME_DEVELOPMENTAL_LINEAGE_OF_MAMMARY_GLAND_MYOEPITHELIAL_CELLS",3,0.0324722653122899,0.000999500249875062,0,13,TRUE,FALSE,FALSE,FALSE,NA,NA,11,FALSE,"hypoxia_anchored"
"WT_heat_up","Reactome","REACTOME_DEVELOPMENTAL_LINEAGE_OF_PANCREATIC_DUCTAL_CELLS",4,0.0324722653122899,0.000999500249875062,0,28,TRUE,FALSE,FALSE,FALSE,"REACTOME_DEVELOPMENTAL_CELL_LINEAGES",0.571428571428571,NA,FALSE,"hypoxia_anchored"
"WT_heat_up","Reactome","REACTOME_SIGNALING_BY_EGFR",5,0.0324722653122899,0.000499750124937531,0,47,TRUE,FALSE,FALSE,FALSE,"REACTOME_EGFR_DOWNREGULATION",1,NA,FALSE,"hypoxia_anchored"
"WT_heat_up","Reactome","REACTOME_NEGATIVE_REGULATION_OF_THE_PI3K_AKT_NETWORK",7,0.0324722653122899,0.000999500249875062,0,93,TRUE,FALSE,FALSE,FALSE,"REACTOME_PI3K_AKT_SIGNALING_IN_CANCER",0.666666666666667,NA,FALSE,"hypoxia_anchored"
"WT_heat_up","Reactome","REACTOME_EARLY_SARS_COV_2_INFECTION_EVENTS",4,0.0324722653122899,0.000999500249875062,0,29,TRUE,FALSE,FALSE,FALSE,"REACTOME_ATTACHMENT_AND_ENTRY",1,NA,FALSE,"hypoxia_anchored"
"WT_heat_up","Reactome","REACTOME_GAB1_SIGNALOSOME",3,0.0324722653122899,0.000499750124937531,0,14,TRUE,FALSE,FALSE,FALSE,"REACTOME_EGFR_DOWNREGULATION",0.6,NA,FALSE,"hypoxia_anchored"
"WT_heat_up","Reactome","REACTOME_HS_GAG_DEGRADATION",3,0.0324722653122899,0.00449775112443778,0,14,TRUE,FALSE,FALSE,FALSE,"REACTOME_ATTACHMENT_AND_ENTRY",0.75,NA,FALSE,"hypoxia_anchored"
"WT_heat_up","Reactome","REACTOME_PEPTIDE_LIGAND_BINDING_RECEPTORS",7,0.0324722653122899,0.00199900049975012,0,95,TRUE,FALSE,FALSE,FALSE,"REACTOME_CLASS_A_1_RHODOPSIN_LIKE_RECEPTORS",0.583333333333333,NA,FALSE,"hypoxia_anchored"
"WT_heat_up","GO_BP","GOBP_RESPONSE_TO_OXYGEN_LEVELS",11,NA,NA,NA,274,FALSE,TRUE,FALSE,FALSE,NA,NA,85,TRUE,"hypoxia_anchored"
"WT_heat_up","GO_BP","GOBP_CELLULAR_RESPONSE_TO_OXYGEN_LEVELS",4,NA,NA,NA,142,FALSE,TRUE,FALSE,FALSE,NA,NA,86,TRUE,"hypoxia_anchored"
"KO_heat_up","Hallmark","HALLMARK_TNFA_SIGNALING_VIA_NFKB",33,3.85736567522042e-16,0.000499750124937531,0.065,191,TRUE,FALSE,FALSE,FALSE,NA,NA,1,TRUE,"unpinned"
"KO_heat_up","Hallmark","HALLMARK_INFLAMMATORY_RESPONSE",21,1.77892016624575e-07,0.000499750124937531,0.041,166,TRUE,FALSE,FALSE,FALSE,NA,NA,2,TRUE,"unpinned"
"KO_heat_up","Hallmark","HALLMARK_HYPOXIA",19,5.5739013715091e-06,0.00149925037481259,0.0545,171,TRUE,FALSE,FALSE,FALSE,NA,NA,3,TRUE,"unpinned"
"KO_heat_up","Hallmark","HALLMARK_IL2_STAT5_SIGNALING",16,0.00198889534363175,0.00649675162418791,0.028,197,TRUE,FALSE,FALSE,FALSE,NA,NA,6,TRUE,"unpinned"
"KO_heat_up","Hallmark","HALLMARK_EPITHELIAL_MESENCHYMAL_TRANSITION",13,0.00208205442396151,0.00349825087456272,0.0155155155155155,142,TRUE,FALSE,FALSE,FALSE,NA,NA,5,TRUE,"unpinned"
"KO_heat_up","Hallmark","HALLMARK_KRAS_SIGNALING_UP",13,0.00537355579139046,0.00299850074962519,0.00400801603206413,161,TRUE,FALSE,FALSE,FALSE,NA,NA,4,TRUE,"unpinned"
"KO_heat_up","Hallmark","HALLMARK_COMPLEMENT",13,0.00537355579139046,0.00949525237381309,0.015,162,TRUE,FALSE,FALSE,FALSE,NA,NA,7,TRUE,"unpinned"
"KO_heat_up","Hallmark","HALLMARK_P53_PATHWAY",14,0.00589734811266946,0.0179910044977511,0.016008004002001,187,TRUE,FALSE,FALSE,FALSE,NA,NA,8,TRUE,"unpinned"
"KO_heat_up","Hallmark","HALLMARK_ANGIOGENESIS",4,0.0287870057833913,0.0489755122438781,0.0121951219512195,26,TRUE,FALSE,FALSE,FALSE,NA,NA,9,TRUE,"unpinned"
"KO_heat_up","Hallmark","HALLMARK_COAGULATION",8,0.0287870057833913,0.0369815092453773,0.00914634146341463,95,TRUE,FALSE,FALSE,FALSE,"HALLMARK_COMPLEMENT",0.615384615384615,NA,FALSE,"unpinned"
"KO_heat_up","GO_BP","GOBP_TAXIS",24,1.12522661772397e-05,0.000499750124937531,0.037,334,TRUE,FALSE,FALSE,FALSE,NA,NA,1,TRUE,"unpinned"
"KO_heat_up","GO_BP","GOBP_REGULATION_OF_INFLAMMATORY_RESPONSE",24,1.12522661772397e-05,0.000499750124937531,0.0375,340,TRUE,FALSE,FALSE,FALSE,NA,NA,2,TRUE,"unpinned"
"KO_heat_up","GO_BP","GOBP_TISSUE_REMODELING",15,1.33774357654422e-05,0.000499750124937531,0.0116161616161616,134,TRUE,FALSE,FALSE,FALSE,NA,NA,3,TRUE,"unpinned"
"KO_heat_up","GO_BP","GOBP_PHOSPHOLIPASE_C_ACTIVATING_G_PROTEIN_COUPLED_RECEPTOR_SIGNALING_PATHWAY",11,0.000287248952595821,0.000499750124937531,0.00393700787401575,88,TRUE,FALSE,FALSE,FALSE,NA,NA,4,TRUE,"unpinned"
"KO_heat_up","GO_BP","GOBP_CELL_CHEMOTAXIS",17,0.000478385140893993,0.000999500249875062,0.0315,233,TRUE,FALSE,FALSE,FALSE,"GOBP_TAXIS",0.708333333333333,NA,FALSE,"unpinned"
"KO_heat_up","GO_BP","GOBP_MYELOID_LEUKOCYTE_DIFFERENTIATION",16,0.00059393332373729,0.00149925037481259,0.023,216,TRUE,FALSE,FALSE,FALSE,NA,NA,17,FALSE,"unpinned"
"KO_heat_up","GO_BP","GOBP_POSITIVE_REGULATION_OF_CELL_ACTIVATION",20,0.00059393332373729,0.00849575212393803,0.0985,327,TRUE,FALSE,FALSE,FALSE,NA,NA,50,FALSE,"unpinned"
"KO_heat_up","GO_BP","GOBP_LEUKOCYTE_PROLIFERATION",18,0.000756213614757271,0.00449775112443778,0.055,277,TRUE,FALSE,FALSE,FALSE,NA,NA,33,FALSE,"unpinned"
"KO_heat_up","GO_BP","GOBP_NEGATIVE_REGULATION_OF_G_PROTEIN_COUPLED_RECEPTOR_SIGNALING_PATHWAY",8,0.000874345729501875,0.000499750124937531,0.00344589937973811,51,TRUE,FALSE,FALSE,FALSE,NA,NA,5,TRUE,"unpinned"
"KO_heat_up","GO_BP","GOBP_NEGATIVE_REGULATION_OF_RESPONSE_TO_EXTERNAL_STIMULUS",19,0.000900022523268807,0.00199900049975012,0.034,314,TRUE,FALSE,FALSE,FALSE,NA,NA,21,FALSE,"unpinned"
"KO_heat_up","GO_BP","GOBP_POSITIVE_REGULATION_OF_INFLAMMATORY_RESPONSE",12,0.00124082188081778,0.00199900049975012,0.0116396761133603,135,TRUE,FALSE,FALSE,FALSE,NA,NA,22,FALSE,"unpinned"
"KO_heat_up","GO_BP","GOBP_OSTEOCLAST_DIFFERENTIATION",10,0.00234282902852781,0.00149925037481259,0.00416449765747007,100,TRUE,FALSE,FALSE,FALSE,"GOBP_MYELOID_LEUKOCYTE_DIFFERENTIATION",0.625,NA,FALSE,"unpinned"
"KO_heat_up","GO_BP","GOBP_WOUND_HEALING",19,0.00234282902852781,0.00649675162418791,0.033,343,TRUE,FALSE,FALSE,FALSE,NA,NA,43,FALSE,"unpinned"
"KO_heat_up","GO_BP","GOBP_MONONUCLEAR_CELL_MIGRATION",13,0.00234282902852781,0.00549725137431284,0.0255511022044088,172,TRUE,FALSE,FALSE,FALSE,NA,NA,37,FALSE,"unpinned"
"KO_heat_up","GO_BP","GOBP_REGULATION_OF_VASCULATURE_DEVELOPMENT",15,0.00235211276417288,0.00199900049975012,0.017,228,TRUE,FALSE,FALSE,FALSE,NA,NA,23,FALSE,"unpinned"
"KO_heat_up","GO_BP","GOBP_HUMORAL_IMMUNE_RESPONSE",12,0.00235211276417288,0.000999500249875062,0.00204290091930541,149,TRUE,FALSE,FALSE,FALSE,NA,NA,11,FALSE,"unpinned"
"KO_heat_up","GO_BP","GOBP_REGULATION_OF_BODY_FLUID_LEVELS",17,0.00244820597863722,0.00299850074962519,0.011,288,TRUE,FALSE,FALSE,FALSE,NA,NA,29,FALSE,"unpinned"
"KO_heat_up","GO_BP","GOBP_LEUKOCYTE_MIGRATION",17,0.00252907562642014,0.0104947526236882,0.051,290,TRUE,FALSE,FALSE,FALSE,"GOBP_MONONUCLEAR_CELL_MIGRATION",0.764705882352941,NA,FALSE,"unpinned"
"KO_heat_up","GO_BP","GOBP_MESODERM_MORPHOGENESIS",7,0.00313604295001619,0.000999500249875062,0.0049906425452277,49,TRUE,FALSE,FALSE,FALSE,NA,NA,12,FALSE,"unpinned"
"KO_heat_up","GO_BP","GOBP_POSITIVE_REGULATION_OF_CELL_ADHESION",20,0.00313604295001619,0.0379810094952524,0.102,395,TRUE,FALSE,FALSE,FALSE,"GOBP_POSITIVE_REGULATION_OF_CELL_ACTIVATION",0.538461538461538,NA,FALSE,"unpinned"
"KO_heat_up","GO_BP","GOBP_NEGATIVE_REGULATION_OF_COAGULATION",6,0.00313604295001619,0.000499750124937531,0.000892060660124889,34,TRUE,FALSE,FALSE,FALSE,NA,NA,6,TRUE,"unpinned"
"KO_heat_up","GO_BP","GOBP_POSITIVE_REGULATION_OF_EXTRINSIC_APOPTOTIC_SIGNALING_PATHWAY",7,0.00313604295001619,0.000499750124937531,0.00192184497117233,50,TRUE,FALSE,FALSE,FALSE,NA,NA,7,TRUE,"unpinned"
"KO_heat_up","GO_BP","GOBP_REGULATION_OF_EXTRINSIC_APOPTOTIC_SIGNALING_PATHWAY",11,0.00313604295001619,0.00249875062468766,0.00607594936708861,134,TRUE,FALSE,FALSE,FALSE,"GOBP_POSITIVE_REGULATION_OF_EXTRINSIC_APOPTOTIC_SIGNALING_PATHWAY",0.636363636363636,NA,FALSE,"unpinned"
"KO_heat_up","GO_BP","GOBP_REGULATION_OF_G_PROTEIN_COUPLED_RECEPTOR_SIGNALING_PATHWAY",10,0.00460183194179364,0.00199900049975012,0.003659174072138,116,TRUE,FALSE,FALSE,FALSE,"GOBP_NEGATIVE_REGULATION_OF_G_PROTEIN_COUPLED_RECEPTOR_SIGNALING_PATHWAY",0.8,NA,FALSE,"unpinned"
"KO_heat_up","GO_BP","GOBP_EOSINOPHIL_MIGRATION",4,0.00461147790811873,0.000999500249875062,0.00236406619385343,12,TRUE,FALSE,FALSE,FALSE,NA,NA,13,FALSE,"unpinned"
"KO_heat_up","GO_BP","GOBP_REGULATION_OF_COAGULATION",7,0.00462426113863567,0.00149925037481259,0.00452781371280724,54,TRUE,FALSE,FALSE,FALSE,"GOBP_NEGATIVE_REGULATION_OF_COAGULATION",0.857142857142857,NA,FALSE,"unpinned"
"KO_heat_up","GO_BP","GOBP_POSITIVE_REGULATION_OF_FIBROBLAST_PROLIFERATION",6,0.00505765002353017,0.00149925037481259,0.00507246376811594,38,TRUE,FALSE,FALSE,FALSE,NA,NA,18,FALSE,"unpinned"
"KO_heat_up","GO_BP","GOBP_POSITIVE_REGULATION_OF_CELL_DEVELOPMENT",18,0.00515331536639073,0.0459770114942529,0.0855,351,TRUE,FALSE,FALSE,FALSE,NA,NA,77,FALSE,"unpinned"
"KO_heat_up","GO_BP","GOBP_REGULATION_OF_TISSUE_REMODELING",7,0.00515331536639073,0.000999500249875062,0.0023696682464455,56,TRUE,FALSE,FALSE,FALSE,"GOBP_POSITIVE_REGULATION_OF_BONE_RESORPTION",0.571428571428571,NA,FALSE,"unpinned"
"KO_heat_up","GO_BP","GOBP_LEUKOCYTE_CHEMOTAXIS",12,0.00515331536639073,0.00999500249875063,0.0245614035087719,172,TRUE,FALSE,FALSE,FALSE,"GOBP_MONONUCLEAR_CELL_MIGRATION",0.5625,NA,FALSE,"unpinned"
"KO_heat_up","GO_BP","GOBP_POSITIVE_REGULATION_OF_BONE_RESORPTION",4,0.00515331536639073,0.000499750124937531,0,13,TRUE,FALSE,FALSE,FALSE,NA,NA,8,TRUE,"unpinned"
"KO_heat_up","GO_BP","GOBP_REGULATION_OF_APOPTOTIC_SIGNALING_PATHWAY",17,0.00515331536639073,0.0144927536231884,0.031,321,TRUE,FALSE,FALSE,FALSE,NA,NA,55,FALSE,"unpinned"
"KO_heat_up","GO_BP","GOBP_ANTIMICROBIAL_HUMORAL_IMMUNE_RESPONSE_MEDIATED_BY_ANTIMICROBIAL_PEPTIDE",7,0.00519823892701689,0.000999500249875062,0.000710227272727273,57,TRUE,FALSE,FALSE,FALSE,"GOBP_HUMORAL_IMMUNE_RESPONSE",0.583333333333333,NA,FALSE,"unpinned"
"KO_heat_up","GO_BP","GOBP_LEUKOCYTE_CELL_CELL_ADHESION",18,0.00555154083491043,0.0534732633683158,0.104,357,TRUE,FALSE,TRUE,FALSE,NA,NA,NA,FALSE,"unpinned"
"KO_heat_up","GO_BP","GOBP_EXTRINSIC_APOPTOTIC_SIGNALING_PATHWAY",13,0.00562793450441919,0.00599700149925037,0.0135202804206309,204,TRUE,FALSE,FALSE,FALSE,"GOBP_POSITIVE_REGULATION_OF_EXTRINSIC_APOPTOTIC_SIGNALING_PATHWAY",0.538461538461538,NA,FALSE,"unpinned"
"KO_heat_up","GO_BP","GOBP_EPIDERMIS_DEVELOPMENT",14,0.00573249904277027,0.00499750124937531,0.00700700700700701,234,TRUE,FALSE,FALSE,FALSE,NA,NA,35,FALSE,"unpinned"
"KO_heat_up","GO_BP","GOBP_POSITIVE_REGULATION_OF_LEUKOCYTE_CELL_CELL_ADHESION",14,0.0061107251338634,0.031984007996002,0.062,236,TRUE,FALSE,FALSE,FALSE,"GOBP_POSITIVE_REGULATION_OF_CELL_ACTIVATION",0.7,NA,FALSE,"unpinned"
"KO_heat_up","GO_BP","GOBP_NEGATIVE_REGULATION_OF_INFLAMMATORY_RESPONSE",11,0.00641094264411238,0.00849575212393803,0.0145948666331152,153,TRUE,FALSE,FALSE,FALSE,"GOBP_NEGATIVE_REGULATION_OF_RESPONSE_TO_EXTERNAL_STIMULUS",0.578947368421053,NA,FALSE,"unpinned"
"KO_heat_up","GO_BP","GOBP_EMBRYONIC_ORGAN_DEVELOPMENT",16,0.00643375504587962,0.0124937531234383,0.021,300,TRUE,FALSE,FALSE,FALSE,NA,NA,52,FALSE,"unpinned"
"KO_heat_up","GO_BP","GOBP_POSITIVE_REGULATION_OF_CELL_CELL_ADHESION",15,0.00689961080301252,0.0429785107446277,0.065,271,TRUE,FALSE,FALSE,FALSE,"GOBP_POSITIVE_REGULATION_OF_CELL_ACTIVATION",0.666666666666667,NA,FALSE,"unpinned"
"KO_heat_up","GO_BP","GOBP_NEGATIVE_REGULATION_OF_VASCULATURE_DEVELOPMENT",8,0.00863107125972707,0.00199900049975012,0.00269396551724138,85,TRUE,FALSE,FALSE,FALSE,"GOBP_REGULATION_OF_VASCULATURE_DEVELOPMENT",0.533333333333333,NA,FALSE,"unpinned"
"KO_heat_up","GO_BP","GOBP_POSITIVE_REGULATION_OF_LEUKOCYTE_PROLIFERATION",10,0.00931876853314043,0.015992003998001,0.0176144942123805,135,TRUE,FALSE,FALSE,FALSE,"GOBP_LEUKOCYTE_PROLIFERATION",0.555555555555556,NA,FALSE,"unpinned"
"KO_heat_up","GO_BP","GOBP_POSITIVE_REGULATION_OF_BEHAVIOR",4,0.00931876853314043,0.000499750124937531,0,16,TRUE,FALSE,FALSE,FALSE,NA,NA,9,TRUE,"unpinned"
"KO_heat_up","GO_BP","GOBP_REGULATION_OF_BEHAVIOR",6,0.0105608150495832,0.00199900049975012,0.00277777777777778,47,TRUE,FALSE,FALSE,FALSE,"GOBP_POSITIVE_REGULATION_OF_BEHAVIOR",0.666666666666667,NA,FALSE,"unpinned"
"KO_heat_up","GO_BP","GOBP_BONE_REMODELING",7,0.0106227593233133,0.00149925037481259,0.0028587764436821,67,TRUE,FALSE,FALSE,FALSE,"GOBP_POSITIVE_REGULATION_OF_BONE_RESORPTION",0.571428571428571,NA,FALSE,"unpinned"
"KO_heat_up","GO_BP","GOBP_RENAL_SYSTEM_PROCESS",8,0.0106227593233133,0.00499750124937531,0.00219659527732015,89,TRUE,FALSE,FALSE,FALSE,NA,NA,36,FALSE,"unpinned"
"KO_heat_up","GO_BP","GOBP_METANEPHROS_DEVELOPMENT",6,0.0110045820038666,0.00649675162418791,0.00609756097560976,48,TRUE,FALSE,FALSE,FALSE,NA,NA,44,FALSE,"unpinned"
"KO_heat_up","GO_BP","GOBP_REGULATION_OF_WOUND_HEALING",8,0.0110045820038666,0.0079960019990005,0.0088587806149036,90,TRUE,FALSE,FALSE,FALSE,"GOBP_NEGATIVE_REGULATION_OF_COAGULATION",0.555555555555556,NA,FALSE,"unpinned"
"KO_heat_up","GO_BP","GOBP_ADENYLATE_CYCLASE_ACTIVATING_G_PROTEIN_COUPLED_RECEPTOR_SIGNALING_PATHWAY",9,0.0111633149519864,0.00199900049975012,0.00156576200417537,115,TRUE,FALSE,FALSE,FALSE,NA,NA,24,FALSE,"unpinned"
"KO_heat_up","GO_BP","GOBP_LYMPHOCYTE_MIGRATION",8,0.0111633149519864,0.0079960019990005,0.00939947780678851,91,TRUE,FALSE,FALSE,FALSE,"GOBP_LYMPHOCYTE_CHEMOTAXIS",0.625,NA,FALSE,"unpinned"
"KO_heat_up","GO_BP","GOBP_RESPONSE_TO_LEUKEMIA_INHIBITORY_FACTOR",8,0.0111633149519864,0.000999500249875062,0,91,TRUE,FALSE,FALSE,FALSE,NA,NA,14,FALSE,"unpinned"
"KO_heat_up","GO_BP","GOBP_EMBRYONIC_PLACENTA_DEVELOPMENT",7,0.0111633149519864,0.00149925037481259,0.00113571834185122,69,TRUE,FALSE,FALSE,FALSE,NA,NA,19,FALSE,"unpinned"
"KO_heat_up","GO_BP","GOBP_CONNECTIVE_TISSUE_DEVELOPMENT",13,0.0111633149519864,0.0134932533733133,0.0145072536268134,228,TRUE,FALSE,FALSE,FALSE,NA,NA,53,FALSE,"unpinned"
"KO_heat_up","GO_BP","GOBP_BONE_DEVELOPMENT",11,0.0111633149519864,0.0154922538730635,0.0125565042692115,170,TRUE,FALSE,FALSE,FALSE,NA,NA,57,FALSE,"unpinned"
"KO_heat_up","GO_BP","GOBP_LYMPHOCYTE_CHEMOTAXIS",5,0.0111633149519864,0.00349825087456272,0.00318217979315831,32,TRUE,FALSE,FALSE,FALSE,NA,NA,30,FALSE,"unpinned"
"KO_heat_up","GO_BP","GOBP_SKIN_DEVELOPMENT",12,0.0111633149519864,0.0129935032483758,0.0150225338007011,199,TRUE,FALSE,FALSE,FALSE,"GOBP_EPIDERMIS_DEVELOPMENT",0.625,NA,FALSE,"unpinned"
"KO_heat_up","GO_BP","GOBP_PLACENTA_DEVELOPMENT",9,0.0112510377905843,0.00399800099950025,0.00205233453052848,117,TRUE,FALSE,FALSE,FALSE,"GOBP_EMBRYONIC_PLACENTA_DEVELOPMENT",0.777777777777778,NA,FALSE,"unpinned"
"KO_heat_up","GO_BP","GOBP_FIBROBLAST_PROLIFERATION",7,0.0120480942338093,0.00849575212393803,0.0050055617352614,71,TRUE,FALSE,FALSE,FALSE,"GOBP_POSITIVE_REGULATION_OF_FIBROBLAST_PROLIFERATION",0.857142857142857,NA,FALSE,"unpinned"
"KO_heat_up","GO_BP","GOBP_FOREBRAIN_DEVELOPMENT",14,0.0123501050812965,0.0294852573713143,0.022,264,TRUE,FALSE,FALSE,FALSE,NA,NA,67,FALSE,"unpinned"
"KO_heat_up","GO_BP","GOBP_POSITIVE_REGULATION_OF_SECRETION",13,0.0123501050812965,0.056471764117941,0.0420210105052526,233,TRUE,FALSE,TRUE,FALSE,NA,NA,NA,FALSE,"unpinned"
"KO_heat_up","GO_BP","GOBP_GLIOGENESIS",13,0.012663204939499,0.0354822588705647,0.0255,234,TRUE,FALSE,FALSE,FALSE,NA,NA,73,FALSE,"unpinned"
"KO_heat_up","GO_BP","GOBP_POSITIVE_REGULATION_OF_APOPTOTIC_SIGNALING_PATHWAY",9,0.0132334413953446,0.00699650174912544,0.00610997963340122,121,TRUE,FALSE,FALSE,FALSE,"GOBP_POSITIVE_REGULATION_OF_EXTRINSIC_APOPTOTIC_SIGNALING_PATHWAY",0.777777777777778,NA,FALSE,"unpinned"
"KO_heat_up","GO_BP","GOBP_MONOCYTE_CHEMOTAXIS",5,0.0132334413953446,0.00399800099950025,0.00144196106705119,34,TRUE,FALSE,FALSE,FALSE,NA,NA,32,FALSE,"unpinned"
"KO_heat_up","GO_BP","GOBP_LYMPHOCYTE_DIFFERENTIATION",18,0.0133517123385845,0.0859570214892554,0.0735,403,TRUE,FALSE,TRUE,FALSE,NA,NA,NA,FALSE,"unpinned"
"KO_heat_up","GO_BP","GOBP_REGULATION_OF_RESPONSE_TO_WOUNDING",9,0.0134954557015283,0.0214892553723138,0.01417004048583,122,TRUE,FALSE,FALSE,FALSE,NA,NA,63,FALSE,"unpinned"
"KO_heat_up","GO_BP","GOBP_T_CELL_DIFFERENTIATION",15,0.0146025851464406,0.0879560219890055,0.0695,304,TRUE,FALSE,TRUE,FALSE,NA,NA,NA,FALSE,"unpinned"
"KO_heat_up","GO_BP","GOBP_NEURON_PROJECTION_GUIDANCE",10,0.0155404586267929,0.00649675162418791,0.00356597045338767,152,TRUE,FALSE,FALSE,FALSE,NA,NA,45,FALSE,"unpinned"
"KO_heat_up","GO_BP","GOBP_POSITIVE_REGULATION_OF_LYMPHOCYTE_MIGRATION",5,0.0159026090147419,0.00699650174912544,0.00702740688685875,36,TRUE,FALSE,FALSE,FALSE,"GOBP_LYMPHOCYTE_CHEMOTAXIS",0.666666666666667,NA,FALSE,"unpinned"
"KO_heat_up","GO_BP","GOBP_REGULATION_OF_BONE_REMODELING",5,0.0159026090147419,0.00249875062468766,0,36,TRUE,FALSE,FALSE,FALSE,"GOBP_POSITIVE_REGULATION_OF_BONE_RESORPTION",0.8,NA,FALSE,"unpinned"
"KO_heat_up","GO_BP","GOBP_REGULATION_OF_SYSTEMIC_ARTERIAL_BLOOD_PRESSURE",6,0.0159188281737265,0.00349825087456272,0,55,TRUE,FALSE,FALSE,FALSE,NA,NA,31,FALSE,"unpinned"
"KO_heat_up","GO_BP","GOBP_ANTIMICROBIAL_HUMORAL_RESPONSE",7,0.0159600390408059,0.00199900049975012,0.000606060606060606,77,TRUE,FALSE,FALSE,FALSE,"GOBP_HUMORAL_IMMUNE_RESPONSE",0.583333333333333,NA,FALSE,"unpinned"
"KO_heat_up","GO_BP","GOBP_POSITIVE_REGULATION_OF_PHOSPHATIDYLINOSITOL_3_KINASE_PROTEIN_KINASE_B_SIGNAL_TRANSDUCTION",10,0.0159600390408059,0.039480259870065,0.0225338007010516,154,TRUE,FALSE,FALSE,FALSE,NA,NA,74,FALSE,"unpinned"
"KO_heat_up","GO_BP","GOBP_CARDIOCYTE_DIFFERENTIATION",8,0.0159600390408059,0.023488255872064,0.0157760814249364,101,TRUE,FALSE,FALSE,FALSE,NA,NA,64,FALSE,"unpinned"
"KO_heat_up","GO_BP","GOBP_RENAL_SYSTEM_VASCULATURE_DEVELOPMENT",4,0.0163798339670322,0.00899550224887556,0.010989010989011,21,TRUE,FALSE,FALSE,FALSE,"GOBP_REGULATION_OF_CELL_PROLIFERATION_INVOLVED_IN_KIDNEY_DEVELOPMENT",0.75,NA,FALSE,"unpinned"
"KO_heat_up","GO_BP","GOBP_VASCULAR_ASSOCIATED_SMOOTH_MUSCLE_CELL_DIFFERENTIATION",4,0.0163798339670322,0.00249875062468766,0.00321199143468951,21,TRUE,FALSE,FALSE,FALSE,NA,NA,27,FALSE,"unpinned"
"KO_heat_up","GO_BP","GOBP_REGULATION_OF_EXTRINSIC_APOPTOTIC_SIGNALING_PATHWAY_IN_ABSENCE_OF_LIGAND",5,0.0164296082467304,0.00599700149925037,0.0022140221402214,37,TRUE,FALSE,FALSE,FALSE,NA,NA,40,FALSE,"unpinned"
"KO_heat_up","GO_BP","GOBP_REGULATION_OF_LEUKOCYTE_PROLIFERATION",12,0.0164296082467304,0.0649675162418791,0.049,215,TRUE,FALSE,TRUE,FALSE,NA,NA,NA,FALSE,"unpinned"
"KO_heat_up","GO_BP","GOBP_POSITIVE_REGULATION_OF_CELL_GROWTH",9,0.0169746735309613,0.0144927536231884,0.00608519269776876,129,TRUE,FALSE,FALSE,FALSE,NA,NA,56,FALSE,"unpinned"
"KO_heat_up","GO_BP","GOBP_MYELOID_LEUKOCYTE_MIGRATION",10,0.0179057707150799,0.0419790104947526,0.0250752256770311,158,TRUE,FALSE,FALSE,FALSE,"GOBP_MONONUCLEAR_CELL_MIGRATION",0.533333333333333,NA,FALSE,"unpinned"
"KO_heat_up","GO_BP","GOBP_OSSIFICATION",15,0.0180892902883957,0.039480259870065,0.022,316,TRUE,FALSE,FALSE,FALSE,NA,NA,75,FALSE,"unpinned"
"KO_heat_up","GO_BP","GOBP_MYELOID_CELL_DIFFERENTIATION",17,0.0181496888657564,0.0649675162418791,0.0405,386,TRUE,FALSE,TRUE,FALSE,NA,NA,NA,FALSE,"unpinned"
"KO_heat_up","GO_BP","GOBP_REGULATION_OF_LYMPHOCYTE_MIGRATION",6,0.0181496888657564,0.0154922538730635,0.0110081112398609,58,TRUE,FALSE,FALSE,FALSE,"GOBP_LYMPHOCYTE_CHEMOTAXIS",0.571428571428571,NA,FALSE,"unpinned"
"KO_heat_up","GO_BP","GOBP_RENAL_SYSTEM_DEVELOPMENT",12,0.0185505087904034,0.0484757621189405,0.023,221,TRUE,FALSE,FALSE,FALSE,NA,NA,78,FALSE,"unpinned"
"KO_heat_up","GO_BP","GOBP_EOSINOPHIL_CHEMOTAXIS",3,0.0185505087904034,0.00149925037481259,0.00542005420054201,10,TRUE,FALSE,FALSE,FALSE,"GOMF_CHEMOKINE_ACTIVITY",0.6,NA,FALSE,"unpinned"
"KO_heat_up","GO_BP","GOBP_INTERLEUKIN_1_ALPHA_PRODUCTION",3,0.0185505087904034,0.000999500249875062,0.00265957446808511,10,TRUE,FALSE,FALSE,FALSE,NA,NA,15,FALSE,"unpinned"
"KO_heat_up","GO_BP","GOBP_REGULATION_OF_CELL_PROLIFERATION_INVOLVED_IN_KIDNEY_DEVELOPMENT",3,0.0185505087904034,0.00199900049975012,0.0032520325203252,10,TRUE,FALSE,FALSE,FALSE,NA,NA,25,FALSE,"unpinned"
"KO_heat_up","GO_BP","GOBP_SIGNAL_TRANSDUCTION_IN_ABSENCE_OF_LIGAND",6,0.0185505087904034,0.00899550224887556,0.00293083235638921,59,TRUE,FALSE,FALSE,FALSE,"GOBP_REGULATION_OF_EXTRINSIC_APOPTOTIC_SIGNALING_PATHWAY_IN_ABSENCE_OF_LIGAND",0.833333333333333,NA,FALSE,"unpinned"
"KO_heat_up","GO_BP","GOBP_SKELETAL_MUSCLE_CELL_DIFFERENTIATION",6,0.0185505087904034,0.00699650174912544,0.00253807106598985,59,TRUE,FALSE,FALSE,FALSE,NA,NA,48,FALSE,"unpinned"
"KO_heat_up","GO_BP","GOBP_NEGATIVE_REGULATION_OF_MYELOID_LEUKOCYTE_DIFFERENTIATION",5,0.0203090433106093,0.00899550224887556,0.00412371134020619,40,TRUE,FALSE,FALSE,FALSE,NA,NA,51,FALSE,"unpinned"
"KO_heat_up","GO_BP","GOBP_EPITHELIAL_CELL_PROLIFERATION",14,0.0215138391995837,0.0924537731134433,0.0495,291,TRUE,FALSE,TRUE,FALSE,NA,NA,NA,FALSE,"unpinned"
"KO_heat_up","GO_BP","GOBP_MESODERM_DEVELOPMENT",7,0.0215138391995837,0.0144927536231884,0.00809498111171074,84,TRUE,FALSE,FALSE,FALSE,"GOBP_MESODERM_MORPHOGENESIS",1,NA,FALSE,"unpinned"
"KO_heat_up","GO_BP","GOBP_POSITIVE_REGULATION_OF_RECEPTOR_MEDIATED_ENDOCYTOSIS",5,0.0219287659043159,0.00599700149925037,0.000700280112044818,41,TRUE,FALSE,FALSE,FALSE,NA,NA,41,FALSE,"unpinned"
"KO_heat_up","GO_BP","GOBP_FORMATION_OF_PRIMARY_GERM_LAYER",7,0.0219287659043159,0.0114942528735632,0.00164024056861673,85,TRUE,FALSE,FALSE,FALSE,"GOBP_MESODERM_MORPHOGENESIS",1,NA,FALSE,"unpinned"
"KO_heat_up","GO_BP","GOBP_POSITIVE_REGULATION_OF_T_CELL_PROLIFERATION",7,0.0219287659043159,0.024487756121939,0.0135135135135135,85,TRUE,FALSE,FALSE,FALSE,NA,NA,65,FALSE,"unpinned"
"KO_heat_up","GO_BP","GOBP_T_CELL_MIGRATION",6,0.0219287659043159,0.0199900049975013,0.0062111801242236,62,TRUE,FALSE,FALSE,FALSE,"GOBP_LYMPHOCYTE_CHEMOTAXIS",0.571428571428571,NA,FALSE,"unpinned"
"KO_heat_up","GO_BP","GOBP_GLOMERULAR_MESANGIUM_DEVELOPMENT",3,0.0219287659043159,0.00349825087456272,0,11,TRUE,FALSE,FALSE,FALSE,"GOBP_REGULATION_OF_CELL_PROLIFERATION_INVOLVED_IN_KIDNEY_DEVELOPMENT",1,NA,FALSE,"unpinned"
"KO_heat_up","GO_BP","GOBP_GRANULOCYTE_MACROPHAGE_COLONY_STIMULATING_FACTOR_PRODUCTION",3,0.0219287659043159,0.00249875062468766,0.00189035916824197,11,TRUE,FALSE,FALSE,FALSE,NA,NA,28,FALSE,"unpinned"
"KO_heat_up","GO_BP","GOBP_MESENCHYMAL_STEM_CELL_DIFFERENTIATION",3,0.0219287659043159,0.00149925037481259,0,11,TRUE,FALSE,FALSE,FALSE,NA,NA,20,FALSE,"unpinned"
"KO_heat_up","GO_BP","GOBP_POSITIVE_REGULATION_OF_VASCULAR_ASSOCIATED_SMOOTH_MUSCLE_CELL_MIGRATION",3,0.0219287659043159,0.00199900049975012,0,11,TRUE,FALSE,FALSE,FALSE,NA,NA,26,FALSE,"unpinned"
"KO_heat_up","GO_BP","GOBP_NEGATIVE_REGULATION_OF_DEFENSE_RESPONSE",12,0.0219287659043159,0.0559720139930035,0.0265132566283142,229,TRUE,FALSE,TRUE,FALSE,NA,NA,NA,FALSE,"unpinned"
"KO_heat_up","GO_BP","GOBP_MUSCLE_TISSUE_DEVELOPMENT",14,0.0219287659043159,0.0664667666166917,0.0335,295,TRUE,FALSE,TRUE,FALSE,NA,NA,NA,FALSE,"unpinned"
"KO_heat_up","GO_BP","GOBP_MUSCLE_CELL_DIFFERENTIATION",15,0.0221579143597326,0.0324837581209395,0.013,330,TRUE,FALSE,FALSE,FALSE,NA,NA,70,FALSE,"unpinned"
"KO_heat_up","GO_BP","GOBP_ERK1_AND_ERK2_CASCADE",12,0.0223118530574249,0.0794602698650675,0.037,230,TRUE,FALSE,TRUE,FALSE,NA,NA,NA,FALSE,"unpinned"
"KO_heat_up","GO_BP","GOBP_NEGATIVE_REGULATION_OF_RESPONSE_TO_WOUNDING",6,0.0223118530574249,0.00949525237381309,0.00405561993047509,63,TRUE,FALSE,FALSE,FALSE,"GOBP_NEGATIVE_REGULATION_OF_COAGULATION",0.714285714285714,NA,FALSE,"unpinned"
"KO_heat_up","GO_BP","GOBP_B_CELL_PROLIFERATION",7,0.0243798869607232,0.0324837581209395,0.00997899159663865,88,TRUE,FALSE,FALSE,FALSE,NA,NA,71,FALSE,"unpinned"
"KO_heat_up","GO_BP","GOBP_INTERLEUKIN_1_PRODUCTION",7,0.0243798869607232,0.0329835082458771,0.0123902942694889,88,TRUE,FALSE,FALSE,FALSE,NA,NA,72,FALSE,"unpinned"
"KO_heat_up","GO_BP","GOBP_REGULATION_OF_T_CELL_ACTIVATION",15,0.0245969080257769,0.191904047976012,0.101,335,TRUE,FALSE,TRUE,FALSE,NA,NA,NA,FALSE,"unpinned"
"KO_heat_up","GO_BP","GOBP_ADAPTIVE_IMMUNE_RESPONSE_BASED_ON_SOMATIC_RECOMBINATION_OF_IMMUNE_RECEPTORS_BUILT_FROM_IMMUNOGLOBULIN_SUPERFAMILY_DOMAINS",14,0.0253354259620311,0.120939530234883,0.0595,302,TRUE,FALSE,TRUE,FALSE,NA,NA,NA,FALSE,"unpinned"
"KO_heat_up","GO_BP","GOBP_REGULATION_OF_LIPID_BIOSYNTHETIC_PROCESS",9,0.0253354259620311,0.0484757621189405,0.0186304128902316,143,TRUE,FALSE,FALSE,FALSE,NA,NA,79,FALSE,"unpinned"
"KO_heat_up","GO_BP","GOBP_NEGATIVE_REGULATION_OF_WOUND_HEALING",5,0.0253354259620311,0.00499750124937531,0.00068073519400953,44,TRUE,FALSE,FALSE,FALSE,"GOBP_NEGATIVE_REGULATION_OF_COAGULATION",0.833333333333333,NA,FALSE,"unpinned"
"KO_heat_up","GO_BP","GOBP_LEUKOCYTE_MEDIATED_IMMUNITY",15,0.0253354259620311,0.15592203898051,0.0775,338,TRUE,FALSE,TRUE,FALSE,NA,NA,NA,FALSE,"unpinned"
"KO_heat_up","GO_BP","GOBP_POSITIVE_REGULATION_OF_HUMORAL_IMMUNE_RESPONSE",3,0.0253354259620311,0.00549725137431284,0.00302114803625378,12,TRUE,FALSE,FALSE,FALSE,NA,NA,38,FALSE,"unpinned"
"KO_heat_up","GO_BP","GOBP_REGULATION_OF_INTERLEUKIN_1_MEDIATED_SIGNALING_PATHWAY",3,0.0253354259620311,0.000999500249875062,0,12,TRUE,FALSE,FALSE,FALSE,NA,NA,16,FALSE,"unpinned"
"KO_heat_up","GO_BP","GOBP_REGULATION_OF_URINE_VOLUME",3,0.0253354259620311,0.00449775112443778,0.00178571428571429,12,TRUE,FALSE,FALSE,FALSE,NA,NA,34,FALSE,"unpinned"
"KO_heat_up","GO_BP","GOBP_REGULATION_OF_RECEPTOR_MEDIATED_ENDOCYTOSIS",7,0.02739208951982,0.0149925037481259,0.002710027100271,91,TRUE,FALSE,FALSE,FALSE,"GOBP_POSITIVE_REGULATION_OF_RECEPTOR_MEDIATED_ENDOCYTOSIS",0.714285714285714,NA,FALSE,"unpinned"
"KO_heat_up","GO_BP","GOBP_RECEPTOR_MEDIATED_ENDOCYTOSIS",11,0.0290055064183627,0.0184907546226887,0.00551931761164074,208,TRUE,FALSE,FALSE,FALSE,NA,NA,59,FALSE,"unpinned"
"KO_heat_up","GO_BP","GOBP_MYELOID_LEUKOCYTE_ACTIVATION",11,0.0298900007602151,0.0939530234882559,0.038,209,TRUE,FALSE,TRUE,FALSE,NA,NA,NA,FALSE,"unpinned"
"KO_heat_up","GO_BP","GOBP_B_CELL_MEDIATED_IMMUNITY",8,0.0301256126087688,0.0294852573713143,0.00613183444047011,120,TRUE,FALSE,FALSE,FALSE,NA,NA,68,FALSE,"unpinned"
"KO_heat_up","GO_BP","GOBP_POSITIVE_REGULATION_OF_PHOSPHORYLATION",11,0.0301256126087688,0.072463768115942,0.0285142571285643,210,TRUE,FALSE,TRUE,FALSE,NA,NA,NA,FALSE,"unpinned"
"KO_heat_up","GO_BP","GOBP_POSITIVE_REGULATION_OF_HEMOPOIESIS",10,0.0301256126087688,0.120939530234883,0.047,179,TRUE,FALSE,TRUE,FALSE,NA,NA,NA,FALSE,"unpinned"
"KO_heat_up","GO_BP","GOBP_EYELID_DEVELOPMENT_IN_CAMERA_TYPE_EYE",3,0.0301256126087688,0.00649675162418791,0.00170648464163823,13,TRUE,FALSE,FALSE,FALSE,NA,NA,46,FALSE,"unpinned"
"KO_heat_up","GO_BP","GOBP_FIBRINOLYSIS",3,0.0301256126087688,0.000499750124937531,0,13,TRUE,FALSE,FALSE,FALSE,NA,NA,10,TRUE,"unpinned"
"KO_heat_up","GO_BP","GOBP_POSITIVE_REGULATION_OF_SYNCYTIUM_FORMATION_BY_PLASMA_MEMBRANE_FUSION",3,0.0301256126087688,0.00599700149925037,0.00191570881226054,13,TRUE,FALSE,FALSE,FALSE,NA,NA,42,FALSE,"unpinned"
"KO_heat_up","GO_BP","GOBP_CELLULAR_RESPONSE_TO_INTERLEUKIN_1",6,0.0302194991402569,0.0179910044977511,0.00613496932515337,69,TRUE,FALSE,FALSE,FALSE,NA,NA,58,FALSE,"unpinned"
"KO_heat_up","GO_BP","GOBP_DEFENSE_RESPONSE_TO_GRAM_NEGATIVE_BACTERIUM",5,0.0304687147469082,0.0184907546226887,0.0049906425452277,47,TRUE,FALSE,FALSE,FALSE,NA,NA,60,FALSE,"unpinned"
"KO_heat_up","GO_BP","GOBP_CARTILAGE_DEVELOPMENT",9,0.0308556627279369,0.0349825087456272,0.00757575757575758,150,TRUE,FALSE,FALSE,FALSE,"GOBP_CONNECTIVE_TISSUE_DEVELOPMENT",0.692307692307692,NA,FALSE,"unpinned"
"KO_heat_up","GO_BP","GOBP_POSITIVE_REGULATION_OF_VASCULATURE_DEVELOPMENT",8,0.0315513420825728,0.0264867566216892,0.00862944162436548,122,TRUE,FALSE,FALSE,FALSE,"GOBP_REGULATION_OF_VASCULATURE_DEVELOPMENT",0.533333333333333,NA,FALSE,"unpinned"
"KO_heat_up","GO_BP","GOBP_ACUTE_INFLAMMATORY_RESPONSE",6,0.0315513420825728,0.0269865067466267,0.00547345374931582,70,TRUE,FALSE,FALSE,FALSE,NA,NA,66,FALSE,"unpinned"
"KO_heat_up","GO_BP","GOBP_ENDOCHONDRAL_BONE_MORPHOGENESIS",5,0.0322354363435813,0.0139930034982509,0.00127959053103007,48,TRUE,FALSE,FALSE,FALSE,NA,NA,54,FALSE,"unpinned"
"KO_heat_up","GO_BP","GOBP_REGULATION_OF_PROTEIN_MATURATION",5,0.0322354363435813,0.00749625187406297,0.00206185567010309,48,TRUE,FALSE,FALSE,FALSE,"GOBP_FIBRINOLYSIS",0.6,NA,FALSE,"unpinned"
"KO_heat_up","GO_BP","GOBP_REGULATION_OF_CHEMOTAXIS",9,0.0325369531517979,0.0849575212393803,0.0286288297338021,152,TRUE,FALSE,TRUE,FALSE,NA,NA,NA,FALSE,"unpinned"
"KO_heat_up","GO_BP","GOBP_REGULATION_OF_HUMORAL_IMMUNE_RESPONSE",4,0.0330273526069464,0.0119940029985007,0.00334728033472803,29,TRUE,FALSE,FALSE,FALSE,"GOBP_POSITIVE_REGULATION_OF_HUMORAL_IMMUNE_RESPONSE",0.75,NA,FALSE,"unpinned"
"KO_heat_up","GO_BP","GOBP_BONE_RESORPTION",5,0.0342221236543967,0.0119940029985007,0.00326583932070542,49,TRUE,FALSE,FALSE,FALSE,"GOBP_POSITIVE_REGULATION_OF_BONE_RESORPTION",0.8,NA,FALSE,"unpinned"
"KO_heat_up","GO_BP","GOBP_CELL_PROLIFERATION_INVOLVED_IN_KIDNEY_DEVELOPMENT",3,0.0342221236543967,0.015992003998001,0.00333333333333333,14,TRUE,FALSE,FALSE,FALSE,"GOBP_REGULATION_OF_CELL_PROLIFERATION_INVOLVED_IN_KIDNEY_DEVELOPMENT",1,NA,FALSE,"unpinned"
"KO_heat_up","GO_BP","GOBP_POSITIVE_REGULATION_OF_LYMPHOCYTE_CHEMOTAXIS",3,0.0342221236543967,0.00949525237381309,0.00281293952180028,14,TRUE,FALSE,FALSE,FALSE,"GOBP_LYMPHOCYTE_CHEMOTAXIS",0.6,NA,FALSE,"unpinned"
"KO_heat_up","GO_BP","GOBP_REGULATION_OF_PLASMINOGEN_ACTIVATION",3,0.0342221236543967,0.00499750124937531,0,14,TRUE,FALSE,FALSE,FALSE,"GOBP_FIBRINOLYSIS",1,NA,FALSE,"unpinned"
"KO_heat_up","GO_BP","GOBP_POSITIVE_REGULATION_OF_EPITHELIAL_CELL_PROLIFERATION",8,0.034402353316217,0.0489755122438781,0.0141057934508816,125,TRUE,FALSE,FALSE,FALSE,NA,NA,80,FALSE,"unpinned"
"KO_heat_up","GO_BP","GOBP_INTERLEUKIN_1_MEDIATED_SIGNALING_PATHWAY",4,0.0356885446440638,0.00549725137431284,0.000910746812386157,30,TRUE,FALSE,FALSE,FALSE,"GOBP_REGULATION_OF_INTERLEUKIN_1_MEDIATED_SIGNALING_PATHWAY",0.75,NA,FALSE,"unpinned"
"KO_heat_up","GO_BP","GOBP_RHYTHMIC_BEHAVIOR",4,0.0356885446440638,0.00549725137431284,0.000904159132007233,30,TRUE,FALSE,FALSE,FALSE,NA,NA,39,FALSE,"unpinned"
"KO_heat_up","GO_BP","GOBP_GLOMERULUS_DEVELOPMENT",5,0.0357311060744323,0.0219890054972514,0.00496277915632754,50,TRUE,FALSE,FALSE,FALSE,"GOBP_REGULATION_OF_CELL_PROLIFERATION_INVOLVED_IN_KIDNEY_DEVELOPMENT",0.6,NA,FALSE,"unpinned"
"KO_heat_up","GO_BP","GOBP_SMOOTH_MUSCLE_CELL_MIGRATION",5,0.0357311060744323,0.0364817591204398,0.00587889476778366,50,TRUE,FALSE,FALSE,FALSE,"GOBP_POSITIVE_REGULATION_OF_VASCULAR_ASSOCIATED_SMOOTH_MUSCLE_CELL_MIGRATION",0.6,NA,FALSE,"unpinned"
"KO_heat_up","GO_BP","GOBP_ALPHA_BETA_T_CELL_ACTIVATION",10,0.0374565492072214,0.108445777111444,0.0415415415415415,188,TRUE,FALSE,TRUE,FALSE,NA,NA,NA,FALSE,"unpinned"
"KO_heat_up","GO_BP","GOBP_POSITIVE_REGULATION_OF_MONONUCLEAR_CELL_MIGRATION",6,0.0376200552358461,0.0584707646176912,0.0169401799894124,74,TRUE,FALSE,TRUE,FALSE,NA,NA,NA,FALSE,"unpinned"
"KO_heat_up","GO_BP","GOBP_BLOOD_VESSEL_ENDOTHELIAL_CELL_MIGRATION",7,0.0378142606169319,0.0569715142428786,0.0138674884437596,100,TRUE,FALSE,TRUE,FALSE,NA,NA,NA,FALSE,"unpinned"
"KO_heat_up","GO_BP","GOBP_ADENYLATE_CYCLASE_MODULATING_G_PROTEIN_COUPLED_RECEPTOR_SIGNALING_PATHWAY",9,0.0383637610991584,0.0204897551224388,0.00303336703741153,158,TRUE,FALSE,FALSE,FALSE,"GOBP_ADENYLATE_CYCLASE_ACTIVATING_G_PROTEIN_COUPLED_RECEPTOR_SIGNALING_PATHWAY",1,NA,FALSE,"unpinned"
"KO_heat_up","GO_BP","GOBP_POSITIVE_REGULATION_OF_ERK1_AND_ERK2_CASCADE",8,0.0386844942498075,0.0824587706146927,0.0256539235412475,129,TRUE,FALSE,TRUE,FALSE,NA,NA,NA,FALSE,"unpinned"
"KO_heat_up","GO_BP","GOBP_BONE_MORPHOGENESIS",6,0.0386844942498075,0.0344827586206897,0.0054525627044711,75,TRUE,FALSE,FALSE,FALSE,"GOBP_ENDOCHONDRAL_BONE_MORPHOGENESIS",0.833333333333333,NA,FALSE,"unpinned"
"KO_heat_up","GO_BP","GOBP_NEUROINFLAMMATORY_RESPONSE",6,0.0386844942498075,0.0599700149925037,0.0136482939632546,75,TRUE,FALSE,TRUE,FALSE,NA,NA,NA,FALSE,"unpinned"
"KO_heat_up","GO_BP","GOBP_REGULATION_OF_TUBE_SIZE",7,0.0386844942498075,0.0674662668665667,0.0112589559877175,101,TRUE,FALSE,TRUE,FALSE,NA,NA,NA,FALSE,"unpinned"
"KO_heat_up","GO_BP","GOBP_CARDIAC_CELL_DEVELOPMENT",5,0.0397653422195309,0.0389805097451274,0.00472533963378618,52,TRUE,FALSE,FALSE,FALSE,"GOBP_CARDIOCYTE_DIFFERENTIATION",0.625,NA,FALSE,"unpinned"
"KO_heat_up","GO_BP","GOBP_MAMMARY_GLAND_EPITHELIUM_DEVELOPMENT",5,0.0397653422195309,0.0314842578710645,0.00647058823529412,52,TRUE,FALSE,FALSE,FALSE,NA,NA,69,FALSE,"unpinned"
"KO_heat_up","GO_BP","GOBP_REGULATION_OF_PHOSPHORYLATION",15,0.04004117622784,0.148925537231384,0.0485,365,TRUE,FALSE,TRUE,FALSE,NA,NA,NA,FALSE,"unpinned"
"KO_heat_up","GO_BP","GOBP_MUSCLE_ADAPTATION",6,0.04004117622784,0.0604697651174413,0.0110526315789474,76,TRUE,FALSE,TRUE,FALSE,NA,NA,NA,FALSE,"unpinned"
"KO_heat_up","GO_BP","GOBP_HEMOSTASIS",10,0.04004117622784,0.0354822588705647,0.00803212851405622,192,TRUE,FALSE,FALSE,FALSE,"GOBP_NEGATIVE_REGULATION_OF_COAGULATION",0.6,NA,FALSE,"unpinned"
"KO_heat_up","GO_BP","GOBP_VASCULAR_PROCESS_IN_CIRCULATORY_SYSTEM",10,0.04004117622784,0.0789605197401299,0.0225225225225225,192,TRUE,FALSE,TRUE,FALSE,NA,NA,NA,FALSE,"unpinned"
"KO_heat_up","GO_BP","GOBP_GASTRULATION",8,0.0405819838085739,0.0324837581209395,0.00510725229826353,131,TRUE,FALSE,FALSE,FALSE,"GOBP_MESODERM_MORPHOGENESIS",0.875,NA,FALSE,"unpinned"
"KO_heat_up","GO_BP","GOBP_SMOOTH_MUSCLE_CELL_PROLIFERATION",7,0.0410481957392553,0.0909545227386307,0.0197869101978691,103,TRUE,FALSE,TRUE,FALSE,NA,NA,NA,FALSE,"unpinned"
"KO_heat_up","GO_BP","GOBP_POSITIVE_REGULATION_OF_CHEMOTAXIS",7,0.0428128981010222,0.0879560219890055,0.0197869101978691,104,TRUE,FALSE,TRUE,FALSE,NA,NA,NA,FALSE,"unpinned"
"KO_heat_up","GO_BP","GOBP_REGULATION_OF_MYELOID_LEUKOCYTE_DIFFERENTIATION",7,0.0428128981010222,0.0814592703648176,0.0138319672131148,104,TRUE,FALSE,TRUE,FALSE,NA,NA,NA,FALSE,"unpinned"
"KO_heat_up","GO_BP","GOBP_EMBRYONIC_FORELIMB_MORPHOGENESIS",3,0.043587947400076,0.00749625187406297,0.00154083204930663,16,TRUE,FALSE,FALSE,FALSE,NA,NA,49,FALSE,"unpinned"
"KO_heat_up","GO_BP","GOBP_MONOCYTE_DIFFERENTIATION",4,0.0441254204879526,0.0199900049975013,0.00301431801055011,33,TRUE,FALSE,FALSE,FALSE,NA,NA,62,FALSE,"unpinned"
"KO_heat_up","GO_BP","GOBP_RESPIRATORY_SYSTEM_DEVELOPMENT",9,0.0442089524076251,0.0779610194902549,0.013091641490433,164,TRUE,FALSE,TRUE,FALSE,NA,NA,NA,FALSE,"unpinned"
"KO_heat_up","GO_BP","GOBP_REGULATION_OF_NEURON_APOPTOTIC_PROCESS",10,0.045704136697759,0.127936031984008,0.027027027027027,197,TRUE,FALSE,TRUE,FALSE,NA,NA,NA,FALSE,"unpinned"
"KO_heat_up","GO_BP","GOBP_POSITIVE_REGULATION_OF_MAPK_CASCADE",14,0.045704136697759,0.176911544227886,0.048,336,TRUE,FALSE,TRUE,FALSE,NA,NA,NA,FALSE,"unpinned"
"KO_heat_up","GO_BP","GOBP_REGULATION_OF_LEUKOCYTE_DIFFERENTIATION",13,0.045704136697759,0.271364317841079,0.0865,300,TRUE,FALSE,TRUE,FALSE,NA,NA,NA,FALSE,"unpinned"
"KO_heat_up","GO_BP","GOBP_MORPHOGENESIS_OF_A_BRANCHING_STRUCTURE",8,0.0459707298131079,0.101949025487256,0.0191435768261965,135,TRUE,FALSE,TRUE,FALSE,NA,NA,NA,FALSE,"unpinned"
"KO_heat_up","GO_BP","GOBP_POSITIVE_REGULATION_OF_MIRNA_METABOLIC_PROCESS",5,0.046095385974791,0.0424787606196902,0.00635103926096998,55,TRUE,FALSE,FALSE,FALSE,NA,NA,76,FALSE,"unpinned"
"KO_heat_up","GO_BP","GOBP_NEGATIVE_REGULATION_OF_MEMBRANE_PERMEABILITY",3,0.0491634981621766,0.0184907546226887,0.0025062656641604,17,TRUE,FALSE,FALSE,FALSE,NA,NA,61,FALSE,"unpinned"
"KO_heat_up","GO_BP","GOBP_PLASMINOGEN_ACTIVATION",3,0.0491634981621766,0.00749625187406297,0,17,TRUE,FALSE,FALSE,FALSE,"GOBP_FIBRINOLYSIS",1,NA,FALSE,"unpinned"
"KO_heat_up","GO_BP","GOBP_PODOSOME_ASSEMBLY",3,0.0491634981621766,0.00649675162418791,0,17,TRUE,FALSE,FALSE,FALSE,NA,NA,47,FALSE,"unpinned"
"KO_heat_up","GO_MF","GOMF_CYTOKINE_ACTIVITY",27,2.39876822365882e-18,0.000499750124937531,0,128,TRUE,FALSE,FALSE,FALSE,NA,NA,1,TRUE,"unpinned"
"KO_heat_up","GO_MF","GOMF_CYTOKINE_RECEPTOR_BINDING",21,1.96742794957775e-08,0.000499750124937531,0,191,TRUE,FALSE,FALSE,FALSE,"GOMF_CYTOKINE_ACTIVITY",0.655172413793103,NA,FALSE,"unpinned"
"KO_heat_up","GO_MF","GOMF_TUMOR_NECROSIS_FACTOR_RECEPTOR_BINDING",7,7.42220451525774e-05,0.000499750124937531,0,27,TRUE,FALSE,FALSE,FALSE,"REACTOME_TNFS_BIND_THEIR_PHYSIOLOGICAL_RECEPTORS",0.75,NA,FALSE,"unpinned"
"KO_heat_up","GO_MF","GOMF_GROWTH_FACTOR_ACTIVITY",11,0.000101097522441922,0.000499750124937531,0,89,TRUE,FALSE,FALSE,FALSE,NA,NA,2,TRUE,"unpinned"
"KO_heat_up","GO_MF","GOMF_TUMOR_NECROSIS_FACTOR_RECEPTOR_SUPERFAMILY_BINDING",8,0.000105671705891022,0.000499750124937531,0,43,TRUE,FALSE,FALSE,FALSE,"REACTOME_TNFS_BIND_THEIR_PHYSIOLOGICAL_RECEPTORS",0.666666666666667,NA,FALSE,"unpinned"
"KO_heat_up","GO_MF","GOMF_G_PROTEIN_COUPLED_RECEPTOR_BINDING",14,0.000561036872682735,0.000499750124937531,0,178,TRUE,FALSE,FALSE,FALSE,NA,NA,3,TRUE,"unpinned"
"KO_heat_up","GO_MF","GOMF_GROWTH_FACTOR_RECEPTOR_BINDING",10,0.000775866548543543,0.000499750124937531,0,95,TRUE,FALSE,FALSE,FALSE,"GOMF_GROWTH_FACTOR_ACTIVITY",0.615384615384615,NA,FALSE,"unpinned"
"KO_heat_up","GO_MF","GOMF_CHEMOKINE_ACTIVITY",5,0.00994508834051105,0.000499750124937531,0,29,TRUE,FALSE,FALSE,FALSE,NA,NA,4,TRUE,"unpinned"
"KO_heat_up","GO_MF","GOMF_CCR_CHEMOKINE_RECEPTOR_BINDING",4,0.0217110455328061,0.000499750124937531,0,20,TRUE,FALSE,FALSE,FALSE,"GOMF_CHEMOKINE_ACTIVITY",0.8,NA,FALSE,"unpinned"
"KO_heat_up","GO_MF","GOMF_CHEMOKINE_RECEPTOR_BINDING",5,0.0329646783603606,0.000999500249875062,0,39,TRUE,FALSE,FALSE,FALSE,"GOMF_CHEMOKINE_ACTIVITY",1,NA,FALSE,"unpinned"
"KO_heat_up","GO_MF","GOMF_GROWTH_FACTOR_BINDING",8,0.0331472786811381,0.000999500249875062,0,105,TRUE,FALSE,FALSE,FALSE,NA,NA,5,TRUE,"unpinned"
"KO_heat_up","KEGG","KEGG_CYTOKINE_CYTOKINE_RECEPTOR_INTERACTION",24,1.9793992874386e-10,0.000499750124937531,0.0025062656641604,184,TRUE,FALSE,FALSE,FALSE,"GOMF_CYTOKINE_ACTIVITY",0.59375,NA,FALSE,"unpinned"
"KO_heat_up","KEGG","KEGG_GRAFT_VERSUS_HOST_DISEASE",5,0.0186056979818562,0.0134932533733133,0.0172209026128266,27,TRUE,FALSE,FALSE,FALSE,NA,NA,2,TRUE,"unpinned"
"KO_heat_up","KEGG","KEGG_TYPE_I_DIABETES_MELLITUS",5,0.020693593105665,0.0154922538730635,0.0160714285714286,30,TRUE,FALSE,FALSE,FALSE,"KEGG_GRAFT_VERSUS_HOST_DISEASE",0.666666666666667,NA,FALSE,"unpinned"
"KO_heat_up","KEGG","KEGG_NEUROACTIVE_LIGAND_RECEPTOR_INTERACTION",8,0.0492578337935076,0.000999500249875062,0.000585137507314219,97,TRUE,FALSE,FALSE,FALSE,NA,NA,1,TRUE,"unpinned"
"KO_heat_up","Reactome","REACTOME_INTERLEUKIN_10_SIGNALING",10,7.66535721382053e-07,0.000499750124937531,0,37,TRUE,FALSE,FALSE,FALSE,NA,NA,1,TRUE,"unpinned"
"KO_heat_up","Reactome","REACTOME_TNFS_BIND_THEIR_PHYSIOLOGICAL_RECEPTORS",7,4.82021576367719e-05,0.000499750124937531,0,23,TRUE,FALSE,FALSE,FALSE,NA,NA,2,TRUE,"unpinned"
"KO_heat_up","Reactome","REACTOME_GPCR_LIGAND_BINDING",16,0.000450757497194366,0.000499750124937531,0,205,TRUE,FALSE,FALSE,FALSE,NA,NA,3,TRUE,"unpinned"
"KO_heat_up","Reactome","REACTOME_NGF_STIMULATED_TRANSCRIPTION",7,0.000660009647200625,0.000499750124937531,0,36,TRUE,FALSE,FALSE,FALSE,NA,NA,4,TRUE,"unpinned"
"KO_heat_up","Reactome","REACTOME_CLASS_A_1_RHODOPSIN_LIKE_RECEPTORS",13,0.00119379298597734,0.000499750124937531,0,156,TRUE,FALSE,FALSE,FALSE,"REACTOME_GPCR_LIGAND_BINDING",0.8125,NA,FALSE,"unpinned"
"KO_heat_up","Reactome","REACTOME_SIGNALING_BY_INTERLEUKINS",21,0.00288370846890765,0.000499750124937531,0,397,TRUE,FALSE,FALSE,FALSE,NA,NA,5,TRUE,"unpinned"
"KO_heat_up","Reactome","REACTOME_SIGNALING_BY_NTRKS",10,0.00714716151022166,0.000499750124937531,0,117,TRUE,FALSE,FALSE,FALSE,"REACTOME_NGF_STIMULATED_TRANSCRIPTION",0.7,NA,FALSE,"unpinned"
"KO_heat_up","Reactome","REACTOME_NUCLEAR_EVENTS_KINASE_AND_TRANSCRIPTION_FACTOR_ACTIVATION",7,0.00823149815800039,0.000499750124937531,0,58,TRUE,FALSE,FALSE,FALSE,"REACTOME_NGF_STIMULATED_TRANSCRIPTION",1,NA,FALSE,"unpinned"
"KO_heat_up","Reactome","REACTOME_EGFR_DOWNREGULATION",5,0.00841648156587522,0.000499750124937531,0,27,TRUE,FALSE,FALSE,FALSE,NA,NA,6,TRUE,"unpinned"
"KO_heat_up","Reactome","REACTOME_TNFR2_NON_CANONICAL_NF_KB_PATHWAY",8,0.00841648156587522,0.000499750124937531,0,80,TRUE,FALSE,FALSE,FALSE,"REACTOME_TNFS_BIND_THEIR_PHYSIOLOGICAL_RECEPTORS",0.875,NA,FALSE,"unpinned"
"KO_heat_up","Reactome","REACTOME_EXTRACELLULAR_MATRIX_ORGANIZATION",13,0.00898862800333866,0.000499750124937531,0,206,TRUE,FALSE,FALSE,FALSE,NA,NA,7,TRUE,"unpinned"
"KO_heat_up","Reactome","REACTOME_TNF_RECEPTOR_SUPERFAMILY_TNFSF_MEMBERS_MEDIATING_NON_CANONICAL_NF_KB_PATHWAY",4,0.00898862800333866,0.000499750124937531,0,16,TRUE,FALSE,FALSE,FALSE,"GOBP_POSITIVE_REGULATION_OF_EXTRINSIC_APOPTOTIC_SIGNALING_PATHWAY",0.571428571428571,NA,FALSE,"unpinned"
"KO_heat_up","Reactome","REACTOME_PI3K_AKT_SIGNALING_IN_CANCER",8,0.010713579676676,0.000499750124937531,0,86,TRUE,FALSE,FALSE,FALSE,NA,NA,8,TRUE,"unpinned"
"KO_heat_up","Reactome","REACTOME_CONSTITUTIVE_SIGNALING_BY_ABERRANT_PI3K_IN_CANCER",6,0.0335091220838926,0.000999500249875062,0,59,TRUE,FALSE,FALSE,FALSE,"REACTOME_PI3K_AKT_SIGNALING_IN_CANCER",0.75,NA,FALSE,"unpinned"
"KO_heat_up","Reactome","REACTOME_DISSOLUTION_OF_FIBRIN_CLOT",3,0.0335091220838926,0.000499750124937531,0,11,TRUE,FALSE,FALSE,FALSE,"GOBP_FIBRINOLYSIS",1,NA,FALSE,"unpinned"
"KO_heat_up","Reactome","REACTOME_SHC1_EVENTS_IN_EGFR_SIGNALING",3,0.0335091220838926,0.000499750124937531,0,11,TRUE,FALSE,FALSE,FALSE,"REACTOME_EGFR_DOWNREGULATION",0.6,NA,FALSE,"unpinned"
"KO_heat_up","Reactome","REACTOME_ATTACHMENT_AND_ENTRY",3,0.0414384436435143,0.00149925037481259,0,12,TRUE,FALSE,FALSE,FALSE,NA,NA,9,TRUE,"unpinned"
"KO_heat_up","Hallmark","HALLMARK_TNFA_SIGNALING_VIA_NFKB",33,3.85736567522042e-16,0.000499750124937531,0.065,191,TRUE,FALSE,FALSE,FALSE,NA,NA,1,TRUE,"hypoxia_anchored"
"KO_heat_up","Hallmark","HALLMARK_INFLAMMATORY_RESPONSE",21,1.77892016624575e-07,0.000499750124937531,0.041,166,TRUE,FALSE,FALSE,FALSE,NA,NA,2,TRUE,"hypoxia_anchored"
"KO_heat_up","Hallmark","HALLMARK_HYPOXIA",19,5.5739013715091e-06,0.00149925037481259,0.0545,171,TRUE,TRUE,FALSE,FALSE,NA,NA,3,TRUE,"hypoxia_anchored"
"KO_heat_up","Hallmark","HALLMARK_IL2_STAT5_SIGNALING",16,0.00198889534363175,0.00649675162418791,0.028,197,TRUE,FALSE,FALSE,FALSE,NA,NA,6,TRUE,"hypoxia_anchored"
"KO_heat_up","Hallmark","HALLMARK_EPITHELIAL_MESENCHYMAL_TRANSITION",13,0.00208205442396151,0.00349825087456272,0.0155155155155155,142,TRUE,FALSE,FALSE,FALSE,NA,NA,5,TRUE,"hypoxia_anchored"
"KO_heat_up","Hallmark","HALLMARK_KRAS_SIGNALING_UP",13,0.00537355579139046,0.00299850074962519,0.00400801603206413,161,TRUE,FALSE,FALSE,FALSE,NA,NA,4,TRUE,"hypoxia_anchored"
"KO_heat_up","Hallmark","HALLMARK_COMPLEMENT",13,0.00537355579139046,0.00949525237381309,0.015,162,TRUE,FALSE,FALSE,FALSE,NA,NA,7,TRUE,"hypoxia_anchored"
"KO_heat_up","Hallmark","HALLMARK_P53_PATHWAY",14,0.00589734811266946,0.0179910044977511,0.016008004002001,187,TRUE,FALSE,FALSE,FALSE,NA,NA,8,TRUE,"hypoxia_anchored"
"KO_heat_up","Hallmark","HALLMARK_ANGIOGENESIS",4,0.0287870057833913,0.0489755122438781,0.0121951219512195,26,TRUE,FALSE,FALSE,FALSE,NA,NA,9,TRUE,"hypoxia_anchored"
"KO_heat_up","Hallmark","HALLMARK_COAGULATION",8,0.0287870057833913,0.0369815092453773,0.00914634146341463,95,TRUE,FALSE,FALSE,FALSE,"HALLMARK_COMPLEMENT",0.615384615384615,NA,FALSE,"hypoxia_anchored"
"KO_heat_up","GO_BP","GOBP_TAXIS",24,1.12522661772397e-05,0.000499750124937531,0.037,334,TRUE,FALSE,FALSE,FALSE,NA,NA,1,TRUE,"hypoxia_anchored"
"KO_heat_up","GO_BP","GOBP_REGULATION_OF_INFLAMMATORY_RESPONSE",24,1.12522661772397e-05,0.000499750124937531,0.0375,340,TRUE,FALSE,FALSE,FALSE,NA,NA,2,TRUE,"hypoxia_anchored"
"KO_heat_up","GO_BP","GOBP_TISSUE_REMODELING",15,1.33774357654422e-05,0.000499750124937531,0.0116161616161616,134,TRUE,FALSE,FALSE,FALSE,NA,NA,3,TRUE,"hypoxia_anchored"
"KO_heat_up","GO_BP","GOBP_PHOSPHOLIPASE_C_ACTIVATING_G_PROTEIN_COUPLED_RECEPTOR_SIGNALING_PATHWAY",11,0.000287248952595821,0.000499750124937531,0.00393700787401575,88,TRUE,FALSE,FALSE,FALSE,NA,NA,4,TRUE,"hypoxia_anchored"
"KO_heat_up","GO_BP","GOBP_CELL_CHEMOTAXIS",17,0.000478385140893993,0.000999500249875062,0.0315,233,TRUE,FALSE,FALSE,FALSE,"GOBP_TAXIS",0.708333333333333,NA,FALSE,"hypoxia_anchored"
"KO_heat_up","GO_BP","GOBP_MYELOID_LEUKOCYTE_DIFFERENTIATION",16,0.00059393332373729,0.00149925037481259,0.023,216,TRUE,FALSE,FALSE,FALSE,NA,NA,17,FALSE,"hypoxia_anchored"
"KO_heat_up","GO_BP","GOBP_POSITIVE_REGULATION_OF_CELL_ACTIVATION",20,0.00059393332373729,0.00849575212393803,0.0985,327,TRUE,FALSE,FALSE,FALSE,NA,NA,50,FALSE,"hypoxia_anchored"
"KO_heat_up","GO_BP","GOBP_LEUKOCYTE_PROLIFERATION",18,0.000756213614757271,0.00449775112443778,0.055,277,TRUE,FALSE,FALSE,FALSE,NA,NA,33,FALSE,"hypoxia_anchored"
"KO_heat_up","GO_BP","GOBP_NEGATIVE_REGULATION_OF_G_PROTEIN_COUPLED_RECEPTOR_SIGNALING_PATHWAY",8,0.000874345729501875,0.000499750124937531,0.00344589937973811,51,TRUE,FALSE,FALSE,FALSE,NA,NA,5,TRUE,"hypoxia_anchored"
"KO_heat_up","GO_BP","GOBP_NEGATIVE_REGULATION_OF_RESPONSE_TO_EXTERNAL_STIMULUS",19,0.000900022523268807,0.00199900049975012,0.034,314,TRUE,FALSE,FALSE,FALSE,NA,NA,21,FALSE,"hypoxia_anchored"
"KO_heat_up","GO_BP","GOBP_POSITIVE_REGULATION_OF_INFLAMMATORY_RESPONSE",12,0.00124082188081778,0.00199900049975012,0.0116396761133603,135,TRUE,FALSE,FALSE,FALSE,NA,NA,22,FALSE,"hypoxia_anchored"
"KO_heat_up","GO_BP","GOBP_OSTEOCLAST_DIFFERENTIATION",10,0.00234282902852781,0.00149925037481259,0.00416449765747007,100,TRUE,FALSE,FALSE,FALSE,"GOBP_MYELOID_LEUKOCYTE_DIFFERENTIATION",0.625,NA,FALSE,"hypoxia_anchored"
"KO_heat_up","GO_BP","GOBP_WOUND_HEALING",19,0.00234282902852781,0.00649675162418791,0.033,343,TRUE,FALSE,FALSE,FALSE,NA,NA,43,FALSE,"hypoxia_anchored"
"KO_heat_up","GO_BP","GOBP_MONONUCLEAR_CELL_MIGRATION",13,0.00234282902852781,0.00549725137431284,0.0255511022044088,172,TRUE,FALSE,FALSE,FALSE,NA,NA,37,FALSE,"hypoxia_anchored"
"KO_heat_up","GO_BP","GOBP_REGULATION_OF_VASCULATURE_DEVELOPMENT",15,0.00235211276417288,0.00199900049975012,0.017,228,TRUE,FALSE,FALSE,FALSE,NA,NA,23,FALSE,"hypoxia_anchored"
"KO_heat_up","GO_BP","GOBP_HUMORAL_IMMUNE_RESPONSE",12,0.00235211276417288,0.000999500249875062,0.00204290091930541,149,TRUE,FALSE,FALSE,FALSE,NA,NA,11,FALSE,"hypoxia_anchored"
"KO_heat_up","GO_BP","GOBP_REGULATION_OF_BODY_FLUID_LEVELS",17,0.00244820597863722,0.00299850074962519,0.011,288,TRUE,FALSE,FALSE,FALSE,NA,NA,29,FALSE,"hypoxia_anchored"
"KO_heat_up","GO_BP","GOBP_LEUKOCYTE_MIGRATION",17,0.00252907562642014,0.0104947526236882,0.051,290,TRUE,FALSE,FALSE,FALSE,"GOBP_MONONUCLEAR_CELL_MIGRATION",0.764705882352941,NA,FALSE,"hypoxia_anchored"
"KO_heat_up","GO_BP","GOBP_MESODERM_MORPHOGENESIS",7,0.00313604295001619,0.000999500249875062,0.0049906425452277,49,TRUE,FALSE,FALSE,FALSE,NA,NA,12,FALSE,"hypoxia_anchored"
"KO_heat_up","GO_BP","GOBP_POSITIVE_REGULATION_OF_CELL_ADHESION",20,0.00313604295001619,0.0379810094952524,0.102,395,TRUE,FALSE,FALSE,FALSE,"GOBP_POSITIVE_REGULATION_OF_CELL_ACTIVATION",0.538461538461538,NA,FALSE,"hypoxia_anchored"
"KO_heat_up","GO_BP","GOBP_NEGATIVE_REGULATION_OF_COAGULATION",6,0.00313604295001619,0.000499750124937531,0.000892060660124889,34,TRUE,FALSE,FALSE,FALSE,NA,NA,6,TRUE,"hypoxia_anchored"
"KO_heat_up","GO_BP","GOBP_POSITIVE_REGULATION_OF_EXTRINSIC_APOPTOTIC_SIGNALING_PATHWAY",7,0.00313604295001619,0.000499750124937531,0.00192184497117233,50,TRUE,FALSE,FALSE,FALSE,NA,NA,7,TRUE,"hypoxia_anchored"
"KO_heat_up","GO_BP","GOBP_REGULATION_OF_EXTRINSIC_APOPTOTIC_SIGNALING_PATHWAY",11,0.00313604295001619,0.00249875062468766,0.00607594936708861,134,TRUE,FALSE,FALSE,FALSE,"GOBP_POSITIVE_REGULATION_OF_EXTRINSIC_APOPTOTIC_SIGNALING_PATHWAY",0.636363636363636,NA,FALSE,"hypoxia_anchored"
"KO_heat_up","GO_BP","GOBP_REGULATION_OF_G_PROTEIN_COUPLED_RECEPTOR_SIGNALING_PATHWAY",10,0.00460183194179364,0.00199900049975012,0.003659174072138,116,TRUE,FALSE,FALSE,FALSE,"GOBP_NEGATIVE_REGULATION_OF_G_PROTEIN_COUPLED_RECEPTOR_SIGNALING_PATHWAY",0.8,NA,FALSE,"hypoxia_anchored"
"KO_heat_up","GO_BP","GOBP_EOSINOPHIL_MIGRATION",4,0.00461147790811873,0.000999500249875062,0.00236406619385343,12,TRUE,FALSE,FALSE,FALSE,NA,NA,13,FALSE,"hypoxia_anchored"
"KO_heat_up","GO_BP","GOBP_REGULATION_OF_COAGULATION",7,0.00462426113863567,0.00149925037481259,0.00452781371280724,54,TRUE,FALSE,FALSE,FALSE,"GOBP_NEGATIVE_REGULATION_OF_COAGULATION",0.857142857142857,NA,FALSE,"hypoxia_anchored"
"KO_heat_up","GO_BP","GOBP_POSITIVE_REGULATION_OF_FIBROBLAST_PROLIFERATION",6,0.00505765002353017,0.00149925037481259,0.00507246376811594,38,TRUE,FALSE,FALSE,FALSE,NA,NA,18,FALSE,"hypoxia_anchored"
"KO_heat_up","GO_BP","GOBP_POSITIVE_REGULATION_OF_CELL_DEVELOPMENT",18,0.00515331536639073,0.0459770114942529,0.0855,351,TRUE,FALSE,FALSE,FALSE,NA,NA,77,FALSE,"hypoxia_anchored"
"KO_heat_up","GO_BP","GOBP_REGULATION_OF_TISSUE_REMODELING",7,0.00515331536639073,0.000999500249875062,0.0023696682464455,56,TRUE,FALSE,FALSE,FALSE,"GOBP_POSITIVE_REGULATION_OF_BONE_RESORPTION",0.571428571428571,NA,FALSE,"hypoxia_anchored"
"KO_heat_up","GO_BP","GOBP_LEUKOCYTE_CHEMOTAXIS",12,0.00515331536639073,0.00999500249875063,0.0245614035087719,172,TRUE,FALSE,FALSE,FALSE,"GOBP_MONONUCLEAR_CELL_MIGRATION",0.5625,NA,FALSE,"hypoxia_anchored"
"KO_heat_up","GO_BP","GOBP_POSITIVE_REGULATION_OF_BONE_RESORPTION",4,0.00515331536639073,0.000499750124937531,0,13,TRUE,FALSE,FALSE,FALSE,NA,NA,8,TRUE,"hypoxia_anchored"
"KO_heat_up","GO_BP","GOBP_REGULATION_OF_APOPTOTIC_SIGNALING_PATHWAY",17,0.00515331536639073,0.0144927536231884,0.031,321,TRUE,FALSE,FALSE,FALSE,NA,NA,55,FALSE,"hypoxia_anchored"
"KO_heat_up","GO_BP","GOBP_ANTIMICROBIAL_HUMORAL_IMMUNE_RESPONSE_MEDIATED_BY_ANTIMICROBIAL_PEPTIDE",7,0.00519823892701689,0.000999500249875062,0.000710227272727273,57,TRUE,FALSE,FALSE,FALSE,"GOBP_HUMORAL_IMMUNE_RESPONSE",0.583333333333333,NA,FALSE,"hypoxia_anchored"
"KO_heat_up","GO_BP","GOBP_LEUKOCYTE_CELL_CELL_ADHESION",18,0.00555154083491043,0.0534732633683158,0.104,357,TRUE,FALSE,TRUE,FALSE,NA,NA,NA,FALSE,"hypoxia_anchored"
"KO_heat_up","GO_BP","GOBP_EXTRINSIC_APOPTOTIC_SIGNALING_PATHWAY",13,0.00562793450441919,0.00599700149925037,0.0135202804206309,204,TRUE,FALSE,FALSE,FALSE,"GOBP_POSITIVE_REGULATION_OF_EXTRINSIC_APOPTOTIC_SIGNALING_PATHWAY",0.538461538461538,NA,FALSE,"hypoxia_anchored"
"KO_heat_up","GO_BP","GOBP_EPIDERMIS_DEVELOPMENT",14,0.00573249904277027,0.00499750124937531,0.00700700700700701,234,TRUE,FALSE,FALSE,FALSE,NA,NA,35,FALSE,"hypoxia_anchored"
"KO_heat_up","GO_BP","GOBP_POSITIVE_REGULATION_OF_LEUKOCYTE_CELL_CELL_ADHESION",14,0.0061107251338634,0.031984007996002,0.062,236,TRUE,FALSE,FALSE,FALSE,"GOBP_POSITIVE_REGULATION_OF_CELL_ACTIVATION",0.7,NA,FALSE,"hypoxia_anchored"
"KO_heat_up","GO_BP","GOBP_NEGATIVE_REGULATION_OF_INFLAMMATORY_RESPONSE",11,0.00641094264411238,0.00849575212393803,0.0145948666331152,153,TRUE,FALSE,FALSE,FALSE,"GOBP_NEGATIVE_REGULATION_OF_RESPONSE_TO_EXTERNAL_STIMULUS",0.578947368421053,NA,FALSE,"hypoxia_anchored"
"KO_heat_up","GO_BP","GOBP_EMBRYONIC_ORGAN_DEVELOPMENT",16,0.00643375504587962,0.0124937531234383,0.021,300,TRUE,FALSE,FALSE,FALSE,NA,NA,52,FALSE,"hypoxia_anchored"
"KO_heat_up","GO_BP","GOBP_POSITIVE_REGULATION_OF_CELL_CELL_ADHESION",15,0.00689961080301252,0.0429785107446277,0.065,271,TRUE,FALSE,FALSE,FALSE,"GOBP_POSITIVE_REGULATION_OF_CELL_ACTIVATION",0.666666666666667,NA,FALSE,"hypoxia_anchored"
"KO_heat_up","GO_BP","GOBP_NEGATIVE_REGULATION_OF_VASCULATURE_DEVELOPMENT",8,0.00863107125972707,0.00199900049975012,0.00269396551724138,85,TRUE,FALSE,FALSE,FALSE,"GOBP_REGULATION_OF_VASCULATURE_DEVELOPMENT",0.533333333333333,NA,FALSE,"hypoxia_anchored"
"KO_heat_up","GO_BP","GOBP_POSITIVE_REGULATION_OF_LEUKOCYTE_PROLIFERATION",10,0.00931876853314043,0.015992003998001,0.0176144942123805,135,TRUE,FALSE,FALSE,FALSE,"GOBP_LEUKOCYTE_PROLIFERATION",0.555555555555556,NA,FALSE,"hypoxia_anchored"
"KO_heat_up","GO_BP","GOBP_POSITIVE_REGULATION_OF_BEHAVIOR",4,0.00931876853314043,0.000499750124937531,0,16,TRUE,FALSE,FALSE,FALSE,NA,NA,9,TRUE,"hypoxia_anchored"
"KO_heat_up","GO_BP","GOBP_REGULATION_OF_BEHAVIOR",6,0.0105608150495832,0.00199900049975012,0.00277777777777778,47,TRUE,FALSE,FALSE,FALSE,"GOBP_POSITIVE_REGULATION_OF_BEHAVIOR",0.666666666666667,NA,FALSE,"hypoxia_anchored"
"KO_heat_up","GO_BP","GOBP_BONE_REMODELING",7,0.0106227593233133,0.00149925037481259,0.0028587764436821,67,TRUE,FALSE,FALSE,FALSE,"GOBP_POSITIVE_REGULATION_OF_BONE_RESORPTION",0.571428571428571,NA,FALSE,"hypoxia_anchored"
"KO_heat_up","GO_BP","GOBP_RENAL_SYSTEM_PROCESS",8,0.0106227593233133,0.00499750124937531,0.00219659527732015,89,TRUE,FALSE,FALSE,FALSE,NA,NA,36,FALSE,"hypoxia_anchored"
"KO_heat_up","GO_BP","GOBP_METANEPHROS_DEVELOPMENT",6,0.0110045820038666,0.00649675162418791,0.00609756097560976,48,TRUE,FALSE,FALSE,FALSE,NA,NA,44,FALSE,"hypoxia_anchored"
"KO_heat_up","GO_BP","GOBP_REGULATION_OF_WOUND_HEALING",8,0.0110045820038666,0.0079960019990005,0.0088587806149036,90,TRUE,FALSE,FALSE,FALSE,"GOBP_NEGATIVE_REGULATION_OF_COAGULATION",0.555555555555556,NA,FALSE,"hypoxia_anchored"
"KO_heat_up","GO_BP","GOBP_ADENYLATE_CYCLASE_ACTIVATING_G_PROTEIN_COUPLED_RECEPTOR_SIGNALING_PATHWAY",9,0.0111633149519864,0.00199900049975012,0.00156576200417537,115,TRUE,FALSE,FALSE,FALSE,NA,NA,24,FALSE,"hypoxia_anchored"
"KO_heat_up","GO_BP","GOBP_LYMPHOCYTE_MIGRATION",8,0.0111633149519864,0.0079960019990005,0.00939947780678851,91,TRUE,FALSE,FALSE,FALSE,"GOBP_LYMPHOCYTE_CHEMOTAXIS",0.625,NA,FALSE,"hypoxia_anchored"
"KO_heat_up","GO_BP","GOBP_RESPONSE_TO_LEUKEMIA_INHIBITORY_FACTOR",8,0.0111633149519864,0.000999500249875062,0,91,TRUE,FALSE,FALSE,FALSE,NA,NA,14,FALSE,"hypoxia_anchored"
"KO_heat_up","GO_BP","GOBP_EMBRYONIC_PLACENTA_DEVELOPMENT",7,0.0111633149519864,0.00149925037481259,0.00113571834185122,69,TRUE,FALSE,FALSE,FALSE,NA,NA,19,FALSE,"hypoxia_anchored"
"KO_heat_up","GO_BP","GOBP_CONNECTIVE_TISSUE_DEVELOPMENT",13,0.0111633149519864,0.0134932533733133,0.0145072536268134,228,TRUE,FALSE,FALSE,FALSE,NA,NA,53,FALSE,"hypoxia_anchored"
"KO_heat_up","GO_BP","GOBP_BONE_DEVELOPMENT",11,0.0111633149519864,0.0154922538730635,0.0125565042692115,170,TRUE,FALSE,FALSE,FALSE,NA,NA,57,FALSE,"hypoxia_anchored"
"KO_heat_up","GO_BP","GOBP_LYMPHOCYTE_CHEMOTAXIS",5,0.0111633149519864,0.00349825087456272,0.00318217979315831,32,TRUE,FALSE,FALSE,FALSE,NA,NA,30,FALSE,"hypoxia_anchored"
"KO_heat_up","GO_BP","GOBP_SKIN_DEVELOPMENT",12,0.0111633149519864,0.0129935032483758,0.0150225338007011,199,TRUE,FALSE,FALSE,FALSE,"GOBP_EPIDERMIS_DEVELOPMENT",0.625,NA,FALSE,"hypoxia_anchored"
"KO_heat_up","GO_BP","GOBP_PLACENTA_DEVELOPMENT",9,0.0112510377905843,0.00399800099950025,0.00205233453052848,117,TRUE,FALSE,FALSE,FALSE,"GOBP_EMBRYONIC_PLACENTA_DEVELOPMENT",0.777777777777778,NA,FALSE,"hypoxia_anchored"
"KO_heat_up","GO_BP","GOBP_FIBROBLAST_PROLIFERATION",7,0.0120480942338093,0.00849575212393803,0.0050055617352614,71,TRUE,FALSE,FALSE,FALSE,"GOBP_POSITIVE_REGULATION_OF_FIBROBLAST_PROLIFERATION",0.857142857142857,NA,FALSE,"hypoxia_anchored"
"KO_heat_up","GO_BP","GOBP_FOREBRAIN_DEVELOPMENT",14,0.0123501050812965,0.0294852573713143,0.022,264,TRUE,FALSE,FALSE,FALSE,NA,NA,67,FALSE,"hypoxia_anchored"
"KO_heat_up","GO_BP","GOBP_POSITIVE_REGULATION_OF_SECRETION",13,0.0123501050812965,0.056471764117941,0.0420210105052526,233,TRUE,FALSE,TRUE,FALSE,NA,NA,NA,FALSE,"hypoxia_anchored"
"KO_heat_up","GO_BP","GOBP_GLIOGENESIS",13,0.012663204939499,0.0354822588705647,0.0255,234,TRUE,FALSE,FALSE,FALSE,NA,NA,73,FALSE,"hypoxia_anchored"
"KO_heat_up","GO_BP","GOBP_POSITIVE_REGULATION_OF_APOPTOTIC_SIGNALING_PATHWAY",9,0.0132334413953446,0.00699650174912544,0.00610997963340122,121,TRUE,FALSE,FALSE,FALSE,"GOBP_POSITIVE_REGULATION_OF_EXTRINSIC_APOPTOTIC_SIGNALING_PATHWAY",0.777777777777778,NA,FALSE,"hypoxia_anchored"
"KO_heat_up","GO_BP","GOBP_MONOCYTE_CHEMOTAXIS",5,0.0132334413953446,0.00399800099950025,0.00144196106705119,34,TRUE,FALSE,FALSE,FALSE,NA,NA,32,FALSE,"hypoxia_anchored"
"KO_heat_up","GO_BP","GOBP_LYMPHOCYTE_DIFFERENTIATION",18,0.0133517123385845,0.0859570214892554,0.0735,403,TRUE,FALSE,TRUE,FALSE,NA,NA,NA,FALSE,"hypoxia_anchored"
"KO_heat_up","GO_BP","GOBP_REGULATION_OF_RESPONSE_TO_WOUNDING",9,0.0134954557015283,0.0214892553723138,0.01417004048583,122,TRUE,FALSE,FALSE,FALSE,NA,NA,63,FALSE,"hypoxia_anchored"
"KO_heat_up","GO_BP","GOBP_T_CELL_DIFFERENTIATION",15,0.0146025851464406,0.0879560219890055,0.0695,304,TRUE,FALSE,TRUE,FALSE,NA,NA,NA,FALSE,"hypoxia_anchored"
"KO_heat_up","GO_BP","GOBP_NEURON_PROJECTION_GUIDANCE",10,0.0155404586267929,0.00649675162418791,0.00356597045338767,152,TRUE,FALSE,FALSE,FALSE,NA,NA,45,FALSE,"hypoxia_anchored"
"KO_heat_up","GO_BP","GOBP_POSITIVE_REGULATION_OF_LYMPHOCYTE_MIGRATION",5,0.0159026090147419,0.00699650174912544,0.00702740688685875,36,TRUE,FALSE,FALSE,FALSE,"GOBP_LYMPHOCYTE_CHEMOTAXIS",0.666666666666667,NA,FALSE,"hypoxia_anchored"
"KO_heat_up","GO_BP","GOBP_REGULATION_OF_BONE_REMODELING",5,0.0159026090147419,0.00249875062468766,0,36,TRUE,FALSE,FALSE,FALSE,"GOBP_POSITIVE_REGULATION_OF_BONE_RESORPTION",0.8,NA,FALSE,"hypoxia_anchored"
"KO_heat_up","GO_BP","GOBP_REGULATION_OF_SYSTEMIC_ARTERIAL_BLOOD_PRESSURE",6,0.0159188281737265,0.00349825087456272,0,55,TRUE,FALSE,FALSE,FALSE,NA,NA,31,FALSE,"hypoxia_anchored"
"KO_heat_up","GO_BP","GOBP_ANTIMICROBIAL_HUMORAL_RESPONSE",7,0.0159600390408059,0.00199900049975012,0.000606060606060606,77,TRUE,FALSE,FALSE,FALSE,"GOBP_HUMORAL_IMMUNE_RESPONSE",0.583333333333333,NA,FALSE,"hypoxia_anchored"
"KO_heat_up","GO_BP","GOBP_POSITIVE_REGULATION_OF_PHOSPHATIDYLINOSITOL_3_KINASE_PROTEIN_KINASE_B_SIGNAL_TRANSDUCTION",10,0.0159600390408059,0.039480259870065,0.0225338007010516,154,TRUE,FALSE,FALSE,FALSE,NA,NA,74,FALSE,"hypoxia_anchored"
"KO_heat_up","GO_BP","GOBP_CARDIOCYTE_DIFFERENTIATION",8,0.0159600390408059,0.023488255872064,0.0157760814249364,101,TRUE,FALSE,FALSE,FALSE,NA,NA,64,FALSE,"hypoxia_anchored"
"KO_heat_up","GO_BP","GOBP_RENAL_SYSTEM_VASCULATURE_DEVELOPMENT",4,0.0163798339670322,0.00899550224887556,0.010989010989011,21,TRUE,FALSE,FALSE,FALSE,"GOBP_REGULATION_OF_CELL_PROLIFERATION_INVOLVED_IN_KIDNEY_DEVELOPMENT",0.75,NA,FALSE,"hypoxia_anchored"
"KO_heat_up","GO_BP","GOBP_VASCULAR_ASSOCIATED_SMOOTH_MUSCLE_CELL_DIFFERENTIATION",4,0.0163798339670322,0.00249875062468766,0.00321199143468951,21,TRUE,FALSE,FALSE,FALSE,NA,NA,27,FALSE,"hypoxia_anchored"
"KO_heat_up","GO_BP","GOBP_REGULATION_OF_EXTRINSIC_APOPTOTIC_SIGNALING_PATHWAY_IN_ABSENCE_OF_LIGAND",5,0.0164296082467304,0.00599700149925037,0.0022140221402214,37,TRUE,FALSE,FALSE,FALSE,NA,NA,40,FALSE,"hypoxia_anchored"
"KO_heat_up","GO_BP","GOBP_REGULATION_OF_LEUKOCYTE_PROLIFERATION",12,0.0164296082467304,0.0649675162418791,0.049,215,TRUE,FALSE,TRUE,FALSE,NA,NA,NA,FALSE,"hypoxia_anchored"
"KO_heat_up","GO_BP","GOBP_POSITIVE_REGULATION_OF_CELL_GROWTH",9,0.0169746735309613,0.0144927536231884,0.00608519269776876,129,TRUE,FALSE,FALSE,FALSE,NA,NA,56,FALSE,"hypoxia_anchored"
"KO_heat_up","GO_BP","GOBP_MYELOID_LEUKOCYTE_MIGRATION",10,0.0179057707150799,0.0419790104947526,0.0250752256770311,158,TRUE,FALSE,FALSE,FALSE,"GOBP_MONONUCLEAR_CELL_MIGRATION",0.533333333333333,NA,FALSE,"hypoxia_anchored"
"KO_heat_up","GO_BP","GOBP_OSSIFICATION",15,0.0180892902883957,0.039480259870065,0.022,316,TRUE,FALSE,FALSE,FALSE,NA,NA,75,FALSE,"hypoxia_anchored"
"KO_heat_up","GO_BP","GOBP_MYELOID_CELL_DIFFERENTIATION",17,0.0181496888657564,0.0649675162418791,0.0405,386,TRUE,FALSE,TRUE,FALSE,NA,NA,NA,FALSE,"hypoxia_anchored"
"KO_heat_up","GO_BP","GOBP_REGULATION_OF_LYMPHOCYTE_MIGRATION",6,0.0181496888657564,0.0154922538730635,0.0110081112398609,58,TRUE,FALSE,FALSE,FALSE,"GOBP_LYMPHOCYTE_CHEMOTAXIS",0.571428571428571,NA,FALSE,"hypoxia_anchored"
"KO_heat_up","GO_BP","GOBP_RENAL_SYSTEM_DEVELOPMENT",12,0.0185505087904034,0.0484757621189405,0.023,221,TRUE,FALSE,FALSE,FALSE,NA,NA,78,FALSE,"hypoxia_anchored"
"KO_heat_up","GO_BP","GOBP_EOSINOPHIL_CHEMOTAXIS",3,0.0185505087904034,0.00149925037481259,0.00542005420054201,10,TRUE,FALSE,FALSE,FALSE,"GOMF_CHEMOKINE_ACTIVITY",0.6,NA,FALSE,"hypoxia_anchored"
"KO_heat_up","GO_BP","GOBP_INTERLEUKIN_1_ALPHA_PRODUCTION",3,0.0185505087904034,0.000999500249875062,0.00265957446808511,10,TRUE,FALSE,FALSE,FALSE,NA,NA,15,FALSE,"hypoxia_anchored"
"KO_heat_up","GO_BP","GOBP_REGULATION_OF_CELL_PROLIFERATION_INVOLVED_IN_KIDNEY_DEVELOPMENT",3,0.0185505087904034,0.00199900049975012,0.0032520325203252,10,TRUE,FALSE,FALSE,FALSE,NA,NA,25,FALSE,"hypoxia_anchored"
"KO_heat_up","GO_BP","GOBP_SIGNAL_TRANSDUCTION_IN_ABSENCE_OF_LIGAND",6,0.0185505087904034,0.00899550224887556,0.00293083235638921,59,TRUE,FALSE,FALSE,FALSE,"GOBP_REGULATION_OF_EXTRINSIC_APOPTOTIC_SIGNALING_PATHWAY_IN_ABSENCE_OF_LIGAND",0.833333333333333,NA,FALSE,"hypoxia_anchored"
"KO_heat_up","GO_BP","GOBP_SKELETAL_MUSCLE_CELL_DIFFERENTIATION",6,0.0185505087904034,0.00699650174912544,0.00253807106598985,59,TRUE,FALSE,FALSE,FALSE,NA,NA,48,FALSE,"hypoxia_anchored"
"KO_heat_up","GO_BP","GOBP_NEGATIVE_REGULATION_OF_MYELOID_LEUKOCYTE_DIFFERENTIATION",5,0.0203090433106093,0.00899550224887556,0.00412371134020619,40,TRUE,FALSE,FALSE,FALSE,NA,NA,51,FALSE,"hypoxia_anchored"
"KO_heat_up","GO_BP","GOBP_EPITHELIAL_CELL_PROLIFERATION",14,0.0215138391995837,0.0924537731134433,0.0495,291,TRUE,FALSE,TRUE,FALSE,NA,NA,NA,FALSE,"hypoxia_anchored"
"KO_heat_up","GO_BP","GOBP_MESODERM_DEVELOPMENT",7,0.0215138391995837,0.0144927536231884,0.00809498111171074,84,TRUE,FALSE,FALSE,FALSE,"GOBP_MESODERM_MORPHOGENESIS",1,NA,FALSE,"hypoxia_anchored"
"KO_heat_up","GO_BP","GOBP_POSITIVE_REGULATION_OF_RECEPTOR_MEDIATED_ENDOCYTOSIS",5,0.0219287659043159,0.00599700149925037,0.000700280112044818,41,TRUE,FALSE,FALSE,FALSE,NA,NA,41,FALSE,"hypoxia_anchored"
"KO_heat_up","GO_BP","GOBP_FORMATION_OF_PRIMARY_GERM_LAYER",7,0.0219287659043159,0.0114942528735632,0.00164024056861673,85,TRUE,FALSE,FALSE,FALSE,"GOBP_MESODERM_MORPHOGENESIS",1,NA,FALSE,"hypoxia_anchored"
"KO_heat_up","GO_BP","GOBP_POSITIVE_REGULATION_OF_T_CELL_PROLIFERATION",7,0.0219287659043159,0.024487756121939,0.0135135135135135,85,TRUE,FALSE,FALSE,FALSE,NA,NA,65,FALSE,"hypoxia_anchored"
"KO_heat_up","GO_BP","GOBP_T_CELL_MIGRATION",6,0.0219287659043159,0.0199900049975013,0.0062111801242236,62,TRUE,FALSE,FALSE,FALSE,"GOBP_LYMPHOCYTE_CHEMOTAXIS",0.571428571428571,NA,FALSE,"hypoxia_anchored"
"KO_heat_up","GO_BP","GOBP_GLOMERULAR_MESANGIUM_DEVELOPMENT",3,0.0219287659043159,0.00349825087456272,0,11,TRUE,FALSE,FALSE,FALSE,"GOBP_REGULATION_OF_CELL_PROLIFERATION_INVOLVED_IN_KIDNEY_DEVELOPMENT",1,NA,FALSE,"hypoxia_anchored"
"KO_heat_up","GO_BP","GOBP_GRANULOCYTE_MACROPHAGE_COLONY_STIMULATING_FACTOR_PRODUCTION",3,0.0219287659043159,0.00249875062468766,0.00189035916824197,11,TRUE,FALSE,FALSE,FALSE,NA,NA,28,FALSE,"hypoxia_anchored"
"KO_heat_up","GO_BP","GOBP_MESENCHYMAL_STEM_CELL_DIFFERENTIATION",3,0.0219287659043159,0.00149925037481259,0,11,TRUE,FALSE,FALSE,FALSE,NA,NA,20,FALSE,"hypoxia_anchored"
"KO_heat_up","GO_BP","GOBP_POSITIVE_REGULATION_OF_VASCULAR_ASSOCIATED_SMOOTH_MUSCLE_CELL_MIGRATION",3,0.0219287659043159,0.00199900049975012,0,11,TRUE,FALSE,FALSE,FALSE,NA,NA,26,FALSE,"hypoxia_anchored"
"KO_heat_up","GO_BP","GOBP_NEGATIVE_REGULATION_OF_DEFENSE_RESPONSE",12,0.0219287659043159,0.0559720139930035,0.0265132566283142,229,TRUE,FALSE,TRUE,FALSE,NA,NA,NA,FALSE,"hypoxia_anchored"
"KO_heat_up","GO_BP","GOBP_MUSCLE_TISSUE_DEVELOPMENT",14,0.0219287659043159,0.0664667666166917,0.0335,295,TRUE,FALSE,TRUE,FALSE,NA,NA,NA,FALSE,"hypoxia_anchored"
"KO_heat_up","GO_BP","GOBP_MUSCLE_CELL_DIFFERENTIATION",15,0.0221579143597326,0.0324837581209395,0.013,330,TRUE,FALSE,FALSE,FALSE,NA,NA,70,FALSE,"hypoxia_anchored"
"KO_heat_up","GO_BP","GOBP_ERK1_AND_ERK2_CASCADE",12,0.0223118530574249,0.0794602698650675,0.037,230,TRUE,FALSE,TRUE,FALSE,NA,NA,NA,FALSE,"hypoxia_anchored"
"KO_heat_up","GO_BP","GOBP_NEGATIVE_REGULATION_OF_RESPONSE_TO_WOUNDING",6,0.0223118530574249,0.00949525237381309,0.00405561993047509,63,TRUE,FALSE,FALSE,FALSE,"GOBP_NEGATIVE_REGULATION_OF_COAGULATION",0.714285714285714,NA,FALSE,"hypoxia_anchored"
"KO_heat_up","GO_BP","GOBP_B_CELL_PROLIFERATION",7,0.0243798869607232,0.0324837581209395,0.00997899159663865,88,TRUE,FALSE,FALSE,FALSE,NA,NA,71,FALSE,"hypoxia_anchored"
"KO_heat_up","GO_BP","GOBP_INTERLEUKIN_1_PRODUCTION",7,0.0243798869607232,0.0329835082458771,0.0123902942694889,88,TRUE,FALSE,FALSE,FALSE,NA,NA,72,FALSE,"hypoxia_anchored"
"KO_heat_up","GO_BP","GOBP_REGULATION_OF_T_CELL_ACTIVATION",15,0.0245969080257769,0.191904047976012,0.101,335,TRUE,FALSE,TRUE,FALSE,NA,NA,NA,FALSE,"hypoxia_anchored"
"KO_heat_up","GO_BP","GOBP_ADAPTIVE_IMMUNE_RESPONSE_BASED_ON_SOMATIC_RECOMBINATION_OF_IMMUNE_RECEPTORS_BUILT_FROM_IMMUNOGLOBULIN_SUPERFAMILY_DOMAINS",14,0.0253354259620311,0.120939530234883,0.0595,302,TRUE,FALSE,TRUE,FALSE,NA,NA,NA,FALSE,"hypoxia_anchored"
"KO_heat_up","GO_BP","GOBP_REGULATION_OF_LIPID_BIOSYNTHETIC_PROCESS",9,0.0253354259620311,0.0484757621189405,0.0186304128902316,143,TRUE,FALSE,FALSE,FALSE,NA,NA,79,FALSE,"hypoxia_anchored"
"KO_heat_up","GO_BP","GOBP_NEGATIVE_REGULATION_OF_WOUND_HEALING",5,0.0253354259620311,0.00499750124937531,0.00068073519400953,44,TRUE,FALSE,FALSE,FALSE,"GOBP_NEGATIVE_REGULATION_OF_COAGULATION",0.833333333333333,NA,FALSE,"hypoxia_anchored"
"KO_heat_up","GO_BP","GOBP_LEUKOCYTE_MEDIATED_IMMUNITY",15,0.0253354259620311,0.15592203898051,0.0775,338,TRUE,FALSE,TRUE,FALSE,NA,NA,NA,FALSE,"hypoxia_anchored"
"KO_heat_up","GO_BP","GOBP_POSITIVE_REGULATION_OF_HUMORAL_IMMUNE_RESPONSE",3,0.0253354259620311,0.00549725137431284,0.00302114803625378,12,TRUE,FALSE,FALSE,FALSE,NA,NA,38,FALSE,"hypoxia_anchored"
"KO_heat_up","GO_BP","GOBP_REGULATION_OF_INTERLEUKIN_1_MEDIATED_SIGNALING_PATHWAY",3,0.0253354259620311,0.000999500249875062,0,12,TRUE,FALSE,FALSE,FALSE,NA,NA,16,FALSE,"hypoxia_anchored"
"KO_heat_up","GO_BP","GOBP_REGULATION_OF_URINE_VOLUME",3,0.0253354259620311,0.00449775112443778,0.00178571428571429,12,TRUE,FALSE,FALSE,FALSE,NA,NA,34,FALSE,"hypoxia_anchored"
"KO_heat_up","GO_BP","GOBP_REGULATION_OF_RECEPTOR_MEDIATED_ENDOCYTOSIS",7,0.02739208951982,0.0149925037481259,0.002710027100271,91,TRUE,FALSE,FALSE,FALSE,"GOBP_POSITIVE_REGULATION_OF_RECEPTOR_MEDIATED_ENDOCYTOSIS",0.714285714285714,NA,FALSE,"hypoxia_anchored"
"KO_heat_up","GO_BP","GOBP_RECEPTOR_MEDIATED_ENDOCYTOSIS",11,0.0290055064183627,0.0184907546226887,0.00551931761164074,208,TRUE,FALSE,FALSE,FALSE,NA,NA,59,FALSE,"hypoxia_anchored"
"KO_heat_up","GO_BP","GOBP_MYELOID_LEUKOCYTE_ACTIVATION",11,0.0298900007602151,0.0939530234882559,0.038,209,TRUE,FALSE,TRUE,FALSE,NA,NA,NA,FALSE,"hypoxia_anchored"
"KO_heat_up","GO_BP","GOBP_B_CELL_MEDIATED_IMMUNITY",8,0.0301256126087688,0.0294852573713143,0.00613183444047011,120,TRUE,FALSE,FALSE,FALSE,NA,NA,68,FALSE,"hypoxia_anchored"
"KO_heat_up","GO_BP","GOBP_POSITIVE_REGULATION_OF_PHOSPHORYLATION",11,0.0301256126087688,0.072463768115942,0.0285142571285643,210,TRUE,FALSE,TRUE,FALSE,NA,NA,NA,FALSE,"hypoxia_anchored"
"KO_heat_up","GO_BP","GOBP_POSITIVE_REGULATION_OF_HEMOPOIESIS",10,0.0301256126087688,0.120939530234883,0.047,179,TRUE,FALSE,TRUE,FALSE,NA,NA,NA,FALSE,"hypoxia_anchored"
"KO_heat_up","GO_BP","GOBP_EYELID_DEVELOPMENT_IN_CAMERA_TYPE_EYE",3,0.0301256126087688,0.00649675162418791,0.00170648464163823,13,TRUE,FALSE,FALSE,FALSE,NA,NA,46,FALSE,"hypoxia_anchored"
"KO_heat_up","GO_BP","GOBP_FIBRINOLYSIS",3,0.0301256126087688,0.000499750124937531,0,13,TRUE,FALSE,FALSE,FALSE,NA,NA,10,TRUE,"hypoxia_anchored"
"KO_heat_up","GO_BP","GOBP_POSITIVE_REGULATION_OF_SYNCYTIUM_FORMATION_BY_PLASMA_MEMBRANE_FUSION",3,0.0301256126087688,0.00599700149925037,0.00191570881226054,13,TRUE,FALSE,FALSE,FALSE,NA,NA,42,FALSE,"hypoxia_anchored"
"KO_heat_up","GO_BP","GOBP_CELLULAR_RESPONSE_TO_INTERLEUKIN_1",6,0.0302194991402569,0.0179910044977511,0.00613496932515337,69,TRUE,FALSE,FALSE,FALSE,NA,NA,58,FALSE,"hypoxia_anchored"
"KO_heat_up","GO_BP","GOBP_DEFENSE_RESPONSE_TO_GRAM_NEGATIVE_BACTERIUM",5,0.0304687147469082,0.0184907546226887,0.0049906425452277,47,TRUE,FALSE,FALSE,FALSE,NA,NA,60,FALSE,"hypoxia_anchored"
"KO_heat_up","GO_BP","GOBP_CARTILAGE_DEVELOPMENT",9,0.0308556627279369,0.0349825087456272,0.00757575757575758,150,TRUE,FALSE,FALSE,FALSE,"GOBP_CONNECTIVE_TISSUE_DEVELOPMENT",0.692307692307692,NA,FALSE,"hypoxia_anchored"
"KO_heat_up","GO_BP","GOBP_POSITIVE_REGULATION_OF_VASCULATURE_DEVELOPMENT",8,0.0315513420825728,0.0264867566216892,0.00862944162436548,122,TRUE,FALSE,FALSE,FALSE,"GOBP_REGULATION_OF_VASCULATURE_DEVELOPMENT",0.533333333333333,NA,FALSE,"hypoxia_anchored"
"KO_heat_up","GO_BP","GOBP_ACUTE_INFLAMMATORY_RESPONSE",6,0.0315513420825728,0.0269865067466267,0.00547345374931582,70,TRUE,FALSE,FALSE,FALSE,NA,NA,66,FALSE,"hypoxia_anchored"
"KO_heat_up","GO_BP","GOBP_ENDOCHONDRAL_BONE_MORPHOGENESIS",5,0.0322354363435813,0.0139930034982509,0.00127959053103007,48,TRUE,FALSE,FALSE,FALSE,NA,NA,54,FALSE,"hypoxia_anchored"
"KO_heat_up","GO_BP","GOBP_REGULATION_OF_PROTEIN_MATURATION",5,0.0322354363435813,0.00749625187406297,0.00206185567010309,48,TRUE,FALSE,FALSE,FALSE,"GOBP_FIBRINOLYSIS",0.6,NA,FALSE,"hypoxia_anchored"
"KO_heat_up","GO_BP","GOBP_REGULATION_OF_CHEMOTAXIS",9,0.0325369531517979,0.0849575212393803,0.0286288297338021,152,TRUE,FALSE,TRUE,FALSE,NA,NA,NA,FALSE,"hypoxia_anchored"
"KO_heat_up","GO_BP","GOBP_REGULATION_OF_HUMORAL_IMMUNE_RESPONSE",4,0.0330273526069464,0.0119940029985007,0.00334728033472803,29,TRUE,FALSE,FALSE,FALSE,"GOBP_POSITIVE_REGULATION_OF_HUMORAL_IMMUNE_RESPONSE",0.75,NA,FALSE,"hypoxia_anchored"
"KO_heat_up","GO_BP","GOBP_BONE_RESORPTION",5,0.0342221236543967,0.0119940029985007,0.00326583932070542,49,TRUE,FALSE,FALSE,FALSE,"GOBP_POSITIVE_REGULATION_OF_BONE_RESORPTION",0.8,NA,FALSE,"hypoxia_anchored"
"KO_heat_up","GO_BP","GOBP_CELL_PROLIFERATION_INVOLVED_IN_KIDNEY_DEVELOPMENT",3,0.0342221236543967,0.015992003998001,0.00333333333333333,14,TRUE,FALSE,FALSE,FALSE,"GOBP_REGULATION_OF_CELL_PROLIFERATION_INVOLVED_IN_KIDNEY_DEVELOPMENT",1,NA,FALSE,"hypoxia_anchored"
"KO_heat_up","GO_BP","GOBP_POSITIVE_REGULATION_OF_LYMPHOCYTE_CHEMOTAXIS",3,0.0342221236543967,0.00949525237381309,0.00281293952180028,14,TRUE,FALSE,FALSE,FALSE,"GOBP_LYMPHOCYTE_CHEMOTAXIS",0.6,NA,FALSE,"hypoxia_anchored"
"KO_heat_up","GO_BP","GOBP_REGULATION_OF_PLASMINOGEN_ACTIVATION",3,0.0342221236543967,0.00499750124937531,0,14,TRUE,FALSE,FALSE,FALSE,"GOBP_FIBRINOLYSIS",1,NA,FALSE,"hypoxia_anchored"
"KO_heat_up","GO_BP","GOBP_POSITIVE_REGULATION_OF_EPITHELIAL_CELL_PROLIFERATION",8,0.034402353316217,0.0489755122438781,0.0141057934508816,125,TRUE,FALSE,FALSE,FALSE,NA,NA,80,FALSE,"hypoxia_anchored"
"KO_heat_up","GO_BP","GOBP_INTERLEUKIN_1_MEDIATED_SIGNALING_PATHWAY",4,0.0356885446440638,0.00549725137431284,0.000910746812386157,30,TRUE,FALSE,FALSE,FALSE,"GOBP_REGULATION_OF_INTERLEUKIN_1_MEDIATED_SIGNALING_PATHWAY",0.75,NA,FALSE,"hypoxia_anchored"
"KO_heat_up","GO_BP","GOBP_RHYTHMIC_BEHAVIOR",4,0.0356885446440638,0.00549725137431284,0.000904159132007233,30,TRUE,FALSE,FALSE,FALSE,NA,NA,39,FALSE,"hypoxia_anchored"
"KO_heat_up","GO_BP","GOBP_GLOMERULUS_DEVELOPMENT",5,0.0357311060744323,0.0219890054972514,0.00496277915632754,50,TRUE,FALSE,FALSE,FALSE,"GOBP_REGULATION_OF_CELL_PROLIFERATION_INVOLVED_IN_KIDNEY_DEVELOPMENT",0.6,NA,FALSE,"hypoxia_anchored"
"KO_heat_up","GO_BP","GOBP_SMOOTH_MUSCLE_CELL_MIGRATION",5,0.0357311060744323,0.0364817591204398,0.00587889476778366,50,TRUE,FALSE,FALSE,FALSE,"GOBP_POSITIVE_REGULATION_OF_VASCULAR_ASSOCIATED_SMOOTH_MUSCLE_CELL_MIGRATION",0.6,NA,FALSE,"hypoxia_anchored"
"KO_heat_up","GO_BP","GOBP_ALPHA_BETA_T_CELL_ACTIVATION",10,0.0374565492072214,0.108445777111444,0.0415415415415415,188,TRUE,FALSE,TRUE,FALSE,NA,NA,NA,FALSE,"hypoxia_anchored"
"KO_heat_up","GO_BP","GOBP_POSITIVE_REGULATION_OF_MONONUCLEAR_CELL_MIGRATION",6,0.0376200552358461,0.0584707646176912,0.0169401799894124,74,TRUE,FALSE,TRUE,FALSE,NA,NA,NA,FALSE,"hypoxia_anchored"
"KO_heat_up","GO_BP","GOBP_BLOOD_VESSEL_ENDOTHELIAL_CELL_MIGRATION",7,0.0378142606169319,0.0569715142428786,0.0138674884437596,100,TRUE,FALSE,TRUE,FALSE,NA,NA,NA,FALSE,"hypoxia_anchored"
"KO_heat_up","GO_BP","GOBP_ADENYLATE_CYCLASE_MODULATING_G_PROTEIN_COUPLED_RECEPTOR_SIGNALING_PATHWAY",9,0.0383637610991584,0.0204897551224388,0.00303336703741153,158,TRUE,FALSE,FALSE,FALSE,"GOBP_ADENYLATE_CYCLASE_ACTIVATING_G_PROTEIN_COUPLED_RECEPTOR_SIGNALING_PATHWAY",1,NA,FALSE,"hypoxia_anchored"
"KO_heat_up","GO_BP","GOBP_POSITIVE_REGULATION_OF_ERK1_AND_ERK2_CASCADE",8,0.0386844942498075,0.0824587706146927,0.0256539235412475,129,TRUE,FALSE,TRUE,FALSE,NA,NA,NA,FALSE,"hypoxia_anchored"
"KO_heat_up","GO_BP","GOBP_BONE_MORPHOGENESIS",6,0.0386844942498075,0.0344827586206897,0.0054525627044711,75,TRUE,FALSE,FALSE,FALSE,"GOBP_ENDOCHONDRAL_BONE_MORPHOGENESIS",0.833333333333333,NA,FALSE,"hypoxia_anchored"
"KO_heat_up","GO_BP","GOBP_NEUROINFLAMMATORY_RESPONSE",6,0.0386844942498075,0.0599700149925037,0.0136482939632546,75,TRUE,FALSE,TRUE,FALSE,NA,NA,NA,FALSE,"hypoxia_anchored"
"KO_heat_up","GO_BP","GOBP_REGULATION_OF_TUBE_SIZE",7,0.0386844942498075,0.0674662668665667,0.0112589559877175,101,TRUE,FALSE,TRUE,FALSE,NA,NA,NA,FALSE,"hypoxia_anchored"
"KO_heat_up","GO_BP","GOBP_CARDIAC_CELL_DEVELOPMENT",5,0.0397653422195309,0.0389805097451274,0.00472533963378618,52,TRUE,FALSE,FALSE,FALSE,"GOBP_CARDIOCYTE_DIFFERENTIATION",0.625,NA,FALSE,"hypoxia_anchored"
"KO_heat_up","GO_BP","GOBP_MAMMARY_GLAND_EPITHELIUM_DEVELOPMENT",5,0.0397653422195309,0.0314842578710645,0.00647058823529412,52,TRUE,FALSE,FALSE,FALSE,NA,NA,69,FALSE,"hypoxia_anchored"
"KO_heat_up","GO_BP","GOBP_REGULATION_OF_PHOSPHORYLATION",15,0.04004117622784,0.148925537231384,0.0485,365,TRUE,FALSE,TRUE,FALSE,NA,NA,NA,FALSE,"hypoxia_anchored"
"KO_heat_up","GO_BP","GOBP_MUSCLE_ADAPTATION",6,0.04004117622784,0.0604697651174413,0.0110526315789474,76,TRUE,FALSE,TRUE,FALSE,NA,NA,NA,FALSE,"hypoxia_anchored"
"KO_heat_up","GO_BP","GOBP_HEMOSTASIS",10,0.04004117622784,0.0354822588705647,0.00803212851405622,192,TRUE,FALSE,FALSE,FALSE,"GOBP_NEGATIVE_REGULATION_OF_COAGULATION",0.6,NA,FALSE,"hypoxia_anchored"
"KO_heat_up","GO_BP","GOBP_VASCULAR_PROCESS_IN_CIRCULATORY_SYSTEM",10,0.04004117622784,0.0789605197401299,0.0225225225225225,192,TRUE,FALSE,TRUE,FALSE,NA,NA,NA,FALSE,"hypoxia_anchored"
"KO_heat_up","GO_BP","GOBP_GASTRULATION",8,0.0405819838085739,0.0324837581209395,0.00510725229826353,131,TRUE,FALSE,FALSE,FALSE,"GOBP_MESODERM_MORPHOGENESIS",0.875,NA,FALSE,"hypoxia_anchored"
"KO_heat_up","GO_BP","GOBP_SMOOTH_MUSCLE_CELL_PROLIFERATION",7,0.0410481957392553,0.0909545227386307,0.0197869101978691,103,TRUE,FALSE,TRUE,FALSE,NA,NA,NA,FALSE,"hypoxia_anchored"
"KO_heat_up","GO_BP","GOBP_POSITIVE_REGULATION_OF_CHEMOTAXIS",7,0.0428128981010222,0.0879560219890055,0.0197869101978691,104,TRUE,FALSE,TRUE,FALSE,NA,NA,NA,FALSE,"hypoxia_anchored"
"KO_heat_up","GO_BP","GOBP_REGULATION_OF_MYELOID_LEUKOCYTE_DIFFERENTIATION",7,0.0428128981010222,0.0814592703648176,0.0138319672131148,104,TRUE,FALSE,TRUE,FALSE,NA,NA,NA,FALSE,"hypoxia_anchored"
"KO_heat_up","GO_BP","GOBP_EMBRYONIC_FORELIMB_MORPHOGENESIS",3,0.043587947400076,0.00749625187406297,0.00154083204930663,16,TRUE,FALSE,FALSE,FALSE,NA,NA,49,FALSE,"hypoxia_anchored"
"KO_heat_up","GO_BP","GOBP_MONOCYTE_DIFFERENTIATION",4,0.0441254204879526,0.0199900049975013,0.00301431801055011,33,TRUE,FALSE,FALSE,FALSE,NA,NA,62,FALSE,"hypoxia_anchored"
"KO_heat_up","GO_BP","GOBP_RESPIRATORY_SYSTEM_DEVELOPMENT",9,0.0442089524076251,0.0779610194902549,0.013091641490433,164,TRUE,FALSE,TRUE,FALSE,NA,NA,NA,FALSE,"hypoxia_anchored"
"KO_heat_up","GO_BP","GOBP_REGULATION_OF_NEURON_APOPTOTIC_PROCESS",10,0.045704136697759,0.127936031984008,0.027027027027027,197,TRUE,FALSE,TRUE,FALSE,NA,NA,NA,FALSE,"hypoxia_anchored"
"KO_heat_up","GO_BP","GOBP_POSITIVE_REGULATION_OF_MAPK_CASCADE",14,0.045704136697759,0.176911544227886,0.048,336,TRUE,FALSE,TRUE,FALSE,NA,NA,NA,FALSE,"hypoxia_anchored"
"KO_heat_up","GO_BP","GOBP_REGULATION_OF_LEUKOCYTE_DIFFERENTIATION",13,0.045704136697759,0.271364317841079,0.0865,300,TRUE,FALSE,TRUE,FALSE,NA,NA,NA,FALSE,"hypoxia_anchored"
"KO_heat_up","GO_BP","GOBP_MORPHOGENESIS_OF_A_BRANCHING_STRUCTURE",8,0.0459707298131079,0.101949025487256,0.0191435768261965,135,TRUE,FALSE,TRUE,FALSE,NA,NA,NA,FALSE,"hypoxia_anchored"
"KO_heat_up","GO_BP","GOBP_POSITIVE_REGULATION_OF_MIRNA_METABOLIC_PROCESS",5,0.046095385974791,0.0424787606196902,0.00635103926096998,55,TRUE,FALSE,FALSE,FALSE,NA,NA,76,FALSE,"hypoxia_anchored"
"KO_heat_up","GO_BP","GOBP_NEGATIVE_REGULATION_OF_MEMBRANE_PERMEABILITY",3,0.0491634981621766,0.0184907546226887,0.0025062656641604,17,TRUE,FALSE,FALSE,FALSE,NA,NA,61,FALSE,"hypoxia_anchored"
"KO_heat_up","GO_BP","GOBP_PLASMINOGEN_ACTIVATION",3,0.0491634981621766,0.00749625187406297,0,17,TRUE,FALSE,FALSE,FALSE,"GOBP_FIBRINOLYSIS",1,NA,FALSE,"hypoxia_anchored"
"KO_heat_up","GO_BP","GOBP_PODOSOME_ASSEMBLY",3,0.0491634981621766,0.00649675162418791,0,17,TRUE,FALSE,FALSE,FALSE,NA,NA,47,FALSE,"hypoxia_anchored"
"KO_heat_up","GO_MF","GOMF_CYTOKINE_ACTIVITY",27,2.39876822365882e-18,0.000499750124937531,0,128,TRUE,FALSE,FALSE,FALSE,NA,NA,1,TRUE,"hypoxia_anchored"
"KO_heat_up","GO_MF","GOMF_CYTOKINE_RECEPTOR_BINDING",21,1.96742794957775e-08,0.000499750124937531,0,191,TRUE,FALSE,FALSE,FALSE,"GOMF_CYTOKINE_ACTIVITY",0.655172413793103,NA,FALSE,"hypoxia_anchored"
"KO_heat_up","GO_MF","GOMF_TUMOR_NECROSIS_FACTOR_RECEPTOR_BINDING",7,7.42220451525774e-05,0.000499750124937531,0,27,TRUE,FALSE,FALSE,FALSE,"REACTOME_TNFS_BIND_THEIR_PHYSIOLOGICAL_RECEPTORS",0.75,NA,FALSE,"hypoxia_anchored"
"KO_heat_up","GO_MF","GOMF_GROWTH_FACTOR_ACTIVITY",11,0.000101097522441922,0.000499750124937531,0,89,TRUE,FALSE,FALSE,FALSE,NA,NA,2,TRUE,"hypoxia_anchored"
"KO_heat_up","GO_MF","GOMF_TUMOR_NECROSIS_FACTOR_RECEPTOR_SUPERFAMILY_BINDING",8,0.000105671705891022,0.000499750124937531,0,43,TRUE,FALSE,FALSE,FALSE,"REACTOME_TNFS_BIND_THEIR_PHYSIOLOGICAL_RECEPTORS",0.666666666666667,NA,FALSE,"hypoxia_anchored"
"KO_heat_up","GO_MF","GOMF_G_PROTEIN_COUPLED_RECEPTOR_BINDING",14,0.000561036872682735,0.000499750124937531,0,178,TRUE,FALSE,FALSE,FALSE,NA,NA,3,TRUE,"hypoxia_anchored"
"KO_heat_up","GO_MF","GOMF_GROWTH_FACTOR_RECEPTOR_BINDING",10,0.000775866548543543,0.000499750124937531,0,95,TRUE,FALSE,FALSE,FALSE,"GOMF_GROWTH_FACTOR_ACTIVITY",0.615384615384615,NA,FALSE,"hypoxia_anchored"
"KO_heat_up","GO_MF","GOMF_CHEMOKINE_ACTIVITY",5,0.00994508834051105,0.000499750124937531,0,29,TRUE,FALSE,FALSE,FALSE,NA,NA,4,TRUE,"hypoxia_anchored"
"KO_heat_up","GO_MF","GOMF_CCR_CHEMOKINE_RECEPTOR_BINDING",4,0.0217110455328061,0.000499750124937531,0,20,TRUE,FALSE,FALSE,FALSE,"GOMF_CHEMOKINE_ACTIVITY",0.8,NA,FALSE,"hypoxia_anchored"
"KO_heat_up","GO_MF","GOMF_CHEMOKINE_RECEPTOR_BINDING",5,0.0329646783603606,0.000999500249875062,0,39,TRUE,FALSE,FALSE,FALSE,"GOMF_CHEMOKINE_ACTIVITY",1,NA,FALSE,"hypoxia_anchored"
"KO_heat_up","GO_MF","GOMF_GROWTH_FACTOR_BINDING",8,0.0331472786811381,0.000999500249875062,0,105,TRUE,FALSE,FALSE,FALSE,NA,NA,5,TRUE,"hypoxia_anchored"
"KO_heat_up","KEGG","KEGG_CYTOKINE_CYTOKINE_RECEPTOR_INTERACTION",24,1.9793992874386e-10,0.000499750124937531,0.0025062656641604,184,TRUE,FALSE,FALSE,FALSE,"GOMF_CYTOKINE_ACTIVITY",0.59375,NA,FALSE,"hypoxia_anchored"
"KO_heat_up","KEGG","KEGG_GRAFT_VERSUS_HOST_DISEASE",5,0.0186056979818562,0.0134932533733133,0.0172209026128266,27,TRUE,FALSE,FALSE,FALSE,NA,NA,2,TRUE,"hypoxia_anchored"
"KO_heat_up","KEGG","KEGG_TYPE_I_DIABETES_MELLITUS",5,0.020693593105665,0.0154922538730635,0.0160714285714286,30,TRUE,FALSE,FALSE,FALSE,"KEGG_GRAFT_VERSUS_HOST_DISEASE",0.666666666666667,NA,FALSE,"hypoxia_anchored"
"KO_heat_up","KEGG","KEGG_NEUROACTIVE_LIGAND_RECEPTOR_INTERACTION",8,0.0492578337935076,0.000999500249875062,0.000585137507314219,97,TRUE,FALSE,FALSE,FALSE,NA,NA,1,TRUE,"hypoxia_anchored"
"KO_heat_up","Reactome","REACTOME_INTERLEUKIN_10_SIGNALING",10,7.66535721382053e-07,0.000499750124937531,0,37,TRUE,FALSE,FALSE,FALSE,NA,NA,1,TRUE,"hypoxia_anchored"
"KO_heat_up","Reactome","REACTOME_TNFS_BIND_THEIR_PHYSIOLOGICAL_RECEPTORS",7,4.82021576367719e-05,0.000499750124937531,0,23,TRUE,FALSE,FALSE,FALSE,NA,NA,2,TRUE,"hypoxia_anchored"
"KO_heat_up","Reactome","REACTOME_GPCR_LIGAND_BINDING",16,0.000450757497194366,0.000499750124937531,0,205,TRUE,FALSE,FALSE,FALSE,NA,NA,3,TRUE,"hypoxia_anchored"
"KO_heat_up","Reactome","REACTOME_NGF_STIMULATED_TRANSCRIPTION",7,0.000660009647200625,0.000499750124937531,0,36,TRUE,FALSE,FALSE,FALSE,NA,NA,4,TRUE,"hypoxia_anchored"
"KO_heat_up","Reactome","REACTOME_CLASS_A_1_RHODOPSIN_LIKE_RECEPTORS",13,0.00119379298597734,0.000499750124937531,0,156,TRUE,FALSE,FALSE,FALSE,"REACTOME_GPCR_LIGAND_BINDING",0.8125,NA,FALSE,"hypoxia_anchored"
"KO_heat_up","Reactome","REACTOME_SIGNALING_BY_INTERLEUKINS",21,0.00288370846890765,0.000499750124937531,0,397,TRUE,FALSE,FALSE,FALSE,NA,NA,5,TRUE,"hypoxia_anchored"
"KO_heat_up","Reactome","REACTOME_SIGNALING_BY_NTRKS",10,0.00714716151022166,0.000499750124937531,0,117,TRUE,FALSE,FALSE,FALSE,"REACTOME_NGF_STIMULATED_TRANSCRIPTION",0.7,NA,FALSE,"hypoxia_anchored"
"KO_heat_up","Reactome","REACTOME_NUCLEAR_EVENTS_KINASE_AND_TRANSCRIPTION_FACTOR_ACTIVATION",7,0.00823149815800039,0.000499750124937531,0,58,TRUE,FALSE,FALSE,FALSE,"REACTOME_NGF_STIMULATED_TRANSCRIPTION",1,NA,FALSE,"hypoxia_anchored"
"KO_heat_up","Reactome","REACTOME_EGFR_DOWNREGULATION",5,0.00841648156587522,0.000499750124937531,0,27,TRUE,FALSE,FALSE,FALSE,NA,NA,6,TRUE,"hypoxia_anchored"
"KO_heat_up","Reactome","REACTOME_TNFR2_NON_CANONICAL_NF_KB_PATHWAY",8,0.00841648156587522,0.000499750124937531,0,80,TRUE,FALSE,FALSE,FALSE,"REACTOME_TNFS_BIND_THEIR_PHYSIOLOGICAL_RECEPTORS",0.875,NA,FALSE,"hypoxia_anchored"
"KO_heat_up","Reactome","REACTOME_EXTRACELLULAR_MATRIX_ORGANIZATION",13,0.00898862800333866,0.000499750124937531,0,206,TRUE,FALSE,FALSE,FALSE,NA,NA,7,TRUE,"hypoxia_anchored"
"KO_heat_up","Reactome","REACTOME_TNF_RECEPTOR_SUPERFAMILY_TNFSF_MEMBERS_MEDIATING_NON_CANONICAL_NF_KB_PATHWAY",4,0.00898862800333866,0.000499750124937531,0,16,TRUE,FALSE,FALSE,FALSE,"GOBP_POSITIVE_REGULATION_OF_EXTRINSIC_APOPTOTIC_SIGNALING_PATHWAY",0.571428571428571,NA,FALSE,"hypoxia_anchored"
"KO_heat_up","Reactome","REACTOME_PI3K_AKT_SIGNALING_IN_CANCER",8,0.010713579676676,0.000499750124937531,0,86,TRUE,FALSE,FALSE,FALSE,NA,NA,8,TRUE,"hypoxia_anchored"
"KO_heat_up","Reactome","REACTOME_CONSTITUTIVE_SIGNALING_BY_ABERRANT_PI3K_IN_CANCER",6,0.0335091220838926,0.000999500249875062,0,59,TRUE,FALSE,FALSE,FALSE,"REACTOME_PI3K_AKT_SIGNALING_IN_CANCER",0.75,NA,FALSE,"hypoxia_anchored"
"KO_heat_up","Reactome","REACTOME_DISSOLUTION_OF_FIBRIN_CLOT",3,0.0335091220838926,0.000499750124937531,0,11,TRUE,FALSE,FALSE,FALSE,"GOBP_FIBRINOLYSIS",1,NA,FALSE,"hypoxia_anchored"
"KO_heat_up","Reactome","REACTOME_SHC1_EVENTS_IN_EGFR_SIGNALING",3,0.0335091220838926,0.000499750124937531,0,11,TRUE,FALSE,FALSE,FALSE,"REACTOME_EGFR_DOWNREGULATION",0.6,NA,FALSE,"hypoxia_anchored"
"KO_heat_up","Reactome","REACTOME_ATTACHMENT_AND_ENTRY",3,0.0414384436435143,0.00149925037481259,0,12,TRUE,FALSE,FALSE,FALSE,NA,NA,9,TRUE,"hypoxia_anchored"
"KO_heat_up","GO_BP","GOBP_RESPONSE_TO_OXYGEN_LEVELS",11,NA,NA,NA,274,FALSE,TRUE,FALSE,FALSE,NA,NA,81,TRUE,"hypoxia_anchored"
"KO_heat_up","GO_BP","GOBP_CELLULAR_RESPONSE_TO_OXYGEN_LEVELS",3,NA,NA,NA,142,FALSE,TRUE,FALSE,FALSE,NA,NA,82,TRUE,"hypoxia_anchored"
"Interaction_up","Hallmark","HALLMARK_INTERFERON_ALPHA_RESPONSE",4,1.09419264233075e-05,0.000999500249875062,0.0335051546391753,92,TRUE,FALSE,FALSE,FALSE,"GOBP_DEFENSE_RESPONSE_TO_VIRUS",0.666666666666667,NA,FALSE,"unpinned"
"Interaction_up","Hallmark","HALLMARK_INTERFERON_GAMMA_RESPONSE",4,8.48560679850093e-05,0.000499750124937531,0.0218579234972678,182,TRUE,FALSE,FALSE,FALSE,"REACTOME_INTERFERON_ALPHA_BETA_SIGNALING",0.75,NA,FALSE,"unpinned"
"Interaction_up","Hallmark","HALLMARK_INFLAMMATORY_RESPONSE",2,0.0372419292807396,0.0629685157421289,0.0113350125944584,166,TRUE,FALSE,TRUE,FALSE,NA,NA,NA,FALSE,"unpinned"
"Interaction_up","GO_BP","GOBP_DEFENSE_RESPONSE_TO_VIRUS",6,1.42544431519692e-07,0.000499750124937531,0,258,TRUE,FALSE,FALSE,FALSE,NA,NA,1,TRUE,"unpinned"
"Interaction_up","GO_BP","GOBP_RESPONSE_TO_VIRUS",6,4.03629314482295e-07,0.000499750124937531,0,344,TRUE,FALSE,FALSE,FALSE,"GOBP_DEFENSE_RESPONSE_TO_VIRUS",1,NA,FALSE,"unpinned"
"Interaction_up","GO_BP","GOBP_REGULATION_OF_VIRAL_PROCESS",4,1.22298674056672e-05,0.000499750124937531,0.00505050505050505,113,TRUE,FALSE,FALSE,FALSE,"GOBP_DEFENSE_RESPONSE_TO_VIRUS",0.666666666666667,NA,FALSE,"unpinned"
"Interaction_up","GO_BP","GOBP_VIRAL_PROCESS",5,1.22298674056672e-05,0.000499750124937531,0.00232018561484919,314,TRUE,FALSE,FALSE,FALSE,"GOBP_DEFENSE_RESPONSE_TO_VIRUS",0.833333333333333,NA,FALSE,"unpinned"
"Interaction_up","GO_BP","GOBP_NEGATIVE_REGULATION_OF_VIRAL_PROCESS",3,0.000150431298142195,0.000499750124937531,0.0181818181818182,61,TRUE,FALSE,FALSE,FALSE,NA,NA,2,TRUE,"unpinned"
"Interaction_up","GO_BP","GOBP_REGULATION_OF_VIRAL_LIFE_CYCLE",3,0.000405985211959114,0.000499750124937531,0.0121212121212121,90,TRUE,FALSE,FALSE,FALSE,NA,NA,3,TRUE,"unpinned"
"Interaction_up","GO_BP","GOBP_MONOCYTE_DIFFERENTIATION",2,0.00351096866598556,0.000499750124937531,0.0151515151515152,33,TRUE,FALSE,FALSE,FALSE,NA,NA,4,TRUE,"unpinned"
"Interaction_up","GO_BP","GOBP_RESPONSE_TO_INTERFERON_BETA",2,0.0036622560332995,0.000999500249875062,0.0128205128205128,36,TRUE,FALSE,FALSE,FALSE,NA,NA,5,TRUE,"unpinned"
"Interaction_up","GO_BP","GOBP_NEGATIVE_REGULATION_OF_VIRAL_GENOME_REPLICATION",2,0.00402555970167259,0.00149925037481259,0.0235294117647059,40,TRUE,FALSE,FALSE,FALSE,"GOBP_NEGATIVE_REGULATION_OF_VIRAL_PROCESS",0.666666666666667,NA,FALSE,"unpinned"
"Interaction_up","GO_BP","GOBP_VIRAL_LIFE_CYCLE",3,0.0042024248893864,0.00199900049975012,0.00571428571428571,234,TRUE,FALSE,FALSE,FALSE,"GOBP_REGULATION_OF_VIRAL_LIFE_CYCLE",1,NA,FALSE,"unpinned"
"Interaction_up","GO_BP","GOBP_ACTIVATION_OF_INNATE_IMMUNE_RESPONSE",3,0.00668248512693815,0.000999500249875062,0.00267379679144385,283,TRUE,FALSE,FALSE,FALSE,"GOBP_MONOCYTE_DIFFERENTIATION",0.666666666666667,NA,FALSE,"unpinned"
"Interaction_up","GO_BP","GOBP_ANTIVIRAL_INNATE_IMMUNE_RESPONSE",2,0.00737595027301619,0.000999500249875062,0,63,TRUE,FALSE,FALSE,FALSE,"GOBP_NEGATIVE_REGULATION_OF_VIRAL_PROCESS",0.666666666666667,NA,FALSE,"unpinned"
"Interaction_up","GO_BP","GOBP_REGULATION_OF_VIRAL_GENOME_REPLICATION",2,0.00737595027301619,0.00199900049975012,0.0165289256198347,65,TRUE,FALSE,FALSE,FALSE,"GOBP_NEGATIVE_REGULATION_OF_VIRAL_PROCESS",0.666666666666667,NA,FALSE,"unpinned"
"Interaction_up","GO_BP","GOBP_POSITIVE_REGULATION_OF_RESPONSE_TO_BIOTIC_STIMULUS",3,0.0107773595440057,0.00199900049975012,0.00420168067226891,362,TRUE,FALSE,FALSE,FALSE,"GOBP_MONOCYTE_DIFFERENTIATION",0.666666666666667,NA,FALSE,"unpinned"
"Interaction_up","GO_BP","GOBP_VIRAL_GENOME_REPLICATION",2,0.0127604193886798,0.00249875062468766,0.0140845070422535,92,TRUE,FALSE,FALSE,FALSE,"GOBP_NEGATIVE_REGULATION_OF_VIRAL_PROCESS",0.666666666666667,NA,FALSE,"unpinned"
"Interaction_up","GO_BP","GOBP_RESPONSE_TO_TYPE_I_INTERFERON",2,0.0164329230868334,0.00649675162418791,0.00869565217391304,108,TRUE,FALSE,FALSE,FALSE,"REACTOME_INTERFERON_ALPHA_BETA_SIGNALING",0.666666666666667,NA,FALSE,"unpinned"
"Interaction_up","GO_BP","GOBP_TYPE_I_INTERFERON_PRODUCTION",2,0.0212940327029913,0.00449775112443778,0,127,TRUE,FALSE,FALSE,FALSE,"REACTOME_INTERFERON_ALPHA_BETA_SIGNALING",0.666666666666667,NA,FALSE,"unpinned"
"Interaction_up","GO_BP","GOBP_REGULATION_OF_PATTERN_RECOGNITION_RECEPTOR_SIGNALING_PATHWAY",2,0.0328270659180712,0.00449775112443778,0.00425531914893617,163,TRUE,FALSE,FALSE,FALSE,"GOBP_MONOCYTE_DIFFERENTIATION",1,NA,FALSE,"unpinned"
"Interaction_up","GO_BP","GOBP_CYTOPLASMIC_PATTERN_RECOGNITION_RECEPTOR_SIGNALING_PATHWAY",2,0.0349387978463269,0.00399800099950025,0.004149377593361,173,TRUE,FALSE,FALSE,FALSE,"GOBP_MONOCYTE_DIFFERENTIATION",1,NA,FALSE,"unpinned"
"Interaction_up","GO_BP","GOBP_INTERLEUKIN_27_MEDIATED_SIGNALING_PATHWAY",1,0.0375838449558217,0.00999500249875063,0,10,TRUE,FALSE,FALSE,FALSE,"GOBP_SYNAPTIC_VESICLE_BUDDING",1,NA,FALSE,"unpinned"
"Interaction_up","GO_BP","GOBP_MACROPHAGE_APOPTOTIC_PROCESS",1,0.0375838449558217,0.000999500249875062,0,10,TRUE,FALSE,FALSE,FALSE,NA,NA,6,TRUE,"unpinned"
"Interaction_up","GO_BP","GOBP_MDA_5_SIGNALING_PATHWAY",1,0.0375838449558217,0.00699650174912544,0,10,TRUE,FALSE,FALSE,FALSE,"GOBP_MACROPHAGE_APOPTOTIC_PROCESS",1,NA,FALSE,"unpinned"
"Interaction_up","GO_BP","GOBP_SYNAPTIC_VESICLE_BUDDING",1,0.0375838449558217,0.00199900049975012,0,10,TRUE,FALSE,FALSE,FALSE,NA,NA,7,TRUE,"unpinned"
"Interaction_up","GO_BP","GOBP_NEGATIVE_REGULATION_OF_DNA_BINDING",1,0.0380245426264712,0.00849575212393803,0,11,TRUE,FALSE,FALSE,FALSE,"REACTOME_IRF3_MEDIATED_INDUCTION_OF_TYPE_I_IFN",1,NA,FALSE,"unpinned"
"Interaction_up","GO_BP","GOBP_NEGATIVE_REGULATION_OF_MYELOID_CELL_APOPTOTIC_PROCESS",1,0.0380245426264712,0.00449775112443778,0,11,TRUE,FALSE,FALSE,FALSE,"GOBP_MACROPHAGE_APOPTOTIC_PROCESS",1,NA,FALSE,"unpinned"
"Interaction_up","GO_BP","GOBP_MYELOID_LEUKOCYTE_DIFFERENTIATION",2,0.0393321108883158,0.00649675162418791,0,216,TRUE,FALSE,FALSE,FALSE,"GOBP_MONOCYTE_DIFFERENTIATION",1,NA,FALSE,"unpinned"
"Interaction_up","GO_BP","GOBP_REGULATION_OF_VIRAL_ENTRY_INTO_HOST_CELL",1,0.0443600301893172,0.0174912543728136,0,14,TRUE,FALSE,FALSE,FALSE,"GOBP_HOST_MEDIATED_SUPPRESSION_OF_SYMBIONT_INVASION",1,NA,FALSE,"unpinned"
"Interaction_up","GO_BP","GOBP_MYD88_INDEPENDENT_TOLL_LIKE_RECEPTOR_SIGNALING_PATHWAY",1,0.0443600301893172,0.00699650174912544,0,15,TRUE,FALSE,FALSE,FALSE,"GOBP_MACROPHAGE_APOPTOTIC_PROCESS",1,NA,FALSE,"unpinned"
"Interaction_up","GO_BP","GOBP_NEGATIVE_REGULATION_OF_INFLAMMASOME_MEDIATED_SIGNALING_PATHWAY",1,0.0443600301893172,0.00699650174912544,0,15,TRUE,FALSE,FALSE,FALSE,"REACTOME_IRF3_MEDIATED_INDUCTION_OF_TYPE_I_IFN",1,NA,FALSE,"unpinned"
"Interaction_up","GO_BP","GOBP_HOST_MEDIATED_SUPPRESSION_OF_SYMBIONT_INVASION",1,0.0443600301893172,0.00599700149925037,0,16,TRUE,FALSE,FALSE,FALSE,NA,NA,8,TRUE,"unpinned"
"Interaction_up","GO_BP","GOBP_REGULATION_OF_MONOCYTE_DIFFERENTIATION",1,0.0443600301893172,0.0209895052473763,0,16,TRUE,FALSE,FALSE,FALSE,"GOBP_MACROPHAGE_APOPTOTIC_PROCESS",1,NA,FALSE,"unpinned"
"Interaction_up","GO_BP","GOBP_SUPPRESSION_OF_VIRAL_RELEASE_BY_HOST",1,0.0443600301893172,0.0109945027486257,0,17,TRUE,FALSE,FALSE,FALSE,"GOBP_HOST_MEDIATED_SUPPRESSION_OF_SYMBIONT_INVASION",1,NA,FALSE,"unpinned"
"Interaction_up","GO_BP","GOBP_INFLAMMATORY_CELL_APOPTOTIC_PROCESS",1,0.0443600301893172,0.00849575212393803,0,18,TRUE,FALSE,FALSE,FALSE,"GOBP_MACROPHAGE_APOPTOTIC_PROCESS",1,NA,FALSE,"unpinned"
"Interaction_up","GO_BP","GOBP_MYD88_DEPENDENT_TOLL_LIKE_RECEPTOR_SIGNALING_PATHWAY",1,0.0443600301893172,0.0129935032483758,0,18,TRUE,FALSE,FALSE,FALSE,"GOBP_MACROPHAGE_APOPTOTIC_PROCESS",1,NA,FALSE,"unpinned"
"Interaction_up","GO_BP","GOBP_POSITIVE_REGULATION_OF_TYPE_I_INTERFERON_MEDIATED_SIGNALING_PATHWAY",1,0.0443600301893172,0.0164917541229385,0,18,TRUE,FALSE,FALSE,FALSE,"GOBP_MACROPHAGE_APOPTOTIC_PROCESS",1,NA,FALSE,"unpinned"
"Interaction_up","GO_BP","GOBP_MODULATION_BY_SYMBIONT_OF_ENTRY_INTO_HOST",1,0.0455114612364748,0.0209895052473763,0,19,TRUE,FALSE,FALSE,FALSE,"GOBP_HOST_MEDIATED_SUPPRESSION_OF_SYMBIONT_INVASION",1,NA,FALSE,"unpinned"
"Interaction_up","GO_BP","GOBP_REGULATION_OF_MYELOID_CELL_APOPTOTIC_PROCESS",1,0.0465993932286374,0.00749625187406297,0,20,TRUE,FALSE,FALSE,FALSE,"GOBP_MACROPHAGE_APOPTOTIC_PROCESS",1,NA,FALSE,"unpinned"
"Interaction_up","GO_BP","GOBP_SENSORY_PERCEPTION_OF_TASTE",1,0.04762883980417,0.0169915042478761,0,21,TRUE,FALSE,FALSE,FALSE,NA,NA,9,TRUE,"unpinned"
"Interaction_up","GO_BP","GOBP_POSITIVE_REGULATION_OF_INTERFERON_ALPHA_PRODUCTION",1,0.0486043003819303,0.0124937531234383,0,22,TRUE,FALSE,FALSE,FALSE,"GOBP_MACROPHAGE_APOPTOTIC_PROCESS",1,NA,FALSE,"unpinned"
"Interaction_up","GO_BP","GOBP_REGULATION_OF_LIPOPOLYSACCHARIDE_MEDIATED_SIGNALING_PATHWAY",1,0.0495298244386915,0.0194902548725637,0,23,TRUE,FALSE,FALSE,FALSE,"GOBP_HOST_MEDIATED_SUPPRESSION_OF_SYMBIONT_INVASION",1,NA,FALSE,"unpinned"
"Interaction_up","GO_MF","GOMF_MOLECULAR_SEQUESTERING_ACTIVITY",2,0.00503176784485814,0.000499750124937531,0.0967741935483871,73,TRUE,FALSE,FALSE,FALSE,NA,NA,1,TRUE,"unpinned"
"Interaction_up","KEGG","KEGG_CYTOSOLIC_DNA_SENSING_PATHWAY",1,0.0201072386058981,NA,NA,NA,TRUE,FALSE,TRUE,TRUE,NA,NA,NA,FALSE,"unpinned"
"Interaction_up","KEGG","KEGG_RIG_I_LIKE_RECEPTOR_SIGNALING_PATHWAY",1,0.0201072386058981,NA,NA,NA,TRUE,FALSE,TRUE,TRUE,NA,NA,NA,FALSE,"unpinned"
"Interaction_up","KEGG","KEGG_TOLL_LIKE_RECEPTOR_SIGNALING_PATHWAY",1,0.0222520107238605,NA,NA,NA,TRUE,FALSE,TRUE,TRUE,NA,NA,NA,FALSE,"unpinned"
"Interaction_up","Reactome","REACTOME_INTERFERON_ALPHA_BETA_SIGNALING",3,4.15922712985638e-05,0.000499750124937531,0.0196078431372549,59,TRUE,FALSE,FALSE,FALSE,NA,NA,1,TRUE,"unpinned"
"Interaction_up","Reactome","REACTOME_INTERFERON_SIGNALING",4,4.15922712985638e-05,0.000499750124937531,0.0106951871657754,241,TRUE,FALSE,FALSE,FALSE,"REACTOME_INTERFERON_ALPHA_BETA_SIGNALING",0.75,NA,FALSE,"unpinned"
"Interaction_up","Reactome","REACTOME_CYTOSOLIC_SENSORS_OF_PATHOGEN_ASSOCIATED_DNA",2,0.00396354442861478,0.000499750124937531,0,61,TRUE,FALSE,FALSE,FALSE,"GOBP_MONOCYTE_DIFFERENTIATION",1,NA,FALSE,"unpinned"
"Interaction_up","Reactome","REACTOME_INTERFERON_GAMMA_SIGNALING",2,0.00498215902111539,0.00199900049975012,0.038961038961039,79,TRUE,FALSE,FALSE,FALSE,NA,NA,2,TRUE,"unpinned"
"Interaction_up","Reactome","REACTOME_IRF3_MEDIATED_INDUCTION_OF_TYPE_I_IFN",1,0.0196652384580786,0.00199900049975012,0,11,TRUE,FALSE,FALSE,FALSE,NA,NA,3,TRUE,"unpinned"
"Interaction_up","Reactome","REACTOME_TICAM1_DEPENDENT_ACTIVATION_OF_IRF3_IRF7",1,0.0196652384580786,0.00699650174912544,0.769230769230769,12,TRUE,FALSE,FALSE,TRUE,NA,NA,NA,FALSE,"unpinned"
"Interaction_up","Reactome","REACTOME_TRAF3_DEPENDENT_IRF_ACTIVATION_PATHWAY",1,0.0196652384580786,0.0104947526236882,0.15,13,TRUE,FALSE,FALSE,FALSE,"GOBP_MACROPHAGE_APOPTOTIC_PROCESS",1,NA,FALSE,"unpinned"
"Interaction_up","Reactome","REACTOME_TRAF6_MEDIATED_IRF7_ACTIVATION_IN_TLR7_8_OR_9_SIGNALING",1,0.0196652384580786,0.00499750124937531,0.555555555555556,13,TRUE,FALSE,FALSE,TRUE,NA,NA,NA,FALSE,"unpinned"
"Interaction_up","Reactome","REACTOME_STING_MEDIATED_INDUCTION_OF_HOST_IMMUNE_RESPONSES",1,0.0196652384580786,0.00199900049975012,0,14,TRUE,FALSE,FALSE,FALSE,"REACTOME_IRF3_MEDIATED_INDUCTION_OF_TYPE_I_IFN",1,NA,FALSE,"unpinned"
"Interaction_up","Reactome","REACTOME_TRAF6_MEDIATED_IRF7_ACTIVATION",1,0.0196652384580786,0.0079960019990005,0,15,TRUE,FALSE,FALSE,FALSE,"GOBP_MACROPHAGE_APOPTOTIC_PROCESS",1,NA,FALSE,"unpinned"
"Interaction_up","Reactome","REACTOME_ACTIVATION_OF_IRF3_IRF7_MEDIATED_BY_TBK1_IKK_IKBKE",1,0.0214368614197006,0.0119940029985007,0.782608695652174,18,TRUE,FALSE,FALSE,TRUE,NA,NA,NA,FALSE,"unpinned"
"Interaction_up","Hallmark","HALLMARK_INTERFERON_ALPHA_RESPONSE",4,1.09419264233075e-05,0.000999500249875062,0.0335051546391753,92,TRUE,FALSE,FALSE,FALSE,"GOBP_DEFENSE_RESPONSE_TO_VIRUS",0.666666666666667,NA,FALSE,"hypoxia_anchored"
"Interaction_up","Hallmark","HALLMARK_INTERFERON_GAMMA_RESPONSE",4,8.48560679850093e-05,0.000499750124937531,0.0218579234972678,182,TRUE,FALSE,FALSE,FALSE,"REACTOME_INTERFERON_ALPHA_BETA_SIGNALING",0.75,NA,FALSE,"hypoxia_anchored"
"Interaction_up","Hallmark","HALLMARK_INFLAMMATORY_RESPONSE",2,0.0372419292807396,0.0629685157421289,0.0113350125944584,166,TRUE,FALSE,TRUE,FALSE,NA,NA,NA,FALSE,"hypoxia_anchored"
"Interaction_up","GO_BP","GOBP_DEFENSE_RESPONSE_TO_VIRUS",6,1.42544431519692e-07,0.000499750124937531,0,258,TRUE,FALSE,FALSE,FALSE,NA,NA,1,TRUE,"hypoxia_anchored"
"Interaction_up","GO_BP","GOBP_RESPONSE_TO_VIRUS",6,4.03629314482295e-07,0.000499750124937531,0,344,TRUE,FALSE,FALSE,FALSE,"GOBP_DEFENSE_RESPONSE_TO_VIRUS",1,NA,FALSE,"hypoxia_anchored"
"Interaction_up","GO_BP","GOBP_REGULATION_OF_VIRAL_PROCESS",4,1.22298674056672e-05,0.000499750124937531,0.00505050505050505,113,TRUE,FALSE,FALSE,FALSE,"GOBP_DEFENSE_RESPONSE_TO_VIRUS",0.666666666666667,NA,FALSE,"hypoxia_anchored"
"Interaction_up","GO_BP","GOBP_VIRAL_PROCESS",5,1.22298674056672e-05,0.000499750124937531,0.00232018561484919,314,TRUE,FALSE,FALSE,FALSE,"GOBP_DEFENSE_RESPONSE_TO_VIRUS",0.833333333333333,NA,FALSE,"hypoxia_anchored"
"Interaction_up","GO_BP","GOBP_NEGATIVE_REGULATION_OF_VIRAL_PROCESS",3,0.000150431298142195,0.000499750124937531,0.0181818181818182,61,TRUE,FALSE,FALSE,FALSE,NA,NA,2,TRUE,"hypoxia_anchored"
"Interaction_up","GO_BP","GOBP_REGULATION_OF_VIRAL_LIFE_CYCLE",3,0.000405985211959114,0.000499750124937531,0.0121212121212121,90,TRUE,FALSE,FALSE,FALSE,NA,NA,3,TRUE,"hypoxia_anchored"
"Interaction_up","GO_BP","GOBP_MONOCYTE_DIFFERENTIATION",2,0.00351096866598556,0.000499750124937531,0.0151515151515152,33,TRUE,FALSE,FALSE,FALSE,NA,NA,4,TRUE,"hypoxia_anchored"
"Interaction_up","GO_BP","GOBP_RESPONSE_TO_INTERFERON_BETA",2,0.0036622560332995,0.000999500249875062,0.0128205128205128,36,TRUE,FALSE,FALSE,FALSE,NA,NA,5,TRUE,"hypoxia_anchored"
"Interaction_up","GO_BP","GOBP_NEGATIVE_REGULATION_OF_VIRAL_GENOME_REPLICATION",2,0.00402555970167259,0.00149925037481259,0.0235294117647059,40,TRUE,FALSE,FALSE,FALSE,"GOBP_NEGATIVE_REGULATION_OF_VIRAL_PROCESS",0.666666666666667,NA,FALSE,"hypoxia_anchored"
"Interaction_up","GO_BP","GOBP_VIRAL_LIFE_CYCLE",3,0.0042024248893864,0.00199900049975012,0.00571428571428571,234,TRUE,FALSE,FALSE,FALSE,"GOBP_REGULATION_OF_VIRAL_LIFE_CYCLE",1,NA,FALSE,"hypoxia_anchored"
"Interaction_up","GO_BP","GOBP_ACTIVATION_OF_INNATE_IMMUNE_RESPONSE",3,0.00668248512693815,0.000999500249875062,0.00267379679144385,283,TRUE,FALSE,FALSE,FALSE,"GOBP_MONOCYTE_DIFFERENTIATION",0.666666666666667,NA,FALSE,"hypoxia_anchored"
"Interaction_up","GO_BP","GOBP_ANTIVIRAL_INNATE_IMMUNE_RESPONSE",2,0.00737595027301619,0.000999500249875062,0,63,TRUE,FALSE,FALSE,FALSE,"GOBP_NEGATIVE_REGULATION_OF_VIRAL_PROCESS",0.666666666666667,NA,FALSE,"hypoxia_anchored"
"Interaction_up","GO_BP","GOBP_REGULATION_OF_VIRAL_GENOME_REPLICATION",2,0.00737595027301619,0.00199900049975012,0.0165289256198347,65,TRUE,FALSE,FALSE,FALSE,"GOBP_NEGATIVE_REGULATION_OF_VIRAL_PROCESS",0.666666666666667,NA,FALSE,"hypoxia_anchored"
"Interaction_up","GO_BP","GOBP_POSITIVE_REGULATION_OF_RESPONSE_TO_BIOTIC_STIMULUS",3,0.0107773595440057,0.00199900049975012,0.00420168067226891,362,TRUE,FALSE,FALSE,FALSE,"GOBP_MONOCYTE_DIFFERENTIATION",0.666666666666667,NA,FALSE,"hypoxia_anchored"
"Interaction_up","GO_BP","GOBP_VIRAL_GENOME_REPLICATION",2,0.0127604193886798,0.00249875062468766,0.0140845070422535,92,TRUE,FALSE,FALSE,FALSE,"GOBP_NEGATIVE_REGULATION_OF_VIRAL_PROCESS",0.666666666666667,NA,FALSE,"hypoxia_anchored"
"Interaction_up","GO_BP","GOBP_RESPONSE_TO_TYPE_I_INTERFERON",2,0.0164329230868334,0.00649675162418791,0.00869565217391304,108,TRUE,FALSE,FALSE,FALSE,"REACTOME_INTERFERON_ALPHA_BETA_SIGNALING",0.666666666666667,NA,FALSE,"hypoxia_anchored"
"Interaction_up","GO_BP","GOBP_TYPE_I_INTERFERON_PRODUCTION",2,0.0212940327029913,0.00449775112443778,0,127,TRUE,FALSE,FALSE,FALSE,"REACTOME_INTERFERON_ALPHA_BETA_SIGNALING",0.666666666666667,NA,FALSE,"hypoxia_anchored"
"Interaction_up","GO_BP","GOBP_REGULATION_OF_PATTERN_RECOGNITION_RECEPTOR_SIGNALING_PATHWAY",2,0.0328270659180712,0.00449775112443778,0.00425531914893617,163,TRUE,FALSE,FALSE,FALSE,"GOBP_MONOCYTE_DIFFERENTIATION",1,NA,FALSE,"hypoxia_anchored"
"Interaction_up","GO_BP","GOBP_CYTOPLASMIC_PATTERN_RECOGNITION_RECEPTOR_SIGNALING_PATHWAY",2,0.0349387978463269,0.00399800099950025,0.004149377593361,173,TRUE,FALSE,FALSE,FALSE,"GOBP_MONOCYTE_DIFFERENTIATION",1,NA,FALSE,"hypoxia_anchored"
"Interaction_up","GO_BP","GOBP_INTERLEUKIN_27_MEDIATED_SIGNALING_PATHWAY",1,0.0375838449558217,0.00999500249875063,0,10,TRUE,FALSE,FALSE,FALSE,"GOBP_SYNAPTIC_VESICLE_BUDDING",1,NA,FALSE,"hypoxia_anchored"
"Interaction_up","GO_BP","GOBP_MACROPHAGE_APOPTOTIC_PROCESS",1,0.0375838449558217,0.000999500249875062,0,10,TRUE,FALSE,FALSE,FALSE,NA,NA,6,TRUE,"hypoxia_anchored"
"Interaction_up","GO_BP","GOBP_MDA_5_SIGNALING_PATHWAY",1,0.0375838449558217,0.00699650174912544,0,10,TRUE,FALSE,FALSE,FALSE,"GOBP_MACROPHAGE_APOPTOTIC_PROCESS",1,NA,FALSE,"hypoxia_anchored"
"Interaction_up","GO_BP","GOBP_SYNAPTIC_VESICLE_BUDDING",1,0.0375838449558217,0.00199900049975012,0,10,TRUE,FALSE,FALSE,FALSE,NA,NA,7,TRUE,"hypoxia_anchored"
"Interaction_up","GO_BP","GOBP_NEGATIVE_REGULATION_OF_DNA_BINDING",1,0.0380245426264712,0.00849575212393803,0,11,TRUE,FALSE,FALSE,FALSE,"REACTOME_IRF3_MEDIATED_INDUCTION_OF_TYPE_I_IFN",1,NA,FALSE,"hypoxia_anchored"
"Interaction_up","GO_BP","GOBP_NEGATIVE_REGULATION_OF_MYELOID_CELL_APOPTOTIC_PROCESS",1,0.0380245426264712,0.00449775112443778,0,11,TRUE,FALSE,FALSE,FALSE,"GOBP_MACROPHAGE_APOPTOTIC_PROCESS",1,NA,FALSE,"hypoxia_anchored"
"Interaction_up","GO_BP","GOBP_MYELOID_LEUKOCYTE_DIFFERENTIATION",2,0.0393321108883158,0.00649675162418791,0,216,TRUE,FALSE,FALSE,FALSE,"GOBP_MONOCYTE_DIFFERENTIATION",1,NA,FALSE,"hypoxia_anchored"
"Interaction_up","GO_BP","GOBP_REGULATION_OF_VIRAL_ENTRY_INTO_HOST_CELL",1,0.0443600301893172,0.0174912543728136,0,14,TRUE,FALSE,FALSE,FALSE,"GOBP_HOST_MEDIATED_SUPPRESSION_OF_SYMBIONT_INVASION",1,NA,FALSE,"hypoxia_anchored"
"Interaction_up","GO_BP","GOBP_MYD88_INDEPENDENT_TOLL_LIKE_RECEPTOR_SIGNALING_PATHWAY",1,0.0443600301893172,0.00699650174912544,0,15,TRUE,FALSE,FALSE,FALSE,"GOBP_MACROPHAGE_APOPTOTIC_PROCESS",1,NA,FALSE,"hypoxia_anchored"
"Interaction_up","GO_BP","GOBP_NEGATIVE_REGULATION_OF_INFLAMMASOME_MEDIATED_SIGNALING_PATHWAY",1,0.0443600301893172,0.00699650174912544,0,15,TRUE,FALSE,FALSE,FALSE,"REACTOME_IRF3_MEDIATED_INDUCTION_OF_TYPE_I_IFN",1,NA,FALSE,"hypoxia_anchored"
"Interaction_up","GO_BP","GOBP_HOST_MEDIATED_SUPPRESSION_OF_SYMBIONT_INVASION",1,0.0443600301893172,0.00599700149925037,0,16,TRUE,FALSE,FALSE,FALSE,NA,NA,8,TRUE,"hypoxia_anchored"
"Interaction_up","GO_BP","GOBP_REGULATION_OF_MONOCYTE_DIFFERENTIATION",1,0.0443600301893172,0.0209895052473763,0,16,TRUE,FALSE,FALSE,FALSE,"GOBP_MACROPHAGE_APOPTOTIC_PROCESS",1,NA,FALSE,"hypoxia_anchored"
"Interaction_up","GO_BP","GOBP_SUPPRESSION_OF_VIRAL_RELEASE_BY_HOST",1,0.0443600301893172,0.0109945027486257,0,17,TRUE,FALSE,FALSE,FALSE,"GOBP_HOST_MEDIATED_SUPPRESSION_OF_SYMBIONT_INVASION",1,NA,FALSE,"hypoxia_anchored"
"Interaction_up","GO_BP","GOBP_INFLAMMATORY_CELL_APOPTOTIC_PROCESS",1,0.0443600301893172,0.00849575212393803,0,18,TRUE,FALSE,FALSE,FALSE,"GOBP_MACROPHAGE_APOPTOTIC_PROCESS",1,NA,FALSE,"hypoxia_anchored"
"Interaction_up","GO_BP","GOBP_MYD88_DEPENDENT_TOLL_LIKE_RECEPTOR_SIGNALING_PATHWAY",1,0.0443600301893172,0.0129935032483758,0,18,TRUE,FALSE,FALSE,FALSE,"GOBP_MACROPHAGE_APOPTOTIC_PROCESS",1,NA,FALSE,"hypoxia_anchored"
"Interaction_up","GO_BP","GOBP_POSITIVE_REGULATION_OF_TYPE_I_INTERFERON_MEDIATED_SIGNALING_PATHWAY",1,0.0443600301893172,0.0164917541229385,0,18,TRUE,FALSE,FALSE,FALSE,"GOBP_MACROPHAGE_APOPTOTIC_PROCESS",1,NA,FALSE,"hypoxia_anchored"
"Interaction_up","GO_BP","GOBP_MODULATION_BY_SYMBIONT_OF_ENTRY_INTO_HOST",1,0.0455114612364748,0.0209895052473763,0,19,TRUE,FALSE,FALSE,FALSE,"GOBP_HOST_MEDIATED_SUPPRESSION_OF_SYMBIONT_INVASION",1,NA,FALSE,"hypoxia_anchored"
"Interaction_up","GO_BP","GOBP_REGULATION_OF_MYELOID_CELL_APOPTOTIC_PROCESS",1,0.0465993932286374,0.00749625187406297,0,20,TRUE,FALSE,FALSE,FALSE,"GOBP_MACROPHAGE_APOPTOTIC_PROCESS",1,NA,FALSE,"hypoxia_anchored"
"Interaction_up","GO_BP","GOBP_SENSORY_PERCEPTION_OF_TASTE",1,0.04762883980417,0.0169915042478761,0,21,TRUE,FALSE,FALSE,FALSE,NA,NA,9,TRUE,"hypoxia_anchored"
"Interaction_up","GO_BP","GOBP_POSITIVE_REGULATION_OF_INTERFERON_ALPHA_PRODUCTION",1,0.0486043003819303,0.0124937531234383,0,22,TRUE,FALSE,FALSE,FALSE,"GOBP_MACROPHAGE_APOPTOTIC_PROCESS",1,NA,FALSE,"hypoxia_anchored"
"Interaction_up","GO_BP","GOBP_REGULATION_OF_LIPOPOLYSACCHARIDE_MEDIATED_SIGNALING_PATHWAY",1,0.0495298244386915,0.0194902548725637,0,23,TRUE,FALSE,FALSE,FALSE,"GOBP_HOST_MEDIATED_SUPPRESSION_OF_SYMBIONT_INVASION",1,NA,FALSE,"hypoxia_anchored"
"Interaction_up","GO_MF","GOMF_MOLECULAR_SEQUESTERING_ACTIVITY",2,0.00503176784485814,0.000499750124937531,0.0967741935483871,73,TRUE,FALSE,FALSE,FALSE,NA,NA,1,TRUE,"hypoxia_anchored"
"Interaction_up","KEGG","KEGG_CYTOSOLIC_DNA_SENSING_PATHWAY",1,0.0201072386058981,NA,NA,NA,TRUE,FALSE,TRUE,TRUE,NA,NA,NA,FALSE,"hypoxia_anchored"
"Interaction_up","KEGG","KEGG_RIG_I_LIKE_RECEPTOR_SIGNALING_PATHWAY",1,0.0201072386058981,NA,NA,NA,TRUE,FALSE,TRUE,TRUE,NA,NA,NA,FALSE,"hypoxia_anchored"
"Interaction_up","KEGG","KEGG_TOLL_LIKE_RECEPTOR_SIGNALING_PATHWAY",1,0.0222520107238605,NA,NA,NA,TRUE,FALSE,TRUE,TRUE,NA,NA,NA,FALSE,"hypoxia_anchored"
"Interaction_up","Reactome","REACTOME_INTERFERON_ALPHA_BETA_SIGNALING",3,4.15922712985638e-05,0.000499750124937531,0.0196078431372549,59,TRUE,FALSE,FALSE,FALSE,NA,NA,1,TRUE,"hypoxia_anchored"
"Interaction_up","Reactome","REACTOME_INTERFERON_SIGNALING",4,4.15922712985638e-05,0.000499750124937531,0.0106951871657754,241,TRUE,FALSE,FALSE,FALSE,"REACTOME_INTERFERON_ALPHA_BETA_SIGNALING",0.75,NA,FALSE,"hypoxia_anchored"
"Interaction_up","Reactome","REACTOME_CYTOSOLIC_SENSORS_OF_PATHOGEN_ASSOCIATED_DNA",2,0.00396354442861478,0.000499750124937531,0,61,TRUE,FALSE,FALSE,FALSE,"GOBP_MONOCYTE_DIFFERENTIATION",1,NA,FALSE,"hypoxia_anchored"
"Interaction_up","Reactome","REACTOME_INTERFERON_GAMMA_SIGNALING",2,0.00498215902111539,0.00199900049975012,0.038961038961039,79,TRUE,FALSE,FALSE,FALSE,NA,NA,2,TRUE,"hypoxia_anchored"
"Interaction_up","Reactome","REACTOME_IRF3_MEDIATED_INDUCTION_OF_TYPE_I_IFN",1,0.0196652384580786,0.00199900049975012,0,11,TRUE,FALSE,FALSE,FALSE,NA,NA,3,TRUE,"hypoxia_anchored"
"Interaction_up","Reactome","REACTOME_TICAM1_DEPENDENT_ACTIVATION_OF_IRF3_IRF7",1,0.0196652384580786,0.00699650174912544,0.769230769230769,12,TRUE,FALSE,FALSE,TRUE,NA,NA,NA,FALSE,"hypoxia_anchored"
"Interaction_up","Reactome","REACTOME_TRAF3_DEPENDENT_IRF_ACTIVATION_PATHWAY",1,0.0196652384580786,0.0104947526236882,0.15,13,TRUE,FALSE,FALSE,FALSE,"GOBP_MACROPHAGE_APOPTOTIC_PROCESS",1,NA,FALSE,"hypoxia_anchored"
"Interaction_up","Reactome","REACTOME_TRAF6_MEDIATED_IRF7_ACTIVATION_IN_TLR7_8_OR_9_SIGNALING",1,0.0196652384580786,0.00499750124937531,0.555555555555556,13,TRUE,FALSE,FALSE,TRUE,NA,NA,NA,FALSE,"hypoxia_anchored"
"Interaction_up","Reactome","REACTOME_STING_MEDIATED_INDUCTION_OF_HOST_IMMUNE_RESPONSES",1,0.0196652384580786,0.00199900049975012,0,14,TRUE,FALSE,FALSE,FALSE,"REACTOME_IRF3_MEDIATED_INDUCTION_OF_TYPE_I_IFN",1,NA,FALSE,"hypoxia_anchored"
"Interaction_up","Reactome","REACTOME_TRAF6_MEDIATED_IRF7_ACTIVATION",1,0.0196652384580786,0.0079960019990005,0,15,TRUE,FALSE,FALSE,FALSE,"GOBP_MACROPHAGE_APOPTOTIC_PROCESS",1,NA,FALSE,"hypoxia_anchored"
"Interaction_up","Reactome","REACTOME_ACTIVATION_OF_IRF3_IRF7_MEDIATED_BY_TBK1_IKK_IKBKE",1,0.0214368614197006,0.0119940029985007,0.782608695652174,18,TRUE,FALSE,FALSE,TRUE,NA,NA,NA,FALSE,"hypoxia_anchored"
"Interaction_fdrOnly_up","Hallmark","HALLMARK_INTERFERON_ALPHA_RESPONSE",10,2.29588627620046e-14,0.000499750124937531,0.0108843537414966,92,TRUE,FALSE,FALSE,FALSE,NA,NA,1,TRUE,"unpinned"
"Interaction_fdrOnly_up","Hallmark","HALLMARK_INTERFERON_GAMMA_RESPONSE",11,1.16041680393869e-13,0.000499750124937531,0.0113452188006483,182,TRUE,FALSE,FALSE,FALSE,"HALLMARK_INTERFERON_ALPHA_RESPONSE",0.75,NA,FALSE,"unpinned"
"Interaction_fdrOnly_up","Hallmark","HALLMARK_INFLAMMATORY_RESPONSE",3,0.0296580371255772,0.0334832583708146,0.00354609929078014,166,TRUE,FALSE,FALSE,FALSE,NA,NA,2,TRUE,"unpinned"
"Interaction_fdrOnly_up","GO_BP","GOBP_RESPONSE_TO_VIRUS",11,3.34823278661609e-11,0.000499750124937531,0,344,TRUE,FALSE,FALSE,FALSE,NA,NA,1,TRUE,"unpinned"
"Interaction_fdrOnly_up","GO_BP","GOBP_DEFENSE_RESPONSE_TO_VIRUS",10,5.56274991690285e-11,0.000499750124937531,0.00135685210312076,258,TRUE,FALSE,FALSE,FALSE,"HALLMARK_INTERFERON_ALPHA_RESPONSE",0.538461538461538,NA,FALSE,"unpinned"
"Interaction_fdrOnly_up","GO_BP","GOBP_REGULATION_OF_VIRAL_PROCESS",7,1.33583491075228e-08,0.000499750124937531,0.0050251256281407,113,TRUE,FALSE,FALSE,FALSE,NA,NA,2,TRUE,"unpinned"
"Interaction_fdrOnly_up","GO_BP","GOBP_VIRAL_PROCESS",8,3.99782661337188e-07,0.000499750124937531,0,314,TRUE,FALSE,FALSE,FALSE,"GOBP_RESPONSE_TO_VIRUS",0.583333333333333,NA,FALSE,"unpinned"
"Interaction_fdrOnly_up","GO_BP","GOBP_NEGATIVE_REGULATION_OF_VIRAL_PROCESS",5,1.41415190370399e-06,0.000499750124937531,0.00446428571428571,61,TRUE,FALSE,FALSE,FALSE,"GOBP_REGULATION_OF_VIRAL_PROCESS",0.714285714285714,NA,FALSE,"unpinned"
"Interaction_fdrOnly_up","GO_BP","GOBP_REGULATION_OF_VIRAL_LIFE_CYCLE",5,8.49828950072081e-06,0.000499750124937531,0.00602409638554217,90,TRUE,FALSE,FALSE,FALSE,"GOBP_REGULATION_OF_VIRAL_PROCESS",0.714285714285714,NA,FALSE,"unpinned"
"Interaction_fdrOnly_up","GO_BP","GOBP_ANTIVIRAL_INNATE_IMMUNE_RESPONSE",4,8.42975359323741e-05,0.000499750124937531,0,63,TRUE,FALSE,FALSE,FALSE,NA,NA,3,TRUE,"unpinned"
"Interaction_fdrOnly_up","GO_BP","GOBP_ACTIVATION_OF_INNATE_IMMUNE_RESPONSE",6,8.42975359323741e-05,0.000499750124937531,0.00116959064327485,283,TRUE,FALSE,FALSE,FALSE,"GOBP_RESPONSE_TO_VIRUS",0.545454545454545,NA,FALSE,"unpinned"
"Interaction_fdrOnly_up","GO_BP","GOBP_POSITIVE_REGULATION_OF_RESPONSE_TO_BIOTIC_STIMULUS",6,0.000311994066901835,0.000499750124937531,0.000924214417744917,362,TRUE,FALSE,FALSE,FALSE,"GOBP_RESPONSE_TO_VIRUS",0.545454545454545,NA,FALSE,"unpinned"
"Interaction_fdrOnly_up","GO_BP","GOBP_RESPONSE_TO_TYPE_I_INTERFERON",4,0.000523692735139581,0.000499750124937531,0,108,TRUE,FALSE,FALSE,FALSE,NA,NA,4,TRUE,"unpinned"
"Interaction_fdrOnly_up","GO_BP","GOBP_VIRAL_LIFE_CYCLE",5,0.000523692735139581,0.000499750124937531,0,234,TRUE,FALSE,FALSE,FALSE,"GOBP_REGULATION_OF_VIRAL_PROCESS",0.714285714285714,NA,FALSE,"unpinned"
"Interaction_fdrOnly_up","GO_BP","GOBP_NEGATIVE_REGULATION_OF_VIRAL_GENOME_REPLICATION",3,0.000778518769974773,0.000999500249875062,0.0106382978723404,40,TRUE,FALSE,FALSE,FALSE,NA,NA,8,TRUE,"unpinned"
"Interaction_fdrOnly_up","GO_BP","GOBP_REGULATION_OF_PATTERN_RECOGNITION_RECEPTOR_SIGNALING_PATHWAY",4,0.00217900591414174,0.000499750124937531,0,163,TRUE,FALSE,FALSE,FALSE,NA,NA,5,TRUE,"unpinned"
"Interaction_fdrOnly_up","GO_BP","GOBP_MDA_5_SIGNALING_PATHWAY",2,0.00228484498306595,0.000499750124937531,0,10,TRUE,FALSE,FALSE,FALSE,NA,NA,6,TRUE,"unpinned"
"Interaction_fdrOnly_up","GO_BP","GOBP_CYTOPLASMIC_PATTERN_RECOGNITION_RECEPTOR_SIGNALING_PATHWAY",4,0.00228484498306595,0.00149925037481259,0.00335570469798658,173,TRUE,FALSE,FALSE,FALSE,"GOBP_REGULATION_OF_PATTERN_RECOGNITION_RECEPTOR_SIGNALING_PATHWAY",1,NA,FALSE,"unpinned"
"Interaction_fdrOnly_up","GO_BP","GOBP_INTRACELLULAR_RECEPTOR_SIGNALING_PATHWAY",5,0.00228484498306595,0.000999500249875062,0.00188857412653447,344,TRUE,FALSE,FALSE,FALSE,"GOBP_REGULATION_OF_PATTERN_RECOGNITION_RECEPTOR_SIGNALING_PATHWAY",0.8,NA,FALSE,"unpinned"
"Interaction_fdrOnly_up","GO_BP","GOBP_REGULATION_OF_VIRAL_GENOME_REPLICATION",3,0.00234933805382672,0.000999500249875062,0.00413223140495868,65,TRUE,FALSE,FALSE,FALSE,"GOBP_NEGATIVE_REGULATION_OF_VIRAL_GENOME_REPLICATION",1,NA,FALSE,"unpinned"
"Interaction_fdrOnly_up","GO_BP","GOBP_TYPE_I_INTERFERON_MEDIATED_SIGNALING_PATHWAY",3,0.00234933805382672,0.000999500249875062,0.00346020761245675,66,TRUE,FALSE,FALSE,FALSE,"GOBP_RESPONSE_TO_TYPE_I_INTERFERON",0.75,NA,FALSE,"unpinned"
"Interaction_fdrOnly_up","GO_BP","GOBP_POSITIVE_REGULATION_OF_NF_KAPPAB_TRANSCRIPTION_FACTOR_ACTIVITY",3,0.00243325940067822,0.000999500249875062,0.00327868852459016,68,TRUE,FALSE,FALSE,FALSE,NA,NA,9,TRUE,"unpinned"
"Interaction_fdrOnly_up","GO_BP","GOBP_REGULATION_OF_VIRAL_ENTRY_INTO_HOST_CELL",2,0.00331254470281117,0.000999500249875062,0,14,TRUE,FALSE,FALSE,FALSE,"GOBP_POSITIVE_REGULATION_OF_NF_KAPPAB_TRANSCRIPTION_FACTOR_ACTIVITY",0.666666666666667,NA,FALSE,"unpinned"
"Interaction_fdrOnly_up","GO_BP","GOBP_NEGATIVE_REGULATION_OF_INNATE_IMMUNE_RESPONSE",3,0.00331254470281117,0.000499750124937531,0,78,TRUE,FALSE,FALSE,FALSE,NA,NA,7,TRUE,"unpinned"
"Interaction_fdrOnly_up","GO_BP","GOBP_INTERFERON_MEDIATED_SIGNALING_PATHWAY",3,0.00418062789707651,0.00149925037481259,0.0027027027027027,87,TRUE,FALSE,FALSE,FALSE,"GOBP_RESPONSE_TO_TYPE_I_INTERFERON",0.75,NA,FALSE,"unpinned"
"Interaction_fdrOnly_up","GO_BP","GOBP_POSITIVE_REGULATION_OF_DNA_BINDING_TRANSCRIPTION_FACTOR_ACTIVITY",3,0.00418062789707651,0.00149925037481259,0.00278551532033426,87,TRUE,FALSE,FALSE,FALSE,"GOBP_POSITIVE_REGULATION_OF_NF_KAPPAB_TRANSCRIPTION_FACTOR_ACTIVITY",1,NA,FALSE,"unpinned"
"Interaction_fdrOnly_up","GO_BP","GOBP_VIRAL_GENOME_REPLICATION",3,0.00472581501127646,0.00199900049975012,0.00636942675159236,92,TRUE,FALSE,FALSE,FALSE,"GOBP_NEGATIVE_REGULATION_OF_VIRAL_GENOME_REPLICATION",1,NA,FALSE,"unpinned"
"Interaction_fdrOnly_up","GO_BP","GOBP_MODULATION_BY_SYMBIONT_OF_ENTRY_INTO_HOST",2,0.00520612612972913,0.00149925037481259,0,19,TRUE,FALSE,FALSE,FALSE,"GOBP_POSITIVE_REGULATION_OF_NF_KAPPAB_TRANSCRIPTION_FACTOR_ACTIVITY",0.666666666666667,NA,FALSE,"unpinned"
"Interaction_fdrOnly_up","GO_BP","GOBP_NEGATIVE_REGULATION_OF_RESPONSE_TO_BIOTIC_STIMULUS",3,0.00680411577976781,0.000499750124937531,0,107,TRUE,FALSE,FALSE,FALSE,"GOBP_NEGATIVE_REGULATION_OF_INNATE_IMMUNE_RESPONSE",1,NA,FALSE,"unpinned"
"Interaction_fdrOnly_up","GO_BP","GOBP_REGULATION_OF_CYTOPLASMIC_PATTERN_RECOGNITION_RECEPTOR_SIGNALING_PATHWAY",3,0.00809312672770757,0.00249875062468766,0.00223713646532438,115,TRUE,FALSE,FALSE,FALSE,"GOBP_REGULATION_OF_PATTERN_RECOGNITION_RECEPTOR_SIGNALING_PATHWAY",0.75,NA,FALSE,"unpinned"
"Interaction_fdrOnly_up","GO_BP","GOBP_REGULATION_OF_BIOLOGICAL_PROCESS_INVOLVED_IN_SYMBIOTIC_INTERACTION",2,0.0094771577025726,0.00149925037481259,0,27,TRUE,FALSE,FALSE,FALSE,"GOBP_POSITIVE_REGULATION_OF_NF_KAPPAB_TRANSCRIPTION_FACTOR_ACTIVITY",0.666666666666667,NA,FALSE,"unpinned"
"Interaction_fdrOnly_up","GO_BP","GOBP_TYPE_I_INTERFERON_PRODUCTION",3,0.0100666287177779,0.000999500249875062,0.0023696682464455,127,TRUE,FALSE,FALSE,FALSE,"GOBP_MDA_5_SIGNALING_PATHWAY",0.666666666666667,NA,FALSE,"unpinned"
"Interaction_fdrOnly_up","GO_BP","GOBP_REGULATION_OF_PROTEIN_EXPORT_FROM_NUCLEUS",2,0.0124112748205691,0.000999500249875062,0,32,TRUE,FALSE,FALSE,FALSE,NA,NA,10,TRUE,"unpinned"
"Interaction_fdrOnly_up","GO_BP","GOBP_REGULATION_OF_DNA_BINDING_TRANSCRIPTION_FACTOR_ACTIVITY",3,0.0124112748205691,0.00449775112443778,0.00350877192982456,141,TRUE,FALSE,FALSE,FALSE,"GOBP_POSITIVE_REGULATION_OF_NF_KAPPAB_TRANSCRIPTION_FACTOR_ACTIVITY",1,NA,FALSE,"unpinned"
"Interaction_fdrOnly_up","GO_BP","GOBP_MONOCYTE_DIFFERENTIATION",2,0.0124112748205691,0.00349825087456272,0.00492610837438424,33,TRUE,FALSE,FALSE,FALSE,NA,NA,12,FALSE,"unpinned"
"Interaction_fdrOnly_up","GO_BP","GOBP_RESPONSE_TO_INTERFERON_BETA",2,0.0143238895467999,0.00449775112443778,0,36,TRUE,FALSE,FALSE,FALSE,NA,NA,13,FALSE,"unpinned"
"Interaction_fdrOnly_up","GO_BP","GOBP_NEGATIVE_REGULATION_OF_TYPE_I_INTERFERON_PRODUCTION",2,0.0218371729341645,0.00149925037481259,0,46,TRUE,FALSE,FALSE,FALSE,NA,NA,11,FALSE,"unpinned"
"Interaction_fdrOnly_up","GO_BP","GOBP_REGULATION_OF_INFLAMMASOME_MEDIATED_SIGNALING_PATHWAY",2,0.0218371729341645,0.00549725137431284,0,46,TRUE,FALSE,FALSE,FALSE,"GOBP_NEGATIVE_REGULATION_OF_VIRAL_GENOME_REPLICATION",0.666666666666667,NA,FALSE,"unpinned"
"Interaction_fdrOnly_up","GO_BP","GOBP_NEGATIVE_REGULATION_OF_IMMUNE_RESPONSE",3,0.0218371729341645,0.00249875062468766,0.00144092219020173,179,TRUE,FALSE,FALSE,FALSE,"GOBP_NEGATIVE_REGULATION_OF_INNATE_IMMUNE_RESPONSE",1,NA,FALSE,"unpinned"
"Interaction_fdrOnly_up","GO_BP","GOBP_POSITIVE_REGULATION_OF_NON_CANONICAL_NF_KAPPAB_SIGNAL_TRANSDUCTION",2,0.025530204362696,0.00549725137431284,0,51,TRUE,FALSE,FALSE,FALSE,"GOBP_POSITIVE_REGULATION_OF_NF_KAPPAB_TRANSCRIPTION_FACTOR_ACTIVITY",0.666666666666667,NA,FALSE,"unpinned"
"Interaction_fdrOnly_up","GO_BP","GOBP_NEGATIVE_REGULATION_OF_CYTOPLASMIC_PATTERN_RECOGNITION_RECEPTOR_SIGNALING_PATHWAY",2,0.0271158701179137,0.00299850074962519,0,54,TRUE,FALSE,FALSE,FALSE,"GOBP_NEGATIVE_REGULATION_OF_INNATE_IMMUNE_RESPONSE",0.666666666666667,NA,FALSE,"unpinned"
"Interaction_fdrOnly_up","GO_BP","GOBP_POSITIVE_REGULATION_OF_INTERLEUKIN_1_PRODUCTION",2,0.0271158701179137,0.00749625187406297,0,54,TRUE,FALSE,FALSE,FALSE,"GOBP_NEGATIVE_REGULATION_OF_INNATE_IMMUNE_RESPONSE",0.666666666666667,NA,FALSE,"unpinned"
"Interaction_fdrOnly_up","GO_BP","GOBP_INFLAMMASOME_MEDIATED_SIGNALING_PATHWAY",2,0.028403887214436,0.0079960019990005,0,56,TRUE,FALSE,FALSE,FALSE,"GOBP_NEGATIVE_REGULATION_OF_VIRAL_GENOME_REPLICATION",0.666666666666667,NA,FALSE,"unpinned"
"Interaction_fdrOnly_up","GO_BP","GOBP_PROTEIN_EXPORT_FROM_NUCLEUS",2,0.0296944056624807,0.00299850074962519,0,58,TRUE,FALSE,FALSE,FALSE,"GOBP_REGULATION_OF_PROTEIN_EXPORT_FROM_NUCLEUS",1,NA,FALSE,"unpinned"
"Interaction_fdrOnly_up","GO_BP","GOBP_POSITIVE_REGULATION_OF_CHEMOKINE_PRODUCTION",2,0.0299792439952238,0.00649675162418791,0,59,TRUE,FALSE,FALSE,FALSE,"GOBP_POSITIVE_REGULATION_OF_NF_KAPPAB_TRANSCRIPTION_FACTOR_ACTIVITY",0.666666666666667,NA,FALSE,"unpinned"
"Interaction_fdrOnly_up","GO_BP","GOBP_MYELOID_LEUKOCYTE_DIFFERENTIATION",3,0.0311811660705465,0.0139930034982509,0.00109170305676856,216,TRUE,FALSE,FALSE,FALSE,"GOBP_MONOCYTE_DIFFERENTIATION",0.666666666666667,NA,FALSE,"unpinned"
"Interaction_fdrOnly_up","GO_BP","GOBP_NEGATIVE_REGULATION_OF_DEFENSE_RESPONSE",3,0.0359259970190648,0.0134932533733133,0.00223964165733483,229,TRUE,FALSE,FALSE,FALSE,"GOBP_NEGATIVE_REGULATION_OF_INNATE_IMMUNE_RESPONSE",1,NA,FALSE,"unpinned"
"Interaction_fdrOnly_up","GO_BP","GOBP_PROTEIN_K63_LINKED_UBIQUITINATION",2,0.0382787481192717,0.00699650174912544,0,70,TRUE,FALSE,FALSE,FALSE,NA,NA,14,FALSE,"unpinned"
"Interaction_fdrOnly_up","GO_BP","GOBP_REGULATION_OF_LEUKOCYTE_APOPTOTIC_PROCESS",2,0.0382787481192717,0.0149925037481259,0.00515463917525773,70,TRUE,FALSE,FALSE,FALSE,NA,NA,16,FALSE,"unpinned"
"Interaction_fdrOnly_up","GO_BP","GOBP_POSITIVE_REGULATION_OF_TYPE_I_INTERFERON_PRODUCTION",2,0.0411185654180954,0.00749625187406297,0.00348432055749129,74,TRUE,FALSE,FALSE,FALSE,"GOBP_MDA_5_SIGNALING_PATHWAY",1,NA,FALSE,"unpinned"
"Interaction_fdrOnly_up","GO_BP","GOBP_NEGATIVE_REGULATION_OF_CYTOKINE_PRODUCTION",3,0.0411185654180954,0.0129935032483758,0,248,TRUE,FALSE,FALSE,FALSE,"GOBP_NEGATIVE_REGULATION_OF_TYPE_I_INTERFERON_PRODUCTION",0.666666666666667,NA,FALSE,"unpinned"
"Interaction_fdrOnly_up","GO_BP","GOBP_CHEMOKINE_PRODUCTION",2,0.0411185654180954,0.0119940029985007,0,75,TRUE,FALSE,FALSE,FALSE,"GOBP_POSITIVE_REGULATION_OF_NF_KAPPAB_TRANSCRIPTION_FACTOR_ACTIVITY",0.666666666666667,NA,FALSE,"unpinned"
"Interaction_fdrOnly_up","GO_BP","GOBP_PROTEIN_POLYUBIQUITINATION",3,0.0417904761561868,0.00849575212393803,0.00144092219020173,253,TRUE,FALSE,FALSE,FALSE,"GOBP_PROTEIN_K63_LINKED_UBIQUITINATION",0.666666666666667,NA,FALSE,"unpinned"
"Interaction_fdrOnly_up","GO_BP","GOBP_VIRAL_GENE_EXPRESSION",2,0.0426441985678843,0.00849575212393803,0,78,TRUE,FALSE,FALSE,FALSE,NA,NA,15,FALSE,"unpinned"
"Interaction_fdrOnly_up","GO_BP","GOBP_REGULATION_OF_NON_CANONICAL_NF_KAPPAB_SIGNAL_TRANSDUCTION",2,0.0460976601653523,0.0134932533733133,0,82,TRUE,FALSE,FALSE,FALSE,"GOBP_POSITIVE_REGULATION_OF_NF_KAPPAB_TRANSCRIPTION_FACTOR_ACTIVITY",0.666666666666667,NA,FALSE,"unpinned"
"Interaction_fdrOnly_up","GO_BP","GOBP_CELLULAR_RESPONSE_TO_TYPE_II_INTERFERON",2,0.0496093631839942,0.0154922538730635,0,86,TRUE,FALSE,FALSE,FALSE,NA,NA,17,FALSE,"unpinned"
"Interaction_fdrOnly_up","KEGG","KEGG_RIG_I_LIKE_RECEPTOR_SIGNALING_PATHWAY",2,0.000528428367760262,0.000999500249875062,0.404761904761905,50,TRUE,FALSE,FALSE,TRUE,NA,NA,NA,FALSE,"unpinned"
"Interaction_fdrOnly_up","KEGG","KEGG_CYTOSOLIC_DNA_SENSING_PATHWAY",1,0.0312074696045848,0.0144927536231884,0.464285714285714,39,TRUE,FALSE,FALSE,TRUE,NA,NA,NA,FALSE,"unpinned"
"Interaction_fdrOnly_up","KEGG","KEGG_TOLL_LIKE_RECEPTOR_SIGNALING_PATHWAY",1,0.0440147039686768,0.0334832583708146,0.303030303030303,83,TRUE,FALSE,FALSE,TRUE,NA,NA,NA,FALSE,"unpinned"
"Interaction_fdrOnly_up","Reactome","REACTOME_INTERFERON_SIGNALING",8,9.17595693435629e-08,0.000499750124937531,0,241,TRUE,FALSE,FALSE,FALSE,NA,NA,1,TRUE,"unpinned"
"Interaction_fdrOnly_up","Reactome","REACTOME_INTERFERON_ALPHA_BETA_SIGNALING",5,1.02498027540941e-06,0.000499750124937531,0,59,TRUE,FALSE,FALSE,FALSE,"REACTOME_INTERFERON_SIGNALING",0.625,NA,FALSE,"unpinned"
"Interaction_fdrOnly_up","Reactome","REACTOME_INTERFERON_GAMMA_SIGNALING",4,0.000159626960062605,0.000499750124937531,0,79,TRUE,FALSE,FALSE,FALSE,NA,NA,2,TRUE,"unpinned"
"Interaction_fdrOnly_up","Hallmark","HALLMARK_INTERFERON_ALPHA_RESPONSE",10,2.29588627620046e-14,0.000499750124937531,0.0108843537414966,92,TRUE,FALSE,FALSE,FALSE,NA,NA,1,TRUE,"hypoxia_anchored"
"Interaction_fdrOnly_up","Hallmark","HALLMARK_INTERFERON_GAMMA_RESPONSE",11,1.16041680393869e-13,0.000499750124937531,0.0113452188006483,182,TRUE,FALSE,FALSE,FALSE,"HALLMARK_INTERFERON_ALPHA_RESPONSE",0.75,NA,FALSE,"hypoxia_anchored"
"Interaction_fdrOnly_up","Hallmark","HALLMARK_INFLAMMATORY_RESPONSE",3,0.0296580371255772,0.0334832583708146,0.00354609929078014,166,TRUE,FALSE,FALSE,FALSE,NA,NA,2,TRUE,"hypoxia_anchored"
"Interaction_fdrOnly_up","GO_BP","GOBP_RESPONSE_TO_VIRUS",11,3.34823278661609e-11,0.000499750124937531,0,344,TRUE,FALSE,FALSE,FALSE,NA,NA,1,TRUE,"hypoxia_anchored"
"Interaction_fdrOnly_up","GO_BP","GOBP_DEFENSE_RESPONSE_TO_VIRUS",10,5.56274991690285e-11,0.000499750124937531,0.00135685210312076,258,TRUE,FALSE,FALSE,FALSE,"HALLMARK_INTERFERON_ALPHA_RESPONSE",0.538461538461538,NA,FALSE,"hypoxia_anchored"
"Interaction_fdrOnly_up","GO_BP","GOBP_REGULATION_OF_VIRAL_PROCESS",7,1.33583491075228e-08,0.000499750124937531,0.0050251256281407,113,TRUE,FALSE,FALSE,FALSE,NA,NA,2,TRUE,"hypoxia_anchored"
"Interaction_fdrOnly_up","GO_BP","GOBP_VIRAL_PROCESS",8,3.99782661337188e-07,0.000499750124937531,0,314,TRUE,FALSE,FALSE,FALSE,"GOBP_RESPONSE_TO_VIRUS",0.583333333333333,NA,FALSE,"hypoxia_anchored"
"Interaction_fdrOnly_up","GO_BP","GOBP_NEGATIVE_REGULATION_OF_VIRAL_PROCESS",5,1.41415190370399e-06,0.000499750124937531,0.00446428571428571,61,TRUE,FALSE,FALSE,FALSE,"GOBP_REGULATION_OF_VIRAL_PROCESS",0.714285714285714,NA,FALSE,"hypoxia_anchored"
"Interaction_fdrOnly_up","GO_BP","GOBP_REGULATION_OF_VIRAL_LIFE_CYCLE",5,8.49828950072081e-06,0.000499750124937531,0.00602409638554217,90,TRUE,FALSE,FALSE,FALSE,"GOBP_REGULATION_OF_VIRAL_PROCESS",0.714285714285714,NA,FALSE,"hypoxia_anchored"
"Interaction_fdrOnly_up","GO_BP","GOBP_ANTIVIRAL_INNATE_IMMUNE_RESPONSE",4,8.42975359323741e-05,0.000499750124937531,0,63,TRUE,FALSE,FALSE,FALSE,NA,NA,3,TRUE,"hypoxia_anchored"
"Interaction_fdrOnly_up","GO_BP","GOBP_ACTIVATION_OF_INNATE_IMMUNE_RESPONSE",6,8.42975359323741e-05,0.000499750124937531,0.00116959064327485,283,TRUE,FALSE,FALSE,FALSE,"GOBP_RESPONSE_TO_VIRUS",0.545454545454545,NA,FALSE,"hypoxia_anchored"
"Interaction_fdrOnly_up","GO_BP","GOBP_POSITIVE_REGULATION_OF_RESPONSE_TO_BIOTIC_STIMULUS",6,0.000311994066901835,0.000499750124937531,0.000924214417744917,362,TRUE,FALSE,FALSE,FALSE,"GOBP_RESPONSE_TO_VIRUS",0.545454545454545,NA,FALSE,"hypoxia_anchored"
"Interaction_fdrOnly_up","GO_BP","GOBP_RESPONSE_TO_TYPE_I_INTERFERON",4,0.000523692735139581,0.000499750124937531,0,108,TRUE,FALSE,FALSE,FALSE,NA,NA,4,TRUE,"hypoxia_anchored"
"Interaction_fdrOnly_up","GO_BP","GOBP_VIRAL_LIFE_CYCLE",5,0.000523692735139581,0.000499750124937531,0,234,TRUE,FALSE,FALSE,FALSE,"GOBP_REGULATION_OF_VIRAL_PROCESS",0.714285714285714,NA,FALSE,"hypoxia_anchored"
"Interaction_fdrOnly_up","GO_BP","GOBP_NEGATIVE_REGULATION_OF_VIRAL_GENOME_REPLICATION",3,0.000778518769974773,0.000999500249875062,0.0106382978723404,40,TRUE,FALSE,FALSE,FALSE,NA,NA,8,TRUE,"hypoxia_anchored"
"Interaction_fdrOnly_up","GO_BP","GOBP_REGULATION_OF_PATTERN_RECOGNITION_RECEPTOR_SIGNALING_PATHWAY",4,0.00217900591414174,0.000499750124937531,0,163,TRUE,FALSE,FALSE,FALSE,NA,NA,5,TRUE,"hypoxia_anchored"
"Interaction_fdrOnly_up","GO_BP","GOBP_MDA_5_SIGNALING_PATHWAY",2,0.00228484498306595,0.000499750124937531,0,10,TRUE,FALSE,FALSE,FALSE,NA,NA,6,TRUE,"hypoxia_anchored"
"Interaction_fdrOnly_up","GO_BP","GOBP_CYTOPLASMIC_PATTERN_RECOGNITION_RECEPTOR_SIGNALING_PATHWAY",4,0.00228484498306595,0.00149925037481259,0.00335570469798658,173,TRUE,FALSE,FALSE,FALSE,"GOBP_REGULATION_OF_PATTERN_RECOGNITION_RECEPTOR_SIGNALING_PATHWAY",1,NA,FALSE,"hypoxia_anchored"
"Interaction_fdrOnly_up","GO_BP","GOBP_INTRACELLULAR_RECEPTOR_SIGNALING_PATHWAY",5,0.00228484498306595,0.000999500249875062,0.00188857412653447,344,TRUE,FALSE,FALSE,FALSE,"GOBP_REGULATION_OF_PATTERN_RECOGNITION_RECEPTOR_SIGNALING_PATHWAY",0.8,NA,FALSE,"hypoxia_anchored"
"Interaction_fdrOnly_up","GO_BP","GOBP_REGULATION_OF_VIRAL_GENOME_REPLICATION",3,0.00234933805382672,0.000999500249875062,0.00413223140495868,65,TRUE,FALSE,FALSE,FALSE,"GOBP_NEGATIVE_REGULATION_OF_VIRAL_GENOME_REPLICATION",1,NA,FALSE,"hypoxia_anchored"
"Interaction_fdrOnly_up","GO_BP","GOBP_TYPE_I_INTERFERON_MEDIATED_SIGNALING_PATHWAY",3,0.00234933805382672,0.000999500249875062,0.00346020761245675,66,TRUE,FALSE,FALSE,FALSE,"GOBP_RESPONSE_TO_TYPE_I_INTERFERON",0.75,NA,FALSE,"hypoxia_anchored"
"Interaction_fdrOnly_up","GO_BP","GOBP_POSITIVE_REGULATION_OF_NF_KAPPAB_TRANSCRIPTION_FACTOR_ACTIVITY",3,0.00243325940067822,0.000999500249875062,0.00327868852459016,68,TRUE,FALSE,FALSE,FALSE,NA,NA,9,TRUE,"hypoxia_anchored"
"Interaction_fdrOnly_up","GO_BP","GOBP_REGULATION_OF_VIRAL_ENTRY_INTO_HOST_CELL",2,0.00331254470281117,0.000999500249875062,0,14,TRUE,FALSE,FALSE,FALSE,"GOBP_POSITIVE_REGULATION_OF_NF_KAPPAB_TRANSCRIPTION_FACTOR_ACTIVITY",0.666666666666667,NA,FALSE,"hypoxia_anchored"
"Interaction_fdrOnly_up","GO_BP","GOBP_NEGATIVE_REGULATION_OF_INNATE_IMMUNE_RESPONSE",3,0.00331254470281117,0.000499750124937531,0,78,TRUE,FALSE,FALSE,FALSE,NA,NA,7,TRUE,"hypoxia_anchored"
"Interaction_fdrOnly_up","GO_BP","GOBP_INTERFERON_MEDIATED_SIGNALING_PATHWAY",3,0.00418062789707651,0.00149925037481259,0.0027027027027027,87,TRUE,FALSE,FALSE,FALSE,"GOBP_RESPONSE_TO_TYPE_I_INTERFERON",0.75,NA,FALSE,"hypoxia_anchored"
"Interaction_fdrOnly_up","GO_BP","GOBP_POSITIVE_REGULATION_OF_DNA_BINDING_TRANSCRIPTION_FACTOR_ACTIVITY",3,0.00418062789707651,0.00149925037481259,0.00278551532033426,87,TRUE,FALSE,FALSE,FALSE,"GOBP_POSITIVE_REGULATION_OF_NF_KAPPAB_TRANSCRIPTION_FACTOR_ACTIVITY",1,NA,FALSE,"hypoxia_anchored"
"Interaction_fdrOnly_up","GO_BP","GOBP_VIRAL_GENOME_REPLICATION",3,0.00472581501127646,0.00199900049975012,0.00636942675159236,92,TRUE,FALSE,FALSE,FALSE,"GOBP_NEGATIVE_REGULATION_OF_VIRAL_GENOME_REPLICATION",1,NA,FALSE,"hypoxia_anchored"
"Interaction_fdrOnly_up","GO_BP","GOBP_MODULATION_BY_SYMBIONT_OF_ENTRY_INTO_HOST",2,0.00520612612972913,0.00149925037481259,0,19,TRUE,FALSE,FALSE,FALSE,"GOBP_POSITIVE_REGULATION_OF_NF_KAPPAB_TRANSCRIPTION_FACTOR_ACTIVITY",0.666666666666667,NA,FALSE,"hypoxia_anchored"
"Interaction_fdrOnly_up","GO_BP","GOBP_NEGATIVE_REGULATION_OF_RESPONSE_TO_BIOTIC_STIMULUS",3,0.00680411577976781,0.000499750124937531,0,107,TRUE,FALSE,FALSE,FALSE,"GOBP_NEGATIVE_REGULATION_OF_INNATE_IMMUNE_RESPONSE",1,NA,FALSE,"hypoxia_anchored"
"Interaction_fdrOnly_up","GO_BP","GOBP_REGULATION_OF_CYTOPLASMIC_PATTERN_RECOGNITION_RECEPTOR_SIGNALING_PATHWAY",3,0.00809312672770757,0.00249875062468766,0.00223713646532438,115,TRUE,FALSE,FALSE,FALSE,"GOBP_REGULATION_OF_PATTERN_RECOGNITION_RECEPTOR_SIGNALING_PATHWAY",0.75,NA,FALSE,"hypoxia_anchored"
"Interaction_fdrOnly_up","GO_BP","GOBP_REGULATION_OF_BIOLOGICAL_PROCESS_INVOLVED_IN_SYMBIOTIC_INTERACTION",2,0.0094771577025726,0.00149925037481259,0,27,TRUE,FALSE,FALSE,FALSE,"GOBP_POSITIVE_REGULATION_OF_NF_KAPPAB_TRANSCRIPTION_FACTOR_ACTIVITY",0.666666666666667,NA,FALSE,"hypoxia_anchored"
"Interaction_fdrOnly_up","GO_BP","GOBP_TYPE_I_INTERFERON_PRODUCTION",3,0.0100666287177779,0.000999500249875062,0.0023696682464455,127,TRUE,FALSE,FALSE,FALSE,"GOBP_MDA_5_SIGNALING_PATHWAY",0.666666666666667,NA,FALSE,"hypoxia_anchored"
"Interaction_fdrOnly_up","GO_BP","GOBP_REGULATION_OF_PROTEIN_EXPORT_FROM_NUCLEUS",2,0.0124112748205691,0.000999500249875062,0,32,TRUE,FALSE,FALSE,FALSE,NA,NA,10,TRUE,"hypoxia_anchored"
"Interaction_fdrOnly_up","GO_BP","GOBP_REGULATION_OF_DNA_BINDING_TRANSCRIPTION_FACTOR_ACTIVITY",3,0.0124112748205691,0.00449775112443778,0.00350877192982456,141,TRUE,FALSE,FALSE,FALSE,"GOBP_POSITIVE_REGULATION_OF_NF_KAPPAB_TRANSCRIPTION_FACTOR_ACTIVITY",1,NA,FALSE,"hypoxia_anchored"
"Interaction_fdrOnly_up","GO_BP","GOBP_MONOCYTE_DIFFERENTIATION",2,0.0124112748205691,0.00349825087456272,0.00492610837438424,33,TRUE,FALSE,FALSE,FALSE,NA,NA,12,FALSE,"hypoxia_anchored"
"Interaction_fdrOnly_up","GO_BP","GOBP_RESPONSE_TO_INTERFERON_BETA",2,0.0143238895467999,0.00449775112443778,0,36,TRUE,FALSE,FALSE,FALSE,NA,NA,13,FALSE,"hypoxia_anchored"
"Interaction_fdrOnly_up","GO_BP","GOBP_NEGATIVE_REGULATION_OF_TYPE_I_INTERFERON_PRODUCTION",2,0.0218371729341645,0.00149925037481259,0,46,TRUE,FALSE,FALSE,FALSE,NA,NA,11,FALSE,"hypoxia_anchored"
"Interaction_fdrOnly_up","GO_BP","GOBP_REGULATION_OF_INFLAMMASOME_MEDIATED_SIGNALING_PATHWAY",2,0.0218371729341645,0.00549725137431284,0,46,TRUE,FALSE,FALSE,FALSE,"GOBP_NEGATIVE_REGULATION_OF_VIRAL_GENOME_REPLICATION",0.666666666666667,NA,FALSE,"hypoxia_anchored"
"Interaction_fdrOnly_up","GO_BP","GOBP_NEGATIVE_REGULATION_OF_IMMUNE_RESPONSE",3,0.0218371729341645,0.00249875062468766,0.00144092219020173,179,TRUE,FALSE,FALSE,FALSE,"GOBP_NEGATIVE_REGULATION_OF_INNATE_IMMUNE_RESPONSE",1,NA,FALSE,"hypoxia_anchored"
"Interaction_fdrOnly_up","GO_BP","GOBP_POSITIVE_REGULATION_OF_NON_CANONICAL_NF_KAPPAB_SIGNAL_TRANSDUCTION",2,0.025530204362696,0.00549725137431284,0,51,TRUE,FALSE,FALSE,FALSE,"GOBP_POSITIVE_REGULATION_OF_NF_KAPPAB_TRANSCRIPTION_FACTOR_ACTIVITY",0.666666666666667,NA,FALSE,"hypoxia_anchored"
"Interaction_fdrOnly_up","GO_BP","GOBP_NEGATIVE_REGULATION_OF_CYTOPLASMIC_PATTERN_RECOGNITION_RECEPTOR_SIGNALING_PATHWAY",2,0.0271158701179137,0.00299850074962519,0,54,TRUE,FALSE,FALSE,FALSE,"GOBP_NEGATIVE_REGULATION_OF_INNATE_IMMUNE_RESPONSE",0.666666666666667,NA,FALSE,"hypoxia_anchored"
"Interaction_fdrOnly_up","GO_BP","GOBP_POSITIVE_REGULATION_OF_INTERLEUKIN_1_PRODUCTION",2,0.0271158701179137,0.00749625187406297,0,54,TRUE,FALSE,FALSE,FALSE,"GOBP_NEGATIVE_REGULATION_OF_INNATE_IMMUNE_RESPONSE",0.666666666666667,NA,FALSE,"hypoxia_anchored"
"Interaction_fdrOnly_up","GO_BP","GOBP_INFLAMMASOME_MEDIATED_SIGNALING_PATHWAY",2,0.028403887214436,0.0079960019990005,0,56,TRUE,FALSE,FALSE,FALSE,"GOBP_NEGATIVE_REGULATION_OF_VIRAL_GENOME_REPLICATION",0.666666666666667,NA,FALSE,"hypoxia_anchored"
"Interaction_fdrOnly_up","GO_BP","GOBP_PROTEIN_EXPORT_FROM_NUCLEUS",2,0.0296944056624807,0.00299850074962519,0,58,TRUE,FALSE,FALSE,FALSE,"GOBP_REGULATION_OF_PROTEIN_EXPORT_FROM_NUCLEUS",1,NA,FALSE,"hypoxia_anchored"
"Interaction_fdrOnly_up","GO_BP","GOBP_POSITIVE_REGULATION_OF_CHEMOKINE_PRODUCTION",2,0.0299792439952238,0.00649675162418791,0,59,TRUE,FALSE,FALSE,FALSE,"GOBP_POSITIVE_REGULATION_OF_NF_KAPPAB_TRANSCRIPTION_FACTOR_ACTIVITY",0.666666666666667,NA,FALSE,"hypoxia_anchored"
"Interaction_fdrOnly_up","GO_BP","GOBP_MYELOID_LEUKOCYTE_DIFFERENTIATION",3,0.0311811660705465,0.0139930034982509,0.00109170305676856,216,TRUE,FALSE,FALSE,FALSE,"GOBP_MONOCYTE_DIFFERENTIATION",0.666666666666667,NA,FALSE,"hypoxia_anchored"
"Interaction_fdrOnly_up","GO_BP","GOBP_NEGATIVE_REGULATION_OF_DEFENSE_RESPONSE",3,0.0359259970190648,0.0134932533733133,0.00223964165733483,229,TRUE,FALSE,FALSE,FALSE,"GOBP_NEGATIVE_REGULATION_OF_INNATE_IMMUNE_RESPONSE",1,NA,FALSE,"hypoxia_anchored"
"Interaction_fdrOnly_up","GO_BP","GOBP_PROTEIN_K63_LINKED_UBIQUITINATION",2,0.0382787481192717,0.00699650174912544,0,70,TRUE,FALSE,FALSE,FALSE,NA,NA,14,FALSE,"hypoxia_anchored"
"Interaction_fdrOnly_up","GO_BP","GOBP_REGULATION_OF_LEUKOCYTE_APOPTOTIC_PROCESS",2,0.0382787481192717,0.0149925037481259,0.00515463917525773,70,TRUE,FALSE,FALSE,FALSE,NA,NA,16,FALSE,"hypoxia_anchored"
"Interaction_fdrOnly_up","GO_BP","GOBP_POSITIVE_REGULATION_OF_TYPE_I_INTERFERON_PRODUCTION",2,0.0411185654180954,0.00749625187406297,0.00348432055749129,74,TRUE,FALSE,FALSE,FALSE,"GOBP_MDA_5_SIGNALING_PATHWAY",1,NA,FALSE,"hypoxia_anchored"
"Interaction_fdrOnly_up","GO_BP","GOBP_NEGATIVE_REGULATION_OF_CYTOKINE_PRODUCTION",3,0.0411185654180954,0.0129935032483758,0,248,TRUE,FALSE,FALSE,FALSE,"GOBP_NEGATIVE_REGULATION_OF_TYPE_I_INTERFERON_PRODUCTION",0.666666666666667,NA,FALSE,"hypoxia_anchored"
"Interaction_fdrOnly_up","GO_BP","GOBP_CHEMOKINE_PRODUCTION",2,0.0411185654180954,0.0119940029985007,0,75,TRUE,FALSE,FALSE,FALSE,"GOBP_POSITIVE_REGULATION_OF_NF_KAPPAB_TRANSCRIPTION_FACTOR_ACTIVITY",0.666666666666667,NA,FALSE,"hypoxia_anchored"
"Interaction_fdrOnly_up","GO_BP","GOBP_PROTEIN_POLYUBIQUITINATION",3,0.0417904761561868,0.00849575212393803,0.00144092219020173,253,TRUE,FALSE,FALSE,FALSE,"GOBP_PROTEIN_K63_LINKED_UBIQUITINATION",0.666666666666667,NA,FALSE,"hypoxia_anchored"
"Interaction_fdrOnly_up","GO_BP","GOBP_VIRAL_GENE_EXPRESSION",2,0.0426441985678843,0.00849575212393803,0,78,TRUE,FALSE,FALSE,FALSE,NA,NA,15,FALSE,"hypoxia_anchored"
"Interaction_fdrOnly_up","GO_BP","GOBP_REGULATION_OF_NON_CANONICAL_NF_KAPPAB_SIGNAL_TRANSDUCTION",2,0.0460976601653523,0.0134932533733133,0,82,TRUE,FALSE,FALSE,FALSE,"GOBP_POSITIVE_REGULATION_OF_NF_KAPPAB_TRANSCRIPTION_FACTOR_ACTIVITY",0.666666666666667,NA,FALSE,"hypoxia_anchored"
"Interaction_fdrOnly_up","GO_BP","GOBP_CELLULAR_RESPONSE_TO_TYPE_II_INTERFERON",2,0.0496093631839942,0.0154922538730635,0,86,TRUE,FALSE,FALSE,FALSE,NA,NA,17,FALSE,"hypoxia_anchored"
"Interaction_fdrOnly_up","KEGG","KEGG_RIG_I_LIKE_RECEPTOR_SIGNALING_PATHWAY",2,0.000528428367760262,0.000999500249875062,0.404761904761905,50,TRUE,FALSE,FALSE,TRUE,NA,NA,NA,FALSE,"hypoxia_anchored"
"Interaction_fdrOnly_up","KEGG","KEGG_CYTOSOLIC_DNA_SENSING_PATHWAY",1,0.0312074696045848,0.0144927536231884,0.464285714285714,39,TRUE,FALSE,FALSE,TRUE,NA,NA,NA,FALSE,"hypoxia_anchored"
"Interaction_fdrOnly_up","KEGG","KEGG_TOLL_LIKE_RECEPTOR_SIGNALING_PATHWAY",1,0.0440147039686768,0.0334832583708146,0.303030303030303,83,TRUE,FALSE,FALSE,TRUE,NA,NA,NA,FALSE,"hypoxia_anchored"
"Interaction_fdrOnly_up","Reactome","REACTOME_INTERFERON_SIGNALING",8,9.17595693435629e-08,0.000499750124937531,0,241,TRUE,FALSE,FALSE,FALSE,NA,NA,1,TRUE,"hypoxia_anchored"
"Interaction_fdrOnly_up","Reactome","REACTOME_INTERFERON_ALPHA_BETA_SIGNALING",5,1.02498027540941e-06,0.000499750124937531,0,59,TRUE,FALSE,FALSE,FALSE,"REACTOME_INTERFERON_SIGNALING",0.625,NA,FALSE,"hypoxia_anchored"
"Interaction_fdrOnly_up","Reactome","REACTOME_INTERFERON_GAMMA_SIGNALING",4,0.000159626960062605,0.000499750124937531,0,79,TRUE,FALSE,FALSE,FALSE,NA,NA,2,TRUE,"hypoxia_anchored"
