"ID","Description","GeneRatio","BgRatio","RichFactor","FoldEnrichment","zScore","pvalue","p.adjust","qvalue","geneID","Count","arm","collection","n_query_in_background","hit_genes","n_hits","size_tested","k_null_matched_mean","p_matched","frac_matched_reaching_q","p_uniform"
"HALLMARK_TNFA_SIGNALING_VIA_NFKB","HALLMARK_TNFA_SIGNALING_VIA_NFKB","35/102","191/3666",0.183246073298429,6.58607945796119,13.412650736945,7.46326544274591e-21,3.2838367948082e-19,2.51394204387231e-19,"AREG/ATF3/CCL20/CCL4/CCN1/CD80/CD83/CDKN1A/CSF2/EGR1/EGR2/EGR3/F3/FOSL1/FOSL2/GFPT2/GPR183/HBEGF/IER3/IL1A/IL23A/INHBA/KDM6B/NR4A1/NR4A2/NR4A3/OLR1/PLAUR/PLEK/PLK2/PTGS2/SDC4/SERPINE1/SPHK1/TNFSF9",35,"WT_heat_up","Hallmark",199,"AREG/ATF3/CCL20/CCL4/CCN1/CD80/CD83/CDKN1A/CSF2/EGR1/EGR2/EGR3/F3/FOSL1/FOSL2/GFPT2/GPR183/HBEGF/IER3/IL1A/IL23A/INHBA/KDM6B/NR4A1/NR4A2/NR4A3/OLR1/PLAUR/PLEK/PLK2/PTGS2/SDC4/SERPINE1/SPHK1/TNFSF9",35,191,9.596,0.000499750124937531,0.099,0.000499750124937531
"HALLMARK_INFLAMMATORY_RESPONSE","HALLMARK_INFLAMMATORY_RESPONSE","21/102","166/3666",0.126506024096386,4.54677533664068,7.91082776922878,2.32052113280623e-09,5.1051464921737e-08,3.90824611841049e-08,"ADM/ADORA2B/CCL20/CCL22/CD70/CDKN1A/F3/GPR183/HBEGF/IL1A/INHBA/LTA/OLR1/PLAUR/PTGER2/RGS16/SERPINE1/SGMS2/SPHK1/TIMP1/TNFSF9",21,"WT_heat_up","Hallmark",199,"ADM/ADORA2B/CCL20/CCL22/CD70/CDKN1A/F3/GPR183/HBEGF/IL1A/INHBA/LTA/OLR1/PLAUR/PTGER2/RGS16/SERPINE1/SGMS2/SPHK1/TIMP1/TNFSF9",21,166,7.6195,0.000499750124937531,0.0570285142571286,0.000499750124937531
"HALLMARK_HYPOXIA","HALLMARK_HYPOXIA","18/102","171/3666",0.105263157894737,3.78328173374613,6.30521445092493,6.6532330594798e-07,9.75807515390371e-06,7.47029676853873e-06,"ADM/ADORA2B/AK4/ANXA2/ATF3/CCN1/CDKN1A/EGFR/F3/FOSL2/HK2/IER3/P4HA2/PDGFB/PLAUR/SDC4/SERPINE1/TGM2",18,"WT_heat_up","Hallmark",199,"ADM/ADORA2B/AK4/ANXA2/ATF3/CCN1/CDKN1A/EGFR/F3/FOSL2/HK2/IER3/P4HA2/PDGFB/PLAUR/SDC4/SERPINE1/TGM2",18,171,8.276,0.000999500249875062,0.079,0.000499750124937531
"HALLMARK_EPITHELIAL_MESENCHYMAL_TRANSITION","HALLMARK_EPITHELIAL_MESENCHYMAL_TRANSITION","14/102","142/3666",0.0985915492957746,3.54349627174814,5.2290832414141,2.85072197004896e-05,0.000313579416705385,0.000240060797477807,"APLP1/AREG/CCN1/DAB2/INHBA/LAMC2/PLAUR/SDC1/SDC4/SERPINE1/SPP1/TGM2/TIMP1/TNFRSF11B",14,"WT_heat_up","Hallmark",199,"APLP1/AREG/CCN1/DAB2/INHBA/LAMC2/PLAUR/SDC1/SDC4/SERPINE1/SPP1/TGM2/TIMP1/TNFRSF11B",14,142,5.7545,0.00149925037481259,0.0180451127819549,0.000499750124937531
"HALLMARK_P53_PATHWAY","HALLMARK_P53_PATHWAY","15/102","187/3666",0.0802139037433155,2.88298206983328,4.47103429542205,0.000162002841046676,0.00142562500121075,0.0010913875607355,"ATF3/CDKN1A/EPHA2/HBEGF/IER3/IL1A/PLK2/PLK3/PLXNB2/PROCR/RGS16/SDC1/SPHK1/TNFSF9/UPP1",15,"WT_heat_up","Hallmark",199,"ATF3/CDKN1A/EPHA2/HBEGF/IER3/IL1A/PLK2/PLK3/PLXNB2/PROCR/RGS16/SDC1/SPHK1/TNFSF9/UPP1",15,187,7.366,0.00449775112443778,0.0225,0.000499750124937531
"HALLMARK_KRAS_SIGNALING_UP","HALLMARK_KRAS_SIGNALING_UP","13/102","161/3666",0.0807453416149068,2.9020825721593,4.17509652910345,0.000431522446170095,0.0031644979385807,0.00242258215393738,"ADAM8/ALDH1A2/ANO1/CCL20/CSF2/GFPT2/HBEGF/INHBA/PLAUR/PLEK2/PTGS2/RGS16/SPP1",13,"WT_heat_up","Hallmark",199,"ADAM8/ALDH1A2/ANO1/CCL20/CSF2/GFPT2/HBEGF/INHBA/PLAUR/PLEK2/PTGS2/RGS16/SPP1",13,161,5.7545,0.00549725137431284,0.00852130325814536,0.00199900049975012
"HALLMARK_IL2_STAT5_SIGNALING","HALLMARK_IL2_STAT5_SIGNALING","14/102","197/3666",0.0710659898477157,2.55419528217378,3.79319157386585,0.000941431830470797,0.00591757150581644,0.00453019828196474,"APLP1/BATF3/CD83/CSF2/EOMES/FAH/HK2/IRF6/PTGER2/RGS16/SCN9A/SPP1/TGM2/TNFSF11",14,"WT_heat_up","Hallmark",199,"APLP1/BATF3/CD83/CSF2/EOMES/FAH/HK2/IRF6/PTGER2/RGS16/SCN9A/SPP1/TGM2/TNFSF11",14,197,8.4225,0.0299850074962519,0.0465,0.00149925037481259
"HALLMARK_COMPLEMENT","HALLMARK_COMPLEMENT","12/102","162/3666",0.0740740740740741,2.66230936819172,3.66062750554205,0.00155981134649944,0.00857896240574693,0.00656762672210291,"C3/CD40LG/CLU/CPM/F3/HSPA1A/OLR1/PDGFB/PLAUR/PLEK/SERPINE1/TIMP1",12,"WT_heat_up","Hallmark",199,"C3/CD40LG/CLU/CPM/F3/HSPA1A/OLR1/PDGFB/PLAUR/PLEK/SERPINE1/TIMP1",12,162,6.19,0.0189905047476262,0.0190285428142213,0.00249875062468766
"HALLMARK_APOPTOSIS","HALLMARK_APOPTOSIS","11/102","151/3666",0.0728476821192053,2.61823139851967,3.43506263327159,0.00281063828339948,0.0137408982743975,0.0105193479612612,"ATF3/AVPR1A/CDKN1A/CLU/CTH/EGR3/FASLG/IER3/IL1A/PAK1/TIMP1",11,"WT_heat_up","Hallmark",199,"ATF3/AVPR1A/CDKN1A/CLU/CTH/EGR3/FASLG/IER3/IL1A/PAK1/TIMP1",11,151,8.6225,0.229885057471264,0.1635,0.00349825087456272
"HALLMARK_COAGULATION","HALLMARK_COAGULATION","8/102","95/3666",0.0842105263157895,3.0266253869969,3.38538904006207,0.00448182786456462,0.0197200426040843,0.0150966833332703,"C3/CLU/F3/OLR1/PDGFB/PLEK/SERPINE1/TIMP1",8,"WT_heat_up","Hallmark",199,"C3/CLU/F3/OLR1/PDGFB/PLEK/SERPINE1/TIMP1",8,95,3.402,0.0144927536231884,0.00617601646937725,0.00299850074962519
"GOBP_TAXIS","GOBP_TAXIS","23/183","334/11067",0.0688622754491018,4.16447433002847,7.61449063782155,6.28222890811767e-09,1.1623916324849e-05,9.35644009634642e-06,"ADAM8/C3/CALCA/CCL20/CCL22/CCL3/CCL4/CCN1/EGR3/EPHA2/F3/FOSL1/GPR183/HBEGF/IL23A/NR4A1/PDGFB/PLAUR/SEMA4A/SERPINE1/TNFSF11/TNFSF14/WNT3",23,"WT_heat_up","GO_BP",199,"ADAM8/C3/CALCA/CCL20/CCL22/CCL3/CCL4/CCN1/EGR3/EPHA2/F3/FOSL1/GPR183/HBEGF/IL23A/NR4A1/PDGFB/PLAUR/SEMA4A/SERPINE1/TNFSF11/TNFSF14/WNT3",23,334,10.5465,0.000499750124937531,0.12,0.000499750124937531
"GOBP_REGULATION_OF_INFLAMMATORY_RESPONSE","GOBP_REGULATION_OF_INFLAMMATORY_RESPONSE","23/183","340/11067",0.0676470588235294,4.09098360655738,7.50626048165568,8.8093340847662e-09,1.1623916324849e-05,9.35644009634642e-06,"ADAM8/ADORA2A/ADORA2B/BCL6B/C3/CAMK2N1/CCL3/CD200/DAGLA/IER3/IL1A/IL1RN/IL2/IL23A/LTA/NR4A3/PIK3AP1/PLK2/PTGS2/SERPINE1/SPHK1/TNFSF11/TNFSF14",23,"WT_heat_up","GO_BP",199,"ADAM8/ADORA2A/ADORA2B/BCL6B/C3/CAMK2N1/CCL3/CD200/DAGLA/IER3/IL1A/IL1RN/IL2/IL23A/LTA/NR4A3/PIK3AP1/PLK2/PTGS2/SERPINE1/SPHK1/TNFSF11/TNFSF14",23,340,11.046,0.000499750124937531,0.1335,0.000499750124937531
"GOBP_REGULATION_OF_VASCULATURE_DEVELOPMENT","GOBP_REGULATION_OF_VASCULATURE_DEVELOPMENT","18/183","228/11067",0.0789473684210526,4.77437446074202,7.46697008666442,3.93047597365999e-08,3.45750869816291e-05,2.78305281222662e-05,"ADM/ANXA3/ATP2B4/C3/EMILIN2/EPHA2/EPN2/F3/FASLG/HK2/HSPG2/IL17F/IL1A/PLK2/SEMA4A/SERPINE1/SPHK1/TGM2",18,"WT_heat_up","GO_BP",199,"ADM/ANXA3/ATP2B4/C3/EMILIN2/EPHA2/EPN2/F3/FASLG/HK2/HSPG2/IL17F/IL1A/PLK2/SEMA4A/SERPINE1/SPHK1/TGM2",18,228,7.218,0.000999500249875062,0.0645968953430145,0.000499750124937531
"GOBP_CELL_CHEMOTAXIS","GOBP_CELL_CHEMOTAXIS","17/183","233/11067",0.0729613733905579,4.4123689579962,6.8259977172095,2.98007616060708e-07,0.000164644585163445,0.000132527381926899,"ADAM8/C3/CALCA/CCL20/CCL22/CCL3/CCL4/EGR3/EPHA2/GPR183/HBEGF/IL23A/NR4A1/PDGFB/SERPINE1/TNFSF11/TNFSF14",17,"WT_heat_up","GO_BP",199,"ADAM8/C3/CALCA/CCL20/CCL22/CCL3/CCL4/EGR3/EPHA2/GPR183/HBEGF/IL23A/NR4A1/PDGFB/SERPINE1/TNFSF11/TNFSF14",17,233,7.671,0.00199900049975012,0.0945472736368184,0.000499750124937531
"GOBP_TISSUE_REMODELING","GOBP_TISSUE_REMODELING","13/183","134/11067",0.0970149253731343,5.86701737215562,7.34974434537677,3.11945026834871e-07,0.000164644585163445,0.000132527381926899,"ADAM8/CALCA/EPHA2/FOSL2/GJA5/IL1A/IL2/IL23A/NPPC/NPR3/SPP1/TIMP1/TNFSF11",13,"WT_heat_up","GO_BP",199,"ADAM8/CALCA/EPHA2/FOSL2/GJA5/IL1A/IL2/IL23A/NPPC/NPR3/SPP1/TIMP1/TNFSF11",13,134,4.803,0.000999500249875062,0.0548289738430583,0.000499750124937531
"GOBP_POSITIVE_REGULATION_OF_CELL_ACTIVATION","GOBP_POSITIVE_REGULATION_OF_CELL_ACTIVATION","20/183","327/11067",0.0611620795107034,3.69880182483582,6.42346470336518,4.51043344694449e-07,0.000198383897774775,0.000159685170104105,"ADAM8/CCL3/CD200/CD40LG/CD70/CD80/CD83/CDKN1A/EGR3/GPR183/HAVCR1/HSPH1/IL1A/IL2/IL23A/NR4A3/PLEK/TNFSF11/TNFSF14/TNFSF9",20,"WT_heat_up","GO_BP",199,"ADAM8/CCL3/CD200/CD40LG/CD70/CD80/CD83/CDKN1A/EGR3/GPR183/HAVCR1/HSPH1/IL1A/IL2/IL23A/NR4A3/PLEK/TNFSF11/TNFSF14/TNFSF9",20,327,12.1415,0.0114942528735632,0.2585,0.000499750124937531
"GOBP_REGULATION_OF_APOPTOTIC_SIGNALING_PATHWAY","GOBP_REGULATION_OF_APOPTOTIC_SIGNALING_PATHWAY","19/183","321/11067",0.059190031152648,3.57954139216587,6.08132495384692,1.45790912353476e-06,0.00054885500731485,0.000441789914346091,"ADORA2A/ATF3/CD40LG/CLU/CSF2/CTH/FASLG/HSPA1A/IER3/IL1A/INHBA/LTA/NR4A2/PLAUR/PTGS2/SERPINE1/TNFSF11/TNFSF14/YAP1",19,"WT_heat_up","GO_BP",199,"ADORA2A/ATF3/CD40LG/CLU/CSF2/CTH/FASLG/HSPA1A/IER3/IL1A/INHBA/LTA/NR4A2/PLAUR/PTGS2/SERPINE1/TNFSF11/TNFSF14/YAP1",19,321,10.315,0.00699650174912544,0.121,0.000499750124937531
"GOBP_NEGATIVE_REGULATION_OF_G_PROTEIN_COUPLED_RECEPTOR_SIGNALING_PATHWAY","GOBP_NEGATIVE_REGULATION_OF_G_PROTEIN_COUPLED_RECEPTOR_SIGNALING_PATHWAY","8/183","51/11067",0.156862745098039,9.48633879781421,7.87626104557588,1.66382722945009e-06,0.00054885500731485,0.000441789914346091,"ADM/APLP1/ATP2B4/BICD1/CALCA/PLEK/RGS16/SERPINE1",8,"WT_heat_up","GO_BP",199,"ADM/APLP1/ATP2B4/BICD1/CALCA/PLEK/RGS16/SERPINE1",8,51,1.3115,0.000499750124937531,0.00336021505376344,0.000499750124937531
"GOBP_REGULATION_OF_EXTRINSIC_APOPTOTIC_SIGNALING_PATHWAY","GOBP_REGULATION_OF_EXTRINSIC_APOPTOTIC_SIGNALING_PATHWAY","12/183","134/11067",0.0895522388059701,5.41570834352826,6.66821688666087,2.1219906231294e-06,0.000550787716135207,0.000443345609844578,"ATF3/CD40LG/CSF2/FASLG/HSPA1A/IL1A/INHBA/LTA/SERPINE1/TNFSF11/TNFSF14/YAP1",12,"WT_heat_up","GO_BP",199,"ATF3/CD40LG/CSF2/FASLG/HSPA1A/IL1A/INHBA/LTA/SERPINE1/TNFSF11/TNFSF14/YAP1",12,134,4.5275,0.00349825087456272,0.0434343434343434,0.000499750124937531
"GOBP_POSITIVE_REGULATION_OF_CELL_ADHESION","GOBP_POSITIVE_REGULATION_OF_CELL_ADHESION","21/183","395/11067",0.0531645569620253,3.21514837103133,5.81306355835132,2.23851480505187e-06,0.000550787716135207,0.000443345609844578,"ADAM8/CCN1/CD40LG/CD70/CD80/CD83/DAB2/EGR3/EMILIN2/HSPH1/IL1A/IL2/IL23A/NR4A3/PDGFB/PLAUR/SDC4/TGM2/TNFSF11/TNFSF14/TNFSF9",21,"WT_heat_up","GO_BP",199,"ADAM8/CCN1/CD40LG/CD70/CD80/CD83/DAB2/EGR3/EMILIN2/HSPH1/IL1A/IL2/IL23A/NR4A3/PDGFB/PLAUR/SDC4/TGM2/TNFSF11/TNFSF14/TNFSF9",21,395,14.2155,0.0289855072463768,0.305,0.000499750124937531
"GOBP_POSITIVE_REGULATION_OF_INFLAMMATORY_RESPONSE","GOBP_POSITIVE_REGULATION_OF_INFLAMMATORY_RESPONSE","12/183","135/11067",0.0888888888888889,5.37559198542805,6.63254953484214,2.29581844542906e-06,0.000550787716135207,0.000443345609844578,"ADAM8/ADORA2B/C3/CAMK2N1/CCL3/IL1A/IL2/IL23A/LTA/PTGS2/SERPINE1/TNFSF11",12,"WT_heat_up","GO_BP",199,"ADAM8/ADORA2B/C3/CAMK2N1/CCL3/IL1A/IL2/IL23A/LTA/PTGS2/SERPINE1/TNFSF11",12,135,4.5125,0.00199900049975012,0.0397984886649874,0.000499750124937531
"GOBP_LEUKOCYTE_PROLIFERATION","GOBP_LEUKOCYTE_PROLIFERATION","17/183","277/11067",0.0613718411552347,3.71148724625673,5.92602309205168,3.2986784071288e-06,0.000725434359701076,0.000583923949612801,"CD40LG/CD70/CD80/CDKN1A/CLU/CSF2/FOSL2/GPR183/IL1A/IL2/IL23A/IL9/NPR3/SDC4/TNFSF11/TNFSF14/TNFSF9",17,"WT_heat_up","GO_BP",199,"CD40LG/CD70/CD80/CDKN1A/CLU/CSF2/FOSL2/GPR183/IL1A/IL2/IL23A/IL9/NPR3/SDC4/TNFSF11/TNFSF14/TNFSF9",17,277,10.165,0.0164917541229385,0.1985,0.000499750124937531
"GOBP_WOUND_HEALING","GOBP_WOUND_HEALING","19/183","343/11067",0.0553935860058309,3.34994981599197,5.73262926580297,3.87888746758075e-06,0.000787414155918892,0.000633813353002264,"ADORA2A/ANXA2/CD40LG/CDKN1A/CLDN4/EMILIN2/F3/HBEGF/IL1A/PAK1/PDGFB/PLAUR/PLEK/PROCR/SDC4/SERPINE1/TIMP1/TMEFF2/YAP1",19,"WT_heat_up","GO_BP",199,"ADORA2A/ANXA2/CD40LG/CDKN1A/CLDN4/EMILIN2/F3/HBEGF/IL1A/PAK1/PDGFB/PLAUR/PLEK/PROCR/SDC4/SERPINE1/TIMP1/TMEFF2/YAP1",19,343,11.0415,0.0109945027486257,0.1335,0.000499750124937531
"GOBP_NEGATIVE_REGULATION_OF_RESPONSE_TO_EXTERNAL_STIMULUS","GOBP_NEGATIVE_REGULATION_OF_RESPONSE_TO_EXTERNAL_STIMULUS","18/183","314/11067",0.0573248407643312,3.46674323901013,5.7497711433415,4.39230361912916e-06,0.000827949232205846,0.000666441255894935,"ADORA2A/ANXA2/CD200/IER3/IL1A/IL1RN/IL2/KLRC1/NEO1/NR4A3/OAS3/PDGFB/PLAUR/PLK2/SERPINE1/SPP1/TNFSF14/WNT3",18,"WT_heat_up","GO_BP",199,"ADORA2A/ANXA2/CD200/IER3/IL1A/IL1RN/IL2/KLRC1/NEO1/NR4A3/OAS3/PDGFB/PLAUR/PLK2/SERPINE1/SPP1/TNFSF14/WNT3",18,314,10.2215,0.0119940029985007,0.1275,0.000499750124937531
"GOBP_REGULATION_OF_BODY_FLUID_LEVELS","GOBP_REGULATION_OF_BODY_FLUID_LEVELS","17/183","288/11067",0.0590277777777778,3.56972905282331,5.72955580516223,5.56574918802334e-06,0.00097920080714624,0.000788188200802183,"ADCY4/ADM/ADORA2A/ANO1/ANXA2/CD40LG/EMILIN2/F3/FOSL2/GJA5/HK2/NPR3/PDGFB/PLAUR/PLEK/PROCR/SERPINE1",17,"WT_heat_up","GO_BP",199,"ADCY4/ADM/ADORA2A/ANO1/ANXA2/CD40LG/EMILIN2/F3/FOSL2/GJA5/HK2/NPR3/PDGFB/PLAUR/PLEK/PROCR/SERPINE1",17,288,8.5215,0.00499750124937531,0.066,0.000499750124937531
"GOBP_HUMORAL_IMMUNE_RESPONSE","GOBP_HUMORAL_IMMUNE_RESPONSE","12/183","149/11067",0.0805369127516778,4.87050280558917,6.16759129883097,6.44172945689383e-06,0.00106248275229643,0.000855224345000773,"ADM/C3/CALCA/CCL20/CCL22/CCL3/CCL4/CD83/CLU/GPR183/IL17F/LTA",12,"WT_heat_up","GO_BP",199,"ADM/C3/CALCA/CCL20/CCL22/CCL3/CCL4/CD83/CLU/GPR183/IL17F/LTA",12,149,3.9395,0.00199900049975012,0.0142638818135507,0.000499750124937531
"GOBP_EXTRINSIC_APOPTOTIC_SIGNALING_PATHWAY","GOBP_EXTRINSIC_APOPTOTIC_SIGNALING_PATHWAY","14/183","204/11067",0.0686274509803922,4.15027322404372,5.88864030384965,7.06163093425483e-06,0.00109621435502932,0.000882375927264784,"ATF3/CD40LG/CD70/CSF2/FASLG/HSPA1A/IL1A/IL2/INHBA/LTA/SERPINE1/TNFSF11/TNFSF14/YAP1",14,"WT_heat_up","GO_BP",199,"ATF3/CD40LG/CD70/CSF2/FASLG/HSPA1A/IL1A/IL2/INHBA/LTA/SERPINE1/TNFSF11/TNFSF14/YAP1",14,204,6.7345,0.00349825087456272,0.0630630630630631,0.000499750124937531
"GOBP_POSITIVE_REGULATION_OF_CELL_GROWTH","GOBP_POSITIVE_REGULATION_OF_CELL_GROWTH","11/183","129/11067",0.0852713178294574,5.15681789299784,6.15762881261772,9.15639748945881e-06,0.00134242960970454,0.00108056199612444,"AVPR1A/CPNE6/CRABP2/EGFR/HBEGF/IL2/IL9/PAK1/SPHK1/WNT3/YAP1",11,"WT_heat_up","GO_BP",199,"AVPR1A/CPNE6/CRABP2/EGFR/HBEGF/IL2/IL9/PAK1/SPHK1/WNT3/YAP1",11,129,3.947,0.00149925037481259,0.0276639344262295,0.000499750124937531
"GOBP_POSITIVE_REGULATION_OF_CELL_CELL_ADHESION","GOBP_POSITIVE_REGULATION_OF_CELL_CELL_ADHESION","16/183","271/11067",0.0590405904059041,3.57050390176033,5.55517936767483,1.0595988458699e-05,0.00139945257282442,0.00112646149536694,"ADAM8/CD40LG/CD70/CD80/CD83/EGR3/EMILIN2/HSPH1/IL1A/IL2/IL23A/NR4A3/PLAUR/TNFSF11/TNFSF14/TNFSF9",16,"WT_heat_up","GO_BP",199,"ADAM8/CD40LG/CD70/CD80/CD83/EGR3/EMILIN2/HSPH1/IL1A/IL2/IL23A/NR4A3/PLAUR/TNFSF11/TNFSF14/TNFSF9",16,271,10.0235,0.0274862568715642,0.2085,0.000499750124937531
"GOBP_NEGATIVE_REGULATION_OF_VASCULATURE_DEVELOPMENT","GOBP_NEGATIVE_REGULATION_OF_VASCULATURE_DEVELOPMENT","9/183","85/11067",0.105882352941176,6.40327868852459,6.48414506499374,1.06059308285291e-05,0.00139945257282442,0.00112646149536694,"ATP2B4/EPHA2/EPN2/FASLG/HSPG2/IL17F/PLK2/SEMA4A/SERPINE1",9,"WT_heat_up","GO_BP",199,"ATP2B4/EPHA2/EPN2/FASLG/HSPG2/IL17F/PLK2/SEMA4A/SERPINE1",9,85,2.5625,0.000499750124937531,0.0128617363344051,0.000499750124937531
"GOBP_PHOSPHOLIPASE_C_ACTIVATING_G_PROTEIN_COUPLED_RECEPTOR_SIGNALING_PATHWAY","GOBP_PHOSPHOLIPASE_C_ACTIVATING_G_PROTEIN_COUPLED_RECEPTOR_SIGNALING_PATHWAY","9/183","88/11067",0.102272727272727,6.18498509687034,6.33190028888683,1.41047662893416e-05,0.0017273813794152,0.0013904212615065,"ADORA2A/ANO1/BICD1/CALCA/GAP43/GRP/IL2/PLEK/TGM2",9,"WT_heat_up","GO_BP",199,"ADORA2A/ANO1/BICD1/CALCA/GAP43/GRP/IL2/PLEK/TGM2",9,88,2.17,0.000999500249875062,0.00567536889897843,0.000499750124937531
"GOBP_MESODERM_MORPHOGENESIS","GOBP_MESODERM_MORPHOGENESIS","7/183","49/11067",0.142857142857143,8.63934426229508,6.94911260151664,1.44002994873567e-05,0.0017273813794152,0.0013904212615065,"EOMES/EPHA2/INHBA/ITGA3/KDM6B/NR4A3/WNT3",7,"WT_heat_up","GO_BP",199,"EOMES/EPHA2/INHBA/ITGA3/KDM6B/NR4A3/WNT3",7,49,1.712,0.00249875062468766,0.0228228228228228,0.000499750124937531
"GOBP_POSITIVE_REGULATION_OF_EXTRINSIC_APOPTOTIC_SIGNALING_PATHWAY","GOBP_POSITIVE_REGULATION_OF_EXTRINSIC_APOPTOTIC_SIGNALING_PATHWAY","7/183","50/11067",0.14,8.46655737704918,6.86120421121441,1.65129226595209e-05,0.00189467838689025,0.0015250836579823,"ATF3/CD40LG/FASLG/INHBA/LTA/TNFSF11/TNFSF14",7,"WT_heat_up","GO_BP",199,"ATF3/CD40LG/FASLG/INHBA/LTA/TNFSF11/TNFSF14",7,50,1.655,0.000499750124937531,0.0178132678132678,0.000499750124937531
"GOBP_REGULATION_OF_G_PROTEIN_COUPLED_RECEPTOR_SIGNALING_PATHWAY","GOBP_REGULATION_OF_G_PROTEIN_COUPLED_RECEPTOR_SIGNALING_PATHWAY","10/183","116/11067",0.0862068965517241,5.21339739966083,5.91508703533338,2.14292034510608e-05,0.00235631949613956,0.00189667248088775,"ADM/APLP1/ATP2B4/BICD1/C3/CALCA/GRP/PLEK/RGS16/SERPINE1",10,"WT_heat_up","GO_BP",199,"ADM/APLP1/ATP2B4/BICD1/C3/CALCA/GRP/PLEK/RGS16/SERPINE1",10,116,3.1805,0.000999500249875062,0.00829445308449974,0.000499750124937531
"GOBP_PLACENTA_DEVELOPMENT","GOBP_PLACENTA_DEVELOPMENT","10/183","117/11067",0.0854700854700855,5.16883844752697,5.87797247475882,2.31005422644947e-05,0.00235742556730875,0.0018975627908614,"ADM/CCN1/CSF2/EGFR/EOMES/FOSL1/PDGFB/PTGS2/SPINT1/SPP1",10,"WT_heat_up","GO_BP",199,"ADM/CCN1/CSF2/EGFR/EOMES/FOSL1/PDGFB/PTGS2/SPINT1/SPP1",10,117,3.5195,0.00399800099950025,0.022119341563786,0.000499750124937531
"GOBP_LEUKOCYTE_MIGRATION","GOBP_LEUKOCYTE_MIGRATION","16/183","290/11067",0.0551724137931034,3.33657433578293,5.22824909553872,2.45582569859236e-05,0.00235742556730875,0.0018975627908614,"ADAM8/ASB2/C3/CALCA/CCL20/CCL22/CCL3/CCL4/CD200/GPR183/IL23A/ITGA3/PDGFB/SERPINE1/TNFSF11/TNFSF14",16,"WT_heat_up","GO_BP",199,"ADAM8/ASB2/C3/CALCA/CCL20/CCL22/CCL3/CCL4/CD200/GPR183/IL23A/ITGA3/PDGFB/SERPINE1/TNFSF11/TNFSF14",16,290,10.0305,0.039480259870065,0.1535,0.000499750124937531
"GOBP_LEUKOCYTE_CELL_CELL_ADHESION","GOBP_LEUKOCYTE_CELL_CELL_ADHESION","18/183","357/11067",0.0504201680672269,3.04918032786885,5.10324198190506,2.5316845836724e-05,0.00235742556730875,0.0018975627908614,"ADAM8/ADORA2A/CALCA/CD40LG/CD70/CD80/CD83/EGR3/HSPH1/IL1A/IL2/IL23A/NR4A3/OLR1/SDC4/TNFSF11/TNFSF14/TNFSF9",18,"WT_heat_up","GO_BP",199,"ADAM8/ADORA2A/CALCA/CD40LG/CD70/CD80/CD83/EGR3/HSPH1/IL1A/IL2/IL23A/NR4A3/OLR1/SDC4/TNFSF11/TNFSF14/TNFSF9",18,357,13.075,0.0779610194902549,0.2845,0.000499750124937531
"GOBP_EPITHELIAL_CELL_PROLIFERATION","GOBP_EPITHELIAL_CELL_PROLIFERATION","16/183","291/11067",0.0549828178694158,3.32510844459467,5.2117974357215,2.5615352140898e-05,0.00235742556730875,0.0018975627908614,"ALDH1A2/AREG/CALCA/CDKN1A/DAB2/EGFR/EGR3/EPHA2/F3/IRF6/NR4A1/NR4A3/PDGFB/TGM1/TNFSF11/YAP1",16,"WT_heat_up","GO_BP",199,"ALDH1A2/AREG/CALCA/CDKN1A/DAB2/EGFR/EGR3/EPHA2/F3/IRF6/NR4A1/NR4A3/PDGFB/TGM1/TNFSF11/YAP1",16,291,10.344,0.0434782608695652,0.181,0.000499750124937531
"GOBP_LEUKOCYTE_CHEMOTAXIS","GOBP_LEUKOCYTE_CHEMOTAXIS","12/183","172/11067",0.0697674418604651,4.2192146397255,5.51730701704986,2.75970365501024e-05,0.00235742556730875,0.0018975627908614,"ADAM8/C3/CALCA/CCL22/CCL3/CCL4/GPR183/IL23A/PDGFB/SERPINE1/TNFSF11/TNFSF14",12,"WT_heat_up","GO_BP",199,"ADAM8/C3/CALCA/CCL22/CCL3/CCL4/GPR183/IL23A/PDGFB/SERPINE1/TNFSF11/TNFSF14",12,172,5.922,0.0139930034982509,0.0676352705410822,0.000499750124937531
"GOBP_MONONUCLEAR_CELL_MIGRATION","GOBP_MONONUCLEAR_CELL_MIGRATION","12/183","172/11067",0.0697674418604651,4.2192146397255,5.51730701704986,2.75970365501024e-05,0.00235742556730875,0.0018975627908614,"ADAM8/ASB2/CALCA/CCL20/CCL3/CCL4/CD200/GPR183/PDGFB/SERPINE1/TNFSF11/TNFSF14",12,"WT_heat_up","GO_BP",199,"ADAM8/ASB2/CALCA/CCL20/CCL3/CCL4/CD200/GPR183/PDGFB/SERPINE1/TNFSF11/TNFSF14",12,172,6.211,0.0194902548725637,0.0790790790790791,0.000499750124937531
"GOBP_REGULATION_OF_COAGULATION","GOBP_REGULATION_OF_COAGULATION","7/183","54/11067",0.12962962962963,7.83940497874924,6.53264400025938,2.76923806694094e-05,0.00235742556730875,0.0018975627908614,"ANXA2/EMILIN2/F3/PDGFB/PLAUR/PROCR/SERPINE1",7,"WT_heat_up","GO_BP",199,"ANXA2/EMILIN2/F3/PDGFB/PLAUR/PROCR/SERPINE1",7,54,1.6625,0.000499750124937531,0.00967937084089534,0.000499750124937531
"GOBP_POSITIVE_REGULATION_OF_SECRETION","GOBP_POSITIVE_REGULATION_OF_SECRETION","14/183","233/11067",0.0600858369098712,3.63371561246746,5.26840355769697,3.1695020188601e-05,0.00250635246213541,0.00201743853077891,"ADAM8/ADORA2A/ADORA2B/ANXA2/AVPR1A/DAB2/GRP/IL1A/ILDR1/INHBA/SDC1/SDC4/SPP1/TNFSF11",14,"WT_heat_up","GO_BP",199,"ADAM8/ADORA2A/ADORA2B/ANXA2/AVPR1A/DAB2/GRP/IL1A/ILDR1/INHBA/SDC1/SDC4/SPP1/TNFSF11",14,233,8.2545,0.0274862568715642,0.1265,0.000499750124937531
"GOBP_EOSINOPHIL_MIGRATION","GOBP_EOSINOPHIL_MIGRATION","4/183","12/11067",0.333333333333333,20.1584699453552,8.60991140912227,3.2285274394767e-05,0.00250635246213541,0.00201743853077891,"ADAM8/CCL22/CCL3/CCL4",4,"WT_heat_up","GO_BP",199,"ADAM8/CCL22/CCL3/CCL4",4,12,0.2715,0.000499750124937531,0.00626304801670146,0.000499750124937531
"GOBP_POSITIVE_REGULATION_OF_VASCULATURE_DEVELOPMENT","GOBP_POSITIVE_REGULATION_OF_VASCULATURE_DEVELOPMENT","10/183","122/11067",0.0819672131147541,4.95700080623488,5.69855550038336,3.32407488346871e-05,0.00250635246213541,0.00201743853077891,"ADM/ANXA3/C3/EMILIN2/F3/HK2/IL1A/SERPINE1/SPHK1/TGM2",10,"WT_heat_up","GO_BP",199,"ADM/ANXA3/C3/EMILIN2/F3/HK2/IL1A/SERPINE1/SPHK1/TGM2",10,122,4.1595,0.0114942528735632,0.0450177035913,0.000499750124937531
"GOBP_REGULATION_OF_RESPONSE_TO_WOUNDING","GOBP_REGULATION_OF_RESPONSE_TO_WOUNDING","10/183","122/11067",0.0819672131147541,4.95700080623488,5.69855550038336,3.32407488346871e-05,0.00250635246213541,0.00201743853077891,"ANXA2/CLDN4/EMILIN2/F3/HBEGF/NEO1/PDGFB/PLAUR/SERPINE1/SPP1",10,"WT_heat_up","GO_BP",199,"ANXA2/CLDN4/EMILIN2/F3/HBEGF/NEO1/PDGFB/PLAUR/SERPINE1/SPP1",10,122,4.366,0.00849575212393803,0.0474029248613212,0.000499750124937531
"GOBP_POSITIVE_REGULATION_OF_LEUKOCYTE_CELL_CELL_ADHESION","GOBP_POSITIVE_REGULATION_OF_LEUKOCYTE_CELL_CELL_ADHESION","14/183","236/11067",0.0593220338983051,3.58752431230897,5.20994062528509,3.64984567957768e-05,0.00264630751956959,0.00213009256875269,"ADAM8/CD40LG/CD70/CD80/CD83/EGR3/HSPH1/IL1A/IL2/IL23A/NR4A3/TNFSF11/TNFSF14/TNFSF9",14,"WT_heat_up","GO_BP",199,"ADAM8/CD40LG/CD70/CD80/CD83/EGR3/HSPH1/IL1A/IL2/IL23A/NR4A3/TNFSF11/TNFSF14/TNFSF9",14,236,8.938,0.0469765117441279,0.1785,0.000499750124937531
"GOBP_EMBRYONIC_ORGAN_DEVELOPMENT","GOBP_EMBRYONIC_ORGAN_DEVELOPMENT","16/183","300/11067",0.0533333333333333,3.22535519125683,5.0668636920455,3.71024548026051e-05,0.00264630751956959,0.00213009256875269,"ADM/ALDH1A2/ASB2/CCN1/CSF2/EGFR/EOMES/EPHA2/GJA5/IL3/NR4A3/PDGFB/SPINT1/STRA6/TTC39C/YAP1",16,"WT_heat_up","GO_BP",199,"ADM/ALDH1A2/ASB2/CCN1/CSF2/EGFR/EOMES/EPHA2/GJA5/IL3/NR4A3/PDGFB/SPINT1/STRA6/TTC39C/YAP1",16,300,9.332,0.0204897551224388,0.0855,0.000499750124937531
"GOBP_OSTEOCLAST_DIFFERENTIATION","GOBP_OSTEOCLAST_DIFFERENTIATION","9/183","100/11067",0.09,5.4427868852459,5.78679597489662,3.96184291095826e-05,0.00268302745810174,0.00215964955244184,"ANXA2/CALCA/CCL3/EPHA2/FOSL2/GPR183/IL23A/TNFRSF11B/TNFSF11",9,"WT_heat_up","GO_BP",199,"ANXA2/CALCA/CCL3/EPHA2/FOSL2/GPR183/IL23A/TNFRSF11B/TNFSF11",9,100,3.1475,0.00349825087456272,0.0192107995846314,0.000499750124937531
"GOBP_ANTIMICROBIAL_HUMORAL_IMMUNE_RESPONSE_MEDIATED_BY_ANTIMICROBIAL_PEPTIDE","GOBP_ANTIMICROBIAL_HUMORAL_IMMUNE_RESPONSE_MEDIATED_BY_ANTIMICROBIAL_PEPTIDE","7/183","57/11067",0.12280701754386,7.42680471670981,6.30761944514472,3.96506520901735e-05,0.00268302745810174,0.00215964955244184,"ADM/CALCA/CCL20/CCL22/CCL3/CCL4/IL17F",7,"WT_heat_up","GO_BP",199,"ADM/CALCA/CCL20/CCL22/CCL3/CCL4/IL17F",7,57,1.282,0.000499750124937531,0.0020703933747412,0.000499750124937531
"GOBP_RECEPTOR_MEDIATED_ENDOCYTOSIS","GOBP_RECEPTOR_MEDIATED_ENDOCYTOSIS","13/183","208/11067",0.0625,3.7797131147541,5.24763159569258,4.06777404145158e-05,0.00268371392384768,0.00216020210938139,"ADM/ANXA2/BICD1/C3/CALCA/CLU/DAB2/HSPG2/OPHN1/PLXNB2/SDC1/SERPINE1/SH3GL3",13,"WT_heat_up","GO_BP",199,"ADM/ANXA2/BICD1/C3/CALCA/CLU/DAB2/HSPG2/OPHN1/PLXNB2/SDC1/SERPINE1/SH3GL3",13,208,5.332,0.00199900049975012,0.017059708981435,0.000499750124937531
"GOBP_POSITIVE_REGULATION_OF_RECEPTOR_MEDIATED_ENDOCYTOSIS","GOBP_POSITIVE_REGULATION_OF_RECEPTOR_MEDIATED_ENDOCYTOSIS","6/183","41/11067",0.146341463414634,8.8500599760096,6.52953900289842,5.234546116376e-05,0.00336926029295518,0.00271201901485154,"ANXA2/BICD1/C3/CLU/DAB2/SERPINE1",6,"WT_heat_up","GO_BP",199,"ANXA2/BICD1/C3/CLU/DAB2/SERPINE1",6,41,1.29,0.000999500249875062,0.00740740740740741,0.000499750124937531
"GOBP_MYELOID_LEUKOCYTE_DIFFERENTIATION","GOBP_MYELOID_LEUKOCYTE_DIFFERENTIATION","13/183","216/11067",0.0601851851851852,3.63972374013358,5.08015640511053,6.00911779976132e-05,0.0037757290175167,0.00303919792479157,"ANXA2/BATF3/CALCA/CCL3/CSF2/EPHA2/FOSL2/GPR183/IL1A/IL23A/INHBA/TNFRSF11B/TNFSF11",13,"WT_heat_up","GO_BP",199,"ANXA2/BATF3/CALCA/CCL3/CSF2/EPHA2/FOSL2/GPR183/IL1A/IL23A/INHBA/TNFRSF11B/TNFSF11",13,216,7.496,0.023488255872064,0.0915457728864432,0.000999500249875062
"GOBP_POSITIVE_REGULATION_OF_CELL_DEVELOPMENT","GOBP_POSITIVE_REGULATION_OF_CELL_DEVELOPMENT","17/183","351/11067",0.0484330484330484,2.92900845359862,4.76209382576145,7.07859113060782e-05,0.00420627539853713,0.00338575766508363,"ADAM8/CALCA/CD80/CD83/CRABP2/EGR2/EGR3/IL2/IL23A/LTA/PAK1/PLXNB2/SPINT1/TGM2/TNFSF11/TNFSF9/WNT3",17,"WT_heat_up","GO_BP",199,"ADAM8/CALCA/CD80/CD83/CRABP2/EGR2/EGR3/IL2/IL23A/LTA/PAK1/PLXNB2/SPINT1/TGM2/TNFSF11/TNFSF9/WNT3",17,351,12.754,0.11744127936032,0.271,0.000499750124937531
"GOBP_MESODERM_DEVELOPMENT","GOBP_MESODERM_DEVELOPMENT","8/183","84/11067",0.0952380952380952,5.75956284153005,5.67770505081183,7.15975582925446e-05,0.00420627539853713,0.00338575766508363,"EOMES/EPHA2/INHBA/ITGA3/KDM6B/NR4A3/WNT3/YAP1",8,"WT_heat_up","GO_BP",199,"EOMES/EPHA2/INHBA/ITGA3/KDM6B/NR4A3/WNT3/YAP1",8,84,2.668,0.00349825087456272,0.0164630908125332,0.000499750124937531
"GOBP_REGULATION_OF_CELL_GROWTH","GOBP_REGULATION_OF_CELL_GROWTH","16/183","317/11067",0.0504731861198738,3.05238661633139,4.80741023980357,7.1725044688962e-05,0.00420627539853713,0.00338575766508363,"AVPR1A/CDKN1A/CPNE6/CRABP2/DAB2/EGFR/HBEGF/HSPA1A/IL2/IL9/INHBA/PAK1/SPHK1/SPP1/WNT3/YAP1",16,"WT_heat_up","GO_BP",199,"AVPR1A/CDKN1A/CPNE6/CRABP2/DAB2/EGFR/HBEGF/HSPA1A/IL2/IL9/INHBA/PAK1/SPHK1/SPP1/WNT3/YAP1",16,317,9.2905,0.0214892553723138,0.0665,0.000499750124937531
"GOBP_POSITIVE_REGULATION_OF_LEUKOCYTE_PROLIFERATION","GOBP_POSITIVE_REGULATION_OF_LEUKOCYTE_PROLIFERATION","10/183","135/11067",0.0740740740740741,4.47965998785671,5.27449024285798,7.89403091495363e-05,0.00452877121403535,0.00364534425317538,"CD40LG/CD70/CD80/CDKN1A/CSF2/GPR183/IL1A/IL2/IL23A/TNFSF9",10,"WT_heat_up","GO_BP",199,"CD40LG/CD70/CD80/CDKN1A/CSF2/GPR183/IL1A/IL2/IL23A/TNFSF9",10,135,5.0795,0.0229885057471264,0.0689134808853119,0.00149925037481259
"GOBP_RENAL_SYSTEM_PROCESS","GOBP_RENAL_SYSTEM_PROCESS","8/183","89/11067",0.0898876404494382,5.43599189537668,5.44817119049191,0.000108128746480365,0.00578902271388587,0.00465975861535338,"ADCY4/ADM/ADORA2A/CLDN4/GJA5/ITGA3/NPR3/PDGFB",8,"WT_heat_up","GO_BP",199,"ADCY4/ADM/ADORA2A/CLDN4/GJA5/ITGA3/NPR3/PDGFB",8,89,2.525,0.00299850074962519,0.00864397622906537,0.000999500249875062
"GOBP_MUSCLE_TISSUE_DEVELOPMENT","GOBP_MUSCLE_TISSUE_DEVELOPMENT","15/183","295/11067",0.0508474576271186,3.07502083912198,4.68394632283597,0.000111784813395354,0.00578902271388587,0.00465975861535338,"ALDH1A2/ASB2/ATF3/EGR1/EGR2/EOMES/FOSL2/GJA5/KDM6B/NEB/NR4A1/PAK1/STRA6/TP73/YAP1",15,"WT_heat_up","GO_BP",199,"ALDH1A2/ASB2/ATF3/EGR1/EGR2/EOMES/FOSL2/GJA5/KDM6B/NEB/NR4A1/PAK1/STRA6/TP73/YAP1",15,295,9.732,0.0484757621189405,0.121,0.000499750124937531
"GOBP_POSITIVE_REGULATION_OF_BEHAVIOR","GOBP_POSITIVE_REGULATION_OF_BEHAVIOR","4/183","16/11067",0.25,15.1188524590164,7.32799582162247,0.000112704532576495,0.00578902271388587,0.00465975861535338,"ADORA2A/GRP/NR4A3/STRA6",4,"WT_heat_up","GO_BP",199,"ADORA2A/GRP/NR4A3/STRA6",4,16,0.3745,0.000499750124937531,0.00154559505409583,0.000999500249875062
"GOBP_ERK1_AND_ERK2_CASCADE","GOBP_ERK1_AND_ERK2_CASCADE","13/183","230/11067",0.0565217391304348,3.41817533856023,4.80533622587254,0.00011376099460141,0.00578902271388587,0.00465975861535338,"ADORA2A/ATF3/CCL3/CCN1/DAB2/EGFR/EPHA2/GPR183/IL1A/INHBA/PDGFB/SPRY1/TNFSF11",13,"WT_heat_up","GO_BP",199,"ADORA2A/ATF3/CCL3/CCN1/DAB2/EGFR/EPHA2/GPR183/IL1A/INHBA/PDGFB/SPRY1/TNFSF11",13,230,8.3825,0.0634682658670665,0.15,0.000999500249875062
"GOBP_REGULATION_OF_BEHAVIOR","GOBP_REGULATION_OF_BEHAVIOR","6/183","47/11067",0.127659574468085,7.72026508545518,5.9864746443669,0.000115144005881942,0.00578902271388587,0.00465975861535338,"ADORA2A/CCL3/CSF2/GRP/NR4A3/STRA6",6,"WT_heat_up","GO_BP",199,"ADORA2A/CCL3/CSF2/GRP/NR4A3/STRA6",6,47,1.3125,0.00349825087456272,0.00876601483479434,0.000499750124937531
"GOBP_REGULATION_OF_WOUND_HEALING","GOBP_REGULATION_OF_WOUND_HEALING","8/183","90/11067",0.0888888888888889,5.37559198542805,5.40434234361119,0.00011702445194097,0.00578902271388587,0.00465975861535338,"ANXA2/CLDN4/EMILIN2/F3/HBEGF/PDGFB/PLAUR/SERPINE1",8,"WT_heat_up","GO_BP",199,"ANXA2/CLDN4/EMILIN2/F3/HBEGF/PDGFB/PLAUR/SERPINE1",8,90,3.2345,0.0114942528735632,0.0263702171664943,0.000499750124937531
"GOBP_ADENYLATE_CYCLASE_ACTIVATING_G_PROTEIN_COUPLED_RECEPTOR_SIGNALING_PATHWAY","GOBP_ADENYLATE_CYCLASE_ACTIVATING_G_PROTEIN_COUPLED_RECEPTOR_SIGNALING_PATHWAY","9/183","115/11067",0.0782608695652174,4.73285816108339,5.21759424026257,0.000118456698200014,0.00578902271388587,0.00465975861535338,"ADCY4/ADM/ADORA2A/ADORA2B/APLP1/ATP2B4/CALCA/PTGER2/S1PR3",9,"WT_heat_up","GO_BP",199,"ADCY4/ADM/ADORA2A/ADORA2B/APLP1/ATP2B4/CALCA/PTGER2/S1PR3",9,115,2.9275,0.00149925037481259,0.00732600732600733,0.000499750124937531
"GOBP_REGULATION_OF_BLOOD_PRESSURE","GOBP_REGULATION_OF_BLOOD_PRESSURE","9/183","115/11067",0.0782608695652174,4.73285816108339,5.21759424026257,0.000118456698200014,0.00578902271388587,0.00465975861535338,"ADM/AVPR1A/CALCA/EMILIN2/GJA5/IER3/NPR3/PDGFB/PTGS2",9,"WT_heat_up","GO_BP",199,"ADM/AVPR1A/CALCA/EMILIN2/GJA5/IER3/NPR3/PDGFB/PTGS2",9,115,3.6695,0.0079960019990005,0.0216049382716049,0.000499750124937531
"GOBP_REGULATION_OF_RECEPTOR_MEDIATED_ENDOCYTOSIS","GOBP_REGULATION_OF_RECEPTOR_MEDIATED_ENDOCYTOSIS","8/183","91/11067",0.0879120879120879,5.31651954602774,5.36116248645789,0.000126516617854903,0.00602087505352827,0.00484638354162065,"ANXA2/BICD1/C3/CLU/DAB2/OPHN1/SERPINE1/SH3GL3",8,"WT_heat_up","GO_BP",199,"ANXA2/BICD1/C3/CLU/DAB2/OPHN1/SERPINE1/SH3GL3",8,91,2.5625,0.00149925037481259,0.00910064239828694,0.000499750124937531
"GOBP_REGULATION_OF_LIPID_BIOSYNTHETIC_PROCESS","GOBP_REGULATION_OF_LIPID_BIOSYNTHETIC_PROCESS","10/183","143/11067",0.0699300699300699,4.22904963888571,5.03939621615415,0.000127763926865321,0.00602087505352827,0.00484638354162065,"ADM/AVPR1A/C3/CCN1/DAB2/EGR1/GFI1/PDGFB/PTGS2/SPHK1",10,"WT_heat_up","GO_BP",199,"ADM/AVPR1A/C3/CCN1/DAB2/EGR1/GFI1/PDGFB/PTGS2/SPHK1",10,143,5.0295,0.0224887556221889,0.0532931121166415,0.000499750124937531
"GOBP_EPIDERMIS_DEVELOPMENT","GOBP_EPIDERMIS_DEVELOPMENT","13/183","234/11067",0.0555555555555556,3.35974499089253,4.73069818482772,0.000135211626039451,0.00623145691793297,0.00501588722218892,"CDKN1A/CLDN4/CRABP2/EGFR/EPHA2/FOSL2/INHBA/IRF6/LAMC2/NAB2/SPINT1/TGM1/YAP1",13,"WT_heat_up","GO_BP",199,"CDKN1A/CLDN4/CRABP2/EGFR/EPHA2/FOSL2/INHBA/IRF6/LAMC2/NAB2/SPINT1/TGM1/YAP1",13,234,6.8875,0.0149925037481259,0.042,0.000999500249875062
"GOBP_EMBRYONIC_PLACENTA_DEVELOPMENT","GOBP_EMBRYONIC_PLACENTA_DEVELOPMENT","7/183","69/11067",0.101449275362319,6.1351865051081,5.54817971707148,0.000136955097097428,0.00623145691793297,0.00501588722218892,"ADM/CCN1/CSF2/EGFR/EOMES/PDGFB/SPINT1",7,"WT_heat_up","GO_BP",199,"ADM/CCN1/CSF2/EGFR/EOMES/PDGFB/SPINT1",7,69,2.2355,0.0104947526236882,0.0211228460255698,0.000499750124937531
"GOBP_ACUTE_INFLAMMATORY_RESPONSE","GOBP_ACUTE_INFLAMMATORY_RESPONSE","7/183","70/11067",0.1,6.04754098360656,5.49311097050939,0.000150075043877663,0.00666529500481182,0.00536509655559731,"ADAM8/C3/F3/IL1A/IL1RN/PTGS2/TNFSF11",7,"WT_heat_up","GO_BP",199,"ADAM8/C3/F3/IL1A/IL1RN/PTGS2/TNFSF11",7,70,2.332,0.00949525237381309,0.0228509249183896,0.000499750124937531
"GOBP_LEUKOCYTE_MEDIATED_IMMUNITY","GOBP_LEUKOCYTE_MEDIATED_IMMUNITY","16/183","338/11067",0.0473372781065089,2.86274129401494,4.50980621767348,0.000151541379419746,0.00666529500481182,0.00536509655559731,"ADORA2B/ANXA3/C3/CCL3/CD40LG/CD70/CD80/CLU/GRP/IGKC/IL2/IL23A/IL9/KLRC1/LTA/NR4A3",16,"WT_heat_up","GO_BP",199,"ADORA2B/ANXA3/C3/CCL3/CD40LG/CD70/CD80/CLU/GRP/IGKC/IL2/IL23A/IL9/KLRC1/LTA/NR4A3",16,338,11.59,0.0994502748625687,0.1815,0.000999500249875062
"GOBP_LYMPHOCYTE_CHEMOTAXIS","GOBP_LYMPHOCYTE_CHEMOTAXIS","5/183","32/11067",0.15625,9.44928278688525,6.20633590698811,0.000164037259865193,0.00709662834072533,0.00571228973956791,"ADAM8/CCL3/CCL4/GPR183/TNFSF14",5,"WT_heat_up","GO_BP",199,"ADAM8/CCL3/CCL4/GPR183/TNFSF14",5,32,1.0165,0.00549725137431284,0.0134069400630915,0.000999500249875062
"GOBP_POSITIVE_REGULATION_OF_APOPTOTIC_SIGNALING_PATHWAY","GOBP_POSITIVE_REGULATION_OF_APOPTOTIC_SIGNALING_PATHWAY","9/183","121/11067",0.0743801652892562,4.49817097954207,5.01686722320504,0.000174827152928931,0.00744143317063629,0.00598983352479769,"ADORA2A/ATF3/CD40LG/CLU/FASLG/INHBA/LTA/TNFSF11/TNFSF14",9,"WT_heat_up","GO_BP",199,"ADORA2A/ATF3/CD40LG/CLU/FASLG/INHBA/LTA/TNFSF11/TNFSF14",9,121,4.0075,0.0164917541229385,0.0324379118094273,0.000499750124937531
"GOBP_MUSCLE_CELL_PROLIFERATION","GOBP_MUSCLE_CELL_PROLIFERATION","10/183","149/11067",0.0671140939597315,4.05875233799098,4.87407844733505,0.00017932285474656,0.00744870621435436,0.00599568781658407,"CDKN1A/HBEGF/NOTCH3/NPPC/NR4A3/PAK1/PDGFB/SIX5/TP73/YAP1",10,"WT_heat_up","GO_BP",199,"CDKN1A/HBEGF/NOTCH3/NPPC/NR4A3/PAK1/PDGFB/SIX5/TP73/YAP1",10,149,6.1095,0.0809595202398801,0.1255,0.000499750124937531
"GOBP_MYELOID_LEUKOCYTE_ACTIVATION","GOBP_MYELOID_LEUKOCYTE_ACTIVATION","12/183","209/11067",0.0574162679425837,3.4722723350851,4.67865632372332,0.000180643121530382,0.00744870621435436,0.00599568781658407,"ADORA2B/ANXA3/BATF3/CCL3/CD200/CLU/CSF2/GRP/HAVCR1/NR4A1/NR4A3/SPHK1",12,"WT_heat_up","GO_BP",199,"ADORA2B/ANXA3/BATF3/CCL3/CD200/CLU/CSF2/GRP/HAVCR1/NR4A1/NR4A3/SPHK1",12,209,7.5305,0.0539730134932534,0.10960960960961,0.000499750124937531
"GOBP_OLEFINIC_COMPOUND_BIOSYNTHETIC_PROCESS","GOBP_OLEFINIC_COMPOUND_BIOSYNTHETIC_PROCESS","4/183","18/11067",0.222222222222222,13.4389799635701,6.84835311390957,0.000184647527914003,0.00749668963330853,0.00603431111466329,"ADM/DAB2/EGR1/INHBA",4,"WT_heat_up","GO_BP",199,"ADM/DAB2/EGR1/INHBA",4,18,0.545,0.00299850074962519,0.0069284064665127,0.000499750124937531
"GOBP_OLEFINIC_COMPOUND_METABOLIC_PROCESS","GOBP_OLEFINIC_COMPOUND_METABOLIC_PROCESS","8/183","97/11067",0.0824742268041237,4.98766266689201,5.11478728638321,0.000197782810453563,0.00790831570889323,0.00636564133166333,"ADM/ALDH1A2/DAB2/DAGLA/EGR1/INHBA/PLA2G4C/PTGS2",8,"WT_heat_up","GO_BP",199,"ADM/ALDH1A2/DAB2/DAGLA/EGR1/INHBA/PLA2G4C/PTGS2",8,97,2.34,0.00199900049975012,0.00554016620498615,0.000499750124937531
"GOBP_MONOCYTE_CHEMOTAXIS","GOBP_MONOCYTE_CHEMOTAXIS","5/183","34/11067",0.147058823529412,8.89344262295082,5.97703387384006,0.000220678307901499,0.00855307127427923,0.00688462449153207,"CALCA/CCL3/PDGFB/SERPINE1/TNFSF11",5,"WT_heat_up","GO_BP",199,"CALCA/CCL3/PDGFB/SERPINE1/TNFSF11",5,34,1.2355,0.00899550224887556,0.0155917788802268,0.000999500249875062
"GOBP_NEGATIVE_REGULATION_OF_COAGULATION","GOBP_NEGATIVE_REGULATION_OF_COAGULATION","5/183","34/11067",0.147058823529412,8.89344262295082,5.97703387384006,0.000220678307901499,0.00855307127427923,0.00688462449153207,"ANXA2/PDGFB/PLAUR/PROCR/SERPINE1",5,"WT_heat_up","GO_BP",199,"ANXA2/PDGFB/PLAUR/PROCR/SERPINE1",5,34,0.9355,0.00149925037481259,0.00403551251008878,0.000499750124937531
"GOBP_POSITIVE_REGULATION_OF_EPITHELIAL_CELL_PROLIFERATION","GOBP_POSITIVE_REGULATION_OF_EPITHELIAL_CELL_PROLIFERATION","9/183","125/11067",0.072,4.35422950819672,4.89019342931453,0.00022363088970264,0.00855307127427923,0.00688462449153207,"AREG/EGFR/EGR3/F3/NR4A1/NR4A3/PDGFB/TGM1/YAP1",9,"WT_heat_up","GO_BP",199,"AREG/EGFR/EGR3/F3/NR4A1/NR4A3/PDGFB/TGM1/YAP1",9,125,4.552,0.0299850074962519,0.0598892803220936,0.000499750124937531
"GOBP_NEUROINFLAMMATORY_RESPONSE","GOBP_NEUROINFLAMMATORY_RESPONSE","7/183","75/11067",0.0933333333333333,5.64437158469945,5.23294105012511,0.000231833057194401,0.00874010625622893,0.00703517457771883,"ADORA2A/CCL3/CD200/CLU/DAGLA/PTGS2/SPHK1",7,"WT_heat_up","GO_BP",199,"ADORA2A/CCL3/CD200/CLU/DAGLA/PTGS2/SPHK1",7,75,2.9715,0.0324837581209395,0.0511064278187566,0.000499750124937531
"GOBP_OSSIFICATION","GOBP_OSSIFICATION","15/183","316/11067",0.0474683544303797,2.87066818842083,4.37464164089898,0.000237511370673949,0.00882806348181057,0.0071059739958492,"AREG/CCL3/CCN1/EGFR/EGR2/EPHA2/FOSL2/NAB2/NPPC/SGMS2/SP7/SPP1/TNFSF11/WNT3/YAP1",15,"WT_heat_up","GO_BP",199,"AREG/CCL3/CCN1/EGFR/EGR2/EPHA2/FOSL2/NAB2/NPPC/SGMS2/SP7/SPP1/TNFSF11/WNT3/YAP1",15,316,9.5265,0.0419790104947526,0.0775,0.000499750124937531
"GOBP_DEFENSE_RESPONSE_TO_BACTERIUM","GOBP_DEFENSE_RESPONSE_TO_BACTERIUM","11/183","186/11067",0.0591397849462366,3.57650273224044,4.59493408291733,0.000260453406232948,0.00945352465735278,0.00760942652062699,"ADM/ANXA3/CALCA/CCL20/EMILIN2/EPHA2/IL17F/IL23A/LTA/OAS3/SERPINE1",11,"WT_heat_up","GO_BP",199,"ADM/ANXA3/CALCA/CCL20/EMILIN2/EPHA2/IL17F/IL23A/LTA/OAS3/SERPINE1",11,186,5.5505,0.0194902548725637,0.0326633165829146,0.000999500249875062
"GOBP_CARDIOCYTE_DIFFERENTIATION","GOBP_CARDIOCYTE_DIFFERENTIATION","8/183","101/11067",0.0792079207920792,4.79013147216361,4.96155091508766,0.000261503334591418,0.00945352465735278,0.00760942652062699,"ASB2/EGFR/EOMES/INHBA/KDM6B/NEB/PAK1/SPRY1",8,"WT_heat_up","GO_BP",199,"ASB2/EGFR/EOMES/INHBA/KDM6B/NEB/PAK1/SPRY1",8,101,4.1045,0.0549725137431284,0.0755578093306288,0.00149925037481259
"GOBP_ANTIMICROBIAL_HUMORAL_RESPONSE","GOBP_ANTIMICROBIAL_HUMORAL_RESPONSE","7/183","77/11067",0.0909090909090909,5.49776453055142,5.13534757116552,0.000273207834314642,0.00974318209130191,0.00784258050706896,"ADM/CALCA/CCL20/CCL22/CCL3/CCL4/IL17F",7,"WT_heat_up","GO_BP",199,"ADM/CALCA/CCL20/CCL22/CCL3/CCL4/IL17F",7,77,1.7635,0.00249875062468766,0.00426829268292683,0.000499750124937531
"GOBP_REGULATION_OF_SYSTEMIC_ARTERIAL_BLOOD_PRESSURE","GOBP_REGULATION_OF_SYSTEMIC_ARTERIAL_BLOOD_PRESSURE","6/183","55/11067",0.109090909090909,6.5973174366617,5.39578693311052,0.000278669144023066,0.00980543828102494,0.00789269238790942,"ADM/AVPR1A/CALCA/GJA5/IER3/PDGFB",6,"WT_heat_up","GO_BP",199,"ADM/AVPR1A/CALCA/GJA5/IER3/PDGFB",6,55,1.737,0.00749625187406297,0.0114457831325301,0.000499750124937531
"GOBP_MYELOID_LEUKOCYTE_MIGRATION","GOBP_MYELOID_LEUKOCYTE_MIGRATION","10/183","158/11067",0.0632911392405063,3.82755758456111,4.64166872970609,0.000288822327435656,0.00984873619704409,0.00792754418365608,"ADAM8/CALCA/CCL22/CCL3/CCL4/CD200/IL23A/PDGFB/SERPINE1/TNFSF11",10,"WT_heat_up","GO_BP",199,"ADAM8/CALCA/CCL22/CCL3/CCL4/CD200/IL23A/PDGFB/SERPINE1/TNFSF11",10,158,5.633,0.0474762618690655,0.0787362086258776,0.000499750124937531
"GOBP_LIPID_EXPORT_FROM_CELL","GOBP_LIPID_EXPORT_FROM_CELL","5/183","36/11067",0.138888888888889,8.39936247723133,5.76586835218328,0.00029109565114416,0.00984873619704409,0.00792754418365608,"DAB2/INHBA/PTGS2/SPP1/TNFSF11",5,"WT_heat_up","GO_BP",199,"DAB2/INHBA/PTGS2/SPP1/TNFSF11",5,36,1.2465,0.00549725137431284,0.00550964187327824,0.000999500249875062
"GOBP_POSITIVE_REGULATION_OF_LYMPHOCYTE_MIGRATION","GOBP_POSITIVE_REGULATION_OF_LYMPHOCYTE_MIGRATION","5/183","36/11067",0.138888888888889,8.39936247723133,5.76586835218328,0.00029109565114416,0.00984873619704409,0.00792754418365608,"ADAM8/CCL20/CCL3/CCL4/TNFSF14",5,"WT_heat_up","GO_BP",199,"ADAM8/CCL20/CCL3/CCL4/TNFSF14",5,36,1.326,0.00849575212393803,0.0134048257372654,0.000499750124937531
"GOBP_REGULATION_OF_TISSUE_REMODELING","GOBP_REGULATION_OF_TISSUE_REMODELING","6/183","56/11067",0.107142857142857,6.47950819672131,5.33026528677762,0.000307877219829869,0.0102846580143167,0.00827843077437275,"ADAM8/CALCA/IL2/IL23A/SPP1/TNFSF11",6,"WT_heat_up","GO_BP",199,"ADAM8/CALCA/IL2/IL23A/SPP1/TNFSF11",6,56,1.884,0.0079960019990005,0.0133101851851852,0.000999500249875062
"GOBP_NEGATIVE_REGULATION_OF_APOPTOTIC_SIGNALING_PATHWAY","GOBP_NEGATIVE_REGULATION_OF_APOPTOTIC_SIGNALING_PATHWAY","11/183","191/11067",0.0575916230366492,3.48287700626556,4.48811423046445,0.000327329586728366,0.010797784742202,0.0086914619212874,"CLU/CSF2/CTH/HSPA1A/IER3/IL1A/NR4A2/PLAUR/PTGS2/SERPINE1/YAP1",11,"WT_heat_up","GO_BP",199,"CLU/CSF2/CTH/HSPA1A/IER3/IL1A/NR4A2/PLAUR/PTGS2/SERPINE1/YAP1",11,191,6.3115,0.0469765117441279,0.0660330165082541,0.000499750124937531
"GOBP_REGULATION_OF_NEUROINFLAMMATORY_RESPONSE","GOBP_REGULATION_OF_NEUROINFLAMMATORY_RESPONSE","5/183","37/11067",0.135135135135135,8.1723526805494,5.66632334612482,0.000332112163103006,0.0108202962768992,0.00870958213309767,"CCL3/CD200/DAGLA/PTGS2/SPHK1",5,"WT_heat_up","GO_BP",199,"CCL3/CD200/DAGLA/PTGS2/SPHK1",5,37,1.3675,0.0104947526236882,0.0126835781041389,0.000499750124937531
"GOBP_POSITIVE_REGULATION_OF_GROWTH","GOBP_POSITIVE_REGULATION_OF_GROWTH","11/183","192/11067",0.0572916666666667,3.46473702185792,4.46717721307874,0.000342307889126258,0.0109142921208554,0.00878524221690281,"AVPR1A/CPNE6/CRABP2/EGFR/HBEGF/IL2/IL9/PAK1/SPHK1/WNT3/YAP1",11,"WT_heat_up","GO_BP",199,"AVPR1A/CPNE6/CRABP2/EGFR/HBEGF/IL2/IL9/PAK1/SPHK1/WNT3/YAP1",11,192,6.577,0.0569715142428786,0.0775387693846923,0.00149925037481259
"GOBP_POSITIVE_REGULATION_OF_ACUTE_INFLAMMATORY_RESPONSE","GOBP_POSITIVE_REGULATION_OF_ACUTE_INFLAMMATORY_RESPONSE","4/183","21/11067",0.19047619047619,11.5191256830601,6.25623974994598,0.000347404523740755,0.0109142921208554,0.00878524221690281,"ADAM8/C3/PTGS2/TNFSF11",4,"WT_heat_up","GO_BP",199,"ADAM8/C3/PTGS2/TNFSF11",4,21,0.6955,0.00549725137431284,0.00959692898272553,0.000499750124937531
"GOBP_VASCULAR_ASSOCIATED_SMOOTH_MUSCLE_CELL_DIFFERENTIATION","GOBP_VASCULAR_ASSOCIATED_SMOOTH_MUSCLE_CELL_DIFFERENTIATION","4/183","21/11067",0.19047619047619,11.5191256830601,6.25623974994598,0.000347404523740755,0.0109142921208554,0.00878524221690281,"ADM/C3/CTH/PDGFB",4,"WT_heat_up","GO_BP",199,"ADM/C3/CTH/PDGFB",4,21,0.6775,0.00549725137431284,0.009765625,0.000499750124937531
"GOBP_RESPONSE_TO_STEROID_HORMONE","GOBP_RESPONSE_TO_STEROID_HORMONE","13/183","258/11067",0.0503875968992248,3.04721057313509,4.3142590786433,0.000352100980360683,0.0109316998490805,0.00879925422127378,"AREG/AVPR1A/CLDN4/DAB2/FOSL2/HSPA1A/IL1RN/INHBA/NR4A3/PAK1/PTGER2/SPP1/YAP1",13,"WT_heat_up","GO_BP",199,"AREG/AVPR1A/CLDN4/DAB2/FOSL2/HSPA1A/IL1RN/INHBA/NR4A3/PAK1/PTGER2/SPP1/YAP1",13,258,8.341,0.072463768115942,0.092,0.000499750124937531
"GOBP_LYMPHOCYTE_DIFFERENTIATION","GOBP_LYMPHOCYTE_DIFFERENTIATION","17/183","403/11067",0.0421836228287841,2.55107187894073,4.11292689505895,0.00036875535216945,0.0113156438880835,0.00910830233387943,"ADAM8/CD40LG/CD80/CD83/EGR1/EGR3/EOMES/FOSL2/GPR183/IL1A/IL2/IL23A/IL9/INHBA/KLRC1/SEMA4A/TNFSF9",17,"WT_heat_up","GO_BP",199,"ADAM8/CD40LG/CD80/CD83/EGR1/EGR3/EOMES/FOSL2/GPR183/IL1A/IL2/IL23A/IL9/INHBA/KLRC1/SEMA4A/TNFSF9",17,403,13.604,0.174912543728136,0.224,0.000999500249875062
"GOBP_REGULATION_OF_LYMPHOCYTE_MIGRATION","GOBP_REGULATION_OF_LYMPHOCYTE_MIGRATION","6/183","58/11067",0.103448275862069,6.25607687959299,5.20389327421856,0.000373467506701286,0.0113164585782907,0.00910895810254706,"ADAM8/CCL20/CCL3/CCL4/CD200/TNFSF14",6,"WT_heat_up","GO_BP",199,"ADAM8/CCL20/CCL3/CCL4/CD200/TNFSF14",6,58,2.051,0.0174912543728136,0.0199657729606389,0.000499750124937531
"GOBP_POSITIVE_REGULATION_OF_FIBROBLAST_PROLIFERATION","GOBP_POSITIVE_REGULATION_OF_FIBROBLAST_PROLIFERATION","5/183","38/11067",0.131578947368421,7.95729076790336,5.57045275941838,0.000377358224664487,0.0113164585782907,0.00910895810254706,"CDKN1A/EGFR/FOSL2/PDGFB/SPHK1",5,"WT_heat_up","GO_BP",199,"CDKN1A/EGFR/FOSL2/PDGFB/SPHK1",5,38,1.315,0.00649675162418791,0.00736278447121821,0.000499750124937531
"GOBP_SKELETAL_MUSCLE_CELL_DIFFERENTIATION","GOBP_SKELETAL_MUSCLE_CELL_DIFFERENTIATION","6/183","59/11067",0.101694915254237,6.15004167824396,5.14291267659997,0.000410113686361575,0.0121605620034629,0.00978840235455538,"ASB2/ATF3/EGR1/EGR2/EOMES/NR4A1",6,"WT_heat_up","GO_BP",199,"ASB2/ATF3/EGR1/EGR2/EOMES/NR4A1",6,59,1.589,0.00449775112443778,0.00637755102040816,0.000499750124937531
"GOBP_FOREBRAIN_DEVELOPMENT","GOBP_FOREBRAIN_DEVELOPMENT","13/183","264/11067",0.0492424242424242,2.97795578738202,4.2176735914126,0.000438714461256068,0.0128274739037803,0.0103252198152525,"ALDH1A2/APLP1/ATP2B4/AVPR1A/EGFR/EOMES/INHBA/KDM6B/NOTCH3/NR4A2/NR4A3/OPHN1/TAL2",13,"WT_heat_up","GO_BP",199,"ALDH1A2/APLP1/ATP2B4/AVPR1A/EGFR/EOMES/INHBA/KDM6B/NOTCH3/NR4A2/NR4A3/OPHN1/TAL2",13,264,8.257,0.0614692653673163,0.0735367683841921,0.000999500249875062
"GOBP_REGULATION_OF_T_CELL_ACTIVATION","GOBP_REGULATION_OF_T_CELL_ACTIVATION","15/183","335/11067",0.0447761194029851,2.70785417176413,4.11584932652779,0.000442326686337253,0.0128274739037803,0.0103252198152525,"ADAM8/ADORA2A/CD40LG/CD70/CD80/CD83/EGR3/HSPH1/IL1A/IL2/IL23A/SDC4/TNFSF11/TNFSF14/TNFSF9",15,"WT_heat_up","GO_BP",199,"ADAM8/ADORA2A/CD40LG/CD70/CD80/CD83/EGR3/HSPH1/IL1A/IL2/IL23A/SDC4/TNFSF11/TNFSF14/TNFSF9",15,335,12.3395,0.229385307346327,0.266,0.000999500249875062
"GOBP_SKIN_DEVELOPMENT","GOBP_SKIN_DEVELOPMENT","11/183","199/11067",0.0552763819095477,3.34286185023478,4.32439160146201,0.000464196697739027,0.0133153813623184,0.0107179512132421,"CDKN1A/CLDN4/EGFR/EPHA2/FOSL2/INHBA/IRF6/ITGA3/RIPK4/TGM1/YAP1",11,"WT_heat_up","GO_BP",199,"CDKN1A/CLDN4/EGFR/EPHA2/FOSL2/INHBA/IRF6/ITGA3/RIPK4/TGM1/YAP1",11,199,6.0705,0.0334832583708146,0.041041041041041,0.000499750124937531
"GOBP_KERATINOCYTE_PROLIFERATION","GOBP_KERATINOCYTE_PROLIFERATION","5/183","40/11067",0.125,7.5594262295082,5.38882117191846,0.000481655410497659,0.0136676196591755,0.0110014784197428,"AREG/CDKN1A/IRF6/TGM1/YAP1",5,"WT_heat_up","GO_BP",199,"AREG/CDKN1A/IRF6/TGM1/YAP1",5,40,1.269,0.00899550224887556,0.0103021978021978,0.000999500249875062
"GOBP_EOSINOPHIL_CHEMOTAXIS","GOBP_EOSINOPHIL_CHEMOTAXIS","3/183","10/11067",0.3,18.1426229508197,7.03210310022935,0.000489974242460555,0.013755766232483,0.0110724302495565,"CCL22/CCL3/CCL4",3,"WT_heat_up","GO_BP",199,"CCL22/CCL3/CCL4",3,10,0.239,0.000999500249875062,0.00233644859813084,0.000499750124937531
"GOBP_FORMATION_OF_PRIMARY_GERM_LAYER","GOBP_FORMATION_OF_PRIMARY_GERM_LAYER","7/183","85/11067",0.0823529411764706,4.98032786885246,4.77654860977088,0.000501954300732932,0.013798514579523,0.0111068396806914,"EOMES/EPHA2/INHBA/ITGA3/KDM6B/NR4A3/WNT3",7,"WT_heat_up","GO_BP",199,"EOMES/EPHA2/INHBA/ITGA3/KDM6B/NR4A3/WNT3",7,85,2.5695,0.0139930034982509,0.0149732620320856,0.000499750124937531
"GOBP_POSITIVE_REGULATION_OF_T_CELL_PROLIFERATION","GOBP_POSITIVE_REGULATION_OF_T_CELL_PROLIFERATION","7/183","85/11067",0.0823529411764706,4.98032786885246,4.77654860977088,0.000501954300732932,0.013798514579523,0.0111068396806914,"CD40LG/CD70/CD80/IL1A/IL2/IL23A/TNFSF9",7,"WT_heat_up","GO_BP",199,"CD40LG/CD70/CD80/IL1A/IL2/IL23A/TNFSF9",7,85,3.243,0.0334832583708146,0.0329387545033453,0.000499750124937531
"GOBP_GLIOGENESIS","GOBP_GLIOGENESIS","12/183","234/11067",0.0512820512820513,3.10130306851618,4.21258680508632,0.000507597984381804,0.0138098049565318,0.0111159276449537,"ADORA2A/ANO1/AREG/CCL3/CLU/EGR2/EOMES/GAP43/GPR183/LTA/NAB2/SPINT1",12,"WT_heat_up","GO_BP",199,"ADORA2A/ANO1/AREG/CCL3/CLU/EGR2/EOMES/GAP43/GPR183/LTA/NAB2/SPINT1",12,234,8.4405,0.132933533233383,0.1445,0.000999500249875062
"GOBP_T_CELL_DIFFERENTIATION","GOBP_T_CELL_DIFFERENTIATION","14/183","304/11067",0.0460526315789474,2.78505176876618,4.09211234781433,0.000519937274361157,0.0140011680310112,0.0112699615430807,"ADAM8/CD80/CD83/EGR1/EGR3/EOMES/FOSL2/GPR183/IL1A/IL2/IL23A/KLRC1/SEMA4A/TNFSF9",14,"WT_heat_up","GO_BP",199,"ADAM8/CD80/CD83/EGR1/EGR3/EOMES/FOSL2/GPR183/IL1A/IL2/IL23A/KLRC1/SEMA4A/TNFSF9",14,304,10.8795,0.195402298850575,0.2135,0.000999500249875062
"GOBP_T_CELL_MIGRATION","GOBP_T_CELL_MIGRATION","6/183","62/11067",0.0967741935483871,5.85245901639344,4.96808832814891,0.000537115702597137,0.014317659991453,0.0115247154475388,"ADAM8/CCL20/CCL3/CD200/GPR183/TNFSF14",6,"WT_heat_up","GO_BP",199,"ADAM8/CCL20/CCL3/CD200/GPR183/TNFSF14",6,62,2.208,0.023488255872064,0.0232172470978441,0.000999500249875062
"GOBP_NEGATIVE_REGULATION_OF_RESPONSE_TO_WOUNDING","GOBP_NEGATIVE_REGULATION_OF_RESPONSE_TO_WOUNDING","6/183","63/11067",0.0952380952380952,5.75956284153005,4.91234273957532,0.000585618951667037,0.0154544841344931,0.0124397794154114,"ANXA2/NEO1/PDGFB/PLAUR/SERPINE1/SPP1",6,"WT_heat_up","GO_BP",199,"ANXA2/NEO1/PDGFB/PLAUR/SERPINE1/SPP1",6,63,2.0815,0.0149925037481259,0.0124434389140271,0.000999500249875062
"GOBP_POSITIVE_REGULATION_OF_VASCULAR_ENDOTHELIAL_GROWTH_FACTOR_PRODUCTION","GOBP_POSITIVE_REGULATION_OF_VASCULAR_ENDOTHELIAL_GROWTH_FACTOR_PRODUCTION","4/183","24/11067",0.166666666666667,10.0792349726776,5.77348380473186,0.000593356857671346,0.0155036509643038,0.0124793552765063,"ADORA2B/C3/IL1A/PTGS2",4,"WT_heat_up","GO_BP",199,"ADORA2B/C3/IL1A/PTGS2",4,24,0.831,0.00849575212393803,0.0112068965517241,0.00149925037481259
"GOBP_B_CELL_PROLIFERATION","GOBP_B_CELL_PROLIFERATION","7/183","88/11067",0.0795454545454545,4.81054396423249,4.65343370851795,0.000619356943161587,0.0159006406937216,0.0127989042579646,"CD40LG/CD70/CDKN1A/FOSL2/GPR183/IL2/IL9",7,"WT_heat_up","GO_BP",199,"CD40LG/CD70/CDKN1A/FOSL2/GPR183/IL2/IL9",7,88,3.23,0.0344827586206897,0.0322412896515861,0.000999500249875062
"GOBP_OSTEOBLAST_DIFFERENTIATION","GOBP_OSTEOBLAST_DIFFERENTIATION","10/183","174/11067",0.0574712643678161,3.47559826644055,4.26783532218038,0.000620600981983072,0.0159006406937216,0.0127989042579646,"AREG/CCL3/CCN1/EPHA2/FOSL2/NPPC/SP7/SPP1/WNT3/YAP1",10,"WT_heat_up","GO_BP",199,"AREG/CCL3/CCN1/EPHA2/FOSL2/NPPC/SP7/SPP1/WNT3/YAP1",10,174,5.3415,0.0354822588705647,0.0350525788683025,0.000499750124937531
"GOBP_GRANULOCYTE_MACROPHAGE_COLONY_STIMULATING_FACTOR_PRODUCTION","GOBP_GRANULOCYTE_MACROPHAGE_COLONY_STIMULATING_FACTOR_PRODUCTION","3/183","11/11067",0.272727272727273,16.4932935916542,6.66603653309831,0.000665537776864104,0.0165693791806073,0.0133371919931655,"CD80/IL17F/IL23A",3,"WT_heat_up","GO_BP",199,"CD80/IL17F/IL23A",3,11,0.3365,0.00499750124937531,0.0136986301369863,0.000999500249875062
"GOBP_POSITIVE_REGULATION_OF_HORMONE_METABOLIC_PROCESS","GOBP_POSITIVE_REGULATION_OF_HORMONE_METABOLIC_PROCESS","3/183","11/11067",0.272727272727273,16.4932935916542,6.66603653309831,0.000665537776864104,0.0165693791806073,0.0133371919931655,"ADM/DAB2/EGR1",3,"WT_heat_up","GO_BP",199,"ADM/DAB2/EGR1",3,11,0.371,0.00499750124937531,0.0123839009287926,0.000499750124937531
"GOBP_POSITIVE_REGULATION_OF_VASCULAR_ASSOCIATED_SMOOTH_MUSCLE_CELL_MIGRATION","GOBP_POSITIVE_REGULATION_OF_VASCULAR_ASSOCIATED_SMOOTH_MUSCLE_CELL_MIGRATION","3/183","11/11067",0.272727272727273,16.4932935916542,6.66603653309831,0.000665537776864104,0.0165693791806073,0.0133371919931655,"NR4A3/PAK1/PDGFB",3,"WT_heat_up","GO_BP",199,"NR4A3/PAK1/PDGFB",3,11,0.299,0.00249875062468766,0.00742115027829314,0.000499750124937531
"GOBP_REGULATION_OF_ENDOCRINE_PROCESS","GOBP_REGULATION_OF_ENDOCRINE_PROCESS","4/183","25/11067",0.16,9.67606557377049,5.63113021240428,0.000697323062481193,0.0171984631952137,0.0138435606501431,"DAB2/GJA5/INHBA/SPP1",4,"WT_heat_up","GO_BP",199,"DAB2/GJA5/INHBA/SPP1",4,25,0.913,0.0139930034982509,0.0164880461665293,0.000499750124937531
"GOBP_ENDOTHELIAL_CELL_MIGRATION","GOBP_ENDOTHELIAL_CELL_MIGRATION","10/183","177/11067",0.0564971751412429,3.41668982124664,4.20262091430031,0.000708864297733743,0.0173212303862903,0.0139423796571803,"ANXA3/ATP2B4/CALCA/EGR3/EPHA2/NR4A1/PDGFB/PLK2/PTGS2/SEMA4A",10,"WT_heat_up","GO_BP",199,"ANXA3/ATP2B4/CALCA/EGR3/EPHA2/NR4A1/PDGFB/PLK2/PTGS2/SEMA4A",10,177,6.1285,0.0769615192403798,0.0756134201301953,0.00149925037481259
"GOBP_LYMPHOCYTE_MIGRATION","GOBP_LYMPHOCYTE_MIGRATION","7/183","91/11067",0.0769230769230769,4.65195460277427,4.53576586642771,0.000757588347245541,0.0183419784255136,0.0147640104755336,"ADAM8/CCL20/CCL3/CCL4/CD200/GPR183/TNFSF14",7,"WT_heat_up","GO_BP",199,"ADAM8/CCL20/CCL3/CCL4/CD200/GPR183/TNFSF14",7,91,3.145,0.0374812593703148,0.033109156751164,0.000999500249875062
"GOBP_ACUTE_PHASE_RESPONSE","GOBP_ACUTE_PHASE_RESPONSE","4/183","26/11067",0.153846153846154,9.30390920554855,5.49656884956324,0.000813551274066851,0.0195178346569311,0.0157104925460948,"IL1A/IL1RN/PTGS2/TNFSF11",4,"WT_heat_up","GO_BP",199,"IL1A/IL1RN/PTGS2/TNFSF11",4,26,0.768,0.00649675162418791,0.0112359550561798,0.000999500249875062
"GOBP_B_CELL_MEDIATED_IMMUNITY","GOBP_B_CELL_MEDIATED_IMMUNITY","8/183","120/11067",0.0666666666666667,4.03169398907104,4.32967240728516,0.000833539928038277,0.019817224054892,0.015951480083274,"C3/CD40LG/CD70/CLU/IGKC/IL2/IL9/LTA",8,"WT_heat_up","GO_BP",199,"C3/CD40LG/CD70/CLU/IGKC/IL2/IL9/LTA",8,120,3.7315,0.0259870064967516,0.0229474757776645,0.000999500249875062
"GOBP_INTEGRIN_MEDIATED_SIGNALING_PATHWAY","GOBP_INTEGRIN_MEDIATED_SIGNALING_PATHWAY","7/183","93/11067",0.0752688172043011,4.55191256830601,4.46013366812106,0.000862553319878883,0.0202855639958452,0.0163284609974335,"CCN1/CD40LG/DAB2/ITGA3/PLEK/SERPINE1/TIMP1",7,"WT_heat_up","GO_BP",199,"CCN1/CD40LG/DAB2/ITGA3/PLEK/SERPINE1/TIMP1",7,93,2.65,0.0169915042478761,0.0140540540540541,0.000999500249875062
"GOBP_POSITIVE_REGULATION_OF_HUMORAL_IMMUNE_RESPONSE","GOBP_POSITIVE_REGULATION_OF_HUMORAL_IMMUNE_RESPONSE","3/183","12/11067",0.25,15.1188524590164,6.34508231697652,0.000876621944353884,0.0202855639958452,0.0163284609974335,"C3/IL17F/LTA",3,"WT_heat_up","GO_BP",199,"C3/IL17F/LTA",3,12,0.4355,0.00849575212393803,0.0193637621023513,0.000999500249875062
"GOBP_REGULATION_OF_URINE_VOLUME","GOBP_REGULATION_OF_URINE_VOLUME","3/183","12/11067",0.25,15.1188524590164,6.34508231697652,0.000876621944353884,0.0202855639958452,0.0163284609974335,"ADM/ADORA2A/NPR3",3,"WT_heat_up","GO_BP",199,"ADM/ADORA2A/NPR3",3,12,0.347,0.00249875062468766,0.00503355704697987,0.000999500249875062
"GOBP_REGULATION_OF_LEUKOCYTE_PROLIFERATION","GOBP_REGULATION_OF_LEUKOCYTE_PROLIFERATION","11/183","215/11067",0.0511627906976744,3.0940907357987,4.02055904229249,0.000883986305237667,0.0202855639958452,0.0163284609974335,"CD40LG/CD70/CD80/CDKN1A/CSF2/GPR183/IL1A/IL2/IL23A/SDC4/TNFSF9",11,"WT_heat_up","GO_BP",199,"CD40LG/CD70/CD80/CDKN1A/CSF2/GPR183/IL1A/IL2/IL23A/SDC4/TNFSF9",11,215,8.162,0.182408795602199,0.159,0.00149925037481259
"GOBP_NEURON_PROJECTION_GUIDANCE","GOBP_NEURON_PROJECTION_GUIDANCE","9/183","152/11067",0.0592105263157895,3.58078084555651,4.15420249222639,0.000937148335031049,0.0211379013345892,0.0170145329742929,"ARHGEF25/EGR2/GAP43/NEO1/NOTCH3/NR4A3/OPHN1/SEMA4A/WNT3",9,"WT_heat_up","GO_BP",199,"ARHGEF25/EGR2/GAP43/NEO1/NOTCH3/NR4A3/OPHN1/SEMA4A/WNT3",9,152,3.9,0.0164917541229385,0.0106544901065449,0.000999500249875062
"GOBP_REGULATION_OF_CHEMOTAXIS","GOBP_REGULATION_OF_CHEMOTAXIS","9/183","152/11067",0.0592105263157895,3.58078084555651,4.15420249222639,0.000937148335031049,0.0211379013345892,0.0170145329742929,"CCL3/CCL4/F3/GPR183/IL23A/PDGFB/SERPINE1/TNFSF14/WNT3",9,"WT_heat_up","GO_BP",199,"CCL3/CCL4/F3/GPR183/IL23A/PDGFB/SERPINE1/TNFSF14/WNT3",9,152,5.627,0.108945527236382,0.0872617853560682,0.00199900049975012
"GOBP_NEGATIVE_REGULATION_OF_INFLAMMATORY_RESPONSE","GOBP_NEGATIVE_REGULATION_OF_INFLAMMATORY_RESPONSE","9/183","153/11067",0.0588235294117647,3.55737704918033,4.1302383538223,0.00098180547378147,0.0219574969941466,0.0176742501881446,"ADORA2A/CD200/IER3/IL1A/IL1RN/IL2/NR4A3/PLK2/TNFSF14",9,"WT_heat_up","GO_BP",199,"ADORA2A/CD200/IER3/IL1A/IL1RN/IL2/NR4A3/PLK2/TNFSF14",9,153,5.2415,0.0669665167416292,0.054718875502008,0.00149925037481259
"GOBP_DEFENSE_RESPONSE_TO_GRAM_NEGATIVE_BACTERIUM","GOBP_DEFENSE_RESPONSE_TO_GRAM_NEGATIVE_BACTERIUM","5/183","47/11067",0.106382978723404,6.43355423787932,4.84026065344618,0.00102281467476654,0.0226112865610589,0.0182005050877393,"ADM/CALCA/IL17F/IL23A/SERPINE1",5,"WT_heat_up","GO_BP",199,"ADM/CALCA/IL17F/IL23A/SERPINE1",5,47,1.657,0.0194902548725637,0.0138221153846154,0.000999500249875062
"GOBP_POSITIVE_REGULATION_OF_PHOSPHATIDYLINOSITOL_3_KINASE_PROTEIN_KINASE_B_SIGNAL_TRANSDUCTION","GOBP_POSITIVE_REGULATION_OF_PHOSPHATIDYLINOSITOL_3_KINASE_PROTEIN_KINASE_B_SIGNAL_TRANSDUCTION","9/183","154/11067",0.0584415584415584,3.53427719821162,4.10647336379113,0.00102817521308339,0.0226112865610589,0.0182005050877393,"ADAM8/CCL3/EGFR/FAM110C/HBEGF/MST1R/PDGFB/PIK3AP1/TNFSF11",9,"WT_heat_up","GO_BP",199,"ADAM8/CCL3/EGFR/FAM110C/HBEGF/MST1R/PDGFB/PIK3AP1/TNFSF11",9,154,5.8625,0.11944027986007,0.0932798395185557,0.00199900049975012
"GOBP_RENAL_SYSTEM_DEVELOPMENT","GOBP_RENAL_SYSTEM_DEVELOPMENT","11/183","221/11067",0.0497737556561086,3.01008827238335,3.91384009287466,0.00110657970566696,0.0226964676090167,0.0182690698769453,"ALDH1A2/EGR1/EPCAM/GDF6/ITGA3/NOTCH3/PDGFB/SDC4/SPRY1/STRA6/YAP1",11,"WT_heat_up","GO_BP",199,"ALDH1A2/EGR1/EPCAM/GDF6/ITGA3/NOTCH3/PDGFB/SDC4/SPRY1/STRA6/YAP1",11,221,7.4665,0.109945027486257,0.0855,0.000999500249875062
"GOBP_FIBROBLAST_PROLIFERATION","GOBP_FIBROBLAST_PROLIFERATION","6/183","71/11067",0.0845070422535211,5.1105980143154,4.50550450358083,0.00110704465630755,0.0226964676090167,0.0182690698769453,"CDKN1A/EGFR/FOSL2/LTA/PDGFB/SPHK1",6,"WT_heat_up","GO_BP",199,"CDKN1A/EGFR/FOSL2/LTA/PDGFB/SPHK1",6,71,2.44,0.0294852573713143,0.0173818576860402,0.00149925037481259
"GOBP_POSITIVE_REGULATION_OF_LIPID_LOCALIZATION","GOBP_POSITIVE_REGULATION_OF_LIPID_LOCALIZATION","6/183","71/11067",0.0845070422535211,5.1105980143154,4.50550450358083,0.00110704465630755,0.0226964676090167,0.0182690698769453,"ANXA2/C3/DAB2/FASLG/SPP1/TNFSF11",6,"WT_heat_up","GO_BP",199,"ANXA2/C3/DAB2/FASLG/SPP1/TNFSF11",6,71,2.4995,0.0329835082458771,0.0206409560021727,0.000499750124937531
"GOBP_ALPHA_BETA_T_CELL_ACTIVATION","GOBP_ALPHA_BETA_T_CELL_ACTIVATION","10/183","188/11067",0.0531914893617021,3.21677711893966,3.97496288221025,0.00112575998095652,0.0226964676090167,0.0182690698769453,"ADORA2A/CD80/CD83/EOMES/FOSL2/GPR183/HSPH1/IL2/IL23A/SEMA4A",10,"WT_heat_up","GO_BP",199,"ADORA2A/CD80/CD83/EOMES/FOSL2/GPR183/HSPH1/IL2/IL23A/SEMA4A",10,188,6.8785,0.139930034982509,0.108608608608609,0.000999500249875062
"GOBP_BRANCH_ELONGATION_OF_AN_EPITHELIUM","GOBP_BRANCH_ELONGATION_OF_AN_EPITHELIUM","3/183","13/11067",0.230769230769231,13.9558638083228,6.06045082043153,0.00112579864139066,0.0226964676090167,0.0182690698769453,"AREG/SPRY1/YAP1",3,"WT_heat_up","GO_BP",199,"AREG/SPRY1/YAP1",3,13,0.5345,0.0124937531234383,0.0131108462455304,0.000999500249875062
"GOBP_EYELID_DEVELOPMENT_IN_CAMERA_TYPE_EYE","GOBP_EYELID_DEVELOPMENT_IN_CAMERA_TYPE_EYE","3/183","13/11067",0.230769230769231,13.9558638083228,6.06045082043153,0.00112579864139066,0.0226964676090167,0.0182690698769453,"EGFR/INHBA/STRA6",3,"WT_heat_up","GO_BP",199,"EGFR/INHBA/STRA6",3,13,0.3805,0.00349825087456272,0.0045045045045045,0.000499750124937531
"GOBP_FIBRINOLYSIS","GOBP_FIBRINOLYSIS","3/183","13/11067",0.230769230769231,13.9558638083228,6.06045082043153,0.00112579864139066,0.0226964676090167,0.0182690698769453,"ANXA2/PLAUR/SERPINE1",3,"WT_heat_up","GO_BP",199,"ANXA2/PLAUR/SERPINE1",3,13,0.208,0.000499750124937531,0,0.000999500249875062
"GOBP_HEAT_GENERATION","GOBP_HEAT_GENERATION","3/183","13/11067",0.230769230769231,13.9558638083228,6.06045082043153,0.00112579864139066,0.0226964676090167,0.0182690698769453,"IL1A/PTGS2/TNFSF11",3,"WT_heat_up","GO_BP",199,"IL1A/PTGS2/TNFSF11",3,13,0.425,0.00649675162418791,0.0113798008534851,0.000499750124937531
"GOBP_POSITIVE_REGULATION_OF_BONE_RESORPTION","GOBP_POSITIVE_REGULATION_OF_BONE_RESORPTION","3/183","13/11067",0.230769230769231,13.9558638083228,6.06045082043153,0.00112579864139066,0.0226964676090167,0.0182690698769453,"ADAM8/SPP1/TNFSF11",3,"WT_heat_up","GO_BP",199,"ADAM8/SPP1/TNFSF11",3,13,0.329,0.00249875062468766,0.00347826086956522,0.00199900049975012
"GOBP_POSITIVE_REGULATION_OF_SYNCYTIUM_FORMATION_BY_PLASMA_MEMBRANE_FUSION","GOBP_POSITIVE_REGULATION_OF_SYNCYTIUM_FORMATION_BY_PLASMA_MEMBRANE_FUSION","3/183","13/11067",0.230769230769231,13.9558638083228,6.06045082043153,0.00112579864139066,0.0226964676090167,0.0182690698769453,"CD53/EHD2/TNFSF14",3,"WT_heat_up","GO_BP",199,"CD53/EHD2/TNFSF14",3,13,0.3175,0.00349825087456272,0.00536672629695885,0.000499750124937531
"GOBP_METANEPHROS_DEVELOPMENT","GOBP_METANEPHROS_DEVELOPMENT","5/183","48/11067",0.104166666666667,6.2995218579235,4.771037456679,0.00112665299612777,0.0226964676090167,0.0182690698769453,"EGR1/GDF6/PDGFB/SPRY1/YAP1",5,"WT_heat_up","GO_BP",199,"EGR1/GDF6/PDGFB/SPRY1/YAP1",5,48,1.9235,0.0444777611194403,0.0327022375215146,0.000499750124937531
"GOBP_MUSCLE_CELL_DIFFERENTIATION","GOBP_MUSCLE_CELL_DIFFERENTIATION","14/183","330/11067",0.0424242424242424,2.56562344759066,3.74394466718802,0.00115701993879866,0.0231316334734065,0.0186193479784345,"ADM/ASB2/AVPR1A/C3/CD53/CTH/EHD2/KDM6B/NEB/NEO1/PAK1/PDGFB/SDC1/TNFSF14",14,"WT_heat_up","GO_BP",199,"ADM/ASB2/AVPR1A/C3/CD53/CTH/EHD2/KDM6B/NEB/NEO1/PAK1/PDGFB/SDC1/TNFSF14",14,330,9.387,0.0719640179910045,0.057,0.00199900049975012
"GOBP_RESPONSE_TO_BMP","GOBP_RESPONSE_TO_BMP","7/183","98/11067",0.0714285714285714,4.31967213114754,4.28007444956703,0.00117557616418022,0.0233259059945232,0.018775723777726,"CCN1/EGR1/FAM83G/GDF6/ITGA3/NEO1/SPINT1",7,"WT_heat_up","GO_BP",199,"CCN1/EGR1/FAM83G/GDF6/ITGA3/NEO1/SPINT1",7,98,3.1995,0.0374812593703148,0.0283944243675787,0.00249875062468766
"GOBP_ADENYLATE_CYCLASE_MODULATING_G_PROTEIN_COUPLED_RECEPTOR_SIGNALING_PATHWAY","GOBP_ADENYLATE_CYCLASE_MODULATING_G_PROTEIN_COUPLED_RECEPTOR_SIGNALING_PATHWAY","9/183","158/11067",0.0569620253164557,3.444801826105,4.01334361801205,0.00123175917293523,0.024258301920717,0.0195262373211571,"ADCY4/ADM/ADORA2A/ADORA2B/APLP1/ATP2B4/CALCA/PTGER2/S1PR3",9,"WT_heat_up","GO_BP",199,"ADCY4/ADM/ADORA2A/ADORA2B/APLP1/ATP2B4/CALCA/PTGER2/S1PR3",9,158,4.035,0.0154922538730635,0.0136916835699797,0.000999500249875062
"GOBP_REGULATION_OF_HUMORAL_IMMUNE_RESPONSE","GOBP_REGULATION_OF_HUMORAL_IMMUNE_RESPONSE","4/183","29/11067",0.137931034482759,8.34143583945732,5.13288368529898,0.00124349415506458,0.0243080079645587,0.0195662472118544,"C3/CLU/IL17F/LTA",4,"WT_heat_up","GO_BP",199,"C3/CLU/IL17F/LTA",4,29,0.9685,0.0189905047476262,0.0135135135135135,0.000499750124937531
"GOBP_HEMOSTASIS","GOBP_HEMOSTASIS","10/183","192/11067",0.0520833333333333,3.14976092896175,3.89630331766018,0.00131988687497426,0.025488892871638,0.0205167770148045,"ADORA2A/ANXA2/CD40LG/EMILIN2/F3/PDGFB/PLAUR/PLEK/PROCR/SERPINE1",10,"WT_heat_up","GO_BP",199,"ADORA2A/ANXA2/CD40LG/EMILIN2/F3/PDGFB/PLAUR/PLEK/PROCR/SERPINE1",10,192,5.6095,0.0534732633683158,0.0286288297338021,0.000999500249875062
"GOBP_BLOOD_VESSEL_ENDOTHELIAL_CELL_MIGRATION","GOBP_BLOOD_VESSEL_ENDOTHELIAL_CELL_MIGRATION","7/183","100/11067",0.07,4.23327868852459,4.21139356528859,0.00132322028170307,0.025488892871638,0.0205167770148045,"ATP2B4/EGR3/EPHA2/NR4A1/PDGFB/PLK2/PTGS2",7,"WT_heat_up","GO_BP",199,"ATP2B4/EGR3/EPHA2/NR4A1/PDGFB/PLK2/PTGS2",7,100,3.7235,0.0674662668665667,0.0493638676844784,0.00249875062468766
"GOBP_POSITIVE_REGULATION_OF_MONONUCLEAR_CELL_MIGRATION","GOBP_POSITIVE_REGULATION_OF_MONONUCLEAR_CELL_MIGRATION","6/183","74/11067",0.0810810810810811,4.90341160832964,4.36846345051882,0.00137473087617297,0.0259585499021248,0.0208948180939702,"ADAM8/CCL20/CCL3/CCL4/SERPINE1/TNFSF14",6,"WT_heat_up","GO_BP",199,"ADAM8/CCL20/CCL3/CCL4/SERPINE1/TNFSF14",6,74,3.044,0.0744627686156921,0.0524675324675325,0.000999500249875062
"GOBP_REGULATION_OF_TUBE_SIZE","GOBP_REGULATION_OF_TUBE_SIZE","7/183","101/11067",0.0693069306930693,4.19136503814316,4.17772318497938,0.00140228430967947,0.0259585499021248,0.0208948180939702,"ADM/ADORA2A/ADORA2B/AVPR1A/CALCA/GJA5/NPPC",7,"WT_heat_up","GO_BP",199,"ADM/ADORA2A/ADORA2B/AVPR1A/CALCA/GJA5/NPPC",7,101,3.7555,0.0789605197401299,0.0492307692307692,0.00149925037481259
"GOBP_C21_STEROID_HORMONE_BIOSYNTHETIC_PROCESS","GOBP_C21_STEROID_HORMONE_BIOSYNTHETIC_PROCESS","3/183","14/11067",0.214285714285714,12.9590163934426,5.80558523149002,0.00141548494372888,0.0259585499021248,0.0208948180939702,"ADM/DAB2/EGR1",3,"WT_heat_up","GO_BP",199,"ADM/DAB2/EGR1",3,14,0.4065,0.00749625187406297,0.00292825768667643,0.00199900049975012
"GOBP_POSITIVE_REGULATION_OF_LYMPHOCYTE_CHEMOTAXIS","GOBP_POSITIVE_REGULATION_OF_LYMPHOCYTE_CHEMOTAXIS","3/183","14/11067",0.214285714285714,12.9590163934426,5.80558523149002,0.00141548494372888,0.0259585499021248,0.0208948180939702,"CCL3/CCL4/TNFSF14",3,"WT_heat_up","GO_BP",199,"CCL3/CCL4/TNFSF14",3,14,0.495,0.00899550224887556,0.0100882723833544,0.00199900049975012
"GOBP_REGULATION_OF_PLASMINOGEN_ACTIVATION","GOBP_REGULATION_OF_PLASMINOGEN_ACTIVATION","3/183","14/11067",0.214285714285714,12.9590163934426,5.80558523149002,0.00141548494372888,0.0259585499021248,0.0208948180939702,"ANXA2/PLAUR/SERPINE1",3,"WT_heat_up","GO_BP",199,"ANXA2/PLAUR/SERPINE1",3,14,0.3825,0.00649675162418791,0.00154798761609907,0.000999500249875062
"GOBP_RHYTHMIC_BEHAVIOR","GOBP_RHYTHMIC_BEHAVIOR","4/183","30/11067",0.133333333333333,8.06338797814208,5.02313417798779,0.0014164574406616,0.0259585499021248,0.0208948180939702,"ADORA2A/CSF2/EGR1/EGR2",4,"WT_heat_up","GO_BP",199,"ADORA2A/CSF2/EGR1/EGR2",4,30,0.858,0.00999500249875063,0.00517241379310345,0.00199900049975012
"GOBP_VASCULAR_ENDOTHELIAL_GROWTH_FACTOR_PRODUCTION","GOBP_VASCULAR_ENDOTHELIAL_GROWTH_FACTOR_PRODUCTION","4/183","30/11067",0.133333333333333,8.06338797814208,5.02313417798779,0.0014164574406616,0.0259585499021248,0.0208948180939702,"ADORA2B/C3/IL1A/PTGS2",4,"WT_heat_up","GO_BP",199,"ADORA2B/C3/IL1A/PTGS2",4,30,1.049,0.0174912543728136,0.0119940029985007,0.00299850074962519
"GOBP_GASTRULATION","GOBP_GASTRULATION","8/183","131/11067",0.0610687022900763,3.69315479914904,4.02063200247475,0.00147182473190406,0.0266343381696087,0.0214387804097526,"EOMES/EPHA2/IL1RN/INHBA/ITGA3/KDM6B/NR4A3/WNT3",8,"WT_heat_up","GO_BP",199,"EOMES/EPHA2/IL1RN/INHBA/ITGA3/KDM6B/NR4A3/WNT3",8,131,3.9745,0.039480259870065,0.0223463687150838,0.00149925037481259
"GOBP_NEGATIVE_REGULATION_OF_DEFENSE_RESPONSE","GOBP_NEGATIVE_REGULATION_OF_DEFENSE_RESPONSE","11/183","229/11067",0.0480349344978166,2.90493235020402,3.77702045034283,0.00147351776156228,0.0266343381696087,0.0214387804097526,"ADORA2A/CD200/IER3/IL1A/IL1RN/IL2/KLRC1/NR4A3/OAS3/PLK2/TNFSF14",11,"WT_heat_up","GO_BP",199,"ADORA2A/CD200/IER3/IL1A/IL1RN/IL2/KLRC1/NR4A3/OAS3/PLK2/TNFSF14",11,229,7.6605,0.132433783108446,0.0935,0.00149925037481259
"GOBP_POSITIVE_REGULATION_OF_RESPONSE_TO_WOUNDING","GOBP_POSITIVE_REGULATION_OF_RESPONSE_TO_WOUNDING","5/183","51/11067",0.0980392156862745,5.92896174863388,4.57462167618122,0.00148517513884007,0.0266624298734623,0.0214613922676639,"CLDN4/EMILIN2/F3/HBEGF/SERPINE1",5,"WT_heat_up","GO_BP",199,"CLDN4/EMILIN2/F3/HBEGF/SERPINE1",5,51,1.8435,0.0294852573713143,0.0189013585351447,0.00149925037481259
"GOBP_ADAPTIVE_IMMUNE_RESPONSE_BASED_ON_SOMATIC_RECOMBINATION_OF_IMMUNE_RECEPTORS_BUILT_FROM_IMMUNOGLOBULIN_SUPERFAMILY_DOMAINS","GOBP_ADAPTIVE_IMMUNE_RESPONSE_BASED_ON_SOMATIC_RECOMBINATION_OF_IMMUNE_RECEPTORS_BUILT_FROM_IMMUNOGLOBULIN_SUPERFAMILY_DOMAINS","13/183","302/11067",0.043046357615894,2.60324611877103,3.66288482384117,0.00151936750710382,0.0270919652111283,0.0218071381887305,"C3/CD40LG/CD70/CD80/CLU/IGKC/IL17F/IL2/IL23A/IL9/KLRC1/LTA/SEMA4A",13,"WT_heat_up","GO_BP",199,"C3/CD40LG/CD70/CD80/CLU/IGKC/IL17F/IL2/IL23A/IL9/KLRC1/LTA/SEMA4A",13,302,10.4255,0.220889555222389,0.167,0.00199900049975012
"GOBP_SMOOTH_MUSCLE_CELL_PROLIFERATION","GOBP_SMOOTH_MUSCLE_CELL_PROLIFERATION","7/183","103/11067",0.0679611650485437,4.10997930924717,4.1116696084923,0.00157145996609665,0.0277777591909369,0.0223591544035064,"CDKN1A/HBEGF/NOTCH3/NPPC/NR4A3/PAK1/PDGFB",7,"WT_heat_up","GO_BP",199,"CDKN1A/HBEGF/NOTCH3/NPPC/NR4A3/PAK1/PDGFB",7,103,4.222,0.12543728135932,0.0691220988900101,0.00149925037481259
"GOBP_MUSCLE_ADAPTATION","GOBP_MUSCLE_ADAPTATION","6/183","76/11067",0.0789473684210526,4.77437446074202,4.28114353085366,0.00157887983275504,0.0277777591909369,0.0223591544035064,"ASB2/ATP2B4/GATM/NR4A3/PAK1/PDGFB",6,"WT_heat_up","GO_BP",199,"ASB2/ATP2B4/GATM/NR4A3/PAK1/PDGFB",6,76,3.131,0.0954522738630685,0.0546021840873635,0.00199900049975012
"GOBP_REGULATION_OF_NEURON_APOPTOTIC_PROCESS","GOBP_REGULATION_OF_NEURON_APOPTOTIC_PROCESS","10/183","197/11067",0.050761421319797,3.06981775817592,3.80081788467603,0.00160008341021769,0.0277863122890003,0.0223660390495612,"ADAM8/ADORA2A/CCL3/CLU/EGR1/FASLG/HSPG2/NPPC/NR4A2/NR4A3",10,"WT_heat_up","GO_BP",199,"ADAM8/ADORA2A/CCL3/CLU/EGR1/FASLG/HSPG2/NPPC/NR4A2/NR4A3",10,197,7.0215,0.15992003998001,0.101,0.00149925037481259
"GOBP_LUNG_EPITHELIUM_DEVELOPMENT","GOBP_LUNG_EPITHELIUM_DEVELOPMENT","4/183","31/11067",0.129032258064516,7.80327868852459,4.91835501881816,0.00160552203702057,0.0277863122890003,0.0223660390495612,"FOSL2/STRA6/TP73/YAP1",4,"WT_heat_up","GO_BP",199,"FOSL2/STRA6/TP73/YAP1",4,31,1.0025,0.0139930034982509,0.00922367409684858,0.000999500249875062
"GOBP_CARDIAC_CELL_DEVELOPMENT","GOBP_CARDIAC_CELL_DEVELOPMENT","5/183","52/11067",0.0961538461538462,5.81494325346784,4.51260380686749,0.00162148241474272,0.0277863122890003,0.0223660390495612,"ASB2/INHBA/NEB/PAK1/SPRY1",5,"WT_heat_up","GO_BP",199,"ASB2/INHBA/NEB/PAK1/SPRY1",5,52,1.9165,0.0424787606196902,0.0237268518518519,0.00299850074962519
"GOBP_MAMMARY_GLAND_EPITHELIUM_DEVELOPMENT","GOBP_MAMMARY_GLAND_EPITHELIUM_DEVELOPMENT","5/183","52/11067",0.0961538461538462,5.81494325346784,4.51260380686749,0.00162148241474272,0.0277863122890003,0.0223660390495612,"AREG/EPHA2/IRF6/TNFSF11/WNT3",5,"WT_heat_up","GO_BP",199,"AREG/EPHA2/IRF6/TNFSF11/WNT3",5,52,2.1495,0.0599700149925037,0.0346368715083799,0.00249875062468766
"GOBP_POSITIVE_REGULATION_OF_CHEMOTAXIS","GOBP_POSITIVE_REGULATION_OF_CHEMOTAXIS","7/183","104/11067",0.0673076923076923,4.07046027742749,4.07926629583863,0.00166180177971748,0.0282935154624157,0.0227743021492012,"CCL3/CCL4/F3/IL23A/PDGFB/SERPINE1/TNFSF14",7,"WT_heat_up","GO_BP",199,"CCL3/CCL4/F3/IL23A/PDGFB/SERPINE1/TNFSF14",7,104,4.1885,0.118440779610195,0.0729853015712114,0.00199900049975012
"GOBP_POSITIVE_REGULATION_OF_HOMOTYPIC_CELL_CELL_ADHESION","GOBP_POSITIVE_REGULATION_OF_HOMOTYPIC_CELL_CELL_ADHESION","3/183","15/11067",0.2,12.0950819672131,5.57548071116205,0.00174794844017426,0.0295409903295409,0.0237784322151587,"EMILIN2/PLAUR/TNFSF11",3,"WT_heat_up","GO_BP",199,"EMILIN2/PLAUR/TNFSF11",3,15,0.5715,0.0229885057471264,0.0212527964205817,0.00249875062468766
"GOBP_CELL_SURFACE_RECEPTOR_PROTEIN_SERINE_THREONINE_KINASE_SIGNALING_PATHWAY","GOBP_CELL_SURFACE_RECEPTOR_PROTEIN_SERINE_THREONINE_KINASE_SIGNALING_PATHWAY","12/183","270/11067",0.0444444444444444,2.68779599271403,3.64063293872195,0.00175745944741869,0.0295409903295409,0.0237784322151587,"ATF3/CCN1/DAB2/EGR1/FAM83G/GDF6/HSPA1A/IL17F/INHBA/ITGA3/NEO1/SPRY1",12,"WT_heat_up","GO_BP",199,"ATF3/CCN1/DAB2/EGR1/FAM83G/GDF6/HSPA1A/IL17F/INHBA/ITGA3/NEO1/SPRY1",12,270,8.2535,0.109445277361319,0.0685,0.00199900049975012
"GOBP_MORPHOGENESIS_OF_A_BRANCHING_STRUCTURE","GOBP_MORPHOGENESIS_OF_A_BRANCHING_STRUCTURE","8/183","135/11067",0.0592592592592593,3.58372799028537,3.91643095087382,0.00178240524175103,0.0297706799555757,0.0239633163081517,"ADM/AREG/EPHA2/PAK1/SPINT1/SPRY1/TGM2/YAP1",8,"WT_heat_up","GO_BP",199,"ADM/AREG/EPHA2/PAK1/SPINT1/SPRY1/TGM2/YAP1",8,135,5.2555,0.148925537231384,0.0840840840840841,0.00149925037481259
"GOBP_REGULATION_OF_EPITHELIAL_CELL_PROLIFERATION","GOBP_REGULATION_OF_EPITHELIAL_CELL_PROLIFERATION","11/183","236/11067",0.0466101694915254,2.81876910252848,3.66206376890844,0.00187150017992094,0.0310621948101343,0.0250028954854714,"ALDH1A2/AREG/DAB2/EGFR/EGR3/F3/NR4A1/NR4A3/PDGFB/TGM1/YAP1",11,"WT_heat_up","GO_BP",199,"ALDH1A2/AREG/DAB2/EGFR/EGR3/F3/NR4A1/NR4A3/PDGFB/TGM1/YAP1",11,236,8.626,0.233383308345827,0.1505,0.00349825087456272
"GOBP_LIPID_LOCALIZATION","GOBP_LIPID_LOCALIZATION","13/183","311/11067",0.0418006430868167,2.52791102208634,3.54388379513923,0.00197184214277786,0.0325230713424423,0.0261787989745113,"ANXA2/C3/CLU/CRABP2/DAB2/ESYT3/FASLG/INHBA/PTGS2/SLC13A3/SPP1/STRA6/TNFSF11",13,"WT_heat_up","GO_BP",199,"ANXA2/C3/CLU/CRABP2/DAB2/ESYT3/FASLG/INHBA/PTGS2/SLC13A3/SPP1/STRA6/TNFSF11",13,311,8.0325,0.0544727636181909,0.0290145072536268,0.00499750124937531
"GOBP_POSITIVE_REGULATION_OF_MOLECULAR_FUNCTION","GOBP_POSITIVE_REGULATION_OF_MOLECULAR_FUNCTION","15/183","390/11067",0.0384615384615385,2.32597730138714,3.45676919501334,0.00205272095310639,0.0336467738835265,0.0270833009700471,"ADORA2B/ANXA3/CALCA/CD40LG/CDKN1A/CLU/HSPA1A/LTA/MST1R/PDGFB/PLAUR/RGS16/RIPK4/SPHK1/TGM2",15,"WT_heat_up","GO_BP",199,"ADORA2B/ANXA3/CALCA/CD40LG/CDKN1A/CLU/HSPA1A/LTA/MST1R/PDGFB/PLAUR/RGS16/RIPK4/SPHK1/TGM2",15,390,11.3665,0.159420289855072,0.0925,0.00149925037481259
"GOBP_POSITIVE_REGULATION_OF_MIRNA_METABOLIC_PROCESS","GOBP_POSITIVE_REGULATION_OF_MIRNA_METABOLIC_PROCESS","5/183","55/11067",0.0909090909090909,5.49776453055142,4.33582325047328,0.00208563167652035,0.0339751974959087,0.0273476590202604,"EGFR/EGR1/FOSL1/NOTCH3/PDGFB",5,"WT_heat_up","GO_BP",199,"EGFR/EGR1/FOSL1/NOTCH3/PDGFB",5,55,2.1795,0.0609695152423788,0.0286034772854739,0.000999500249875062
"GOBP_RESPONSE_TO_MOLECULE_OF_BACTERIAL_ORIGIN","GOBP_RESPONSE_TO_MOLECULE_OF_BACTERIAL_ORIGIN","12/183","276/11067",0.0434782608695652,2.62936564504633,3.55442095853736,0.00211176602468173,0.0341898806081907,0.0275204639186809,"CD200/CD80/CSF2/FASLG/FOSL2/GFI1/IL1A/IL24/LTA/NR4A1/PTGER2/SERPINE1",12,"WT_heat_up","GO_BP",199,"CD200/CD80/CSF2/FASLG/FOSL2/GFI1/IL1A/IL24/LTA/NR4A1/PTGER2/SERPINE1",12,276,9.6645,0.256371814092954,0.160580290145073,0.00199900049975012
"GOBP_EMBRYONIC_FORELIMB_MORPHOGENESIS","GOBP_EMBRYONIC_FORELIMB_MORPHOGENESIS","3/183","16/11067",0.1875,11.3391393442623,5.36624135239422,0.00212531241885066,0.034199387032603,0.0275281159258064,"ALDH1A2/CRABP2/WNT3",3,"WT_heat_up","GO_BP",199,"ALDH1A2/CRABP2/WNT3",3,16,0.3915,0.00549725137431284,0.00605143721633888,0.00299850074962519
"GOBP_POSITIVE_REGULATION_OF_TUMOR_NECROSIS_FACTOR_SUPERFAMILY_CYTOKINE_PRODUCTION","GOBP_POSITIVE_REGULATION_OF_TUMOR_NECROSIS_FACTOR_SUPERFAMILY_CYTOKINE_PRODUCTION","7/183","109/11067",0.0642201834862385,3.88374191607761,3.92311105491757,0.00217578888208209,0.0345898003603291,0.0278423713636122,"ADAM8/CCL3/CLU/IL17F/IL1A/IL23A/OAS3",7,"WT_heat_up","GO_BP",199,"ADAM8/CCL3/CLU/IL17F/IL1A/IL23A/OAS3",7,109,4.2035,0.120939530234883,0.0566228513650152,0.00199900049975012
"GOBP_SPROUTING_ANGIOGENESIS","GOBP_SPROUTING_ANGIOGENESIS","7/183","109/11067",0.0642201834862385,3.88374191607761,3.92311105491757,0.00217578888208209,0.0345898003603291,0.0278423713636122,"EGR3/EPHA2/EPN2/NR4A1/PLK2/PTGS2/TGM2",7,"WT_heat_up","GO_BP",199,"EGR3/EPHA2/EPN2/NR4A1/PLK2/PTGS2/TGM2",7,109,3.4255,0.0514742628685657,0.0267765190525232,0.00199900049975012
"GOBP_ALPHA_BETA_T_CELL_DIFFERENTIATION","GOBP_ALPHA_BETA_T_CELL_DIFFERENTIATION","8/183","140/11067",0.0571428571428571,3.45573770491803,3.79159669384191,0.002241110710307,0.0354149171526956,0.0285065327034322,"CD80/CD83/EOMES/FOSL2/GPR183/IL2/IL23A/SEMA4A",8,"WT_heat_up","GO_BP",199,"CD80/CD83/EOMES/FOSL2/GPR183/IL2/IL23A/SEMA4A",8,140,5.301,0.158920539730135,0.0838353413654618,0.00249875062468766
"GOBP_REGULATION_OF_ACUTE_INFLAMMATORY_RESPONSE","GOBP_REGULATION_OF_ACUTE_INFLAMMATORY_RESPONSE","4/183","34/11067",0.117647058823529,7.11475409836066,4.63018408087714,0.00227690009727442,0.0355782748886934,0.0286380242617352,"ADAM8/C3/PTGS2/TNFSF11",4,"WT_heat_up","GO_BP",199,"ADAM8/C3/PTGS2/TNFSF11",4,34,1.1975,0.0274862568715642,0.0111111111111111,0.00249875062468766
"GOBP_ENDOTHELIAL_CELL_PROLIFERATION","GOBP_ENDOTHELIAL_CELL_PROLIFERATION","7/183","110/11067",0.0636363636363636,3.84843517138599,3.89299156419827,0.00229189341836979,0.0355782748886934,0.0286380242617352,"ALDH1A2/CALCA/EGR3/EPHA2/F3/NR4A1/PDGFB",7,"WT_heat_up","GO_BP",199,"ALDH1A2/CALCA/EGR3/EPHA2/F3/NR4A1/PDGFB",7,110,3.9735,0.0969515242378811,0.0491637100861632,0.00249875062468766
"GOBP_REGULATION_OF_MONONUCLEAR_CELL_MIGRATION","GOBP_REGULATION_OF_MONONUCLEAR_CELL_MIGRATION","7/183","110/11067",0.0636363636363636,3.84843517138599,3.89299156419827,0.00229189341836979,0.0355782748886934,0.0286380242617352,"ADAM8/CCL20/CCL3/CCL4/CD200/SERPINE1/TNFSF14",7,"WT_heat_up","GO_BP",199,"ADAM8/CCL20/CCL3/CCL4/CD200/SERPINE1/TNFSF14",7,110,4.3265,0.134432783608196,0.0696266397578204,0.00199900049975012
"GOBP_T_CELL_PROLIFERATION","GOBP_T_CELL_PROLIFERATION","9/183","175/11067",0.0514285714285714,3.11016393442623,3.64844677807825,0.00249000962903448,0.038427692462117,0.0309316062258639,"CD40LG/CD70/CD80/IL1A/IL2/IL23A/SDC4/TNFSF14/TNFSF9",9,"WT_heat_up","GO_BP",199,"CD40LG/CD70/CD80/IL1A/IL2/IL23A/SDC4/TNFSF14/TNFSF9",9,175,6.688,0.216391804097951,0.113556778389195,0.00249875062468766
"GOBP_NEGATIVE_REGULATION_OF_MEMBRANE_PERMEABILITY","GOBP_NEGATIVE_REGULATION_OF_MEMBRANE_PERMEABILITY","3/183","17/11067",0.176470588235294,10.672131147541,5.1747826045156,0.00254956090958233,0.0386041750996612,0.0310736624124434,"HK2/HSPA1A/IER3",3,"WT_heat_up","GO_BP",199,"HK2/HSPA1A/IER3",3,17,0.4975,0.0109945027486257,0.00251256281407035,0.00199900049975012
"GOBP_PLASMINOGEN_ACTIVATION","GOBP_PLASMINOGEN_ACTIVATION","3/183","17/11067",0.176470588235294,10.672131147541,5.1747826045156,0.00254956090958233,0.0386041750996612,0.0310736624124434,"ANXA2/PLAUR/SERPINE1",3,"WT_heat_up","GO_BP",199,"ANXA2/PLAUR/SERPINE1",3,17,0.447,0.00999500249875063,0.00137174211248285,0.00249875062468766
"GOBP_PODOSOME_ASSEMBLY","GOBP_PODOSOME_ASSEMBLY","3/183","17/11067",0.176470588235294,10.672131147541,5.1747826045156,0.00254956090958233,0.0386041750996612,0.0310736624124434,"ASB2/CSF2/SH3PXD2B",3,"WT_heat_up","GO_BP",199,"ASB2/CSF2/SH3PXD2B",3,17,0.43,0.00849575212393803,0.0028169014084507,0.00199900049975012
"GOBP_POSITIVE_REGULATION_OF_PHOSPHORYLATION","GOBP_POSITIVE_REGULATION_OF_PHOSPHORYLATION","10/183","210/11067",0.0476190476190476,2.87978142076503,3.56606038192034,0.00255995856098549,0.0386041750996612,0.0310736624124434,"AREG/C3/CALCA/CD80/CDKN1A/EGFR/LTA/MST1R/PDGFB/PLAUR",10,"WT_heat_up","GO_BP",199,"AREG/C3/CALCA/CD80/CDKN1A/EGFR/LTA/MST1R/PDGFB/PLAUR",10,210,7.0615,0.158920539730135,0.0761141712568853,0.00149925037481259
"GOBP_POSITIVE_REGULATION_OF_LEUKOCYTE_MIGRATION","GOBP_POSITIVE_REGULATION_OF_LEUKOCYTE_MIGRATION","7/183","113/11067",0.0619469026548673,3.74626432612796,3.80471210513535,0.00266907026659939,0.0398232230321446,0.0320549107831387,"ADAM8/CCL20/CCL3/CCL4/IL23A/SERPINE1/TNFSF14",7,"WT_heat_up","GO_BP",199,"ADAM8/CCL20/CCL3/CCL4/IL23A/SERPINE1/TNFSF14",7,113,4.388,0.140929535232384,0.0687563195146613,0.00449775112443778
"GOBP_TEMPERATURE_HOMEOSTASIS","GOBP_TEMPERATURE_HOMEOSTASIS","8/183","144/11067",0.0555555555555556,3.35974499089253,3.69574470494744,0.00267097782367927,0.0398232230321446,0.0320549107831387,"EGR1/GATM/IGF2BP2/IL1A/KDM6B/NPR3/PTGS2/TNFSF11",8,"WT_heat_up","GO_BP",199,"EGR1/GATM/IGF2BP2/IL1A/KDM6B/NPR3/PTGS2/TNFSF11",8,144,4.398,0.0744627686156921,0.0288461538461538,0.00199900049975012
"GOBP_REGULATION_OF_BONE_REMODELING","GOBP_REGULATION_OF_BONE_REMODELING","4/183","36/11067",0.111111111111111,6.71948998178506,4.45684697540907,0.00281876684342364,0.0415014142977762,0.0334057374415797,"ADAM8/CALCA/SPP1/TNFSF11",4,"WT_heat_up","GO_BP",199,"ADAM8/CALCA/SPP1/TNFSF11",4,36,1.118,0.0254872563718141,0.0101744186046512,0.00199900049975012
"GOBP_INFLAMMATORY_RESPONSE_TO_ANTIGENIC_STIMULUS","GOBP_INFLAMMATORY_RESPONSE_TO_ANTIGENIC_STIMULUS","5/183","59/11067",0.0847457627118644,5.12503473186996,4.11932460732685,0.00284644031371637,0.0415014142977762,0.0334057374415797,"C3/FOSL2/KDM6B/LTA/PLK2",5,"WT_heat_up","GO_BP",199,"C3/FOSL2/KDM6B/LTA/PLK2",5,59,2.167,0.0579710144927536,0.0238756246529706,0.00199900049975012
"GOBP_POSITIVE_REGULATION_OF_LIPID_TRANSPORT","GOBP_POSITIVE_REGULATION_OF_LIPID_TRANSPORT","5/183","59/11067",0.0847457627118644,5.12503473186996,4.11932460732685,0.00284644031371637,0.0415014142977762,0.0334057374415797,"ANXA2/DAB2/FASLG/SPP1/TNFSF11",5,"WT_heat_up","GO_BP",199,"ANXA2/DAB2/FASLG/SPP1/TNFSF11",5,59,2.148,0.0584707646176912,0.0208333333333333,0.00199900049975012
"GOBP_SIGNAL_TRANSDUCTION_IN_ABSENCE_OF_LIGAND","GOBP_SIGNAL_TRANSDUCTION_IN_ABSENCE_OF_LIGAND","5/183","59/11067",0.0847457627118644,5.12503473186996,4.11932460732685,0.00284644031371637,0.0415014142977762,0.0334057374415797,"CSF2/HSPA1A/IL1A/IL2/INHBA",5,"WT_heat_up","GO_BP",199,"CSF2/HSPA1A/IL1A/IL2/INHBA",5,59,2.0315,0.0504747626186907,0.0165242165242165,0.00399800099950025
"GOBP_POSITIVE_REGULATION_OF_HEMOPOIESIS","GOBP_POSITIVE_REGULATION_OF_HEMOPOIESIS","9/183","179/11067",0.0502793296089385,3.04066306438319,3.56903144677623,0.00289889619086086,0.0420067486416625,0.0338124962640853,"ADAM8/CALCA/CD80/CD83/EGR3/IL2/IL23A/TNFSF11/TNFSF9",9,"WT_heat_up","GO_BP",199,"ADAM8/CALCA/CD80/CD83/EGR3/IL2/IL23A/TNFSF11/TNFSF9",9,179,7.12,0.281859070464768,0.15,0.00449775112443778
"GOBP_CELL_ACTIVATION_INVOLVED_IN_IMMUNE_RESPONSE","GOBP_CELL_ACTIVATION_INVOLVED_IN_IMMUNE_RESPONSE","12/183","287/11067",0.0418118466898955,2.52858856457417,3.4021133997068,0.00291293482433658,0.0420067486416625,0.0338124962640853,"ADORA2B/ANXA3/CCL3/CD40LG/CD80/EOMES/GPR183/GRP/IL2/IL23A/NR4A3/SEMA4A",12,"WT_heat_up","GO_BP",199,"ADORA2B/ANXA3/CCL3/CD40LG/CD80/EOMES/GPR183/GRP/IL2/IL23A/NR4A3/SEMA4A",12,287,10.7325,0.377811094452774,0.214,0.00499750124937531
"GOBP_ERBB2_SIGNALING_PATHWAY","GOBP_ERBB2_SIGNALING_PATHWAY","3/183","18/11067",0.166666666666667,10.0792349726776,4.99862587440068,0.003022543585916,0.0422036641440863,0.0339709994785769,"AREG/EGFR/HBEGF",3,"WT_heat_up","GO_BP",199,"AREG/EGFR/HBEGF",3,18,0.629,0.0224887556221889,0.00424178154825027,0.00249875062468766
"GOBP_REGULATION_OF_COLLATERAL_SPROUTING","GOBP_REGULATION_OF_COLLATERAL_SPROUTING","3/183","18/11067",0.166666666666667,10.0792349726776,4.99862587440068,0.003022543585916,0.0422036641440863,0.0339709994785769,"CRABP2/SPP1/WNT3",3,"WT_heat_up","GO_BP",199,"CRABP2/SPP1/WNT3",3,18,0.524,0.0189905047476262,0.00365853658536585,0.00399800099950025
"GOBP_REGULATION_OF_HORMONE_BIOSYNTHETIC_PROCESS","GOBP_REGULATION_OF_HORMONE_BIOSYNTHETIC_PROCESS","3/183","18/11067",0.166666666666667,10.0792349726776,4.99862587440068,0.003022543585916,0.0422036641440863,0.0339709994785769,"ADM/DAB2/EGR1",3,"WT_heat_up","GO_BP",199,"ADM/DAB2/EGR1",3,18,0.6005,0.0199900049975013,0.00761697497279652,0.00199900049975012
"GOBP_REGULATION_OF_KETONE_BIOSYNTHETIC_PROCESS","GOBP_REGULATION_OF_KETONE_BIOSYNTHETIC_PROCESS","3/183","18/11067",0.166666666666667,10.0792349726776,4.99862587440068,0.003022543585916,0.0422036641440863,0.0339709994785769,"ADM/DAB2/EGR1",3,"WT_heat_up","GO_BP",199,"ADM/DAB2/EGR1",3,18,0.517,0.0139930034982509,0.0072463768115942,0.00199900049975012
"GOBP_REGULATION_OF_LYMPHOCYTE_CHEMOTAXIS","GOBP_REGULATION_OF_LYMPHOCYTE_CHEMOTAXIS","3/183","18/11067",0.166666666666667,10.0792349726776,4.99862587440068,0.003022543585916,0.0422036641440863,0.0339709994785769,"CCL3/CCL4/TNFSF14",3,"WT_heat_up","GO_BP",199,"CCL3/CCL4/TNFSF14",3,18,0.642,0.0254872563718141,0.00955414012738853,0.00249875062468766
"GOBP_STEROID_HORMONE_SECRETION","GOBP_STEROID_HORMONE_SECRETION","3/183","18/11067",0.166666666666667,10.0792349726776,4.99862587440068,0.003022543585916,0.0422036641440863,0.0339709994785769,"DAB2/INHBA/SPP1",3,"WT_heat_up","GO_BP",199,"DAB2/INHBA/SPP1",3,18,0.5665,0.0184907546226887,0.00113250283125708,0.00399800099950025
"GOBP_REGULATION_OF_OSTEOCLAST_DIFFERENTIATION","GOBP_REGULATION_OF_OSTEOCLAST_DIFFERENTIATION","5/183","60/11067",0.0833333333333333,5.0396174863388,4.06825340565597,0.0030643431395476,0.0425621133961374,0.0342595260698452,"CALCA/CCL3/IL23A/TNFRSF11B/TNFSF11",5,"WT_heat_up","GO_BP",199,"CALCA/CCL3/IL23A/TNFRSF11B/TNFSF11",5,60,2.1355,0.0484757621189405,0.0167973124300112,0.00199900049975012
"GOBP_ERBB_SIGNALING_PATHWAY","GOBP_ERBB_SIGNALING_PATHWAY","7/183","116/11067",0.0603448275862069,3.64937817976258,3.71939815695294,0.00309224196022743,0.0427247462462837,0.0343904341457093,"AREG/EGFR/FASLG/GPRC5A/HBEGF/PLAUR/SPRY1",7,"WT_heat_up","GO_BP",199,"AREG/EGFR/FASLG/GPRC5A/HBEGF/PLAUR/SPRY1",7,116,3.793,0.0749625187406297,0.0254065040650406,0.00499750124937531
"GOBP_REGULATION_OF_EXTRINSIC_APOPTOTIC_SIGNALING_PATHWAY_IN_ABSENCE_OF_LIGAND","GOBP_REGULATION_OF_EXTRINSIC_APOPTOTIC_SIGNALING_PATHWAY_IN_ABSENCE_OF_LIGAND","4/183","37/11067",0.108108108108108,6.53788214443952,4.37505408347011,0.00312017953194735,0.0428862176292139,0.0345204073216544,"CSF2/HSPA1A/IL1A/INHBA",4,"WT_heat_up","GO_BP",199,"CSF2/HSPA1A/IL1A/INHBA",4,37,1.2935,0.04047976011994,0.0136518771331058,0.00349825087456272
"GOBP_POSITIVE_REGULATION_OF_DNA_BINDING_TRANSCRIPTION_FACTOR_ACTIVITY","GOBP_POSITIVE_REGULATION_OF_DNA_BINDING_TRANSCRIPTION_FACTOR_ACTIVITY","6/183","87/11067",0.0689655172413793,4.17071791972866,3.84983994744081,0.00314179021226418,0.0429595045086278,0.0345793981366191,"ANXA3/CD40LG/CLU/HSPA1A/RIPK4/SPHK1",6,"WT_heat_up","GO_BP",199,"ANXA3/CD40LG/CLU/HSPA1A/RIPK4/SPHK1",6,87,2.834,0.0609695152423788,0.0198226395409494,0.00399800099950025
"GOBP_INTERLEUKIN_1_PRODUCTION","GOBP_INTERLEUKIN_1_PRODUCTION","6/183","88/11067",0.0681818181818182,4.12332339791356,3.81420041833351,0.00332635850024729,0.0452487633100649,0.0364220914460067,"CALCA/CCL3/EGR1/IL1A/S1PR3/SPHK1",6,"WT_heat_up","GO_BP",199,"CALCA/CCL3/EGR1/IL1A/S1PR3/SPHK1",6,88,3.372,0.110944527736132,0.0338114754098361,0.00249875062468766
"GOBP_PHAGOCYTOSIS","GOBP_PHAGOCYTOSIS","9/183","184/11067",0.0489130434782609,2.95803635067712,3.47281747619909,0.00348279954850231,0.0460977468929654,0.0371054638838492,"ADORA2A/ANXA3/C3/HAVCR1/MST1R/PAK1/RAB34/SPHK1/TGM2",9,"WT_heat_up","GO_BP",199,"ADORA2A/ANXA3/C3/HAVCR1/MST1R/PAK1/RAB34/SPHK1/TGM2",9,184,5.9795,0.140429785107446,0.0566700100300903,0.00299850074962519
"GOBP_KERATINOCYTE_DIFFERENTIATION","GOBP_KERATINOCYTE_DIFFERENTIATION","6/183","89/11067",0.0674157303370786,4.07699392153251,3.77908482071035,0.00351889055752404,0.0460977468929654,0.0371054638838492,"CDKN1A/EPHA2/FOSL2/IRF6/TGM1/YAP1",6,"WT_heat_up","GO_BP",199,"CDKN1A/EPHA2/FOSL2/IRF6/TGM1/YAP1",6,89,2.564,0.0384807596201899,0.0101931330472103,0.00249875062468766
"GOBP_ENDOCRINE_PROCESS","GOBP_ENDOCRINE_PROCESS","5/183","62/11067",0.0806451612903226,4.87704918032787,3.96943543786222,0.0035358699498683,0.0460977468929654,0.0371054638838492,"AVPR1A/DAB2/GJA5/INHBA/SPP1",5,"WT_heat_up","GO_BP",199,"AVPR1A/DAB2/GJA5/INHBA/SPP1",5,62,2.0335,0.0494752623688156,0.015963511972634,0.00249875062468766
"GOBP_POSITIVE_REGULATION_OF_SMOOTH_MUSCLE_CELL_PROLIFERATION","GOBP_POSITIVE_REGULATION_OF_SMOOTH_MUSCLE_CELL_PROLIFERATION","5/183","62/11067",0.0806451612903226,4.87704918032787,3.96943543786222,0.0035358699498683,0.0460977468929654,0.0371054638838492,"HBEGF/NOTCH3/NR4A3/PAK1/PDGFB",5,"WT_heat_up","GO_BP",199,"HBEGF/NOTCH3/NR4A3/PAK1/PDGFB",5,62,2.6,0.105947026486757,0.0362860192102455,0.00299850074962519
"GOBP_EXOCYTOSIS","GOBP_EXOCYTOSIS","12/183","294/11067",0.0408163265306122,2.46838407494145,3.30880834458174,0.00354049311725893,0.0460977468929654,0.0371054638838492,"ADORA2B/ANXA2/ANXA3/BICD1/CCL3/GRP/NR4A3/PAK1/PLEK/SDC1/SDC4/SYT15",12,"WT_heat_up","GO_BP",199,"ADORA2B/ANXA2/ANXA3/BICD1/CCL3/GRP/NR4A3/PAK1/PLEK/SDC1/SDC4/SYT15",12,294,8.321,0.122938530734633,0.047047047047047,0.00299850074962519
"GOBP_FORELIMB_MORPHOGENESIS","GOBP_FORELIMB_MORPHOGENESIS","3/183","19/11067",0.157894736842105,9.54874892148404,4.83575334491967,0.0035459805302281,0.0460977468929654,0.0371054638838492,"ALDH1A2/CRABP2/WNT3",3,"WT_heat_up","GO_BP",199,"ALDH1A2/CRABP2/WNT3",3,19,0.5065,0.0149925037481259,0.00371287128712871,0.00399800099950025
"GOBP_MESODERMAL_CELL_DIFFERENTIATION","GOBP_MESODERMAL_CELL_DIFFERENTIATION","3/183","19/11067",0.157894736842105,9.54874892148404,4.83575334491967,0.0035459805302281,0.0460977468929654,0.0371054638838492,"INHBA/ITGA3/KDM6B",3,"WT_heat_up","GO_BP",199,"INHBA/ITGA3/KDM6B",3,19,0.7045,0.0299850074962519,0.00951474785918173,0.000999500249875062
"GOBP_POSITIVE_REGULATION_OF_ACTIVATED_T_CELL_PROLIFERATION","GOBP_POSITIVE_REGULATION_OF_ACTIVATED_T_CELL_PROLIFERATION","3/183","19/11067",0.157894736842105,9.54874892148404,4.83575334491967,0.0035459805302281,0.0460977468929654,0.0371054638838492,"IL2/IL23A/TNFSF9",3,"WT_heat_up","GO_BP",199,"IL2/IL23A/TNFSF9",3,19,0.706,0.0259870064967516,0.00283822138126774,0.00149925037481259
"GOBP_VASCULAR_ASSOCIATED_SMOOTH_MUSCLE_CELL_MIGRATION","GOBP_VASCULAR_ASSOCIATED_SMOOTH_MUSCLE_CELL_MIGRATION","3/183","19/11067",0.157894736842105,9.54874892148404,4.83575334491967,0.0035459805302281,0.0460977468929654,0.0371054638838492,"NR4A3/PAK1/PDGFB",3,"WT_heat_up","GO_BP",199,"NR4A3/PAK1/PDGFB",3,19,0.645,0.0194902548725637,0.0050709939148073,0.00249875062468766
"GOBP_LYMPHOCYTE_MEDIATED_IMMUNITY","GOBP_LYMPHOCYTE_MEDIATED_IMMUNITY","11/183","257/11067",0.0428015564202335,2.5884416661351,3.34080861094599,0.003618320954348,0.0468075931300215,0.0376768404843874,"C3/CD40LG/CD70/CD80/CLU/IGKC/IL2/IL23A/IL9/KLRC1/LTA",11,"WT_heat_up","GO_BP",199,"C3/CD40LG/CD70/CD80/CLU/IGKC/IL2/IL23A/IL9/KLRC1/LTA",11,257,8.5045,0.216891554222889,0.104052026013007,0.00449775112443778
"GOBP_REGULATION_OF_ERBB_SIGNALING_PATHWAY","GOBP_REGULATION_OF_ERBB_SIGNALING_PATHWAY","5/183","63/11067",0.0793650793650794,4.79963570127505,3.92160235543594,0.00379020193247186,0.0487919165843572,0.0392740821552154,"EGFR/FASLG/GPRC5A/PLAUR/SPRY1",5,"WT_heat_up","GO_BP",199,"EGFR/FASLG/GPRC5A/PLAUR/SPRY1",5,63,1.905,0.0374812593703148,0.0140762463343109,0.00499750124937531
"GOBP_PHOSPHATIDYLINOSITOL_3_KINASE_PROTEIN_KINASE_B_SIGNAL_TRANSDUCTION","GOBP_PHOSPHATIDYLINOSITOL_3_KINASE_PROTEIN_KINASE_B_SIGNAL_TRANSDUCTION","11/183","259/11067",0.0424710424710425,2.56845369960124,3.31188713563742,0.00383676184546691,0.0491515267484814,0.0395635431995515,"ADAM8/CCL3/EGFR/FAM110C/HBEGF/MST1R/MYO16/PDGFB/PIK3AP1/PLK3/TNFSF11",11,"WT_heat_up","GO_BP",199,"ADAM8/CCL3/EGFR/FAM110C/HBEGF/MST1R/MYO16/PDGFB/PIK3AP1/PLK3/TNFSF11",11,259,9.3475,0.316841579210395,0.161,0.00399800099950025
"GOMF_CYTOKINE_ACTIVITY","GOMF_CYTOKINE_ACTIVITY","27/176","128/9625",0.2109375,11.53564453125,16.3762361242061,1.23098953192103e-21,4.50542168683098e-19,4.02987099397307e-19,"AREG/C3/CCL20/CCL22/CCL3/CCL4/CD40LG/CSF2/FASLG/GDF6/IL17F/IL1A/IL1RN/IL2/IL23A/IL24/IL3/IL9/INHBA/LTA/SPP1/TIMP1/TNFRSF11B/TNFSF11/TNFSF14/TNFSF9/WNT3",27,"WT_heat_up","GO_MF",199,"AREG/C3/CCL20/CCL22/CCL3/CCL4/CD40LG/CSF2/FASLG/GDF6/IL17F/IL1A/IL1RN/IL2/IL23A/IL24/IL3/IL9/INHBA/LTA/SPP1/TIMP1/TNFRSF11B/TNFSF11/TNFSF14/TNFSF9/WNT3",27,128,1.8865,0.000499750124937531,0,0.000499750124937531
"GOMF_CYTOKINE_RECEPTOR_BINDING","GOMF_CYTOKINE_RECEPTOR_BINDING","21/176","191/9625",0.109947643979058,6.01276178010471,9.54964067167855,3.30754615292638e-11,6.05280945985527e-09,5.41393080821107e-09,"ADAM8/C3/CCL20/CCL22/CCL3/CCL4/CD40LG/CD70/CSF2/FASLG/IL17F/IL1A/IL1RN/IL2/IL23A/IL3/IL9/LTA/TNFSF11/TNFSF14/TNFSF9",21,"WT_heat_up","GO_MF",199,"ADAM8/C3/CCL20/CCL22/CCL3/CCL4/CD40LG/CD70/CSF2/FASLG/IL17F/IL1A/IL1RN/IL2/IL23A/IL3/IL9/LTA/TNFSF11/TNFSF14/TNFSF9",21,191,3.3705,0.000499750124937531,0,0.000499750124937531
"GOMF_TUMOR_NECROSIS_FACTOR_RECEPTOR_BINDING","GOMF_TUMOR_NECROSIS_FACTOR_RECEPTOR_BINDING","7/176","27/9625",0.259259259259259,14.1782407407407,9.3581534632036,3.95653592096736e-07,4.82697382358018e-05,4.31748305761702e-05,"CD40LG/CD70/FASLG/LTA/TNFSF11/TNFSF14/TNFSF9",7,"WT_heat_up","GO_MF",199,"CD40LG/CD70/FASLG/LTA/TNFSF11/TNFSF14/TNFSF9",7,27,0.419,0.000499750124937531,0,0.000499750124937531
"GOMF_TUMOR_NECROSIS_FACTOR_RECEPTOR_SUPERFAMILY_BINDING","GOMF_TUMOR_NECROSIS_FACTOR_RECEPTOR_SUPERFAMILY_BINDING","8/176","43/9625",0.186046511627907,10.1744186046512,8.22859927431904,8.95414318469105e-07,8.19304101399231e-05,7.32825929062873e-05,"ADAM8/CD40LG/CD70/FASLG/LTA/TNFSF11/TNFSF14/TNFSF9",8,"WT_heat_up","GO_MF",199,"ADAM8/CD40LG/CD70/FASLG/LTA/TNFSF11/TNFSF14/TNFSF9",8,43,0.731,0.000499750124937531,0,0.000499750124937531
"GOMF_G_PROTEIN_COUPLED_RECEPTOR_BINDING","GOMF_G_PROTEIN_COUPLED_RECEPTOR_BINDING","14/176","178/9625",0.0786516853932584,4.30126404494382,6.06714706166727,4.4643400935184e-06,0.000288351879839026,0.000257916119154262,"ADM/ADORA2A/APLP1/AVPR1A/BICD1/C3/CALCA/CCL20/CCL22/CCL3/CCL4/HSPA1A/IL2/WNT3",14,"WT_heat_up","GO_MF",199,"ADM/ADORA2A/APLP1/AVPR1A/BICD1/C3/CALCA/CCL20/CCL22/CCL3/CCL4/HSPA1A/IL2/WNT3",14,178,3.098,0.000499750124937531,0.000518672199170124,0.000499750124937531
"GOMF_GROWTH_FACTOR_ACTIVITY","GOMF_GROWTH_FACTOR_ACTIVITY","10/176","89/9625",0.112359550561798,6.14466292134831,6.65441717189336,4.72707999736108e-06,0.000288351879839026,0.000257916119154262,"AREG/CSF2/GDF6/HBEGF/IL2/IL3/IL9/INHBA/PDGFB/TIMP1",10,"WT_heat_up","GO_MF",199,"AREG/CSF2/GDF6/HBEGF/IL2/IL3/IL9/INHBA/PDGFB/TIMP1",10,89,1.593,0.000499750124937531,0,0.000499750124937531
"GOMF_GROWTH_FACTOR_RECEPTOR_BINDING","GOMF_GROWTH_FACTOR_RECEPTOR_BINDING","9/176","95/9625",0.0947368421052632,5.18092105263158,5.58892827082539,5.67517169101806e-05,0.00266691946019055,0.00238542407857136,"AREG/CSF2/HBEGF/IL1A/IL1RN/IL2/IL3/IL9/PDGFB",9,"WT_heat_up","GO_MF",199,"AREG/CSF2/HBEGF/IL1A/IL1RN/IL2/IL3/IL9/PDGFB",9,95,1.771,0.000499750124937531,0,0.000499750124937531
"GOMF_CALCIUM_DEPENDENT_PHOSPHOLIPID_BINDING","GOMF_CALCIUM_DEPENDENT_PHOSPHOLIPID_BINDING","6/176","38/9625",0.157894736842105,8.63486842105263,6.43566171997293,5.82933215342197e-05,0.00266691946019055,0.00238542407857136,"ANXA2/ANXA3/CPNE6/ESYT3/PLA2G4C/SYT15",6,"WT_heat_up","GO_MF",199,"ANXA2/ANXA3/CPNE6/ESYT3/PLA2G4C/SYT15",6,38,0.6315,0.000499750124937531,0,0.000499750124937531
"GOMF_CHEMOKINE_ACTIVITY","GOMF_CHEMOKINE_ACTIVITY","5/176","29/9625",0.172413793103448,9.42887931034483,6.20390203454749,0.000160641286540235,0.00653274565263623,0.00584320937006002,"C3/CCL20/CCL22/CCL3/CCL4",5,"WT_heat_up","GO_MF",199,"C3/CCL20/CCL22/CCL3/CCL4",5,29,0.452,0.000499750124937531,0,0.000499750124937531
"GOMF_CCR_CHEMOKINE_RECEPTOR_BINDING","GOMF_CCR_CHEMOKINE_RECEPTOR_BINDING","4/176","20/9625",0.2,10.9375,6.0713416366986,0.000416302250013208,0.0152366623504834,0.0136284210267482,"CCL20/CCL22/CCL3/CCL4",4,"WT_heat_up","GO_MF",199,"CCL20/CCL22/CCL3/CCL4",4,20,0.32,0.000499750124937531,0,0.00149925037481259
"GOMF_CHEMOKINE_RECEPTOR_BINDING","GOMF_CHEMOKINE_RECEPTOR_BINDING","5/176","39/9625",0.128205128205128,7.01121794871795,5.1335439230075,0.000671900396997576,0.0204929621084261,0.0183299143391444,"C3/CCL20/CCL22/CCL3/CCL4",5,"WT_heat_up","GO_MF",199,"C3/CCL20/CCL22/CCL3/CCL4",5,39,0.6465,0.000999500249875062,0,0.000999500249875062
"GOMF_PHOSPHATIDYLSERINE_BINDING","GOMF_PHOSPHATIDYLSERINE_BINDING","5/176","39/9625",0.128205128205128,7.01121794871795,5.1335439230075,0.000671900396997576,0.0204929621084261,0.0183299143391444,"ANXA2/ANXA3/CPNE6/GAP43/HAVCR1",5,"WT_heat_up","GO_MF",199,"ANXA2/ANXA3/CPNE6/GAP43/HAVCR1",5,39,0.666,0.000499750124937531,0,0.000999500249875062
"GOMF_DNA_BINDING_TRANSCRIPTION_ACTIVATOR_ACTIVITY","GOMF_DNA_BINDING_TRANSCRIPTION_ACTIVATOR_ACTIVITY","13/176","272/9625",0.0477941176470588,2.61374080882353,3.68454600231633,0.00143860175612866,0.0405021725186991,0.0362271373405678,"ATF3/CASZ1/EGR1/EGR2/EGR3/FOSL2/IRF6/NR4A1/NR4A2/NR4A3/SIX5/SP7/TP73",13,"WT_heat_up","GO_MF",199,"ATF3/CASZ1/EGR1/EGR2/EGR3/FOSL2/IRF6/NR4A1/NR4A2/NR4A3/SIX5/SP7/TP73",13,272,4.5155,0.000499750124937531,0,0.00149925037481259
"GOMF_PEPTIDASE_INHIBITOR_ACTIVITY","GOMF_PEPTIDASE_INHIBITOR_ACTIVITY","6/176","71/9625",0.0845070422535211,4.62147887323944,4.17987917841091,0.00183887944481437,0.0439407202132356,0.0393027437052524,"ANXA2/C3/SERPINE1/SPINT1/SSPOP/TIMP1",6,"WT_heat_up","GO_MF",199,"ANXA2/C3/SERPINE1/SPINT1/SSPOP/TIMP1",6,71,1.4,0.00399800099950025,0,0.00149925037481259
"GOMF_NUCLEAR_GLUCOCORTICOID_RECEPTOR_BINDING","GOMF_NUCLEAR_GLUCOCORTICOID_RECEPTOR_BINDING","3/176","14/9625",0.214285714285714,11.71875,5.47728182582354,0.0018860362084727,0.0439407202132356,0.0393027437052524,"NR4A1/NR4A2/NR4A3",3,"WT_heat_up","GO_MF",199,"NR4A1/NR4A2/NR4A3",3,14,0.1835,0.000499750124937531,0,0.00249875062468766
"GOMF_HORMONE_ACTIVITY","GOMF_HORMONE_ACTIVITY","5/176","49/9625",0.102040816326531,5.58035714285714,4.38678682366582,0.0019209058016715,0.0439407202132356,0.0393027437052524,"ADM/CALCA/GRP/INHBA/NPPC",5,"WT_heat_up","GO_MF",199,"ADM/CALCA/GRP/INHBA/NPPC",5,49,0.8545,0.00199900049975012,0,0.000499750124937531
"KEGG_CYTOKINE_CYTOKINE_RECEPTOR_INTERACTION","KEGG_CYTOKINE_CYTOKINE_RECEPTOR_INTERACTION","22/82","184/3730",0.119565217391304,5.43875927889714,9.25714021896973,1.97511916027793e-11,1.87636320226404e-09,1.68404896823697e-09,"CCL20/CCL22/CCL3/CCL4/CD40LG/CD70/CSF2/EGFR/FASLG/IL1A/IL2/IL23A/IL24/IL3/IL9/INHBA/LTA/PDGFB/TNFRSF11B/TNFSF11/TNFSF14/TNFSF9",22,"WT_heat_up","KEGG",199,"CCL20/CCL22/CCL3/CCL4/CD40LG/CD70/CSF2/EGFR/FASLG/IL1A/IL2/IL23A/IL24/IL3/IL9/INHBA/LTA/PDGFB/TNFRSF11B/TNFSF11/TNFSF14/TNFSF9",22,184,4.5115,0.000499750124937531,0,0.000499750124937531
"KEGG_GRAFT_VERSUS_HOST_DISEASE","KEGG_GRAFT_VERSUS_HOST_DISEASE","5/82","27/3730",0.185185185185185,8.42366757000903,5.80362369466788,0.000250755983705255,0.0119109092259996,0.0106901235158556,"CD80/FASLG/IL1A/IL2/KLRC1",5,"WT_heat_up","KEGG",199,"CD80/FASLG/IL1A/IL2/KLRC1",5,27,1.4925,0.0119940029985007,0.015180265654649,0.000499750124937531
"KEGG_TYPE_I_DIABETES_MELLITUS","KEGG_TYPE_I_DIABETES_MELLITUS","5/82","30/3730",0.166666666666667,7.58130081300813,5.42559297382749,0.000420306893503628,0.0133097182942815,0.011945564341682,"CD80/FASLG/IL1A/IL2/LTA",5,"WT_heat_up","KEGG",199,"CD80/FASLG/IL1A/IL2/LTA",5,30,1.4755,0.0109945027486257,0.0126984126984127,0.000999500249875062
"KEGG_ECM_RECEPTOR_INTERACTION","KEGG_ECM_RECEPTOR_INTERACTION","6/82","62/3730",0.0967741935483871,4.40204563335956,4.04945911978114,0.00216062602934051,0.047063557804676,0.0422398690546123,"HSPG2/ITGA3/LAMC2/SDC1/SDC4/SPP1",6,"WT_heat_up","KEGG",199,"HSPG2/ITGA3/LAMC2/SDC1/SDC4/SPP1",6,62,1.5765,0.00149925037481259,0,0.00199900049975012
"KEGG_ALLOGRAFT_REJECTION","KEGG_ALLOGRAFT_REJECTION","4/82","27/3730",0.148148148148148,6.73893405600723,4.48654433344184,0.00259066503021861,0.047063557804676,0.0422398690546123,"CD40LG/CD80/FASLG/IL2",4,"WT_heat_up","KEGG",199,"CD40LG/CD80/FASLG/IL2",4,27,1.608,0.0679660169915042,0.0175757575757576,0.00249875062468766
"KEGG_AUTOIMMUNE_THYROID_DISEASE","KEGG_AUTOIMMUNE_THYROID_DISEASE","4/82","28/3730",0.142857142857143,6.49825783972125,4.37785742483109,0.00297243522976901,0.047063557804676,0.0422398690546123,"CD40LG/CD80/FASLG/IL2",4,"WT_heat_up","KEGG",199,"CD40LG/CD80/FASLG/IL2",4,28,1.584,0.0629685157421289,0.0177261613691932,0.00349825087456272
"REACTOME_INTERLEUKIN_10_SIGNALING","REACTOME_INTERLEUKIN_10_SIGNALING","10/151","37/7981",0.27027027027027,14.2849471988545,11.2473475476246,9.80329506030924e-10,4.59774538328503e-07,4.06578763553878e-07,"CCL20/CCL22/CCL3/CCL4/CD80/CSF2/IL1A/IL1RN/PTGS2/TIMP1",10,"WT_heat_up","Reactome",199,"CCL20/CCL22/CCL3/CCL4/CD80/CSF2/IL1A/IL1RN/PTGS2/TIMP1",10,37,0.567,0.000499750124937531,0,0.000499750124937531
"REACTOME_TNFS_BIND_THEIR_PHYSIOLOGICAL_RECEPTORS","REACTOME_TNFS_BIND_THEIR_PHYSIOLOGICAL_RECEPTORS","7/151","23/7981",0.304347826086957,16.0860927152318,10.061153184825,1.43611161744204e-07,3.36768174290159e-05,2.97804198564297e-05,"CD70/FASLG/LTA/TNFRSF11B/TNFSF11/TNFSF14/TNFSF9",7,"WT_heat_up","Reactome",199,"CD70/FASLG/LTA/TNFRSF11B/TNFSF11/TNFSF14/TNFSF9",7,23,0.2925,0.000499750124937531,0,0.000499750124937531
"REACTOME_NGF_STIMULATED_TRANSCRIPTION","REACTOME_NGF_STIMULATED_TRANSCRIPTION","7/151","36/7981",0.194444444444444,10.2772259013981,7.74696278582215,3.97823395035819e-06,0.00062193057423933,0.0005499733952425,"EGR1/EGR2/EGR3/F3/FOSL1/NAB2/SH3GL3",7,"WT_heat_up","Reactome",199,"EGR1/EGR2/EGR3/F3/FOSL1/NAB2/SH3GL3",7,36,0.5585,0.000499750124937531,0,0.000499750124937531
"REACTOME_GPCR_LIGAND_BINDING","REACTOME_GPCR_LIGAND_BINDING","15/151","205/7981",0.0731707317073171,3.86738814408012,5.77556303405066,6.95266378588649e-06,0.000815199828895191,0.000720881455694547,"ADM/ADORA2A/ADORA2B/AVPR1A/C3/CALCA/CCL20/CCL22/CCL3/CCL4/GPR183/GRP/PTGER2/S1PR3/WNT3",15,"WT_heat_up","Reactome",199,"ADM/ADORA2A/ADORA2B/AVPR1A/C3/CALCA/CCL20/CCL22/CCL3/CCL4/GPR183/GRP/PTGER2/S1PR3/WNT3",15,205,3.6095,0.000499750124937531,0,0.000999500249875062
"REACTOME_SIGNALING_BY_INTERLEUKINS","REACTOME_SIGNALING_BY_INTERLEUKINS","21/151","397/7981",0.052896725440806,2.7958196406826,5.09703770881593,1.66299174595727e-05,0.00155988625770791,0.00137940789033087,"ANXA2/CCL20/CCL22/CCL3/CCL4/CD80/CDKN1A/CSF2/FASLG/IL17F/IL1A/IL1RN/IL2/IL23A/IL24/IL3/IL9/PTGS2/PTPN5/SDC1/TIMP1",21,"WT_heat_up","Reactome",199,"ANXA2/CCL20/CCL22/CCL3/CCL4/CD80/CDKN1A/CSF2/FASLG/IL17F/IL1A/IL1RN/IL2/IL23A/IL24/IL3/IL9/PTGS2/PTPN5/SDC1/TIMP1",21,397,6.4395,0.000499750124937531,0,0.000499750124937531
"REACTOME_CLASS_A_1_RHODOPSIN_LIKE_RECEPTORS","REACTOME_CLASS_A_1_RHODOPSIN_LIKE_RECEPTORS","12/151","156/7981",0.0769230769230769,4.06571574121243,5.36983632194269,3.6721704533859e-05,0.00287041323772998,0.0025383072958492,"ADORA2A/ADORA2B/AVPR1A/C3/CCL20/CCL22/CCL3/CCL4/GPR183/GRP/PTGER2/S1PR3",12,"WT_heat_up","Reactome",199,"ADORA2A/ADORA2B/AVPR1A/C3/CCL20/CCL22/CCL3/CCL4/GPR183/GRP/PTGER2/S1PR3",12,156,2.6375,0.000499750124937531,0,0.000499750124937531
"REACTOME_ATTACHMENT_AND_ENTRY","REACTOME_ATTACHMENT_AND_ENTRY","4/151","12/7981",0.333333333333333,17.6181015452539,7.9998004939632,5.41642124953208e-05,0.00362900223718649,0.00320912777791825,"HAVCR1/HSPG2/SDC1/SDC4",4,"WT_heat_up","Reactome",199,"HAVCR1/HSPG2/SDC1/SDC4",4,12,0.209,0.000499750124937531,0,0.000499750124937531
"REACTOME_NUCLEAR_EVENTS_KINASE_AND_TRANSCRIPTION_FACTOR_ACTIVATION","REACTOME_NUCLEAR_EVENTS_KINASE_AND_TRANSCRIPTION_FACTOR_ACTIVATION","7/151","58/7981",0.120689655172414,6.37896780086778,5.70922490555895,0.000101161524253333,0.00593059435935165,0.00524442638892279,"EGR1/EGR2/EGR3/F3/FOSL1/NAB2/SH3GL3",7,"WT_heat_up","Reactome",199,"EGR1/EGR2/EGR3/F3/FOSL1/NAB2/SH3GL3",7,58,0.8755,0.000499750124937531,0,0.000999500249875062
"REACTOME_TNFR2_NON_CANONICAL_NF_KB_PATHWAY","REACTOME_TNFR2_NON_CANONICAL_NF_KB_PATHWAY","8/151","80/7981",0.1,5.28543046357616,5.34942931626266,0.000124897686909336,0.0061371830085028,0.00542711279396275,"CD40LG/CD70/FASLG/LTA/TNFRSF11B/TNFSF11/TNFSF14/TNFSF9",8,"WT_heat_up","Reactome",199,"CD40LG/CD70/FASLG/LTA/TNFRSF11B/TNFSF11/TNFSF14/TNFSF9",8,80,0.6715,0.000499750124937531,0,0.000499750124937531
"REACTOME_EGFR_DOWNREGULATION","REACTOME_EGFR_DOWNREGULATION","5/151","27/7981",0.185185185185185,9.7878341918077,6.3515538009247,0.000130856780565092,0.0061371830085028,0.00542711279396275,"AREG/EGFR/HBEGF/SH3GL3/SPRY1",5,"WT_heat_up","Reactome",199,"AREG/EGFR/HBEGF/SH3GL3/SPRY1",5,27,0.345,0.000499750124937531,0,0.000499750124937531
"REACTOME_TNF_RECEPTOR_SUPERFAMILY_TNFSF_MEMBERS_MEDIATING_NON_CANONICAL_NF_KB_PATHWAY","REACTOME_TNF_RECEPTOR_SUPERFAMILY_TNFSF_MEMBERS_MEDIATING_NON_CANONICAL_NF_KB_PATHWAY","4/151","16/7981",0.25,13.2135761589404,6.79076942163922,0.000187719133298146,0.00800366122880276,0.00707764004970999,"CD40LG/LTA/TNFSF11/TNFSF14",4,"WT_heat_up","Reactome",199,"CD40LG/LTA/TNFSF11/TNFSF14",4,16,0.213,0.000499750124937531,0,0.000499750124937531
"REACTOME_PI3K_AKT_SIGNALING_IN_CANCER","REACTOME_PI3K_AKT_SIGNALING_IN_CANCER","8/151","86/7981",0.0930232558139535,4.91667950100108,5.07107731241637,0.000207776443276559,0.00812059599139218,0.00718104549569862,"AREG/CD80/CDKN1A/EGFR/HBEGF/NR4A1/PDGFB/PIK3AP1",8,"WT_heat_up","Reactome",199,"AREG/CD80/CDKN1A/EGFR/HBEGF/NR4A1/PDGFB/PIK3AP1",8,86,1.3825,0.000499750124937531,0,0.000499750124937531
"REACTOME_RESPIRATORY_SYNCYTIAL_VIRUS_RSV_ATTACHMENT_AND_ENTRY","REACTOME_RESPIRATORY_SYNCYTIAL_VIRUS_RSV_ATTACHMENT_AND_ENTRY","4/151","19/7981",0.210526315789474,11.1272220285814,6.13712662026417,0.000382477146391314,0.0135294906125163,0.0119641326480337,"EGFR/HSPG2/SDC1/SDC4",4,"WT_heat_up","Reactome",199,"EGFR/HSPG2/SDC1/SDC4",4,19,0.311,0.000499750124937531,0,0.000499750124937531
"REACTOME_INTERLEUKIN_4_AND_INTERLEUKIN_13_SIGNALING","REACTOME_INTERLEUKIN_4_AND_INTERLEUKIN_13_SIGNALING","8/151","95/7981",0.0842105263157895,4.45088881143255,4.69865351773979,0.000412456323316083,0.0135294906125163,0.0119641326480337,"CCL22/CDKN1A/FASLG/IL17F/IL1A/IL23A/PTGS2/TIMP1",8,"WT_heat_up","Reactome",199,"CCL22/CDKN1A/FASLG/IL17F/IL1A/IL23A/PTGS2/TIMP1",8,95,1.601,0.000499750124937531,0,0.000999500249875062
"REACTOME_DEVELOPMENTAL_CELL_LINEAGES","REACTOME_DEVELOPMENTAL_CELL_LINEAGES","7/151","73/7981",0.0958904109589041,5.06822099247029,4.8488826592704,0.000432712919376855,0.0135294906125163,0.0119641326480337,"ANXA2/ANXA3/AREG/EGFR/EPCAM/LAMC2/YAP1",7,"WT_heat_up","Reactome",199,"ANXA2/ANXA3/AREG/EGFR/EPCAM/LAMC2/YAP1",7,73,1.206,0.000499750124937531,0,0.000999500249875062
"REACTOME_EXTRACELLULAR_MATRIX_ORGANIZATION","REACTOME_EXTRACELLULAR_MATRIX_ORGANIZATION","12/151","206/7981",0.058252427184466,3.07889153218029,4.19782451908566,0.000510819759382487,0.0149734041968991,0.0132409858682039,"ADAM8/EMILIN2/HSPG2/ITGA3/LAMC2/P4HA2/PDGFB/SDC1/SDC4/SERPINE1/SPP1/TIMP1",12,"WT_heat_up","Reactome",199,"ADAM8/EMILIN2/HSPG2/ITGA3/LAMC2/P4HA2/PDGFB/SDC1/SDC4/SERPINE1/SPP1/TIMP1",12,206,3.881,0.00149925037481259,0,0.000999500249875062
"REACTOME_DEFECTIVE_EXT2_CAUSES_EXOSTOSES_2","REACTOME_DEFECTIVE_EXT2_CAUSES_EXOSTOSES_2","3/151","10/7981",0.3,15.8562913907285,6.52774292564952,0.000722672954522252,0.0199372715100551,0.0176305352372611,"HSPG2/SDC1/SDC4",3,"WT_heat_up","Reactome",199,"HSPG2/SDC1/SDC4",3,10,0.192,0.00149925037481259,0,0.000499750124937531
"REACTOME_CONSTITUTIVE_SIGNALING_BY_ABERRANT_PI3K_IN_CANCER","REACTOME_CONSTITUTIVE_SIGNALING_BY_ABERRANT_PI3K_IN_CANCER","6/151","59/7981",0.101694915254237,5.37501403075542,4.68378633530287,0.000818772955841361,0.021333584238311,0.0188652950059355,"AREG/CD80/EGFR/HBEGF/PDGFB/PIK3AP1",6,"WT_heat_up","Reactome",199,"AREG/CD80/EGFR/HBEGF/PDGFB/PIK3AP1",6,59,0.9935,0.000499750124937531,0,0.000999500249875062
"REACTOME_DISSOLUTION_OF_FIBRIN_CLOT","REACTOME_DISSOLUTION_OF_FIBRIN_CLOT","3/151","11/7981",0.272727272727273,14.4148103552077,6.18245206254334,0.000979932402501777,0.0229794148386667,0.0203207035045105,"ANXA2/PLAUR/SERPINE1",3,"WT_heat_up","Reactome",199,"ANXA2/PLAUR/SERPINE1",3,11,0.141,0.000499750124937531,0,0.000499750124937531
"REACTOME_SHC1_EVENTS_IN_EGFR_SIGNALING","REACTOME_SHC1_EVENTS_IN_EGFR_SIGNALING","3/151","11/7981",0.272727272727273,14.4148103552077,6.18245206254334,0.000979932402501777,0.0229794148386667,0.0203207035045105,"AREG/EGFR/HBEGF",3,"WT_heat_up","Reactome",199,"AREG/EGFR/HBEGF",3,11,0.053,0.000499750124937531,0,0.000499750124937531
"REACTOME_DEFECTIVE_B4GALT7_CAUSES_EDS_PROGEROID_TYPE","REACTOME_DEFECTIVE_B4GALT7_CAUSES_EDS_PROGEROID_TYPE","3/151","12/7981",0.25,13.2135761589404,5.87950268105405,0.0012885217991706,0.0287769868481433,0.0254474981891336,"HSPG2/SDC1/SDC4",3,"WT_heat_up","Reactome",199,"HSPG2/SDC1/SDC4",3,12,0.222,0.00149925037481259,0,0.000999500249875062
"REACTOME_SIGNALING_BY_NTRKS","REACTOME_SIGNALING_BY_NTRKS","8/151","117/7981",0.0683760683760684,3.61396954774438,3.95531194259726,0.00163181342778854,0.0324722653122899,0.0287152340546341,"ADORA2A/EGR1/EGR2/EGR3/F3/FOSL1/NAB2/SH3GL3",8,"WT_heat_up","Reactome",199,"ADORA2A/EGR1/EGR2/EGR3/F3/FOSL1/NAB2/SH3GL3",8,117,1.828,0.000499750124937531,0,0.000499750124937531
"REACTOME_DEVELOPMENTAL_LINEAGE_OF_MAMMARY_GLAND_MYOEPITHELIAL_CELLS","REACTOME_DEVELOPMENTAL_LINEAGE_OF_MAMMARY_GLAND_MYOEPITHELIAL_CELLS","3/151","13/7981",0.230769230769231,12.1971472236373,5.61065339201043,0.00165195174089681,0.0324722653122899,0.0287152340546341,"AREG/EGFR/EPCAM",3,"WT_heat_up","Reactome",199,"AREG/EGFR/EPCAM",3,13,0.1585,0.000999500249875062,0,0.000999500249875062
"REACTOME_DEVELOPMENTAL_LINEAGE_OF_PANCREATIC_DUCTAL_CELLS","REACTOME_DEVELOPMENTAL_LINEAGE_OF_PANCREATIC_DUCTAL_CELLS","4/151","28/7981",0.142857142857143,7.55061494796594,4.82174939469728,0.00177008752894612,0.0324722653122899,0.0287152340546341,"ANXA2/ANXA3/LAMC2/YAP1",4,"WT_heat_up","Reactome",199,"ANXA2/ANXA3/LAMC2/YAP1",4,28,0.4325,0.000999500249875062,0,0.00149925037481259
"REACTOME_SIGNALING_BY_EGFR","REACTOME_SIGNALING_BY_EGFR","5/151","47/7981",0.106382978723404,5.62279836550655,4.41384237961244,0.00183478276050265,0.0324722653122899,0.0287152340546341,"AREG/EGFR/HBEGF/SH3GL3/SPRY1",5,"WT_heat_up","Reactome",199,"AREG/EGFR/HBEGF/SH3GL3/SPRY1",5,47,0.526,0.000499750124937531,0,0.00149925037481259
"REACTOME_NEGATIVE_REGULATION_OF_THE_PI3K_AKT_NETWORK","REACTOME_NEGATIVE_REGULATION_OF_THE_PI3K_AKT_NETWORK","7/151","93/7981",0.0752688172043011,3.97828099408958,4.01173956517418,0.00183749251082819,0.0324722653122899,0.0287152340546341,"AREG/CD80/EGFR/HBEGF/IER3/PDGFB/PIK3AP1",7,"WT_heat_up","Reactome",199,"AREG/CD80/EGFR/HBEGF/IER3/PDGFB/PIK3AP1",7,93,1.517,0.000999500249875062,0,0.00149925037481259
"REACTOME_EARLY_SARS_COV_2_INFECTION_EVENTS","REACTOME_EARLY_SARS_COV_2_INFECTION_EVENTS","4/151","29/7981",0.137931034482759,7.29024891527746,4.71235155997003,0.00202342787772202,0.0324722653122899,0.0287152340546341,"HAVCR1/HSPG2/SDC1/SDC4",4,"WT_heat_up","Reactome",199,"HAVCR1/HSPG2/SDC1/SDC4",4,29,0.5125,0.000999500249875062,0,0.000999500249875062
"REACTOME_GAB1_SIGNALOSOME","REACTOME_GAB1_SIGNALOSOME","3/151","14/7981",0.214285714285714,11.3259224219489,5.36975542504159,0.00207348204251107,0.0324722653122899,0.0287152340546341,"AREG/EGFR/HBEGF",3,"WT_heat_up","Reactome",199,"AREG/EGFR/HBEGF",3,14,0.1375,0.000499750124937531,0,0.00199900049975012
"REACTOME_HS_GAG_DEGRADATION","REACTOME_HS_GAG_DEGRADATION","3/151","14/7981",0.214285714285714,11.3259224219489,5.36975542504159,0.00207348204251107,0.0324722653122899,0.0287152340546341,"HSPG2/SDC1/SDC4",3,"WT_heat_up","Reactome",199,"HSPG2/SDC1/SDC4",3,14,0.2875,0.00449775112443778,0,0.00149925037481259
"REACTOME_PEPTIDE_LIGAND_BINDING_RECEPTORS","REACTOME_PEPTIDE_LIGAND_BINDING_RECEPTORS","7/151","95/7981",0.0736842105263158,3.89452771000349,3.94112460585402,0.002077117184155,0.0324722653122899,0.0287152340546341,"AVPR1A/C3/CCL20/CCL22/CCL3/CCL4/GRP",7,"WT_heat_up","Reactome",199,"AVPR1A/C3/CCL20/CCL22/CCL3/CCL4/GRP",7,95,1.6165,0.00199900049975012,0,0.000999500249875062
"HALLMARK_TNFA_SIGNALING_VIA_NFKB","HALLMARK_TNFA_SIGNALING_VIA_NFKB","33/109","191/3666",0.172774869109948,5.8109419280465,11.9530214725259,8.97061784934982e-18,3.85736567522042e-16,2.83282668926837e-16,"AREG/CCL20/CCL4/CCN1/CD80/CD83/CDKN1A/CSF2/EGR1/EGR2/EGR3/F3/FOSL1/FOSL2/GFPT2/GPR183/HBEGF/IER3/IL1A/IL23A/INHBA/KDM6B/NR4A1/NR4A2/NR4A3/OLR1/PLAUR/PLEK/PLK2/SDC4/SERPINE1/SPHK1/TNFSF9",33,"KO_heat_up","Hallmark",218,"AREG/CCL20/CCL4/CCN1/CD80/CD83/CDKN1A/CSF2/EGR1/EGR2/EGR3/F3/FOSL1/FOSL2/GFPT2/GPR183/HBEGF/IER3/IL1A/IL23A/INHBA/KDM6B/NR4A1/NR4A2/NR4A3/OLR1/PLAUR/PLEK/PLK2/SDC4/SERPINE1/SPHK1/TNFSF9",33,191,9.7095,0.000499750124937531,0.065,0.000499750124937531
"HALLMARK_INFLAMMATORY_RESPONSE","HALLMARK_INFLAMMATORY_RESPONSE","21/109","166/3666",0.126506024096386,4.25478059025091,7.51190427695087,8.27404728486398e-09,1.77892016624575e-07,1.30642851866273e-07,"ADM/ADORA2B/CCL20/CCL22/CD70/CDKN1A/F3/GPR183/HBEGF/IL1A/INHBA/LTA/OLR1/PLAUR/PTGER2/RGS16/SERPINE1/SGMS2/SPHK1/TIMP1/TNFSF9",21,"KO_heat_up","Hallmark",218,"ADM/ADORA2B/CCL20/CCL22/CD70/CDKN1A/F3/GPR183/HBEGF/IL1A/INHBA/LTA/OLR1/PLAUR/PTGER2/RGS16/SERPINE1/SGMS2/SPHK1/TIMP1/TNFSF9",21,166,7.977,0.000499750124937531,0.041,0.000499750124937531
"HALLMARK_HYPOXIA","HALLMARK_HYPOXIA","19/109","171/3666",0.111111111111111,3.73700305810398,6.4159069047174,3.88876839872728e-07,5.5739013715091e-06,4.09344041971293e-06,"ADM/ADORA2B/AK4/ANXA2/CAVIN1/CCN1/CDKN1A/EGFR/F3/FOSL2/HK2/IER3/P4HA2/PDGFB/PLAUR/SDC4/SERPINE1/SLC2A1/TGM2",19,"KO_heat_up","Hallmark",218,"ADM/ADORA2B/AK4/ANXA2/CAVIN1/CCN1/CDKN1A/EGFR/F3/FOSL2/HK2/IER3/P4HA2/PDGFB/PLAUR/SDC4/SERPINE1/SLC2A1/TGM2",19,171,8.4285,0.00149925037481259,0.0545,0.000499750124937531
"HALLMARK_IL2_STAT5_SIGNALING","HALLMARK_IL2_STAT5_SIGNALING","16/109","197/3666",0.0812182741116751,2.73161644856331,4.37311573887769,0.000185013520337837,0.00198889534363175,0.00146063305529871,"APLP1/BATF3/CD83/CDCP1/CSF2/EOMES/FAH/HK2/IL1R2/IRF6/PTGER2/RGS16/SCN9A/SPP1/TGM2/TNFSF11",16,"KO_heat_up","Hallmark",218,"APLP1/BATF3/CD83/CDCP1/CSF2/EOMES/FAH/HK2/IL1R2/IRF6/PTGER2/RGS16/SCN9A/SPP1/TGM2/TNFSF11",16,197,8.5755,0.00649675162418791,0.028,0.000499750124937531
"HALLMARK_EPITHELIAL_MESENCHYMAL_TRANSITION","HALLMARK_EPITHELIAL_MESENCHYMAL_TRANSITION","13/109","142/3666",0.0915492957746479,3.07907998449412,4.42288579697429,0.000242099351623432,0.00208205442396151,0.00152904853656904,"APLP1/AREG/CCN1/INHBA/LAMC2/PLAUR/SDC1/SDC4/SERPINE1/SPP1/TGM2/TIMP1/TNFRSF11B",13,"KO_heat_up","Hallmark",218,"APLP1/AREG/CCN1/INHBA/LAMC2/PLAUR/SDC1/SDC4/SERPINE1/SPP1/TGM2/TIMP1/TNFRSF11B",13,142,5.947,0.00349825087456272,0.0155155155155155,0.000499750124937531
"HALLMARK_KRAS_SIGNALING_UP","HALLMARK_KRAS_SIGNALING_UP","13/109","161/3666",0.0807453416149068,2.71571029688301,3.89691730986951,0.000824949961004263,0.00537355579139046,0.00394630780273473,"ADAM8/ALDH1A2/ANO1/CCL20/CSF2/GFPT2/HBEGF/INHBA/MPZL2/PLAUR/PLEK2/RGS16/SPP1",13,"KO_heat_up","Hallmark",218,"ADAM8/ALDH1A2/ANO1/CCL20/CSF2/GFPT2/HBEGF/INHBA/MPZL2/PLAUR/PLEK2/RGS16/SPP1",13,161,5.9305,0.00299850074962519,0.00400801603206413,0.000499750124937531
"HALLMARK_COMPLEMENT","HALLMARK_COMPLEMENT","13/109","162/3666",0.0802469135802469,2.69894665307509,3.87135953766355,0.000874764896272866,0.00537355579139046,0.00394630780273473,"C3/CD40LG/CLU/CPM/F3/GZMA/HSPA1A/OLR1/PDGFB/PLAUR/PLEK/SERPINE1/TIMP1",13,"KO_heat_up","Hallmark",218,"C3/CD40LG/CLU/CPM/F3/GZMA/HSPA1A/OLR1/PDGFB/PLAUR/PLEK/SERPINE1/TIMP1",13,162,6.687,0.00949525237381309,0.015,0.00199900049975012
"HALLMARK_P53_PATHWAY","HALLMARK_P53_PATHWAY","14/109","187/3666",0.0748663101604278,2.51798067016631,3.72965049537485,0.00109718104421757,0.00589734811266946,0.004330977806122,"CDKN1A/EPHA2/HBEGF/IER3/IL1A/PDGFA/PLK2/PLXNB2/PROCR/RGS16/SDC1/SPHK1/TNFSF9/UPP1",14,"KO_heat_up","Hallmark",218,"CDKN1A/EPHA2/HBEGF/IER3/IL1A/PDGFA/PLK2/PLXNB2/PROCR/RGS16/SDC1/SPHK1/TNFSF9/UPP1",14,187,7.6925,0.0179910044977511,0.016008004002001,0.00249875062468766
"HALLMARK_ANGIOGENESIS","HALLMARK_ANGIOGENESIS","4/109","26/3666",0.153846153846154,5.1743119266055,3.73877376639649,0.00667224268217042,0.0287870057833913,0.0211410079192592,"OLR1/PDGFA/SPP1/TIMP1",4,"KO_heat_up","Hallmark",218,"OLR1/PDGFA/SPP1/TIMP1",4,26,1.395,0.0489755122438781,0.0121951219512195,0.00349825087456272
"HALLMARK_COAGULATION","HALLMARK_COAGULATION","8/109","95/3666",0.0842105263157895,2.83225494929985,3.16709497272869,0.00669465250776541,0.0287870057833913,0.0211410079192592,"C3/CLU/F3/OLR1/PDGFB/PLEK/SERPINE1/TIMP1",8,"KO_heat_up","Hallmark",218,"C3/CLU/F3/OLR1/PDGFB/PLEK/SERPINE1/TIMP1",8,95,3.7735,0.0369815092453773,0.00914634146341463,0.00299850074962519
"GOBP_TAXIS","GOBP_TAXIS","24/198","334/11067",0.0718562874251497,4.01633097441481,7.55483174046313,6.05129290014814e-09,1.12522661772397e-05,9.292188175592e-06,"ADAM8/C3/CALCA/CCL20/CCL22/CCL3/CCL4/CCN1/EGR3/EPHA2/F3/FOSL1/GPR183/HBEGF/IL23A/NR4A1/PDGFA/PDGFB/PLAUR/SEMA4A/SERPINE1/TNFSF11/TNFSF14/WNT3",24,"KO_heat_up","GO_BP",218,"ADAM8/C3/CALCA/CCL20/CCL22/CCL3/CCL4/CCN1/EGR3/EPHA2/F3/FOSL1/GPR183/HBEGF/IL23A/NR4A1/PDGFA/PDGFB/PLAUR/SEMA4A/SERPINE1/TNFSF11/TNFSF14/WNT3",24,334,10.1845,0.000499750124937531,0.037,0.000499750124937531
"GOBP_REGULATION_OF_INFLAMMATORY_RESPONSE","GOBP_REGULATION_OF_INFLAMMATORY_RESPONSE","24/198","340/11067",0.0705882352941176,3.94545454545455,7.44536128978718,8.5829642846985e-09,1.12522661772397e-05,9.292188175592e-06,"ADAM8/ADORA2A/ADORA2B/BCL6B/C3/CAMK2N1/CCL3/CD200/DAGLA/IER3/IL1A/IL1R2/IL1RN/IL2/IL23A/LTA/MAPK13/NR4A3/PLK2/SERPINE1/SPHK1/TNFSF11/TNFSF14/UACA",24,"KO_heat_up","GO_BP",218,"ADAM8/ADORA2A/ADORA2B/BCL6B/C3/CAMK2N1/CCL3/CD200/DAGLA/IER3/IL1A/IL1R2/IL1RN/IL2/IL23A/LTA/MAPK13/NR4A3/PLK2/SERPINE1/SPHK1/TNFSF11/TNFSF14/UACA",24,340,10.6915,0.000499750124937531,0.0375,0.000499750124937531
"GOBP_TISSUE_REMODELING","GOBP_TISSUE_REMODELING","15/198","134/11067",0.111940298507463,6.2567842605156,8.26296689280318,1.53059905783091e-08,1.33774357654422e-05,1.10471658314322e-05,"ADAM8/CALCA/EFNA2/EPHA2/FOSL2/GJA5/IL1A/IL2/IL23A/LTBP3/NPPC/NPR3/SPP1/TIMP1/TNFSF11",15,"KO_heat_up","GO_BP",218,"ADAM8/CALCA/EFNA2/EPHA2/FOSL2/GJA5/IL1A/IL2/IL23A/LTBP3/NPPC/NPR3/SPP1/TIMP1/TNFSF11",15,134,4.4465,0.000499750124937531,0.0116161616161616,0.000499750124937531
"GOBP_PHOSPHOLIPASE_C_ACTIVATING_G_PROTEIN_COUPLED_RECEPTOR_SIGNALING_PATHWAY","GOBP_PHOSPHOLIPASE_C_ACTIVATING_G_PROTEIN_COUPLED_RECEPTOR_SIGNALING_PATHWAY","11/198","88/11067",0.125,6.98674242424242,7.60998236804767,4.38213505104228e-07,0.000287248952595821,0.000237211889473525,"ADORA2A/ANO1/BICD1/CALCA/GAP43/GRP/IL2/LTB4R/PARD3/PLEK/TGM2",11,"KO_heat_up","GO_BP",218,"ADORA2A/ANO1/BICD1/CALCA/GAP43/GRP/IL2/LTB4R/PARD3/PLEK/TGM2",11,88,2.137,0.000499750124937531,0.00393700787401575,0.000499750124937531
"GOBP_CELL_CHEMOTAXIS","GOBP_CELL_CHEMOTAXIS","17/198","233/11067",0.0729613733905579,4.07809858239043,6.40913181152459,9.12252366311963e-07,0.000478385140893993,0.000395053287895517,"ADAM8/C3/CALCA/CCL20/CCL22/CCL3/CCL4/EGR3/EPHA2/GPR183/HBEGF/IL23A/NR4A1/PDGFB/SERPINE1/TNFSF11/TNFSF14",17,"KO_heat_up","GO_BP",218,"ADAM8/C3/CALCA/CCL20/CCL22/CCL3/CCL4/EGR3/EPHA2/GPR183/HBEGF/IL23A/NR4A1/PDGFB/SERPINE1/TNFSF11/TNFSF14",17,233,7.374,0.000999500249875062,0.0315,0.000499750124937531
"GOBP_MYELOID_LEUKOCYTE_DIFFERENTIATION","GOBP_MYELOID_LEUKOCYTE_DIFFERENTIATION","16/198","216/11067",0.0740740740740741,4.14029180695847,6.29064436719892,1.5842788355243e-06,0.00059393332373729,0.000490473662904013,"ANXA2/BATF3/CALCA/CCL3/CSF2/EFNA2/EPHA2/FOSL2/GPR183/IL1A/IL1R2/IL23A/INHBA/TNFRSF11B/TNFSF11/ZBTB46",16,"KO_heat_up","GO_BP",218,"ANXA2/BATF3/CALCA/CCL3/CSF2/EFNA2/EPHA2/FOSL2/GPR183/IL1A/IL1R2/IL23A/INHBA/TNFRSF11B/TNFSF11/ZBTB46",16,216,6.965,0.00149925037481259,0.023,0.000499750124937531
"GOBP_POSITIVE_REGULATION_OF_CELL_ACTIVATION","GOBP_POSITIVE_REGULATION_OF_CELL_ACTIVATION","20/198","327/11067",0.0611620795107034,3.41858956537856,5.9919343192544,1.58563435017583e-06,0.00059393332373729,0.000490473662904013,"ADAM8/CCL3/CD200/CD40LG/CD70/CD80/CD83/CDKN1A/EGR3/GPR183/HAVCR1/HSPH1/IL1A/IL2/IL23A/NR4A3/PLEK/TNFSF11/TNFSF14/TNFSF9",20,"KO_heat_up","GO_BP",218,"ADAM8/CCL3/CD200/CD40LG/CD70/CD80/CD83/CDKN1A/EGR3/GPR183/HAVCR1/HSPH1/IL1A/IL2/IL23A/NR4A3/PLEK/TNFSF11/TNFSF14/TNFSF9",20,327,11.627,0.00849575212393803,0.0985,0.000499750124937531
"GOBP_LEUKOCYTE_PROLIFERATION","GOBP_LEUKOCYTE_PROLIFERATION","18/198","277/11067",0.0649819494584837,3.63209714473252,5.98775759018637,2.30728791687955e-06,0.000756213614757271,0.000624485690134372,"CD40LG/CD70/CD80/CDKN1A/CLU/CSF2/FOSL2/GPR183/IL1A/IL2/IL23A/IL9/LST1/NPR3/SDC4/TNFSF11/TNFSF14/TNFSF9",18,"KO_heat_up","GO_BP",218,"CD40LG/CD70/CD80/CDKN1A/CLU/CSF2/FOSL2/GPR183/IL1A/IL2/IL23A/IL9/LST1/NPR3/SDC4/TNFSF11/TNFSF14/TNFSF9",18,277,9.529,0.00449775112443778,0.055,0.000499750124937531
"GOBP_NEGATIVE_REGULATION_OF_G_PROTEIN_COUPLED_RECEPTOR_SIGNALING_PATHWAY","GOBP_NEGATIVE_REGULATION_OF_G_PROTEIN_COUPLED_RECEPTOR_SIGNALING_PATHWAY","8/198","51/11067",0.156862745098039,8.76767676767677,7.50407910097951,3.00118671453733e-06,0.000874345729501875,0.00072203989143898,"ADM/APLP1/ATP2B4/BICD1/CALCA/PLEK/RGS16/SERPINE1",8,"KO_heat_up","GO_BP",218,"ADM/APLP1/ATP2B4/BICD1/CALCA/PLEK/RGS16/SERPINE1",8,51,1.277,0.000499750124937531,0.00344589937973811,0.000499750124937531
"GOBP_NEGATIVE_REGULATION_OF_RESPONSE_TO_EXTERNAL_STIMULUS","GOBP_NEGATIVE_REGULATION_OF_RESPONSE_TO_EXTERNAL_STIMULUS","19/198","314/11067",0.0605095541401274,3.38211735186258,5.77958010515421,3.43258018027768e-06,0.000900022523268807,0.000743243940087493,"ADORA2A/ANXA2/CD200/IER3/IL1A/IL1R2/IL1RN/IL2/KLRC1/NR4A3/PDGFA/PDGFB/PLAUR/PLK2/SERPINE1/SPP1/TNFSF14/UACA/WNT3",19,"KO_heat_up","GO_BP",218,"ADORA2A/ANXA2/CD200/IER3/IL1A/IL1R2/IL1RN/IL2/KLRC1/NR4A3/PDGFA/PDGFB/PLAUR/PLK2/SERPINE1/SPP1/TNFSF14/UACA/WNT3",19,314,9.9065,0.00199900049975012,0.034,0.000499750124937531
"GOBP_POSITIVE_REGULATION_OF_INFLAMMATORY_RESPONSE","GOBP_POSITIVE_REGULATION_OF_INFLAMMATORY_RESPONSE","12/198","135/11067",0.0888888888888889,4.96835016835017,6.26123773360566,5.20558378680228e-06,0.00124082188081778,0.00102467807171792,"ADAM8/ADORA2B/C3/CAMK2N1/CCL3/IL1A/IL2/IL23A/LTA/MAPK13/SERPINE1/TNFSF11",12,"KO_heat_up","GO_BP",218,"ADAM8/ADORA2B/C3/CAMK2N1/CCL3/IL1A/IL2/IL23A/LTA/MAPK13/SERPINE1/TNFSF11",12,135,4.296,0.00199900049975012,0.0116396761133603,0.000499750124937531
"GOBP_OSTEOCLAST_DIFFERENTIATION","GOBP_OSTEOCLAST_DIFFERENTIATION","10/198","100/11067",0.1,5.58939393939394,6.22220835611799,1.14503039253886e-05,0.00234282902852781,0.0019347221131646,"ANXA2/CALCA/CCL3/EFNA2/EPHA2/FOSL2/GPR183/IL23A/TNFRSF11B/TNFSF11",10,"KO_heat_up","GO_BP",218,"ANXA2/CALCA/CCL3/EFNA2/EPHA2/FOSL2/GPR183/IL23A/TNFRSF11B/TNFSF11",10,100,2.996,0.00149925037481259,0.00416449765747007,0.000499750124937531
"GOBP_WOUND_HEALING","GOBP_WOUND_HEALING","19/198","343/11067",0.0553935860058309,3.09616573902288,5.32264387288868,1.22412781284011e-05,0.00234282902852781,0.0019347221131646,"ADORA2A/ANXA2/CD40LG/CDKN1A/CLDN4/F3/HBEGF/IL1A/PAK1/PDGFA/PDGFB/PLAUR/PLEK/PPL/PROCR/SDC4/SERPINE1/TIMP1/TMEFF2",19,"KO_heat_up","GO_BP",218,"ADORA2A/ANXA2/CD40LG/CDKN1A/CLDN4/F3/HBEGF/IL1A/PAK1/PDGFA/PDGFB/PLAUR/PLEK/PPL/PROCR/SDC4/SERPINE1/TIMP1/TMEFF2",19,343,10.52,0.00649675162418791,0.033,0.000499750124937531
"GOBP_MONONUCLEAR_CELL_MIGRATION","GOBP_MONONUCLEAR_CELL_MIGRATION","13/198","172/11067",0.0755813953488372,4.22454193093728,5.75243564326272,1.25093845916817e-05,0.00234282902852781,0.0019347221131646,"ADAM8/ASB2/CALCA/CCL20/CCL3/CCL4/CD200/GPR183/PDGFB/RET/SERPINE1/TNFSF11/TNFSF14",13,"KO_heat_up","GO_BP",218,"ADAM8/ASB2/CALCA/CCL20/CCL3/CCL4/CD200/GPR183/PDGFB/RET/SERPINE1/TNFSF11/TNFSF14",13,172,5.878,0.00549725137431284,0.0255511022044088,0.000499750124937531
"GOBP_REGULATION_OF_VASCULATURE_DEVELOPMENT","GOBP_REGULATION_OF_VASCULATURE_DEVELOPMENT","15/198","228/11067",0.0657894736842105,3.67723285486443,5.51305207893786,1.43315815997126e-05,0.00235211276417288,0.00194238867714626,"ADM/ATP2B4/C3/EPHA2/EPN2/F3/FASLG/HK2/IL17F/IL1A/PLK2/SEMA4A/SERPINE1/SPHK1/TGM2",15,"KO_heat_up","GO_BP",218,"ADM/ATP2B4/C3/EPHA2/EPN2/F3/FASLG/HK2/IL17F/IL1A/PLK2/SEMA4A/SERPINE1/SPHK1/TGM2",15,228,6.8905,0.00199900049975012,0.017,0.000499750124937531
"GOBP_HUMORAL_IMMUNE_RESPONSE","GOBP_HUMORAL_IMMUNE_RESPONSE","12/198","149/11067",0.0805369127516778,4.50152532031727,5.80780456953954,1.43530908568902e-05,0.00235211276417288,0.00194238867714626,"ADM/C3/CALCA/CCL20/CCL22/CCL3/CCL4/CD83/CLU/GPR183/IL17F/LTA",12,"KO_heat_up","GO_BP",218,"ADM/C3/CALCA/CCL20/CCL22/CCL3/CCL4/CD83/CLU/GPR183/IL17F/LTA",12,149,3.748,0.000999500249875062,0.00204290091930541,0.000499750124937531
"GOBP_REGULATION_OF_BODY_FLUID_LEVELS","GOBP_REGULATION_OF_BODY_FLUID_LEVELS","17/198","288/11067",0.0590277777777778,3.29929503367003,5.33623372037499,1.58731890300659e-05,0.00244820597863722,0.00202174302382944,"ADCY4/ADM/ADORA2A/ANO1/ANXA2/CD40LG/F3/FOSL2/GJA5/HK2/NPR3/PDGFA/PDGFB/PLAUR/PLEK/PROCR/SERPINE1",17,"KO_heat_up","GO_BP",218,"ADCY4/ADM/ADORA2A/ANO1/ANXA2/CD40LG/F3/FOSL2/GJA5/HK2/NPR3/PDGFA/PDGFB/PLAUR/PLEK/PROCR/SERPINE1",17,288,8.102,0.00299850074962519,0.011,0.000499750124937531
"GOBP_LEUKOCYTE_MIGRATION","GOBP_LEUKOCYTE_MIGRATION","17/198","290/11067",0.0586206896551724,3.27654127481714,5.30223192022758,1.73620752385822e-05,0.00252907562642014,0.00208852565881658,"ADAM8/ASB2/C3/CALCA/CCL20/CCL22/CCL3/CCL4/CD200/GPR183/IL23A/ITGA3/PDGFB/RET/SERPINE1/TNFSF11/TNFSF14",17,"KO_heat_up","GO_BP",218,"ADAM8/ASB2/C3/CALCA/CCL20/CCL22/CCL3/CCL4/CD200/GPR183/IL23A/ITGA3/PDGFB/RET/SERPINE1/TNFSF11/TNFSF14",17,290,9.579,0.0104947526236882,0.051,0.000499750124937531
"GOBP_MESODERM_MORPHOGENESIS","GOBP_MESODERM_MORPHOGENESIS","7/198","49/11067",0.142857142857143,7.98484848484848,6.61358256225853,2.39860457159503e-05,0.00313604295001619,0.00258976287614248,"EOMES/EPHA2/INHBA/ITGA3/KDM6B/NR4A3/WNT3",7,"KO_heat_up","GO_BP",218,"EOMES/EPHA2/INHBA/ITGA3/KDM6B/NR4A3/WNT3",7,49,1.572,0.000999500249875062,0.0049906425452277,0.000499750124937531
"GOBP_POSITIVE_REGULATION_OF_CELL_ADHESION","GOBP_POSITIVE_REGULATION_OF_CELL_ADHESION","20/198","395/11067",0.0506329113924051,2.83007288070579,4.99893118833244,2.6507780699851e-05,0.00313604295001619,0.00258976287614248,"ADAM8/CCN1/CD40LG/CD70/CD80/CD83/EGR3/HSPH1/IL1A/IL2/IL23A/NR4A3/PDGFB/PLAUR/RET/SDC4/TGM2/TNFSF11/TNFSF14/TNFSF9",20,"KO_heat_up","GO_BP",218,"ADAM8/CCN1/CD40LG/CD70/CD80/CD83/EGR3/HSPH1/IL1A/IL2/IL23A/NR4A3/PDGFB/PLAUR/RET/SDC4/TGM2/TNFSF11/TNFSF14/TNFSF9",20,395,13.5125,0.0379810094952524,0.102,0.000499750124937531
"GOBP_NEGATIVE_REGULATION_OF_COAGULATION","GOBP_NEGATIVE_REGULATION_OF_COAGULATION","6/198","34/11067",0.176470588235294,9.86363636363637,6.98614690345587,2.69278687418697e-05,0.00313604295001619,0.00258976287614248,"ANXA2/PDGFA/PDGFB/PLAUR/PROCR/SERPINE1",6,"KO_heat_up","GO_BP",218,"ANXA2/PDGFA/PDGFB/PLAUR/PROCR/SERPINE1",6,34,0.8045,0.000499750124937531,0.000892060660124889,0.000499750124937531
"GOBP_POSITIVE_REGULATION_OF_EXTRINSIC_APOPTOTIC_SIGNALING_PATHWAY","GOBP_POSITIVE_REGULATION_OF_EXTRINSIC_APOPTOTIC_SIGNALING_PATHWAY","7/198","50/11067",0.14,7.82515151515152,6.52827977338201,2.74724687736152e-05,0.00313604295001619,0.00258976287614248,"CD40LG/FASLG/INHBA/LTA/RET/TNFSF11/TNFSF14",7,"KO_heat_up","GO_BP",218,"CD40LG/FASLG/INHBA/LTA/RET/TNFSF11/TNFSF14",7,50,1.4455,0.000499750124937531,0.00192184497117233,0.000499750124937531
"GOBP_REGULATION_OF_EXTRINSIC_APOPTOTIC_SIGNALING_PATHWAY","GOBP_REGULATION_OF_EXTRINSIC_APOPTOTIC_SIGNALING_PATHWAY","11/198","134/11067",0.082089552238806,4.58830845771144,5.64034446114536,2.75091486843525e-05,0.00313604295001619,0.00258976287614248,"CD40LG/CSF2/FASLG/HSPA1A/IL1A/INHBA/LTA/RET/SERPINE1/TNFSF11/TNFSF14",11,"KO_heat_up","GO_BP",218,"CD40LG/CSF2/FASLG/HSPA1A/IL1A/INHBA/LTA/RET/SERPINE1/TNFSF11/TNFSF14",11,134,4.208,0.00249875062468766,0.00607594936708861,0.000499750124937531
"GOBP_REGULATION_OF_G_PROTEIN_COUPLED_RECEPTOR_SIGNALING_PATHWAY","GOBP_REGULATION_OF_G_PROTEIN_COUPLED_RECEPTOR_SIGNALING_PATHWAY","10/198","116/11067",0.0862068965517241,4.81844305120167,5.57983756930762,4.2122031503832e-05,0.00460183194179364,0.00380022012295537,"ADM/APLP1/ATP2B4/BICD1/C3/CALCA/GRP/PLEK/RGS16/SERPINE1",10,"KO_heat_up","GO_BP",218,"ADM/APLP1/ATP2B4/BICD1/C3/CALCA/GRP/PLEK/RGS16/SERPINE1",10,116,3.1985,0.00199900049975012,0.003659174072138,0.000499750124937531
"GOBP_EOSINOPHIL_MIGRATION","GOBP_EOSINOPHIL_MIGRATION","4/198","12/11067",0.333333333333333,18.6313131313131,8.24762757193789,4.39690876060138e-05,0.00461147790811873,0.00380818581918191,"ADAM8/CCL22/CCL3/CCL4",4,"KO_heat_up","GO_BP",218,"ADAM8/CCL22/CCL3/CCL4",4,12,0.238,0.000999500249875062,0.00236406619385343,0.000499750124937531
"GOBP_REGULATION_OF_COAGULATION","GOBP_REGULATION_OF_COAGULATION","7/198","54/11067",0.12962962962963,7.24551066217733,6.20933581484581,4.58546108331531e-05,0.00462426113863567,0.00381874228679336,"ANXA2/F3/PDGFA/PDGFB/PLAUR/PROCR/SERPINE1",7,"KO_heat_up","GO_BP",218,"ANXA2/F3/PDGFA/PDGFB/PLAUR/PROCR/SERPINE1",7,54,1.4605,0.00149925037481259,0.00452781371280724,0.000499750124937531
"GOBP_POSITIVE_REGULATION_OF_FIBROBLAST_PROLIFERATION","GOBP_POSITIVE_REGULATION_OF_FIBROBLAST_PROLIFERATION","6/198","38/11067",0.157894736842105,8.82535885167464,6.52170463607824,5.2081064315528e-05,0.00505765002353017,0.00417663739949478,"CDKN1A/EGFR/FOSL2/PDGFA/PDGFB/SPHK1",6,"KO_heat_up","GO_BP",218,"CDKN1A/EGFR/FOSL2/PDGFA/PDGFB/SPHK1",6,38,1.1415,0.00149925037481259,0.00507246376811594,0.000499750124937531
"GOBP_POSITIVE_REGULATION_OF_CELL_DEVELOPMENT","GOBP_POSITIVE_REGULATION_OF_CELL_DEVELOPMENT","18/198","351/11067",0.0512820512820513,2.86635586635587,4.7958412146171,5.78583071789524e-05,0.00515331536639073,0.00425563840726875,"ADAM8/CALCA/CD80/CD83/CRABP2/EGR2/EGR3/IL2/IL23A/LTA/PAK1/PLXNB2/SPINT1/TGM2/TNFSF11/TNFSF9/WNT3/ZBTB46",18,"KO_heat_up","GO_BP",218,"ADAM8/CALCA/CD80/CD83/CRABP2/EGR2/EGR3/IL2/IL23A/LTA/PAK1/PLXNB2/SPINT1/TGM2/TNFSF11/TNFSF9/WNT3/ZBTB46",18,351,12.132,0.0459770114942529,0.0855,0.000499750124937531
"GOBP_REGULATION_OF_TISSUE_REMODELING","GOBP_REGULATION_OF_TISSUE_REMODELING","7/198","56/11067",0.125,6.98674242424242,6.06183818603677,5.82620673218021e-05,0.00515331536639073,0.00425563840726875,"ADAM8/CALCA/IL2/IL23A/LTBP3/SPP1/TNFSF11",7,"KO_heat_up","GO_BP",218,"ADAM8/CALCA/IL2/IL23A/LTBP3/SPP1/TNFSF11",7,56,1.746,0.000999500249875062,0.0023696682464455,0.000499750124937531
"GOBP_LEUKOCYTE_CHEMOTAXIS","GOBP_LEUKOCYTE_CHEMOTAXIS","12/198","172/11067",0.0697674418604651,3.89957716701903,5.17271333516284,5.97565064597065e-05,0.00515331536639073,0.00425563840726875,"ADAM8/C3/CALCA/CCL22/CCL3/CCL4/GPR183/IL23A/PDGFB/SERPINE1/TNFSF11/TNFSF14",12,"KO_heat_up","GO_BP",218,"ADAM8/C3/CALCA/CCL22/CCL3/CCL4/GPR183/IL23A/PDGFB/SERPINE1/TNFSF11/TNFSF14",12,172,5.7055,0.00999500249875063,0.0245614035087719,0.000499750124937531
"GOBP_POSITIVE_REGULATION_OF_BONE_RESORPTION","GOBP_POSITIVE_REGULATION_OF_BONE_RESORPTION","4/198","13/11067",0.307692307692308,17.1981351981352,7.88696837161067,6.26236672952477e-05,0.00515331536639073,0.00425563840726875,"ADAM8/LTBP3/SPP1/TNFSF11",4,"KO_heat_up","GO_BP",218,"ADAM8/LTBP3/SPP1/TNFSF11",4,13,0.289,0.000499750124937531,0,0.000499750124937531
"GOBP_REGULATION_OF_APOPTOTIC_SIGNALING_PATHWAY","GOBP_REGULATION_OF_APOPTOTIC_SIGNALING_PATHWAY","17/198","321/11067",0.0529595015576324,2.96011517039554,4.80998610402458,6.28932462717404e-05,0.00515331536639073,0.00425563840726875,"ADORA2A/CD40LG/CLU/CSF2/CTH/FASLG/HSPA1A/IER3/IL1A/INHBA/LTA/NR4A2/PLAUR/RET/SERPINE1/TNFSF11/TNFSF14",17,"KO_heat_up","GO_BP",218,"ADORA2A/CD40LG/CLU/CSF2/CTH/FASLG/HSPA1A/IER3/IL1A/INHBA/LTA/NR4A2/PLAUR/RET/SERPINE1/TNFSF11/TNFSF14",17,321,9.8685,0.0144927536231884,0.031,0.000499750124937531
"GOBP_ANTIMICROBIAL_HUMORAL_IMMUNE_RESPONSE_MEDIATED_BY_ANTIMICROBIAL_PEPTIDE","GOBP_ANTIMICROBIAL_HUMORAL_IMMUNE_RESPONSE_MEDIATED_BY_ANTIMICROBIAL_PEPTIDE","7/198","57/11067",0.12280701754386,6.86416799574694,5.99077909245779,6.54240597221806e-05,0.00519823892701689,0.0042927365501922,"ADM/CALCA/CCL20/CCL22/CCL3/CCL4/IL17F",7,"KO_heat_up","GO_BP",218,"ADM/CALCA/CCL20/CCL22/CCL3/CCL4/IL17F",7,57,1.207,0.000999500249875062,0.000710227272727273,0.000499750124937531
"GOBP_LEUKOCYTE_CELL_CELL_ADHESION","GOBP_LEUKOCYTE_CELL_CELL_ADHESION","18/198","357/11067",0.0504201680672269,2.81818181818182,4.71313431900956,7.19879437021185e-05,0.00555154083491043,0.00458449536208228,"ADAM8/ADORA2A/CALCA/CD40LG/CD70/CD80/CD83/EGR3/HSPH1/IL1A/IL2/IL23A/NR4A3/OLR1/SDC4/TNFSF11/TNFSF14/TNFSF9",18,"KO_heat_up","GO_BP",218,"ADAM8/ADORA2A/CALCA/CD40LG/CD70/CD80/CD83/EGR3/HSPH1/IL1A/IL2/IL23A/NR4A3/OLR1/SDC4/TNFSF11/TNFSF14/TNFSF9",18,357,12.4845,0.0534732633683158,0.104,0.000499750124937531
"GOBP_EXTRINSIC_APOPTOTIC_SIGNALING_PATHWAY","GOBP_EXTRINSIC_APOPTOTIC_SIGNALING_PATHWAY","13/198","204/11067",0.0637254901960784,3.56186868686869,4.98459862195342,7.51249838499892e-05,0.00562793450441919,0.00464758170765196,"CD40LG/CD70/CSF2/FASLG/HSPA1A/IL1A/IL2/INHBA/LTA/RET/SERPINE1/TNFSF11/TNFSF14",13,"KO_heat_up","GO_BP",218,"CD40LG/CD70/CSF2/FASLG/HSPA1A/IL1A/IL2/INHBA/LTA/RET/SERPINE1/TNFSF11/TNFSF14",13,204,6.395,0.00599700149925037,0.0135202804206309,0.000499750124937531
"GOBP_EPIDERMIS_DEVELOPMENT","GOBP_EPIDERMIS_DEVELOPMENT","14/198","234/11067",0.0598290598290598,3.34408184408184,4.89147076167341,7.8707080678768e-05,0.00573249904277027,0.00473393172386625,"CDKN1A/CLDN4/CRABP2/EGFR/EPHA2/FOSL2/INHBA/IRF6/LAMC2/NAB2/PDGFA/PPL/SPINT1/TGM1",14,"KO_heat_up","GO_BP",218,"CDKN1A/CLDN4/CRABP2/EGFR/EPHA2/FOSL2/INHBA/IRF6/LAMC2/NAB2/PDGFA/PPL/SPINT1/TGM1",14,234,6.513,0.00499750124937531,0.00700700700700701,0.000499750124937531
"GOBP_POSITIVE_REGULATION_OF_LEUKOCYTE_CELL_CELL_ADHESION","GOBP_POSITIVE_REGULATION_OF_LEUKOCYTE_CELL_CELL_ADHESION","14/198","236/11067",0.0593220338983051,3.31574216743708,4.8533885482481,8.62306750392623e-05,0.0061107251338634,0.00504627307413265,"ADAM8/CD40LG/CD70/CD80/CD83/EGR3/HSPH1/IL1A/IL2/IL23A/NR4A3/TNFSF11/TNFSF14/TNFSF9",14,"KO_heat_up","GO_BP",218,"ADAM8/CD40LG/CD70/CD80/CD83/EGR3/HSPH1/IL1A/IL2/IL23A/NR4A3/TNFSF11/TNFSF14/TNFSF9",14,236,8.451,0.031984007996002,0.062,0.000499750124937531
"GOBP_NEGATIVE_REGULATION_OF_INFLAMMATORY_RESPONSE","GOBP_NEGATIVE_REGULATION_OF_INFLAMMATORY_RESPONSE","11/198","153/11067",0.0718954248366013,4.01851851851852,5.07435350360136,9.29122122335127e-05,0.00641094264411238,0.00529419447546636,"ADORA2A/CD200/IER3/IL1A/IL1R2/IL1RN/IL2/NR4A3/PLK2/TNFSF14/UACA",11,"KO_heat_up","GO_BP",218,"ADORA2A/CD200/IER3/IL1A/IL1R2/IL1RN/IL2/NR4A3/PLK2/TNFSF14/UACA",11,153,4.9875,0.00849575212393803,0.0145948666331152,0.000499750124937531
"GOBP_EMBRYONIC_ORGAN_DEVELOPMENT","GOBP_EMBRYONIC_ORGAN_DEVELOPMENT","16/198","300/11067",0.0533333333333333,2.9810101010101,4.69497295078926,9.56965853506122e-05,0.00643375504587962,0.00531303309220538,"ADM/ALDH1A2/ASB2/CCN1/CSF2/EGFR/EOMES/EPHA2/GJA5/IL3/NR4A3/PDGFA/PDGFB/SPINT1/STRA6/TTC39C",16,"KO_heat_up","GO_BP",218,"ADM/ALDH1A2/ASB2/CCN1/CSF2/EGFR/EOMES/EPHA2/GJA5/IL3/NR4A3/PDGFA/PDGFB/SPINT1/STRA6/TTC39C",16,300,8.751,0.0124937531234383,0.021,0.000499750124937531
"GOBP_POSITIVE_REGULATION_OF_CELL_CELL_ADHESION","GOBP_POSITIVE_REGULATION_OF_CELL_CELL_ADHESION","15/198","271/11067",0.0553505535055351,3.09376048305938,4.70991793391193,0.000105257220488368,0.00689961080301252,0.00569773954064665,"ADAM8/CD40LG/CD70/CD80/CD83/EGR3/HSPH1/IL1A/IL2/IL23A/NR4A3/PLAUR/TNFSF11/TNFSF14/TNFSF9",15,"KO_heat_up","GO_BP",218,"ADAM8/CD40LG/CD70/CD80/CD83/EGR3/HSPH1/IL1A/IL2/IL23A/NR4A3/PLAUR/TNFSF11/TNFSF14/TNFSF9",15,271,9.4685,0.0429785107446277,0.065,0.000499750124937531
"GOBP_NEGATIVE_REGULATION_OF_VASCULATURE_DEVELOPMENT","GOBP_NEGATIVE_REGULATION_OF_VASCULATURE_DEVELOPMENT","8/198","85/11067",0.0941176470588235,5.26060606060606,5.32198023931784,0.000134963356845465,0.00863107125972707,0.00712758985959235,"ATP2B4/EPHA2/EPN2/FASLG/IL17F/PLK2/SEMA4A/SERPINE1",8,"KO_heat_up","GO_BP",218,"ATP2B4/EPHA2/EPN2/FASLG/IL17F/PLK2/SEMA4A/SERPINE1",8,85,2.4925,0.00199900049975012,0.00269396551724138,0.000499750124937531
"GOBP_POSITIVE_REGULATION_OF_LEUKOCYTE_PROLIFERATION","GOBP_POSITIVE_REGULATION_OF_LEUKOCYTE_PROLIFERATION","10/198","135/11067",0.0740740740740741,4.14029180695847,4.95473250145049,0.000151616355853165,0.00931876853314043,0.00769549434849648,"CD40LG/CD70/CD80/CDKN1A/CSF2/GPR183/IL1A/IL2/IL23A/TNFSF9",10,"KO_heat_up","GO_BP",218,"CD40LG/CD70/CD80/CDKN1A/CSF2/GPR183/IL1A/IL2/IL23A/TNFSF9",10,135,4.659,0.015992003998001,0.0176144942123805,0.000499750124937531
"GOBP_POSITIVE_REGULATION_OF_BEHAVIOR","GOBP_POSITIVE_REGULATION_OF_BEHAVIOR","4/198","16/11067",0.25,13.9734848484848,7.0088858113677,0.000152824960688421,0.00931876853314043,0.00769549434849648,"ADORA2A/GRP/NR4A3/STRA6",4,"KO_heat_up","GO_BP",218,"ADORA2A/GRP/NR4A3/STRA6",4,16,0.325,0.000499750124937531,0,0.000499750124937531
"GOBP_REGULATION_OF_BEHAVIOR","GOBP_REGULATION_OF_BEHAVIOR","6/198","47/11067",0.127659574468085,7.13539651837524,5.68897337141255,0.00017722191540109,0.0105608150495832,0.00872118373157997,"ADORA2A/CCL3/CSF2/GRP/NR4A3/STRA6",6,"KO_heat_up","GO_BP",218,"ADORA2A/CCL3/CSF2/GRP/NR4A3/STRA6",6,47,1.2275,0.00199900049975012,0.00277777777777778,0.000499750124937531
"GOBP_BONE_REMODELING","GOBP_BONE_REMODELING","7/198","67/11067",0.104477611940299,5.83966530981456,5.36277432204952,0.00018509102563556,0.0106227593233133,0.00877233768037874,"ADAM8/CALCA/EFNA2/EPHA2/LTBP3/SPP1/TNFSF11",7,"KO_heat_up","GO_BP",218,"ADAM8/CALCA/EFNA2/EPHA2/LTBP3/SPP1/TNFSF11",7,67,1.9275,0.00149925037481259,0.0028587764436821,0.000999500249875062
"GOBP_RENAL_SYSTEM_PROCESS","GOBP_RENAL_SYSTEM_PROCESS","8/198","89/11067",0.0898876404494382,5.02417432754511,5.14450163896464,0.000186364198654619,0.0106227593233133,0.00877233768037874,"ADCY4/ADM/ADORA2A/CLDN4/GJA5/ITGA3/NPR3/PDGFB",8,"KO_heat_up","GO_BP",218,"ADCY4/ADM/ADORA2A/CLDN4/GJA5/ITGA3/NPR3/PDGFB",8,89,2.446,0.00499750124937531,0.00219659527732015,0.000499750124937531
"GOBP_METANEPHROS_DEVELOPMENT","GOBP_METANEPHROS_DEVELOPMENT","6/198","48/11067",0.125,6.98674242424242,5.61013399353023,0.00019955753782077,0.0110045820038666,0.00908764911556212,"EGR1/GDF6/PDGFA/PDGFB/RET/SPRY1",6,"KO_heat_up","GO_BP",218,"EGR1/GDF6/PDGFA/PDGFB/RET/SPRY1",6,48,1.7095,0.00649675162418791,0.00609756097560976,0.000499750124937531
"GOBP_REGULATION_OF_WOUND_HEALING","GOBP_REGULATION_OF_WOUND_HEALING","8/198","90/11067",0.0888888888888889,4.96835016835017,5.10178959529574,0.000201456878789321,0.0110045820038666,0.00908764911556212,"ANXA2/CLDN4/F3/HBEGF/PDGFA/PDGFB/PLAUR/SERPINE1",8,"KO_heat_up","GO_BP",218,"ANXA2/CLDN4/F3/HBEGF/PDGFA/PDGFB/PLAUR/SERPINE1",8,90,2.923,0.0079960019990005,0.0088587806149036,0.000499750124937531
"GOBP_ADENYLATE_CYCLASE_ACTIVATING_G_PROTEIN_COUPLED_RECEPTOR_SIGNALING_PATHWAY","GOBP_ADENYLATE_CYCLASE_ACTIVATING_G_PROTEIN_COUPLED_RECEPTOR_SIGNALING_PATHWAY","9/198","115/11067",0.0782608695652174,4.37430830039526,4.90930592960078,0.000214742460028962,0.0111633149519864,0.00921873172597694,"ADCY4/ADM/ADORA2A/ADORA2B/APLP1/ATP2B4/CALCA/PTGER2/S1PR3",9,"KO_heat_up","GO_BP",218,"ADCY4/ADM/ADORA2A/ADORA2B/APLP1/ATP2B4/CALCA/PTGER2/S1PR3",9,115,2.9455,0.00199900049975012,0.00156576200417537,0.000499750124937531
"GOBP_LYMPHOCYTE_MIGRATION","GOBP_LYMPHOCYTE_MIGRATION","8/198","91/11067",0.0879120879120879,4.91375291375291,5.05970486093519,0.000217539165471082,0.0111633149519864,0.00921873172597694,"ADAM8/CCL20/CCL3/CCL4/CD200/GPR183/RET/TNFSF14",8,"KO_heat_up","GO_BP",218,"ADAM8/CCL20/CCL3/CCL4/CD200/GPR183/RET/TNFSF14",8,91,2.971,0.0079960019990005,0.00939947780678851,0.000499750124937531
"GOBP_RESPONSE_TO_LEUKEMIA_INHIBITORY_FACTOR","GOBP_RESPONSE_TO_LEUKEMIA_INHIBITORY_FACTOR","8/198","91/11067",0.0879120879120879,4.91375291375291,5.05970486093519,0.000217539165471082,0.0111633149519864,0.00921873172597694,"BSPRY/CTH/FOSL2/GFPT2/HK2/ILDR1/KLF5/TNFSF11",8,"KO_heat_up","GO_BP",218,"BSPRY/CTH/FOSL2/GFPT2/HK2/ILDR1/KLF5/TNFSF11",8,91,1.968,0.000999500249875062,0,0.000999500249875062
"GOBP_EMBRYONIC_PLACENTA_DEVELOPMENT","GOBP_EMBRYONIC_PLACENTA_DEVELOPMENT","7/198","69/11067",0.101449275362319,5.67039964866052,5.2523646091728,0.00022281631541104,0.0111633149519864,0.00921873172597694,"ADM/CCN1/CSF2/EGFR/EOMES/PDGFB/SPINT1",7,"KO_heat_up","GO_BP",218,"ADM/CCN1/CSF2/EGFR/EOMES/PDGFB/SPINT1",7,69,2.03,0.00149925037481259,0.00113571834185122,0.000499750124937531
"GOBP_CONNECTIVE_TISSUE_DEVELOPMENT","GOBP_CONNECTIVE_TISSUE_DEVELOPMENT","13/198","228/11067",0.0570175438596491,3.18693514088251,4.50341377778852,0.000228702986517263,0.0111633149519864,0.00921873172597694,"CCN1/COL27A1/CSGALNACT1/EGR1/FOSL2/GDF6/IL17F/LTBP3/NPPC/PDGFA/PDGFB/SH3PXD2B/TIMP1",13,"KO_heat_up","GO_BP",218,"CCN1/COL27A1/CSGALNACT1/EGR1/FOSL2/GDF6/IL17F/LTBP3/NPPC/PDGFA/PDGFB/SH3PXD2B/TIMP1",13,228,6.893,0.0134932533733133,0.0145072536268134,0.000499750124937531
"GOBP_BONE_DEVELOPMENT","GOBP_BONE_DEVELOPMENT","11/198","170/11067",0.0647058823529412,3.61666666666667,4.64036904417343,0.00023617237767208,0.0111633149519864,0.00921873172597694,"ANXA2/COL27A1/CSGALNACT1/FOSL2/LTBP3/NAB2/NPPC/PDGFA/SH3PXD2B/TGM2/TNFSF11",11,"KO_heat_up","GO_BP",218,"ANXA2/COL27A1/CSGALNACT1/FOSL2/LTBP3/NAB2/NPPC/PDGFA/SH3PXD2B/TGM2/TNFSF11",11,170,5.0045,0.0154922538730635,0.0125565042692115,0.000499750124937531
"GOBP_LYMPHOCYTE_CHEMOTAXIS","GOBP_LYMPHOCYTE_CHEMOTAXIS","5/198","32/11067",0.15625,8.73342803030303,5.91281106928989,0.000236884786740274,0.0111633149519864,0.00921873172597694,"ADAM8/CCL3/CCL4/GPR183/TNFSF14",5,"KO_heat_up","GO_BP",218,"ADAM8/CCL3/CCL4/GPR183/TNFSF14",5,32,0.9675,0.00349825087456272,0.00318217979315831,0.000499750124937531
"GOBP_SKIN_DEVELOPMENT","GOBP_SKIN_DEVELOPMENT","12/198","199/11067",0.0603015075376884,3.37048880767474,4.55431186216373,0.000238423202635865,0.0111633149519864,0.00921873172597694,"CDKN1A/CLDN4/EGFR/EPHA2/FOSL2/INHBA/IRF6/ITGA3/PDGFA/PPL/RIPK4/TGM1",12,"KO_heat_up","GO_BP",218,"CDKN1A/CLDN4/EGFR/EPHA2/FOSL2/INHBA/IRF6/ITGA3/PDGFA/PPL/RIPK4/TGM1",12,199,5.7455,0.0129935032483758,0.0150225338007011,0.000999500249875062
"GOBP_PLACENTA_DEVELOPMENT","GOBP_PLACENTA_DEVELOPMENT","9/198","117/11067",0.0769230769230769,4.2995337995338,4.84252182227267,0.000244587778056181,0.0112510377905843,0.00929117376660323,"ADM/CCN1/CSF2/EGFR/EOMES/FOSL1/PDGFB/SPINT1/SPP1",9,"KO_heat_up","GO_BP",218,"ADM/CCN1/CSF2/EGFR/EOMES/FOSL1/PDGFB/SPINT1/SPP1",9,117,3.2565,0.00399800099950025,0.00205233453052848,0.000499750124937531
"GOBP_FIBROBLAST_PROLIFERATION","GOBP_FIBROBLAST_PROLIFERATION","7/198","71/11067",0.0985915492957746,5.51067008109262,5.14619224029579,0.000266510093654057,0.0120480942338093,0.00994938770683113,"CDKN1A/EGFR/FOSL2/LTA/PDGFA/PDGFB/SPHK1",7,"KO_heat_up","GO_BP",218,"CDKN1A/EGFR/FOSL2/LTA/PDGFA/PDGFB/SPHK1",7,71,2.2,0.00849575212393803,0.0050055617352614,0.000499750124937531
"GOBP_FOREBRAIN_DEVELOPMENT","GOBP_FOREBRAIN_DEVELOPMENT","14/198","264/11067",0.053030303030303,2.964072543618,4.35933689995634,0.000279032585987217,0.0123501050812965,0.0101987900566971,"ALDH1A2/APLP1/ATP2B4/AVPR1A/EFNA2/EGFR/EOMES/INHBA/KDM6B/NOTCH3/NR4A2/NR4A3/OPHN1/SLC2A1",14,"KO_heat_up","GO_BP",218,"ALDH1A2/APLP1/ATP2B4/AVPR1A/EFNA2/EGFR/EOMES/INHBA/KDM6B/NOTCH3/NR4A2/NR4A3/OPHN1/SLC2A1",14,264,8.0045,0.0294852573713143,0.022,0.000499750124937531
"GOBP_POSITIVE_REGULATION_OF_SECRETION","GOBP_POSITIVE_REGULATION_OF_SECRETION","13/198","233/11067",0.055793991416309,3.11854597476915,4.41117788713763,0.000282611100258501,0.0123501050812965,0.0101987900566971,"ADAM8/ADORA2A/ADORA2B/ANXA2/AVPR1A/GRP/IL1A/ILDR1/INHBA/SDC1/SDC4/SPP1/TNFSF11",13,"KO_heat_up","GO_BP",218,"ADAM8/ADORA2A/ADORA2B/ANXA2/AVPR1A/GRP/IL1A/ILDR1/INHBA/SDC1/SDC4/SPP1/TNFSF11",13,233,8.029,0.056471764117941,0.0420210105052526,0.000499750124937531
"GOBP_GLIOGENESIS","GOBP_GLIOGENESIS","13/198","234/11067",0.0555555555555556,3.10521885521885,4.39302770217909,0.000294605454351426,0.012663204939499,0.0104573497774095,"ADORA2A/ANO1/AREG/CCL3/CLU/EGR2/EOMES/GAP43/GPR183/LTA/NAB2/PARD3/SPINT1",13,"KO_heat_up","GO_BP",218,"ADORA2A/ANO1/AREG/CCL3/CLU/EGR2/EOMES/GAP43/GPR183/LTA/NAB2/PARD3/SPINT1",13,234,7.8305,0.0354822588705647,0.0255,0.000499750124937531
"GOBP_POSITIVE_REGULATION_OF_APOPTOTIC_SIGNALING_PATHWAY","GOBP_POSITIVE_REGULATION_OF_APOPTOTIC_SIGNALING_PATHWAY","9/198","121/11067",0.0743801652892562,4.15740045078888,4.71332908817016,0.000314660133335173,0.0132334413953446,0.0109282544262009,"ADORA2A/CD40LG/CLU/FASLG/INHBA/LTA/RET/TNFSF11/TNFSF14",9,"KO_heat_up","GO_BP",218,"ADORA2A/CD40LG/CLU/FASLG/INHBA/LTA/RET/TNFSF11/TNFSF14",9,121,3.6925,0.00699650174912544,0.00610997963340122,0.000499750124937531
"GOBP_MONOCYTE_CHEMOTAXIS","GOBP_MONOCYTE_CHEMOTAXIS","5/198","34/11067",0.147058823529412,8.21969696969697,5.69042564016534,0.000317965983183336,0.0132334413953446,0.0109282544262009,"CALCA/CCL3/PDGFB/SERPINE1/TNFSF11",5,"KO_heat_up","GO_BP",218,"CALCA/CCL3/PDGFB/SERPINE1/TNFSF11",5,34,1.1275,0.00399800099950025,0.00144196106705119,0.000499750124937531
"GOBP_LYMPHOCYTE_DIFFERENTIATION","GOBP_LYMPHOCYTE_DIFFERENTIATION","18/198","403/11067",0.0446650124069479,2.4965034965035,4.13050663805048,0.000325899919782382,0.0133517123385845,0.0110259232729007,"ADAM8/CD40LG/CD80/CD83/EGR1/EGR3/EOMES/FOSL2/GPR183/IL1A/IL2/IL23A/IL9/INHBA/KLRC1/SEMA4A/TNFSF9/ZBTB46",18,"KO_heat_up","GO_BP",218,"ADAM8/CD40LG/CD80/CD83/EGR1/EGR3/EOMES/FOSL2/GPR183/IL1A/IL2/IL23A/IL9/INHBA/KLRC1/SEMA4A/TNFSF9/ZBTB46",18,403,13.152,0.0859570214892554,0.0735,0.000999500249875062
"GOBP_REGULATION_OF_RESPONSE_TO_WOUNDING","GOBP_REGULATION_OF_RESPONSE_TO_WOUNDING","9/198","122/11067",0.0737704918032787,4.12332339791356,4.68189986320592,0.000334555537986019,0.0134954557015283,0.0111446273949351,"ANXA2/CLDN4/F3/HBEGF/PDGFA/PDGFB/PLAUR/SERPINE1/SPP1",9,"KO_heat_up","GO_BP",218,"ANXA2/CLDN4/F3/HBEGF/PDGFA/PDGFB/PLAUR/SERPINE1/SPP1",9,122,4.0405,0.0214892553723138,0.01417004048583,0.000499750124937531
"GOBP_T_CELL_DIFFERENTIATION","GOBP_T_CELL_DIFFERENTIATION","15/198","304/11067",0.0493421052631579,2.75792464114833,4.19472514232575,0.000367570793159832,0.0146025851464406,0.012058901459805,"ADAM8/CD80/CD83/EGR1/EGR3/EOMES/FOSL2/GPR183/IL1A/IL2/IL23A/KLRC1/SEMA4A/TNFSF9/ZBTB46",15,"KO_heat_up","GO_BP",218,"ADAM8/CD80/CD83/EGR1/EGR3/EOMES/FOSL2/GPR183/IL1A/IL2/IL23A/KLRC1/SEMA4A/TNFSF9/ZBTB46",15,304,10.453,0.0879560219890055,0.0695,0.000999500249875062
"GOBP_NEURON_PROJECTION_GUIDANCE","GOBP_NEURON_PROJECTION_GUIDANCE","10/198","152/11067",0.0657894736842105,3.67723285486443,4.48568945123299,0.000397105540806684,0.0155404586267929,0.0128334029448444,"ARHGEF25/EFNA2/EGR2/GAP43/NOTCH3/NR4A3/OPHN1/RET/SEMA4A/WNT3",10,"KO_heat_up","GO_BP",218,"ARHGEF25/EFNA2/EGR2/GAP43/NOTCH3/NR4A3/OPHN1/RET/SEMA4A/WNT3",10,152,3.759,0.00649675162418791,0.00356597045338767,0.000499750124937531
"GOBP_POSITIVE_REGULATION_OF_LYMPHOCYTE_MIGRATION","GOBP_POSITIVE_REGULATION_OF_LYMPHOCYTE_MIGRATION","5/198","36/11067",0.138888888888889,7.76304713804714,5.48553962093248,0.00041848971091426,0.0159026090147419,0.0131324688840676,"ADAM8/CCL20/CCL3/CCL4/TNFSF14",5,"KO_heat_up","GO_BP",218,"ADAM8/CCL20/CCL3/CCL4/TNFSF14",5,36,1.196,0.00699650174912544,0.00702740688685875,0.000499750124937531
"GOBP_REGULATION_OF_BONE_REMODELING","GOBP_REGULATION_OF_BONE_REMODELING","5/198","36/11067",0.138888888888889,7.76304713804714,5.48553962093248,0.00041848971091426,0.0159026090147419,0.0131324688840676,"ADAM8/CALCA/LTBP3/SPP1/TNFSF11",5,"KO_heat_up","GO_BP",218,"ADAM8/CALCA/LTBP3/SPP1/TNFSF11",5,36,1.014,0.00249875062468766,0,0.000499750124937531
"GOBP_REGULATION_OF_SYSTEMIC_ARTERIAL_BLOOD_PRESSURE","GOBP_REGULATION_OF_SYSTEMIC_ARTERIAL_BLOOD_PRESSURE","6/198","55/11067",0.109090909090909,6.09752066115702,5.11493797603171,0.000424987784958374,0.0159188281737265,0.0131458627617951,"ADM/AVPR1A/CALCA/GJA5/IER3/PDGFB",6,"KO_heat_up","GO_BP",218,"ADM/AVPR1A/CALCA/GJA5/IER3/PDGFB",6,55,1.6455,0.00349825087456272,0,0.000999500249875062
"GOBP_ANTIMICROBIAL_HUMORAL_RESPONSE","GOBP_ANTIMICROBIAL_HUMORAL_RESPONSE","7/198","77/11067",0.0909090909090909,5.08126721763085,4.8503678977149,0.000440357141223338,0.0159600390408059,0.013179894940358,"ADM/CALCA/CCL20/CCL22/CCL3/CCL4/IL17F",7,"KO_heat_up","GO_BP",218,"ADM/CALCA/CCL20/CCL22/CCL3/CCL4/IL17F",7,77,1.7085,0.00199900049975012,0.000606060606060606,0.000999500249875062
"GOBP_POSITIVE_REGULATION_OF_PHOSPHATIDYLINOSITOL_3_KINASE_PROTEIN_KINASE_B_SIGNAL_TRANSDUCTION","GOBP_POSITIVE_REGULATION_OF_PHOSPHATIDYLINOSITOL_3_KINASE_PROTEIN_KINASE_B_SIGNAL_TRANSDUCTION","10/198","154/11067",0.0649350649350649,3.62947658402204,4.4349703857606,0.000440590249822023,0.0159600390408059,0.013179894940358,"ADAM8/CCL3/EGFR/FAM110C/HBEGF/MST1R/PDGFA/PDGFB/RET/TNFSF11",10,"KO_heat_up","GO_BP",218,"ADAM8/CCL3/EGFR/FAM110C/HBEGF/MST1R/PDGFA/PDGFB/RET/TNFSF11",10,154,5.3285,0.039480259870065,0.0225338007010516,0.000999500249875062
"GOBP_CARDIOCYTE_DIFFERENTIATION","GOBP_CARDIOCYTE_DIFFERENTIATION","8/198","101/11067",0.0792079207920792,4.42724272427243,4.66997507851219,0.000444348913035405,0.0159600390408059,0.013179894940358,"ASB2/EGFR/EOMES/INHBA/KDM6B/NEB/PAK1/SPRY1",8,"KO_heat_up","GO_BP",218,"ASB2/EGFR/EOMES/INHBA/KDM6B/NEB/PAK1/SPRY1",8,101,3.711,0.023488255872064,0.0157760814249364,0.000499750124937531
"GOBP_RENAL_SYSTEM_VASCULATURE_DEVELOPMENT","GOBP_RENAL_SYSTEM_VASCULATURE_DEVELOPMENT","4/198","21/11067",0.19047619047619,10.6464646464646,5.97184378404879,0.000468530719880785,0.0163798339670322,0.0135265640813302,"EGR1/NOTCH3/PDGFA/PDGFB",4,"KO_heat_up","GO_BP",218,"EGR1/NOTCH3/PDGFA/PDGFB",4,21,0.76,0.00899550224887556,0.010989010989011,0.000499750124937531
"GOBP_VASCULAR_ASSOCIATED_SMOOTH_MUSCLE_CELL_DIFFERENTIATION","GOBP_VASCULAR_ASSOCIATED_SMOOTH_MUSCLE_CELL_DIFFERENTIATION","4/198","21/11067",0.19047619047619,10.6464646464646,5.97184378404879,0.000468530719880785,0.0163798339670322,0.0135265640813302,"ADM/C3/CTH/PDGFB",4,"KO_heat_up","GO_BP",218,"ADM/C3/CTH/PDGFB",4,21,0.6135,0.00249875062468766,0.00321199143468951,0.000999500249875062
"GOBP_REGULATION_OF_EXTRINSIC_APOPTOTIC_SIGNALING_PATHWAY_IN_ABSENCE_OF_LIGAND","GOBP_REGULATION_OF_EXTRINSIC_APOPTOTIC_SIGNALING_PATHWAY_IN_ABSENCE_OF_LIGAND","5/198","37/11067",0.135135135135135,7.55323505323505,5.3889230861381,0.000476923275466584,0.0164296082467304,0.0135676679768455,"CSF2/HSPA1A/IL1A/INHBA/RET",5,"KO_heat_up","GO_BP",218,"CSF2/HSPA1A/IL1A/INHBA/RET",5,37,1.121,0.00599700149925037,0.0022140221402214,0.000999500249875062
"GOBP_REGULATION_OF_LEUKOCYTE_PROLIFERATION","GOBP_REGULATION_OF_LEUKOCYTE_PROLIFERATION","12/198","215/11067",0.0558139534883721,3.11966173361522,4.23607880332663,0.000482486588481404,0.0164296082467304,0.0135676679768455,"CD40LG/CD70/CD80/CDKN1A/CSF2/GPR183/IL1A/IL2/IL23A/LST1/SDC4/TNFSF9",12,"KO_heat_up","GO_BP",218,"CD40LG/CD70/CD80/CDKN1A/CSF2/GPR183/IL1A/IL2/IL23A/LST1/SDC4/TNFSF9",12,215,7.6075,0.0649675162418791,0.049,0.000999500249875062
"GOBP_POSITIVE_REGULATION_OF_CELL_GROWTH","GOBP_POSITIVE_REGULATION_OF_CELL_GROWTH","9/198","129/11067",0.0697674418604651,3.89957716701903,4.47088707360589,0.000504967404811207,0.0169746735309613,0.0140177861227618,"AVPR1A/CRABP2/EGFR/HBEGF/IL2/IL9/PAK1/SPHK1/WNT3",9,"KO_heat_up","GO_BP",218,"AVPR1A/CRABP2/EGFR/HBEGF/IL2/IL9/PAK1/SPHK1/WNT3",9,129,3.8765,0.0144927536231884,0.00608519269776876,0.000499750124937531
"GOBP_MYELOID_LEUKOCYTE_MIGRATION","GOBP_MYELOID_LEUKOCYTE_MIGRATION","10/198","158/11067",0.0632911392405063,3.53759110088224,4.33601572852566,0.000539494998661828,0.0179057707150799,0.0147866917021636,"ADAM8/CALCA/CCL22/CCL3/CCL4/CD200/IL23A/PDGFB/SERPINE1/TNFSF11",10,"KO_heat_up","GO_BP",218,"ADAM8/CALCA/CCL22/CCL3/CCL4/CD200/IL23A/PDGFB/SERPINE1/TNFSF11",10,158,5.359,0.0419790104947526,0.0250752256770311,0.000499750124937531
"GOBP_OSSIFICATION","GOBP_OSSIFICATION","15/198","316/11067",0.0474683544303797,2.65319332566168,4.0241659993457,0.000551923426038007,0.0180892902883957,0.0149382432547392,"AREG/CCL3/CCN1/CSGALNACT1/EGFR/EGR2/EPHA2/FOSL2/LTBP3/NAB2/NPPC/SGMS2/SPP1/TNFSF11/WNT3",15,"KO_heat_up","GO_BP",218,"AREG/CCL3/CCN1/CSGALNACT1/EGFR/EGR2/EPHA2/FOSL2/LTBP3/NAB2/NPPC/SGMS2/SPP1/TNFSF11/WNT3",15,316,9.194,0.039480259870065,0.022,0.000999500249875062
"GOBP_MYELOID_CELL_DIFFERENTIATION","GOBP_MYELOID_CELL_DIFFERENTIATION","17/198","386/11067",0.0440414507772021,2.4616501805621,3.94515683777589,0.000561261720521399,0.0181496888657564,0.0149881207583046,"ANXA2/BATF3/CALCA/CCL3/CSF2/EFNA2/EPHA2/FOSL2/GPR183/HSPA1A/IL1A/IL1R2/IL23A/INHBA/TNFRSF11B/TNFSF11/ZBTB46",17,"KO_heat_up","GO_BP",218,"ANXA2/BATF3/CALCA/CCL3/CSF2/EFNA2/EPHA2/FOSL2/GPR183/HSPA1A/IL1A/IL1R2/IL23A/INHBA/TNFRSF11B/TNFSF11/ZBTB46",17,386,11.7015,0.0649675162418791,0.0405,0.00149925037481259
"GOBP_REGULATION_OF_LYMPHOCYTE_MIGRATION","GOBP_REGULATION_OF_LYMPHOCYTE_MIGRATION","6/198","58/11067",0.103448275862069,5.78213166144201,4.9282726154986,0.000567610406938225,0.0181496888657564,0.0149881207583046,"ADAM8/CCL20/CCL3/CCL4/CD200/TNFSF14",6,"KO_heat_up","GO_BP",218,"ADAM8/CCL20/CCL3/CCL4/CD200/TNFSF14",6,58,1.9495,0.0154922538730635,0.0110081112398609,0.000499750124937531
"GOBP_RENAL_SYSTEM_DEVELOPMENT","GOBP_RENAL_SYSTEM_DEVELOPMENT","12/198","221/11067",0.0542986425339367,3.03496503496504,4.12431114737055,0.000616886157764874,0.0185505087904034,0.0153191202303825,"ALDH1A2/EGR1/EPCAM/GDF6/ITGA3/NOTCH3/PDGFA/PDGFB/RET/SDC4/SPRY1/STRA6",12,"KO_heat_up","GO_BP",218,"ALDH1A2/EGR1/EPCAM/GDF6/ITGA3/NOTCH3/PDGFA/PDGFB/RET/SDC4/SPRY1/STRA6",12,221,7.051,0.0484757621189405,0.023,0.00149925037481259
"GOBP_EOSINOPHIL_CHEMOTAXIS","GOBP_EOSINOPHIL_CHEMOTAXIS","3/198","10/11067",0.3,16.7681818181818,6.73280595487316,0.000616942224331831,0.0185505087904034,0.0153191202303825,"CCL22/CCL3/CCL4",3,"KO_heat_up","GO_BP",218,"CCL22/CCL3/CCL4",3,10,0.204,0.00149925037481259,0.00542005420054201,0.000499750124937531
"GOBP_INTERLEUKIN_1_ALPHA_PRODUCTION","GOBP_INTERLEUKIN_1_ALPHA_PRODUCTION","3/198","10/11067",0.3,16.7681818181818,6.73280595487316,0.000616942224331831,0.0185505087904034,0.0153191202303825,"CALCA/IL1A/IL1R2",3,"KO_heat_up","GO_BP",218,"CALCA/IL1A/IL1R2",3,10,0.2035,0.000999500249875062,0.00265957446808511,0.000999500249875062
"GOBP_REGULATION_OF_CELL_PROLIFERATION_INVOLVED_IN_KIDNEY_DEVELOPMENT","GOBP_REGULATION_OF_CELL_PROLIFERATION_INVOLVED_IN_KIDNEY_DEVELOPMENT","3/198","10/11067",0.3,16.7681818181818,6.73280595487316,0.000616942224331831,0.0185505087904034,0.0153191202303825,"EGR1/PDGFA/PDGFB",3,"KO_heat_up","GO_BP",218,"EGR1/PDGFA/PDGFB",3,10,0.3555,0.00199900049975012,0.0032520325203252,0.000499750124937531
"GOBP_SIGNAL_TRANSDUCTION_IN_ABSENCE_OF_LIGAND","GOBP_SIGNAL_TRANSDUCTION_IN_ABSENCE_OF_LIGAND","6/198","59/11067",0.101694915254237,5.68412942989214,4.86893319610633,0.000622595260700037,0.0185505087904034,0.0153191202303825,"CSF2/HSPA1A/IL1A/IL2/INHBA/RET",6,"KO_heat_up","GO_BP",218,"CSF2/HSPA1A/IL1A/IL2/INHBA/RET",6,59,1.868,0.00899550224887556,0.00293083235638921,0.00249875062468766
"GOBP_SKELETAL_MUSCLE_CELL_DIFFERENTIATION","GOBP_SKELETAL_MUSCLE_CELL_DIFFERENTIATION","6/198","59/11067",0.101694915254237,5.68412942989214,4.86893319610633,0.000622595260700037,0.0185505087904034,0.0153191202303825,"ASB2/EGR1/EGR2/EOMES/KLF5/NR4A1",6,"KO_heat_up","GO_BP",218,"ASB2/EGR1/EGR2/EOMES/KLF5/NR4A1",6,59,1.5425,0.00699650174912544,0.00253807106598985,0.000499750124937531
"GOBP_NEGATIVE_REGULATION_OF_MYELOID_LEUKOCYTE_DIFFERENTIATION","GOBP_NEGATIVE_REGULATION_OF_MYELOID_LEUKOCYTE_DIFFERENTIATION","5/198","40/11067",0.125,6.98674242424242,5.11947015314067,0.000689361119238838,0.0203090433106093,0.016771328471606,"CALCA/CCL3/INHBA/TNFRSF11B/ZBTB46",5,"KO_heat_up","GO_BP",218,"CALCA/CCL3/INHBA/TNFRSF11B/ZBTB46",5,40,1.2625,0.00899550224887556,0.00412371134020619,0.000499750124937531
"GOBP_EPITHELIAL_CELL_PROLIFERATION","GOBP_EPITHELIAL_CELL_PROLIFERATION","14/198","291/11067",0.0481099656357388,2.68905550348849,3.94089403839359,0.000739454891475723,0.0215138391995837,0.0177662560654958,"ALDH1A2/AREG/CALCA/CDKN1A/EGFR/EGR3/EPHA2/F3/IRF6/NR4A1/NR4A3/PDGFB/TGM1/TNFSF11",14,"KO_heat_up","GO_BP",218,"ALDH1A2/AREG/CALCA/CDKN1A/EGFR/EGR3/EPHA2/F3/IRF6/NR4A1/NR4A3/PDGFB/TGM1/TNFSF11",14,291,9.8505,0.0924537731134433,0.0495,0.00199900049975012
"GOBP_MESODERM_DEVELOPMENT","GOBP_MESODERM_DEVELOPMENT","7/198","84/11067",0.0833333333333333,4.65782828282828,4.54187940284283,0.000746666425309731,0.0215138391995837,0.0177662560654958,"EOMES/EPHA2/INHBA/ITGA3/KDM6B/NR4A3/WNT3",7,"KO_heat_up","GO_BP",218,"EOMES/EPHA2/INHBA/ITGA3/KDM6B/NR4A3/WNT3",7,84,2.5735,0.0144927536231884,0.00809498111171074,0.000499750124937531
"GOBP_POSITIVE_REGULATION_OF_RECEPTOR_MEDIATED_ENDOCYTOSIS","GOBP_POSITIVE_REGULATION_OF_RECEPTOR_MEDIATED_ENDOCYTOSIS","5/198","41/11067",0.121951219512195,6.81633407243163,5.03576449047462,0.00077383820673209,0.0219287659043159,0.0181089050002721,"ANXA2/BICD1/C3/CLU/SERPINE1",5,"KO_heat_up","GO_BP",218,"ANXA2/BICD1/C3/CLU/SERPINE1",5,41,1.2135,0.00599700149925037,0.000700280112044818,0.000499750124937531
"GOBP_FORMATION_OF_PRIMARY_GERM_LAYER","GOBP_FORMATION_OF_PRIMARY_GERM_LAYER","7/198","85/11067",0.0823529411764706,4.6030303030303,4.50059353097362,0.000801562854530882,0.0219287659043159,0.0181089050002721,"EOMES/EPHA2/INHBA/ITGA3/KDM6B/NR4A3/WNT3",7,"KO_heat_up","GO_BP",218,"EOMES/EPHA2/INHBA/ITGA3/KDM6B/NR4A3/WNT3",7,85,2.4535,0.0114942528735632,0.00164024056861673,0.000499750124937531
"GOBP_POSITIVE_REGULATION_OF_T_CELL_PROLIFERATION","GOBP_POSITIVE_REGULATION_OF_T_CELL_PROLIFERATION","7/198","85/11067",0.0823529411764706,4.6030303030303,4.50059353097362,0.000801562854530882,0.0219287659043159,0.0181089050002721,"CD40LG/CD70/CD80/IL1A/IL2/IL23A/TNFSF9",7,"KO_heat_up","GO_BP",218,"CD40LG/CD70/CD80/IL1A/IL2/IL23A/TNFSF9",7,85,3.0265,0.024487756121939,0.0135135135135135,0.00149925037481259
"GOBP_T_CELL_MIGRATION","GOBP_T_CELL_MIGRATION","6/198","62/11067",0.0967741935483871,5.40909090909091,4.69875724588116,0.000812612650854691,0.0219287659043159,0.0181089050002721,"ADAM8/CCL20/CCL3/CD200/GPR183/TNFSF14",6,"KO_heat_up","GO_BP",218,"ADAM8/CCL20/CCL3/CD200/GPR183/TNFSF14",6,62,2.1195,0.0199900049975013,0.0062111801242236,0.000999500249875062
"GOBP_GLOMERULAR_MESANGIUM_DEVELOPMENT","GOBP_GLOMERULAR_MESANGIUM_DEVELOPMENT","3/198","11/11067",0.272727272727273,15.2438016528926,6.37905547068892,0.000837147466315559,0.0219287659043159,0.0181089050002721,"EGR1/PDGFA/PDGFB",3,"KO_heat_up","GO_BP",218,"EGR1/PDGFA/PDGFB",3,11,0.347,0.00349825087456272,0,0.000499750124937531
"GOBP_GRANULOCYTE_MACROPHAGE_COLONY_STIMULATING_FACTOR_PRODUCTION","GOBP_GRANULOCYTE_MACROPHAGE_COLONY_STIMULATING_FACTOR_PRODUCTION","3/198","11/11067",0.272727272727273,15.2438016528926,6.37905547068892,0.000837147466315559,0.0219287659043159,0.0181089050002721,"CD80/IL17F/IL23A",3,"KO_heat_up","GO_BP",218,"CD80/IL17F/IL23A",3,11,0.297,0.00249875062468766,0.00189035916824197,0.000499750124937531
"GOBP_MESENCHYMAL_STEM_CELL_DIFFERENTIATION","GOBP_MESENCHYMAL_STEM_CELL_DIFFERENTIATION","3/198","11/11067",0.272727272727273,15.2438016528926,6.37905547068892,0.000837147466315559,0.0219287659043159,0.0181089050002721,"LTBP3/SLC4A11/WNT3",3,"KO_heat_up","GO_BP",218,"LTBP3/SLC4A11/WNT3",3,11,0.261,0.00149925037481259,0,0.000999500249875062
"GOBP_POSITIVE_REGULATION_OF_VASCULAR_ASSOCIATED_SMOOTH_MUSCLE_CELL_MIGRATION","GOBP_POSITIVE_REGULATION_OF_VASCULAR_ASSOCIATED_SMOOTH_MUSCLE_CELL_MIGRATION","3/198","11/11067",0.272727272727273,15.2438016528926,6.37905547068892,0.000837147466315559,0.0219287659043159,0.0181089050002721,"NR4A3/PAK1/PDGFB",3,"KO_heat_up","GO_BP",218,"NR4A3/PAK1/PDGFB",3,11,0.3295,0.00199900049975012,0,0.000999500249875062
"GOBP_NEGATIVE_REGULATION_OF_DEFENSE_RESPONSE","GOBP_NEGATIVE_REGULATION_OF_DEFENSE_RESPONSE","12/198","229/11067",0.0524017467248908,2.92894005557761,3.98102617533583,0.000843861916497641,0.0219287659043159,0.0181089050002721,"ADORA2A/CD200/IER3/IL1A/IL1R2/IL1RN/IL2/KLRC1/NR4A3/PLK2/TNFSF14/UACA",12,"KO_heat_up","GO_BP",218,"ADORA2A/CD200/IER3/IL1A/IL1R2/IL1RN/IL2/KLRC1/NR4A3/PLK2/TNFSF14/UACA",12,229,7.437,0.0559720139930035,0.0265132566283142,0.000999500249875062
"GOBP_MUSCLE_TISSUE_DEVELOPMENT","GOBP_MUSCLE_TISSUE_DEVELOPMENT","14/198","295/11067",0.0474576271186441,2.65259373394967,3.8829524389601,0.000844700746123535,0.0219287659043159,0.0181089050002721,"ALDH1A2/ASB2/EGR1/EGR2/EOMES/FOSL2/GJA5/KDM6B/KLF5/NEB/NR4A1/PAK1/STRA6/TP73",14,"KO_heat_up","GO_BP",218,"ALDH1A2/ASB2/EGR1/EGR2/EOMES/FOSL2/GJA5/KDM6B/KLF5/NEB/NR4A1/PAK1/STRA6/TP73",14,295,9.1535,0.0664667666166917,0.0335,0.000999500249875062
"GOBP_MUSCLE_CELL_DIFFERENTIATION","GOBP_MUSCLE_CELL_DIFFERENTIATION","15/198","330/11067",0.0454545454545455,2.54063360881543,3.8348465880893,0.000861978361820263,0.0221579143597326,0.0182981371544301,"ADM/ASB2/AVPR1A/C3/CD53/CTH/EHD2/KDM6B/KLF5/MAPK12/NEB/PAK1/PDGFB/SDC1/TNFSF14",15,"KO_heat_up","GO_BP",218,"ADM/ASB2/AVPR1A/C3/CD53/CTH/EHD2/KDM6B/KLF5/MAPK12/NEB/PAK1/PDGFB/SDC1/TNFSF14",15,330,9.0625,0.0324837581209395,0.013,0.000999500249875062
"GOBP_ERK1_AND_ERK2_CASCADE","GOBP_ERK1_AND_ERK2_CASCADE","12/198","230/11067",0.0521739130434783,2.91620553359684,3.96355240783349,0.000876601074981665,0.0223118530574249,0.0184252606443948,"ADORA2A/CCL3/CCN1/EGFR/EPHA2/GPR183/IL1A/INHBA/PDGFA/PDGFB/SPRY1/TNFSF11",12,"KO_heat_up","GO_BP",218,"ADORA2A/CCL3/CCN1/EGFR/EPHA2/GPR183/IL1A/INHBA/PDGFA/PDGFB/SPRY1/TNFSF11",12,230,7.811,0.0794602698650675,0.037,0.00199900049975012
"GOBP_NEGATIVE_REGULATION_OF_RESPONSE_TO_WOUNDING","GOBP_NEGATIVE_REGULATION_OF_RESPONSE_TO_WOUNDING","6/198","63/11067",0.0952380952380952,5.32323232323232,4.64447566785337,0.000884985781072538,0.0223118530574249,0.0184252606443948,"ANXA2/PDGFA/PDGFB/PLAUR/SERPINE1/SPP1",6,"KO_heat_up","GO_BP",218,"ANXA2/PDGFA/PDGFB/PLAUR/SERPINE1/SPP1",6,63,1.961,0.00949525237381309,0.00405561993047509,0.000499750124937531
"GOBP_B_CELL_PROLIFERATION","GOBP_B_CELL_PROLIFERATION","7/198","88/11067",0.0795454545454545,4.446108815427,4.3804836529428,0.000985609465231373,0.0243798869607232,0.020133055312621,"CD40LG/CD70/CDKN1A/FOSL2/GPR183/IL2/IL9",7,"KO_heat_up","GO_BP",218,"CD40LG/CD70/CDKN1A/FOSL2/GPR183/IL2/IL9",7,88,3.0015,0.0324837581209395,0.00997899159663865,0.000999500249875062
"GOBP_INTERLEUKIN_1_PRODUCTION","GOBP_INTERLEUKIN_1_PRODUCTION","7/198","88/11067",0.0795454545454545,4.446108815427,4.3804836529428,0.000985609465231373,0.0243798869607232,0.020133055312621,"CALCA/CCL3/EGR1/IL1A/IL1R2/S1PR3/SPHK1",7,"KO_heat_up","GO_BP",218,"CALCA/CCL3/EGR1/IL1A/IL1R2/S1PR3/SPHK1",7,88,3.153,0.0329835082458771,0.0123902942694889,0.00149925037481259
"GOBP_REGULATION_OF_T_CELL_ACTIVATION","GOBP_REGULATION_OF_T_CELL_ACTIVATION","15/198","335/11067",0.0447761194029851,2.50271370420624,3.76956687338838,0.00100376398121973,0.0245969080257769,0.0203122725958581,"ADAM8/ADORA2A/CD40LG/CD70/CD80/CD83/EGR3/HSPH1/IL1A/IL2/IL23A/SDC4/TNFSF11/TNFSF14/TNFSF9",15,"KO_heat_up","GO_BP",218,"ADAM8/ADORA2A/CD40LG/CD70/CD80/CD83/EGR3/HSPH1/IL1A/IL2/IL23A/SDC4/TNFSF11/TNFSF14/TNFSF9",15,335,11.818,0.191904047976012,0.101,0.00199900049975012
"GOBP_ADAPTIVE_IMMUNE_RESPONSE_BASED_ON_SOMATIC_RECOMBINATION_OF_IMMUNE_RECEPTORS_BUILT_FROM_IMMUNOGLOBULIN_SUPERFAMILY_DOMAINS","GOBP_ADAPTIVE_IMMUNE_RESPONSE_BASED_ON_SOMATIC_RECOMBINATION_OF_IMMUNE_RECEPTORS_BUILT_FROM_IMMUNOGLOBULIN_SUPERFAMILY_DOMAINS","14/198","302/11067",0.0463576158940397,2.59110977322898,3.78381357917801,0.00105938634848817,0.0253354259620311,0.0209221450896856,"C3/CD40LG/CD70/CD80/CLU/IGKC/IL17F/IL2/IL23A/IL9/KLRC1/LTA/SEMA4A/ZBTB46",14,"KO_heat_up","GO_BP",218,"C3/CD40LG/CD70/CD80/CLU/IGKC/IL17F/IL2/IL23A/IL9/KLRC1/LTA/SEMA4A/ZBTB46",14,302,10.087,0.120939530234883,0.0595,0.000999500249875062
"GOBP_REGULATION_OF_LIPID_BIOSYNTHETIC_PROCESS","GOBP_REGULATION_OF_LIPID_BIOSYNTHETIC_PROCESS","9/198","143/11067",0.0629370629370629,3.51780038143675,4.09007810714534,0.00106019485899109,0.0253354259620311,0.0209221450896856,"ADM/AVPR1A/C3/CCN1/EGR1/GFI1/PDGFA/PDGFB/SPHK1",9,"KO_heat_up","GO_BP",218,"ADM/AVPR1A/C3/CCN1/EGR1/GFI1/PDGFA/PDGFB/SPHK1",9,143,4.872,0.0484757621189405,0.0186304128902316,0.000999500249875062
"GOBP_NEGATIVE_REGULATION_OF_WOUND_HEALING","GOBP_NEGATIVE_REGULATION_OF_WOUND_HEALING","5/198","44/11067",0.113636363636364,6.35158402203857,4.80056016066329,0.00107387069532293,0.0253354259620311,0.0209221450896856,"ANXA2/PDGFA/PDGFB/PLAUR/SERPINE1",5,"KO_heat_up","GO_BP",218,"ANXA2/PDGFA/PDGFB/PLAUR/SERPINE1",5,44,1.3175,0.00499750124937531,0.00068073519400953,0.000499750124937531
"GOBP_LEUKOCYTE_MEDIATED_IMMUNITY","GOBP_LEUKOCYTE_MEDIATED_IMMUNITY","15/198","338/11067",0.0443786982248521,2.48050026896181,3.73095792839133,0.0010979578977022,0.0253354259620311,0.0209221450896856,"ADORA2B/C3/CCL3/CD40LG/CD70/CD80/CLU/GRP/IGKC/IL2/IL23A/IL9/KLRC1/LTA/NR4A3",15,"KO_heat_up","GO_BP",218,"ADORA2B/C3/CCL3/CD40LG/CD70/CD80/CLU/GRP/IGKC/IL2/IL23A/IL9/KLRC1/LTA/NR4A3",15,338,11.3725,0.15592203898051,0.0775,0.000999500249875062
"GOBP_POSITIVE_REGULATION_OF_HUMORAL_IMMUNE_RESPONSE","GOBP_POSITIVE_REGULATION_OF_HUMORAL_IMMUNE_RESPONSE","3/198","12/11067",0.25,13.9734848484848,6.06877494282883,0.00110154025921874,0.0253354259620311,0.0209221450896856,"C3/IL17F/LTA",3,"KO_heat_up","GO_BP",218,"C3/IL17F/LTA",3,12,0.3855,0.00549725137431284,0.00302114803625378,0.00149925037481259
"GOBP_REGULATION_OF_INTERLEUKIN_1_MEDIATED_SIGNALING_PATHWAY","GOBP_REGULATION_OF_INTERLEUKIN_1_MEDIATED_SIGNALING_PATHWAY","3/198","12/11067",0.25,13.9734848484848,6.06877494282883,0.00110154025921874,0.0253354259620311,0.0209221450896856,"IL1A/IL1R2/IL1RN",3,"KO_heat_up","GO_BP",218,"IL1A/IL1R2/IL1RN",3,12,0.241,0.000999500249875062,0,0.000999500249875062
"GOBP_REGULATION_OF_URINE_VOLUME","GOBP_REGULATION_OF_URINE_VOLUME","3/198","12/11067",0.25,13.9734848484848,6.06877494282883,0.00110154025921874,0.0253354259620311,0.0209221450896856,"ADM/ADORA2A/NPR3",3,"KO_heat_up","GO_BP",218,"ADM/ADORA2A/NPR3",3,12,0.3265,0.00449775112443778,0.00178571428571429,0.000499750124937531
"GOBP_REGULATION_OF_RECEPTOR_MEDIATED_ENDOCYTOSIS","GOBP_REGULATION_OF_RECEPTOR_MEDIATED_ENDOCYTOSIS","7/198","91/11067",0.0769230769230769,4.2995337995338,4.26564159062166,0.00120140743507982,0.02739208951982,0.0226205500591231,"ANXA2/BICD1/C3/CLU/OPHN1/SERPINE1/SH3GL3",7,"KO_heat_up","GO_BP",218,"ANXA2/BICD1/C3/CLU/OPHN1/SERPINE1/SH3GL3",7,91,2.5085,0.0149925037481259,0.002710027100271,0.00149925037481259
"GOBP_RECEPTOR_MEDIATED_ENDOCYTOSIS","GOBP_RECEPTOR_MEDIATED_ENDOCYTOSIS","11/198","208/11067",0.0528846153846154,2.95592948717949,3.84346631069192,0.00128323369356601,0.0290055064183627,0.0239529193073074,"ADM/ANXA2/BICD1/C3/CALCA/CLU/OPHN1/PLXNB2/SDC1/SERPINE1/SH3GL3",11,"KO_heat_up","GO_BP",218,"ADM/ANXA2/BICD1/C3/CALCA/CLU/OPHN1/PLXNB2/SDC1/SERPINE1/SH3GL3",11,208,5.34,0.0184907546226887,0.00551931761164074,0.00149925037481259
"GOBP_MYELOID_LEUKOCYTE_ACTIVATION","GOBP_MYELOID_LEUKOCYTE_ACTIVATION","11/198","209/11067",0.0526315789473684,2.94178628389155,3.82501186933665,0.00133376433598214,0.0298900007602151,0.0246833399830433,"ADORA2B/BATF3/CCL3/CD200/CLU/CSF2/GRP/HAVCR1/NR4A1/NR4A3/SPHK1",11,"KO_heat_up","GO_BP",218,"ADORA2B/BATF3/CCL3/CD200/CLU/CSF2/GRP/HAVCR1/NR4A1/NR4A3/SPHK1",11,209,7.216,0.0939530234882559,0.038,0.000499750124937531
"GOBP_B_CELL_MEDIATED_IMMUNITY","GOBP_B_CELL_MEDIATED_IMMUNITY","8/198","120/11067",0.0666666666666667,3.72626262626263,4.05269469243034,0.00138506405772937,0.0301256126087688,0.0248779096456049,"C3/CD40LG/CD70/CLU/IGKC/IL2/IL9/LTA",8,"KO_heat_up","GO_BP",218,"C3/CD40LG/CD70/CLU/IGKC/IL2/IL9/LTA",8,120,3.6025,0.0294852573713143,0.00613183444047011,0.000999500249875062
"GOBP_POSITIVE_REGULATION_OF_PHOSPHORYLATION","GOBP_POSITIVE_REGULATION_OF_PHOSPHORYLATION","11/198","210/11067",0.0523809523809524,2.92777777777778,3.80666651453097,0.00138592022012357,0.0301256126087688,0.0248779096456049,"AREG/C3/CALCA/CARD10/CD80/CDKN1A/EGFR/LTA/MST1R/PDGFB/PLAUR",11,"KO_heat_up","GO_BP",218,"AREG/C3/CALCA/CARD10/CD80/CDKN1A/EGFR/LTA/MST1R/PDGFB/PLAUR",11,210,6.8405,0.072463768115942,0.0285142571285643,0.000499750124937531
"GOBP_POSITIVE_REGULATION_OF_HEMOPOIESIS","GOBP_POSITIVE_REGULATION_OF_HEMOPOIESIS","10/198","179/11067",0.0558659217877095,3.12256644658879,3.86408692639438,0.00140843711393145,0.0301256126087688,0.0248779096456049,"ADAM8/CALCA/CD80/CD83/EGR3/IL2/IL23A/TNFSF11/TNFSF9/ZBTB46",10,"KO_heat_up","GO_BP",218,"ADAM8/CALCA/CD80/CD83/EGR3/IL2/IL23A/TNFSF11/TNFSF9/ZBTB46",10,179,6.7395,0.120939530234883,0.047,0.000999500249875062
"GOBP_EYELID_DEVELOPMENT_IN_CAMERA_TYPE_EYE","GOBP_EYELID_DEVELOPMENT_IN_CAMERA_TYPE_EYE","3/198","13/11067",0.230769230769231,12.8986013986014,5.79349979175229,0.00141321523679579,0.0301256126087688,0.0248779096456049,"EGFR/INHBA/STRA6",3,"KO_heat_up","GO_BP",218,"EGFR/INHBA/STRA6",3,13,0.345,0.00649675162418791,0.00170648464163823,0.000999500249875062
"GOBP_FIBRINOLYSIS","GOBP_FIBRINOLYSIS","3/198","13/11067",0.230769230769231,12.8986013986014,5.79349979175229,0.00141321523679579,0.0301256126087688,0.0248779096456049,"ANXA2/PLAUR/SERPINE1",3,"KO_heat_up","GO_BP",218,"ANXA2/PLAUR/SERPINE1",3,13,0.231,0.000499750124937531,0,0.00149925037481259
"GOBP_POSITIVE_REGULATION_OF_SYNCYTIUM_FORMATION_BY_PLASMA_MEMBRANE_FUSION","GOBP_POSITIVE_REGULATION_OF_SYNCYTIUM_FORMATION_BY_PLASMA_MEMBRANE_FUSION","3/198","13/11067",0.230769230769231,12.8986013986014,5.79349979175229,0.00141321523679579,0.0301256126087688,0.0248779096456049,"CD53/EHD2/TNFSF14",3,"KO_heat_up","GO_BP",218,"CD53/EHD2/TNFSF14",3,13,0.303,0.00599700149925037,0.00191570881226054,0.00199900049975012
"GOBP_CELLULAR_RESPONSE_TO_INTERLEUKIN_1","GOBP_CELLULAR_RESPONSE_TO_INTERLEUKIN_1","6/198","69/11067",0.0869565217391304,4.86034255599473,4.34136865058338,0.00142914488687714,0.0302194991402569,0.0249554417003928,"CCL3/EGR1/IL1A/IL1R2/IL1RN/MAPK13",6,"KO_heat_up","GO_BP",218,"CCL3/EGR1/IL1A/IL1R2/IL1RN/MAPK13",6,69,2.182,0.0179910044977511,0.00613496932515337,0.000999500249875062
"GOBP_DEFENSE_RESPONSE_TO_GRAM_NEGATIVE_BACTERIUM","GOBP_DEFENSE_RESPONSE_TO_GRAM_NEGATIVE_BACTERIUM","5/198","47/11067",0.106382978723404,5.9461637653127,4.58627146057076,0.00145255123698075,0.0304687147469082,0.0251612454271108,"ADM/CALCA/IL17F/IL23A/SERPINE1",5,"KO_heat_up","GO_BP",218,"ADM/CALCA/IL17F/IL23A/SERPINE1",5,47,1.584,0.0184907546226887,0.0049906425452277,0.000999500249875062
"GOBP_CARTILAGE_DEVELOPMENT","GOBP_CARTILAGE_DEVELOPMENT","9/198","150/11067",0.06,3.35363636363636,3.91711636594359,0.00148276640111367,0.0308556627279369,0.0254807893658381,"CCN1/COL27A1/CSGALNACT1/FOSL2/GDF6/IL17F/LTBP3/NPPC/TIMP1",9,"KO_heat_up","GO_BP",218,"CCN1/COL27A1/CSGALNACT1/FOSL2/GDF6/IL17F/LTBP3/NPPC/TIMP1",9,150,4.547,0.0349825087456272,0.00757575757575758,0.000499750124937531
"GOBP_POSITIVE_REGULATION_OF_VASCULATURE_DEVELOPMENT","GOBP_POSITIVE_REGULATION_OF_VASCULATURE_DEVELOPMENT","8/198","122/11067",0.0655737704918033,3.66517635370094,3.99513185670997,0.00153988271415359,0.0315513420825728,0.0260552855047783,"ADM/C3/F3/HK2/IL1A/SERPINE1/SPHK1/TGM2",8,"KO_heat_up","GO_BP",218,"ADM/C3/F3/HK2/IL1A/SERPINE1/SPHK1/TGM2",8,122,3.837,0.0264867566216892,0.00862944162436548,0.000999500249875062
"GOBP_ACUTE_INFLAMMATORY_RESPONSE","GOBP_ACUTE_INFLAMMATORY_RESPONSE","6/198","70/11067",0.0857142857142857,4.79090909090909,4.29426074480796,0.00154026383927129,0.0315513420825728,0.0260552855047783,"ADAM8/C3/F3/IL1A/IL1RN/TNFSF11",6,"KO_heat_up","GO_BP",218,"ADAM8/C3/F3/IL1A/IL1RN/TNFSF11",6,70,2.319,0.0269865067466267,0.00547345374931582,0.00199900049975012
"GOBP_ENDOCHONDRAL_BONE_MORPHOGENESIS","GOBP_ENDOCHONDRAL_BONE_MORPHOGENESIS","5/198","48/11067",0.104166666666667,5.82228535353535,4.51892950644107,0.00159824817874354,0.0322354363435813,0.0266202146046596,"COL27A1/CSGALNACT1/FOSL2/NAB2/NPPC",5,"KO_heat_up","GO_BP",218,"COL27A1/CSGALNACT1/FOSL2/NAB2/NPPC",5,48,1.473,0.0139930034982509,0.00127959053103007,0.00149925037481259
"GOBP_REGULATION_OF_PROTEIN_MATURATION","GOBP_REGULATION_OF_PROTEIN_MATURATION","5/198","48/11067",0.104166666666667,5.82228535353535,4.51892950644107,0.00159824817874354,0.0322354363435813,0.0266202146046596,"ADAM8/ANXA2/IL1R2/PLAUR/SERPINE1",5,"KO_heat_up","GO_BP",218,"ADAM8/ANXA2/IL1R2/PLAUR/SERPINE1",5,48,1.268,0.00749625187406297,0.00206185567010309,0.00149925037481259
"GOBP_REGULATION_OF_CHEMOTAXIS","GOBP_REGULATION_OF_CHEMOTAXIS","9/198","152/11067",0.0592105263157895,3.30950956937799,3.86957103639948,0.00162560673641706,0.0325369531517979,0.0268692089739646,"CCL3/CCL4/F3/GPR183/IL23A/PDGFB/SERPINE1/TNFSF14/WNT3",9,"KO_heat_up","GO_BP",218,"CCL3/CCL4/F3/GPR183/IL23A/PDGFB/SERPINE1/TNFSF14/WNT3",9,152,5.392,0.0849575212393803,0.0286288297338021,0.00149925037481259
"GOBP_REGULATION_OF_HUMORAL_IMMUNE_RESPONSE","GOBP_REGULATION_OF_HUMORAL_IMMUNE_RESPONSE","4/198","29/11067",0.137931034482759,7.70950888192267,4.88289819807882,0.00166270425023529,0.0330273526069464,0.0272741837538596,"C3/CLU/IL17F/LTA",4,"KO_heat_up","GO_BP",218,"C3/CLU/IL17F/LTA",4,29,0.87,0.0119940029985007,0.00334728033472803,0.00249875062468766
"GOBP_BONE_RESORPTION","GOBP_BONE_RESORPTION","5/198","49/11067",0.102040816326531,5.7034632034632,4.45345984127294,0.00175440639387845,0.0342221236543967,0.0282608327741355,"ADAM8/CALCA/LTBP3/SPP1/TNFSF11",5,"KO_heat_up","GO_BP",218,"ADAM8/CALCA/LTBP3/SPP1/TNFSF11",5,49,1.412,0.0119940029985007,0.00326583932070542,0.00299850074962519
"GOBP_CELL_PROLIFERATION_INVOLVED_IN_KIDNEY_DEVELOPMENT","GOBP_CELL_PROLIFERATION_INVOLVED_IN_KIDNEY_DEVELOPMENT","3/198","14/11067",0.214285714285714,11.9772727272727,5.54691512660177,0.00177506057093744,0.0342221236543967,0.0282608327741355,"EGR1/PDGFA/PDGFB",3,"KO_heat_up","GO_BP",218,"EGR1/PDGFA/PDGFB",3,14,0.5755,0.015992003998001,0.00333333333333333,0.000999500249875062
"GOBP_POSITIVE_REGULATION_OF_LYMPHOCYTE_CHEMOTAXIS","GOBP_POSITIVE_REGULATION_OF_LYMPHOCYTE_CHEMOTAXIS","3/198","14/11067",0.214285714285714,11.9772727272727,5.54691512660177,0.00177506057093744,0.0342221236543967,0.0282608327741355,"CCL3/CCL4/TNFSF14",3,"KO_heat_up","GO_BP",218,"CCL3/CCL4/TNFSF14",3,14,0.4325,0.00949525237381309,0.00281293952180028,0.00149925037481259
"GOBP_REGULATION_OF_PLASMINOGEN_ACTIVATION","GOBP_REGULATION_OF_PLASMINOGEN_ACTIVATION","3/198","14/11067",0.214285714285714,11.9772727272727,5.54691512660177,0.00177506057093744,0.0342221236543967,0.0282608327741355,"ANXA2/PLAUR/SERPINE1",3,"KO_heat_up","GO_BP",218,"ANXA2/PLAUR/SERPINE1",3,14,0.366,0.00499750124937531,0,0.00249875062468766
"GOBP_POSITIVE_REGULATION_OF_EPITHELIAL_CELL_PROLIFERATION","GOBP_POSITIVE_REGULATION_OF_EPITHELIAL_CELL_PROLIFERATION","8/198","125/11067",0.064,3.57721212121212,3.91101922018902,0.00179752952109906,0.034402353316217,0.0284096674982771,"AREG/EGFR/EGR3/F3/NR4A1/NR4A3/PDGFB/TGM1",8,"KO_heat_up","GO_BP",218,"AREG/EGFR/EGR3/F3/NR4A1/NR4A3/PDGFB/TGM1",8,125,4.1715,0.0489755122438781,0.0141057934508816,0.00199900049975012
"GOBP_INTERLEUKIN_1_MEDIATED_SIGNALING_PATHWAY","GOBP_INTERLEUKIN_1_MEDIATED_SIGNALING_PATHWAY","4/198","30/11067",0.133333333333333,7.45252525252525,4.77636989811638,0.00189195564665327,0.0356885446440638,0.0294718119285557,"EGR1/IL1A/IL1R2/IL1RN",4,"KO_heat_up","GO_BP",218,"EGR1/IL1A/IL1R2/IL1RN",4,30,0.765,0.00549725137431284,0.000910746812386157,0.00199900049975012
"GOBP_RHYTHMIC_BEHAVIOR","GOBP_RHYTHMIC_BEHAVIOR","4/198","30/11067",0.133333333333333,7.45252525252525,4.77636989811638,0.00189195564665327,0.0356885446440638,0.0294718119285557,"ADORA2A/CSF2/EGR1/EGR2",4,"KO_heat_up","GO_BP",218,"ADORA2A/CSF2/EGR1/EGR2",4,30,0.776,0.00549725137431284,0.000904159132007233,0.000999500249875062
"GOBP_GLOMERULUS_DEVELOPMENT","GOBP_GLOMERULUS_DEVELOPMENT","5/198","50/11067",0.1,5.58939393939394,4.38977033112243,0.00192146680262965,0.0357311060744323,0.0295069594102964,"EGR1/NOTCH3/PDGFA/PDGFB/RET",5,"KO_heat_up","GO_BP",218,"EGR1/NOTCH3/PDGFA/PDGFB/RET",5,50,1.613,0.0219890054972514,0.00496277915632754,0.000999500249875062
"GOBP_SMOOTH_MUSCLE_CELL_MIGRATION","GOBP_SMOOTH_MUSCLE_CELL_MIGRATION","5/198","50/11067",0.1,5.58939393939394,4.38977033112243,0.00192146680262965,0.0357311060744323,0.0295069594102964,"NR4A3/PAK1/PDGFA/PDGFB/SERPINE1",5,"KO_heat_up","GO_BP",218,"NR4A3/PAK1/PDGFA/PDGFB/SERPINE1",5,50,1.8165,0.0364817591204398,0.00587889476778366,0.00149925037481259
"GOBP_ALPHA_BETA_T_CELL_ACTIVATION","GOBP_ALPHA_BETA_T_CELL_ACTIVATION","10/198","188/11067",0.0531914893617021,2.97308188265635,3.68266893828103,0.00202853927819429,0.0374565492072214,0.0309318405874401,"ADORA2A/CD80/CD83/EOMES/FOSL2/GPR183/HSPH1/IL2/IL23A/SEMA4A",10,"KO_heat_up","GO_BP",218,"ADORA2A/CD80/CD83/EOMES/FOSL2/GPR183/HSPH1/IL2/IL23A/SEMA4A",10,188,6.5985,0.108445777111444,0.0415415415415415,0.00199900049975012
"GOBP_POSITIVE_REGULATION_OF_MONONUCLEAR_CELL_MIGRATION","GOBP_POSITIVE_REGULATION_OF_MONONUCLEAR_CELL_MIGRATION","6/198","74/11067",0.0810810810810811,4.53194103194103,4.1143792752339,0.00205174214291609,0.0376200552358461,0.0310668648360574,"ADAM8/CCL20/CCL3/CCL4/SERPINE1/TNFSF14",6,"KO_heat_up","GO_BP",218,"ADAM8/CCL20/CCL3/CCL4/SERPINE1/TNFSF14",6,74,2.755,0.0584707646176912,0.0169401799894124,0.00199900049975012
"GOBP_BLOOD_VESSEL_ENDOTHELIAL_CELL_MIGRATION","GOBP_BLOOD_VESSEL_ENDOTHELIAL_CELL_MIGRATION","7/198","100/11067",0.07,3.91257575757576,3.94881185967831,0.00207675573182235,0.0378142606169319,0.0312272407920948,"ATP2B4/CARD10/EGR3/EPHA2/NR4A1/PDGFB/PLK2",7,"KO_heat_up","GO_BP",218,"ATP2B4/CARD10/EGR3/EPHA2/NR4A1/PDGFB/PLK2",7,100,3.5005,0.0569715142428786,0.0138674884437596,0.00149925037481259
"GOBP_ADENYLATE_CYCLASE_MODULATING_G_PROTEIN_COUPLED_RECEPTOR_SIGNALING_PATHWAY","GOBP_ADENYLATE_CYCLASE_MODULATING_G_PROTEIN_COUPLED_RECEPTOR_SIGNALING_PATHWAY","9/198","158/11067",0.0569620253164557,3.18383199079402,3.73154282313184,0.00212156573584209,0.0383637610991584,0.0316810215508326,"ADCY4/ADM/ADORA2A/ADORA2B/APLP1/ATP2B4/CALCA/PTGER2/S1PR3",9,"KO_heat_up","GO_BP",218,"ADCY4/ADM/ADORA2A/ADORA2B/APLP1/ATP2B4/CALCA/PTGER2/S1PR3",9,158,4.052,0.0204897551224388,0.00303336703741153,0.00199900049975012
"GOBP_POSITIVE_REGULATION_OF_ERK1_AND_ERK2_CASCADE","GOBP_POSITIVE_REGULATION_OF_ERK1_AND_ERK2_CASCADE","8/198","129/11067",0.062015503875969,3.46629081512802,3.80279850818554,0.00219278784822972,0.0386844942498075,0.0319458848897403,"ADORA2A/CCL3/EGFR/GPR183/INHBA/PDGFA/PDGFB/TNFSF11",8,"KO_heat_up","GO_BP",218,"ADORA2A/CCL3/EGFR/GPR183/INHBA/PDGFA/PDGFB/TNFSF11",8,129,4.7105,0.0824587706146927,0.0256539235412475,0.00149925037481259
"GOBP_BONE_MORPHOGENESIS","GOBP_BONE_MORPHOGENESIS","6/198","75/11067",0.08,4.47151515151515,4.07140654651859,0.00219758568933052,0.0386844942498075,0.0319458848897403,"COL27A1/CSGALNACT1/FOSL2/LTBP3/NAB2/NPPC",6,"KO_heat_up","GO_BP",218,"COL27A1/CSGALNACT1/FOSL2/LTBP3/NAB2/NPPC",6,75,2.4005,0.0344827586206897,0.0054525627044711,0.000999500249875062
"GOBP_NEUROINFLAMMATORY_RESPONSE","GOBP_NEUROINFLAMMATORY_RESPONSE","6/198","75/11067",0.08,4.47151515151515,4.07140654651859,0.00219758568933052,0.0386844942498075,0.0319458848897403,"ADORA2A/CCL3/CD200/CLU/DAGLA/SPHK1",6,"KO_heat_up","GO_BP",218,"ADORA2A/CCL3/CD200/CLU/DAGLA/SPHK1",6,75,2.818,0.0599700149925037,0.0136482939632546,0.00349825087456272
"GOBP_REGULATION_OF_TUBE_SIZE","GOBP_REGULATION_OF_TUBE_SIZE","7/198","101/11067",0.0693069306930693,3.87383738373837,3.91590267788926,0.00219831794173201,0.0386844942498075,0.0319458848897403,"ADM/ADORA2A/ADORA2B/AVPR1A/CALCA/GJA5/NPPC",7,"KO_heat_up","GO_BP",218,"ADM/ADORA2A/ADORA2B/AVPR1A/CALCA/GJA5/NPPC",7,101,3.54,0.0674662668665667,0.0112589559877175,0.00349825087456272
"GOBP_CARDIAC_CELL_DEVELOPMENT","GOBP_CARDIAC_CELL_DEVELOPMENT","5/198","52/11067",0.0961538461538462,5.37441724941725,4.26739417621065,0.00229007119570907,0.0397653422195309,0.0328384555564555,"ASB2/INHBA/NEB/PAK1/SPRY1",5,"KO_heat_up","GO_BP",218,"ASB2/INHBA/NEB/PAK1/SPRY1",5,52,1.809,0.0389805097451274,0.00472533963378618,0.00199900049975012
"GOBP_MAMMARY_GLAND_EPITHELIUM_DEVELOPMENT","GOBP_MAMMARY_GLAND_EPITHELIUM_DEVELOPMENT","5/198","52/11067",0.0961538461538462,5.37441724941725,4.26739417621065,0.00229007119570907,0.0397653422195309,0.0328384555564555,"AREG/EPHA2/IRF6/TNFSF11/WNT3",5,"KO_heat_up","GO_BP",218,"AREG/EPHA2/IRF6/TNFSF11/WNT3",5,52,1.872,0.0314842578710645,0.00647058823529412,0.00399800099950025
"GOBP_REGULATION_OF_PHOSPHORYLATION","GOBP_REGULATION_OF_PHOSPHORYLATION","15/198","365/11067",0.0410958904109589,2.29701120797011,3.40087619013942,0.00233499189429732,0.04004117622784,0.0330662409172054,"AREG/C3/CALCA/CARD10/CD80/CDKN1A/EGFR/GPRC5A/INHBA/LTA/MST1R/PARD3/PDGFB/PLAUR/PLXNB2",15,"KO_heat_up","GO_BP",218,"AREG/C3/CALCA/CARD10/CD80/CDKN1A/EGFR/GPRC5A/INHBA/LTA/MST1R/PARD3/PDGFB/PLAUR/PLXNB2",15,365,11.267,0.148925537231384,0.0485,0.00249875062468766
"GOBP_MUSCLE_ADAPTATION","GOBP_MUSCLE_ADAPTATION","6/198","76/11067",0.0789473684210526,4.41267942583732,4.02918139700827,0.0023511171831386,0.04004117622784,0.0330662409172054,"ASB2/ATP2B4/GATM/NR4A3/PAK1/PDGFB",6,"KO_heat_up","GO_BP",218,"ASB2/ATP2B4/GATM/NR4A3/PAK1/PDGFB",6,76,2.8855,0.0604697651174413,0.0110526315789474,0.00149925037481259
"GOBP_HEMOSTASIS","GOBP_HEMOSTASIS","10/198","192/11067",0.0520833333333333,2.91114267676768,3.60547281901522,0.00236704131018886,0.04004117622784,0.0330662409172054,"ADORA2A/ANXA2/CD40LG/F3/PDGFA/PDGFB/PLAUR/PLEK/PROCR/SERPINE1",10,"KO_heat_up","GO_BP",218,"ADORA2A/ANXA2/CD40LG/F3/PDGFA/PDGFB/PLAUR/PLEK/PROCR/SERPINE1",10,192,5.3695,0.0354822588705647,0.00803212851405622,0.00399800099950025
"GOBP_VASCULAR_PROCESS_IN_CIRCULATORY_SYSTEM","GOBP_VASCULAR_PROCESS_IN_CIRCULATORY_SYSTEM","10/198","192/11067",0.0520833333333333,2.91114267676768,3.60547281901522,0.00236704131018886,0.04004117622784,0.0330662409172054,"ADM/ADORA2A/ADORA2B/ATP2B4/AVPR1A/CALCA/GJA5/NPPC/SLC13A3/SLC2A1",10,"KO_heat_up","GO_BP",218,"ADM/ADORA2A/ADORA2B/ATP2B4/AVPR1A/CALCA/GJA5/NPPC/SLC13A3/SLC2A1",10,192,6.0695,0.0789605197401299,0.0225225225225225,0.00199900049975012
"GOBP_GASTRULATION","GOBP_GASTRULATION","8/198","131/11067",0.0610687022900763,3.41337034466805,3.75027834849763,0.00241448873918288,0.0405819838085739,0.0335128430263103,"EOMES/EPHA2/IL1RN/INHBA/ITGA3/KDM6B/NR4A3/WNT3",8,"KO_heat_up","GO_BP",218,"EOMES/EPHA2/IL1RN/INHBA/ITGA3/KDM6B/NR4A3/WNT3",8,131,3.7685,0.0324837581209395,0.00510725229826353,0.00199900049975012
"GOBP_SMOOTH_MUSCLE_CELL_PROLIFERATION","GOBP_SMOOTH_MUSCLE_CELL_PROLIFERATION","7/198","103/11067",0.0679611650485437,3.79861724036481,3.85133004614872,0.00245788204846037,0.0410481957392553,0.0338978436049814,"CDKN1A/HBEGF/NOTCH3/NPPC/NR4A3/PAK1/PDGFB",7,"KO_heat_up","GO_BP",218,"CDKN1A/HBEGF/NOTCH3/NPPC/NR4A3/PAK1/PDGFB",7,103,3.89,0.0909545227386307,0.0197869101978691,0.00249875062468766
"GOBP_POSITIVE_REGULATION_OF_CHEMOTAXIS","GOBP_POSITIVE_REGULATION_OF_CHEMOTAXIS","7/198","104/11067",0.0673076923076923,3.76209207459207,3.81964717070291,0.00259620549125192,0.0428128981010222,0.0353551452863634,"CCL3/CCL4/F3/IL23A/PDGFB/SERPINE1/TNFSF14",7,"KO_heat_up","GO_BP",218,"CCL3/CCL4/F3/IL23A/PDGFB/SERPINE1/TNFSF14",7,104,3.897,0.0879560219890055,0.0197869101978691,0.00249875062468766
"GOBP_REGULATION_OF_MYELOID_LEUKOCYTE_DIFFERENTIATION","GOBP_REGULATION_OF_MYELOID_LEUKOCYTE_DIFFERENTIATION","7/198","104/11067",0.0673076923076923,3.76209207459207,3.81964717070291,0.00259620549125192,0.0428128981010222,0.0353551452863634,"CALCA/CCL3/IL23A/INHBA/TNFRSF11B/TNFSF11/ZBTB46",7,"KO_heat_up","GO_BP",218,"CALCA/CCL3/IL23A/INHBA/TNFRSF11B/TNFSF11/ZBTB46",7,104,3.686,0.0814592703648176,0.0138319672131148,0.00199900049975012
"GOBP_EMBRYONIC_FORELIMB_MORPHOGENESIS","GOBP_EMBRYONIC_FORELIMB_MORPHOGENESIS","3/198","16/11067",0.1875,10.4801136363636,5.12160261734322,0.00265982897940967,0.043587947400076,0.0359951855963532,"ALDH1A2/CRABP2/WNT3",3,"KO_heat_up","GO_BP",218,"ALDH1A2/CRABP2/WNT3",3,16,0.387,0.00749625187406297,0.00154083204930663,0.00249875062468766
"GOBP_MONOCYTE_DIFFERENTIATION","GOBP_MONOCYTE_DIFFERENTIATION","4/198","33/11067",0.121212121212121,6.77502295684114,4.48412105847966,0.00270945564399709,0.0441254204879526,0.0364390340614711,"CSF2/IL1A/IL1R2/ZBTB46",4,"KO_heat_up","GO_BP",218,"CSF2/IL1A/IL1R2/ZBTB46",4,33,1.062,0.0199900049975013,0.00301431801055011,0.00149925037481259
"GOBP_RESPIRATORY_SYSTEM_DEVELOPMENT","GOBP_RESPIRATORY_SYSTEM_DEVELOPMENT","9/198","164/11067",0.0548780487804878,3.06735033259424,3.59994719077844,0.00273144557209583,0.0442089524076251,0.0365080152163816,"ALDH1A2/ANXA2/FOSL2/ITGA3/LTBP3/PDGFA/SPRY1/STRA6/TP73",9,"KO_heat_up","GO_BP",218,"ALDH1A2/ANXA2/FOSL2/ITGA3/LTBP3/PDGFA/SPRY1/STRA6/TP73",9,164,5.289,0.0779610194902549,0.013091641490433,0.00449775112443778
"GOBP_REGULATION_OF_NEURON_APOPTOTIC_PROCESS","GOBP_REGULATION_OF_NEURON_APOPTOTIC_PROCESS","10/198","197/11067",0.050761421319797,2.83725580679895,3.51172988437344,0.00285253547467097,0.045704136697759,0.0377427472749971,"ADAM8/ADORA2A/CCL3/CLU/EGR1/FASLG/NPPC/NR4A2/NR4A3/NRBP2",10,"KO_heat_up","GO_BP",218,"ADAM8/ADORA2A/CCL3/CLU/EGR1/FASLG/NPPC/NR4A2/NR4A3/NRBP2",10,197,6.77,0.127936031984008,0.027027027027027,0.00249875062468766
"GOBP_POSITIVE_REGULATION_OF_MAPK_CASCADE","GOBP_POSITIVE_REGULATION_OF_MAPK_CASCADE","14/198","336/11067",0.0416666666666667,2.32891414141414,3.33871691853619,0.0028652100340323,0.045704136697759,0.0377427472749971,"ADAM8/ADORA2A/CCL3/EGFR/GDF6/GPR183/IL1A/INHBA/MST1R/PDGFA/PDGFB/RET/SPHK1/TNFSF11",14,"KO_heat_up","GO_BP",218,"ADAM8/ADORA2A/CCL3/EGFR/GDF6/GPR183/IL1A/INHBA/MST1R/PDGFA/PDGFB/RET/SPHK1/TNFSF11",14,336,10.743,0.176911544227886,0.048,0.00399800099950025
"GOBP_REGULATION_OF_LEUKOCYTE_DIFFERENTIATION","GOBP_REGULATION_OF_LEUKOCYTE_DIFFERENTIATION","13/198","300/11067",0.0433333333333333,2.42207070707071,3.37029250906009,0.00287611844207866,0.045704136697759,0.0377427472749971,"ADAM8/CALCA/CCL3/CD80/CD83/EGR3/IL2/IL23A/INHBA/TNFRSF11B/TNFSF11/TNFSF9/ZBTB46",13,"KO_heat_up","GO_BP",218,"ADAM8/CALCA/CCL3/CD80/CD83/EGR3/IL2/IL23A/INHBA/TNFRSF11B/TNFSF11/TNFSF9/ZBTB46",13,300,10.7185,0.271364317841079,0.0865,0.00499750124937531
"GOBP_MORPHOGENESIS_OF_A_BRANCHING_STRUCTURE","GOBP_MORPHOGENESIS_OF_A_BRANCHING_STRUCTURE","8/198","135/11067",0.0592592592592593,3.31223344556678,3.64822726929532,0.00291042759304955,0.0459707298131079,0.0379629014515087,"ADM/AREG/EPHA2/PAK1/PDGFA/SPINT1/SPRY1/TGM2",8,"KO_heat_up","GO_BP",218,"ADM/AREG/EPHA2/PAK1/PDGFA/SPINT1/SPRY1/TGM2",8,135,4.83,0.101949025487256,0.0191435768261965,0.00299850074962519
"GOBP_POSITIVE_REGULATION_OF_MIRNA_METABOLIC_PROCESS","GOBP_POSITIVE_REGULATION_OF_MIRNA_METABOLIC_PROCESS","5/198","55/11067",0.0909090909090909,5.08126721763085,4.09521217655155,0.00293589986948516,0.046095385974791,0.0380658432494861,"EGFR/EGR1/FOSL1/NOTCH3/PDGFB",5,"KO_heat_up","GO_BP",218,"EGFR/EGR1/FOSL1/NOTCH3/PDGFB",5,55,1.964,0.0424787606196902,0.00635103926096998,0.00149925037481259
"GOBP_NEGATIVE_REGULATION_OF_MEMBRANE_PERMEABILITY","GOBP_NEGATIVE_REGULATION_OF_MEMBRANE_PERMEABILITY","3/198","17/11067",0.176470588235294,9.86363636363637,4.93615042418812,0.00318756471684593,0.0491634981621766,0.0405995084987745,"HK2/HSPA1A/IER3",3,"KO_heat_up","GO_BP",218,"HK2/HSPA1A/IER3",3,17,0.5035,0.0184907546226887,0.0025062656641604,0.00199900049975012
"GOBP_PLASMINOGEN_ACTIVATION","GOBP_PLASMINOGEN_ACTIVATION","3/198","17/11067",0.176470588235294,9.86363636363637,4.93615042418812,0.00318756471684593,0.0491634981621766,0.0405995084987745,"ANXA2/PLAUR/SERPINE1",3,"KO_heat_up","GO_BP",218,"ANXA2/PLAUR/SERPINE1",3,17,0.432,0.00749625187406297,0,0.00349825087456272
"GOBP_PODOSOME_ASSEMBLY","GOBP_PODOSOME_ASSEMBLY","3/198","17/11067",0.176470588235294,9.86363636363637,4.93615042418812,0.00318756471684593,0.0491634981621766,0.0405995084987745,"ASB2/CSF2/SH3PXD2B",3,"KO_heat_up","GO_BP",218,"ASB2/CSF2/SH3PXD2B",3,17,0.4085,0.00649675162418791,0,0.00199900049975012
"GOMF_CYTOKINE_ACTIVITY","GOMF_CYTOKINE_ACTIVITY","27/187","128/9625",0.2109375,10.8570772058824,15.8022361610134,6.43101400444724e-21,2.39876822365882e-18,2.17300578466059e-18,"AREG/C3/CCL20/CCL22/CCL3/CCL4/CD40LG/CSF2/FASLG/GDF6/IL17F/IL1A/IL1RN/IL2/IL23A/IL24/IL3/IL9/INHBA/LTA/SPP1/TIMP1/TNFRSF11B/TNFSF11/TNFSF14/TNFSF9/WNT3",27,"KO_heat_up","GO_MF",218,"AREG/C3/CCL20/CCL22/CCL3/CCL4/CD40LG/CSF2/FASLG/GDF6/IL17F/IL1A/IL1RN/IL2/IL23A/IL24/IL3/IL9/INHBA/LTA/SPP1/TIMP1/TNFRSF11B/TNFSF11/TNFSF14/TNFSF9/WNT3",27,128,1.9945,0.000499750124937531,0,0.000499750124937531
"GOMF_CYTOKINE_RECEPTOR_BINDING","GOMF_CYTOKINE_RECEPTOR_BINDING","21/187","191/9625",0.109947643979058,5.65906991068679,9.15433073282321,1.05492115258861e-10,1.96742794957775e-08,1.78226152621549e-08,"ADAM8/C3/CCL20/CCL22/CCL3/CCL4/CD40LG/CD70/CSF2/FASLG/IL17F/IL1A/IL1RN/IL2/IL23A/IL3/IL9/LTA/TNFSF11/TNFSF14/TNFSF9",21,"KO_heat_up","GO_MF",218,"ADAM8/C3/CCL20/CCL22/CCL3/CCL4/CD40LG/CD70/CSF2/FASLG/IL17F/IL1A/IL1RN/IL2/IL23A/IL3/IL9/LTA/TNFSF11/TNFSF14/TNFSF9",21,191,3.4345,0.000499750124937531,0,0.000499750124937531
"GOMF_TUMOR_NECROSIS_FACTOR_RECEPTOR_BINDING","GOMF_TUMOR_NECROSIS_FACTOR_RECEPTOR_BINDING","7/187","27/9625",0.259259259259259,13.3442265795207,9.04094896803094,5.96960148680247e-07,7.42220451525774e-05,6.7236564114512e-05,"CD40LG/CD70/FASLG/LTA/TNFSF11/TNFSF14/TNFSF9",7,"KO_heat_up","GO_MF",218,"CD40LG/CD70/FASLG/LTA/TNFSF11/TNFSF14/TNFSF9",7,27,0.437,0.000499750124937531,0,0.000499750124937531
"GOMF_GROWTH_FACTOR_ACTIVITY","GOMF_GROWTH_FACTOR_ACTIVITY","11/187","89/9625",0.123595505617978,6.3615333773959,7.15252723266179,1.0841557366426e-06,0.000101097522441922,9.15826293321775e-05,"AREG/CSF2/GDF6/HBEGF/IL2/IL3/IL9/INHBA/PDGFA/PDGFB/TIMP1",11,"KO_heat_up","GO_MF",218,"AREG/CSF2/GDF6/HBEGF/IL2/IL3/IL9/INHBA/PDGFA/PDGFB/TIMP1",11,89,1.582,0.000499750124937531,0,0.000499750124937531
"GOMF_TUMOR_NECROSIS_FACTOR_RECEPTOR_SUPERFAMILY_BINDING","GOMF_TUMOR_NECROSIS_FACTOR_RECEPTOR_SUPERFAMILY_BINDING","8/187","43/9625",0.186046511627907,9.57592339261286,7.9331499148156,1.41651080282871e-06,0.000105671705891022,9.57263089911613e-05,"ADAM8/CD40LG/CD70/FASLG/LTA/TNFSF11/TNFSF14/TNFSF9",8,"KO_heat_up","GO_MF",218,"ADAM8/CD40LG/CD70/FASLG/LTA/TNFSF11/TNFSF14/TNFSF9",8,43,0.7495,0.000499750124937531,0,0.000499750124937531
"GOMF_G_PROTEIN_COUPLED_RECEPTOR_BINDING","GOMF_G_PROTEIN_COUPLED_RECEPTOR_BINDING","14/187","178/9625",0.0786516853932584,4.0482485128883,5.77792683324139,9.02472181259092e-06,0.000561036872682735,0.000508234333656436,"ADM/ADORA2A/APLP1/AVPR1A/BICD1/C3/CALCA/CCL20/CCL22/CCL3/CCL4/HSPA1A/IL2/WNT3",14,"KO_heat_up","GO_MF",218,"ADM/ADORA2A/APLP1/AVPR1A/BICD1/C3/CALCA/CCL20/CCL22/CCL3/CCL4/HSPA1A/IL2/WNT3",14,178,3.247,0.000499750124937531,0,0.000499750124937531
"GOMF_GROWTH_FACTOR_RECEPTOR_BINDING","GOMF_GROWTH_FACTOR_RECEPTOR_BINDING","10/187","95/9625",0.105263157894737,5.41795665634675,6.09109575728673,1.45604982300397e-05,0.000775866548543543,0.000702845102532743,"AREG/CSF2/HBEGF/IL1A/IL1RN/IL2/IL3/IL9/PDGFA/PDGFB",10,"KO_heat_up","GO_MF",218,"AREG/CSF2/HBEGF/IL1A/IL1RN/IL2/IL3/IL9/PDGFA/PDGFB",10,95,1.7895,0.000499750124937531,0,0.000499750124937531
"GOMF_CHEMOKINE_ACTIVITY","GOMF_CHEMOKINE_ACTIVITY","5/187","29/9625",0.172413793103448,8.87423935091278,5.97752106152375,0.000213299481834017,0.00994508834051105,0.00900909653535783,"C3/CCL20/CCL22/CCL3/CCL4",5,"KO_heat_up","GO_MF",218,"C3/CCL20/CCL22/CCL3/CCL4",5,29,0.4695,0.000499750124937531,0,0.000499750124937531
"GOMF_CCR_CHEMOKINE_RECEPTOR_BINDING","GOMF_CCR_CHEMOKINE_RECEPTOR_BINDING","4/187","20/9625",0.2,10.2941176470588,5.85643196970993,0.00052385900749398,0.0217110455328061,0.0196676890532828,"CCL20/CCL22/CCL3/CCL4",4,"KO_heat_up","GO_MF",218,"CCL20/CCL22/CCL3/CCL4",4,20,0.3005,0.000499750124937531,0,0.00149925037481259
"GOMF_CHEMOKINE_RECEPTOR_BINDING","GOMF_CHEMOKINE_RECEPTOR_BINDING","5/187","39/9625",0.128205128205128,6.59879336349925,4.93135938829456,0.000883771537811277,0.0329646783603606,0.0298621751197284,"C3/CCL20/CCL22/CCL3/CCL4",5,"KO_heat_up","GO_MF",218,"C3/CCL20/CCL22/CCL3/CCL4",5,39,0.658,0.000999500249875062,0,0.000999500249875062
"GOMF_GROWTH_FACTOR_BINDING","GOMF_GROWTH_FACTOR_BINDING","8/187","105/9625",0.0761904761904762,3.92156862745098,4.23692612377884,0.000977533687647505,0.0331472786811381,0.030027589831086,"CCN1/EGFR/EPHA2/IL1R2/IL1RN/LTBP3/PDGFA/PDGFB",8,"KO_heat_up","GO_MF",218,"CCN1/EGFR/EPHA2/IL1R2/IL1RN/LTBP3/PDGFA/PDGFB",8,105,1.866,0.000999500249875062,0,0.000499750124937531
"KEGG_CYTOKINE_CYTOKINE_RECEPTOR_INTERACTION","KEGG_CYTOKINE_CYTOKINE_RECEPTOR_INTERACTION","24/89","184/3730",0.130434782608696,5.46653639472399,9.71384744219426,1.95980127469169e-12,1.9793992874386e-10,1.65035896816142e-10,"CCL20/CCL22/CCL3/CCL4/CD40LG/CD70/CSF2/EGFR/FASLG/IL1A/IL1R2/IL2/IL23A/IL24/IL3/IL9/INHBA/LTA/PDGFA/PDGFB/TNFRSF11B/TNFSF11/TNFSF14/TNFSF9",24,"KO_heat_up","KEGG",218,"CCL20/CCL22/CCL3/CCL4/CD40LG/CD70/CSF2/EGFR/FASLG/IL1A/IL1R2/IL2/IL23A/IL24/IL3/IL9/INHBA/LTA/PDGFA/PDGFB/TNFRSF11B/TNFSF11/TNFSF14/TNFSF9",24,184,4.9605,0.000499750124937531,0.0025062656641604,0.000499750124937531
"KEGG_GRAFT_VERSUS_HOST_DISEASE","KEGG_GRAFT_VERSUS_HOST_DISEASE","5/89","27/3730",0.185185185185185,7.76113191843529,5.51195027809856,0.000368429663007054,0.0186056979818562,0.0155128279160865,"CD80/FASLG/IL1A/IL2/KLRC1",5,"KO_heat_up","KEGG",218,"CD80/FASLG/IL1A/IL2/KLRC1",5,27,1.68,0.0134932533733133,0.0172209026128266,0.00149925037481259
"KEGG_TYPE_I_DIABETES_MELLITUS","KEGG_TYPE_I_DIABETES_MELLITUS","5/89","30/3730",0.166666666666667,6.98501872659176,5.14524589068712,0.000614661181356385,0.020693593105665,0.0172536471959687,"CD80/FASLG/IL1A/IL2/LTA",5,"KO_heat_up","KEGG",218,"CD80/FASLG/IL1A/IL2/LTA",5,30,1.6685,0.0154922538730635,0.0160714285714286,0.00149925037481259
"KEGG_NEUROACTIVE_LIGAND_RECEPTOR_INTERACTION","KEGG_NEUROACTIVE_LIGAND_RECEPTOR_INTERACTION","8/89","97/3730",0.0824742268041237,3.45650411212788,3.83222958392766,0.00195080529875278,0.0492578337935076,0.0410695852369006,"ADORA2A/ADORA2B/AVPR1A/GZMA/LTB4R/PARD3/PTGER2/S1PR3",8,"KO_heat_up","KEGG",218,"ADORA2A/ADORA2B/AVPR1A/GZMA/LTB4R/PARD3/PTGER2/S1PR3",8,97,1.8925,0.000999500249875062,0.000585137507314219,0.00149925037481259
"REACTOME_INTERLEUKIN_10_SIGNALING","REACTOME_INTERLEUKIN_10_SIGNALING","10/159","37/7981",0.27027027027027,13.5662077171511,10.9226138592216,1.62746437660733e-09,7.66535721382053e-07,6.80108797382221e-07,"CCL20/CCL22/CCL3/CCL4/CD80/CSF2/IL1A/IL1R2/IL1RN/TIMP1",10,"KO_heat_up","Reactome",218,"CCL20/CCL22/CCL3/CCL4/CD80/CSF2/IL1A/IL1R2/IL1RN/TIMP1",10,37,0.59,0.000499750124937531,0,0.000499750124937531
"REACTOME_TNFS_BIND_THEIR_PHYSIOLOGICAL_RECEPTORS","REACTOME_TNFS_BIND_THEIR_PHYSIOLOGICAL_RECEPTORS","7/159","23/7981",0.304347826086957,15.2767295597484,9.77533805984392,2.04680074890751e-07,4.82021576367719e-05,4.27673630166464e-05,"CD70/FASLG/LTA/TNFRSF11B/TNFSF11/TNFSF14/TNFSF9",7,"KO_heat_up","Reactome",218,"CD70/FASLG/LTA/TNFRSF11B/TNFSF11/TNFSF14/TNFSF9",7,23,0.302,0.000499750124937531,0,0.000499750124937531
"REACTOME_GPCR_LIGAND_BINDING","REACTOME_GPCR_LIGAND_BINDING","16/159","205/7981",0.0780487804878049,3.9176560822212,6.03356512600193,2.87106686111061e-06,0.000450757497194366,0.000399934576793303,"ADM/ADORA2A/ADORA2B/AVPR1A/C3/CALCA/CCL20/CCL22/CCL3/CCL4/GPR183/GRP/LTB4R/PTGER2/S1PR3/WNT3",16,"KO_heat_up","Reactome",218,"ADM/ADORA2A/ADORA2B/AVPR1A/C3/CALCA/CCL20/CCL22/CCL3/CCL4/GPR183/GRP/LTB4R/PTGER2/S1PR3/WNT3",16,205,3.7345,0.000499750124937531,0,0.000499750124937531
"REACTOME_NGF_STIMULATED_TRANSCRIPTION","REACTOME_NGF_STIMULATED_TRANSCRIPTION","7/159","36/7981",0.194444444444444,9.76013277428372,7.51027933480878,5.60517747091826e-06,0.000660009647200625,0.000585593541040671,"EGR1/EGR2/EGR3/F3/FOSL1/NAB2/SH3GL3",7,"KO_heat_up","Reactome",218,"EGR1/EGR2/EGR3/F3/FOSL1/NAB2/SH3GL3",7,36,0.5965,0.000499750124937531,0,0.000499750124937531
"REACTOME_CLASS_A_1_RHODOPSIN_LIKE_RECEPTORS","REACTOME_CLASS_A_1_RHODOPSIN_LIKE_RECEPTORS","13/159","156/7981",0.0833333333333333,4.18291404612159,5.72382225418601,1.26729616345789e-05,0.00119379298597734,0.00105919279345849,"ADORA2A/ADORA2B/AVPR1A/C3/CCL20/CCL22/CCL3/CCL4/GPR183/GRP/LTB4R/PTGER2/S1PR3",13,"KO_heat_up","Reactome",218,"ADORA2A/ADORA2B/AVPR1A/C3/CCL20/CCL22/CCL3/CCL4/GPR183/GRP/LTB4R/PTGER2/S1PR3",13,156,2.7425,0.000499750124937531,0,0.000499750124937531
"REACTOME_SIGNALING_BY_INTERLEUKINS","REACTOME_SIGNALING_BY_INTERLEUKINS","21/159","397/7981",0.052896725440806,2.65514947008222,4.82307941117348,3.67351397313076e-05,0.00288370846890765,0.00255857025847879,"ANXA2/CCL20/CCL22/CCL3/CCL4/CD80/CDKN1A/CSF2/FASLG/IL17F/IL1A/IL1R2/IL1RN/IL2/IL23A/IL24/IL3/IL9/PTPN5/SDC1/TIMP1",21,"KO_heat_up","Reactome",218,"ANXA2/CCL20/CCL22/CCL3/CCL4/CD80/CDKN1A/CSF2/FASLG/IL17F/IL1A/IL1R2/IL1RN/IL2/IL23A/IL24/IL3/IL9/PTPN5/SDC1/TIMP1",21,397,6.525,0.000499750124937531,0,0.000499750124937531
"REACTOME_SIGNALING_BY_NTRKS","REACTOME_SIGNALING_BY_NTRKS","10/159","117/7981",0.0854700854700855,4.2901682524324,5.11128841880177,0.000106221084016033,0.00714716151022166,0.00634131885028047,"ADORA2A/EGR1/EGR2/EGR3/F3/FOSL1/MAPK12/MAPK13/NAB2/SH3GL3",10,"KO_heat_up","Reactome",218,"ADORA2A/EGR1/EGR2/EGR3/F3/FOSL1/MAPK12/MAPK13/NAB2/SH3GL3",10,117,1.755,0.000499750124937531,0,0.000499750124937531
"REACTOME_NUCLEAR_EVENTS_KINASE_AND_TRANSCRIPTION_FACTOR_ACTIVATION","REACTOME_NUCLEAR_EVENTS_KINASE_AND_TRANSCRIPTION_FACTOR_ACTIVATION","7/159","58/7981",0.120689655172414,6.05801344610714,5.5117593865092,0.000139813132195336,0.00823149815800039,0.00730339651073003,"EGR1/EGR2/EGR3/F3/FOSL1/NAB2/SH3GL3",7,"KO_heat_up","Reactome",218,"EGR1/EGR2/EGR3/F3/FOSL1/NAB2/SH3GL3",7,58,0.903,0.000499750124937531,0,0.000499750124937531
"REACTOME_EGFR_DOWNREGULATION","REACTOME_EGFR_DOWNREGULATION","5/159","27/7981",0.185185185185185,9.29536454693687,6.15553304377374,0.000166852230794922,0.00841648156587522,0.00746752303419926,"AREG/EGFR/HBEGF/SH3GL3/SPRY1",5,"KO_heat_up","Reactome",218,"AREG/EGFR/HBEGF/SH3GL3/SPRY1",5,27,0.351,0.000499750124937531,0,0.000499750124937531
"REACTOME_TNFR2_NON_CANONICAL_NF_KB_PATHWAY","REACTOME_TNFR2_NON_CANONICAL_NF_KB_PATHWAY","8/159","80/7981",0.1,5.01949685534591,5.15129899075824,0.000178693876133232,0.00841648156587522,0.00746752303419926,"CD40LG/CD70/FASLG/LTA/TNFRSF11B/TNFSF11/TNFSF14/TNFSF9",8,"KO_heat_up","Reactome",218,"CD40LG/CD70/FASLG/LTA/TNFRSF11B/TNFSF11/TNFSF14/TNFSF9",8,80,0.6575,0.000499750124937531,0,0.000499750124937531
"REACTOME_EXTRACELLULAR_MATRIX_ORGANIZATION","REACTOME_EXTRACELLULAR_MATRIX_ORGANIZATION","13/159","206/7981",0.0631067961165049,3.16764364657752,4.49378614097502,0.00022634485937872,0.00898862800333866,0.00797515994485518,"ADAM8/COL27A1/ITGA3/LAMC2/LTBP3/P4HA2/PDGFA/PDGFB/SDC1/SDC4/SERPINE1/SPP1/TIMP1",13,"KO_heat_up","Reactome",218,"ADAM8/COL27A1/ITGA3/LAMC2/LTBP3/P4HA2/PDGFA/PDGFB/SDC1/SDC4/SERPINE1/SPP1/TIMP1",13,206,4.1205,0.000499750124937531,0,0.000499750124937531
"REACTOME_TNF_RECEPTOR_SUPERFAMILY_TNFSF_MEMBERS_MEDIATING_NON_CANONICAL_NF_KB_PATHWAY","REACTOME_TNF_RECEPTOR_SUPERFAMILY_TNFSF_MEMBERS_MEDIATING_NON_CANONICAL_NF_KB_PATHWAY","4/159","16/7981",0.25,12.5487421383648,6.59238993678883,0.00022900963065831,0.00898862800333866,0.00797515994485518,"CD40LG/LTA/TNFSF11/TNFSF14",4,"KO_heat_up","Reactome",218,"CD40LG/LTA/TNFSF11/TNFSF14",4,16,0.221,0.000499750124937531,0,0.000499750124937531
"REACTOME_PI3K_AKT_SIGNALING_IN_CANCER","REACTOME_PI3K_AKT_SIGNALING_IN_CANCER","8/159","86/7981",0.0930232558139535,4.66929940032178,4.87750148612137,0.000295703897657723,0.010713579676676,0.00950562326883531,"AREG/CD80/CDKN1A/EGFR/HBEGF/NR4A1/PDGFA/PDGFB",8,"KO_heat_up","Reactome",218,"AREG/CD80/CDKN1A/EGFR/HBEGF/NR4A1/PDGFA/PDGFB",8,86,1.2985,0.000499750124937531,0,0.000499750124937531
"REACTOME_CONSTITUTIVE_SIGNALING_BY_ABERRANT_PI3K_IN_CANCER","REACTOME_CONSTITUTIVE_SIGNALING_BY_ABERRANT_PI3K_IN_CANCER","6/159","59/7981",0.101694915254237,5.10457307323313,4.51146591543597,0.0010718394871673,0.0335091220838926,0.0297309676328202,"AREG/CD80/EGFR/HBEGF/PDGFA/PDGFB",6,"KO_heat_up","Reactome",218,"AREG/CD80/EGFR/HBEGF/PDGFA/PDGFB",6,59,0.899,0.000999500249875062,0,0.000499750124937531
"REACTOME_DISSOLUTION_OF_FIBRIN_CLOT","REACTOME_DISSOLUTION_OF_FIBRIN_CLOT","3/159","11/7981",0.272727272727273,13.6895368782161,6.00418487472443,0.00113831412599211,0.0335091220838926,0.0297309676328202,"ANXA2/PLAUR/SERPINE1",3,"KO_heat_up","Reactome",218,"ANXA2/PLAUR/SERPINE1",3,11,0.1465,0.000499750124937531,0,0.000499750124937531
"REACTOME_SHC1_EVENTS_IN_EGFR_SIGNALING","REACTOME_SHC1_EVENTS_IN_EGFR_SIGNALING","3/159","11/7981",0.272727272727273,13.6895368782161,6.00418487472443,0.00113831412599211,0.0335091220838926,0.0297309676328202,"AREG/EGFR/HBEGF",3,"KO_heat_up","Reactome",218,"AREG/EGFR/HBEGF",3,11,0.054,0.000499750124937531,0,0.000499750124937531
"REACTOME_ATTACHMENT_AND_ENTRY","REACTOME_ATTACHMENT_AND_ENTRY","3/159","12/7981",0.25,12.5487421383648,5.70774413049463,0.00149565507842833,0.0414384436435143,0.0367662579650803,"HAVCR1/SDC1/SDC4",3,"KO_heat_up","Reactome",218,"HAVCR1/SDC1/SDC4",3,12,0.1875,0.00149925037481259,0,0.00199900049975012
"HALLMARK_INTERFERON_ALPHA_RESPONSE","HALLMARK_INTERFERON_ALPHA_RESPONSE","4/5","92/3666",0.0434782608695652,31.8782608695652,11.0838744750896,1.82365440388458e-06,1.09419264233075e-05,5.75890864384604e-06,"IRF7/MX1/RTP4/TRIM5",4,"Interaction_up","Hallmark",7,"IRF7/MX1/RTP4/TRIM5",4,92,0.212,0.000999500249875062,0.0335051546391753,0.000499750124937531
"HALLMARK_INTERFERON_GAMMA_RESPONSE","HALLMARK_INTERFERON_GAMMA_RESPONSE","4/5","182/3666",0.021978021978022,16.1142857142857,7.72869868009371,2.82853559950031e-05,8.48560679850093e-05,4.46610884131628e-05,"IRF7/MX1/RTP4/XAF1",4,"Interaction_up","Hallmark",7,"IRF7/MX1/RTP4/XAF1",4,182,0.439,0.000499750124937531,0.0218579234972678,0.000499750124937531
"HALLMARK_INFLAMMATORY_RESPONSE","HALLMARK_INFLAMMATORY_RESPONSE","2/5","166/3666",0.0120481927710843,8.83373493975904,3.8169021088203,0.0186209646403698,0.0372419292807396,0.0196010154109156,"IRF7/RTP4",2,"Interaction_up","Hallmark",7,"IRF7/RTP4",2,166,0.463,0.0629685157421289,0.0113350125944584,0.0189905047476262
"GOBP_DEFENSE_RESPONSE_TO_VIRUS","GOBP_DEFENSE_RESPONSE_TO_VIRUS","6/7","258/11067",0.0232558139534884,36.7674418604651,14.624188082396,1.04047030306345e-09,1.42544431519692e-07,6.46186819797298e-08,"IFI16/IFIT1B/IRF7/MX1/RTP4/TRIM5",6,"Interaction_up","GO_BP",7,"IFI16/IFIT1B/IRF7/MX1/RTP4/TRIM5",6,258,0.181,0.000499750124937531,0,0.000499750124937531
"GOBP_RESPONSE_TO_VIRUS","GOBP_RESPONSE_TO_VIRUS","6/7","344/11067",0.0174418604651163,27.5755813953488,12.5971016007986,5.89239875156636e-09,4.03629314482295e-07,1.82974487548639e-07,"IFI16/IFIT1B/IRF7/MX1/RTP4/TRIM5",6,"Interaction_up","GO_BP",7,"IFI16/IFIT1B/IRF7/MX1/RTP4/TRIM5",6,344,0.236,0.000499750124937531,0,0.000499750124937531
"GOBP_REGULATION_OF_VIRAL_PROCESS","GOBP_REGULATION_OF_VIRAL_PROCESS","4/7","113/11067",0.0353982300884956,55.9646017699115,14.7741576415378,3.52280400175686e-07,1.22298674056672e-05,5.54408126726365e-06,"IFI16/IFIT1B/MX1/TRIM5",4,"Interaction_up","GO_BP",7,"IFI16/IFIT1B/MX1/TRIM5",4,113,0.1015,0.000499750124937531,0.00505050505050505,0.000499750124937531
"GOBP_VIRAL_PROCESS","GOBP_VIRAL_PROCESS","5/7","314/11067",0.0159235668789809,25.1751592356688,10.9329190866265,3.57076420603421e-07,1.22298674056672e-05,5.54408126726365e-06,"IFI16/IFIT1B/IRF7/MX1/TRIM5",5,"Interaction_up","GO_BP",7,"IFI16/IFIT1B/IRF7/MX1/TRIM5",5,314,0.238,0.000499750124937531,0.00232018561484919,0.000499750124937531
"GOBP_NEGATIVE_REGULATION_OF_VIRAL_PROCESS","GOBP_NEGATIVE_REGULATION_OF_VIRAL_PROCESS","3/7","61/11067",0.0491803278688525,77.7540983606557,15.12232359516,5.49019336285383e-06,0.000150431298142195,6.81939807175529e-05,"IFI16/IFIT1B/MX1",3,"Interaction_up","GO_BP",7,"IFI16/IFIT1B/MX1",3,61,0.056,0.000499750124937531,0.0181818181818182,0.000499750124937531
"GOBP_REGULATION_OF_VIRAL_LIFE_CYCLE","GOBP_REGULATION_OF_VIRAL_LIFE_CYCLE","3/7","90/11067",0.0333333333333333,52.7,12.3890143269053,1.77803742463845e-05,0.000405985211959114,0.000184042470269594,"IFI16/MX1/TRIM5",3,"Interaction_up","GO_BP",7,"IFI16/MX1/TRIM5",3,90,0.0845,0.000499750124937531,0.0121212121212121,0.000499750124937531
"GOBP_MONOCYTE_DIFFERENTIATION","GOBP_MONOCYTE_DIFFERENTIATION","2/7","33/11067",0.0606060606060606,95.8181818181818,13.722994613044,0.000179392559575905,0.00351096866598556,0.00159160316014712,"IFI16/IRF7",2,"Interaction_up","GO_BP",7,"IFI16/IRF7",2,33,0.033,0.000499750124937531,0.0151515151515152,0.000499750124937531
"GOBP_RESPONSE_TO_INTERFERON_BETA","GOBP_RESPONSE_TO_INTERFERON_BETA","2/7","36/11067",0.0555555555555556,87.8333333333333,13.1279547307879,0.000213854366908,0.0036622560332995,0.00166018521678579,"IFI16/XAF1",2,"Interaction_up","GO_BP",7,"IFI16/XAF1",2,36,0.0395,0.000999500249875062,0.0128205128205128,0.000499750124937531
"GOBP_NEGATIVE_REGULATION_OF_VIRAL_GENOME_REPLICATION","GOBP_NEGATIVE_REGULATION_OF_VIRAL_GENOME_REPLICATION","2/7","40/11067",0.05,79.05,12.4405907964277,0.000264452827117177,0.00402555970167259,0.00182487915788462,"IFI16/MX1",2,"Interaction_up","GO_BP",7,"IFI16/MX1",2,40,0.0435,0.00149925037481259,0.0235294117647059,0.000499750124937531
"GOBP_VIRAL_LIFE_CYCLE","GOBP_VIRAL_LIFE_CYCLE","3/7","234/11067",0.0128205128205128,20.2692307692308,7.49488070253534,0.000306746342290978,0.0042024248893864,0.00190505623107029,"IFI16/MX1/TRIM5",3,"Interaction_up","GO_BP",7,"IFI16/MX1/TRIM5",3,234,0.1875,0.00199900049975012,0.00571428571428571,0.00149925037481259
"GOBP_ACTIVATION_OF_INNATE_IMMUNE_RESPONSE","GOBP_ACTIVATION_OF_INNATE_IMMUNE_RESPONSE","3/7","283/11067",0.0106007067137809,16.7597173144876,6.75644881186187,0.000536549900703063,0.00668248512693815,0.00302932479822782,"IFI16/IRF7/TRIM5",3,"Interaction_up","GO_BP",7,"IFI16/IRF7/TRIM5",3,283,0.1995,0.000999500249875062,0.00267379679144385,0.00149925037481259
"GOBP_ANTIVIRAL_INNATE_IMMUNE_RESPONSE","GOBP_ANTIVIRAL_INNATE_IMMUNE_RESPONSE","2/7","63/11067",0.0317460317460317,50.1904761904762,9.85014900310408,0.000657569798014661,0.00737595027301619,0.00334368856018406,"IFIT1B/MX1",2,"Interaction_up","GO_BP",7,"IFIT1B/MX1",2,63,0.0465,0.000999500249875062,0,0.00149925037481259
"GOBP_REGULATION_OF_VIRAL_GENOME_REPLICATION","GOBP_REGULATION_OF_VIRAL_GENOME_REPLICATION","2/7","65/11067",0.0307692307692308,48.6461538461538,9.6920466580974,0.000699907690140223,0.00737595027301619,0.00334368856018406,"IFI16/MX1",2,"Interaction_up","GO_BP",7,"IFI16/MX1",2,65,0.062,0.00199900049975012,0.0165289256198347,0.00149925037481259
"GOBP_POSITIVE_REGULATION_OF_RESPONSE_TO_BIOTIC_STIMULUS","GOBP_POSITIVE_REGULATION_OF_RESPONSE_TO_BIOTIC_STIMULUS","3/7","362/11067",0.00828729281767956,13.1022099447514,5.88968979626494,0.00110133601179621,0.0107773595440057,0.00488562591699069,"IFI16/IRF7/TRIM5",3,"Interaction_up","GO_BP",7,"IFI16/IRF7/TRIM5",3,362,0.2635,0.00199900049975012,0.00420168067226891,0.00199900049975012
"GOBP_VIRAL_GENOME_REPLICATION","GOBP_VIRAL_GENOME_REPLICATION","2/7","92/11067",0.0217391304347826,34.3695652173913,8.08553919672072,0.0013971262104394,0.0127604193886798,0.00578459273094207,"IFI16/MX1",2,"Interaction_up","GO_BP",7,"IFI16/MX1",2,92,0.073,0.00249875062468766,0.0140845070422535,0.00199900049975012
"GOBP_RESPONSE_TO_TYPE_I_INTERFERON","GOBP_RESPONSE_TO_TYPE_I_INTERFERON","2/7","108/11067",0.0185185185185185,29.2777777777778,7.42913894613615,0.00191917349919222,0.0164329230868334,0.0074494234508119,"IRF7/MX1",2,"Interaction_up","GO_BP",7,"IRF7/MX1",2,108,0.121,0.00649675162418791,0.00869565217391304,0.00299850074962519
"GOBP_TYPE_I_INTERFERON_PRODUCTION","GOBP_TYPE_I_INTERFERON_PRODUCTION","2/7","127/11067",0.015748031496063,24.8976377952756,6.8142013686412,0.00264232522591863,0.0212940327029913,0.00965307667673059,"IRF7/XAF1",2,"Interaction_up","GO_BP",7,"IRF7/XAF1",2,127,0.083,0.00449775112443778,0,0.00199900049975012
"GOBP_REGULATION_OF_PATTERN_RECOGNITION_RECEPTOR_SIGNALING_PATHWAY","GOBP_REGULATION_OF_PATTERN_RECOGNITION_RECEPTOR_SIGNALING_PATHWAY","2/7","163/11067",0.0122699386503067,19.398773006135,5.95328304928556,0.00431304515711884,0.0328270659180712,0.014881266916375,"IFI16/IRF7",2,"Interaction_up","GO_BP",7,"IFI16/IRF7",2,163,0.122,0.00449775112443778,0.00425531914893617,0.00449775112443778
"GOBP_CYTOPLASMIC_PATTERN_RECOGNITION_RECEPTOR_SIGNALING_PATHWAY","GOBP_CYTOPLASMIC_PATTERN_RECOGNITION_RECEPTOR_SIGNALING_PATHWAY","2/7","173/11067",0.0115606936416185,18.2774566473988,5.76203600177659,0.00484552670861468,0.0349387978463269,0.0158385637566906,"IFI16/IRF7",2,"Interaction_up","GO_BP",7,"IFI16/IRF7",2,173,0.1245,0.00399800099950025,0.004149377593361,0.00299850074962519
"GOBP_INTERLEUKIN_27_MEDIATED_SIGNALING_PATHWAY","GOBP_INTERLEUKIN_27_MEDIATED_SIGNALING_PATHWAY","1/7","10/11067",0.1,158.1,12.5032904442257,0.00630969659842262,0.0375838449558217,0.0170376246822396,"MX1",1,"Interaction_up","GO_BP",7,"MX1",1,10,0.0095,0.00999500249875063,0,0.00349825087456272
"GOBP_MACROPHAGE_APOPTOTIC_PROCESS","GOBP_MACROPHAGE_APOPTOTIC_PROCESS","1/7","10/11067",0.1,158.1,12.5032904442257,0.00630969659842262,0.0375838449558217,0.0170376246822396,"IRF7",1,"Interaction_up","GO_BP",7,"IRF7",1,10,5e-04,0.000999500249875062,0,0.00599700149925037
"GOBP_MDA_5_SIGNALING_PATHWAY","GOBP_MDA_5_SIGNALING_PATHWAY","1/7","10/11067",0.1,158.1,12.5032904442257,0.00630969659842262,0.0375838449558217,0.0170376246822396,"IRF7",1,"Interaction_up","GO_BP",7,"IRF7",1,10,0.0065,0.00699650174912544,0,0.00549725137431284
"GOBP_SYNAPTIC_VESICLE_BUDDING","GOBP_SYNAPTIC_VESICLE_BUDDING","1/7","10/11067",0.1,158.1,12.5032904442257,0.00630969659842262,0.0375838449558217,0.0170376246822396,"MX1",1,"Interaction_up","GO_BP",7,"MX1",1,10,0.0015,0.00199900049975012,0,0.00399800099950025
"GOBP_NEGATIVE_REGULATION_OF_DNA_BINDING","GOBP_NEGATIVE_REGULATION_OF_DNA_BINDING","1/7","11/11067",0.0909090909090909,143.727272727273,11.9143700361371,0.00693878515081592,0.0380245426264712,0.0172374031115006,"IFI16",1,"Interaction_up","GO_BP",7,"IFI16",1,11,0.008,0.00849575212393803,0,0.0119940029985007
"GOBP_NEGATIVE_REGULATION_OF_MYELOID_CELL_APOPTOTIC_PROCESS","GOBP_NEGATIVE_REGULATION_OF_MYELOID_CELL_APOPTOTIC_PROCESS","1/7","11/11067",0.0909090909090909,143.727272727273,11.9143700361371,0.00693878515081592,0.0380245426264712,0.0172374031115006,"IRF7",1,"Interaction_up","GO_BP",7,"IRF7",1,11,0.004,0.00449775112443778,0,0.00649675162418791
"GOBP_MYELOID_LEUKOCYTE_DIFFERENTIATION","GOBP_MYELOID_LEUKOCYTE_DIFFERENTIATION","2/7","216/11067",0.00925925925925926,14.6388888888889,5.09257899786664,0.00746448819778256,0.0393321108883158,0.0178301539947033,"IFI16/IRF7",2,"Interaction_up","GO_BP",7,"IFI16/IRF7",2,216,0.158,0.00649675162418791,0,0.0079960019990005
"GOBP_REGULATION_OF_VIRAL_ENTRY_INTO_HOST_CELL","GOBP_REGULATION_OF_VIRAL_ENTRY_INTO_HOST_CELL","1/7","14/11067",0.0714285714285714,112.928571428571,10.5422104855542,0.00882400301857189,0.0443600301893172,0.0201094259021876,"TRIM5",1,"Interaction_up","GO_BP",7,"TRIM5",1,14,0.017,0.0174912543728136,0,0.0079960019990005
"GOBP_MYD88_INDEPENDENT_TOLL_LIKE_RECEPTOR_SIGNALING_PATHWAY","GOBP_MYD88_INDEPENDENT_TOLL_LIKE_RECEPTOR_SIGNALING_PATHWAY","1/7","15/11067",0.0666666666666667,105.4,10.1787038689643,0.00945172689253104,0.0443600301893172,0.0201094259021876,"IRF7",1,"Interaction_up","GO_BP",7,"IRF7",1,15,0.0065,0.00699650174912544,0,0.0129935032483758
"GOBP_NEGATIVE_REGULATION_OF_INFLAMMASOME_MEDIATED_SIGNALING_PATHWAY","GOBP_NEGATIVE_REGULATION_OF_INFLAMMASOME_MEDIATED_SIGNALING_PATHWAY","1/7","15/11067",0.0666666666666667,105.4,10.1787038689643,0.00945172689253104,0.0443600301893172,0.0201094259021876,"IFI16",1,"Interaction_up","GO_BP",7,"IFI16",1,15,0.0065,0.00699650174912544,0,0.00899550224887556
"GOBP_HOST_MEDIATED_SUPPRESSION_OF_SYMBIONT_INVASION","GOBP_HOST_MEDIATED_SUPPRESSION_OF_SYMBIONT_INVASION","1/7","16/11067",0.0625,98.8125,9.84963984226539,0.0100791099826283,0.0443600301893172,0.0201094259021876,"TRIM5",1,"Interaction_up","GO_BP",7,"TRIM5",1,16,0.0055,0.00599700149925037,0,0.0109945027486257
"GOBP_REGULATION_OF_MONOCYTE_DIFFERENTIATION","GOBP_REGULATION_OF_MONOCYTE_DIFFERENTIATION","1/7","16/11067",0.0625,98.8125,9.84963984226539,0.0100791099826283,0.0443600301893172,0.0201094259021876,"IRF7",1,"Interaction_up","GO_BP",7,"IRF7",1,16,0.0205,0.0209895052473763,0,0.0129935032483758
"GOBP_SUPPRESSION_OF_VIRAL_RELEASE_BY_HOST","GOBP_SUPPRESSION_OF_VIRAL_RELEASE_BY_HOST","1/7","17/11067",0.0588235294117647,93,9.54988052862458,0.0107061524430501,0.0443600301893172,0.0201094259021876,"TRIM5",1,"Interaction_up","GO_BP",7,"TRIM5",1,17,0.0105,0.0109945027486257,0,0.00999500249875063
"GOBP_INFLAMMATORY_CELL_APOPTOTIC_PROCESS","GOBP_INFLAMMATORY_CELL_APOPTOTIC_PROCESS","1/7","18/11067",0.0555555555555556,87.8333333333333,9.27530134168561,0.0113328544279278,0.0443600301893172,0.0201094259021876,"IRF7",1,"Interaction_up","GO_BP",7,"IRF7",1,18,0.008,0.00849575212393803,0,0.00949525237381309
"GOBP_MYD88_DEPENDENT_TOLL_LIKE_RECEPTOR_SIGNALING_PATHWAY","GOBP_MYD88_DEPENDENT_TOLL_LIKE_RECEPTOR_SIGNALING_PATHWAY","1/7","18/11067",0.0555555555555556,87.8333333333333,9.27530134168561,0.0113328544279278,0.0443600301893172,0.0201094259021876,"IRF7",1,"Interaction_up","GO_BP",7,"IRF7",1,18,0.0125,0.0129935032483758,0,0.0129935032483758
"GOBP_POSITIVE_REGULATION_OF_TYPE_I_INTERFERON_MEDIATED_SIGNALING_PATHWAY","GOBP_POSITIVE_REGULATION_OF_TYPE_I_INTERFERON_MEDIATED_SIGNALING_PATHWAY","1/7","18/11067",0.0555555555555556,87.8333333333333,9.27530134168561,0.0113328544279278,0.0443600301893172,0.0201094259021876,"IRF7",1,"Interaction_up","GO_BP",7,"IRF7",1,18,0.016,0.0164917541229385,0,0.0144927536231884
"GOBP_MODULATION_BY_SYMBIONT_OF_ENTRY_INTO_HOST","GOBP_MODULATION_BY_SYMBIONT_OF_ENTRY_INTO_HOST","1/7","19/11067",0.0526315789473684,83.2105263157895,9.02254767912629,0.0119592160913364,0.0455114612364748,0.0206313961809605,"TRIM5",1,"Interaction_up","GO_BP",7,"TRIM5",1,19,0.0205,0.0209895052473763,0,0.00999500249875063
"GOBP_REGULATION_OF_MYELOID_CELL_APOPTOTIC_PROCESS","GOBP_REGULATION_OF_MYELOID_CELL_APOPTOTIC_PROCESS","1/7","20/11067",0.05,79.05,8.78885941613269,0.0125852375872962,0.0465993932286374,0.0211245808719908,"IRF7",1,"Interaction_up","GO_BP",7,"IRF7",1,20,0.007,0.00749625187406297,0,0.00949525237381309
"GOBP_SENSORY_PERCEPTION_OF_TASTE","GOBP_SENSORY_PERCEPTION_OF_TASTE","1/7","21/11067",0.0476190476190476,75.2857142857143,8.57194194425642,0.0132109190697698,0.04762883980417,0.021591252773308,"RTP4",1,"Interaction_up","GO_BP",7,"RTP4",1,21,0.0165,0.0169915042478761,0,0.0129935032483758
"GOBP_POSITIVE_REGULATION_OF_INTERFERON_ALPHA_PRODUCTION","GOBP_POSITIVE_REGULATION_OF_INTERFERON_ALPHA_PRODUCTION","1/7","22/11067",0.0454545454545455,71.8636363636364,8.36986983636869,0.0138362606926663,0.0486043003819303,0.022033451575366,"IRF7",1,"Interaction_up","GO_BP",7,"IRF7",1,22,0.012,0.0124937531234383,0,0.0124937531234383
"GOBP_REGULATION_OF_LIPOPOLYSACCHARIDE_MEDIATED_SIGNALING_PATHWAY","GOBP_REGULATION_OF_LIPOPOLYSACCHARIDE_MEDIATED_SIGNALING_PATHWAY","1/7","23/11067",0.0434782608695652,68.7391304347826,8.18101381058729,0.0144612626098369,0.0495298244386915,0.0224530129994837,"TRIM5",1,"Interaction_up","GO_BP",7,"TRIM5",1,23,0.019,0.0194902548725637,0,0.0134932533733133
"GOMF_MOLECULAR_SEQUESTERING_ACTIVITY","GOMF_MOLECULAR_SEQUESTERING_ACTIVITY","2/5","73/9625",0.0273972602739726,52.7397260273973,10.1161129834913,0.000559085316095349,0.00503176784485814,0.00411957601333415,"IFIT1B/XAF1",2,"Interaction_up","GO_MF",7,"IFIT1B/XAF1",2,73,0.031,0.000499750124937531,0.0967741935483871,0.000999500249875062
"KEGG_CYTOSOLIC_DNA_SENSING_PATHWAY","KEGG_CYTOSOLIC_DNA_SENSING_PATHWAY","1/1","39/3730",0.0256410256410256,95.6410256410256,9.72836191971833,0.0104557640750671,0.0201072386058981,NA,"IRF7",1,"Interaction_up","KEGG",7,"IRF7",1,NA,NA,NA,NA,NA
"KEGG_RIG_I_LIKE_RECEPTOR_SIGNALING_PATHWAY","KEGG_RIG_I_LIKE_RECEPTOR_SIGNALING_PATHWAY","1/1","50/3730",0.02,74.6,8.57904423581089,0.0134048257372654,0.0201072386058981,NA,"IRF7",1,"Interaction_up","KEGG",7,"IRF7",1,NA,NA,NA,NA,NA
"KEGG_TOLL_LIKE_RECEPTOR_SIGNALING_PATHWAY","KEGG_TOLL_LIKE_RECEPTOR_SIGNALING_PATHWAY","1/1","83/3730",0.0120481927710843,44.9397590361446,6.62870719191492,0.0222520107238605,0.0222520107238605,NA,"IRF7",1,"Interaction_up","KEGG",7,"IRF7",1,NA,NA,NA,NA,NA
"REACTOME_INTERFERON_ALPHA_BETA_SIGNALING","REACTOME_INTERFERON_ALPHA_BETA_SIGNALING","3/5","59/7981",0.0508474576271186,81.1627118644068,15.4730120129423,3.798061815451e-06,4.15922712985638e-05,1.66786050320055e-05,"IRF7/MX1/XAF1",3,"Interaction_up","Reactome",7,"IRF7/MX1/XAF1",3,59,0.026,0.000499750124937531,0.0196078431372549,0.000499750124937531
"REACTOME_INTERFERON_SIGNALING","REACTOME_INTERFERON_SIGNALING","4/5","241/7981",0.016597510373444,26.4929460580913,10.0612500640848,3.96116869510131e-06,4.15922712985638e-05,1.66786050320055e-05,"IRF7/MX1/TRIM5/XAF1",4,"Interaction_up","Reactome",7,"IRF7/MX1/TRIM5/XAF1",4,241,0.097,0.000499750124937531,0.0106951871657754,0.000499750124937531
"REACTOME_CYTOSOLIC_SENSORS_OF_PATHOGEN_ASSOCIATED_DNA","REACTOME_CYTOSOLIC_SENSORS_OF_PATHOGEN_ASSOCIATED_DNA","2/5","61/7981",0.0327868852459016,52.3344262295082,10.0763887447611,0.000566220632659255,0.00396354442861478,0.00158939124956984,"IFI16/IRF7",2,"Interaction_up","Reactome",7,"IFI16/IRF7",2,61,0.014,0.000499750124937531,0,0.000999500249875062
"REACTOME_INTERFERON_GAMMA_SIGNALING","REACTOME_INTERFERON_GAMMA_SIGNALING","2/5","79/7981",0.0253164556962025,40.4101265822785,8.81346609120662,0.000948982670688646,0.00498215902111539,0.00199785825408136,"IRF7/TRIM5",2,"Interaction_up","Reactome",7,"IRF7/TRIM5",2,79,0.04,0.00199900049975012,0.038961038961039,0.000999500249875062
"REACTOME_IRF3_MEDIATED_INDUCTION_OF_TYPE_I_IFN","REACTOME_IRF3_MEDIATED_INDUCTION_OF_TYPE_I_IFN","1/5","11/7981",0.0909090909090909,145.109090909091,11.9743634420393,0.00687411487205336,0.0196652384580786,0.00788580990800145,"IFI16",1,"Interaction_up","Reactome",7,"IFI16",1,11,0.0015,0.00199900049975012,0,0.0114942528735632
"REACTOME_TICAM1_DEPENDENT_ACTIVATION_OF_IRF3_IRF7","REACTOME_TICAM1_DEPENDENT_ACTIVATION_OF_IRF3_IRF7","1/5","12/7981",0.0833333333333333,133.016666666667,11.4580667438357,0.00749715495055292,0.0196652384580786,0.00788580990800145,"IRF7",1,"Interaction_up","Reactome",7,"IRF7",1,12,0.0065,0.00699650174912544,0.769230769230769,0.00899550224887556
"REACTOME_TRAF3_DEPENDENT_IRF_ACTIVATION_PATHWAY","REACTOME_TRAF3_DEPENDENT_IRF_ACTIVATION_PATHWAY","1/5","13/7981",0.0769230769230769,122.784615384615,11.0022958157437,0.00811988229717708,0.0196652384580786,0.00788580990800145,"IRF7",1,"Interaction_up","Reactome",7,"IRF7",1,13,0.01,0.0104947526236882,0.15,0.0129935032483758
"REACTOME_TRAF6_MEDIATED_IRF7_ACTIVATION_IN_TLR7_8_OR_9_SIGNALING","REACTOME_TRAF6_MEDIATED_IRF7_ACTIVATION_IN_TLR7_8_OR_9_SIGNALING","1/5","13/7981",0.0769230769230769,122.784615384615,11.0022958157437,0.00811988229717708,0.0196652384580786,0.00788580990800145,"IRF7",1,"Interaction_up","Reactome",7,"IRF7",1,13,0.0045,0.00499750124937531,0.555555555555556,0.00499750124937531
"REACTOME_STING_MEDIATED_INDUCTION_OF_HOST_IMMUNE_RESPONSES","REACTOME_STING_MEDIATED_INDUCTION_OF_HOST_IMMUNE_RESPONSES","1/5","14/7981",0.0714285714285714,114.014285714286,10.5960458521467,0.00874229702967144,0.0196652384580786,0.00788580990800145,"IFI16",1,"Interaction_up","Reactome",7,"IFI16",1,14,0.0015,0.00199900049975012,0,0.0129935032483758
"REACTOME_TRAF6_MEDIATED_IRF7_ACTIVATION","REACTOME_TRAF6_MEDIATED_IRF7_ACTIVATION","1/5","15/7981",0.0666666666666667,106.413333333333,10.2309249837385,0.00936439926575172,0.0196652384580786,0.00788580990800145,"IRF7",1,"Interaction_up","Reactome",7,"IRF7",1,15,0.0075,0.0079960019990005,0,0.0129935032483758
"REACTOME_ACTIVATION_OF_IRF3_IRF7_MEDIATED_BY_TBK1_IKK_IKBKE","REACTOME_ACTIVATION_OF_IRF3_IRF7_MEDIATED_BY_TBK1_IKK_IKBKE","1/5","18/7981",0.0555555555555556,88.6777777777778,9.32354999223997,0.0112288321722241,0.0214368614197006,0.00859623515576968,"IRF7",1,"Interaction_up","Reactome",7,"IRF7",1,18,0.0115,0.0119940029985007,0.782608695652174,0.00999500249875063
"HALLMARK_INTERFERON_ALPHA_RESPONSE","HALLMARK_INTERFERON_ALPHA_RESPONSE","10/12","92/3666",0.108695652173913,33.2065217391304,17.9268425747776,3.82647712700076e-15,2.29588627620046e-14,1.20836119800024e-14,"DHX58/EIF2AK2/HELZ2/IFI27/IRF7/LGALS3BP/MX1/RTP4/SAMD9L/TRIM5",10,"Interaction_fdrOnly_up","Hallmark",18,"DHX58/EIF2AK2/HELZ2/IFI27/IRF7/LGALS3BP/MX1/RTP4/SAMD9L/TRIM5",10,92,0.4495,0.000499750124937531,0.0108843537414966,0.000499750124937531
"HALLMARK_INTERFERON_GAMMA_RESPONSE","HALLMARK_INTERFERON_GAMMA_RESPONSE","11/12","182/3666",0.0604395604395604,18.4642857142857,13.8481190872655,3.86805601312898e-14,1.16041680393869e-13,6.10745686283522e-14,"DHX58/EIF2AK2/HELZ2/IFI27/IRF7/LGALS3BP/MX1/RNF213/RTP4/SAMD9L/XAF1",11,"Interaction_fdrOnly_up","Hallmark",18,"DHX58/EIF2AK2/HELZ2/IFI27/IRF7/LGALS3BP/MX1/RNF213/RTP4/SAMD9L/XAF1",11,182,0.8845,0.000499750124937531,0.0113452188006483,0.000499750124937531
"HALLMARK_INFLAMMATORY_RESPONSE","HALLMARK_INFLAMMATORY_RESPONSE","3/12","166/3666",0.0180722891566265,5.5210843373494,3.41590647398632,0.0148290185627886,0.0296580371255772,0.015609493223988,"EIF2AK2/IRF7/RTP4",3,"Interaction_fdrOnly_up","Hallmark",18,"EIF2AK2/IRF7/RTP4",3,166,0.7655,0.0334832583708146,0.00354609929078014,0.0114942528735632
"GOBP_RESPONSE_TO_VIRUS","GOBP_RESPONSE_TO_VIRUS","11/16","344/11067",0.0319767441860465,22.117914244186,15.1400261423442,8.49805275790887e-14,3.34823278661609e-11,2.04847798059066e-11,"DHX58/EIF2AK2/IFI16/IFI27/IFIT1B/IRF7/LGALS9/MX1/RTP4/TRIM34/TRIM5",11,"Interaction_fdrOnly_up","GO_BP",18,"DHX58/EIF2AK2/IFI16/IFI27/IFIT1B/IRF7/LGALS9/MX1/RTP4/TRIM34/TRIM5",11,344,0.639,0.000499750124937531,0,0.000499750124937531
"GOBP_DEFENSE_RESPONSE_TO_VIRUS","GOBP_DEFENSE_RESPONSE_TO_VIRUS","10/16","258/11067",0.0387596899224806,26.8095930232558,15.9607312833817,2.82373092228571e-13,5.56274991690285e-11,3.40333884843909e-11,"DHX58/EIF2AK2/IFI16/IFI27/IFIT1B/IRF7/MX1/RTP4/TRIM34/TRIM5",10,"Interaction_fdrOnly_up","GO_BP",18,"DHX58/EIF2AK2/IFI16/IFI27/IFIT1B/IRF7/MX1/RTP4/TRIM34/TRIM5",10,258,0.4485,0.000499750124937531,0.00135685210312076,0.000499750124937531
"GOBP_REGULATION_OF_VIRAL_PROCESS","GOBP_REGULATION_OF_VIRAL_PROCESS","7/16","113/11067",0.0619469026548673,42.8478982300885,17.0130053711741,1.01713318077585e-10,1.33583491075228e-08,8.17275432974279e-09,"EIF2AK2/IFI16/IFIT1B/LGALS9/MX1/SP100/TRIM5",7,"Interaction_fdrOnly_up","GO_BP",18,"EIF2AK2/IFI16/IFIT1B/LGALS9/MX1/SP100/TRIM5",7,113,0.2205,0.000499750124937531,0.0050251256281407,0.000499750124937531
"GOBP_VIRAL_PROCESS","GOBP_VIRAL_PROCESS","8/16","314/11067",0.0254777070063694,17.6226114649682,11.3698252500261,4.05870722169734e-09,3.99782661337188e-07,2.44590514149656e-07,"EIF2AK2/IFI16/IFIT1B/IRF7/LGALS9/MX1/SP100/TRIM5",8,"Interaction_fdrOnly_up","GO_BP",18,"EIF2AK2/IFI16/IFIT1B/IRF7/LGALS9/MX1/SP100/TRIM5",8,314,0.5855,0.000499750124937531,0,0.000499750124937531
"GOBP_NEGATIVE_REGULATION_OF_VIRAL_PROCESS","GOBP_NEGATIVE_REGULATION_OF_VIRAL_PROCESS","5/16","61/11067",0.0819672131147541,56.6956967213115,16.5968756141867,1.79460901485277e-08,1.41415190370399e-06,8.65190451371127e-07,"EIF2AK2/IFI16/IFIT1B/MX1/SP100",5,"Interaction_fdrOnly_up","GO_BP",18,"EIF2AK2/IFI16/IFIT1B/MX1/SP100",5,61,0.1225,0.000499750124937531,0.00446428571428571,0.000499750124937531
"GOBP_REGULATION_OF_VIRAL_LIFE_CYCLE","GOBP_REGULATION_OF_VIRAL_LIFE_CYCLE","5/16","90/11067",0.0555555555555556,38.4270833333333,13.5650044820231,1.29415576153109e-07,8.49828950072081e-06,5.19932753316876e-06,"EIF2AK2/IFI16/LGALS9/MX1/TRIM5",5,"Interaction_fdrOnly_up","GO_BP",18,"EIF2AK2/IFI16/LGALS9/MX1/TRIM5",5,90,0.182,0.000499750124937531,0.00602409638554217,0.000499750124937531
"GOBP_ANTIVIRAL_INNATE_IMMUNE_RESPONSE","GOBP_ANTIVIRAL_INNATE_IMMUNE_RESPONSE","4/16","63/11067",0.0634920634920635,43.9166666666667,12.9979691444957,1.64865918377912e-06,8.42975359323741e-05,5.15739666805067e-05,"DHX58/EIF2AK2/IFIT1B/MX1",4,"Interaction_fdrOnly_up","GO_BP",18,"DHX58/EIF2AK2/IFIT1B/MX1",4,63,0.0865,0.000499750124937531,0,0.000499750124937531
"GOBP_ACTIVATION_OF_INNATE_IMMUNE_RESPONSE","GOBP_ACTIVATION_OF_INNATE_IMMUNE_RESPONSE","6/16","283/11067",0.0212014134275618,14.6647526501767,8.86052770335393,1.71162509507359e-06,8.42975359323741e-05,5.15739666805067e-05,"DHX58/EIF2AK2/IFI16/IRF7/LGALS9/TRIM5",6,"Interaction_fdrOnly_up","GO_BP",18,"DHX58/EIF2AK2/IFI16/IRF7/LGALS9/TRIM5",6,283,0.5455,0.000499750124937531,0.00116959064327485,0.000499750124937531
"GOBP_POSITIVE_REGULATION_OF_RESPONSE_TO_BIOTIC_STIMULUS","GOBP_POSITIVE_REGULATION_OF_RESPONSE_TO_BIOTIC_STIMULUS","6/16","362/11067",0.0165745856353591,11.4644337016575,7.70249127574223,7.12676802567644e-06,0.000311994066901835,0.000190880687471334,"DHX58/EIF2AK2/IFI16/IRF7/LGALS9/TRIM5",6,"Interaction_fdrOnly_up","GO_BP",18,"DHX58/EIF2AK2/IFI16/IRF7/LGALS9/TRIM5",6,362,0.745,0.000499750124937531,0.000924214417744917,0.000499750124937531
"GOBP_RESPONSE_TO_TYPE_I_INTERFERON","GOBP_RESPONSE_TO_TYPE_I_INTERFERON","4/16","108/11067",0.037037037037037,25.6180555555556,9.78215852503108,1.42626697142425e-05,0.000523692735139581,0.000320399776508053,"IFI27/IRF7/MX1/SP100",4,"Interaction_fdrOnly_up","GO_BP",18,"IFI27/IRF7/MX1/SP100",4,108,0.252,0.000499750124937531,0,0.000499750124937531
"GOBP_VIRAL_LIFE_CYCLE","GOBP_VIRAL_LIFE_CYCLE","5/16","234/11067",0.0213675213675214,14.7796474358974,8.1063658086019,1.46208631637954e-05,0.000523692735139581,0.000320399776508053,"EIF2AK2/IFI16/LGALS9/MX1/TRIM5",5,"Interaction_fdrOnly_up","GO_BP",18,"EIF2AK2/IFI16/LGALS9/MX1/TRIM5",5,234,0.458,0.000499750124937531,0,0.000499750124937531
"GOBP_NEGATIVE_REGULATION_OF_VIRAL_GENOME_REPLICATION","GOBP_NEGATIVE_REGULATION_OF_VIRAL_GENOME_REPLICATION","3/16","40/11067",0.075,51.8765625,12.2651708875167,2.37112315728357e-05,0.000778518769974773,0.000476304564050823,"EIF2AK2/IFI16/MX1",3,"Interaction_fdrOnly_up","GO_BP",18,"EIF2AK2/IFI16/MX1",3,40,0.1015,0.000999500249875062,0.0106382978723404,0.000499750124937531
"GOBP_REGULATION_OF_PATTERN_RECOGNITION_RECEPTOR_SIGNALING_PATHWAY","GOBP_REGULATION_OF_PATTERN_RECOGNITION_RECEPTOR_SIGNALING_PATHWAY","4/16","163/11067",0.0245398773006135,16.9739263803681,7.81748567591628,7.1896134222951e-05,0.00217900591414174,0.00133313479652273,"DHX58/EIF2AK2/IFI16/IRF7",4,"Interaction_fdrOnly_up","GO_BP",18,"DHX58/EIF2AK2/IFI16/IRF7",4,163,0.3465,0.000499750124937531,0,0.000499750124937531
"GOBP_MDA_5_SIGNALING_PATHWAY","GOBP_MDA_5_SIGNALING_PATHWAY","2/16","10/11067",0.2,138.3375,16.5319855701801,8.75934658422172e-05,0.00228484498306595,0.00139788806070559,"DHX58/IRF7",2,"Interaction_fdrOnly_up","GO_BP",18,"DHX58/IRF7",2,10,0.009,0.000499750124937531,0,0.000499750124937531
"GOBP_CYTOPLASMIC_PATTERN_RECOGNITION_RECEPTOR_SIGNALING_PATHWAY","GOBP_CYTOPLASMIC_PATTERN_RECOGNITION_RECEPTOR_SIGNALING_PATHWAY","4/16","173/11067",0.023121387283237,15.992774566474,7.56250912760932,9.06322437789371e-05,0.00228484498306595,0.00139788806070559,"DHX58/EIF2AK2/IFI16/IRF7",4,"Interaction_fdrOnly_up","GO_BP",18,"DHX58/EIF2AK2/IFI16/IRF7",4,173,0.344,0.00149925037481259,0.00335570469798658,0.000499750124937531
"GOBP_INTRACELLULAR_RECEPTOR_SIGNALING_PATHWAY","GOBP_INTRACELLULAR_RECEPTOR_SIGNALING_PATHWAY","5/16","344/11067",0.0145348837209302,10.0535973837209,6.49077837360436,9.27855830686682e-05,0.00228484498306595,0.00139788806070559,"DHX58/EIF2AK2/IFI16/IRF7/SP100",5,"Interaction_fdrOnly_up","GO_BP",18,"DHX58/EIF2AK2/IFI16/IRF7/SP100",5,344,0.7155,0.000999500249875062,0.00188857412653447,0.000499750124937531
"GOBP_REGULATION_OF_VIRAL_GENOME_REPLICATION","GOBP_REGULATION_OF_VIRAL_GENOME_REPLICATION","3/16","65/11067",0.0461538461538462,31.9240384615385,9.51418512498452,0.000102541956544429,0.00234933805382672,0.00143734548310531,"EIF2AK2/IFI16/MX1",3,"Interaction_fdrOnly_up","GO_BP",18,"EIF2AK2/IFI16/MX1",3,65,0.1315,0.000999500249875062,0.00413223140495868,0.000499750124937531
"GOBP_TYPE_I_INTERFERON_MEDIATED_SIGNALING_PATHWAY","GOBP_TYPE_I_INTERFERON_MEDIATED_SIGNALING_PATHWAY","3/16","66/11067",0.0454545454545455,31.4403409090909,9.4375644860204,0.000107330164895637,0.00234933805382672,0.00143734548310531,"IFI27/IRF7/SP100",3,"Interaction_fdrOnly_up","GO_BP",18,"IFI27/IRF7/SP100",3,66,0.157,0.000999500249875062,0.00346020761245675,0.000499750124937531
"GOBP_POSITIVE_REGULATION_OF_NF_KAPPAB_TRANSCRIPTION_FACTOR_ACTIVITY","GOBP_POSITIVE_REGULATION_OF_NF_KAPPAB_TRANSCRIPTION_FACTOR_ACTIVITY","3/16","68/11067",0.0441176470588235,30.515625,9.28932963159138,0.000117339920337275,0.00243325940067822,0.00148868929402969,"EIF2AK2/LGALS9/TRIM5",3,"Interaction_fdrOnly_up","GO_BP",18,"EIF2AK2/LGALS9/TRIM5",3,68,0.164,0.000999500249875062,0.00327868852459016,0.00149925037481259
"GOBP_REGULATION_OF_VIRAL_ENTRY_INTO_HOST_CELL","GOBP_REGULATION_OF_VIRAL_ENTRY_INTO_HOST_CELL","2/16","14/11067",0.142857142857143,98.8125,13.933904410764,0.000176536775179933,0.00331254470281117,0.00202664370009019,"LGALS9/TRIM5",2,"Interaction_fdrOnly_up","GO_BP",18,"LGALS9/TRIM5",2,14,0.0315,0.000999500249875062,0,0.000499750124937531
"GOBP_NEGATIVE_REGULATION_OF_INNATE_IMMUNE_RESPONSE","GOBP_NEGATIVE_REGULATION_OF_INNATE_IMMUNE_RESPONSE","3/16","78/11067",0.0384615384615385,26.6033653846154,8.63415425836014,0.000176556951165063,0.00331254470281117,0.00202664370009019,"DHX58/IFI16/LGALS9",3,"Interaction_fdrOnly_up","GO_BP",18,"DHX58/IFI16/LGALS9",3,78,0.16,0.000499750124937531,0,0.000499750124937531
"GOBP_INTERFERON_MEDIATED_SIGNALING_PATHWAY","GOBP_INTERFERON_MEDIATED_SIGNALING_PATHWAY","3/16","87/11067",0.0344827586206897,23.8512931034483,8.14186265350654,0.000244046806174517,0.00418062789707651,0.0025577445589915,"IFI27/IRF7/SP100",3,"Interaction_fdrOnly_up","GO_BP",18,"IFI27/IRF7/SP100",3,87,0.205,0.00149925037481259,0.0027027027027027,0.000499750124937531
"GOBP_POSITIVE_REGULATION_OF_DNA_BINDING_TRANSCRIPTION_FACTOR_ACTIVITY","GOBP_POSITIVE_REGULATION_OF_DNA_BINDING_TRANSCRIPTION_FACTOR_ACTIVITY","3/16","87/11067",0.0344827586206897,23.8512931034483,8.14186265350654,0.000244046806174517,0.00418062789707651,0.0025577445589915,"EIF2AK2/LGALS9/TRIM5",3,"Interaction_fdrOnly_up","GO_BP",18,"EIF2AK2/LGALS9/TRIM5",3,87,0.1975,0.00149925037481259,0.00278551532033426,0.00149925037481259
"GOBP_VIRAL_GENOME_REPLICATION","GOBP_VIRAL_GENOME_REPLICATION","3/16","92/11067",0.0326086956521739,22.555027173913,7.89941187882662,0.00028786690424019,0.00472581501127646,0.00289129478381595,"EIF2AK2/IFI16/MX1",3,"Interaction_fdrOnly_up","GO_BP",18,"EIF2AK2/IFI16/MX1",3,92,0.173,0.00199900049975012,0.00636942675159236,0.000499750124937531
"GOBP_MODULATION_BY_SYMBIONT_OF_ENTRY_INTO_HOST","GOBP_MODULATION_BY_SYMBIONT_OF_ENTRY_INTO_HOST","2/16","19/11067",0.105263157894737,72.8092105263158,11.9198188304143,0.00033033795239398,0.00520612612972913,0.0031851533093988,"LGALS9/TRIM5",2,"Interaction_fdrOnly_up","GO_BP",18,"LGALS9/TRIM5",2,19,0.0415,0.00149925037481259,0,0.000499750124937531
"GOBP_NEGATIVE_REGULATION_OF_RESPONSE_TO_BIOTIC_STIMULUS","GOBP_NEGATIVE_REGULATION_OF_RESPONSE_TO_BIOTIC_STIMULUS","3/16","107/11067",0.0280373831775701,19.3931074766355,7.27438454105082,0.000449002564147114,0.00680411577976781,0.00416281729512912,"DHX58/IFI16/LGALS9",3,"Interaction_fdrOnly_up","GO_BP",18,"DHX58/IFI16/LGALS9",3,107,0.2205,0.000499750124937531,0,0.000499750124937531
"GOBP_REGULATION_OF_CYTOPLASMIC_PATTERN_RECOGNITION_RECEPTOR_SIGNALING_PATHWAY","GOBP_REGULATION_OF_CYTOPLASMIC_PATTERN_RECOGNITION_RECEPTOR_SIGNALING_PATHWAY","3/16","115/11067",0.0260869565217391,18.0440217391304,6.99083121713722,0.000554605131086559,0.00809312672770757,0.00495144541983712,"DHX58/EIF2AK2/IFI16",3,"Interaction_fdrOnly_up","GO_BP",18,"DHX58/EIF2AK2/IFI16",3,115,0.25,0.00249875062468766,0.00223713646532438,0.00149925037481259
"GOBP_REGULATION_OF_BIOLOGICAL_PROCESS_INVOLVED_IN_SYMBIOTIC_INTERACTION","GOBP_REGULATION_OF_BIOLOGICAL_PROCESS_INVOLVED_IN_SYMBIOTIC_INTERACTION","2/16","27/11067",0.0740740740740741,51.2361111111111,9.94415517105383,0.000673503593076226,0.0094771577025726,0.0057982076246036,"LGALS9/TRIM5",2,"Interaction_fdrOnly_up","GO_BP",18,"LGALS9/TRIM5",2,27,0.05,0.00149925037481259,0,0.00149925037481259
"GOBP_TYPE_I_INTERFERON_PRODUCTION","GOBP_TYPE_I_INTERFERON_PRODUCTION","3/16","127/11067",0.0236220472440945,16.3390748031496,6.61525972089362,0.000740944753338981,0.0100666287177779,0.00615885112575777,"DHX58/IRF7/XAF1",3,"Interaction_fdrOnly_up","GO_BP",18,"DHX58/IRF7/XAF1",3,127,0.229,0.000999500249875062,0.0023696682464455,0.00199900049975012
"GOBP_REGULATION_OF_PROTEIN_EXPORT_FROM_NUCLEUS","GOBP_REGULATION_OF_PROTEIN_EXPORT_FROM_NUCLEUS","2/16","32/11067",0.0625,43.23046875,9.10267961553104,0.00094772854761341,0.0124112748205691,0.00759332603235462,"IFI27/SP100",2,"Interaction_fdrOnly_up","GO_BP",18,"IFI27/SP100",2,32,0.0745,0.000999500249875062,0,0.000999500249875062
"GOBP_REGULATION_OF_DNA_BINDING_TRANSCRIPTION_FACTOR_ACTIVITY","GOBP_REGULATION_OF_DNA_BINDING_TRANSCRIPTION_FACTOR_ACTIVITY","3/16","141/11067",0.0212765957446809,14.7167553191489,6.23713127325003,0.0010039097792915,0.0124112748205691,0.00759332603235462,"EIF2AK2/LGALS9/TRIM5",3,"Interaction_fdrOnly_up","GO_BP",18,"EIF2AK2/LGALS9/TRIM5",3,141,0.3305,0.00449775112443778,0.00350877192982456,0.00199900049975012
"GOBP_MONOCYTE_DIFFERENTIATION","GOBP_MONOCYTE_DIFFERENTIATION","2/16","33/11067",0.0606060606060606,41.9204545454545,8.95747210052376,0.00100802232045232,0.0124112748205691,0.00759332603235462,"IFI16/IRF7",2,"Interaction_fdrOnly_up","GO_BP",18,"IFI16/IRF7",2,33,0.1045,0.00349825087456272,0.00492610837438424,0.00149925037481259
"GOBP_RESPONSE_TO_INTERFERON_BETA","GOBP_RESPONSE_TO_INTERFERON_BETA","2/16","36/11067",0.0555555555555556,38.4270833333333,8.55823735470554,0.00119971663716852,0.0143238895467999,0.00876348037995508,"IFI16/XAF1",2,"Interaction_fdrOnly_up","GO_BP",18,"IFI16/XAF1",2,36,0.0835,0.00449775112443778,0,0.00199900049975012
"GOBP_NEGATIVE_REGULATION_OF_TYPE_I_INTERFERON_PRODUCTION","GOBP_NEGATIVE_REGULATION_OF_TYPE_I_INTERFERON_PRODUCTION","2/16","46/11067",0.0434782608695652,30.0733695652174,7.51827692522464,0.00195442542616791,0.0218371729341645,0.0133601725939719,"DHX58/XAF1",2,"Interaction_fdrOnly_up","GO_BP",18,"DHX58/XAF1",2,46,0.065,0.00149925037481259,0,0.00249875062468766
"GOBP_REGULATION_OF_INFLAMMASOME_MEDIATED_SIGNALING_PATHWAY","GOBP_REGULATION_OF_INFLAMMASOME_MEDIATED_SIGNALING_PATHWAY","2/16","46/11067",0.0434782608695652,30.0733695652174,7.51827692522464,0.00195442542616791,0.0218371729341645,0.0133601725939719,"EIF2AK2/IFI16",2,"Interaction_fdrOnly_up","GO_BP",18,"EIF2AK2/IFI16",2,46,0.1075,0.00549725137431284,0,0.00149925037481259
"GOBP_NEGATIVE_REGULATION_OF_IMMUNE_RESPONSE","GOBP_NEGATIVE_REGULATION_OF_IMMUNE_RESPONSE","3/16","179/11067",0.0167597765363128,11.5925279329609,5.43634001931262,0.0019952746843399,0.0218371729341645,0.0133601725939719,"DHX58/IFI16/LGALS9",3,"Interaction_fdrOnly_up","GO_BP",18,"DHX58/IFI16/LGALS9",3,179,0.4065,0.00249875062468766,0.00144092219020173,0.00149925037481259
"GOBP_POSITIVE_REGULATION_OF_NON_CANONICAL_NF_KAPPAB_SIGNAL_TRANSDUCTION","GOBP_POSITIVE_REGULATION_OF_NON_CANONICAL_NF_KAPPAB_SIGNAL_TRANSDUCTION","2/16","51/11067",0.0392156862745098,27.125,7.11514833119278,0.00239750650106536,0.025530204362696,0.0156196013867416,"EIF2AK2/LGALS9",2,"Interaction_fdrOnly_up","GO_BP",18,"EIF2AK2/LGALS9",2,51,0.1115,0.00549725137431284,0,0.00299850074962519
"GOBP_NEGATIVE_REGULATION_OF_CYTOPLASMIC_PATTERN_RECOGNITION_RECEPTOR_SIGNALING_PATHWAY","GOBP_NEGATIVE_REGULATION_OF_CYTOPLASMIC_PATTERN_RECOGNITION_RECEPTOR_SIGNALING_PATHWAY","2/16","54/11067",0.037037037037037,25.6180555555556,6.90005166422774,0.00268405820964121,0.0271158701179137,0.0165897255062844,"DHX58/IFI16",2,"Interaction_fdrOnly_up","GO_BP",18,"DHX58/IFI16",2,54,0.0875,0.00299850074962519,0,0.00349825087456272
"GOBP_POSITIVE_REGULATION_OF_INTERLEUKIN_1_PRODUCTION","GOBP_POSITIVE_REGULATION_OF_INTERLEUKIN_1_PRODUCTION","2/16","54/11067",0.037037037037037,25.6180555555556,6.90005166422774,0.00268405820964121,0.0271158701179137,0.0165897255062844,"IFI16/LGALS9",2,"Interaction_fdrOnly_up","GO_BP",18,"IFI16/LGALS9",2,54,0.137,0.00749625187406297,0,0.00149925037481259
"GOBP_INFLAMMASOME_MEDIATED_SIGNALING_PATHWAY","GOBP_INFLAMMASOME_MEDIATED_SIGNALING_PATHWAY","2/16","56/11067",0.0357142857142857,24.703125,6.76613679295837,0.00288364337202396,0.028403887214436,0.0173777455840391,"EIF2AK2/IFI16",2,"Interaction_fdrOnly_up","GO_BP",18,"EIF2AK2/IFI16",2,56,0.132,0.0079960019990005,0,0.00149925037481259
"GOBP_PROTEIN_EXPORT_FROM_NUCLEUS","GOBP_PROTEIN_EXPORT_FROM_NUCLEUS","2/16","58/11067",0.0344827586206897,23.8512931034483,6.63904139598737,0.003090026985182,0.0296944056624807,0.0181672960104411,"IFI27/SP100",2,"Interaction_fdrOnly_up","GO_BP",18,"IFI27/SP100",2,58,0.1225,0.00299850074962519,0,0.00299850074962519
"GOBP_POSITIVE_REGULATION_OF_CHEMOKINE_PRODUCTION","GOBP_POSITIVE_REGULATION_OF_CHEMOKINE_PRODUCTION","2/16","59/11067",0.0338983050847458,23.4470338983051,6.57787009743102,0.00319575697411015,0.0299792439952238,0.0183415625832387,"EIF2AK2/LGALS9",2,"Interaction_fdrOnly_up","GO_BP",18,"EIF2AK2/LGALS9",2,59,0.1595,0.00649675162418791,0,0.00249875062468766
"GOBP_MYELOID_LEUKOCYTE_DIFFERENTIATION","GOBP_MYELOID_LEUKOCYTE_DIFFERENTIATION","3/16","216/11067",0.0138888888888889,9.60677083333333,4.86056514331491,0.00340302066252157,0.0311811660705465,0.0190769089771711,"IFI16/IRF7/LGALS9",3,"Interaction_fdrOnly_up","GO_BP",18,"IFI16/IRF7/LGALS9",3,216,0.5785,0.0139930034982509,0.00109170305676856,0.00649675162418791
"GOBP_NEGATIVE_REGULATION_OF_DEFENSE_RESPONSE","GOBP_NEGATIVE_REGULATION_OF_DEFENSE_RESPONSE","3/16","229/11067",0.0131004366812227,9.06140829694323,4.69038638624752,0.00401204027624074,0.0359259970190648,0.0219798378770127,"DHX58/IFI16/LGALS9",3,"Interaction_fdrOnly_up","GO_BP",18,"DHX58/IFI16/LGALS9",3,229,0.562,0.0134932533733133,0.00223964165733483,0.00449775112443778
"GOBP_PROTEIN_K63_LINKED_UBIQUITINATION","GOBP_PROTEIN_K63_LINKED_UBIQUITINATION","2/16","70/11067",0.0285714285714286,19.7625,5.99179777741752,0.00446909242001649,0.0382787481192717,0.0234192714916196,"RNF213/TRIM5",2,"Interaction_fdrOnly_up","GO_BP",18,"RNF213/TRIM5",2,70,0.121,0.00699650174912544,0,0.00599700149925037
"GOBP_REGULATION_OF_LEUKOCYTE_APOPTOTIC_PROCESS","GOBP_REGULATION_OF_LEUKOCYTE_APOPTOTIC_PROCESS","2/16","70/11067",0.0285714285714286,19.7625,5.99179777741752,0.00446909242001649,0.0382787481192717,0.0234192714916196,"IRF7/LGALS9",2,"Interaction_fdrOnly_up","GO_BP",18,"IRF7/LGALS9",2,70,0.2095,0.0149925037481259,0.00515463917525773,0.00349825087456272
"GOBP_POSITIVE_REGULATION_OF_TYPE_I_INTERFERON_PRODUCTION","GOBP_POSITIVE_REGULATION_OF_TYPE_I_INTERFERON_PRODUCTION","2/16","74/11067",0.027027027027027,18.6942567567568,5.81091610824771,0.00498155413740241,0.0411185654180954,0.0251566964486878,"DHX58/IRF7",2,"Interaction_fdrOnly_up","GO_BP",18,"DHX58/IRF7",2,74,0.151,0.00749625187406297,0.00348432055749129,0.00499750124937531
"GOBP_NEGATIVE_REGULATION_OF_CYTOKINE_PRODUCTION","GOBP_NEGATIVE_REGULATION_OF_CYTOKINE_PRODUCTION","3/16","248/11067",0.0120967741935484,8.3671875,4.46466150635132,0.00501602315122214,0.0411185654180954,0.0251566964486878,"DHX58/LGALS9/XAF1",3,"Interaction_fdrOnly_up","GO_BP",18,"DHX58/LGALS9/XAF1",3,248,0.5595,0.0129935032483758,0,0.00449775112443778
"GOBP_CHEMOKINE_PRODUCTION","GOBP_CHEMOKINE_PRODUCTION","2/16","75/11067",0.0266666666666667,18.445,5.76790077249429,0.00511373021697125,0.0411185654180954,0.0251566964486878,"EIF2AK2/LGALS9",2,"Interaction_fdrOnly_up","GO_BP",18,"EIF2AK2/LGALS9",2,75,0.2035,0.0119940029985007,0,0.00499750124937531
"GOBP_PROTEIN_POLYUBIQUITINATION","GOBP_PROTEIN_POLYUBIQUITINATION","3/16","253/11067",0.0118577075098814,8.20182806324111,4.40924632465709,0.00530335991829782,0.0417904761561868,0.02556777729032,"IFI27/RNF213/TRIM5",3,"Interaction_fdrOnly_up","GO_BP",18,"IFI27/RNF213/TRIM5",3,253,0.4255,0.00849575212393803,0.00144092219020173,0.00499750124937531
"GOBP_VIRAL_GENE_EXPRESSION","GOBP_VIRAL_GENE_EXPRESSION","2/16","78/11067",0.0256410256410256,17.7355769230769,5.6436937326733,0.00551993433239112,0.0426441985678843,0.0260900920973698,"IFIT1B/SP100",2,"Interaction_fdrOnly_up","GO_BP",18,"IFIT1B/SP100",2,78,0.125,0.00849575212393803,0,0.00849575212393803
"GOBP_REGULATION_OF_NON_CANONICAL_NF_KAPPAB_SIGNAL_TRANSDUCTION","GOBP_REGULATION_OF_NON_CANONICAL_NF_KAPPAB_SIGNAL_TRANSDUCTION","2/16","82/11067",0.024390243902439,16.8704268292683,5.48845411173647,0.0060839551487267,0.0460976601653523,0.0282029499809395,"EIF2AK2/LGALS9",2,"Interaction_fdrOnly_up","GO_BP",18,"EIF2AK2/LGALS9",2,82,0.1845,0.0134932533733133,0,0.00499750124937531
"GOBP_CELLULAR_RESPONSE_TO_TYPE_II_INTERFERON","GOBP_CELLULAR_RESPONSE_TO_TYPE_II_INTERFERON","2/16","86/11067",0.0232558139534884,16.0857558139535,5.34379621942349,0.00667334073287232,0.0496093631839942,0.0303514404732425,"LGALS9/SP100",2,"Interaction_fdrOnly_up","GO_BP",18,"LGALS9/SP100",2,86,0.2115,0.0154922538730635,0,0.00399800099950025
"KEGG_RIG_I_LIKE_RECEPTOR_SIGNALING_PATHWAY","KEGG_RIG_I_LIKE_RECEPTOR_SIGNALING_PATHWAY","2/2","50/3730",0.04,74.6,12.1342278278653,0.000176142789253421,0.000528428367760262,NA,"DHX58/IRF7",2,"Interaction_fdrOnly_up","KEGG",18,"DHX58/IRF7",2,50,0.0215,0.000999500249875062,0.404761904761905,0.000499750124937531
"KEGG_CYTOSOLIC_DNA_SENSING_PATHWAY","KEGG_CYTOSOLIC_DNA_SENSING_PATHWAY","1/2","39/3730",0.0256410256410256,47.8205128205128,6.80721840321195,0.0208049797363898,0.0312074696045848,NA,"IRF7",1,"Interaction_fdrOnly_up","KEGG",18,"IRF7",1,39,0.014,0.0144927536231884,0.464285714285714,0.0209895052473763
"KEGG_TOLL_LIKE_RECEPTOR_SIGNALING_PATHWAY","KEGG_TOLL_LIKE_RECEPTOR_SIGNALING_PATHWAY","1/2","83/3730",0.0120481927710843,22.4698795180723,4.58114469908043,0.0440147039686768,0.0440147039686768,NA,"IRF7",1,"Interaction_fdrOnly_up","KEGG",18,"IRF7",1,83,0.0335,0.0334832583708146,0.303030303030303,0.0434782608695652
"REACTOME_INTERFERON_SIGNALING","REACTOME_INTERFERON_SIGNALING","8/14","241/7981",0.033195020746888,18.9235328986366,11.8434904232235,1.58206154040626e-09,9.17595693435629e-08,5.99518057417108e-08,"EIF2AK2/IFI27/IRF7/MX1/SP100/TRIM34/TRIM5/XAF1",8,"Interaction_fdrOnly_up","Reactome",18,"EIF2AK2/IFI27/IRF7/MX1/SP100/TRIM34/TRIM5/XAF1",8,241,0.2985,0.000499750124937531,0,0.000499750124937531
"REACTOME_INTERFERON_ALPHA_BETA_SIGNALING","REACTOME_INTERFERON_ALPHA_BETA_SIGNALING","5/14","59/7981",0.0847457627118644,48.3111380145278,15.2893856912155,3.53441474279108e-08,1.02498027540941e-06,6.69678582844626e-07,"EIF2AK2/IFI27/IRF7/MX1/XAF1",5,"Interaction_fdrOnly_up","Reactome",18,"EIF2AK2/IFI27/IRF7/MX1/XAF1",5,59,0.0805,0.000499750124937531,0,0.000499750124937531
"REACTOME_INTERFERON_GAMMA_SIGNALING","REACTOME_INTERFERON_GAMMA_SIGNALING","4/14","79/7981",0.0506329113924051,28.8643761301989,10.4330769787233,8.25656689978993e-06,0.000159626960062605,0.000104293476628925,"IRF7/SP100/TRIM34/TRIM5",4,"Interaction_fdrOnly_up","Reactome",18,"IRF7/SP100/TRIM34/TRIM5",4,79,0.1205,0.000499750124937531,0,0.000499750124937531
