"gene","ID","collection","p_matched","p.adjust","pvalue","fold_enrichment","enriched","n_sets_for_gene","weight_fractional","winner_id","is_winner","arm","variant"
"AREG","HALLMARK_TNFA_SIGNALING_VIA_NFKB","Hallmark",0.000499750124937531,3.2838367948082e-19,7.46326544274591e-21,6.58607945796119,TRUE,7,0.142857142857143,"GOMF_CYTOKINE_ACTIVITY",FALSE,"WT_heat_up","unpinned"
"ATF3","HALLMARK_TNFA_SIGNALING_VIA_NFKB","Hallmark",0.000499750124937531,3.2838367948082e-19,7.46326544274591e-21,6.58607945796119,TRUE,5,0.2,"HALLMARK_TNFA_SIGNALING_VIA_NFKB",TRUE,"WT_heat_up","unpinned"
"CCL20","HALLMARK_TNFA_SIGNALING_VIA_NFKB","Hallmark",0.000499750124937531,3.2838367948082e-19,7.46326544274591e-21,6.58607945796119,TRUE,11,0.0909090909090909,"GOMF_CYTOKINE_ACTIVITY",FALSE,"WT_heat_up","unpinned"
"CCL4","HALLMARK_TNFA_SIGNALING_VIA_NFKB","Hallmark",0.000499750124937531,3.2838367948082e-19,7.46326544274591e-21,6.58607945796119,TRUE,10,0.1,"GOMF_CYTOKINE_ACTIVITY",FALSE,"WT_heat_up","unpinned"
"CCN1","HALLMARK_TNFA_SIGNALING_VIA_NFKB","Hallmark",0.000499750124937531,3.2838367948082e-19,7.46326544274591e-21,6.58607945796119,TRUE,4,0.25,"HALLMARK_TNFA_SIGNALING_VIA_NFKB",TRUE,"WT_heat_up","unpinned"
"CD80","HALLMARK_TNFA_SIGNALING_VIA_NFKB","Hallmark",0.000499750124937531,3.2838367948082e-19,7.46326544274591e-21,6.58607945796119,TRUE,5,0.2,"HALLMARK_TNFA_SIGNALING_VIA_NFKB",TRUE,"WT_heat_up","unpinned"
"CD83","HALLMARK_TNFA_SIGNALING_VIA_NFKB","Hallmark",0.000499750124937531,3.2838367948082e-19,7.46326544274591e-21,6.58607945796119,TRUE,2,0.5,"HALLMARK_TNFA_SIGNALING_VIA_NFKB",TRUE,"WT_heat_up","unpinned"
"CDKN1A","HALLMARK_TNFA_SIGNALING_VIA_NFKB","Hallmark",0.000499750124937531,3.2838367948082e-19,7.46326544274591e-21,6.58607945796119,TRUE,7,0.142857142857143,"HALLMARK_TNFA_SIGNALING_VIA_NFKB",TRUE,"WT_heat_up","unpinned"
"CSF2","HALLMARK_TNFA_SIGNALING_VIA_NFKB","Hallmark",0.000499750124937531,3.2838367948082e-19,7.46326544274591e-21,6.58607945796119,TRUE,7,0.142857142857143,"GOMF_CYTOKINE_ACTIVITY",FALSE,"WT_heat_up","unpinned"
"EGR1","HALLMARK_TNFA_SIGNALING_VIA_NFKB","Hallmark",0.000499750124937531,3.2838367948082e-19,7.46326544274591e-21,6.58607945796119,TRUE,3,0.333333333333333,"HALLMARK_TNFA_SIGNALING_VIA_NFKB",TRUE,"WT_heat_up","unpinned"
"EGR2","HALLMARK_TNFA_SIGNALING_VIA_NFKB","Hallmark",0.000499750124937531,3.2838367948082e-19,7.46326544274591e-21,6.58607945796119,TRUE,3,0.333333333333333,"HALLMARK_TNFA_SIGNALING_VIA_NFKB",TRUE,"WT_heat_up","unpinned"
"EGR3","HALLMARK_TNFA_SIGNALING_VIA_NFKB","Hallmark",0.000499750124937531,3.2838367948082e-19,7.46326544274591e-21,6.58607945796119,TRUE,4,0.25,"HALLMARK_TNFA_SIGNALING_VIA_NFKB",TRUE,"WT_heat_up","unpinned"
"F3","HALLMARK_TNFA_SIGNALING_VIA_NFKB","Hallmark",0.000499750124937531,3.2838367948082e-19,7.46326544274591e-21,6.58607945796119,TRUE,7,0.142857142857143,"HALLMARK_TNFA_SIGNALING_VIA_NFKB",TRUE,"WT_heat_up","unpinned"
"FOSL1","HALLMARK_TNFA_SIGNALING_VIA_NFKB","Hallmark",0.000499750124937531,3.2838367948082e-19,7.46326544274591e-21,6.58607945796119,TRUE,3,0.333333333333333,"HALLMARK_TNFA_SIGNALING_VIA_NFKB",TRUE,"WT_heat_up","unpinned"
"FOSL2","HALLMARK_TNFA_SIGNALING_VIA_NFKB","Hallmark",0.000499750124937531,3.2838367948082e-19,7.46326544274591e-21,6.58607945796119,TRUE,3,0.333333333333333,"HALLMARK_TNFA_SIGNALING_VIA_NFKB",TRUE,"WT_heat_up","unpinned"
"GFPT2","HALLMARK_TNFA_SIGNALING_VIA_NFKB","Hallmark",0.000499750124937531,3.2838367948082e-19,7.46326544274591e-21,6.58607945796119,TRUE,2,0.5,"HALLMARK_TNFA_SIGNALING_VIA_NFKB",TRUE,"WT_heat_up","unpinned"
"GPR183","HALLMARK_TNFA_SIGNALING_VIA_NFKB","Hallmark",0.000499750124937531,3.2838367948082e-19,7.46326544274591e-21,6.58607945796119,TRUE,4,0.25,"HALLMARK_TNFA_SIGNALING_VIA_NFKB",TRUE,"WT_heat_up","unpinned"
"HBEGF","HALLMARK_TNFA_SIGNALING_VIA_NFKB","Hallmark",0.000499750124937531,3.2838367948082e-19,7.46326544274591e-21,6.58607945796119,TRUE,8,0.125,"HALLMARK_TNFA_SIGNALING_VIA_NFKB",TRUE,"WT_heat_up","unpinned"
"IER3","HALLMARK_TNFA_SIGNALING_VIA_NFKB","Hallmark",0.000499750124937531,3.2838367948082e-19,7.46326544274591e-21,6.58607945796119,TRUE,4,0.25,"HALLMARK_TNFA_SIGNALING_VIA_NFKB",TRUE,"WT_heat_up","unpinned"
"IL1A","HALLMARK_TNFA_SIGNALING_VIA_NFKB","Hallmark",0.000499750124937531,3.2838367948082e-19,7.46326544274591e-21,6.58607945796119,TRUE,9,0.111111111111111,"GOMF_CYTOKINE_ACTIVITY",FALSE,"WT_heat_up","unpinned"
"IL23A","HALLMARK_TNFA_SIGNALING_VIA_NFKB","Hallmark",0.000499750124937531,3.2838367948082e-19,7.46326544274591e-21,6.58607945796119,TRUE,6,0.166666666666667,"GOMF_CYTOKINE_ACTIVITY",FALSE,"WT_heat_up","unpinned"
"INHBA","HALLMARK_TNFA_SIGNALING_VIA_NFKB","Hallmark",0.000499750124937531,3.2838367948082e-19,7.46326544274591e-21,6.58607945796119,TRUE,8,0.125,"GOMF_CYTOKINE_ACTIVITY",FALSE,"WT_heat_up","unpinned"
"KDM6B","HALLMARK_TNFA_SIGNALING_VIA_NFKB","Hallmark",0.000499750124937531,3.2838367948082e-19,7.46326544274591e-21,6.58607945796119,TRUE,1,1,"HALLMARK_TNFA_SIGNALING_VIA_NFKB",TRUE,"WT_heat_up","unpinned"
"NR4A1","HALLMARK_TNFA_SIGNALING_VIA_NFKB","Hallmark",0.000499750124937531,3.2838367948082e-19,7.46326544274591e-21,6.58607945796119,TRUE,5,0.2,"HALLMARK_TNFA_SIGNALING_VIA_NFKB",TRUE,"WT_heat_up","unpinned"
"NR4A2","HALLMARK_TNFA_SIGNALING_VIA_NFKB","Hallmark",0.000499750124937531,3.2838367948082e-19,7.46326544274591e-21,6.58607945796119,TRUE,3,0.333333333333333,"HALLMARK_TNFA_SIGNALING_VIA_NFKB",TRUE,"WT_heat_up","unpinned"
"NR4A3","HALLMARK_TNFA_SIGNALING_VIA_NFKB","Hallmark",0.000499750124937531,3.2838367948082e-19,7.46326544274591e-21,6.58607945796119,TRUE,5,0.2,"HALLMARK_TNFA_SIGNALING_VIA_NFKB",TRUE,"WT_heat_up","unpinned"
"OLR1","HALLMARK_TNFA_SIGNALING_VIA_NFKB","Hallmark",0.000499750124937531,3.2838367948082e-19,7.46326544274591e-21,6.58607945796119,TRUE,3,0.333333333333333,"HALLMARK_TNFA_SIGNALING_VIA_NFKB",TRUE,"WT_heat_up","unpinned"
"PLAUR","HALLMARK_TNFA_SIGNALING_VIA_NFKB","Hallmark",0.000499750124937531,3.2838367948082e-19,7.46326544274591e-21,6.58607945796119,TRUE,8,0.125,"HALLMARK_TNFA_SIGNALING_VIA_NFKB",TRUE,"WT_heat_up","unpinned"
"PLEK","HALLMARK_TNFA_SIGNALING_VIA_NFKB","Hallmark",0.000499750124937531,3.2838367948082e-19,7.46326544274591e-21,6.58607945796119,TRUE,3,0.333333333333333,"HALLMARK_TNFA_SIGNALING_VIA_NFKB",TRUE,"WT_heat_up","unpinned"
"PLK2","HALLMARK_TNFA_SIGNALING_VIA_NFKB","Hallmark",0.000499750124937531,3.2838367948082e-19,7.46326544274591e-21,6.58607945796119,TRUE,4,0.25,"HALLMARK_TNFA_SIGNALING_VIA_NFKB",TRUE,"WT_heat_up","unpinned"
"PTGS2","HALLMARK_TNFA_SIGNALING_VIA_NFKB","Hallmark",0.000499750124937531,3.2838367948082e-19,7.46326544274591e-21,6.58607945796119,TRUE,6,0.166666666666667,"HALLMARK_TNFA_SIGNALING_VIA_NFKB",TRUE,"WT_heat_up","unpinned"
"SDC4","HALLMARK_TNFA_SIGNALING_VIA_NFKB","Hallmark",0.000499750124937531,3.2838367948082e-19,7.46326544274591e-21,6.58607945796119,TRUE,5,0.2,"HALLMARK_TNFA_SIGNALING_VIA_NFKB",TRUE,"WT_heat_up","unpinned"
"SERPINE1","HALLMARK_TNFA_SIGNALING_VIA_NFKB","Hallmark",0.000499750124937531,3.2838367948082e-19,7.46326544274591e-21,6.58607945796119,TRUE,12,0.0833333333333333,"HALLMARK_TNFA_SIGNALING_VIA_NFKB",TRUE,"WT_heat_up","unpinned"
"SPHK1","HALLMARK_TNFA_SIGNALING_VIA_NFKB","Hallmark",0.000499750124937531,3.2838367948082e-19,7.46326544274591e-21,6.58607945796119,TRUE,4,0.25,"HALLMARK_TNFA_SIGNALING_VIA_NFKB",TRUE,"WT_heat_up","unpinned"
"TNFSF9","HALLMARK_TNFA_SIGNALING_VIA_NFKB","Hallmark",0.000499750124937531,3.2838367948082e-19,7.46326544274591e-21,6.58607945796119,TRUE,5,0.2,"GOMF_CYTOKINE_ACTIVITY",FALSE,"WT_heat_up","unpinned"
"ADM","HALLMARK_INFLAMMATORY_RESPONSE","Hallmark",0.000499750124937531,5.1051464921737e-08,2.32052113280623e-09,4.54677533664068,TRUE,6,0.166666666666667,"HALLMARK_INFLAMMATORY_RESPONSE",TRUE,"WT_heat_up","unpinned"
"ADORA2B","HALLMARK_INFLAMMATORY_RESPONSE","Hallmark",0.000499750124937531,5.1051464921737e-08,2.32052113280623e-09,4.54677533664068,TRUE,4,0.25,"HALLMARK_INFLAMMATORY_RESPONSE",TRUE,"WT_heat_up","unpinned"
"CCL20","HALLMARK_INFLAMMATORY_RESPONSE","Hallmark",0.000499750124937531,5.1051464921737e-08,2.32052113280623e-09,4.54677533664068,TRUE,11,0.0909090909090909,"GOMF_CYTOKINE_ACTIVITY",FALSE,"WT_heat_up","unpinned"
"CCL22","HALLMARK_INFLAMMATORY_RESPONSE","Hallmark",0.000499750124937531,5.1051464921737e-08,2.32052113280623e-09,4.54677533664068,TRUE,11,0.0909090909090909,"GOMF_CYTOKINE_ACTIVITY",FALSE,"WT_heat_up","unpinned"
"CD70","HALLMARK_INFLAMMATORY_RESPONSE","Hallmark",0.000499750124937531,5.1051464921737e-08,2.32052113280623e-09,4.54677533664068,TRUE,2,0.5,"HALLMARK_INFLAMMATORY_RESPONSE",TRUE,"WT_heat_up","unpinned"
"CDKN1A","HALLMARK_INFLAMMATORY_RESPONSE","Hallmark",0.000499750124937531,5.1051464921737e-08,2.32052113280623e-09,4.54677533664068,TRUE,7,0.142857142857143,"HALLMARK_TNFA_SIGNALING_VIA_NFKB",FALSE,"WT_heat_up","unpinned"
"F3","HALLMARK_INFLAMMATORY_RESPONSE","Hallmark",0.000499750124937531,5.1051464921737e-08,2.32052113280623e-09,4.54677533664068,TRUE,7,0.142857142857143,"HALLMARK_TNFA_SIGNALING_VIA_NFKB",FALSE,"WT_heat_up","unpinned"
"GPR183","HALLMARK_INFLAMMATORY_RESPONSE","Hallmark",0.000499750124937531,5.1051464921737e-08,2.32052113280623e-09,4.54677533664068,TRUE,4,0.25,"HALLMARK_TNFA_SIGNALING_VIA_NFKB",FALSE,"WT_heat_up","unpinned"
"HBEGF","HALLMARK_INFLAMMATORY_RESPONSE","Hallmark",0.000499750124937531,5.1051464921737e-08,2.32052113280623e-09,4.54677533664068,TRUE,8,0.125,"HALLMARK_TNFA_SIGNALING_VIA_NFKB",FALSE,"WT_heat_up","unpinned"
"IL1A","HALLMARK_INFLAMMATORY_RESPONSE","Hallmark",0.000499750124937531,5.1051464921737e-08,2.32052113280623e-09,4.54677533664068,TRUE,9,0.111111111111111,"GOMF_CYTOKINE_ACTIVITY",FALSE,"WT_heat_up","unpinned"
"INHBA","HALLMARK_INFLAMMATORY_RESPONSE","Hallmark",0.000499750124937531,5.1051464921737e-08,2.32052113280623e-09,4.54677533664068,TRUE,8,0.125,"GOMF_CYTOKINE_ACTIVITY",FALSE,"WT_heat_up","unpinned"
"LTA","HALLMARK_INFLAMMATORY_RESPONSE","Hallmark",0.000499750124937531,5.1051464921737e-08,2.32052113280623e-09,4.54677533664068,TRUE,6,0.166666666666667,"GOMF_CYTOKINE_ACTIVITY",FALSE,"WT_heat_up","unpinned"
"OLR1","HALLMARK_INFLAMMATORY_RESPONSE","Hallmark",0.000499750124937531,5.1051464921737e-08,2.32052113280623e-09,4.54677533664068,TRUE,3,0.333333333333333,"HALLMARK_TNFA_SIGNALING_VIA_NFKB",FALSE,"WT_heat_up","unpinned"
"PLAUR","HALLMARK_INFLAMMATORY_RESPONSE","Hallmark",0.000499750124937531,5.1051464921737e-08,2.32052113280623e-09,4.54677533664068,TRUE,8,0.125,"HALLMARK_TNFA_SIGNALING_VIA_NFKB",FALSE,"WT_heat_up","unpinned"
"PTGER2","HALLMARK_INFLAMMATORY_RESPONSE","Hallmark",0.000499750124937531,5.1051464921737e-08,2.32052113280623e-09,4.54677533664068,TRUE,3,0.333333333333333,"HALLMARK_INFLAMMATORY_RESPONSE",TRUE,"WT_heat_up","unpinned"
"RGS16","HALLMARK_INFLAMMATORY_RESPONSE","Hallmark",0.000499750124937531,5.1051464921737e-08,2.32052113280623e-09,4.54677533664068,TRUE,5,0.2,"HALLMARK_INFLAMMATORY_RESPONSE",TRUE,"WT_heat_up","unpinned"
"SERPINE1","HALLMARK_INFLAMMATORY_RESPONSE","Hallmark",0.000499750124937531,5.1051464921737e-08,2.32052113280623e-09,4.54677533664068,TRUE,12,0.0833333333333333,"HALLMARK_TNFA_SIGNALING_VIA_NFKB",FALSE,"WT_heat_up","unpinned"
"SGMS2","HALLMARK_INFLAMMATORY_RESPONSE","Hallmark",0.000499750124937531,5.1051464921737e-08,2.32052113280623e-09,4.54677533664068,TRUE,1,1,"HALLMARK_INFLAMMATORY_RESPONSE",TRUE,"WT_heat_up","unpinned"
"SPHK1","HALLMARK_INFLAMMATORY_RESPONSE","Hallmark",0.000499750124937531,5.1051464921737e-08,2.32052113280623e-09,4.54677533664068,TRUE,4,0.25,"HALLMARK_TNFA_SIGNALING_VIA_NFKB",FALSE,"WT_heat_up","unpinned"
"TIMP1","HALLMARK_INFLAMMATORY_RESPONSE","Hallmark",0.000499750124937531,5.1051464921737e-08,2.32052113280623e-09,4.54677533664068,TRUE,9,0.111111111111111,"GOMF_CYTOKINE_ACTIVITY",FALSE,"WT_heat_up","unpinned"
"TNFSF9","HALLMARK_INFLAMMATORY_RESPONSE","Hallmark",0.000499750124937531,5.1051464921737e-08,2.32052113280623e-09,4.54677533664068,TRUE,5,0.2,"GOMF_CYTOKINE_ACTIVITY",FALSE,"WT_heat_up","unpinned"
"ADM","HALLMARK_HYPOXIA","Hallmark",0.000999500249875062,9.75807515390371e-06,6.6532330594798e-07,3.78328173374613,TRUE,6,0.166666666666667,"HALLMARK_INFLAMMATORY_RESPONSE",FALSE,"WT_heat_up","unpinned"
"ADORA2B","HALLMARK_HYPOXIA","Hallmark",0.000999500249875062,9.75807515390371e-06,6.6532330594798e-07,3.78328173374613,TRUE,4,0.25,"HALLMARK_INFLAMMATORY_RESPONSE",FALSE,"WT_heat_up","unpinned"
"AK4","HALLMARK_HYPOXIA","Hallmark",0.000999500249875062,9.75807515390371e-06,6.6532330594798e-07,3.78328173374613,TRUE,1,1,"HALLMARK_HYPOXIA",TRUE,"WT_heat_up","unpinned"
"ANXA2","HALLMARK_HYPOXIA","Hallmark",0.000999500249875062,9.75807515390371e-06,6.6532330594798e-07,3.78328173374613,TRUE,8,0.125,"REACTOME_SIGNALING_BY_INTERLEUKINS",FALSE,"WT_heat_up","unpinned"
"ATF3","HALLMARK_HYPOXIA","Hallmark",0.000999500249875062,9.75807515390371e-06,6.6532330594798e-07,3.78328173374613,TRUE,5,0.2,"HALLMARK_TNFA_SIGNALING_VIA_NFKB",FALSE,"WT_heat_up","unpinned"
"CCN1","HALLMARK_HYPOXIA","Hallmark",0.000999500249875062,9.75807515390371e-06,6.6532330594798e-07,3.78328173374613,TRUE,4,0.25,"HALLMARK_TNFA_SIGNALING_VIA_NFKB",FALSE,"WT_heat_up","unpinned"
"CDKN1A","HALLMARK_HYPOXIA","Hallmark",0.000999500249875062,9.75807515390371e-06,6.6532330594798e-07,3.78328173374613,TRUE,7,0.142857142857143,"HALLMARK_TNFA_SIGNALING_VIA_NFKB",FALSE,"WT_heat_up","unpinned"
"EGFR","HALLMARK_HYPOXIA","Hallmark",0.000999500249875062,9.75807515390371e-06,6.6532330594798e-07,3.78328173374613,TRUE,4,0.25,"REACTOME_EGFR_DOWNREGULATION",FALSE,"WT_heat_up","unpinned"
"F3","HALLMARK_HYPOXIA","Hallmark",0.000999500249875062,9.75807515390371e-06,6.6532330594798e-07,3.78328173374613,TRUE,7,0.142857142857143,"HALLMARK_TNFA_SIGNALING_VIA_NFKB",FALSE,"WT_heat_up","unpinned"
"FOSL2","HALLMARK_HYPOXIA","Hallmark",0.000999500249875062,9.75807515390371e-06,6.6532330594798e-07,3.78328173374613,TRUE,3,0.333333333333333,"HALLMARK_TNFA_SIGNALING_VIA_NFKB",FALSE,"WT_heat_up","unpinned"
"HK2","HALLMARK_HYPOXIA","Hallmark",0.000999500249875062,9.75807515390371e-06,6.6532330594798e-07,3.78328173374613,TRUE,2,0.5,"HALLMARK_HYPOXIA",TRUE,"WT_heat_up","unpinned"
"IER3","HALLMARK_HYPOXIA","Hallmark",0.000999500249875062,9.75807515390371e-06,6.6532330594798e-07,3.78328173374613,TRUE,4,0.25,"HALLMARK_TNFA_SIGNALING_VIA_NFKB",FALSE,"WT_heat_up","unpinned"
"P4HA2","HALLMARK_HYPOXIA","Hallmark",0.000999500249875062,9.75807515390371e-06,6.6532330594798e-07,3.78328173374613,TRUE,1,1,"HALLMARK_HYPOXIA",TRUE,"WT_heat_up","unpinned"
"PDGFB","HALLMARK_HYPOXIA","Hallmark",0.000999500249875062,9.75807515390371e-06,6.6532330594798e-07,3.78328173374613,TRUE,6,0.166666666666667,"GOBP_TAXIS",FALSE,"WT_heat_up","unpinned"
"PLAUR","HALLMARK_HYPOXIA","Hallmark",0.000999500249875062,9.75807515390371e-06,6.6532330594798e-07,3.78328173374613,TRUE,8,0.125,"HALLMARK_TNFA_SIGNALING_VIA_NFKB",FALSE,"WT_heat_up","unpinned"
"SDC4","HALLMARK_HYPOXIA","Hallmark",0.000999500249875062,9.75807515390371e-06,6.6532330594798e-07,3.78328173374613,TRUE,5,0.2,"HALLMARK_TNFA_SIGNALING_VIA_NFKB",FALSE,"WT_heat_up","unpinned"
"SERPINE1","HALLMARK_HYPOXIA","Hallmark",0.000999500249875062,9.75807515390371e-06,6.6532330594798e-07,3.78328173374613,TRUE,12,0.0833333333333333,"HALLMARK_TNFA_SIGNALING_VIA_NFKB",FALSE,"WT_heat_up","unpinned"
"TGM2","HALLMARK_HYPOXIA","Hallmark",0.000999500249875062,9.75807515390371e-06,6.6532330594798e-07,3.78328173374613,TRUE,3,0.333333333333333,"HALLMARK_HYPOXIA",TRUE,"WT_heat_up","unpinned"
"APLP1","HALLMARK_EPITHELIAL_MESENCHYMAL_TRANSITION","Hallmark",0.00149925037481259,0.000313579416705385,2.85072197004896e-05,3.54349627174814,TRUE,4,0.25,"GOBP_NEGATIVE_REGULATION_OF_G_PROTEIN_COUPLED_RECEPTOR_SIGNALING_PATHWAY",FALSE,"WT_heat_up","unpinned"
"AREG","HALLMARK_EPITHELIAL_MESENCHYMAL_TRANSITION","Hallmark",0.00149925037481259,0.000313579416705385,2.85072197004896e-05,3.54349627174814,TRUE,7,0.142857142857143,"GOMF_CYTOKINE_ACTIVITY",FALSE,"WT_heat_up","unpinned"
"CCN1","HALLMARK_EPITHELIAL_MESENCHYMAL_TRANSITION","Hallmark",0.00149925037481259,0.000313579416705385,2.85072197004896e-05,3.54349627174814,TRUE,4,0.25,"HALLMARK_TNFA_SIGNALING_VIA_NFKB",FALSE,"WT_heat_up","unpinned"
"DAB2","HALLMARK_EPITHELIAL_MESENCHYMAL_TRANSITION","Hallmark",0.00149925037481259,0.000313579416705385,2.85072197004896e-05,3.54349627174814,TRUE,1,1,"HALLMARK_EPITHELIAL_MESENCHYMAL_TRANSITION",TRUE,"WT_heat_up","unpinned"
"INHBA","HALLMARK_EPITHELIAL_MESENCHYMAL_TRANSITION","Hallmark",0.00149925037481259,0.000313579416705385,2.85072197004896e-05,3.54349627174814,TRUE,8,0.125,"GOMF_CYTOKINE_ACTIVITY",FALSE,"WT_heat_up","unpinned"
"LAMC2","HALLMARK_EPITHELIAL_MESENCHYMAL_TRANSITION","Hallmark",0.00149925037481259,0.000313579416705385,2.85072197004896e-05,3.54349627174814,TRUE,3,0.333333333333333,"REACTOME_DEVELOPMENTAL_CELL_LINEAGES",FALSE,"WT_heat_up","unpinned"
"PLAUR","HALLMARK_EPITHELIAL_MESENCHYMAL_TRANSITION","Hallmark",0.00149925037481259,0.000313579416705385,2.85072197004896e-05,3.54349627174814,TRUE,8,0.125,"HALLMARK_TNFA_SIGNALING_VIA_NFKB",FALSE,"WT_heat_up","unpinned"
"SDC1","HALLMARK_EPITHELIAL_MESENCHYMAL_TRANSITION","Hallmark",0.00149925037481259,0.000313579416705385,2.85072197004896e-05,3.54349627174814,TRUE,5,0.2,"REACTOME_SIGNALING_BY_INTERLEUKINS",FALSE,"WT_heat_up","unpinned"
"SDC4","HALLMARK_EPITHELIAL_MESENCHYMAL_TRANSITION","Hallmark",0.00149925037481259,0.000313579416705385,2.85072197004896e-05,3.54349627174814,TRUE,5,0.2,"HALLMARK_TNFA_SIGNALING_VIA_NFKB",FALSE,"WT_heat_up","unpinned"
"SERPINE1","HALLMARK_EPITHELIAL_MESENCHYMAL_TRANSITION","Hallmark",0.00149925037481259,0.000313579416705385,2.85072197004896e-05,3.54349627174814,TRUE,12,0.0833333333333333,"HALLMARK_TNFA_SIGNALING_VIA_NFKB",FALSE,"WT_heat_up","unpinned"
"SPP1","HALLMARK_EPITHELIAL_MESENCHYMAL_TRANSITION","Hallmark",0.00149925037481259,0.000313579416705385,2.85072197004896e-05,3.54349627174814,TRUE,5,0.2,"GOMF_CYTOKINE_ACTIVITY",FALSE,"WT_heat_up","unpinned"
"TGM2","HALLMARK_EPITHELIAL_MESENCHYMAL_TRANSITION","Hallmark",0.00149925037481259,0.000313579416705385,2.85072197004896e-05,3.54349627174814,TRUE,3,0.333333333333333,"HALLMARK_HYPOXIA",FALSE,"WT_heat_up","unpinned"
"TIMP1","HALLMARK_EPITHELIAL_MESENCHYMAL_TRANSITION","Hallmark",0.00149925037481259,0.000313579416705385,2.85072197004896e-05,3.54349627174814,TRUE,9,0.111111111111111,"GOMF_CYTOKINE_ACTIVITY",FALSE,"WT_heat_up","unpinned"
"TNFRSF11B","HALLMARK_EPITHELIAL_MESENCHYMAL_TRANSITION","Hallmark",0.00149925037481259,0.000313579416705385,2.85072197004896e-05,3.54349627174814,TRUE,3,0.333333333333333,"GOMF_CYTOKINE_ACTIVITY",FALSE,"WT_heat_up","unpinned"
"ATF3","HALLMARK_P53_PATHWAY","Hallmark",0.00449775112443778,0.00142562500121075,0.000162002841046676,2.88298206983328,TRUE,5,0.2,"HALLMARK_TNFA_SIGNALING_VIA_NFKB",FALSE,"WT_heat_up","unpinned"
"CDKN1A","HALLMARK_P53_PATHWAY","Hallmark",0.00449775112443778,0.00142562500121075,0.000162002841046676,2.88298206983328,TRUE,7,0.142857142857143,"HALLMARK_TNFA_SIGNALING_VIA_NFKB",FALSE,"WT_heat_up","unpinned"
"EPHA2","HALLMARK_P53_PATHWAY","Hallmark",0.00449775112443778,0.00142562500121075,0.000162002841046676,2.88298206983328,TRUE,3,0.333333333333333,"GOBP_TAXIS",FALSE,"WT_heat_up","unpinned"
"HBEGF","HALLMARK_P53_PATHWAY","Hallmark",0.00449775112443778,0.00142562500121075,0.000162002841046676,2.88298206983328,TRUE,8,0.125,"HALLMARK_TNFA_SIGNALING_VIA_NFKB",FALSE,"WT_heat_up","unpinned"
"IER3","HALLMARK_P53_PATHWAY","Hallmark",0.00449775112443778,0.00142562500121075,0.000162002841046676,2.88298206983328,TRUE,4,0.25,"HALLMARK_TNFA_SIGNALING_VIA_NFKB",FALSE,"WT_heat_up","unpinned"
"IL1A","HALLMARK_P53_PATHWAY","Hallmark",0.00449775112443778,0.00142562500121075,0.000162002841046676,2.88298206983328,TRUE,9,0.111111111111111,"GOMF_CYTOKINE_ACTIVITY",FALSE,"WT_heat_up","unpinned"
"PLK2","HALLMARK_P53_PATHWAY","Hallmark",0.00449775112443778,0.00142562500121075,0.000162002841046676,2.88298206983328,TRUE,4,0.25,"HALLMARK_TNFA_SIGNALING_VIA_NFKB",FALSE,"WT_heat_up","unpinned"
"PLK3","HALLMARK_P53_PATHWAY","Hallmark",0.00449775112443778,0.00142562500121075,0.000162002841046676,2.88298206983328,TRUE,1,1,"HALLMARK_P53_PATHWAY",TRUE,"WT_heat_up","unpinned"
"PLXNB2","HALLMARK_P53_PATHWAY","Hallmark",0.00449775112443778,0.00142562500121075,0.000162002841046676,2.88298206983328,TRUE,1,1,"HALLMARK_P53_PATHWAY",TRUE,"WT_heat_up","unpinned"
"PROCR","HALLMARK_P53_PATHWAY","Hallmark",0.00449775112443778,0.00142562500121075,0.000162002841046676,2.88298206983328,TRUE,2,0.5,"GOBP_REGULATION_OF_COAGULATION",FALSE,"WT_heat_up","unpinned"
"RGS16","HALLMARK_P53_PATHWAY","Hallmark",0.00449775112443778,0.00142562500121075,0.000162002841046676,2.88298206983328,TRUE,5,0.2,"HALLMARK_INFLAMMATORY_RESPONSE",FALSE,"WT_heat_up","unpinned"
"SDC1","HALLMARK_P53_PATHWAY","Hallmark",0.00449775112443778,0.00142562500121075,0.000162002841046676,2.88298206983328,TRUE,5,0.2,"REACTOME_SIGNALING_BY_INTERLEUKINS",FALSE,"WT_heat_up","unpinned"
"SPHK1","HALLMARK_P53_PATHWAY","Hallmark",0.00449775112443778,0.00142562500121075,0.000162002841046676,2.88298206983328,TRUE,4,0.25,"HALLMARK_TNFA_SIGNALING_VIA_NFKB",FALSE,"WT_heat_up","unpinned"
"TNFSF9","HALLMARK_P53_PATHWAY","Hallmark",0.00449775112443778,0.00142562500121075,0.000162002841046676,2.88298206983328,TRUE,5,0.2,"GOMF_CYTOKINE_ACTIVITY",FALSE,"WT_heat_up","unpinned"
"UPP1","HALLMARK_P53_PATHWAY","Hallmark",0.00449775112443778,0.00142562500121075,0.000162002841046676,2.88298206983328,TRUE,1,1,"HALLMARK_P53_PATHWAY",TRUE,"WT_heat_up","unpinned"
"ADAM8","HALLMARK_KRAS_SIGNALING_UP","Hallmark",0.00549725137431284,0.0031644979385807,0.000431522446170095,2.9020825721593,TRUE,4,0.25,"GOBP_TAXIS",FALSE,"WT_heat_up","unpinned"
"ALDH1A2","HALLMARK_KRAS_SIGNALING_UP","Hallmark",0.00549725137431284,0.0031644979385807,0.000431522446170095,2.9020825721593,TRUE,1,1,"HALLMARK_KRAS_SIGNALING_UP",TRUE,"WT_heat_up","unpinned"
"ANO1","HALLMARK_KRAS_SIGNALING_UP","Hallmark",0.00549725137431284,0.0031644979385807,0.000431522446170095,2.9020825721593,TRUE,1,1,"HALLMARK_KRAS_SIGNALING_UP",TRUE,"WT_heat_up","unpinned"
"CCL20","HALLMARK_KRAS_SIGNALING_UP","Hallmark",0.00549725137431284,0.0031644979385807,0.000431522446170095,2.9020825721593,TRUE,11,0.0909090909090909,"GOMF_CYTOKINE_ACTIVITY",FALSE,"WT_heat_up","unpinned"
"CSF2","HALLMARK_KRAS_SIGNALING_UP","Hallmark",0.00549725137431284,0.0031644979385807,0.000431522446170095,2.9020825721593,TRUE,7,0.142857142857143,"GOMF_CYTOKINE_ACTIVITY",FALSE,"WT_heat_up","unpinned"
"GFPT2","HALLMARK_KRAS_SIGNALING_UP","Hallmark",0.00549725137431284,0.0031644979385807,0.000431522446170095,2.9020825721593,TRUE,2,0.5,"HALLMARK_TNFA_SIGNALING_VIA_NFKB",FALSE,"WT_heat_up","unpinned"
"HBEGF","HALLMARK_KRAS_SIGNALING_UP","Hallmark",0.00549725137431284,0.0031644979385807,0.000431522446170095,2.9020825721593,TRUE,8,0.125,"HALLMARK_TNFA_SIGNALING_VIA_NFKB",FALSE,"WT_heat_up","unpinned"
"INHBA","HALLMARK_KRAS_SIGNALING_UP","Hallmark",0.00549725137431284,0.0031644979385807,0.000431522446170095,2.9020825721593,TRUE,8,0.125,"GOMF_CYTOKINE_ACTIVITY",FALSE,"WT_heat_up","unpinned"
"PLAUR","HALLMARK_KRAS_SIGNALING_UP","Hallmark",0.00549725137431284,0.0031644979385807,0.000431522446170095,2.9020825721593,TRUE,8,0.125,"HALLMARK_TNFA_SIGNALING_VIA_NFKB",FALSE,"WT_heat_up","unpinned"
"PLEK2","HALLMARK_KRAS_SIGNALING_UP","Hallmark",0.00549725137431284,0.0031644979385807,0.000431522446170095,2.9020825721593,TRUE,1,1,"HALLMARK_KRAS_SIGNALING_UP",TRUE,"WT_heat_up","unpinned"
"PTGS2","HALLMARK_KRAS_SIGNALING_UP","Hallmark",0.00549725137431284,0.0031644979385807,0.000431522446170095,2.9020825721593,TRUE,6,0.166666666666667,"HALLMARK_TNFA_SIGNALING_VIA_NFKB",FALSE,"WT_heat_up","unpinned"
"RGS16","HALLMARK_KRAS_SIGNALING_UP","Hallmark",0.00549725137431284,0.0031644979385807,0.000431522446170095,2.9020825721593,TRUE,5,0.2,"HALLMARK_INFLAMMATORY_RESPONSE",FALSE,"WT_heat_up","unpinned"
"SPP1","HALLMARK_KRAS_SIGNALING_UP","Hallmark",0.00549725137431284,0.0031644979385807,0.000431522446170095,2.9020825721593,TRUE,5,0.2,"GOMF_CYTOKINE_ACTIVITY",FALSE,"WT_heat_up","unpinned"
"APLP1","HALLMARK_IL2_STAT5_SIGNALING","Hallmark",0.0299850074962519,0.00591757150581644,0.000941431830470797,2.55419528217378,TRUE,4,0.25,"GOBP_NEGATIVE_REGULATION_OF_G_PROTEIN_COUPLED_RECEPTOR_SIGNALING_PATHWAY",FALSE,"WT_heat_up","unpinned"
"BATF3","HALLMARK_IL2_STAT5_SIGNALING","Hallmark",0.0299850074962519,0.00591757150581644,0.000941431830470797,2.55419528217378,TRUE,1,1,"HALLMARK_IL2_STAT5_SIGNALING",TRUE,"WT_heat_up","unpinned"
"CD83","HALLMARK_IL2_STAT5_SIGNALING","Hallmark",0.0299850074962519,0.00591757150581644,0.000941431830470797,2.55419528217378,TRUE,2,0.5,"HALLMARK_TNFA_SIGNALING_VIA_NFKB",FALSE,"WT_heat_up","unpinned"
"CSF2","HALLMARK_IL2_STAT5_SIGNALING","Hallmark",0.0299850074962519,0.00591757150581644,0.000941431830470797,2.55419528217378,TRUE,7,0.142857142857143,"GOMF_CYTOKINE_ACTIVITY",FALSE,"WT_heat_up","unpinned"
"EOMES","HALLMARK_IL2_STAT5_SIGNALING","Hallmark",0.0299850074962519,0.00591757150581644,0.000941431830470797,2.55419528217378,TRUE,1,1,"HALLMARK_IL2_STAT5_SIGNALING",TRUE,"WT_heat_up","unpinned"
"FAH","HALLMARK_IL2_STAT5_SIGNALING","Hallmark",0.0299850074962519,0.00591757150581644,0.000941431830470797,2.55419528217378,TRUE,1,1,"HALLMARK_IL2_STAT5_SIGNALING",TRUE,"WT_heat_up","unpinned"
"HK2","HALLMARK_IL2_STAT5_SIGNALING","Hallmark",0.0299850074962519,0.00591757150581644,0.000941431830470797,2.55419528217378,TRUE,2,0.5,"HALLMARK_HYPOXIA",FALSE,"WT_heat_up","unpinned"
"IRF6","HALLMARK_IL2_STAT5_SIGNALING","Hallmark",0.0299850074962519,0.00591757150581644,0.000941431830470797,2.55419528217378,TRUE,2,0.5,"GOMF_DNA_BINDING_TRANSCRIPTION_ACTIVATOR_ACTIVITY",FALSE,"WT_heat_up","unpinned"
"PTGER2","HALLMARK_IL2_STAT5_SIGNALING","Hallmark",0.0299850074962519,0.00591757150581644,0.000941431830470797,2.55419528217378,TRUE,3,0.333333333333333,"HALLMARK_INFLAMMATORY_RESPONSE",FALSE,"WT_heat_up","unpinned"
"RGS16","HALLMARK_IL2_STAT5_SIGNALING","Hallmark",0.0299850074962519,0.00591757150581644,0.000941431830470797,2.55419528217378,TRUE,5,0.2,"HALLMARK_INFLAMMATORY_RESPONSE",FALSE,"WT_heat_up","unpinned"
"SCN9A","HALLMARK_IL2_STAT5_SIGNALING","Hallmark",0.0299850074962519,0.00591757150581644,0.000941431830470797,2.55419528217378,TRUE,1,1,"HALLMARK_IL2_STAT5_SIGNALING",TRUE,"WT_heat_up","unpinned"
"SPP1","HALLMARK_IL2_STAT5_SIGNALING","Hallmark",0.0299850074962519,0.00591757150581644,0.000941431830470797,2.55419528217378,TRUE,5,0.2,"GOMF_CYTOKINE_ACTIVITY",FALSE,"WT_heat_up","unpinned"
"TGM2","HALLMARK_IL2_STAT5_SIGNALING","Hallmark",0.0299850074962519,0.00591757150581644,0.000941431830470797,2.55419528217378,TRUE,3,0.333333333333333,"HALLMARK_HYPOXIA",FALSE,"WT_heat_up","unpinned"
"TNFSF11","HALLMARK_IL2_STAT5_SIGNALING","Hallmark",0.0299850074962519,0.00591757150581644,0.000941431830470797,2.55419528217378,TRUE,6,0.166666666666667,"GOMF_CYTOKINE_ACTIVITY",FALSE,"WT_heat_up","unpinned"
"C3","HALLMARK_COAGULATION","Hallmark",0.0144927536231884,0.0197200426040843,0.00448182786456462,3.0266253869969,TRUE,8,0.125,"GOMF_CYTOKINE_ACTIVITY",FALSE,"WT_heat_up","unpinned"
"CLU","HALLMARK_COAGULATION","Hallmark",0.0144927536231884,0.0197200426040843,0.00448182786456462,3.0266253869969,TRUE,1,1,"HALLMARK_COAGULATION",TRUE,"WT_heat_up","unpinned"
"F3","HALLMARK_COAGULATION","Hallmark",0.0144927536231884,0.0197200426040843,0.00448182786456462,3.0266253869969,TRUE,7,0.142857142857143,"HALLMARK_TNFA_SIGNALING_VIA_NFKB",FALSE,"WT_heat_up","unpinned"
"OLR1","HALLMARK_COAGULATION","Hallmark",0.0144927536231884,0.0197200426040843,0.00448182786456462,3.0266253869969,TRUE,3,0.333333333333333,"HALLMARK_TNFA_SIGNALING_VIA_NFKB",FALSE,"WT_heat_up","unpinned"
"PDGFB","HALLMARK_COAGULATION","Hallmark",0.0144927536231884,0.0197200426040843,0.00448182786456462,3.0266253869969,TRUE,6,0.166666666666667,"GOBP_TAXIS",FALSE,"WT_heat_up","unpinned"
"PLEK","HALLMARK_COAGULATION","Hallmark",0.0144927536231884,0.0197200426040843,0.00448182786456462,3.0266253869969,TRUE,3,0.333333333333333,"HALLMARK_TNFA_SIGNALING_VIA_NFKB",FALSE,"WT_heat_up","unpinned"
"SERPINE1","HALLMARK_COAGULATION","Hallmark",0.0144927536231884,0.0197200426040843,0.00448182786456462,3.0266253869969,TRUE,12,0.0833333333333333,"HALLMARK_TNFA_SIGNALING_VIA_NFKB",FALSE,"WT_heat_up","unpinned"
"TIMP1","HALLMARK_COAGULATION","Hallmark",0.0144927536231884,0.0197200426040843,0.00448182786456462,3.0266253869969,TRUE,9,0.111111111111111,"GOMF_CYTOKINE_ACTIVITY",FALSE,"WT_heat_up","unpinned"
"ADAM8","GOBP_TAXIS","GO_BP",0.000499750124937531,1.1623916324849e-05,6.28222890811767e-09,4.16447433002847,TRUE,4,0.25,"GOBP_TAXIS",TRUE,"WT_heat_up","unpinned"
"C3","GOBP_TAXIS","GO_BP",0.000499750124937531,1.1623916324849e-05,6.28222890811767e-09,4.16447433002847,TRUE,8,0.125,"GOMF_CYTOKINE_ACTIVITY",FALSE,"WT_heat_up","unpinned"
"CALCA","GOBP_TAXIS","GO_BP",0.000499750124937531,1.1623916324849e-05,6.28222890811767e-09,4.16447433002847,TRUE,5,0.2,"GOBP_TAXIS",TRUE,"WT_heat_up","unpinned"
"CCL20","GOBP_TAXIS","GO_BP",0.000499750124937531,1.1623916324849e-05,6.28222890811767e-09,4.16447433002847,TRUE,11,0.0909090909090909,"GOMF_CYTOKINE_ACTIVITY",FALSE,"WT_heat_up","unpinned"
"CCL22","GOBP_TAXIS","GO_BP",0.000499750124937531,1.1623916324849e-05,6.28222890811767e-09,4.16447433002847,TRUE,11,0.0909090909090909,"GOMF_CYTOKINE_ACTIVITY",FALSE,"WT_heat_up","unpinned"
"CCL3","GOBP_TAXIS","GO_BP",0.000499750124937531,1.1623916324849e-05,6.28222890811767e-09,4.16447433002847,TRUE,10,0.1,"GOMF_CYTOKINE_ACTIVITY",FALSE,"WT_heat_up","unpinned"
"CCL4","GOBP_TAXIS","GO_BP",0.000499750124937531,1.1623916324849e-05,6.28222890811767e-09,4.16447433002847,TRUE,10,0.1,"GOMF_CYTOKINE_ACTIVITY",FALSE,"WT_heat_up","unpinned"
"CCN1","GOBP_TAXIS","GO_BP",0.000499750124937531,1.1623916324849e-05,6.28222890811767e-09,4.16447433002847,TRUE,4,0.25,"HALLMARK_TNFA_SIGNALING_VIA_NFKB",FALSE,"WT_heat_up","unpinned"
"EGR3","GOBP_TAXIS","GO_BP",0.000499750124937531,1.1623916324849e-05,6.28222890811767e-09,4.16447433002847,TRUE,4,0.25,"HALLMARK_TNFA_SIGNALING_VIA_NFKB",FALSE,"WT_heat_up","unpinned"
"EPHA2","GOBP_TAXIS","GO_BP",0.000499750124937531,1.1623916324849e-05,6.28222890811767e-09,4.16447433002847,TRUE,3,0.333333333333333,"GOBP_TAXIS",TRUE,"WT_heat_up","unpinned"
"F3","GOBP_TAXIS","GO_BP",0.000499750124937531,1.1623916324849e-05,6.28222890811767e-09,4.16447433002847,TRUE,7,0.142857142857143,"HALLMARK_TNFA_SIGNALING_VIA_NFKB",FALSE,"WT_heat_up","unpinned"
"FOSL1","GOBP_TAXIS","GO_BP",0.000499750124937531,1.1623916324849e-05,6.28222890811767e-09,4.16447433002847,TRUE,3,0.333333333333333,"HALLMARK_TNFA_SIGNALING_VIA_NFKB",FALSE,"WT_heat_up","unpinned"
"GPR183","GOBP_TAXIS","GO_BP",0.000499750124937531,1.1623916324849e-05,6.28222890811767e-09,4.16447433002847,TRUE,4,0.25,"HALLMARK_TNFA_SIGNALING_VIA_NFKB",FALSE,"WT_heat_up","unpinned"
"HBEGF","GOBP_TAXIS","GO_BP",0.000499750124937531,1.1623916324849e-05,6.28222890811767e-09,4.16447433002847,TRUE,8,0.125,"HALLMARK_TNFA_SIGNALING_VIA_NFKB",FALSE,"WT_heat_up","unpinned"
"IL23A","GOBP_TAXIS","GO_BP",0.000499750124937531,1.1623916324849e-05,6.28222890811767e-09,4.16447433002847,TRUE,6,0.166666666666667,"GOMF_CYTOKINE_ACTIVITY",FALSE,"WT_heat_up","unpinned"
"NR4A1","GOBP_TAXIS","GO_BP",0.000499750124937531,1.1623916324849e-05,6.28222890811767e-09,4.16447433002847,TRUE,5,0.2,"HALLMARK_TNFA_SIGNALING_VIA_NFKB",FALSE,"WT_heat_up","unpinned"
"PDGFB","GOBP_TAXIS","GO_BP",0.000499750124937531,1.1623916324849e-05,6.28222890811767e-09,4.16447433002847,TRUE,6,0.166666666666667,"GOBP_TAXIS",TRUE,"WT_heat_up","unpinned"
"PLAUR","GOBP_TAXIS","GO_BP",0.000499750124937531,1.1623916324849e-05,6.28222890811767e-09,4.16447433002847,TRUE,8,0.125,"HALLMARK_TNFA_SIGNALING_VIA_NFKB",FALSE,"WT_heat_up","unpinned"
"SEMA4A","GOBP_TAXIS","GO_BP",0.000499750124937531,1.1623916324849e-05,6.28222890811767e-09,4.16447433002847,TRUE,2,0.5,"GOBP_TAXIS",TRUE,"WT_heat_up","unpinned"
"SERPINE1","GOBP_TAXIS","GO_BP",0.000499750124937531,1.1623916324849e-05,6.28222890811767e-09,4.16447433002847,TRUE,12,0.0833333333333333,"HALLMARK_TNFA_SIGNALING_VIA_NFKB",FALSE,"WT_heat_up","unpinned"
"TNFSF11","GOBP_TAXIS","GO_BP",0.000499750124937531,1.1623916324849e-05,6.28222890811767e-09,4.16447433002847,TRUE,6,0.166666666666667,"GOMF_CYTOKINE_ACTIVITY",FALSE,"WT_heat_up","unpinned"
"TNFSF14","GOBP_TAXIS","GO_BP",0.000499750124937531,1.1623916324849e-05,6.28222890811767e-09,4.16447433002847,TRUE,5,0.2,"GOMF_CYTOKINE_ACTIVITY",FALSE,"WT_heat_up","unpinned"
"WNT3","GOBP_TAXIS","GO_BP",0.000499750124937531,1.1623916324849e-05,6.28222890811767e-09,4.16447433002847,TRUE,3,0.333333333333333,"GOMF_CYTOKINE_ACTIVITY",FALSE,"WT_heat_up","unpinned"
"ADAM8","GOBP_REGULATION_OF_INFLAMMATORY_RESPONSE","GO_BP",0.000499750124937531,1.1623916324849e-05,8.8093340847662e-09,4.09098360655738,TRUE,4,0.25,"GOBP_TAXIS",FALSE,"WT_heat_up","unpinned"
"ADORA2A","GOBP_REGULATION_OF_INFLAMMATORY_RESPONSE","GO_BP",0.000499750124937531,1.1623916324849e-05,8.8093340847662e-09,4.09098360655738,TRUE,4,0.25,"GOBP_REGULATION_OF_INFLAMMATORY_RESPONSE",TRUE,"WT_heat_up","unpinned"
"ADORA2B","GOBP_REGULATION_OF_INFLAMMATORY_RESPONSE","GO_BP",0.000499750124937531,1.1623916324849e-05,8.8093340847662e-09,4.09098360655738,TRUE,4,0.25,"HALLMARK_INFLAMMATORY_RESPONSE",FALSE,"WT_heat_up","unpinned"
"BCL6B","GOBP_REGULATION_OF_INFLAMMATORY_RESPONSE","GO_BP",0.000499750124937531,1.1623916324849e-05,8.8093340847662e-09,4.09098360655738,TRUE,1,1,"GOBP_REGULATION_OF_INFLAMMATORY_RESPONSE",TRUE,"WT_heat_up","unpinned"
"C3","GOBP_REGULATION_OF_INFLAMMATORY_RESPONSE","GO_BP",0.000499750124937531,1.1623916324849e-05,8.8093340847662e-09,4.09098360655738,TRUE,8,0.125,"GOMF_CYTOKINE_ACTIVITY",FALSE,"WT_heat_up","unpinned"
"CAMK2N1","GOBP_REGULATION_OF_INFLAMMATORY_RESPONSE","GO_BP",0.000499750124937531,1.1623916324849e-05,8.8093340847662e-09,4.09098360655738,TRUE,1,1,"GOBP_REGULATION_OF_INFLAMMATORY_RESPONSE",TRUE,"WT_heat_up","unpinned"
"CCL3","GOBP_REGULATION_OF_INFLAMMATORY_RESPONSE","GO_BP",0.000499750124937531,1.1623916324849e-05,8.8093340847662e-09,4.09098360655738,TRUE,10,0.1,"GOMF_CYTOKINE_ACTIVITY",FALSE,"WT_heat_up","unpinned"
"CD200","GOBP_REGULATION_OF_INFLAMMATORY_RESPONSE","GO_BP",0.000499750124937531,1.1623916324849e-05,8.8093340847662e-09,4.09098360655738,TRUE,1,1,"GOBP_REGULATION_OF_INFLAMMATORY_RESPONSE",TRUE,"WT_heat_up","unpinned"
"DAGLA","GOBP_REGULATION_OF_INFLAMMATORY_RESPONSE","GO_BP",0.000499750124937531,1.1623916324849e-05,8.8093340847662e-09,4.09098360655738,TRUE,1,1,"GOBP_REGULATION_OF_INFLAMMATORY_RESPONSE",TRUE,"WT_heat_up","unpinned"
"IER3","GOBP_REGULATION_OF_INFLAMMATORY_RESPONSE","GO_BP",0.000499750124937531,1.1623916324849e-05,8.8093340847662e-09,4.09098360655738,TRUE,4,0.25,"HALLMARK_TNFA_SIGNALING_VIA_NFKB",FALSE,"WT_heat_up","unpinned"
"IL1A","GOBP_REGULATION_OF_INFLAMMATORY_RESPONSE","GO_BP",0.000499750124937531,1.1623916324849e-05,8.8093340847662e-09,4.09098360655738,TRUE,9,0.111111111111111,"GOMF_CYTOKINE_ACTIVITY",FALSE,"WT_heat_up","unpinned"
"IL1RN","GOBP_REGULATION_OF_INFLAMMATORY_RESPONSE","GO_BP",0.000499750124937531,1.1623916324849e-05,8.8093340847662e-09,4.09098360655738,TRUE,4,0.25,"GOMF_CYTOKINE_ACTIVITY",FALSE,"WT_heat_up","unpinned"
"IL2","GOBP_REGULATION_OF_INFLAMMATORY_RESPONSE","GO_BP",0.000499750124937531,1.1623916324849e-05,8.8093340847662e-09,4.09098360655738,TRUE,6,0.166666666666667,"GOMF_CYTOKINE_ACTIVITY",FALSE,"WT_heat_up","unpinned"
"IL23A","GOBP_REGULATION_OF_INFLAMMATORY_RESPONSE","GO_BP",0.000499750124937531,1.1623916324849e-05,8.8093340847662e-09,4.09098360655738,TRUE,6,0.166666666666667,"GOMF_CYTOKINE_ACTIVITY",FALSE,"WT_heat_up","unpinned"
"LTA","GOBP_REGULATION_OF_INFLAMMATORY_RESPONSE","GO_BP",0.000499750124937531,1.1623916324849e-05,8.8093340847662e-09,4.09098360655738,TRUE,6,0.166666666666667,"GOMF_CYTOKINE_ACTIVITY",FALSE,"WT_heat_up","unpinned"
"NR4A3","GOBP_REGULATION_OF_INFLAMMATORY_RESPONSE","GO_BP",0.000499750124937531,1.1623916324849e-05,8.8093340847662e-09,4.09098360655738,TRUE,5,0.2,"HALLMARK_TNFA_SIGNALING_VIA_NFKB",FALSE,"WT_heat_up","unpinned"
"PIK3AP1","GOBP_REGULATION_OF_INFLAMMATORY_RESPONSE","GO_BP",0.000499750124937531,1.1623916324849e-05,8.8093340847662e-09,4.09098360655738,TRUE,2,0.5,"GOBP_REGULATION_OF_INFLAMMATORY_RESPONSE",TRUE,"WT_heat_up","unpinned"
"PLK2","GOBP_REGULATION_OF_INFLAMMATORY_RESPONSE","GO_BP",0.000499750124937531,1.1623916324849e-05,8.8093340847662e-09,4.09098360655738,TRUE,4,0.25,"HALLMARK_TNFA_SIGNALING_VIA_NFKB",FALSE,"WT_heat_up","unpinned"
"PTGS2","GOBP_REGULATION_OF_INFLAMMATORY_RESPONSE","GO_BP",0.000499750124937531,1.1623916324849e-05,8.8093340847662e-09,4.09098360655738,TRUE,6,0.166666666666667,"HALLMARK_TNFA_SIGNALING_VIA_NFKB",FALSE,"WT_heat_up","unpinned"
"SERPINE1","GOBP_REGULATION_OF_INFLAMMATORY_RESPONSE","GO_BP",0.000499750124937531,1.1623916324849e-05,8.8093340847662e-09,4.09098360655738,TRUE,12,0.0833333333333333,"HALLMARK_TNFA_SIGNALING_VIA_NFKB",FALSE,"WT_heat_up","unpinned"
"SPHK1","GOBP_REGULATION_OF_INFLAMMATORY_RESPONSE","GO_BP",0.000499750124937531,1.1623916324849e-05,8.8093340847662e-09,4.09098360655738,TRUE,4,0.25,"HALLMARK_TNFA_SIGNALING_VIA_NFKB",FALSE,"WT_heat_up","unpinned"
"TNFSF11","GOBP_REGULATION_OF_INFLAMMATORY_RESPONSE","GO_BP",0.000499750124937531,1.1623916324849e-05,8.8093340847662e-09,4.09098360655738,TRUE,6,0.166666666666667,"GOMF_CYTOKINE_ACTIVITY",FALSE,"WT_heat_up","unpinned"
"TNFSF14","GOBP_REGULATION_OF_INFLAMMATORY_RESPONSE","GO_BP",0.000499750124937531,1.1623916324849e-05,8.8093340847662e-09,4.09098360655738,TRUE,5,0.2,"GOMF_CYTOKINE_ACTIVITY",FALSE,"WT_heat_up","unpinned"
"ADM","GOBP_NEGATIVE_REGULATION_OF_G_PROTEIN_COUPLED_RECEPTOR_SIGNALING_PATHWAY","GO_BP",0.000499750124937531,0.00054885500731485,1.66382722945009e-06,9.48633879781421,TRUE,6,0.166666666666667,"HALLMARK_INFLAMMATORY_RESPONSE",FALSE,"WT_heat_up","unpinned"
"APLP1","GOBP_NEGATIVE_REGULATION_OF_G_PROTEIN_COUPLED_RECEPTOR_SIGNALING_PATHWAY","GO_BP",0.000499750124937531,0.00054885500731485,1.66382722945009e-06,9.48633879781421,TRUE,4,0.25,"GOBP_NEGATIVE_REGULATION_OF_G_PROTEIN_COUPLED_RECEPTOR_SIGNALING_PATHWAY",TRUE,"WT_heat_up","unpinned"
"ATP2B4","GOBP_NEGATIVE_REGULATION_OF_G_PROTEIN_COUPLED_RECEPTOR_SIGNALING_PATHWAY","GO_BP",0.000499750124937531,0.00054885500731485,1.66382722945009e-06,9.48633879781421,TRUE,2,0.5,"GOBP_NEGATIVE_REGULATION_OF_G_PROTEIN_COUPLED_RECEPTOR_SIGNALING_PATHWAY",TRUE,"WT_heat_up","unpinned"
"BICD1","GOBP_NEGATIVE_REGULATION_OF_G_PROTEIN_COUPLED_RECEPTOR_SIGNALING_PATHWAY","GO_BP",0.000499750124937531,0.00054885500731485,1.66382722945009e-06,9.48633879781421,TRUE,2,0.5,"GOBP_NEGATIVE_REGULATION_OF_G_PROTEIN_COUPLED_RECEPTOR_SIGNALING_PATHWAY",TRUE,"WT_heat_up","unpinned"
"CALCA","GOBP_NEGATIVE_REGULATION_OF_G_PROTEIN_COUPLED_RECEPTOR_SIGNALING_PATHWAY","GO_BP",0.000499750124937531,0.00054885500731485,1.66382722945009e-06,9.48633879781421,TRUE,5,0.2,"GOBP_TAXIS",FALSE,"WT_heat_up","unpinned"
"PLEK","GOBP_NEGATIVE_REGULATION_OF_G_PROTEIN_COUPLED_RECEPTOR_SIGNALING_PATHWAY","GO_BP",0.000499750124937531,0.00054885500731485,1.66382722945009e-06,9.48633879781421,TRUE,3,0.333333333333333,"HALLMARK_TNFA_SIGNALING_VIA_NFKB",FALSE,"WT_heat_up","unpinned"
"RGS16","GOBP_NEGATIVE_REGULATION_OF_G_PROTEIN_COUPLED_RECEPTOR_SIGNALING_PATHWAY","GO_BP",0.000499750124937531,0.00054885500731485,1.66382722945009e-06,9.48633879781421,TRUE,5,0.2,"HALLMARK_INFLAMMATORY_RESPONSE",FALSE,"WT_heat_up","unpinned"
"SERPINE1","GOBP_NEGATIVE_REGULATION_OF_G_PROTEIN_COUPLED_RECEPTOR_SIGNALING_PATHWAY","GO_BP",0.000499750124937531,0.00054885500731485,1.66382722945009e-06,9.48633879781421,TRUE,12,0.0833333333333333,"HALLMARK_TNFA_SIGNALING_VIA_NFKB",FALSE,"WT_heat_up","unpinned"
"ATP2B4","GOBP_NEGATIVE_REGULATION_OF_VASCULATURE_DEVELOPMENT","GO_BP",0.000499750124937531,0.00139945257282442,1.06059308285291e-05,6.40327868852459,TRUE,2,0.5,"GOBP_NEGATIVE_REGULATION_OF_G_PROTEIN_COUPLED_RECEPTOR_SIGNALING_PATHWAY",FALSE,"WT_heat_up","unpinned"
"EPHA2","GOBP_NEGATIVE_REGULATION_OF_VASCULATURE_DEVELOPMENT","GO_BP",0.000499750124937531,0.00139945257282442,1.06059308285291e-05,6.40327868852459,TRUE,3,0.333333333333333,"GOBP_TAXIS",FALSE,"WT_heat_up","unpinned"
"EPN2","GOBP_NEGATIVE_REGULATION_OF_VASCULATURE_DEVELOPMENT","GO_BP",0.000499750124937531,0.00139945257282442,1.06059308285291e-05,6.40327868852459,TRUE,1,1,"GOBP_NEGATIVE_REGULATION_OF_VASCULATURE_DEVELOPMENT",TRUE,"WT_heat_up","unpinned"
"FASLG","GOBP_NEGATIVE_REGULATION_OF_VASCULATURE_DEVELOPMENT","GO_BP",0.000499750124937531,0.00139945257282442,1.06059308285291e-05,6.40327868852459,TRUE,7,0.142857142857143,"GOMF_CYTOKINE_ACTIVITY",FALSE,"WT_heat_up","unpinned"
"HSPG2","GOBP_NEGATIVE_REGULATION_OF_VASCULATURE_DEVELOPMENT","GO_BP",0.000499750124937531,0.00139945257282442,1.06059308285291e-05,6.40327868852459,TRUE,3,0.333333333333333,"GOBP_NEGATIVE_REGULATION_OF_VASCULATURE_DEVELOPMENT",TRUE,"WT_heat_up","unpinned"
"IL17F","GOBP_NEGATIVE_REGULATION_OF_VASCULATURE_DEVELOPMENT","GO_BP",0.000499750124937531,0.00139945257282442,1.06059308285291e-05,6.40327868852459,TRUE,5,0.2,"GOMF_CYTOKINE_ACTIVITY",FALSE,"WT_heat_up","unpinned"
"PLK2","GOBP_NEGATIVE_REGULATION_OF_VASCULATURE_DEVELOPMENT","GO_BP",0.000499750124937531,0.00139945257282442,1.06059308285291e-05,6.40327868852459,TRUE,4,0.25,"HALLMARK_TNFA_SIGNALING_VIA_NFKB",FALSE,"WT_heat_up","unpinned"
"SEMA4A","GOBP_NEGATIVE_REGULATION_OF_VASCULATURE_DEVELOPMENT","GO_BP",0.000499750124937531,0.00139945257282442,1.06059308285291e-05,6.40327868852459,TRUE,2,0.5,"GOBP_TAXIS",FALSE,"WT_heat_up","unpinned"
"SERPINE1","GOBP_NEGATIVE_REGULATION_OF_VASCULATURE_DEVELOPMENT","GO_BP",0.000499750124937531,0.00139945257282442,1.06059308285291e-05,6.40327868852459,TRUE,12,0.0833333333333333,"HALLMARK_TNFA_SIGNALING_VIA_NFKB",FALSE,"WT_heat_up","unpinned"
"ATF3","GOBP_POSITIVE_REGULATION_OF_EXTRINSIC_APOPTOTIC_SIGNALING_PATHWAY","GO_BP",0.000499750124937531,0.00189467838689025,1.65129226595209e-05,8.46655737704918,TRUE,5,0.2,"HALLMARK_TNFA_SIGNALING_VIA_NFKB",FALSE,"WT_heat_up","unpinned"
"CD40LG","GOBP_POSITIVE_REGULATION_OF_EXTRINSIC_APOPTOTIC_SIGNALING_PATHWAY","GO_BP",0.000499750124937531,0.00189467838689025,1.65129226595209e-05,8.46655737704918,TRUE,2,0.5,"GOMF_CYTOKINE_ACTIVITY",FALSE,"WT_heat_up","unpinned"
"FASLG","GOBP_POSITIVE_REGULATION_OF_EXTRINSIC_APOPTOTIC_SIGNALING_PATHWAY","GO_BP",0.000499750124937531,0.00189467838689025,1.65129226595209e-05,8.46655737704918,TRUE,7,0.142857142857143,"GOMF_CYTOKINE_ACTIVITY",FALSE,"WT_heat_up","unpinned"
"INHBA","GOBP_POSITIVE_REGULATION_OF_EXTRINSIC_APOPTOTIC_SIGNALING_PATHWAY","GO_BP",0.000499750124937531,0.00189467838689025,1.65129226595209e-05,8.46655737704918,TRUE,8,0.125,"GOMF_CYTOKINE_ACTIVITY",FALSE,"WT_heat_up","unpinned"
"LTA","GOBP_POSITIVE_REGULATION_OF_EXTRINSIC_APOPTOTIC_SIGNALING_PATHWAY","GO_BP",0.000499750124937531,0.00189467838689025,1.65129226595209e-05,8.46655737704918,TRUE,6,0.166666666666667,"GOMF_CYTOKINE_ACTIVITY",FALSE,"WT_heat_up","unpinned"
"TNFSF11","GOBP_POSITIVE_REGULATION_OF_EXTRINSIC_APOPTOTIC_SIGNALING_PATHWAY","GO_BP",0.000499750124937531,0.00189467838689025,1.65129226595209e-05,8.46655737704918,TRUE,6,0.166666666666667,"GOMF_CYTOKINE_ACTIVITY",FALSE,"WT_heat_up","unpinned"
"TNFSF14","GOBP_POSITIVE_REGULATION_OF_EXTRINSIC_APOPTOTIC_SIGNALING_PATHWAY","GO_BP",0.000499750124937531,0.00189467838689025,1.65129226595209e-05,8.46655737704918,TRUE,5,0.2,"GOMF_CYTOKINE_ACTIVITY",FALSE,"WT_heat_up","unpinned"
"ANXA2","GOBP_REGULATION_OF_COAGULATION","GO_BP",0.000499750124937531,0.00235742556730875,2.76923806694094e-05,7.83940497874924,TRUE,8,0.125,"REACTOME_SIGNALING_BY_INTERLEUKINS",FALSE,"WT_heat_up","unpinned"
"EMILIN2","GOBP_REGULATION_OF_COAGULATION","GO_BP",0.000499750124937531,0.00235742556730875,2.76923806694094e-05,7.83940497874924,TRUE,1,1,"GOBP_REGULATION_OF_COAGULATION",TRUE,"WT_heat_up","unpinned"
"F3","GOBP_REGULATION_OF_COAGULATION","GO_BP",0.000499750124937531,0.00235742556730875,2.76923806694094e-05,7.83940497874924,TRUE,7,0.142857142857143,"HALLMARK_TNFA_SIGNALING_VIA_NFKB",FALSE,"WT_heat_up","unpinned"
"PDGFB","GOBP_REGULATION_OF_COAGULATION","GO_BP",0.000499750124937531,0.00235742556730875,2.76923806694094e-05,7.83940497874924,TRUE,6,0.166666666666667,"GOBP_TAXIS",FALSE,"WT_heat_up","unpinned"
"PLAUR","GOBP_REGULATION_OF_COAGULATION","GO_BP",0.000499750124937531,0.00235742556730875,2.76923806694094e-05,7.83940497874924,TRUE,8,0.125,"HALLMARK_TNFA_SIGNALING_VIA_NFKB",FALSE,"WT_heat_up","unpinned"
"PROCR","GOBP_REGULATION_OF_COAGULATION","GO_BP",0.000499750124937531,0.00235742556730875,2.76923806694094e-05,7.83940497874924,TRUE,2,0.5,"GOBP_REGULATION_OF_COAGULATION",TRUE,"WT_heat_up","unpinned"
"SERPINE1","GOBP_REGULATION_OF_COAGULATION","GO_BP",0.000499750124937531,0.00235742556730875,2.76923806694094e-05,7.83940497874924,TRUE,12,0.0833333333333333,"HALLMARK_TNFA_SIGNALING_VIA_NFKB",FALSE,"WT_heat_up","unpinned"
"ADAM8","GOBP_EOSINOPHIL_MIGRATION","GO_BP",0.000499750124937531,0.00250635246213541,3.2285274394767e-05,20.1584699453552,TRUE,4,0.25,"GOBP_TAXIS",FALSE,"WT_heat_up","unpinned"
"CCL22","GOBP_EOSINOPHIL_MIGRATION","GO_BP",0.000499750124937531,0.00250635246213541,3.2285274394767e-05,20.1584699453552,TRUE,11,0.0909090909090909,"GOMF_CYTOKINE_ACTIVITY",FALSE,"WT_heat_up","unpinned"
"CCL3","GOBP_EOSINOPHIL_MIGRATION","GO_BP",0.000499750124937531,0.00250635246213541,3.2285274394767e-05,20.1584699453552,TRUE,10,0.1,"GOMF_CYTOKINE_ACTIVITY",FALSE,"WT_heat_up","unpinned"
"CCL4","GOBP_EOSINOPHIL_MIGRATION","GO_BP",0.000499750124937531,0.00250635246213541,3.2285274394767e-05,20.1584699453552,TRUE,10,0.1,"GOMF_CYTOKINE_ACTIVITY",FALSE,"WT_heat_up","unpinned"
"ADM","GOBP_ANTIMICROBIAL_HUMORAL_IMMUNE_RESPONSE_MEDIATED_BY_ANTIMICROBIAL_PEPTIDE","GO_BP",0.000499750124937531,0.00268302745810174,3.96506520901735e-05,7.42680471670981,TRUE,6,0.166666666666667,"HALLMARK_INFLAMMATORY_RESPONSE",FALSE,"WT_heat_up","unpinned"
"CALCA","GOBP_ANTIMICROBIAL_HUMORAL_IMMUNE_RESPONSE_MEDIATED_BY_ANTIMICROBIAL_PEPTIDE","GO_BP",0.000499750124937531,0.00268302745810174,3.96506520901735e-05,7.42680471670981,TRUE,5,0.2,"GOBP_TAXIS",FALSE,"WT_heat_up","unpinned"
"CCL20","GOBP_ANTIMICROBIAL_HUMORAL_IMMUNE_RESPONSE_MEDIATED_BY_ANTIMICROBIAL_PEPTIDE","GO_BP",0.000499750124937531,0.00268302745810174,3.96506520901735e-05,7.42680471670981,TRUE,11,0.0909090909090909,"GOMF_CYTOKINE_ACTIVITY",FALSE,"WT_heat_up","unpinned"
"CCL22","GOBP_ANTIMICROBIAL_HUMORAL_IMMUNE_RESPONSE_MEDIATED_BY_ANTIMICROBIAL_PEPTIDE","GO_BP",0.000499750124937531,0.00268302745810174,3.96506520901735e-05,7.42680471670981,TRUE,11,0.0909090909090909,"GOMF_CYTOKINE_ACTIVITY",FALSE,"WT_heat_up","unpinned"
"CCL3","GOBP_ANTIMICROBIAL_HUMORAL_IMMUNE_RESPONSE_MEDIATED_BY_ANTIMICROBIAL_PEPTIDE","GO_BP",0.000499750124937531,0.00268302745810174,3.96506520901735e-05,7.42680471670981,TRUE,10,0.1,"GOMF_CYTOKINE_ACTIVITY",FALSE,"WT_heat_up","unpinned"
"CCL4","GOBP_ANTIMICROBIAL_HUMORAL_IMMUNE_RESPONSE_MEDIATED_BY_ANTIMICROBIAL_PEPTIDE","GO_BP",0.000499750124937531,0.00268302745810174,3.96506520901735e-05,7.42680471670981,TRUE,10,0.1,"GOMF_CYTOKINE_ACTIVITY",FALSE,"WT_heat_up","unpinned"
"IL17F","GOBP_ANTIMICROBIAL_HUMORAL_IMMUNE_RESPONSE_MEDIATED_BY_ANTIMICROBIAL_PEPTIDE","GO_BP",0.000499750124937531,0.00268302745810174,3.96506520901735e-05,7.42680471670981,TRUE,5,0.2,"GOMF_CYTOKINE_ACTIVITY",FALSE,"WT_heat_up","unpinned"
"ADORA2A","GOBP_POSITIVE_REGULATION_OF_BEHAVIOR","GO_BP",0.000499750124937531,0.00578902271388587,0.000112704532576495,15.1188524590164,TRUE,4,0.25,"GOBP_REGULATION_OF_INFLAMMATORY_RESPONSE",FALSE,"WT_heat_up","unpinned"
"GRP","GOBP_POSITIVE_REGULATION_OF_BEHAVIOR","GO_BP",0.000499750124937531,0.00578902271388587,0.000112704532576495,15.1188524590164,TRUE,3,0.333333333333333,"REACTOME_CLASS_A_1_RHODOPSIN_LIKE_RECEPTORS",FALSE,"WT_heat_up","unpinned"
"NR4A3","GOBP_POSITIVE_REGULATION_OF_BEHAVIOR","GO_BP",0.000499750124937531,0.00578902271388587,0.000112704532576495,15.1188524590164,TRUE,5,0.2,"HALLMARK_TNFA_SIGNALING_VIA_NFKB",FALSE,"WT_heat_up","unpinned"
"STRA6","GOBP_POSITIVE_REGULATION_OF_BEHAVIOR","GO_BP",0.000499750124937531,0.00578902271388587,0.000112704532576495,15.1188524590164,TRUE,1,1,"GOBP_POSITIVE_REGULATION_OF_BEHAVIOR",TRUE,"WT_heat_up","unpinned"
"ANXA2","GOBP_FIBRINOLYSIS","GO_BP",0.000499750124937531,0.0226964676090167,0.00112579864139066,13.9558638083228,TRUE,8,0.125,"REACTOME_SIGNALING_BY_INTERLEUKINS",FALSE,"WT_heat_up","unpinned"
"PLAUR","GOBP_FIBRINOLYSIS","GO_BP",0.000499750124937531,0.0226964676090167,0.00112579864139066,13.9558638083228,TRUE,8,0.125,"HALLMARK_TNFA_SIGNALING_VIA_NFKB",FALSE,"WT_heat_up","unpinned"
"SERPINE1","GOBP_FIBRINOLYSIS","GO_BP",0.000499750124937531,0.0226964676090167,0.00112579864139066,13.9558638083228,TRUE,12,0.0833333333333333,"HALLMARK_TNFA_SIGNALING_VIA_NFKB",FALSE,"WT_heat_up","unpinned"
"AREG","GOMF_CYTOKINE_ACTIVITY","GO_MF",0.000499750124937531,4.50542168683098e-19,1.23098953192103e-21,11.53564453125,TRUE,7,0.142857142857143,"GOMF_CYTOKINE_ACTIVITY",TRUE,"WT_heat_up","unpinned"
"C3","GOMF_CYTOKINE_ACTIVITY","GO_MF",0.000499750124937531,4.50542168683098e-19,1.23098953192103e-21,11.53564453125,TRUE,8,0.125,"GOMF_CYTOKINE_ACTIVITY",TRUE,"WT_heat_up","unpinned"
"CCL20","GOMF_CYTOKINE_ACTIVITY","GO_MF",0.000499750124937531,4.50542168683098e-19,1.23098953192103e-21,11.53564453125,TRUE,11,0.0909090909090909,"GOMF_CYTOKINE_ACTIVITY",TRUE,"WT_heat_up","unpinned"
"CCL22","GOMF_CYTOKINE_ACTIVITY","GO_MF",0.000499750124937531,4.50542168683098e-19,1.23098953192103e-21,11.53564453125,TRUE,11,0.0909090909090909,"GOMF_CYTOKINE_ACTIVITY",TRUE,"WT_heat_up","unpinned"
"CCL3","GOMF_CYTOKINE_ACTIVITY","GO_MF",0.000499750124937531,4.50542168683098e-19,1.23098953192103e-21,11.53564453125,TRUE,10,0.1,"GOMF_CYTOKINE_ACTIVITY",TRUE,"WT_heat_up","unpinned"
"CCL4","GOMF_CYTOKINE_ACTIVITY","GO_MF",0.000499750124937531,4.50542168683098e-19,1.23098953192103e-21,11.53564453125,TRUE,10,0.1,"GOMF_CYTOKINE_ACTIVITY",TRUE,"WT_heat_up","unpinned"
"CD40LG","GOMF_CYTOKINE_ACTIVITY","GO_MF",0.000499750124937531,4.50542168683098e-19,1.23098953192103e-21,11.53564453125,TRUE,2,0.5,"GOMF_CYTOKINE_ACTIVITY",TRUE,"WT_heat_up","unpinned"
"CSF2","GOMF_CYTOKINE_ACTIVITY","GO_MF",0.000499750124937531,4.50542168683098e-19,1.23098953192103e-21,11.53564453125,TRUE,7,0.142857142857143,"GOMF_CYTOKINE_ACTIVITY",TRUE,"WT_heat_up","unpinned"
"FASLG","GOMF_CYTOKINE_ACTIVITY","GO_MF",0.000499750124937531,4.50542168683098e-19,1.23098953192103e-21,11.53564453125,TRUE,7,0.142857142857143,"GOMF_CYTOKINE_ACTIVITY",TRUE,"WT_heat_up","unpinned"
"GDF6","GOMF_CYTOKINE_ACTIVITY","GO_MF",0.000499750124937531,4.50542168683098e-19,1.23098953192103e-21,11.53564453125,TRUE,2,0.5,"GOMF_CYTOKINE_ACTIVITY",TRUE,"WT_heat_up","unpinned"
"IL17F","GOMF_CYTOKINE_ACTIVITY","GO_MF",0.000499750124937531,4.50542168683098e-19,1.23098953192103e-21,11.53564453125,TRUE,5,0.2,"GOMF_CYTOKINE_ACTIVITY",TRUE,"WT_heat_up","unpinned"
"IL1A","GOMF_CYTOKINE_ACTIVITY","GO_MF",0.000499750124937531,4.50542168683098e-19,1.23098953192103e-21,11.53564453125,TRUE,9,0.111111111111111,"GOMF_CYTOKINE_ACTIVITY",TRUE,"WT_heat_up","unpinned"
"IL1RN","GOMF_CYTOKINE_ACTIVITY","GO_MF",0.000499750124937531,4.50542168683098e-19,1.23098953192103e-21,11.53564453125,TRUE,4,0.25,"GOMF_CYTOKINE_ACTIVITY",TRUE,"WT_heat_up","unpinned"
"IL2","GOMF_CYTOKINE_ACTIVITY","GO_MF",0.000499750124937531,4.50542168683098e-19,1.23098953192103e-21,11.53564453125,TRUE,6,0.166666666666667,"GOMF_CYTOKINE_ACTIVITY",TRUE,"WT_heat_up","unpinned"
"IL23A","GOMF_CYTOKINE_ACTIVITY","GO_MF",0.000499750124937531,4.50542168683098e-19,1.23098953192103e-21,11.53564453125,TRUE,6,0.166666666666667,"GOMF_CYTOKINE_ACTIVITY",TRUE,"WT_heat_up","unpinned"
"IL24","GOMF_CYTOKINE_ACTIVITY","GO_MF",0.000499750124937531,4.50542168683098e-19,1.23098953192103e-21,11.53564453125,TRUE,2,0.5,"GOMF_CYTOKINE_ACTIVITY",TRUE,"WT_heat_up","unpinned"
"IL3","GOMF_CYTOKINE_ACTIVITY","GO_MF",0.000499750124937531,4.50542168683098e-19,1.23098953192103e-21,11.53564453125,TRUE,3,0.333333333333333,"GOMF_CYTOKINE_ACTIVITY",TRUE,"WT_heat_up","unpinned"
"IL9","GOMF_CYTOKINE_ACTIVITY","GO_MF",0.000499750124937531,4.50542168683098e-19,1.23098953192103e-21,11.53564453125,TRUE,3,0.333333333333333,"GOMF_CYTOKINE_ACTIVITY",TRUE,"WT_heat_up","unpinned"
"INHBA","GOMF_CYTOKINE_ACTIVITY","GO_MF",0.000499750124937531,4.50542168683098e-19,1.23098953192103e-21,11.53564453125,TRUE,8,0.125,"GOMF_CYTOKINE_ACTIVITY",TRUE,"WT_heat_up","unpinned"
"LTA","GOMF_CYTOKINE_ACTIVITY","GO_MF",0.000499750124937531,4.50542168683098e-19,1.23098953192103e-21,11.53564453125,TRUE,6,0.166666666666667,"GOMF_CYTOKINE_ACTIVITY",TRUE,"WT_heat_up","unpinned"
"SPP1","GOMF_CYTOKINE_ACTIVITY","GO_MF",0.000499750124937531,4.50542168683098e-19,1.23098953192103e-21,11.53564453125,TRUE,5,0.2,"GOMF_CYTOKINE_ACTIVITY",TRUE,"WT_heat_up","unpinned"
"TIMP1","GOMF_CYTOKINE_ACTIVITY","GO_MF",0.000499750124937531,4.50542168683098e-19,1.23098953192103e-21,11.53564453125,TRUE,9,0.111111111111111,"GOMF_CYTOKINE_ACTIVITY",TRUE,"WT_heat_up","unpinned"
"TNFRSF11B","GOMF_CYTOKINE_ACTIVITY","GO_MF",0.000499750124937531,4.50542168683098e-19,1.23098953192103e-21,11.53564453125,TRUE,3,0.333333333333333,"GOMF_CYTOKINE_ACTIVITY",TRUE,"WT_heat_up","unpinned"
"TNFSF11","GOMF_CYTOKINE_ACTIVITY","GO_MF",0.000499750124937531,4.50542168683098e-19,1.23098953192103e-21,11.53564453125,TRUE,6,0.166666666666667,"GOMF_CYTOKINE_ACTIVITY",TRUE,"WT_heat_up","unpinned"
"TNFSF14","GOMF_CYTOKINE_ACTIVITY","GO_MF",0.000499750124937531,4.50542168683098e-19,1.23098953192103e-21,11.53564453125,TRUE,5,0.2,"GOMF_CYTOKINE_ACTIVITY",TRUE,"WT_heat_up","unpinned"
"TNFSF9","GOMF_CYTOKINE_ACTIVITY","GO_MF",0.000499750124937531,4.50542168683098e-19,1.23098953192103e-21,11.53564453125,TRUE,5,0.2,"GOMF_CYTOKINE_ACTIVITY",TRUE,"WT_heat_up","unpinned"
"WNT3","GOMF_CYTOKINE_ACTIVITY","GO_MF",0.000499750124937531,4.50542168683098e-19,1.23098953192103e-21,11.53564453125,TRUE,3,0.333333333333333,"GOMF_CYTOKINE_ACTIVITY",TRUE,"WT_heat_up","unpinned"
"ADM","GOMF_G_PROTEIN_COUPLED_RECEPTOR_BINDING","GO_MF",0.000499750124937531,0.000288351879839026,4.4643400935184e-06,4.30126404494382,TRUE,6,0.166666666666667,"HALLMARK_INFLAMMATORY_RESPONSE",FALSE,"WT_heat_up","unpinned"
"ADORA2A","GOMF_G_PROTEIN_COUPLED_RECEPTOR_BINDING","GO_MF",0.000499750124937531,0.000288351879839026,4.4643400935184e-06,4.30126404494382,TRUE,4,0.25,"GOBP_REGULATION_OF_INFLAMMATORY_RESPONSE",FALSE,"WT_heat_up","unpinned"
"APLP1","GOMF_G_PROTEIN_COUPLED_RECEPTOR_BINDING","GO_MF",0.000499750124937531,0.000288351879839026,4.4643400935184e-06,4.30126404494382,TRUE,4,0.25,"GOBP_NEGATIVE_REGULATION_OF_G_PROTEIN_COUPLED_RECEPTOR_SIGNALING_PATHWAY",FALSE,"WT_heat_up","unpinned"
"AVPR1A","GOMF_G_PROTEIN_COUPLED_RECEPTOR_BINDING","GO_MF",0.000499750124937531,0.000288351879839026,4.4643400935184e-06,4.30126404494382,TRUE,2,0.5,"GOMF_G_PROTEIN_COUPLED_RECEPTOR_BINDING",TRUE,"WT_heat_up","unpinned"
"BICD1","GOMF_G_PROTEIN_COUPLED_RECEPTOR_BINDING","GO_MF",0.000499750124937531,0.000288351879839026,4.4643400935184e-06,4.30126404494382,TRUE,2,0.5,"GOBP_NEGATIVE_REGULATION_OF_G_PROTEIN_COUPLED_RECEPTOR_SIGNALING_PATHWAY",FALSE,"WT_heat_up","unpinned"
"C3","GOMF_G_PROTEIN_COUPLED_RECEPTOR_BINDING","GO_MF",0.000499750124937531,0.000288351879839026,4.4643400935184e-06,4.30126404494382,TRUE,8,0.125,"GOMF_CYTOKINE_ACTIVITY",FALSE,"WT_heat_up","unpinned"
"CALCA","GOMF_G_PROTEIN_COUPLED_RECEPTOR_BINDING","GO_MF",0.000499750124937531,0.000288351879839026,4.4643400935184e-06,4.30126404494382,TRUE,5,0.2,"GOBP_TAXIS",FALSE,"WT_heat_up","unpinned"
"CCL20","GOMF_G_PROTEIN_COUPLED_RECEPTOR_BINDING","GO_MF",0.000499750124937531,0.000288351879839026,4.4643400935184e-06,4.30126404494382,TRUE,11,0.0909090909090909,"GOMF_CYTOKINE_ACTIVITY",FALSE,"WT_heat_up","unpinned"
"CCL22","GOMF_G_PROTEIN_COUPLED_RECEPTOR_BINDING","GO_MF",0.000499750124937531,0.000288351879839026,4.4643400935184e-06,4.30126404494382,TRUE,11,0.0909090909090909,"GOMF_CYTOKINE_ACTIVITY",FALSE,"WT_heat_up","unpinned"
"CCL3","GOMF_G_PROTEIN_COUPLED_RECEPTOR_BINDING","GO_MF",0.000499750124937531,0.000288351879839026,4.4643400935184e-06,4.30126404494382,TRUE,10,0.1,"GOMF_CYTOKINE_ACTIVITY",FALSE,"WT_heat_up","unpinned"
"CCL4","GOMF_G_PROTEIN_COUPLED_RECEPTOR_BINDING","GO_MF",0.000499750124937531,0.000288351879839026,4.4643400935184e-06,4.30126404494382,TRUE,10,0.1,"GOMF_CYTOKINE_ACTIVITY",FALSE,"WT_heat_up","unpinned"
"HSPA1A","GOMF_G_PROTEIN_COUPLED_RECEPTOR_BINDING","GO_MF",0.000499750124937531,0.000288351879839026,4.4643400935184e-06,4.30126404494382,TRUE,1,1,"GOMF_G_PROTEIN_COUPLED_RECEPTOR_BINDING",TRUE,"WT_heat_up","unpinned"
"IL2","GOMF_G_PROTEIN_COUPLED_RECEPTOR_BINDING","GO_MF",0.000499750124937531,0.000288351879839026,4.4643400935184e-06,4.30126404494382,TRUE,6,0.166666666666667,"GOMF_CYTOKINE_ACTIVITY",FALSE,"WT_heat_up","unpinned"
"WNT3","GOMF_G_PROTEIN_COUPLED_RECEPTOR_BINDING","GO_MF",0.000499750124937531,0.000288351879839026,4.4643400935184e-06,4.30126404494382,TRUE,3,0.333333333333333,"GOMF_CYTOKINE_ACTIVITY",FALSE,"WT_heat_up","unpinned"
"AREG","GOMF_GROWTH_FACTOR_ACTIVITY","GO_MF",0.000499750124937531,0.000288351879839026,4.72707999736108e-06,6.14466292134831,TRUE,7,0.142857142857143,"GOMF_CYTOKINE_ACTIVITY",FALSE,"WT_heat_up","unpinned"
"CSF2","GOMF_GROWTH_FACTOR_ACTIVITY","GO_MF",0.000499750124937531,0.000288351879839026,4.72707999736108e-06,6.14466292134831,TRUE,7,0.142857142857143,"GOMF_CYTOKINE_ACTIVITY",FALSE,"WT_heat_up","unpinned"
"GDF6","GOMF_GROWTH_FACTOR_ACTIVITY","GO_MF",0.000499750124937531,0.000288351879839026,4.72707999736108e-06,6.14466292134831,TRUE,2,0.5,"GOMF_CYTOKINE_ACTIVITY",FALSE,"WT_heat_up","unpinned"
"HBEGF","GOMF_GROWTH_FACTOR_ACTIVITY","GO_MF",0.000499750124937531,0.000288351879839026,4.72707999736108e-06,6.14466292134831,TRUE,8,0.125,"HALLMARK_TNFA_SIGNALING_VIA_NFKB",FALSE,"WT_heat_up","unpinned"
"IL2","GOMF_GROWTH_FACTOR_ACTIVITY","GO_MF",0.000499750124937531,0.000288351879839026,4.72707999736108e-06,6.14466292134831,TRUE,6,0.166666666666667,"GOMF_CYTOKINE_ACTIVITY",FALSE,"WT_heat_up","unpinned"
"IL3","GOMF_GROWTH_FACTOR_ACTIVITY","GO_MF",0.000499750124937531,0.000288351879839026,4.72707999736108e-06,6.14466292134831,TRUE,3,0.333333333333333,"GOMF_CYTOKINE_ACTIVITY",FALSE,"WT_heat_up","unpinned"
"IL9","GOMF_GROWTH_FACTOR_ACTIVITY","GO_MF",0.000499750124937531,0.000288351879839026,4.72707999736108e-06,6.14466292134831,TRUE,3,0.333333333333333,"GOMF_CYTOKINE_ACTIVITY",FALSE,"WT_heat_up","unpinned"
"INHBA","GOMF_GROWTH_FACTOR_ACTIVITY","GO_MF",0.000499750124937531,0.000288351879839026,4.72707999736108e-06,6.14466292134831,TRUE,8,0.125,"GOMF_CYTOKINE_ACTIVITY",FALSE,"WT_heat_up","unpinned"
"PDGFB","GOMF_GROWTH_FACTOR_ACTIVITY","GO_MF",0.000499750124937531,0.000288351879839026,4.72707999736108e-06,6.14466292134831,TRUE,6,0.166666666666667,"GOBP_TAXIS",FALSE,"WT_heat_up","unpinned"
"TIMP1","GOMF_GROWTH_FACTOR_ACTIVITY","GO_MF",0.000499750124937531,0.000288351879839026,4.72707999736108e-06,6.14466292134831,TRUE,9,0.111111111111111,"GOMF_CYTOKINE_ACTIVITY",FALSE,"WT_heat_up","unpinned"
"ANXA2","GOMF_CALCIUM_DEPENDENT_PHOSPHOLIPID_BINDING","GO_MF",0.000499750124937531,0.00266691946019055,5.82933215342197e-05,8.63486842105263,TRUE,8,0.125,"REACTOME_SIGNALING_BY_INTERLEUKINS",FALSE,"WT_heat_up","unpinned"
"ANXA3","GOMF_CALCIUM_DEPENDENT_PHOSPHOLIPID_BINDING","GO_MF",0.000499750124937531,0.00266691946019055,5.82933215342197e-05,8.63486842105263,TRUE,3,0.333333333333333,"GOMF_CALCIUM_DEPENDENT_PHOSPHOLIPID_BINDING",TRUE,"WT_heat_up","unpinned"
"CPNE6","GOMF_CALCIUM_DEPENDENT_PHOSPHOLIPID_BINDING","GO_MF",0.000499750124937531,0.00266691946019055,5.82933215342197e-05,8.63486842105263,TRUE,2,0.5,"GOMF_CALCIUM_DEPENDENT_PHOSPHOLIPID_BINDING",TRUE,"WT_heat_up","unpinned"
"ESYT3","GOMF_CALCIUM_DEPENDENT_PHOSPHOLIPID_BINDING","GO_MF",0.000499750124937531,0.00266691946019055,5.82933215342197e-05,8.63486842105263,TRUE,1,1,"GOMF_CALCIUM_DEPENDENT_PHOSPHOLIPID_BINDING",TRUE,"WT_heat_up","unpinned"
"PLA2G4C","GOMF_CALCIUM_DEPENDENT_PHOSPHOLIPID_BINDING","GO_MF",0.000499750124937531,0.00266691946019055,5.82933215342197e-05,8.63486842105263,TRUE,1,1,"GOMF_CALCIUM_DEPENDENT_PHOSPHOLIPID_BINDING",TRUE,"WT_heat_up","unpinned"
"SYT15","GOMF_CALCIUM_DEPENDENT_PHOSPHOLIPID_BINDING","GO_MF",0.000499750124937531,0.00266691946019055,5.82933215342197e-05,8.63486842105263,TRUE,1,1,"GOMF_CALCIUM_DEPENDENT_PHOSPHOLIPID_BINDING",TRUE,"WT_heat_up","unpinned"
"C3","GOMF_CHEMOKINE_ACTIVITY","GO_MF",0.000499750124937531,0.00653274565263623,0.000160641286540235,9.42887931034483,TRUE,8,0.125,"GOMF_CYTOKINE_ACTIVITY",FALSE,"WT_heat_up","unpinned"
"CCL20","GOMF_CHEMOKINE_ACTIVITY","GO_MF",0.000499750124937531,0.00653274565263623,0.000160641286540235,9.42887931034483,TRUE,11,0.0909090909090909,"GOMF_CYTOKINE_ACTIVITY",FALSE,"WT_heat_up","unpinned"
"CCL22","GOMF_CHEMOKINE_ACTIVITY","GO_MF",0.000499750124937531,0.00653274565263623,0.000160641286540235,9.42887931034483,TRUE,11,0.0909090909090909,"GOMF_CYTOKINE_ACTIVITY",FALSE,"WT_heat_up","unpinned"
"CCL3","GOMF_CHEMOKINE_ACTIVITY","GO_MF",0.000499750124937531,0.00653274565263623,0.000160641286540235,9.42887931034483,TRUE,10,0.1,"GOMF_CYTOKINE_ACTIVITY",FALSE,"WT_heat_up","unpinned"
"CCL4","GOMF_CHEMOKINE_ACTIVITY","GO_MF",0.000499750124937531,0.00653274565263623,0.000160641286540235,9.42887931034483,TRUE,10,0.1,"GOMF_CYTOKINE_ACTIVITY",FALSE,"WT_heat_up","unpinned"
"ANXA2","GOMF_PHOSPHATIDYLSERINE_BINDING","GO_MF",0.000499750124937531,0.0204929621084261,0.000671900396997576,7.01121794871795,TRUE,8,0.125,"REACTOME_SIGNALING_BY_INTERLEUKINS",FALSE,"WT_heat_up","unpinned"
"ANXA3","GOMF_PHOSPHATIDYLSERINE_BINDING","GO_MF",0.000499750124937531,0.0204929621084261,0.000671900396997576,7.01121794871795,TRUE,3,0.333333333333333,"GOMF_CALCIUM_DEPENDENT_PHOSPHOLIPID_BINDING",FALSE,"WT_heat_up","unpinned"
"CPNE6","GOMF_PHOSPHATIDYLSERINE_BINDING","GO_MF",0.000499750124937531,0.0204929621084261,0.000671900396997576,7.01121794871795,TRUE,2,0.5,"GOMF_CALCIUM_DEPENDENT_PHOSPHOLIPID_BINDING",FALSE,"WT_heat_up","unpinned"
"GAP43","GOMF_PHOSPHATIDYLSERINE_BINDING","GO_MF",0.000499750124937531,0.0204929621084261,0.000671900396997576,7.01121794871795,TRUE,1,1,"GOMF_PHOSPHATIDYLSERINE_BINDING",TRUE,"WT_heat_up","unpinned"
"HAVCR1","GOMF_PHOSPHATIDYLSERINE_BINDING","GO_MF",0.000499750124937531,0.0204929621084261,0.000671900396997576,7.01121794871795,TRUE,2,0.5,"REACTOME_ATTACHMENT_AND_ENTRY",FALSE,"WT_heat_up","unpinned"
"ATF3","GOMF_DNA_BINDING_TRANSCRIPTION_ACTIVATOR_ACTIVITY","GO_MF",0.000499750124937531,0.0405021725186991,0.00143860175612866,2.61374080882353,TRUE,5,0.2,"HALLMARK_TNFA_SIGNALING_VIA_NFKB",FALSE,"WT_heat_up","unpinned"
"CASZ1","GOMF_DNA_BINDING_TRANSCRIPTION_ACTIVATOR_ACTIVITY","GO_MF",0.000499750124937531,0.0405021725186991,0.00143860175612866,2.61374080882353,TRUE,1,1,"GOMF_DNA_BINDING_TRANSCRIPTION_ACTIVATOR_ACTIVITY",TRUE,"WT_heat_up","unpinned"
"EGR1","GOMF_DNA_BINDING_TRANSCRIPTION_ACTIVATOR_ACTIVITY","GO_MF",0.000499750124937531,0.0405021725186991,0.00143860175612866,2.61374080882353,TRUE,3,0.333333333333333,"HALLMARK_TNFA_SIGNALING_VIA_NFKB",FALSE,"WT_heat_up","unpinned"
"EGR2","GOMF_DNA_BINDING_TRANSCRIPTION_ACTIVATOR_ACTIVITY","GO_MF",0.000499750124937531,0.0405021725186991,0.00143860175612866,2.61374080882353,TRUE,3,0.333333333333333,"HALLMARK_TNFA_SIGNALING_VIA_NFKB",FALSE,"WT_heat_up","unpinned"
"EGR3","GOMF_DNA_BINDING_TRANSCRIPTION_ACTIVATOR_ACTIVITY","GO_MF",0.000499750124937531,0.0405021725186991,0.00143860175612866,2.61374080882353,TRUE,4,0.25,"HALLMARK_TNFA_SIGNALING_VIA_NFKB",FALSE,"WT_heat_up","unpinned"
"FOSL2","GOMF_DNA_BINDING_TRANSCRIPTION_ACTIVATOR_ACTIVITY","GO_MF",0.000499750124937531,0.0405021725186991,0.00143860175612866,2.61374080882353,TRUE,3,0.333333333333333,"HALLMARK_TNFA_SIGNALING_VIA_NFKB",FALSE,"WT_heat_up","unpinned"
"IRF6","GOMF_DNA_BINDING_TRANSCRIPTION_ACTIVATOR_ACTIVITY","GO_MF",0.000499750124937531,0.0405021725186991,0.00143860175612866,2.61374080882353,TRUE,2,0.5,"GOMF_DNA_BINDING_TRANSCRIPTION_ACTIVATOR_ACTIVITY",TRUE,"WT_heat_up","unpinned"
"NR4A1","GOMF_DNA_BINDING_TRANSCRIPTION_ACTIVATOR_ACTIVITY","GO_MF",0.000499750124937531,0.0405021725186991,0.00143860175612866,2.61374080882353,TRUE,5,0.2,"HALLMARK_TNFA_SIGNALING_VIA_NFKB",FALSE,"WT_heat_up","unpinned"
"NR4A2","GOMF_DNA_BINDING_TRANSCRIPTION_ACTIVATOR_ACTIVITY","GO_MF",0.000499750124937531,0.0405021725186991,0.00143860175612866,2.61374080882353,TRUE,3,0.333333333333333,"HALLMARK_TNFA_SIGNALING_VIA_NFKB",FALSE,"WT_heat_up","unpinned"
"NR4A3","GOMF_DNA_BINDING_TRANSCRIPTION_ACTIVATOR_ACTIVITY","GO_MF",0.000499750124937531,0.0405021725186991,0.00143860175612866,2.61374080882353,TRUE,5,0.2,"HALLMARK_TNFA_SIGNALING_VIA_NFKB",FALSE,"WT_heat_up","unpinned"
"SIX5","GOMF_DNA_BINDING_TRANSCRIPTION_ACTIVATOR_ACTIVITY","GO_MF",0.000499750124937531,0.0405021725186991,0.00143860175612866,2.61374080882353,TRUE,1,1,"GOMF_DNA_BINDING_TRANSCRIPTION_ACTIVATOR_ACTIVITY",TRUE,"WT_heat_up","unpinned"
"SP7","GOMF_DNA_BINDING_TRANSCRIPTION_ACTIVATOR_ACTIVITY","GO_MF",0.000499750124937531,0.0405021725186991,0.00143860175612866,2.61374080882353,TRUE,1,1,"GOMF_DNA_BINDING_TRANSCRIPTION_ACTIVATOR_ACTIVITY",TRUE,"WT_heat_up","unpinned"
"TP73","GOMF_DNA_BINDING_TRANSCRIPTION_ACTIVATOR_ACTIVITY","GO_MF",0.000499750124937531,0.0405021725186991,0.00143860175612866,2.61374080882353,TRUE,1,1,"GOMF_DNA_BINDING_TRANSCRIPTION_ACTIVATOR_ACTIVITY",TRUE,"WT_heat_up","unpinned"
"ANXA2","GOMF_PEPTIDASE_INHIBITOR_ACTIVITY","GO_MF",0.00399800099950025,0.0439407202132356,0.00183887944481437,4.62147887323944,TRUE,8,0.125,"REACTOME_SIGNALING_BY_INTERLEUKINS",FALSE,"WT_heat_up","unpinned"
"C3","GOMF_PEPTIDASE_INHIBITOR_ACTIVITY","GO_MF",0.00399800099950025,0.0439407202132356,0.00183887944481437,4.62147887323944,TRUE,8,0.125,"GOMF_CYTOKINE_ACTIVITY",FALSE,"WT_heat_up","unpinned"
"SERPINE1","GOMF_PEPTIDASE_INHIBITOR_ACTIVITY","GO_MF",0.00399800099950025,0.0439407202132356,0.00183887944481437,4.62147887323944,TRUE,12,0.0833333333333333,"HALLMARK_TNFA_SIGNALING_VIA_NFKB",FALSE,"WT_heat_up","unpinned"
"SPINT1","GOMF_PEPTIDASE_INHIBITOR_ACTIVITY","GO_MF",0.00399800099950025,0.0439407202132356,0.00183887944481437,4.62147887323944,TRUE,1,1,"GOMF_PEPTIDASE_INHIBITOR_ACTIVITY",TRUE,"WT_heat_up","unpinned"
"SSPOP","GOMF_PEPTIDASE_INHIBITOR_ACTIVITY","GO_MF",0.00399800099950025,0.0439407202132356,0.00183887944481437,4.62147887323944,TRUE,1,1,"GOMF_PEPTIDASE_INHIBITOR_ACTIVITY",TRUE,"WT_heat_up","unpinned"
"TIMP1","GOMF_PEPTIDASE_INHIBITOR_ACTIVITY","GO_MF",0.00399800099950025,0.0439407202132356,0.00183887944481437,4.62147887323944,TRUE,9,0.111111111111111,"GOMF_CYTOKINE_ACTIVITY",FALSE,"WT_heat_up","unpinned"
"NR4A1","GOMF_NUCLEAR_GLUCOCORTICOID_RECEPTOR_BINDING","GO_MF",0.000499750124937531,0.0439407202132356,0.0018860362084727,11.71875,TRUE,5,0.2,"HALLMARK_TNFA_SIGNALING_VIA_NFKB",FALSE,"WT_heat_up","unpinned"
"NR4A2","GOMF_NUCLEAR_GLUCOCORTICOID_RECEPTOR_BINDING","GO_MF",0.000499750124937531,0.0439407202132356,0.0018860362084727,11.71875,TRUE,3,0.333333333333333,"HALLMARK_TNFA_SIGNALING_VIA_NFKB",FALSE,"WT_heat_up","unpinned"
"NR4A3","GOMF_NUCLEAR_GLUCOCORTICOID_RECEPTOR_BINDING","GO_MF",0.000499750124937531,0.0439407202132356,0.0018860362084727,11.71875,TRUE,5,0.2,"HALLMARK_TNFA_SIGNALING_VIA_NFKB",FALSE,"WT_heat_up","unpinned"
"ADM","GOMF_HORMONE_ACTIVITY","GO_MF",0.00199900049975012,0.0439407202132356,0.0019209058016715,5.58035714285714,TRUE,6,0.166666666666667,"HALLMARK_INFLAMMATORY_RESPONSE",FALSE,"WT_heat_up","unpinned"
"CALCA","GOMF_HORMONE_ACTIVITY","GO_MF",0.00199900049975012,0.0439407202132356,0.0019209058016715,5.58035714285714,TRUE,5,0.2,"GOBP_TAXIS",FALSE,"WT_heat_up","unpinned"
"GRP","GOMF_HORMONE_ACTIVITY","GO_MF",0.00199900049975012,0.0439407202132356,0.0019209058016715,5.58035714285714,TRUE,3,0.333333333333333,"REACTOME_CLASS_A_1_RHODOPSIN_LIKE_RECEPTORS",FALSE,"WT_heat_up","unpinned"
"INHBA","GOMF_HORMONE_ACTIVITY","GO_MF",0.00199900049975012,0.0439407202132356,0.0019209058016715,5.58035714285714,TRUE,8,0.125,"GOMF_CYTOKINE_ACTIVITY",FALSE,"WT_heat_up","unpinned"
"NPPC","GOMF_HORMONE_ACTIVITY","GO_MF",0.00199900049975012,0.0439407202132356,0.0019209058016715,5.58035714285714,TRUE,1,1,"GOMF_HORMONE_ACTIVITY",TRUE,"WT_heat_up","unpinned"
"CD80","KEGG_TYPE_I_DIABETES_MELLITUS","KEGG",0.0109945027486257,0.0133097182942815,0.000420306893503628,7.58130081300813,TRUE,5,0.2,"HALLMARK_TNFA_SIGNALING_VIA_NFKB",FALSE,"WT_heat_up","unpinned"
"FASLG","KEGG_TYPE_I_DIABETES_MELLITUS","KEGG",0.0109945027486257,0.0133097182942815,0.000420306893503628,7.58130081300813,TRUE,7,0.142857142857143,"GOMF_CYTOKINE_ACTIVITY",FALSE,"WT_heat_up","unpinned"
"IL1A","KEGG_TYPE_I_DIABETES_MELLITUS","KEGG",0.0109945027486257,0.0133097182942815,0.000420306893503628,7.58130081300813,TRUE,9,0.111111111111111,"GOMF_CYTOKINE_ACTIVITY",FALSE,"WT_heat_up","unpinned"
"IL2","KEGG_TYPE_I_DIABETES_MELLITUS","KEGG",0.0109945027486257,0.0133097182942815,0.000420306893503628,7.58130081300813,TRUE,6,0.166666666666667,"GOMF_CYTOKINE_ACTIVITY",FALSE,"WT_heat_up","unpinned"
"LTA","KEGG_TYPE_I_DIABETES_MELLITUS","KEGG",0.0109945027486257,0.0133097182942815,0.000420306893503628,7.58130081300813,TRUE,6,0.166666666666667,"GOMF_CYTOKINE_ACTIVITY",FALSE,"WT_heat_up","unpinned"
"HSPG2","KEGG_ECM_RECEPTOR_INTERACTION","KEGG",0.00149925037481259,0.047063557804676,0.00216062602934051,4.40204563335956,TRUE,3,0.333333333333333,"GOBP_NEGATIVE_REGULATION_OF_VASCULATURE_DEVELOPMENT",FALSE,"WT_heat_up","unpinned"
"ITGA3","KEGG_ECM_RECEPTOR_INTERACTION","KEGG",0.00149925037481259,0.047063557804676,0.00216062602934051,4.40204563335956,TRUE,1,1,"KEGG_ECM_RECEPTOR_INTERACTION",TRUE,"WT_heat_up","unpinned"
"LAMC2","KEGG_ECM_RECEPTOR_INTERACTION","KEGG",0.00149925037481259,0.047063557804676,0.00216062602934051,4.40204563335956,TRUE,3,0.333333333333333,"REACTOME_DEVELOPMENTAL_CELL_LINEAGES",FALSE,"WT_heat_up","unpinned"
"SDC1","KEGG_ECM_RECEPTOR_INTERACTION","KEGG",0.00149925037481259,0.047063557804676,0.00216062602934051,4.40204563335956,TRUE,5,0.2,"REACTOME_SIGNALING_BY_INTERLEUKINS",FALSE,"WT_heat_up","unpinned"
"SDC4","KEGG_ECM_RECEPTOR_INTERACTION","KEGG",0.00149925037481259,0.047063557804676,0.00216062602934051,4.40204563335956,TRUE,5,0.2,"HALLMARK_TNFA_SIGNALING_VIA_NFKB",FALSE,"WT_heat_up","unpinned"
"SPP1","KEGG_ECM_RECEPTOR_INTERACTION","KEGG",0.00149925037481259,0.047063557804676,0.00216062602934051,4.40204563335956,TRUE,5,0.2,"GOMF_CYTOKINE_ACTIVITY",FALSE,"WT_heat_up","unpinned"
"CCL20","REACTOME_INTERLEUKIN_10_SIGNALING","Reactome",0.000499750124937531,4.59774538328503e-07,9.80329506030924e-10,14.2849471988545,TRUE,11,0.0909090909090909,"GOMF_CYTOKINE_ACTIVITY",FALSE,"WT_heat_up","unpinned"
"CCL22","REACTOME_INTERLEUKIN_10_SIGNALING","Reactome",0.000499750124937531,4.59774538328503e-07,9.80329506030924e-10,14.2849471988545,TRUE,11,0.0909090909090909,"GOMF_CYTOKINE_ACTIVITY",FALSE,"WT_heat_up","unpinned"
"CCL3","REACTOME_INTERLEUKIN_10_SIGNALING","Reactome",0.000499750124937531,4.59774538328503e-07,9.80329506030924e-10,14.2849471988545,TRUE,10,0.1,"GOMF_CYTOKINE_ACTIVITY",FALSE,"WT_heat_up","unpinned"
"CCL4","REACTOME_INTERLEUKIN_10_SIGNALING","Reactome",0.000499750124937531,4.59774538328503e-07,9.80329506030924e-10,14.2849471988545,TRUE,10,0.1,"GOMF_CYTOKINE_ACTIVITY",FALSE,"WT_heat_up","unpinned"
"CD80","REACTOME_INTERLEUKIN_10_SIGNALING","Reactome",0.000499750124937531,4.59774538328503e-07,9.80329506030924e-10,14.2849471988545,TRUE,5,0.2,"HALLMARK_TNFA_SIGNALING_VIA_NFKB",FALSE,"WT_heat_up","unpinned"
"CSF2","REACTOME_INTERLEUKIN_10_SIGNALING","Reactome",0.000499750124937531,4.59774538328503e-07,9.80329506030924e-10,14.2849471988545,TRUE,7,0.142857142857143,"GOMF_CYTOKINE_ACTIVITY",FALSE,"WT_heat_up","unpinned"
"IL1A","REACTOME_INTERLEUKIN_10_SIGNALING","Reactome",0.000499750124937531,4.59774538328503e-07,9.80329506030924e-10,14.2849471988545,TRUE,9,0.111111111111111,"GOMF_CYTOKINE_ACTIVITY",FALSE,"WT_heat_up","unpinned"
"IL1RN","REACTOME_INTERLEUKIN_10_SIGNALING","Reactome",0.000499750124937531,4.59774538328503e-07,9.80329506030924e-10,14.2849471988545,TRUE,4,0.25,"GOMF_CYTOKINE_ACTIVITY",FALSE,"WT_heat_up","unpinned"
"PTGS2","REACTOME_INTERLEUKIN_10_SIGNALING","Reactome",0.000499750124937531,4.59774538328503e-07,9.80329506030924e-10,14.2849471988545,TRUE,6,0.166666666666667,"HALLMARK_TNFA_SIGNALING_VIA_NFKB",FALSE,"WT_heat_up","unpinned"
"TIMP1","REACTOME_INTERLEUKIN_10_SIGNALING","Reactome",0.000499750124937531,4.59774538328503e-07,9.80329506030924e-10,14.2849471988545,TRUE,9,0.111111111111111,"GOMF_CYTOKINE_ACTIVITY",FALSE,"WT_heat_up","unpinned"
"CD70","REACTOME_TNFS_BIND_THEIR_PHYSIOLOGICAL_RECEPTORS","Reactome",0.000499750124937531,3.36768174290159e-05,1.43611161744204e-07,16.0860927152318,TRUE,2,0.5,"HALLMARK_INFLAMMATORY_RESPONSE",FALSE,"WT_heat_up","unpinned"
"FASLG","REACTOME_TNFS_BIND_THEIR_PHYSIOLOGICAL_RECEPTORS","Reactome",0.000499750124937531,3.36768174290159e-05,1.43611161744204e-07,16.0860927152318,TRUE,7,0.142857142857143,"GOMF_CYTOKINE_ACTIVITY",FALSE,"WT_heat_up","unpinned"
"LTA","REACTOME_TNFS_BIND_THEIR_PHYSIOLOGICAL_RECEPTORS","Reactome",0.000499750124937531,3.36768174290159e-05,1.43611161744204e-07,16.0860927152318,TRUE,6,0.166666666666667,"GOMF_CYTOKINE_ACTIVITY",FALSE,"WT_heat_up","unpinned"
"TNFRSF11B","REACTOME_TNFS_BIND_THEIR_PHYSIOLOGICAL_RECEPTORS","Reactome",0.000499750124937531,3.36768174290159e-05,1.43611161744204e-07,16.0860927152318,TRUE,3,0.333333333333333,"GOMF_CYTOKINE_ACTIVITY",FALSE,"WT_heat_up","unpinned"
"TNFSF11","REACTOME_TNFS_BIND_THEIR_PHYSIOLOGICAL_RECEPTORS","Reactome",0.000499750124937531,3.36768174290159e-05,1.43611161744204e-07,16.0860927152318,TRUE,6,0.166666666666667,"GOMF_CYTOKINE_ACTIVITY",FALSE,"WT_heat_up","unpinned"
"TNFSF14","REACTOME_TNFS_BIND_THEIR_PHYSIOLOGICAL_RECEPTORS","Reactome",0.000499750124937531,3.36768174290159e-05,1.43611161744204e-07,16.0860927152318,TRUE,5,0.2,"GOMF_CYTOKINE_ACTIVITY",FALSE,"WT_heat_up","unpinned"
"TNFSF9","REACTOME_TNFS_BIND_THEIR_PHYSIOLOGICAL_RECEPTORS","Reactome",0.000499750124937531,3.36768174290159e-05,1.43611161744204e-07,16.0860927152318,TRUE,5,0.2,"GOMF_CYTOKINE_ACTIVITY",FALSE,"WT_heat_up","unpinned"
"EGR1","REACTOME_NGF_STIMULATED_TRANSCRIPTION","Reactome",0.000499750124937531,0.00062193057423933,3.97823395035819e-06,10.2772259013981,TRUE,3,0.333333333333333,"HALLMARK_TNFA_SIGNALING_VIA_NFKB",FALSE,"WT_heat_up","unpinned"
"EGR2","REACTOME_NGF_STIMULATED_TRANSCRIPTION","Reactome",0.000499750124937531,0.00062193057423933,3.97823395035819e-06,10.2772259013981,TRUE,3,0.333333333333333,"HALLMARK_TNFA_SIGNALING_VIA_NFKB",FALSE,"WT_heat_up","unpinned"
"EGR3","REACTOME_NGF_STIMULATED_TRANSCRIPTION","Reactome",0.000499750124937531,0.00062193057423933,3.97823395035819e-06,10.2772259013981,TRUE,4,0.25,"HALLMARK_TNFA_SIGNALING_VIA_NFKB",FALSE,"WT_heat_up","unpinned"
"F3","REACTOME_NGF_STIMULATED_TRANSCRIPTION","Reactome",0.000499750124937531,0.00062193057423933,3.97823395035819e-06,10.2772259013981,TRUE,7,0.142857142857143,"HALLMARK_TNFA_SIGNALING_VIA_NFKB",FALSE,"WT_heat_up","unpinned"
"FOSL1","REACTOME_NGF_STIMULATED_TRANSCRIPTION","Reactome",0.000499750124937531,0.00062193057423933,3.97823395035819e-06,10.2772259013981,TRUE,3,0.333333333333333,"HALLMARK_TNFA_SIGNALING_VIA_NFKB",FALSE,"WT_heat_up","unpinned"
"NAB2","REACTOME_NGF_STIMULATED_TRANSCRIPTION","Reactome",0.000499750124937531,0.00062193057423933,3.97823395035819e-06,10.2772259013981,TRUE,1,1,"REACTOME_NGF_STIMULATED_TRANSCRIPTION",TRUE,"WT_heat_up","unpinned"
"SH3GL3","REACTOME_NGF_STIMULATED_TRANSCRIPTION","Reactome",0.000499750124937531,0.00062193057423933,3.97823395035819e-06,10.2772259013981,TRUE,2,0.5,"REACTOME_NGF_STIMULATED_TRANSCRIPTION",TRUE,"WT_heat_up","unpinned"
"ANXA2","REACTOME_SIGNALING_BY_INTERLEUKINS","Reactome",0.000499750124937531,0.00155988625770791,1.66299174595727e-05,2.7958196406826,TRUE,8,0.125,"REACTOME_SIGNALING_BY_INTERLEUKINS",TRUE,"WT_heat_up","unpinned"
"CCL20","REACTOME_SIGNALING_BY_INTERLEUKINS","Reactome",0.000499750124937531,0.00155988625770791,1.66299174595727e-05,2.7958196406826,TRUE,11,0.0909090909090909,"GOMF_CYTOKINE_ACTIVITY",FALSE,"WT_heat_up","unpinned"
"CCL22","REACTOME_SIGNALING_BY_INTERLEUKINS","Reactome",0.000499750124937531,0.00155988625770791,1.66299174595727e-05,2.7958196406826,TRUE,11,0.0909090909090909,"GOMF_CYTOKINE_ACTIVITY",FALSE,"WT_heat_up","unpinned"
"CCL3","REACTOME_SIGNALING_BY_INTERLEUKINS","Reactome",0.000499750124937531,0.00155988625770791,1.66299174595727e-05,2.7958196406826,TRUE,10,0.1,"GOMF_CYTOKINE_ACTIVITY",FALSE,"WT_heat_up","unpinned"
"CCL4","REACTOME_SIGNALING_BY_INTERLEUKINS","Reactome",0.000499750124937531,0.00155988625770791,1.66299174595727e-05,2.7958196406826,TRUE,10,0.1,"GOMF_CYTOKINE_ACTIVITY",FALSE,"WT_heat_up","unpinned"
"CD80","REACTOME_SIGNALING_BY_INTERLEUKINS","Reactome",0.000499750124937531,0.00155988625770791,1.66299174595727e-05,2.7958196406826,TRUE,5,0.2,"HALLMARK_TNFA_SIGNALING_VIA_NFKB",FALSE,"WT_heat_up","unpinned"
"CDKN1A","REACTOME_SIGNALING_BY_INTERLEUKINS","Reactome",0.000499750124937531,0.00155988625770791,1.66299174595727e-05,2.7958196406826,TRUE,7,0.142857142857143,"HALLMARK_TNFA_SIGNALING_VIA_NFKB",FALSE,"WT_heat_up","unpinned"
"CSF2","REACTOME_SIGNALING_BY_INTERLEUKINS","Reactome",0.000499750124937531,0.00155988625770791,1.66299174595727e-05,2.7958196406826,TRUE,7,0.142857142857143,"GOMF_CYTOKINE_ACTIVITY",FALSE,"WT_heat_up","unpinned"
"FASLG","REACTOME_SIGNALING_BY_INTERLEUKINS","Reactome",0.000499750124937531,0.00155988625770791,1.66299174595727e-05,2.7958196406826,TRUE,7,0.142857142857143,"GOMF_CYTOKINE_ACTIVITY",FALSE,"WT_heat_up","unpinned"
"IL17F","REACTOME_SIGNALING_BY_INTERLEUKINS","Reactome",0.000499750124937531,0.00155988625770791,1.66299174595727e-05,2.7958196406826,TRUE,5,0.2,"GOMF_CYTOKINE_ACTIVITY",FALSE,"WT_heat_up","unpinned"
"IL1A","REACTOME_SIGNALING_BY_INTERLEUKINS","Reactome",0.000499750124937531,0.00155988625770791,1.66299174595727e-05,2.7958196406826,TRUE,9,0.111111111111111,"GOMF_CYTOKINE_ACTIVITY",FALSE,"WT_heat_up","unpinned"
"IL1RN","REACTOME_SIGNALING_BY_INTERLEUKINS","Reactome",0.000499750124937531,0.00155988625770791,1.66299174595727e-05,2.7958196406826,TRUE,4,0.25,"GOMF_CYTOKINE_ACTIVITY",FALSE,"WT_heat_up","unpinned"
"IL2","REACTOME_SIGNALING_BY_INTERLEUKINS","Reactome",0.000499750124937531,0.00155988625770791,1.66299174595727e-05,2.7958196406826,TRUE,6,0.166666666666667,"GOMF_CYTOKINE_ACTIVITY",FALSE,"WT_heat_up","unpinned"
"IL23A","REACTOME_SIGNALING_BY_INTERLEUKINS","Reactome",0.000499750124937531,0.00155988625770791,1.66299174595727e-05,2.7958196406826,TRUE,6,0.166666666666667,"GOMF_CYTOKINE_ACTIVITY",FALSE,"WT_heat_up","unpinned"
"IL24","REACTOME_SIGNALING_BY_INTERLEUKINS","Reactome",0.000499750124937531,0.00155988625770791,1.66299174595727e-05,2.7958196406826,TRUE,2,0.5,"GOMF_CYTOKINE_ACTIVITY",FALSE,"WT_heat_up","unpinned"
"IL3","REACTOME_SIGNALING_BY_INTERLEUKINS","Reactome",0.000499750124937531,0.00155988625770791,1.66299174595727e-05,2.7958196406826,TRUE,3,0.333333333333333,"GOMF_CYTOKINE_ACTIVITY",FALSE,"WT_heat_up","unpinned"
"IL9","REACTOME_SIGNALING_BY_INTERLEUKINS","Reactome",0.000499750124937531,0.00155988625770791,1.66299174595727e-05,2.7958196406826,TRUE,3,0.333333333333333,"GOMF_CYTOKINE_ACTIVITY",FALSE,"WT_heat_up","unpinned"
"PTGS2","REACTOME_SIGNALING_BY_INTERLEUKINS","Reactome",0.000499750124937531,0.00155988625770791,1.66299174595727e-05,2.7958196406826,TRUE,6,0.166666666666667,"HALLMARK_TNFA_SIGNALING_VIA_NFKB",FALSE,"WT_heat_up","unpinned"
"PTPN5","REACTOME_SIGNALING_BY_INTERLEUKINS","Reactome",0.000499750124937531,0.00155988625770791,1.66299174595727e-05,2.7958196406826,TRUE,1,1,"REACTOME_SIGNALING_BY_INTERLEUKINS",TRUE,"WT_heat_up","unpinned"
"SDC1","REACTOME_SIGNALING_BY_INTERLEUKINS","Reactome",0.000499750124937531,0.00155988625770791,1.66299174595727e-05,2.7958196406826,TRUE,5,0.2,"REACTOME_SIGNALING_BY_INTERLEUKINS",TRUE,"WT_heat_up","unpinned"
"TIMP1","REACTOME_SIGNALING_BY_INTERLEUKINS","Reactome",0.000499750124937531,0.00155988625770791,1.66299174595727e-05,2.7958196406826,TRUE,9,0.111111111111111,"GOMF_CYTOKINE_ACTIVITY",FALSE,"WT_heat_up","unpinned"
"ADORA2A","REACTOME_CLASS_A_1_RHODOPSIN_LIKE_RECEPTORS","Reactome",0.000499750124937531,0.00287041323772998,3.6721704533859e-05,4.06571574121243,TRUE,4,0.25,"GOBP_REGULATION_OF_INFLAMMATORY_RESPONSE",FALSE,"WT_heat_up","unpinned"
"ADORA2B","REACTOME_CLASS_A_1_RHODOPSIN_LIKE_RECEPTORS","Reactome",0.000499750124937531,0.00287041323772998,3.6721704533859e-05,4.06571574121243,TRUE,4,0.25,"HALLMARK_INFLAMMATORY_RESPONSE",FALSE,"WT_heat_up","unpinned"
"AVPR1A","REACTOME_CLASS_A_1_RHODOPSIN_LIKE_RECEPTORS","Reactome",0.000499750124937531,0.00287041323772998,3.6721704533859e-05,4.06571574121243,TRUE,2,0.5,"GOMF_G_PROTEIN_COUPLED_RECEPTOR_BINDING",FALSE,"WT_heat_up","unpinned"
"C3","REACTOME_CLASS_A_1_RHODOPSIN_LIKE_RECEPTORS","Reactome",0.000499750124937531,0.00287041323772998,3.6721704533859e-05,4.06571574121243,TRUE,8,0.125,"GOMF_CYTOKINE_ACTIVITY",FALSE,"WT_heat_up","unpinned"
"CCL20","REACTOME_CLASS_A_1_RHODOPSIN_LIKE_RECEPTORS","Reactome",0.000499750124937531,0.00287041323772998,3.6721704533859e-05,4.06571574121243,TRUE,11,0.0909090909090909,"GOMF_CYTOKINE_ACTIVITY",FALSE,"WT_heat_up","unpinned"
"CCL22","REACTOME_CLASS_A_1_RHODOPSIN_LIKE_RECEPTORS","Reactome",0.000499750124937531,0.00287041323772998,3.6721704533859e-05,4.06571574121243,TRUE,11,0.0909090909090909,"GOMF_CYTOKINE_ACTIVITY",FALSE,"WT_heat_up","unpinned"
"CCL3","REACTOME_CLASS_A_1_RHODOPSIN_LIKE_RECEPTORS","Reactome",0.000499750124937531,0.00287041323772998,3.6721704533859e-05,4.06571574121243,TRUE,10,0.1,"GOMF_CYTOKINE_ACTIVITY",FALSE,"WT_heat_up","unpinned"
"CCL4","REACTOME_CLASS_A_1_RHODOPSIN_LIKE_RECEPTORS","Reactome",0.000499750124937531,0.00287041323772998,3.6721704533859e-05,4.06571574121243,TRUE,10,0.1,"GOMF_CYTOKINE_ACTIVITY",FALSE,"WT_heat_up","unpinned"
"GPR183","REACTOME_CLASS_A_1_RHODOPSIN_LIKE_RECEPTORS","Reactome",0.000499750124937531,0.00287041323772998,3.6721704533859e-05,4.06571574121243,TRUE,4,0.25,"HALLMARK_TNFA_SIGNALING_VIA_NFKB",FALSE,"WT_heat_up","unpinned"
"GRP","REACTOME_CLASS_A_1_RHODOPSIN_LIKE_RECEPTORS","Reactome",0.000499750124937531,0.00287041323772998,3.6721704533859e-05,4.06571574121243,TRUE,3,0.333333333333333,"REACTOME_CLASS_A_1_RHODOPSIN_LIKE_RECEPTORS",TRUE,"WT_heat_up","unpinned"
"PTGER2","REACTOME_CLASS_A_1_RHODOPSIN_LIKE_RECEPTORS","Reactome",0.000499750124937531,0.00287041323772998,3.6721704533859e-05,4.06571574121243,TRUE,3,0.333333333333333,"HALLMARK_INFLAMMATORY_RESPONSE",FALSE,"WT_heat_up","unpinned"
"S1PR3","REACTOME_CLASS_A_1_RHODOPSIN_LIKE_RECEPTORS","Reactome",0.000499750124937531,0.00287041323772998,3.6721704533859e-05,4.06571574121243,TRUE,1,1,"REACTOME_CLASS_A_1_RHODOPSIN_LIKE_RECEPTORS",TRUE,"WT_heat_up","unpinned"
"HAVCR1","REACTOME_ATTACHMENT_AND_ENTRY","Reactome",0.000499750124937531,0.00362900223718649,5.41642124953208e-05,17.6181015452539,TRUE,2,0.5,"REACTOME_ATTACHMENT_AND_ENTRY",TRUE,"WT_heat_up","unpinned"
"HSPG2","REACTOME_ATTACHMENT_AND_ENTRY","Reactome",0.000499750124937531,0.00362900223718649,5.41642124953208e-05,17.6181015452539,TRUE,3,0.333333333333333,"GOBP_NEGATIVE_REGULATION_OF_VASCULATURE_DEVELOPMENT",FALSE,"WT_heat_up","unpinned"
"SDC1","REACTOME_ATTACHMENT_AND_ENTRY","Reactome",0.000499750124937531,0.00362900223718649,5.41642124953208e-05,17.6181015452539,TRUE,5,0.2,"REACTOME_SIGNALING_BY_INTERLEUKINS",FALSE,"WT_heat_up","unpinned"
"SDC4","REACTOME_ATTACHMENT_AND_ENTRY","Reactome",0.000499750124937531,0.00362900223718649,5.41642124953208e-05,17.6181015452539,TRUE,5,0.2,"HALLMARK_TNFA_SIGNALING_VIA_NFKB",FALSE,"WT_heat_up","unpinned"
"AREG","REACTOME_EGFR_DOWNREGULATION","Reactome",0.000499750124937531,0.0061371830085028,0.000130856780565092,9.7878341918077,TRUE,7,0.142857142857143,"GOMF_CYTOKINE_ACTIVITY",FALSE,"WT_heat_up","unpinned"
"EGFR","REACTOME_EGFR_DOWNREGULATION","Reactome",0.000499750124937531,0.0061371830085028,0.000130856780565092,9.7878341918077,TRUE,4,0.25,"REACTOME_EGFR_DOWNREGULATION",TRUE,"WT_heat_up","unpinned"
"HBEGF","REACTOME_EGFR_DOWNREGULATION","Reactome",0.000499750124937531,0.0061371830085028,0.000130856780565092,9.7878341918077,TRUE,8,0.125,"HALLMARK_TNFA_SIGNALING_VIA_NFKB",FALSE,"WT_heat_up","unpinned"
"SH3GL3","REACTOME_EGFR_DOWNREGULATION","Reactome",0.000499750124937531,0.0061371830085028,0.000130856780565092,9.7878341918077,TRUE,2,0.5,"REACTOME_NGF_STIMULATED_TRANSCRIPTION",FALSE,"WT_heat_up","unpinned"
"SPRY1","REACTOME_EGFR_DOWNREGULATION","Reactome",0.000499750124937531,0.0061371830085028,0.000130856780565092,9.7878341918077,TRUE,1,1,"REACTOME_EGFR_DOWNREGULATION",TRUE,"WT_heat_up","unpinned"
"AREG","REACTOME_PI3K_AKT_SIGNALING_IN_CANCER","Reactome",0.000499750124937531,0.00812059599139218,0.000207776443276559,4.91667950100108,TRUE,7,0.142857142857143,"GOMF_CYTOKINE_ACTIVITY",FALSE,"WT_heat_up","unpinned"
"CD80","REACTOME_PI3K_AKT_SIGNALING_IN_CANCER","Reactome",0.000499750124937531,0.00812059599139218,0.000207776443276559,4.91667950100108,TRUE,5,0.2,"HALLMARK_TNFA_SIGNALING_VIA_NFKB",FALSE,"WT_heat_up","unpinned"
"CDKN1A","REACTOME_PI3K_AKT_SIGNALING_IN_CANCER","Reactome",0.000499750124937531,0.00812059599139218,0.000207776443276559,4.91667950100108,TRUE,7,0.142857142857143,"HALLMARK_TNFA_SIGNALING_VIA_NFKB",FALSE,"WT_heat_up","unpinned"
"EGFR","REACTOME_PI3K_AKT_SIGNALING_IN_CANCER","Reactome",0.000499750124937531,0.00812059599139218,0.000207776443276559,4.91667950100108,TRUE,4,0.25,"REACTOME_EGFR_DOWNREGULATION",FALSE,"WT_heat_up","unpinned"
"HBEGF","REACTOME_PI3K_AKT_SIGNALING_IN_CANCER","Reactome",0.000499750124937531,0.00812059599139218,0.000207776443276559,4.91667950100108,TRUE,8,0.125,"HALLMARK_TNFA_SIGNALING_VIA_NFKB",FALSE,"WT_heat_up","unpinned"
"NR4A1","REACTOME_PI3K_AKT_SIGNALING_IN_CANCER","Reactome",0.000499750124937531,0.00812059599139218,0.000207776443276559,4.91667950100108,TRUE,5,0.2,"HALLMARK_TNFA_SIGNALING_VIA_NFKB",FALSE,"WT_heat_up","unpinned"
"PDGFB","REACTOME_PI3K_AKT_SIGNALING_IN_CANCER","Reactome",0.000499750124937531,0.00812059599139218,0.000207776443276559,4.91667950100108,TRUE,6,0.166666666666667,"GOBP_TAXIS",FALSE,"WT_heat_up","unpinned"
"PIK3AP1","REACTOME_PI3K_AKT_SIGNALING_IN_CANCER","Reactome",0.000499750124937531,0.00812059599139218,0.000207776443276559,4.91667950100108,TRUE,2,0.5,"GOBP_REGULATION_OF_INFLAMMATORY_RESPONSE",FALSE,"WT_heat_up","unpinned"
"CCL22","REACTOME_INTERLEUKIN_4_AND_INTERLEUKIN_13_SIGNALING","Reactome",0.000499750124937531,0.0135294906125163,0.000412456323316083,4.45088881143255,TRUE,11,0.0909090909090909,"GOMF_CYTOKINE_ACTIVITY",FALSE,"WT_heat_up","unpinned"
"CDKN1A","REACTOME_INTERLEUKIN_4_AND_INTERLEUKIN_13_SIGNALING","Reactome",0.000499750124937531,0.0135294906125163,0.000412456323316083,4.45088881143255,TRUE,7,0.142857142857143,"HALLMARK_TNFA_SIGNALING_VIA_NFKB",FALSE,"WT_heat_up","unpinned"
"FASLG","REACTOME_INTERLEUKIN_4_AND_INTERLEUKIN_13_SIGNALING","Reactome",0.000499750124937531,0.0135294906125163,0.000412456323316083,4.45088881143255,TRUE,7,0.142857142857143,"GOMF_CYTOKINE_ACTIVITY",FALSE,"WT_heat_up","unpinned"
"IL17F","REACTOME_INTERLEUKIN_4_AND_INTERLEUKIN_13_SIGNALING","Reactome",0.000499750124937531,0.0135294906125163,0.000412456323316083,4.45088881143255,TRUE,5,0.2,"GOMF_CYTOKINE_ACTIVITY",FALSE,"WT_heat_up","unpinned"
"IL1A","REACTOME_INTERLEUKIN_4_AND_INTERLEUKIN_13_SIGNALING","Reactome",0.000499750124937531,0.0135294906125163,0.000412456323316083,4.45088881143255,TRUE,9,0.111111111111111,"GOMF_CYTOKINE_ACTIVITY",FALSE,"WT_heat_up","unpinned"
"IL23A","REACTOME_INTERLEUKIN_4_AND_INTERLEUKIN_13_SIGNALING","Reactome",0.000499750124937531,0.0135294906125163,0.000412456323316083,4.45088881143255,TRUE,6,0.166666666666667,"GOMF_CYTOKINE_ACTIVITY",FALSE,"WT_heat_up","unpinned"
"PTGS2","REACTOME_INTERLEUKIN_4_AND_INTERLEUKIN_13_SIGNALING","Reactome",0.000499750124937531,0.0135294906125163,0.000412456323316083,4.45088881143255,TRUE,6,0.166666666666667,"HALLMARK_TNFA_SIGNALING_VIA_NFKB",FALSE,"WT_heat_up","unpinned"
"TIMP1","REACTOME_INTERLEUKIN_4_AND_INTERLEUKIN_13_SIGNALING","Reactome",0.000499750124937531,0.0135294906125163,0.000412456323316083,4.45088881143255,TRUE,9,0.111111111111111,"GOMF_CYTOKINE_ACTIVITY",FALSE,"WT_heat_up","unpinned"
"ANXA2","REACTOME_DEVELOPMENTAL_CELL_LINEAGES","Reactome",0.000499750124937531,0.0135294906125163,0.000432712919376855,5.06822099247029,TRUE,8,0.125,"REACTOME_SIGNALING_BY_INTERLEUKINS",FALSE,"WT_heat_up","unpinned"
"ANXA3","REACTOME_DEVELOPMENTAL_CELL_LINEAGES","Reactome",0.000499750124937531,0.0135294906125163,0.000432712919376855,5.06822099247029,TRUE,3,0.333333333333333,"GOMF_CALCIUM_DEPENDENT_PHOSPHOLIPID_BINDING",FALSE,"WT_heat_up","unpinned"
"AREG","REACTOME_DEVELOPMENTAL_CELL_LINEAGES","Reactome",0.000499750124937531,0.0135294906125163,0.000432712919376855,5.06822099247029,TRUE,7,0.142857142857143,"GOMF_CYTOKINE_ACTIVITY",FALSE,"WT_heat_up","unpinned"
"EGFR","REACTOME_DEVELOPMENTAL_CELL_LINEAGES","Reactome",0.000499750124937531,0.0135294906125163,0.000432712919376855,5.06822099247029,TRUE,4,0.25,"REACTOME_EGFR_DOWNREGULATION",FALSE,"WT_heat_up","unpinned"
"EPCAM","REACTOME_DEVELOPMENTAL_CELL_LINEAGES","Reactome",0.000499750124937531,0.0135294906125163,0.000432712919376855,5.06822099247029,TRUE,1,1,"REACTOME_DEVELOPMENTAL_CELL_LINEAGES",TRUE,"WT_heat_up","unpinned"
"LAMC2","REACTOME_DEVELOPMENTAL_CELL_LINEAGES","Reactome",0.000499750124937531,0.0135294906125163,0.000432712919376855,5.06822099247029,TRUE,3,0.333333333333333,"REACTOME_DEVELOPMENTAL_CELL_LINEAGES",TRUE,"WT_heat_up","unpinned"
"YAP1","REACTOME_DEVELOPMENTAL_CELL_LINEAGES","Reactome",0.000499750124937531,0.0135294906125163,0.000432712919376855,5.06822099247029,TRUE,1,1,"REACTOME_DEVELOPMENTAL_CELL_LINEAGES",TRUE,"WT_heat_up","unpinned"
"ACTBL2","not claimed by any selected set","not claimed by any selected set",NA,NA,NA,NA,NA,0,1,"not claimed by any selected set",TRUE,"WT_heat_up","unpinned"
"ADCY4","not claimed by any selected set","not claimed by any selected set",NA,NA,NA,NA,NA,0,1,"not claimed by any selected set",TRUE,"WT_heat_up","unpinned"
"ANKRD33B","not claimed by any selected set","not claimed by any selected set",NA,NA,NA,NA,NA,0,1,"not claimed by any selected set",TRUE,"WT_heat_up","unpinned"
"ARHGEF25","not claimed by any selected set","not claimed by any selected set",NA,NA,NA,NA,NA,0,1,"not claimed by any selected set",TRUE,"WT_heat_up","unpinned"
"ASB2","not claimed by any selected set","not claimed by any selected set",NA,NA,NA,NA,NA,0,1,"not claimed by any selected set",TRUE,"WT_heat_up","unpinned"
"B3GNT5","not claimed by any selected set","not claimed by any selected set",NA,NA,NA,NA,NA,0,1,"not claimed by any selected set",TRUE,"WT_heat_up","unpinned"
"BCAM","not claimed by any selected set","not claimed by any selected set",NA,NA,NA,NA,NA,0,1,"not claimed by any selected set",TRUE,"WT_heat_up","unpinned"
"C11orf86","not claimed by any selected set","not claimed by any selected set",NA,NA,NA,NA,NA,0,1,"not claimed by any selected set",TRUE,"WT_heat_up","unpinned"
"C15orf48","not claimed by any selected set","not claimed by any selected set",NA,NA,NA,NA,NA,0,1,"not claimed by any selected set",TRUE,"WT_heat_up","unpinned"
"C22orf15","not claimed by any selected set","not claimed by any selected set",NA,NA,NA,NA,NA,0,1,"not claimed by any selected set",TRUE,"WT_heat_up","unpinned"
"CD53","not claimed by any selected set","not claimed by any selected set",NA,NA,NA,NA,NA,0,1,"not claimed by any selected set",TRUE,"WT_heat_up","unpinned"
"CLDN4","not claimed by any selected set","not claimed by any selected set",NA,NA,NA,NA,NA,0,1,"not claimed by any selected set",TRUE,"WT_heat_up","unpinned"
"CPM","not claimed by any selected set","not claimed by any selected set",NA,NA,NA,NA,NA,0,1,"not claimed by any selected set",TRUE,"WT_heat_up","unpinned"
"CRABP2","not claimed by any selected set","not claimed by any selected set",NA,NA,NA,NA,NA,0,1,"not claimed by any selected set",TRUE,"WT_heat_up","unpinned"
"CTH","not claimed by any selected set","not claimed by any selected set",NA,NA,NA,NA,NA,0,1,"not claimed by any selected set",TRUE,"WT_heat_up","unpinned"
"CYSTM1","not claimed by any selected set","not claimed by any selected set",NA,NA,NA,NA,NA,0,1,"not claimed by any selected set",TRUE,"WT_heat_up","unpinned"
"DENND3","not claimed by any selected set","not claimed by any selected set",NA,NA,NA,NA,NA,0,1,"not claimed by any selected set",TRUE,"WT_heat_up","unpinned"
"DMWD","not claimed by any selected set","not claimed by any selected set",NA,NA,NA,NA,NA,0,1,"not claimed by any selected set",TRUE,"WT_heat_up","unpinned"
"DNAH7","not claimed by any selected set","not claimed by any selected set",NA,NA,NA,NA,NA,0,1,"not claimed by any selected set",TRUE,"WT_heat_up","unpinned"
"EBF1","not claimed by any selected set","not claimed by any selected set",NA,NA,NA,NA,NA,0,1,"not claimed by any selected set",TRUE,"WT_heat_up","unpinned"
"EHD2","not claimed by any selected set","not claimed by any selected set",NA,NA,NA,NA,NA,0,1,"not claimed by any selected set",TRUE,"WT_heat_up","unpinned"
"FAM110C","not claimed by any selected set","not claimed by any selected set",NA,NA,NA,NA,NA,0,1,"not claimed by any selected set",TRUE,"WT_heat_up","unpinned"
"FAM83G","not claimed by any selected set","not claimed by any selected set",NA,NA,NA,NA,NA,0,1,"not claimed by any selected set",TRUE,"WT_heat_up","unpinned"
"GATM","not claimed by any selected set","not claimed by any selected set",NA,NA,NA,NA,NA,0,1,"not claimed by any selected set",TRUE,"WT_heat_up","unpinned"
"GFI1","not claimed by any selected set","not claimed by any selected set",NA,NA,NA,NA,NA,0,1,"not claimed by any selected set",TRUE,"WT_heat_up","unpinned"
"GJA5","not claimed by any selected set","not claimed by any selected set",NA,NA,NA,NA,NA,0,1,"not claimed by any selected set",TRUE,"WT_heat_up","unpinned"
"GPRC5A","not claimed by any selected set","not claimed by any selected set",NA,NA,NA,NA,NA,0,1,"not claimed by any selected set",TRUE,"WT_heat_up","unpinned"
"GPRIN2","not claimed by any selected set","not claimed by any selected set",NA,NA,NA,NA,NA,0,1,"not claimed by any selected set",TRUE,"WT_heat_up","unpinned"
"HSPH1","not claimed by any selected set","not claimed by any selected set",NA,NA,NA,NA,NA,0,1,"not claimed by any selected set",TRUE,"WT_heat_up","unpinned"
"IDI2","not claimed by any selected set","not claimed by any selected set",NA,NA,NA,NA,NA,0,1,"not claimed by any selected set",TRUE,"WT_heat_up","unpinned"
"IGF2BP2","not claimed by any selected set","not claimed by any selected set",NA,NA,NA,NA,NA,0,1,"not claimed by any selected set",TRUE,"WT_heat_up","unpinned"
"IGKC","not claimed by any selected set","not claimed by any selected set",NA,NA,NA,NA,NA,0,1,"not claimed by any selected set",TRUE,"WT_heat_up","unpinned"
"ILDR1","not claimed by any selected set","not claimed by any selected set",NA,NA,NA,NA,NA,0,1,"not claimed by any selected set",TRUE,"WT_heat_up","unpinned"
"KLRC1","not claimed by any selected set","not claimed by any selected set",NA,NA,NA,NA,NA,0,1,"not claimed by any selected set",TRUE,"WT_heat_up","unpinned"
"MAB21L3","not claimed by any selected set","not claimed by any selected set",NA,NA,NA,NA,NA,0,1,"not claimed by any selected set",TRUE,"WT_heat_up","unpinned"
"MCF2L","not claimed by any selected set","not claimed by any selected set",NA,NA,NA,NA,NA,0,1,"not claimed by any selected set",TRUE,"WT_heat_up","unpinned"
"MOCOS","not claimed by any selected set","not claimed by any selected set",NA,NA,NA,NA,NA,0,1,"not claimed by any selected set",TRUE,"WT_heat_up","unpinned"
"MST1R","not claimed by any selected set","not claimed by any selected set",NA,NA,NA,NA,NA,0,1,"not claimed by any selected set",TRUE,"WT_heat_up","unpinned"
"MYO16","not claimed by any selected set","not claimed by any selected set",NA,NA,NA,NA,NA,0,1,"not claimed by any selected set",TRUE,"WT_heat_up","unpinned"
"NEB","not claimed by any selected set","not claimed by any selected set",NA,NA,NA,NA,NA,0,1,"not claimed by any selected set",TRUE,"WT_heat_up","unpinned"
"NEO1","not claimed by any selected set","not claimed by any selected set",NA,NA,NA,NA,NA,0,1,"not claimed by any selected set",TRUE,"WT_heat_up","unpinned"
"NOTCH3","not claimed by any selected set","not claimed by any selected set",NA,NA,NA,NA,NA,0,1,"not claimed by any selected set",TRUE,"WT_heat_up","unpinned"
"NPR3","not claimed by any selected set","not claimed by any selected set",NA,NA,NA,NA,NA,0,1,"not claimed by any selected set",TRUE,"WT_heat_up","unpinned"
"OAF","not claimed by any selected set","not claimed by any selected set",NA,NA,NA,NA,NA,0,1,"not claimed by any selected set",TRUE,"WT_heat_up","unpinned"
"OAS3","not claimed by any selected set","not claimed by any selected set",NA,NA,NA,NA,NA,0,1,"not claimed by any selected set",TRUE,"WT_heat_up","unpinned"
"OPHN1","not claimed by any selected set","not claimed by any selected set",NA,NA,NA,NA,NA,0,1,"not claimed by any selected set",TRUE,"WT_heat_up","unpinned"
"PAK1","not claimed by any selected set","not claimed by any selected set",NA,NA,NA,NA,NA,0,1,"not claimed by any selected set",TRUE,"WT_heat_up","unpinned"
"PKIB","not claimed by any selected set","not claimed by any selected set",NA,NA,NA,NA,NA,0,1,"not claimed by any selected set",TRUE,"WT_heat_up","unpinned"
"PLA1A","not claimed by any selected set","not claimed by any selected set",NA,NA,NA,NA,NA,0,1,"not claimed by any selected set",TRUE,"WT_heat_up","unpinned"
"PPEF1","not claimed by any selected set","not claimed by any selected set",NA,NA,NA,NA,NA,0,1,"not claimed by any selected set",TRUE,"WT_heat_up","unpinned"
"PXDC1","not claimed by any selected set","not claimed by any selected set",NA,NA,NA,NA,NA,0,1,"not claimed by any selected set",TRUE,"WT_heat_up","unpinned"
"RAB34","not claimed by any selected set","not claimed by any selected set",NA,NA,NA,NA,NA,0,1,"not claimed by any selected set",TRUE,"WT_heat_up","unpinned"
"RIPK4","not claimed by any selected set","not claimed by any selected set",NA,NA,NA,NA,NA,0,1,"not claimed by any selected set",TRUE,"WT_heat_up","unpinned"
"RNF152","not claimed by any selected set","not claimed by any selected set",NA,NA,NA,NA,NA,0,1,"not claimed by any selected set",TRUE,"WT_heat_up","unpinned"
"SAMD4A","not claimed by any selected set","not claimed by any selected set",NA,NA,NA,NA,NA,0,1,"not claimed by any selected set",TRUE,"WT_heat_up","unpinned"
"SH3PXD2B","not claimed by any selected set","not claimed by any selected set",NA,NA,NA,NA,NA,0,1,"not claimed by any selected set",TRUE,"WT_heat_up","unpinned"
"SLC13A3","not claimed by any selected set","not claimed by any selected set",NA,NA,NA,NA,NA,0,1,"not claimed by any selected set",TRUE,"WT_heat_up","unpinned"
"SLC35D3","not claimed by any selected set","not claimed by any selected set",NA,NA,NA,NA,NA,0,1,"not claimed by any selected set",TRUE,"WT_heat_up","unpinned"
"SLC41A1","not claimed by any selected set","not claimed by any selected set",NA,NA,NA,NA,NA,0,1,"not claimed by any selected set",TRUE,"WT_heat_up","unpinned"
"SLC4A11","not claimed by any selected set","not claimed by any selected set",NA,NA,NA,NA,NA,0,1,"not claimed by any selected set",TRUE,"WT_heat_up","unpinned"
"SRXN1","not claimed by any selected set","not claimed by any selected set",NA,NA,NA,NA,NA,0,1,"not claimed by any selected set",TRUE,"WT_heat_up","unpinned"
"TAL2","not claimed by any selected set","not claimed by any selected set",NA,NA,NA,NA,NA,0,1,"not claimed by any selected set",TRUE,"WT_heat_up","unpinned"
"TANC2","not claimed by any selected set","not claimed by any selected set",NA,NA,NA,NA,NA,0,1,"not claimed by any selected set",TRUE,"WT_heat_up","unpinned"
"TEX15","not claimed by any selected set","not claimed by any selected set",NA,NA,NA,NA,NA,0,1,"not claimed by any selected set",TRUE,"WT_heat_up","unpinned"
"TGM1","not claimed by any selected set","not claimed by any selected set",NA,NA,NA,NA,NA,0,1,"not claimed by any selected set",TRUE,"WT_heat_up","unpinned"
"TMEFF2","not claimed by any selected set","not claimed by any selected set",NA,NA,NA,NA,NA,0,1,"not claimed by any selected set",TRUE,"WT_heat_up","unpinned"
"TMEM125","not claimed by any selected set","not claimed by any selected set",NA,NA,NA,NA,NA,0,1,"not claimed by any selected set",TRUE,"WT_heat_up","unpinned"
"TMEM205","not claimed by any selected set","not claimed by any selected set",NA,NA,NA,NA,NA,0,1,"not claimed by any selected set",TRUE,"WT_heat_up","unpinned"
"TRPM6","not claimed by any selected set","not claimed by any selected set",NA,NA,NA,NA,NA,0,1,"not claimed by any selected set",TRUE,"WT_heat_up","unpinned"
"TTC39C","not claimed by any selected set","not claimed by any selected set",NA,NA,NA,NA,NA,0,1,"not claimed by any selected set",TRUE,"WT_heat_up","unpinned"
"UAP1","not claimed by any selected set","not claimed by any selected set",NA,NA,NA,NA,NA,0,1,"not claimed by any selected set",TRUE,"WT_heat_up","unpinned"
"VILL","not claimed by any selected set","not claimed by any selected set",NA,NA,NA,NA,NA,0,1,"not claimed by any selected set",TRUE,"WT_heat_up","unpinned"
"ZBTB32","not claimed by any selected set","not claimed by any selected set",NA,NA,NA,NA,NA,0,1,"not claimed by any selected set",TRUE,"WT_heat_up","unpinned"
"ZNF583","not claimed by any selected set","not claimed by any selected set",NA,NA,NA,NA,NA,0,1,"not claimed by any selected set",TRUE,"WT_heat_up","unpinned"
"AREG","HALLMARK_TNFA_SIGNALING_VIA_NFKB","Hallmark",0.000499750124937531,3.2838367948082e-19,7.46326544274591e-21,6.58607945796119,TRUE,7,0.142857142857143,"GOMF_CYTOKINE_ACTIVITY",FALSE,"WT_heat_up","hypoxia_anchored"
"ATF3","HALLMARK_TNFA_SIGNALING_VIA_NFKB","Hallmark",0.000499750124937531,3.2838367948082e-19,7.46326544274591e-21,6.58607945796119,TRUE,5,0.2,"HALLMARK_TNFA_SIGNALING_VIA_NFKB",TRUE,"WT_heat_up","hypoxia_anchored"
"CCL20","HALLMARK_TNFA_SIGNALING_VIA_NFKB","Hallmark",0.000499750124937531,3.2838367948082e-19,7.46326544274591e-21,6.58607945796119,TRUE,11,0.0909090909090909,"GOMF_CYTOKINE_ACTIVITY",FALSE,"WT_heat_up","hypoxia_anchored"
"CCL4","HALLMARK_TNFA_SIGNALING_VIA_NFKB","Hallmark",0.000499750124937531,3.2838367948082e-19,7.46326544274591e-21,6.58607945796119,TRUE,10,0.1,"GOMF_CYTOKINE_ACTIVITY",FALSE,"WT_heat_up","hypoxia_anchored"
"CCN1","HALLMARK_TNFA_SIGNALING_VIA_NFKB","Hallmark",0.000499750124937531,3.2838367948082e-19,7.46326544274591e-21,6.58607945796119,TRUE,4,0.25,"HALLMARK_TNFA_SIGNALING_VIA_NFKB",TRUE,"WT_heat_up","hypoxia_anchored"
"CD80","HALLMARK_TNFA_SIGNALING_VIA_NFKB","Hallmark",0.000499750124937531,3.2838367948082e-19,7.46326544274591e-21,6.58607945796119,TRUE,5,0.2,"HALLMARK_TNFA_SIGNALING_VIA_NFKB",TRUE,"WT_heat_up","hypoxia_anchored"
"CD83","HALLMARK_TNFA_SIGNALING_VIA_NFKB","Hallmark",0.000499750124937531,3.2838367948082e-19,7.46326544274591e-21,6.58607945796119,TRUE,2,0.5,"HALLMARK_TNFA_SIGNALING_VIA_NFKB",TRUE,"WT_heat_up","hypoxia_anchored"
"CDKN1A","HALLMARK_TNFA_SIGNALING_VIA_NFKB","Hallmark",0.000499750124937531,3.2838367948082e-19,7.46326544274591e-21,6.58607945796119,TRUE,7,0.142857142857143,"HALLMARK_TNFA_SIGNALING_VIA_NFKB",TRUE,"WT_heat_up","hypoxia_anchored"
"CSF2","HALLMARK_TNFA_SIGNALING_VIA_NFKB","Hallmark",0.000499750124937531,3.2838367948082e-19,7.46326544274591e-21,6.58607945796119,TRUE,7,0.142857142857143,"GOMF_CYTOKINE_ACTIVITY",FALSE,"WT_heat_up","hypoxia_anchored"
"EGR1","HALLMARK_TNFA_SIGNALING_VIA_NFKB","Hallmark",0.000499750124937531,3.2838367948082e-19,7.46326544274591e-21,6.58607945796119,TRUE,4,0.25,"HALLMARK_TNFA_SIGNALING_VIA_NFKB",TRUE,"WT_heat_up","hypoxia_anchored"
"EGR2","HALLMARK_TNFA_SIGNALING_VIA_NFKB","Hallmark",0.000499750124937531,3.2838367948082e-19,7.46326544274591e-21,6.58607945796119,TRUE,3,0.333333333333333,"HALLMARK_TNFA_SIGNALING_VIA_NFKB",TRUE,"WT_heat_up","hypoxia_anchored"
"EGR3","HALLMARK_TNFA_SIGNALING_VIA_NFKB","Hallmark",0.000499750124937531,3.2838367948082e-19,7.46326544274591e-21,6.58607945796119,TRUE,4,0.25,"HALLMARK_TNFA_SIGNALING_VIA_NFKB",TRUE,"WT_heat_up","hypoxia_anchored"
"F3","HALLMARK_TNFA_SIGNALING_VIA_NFKB","Hallmark",0.000499750124937531,3.2838367948082e-19,7.46326544274591e-21,6.58607945796119,TRUE,7,0.142857142857143,"HALLMARK_TNFA_SIGNALING_VIA_NFKB",TRUE,"WT_heat_up","hypoxia_anchored"
"FOSL1","HALLMARK_TNFA_SIGNALING_VIA_NFKB","Hallmark",0.000499750124937531,3.2838367948082e-19,7.46326544274591e-21,6.58607945796119,TRUE,3,0.333333333333333,"HALLMARK_TNFA_SIGNALING_VIA_NFKB",TRUE,"WT_heat_up","hypoxia_anchored"
"FOSL2","HALLMARK_TNFA_SIGNALING_VIA_NFKB","Hallmark",0.000499750124937531,3.2838367948082e-19,7.46326544274591e-21,6.58607945796119,TRUE,4,0.25,"HALLMARK_TNFA_SIGNALING_VIA_NFKB",TRUE,"WT_heat_up","hypoxia_anchored"
"GFPT2","HALLMARK_TNFA_SIGNALING_VIA_NFKB","Hallmark",0.000499750124937531,3.2838367948082e-19,7.46326544274591e-21,6.58607945796119,TRUE,2,0.5,"HALLMARK_TNFA_SIGNALING_VIA_NFKB",TRUE,"WT_heat_up","hypoxia_anchored"
"GPR183","HALLMARK_TNFA_SIGNALING_VIA_NFKB","Hallmark",0.000499750124937531,3.2838367948082e-19,7.46326544274591e-21,6.58607945796119,TRUE,4,0.25,"HALLMARK_TNFA_SIGNALING_VIA_NFKB",TRUE,"WT_heat_up","hypoxia_anchored"
"HBEGF","HALLMARK_TNFA_SIGNALING_VIA_NFKB","Hallmark",0.000499750124937531,3.2838367948082e-19,7.46326544274591e-21,6.58607945796119,TRUE,8,0.125,"HALLMARK_TNFA_SIGNALING_VIA_NFKB",TRUE,"WT_heat_up","hypoxia_anchored"
"IER3","HALLMARK_TNFA_SIGNALING_VIA_NFKB","Hallmark",0.000499750124937531,3.2838367948082e-19,7.46326544274591e-21,6.58607945796119,TRUE,4,0.25,"HALLMARK_TNFA_SIGNALING_VIA_NFKB",TRUE,"WT_heat_up","hypoxia_anchored"
"IL1A","HALLMARK_TNFA_SIGNALING_VIA_NFKB","Hallmark",0.000499750124937531,3.2838367948082e-19,7.46326544274591e-21,6.58607945796119,TRUE,9,0.111111111111111,"GOMF_CYTOKINE_ACTIVITY",FALSE,"WT_heat_up","hypoxia_anchored"
"IL23A","HALLMARK_TNFA_SIGNALING_VIA_NFKB","Hallmark",0.000499750124937531,3.2838367948082e-19,7.46326544274591e-21,6.58607945796119,TRUE,6,0.166666666666667,"GOMF_CYTOKINE_ACTIVITY",FALSE,"WT_heat_up","hypoxia_anchored"
"INHBA","HALLMARK_TNFA_SIGNALING_VIA_NFKB","Hallmark",0.000499750124937531,3.2838367948082e-19,7.46326544274591e-21,6.58607945796119,TRUE,10,0.1,"GOMF_CYTOKINE_ACTIVITY",FALSE,"WT_heat_up","hypoxia_anchored"
"KDM6B","HALLMARK_TNFA_SIGNALING_VIA_NFKB","Hallmark",0.000499750124937531,3.2838367948082e-19,7.46326544274591e-21,6.58607945796119,TRUE,1,1,"HALLMARK_TNFA_SIGNALING_VIA_NFKB",TRUE,"WT_heat_up","hypoxia_anchored"
"NR4A1","HALLMARK_TNFA_SIGNALING_VIA_NFKB","Hallmark",0.000499750124937531,3.2838367948082e-19,7.46326544274591e-21,6.58607945796119,TRUE,5,0.2,"HALLMARK_TNFA_SIGNALING_VIA_NFKB",TRUE,"WT_heat_up","hypoxia_anchored"
"NR4A2","HALLMARK_TNFA_SIGNALING_VIA_NFKB","Hallmark",0.000499750124937531,3.2838367948082e-19,7.46326544274591e-21,6.58607945796119,TRUE,4,0.25,"HALLMARK_TNFA_SIGNALING_VIA_NFKB",TRUE,"WT_heat_up","hypoxia_anchored"
"NR4A3","HALLMARK_TNFA_SIGNALING_VIA_NFKB","Hallmark",0.000499750124937531,3.2838367948082e-19,7.46326544274591e-21,6.58607945796119,TRUE,5,0.2,"HALLMARK_TNFA_SIGNALING_VIA_NFKB",TRUE,"WT_heat_up","hypoxia_anchored"
"OLR1","HALLMARK_TNFA_SIGNALING_VIA_NFKB","Hallmark",0.000499750124937531,3.2838367948082e-19,7.46326544274591e-21,6.58607945796119,TRUE,3,0.333333333333333,"HALLMARK_TNFA_SIGNALING_VIA_NFKB",TRUE,"WT_heat_up","hypoxia_anchored"
"PLAUR","HALLMARK_TNFA_SIGNALING_VIA_NFKB","Hallmark",0.000499750124937531,3.2838367948082e-19,7.46326544274591e-21,6.58607945796119,TRUE,8,0.125,"HALLMARK_TNFA_SIGNALING_VIA_NFKB",TRUE,"WT_heat_up","hypoxia_anchored"
"PLEK","HALLMARK_TNFA_SIGNALING_VIA_NFKB","Hallmark",0.000499750124937531,3.2838367948082e-19,7.46326544274591e-21,6.58607945796119,TRUE,3,0.333333333333333,"HALLMARK_TNFA_SIGNALING_VIA_NFKB",TRUE,"WT_heat_up","hypoxia_anchored"
"PLK2","HALLMARK_TNFA_SIGNALING_VIA_NFKB","Hallmark",0.000499750124937531,3.2838367948082e-19,7.46326544274591e-21,6.58607945796119,TRUE,4,0.25,"HALLMARK_TNFA_SIGNALING_VIA_NFKB",TRUE,"WT_heat_up","hypoxia_anchored"
"PTGS2","HALLMARK_TNFA_SIGNALING_VIA_NFKB","Hallmark",0.000499750124937531,3.2838367948082e-19,7.46326544274591e-21,6.58607945796119,TRUE,8,0.125,"HALLMARK_TNFA_SIGNALING_VIA_NFKB",TRUE,"WT_heat_up","hypoxia_anchored"
"SDC4","HALLMARK_TNFA_SIGNALING_VIA_NFKB","Hallmark",0.000499750124937531,3.2838367948082e-19,7.46326544274591e-21,6.58607945796119,TRUE,5,0.2,"HALLMARK_TNFA_SIGNALING_VIA_NFKB",TRUE,"WT_heat_up","hypoxia_anchored"
"SERPINE1","HALLMARK_TNFA_SIGNALING_VIA_NFKB","Hallmark",0.000499750124937531,3.2838367948082e-19,7.46326544274591e-21,6.58607945796119,TRUE,12,0.0833333333333333,"HALLMARK_TNFA_SIGNALING_VIA_NFKB",TRUE,"WT_heat_up","hypoxia_anchored"
"SPHK1","HALLMARK_TNFA_SIGNALING_VIA_NFKB","Hallmark",0.000499750124937531,3.2838367948082e-19,7.46326544274591e-21,6.58607945796119,TRUE,4,0.25,"HALLMARK_TNFA_SIGNALING_VIA_NFKB",TRUE,"WT_heat_up","hypoxia_anchored"
"TNFSF9","HALLMARK_TNFA_SIGNALING_VIA_NFKB","Hallmark",0.000499750124937531,3.2838367948082e-19,7.46326544274591e-21,6.58607945796119,TRUE,5,0.2,"GOMF_CYTOKINE_ACTIVITY",FALSE,"WT_heat_up","hypoxia_anchored"
"ADM","HALLMARK_INFLAMMATORY_RESPONSE","Hallmark",0.000499750124937531,5.1051464921737e-08,2.32052113280623e-09,4.54677533664068,TRUE,6,0.166666666666667,"HALLMARK_INFLAMMATORY_RESPONSE",TRUE,"WT_heat_up","hypoxia_anchored"
"ADORA2B","HALLMARK_INFLAMMATORY_RESPONSE","Hallmark",0.000499750124937531,5.1051464921737e-08,2.32052113280623e-09,4.54677533664068,TRUE,4,0.25,"HALLMARK_INFLAMMATORY_RESPONSE",TRUE,"WT_heat_up","hypoxia_anchored"
"CCL20","HALLMARK_INFLAMMATORY_RESPONSE","Hallmark",0.000499750124937531,5.1051464921737e-08,2.32052113280623e-09,4.54677533664068,TRUE,11,0.0909090909090909,"GOMF_CYTOKINE_ACTIVITY",FALSE,"WT_heat_up","hypoxia_anchored"
"CCL22","HALLMARK_INFLAMMATORY_RESPONSE","Hallmark",0.000499750124937531,5.1051464921737e-08,2.32052113280623e-09,4.54677533664068,TRUE,11,0.0909090909090909,"GOMF_CYTOKINE_ACTIVITY",FALSE,"WT_heat_up","hypoxia_anchored"
"CD70","HALLMARK_INFLAMMATORY_RESPONSE","Hallmark",0.000499750124937531,5.1051464921737e-08,2.32052113280623e-09,4.54677533664068,TRUE,2,0.5,"HALLMARK_INFLAMMATORY_RESPONSE",TRUE,"WT_heat_up","hypoxia_anchored"
"CDKN1A","HALLMARK_INFLAMMATORY_RESPONSE","Hallmark",0.000499750124937531,5.1051464921737e-08,2.32052113280623e-09,4.54677533664068,TRUE,7,0.142857142857143,"HALLMARK_TNFA_SIGNALING_VIA_NFKB",FALSE,"WT_heat_up","hypoxia_anchored"
"F3","HALLMARK_INFLAMMATORY_RESPONSE","Hallmark",0.000499750124937531,5.1051464921737e-08,2.32052113280623e-09,4.54677533664068,TRUE,7,0.142857142857143,"HALLMARK_TNFA_SIGNALING_VIA_NFKB",FALSE,"WT_heat_up","hypoxia_anchored"
"GPR183","HALLMARK_INFLAMMATORY_RESPONSE","Hallmark",0.000499750124937531,5.1051464921737e-08,2.32052113280623e-09,4.54677533664068,TRUE,4,0.25,"HALLMARK_TNFA_SIGNALING_VIA_NFKB",FALSE,"WT_heat_up","hypoxia_anchored"
"HBEGF","HALLMARK_INFLAMMATORY_RESPONSE","Hallmark",0.000499750124937531,5.1051464921737e-08,2.32052113280623e-09,4.54677533664068,TRUE,8,0.125,"HALLMARK_TNFA_SIGNALING_VIA_NFKB",FALSE,"WT_heat_up","hypoxia_anchored"
"IL1A","HALLMARK_INFLAMMATORY_RESPONSE","Hallmark",0.000499750124937531,5.1051464921737e-08,2.32052113280623e-09,4.54677533664068,TRUE,9,0.111111111111111,"GOMF_CYTOKINE_ACTIVITY",FALSE,"WT_heat_up","hypoxia_anchored"
"INHBA","HALLMARK_INFLAMMATORY_RESPONSE","Hallmark",0.000499750124937531,5.1051464921737e-08,2.32052113280623e-09,4.54677533664068,TRUE,10,0.1,"GOMF_CYTOKINE_ACTIVITY",FALSE,"WT_heat_up","hypoxia_anchored"
"LTA","HALLMARK_INFLAMMATORY_RESPONSE","Hallmark",0.000499750124937531,5.1051464921737e-08,2.32052113280623e-09,4.54677533664068,TRUE,7,0.142857142857143,"GOMF_CYTOKINE_ACTIVITY",FALSE,"WT_heat_up","hypoxia_anchored"
"OLR1","HALLMARK_INFLAMMATORY_RESPONSE","Hallmark",0.000499750124937531,5.1051464921737e-08,2.32052113280623e-09,4.54677533664068,TRUE,3,0.333333333333333,"HALLMARK_TNFA_SIGNALING_VIA_NFKB",FALSE,"WT_heat_up","hypoxia_anchored"
"PLAUR","HALLMARK_INFLAMMATORY_RESPONSE","Hallmark",0.000499750124937531,5.1051464921737e-08,2.32052113280623e-09,4.54677533664068,TRUE,8,0.125,"HALLMARK_TNFA_SIGNALING_VIA_NFKB",FALSE,"WT_heat_up","hypoxia_anchored"
"PTGER2","HALLMARK_INFLAMMATORY_RESPONSE","Hallmark",0.000499750124937531,5.1051464921737e-08,2.32052113280623e-09,4.54677533664068,TRUE,3,0.333333333333333,"HALLMARK_INFLAMMATORY_RESPONSE",TRUE,"WT_heat_up","hypoxia_anchored"
"RGS16","HALLMARK_INFLAMMATORY_RESPONSE","Hallmark",0.000499750124937531,5.1051464921737e-08,2.32052113280623e-09,4.54677533664068,TRUE,5,0.2,"HALLMARK_INFLAMMATORY_RESPONSE",TRUE,"WT_heat_up","hypoxia_anchored"
"SERPINE1","HALLMARK_INFLAMMATORY_RESPONSE","Hallmark",0.000499750124937531,5.1051464921737e-08,2.32052113280623e-09,4.54677533664068,TRUE,12,0.0833333333333333,"HALLMARK_TNFA_SIGNALING_VIA_NFKB",FALSE,"WT_heat_up","hypoxia_anchored"
"SGMS2","HALLMARK_INFLAMMATORY_RESPONSE","Hallmark",0.000499750124937531,5.1051464921737e-08,2.32052113280623e-09,4.54677533664068,TRUE,1,1,"HALLMARK_INFLAMMATORY_RESPONSE",TRUE,"WT_heat_up","hypoxia_anchored"
"SPHK1","HALLMARK_INFLAMMATORY_RESPONSE","Hallmark",0.000499750124937531,5.1051464921737e-08,2.32052113280623e-09,4.54677533664068,TRUE,4,0.25,"HALLMARK_TNFA_SIGNALING_VIA_NFKB",FALSE,"WT_heat_up","hypoxia_anchored"
"TIMP1","HALLMARK_INFLAMMATORY_RESPONSE","Hallmark",0.000499750124937531,5.1051464921737e-08,2.32052113280623e-09,4.54677533664068,TRUE,9,0.111111111111111,"GOMF_CYTOKINE_ACTIVITY",FALSE,"WT_heat_up","hypoxia_anchored"
"TNFSF9","HALLMARK_INFLAMMATORY_RESPONSE","Hallmark",0.000499750124937531,5.1051464921737e-08,2.32052113280623e-09,4.54677533664068,TRUE,5,0.2,"GOMF_CYTOKINE_ACTIVITY",FALSE,"WT_heat_up","hypoxia_anchored"
"ADM","HALLMARK_HYPOXIA","Hallmark",0.000999500249875062,9.75807515390371e-06,6.6532330594798e-07,3.78328173374613,TRUE,6,0.166666666666667,"HALLMARK_INFLAMMATORY_RESPONSE",FALSE,"WT_heat_up","hypoxia_anchored"
"ADORA2B","HALLMARK_HYPOXIA","Hallmark",0.000999500249875062,9.75807515390371e-06,6.6532330594798e-07,3.78328173374613,TRUE,4,0.25,"HALLMARK_INFLAMMATORY_RESPONSE",FALSE,"WT_heat_up","hypoxia_anchored"
"AK4","HALLMARK_HYPOXIA","Hallmark",0.000999500249875062,9.75807515390371e-06,6.6532330594798e-07,3.78328173374613,TRUE,3,0.333333333333333,"HALLMARK_HYPOXIA",TRUE,"WT_heat_up","hypoxia_anchored"
"ANXA2","HALLMARK_HYPOXIA","Hallmark",0.000999500249875062,9.75807515390371e-06,6.6532330594798e-07,3.78328173374613,TRUE,8,0.125,"REACTOME_SIGNALING_BY_INTERLEUKINS",FALSE,"WT_heat_up","hypoxia_anchored"
"ATF3","HALLMARK_HYPOXIA","Hallmark",0.000999500249875062,9.75807515390371e-06,6.6532330594798e-07,3.78328173374613,TRUE,5,0.2,"HALLMARK_TNFA_SIGNALING_VIA_NFKB",FALSE,"WT_heat_up","hypoxia_anchored"
"CCN1","HALLMARK_HYPOXIA","Hallmark",0.000999500249875062,9.75807515390371e-06,6.6532330594798e-07,3.78328173374613,TRUE,4,0.25,"HALLMARK_TNFA_SIGNALING_VIA_NFKB",FALSE,"WT_heat_up","hypoxia_anchored"
"CDKN1A","HALLMARK_HYPOXIA","Hallmark",0.000999500249875062,9.75807515390371e-06,6.6532330594798e-07,3.78328173374613,TRUE,7,0.142857142857143,"HALLMARK_TNFA_SIGNALING_VIA_NFKB",FALSE,"WT_heat_up","hypoxia_anchored"
"EGFR","HALLMARK_HYPOXIA","Hallmark",0.000999500249875062,9.75807515390371e-06,6.6532330594798e-07,3.78328173374613,TRUE,4,0.25,"REACTOME_EGFR_DOWNREGULATION",FALSE,"WT_heat_up","hypoxia_anchored"
"F3","HALLMARK_HYPOXIA","Hallmark",0.000999500249875062,9.75807515390371e-06,6.6532330594798e-07,3.78328173374613,TRUE,7,0.142857142857143,"HALLMARK_TNFA_SIGNALING_VIA_NFKB",FALSE,"WT_heat_up","hypoxia_anchored"
"FOSL2","HALLMARK_HYPOXIA","Hallmark",0.000999500249875062,9.75807515390371e-06,6.6532330594798e-07,3.78328173374613,TRUE,4,0.25,"HALLMARK_TNFA_SIGNALING_VIA_NFKB",FALSE,"WT_heat_up","hypoxia_anchored"
"HK2","HALLMARK_HYPOXIA","Hallmark",0.000999500249875062,9.75807515390371e-06,6.6532330594798e-07,3.78328173374613,TRUE,3,0.333333333333333,"HALLMARK_HYPOXIA",TRUE,"WT_heat_up","hypoxia_anchored"
"IER3","HALLMARK_HYPOXIA","Hallmark",0.000999500249875062,9.75807515390371e-06,6.6532330594798e-07,3.78328173374613,TRUE,4,0.25,"HALLMARK_TNFA_SIGNALING_VIA_NFKB",FALSE,"WT_heat_up","hypoxia_anchored"
"P4HA2","HALLMARK_HYPOXIA","Hallmark",0.000999500249875062,9.75807515390371e-06,6.6532330594798e-07,3.78328173374613,TRUE,1,1,"HALLMARK_HYPOXIA",TRUE,"WT_heat_up","hypoxia_anchored"
"PDGFB","HALLMARK_HYPOXIA","Hallmark",0.000999500249875062,9.75807515390371e-06,6.6532330594798e-07,3.78328173374613,TRUE,6,0.166666666666667,"GOBP_TAXIS",FALSE,"WT_heat_up","hypoxia_anchored"
"PLAUR","HALLMARK_HYPOXIA","Hallmark",0.000999500249875062,9.75807515390371e-06,6.6532330594798e-07,3.78328173374613,TRUE,8,0.125,"HALLMARK_TNFA_SIGNALING_VIA_NFKB",FALSE,"WT_heat_up","hypoxia_anchored"
"SDC4","HALLMARK_HYPOXIA","Hallmark",0.000999500249875062,9.75807515390371e-06,6.6532330594798e-07,3.78328173374613,TRUE,5,0.2,"HALLMARK_TNFA_SIGNALING_VIA_NFKB",FALSE,"WT_heat_up","hypoxia_anchored"
"SERPINE1","HALLMARK_HYPOXIA","Hallmark",0.000999500249875062,9.75807515390371e-06,6.6532330594798e-07,3.78328173374613,TRUE,12,0.0833333333333333,"HALLMARK_TNFA_SIGNALING_VIA_NFKB",FALSE,"WT_heat_up","hypoxia_anchored"
"TGM2","HALLMARK_HYPOXIA","Hallmark",0.000999500249875062,9.75807515390371e-06,6.6532330594798e-07,3.78328173374613,TRUE,3,0.333333333333333,"HALLMARK_HYPOXIA",TRUE,"WT_heat_up","hypoxia_anchored"
"APLP1","HALLMARK_EPITHELIAL_MESENCHYMAL_TRANSITION","Hallmark",0.00149925037481259,0.000313579416705385,2.85072197004896e-05,3.54349627174814,TRUE,4,0.25,"GOBP_NEGATIVE_REGULATION_OF_G_PROTEIN_COUPLED_RECEPTOR_SIGNALING_PATHWAY",FALSE,"WT_heat_up","hypoxia_anchored"
"AREG","HALLMARK_EPITHELIAL_MESENCHYMAL_TRANSITION","Hallmark",0.00149925037481259,0.000313579416705385,2.85072197004896e-05,3.54349627174814,TRUE,7,0.142857142857143,"GOMF_CYTOKINE_ACTIVITY",FALSE,"WT_heat_up","hypoxia_anchored"
"CCN1","HALLMARK_EPITHELIAL_MESENCHYMAL_TRANSITION","Hallmark",0.00149925037481259,0.000313579416705385,2.85072197004896e-05,3.54349627174814,TRUE,4,0.25,"HALLMARK_TNFA_SIGNALING_VIA_NFKB",FALSE,"WT_heat_up","hypoxia_anchored"
"DAB2","HALLMARK_EPITHELIAL_MESENCHYMAL_TRANSITION","Hallmark",0.00149925037481259,0.000313579416705385,2.85072197004896e-05,3.54349627174814,TRUE,1,1,"HALLMARK_EPITHELIAL_MESENCHYMAL_TRANSITION",TRUE,"WT_heat_up","hypoxia_anchored"
"INHBA","HALLMARK_EPITHELIAL_MESENCHYMAL_TRANSITION","Hallmark",0.00149925037481259,0.000313579416705385,2.85072197004896e-05,3.54349627174814,TRUE,10,0.1,"GOMF_CYTOKINE_ACTIVITY",FALSE,"WT_heat_up","hypoxia_anchored"
"LAMC2","HALLMARK_EPITHELIAL_MESENCHYMAL_TRANSITION","Hallmark",0.00149925037481259,0.000313579416705385,2.85072197004896e-05,3.54349627174814,TRUE,3,0.333333333333333,"REACTOME_DEVELOPMENTAL_CELL_LINEAGES",FALSE,"WT_heat_up","hypoxia_anchored"
"PLAUR","HALLMARK_EPITHELIAL_MESENCHYMAL_TRANSITION","Hallmark",0.00149925037481259,0.000313579416705385,2.85072197004896e-05,3.54349627174814,TRUE,8,0.125,"HALLMARK_TNFA_SIGNALING_VIA_NFKB",FALSE,"WT_heat_up","hypoxia_anchored"
"SDC1","HALLMARK_EPITHELIAL_MESENCHYMAL_TRANSITION","Hallmark",0.00149925037481259,0.000313579416705385,2.85072197004896e-05,3.54349627174814,TRUE,5,0.2,"REACTOME_SIGNALING_BY_INTERLEUKINS",FALSE,"WT_heat_up","hypoxia_anchored"
"SDC4","HALLMARK_EPITHELIAL_MESENCHYMAL_TRANSITION","Hallmark",0.00149925037481259,0.000313579416705385,2.85072197004896e-05,3.54349627174814,TRUE,5,0.2,"HALLMARK_TNFA_SIGNALING_VIA_NFKB",FALSE,"WT_heat_up","hypoxia_anchored"
"SERPINE1","HALLMARK_EPITHELIAL_MESENCHYMAL_TRANSITION","Hallmark",0.00149925037481259,0.000313579416705385,2.85072197004896e-05,3.54349627174814,TRUE,12,0.0833333333333333,"HALLMARK_TNFA_SIGNALING_VIA_NFKB",FALSE,"WT_heat_up","hypoxia_anchored"
"SPP1","HALLMARK_EPITHELIAL_MESENCHYMAL_TRANSITION","Hallmark",0.00149925037481259,0.000313579416705385,2.85072197004896e-05,3.54349627174814,TRUE,5,0.2,"GOMF_CYTOKINE_ACTIVITY",FALSE,"WT_heat_up","hypoxia_anchored"
"TGM2","HALLMARK_EPITHELIAL_MESENCHYMAL_TRANSITION","Hallmark",0.00149925037481259,0.000313579416705385,2.85072197004896e-05,3.54349627174814,TRUE,3,0.333333333333333,"HALLMARK_HYPOXIA",FALSE,"WT_heat_up","hypoxia_anchored"
"TIMP1","HALLMARK_EPITHELIAL_MESENCHYMAL_TRANSITION","Hallmark",0.00149925037481259,0.000313579416705385,2.85072197004896e-05,3.54349627174814,TRUE,9,0.111111111111111,"GOMF_CYTOKINE_ACTIVITY",FALSE,"WT_heat_up","hypoxia_anchored"
"TNFRSF11B","HALLMARK_EPITHELIAL_MESENCHYMAL_TRANSITION","Hallmark",0.00149925037481259,0.000313579416705385,2.85072197004896e-05,3.54349627174814,TRUE,3,0.333333333333333,"GOMF_CYTOKINE_ACTIVITY",FALSE,"WT_heat_up","hypoxia_anchored"
"ATF3","HALLMARK_P53_PATHWAY","Hallmark",0.00449775112443778,0.00142562500121075,0.000162002841046676,2.88298206983328,TRUE,5,0.2,"HALLMARK_TNFA_SIGNALING_VIA_NFKB",FALSE,"WT_heat_up","hypoxia_anchored"
"CDKN1A","HALLMARK_P53_PATHWAY","Hallmark",0.00449775112443778,0.00142562500121075,0.000162002841046676,2.88298206983328,TRUE,7,0.142857142857143,"HALLMARK_TNFA_SIGNALING_VIA_NFKB",FALSE,"WT_heat_up","hypoxia_anchored"
"EPHA2","HALLMARK_P53_PATHWAY","Hallmark",0.00449775112443778,0.00142562500121075,0.000162002841046676,2.88298206983328,TRUE,3,0.333333333333333,"GOBP_TAXIS",FALSE,"WT_heat_up","hypoxia_anchored"
"HBEGF","HALLMARK_P53_PATHWAY","Hallmark",0.00449775112443778,0.00142562500121075,0.000162002841046676,2.88298206983328,TRUE,8,0.125,"HALLMARK_TNFA_SIGNALING_VIA_NFKB",FALSE,"WT_heat_up","hypoxia_anchored"
"IER3","HALLMARK_P53_PATHWAY","Hallmark",0.00449775112443778,0.00142562500121075,0.000162002841046676,2.88298206983328,TRUE,4,0.25,"HALLMARK_TNFA_SIGNALING_VIA_NFKB",FALSE,"WT_heat_up","hypoxia_anchored"
"IL1A","HALLMARK_P53_PATHWAY","Hallmark",0.00449775112443778,0.00142562500121075,0.000162002841046676,2.88298206983328,TRUE,9,0.111111111111111,"GOMF_CYTOKINE_ACTIVITY",FALSE,"WT_heat_up","hypoxia_anchored"
"PLK2","HALLMARK_P53_PATHWAY","Hallmark",0.00449775112443778,0.00142562500121075,0.000162002841046676,2.88298206983328,TRUE,4,0.25,"HALLMARK_TNFA_SIGNALING_VIA_NFKB",FALSE,"WT_heat_up","hypoxia_anchored"
"PLK3","HALLMARK_P53_PATHWAY","Hallmark",0.00449775112443778,0.00142562500121075,0.000162002841046676,2.88298206983328,TRUE,1,1,"HALLMARK_P53_PATHWAY",TRUE,"WT_heat_up","hypoxia_anchored"
"PLXNB2","HALLMARK_P53_PATHWAY","Hallmark",0.00449775112443778,0.00142562500121075,0.000162002841046676,2.88298206983328,TRUE,1,1,"HALLMARK_P53_PATHWAY",TRUE,"WT_heat_up","hypoxia_anchored"
"PROCR","HALLMARK_P53_PATHWAY","Hallmark",0.00449775112443778,0.00142562500121075,0.000162002841046676,2.88298206983328,TRUE,2,0.5,"GOBP_REGULATION_OF_COAGULATION",FALSE,"WT_heat_up","hypoxia_anchored"
"RGS16","HALLMARK_P53_PATHWAY","Hallmark",0.00449775112443778,0.00142562500121075,0.000162002841046676,2.88298206983328,TRUE,5,0.2,"HALLMARK_INFLAMMATORY_RESPONSE",FALSE,"WT_heat_up","hypoxia_anchored"
"SDC1","HALLMARK_P53_PATHWAY","Hallmark",0.00449775112443778,0.00142562500121075,0.000162002841046676,2.88298206983328,TRUE,5,0.2,"REACTOME_SIGNALING_BY_INTERLEUKINS",FALSE,"WT_heat_up","hypoxia_anchored"
"SPHK1","HALLMARK_P53_PATHWAY","Hallmark",0.00449775112443778,0.00142562500121075,0.000162002841046676,2.88298206983328,TRUE,4,0.25,"HALLMARK_TNFA_SIGNALING_VIA_NFKB",FALSE,"WT_heat_up","hypoxia_anchored"
"TNFSF9","HALLMARK_P53_PATHWAY","Hallmark",0.00449775112443778,0.00142562500121075,0.000162002841046676,2.88298206983328,TRUE,5,0.2,"GOMF_CYTOKINE_ACTIVITY",FALSE,"WT_heat_up","hypoxia_anchored"
"UPP1","HALLMARK_P53_PATHWAY","Hallmark",0.00449775112443778,0.00142562500121075,0.000162002841046676,2.88298206983328,TRUE,1,1,"HALLMARK_P53_PATHWAY",TRUE,"WT_heat_up","hypoxia_anchored"
"ADAM8","HALLMARK_KRAS_SIGNALING_UP","Hallmark",0.00549725137431284,0.0031644979385807,0.000431522446170095,2.9020825721593,TRUE,6,0.166666666666667,"GOBP_TAXIS",FALSE,"WT_heat_up","hypoxia_anchored"
"ALDH1A2","HALLMARK_KRAS_SIGNALING_UP","Hallmark",0.00549725137431284,0.0031644979385807,0.000431522446170095,2.9020825721593,TRUE,1,1,"HALLMARK_KRAS_SIGNALING_UP",TRUE,"WT_heat_up","hypoxia_anchored"
"ANO1","HALLMARK_KRAS_SIGNALING_UP","Hallmark",0.00549725137431284,0.0031644979385807,0.000431522446170095,2.9020825721593,TRUE,1,1,"HALLMARK_KRAS_SIGNALING_UP",TRUE,"WT_heat_up","hypoxia_anchored"
"CCL20","HALLMARK_KRAS_SIGNALING_UP","Hallmark",0.00549725137431284,0.0031644979385807,0.000431522446170095,2.9020825721593,TRUE,11,0.0909090909090909,"GOMF_CYTOKINE_ACTIVITY",FALSE,"WT_heat_up","hypoxia_anchored"
"CSF2","HALLMARK_KRAS_SIGNALING_UP","Hallmark",0.00549725137431284,0.0031644979385807,0.000431522446170095,2.9020825721593,TRUE,7,0.142857142857143,"GOMF_CYTOKINE_ACTIVITY",FALSE,"WT_heat_up","hypoxia_anchored"
"GFPT2","HALLMARK_KRAS_SIGNALING_UP","Hallmark",0.00549725137431284,0.0031644979385807,0.000431522446170095,2.9020825721593,TRUE,2,0.5,"HALLMARK_TNFA_SIGNALING_VIA_NFKB",FALSE,"WT_heat_up","hypoxia_anchored"
"HBEGF","HALLMARK_KRAS_SIGNALING_UP","Hallmark",0.00549725137431284,0.0031644979385807,0.000431522446170095,2.9020825721593,TRUE,8,0.125,"HALLMARK_TNFA_SIGNALING_VIA_NFKB",FALSE,"WT_heat_up","hypoxia_anchored"
"INHBA","HALLMARK_KRAS_SIGNALING_UP","Hallmark",0.00549725137431284,0.0031644979385807,0.000431522446170095,2.9020825721593,TRUE,10,0.1,"GOMF_CYTOKINE_ACTIVITY",FALSE,"WT_heat_up","hypoxia_anchored"
"PLAUR","HALLMARK_KRAS_SIGNALING_UP","Hallmark",0.00549725137431284,0.0031644979385807,0.000431522446170095,2.9020825721593,TRUE,8,0.125,"HALLMARK_TNFA_SIGNALING_VIA_NFKB",FALSE,"WT_heat_up","hypoxia_anchored"
"PLEK2","HALLMARK_KRAS_SIGNALING_UP","Hallmark",0.00549725137431284,0.0031644979385807,0.000431522446170095,2.9020825721593,TRUE,1,1,"HALLMARK_KRAS_SIGNALING_UP",TRUE,"WT_heat_up","hypoxia_anchored"
"PTGS2","HALLMARK_KRAS_SIGNALING_UP","Hallmark",0.00549725137431284,0.0031644979385807,0.000431522446170095,2.9020825721593,TRUE,8,0.125,"HALLMARK_TNFA_SIGNALING_VIA_NFKB",FALSE,"WT_heat_up","hypoxia_anchored"
"RGS16","HALLMARK_KRAS_SIGNALING_UP","Hallmark",0.00549725137431284,0.0031644979385807,0.000431522446170095,2.9020825721593,TRUE,5,0.2,"HALLMARK_INFLAMMATORY_RESPONSE",FALSE,"WT_heat_up","hypoxia_anchored"
"SPP1","HALLMARK_KRAS_SIGNALING_UP","Hallmark",0.00549725137431284,0.0031644979385807,0.000431522446170095,2.9020825721593,TRUE,5,0.2,"GOMF_CYTOKINE_ACTIVITY",FALSE,"WT_heat_up","hypoxia_anchored"
"APLP1","HALLMARK_IL2_STAT5_SIGNALING","Hallmark",0.0299850074962519,0.00591757150581644,0.000941431830470797,2.55419528217378,TRUE,4,0.25,"GOBP_NEGATIVE_REGULATION_OF_G_PROTEIN_COUPLED_RECEPTOR_SIGNALING_PATHWAY",FALSE,"WT_heat_up","hypoxia_anchored"
"BATF3","HALLMARK_IL2_STAT5_SIGNALING","Hallmark",0.0299850074962519,0.00591757150581644,0.000941431830470797,2.55419528217378,TRUE,1,1,"HALLMARK_IL2_STAT5_SIGNALING",TRUE,"WT_heat_up","hypoxia_anchored"
"CD83","HALLMARK_IL2_STAT5_SIGNALING","Hallmark",0.0299850074962519,0.00591757150581644,0.000941431830470797,2.55419528217378,TRUE,2,0.5,"HALLMARK_TNFA_SIGNALING_VIA_NFKB",FALSE,"WT_heat_up","hypoxia_anchored"
"CSF2","HALLMARK_IL2_STAT5_SIGNALING","Hallmark",0.0299850074962519,0.00591757150581644,0.000941431830470797,2.55419528217378,TRUE,7,0.142857142857143,"GOMF_CYTOKINE_ACTIVITY",FALSE,"WT_heat_up","hypoxia_anchored"
"EOMES","HALLMARK_IL2_STAT5_SIGNALING","Hallmark",0.0299850074962519,0.00591757150581644,0.000941431830470797,2.55419528217378,TRUE,1,1,"HALLMARK_IL2_STAT5_SIGNALING",TRUE,"WT_heat_up","hypoxia_anchored"
"FAH","HALLMARK_IL2_STAT5_SIGNALING","Hallmark",0.0299850074962519,0.00591757150581644,0.000941431830470797,2.55419528217378,TRUE,1,1,"HALLMARK_IL2_STAT5_SIGNALING",TRUE,"WT_heat_up","hypoxia_anchored"
"HK2","HALLMARK_IL2_STAT5_SIGNALING","Hallmark",0.0299850074962519,0.00591757150581644,0.000941431830470797,2.55419528217378,TRUE,3,0.333333333333333,"HALLMARK_HYPOXIA",FALSE,"WT_heat_up","hypoxia_anchored"
"IRF6","HALLMARK_IL2_STAT5_SIGNALING","Hallmark",0.0299850074962519,0.00591757150581644,0.000941431830470797,2.55419528217378,TRUE,2,0.5,"GOMF_DNA_BINDING_TRANSCRIPTION_ACTIVATOR_ACTIVITY",FALSE,"WT_heat_up","hypoxia_anchored"
"PTGER2","HALLMARK_IL2_STAT5_SIGNALING","Hallmark",0.0299850074962519,0.00591757150581644,0.000941431830470797,2.55419528217378,TRUE,3,0.333333333333333,"HALLMARK_INFLAMMATORY_RESPONSE",FALSE,"WT_heat_up","hypoxia_anchored"
"RGS16","HALLMARK_IL2_STAT5_SIGNALING","Hallmark",0.0299850074962519,0.00591757150581644,0.000941431830470797,2.55419528217378,TRUE,5,0.2,"HALLMARK_INFLAMMATORY_RESPONSE",FALSE,"WT_heat_up","hypoxia_anchored"
"SCN9A","HALLMARK_IL2_STAT5_SIGNALING","Hallmark",0.0299850074962519,0.00591757150581644,0.000941431830470797,2.55419528217378,TRUE,1,1,"HALLMARK_IL2_STAT5_SIGNALING",TRUE,"WT_heat_up","hypoxia_anchored"
"SPP1","HALLMARK_IL2_STAT5_SIGNALING","Hallmark",0.0299850074962519,0.00591757150581644,0.000941431830470797,2.55419528217378,TRUE,5,0.2,"GOMF_CYTOKINE_ACTIVITY",FALSE,"WT_heat_up","hypoxia_anchored"
"TGM2","HALLMARK_IL2_STAT5_SIGNALING","Hallmark",0.0299850074962519,0.00591757150581644,0.000941431830470797,2.55419528217378,TRUE,3,0.333333333333333,"HALLMARK_HYPOXIA",FALSE,"WT_heat_up","hypoxia_anchored"
"TNFSF11","HALLMARK_IL2_STAT5_SIGNALING","Hallmark",0.0299850074962519,0.00591757150581644,0.000941431830470797,2.55419528217378,TRUE,6,0.166666666666667,"GOMF_CYTOKINE_ACTIVITY",FALSE,"WT_heat_up","hypoxia_anchored"
"C3","HALLMARK_COAGULATION","Hallmark",0.0144927536231884,0.0197200426040843,0.00448182786456462,3.0266253869969,TRUE,8,0.125,"GOMF_CYTOKINE_ACTIVITY",FALSE,"WT_heat_up","hypoxia_anchored"
"CLU","HALLMARK_COAGULATION","Hallmark",0.0144927536231884,0.0197200426040843,0.00448182786456462,3.0266253869969,TRUE,1,1,"HALLMARK_COAGULATION",TRUE,"WT_heat_up","hypoxia_anchored"
"F3","HALLMARK_COAGULATION","Hallmark",0.0144927536231884,0.0197200426040843,0.00448182786456462,3.0266253869969,TRUE,7,0.142857142857143,"HALLMARK_TNFA_SIGNALING_VIA_NFKB",FALSE,"WT_heat_up","hypoxia_anchored"
"OLR1","HALLMARK_COAGULATION","Hallmark",0.0144927536231884,0.0197200426040843,0.00448182786456462,3.0266253869969,TRUE,3,0.333333333333333,"HALLMARK_TNFA_SIGNALING_VIA_NFKB",FALSE,"WT_heat_up","hypoxia_anchored"
"PDGFB","HALLMARK_COAGULATION","Hallmark",0.0144927536231884,0.0197200426040843,0.00448182786456462,3.0266253869969,TRUE,6,0.166666666666667,"GOBP_TAXIS",FALSE,"WT_heat_up","hypoxia_anchored"
"PLEK","HALLMARK_COAGULATION","Hallmark",0.0144927536231884,0.0197200426040843,0.00448182786456462,3.0266253869969,TRUE,3,0.333333333333333,"HALLMARK_TNFA_SIGNALING_VIA_NFKB",FALSE,"WT_heat_up","hypoxia_anchored"
"SERPINE1","HALLMARK_COAGULATION","Hallmark",0.0144927536231884,0.0197200426040843,0.00448182786456462,3.0266253869969,TRUE,12,0.0833333333333333,"HALLMARK_TNFA_SIGNALING_VIA_NFKB",FALSE,"WT_heat_up","hypoxia_anchored"
"TIMP1","HALLMARK_COAGULATION","Hallmark",0.0144927536231884,0.0197200426040843,0.00448182786456462,3.0266253869969,TRUE,9,0.111111111111111,"GOMF_CYTOKINE_ACTIVITY",FALSE,"WT_heat_up","hypoxia_anchored"
"ADAM8","GOBP_TAXIS","GO_BP",0.000499750124937531,1.1623916324849e-05,6.28222890811767e-09,4.16447433002847,TRUE,6,0.166666666666667,"GOBP_TAXIS",TRUE,"WT_heat_up","hypoxia_anchored"
"C3","GOBP_TAXIS","GO_BP",0.000499750124937531,1.1623916324849e-05,6.28222890811767e-09,4.16447433002847,TRUE,8,0.125,"GOMF_CYTOKINE_ACTIVITY",FALSE,"WT_heat_up","hypoxia_anchored"
"CALCA","GOBP_TAXIS","GO_BP",0.000499750124937531,1.1623916324849e-05,6.28222890811767e-09,4.16447433002847,TRUE,5,0.2,"GOBP_TAXIS",TRUE,"WT_heat_up","hypoxia_anchored"
"CCL20","GOBP_TAXIS","GO_BP",0.000499750124937531,1.1623916324849e-05,6.28222890811767e-09,4.16447433002847,TRUE,11,0.0909090909090909,"GOMF_CYTOKINE_ACTIVITY",FALSE,"WT_heat_up","hypoxia_anchored"
"CCL22","GOBP_TAXIS","GO_BP",0.000499750124937531,1.1623916324849e-05,6.28222890811767e-09,4.16447433002847,TRUE,11,0.0909090909090909,"GOMF_CYTOKINE_ACTIVITY",FALSE,"WT_heat_up","hypoxia_anchored"
"CCL3","GOBP_TAXIS","GO_BP",0.000499750124937531,1.1623916324849e-05,6.28222890811767e-09,4.16447433002847,TRUE,10,0.1,"GOMF_CYTOKINE_ACTIVITY",FALSE,"WT_heat_up","hypoxia_anchored"
"CCL4","GOBP_TAXIS","GO_BP",0.000499750124937531,1.1623916324849e-05,6.28222890811767e-09,4.16447433002847,TRUE,10,0.1,"GOMF_CYTOKINE_ACTIVITY",FALSE,"WT_heat_up","hypoxia_anchored"
"CCN1","GOBP_TAXIS","GO_BP",0.000499750124937531,1.1623916324849e-05,6.28222890811767e-09,4.16447433002847,TRUE,4,0.25,"HALLMARK_TNFA_SIGNALING_VIA_NFKB",FALSE,"WT_heat_up","hypoxia_anchored"
"EGR3","GOBP_TAXIS","GO_BP",0.000499750124937531,1.1623916324849e-05,6.28222890811767e-09,4.16447433002847,TRUE,4,0.25,"HALLMARK_TNFA_SIGNALING_VIA_NFKB",FALSE,"WT_heat_up","hypoxia_anchored"
"EPHA2","GOBP_TAXIS","GO_BP",0.000499750124937531,1.1623916324849e-05,6.28222890811767e-09,4.16447433002847,TRUE,3,0.333333333333333,"GOBP_TAXIS",TRUE,"WT_heat_up","hypoxia_anchored"
"F3","GOBP_TAXIS","GO_BP",0.000499750124937531,1.1623916324849e-05,6.28222890811767e-09,4.16447433002847,TRUE,7,0.142857142857143,"HALLMARK_TNFA_SIGNALING_VIA_NFKB",FALSE,"WT_heat_up","hypoxia_anchored"
"FOSL1","GOBP_TAXIS","GO_BP",0.000499750124937531,1.1623916324849e-05,6.28222890811767e-09,4.16447433002847,TRUE,3,0.333333333333333,"HALLMARK_TNFA_SIGNALING_VIA_NFKB",FALSE,"WT_heat_up","hypoxia_anchored"
"GPR183","GOBP_TAXIS","GO_BP",0.000499750124937531,1.1623916324849e-05,6.28222890811767e-09,4.16447433002847,TRUE,4,0.25,"HALLMARK_TNFA_SIGNALING_VIA_NFKB",FALSE,"WT_heat_up","hypoxia_anchored"
"HBEGF","GOBP_TAXIS","GO_BP",0.000499750124937531,1.1623916324849e-05,6.28222890811767e-09,4.16447433002847,TRUE,8,0.125,"HALLMARK_TNFA_SIGNALING_VIA_NFKB",FALSE,"WT_heat_up","hypoxia_anchored"
"IL23A","GOBP_TAXIS","GO_BP",0.000499750124937531,1.1623916324849e-05,6.28222890811767e-09,4.16447433002847,TRUE,6,0.166666666666667,"GOMF_CYTOKINE_ACTIVITY",FALSE,"WT_heat_up","hypoxia_anchored"
"NR4A1","GOBP_TAXIS","GO_BP",0.000499750124937531,1.1623916324849e-05,6.28222890811767e-09,4.16447433002847,TRUE,5,0.2,"HALLMARK_TNFA_SIGNALING_VIA_NFKB",FALSE,"WT_heat_up","hypoxia_anchored"
"PDGFB","GOBP_TAXIS","GO_BP",0.000499750124937531,1.1623916324849e-05,6.28222890811767e-09,4.16447433002847,TRUE,6,0.166666666666667,"GOBP_TAXIS",TRUE,"WT_heat_up","hypoxia_anchored"
"PLAUR","GOBP_TAXIS","GO_BP",0.000499750124937531,1.1623916324849e-05,6.28222890811767e-09,4.16447433002847,TRUE,8,0.125,"HALLMARK_TNFA_SIGNALING_VIA_NFKB",FALSE,"WT_heat_up","hypoxia_anchored"
"SEMA4A","GOBP_TAXIS","GO_BP",0.000499750124937531,1.1623916324849e-05,6.28222890811767e-09,4.16447433002847,TRUE,2,0.5,"GOBP_TAXIS",TRUE,"WT_heat_up","hypoxia_anchored"
"SERPINE1","GOBP_TAXIS","GO_BP",0.000499750124937531,1.1623916324849e-05,6.28222890811767e-09,4.16447433002847,TRUE,12,0.0833333333333333,"HALLMARK_TNFA_SIGNALING_VIA_NFKB",FALSE,"WT_heat_up","hypoxia_anchored"
"TNFSF11","GOBP_TAXIS","GO_BP",0.000499750124937531,1.1623916324849e-05,6.28222890811767e-09,4.16447433002847,TRUE,6,0.166666666666667,"GOMF_CYTOKINE_ACTIVITY",FALSE,"WT_heat_up","hypoxia_anchored"
"TNFSF14","GOBP_TAXIS","GO_BP",0.000499750124937531,1.1623916324849e-05,6.28222890811767e-09,4.16447433002847,TRUE,5,0.2,"GOMF_CYTOKINE_ACTIVITY",FALSE,"WT_heat_up","hypoxia_anchored"
"WNT3","GOBP_TAXIS","GO_BP",0.000499750124937531,1.1623916324849e-05,6.28222890811767e-09,4.16447433002847,TRUE,3,0.333333333333333,"GOMF_CYTOKINE_ACTIVITY",FALSE,"WT_heat_up","hypoxia_anchored"
"ADAM8","GOBP_REGULATION_OF_INFLAMMATORY_RESPONSE","GO_BP",0.000499750124937531,1.1623916324849e-05,8.8093340847662e-09,4.09098360655738,TRUE,6,0.166666666666667,"GOBP_TAXIS",FALSE,"WT_heat_up","hypoxia_anchored"
"ADORA2A","GOBP_REGULATION_OF_INFLAMMATORY_RESPONSE","GO_BP",0.000499750124937531,1.1623916324849e-05,8.8093340847662e-09,4.09098360655738,TRUE,4,0.25,"GOBP_REGULATION_OF_INFLAMMATORY_RESPONSE",TRUE,"WT_heat_up","hypoxia_anchored"
"ADORA2B","GOBP_REGULATION_OF_INFLAMMATORY_RESPONSE","GO_BP",0.000499750124937531,1.1623916324849e-05,8.8093340847662e-09,4.09098360655738,TRUE,4,0.25,"HALLMARK_INFLAMMATORY_RESPONSE",FALSE,"WT_heat_up","hypoxia_anchored"
"BCL6B","GOBP_REGULATION_OF_INFLAMMATORY_RESPONSE","GO_BP",0.000499750124937531,1.1623916324849e-05,8.8093340847662e-09,4.09098360655738,TRUE,1,1,"GOBP_REGULATION_OF_INFLAMMATORY_RESPONSE",TRUE,"WT_heat_up","hypoxia_anchored"
"C3","GOBP_REGULATION_OF_INFLAMMATORY_RESPONSE","GO_BP",0.000499750124937531,1.1623916324849e-05,8.8093340847662e-09,4.09098360655738,TRUE,8,0.125,"GOMF_CYTOKINE_ACTIVITY",FALSE,"WT_heat_up","hypoxia_anchored"
"CAMK2N1","GOBP_REGULATION_OF_INFLAMMATORY_RESPONSE","GO_BP",0.000499750124937531,1.1623916324849e-05,8.8093340847662e-09,4.09098360655738,TRUE,1,1,"GOBP_REGULATION_OF_INFLAMMATORY_RESPONSE",TRUE,"WT_heat_up","hypoxia_anchored"
"CCL3","GOBP_REGULATION_OF_INFLAMMATORY_RESPONSE","GO_BP",0.000499750124937531,1.1623916324849e-05,8.8093340847662e-09,4.09098360655738,TRUE,10,0.1,"GOMF_CYTOKINE_ACTIVITY",FALSE,"WT_heat_up","hypoxia_anchored"
"CD200","GOBP_REGULATION_OF_INFLAMMATORY_RESPONSE","GO_BP",0.000499750124937531,1.1623916324849e-05,8.8093340847662e-09,4.09098360655738,TRUE,1,1,"GOBP_REGULATION_OF_INFLAMMATORY_RESPONSE",TRUE,"WT_heat_up","hypoxia_anchored"
"DAGLA","GOBP_REGULATION_OF_INFLAMMATORY_RESPONSE","GO_BP",0.000499750124937531,1.1623916324849e-05,8.8093340847662e-09,4.09098360655738,TRUE,1,1,"GOBP_REGULATION_OF_INFLAMMATORY_RESPONSE",TRUE,"WT_heat_up","hypoxia_anchored"
"IER3","GOBP_REGULATION_OF_INFLAMMATORY_RESPONSE","GO_BP",0.000499750124937531,1.1623916324849e-05,8.8093340847662e-09,4.09098360655738,TRUE,4,0.25,"HALLMARK_TNFA_SIGNALING_VIA_NFKB",FALSE,"WT_heat_up","hypoxia_anchored"
"IL1A","GOBP_REGULATION_OF_INFLAMMATORY_RESPONSE","GO_BP",0.000499750124937531,1.1623916324849e-05,8.8093340847662e-09,4.09098360655738,TRUE,9,0.111111111111111,"GOMF_CYTOKINE_ACTIVITY",FALSE,"WT_heat_up","hypoxia_anchored"
"IL1RN","GOBP_REGULATION_OF_INFLAMMATORY_RESPONSE","GO_BP",0.000499750124937531,1.1623916324849e-05,8.8093340847662e-09,4.09098360655738,TRUE,4,0.25,"GOMF_CYTOKINE_ACTIVITY",FALSE,"WT_heat_up","hypoxia_anchored"
"IL2","GOBP_REGULATION_OF_INFLAMMATORY_RESPONSE","GO_BP",0.000499750124937531,1.1623916324849e-05,8.8093340847662e-09,4.09098360655738,TRUE,6,0.166666666666667,"GOMF_CYTOKINE_ACTIVITY",FALSE,"WT_heat_up","hypoxia_anchored"
"IL23A","GOBP_REGULATION_OF_INFLAMMATORY_RESPONSE","GO_BP",0.000499750124937531,1.1623916324849e-05,8.8093340847662e-09,4.09098360655738,TRUE,6,0.166666666666667,"GOMF_CYTOKINE_ACTIVITY",FALSE,"WT_heat_up","hypoxia_anchored"
"LTA","GOBP_REGULATION_OF_INFLAMMATORY_RESPONSE","GO_BP",0.000499750124937531,1.1623916324849e-05,8.8093340847662e-09,4.09098360655738,TRUE,7,0.142857142857143,"GOMF_CYTOKINE_ACTIVITY",FALSE,"WT_heat_up","hypoxia_anchored"
"NR4A3","GOBP_REGULATION_OF_INFLAMMATORY_RESPONSE","GO_BP",0.000499750124937531,1.1623916324849e-05,8.8093340847662e-09,4.09098360655738,TRUE,5,0.2,"HALLMARK_TNFA_SIGNALING_VIA_NFKB",FALSE,"WT_heat_up","hypoxia_anchored"
"PIK3AP1","GOBP_REGULATION_OF_INFLAMMATORY_RESPONSE","GO_BP",0.000499750124937531,1.1623916324849e-05,8.8093340847662e-09,4.09098360655738,TRUE,2,0.5,"GOBP_REGULATION_OF_INFLAMMATORY_RESPONSE",TRUE,"WT_heat_up","hypoxia_anchored"
"PLK2","GOBP_REGULATION_OF_INFLAMMATORY_RESPONSE","GO_BP",0.000499750124937531,1.1623916324849e-05,8.8093340847662e-09,4.09098360655738,TRUE,4,0.25,"HALLMARK_TNFA_SIGNALING_VIA_NFKB",FALSE,"WT_heat_up","hypoxia_anchored"
"PTGS2","GOBP_REGULATION_OF_INFLAMMATORY_RESPONSE","GO_BP",0.000499750124937531,1.1623916324849e-05,8.8093340847662e-09,4.09098360655738,TRUE,8,0.125,"HALLMARK_TNFA_SIGNALING_VIA_NFKB",FALSE,"WT_heat_up","hypoxia_anchored"
"SERPINE1","GOBP_REGULATION_OF_INFLAMMATORY_RESPONSE","GO_BP",0.000499750124937531,1.1623916324849e-05,8.8093340847662e-09,4.09098360655738,TRUE,12,0.0833333333333333,"HALLMARK_TNFA_SIGNALING_VIA_NFKB",FALSE,"WT_heat_up","hypoxia_anchored"
"SPHK1","GOBP_REGULATION_OF_INFLAMMATORY_RESPONSE","GO_BP",0.000499750124937531,1.1623916324849e-05,8.8093340847662e-09,4.09098360655738,TRUE,4,0.25,"HALLMARK_TNFA_SIGNALING_VIA_NFKB",FALSE,"WT_heat_up","hypoxia_anchored"
"TNFSF11","GOBP_REGULATION_OF_INFLAMMATORY_RESPONSE","GO_BP",0.000499750124937531,1.1623916324849e-05,8.8093340847662e-09,4.09098360655738,TRUE,6,0.166666666666667,"GOMF_CYTOKINE_ACTIVITY",FALSE,"WT_heat_up","hypoxia_anchored"
"TNFSF14","GOBP_REGULATION_OF_INFLAMMATORY_RESPONSE","GO_BP",0.000499750124937531,1.1623916324849e-05,8.8093340847662e-09,4.09098360655738,TRUE,5,0.2,"GOMF_CYTOKINE_ACTIVITY",FALSE,"WT_heat_up","hypoxia_anchored"
"ADM","GOBP_NEGATIVE_REGULATION_OF_G_PROTEIN_COUPLED_RECEPTOR_SIGNALING_PATHWAY","GO_BP",0.000499750124937531,0.00054885500731485,1.66382722945009e-06,9.48633879781421,TRUE,6,0.166666666666667,"HALLMARK_INFLAMMATORY_RESPONSE",FALSE,"WT_heat_up","hypoxia_anchored"
"APLP1","GOBP_NEGATIVE_REGULATION_OF_G_PROTEIN_COUPLED_RECEPTOR_SIGNALING_PATHWAY","GO_BP",0.000499750124937531,0.00054885500731485,1.66382722945009e-06,9.48633879781421,TRUE,4,0.25,"GOBP_NEGATIVE_REGULATION_OF_G_PROTEIN_COUPLED_RECEPTOR_SIGNALING_PATHWAY",TRUE,"WT_heat_up","hypoxia_anchored"
"ATP2B4","GOBP_NEGATIVE_REGULATION_OF_G_PROTEIN_COUPLED_RECEPTOR_SIGNALING_PATHWAY","GO_BP",0.000499750124937531,0.00054885500731485,1.66382722945009e-06,9.48633879781421,TRUE,2,0.5,"GOBP_NEGATIVE_REGULATION_OF_G_PROTEIN_COUPLED_RECEPTOR_SIGNALING_PATHWAY",TRUE,"WT_heat_up","hypoxia_anchored"
"BICD1","GOBP_NEGATIVE_REGULATION_OF_G_PROTEIN_COUPLED_RECEPTOR_SIGNALING_PATHWAY","GO_BP",0.000499750124937531,0.00054885500731485,1.66382722945009e-06,9.48633879781421,TRUE,2,0.5,"GOBP_NEGATIVE_REGULATION_OF_G_PROTEIN_COUPLED_RECEPTOR_SIGNALING_PATHWAY",TRUE,"WT_heat_up","hypoxia_anchored"
"CALCA","GOBP_NEGATIVE_REGULATION_OF_G_PROTEIN_COUPLED_RECEPTOR_SIGNALING_PATHWAY","GO_BP",0.000499750124937531,0.00054885500731485,1.66382722945009e-06,9.48633879781421,TRUE,5,0.2,"GOBP_TAXIS",FALSE,"WT_heat_up","hypoxia_anchored"
"PLEK","GOBP_NEGATIVE_REGULATION_OF_G_PROTEIN_COUPLED_RECEPTOR_SIGNALING_PATHWAY","GO_BP",0.000499750124937531,0.00054885500731485,1.66382722945009e-06,9.48633879781421,TRUE,3,0.333333333333333,"HALLMARK_TNFA_SIGNALING_VIA_NFKB",FALSE,"WT_heat_up","hypoxia_anchored"
"RGS16","GOBP_NEGATIVE_REGULATION_OF_G_PROTEIN_COUPLED_RECEPTOR_SIGNALING_PATHWAY","GO_BP",0.000499750124937531,0.00054885500731485,1.66382722945009e-06,9.48633879781421,TRUE,5,0.2,"HALLMARK_INFLAMMATORY_RESPONSE",FALSE,"WT_heat_up","hypoxia_anchored"
"SERPINE1","GOBP_NEGATIVE_REGULATION_OF_G_PROTEIN_COUPLED_RECEPTOR_SIGNALING_PATHWAY","GO_BP",0.000499750124937531,0.00054885500731485,1.66382722945009e-06,9.48633879781421,TRUE,12,0.0833333333333333,"HALLMARK_TNFA_SIGNALING_VIA_NFKB",FALSE,"WT_heat_up","hypoxia_anchored"
"ATP2B4","GOBP_NEGATIVE_REGULATION_OF_VASCULATURE_DEVELOPMENT","GO_BP",0.000499750124937531,0.00139945257282442,1.06059308285291e-05,6.40327868852459,TRUE,2,0.5,"GOBP_NEGATIVE_REGULATION_OF_G_PROTEIN_COUPLED_RECEPTOR_SIGNALING_PATHWAY",FALSE,"WT_heat_up","hypoxia_anchored"
"EPHA2","GOBP_NEGATIVE_REGULATION_OF_VASCULATURE_DEVELOPMENT","GO_BP",0.000499750124937531,0.00139945257282442,1.06059308285291e-05,6.40327868852459,TRUE,3,0.333333333333333,"GOBP_TAXIS",FALSE,"WT_heat_up","hypoxia_anchored"
"EPN2","GOBP_NEGATIVE_REGULATION_OF_VASCULATURE_DEVELOPMENT","GO_BP",0.000499750124937531,0.00139945257282442,1.06059308285291e-05,6.40327868852459,TRUE,1,1,"GOBP_NEGATIVE_REGULATION_OF_VASCULATURE_DEVELOPMENT",TRUE,"WT_heat_up","hypoxia_anchored"
"FASLG","GOBP_NEGATIVE_REGULATION_OF_VASCULATURE_DEVELOPMENT","GO_BP",0.000499750124937531,0.00139945257282442,1.06059308285291e-05,6.40327868852459,TRUE,7,0.142857142857143,"GOMF_CYTOKINE_ACTIVITY",FALSE,"WT_heat_up","hypoxia_anchored"
"HSPG2","GOBP_NEGATIVE_REGULATION_OF_VASCULATURE_DEVELOPMENT","GO_BP",0.000499750124937531,0.00139945257282442,1.06059308285291e-05,6.40327868852459,TRUE,3,0.333333333333333,"GOBP_NEGATIVE_REGULATION_OF_VASCULATURE_DEVELOPMENT",TRUE,"WT_heat_up","hypoxia_anchored"
"IL17F","GOBP_NEGATIVE_REGULATION_OF_VASCULATURE_DEVELOPMENT","GO_BP",0.000499750124937531,0.00139945257282442,1.06059308285291e-05,6.40327868852459,TRUE,5,0.2,"GOMF_CYTOKINE_ACTIVITY",FALSE,"WT_heat_up","hypoxia_anchored"
"PLK2","GOBP_NEGATIVE_REGULATION_OF_VASCULATURE_DEVELOPMENT","GO_BP",0.000499750124937531,0.00139945257282442,1.06059308285291e-05,6.40327868852459,TRUE,4,0.25,"HALLMARK_TNFA_SIGNALING_VIA_NFKB",FALSE,"WT_heat_up","hypoxia_anchored"
"SEMA4A","GOBP_NEGATIVE_REGULATION_OF_VASCULATURE_DEVELOPMENT","GO_BP",0.000499750124937531,0.00139945257282442,1.06059308285291e-05,6.40327868852459,TRUE,2,0.5,"GOBP_TAXIS",FALSE,"WT_heat_up","hypoxia_anchored"
"SERPINE1","GOBP_NEGATIVE_REGULATION_OF_VASCULATURE_DEVELOPMENT","GO_BP",0.000499750124937531,0.00139945257282442,1.06059308285291e-05,6.40327868852459,TRUE,12,0.0833333333333333,"HALLMARK_TNFA_SIGNALING_VIA_NFKB",FALSE,"WT_heat_up","hypoxia_anchored"
"ATF3","GOBP_POSITIVE_REGULATION_OF_EXTRINSIC_APOPTOTIC_SIGNALING_PATHWAY","GO_BP",0.000499750124937531,0.00189467838689025,1.65129226595209e-05,8.46655737704918,TRUE,5,0.2,"HALLMARK_TNFA_SIGNALING_VIA_NFKB",FALSE,"WT_heat_up","hypoxia_anchored"
"CD40LG","GOBP_POSITIVE_REGULATION_OF_EXTRINSIC_APOPTOTIC_SIGNALING_PATHWAY","GO_BP",0.000499750124937531,0.00189467838689025,1.65129226595209e-05,8.46655737704918,TRUE,2,0.5,"GOMF_CYTOKINE_ACTIVITY",FALSE,"WT_heat_up","hypoxia_anchored"
"FASLG","GOBP_POSITIVE_REGULATION_OF_EXTRINSIC_APOPTOTIC_SIGNALING_PATHWAY","GO_BP",0.000499750124937531,0.00189467838689025,1.65129226595209e-05,8.46655737704918,TRUE,7,0.142857142857143,"GOMF_CYTOKINE_ACTIVITY",FALSE,"WT_heat_up","hypoxia_anchored"
"INHBA","GOBP_POSITIVE_REGULATION_OF_EXTRINSIC_APOPTOTIC_SIGNALING_PATHWAY","GO_BP",0.000499750124937531,0.00189467838689025,1.65129226595209e-05,8.46655737704918,TRUE,10,0.1,"GOMF_CYTOKINE_ACTIVITY",FALSE,"WT_heat_up","hypoxia_anchored"
"LTA","GOBP_POSITIVE_REGULATION_OF_EXTRINSIC_APOPTOTIC_SIGNALING_PATHWAY","GO_BP",0.000499750124937531,0.00189467838689025,1.65129226595209e-05,8.46655737704918,TRUE,7,0.142857142857143,"GOMF_CYTOKINE_ACTIVITY",FALSE,"WT_heat_up","hypoxia_anchored"
"TNFSF11","GOBP_POSITIVE_REGULATION_OF_EXTRINSIC_APOPTOTIC_SIGNALING_PATHWAY","GO_BP",0.000499750124937531,0.00189467838689025,1.65129226595209e-05,8.46655737704918,TRUE,6,0.166666666666667,"GOMF_CYTOKINE_ACTIVITY",FALSE,"WT_heat_up","hypoxia_anchored"
"TNFSF14","GOBP_POSITIVE_REGULATION_OF_EXTRINSIC_APOPTOTIC_SIGNALING_PATHWAY","GO_BP",0.000499750124937531,0.00189467838689025,1.65129226595209e-05,8.46655737704918,TRUE,5,0.2,"GOMF_CYTOKINE_ACTIVITY",FALSE,"WT_heat_up","hypoxia_anchored"
"ANXA2","GOBP_REGULATION_OF_COAGULATION","GO_BP",0.000499750124937531,0.00235742556730875,2.76923806694094e-05,7.83940497874924,TRUE,8,0.125,"REACTOME_SIGNALING_BY_INTERLEUKINS",FALSE,"WT_heat_up","hypoxia_anchored"
"EMILIN2","GOBP_REGULATION_OF_COAGULATION","GO_BP",0.000499750124937531,0.00235742556730875,2.76923806694094e-05,7.83940497874924,TRUE,1,1,"GOBP_REGULATION_OF_COAGULATION",TRUE,"WT_heat_up","hypoxia_anchored"
"F3","GOBP_REGULATION_OF_COAGULATION","GO_BP",0.000499750124937531,0.00235742556730875,2.76923806694094e-05,7.83940497874924,TRUE,7,0.142857142857143,"HALLMARK_TNFA_SIGNALING_VIA_NFKB",FALSE,"WT_heat_up","hypoxia_anchored"
"PDGFB","GOBP_REGULATION_OF_COAGULATION","GO_BP",0.000499750124937531,0.00235742556730875,2.76923806694094e-05,7.83940497874924,TRUE,6,0.166666666666667,"GOBP_TAXIS",FALSE,"WT_heat_up","hypoxia_anchored"
"PLAUR","GOBP_REGULATION_OF_COAGULATION","GO_BP",0.000499750124937531,0.00235742556730875,2.76923806694094e-05,7.83940497874924,TRUE,8,0.125,"HALLMARK_TNFA_SIGNALING_VIA_NFKB",FALSE,"WT_heat_up","hypoxia_anchored"
"PROCR","GOBP_REGULATION_OF_COAGULATION","GO_BP",0.000499750124937531,0.00235742556730875,2.76923806694094e-05,7.83940497874924,TRUE,2,0.5,"GOBP_REGULATION_OF_COAGULATION",TRUE,"WT_heat_up","hypoxia_anchored"
"SERPINE1","GOBP_REGULATION_OF_COAGULATION","GO_BP",0.000499750124937531,0.00235742556730875,2.76923806694094e-05,7.83940497874924,TRUE,12,0.0833333333333333,"HALLMARK_TNFA_SIGNALING_VIA_NFKB",FALSE,"WT_heat_up","hypoxia_anchored"
"ADAM8","GOBP_EOSINOPHIL_MIGRATION","GO_BP",0.000499750124937531,0.00250635246213541,3.2285274394767e-05,20.1584699453552,TRUE,6,0.166666666666667,"GOBP_TAXIS",FALSE,"WT_heat_up","hypoxia_anchored"
"CCL22","GOBP_EOSINOPHIL_MIGRATION","GO_BP",0.000499750124937531,0.00250635246213541,3.2285274394767e-05,20.1584699453552,TRUE,11,0.0909090909090909,"GOMF_CYTOKINE_ACTIVITY",FALSE,"WT_heat_up","hypoxia_anchored"
"CCL3","GOBP_EOSINOPHIL_MIGRATION","GO_BP",0.000499750124937531,0.00250635246213541,3.2285274394767e-05,20.1584699453552,TRUE,10,0.1,"GOMF_CYTOKINE_ACTIVITY",FALSE,"WT_heat_up","hypoxia_anchored"
"CCL4","GOBP_EOSINOPHIL_MIGRATION","GO_BP",0.000499750124937531,0.00250635246213541,3.2285274394767e-05,20.1584699453552,TRUE,10,0.1,"GOMF_CYTOKINE_ACTIVITY",FALSE,"WT_heat_up","hypoxia_anchored"
"ADM","GOBP_ANTIMICROBIAL_HUMORAL_IMMUNE_RESPONSE_MEDIATED_BY_ANTIMICROBIAL_PEPTIDE","GO_BP",0.000499750124937531,0.00268302745810174,3.96506520901735e-05,7.42680471670981,TRUE,6,0.166666666666667,"HALLMARK_INFLAMMATORY_RESPONSE",FALSE,"WT_heat_up","hypoxia_anchored"
"CALCA","GOBP_ANTIMICROBIAL_HUMORAL_IMMUNE_RESPONSE_MEDIATED_BY_ANTIMICROBIAL_PEPTIDE","GO_BP",0.000499750124937531,0.00268302745810174,3.96506520901735e-05,7.42680471670981,TRUE,5,0.2,"GOBP_TAXIS",FALSE,"WT_heat_up","hypoxia_anchored"
"CCL20","GOBP_ANTIMICROBIAL_HUMORAL_IMMUNE_RESPONSE_MEDIATED_BY_ANTIMICROBIAL_PEPTIDE","GO_BP",0.000499750124937531,0.00268302745810174,3.96506520901735e-05,7.42680471670981,TRUE,11,0.0909090909090909,"GOMF_CYTOKINE_ACTIVITY",FALSE,"WT_heat_up","hypoxia_anchored"
"CCL22","GOBP_ANTIMICROBIAL_HUMORAL_IMMUNE_RESPONSE_MEDIATED_BY_ANTIMICROBIAL_PEPTIDE","GO_BP",0.000499750124937531,0.00268302745810174,3.96506520901735e-05,7.42680471670981,TRUE,11,0.0909090909090909,"GOMF_CYTOKINE_ACTIVITY",FALSE,"WT_heat_up","hypoxia_anchored"
"CCL3","GOBP_ANTIMICROBIAL_HUMORAL_IMMUNE_RESPONSE_MEDIATED_BY_ANTIMICROBIAL_PEPTIDE","GO_BP",0.000499750124937531,0.00268302745810174,3.96506520901735e-05,7.42680471670981,TRUE,10,0.1,"GOMF_CYTOKINE_ACTIVITY",FALSE,"WT_heat_up","hypoxia_anchored"
"CCL4","GOBP_ANTIMICROBIAL_HUMORAL_IMMUNE_RESPONSE_MEDIATED_BY_ANTIMICROBIAL_PEPTIDE","GO_BP",0.000499750124937531,0.00268302745810174,3.96506520901735e-05,7.42680471670981,TRUE,10,0.1,"GOMF_CYTOKINE_ACTIVITY",FALSE,"WT_heat_up","hypoxia_anchored"
"IL17F","GOBP_ANTIMICROBIAL_HUMORAL_IMMUNE_RESPONSE_MEDIATED_BY_ANTIMICROBIAL_PEPTIDE","GO_BP",0.000499750124937531,0.00268302745810174,3.96506520901735e-05,7.42680471670981,TRUE,5,0.2,"GOMF_CYTOKINE_ACTIVITY",FALSE,"WT_heat_up","hypoxia_anchored"
"ADORA2A","GOBP_POSITIVE_REGULATION_OF_BEHAVIOR","GO_BP",0.000499750124937531,0.00578902271388587,0.000112704532576495,15.1188524590164,TRUE,4,0.25,"GOBP_REGULATION_OF_INFLAMMATORY_RESPONSE",FALSE,"WT_heat_up","hypoxia_anchored"
"GRP","GOBP_POSITIVE_REGULATION_OF_BEHAVIOR","GO_BP",0.000499750124937531,0.00578902271388587,0.000112704532576495,15.1188524590164,TRUE,3,0.333333333333333,"REACTOME_CLASS_A_1_RHODOPSIN_LIKE_RECEPTORS",FALSE,"WT_heat_up","hypoxia_anchored"
"NR4A3","GOBP_POSITIVE_REGULATION_OF_BEHAVIOR","GO_BP",0.000499750124937531,0.00578902271388587,0.000112704532576495,15.1188524590164,TRUE,5,0.2,"HALLMARK_TNFA_SIGNALING_VIA_NFKB",FALSE,"WT_heat_up","hypoxia_anchored"
"STRA6","GOBP_POSITIVE_REGULATION_OF_BEHAVIOR","GO_BP",0.000499750124937531,0.00578902271388587,0.000112704532576495,15.1188524590164,TRUE,1,1,"GOBP_POSITIVE_REGULATION_OF_BEHAVIOR",TRUE,"WT_heat_up","hypoxia_anchored"
"ANXA2","GOBP_FIBRINOLYSIS","GO_BP",0.000499750124937531,0.0226964676090167,0.00112579864139066,13.9558638083228,TRUE,8,0.125,"REACTOME_SIGNALING_BY_INTERLEUKINS",FALSE,"WT_heat_up","hypoxia_anchored"
"PLAUR","GOBP_FIBRINOLYSIS","GO_BP",0.000499750124937531,0.0226964676090167,0.00112579864139066,13.9558638083228,TRUE,8,0.125,"HALLMARK_TNFA_SIGNALING_VIA_NFKB",FALSE,"WT_heat_up","hypoxia_anchored"
"SERPINE1","GOBP_FIBRINOLYSIS","GO_BP",0.000499750124937531,0.0226964676090167,0.00112579864139066,13.9558638083228,TRUE,12,0.0833333333333333,"HALLMARK_TNFA_SIGNALING_VIA_NFKB",FALSE,"WT_heat_up","hypoxia_anchored"
"AREG","GOMF_CYTOKINE_ACTIVITY","GO_MF",0.000499750124937531,4.50542168683098e-19,1.23098953192103e-21,11.53564453125,TRUE,7,0.142857142857143,"GOMF_CYTOKINE_ACTIVITY",TRUE,"WT_heat_up","hypoxia_anchored"
"C3","GOMF_CYTOKINE_ACTIVITY","GO_MF",0.000499750124937531,4.50542168683098e-19,1.23098953192103e-21,11.53564453125,TRUE,8,0.125,"GOMF_CYTOKINE_ACTIVITY",TRUE,"WT_heat_up","hypoxia_anchored"
"CCL20","GOMF_CYTOKINE_ACTIVITY","GO_MF",0.000499750124937531,4.50542168683098e-19,1.23098953192103e-21,11.53564453125,TRUE,11,0.0909090909090909,"GOMF_CYTOKINE_ACTIVITY",TRUE,"WT_heat_up","hypoxia_anchored"
"CCL22","GOMF_CYTOKINE_ACTIVITY","GO_MF",0.000499750124937531,4.50542168683098e-19,1.23098953192103e-21,11.53564453125,TRUE,11,0.0909090909090909,"GOMF_CYTOKINE_ACTIVITY",TRUE,"WT_heat_up","hypoxia_anchored"
"CCL3","GOMF_CYTOKINE_ACTIVITY","GO_MF",0.000499750124937531,4.50542168683098e-19,1.23098953192103e-21,11.53564453125,TRUE,10,0.1,"GOMF_CYTOKINE_ACTIVITY",TRUE,"WT_heat_up","hypoxia_anchored"
"CCL4","GOMF_CYTOKINE_ACTIVITY","GO_MF",0.000499750124937531,4.50542168683098e-19,1.23098953192103e-21,11.53564453125,TRUE,10,0.1,"GOMF_CYTOKINE_ACTIVITY",TRUE,"WT_heat_up","hypoxia_anchored"
"CD40LG","GOMF_CYTOKINE_ACTIVITY","GO_MF",0.000499750124937531,4.50542168683098e-19,1.23098953192103e-21,11.53564453125,TRUE,2,0.5,"GOMF_CYTOKINE_ACTIVITY",TRUE,"WT_heat_up","hypoxia_anchored"
"CSF2","GOMF_CYTOKINE_ACTIVITY","GO_MF",0.000499750124937531,4.50542168683098e-19,1.23098953192103e-21,11.53564453125,TRUE,7,0.142857142857143,"GOMF_CYTOKINE_ACTIVITY",TRUE,"WT_heat_up","hypoxia_anchored"
"FASLG","GOMF_CYTOKINE_ACTIVITY","GO_MF",0.000499750124937531,4.50542168683098e-19,1.23098953192103e-21,11.53564453125,TRUE,7,0.142857142857143,"GOMF_CYTOKINE_ACTIVITY",TRUE,"WT_heat_up","hypoxia_anchored"
"GDF6","GOMF_CYTOKINE_ACTIVITY","GO_MF",0.000499750124937531,4.50542168683098e-19,1.23098953192103e-21,11.53564453125,TRUE,2,0.5,"GOMF_CYTOKINE_ACTIVITY",TRUE,"WT_heat_up","hypoxia_anchored"
"IL17F","GOMF_CYTOKINE_ACTIVITY","GO_MF",0.000499750124937531,4.50542168683098e-19,1.23098953192103e-21,11.53564453125,TRUE,5,0.2,"GOMF_CYTOKINE_ACTIVITY",TRUE,"WT_heat_up","hypoxia_anchored"
"IL1A","GOMF_CYTOKINE_ACTIVITY","GO_MF",0.000499750124937531,4.50542168683098e-19,1.23098953192103e-21,11.53564453125,TRUE,9,0.111111111111111,"GOMF_CYTOKINE_ACTIVITY",TRUE,"WT_heat_up","hypoxia_anchored"
"IL1RN","GOMF_CYTOKINE_ACTIVITY","GO_MF",0.000499750124937531,4.50542168683098e-19,1.23098953192103e-21,11.53564453125,TRUE,4,0.25,"GOMF_CYTOKINE_ACTIVITY",TRUE,"WT_heat_up","hypoxia_anchored"
"IL2","GOMF_CYTOKINE_ACTIVITY","GO_MF",0.000499750124937531,4.50542168683098e-19,1.23098953192103e-21,11.53564453125,TRUE,6,0.166666666666667,"GOMF_CYTOKINE_ACTIVITY",TRUE,"WT_heat_up","hypoxia_anchored"
"IL23A","GOMF_CYTOKINE_ACTIVITY","GO_MF",0.000499750124937531,4.50542168683098e-19,1.23098953192103e-21,11.53564453125,TRUE,6,0.166666666666667,"GOMF_CYTOKINE_ACTIVITY",TRUE,"WT_heat_up","hypoxia_anchored"
"IL24","GOMF_CYTOKINE_ACTIVITY","GO_MF",0.000499750124937531,4.50542168683098e-19,1.23098953192103e-21,11.53564453125,TRUE,2,0.5,"GOMF_CYTOKINE_ACTIVITY",TRUE,"WT_heat_up","hypoxia_anchored"
"IL3","GOMF_CYTOKINE_ACTIVITY","GO_MF",0.000499750124937531,4.50542168683098e-19,1.23098953192103e-21,11.53564453125,TRUE,3,0.333333333333333,"GOMF_CYTOKINE_ACTIVITY",TRUE,"WT_heat_up","hypoxia_anchored"
"IL9","GOMF_CYTOKINE_ACTIVITY","GO_MF",0.000499750124937531,4.50542168683098e-19,1.23098953192103e-21,11.53564453125,TRUE,3,0.333333333333333,"GOMF_CYTOKINE_ACTIVITY",TRUE,"WT_heat_up","hypoxia_anchored"
"INHBA","GOMF_CYTOKINE_ACTIVITY","GO_MF",0.000499750124937531,4.50542168683098e-19,1.23098953192103e-21,11.53564453125,TRUE,10,0.1,"GOMF_CYTOKINE_ACTIVITY",TRUE,"WT_heat_up","hypoxia_anchored"
"LTA","GOMF_CYTOKINE_ACTIVITY","GO_MF",0.000499750124937531,4.50542168683098e-19,1.23098953192103e-21,11.53564453125,TRUE,7,0.142857142857143,"GOMF_CYTOKINE_ACTIVITY",TRUE,"WT_heat_up","hypoxia_anchored"
"SPP1","GOMF_CYTOKINE_ACTIVITY","GO_MF",0.000499750124937531,4.50542168683098e-19,1.23098953192103e-21,11.53564453125,TRUE,5,0.2,"GOMF_CYTOKINE_ACTIVITY",TRUE,"WT_heat_up","hypoxia_anchored"
"TIMP1","GOMF_CYTOKINE_ACTIVITY","GO_MF",0.000499750124937531,4.50542168683098e-19,1.23098953192103e-21,11.53564453125,TRUE,9,0.111111111111111,"GOMF_CYTOKINE_ACTIVITY",TRUE,"WT_heat_up","hypoxia_anchored"
"TNFRSF11B","GOMF_CYTOKINE_ACTIVITY","GO_MF",0.000499750124937531,4.50542168683098e-19,1.23098953192103e-21,11.53564453125,TRUE,3,0.333333333333333,"GOMF_CYTOKINE_ACTIVITY",TRUE,"WT_heat_up","hypoxia_anchored"
"TNFSF11","GOMF_CYTOKINE_ACTIVITY","GO_MF",0.000499750124937531,4.50542168683098e-19,1.23098953192103e-21,11.53564453125,TRUE,6,0.166666666666667,"GOMF_CYTOKINE_ACTIVITY",TRUE,"WT_heat_up","hypoxia_anchored"
"TNFSF14","GOMF_CYTOKINE_ACTIVITY","GO_MF",0.000499750124937531,4.50542168683098e-19,1.23098953192103e-21,11.53564453125,TRUE,5,0.2,"GOMF_CYTOKINE_ACTIVITY",TRUE,"WT_heat_up","hypoxia_anchored"
"TNFSF9","GOMF_CYTOKINE_ACTIVITY","GO_MF",0.000499750124937531,4.50542168683098e-19,1.23098953192103e-21,11.53564453125,TRUE,5,0.2,"GOMF_CYTOKINE_ACTIVITY",TRUE,"WT_heat_up","hypoxia_anchored"
"WNT3","GOMF_CYTOKINE_ACTIVITY","GO_MF",0.000499750124937531,4.50542168683098e-19,1.23098953192103e-21,11.53564453125,TRUE,3,0.333333333333333,"GOMF_CYTOKINE_ACTIVITY",TRUE,"WT_heat_up","hypoxia_anchored"
"ADM","GOMF_G_PROTEIN_COUPLED_RECEPTOR_BINDING","GO_MF",0.000499750124937531,0.000288351879839026,4.4643400935184e-06,4.30126404494382,TRUE,6,0.166666666666667,"HALLMARK_INFLAMMATORY_RESPONSE",FALSE,"WT_heat_up","hypoxia_anchored"
"ADORA2A","GOMF_G_PROTEIN_COUPLED_RECEPTOR_BINDING","GO_MF",0.000499750124937531,0.000288351879839026,4.4643400935184e-06,4.30126404494382,TRUE,4,0.25,"GOBP_REGULATION_OF_INFLAMMATORY_RESPONSE",FALSE,"WT_heat_up","hypoxia_anchored"
"APLP1","GOMF_G_PROTEIN_COUPLED_RECEPTOR_BINDING","GO_MF",0.000499750124937531,0.000288351879839026,4.4643400935184e-06,4.30126404494382,TRUE,4,0.25,"GOBP_NEGATIVE_REGULATION_OF_G_PROTEIN_COUPLED_RECEPTOR_SIGNALING_PATHWAY",FALSE,"WT_heat_up","hypoxia_anchored"
"AVPR1A","GOMF_G_PROTEIN_COUPLED_RECEPTOR_BINDING","GO_MF",0.000499750124937531,0.000288351879839026,4.4643400935184e-06,4.30126404494382,TRUE,2,0.5,"GOMF_G_PROTEIN_COUPLED_RECEPTOR_BINDING",TRUE,"WT_heat_up","hypoxia_anchored"
"BICD1","GOMF_G_PROTEIN_COUPLED_RECEPTOR_BINDING","GO_MF",0.000499750124937531,0.000288351879839026,4.4643400935184e-06,4.30126404494382,TRUE,2,0.5,"GOBP_NEGATIVE_REGULATION_OF_G_PROTEIN_COUPLED_RECEPTOR_SIGNALING_PATHWAY",FALSE,"WT_heat_up","hypoxia_anchored"
"C3","GOMF_G_PROTEIN_COUPLED_RECEPTOR_BINDING","GO_MF",0.000499750124937531,0.000288351879839026,4.4643400935184e-06,4.30126404494382,TRUE,8,0.125,"GOMF_CYTOKINE_ACTIVITY",FALSE,"WT_heat_up","hypoxia_anchored"
"CALCA","GOMF_G_PROTEIN_COUPLED_RECEPTOR_BINDING","GO_MF",0.000499750124937531,0.000288351879839026,4.4643400935184e-06,4.30126404494382,TRUE,5,0.2,"GOBP_TAXIS",FALSE,"WT_heat_up","hypoxia_anchored"
"CCL20","GOMF_G_PROTEIN_COUPLED_RECEPTOR_BINDING","GO_MF",0.000499750124937531,0.000288351879839026,4.4643400935184e-06,4.30126404494382,TRUE,11,0.0909090909090909,"GOMF_CYTOKINE_ACTIVITY",FALSE,"WT_heat_up","hypoxia_anchored"
"CCL22","GOMF_G_PROTEIN_COUPLED_RECEPTOR_BINDING","GO_MF",0.000499750124937531,0.000288351879839026,4.4643400935184e-06,4.30126404494382,TRUE,11,0.0909090909090909,"GOMF_CYTOKINE_ACTIVITY",FALSE,"WT_heat_up","hypoxia_anchored"
"CCL3","GOMF_G_PROTEIN_COUPLED_RECEPTOR_BINDING","GO_MF",0.000499750124937531,0.000288351879839026,4.4643400935184e-06,4.30126404494382,TRUE,10,0.1,"GOMF_CYTOKINE_ACTIVITY",FALSE,"WT_heat_up","hypoxia_anchored"
"CCL4","GOMF_G_PROTEIN_COUPLED_RECEPTOR_BINDING","GO_MF",0.000499750124937531,0.000288351879839026,4.4643400935184e-06,4.30126404494382,TRUE,10,0.1,"GOMF_CYTOKINE_ACTIVITY",FALSE,"WT_heat_up","hypoxia_anchored"
"HSPA1A","GOMF_G_PROTEIN_COUPLED_RECEPTOR_BINDING","GO_MF",0.000499750124937531,0.000288351879839026,4.4643400935184e-06,4.30126404494382,TRUE,1,1,"GOMF_G_PROTEIN_COUPLED_RECEPTOR_BINDING",TRUE,"WT_heat_up","hypoxia_anchored"
"IL2","GOMF_G_PROTEIN_COUPLED_RECEPTOR_BINDING","GO_MF",0.000499750124937531,0.000288351879839026,4.4643400935184e-06,4.30126404494382,TRUE,6,0.166666666666667,"GOMF_CYTOKINE_ACTIVITY",FALSE,"WT_heat_up","hypoxia_anchored"
"WNT3","GOMF_G_PROTEIN_COUPLED_RECEPTOR_BINDING","GO_MF",0.000499750124937531,0.000288351879839026,4.4643400935184e-06,4.30126404494382,TRUE,3,0.333333333333333,"GOMF_CYTOKINE_ACTIVITY",FALSE,"WT_heat_up","hypoxia_anchored"
"AREG","GOMF_GROWTH_FACTOR_ACTIVITY","GO_MF",0.000499750124937531,0.000288351879839026,4.72707999736108e-06,6.14466292134831,TRUE,7,0.142857142857143,"GOMF_CYTOKINE_ACTIVITY",FALSE,"WT_heat_up","hypoxia_anchored"
"CSF2","GOMF_GROWTH_FACTOR_ACTIVITY","GO_MF",0.000499750124937531,0.000288351879839026,4.72707999736108e-06,6.14466292134831,TRUE,7,0.142857142857143,"GOMF_CYTOKINE_ACTIVITY",FALSE,"WT_heat_up","hypoxia_anchored"
"GDF6","GOMF_GROWTH_FACTOR_ACTIVITY","GO_MF",0.000499750124937531,0.000288351879839026,4.72707999736108e-06,6.14466292134831,TRUE,2,0.5,"GOMF_CYTOKINE_ACTIVITY",FALSE,"WT_heat_up","hypoxia_anchored"
"HBEGF","GOMF_GROWTH_FACTOR_ACTIVITY","GO_MF",0.000499750124937531,0.000288351879839026,4.72707999736108e-06,6.14466292134831,TRUE,8,0.125,"HALLMARK_TNFA_SIGNALING_VIA_NFKB",FALSE,"WT_heat_up","hypoxia_anchored"
"IL2","GOMF_GROWTH_FACTOR_ACTIVITY","GO_MF",0.000499750124937531,0.000288351879839026,4.72707999736108e-06,6.14466292134831,TRUE,6,0.166666666666667,"GOMF_CYTOKINE_ACTIVITY",FALSE,"WT_heat_up","hypoxia_anchored"
"IL3","GOMF_GROWTH_FACTOR_ACTIVITY","GO_MF",0.000499750124937531,0.000288351879839026,4.72707999736108e-06,6.14466292134831,TRUE,3,0.333333333333333,"GOMF_CYTOKINE_ACTIVITY",FALSE,"WT_heat_up","hypoxia_anchored"
"IL9","GOMF_GROWTH_FACTOR_ACTIVITY","GO_MF",0.000499750124937531,0.000288351879839026,4.72707999736108e-06,6.14466292134831,TRUE,3,0.333333333333333,"GOMF_CYTOKINE_ACTIVITY",FALSE,"WT_heat_up","hypoxia_anchored"
"INHBA","GOMF_GROWTH_FACTOR_ACTIVITY","GO_MF",0.000499750124937531,0.000288351879839026,4.72707999736108e-06,6.14466292134831,TRUE,10,0.1,"GOMF_CYTOKINE_ACTIVITY",FALSE,"WT_heat_up","hypoxia_anchored"
"PDGFB","GOMF_GROWTH_FACTOR_ACTIVITY","GO_MF",0.000499750124937531,0.000288351879839026,4.72707999736108e-06,6.14466292134831,TRUE,6,0.166666666666667,"GOBP_TAXIS",FALSE,"WT_heat_up","hypoxia_anchored"
"TIMP1","GOMF_GROWTH_FACTOR_ACTIVITY","GO_MF",0.000499750124937531,0.000288351879839026,4.72707999736108e-06,6.14466292134831,TRUE,9,0.111111111111111,"GOMF_CYTOKINE_ACTIVITY",FALSE,"WT_heat_up","hypoxia_anchored"
"ANXA2","GOMF_CALCIUM_DEPENDENT_PHOSPHOLIPID_BINDING","GO_MF",0.000499750124937531,0.00266691946019055,5.82933215342197e-05,8.63486842105263,TRUE,8,0.125,"REACTOME_SIGNALING_BY_INTERLEUKINS",FALSE,"WT_heat_up","hypoxia_anchored"
"ANXA3","GOMF_CALCIUM_DEPENDENT_PHOSPHOLIPID_BINDING","GO_MF",0.000499750124937531,0.00266691946019055,5.82933215342197e-05,8.63486842105263,TRUE,3,0.333333333333333,"GOMF_CALCIUM_DEPENDENT_PHOSPHOLIPID_BINDING",TRUE,"WT_heat_up","hypoxia_anchored"
"CPNE6","GOMF_CALCIUM_DEPENDENT_PHOSPHOLIPID_BINDING","GO_MF",0.000499750124937531,0.00266691946019055,5.82933215342197e-05,8.63486842105263,TRUE,2,0.5,"GOMF_CALCIUM_DEPENDENT_PHOSPHOLIPID_BINDING",TRUE,"WT_heat_up","hypoxia_anchored"
"ESYT3","GOMF_CALCIUM_DEPENDENT_PHOSPHOLIPID_BINDING","GO_MF",0.000499750124937531,0.00266691946019055,5.82933215342197e-05,8.63486842105263,TRUE,1,1,"GOMF_CALCIUM_DEPENDENT_PHOSPHOLIPID_BINDING",TRUE,"WT_heat_up","hypoxia_anchored"
"PLA2G4C","GOMF_CALCIUM_DEPENDENT_PHOSPHOLIPID_BINDING","GO_MF",0.000499750124937531,0.00266691946019055,5.82933215342197e-05,8.63486842105263,TRUE,1,1,"GOMF_CALCIUM_DEPENDENT_PHOSPHOLIPID_BINDING",TRUE,"WT_heat_up","hypoxia_anchored"
"SYT15","GOMF_CALCIUM_DEPENDENT_PHOSPHOLIPID_BINDING","GO_MF",0.000499750124937531,0.00266691946019055,5.82933215342197e-05,8.63486842105263,TRUE,1,1,"GOMF_CALCIUM_DEPENDENT_PHOSPHOLIPID_BINDING",TRUE,"WT_heat_up","hypoxia_anchored"
"C3","GOMF_CHEMOKINE_ACTIVITY","GO_MF",0.000499750124937531,0.00653274565263623,0.000160641286540235,9.42887931034483,TRUE,8,0.125,"GOMF_CYTOKINE_ACTIVITY",FALSE,"WT_heat_up","hypoxia_anchored"
"CCL20","GOMF_CHEMOKINE_ACTIVITY","GO_MF",0.000499750124937531,0.00653274565263623,0.000160641286540235,9.42887931034483,TRUE,11,0.0909090909090909,"GOMF_CYTOKINE_ACTIVITY",FALSE,"WT_heat_up","hypoxia_anchored"
"CCL22","GOMF_CHEMOKINE_ACTIVITY","GO_MF",0.000499750124937531,0.00653274565263623,0.000160641286540235,9.42887931034483,TRUE,11,0.0909090909090909,"GOMF_CYTOKINE_ACTIVITY",FALSE,"WT_heat_up","hypoxia_anchored"
"CCL3","GOMF_CHEMOKINE_ACTIVITY","GO_MF",0.000499750124937531,0.00653274565263623,0.000160641286540235,9.42887931034483,TRUE,10,0.1,"GOMF_CYTOKINE_ACTIVITY",FALSE,"WT_heat_up","hypoxia_anchored"
"CCL4","GOMF_CHEMOKINE_ACTIVITY","GO_MF",0.000499750124937531,0.00653274565263623,0.000160641286540235,9.42887931034483,TRUE,10,0.1,"GOMF_CYTOKINE_ACTIVITY",FALSE,"WT_heat_up","hypoxia_anchored"
"ANXA2","GOMF_PHOSPHATIDYLSERINE_BINDING","GO_MF",0.000499750124937531,0.0204929621084261,0.000671900396997576,7.01121794871795,TRUE,8,0.125,"REACTOME_SIGNALING_BY_INTERLEUKINS",FALSE,"WT_heat_up","hypoxia_anchored"
"ANXA3","GOMF_PHOSPHATIDYLSERINE_BINDING","GO_MF",0.000499750124937531,0.0204929621084261,0.000671900396997576,7.01121794871795,TRUE,3,0.333333333333333,"GOMF_CALCIUM_DEPENDENT_PHOSPHOLIPID_BINDING",FALSE,"WT_heat_up","hypoxia_anchored"
"CPNE6","GOMF_PHOSPHATIDYLSERINE_BINDING","GO_MF",0.000499750124937531,0.0204929621084261,0.000671900396997576,7.01121794871795,TRUE,2,0.5,"GOMF_CALCIUM_DEPENDENT_PHOSPHOLIPID_BINDING",FALSE,"WT_heat_up","hypoxia_anchored"
"GAP43","GOMF_PHOSPHATIDYLSERINE_BINDING","GO_MF",0.000499750124937531,0.0204929621084261,0.000671900396997576,7.01121794871795,TRUE,1,1,"GOMF_PHOSPHATIDYLSERINE_BINDING",TRUE,"WT_heat_up","hypoxia_anchored"
"HAVCR1","GOMF_PHOSPHATIDYLSERINE_BINDING","GO_MF",0.000499750124937531,0.0204929621084261,0.000671900396997576,7.01121794871795,TRUE,2,0.5,"REACTOME_ATTACHMENT_AND_ENTRY",FALSE,"WT_heat_up","hypoxia_anchored"
"ATF3","GOMF_DNA_BINDING_TRANSCRIPTION_ACTIVATOR_ACTIVITY","GO_MF",0.000499750124937531,0.0405021725186991,0.00143860175612866,2.61374080882353,TRUE,5,0.2,"HALLMARK_TNFA_SIGNALING_VIA_NFKB",FALSE,"WT_heat_up","hypoxia_anchored"
"CASZ1","GOMF_DNA_BINDING_TRANSCRIPTION_ACTIVATOR_ACTIVITY","GO_MF",0.000499750124937531,0.0405021725186991,0.00143860175612866,2.61374080882353,TRUE,1,1,"GOMF_DNA_BINDING_TRANSCRIPTION_ACTIVATOR_ACTIVITY",TRUE,"WT_heat_up","hypoxia_anchored"
"EGR1","GOMF_DNA_BINDING_TRANSCRIPTION_ACTIVATOR_ACTIVITY","GO_MF",0.000499750124937531,0.0405021725186991,0.00143860175612866,2.61374080882353,TRUE,4,0.25,"HALLMARK_TNFA_SIGNALING_VIA_NFKB",FALSE,"WT_heat_up","hypoxia_anchored"
"EGR2","GOMF_DNA_BINDING_TRANSCRIPTION_ACTIVATOR_ACTIVITY","GO_MF",0.000499750124937531,0.0405021725186991,0.00143860175612866,2.61374080882353,TRUE,3,0.333333333333333,"HALLMARK_TNFA_SIGNALING_VIA_NFKB",FALSE,"WT_heat_up","hypoxia_anchored"
"EGR3","GOMF_DNA_BINDING_TRANSCRIPTION_ACTIVATOR_ACTIVITY","GO_MF",0.000499750124937531,0.0405021725186991,0.00143860175612866,2.61374080882353,TRUE,4,0.25,"HALLMARK_TNFA_SIGNALING_VIA_NFKB",FALSE,"WT_heat_up","hypoxia_anchored"
"FOSL2","GOMF_DNA_BINDING_TRANSCRIPTION_ACTIVATOR_ACTIVITY","GO_MF",0.000499750124937531,0.0405021725186991,0.00143860175612866,2.61374080882353,TRUE,4,0.25,"HALLMARK_TNFA_SIGNALING_VIA_NFKB",FALSE,"WT_heat_up","hypoxia_anchored"
"IRF6","GOMF_DNA_BINDING_TRANSCRIPTION_ACTIVATOR_ACTIVITY","GO_MF",0.000499750124937531,0.0405021725186991,0.00143860175612866,2.61374080882353,TRUE,2,0.5,"GOMF_DNA_BINDING_TRANSCRIPTION_ACTIVATOR_ACTIVITY",TRUE,"WT_heat_up","hypoxia_anchored"
"NR4A1","GOMF_DNA_BINDING_TRANSCRIPTION_ACTIVATOR_ACTIVITY","GO_MF",0.000499750124937531,0.0405021725186991,0.00143860175612866,2.61374080882353,TRUE,5,0.2,"HALLMARK_TNFA_SIGNALING_VIA_NFKB",FALSE,"WT_heat_up","hypoxia_anchored"
"NR4A2","GOMF_DNA_BINDING_TRANSCRIPTION_ACTIVATOR_ACTIVITY","GO_MF",0.000499750124937531,0.0405021725186991,0.00143860175612866,2.61374080882353,TRUE,4,0.25,"HALLMARK_TNFA_SIGNALING_VIA_NFKB",FALSE,"WT_heat_up","hypoxia_anchored"
"NR4A3","GOMF_DNA_BINDING_TRANSCRIPTION_ACTIVATOR_ACTIVITY","GO_MF",0.000499750124937531,0.0405021725186991,0.00143860175612866,2.61374080882353,TRUE,5,0.2,"HALLMARK_TNFA_SIGNALING_VIA_NFKB",FALSE,"WT_heat_up","hypoxia_anchored"
"SIX5","GOMF_DNA_BINDING_TRANSCRIPTION_ACTIVATOR_ACTIVITY","GO_MF",0.000499750124937531,0.0405021725186991,0.00143860175612866,2.61374080882353,TRUE,1,1,"GOMF_DNA_BINDING_TRANSCRIPTION_ACTIVATOR_ACTIVITY",TRUE,"WT_heat_up","hypoxia_anchored"
"SP7","GOMF_DNA_BINDING_TRANSCRIPTION_ACTIVATOR_ACTIVITY","GO_MF",0.000499750124937531,0.0405021725186991,0.00143860175612866,2.61374080882353,TRUE,1,1,"GOMF_DNA_BINDING_TRANSCRIPTION_ACTIVATOR_ACTIVITY",TRUE,"WT_heat_up","hypoxia_anchored"
"TP73","GOMF_DNA_BINDING_TRANSCRIPTION_ACTIVATOR_ACTIVITY","GO_MF",0.000499750124937531,0.0405021725186991,0.00143860175612866,2.61374080882353,TRUE,1,1,"GOMF_DNA_BINDING_TRANSCRIPTION_ACTIVATOR_ACTIVITY",TRUE,"WT_heat_up","hypoxia_anchored"
"ANXA2","GOMF_PEPTIDASE_INHIBITOR_ACTIVITY","GO_MF",0.00399800099950025,0.0439407202132356,0.00183887944481437,4.62147887323944,TRUE,8,0.125,"REACTOME_SIGNALING_BY_INTERLEUKINS",FALSE,"WT_heat_up","hypoxia_anchored"
"C3","GOMF_PEPTIDASE_INHIBITOR_ACTIVITY","GO_MF",0.00399800099950025,0.0439407202132356,0.00183887944481437,4.62147887323944,TRUE,8,0.125,"GOMF_CYTOKINE_ACTIVITY",FALSE,"WT_heat_up","hypoxia_anchored"
"SERPINE1","GOMF_PEPTIDASE_INHIBITOR_ACTIVITY","GO_MF",0.00399800099950025,0.0439407202132356,0.00183887944481437,4.62147887323944,TRUE,12,0.0833333333333333,"HALLMARK_TNFA_SIGNALING_VIA_NFKB",FALSE,"WT_heat_up","hypoxia_anchored"
"SPINT1","GOMF_PEPTIDASE_INHIBITOR_ACTIVITY","GO_MF",0.00399800099950025,0.0439407202132356,0.00183887944481437,4.62147887323944,TRUE,1,1,"GOMF_PEPTIDASE_INHIBITOR_ACTIVITY",TRUE,"WT_heat_up","hypoxia_anchored"
"SSPOP","GOMF_PEPTIDASE_INHIBITOR_ACTIVITY","GO_MF",0.00399800099950025,0.0439407202132356,0.00183887944481437,4.62147887323944,TRUE,1,1,"GOMF_PEPTIDASE_INHIBITOR_ACTIVITY",TRUE,"WT_heat_up","hypoxia_anchored"
"TIMP1","GOMF_PEPTIDASE_INHIBITOR_ACTIVITY","GO_MF",0.00399800099950025,0.0439407202132356,0.00183887944481437,4.62147887323944,TRUE,9,0.111111111111111,"GOMF_CYTOKINE_ACTIVITY",FALSE,"WT_heat_up","hypoxia_anchored"
"NR4A1","GOMF_NUCLEAR_GLUCOCORTICOID_RECEPTOR_BINDING","GO_MF",0.000499750124937531,0.0439407202132356,0.0018860362084727,11.71875,TRUE,5,0.2,"HALLMARK_TNFA_SIGNALING_VIA_NFKB",FALSE,"WT_heat_up","hypoxia_anchored"
"NR4A2","GOMF_NUCLEAR_GLUCOCORTICOID_RECEPTOR_BINDING","GO_MF",0.000499750124937531,0.0439407202132356,0.0018860362084727,11.71875,TRUE,4,0.25,"HALLMARK_TNFA_SIGNALING_VIA_NFKB",FALSE,"WT_heat_up","hypoxia_anchored"
"NR4A3","GOMF_NUCLEAR_GLUCOCORTICOID_RECEPTOR_BINDING","GO_MF",0.000499750124937531,0.0439407202132356,0.0018860362084727,11.71875,TRUE,5,0.2,"HALLMARK_TNFA_SIGNALING_VIA_NFKB",FALSE,"WT_heat_up","hypoxia_anchored"
"ADM","GOMF_HORMONE_ACTIVITY","GO_MF",0.00199900049975012,0.0439407202132356,0.0019209058016715,5.58035714285714,TRUE,6,0.166666666666667,"HALLMARK_INFLAMMATORY_RESPONSE",FALSE,"WT_heat_up","hypoxia_anchored"
"CALCA","GOMF_HORMONE_ACTIVITY","GO_MF",0.00199900049975012,0.0439407202132356,0.0019209058016715,5.58035714285714,TRUE,5,0.2,"GOBP_TAXIS",FALSE,"WT_heat_up","hypoxia_anchored"
"GRP","GOMF_HORMONE_ACTIVITY","GO_MF",0.00199900049975012,0.0439407202132356,0.0019209058016715,5.58035714285714,TRUE,3,0.333333333333333,"REACTOME_CLASS_A_1_RHODOPSIN_LIKE_RECEPTORS",FALSE,"WT_heat_up","hypoxia_anchored"
"INHBA","GOMF_HORMONE_ACTIVITY","GO_MF",0.00199900049975012,0.0439407202132356,0.0019209058016715,5.58035714285714,TRUE,10,0.1,"GOMF_CYTOKINE_ACTIVITY",FALSE,"WT_heat_up","hypoxia_anchored"
"NPPC","GOMF_HORMONE_ACTIVITY","GO_MF",0.00199900049975012,0.0439407202132356,0.0019209058016715,5.58035714285714,TRUE,2,0.5,"GOMF_HORMONE_ACTIVITY",TRUE,"WT_heat_up","hypoxia_anchored"
"CD80","KEGG_TYPE_I_DIABETES_MELLITUS","KEGG",0.0109945027486257,0.0133097182942815,0.000420306893503628,7.58130081300813,TRUE,5,0.2,"HALLMARK_TNFA_SIGNALING_VIA_NFKB",FALSE,"WT_heat_up","hypoxia_anchored"
"FASLG","KEGG_TYPE_I_DIABETES_MELLITUS","KEGG",0.0109945027486257,0.0133097182942815,0.000420306893503628,7.58130081300813,TRUE,7,0.142857142857143,"GOMF_CYTOKINE_ACTIVITY",FALSE,"WT_heat_up","hypoxia_anchored"
"IL1A","KEGG_TYPE_I_DIABETES_MELLITUS","KEGG",0.0109945027486257,0.0133097182942815,0.000420306893503628,7.58130081300813,TRUE,9,0.111111111111111,"GOMF_CYTOKINE_ACTIVITY",FALSE,"WT_heat_up","hypoxia_anchored"
"IL2","KEGG_TYPE_I_DIABETES_MELLITUS","KEGG",0.0109945027486257,0.0133097182942815,0.000420306893503628,7.58130081300813,TRUE,6,0.166666666666667,"GOMF_CYTOKINE_ACTIVITY",FALSE,"WT_heat_up","hypoxia_anchored"
"LTA","KEGG_TYPE_I_DIABETES_MELLITUS","KEGG",0.0109945027486257,0.0133097182942815,0.000420306893503628,7.58130081300813,TRUE,7,0.142857142857143,"GOMF_CYTOKINE_ACTIVITY",FALSE,"WT_heat_up","hypoxia_anchored"
"HSPG2","KEGG_ECM_RECEPTOR_INTERACTION","KEGG",0.00149925037481259,0.047063557804676,0.00216062602934051,4.40204563335956,TRUE,3,0.333333333333333,"GOBP_NEGATIVE_REGULATION_OF_VASCULATURE_DEVELOPMENT",FALSE,"WT_heat_up","hypoxia_anchored"
"ITGA3","KEGG_ECM_RECEPTOR_INTERACTION","KEGG",0.00149925037481259,0.047063557804676,0.00216062602934051,4.40204563335956,TRUE,1,1,"KEGG_ECM_RECEPTOR_INTERACTION",TRUE,"WT_heat_up","hypoxia_anchored"
"LAMC2","KEGG_ECM_RECEPTOR_INTERACTION","KEGG",0.00149925037481259,0.047063557804676,0.00216062602934051,4.40204563335956,TRUE,3,0.333333333333333,"REACTOME_DEVELOPMENTAL_CELL_LINEAGES",FALSE,"WT_heat_up","hypoxia_anchored"
"SDC1","KEGG_ECM_RECEPTOR_INTERACTION","KEGG",0.00149925037481259,0.047063557804676,0.00216062602934051,4.40204563335956,TRUE,5,0.2,"REACTOME_SIGNALING_BY_INTERLEUKINS",FALSE,"WT_heat_up","hypoxia_anchored"
"SDC4","KEGG_ECM_RECEPTOR_INTERACTION","KEGG",0.00149925037481259,0.047063557804676,0.00216062602934051,4.40204563335956,TRUE,5,0.2,"HALLMARK_TNFA_SIGNALING_VIA_NFKB",FALSE,"WT_heat_up","hypoxia_anchored"
"SPP1","KEGG_ECM_RECEPTOR_INTERACTION","KEGG",0.00149925037481259,0.047063557804676,0.00216062602934051,4.40204563335956,TRUE,5,0.2,"GOMF_CYTOKINE_ACTIVITY",FALSE,"WT_heat_up","hypoxia_anchored"
"CCL20","REACTOME_INTERLEUKIN_10_SIGNALING","Reactome",0.000499750124937531,4.59774538328503e-07,9.80329506030924e-10,14.2849471988545,TRUE,11,0.0909090909090909,"GOMF_CYTOKINE_ACTIVITY",FALSE,"WT_heat_up","hypoxia_anchored"
"CCL22","REACTOME_INTERLEUKIN_10_SIGNALING","Reactome",0.000499750124937531,4.59774538328503e-07,9.80329506030924e-10,14.2849471988545,TRUE,11,0.0909090909090909,"GOMF_CYTOKINE_ACTIVITY",FALSE,"WT_heat_up","hypoxia_anchored"
"CCL3","REACTOME_INTERLEUKIN_10_SIGNALING","Reactome",0.000499750124937531,4.59774538328503e-07,9.80329506030924e-10,14.2849471988545,TRUE,10,0.1,"GOMF_CYTOKINE_ACTIVITY",FALSE,"WT_heat_up","hypoxia_anchored"
"CCL4","REACTOME_INTERLEUKIN_10_SIGNALING","Reactome",0.000499750124937531,4.59774538328503e-07,9.80329506030924e-10,14.2849471988545,TRUE,10,0.1,"GOMF_CYTOKINE_ACTIVITY",FALSE,"WT_heat_up","hypoxia_anchored"
"CD80","REACTOME_INTERLEUKIN_10_SIGNALING","Reactome",0.000499750124937531,4.59774538328503e-07,9.80329506030924e-10,14.2849471988545,TRUE,5,0.2,"HALLMARK_TNFA_SIGNALING_VIA_NFKB",FALSE,"WT_heat_up","hypoxia_anchored"
"CSF2","REACTOME_INTERLEUKIN_10_SIGNALING","Reactome",0.000499750124937531,4.59774538328503e-07,9.80329506030924e-10,14.2849471988545,TRUE,7,0.142857142857143,"GOMF_CYTOKINE_ACTIVITY",FALSE,"WT_heat_up","hypoxia_anchored"
"IL1A","REACTOME_INTERLEUKIN_10_SIGNALING","Reactome",0.000499750124937531,4.59774538328503e-07,9.80329506030924e-10,14.2849471988545,TRUE,9,0.111111111111111,"GOMF_CYTOKINE_ACTIVITY",FALSE,"WT_heat_up","hypoxia_anchored"
"IL1RN","REACTOME_INTERLEUKIN_10_SIGNALING","Reactome",0.000499750124937531,4.59774538328503e-07,9.80329506030924e-10,14.2849471988545,TRUE,4,0.25,"GOMF_CYTOKINE_ACTIVITY",FALSE,"WT_heat_up","hypoxia_anchored"
"PTGS2","REACTOME_INTERLEUKIN_10_SIGNALING","Reactome",0.000499750124937531,4.59774538328503e-07,9.80329506030924e-10,14.2849471988545,TRUE,8,0.125,"HALLMARK_TNFA_SIGNALING_VIA_NFKB",FALSE,"WT_heat_up","hypoxia_anchored"
"TIMP1","REACTOME_INTERLEUKIN_10_SIGNALING","Reactome",0.000499750124937531,4.59774538328503e-07,9.80329506030924e-10,14.2849471988545,TRUE,9,0.111111111111111,"GOMF_CYTOKINE_ACTIVITY",FALSE,"WT_heat_up","hypoxia_anchored"
"CD70","REACTOME_TNFS_BIND_THEIR_PHYSIOLOGICAL_RECEPTORS","Reactome",0.000499750124937531,3.36768174290159e-05,1.43611161744204e-07,16.0860927152318,TRUE,2,0.5,"HALLMARK_INFLAMMATORY_RESPONSE",FALSE,"WT_heat_up","hypoxia_anchored"
"FASLG","REACTOME_TNFS_BIND_THEIR_PHYSIOLOGICAL_RECEPTORS","Reactome",0.000499750124937531,3.36768174290159e-05,1.43611161744204e-07,16.0860927152318,TRUE,7,0.142857142857143,"GOMF_CYTOKINE_ACTIVITY",FALSE,"WT_heat_up","hypoxia_anchored"
"LTA","REACTOME_TNFS_BIND_THEIR_PHYSIOLOGICAL_RECEPTORS","Reactome",0.000499750124937531,3.36768174290159e-05,1.43611161744204e-07,16.0860927152318,TRUE,7,0.142857142857143,"GOMF_CYTOKINE_ACTIVITY",FALSE,"WT_heat_up","hypoxia_anchored"
"TNFRSF11B","REACTOME_TNFS_BIND_THEIR_PHYSIOLOGICAL_RECEPTORS","Reactome",0.000499750124937531,3.36768174290159e-05,1.43611161744204e-07,16.0860927152318,TRUE,3,0.333333333333333,"GOMF_CYTOKINE_ACTIVITY",FALSE,"WT_heat_up","hypoxia_anchored"
"TNFSF11","REACTOME_TNFS_BIND_THEIR_PHYSIOLOGICAL_RECEPTORS","Reactome",0.000499750124937531,3.36768174290159e-05,1.43611161744204e-07,16.0860927152318,TRUE,6,0.166666666666667,"GOMF_CYTOKINE_ACTIVITY",FALSE,"WT_heat_up","hypoxia_anchored"
"TNFSF14","REACTOME_TNFS_BIND_THEIR_PHYSIOLOGICAL_RECEPTORS","Reactome",0.000499750124937531,3.36768174290159e-05,1.43611161744204e-07,16.0860927152318,TRUE,5,0.2,"GOMF_CYTOKINE_ACTIVITY",FALSE,"WT_heat_up","hypoxia_anchored"
"TNFSF9","REACTOME_TNFS_BIND_THEIR_PHYSIOLOGICAL_RECEPTORS","Reactome",0.000499750124937531,3.36768174290159e-05,1.43611161744204e-07,16.0860927152318,TRUE,5,0.2,"GOMF_CYTOKINE_ACTIVITY",FALSE,"WT_heat_up","hypoxia_anchored"
"EGR1","REACTOME_NGF_STIMULATED_TRANSCRIPTION","Reactome",0.000499750124937531,0.00062193057423933,3.97823395035819e-06,10.2772259013981,TRUE,4,0.25,"HALLMARK_TNFA_SIGNALING_VIA_NFKB",FALSE,"WT_heat_up","hypoxia_anchored"
"EGR2","REACTOME_NGF_STIMULATED_TRANSCRIPTION","Reactome",0.000499750124937531,0.00062193057423933,3.97823395035819e-06,10.2772259013981,TRUE,3,0.333333333333333,"HALLMARK_TNFA_SIGNALING_VIA_NFKB",FALSE,"WT_heat_up","hypoxia_anchored"
"EGR3","REACTOME_NGF_STIMULATED_TRANSCRIPTION","Reactome",0.000499750124937531,0.00062193057423933,3.97823395035819e-06,10.2772259013981,TRUE,4,0.25,"HALLMARK_TNFA_SIGNALING_VIA_NFKB",FALSE,"WT_heat_up","hypoxia_anchored"
"F3","REACTOME_NGF_STIMULATED_TRANSCRIPTION","Reactome",0.000499750124937531,0.00062193057423933,3.97823395035819e-06,10.2772259013981,TRUE,7,0.142857142857143,"HALLMARK_TNFA_SIGNALING_VIA_NFKB",FALSE,"WT_heat_up","hypoxia_anchored"
"FOSL1","REACTOME_NGF_STIMULATED_TRANSCRIPTION","Reactome",0.000499750124937531,0.00062193057423933,3.97823395035819e-06,10.2772259013981,TRUE,3,0.333333333333333,"HALLMARK_TNFA_SIGNALING_VIA_NFKB",FALSE,"WT_heat_up","hypoxia_anchored"
"NAB2","REACTOME_NGF_STIMULATED_TRANSCRIPTION","Reactome",0.000499750124937531,0.00062193057423933,3.97823395035819e-06,10.2772259013981,TRUE,1,1,"REACTOME_NGF_STIMULATED_TRANSCRIPTION",TRUE,"WT_heat_up","hypoxia_anchored"
"SH3GL3","REACTOME_NGF_STIMULATED_TRANSCRIPTION","Reactome",0.000499750124937531,0.00062193057423933,3.97823395035819e-06,10.2772259013981,TRUE,2,0.5,"REACTOME_NGF_STIMULATED_TRANSCRIPTION",TRUE,"WT_heat_up","hypoxia_anchored"
"ANXA2","REACTOME_SIGNALING_BY_INTERLEUKINS","Reactome",0.000499750124937531,0.00155988625770791,1.66299174595727e-05,2.7958196406826,TRUE,8,0.125,"REACTOME_SIGNALING_BY_INTERLEUKINS",TRUE,"WT_heat_up","hypoxia_anchored"
"CCL20","REACTOME_SIGNALING_BY_INTERLEUKINS","Reactome",0.000499750124937531,0.00155988625770791,1.66299174595727e-05,2.7958196406826,TRUE,11,0.0909090909090909,"GOMF_CYTOKINE_ACTIVITY",FALSE,"WT_heat_up","hypoxia_anchored"
"CCL22","REACTOME_SIGNALING_BY_INTERLEUKINS","Reactome",0.000499750124937531,0.00155988625770791,1.66299174595727e-05,2.7958196406826,TRUE,11,0.0909090909090909,"GOMF_CYTOKINE_ACTIVITY",FALSE,"WT_heat_up","hypoxia_anchored"
"CCL3","REACTOME_SIGNALING_BY_INTERLEUKINS","Reactome",0.000499750124937531,0.00155988625770791,1.66299174595727e-05,2.7958196406826,TRUE,10,0.1,"GOMF_CYTOKINE_ACTIVITY",FALSE,"WT_heat_up","hypoxia_anchored"
"CCL4","REACTOME_SIGNALING_BY_INTERLEUKINS","Reactome",0.000499750124937531,0.00155988625770791,1.66299174595727e-05,2.7958196406826,TRUE,10,0.1,"GOMF_CYTOKINE_ACTIVITY",FALSE,"WT_heat_up","hypoxia_anchored"
"CD80","REACTOME_SIGNALING_BY_INTERLEUKINS","Reactome",0.000499750124937531,0.00155988625770791,1.66299174595727e-05,2.7958196406826,TRUE,5,0.2,"HALLMARK_TNFA_SIGNALING_VIA_NFKB",FALSE,"WT_heat_up","hypoxia_anchored"
"CDKN1A","REACTOME_SIGNALING_BY_INTERLEUKINS","Reactome",0.000499750124937531,0.00155988625770791,1.66299174595727e-05,2.7958196406826,TRUE,7,0.142857142857143,"HALLMARK_TNFA_SIGNALING_VIA_NFKB",FALSE,"WT_heat_up","hypoxia_anchored"
"CSF2","REACTOME_SIGNALING_BY_INTERLEUKINS","Reactome",0.000499750124937531,0.00155988625770791,1.66299174595727e-05,2.7958196406826,TRUE,7,0.142857142857143,"GOMF_CYTOKINE_ACTIVITY",FALSE,"WT_heat_up","hypoxia_anchored"
"FASLG","REACTOME_SIGNALING_BY_INTERLEUKINS","Reactome",0.000499750124937531,0.00155988625770791,1.66299174595727e-05,2.7958196406826,TRUE,7,0.142857142857143,"GOMF_CYTOKINE_ACTIVITY",FALSE,"WT_heat_up","hypoxia_anchored"
"IL17F","REACTOME_SIGNALING_BY_INTERLEUKINS","Reactome",0.000499750124937531,0.00155988625770791,1.66299174595727e-05,2.7958196406826,TRUE,5,0.2,"GOMF_CYTOKINE_ACTIVITY",FALSE,"WT_heat_up","hypoxia_anchored"
"IL1A","REACTOME_SIGNALING_BY_INTERLEUKINS","Reactome",0.000499750124937531,0.00155988625770791,1.66299174595727e-05,2.7958196406826,TRUE,9,0.111111111111111,"GOMF_CYTOKINE_ACTIVITY",FALSE,"WT_heat_up","hypoxia_anchored"
"IL1RN","REACTOME_SIGNALING_BY_INTERLEUKINS","Reactome",0.000499750124937531,0.00155988625770791,1.66299174595727e-05,2.7958196406826,TRUE,4,0.25,"GOMF_CYTOKINE_ACTIVITY",FALSE,"WT_heat_up","hypoxia_anchored"
"IL2","REACTOME_SIGNALING_BY_INTERLEUKINS","Reactome",0.000499750124937531,0.00155988625770791,1.66299174595727e-05,2.7958196406826,TRUE,6,0.166666666666667,"GOMF_CYTOKINE_ACTIVITY",FALSE,"WT_heat_up","hypoxia_anchored"
"IL23A","REACTOME_SIGNALING_BY_INTERLEUKINS","Reactome",0.000499750124937531,0.00155988625770791,1.66299174595727e-05,2.7958196406826,TRUE,6,0.166666666666667,"GOMF_CYTOKINE_ACTIVITY",FALSE,"WT_heat_up","hypoxia_anchored"
"IL24","REACTOME_SIGNALING_BY_INTERLEUKINS","Reactome",0.000499750124937531,0.00155988625770791,1.66299174595727e-05,2.7958196406826,TRUE,2,0.5,"GOMF_CYTOKINE_ACTIVITY",FALSE,"WT_heat_up","hypoxia_anchored"
"IL3","REACTOME_SIGNALING_BY_INTERLEUKINS","Reactome",0.000499750124937531,0.00155988625770791,1.66299174595727e-05,2.7958196406826,TRUE,3,0.333333333333333,"GOMF_CYTOKINE_ACTIVITY",FALSE,"WT_heat_up","hypoxia_anchored"
"IL9","REACTOME_SIGNALING_BY_INTERLEUKINS","Reactome",0.000499750124937531,0.00155988625770791,1.66299174595727e-05,2.7958196406826,TRUE,3,0.333333333333333,"GOMF_CYTOKINE_ACTIVITY",FALSE,"WT_heat_up","hypoxia_anchored"
"PTGS2","REACTOME_SIGNALING_BY_INTERLEUKINS","Reactome",0.000499750124937531,0.00155988625770791,1.66299174595727e-05,2.7958196406826,TRUE,8,0.125,"HALLMARK_TNFA_SIGNALING_VIA_NFKB",FALSE,"WT_heat_up","hypoxia_anchored"
"PTPN5","REACTOME_SIGNALING_BY_INTERLEUKINS","Reactome",0.000499750124937531,0.00155988625770791,1.66299174595727e-05,2.7958196406826,TRUE,1,1,"REACTOME_SIGNALING_BY_INTERLEUKINS",TRUE,"WT_heat_up","hypoxia_anchored"
"SDC1","REACTOME_SIGNALING_BY_INTERLEUKINS","Reactome",0.000499750124937531,0.00155988625770791,1.66299174595727e-05,2.7958196406826,TRUE,5,0.2,"REACTOME_SIGNALING_BY_INTERLEUKINS",TRUE,"WT_heat_up","hypoxia_anchored"
"TIMP1","REACTOME_SIGNALING_BY_INTERLEUKINS","Reactome",0.000499750124937531,0.00155988625770791,1.66299174595727e-05,2.7958196406826,TRUE,9,0.111111111111111,"GOMF_CYTOKINE_ACTIVITY",FALSE,"WT_heat_up","hypoxia_anchored"
"ADORA2A","REACTOME_CLASS_A_1_RHODOPSIN_LIKE_RECEPTORS","Reactome",0.000499750124937531,0.00287041323772998,3.6721704533859e-05,4.06571574121243,TRUE,4,0.25,"GOBP_REGULATION_OF_INFLAMMATORY_RESPONSE",FALSE,"WT_heat_up","hypoxia_anchored"
"ADORA2B","REACTOME_CLASS_A_1_RHODOPSIN_LIKE_RECEPTORS","Reactome",0.000499750124937531,0.00287041323772998,3.6721704533859e-05,4.06571574121243,TRUE,4,0.25,"HALLMARK_INFLAMMATORY_RESPONSE",FALSE,"WT_heat_up","hypoxia_anchored"
"AVPR1A","REACTOME_CLASS_A_1_RHODOPSIN_LIKE_RECEPTORS","Reactome",0.000499750124937531,0.00287041323772998,3.6721704533859e-05,4.06571574121243,TRUE,2,0.5,"GOMF_G_PROTEIN_COUPLED_RECEPTOR_BINDING",FALSE,"WT_heat_up","hypoxia_anchored"
"C3","REACTOME_CLASS_A_1_RHODOPSIN_LIKE_RECEPTORS","Reactome",0.000499750124937531,0.00287041323772998,3.6721704533859e-05,4.06571574121243,TRUE,8,0.125,"GOMF_CYTOKINE_ACTIVITY",FALSE,"WT_heat_up","hypoxia_anchored"
"CCL20","REACTOME_CLASS_A_1_RHODOPSIN_LIKE_RECEPTORS","Reactome",0.000499750124937531,0.00287041323772998,3.6721704533859e-05,4.06571574121243,TRUE,11,0.0909090909090909,"GOMF_CYTOKINE_ACTIVITY",FALSE,"WT_heat_up","hypoxia_anchored"
"CCL22","REACTOME_CLASS_A_1_RHODOPSIN_LIKE_RECEPTORS","Reactome",0.000499750124937531,0.00287041323772998,3.6721704533859e-05,4.06571574121243,TRUE,11,0.0909090909090909,"GOMF_CYTOKINE_ACTIVITY",FALSE,"WT_heat_up","hypoxia_anchored"
"CCL3","REACTOME_CLASS_A_1_RHODOPSIN_LIKE_RECEPTORS","Reactome",0.000499750124937531,0.00287041323772998,3.6721704533859e-05,4.06571574121243,TRUE,10,0.1,"GOMF_CYTOKINE_ACTIVITY",FALSE,"WT_heat_up","hypoxia_anchored"
"CCL4","REACTOME_CLASS_A_1_RHODOPSIN_LIKE_RECEPTORS","Reactome",0.000499750124937531,0.00287041323772998,3.6721704533859e-05,4.06571574121243,TRUE,10,0.1,"GOMF_CYTOKINE_ACTIVITY",FALSE,"WT_heat_up","hypoxia_anchored"
"GPR183","REACTOME_CLASS_A_1_RHODOPSIN_LIKE_RECEPTORS","Reactome",0.000499750124937531,0.00287041323772998,3.6721704533859e-05,4.06571574121243,TRUE,4,0.25,"HALLMARK_TNFA_SIGNALING_VIA_NFKB",FALSE,"WT_heat_up","hypoxia_anchored"
"GRP","REACTOME_CLASS_A_1_RHODOPSIN_LIKE_RECEPTORS","Reactome",0.000499750124937531,0.00287041323772998,3.6721704533859e-05,4.06571574121243,TRUE,3,0.333333333333333,"REACTOME_CLASS_A_1_RHODOPSIN_LIKE_RECEPTORS",TRUE,"WT_heat_up","hypoxia_anchored"
"PTGER2","REACTOME_CLASS_A_1_RHODOPSIN_LIKE_RECEPTORS","Reactome",0.000499750124937531,0.00287041323772998,3.6721704533859e-05,4.06571574121243,TRUE,3,0.333333333333333,"HALLMARK_INFLAMMATORY_RESPONSE",FALSE,"WT_heat_up","hypoxia_anchored"
"S1PR3","REACTOME_CLASS_A_1_RHODOPSIN_LIKE_RECEPTORS","Reactome",0.000499750124937531,0.00287041323772998,3.6721704533859e-05,4.06571574121243,TRUE,1,1,"REACTOME_CLASS_A_1_RHODOPSIN_LIKE_RECEPTORS",TRUE,"WT_heat_up","hypoxia_anchored"
"HAVCR1","REACTOME_ATTACHMENT_AND_ENTRY","Reactome",0.000499750124937531,0.00362900223718649,5.41642124953208e-05,17.6181015452539,TRUE,2,0.5,"REACTOME_ATTACHMENT_AND_ENTRY",TRUE,"WT_heat_up","hypoxia_anchored"
"HSPG2","REACTOME_ATTACHMENT_AND_ENTRY","Reactome",0.000499750124937531,0.00362900223718649,5.41642124953208e-05,17.6181015452539,TRUE,3,0.333333333333333,"GOBP_NEGATIVE_REGULATION_OF_VASCULATURE_DEVELOPMENT",FALSE,"WT_heat_up","hypoxia_anchored"
"SDC1","REACTOME_ATTACHMENT_AND_ENTRY","Reactome",0.000499750124937531,0.00362900223718649,5.41642124953208e-05,17.6181015452539,TRUE,5,0.2,"REACTOME_SIGNALING_BY_INTERLEUKINS",FALSE,"WT_heat_up","hypoxia_anchored"
"SDC4","REACTOME_ATTACHMENT_AND_ENTRY","Reactome",0.000499750124937531,0.00362900223718649,5.41642124953208e-05,17.6181015452539,TRUE,5,0.2,"HALLMARK_TNFA_SIGNALING_VIA_NFKB",FALSE,"WT_heat_up","hypoxia_anchored"
"AREG","REACTOME_EGFR_DOWNREGULATION","Reactome",0.000499750124937531,0.0061371830085028,0.000130856780565092,9.7878341918077,TRUE,7,0.142857142857143,"GOMF_CYTOKINE_ACTIVITY",FALSE,"WT_heat_up","hypoxia_anchored"
"EGFR","REACTOME_EGFR_DOWNREGULATION","Reactome",0.000499750124937531,0.0061371830085028,0.000130856780565092,9.7878341918077,TRUE,4,0.25,"REACTOME_EGFR_DOWNREGULATION",TRUE,"WT_heat_up","hypoxia_anchored"
"HBEGF","REACTOME_EGFR_DOWNREGULATION","Reactome",0.000499750124937531,0.0061371830085028,0.000130856780565092,9.7878341918077,TRUE,8,0.125,"HALLMARK_TNFA_SIGNALING_VIA_NFKB",FALSE,"WT_heat_up","hypoxia_anchored"
"SH3GL3","REACTOME_EGFR_DOWNREGULATION","Reactome",0.000499750124937531,0.0061371830085028,0.000130856780565092,9.7878341918077,TRUE,2,0.5,"REACTOME_NGF_STIMULATED_TRANSCRIPTION",FALSE,"WT_heat_up","hypoxia_anchored"
"SPRY1","REACTOME_EGFR_DOWNREGULATION","Reactome",0.000499750124937531,0.0061371830085028,0.000130856780565092,9.7878341918077,TRUE,1,1,"REACTOME_EGFR_DOWNREGULATION",TRUE,"WT_heat_up","hypoxia_anchored"
"AREG","REACTOME_PI3K_AKT_SIGNALING_IN_CANCER","Reactome",0.000499750124937531,0.00812059599139218,0.000207776443276559,4.91667950100108,TRUE,7,0.142857142857143,"GOMF_CYTOKINE_ACTIVITY",FALSE,"WT_heat_up","hypoxia_anchored"
"CD80","REACTOME_PI3K_AKT_SIGNALING_IN_CANCER","Reactome",0.000499750124937531,0.00812059599139218,0.000207776443276559,4.91667950100108,TRUE,5,0.2,"HALLMARK_TNFA_SIGNALING_VIA_NFKB",FALSE,"WT_heat_up","hypoxia_anchored"
"CDKN1A","REACTOME_PI3K_AKT_SIGNALING_IN_CANCER","Reactome",0.000499750124937531,0.00812059599139218,0.000207776443276559,4.91667950100108,TRUE,7,0.142857142857143,"HALLMARK_TNFA_SIGNALING_VIA_NFKB",FALSE,"WT_heat_up","hypoxia_anchored"
"EGFR","REACTOME_PI3K_AKT_SIGNALING_IN_CANCER","Reactome",0.000499750124937531,0.00812059599139218,0.000207776443276559,4.91667950100108,TRUE,4,0.25,"REACTOME_EGFR_DOWNREGULATION",FALSE,"WT_heat_up","hypoxia_anchored"
"HBEGF","REACTOME_PI3K_AKT_SIGNALING_IN_CANCER","Reactome",0.000499750124937531,0.00812059599139218,0.000207776443276559,4.91667950100108,TRUE,8,0.125,"HALLMARK_TNFA_SIGNALING_VIA_NFKB",FALSE,"WT_heat_up","hypoxia_anchored"
"NR4A1","REACTOME_PI3K_AKT_SIGNALING_IN_CANCER","Reactome",0.000499750124937531,0.00812059599139218,0.000207776443276559,4.91667950100108,TRUE,5,0.2,"HALLMARK_TNFA_SIGNALING_VIA_NFKB",FALSE,"WT_heat_up","hypoxia_anchored"
"PDGFB","REACTOME_PI3K_AKT_SIGNALING_IN_CANCER","Reactome",0.000499750124937531,0.00812059599139218,0.000207776443276559,4.91667950100108,TRUE,6,0.166666666666667,"GOBP_TAXIS",FALSE,"WT_heat_up","hypoxia_anchored"
"PIK3AP1","REACTOME_PI3K_AKT_SIGNALING_IN_CANCER","Reactome",0.000499750124937531,0.00812059599139218,0.000207776443276559,4.91667950100108,TRUE,2,0.5,"GOBP_REGULATION_OF_INFLAMMATORY_RESPONSE",FALSE,"WT_heat_up","hypoxia_anchored"
"CCL22","REACTOME_INTERLEUKIN_4_AND_INTERLEUKIN_13_SIGNALING","Reactome",0.000499750124937531,0.0135294906125163,0.000412456323316083,4.45088881143255,TRUE,11,0.0909090909090909,"GOMF_CYTOKINE_ACTIVITY",FALSE,"WT_heat_up","hypoxia_anchored"
"CDKN1A","REACTOME_INTERLEUKIN_4_AND_INTERLEUKIN_13_SIGNALING","Reactome",0.000499750124937531,0.0135294906125163,0.000412456323316083,4.45088881143255,TRUE,7,0.142857142857143,"HALLMARK_TNFA_SIGNALING_VIA_NFKB",FALSE,"WT_heat_up","hypoxia_anchored"
"FASLG","REACTOME_INTERLEUKIN_4_AND_INTERLEUKIN_13_SIGNALING","Reactome",0.000499750124937531,0.0135294906125163,0.000412456323316083,4.45088881143255,TRUE,7,0.142857142857143,"GOMF_CYTOKINE_ACTIVITY",FALSE,"WT_heat_up","hypoxia_anchored"
"IL17F","REACTOME_INTERLEUKIN_4_AND_INTERLEUKIN_13_SIGNALING","Reactome",0.000499750124937531,0.0135294906125163,0.000412456323316083,4.45088881143255,TRUE,5,0.2,"GOMF_CYTOKINE_ACTIVITY",FALSE,"WT_heat_up","hypoxia_anchored"
"IL1A","REACTOME_INTERLEUKIN_4_AND_INTERLEUKIN_13_SIGNALING","Reactome",0.000499750124937531,0.0135294906125163,0.000412456323316083,4.45088881143255,TRUE,9,0.111111111111111,"GOMF_CYTOKINE_ACTIVITY",FALSE,"WT_heat_up","hypoxia_anchored"
"IL23A","REACTOME_INTERLEUKIN_4_AND_INTERLEUKIN_13_SIGNALING","Reactome",0.000499750124937531,0.0135294906125163,0.000412456323316083,4.45088881143255,TRUE,6,0.166666666666667,"GOMF_CYTOKINE_ACTIVITY",FALSE,"WT_heat_up","hypoxia_anchored"
"PTGS2","REACTOME_INTERLEUKIN_4_AND_INTERLEUKIN_13_SIGNALING","Reactome",0.000499750124937531,0.0135294906125163,0.000412456323316083,4.45088881143255,TRUE,8,0.125,"HALLMARK_TNFA_SIGNALING_VIA_NFKB",FALSE,"WT_heat_up","hypoxia_anchored"
"TIMP1","REACTOME_INTERLEUKIN_4_AND_INTERLEUKIN_13_SIGNALING","Reactome",0.000499750124937531,0.0135294906125163,0.000412456323316083,4.45088881143255,TRUE,9,0.111111111111111,"GOMF_CYTOKINE_ACTIVITY",FALSE,"WT_heat_up","hypoxia_anchored"
"ANXA2","REACTOME_DEVELOPMENTAL_CELL_LINEAGES","Reactome",0.000499750124937531,0.0135294906125163,0.000432712919376855,5.06822099247029,TRUE,8,0.125,"REACTOME_SIGNALING_BY_INTERLEUKINS",FALSE,"WT_heat_up","hypoxia_anchored"
"ANXA3","REACTOME_DEVELOPMENTAL_CELL_LINEAGES","Reactome",0.000499750124937531,0.0135294906125163,0.000432712919376855,5.06822099247029,TRUE,3,0.333333333333333,"GOMF_CALCIUM_DEPENDENT_PHOSPHOLIPID_BINDING",FALSE,"WT_heat_up","hypoxia_anchored"
"AREG","REACTOME_DEVELOPMENTAL_CELL_LINEAGES","Reactome",0.000499750124937531,0.0135294906125163,0.000432712919376855,5.06822099247029,TRUE,7,0.142857142857143,"GOMF_CYTOKINE_ACTIVITY",FALSE,"WT_heat_up","hypoxia_anchored"
"EGFR","REACTOME_DEVELOPMENTAL_CELL_LINEAGES","Reactome",0.000499750124937531,0.0135294906125163,0.000432712919376855,5.06822099247029,TRUE,4,0.25,"REACTOME_EGFR_DOWNREGULATION",FALSE,"WT_heat_up","hypoxia_anchored"
"EPCAM","REACTOME_DEVELOPMENTAL_CELL_LINEAGES","Reactome",0.000499750124937531,0.0135294906125163,0.000432712919376855,5.06822099247029,TRUE,1,1,"REACTOME_DEVELOPMENTAL_CELL_LINEAGES",TRUE,"WT_heat_up","hypoxia_anchored"
"LAMC2","REACTOME_DEVELOPMENTAL_CELL_LINEAGES","Reactome",0.000499750124937531,0.0135294906125163,0.000432712919376855,5.06822099247029,TRUE,3,0.333333333333333,"REACTOME_DEVELOPMENTAL_CELL_LINEAGES",TRUE,"WT_heat_up","hypoxia_anchored"
"YAP1","REACTOME_DEVELOPMENTAL_CELL_LINEAGES","Reactome",0.000499750124937531,0.0135294906125163,0.000432712919376855,5.06822099247029,TRUE,1,1,"REACTOME_DEVELOPMENTAL_CELL_LINEAGES",TRUE,"WT_heat_up","hypoxia_anchored"
"ADAM8","GOBP_RESPONSE_TO_OXYGEN_LEVELS","GO_BP",NA,NA,NA,NA,FALSE,6,0.166666666666667,"GOBP_TAXIS",FALSE,"WT_heat_up","hypoxia_anchored"
"AK4","GOBP_RESPONSE_TO_OXYGEN_LEVELS","GO_BP",NA,NA,NA,NA,FALSE,3,0.333333333333333,"HALLMARK_HYPOXIA",FALSE,"WT_heat_up","hypoxia_anchored"
"EGR1","GOBP_RESPONSE_TO_OXYGEN_LEVELS","GO_BP",NA,NA,NA,NA,FALSE,4,0.25,"HALLMARK_TNFA_SIGNALING_VIA_NFKB",FALSE,"WT_heat_up","hypoxia_anchored"
"FOSL2","GOBP_RESPONSE_TO_OXYGEN_LEVELS","GO_BP",NA,NA,NA,NA,FALSE,4,0.25,"HALLMARK_TNFA_SIGNALING_VIA_NFKB",FALSE,"WT_heat_up","hypoxia_anchored"
"HK2","GOBP_RESPONSE_TO_OXYGEN_LEVELS","GO_BP",NA,NA,NA,NA,FALSE,3,0.333333333333333,"HALLMARK_HYPOXIA",FALSE,"WT_heat_up","hypoxia_anchored"
"INHBA","GOBP_RESPONSE_TO_OXYGEN_LEVELS","GO_BP",NA,NA,NA,NA,FALSE,10,0.1,"GOMF_CYTOKINE_ACTIVITY",FALSE,"WT_heat_up","hypoxia_anchored"
"LTA","GOBP_RESPONSE_TO_OXYGEN_LEVELS","GO_BP",NA,NA,NA,NA,FALSE,7,0.142857142857143,"GOMF_CYTOKINE_ACTIVITY",FALSE,"WT_heat_up","hypoxia_anchored"
"NPPC","GOBP_RESPONSE_TO_OXYGEN_LEVELS","GO_BP",NA,NA,NA,NA,FALSE,2,0.5,"GOMF_HORMONE_ACTIVITY",FALSE,"WT_heat_up","hypoxia_anchored"
"NR4A2","GOBP_RESPONSE_TO_OXYGEN_LEVELS","GO_BP",NA,NA,NA,NA,FALSE,4,0.25,"HALLMARK_TNFA_SIGNALING_VIA_NFKB",FALSE,"WT_heat_up","hypoxia_anchored"
"PAK1","GOBP_RESPONSE_TO_OXYGEN_LEVELS","GO_BP",NA,NA,NA,NA,FALSE,1,1,"GOBP_RESPONSE_TO_OXYGEN_LEVELS",TRUE,"WT_heat_up","hypoxia_anchored"
"PTGS2","GOBP_RESPONSE_TO_OXYGEN_LEVELS","GO_BP",NA,NA,NA,NA,FALSE,8,0.125,"HALLMARK_TNFA_SIGNALING_VIA_NFKB",FALSE,"WT_heat_up","hypoxia_anchored"
"ADAM8","GOBP_CELLULAR_RESPONSE_TO_OXYGEN_LEVELS","GO_BP",NA,NA,NA,NA,FALSE,6,0.166666666666667,"GOBP_TAXIS",FALSE,"WT_heat_up","hypoxia_anchored"
"AK4","GOBP_CELLULAR_RESPONSE_TO_OXYGEN_LEVELS","GO_BP",NA,NA,NA,NA,FALSE,3,0.333333333333333,"HALLMARK_HYPOXIA",FALSE,"WT_heat_up","hypoxia_anchored"
"INHBA","GOBP_CELLULAR_RESPONSE_TO_OXYGEN_LEVELS","GO_BP",NA,NA,NA,NA,FALSE,10,0.1,"GOMF_CYTOKINE_ACTIVITY",FALSE,"WT_heat_up","hypoxia_anchored"
"PTGS2","GOBP_CELLULAR_RESPONSE_TO_OXYGEN_LEVELS","GO_BP",NA,NA,NA,NA,FALSE,8,0.125,"HALLMARK_TNFA_SIGNALING_VIA_NFKB",FALSE,"WT_heat_up","hypoxia_anchored"
"ACTBL2","not claimed by any selected set","not claimed by any selected set",NA,NA,NA,NA,NA,0,1,"not claimed by any selected set",TRUE,"WT_heat_up","hypoxia_anchored"
"ADCY4","not claimed by any selected set","not claimed by any selected set",NA,NA,NA,NA,NA,0,1,"not claimed by any selected set",TRUE,"WT_heat_up","hypoxia_anchored"
"ANKRD33B","not claimed by any selected set","not claimed by any selected set",NA,NA,NA,NA,NA,0,1,"not claimed by any selected set",TRUE,"WT_heat_up","hypoxia_anchored"
"ARHGEF25","not claimed by any selected set","not claimed by any selected set",NA,NA,NA,NA,NA,0,1,"not claimed by any selected set",TRUE,"WT_heat_up","hypoxia_anchored"
"ASB2","not claimed by any selected set","not claimed by any selected set",NA,NA,NA,NA,NA,0,1,"not claimed by any selected set",TRUE,"WT_heat_up","hypoxia_anchored"
"B3GNT5","not claimed by any selected set","not claimed by any selected set",NA,NA,NA,NA,NA,0,1,"not claimed by any selected set",TRUE,"WT_heat_up","hypoxia_anchored"
"BCAM","not claimed by any selected set","not claimed by any selected set",NA,NA,NA,NA,NA,0,1,"not claimed by any selected set",TRUE,"WT_heat_up","hypoxia_anchored"
"C11orf86","not claimed by any selected set","not claimed by any selected set",NA,NA,NA,NA,NA,0,1,"not claimed by any selected set",TRUE,"WT_heat_up","hypoxia_anchored"
"C15orf48","not claimed by any selected set","not claimed by any selected set",NA,NA,NA,NA,NA,0,1,"not claimed by any selected set",TRUE,"WT_heat_up","hypoxia_anchored"
"C22orf15","not claimed by any selected set","not claimed by any selected set",NA,NA,NA,NA,NA,0,1,"not claimed by any selected set",TRUE,"WT_heat_up","hypoxia_anchored"
"CD53","not claimed by any selected set","not claimed by any selected set",NA,NA,NA,NA,NA,0,1,"not claimed by any selected set",TRUE,"WT_heat_up","hypoxia_anchored"
"CLDN4","not claimed by any selected set","not claimed by any selected set",NA,NA,NA,NA,NA,0,1,"not claimed by any selected set",TRUE,"WT_heat_up","hypoxia_anchored"
"CPM","not claimed by any selected set","not claimed by any selected set",NA,NA,NA,NA,NA,0,1,"not claimed by any selected set",TRUE,"WT_heat_up","hypoxia_anchored"
"CRABP2","not claimed by any selected set","not claimed by any selected set",NA,NA,NA,NA,NA,0,1,"not claimed by any selected set",TRUE,"WT_heat_up","hypoxia_anchored"
"CTH","not claimed by any selected set","not claimed by any selected set",NA,NA,NA,NA,NA,0,1,"not claimed by any selected set",TRUE,"WT_heat_up","hypoxia_anchored"
"CYSTM1","not claimed by any selected set","not claimed by any selected set",NA,NA,NA,NA,NA,0,1,"not claimed by any selected set",TRUE,"WT_heat_up","hypoxia_anchored"
"DENND3","not claimed by any selected set","not claimed by any selected set",NA,NA,NA,NA,NA,0,1,"not claimed by any selected set",TRUE,"WT_heat_up","hypoxia_anchored"
"DMWD","not claimed by any selected set","not claimed by any selected set",NA,NA,NA,NA,NA,0,1,"not claimed by any selected set",TRUE,"WT_heat_up","hypoxia_anchored"
"DNAH7","not claimed by any selected set","not claimed by any selected set",NA,NA,NA,NA,NA,0,1,"not claimed by any selected set",TRUE,"WT_heat_up","hypoxia_anchored"
"EBF1","not claimed by any selected set","not claimed by any selected set",NA,NA,NA,NA,NA,0,1,"not claimed by any selected set",TRUE,"WT_heat_up","hypoxia_anchored"
"EHD2","not claimed by any selected set","not claimed by any selected set",NA,NA,NA,NA,NA,0,1,"not claimed by any selected set",TRUE,"WT_heat_up","hypoxia_anchored"
"FAM110C","not claimed by any selected set","not claimed by any selected set",NA,NA,NA,NA,NA,0,1,"not claimed by any selected set",TRUE,"WT_heat_up","hypoxia_anchored"
"FAM83G","not claimed by any selected set","not claimed by any selected set",NA,NA,NA,NA,NA,0,1,"not claimed by any selected set",TRUE,"WT_heat_up","hypoxia_anchored"
"GATM","not claimed by any selected set","not claimed by any selected set",NA,NA,NA,NA,NA,0,1,"not claimed by any selected set",TRUE,"WT_heat_up","hypoxia_anchored"
"GFI1","not claimed by any selected set","not claimed by any selected set",NA,NA,NA,NA,NA,0,1,"not claimed by any selected set",TRUE,"WT_heat_up","hypoxia_anchored"
"GJA5","not claimed by any selected set","not claimed by any selected set",NA,NA,NA,NA,NA,0,1,"not claimed by any selected set",TRUE,"WT_heat_up","hypoxia_anchored"
"GPRC5A","not claimed by any selected set","not claimed by any selected set",NA,NA,NA,NA,NA,0,1,"not claimed by any selected set",TRUE,"WT_heat_up","hypoxia_anchored"
"GPRIN2","not claimed by any selected set","not claimed by any selected set",NA,NA,NA,NA,NA,0,1,"not claimed by any selected set",TRUE,"WT_heat_up","hypoxia_anchored"
"HSPH1","not claimed by any selected set","not claimed by any selected set",NA,NA,NA,NA,NA,0,1,"not claimed by any selected set",TRUE,"WT_heat_up","hypoxia_anchored"
"IDI2","not claimed by any selected set","not claimed by any selected set",NA,NA,NA,NA,NA,0,1,"not claimed by any selected set",TRUE,"WT_heat_up","hypoxia_anchored"
"IGF2BP2","not claimed by any selected set","not claimed by any selected set",NA,NA,NA,NA,NA,0,1,"not claimed by any selected set",TRUE,"WT_heat_up","hypoxia_anchored"
"IGKC","not claimed by any selected set","not claimed by any selected set",NA,NA,NA,NA,NA,0,1,"not claimed by any selected set",TRUE,"WT_heat_up","hypoxia_anchored"
"ILDR1","not claimed by any selected set","not claimed by any selected set",NA,NA,NA,NA,NA,0,1,"not claimed by any selected set",TRUE,"WT_heat_up","hypoxia_anchored"
"KLRC1","not claimed by any selected set","not claimed by any selected set",NA,NA,NA,NA,NA,0,1,"not claimed by any selected set",TRUE,"WT_heat_up","hypoxia_anchored"
"MAB21L3","not claimed by any selected set","not claimed by any selected set",NA,NA,NA,NA,NA,0,1,"not claimed by any selected set",TRUE,"WT_heat_up","hypoxia_anchored"
"MCF2L","not claimed by any selected set","not claimed by any selected set",NA,NA,NA,NA,NA,0,1,"not claimed by any selected set",TRUE,"WT_heat_up","hypoxia_anchored"
"MOCOS","not claimed by any selected set","not claimed by any selected set",NA,NA,NA,NA,NA,0,1,"not claimed by any selected set",TRUE,"WT_heat_up","hypoxia_anchored"
"MST1R","not claimed by any selected set","not claimed by any selected set",NA,NA,NA,NA,NA,0,1,"not claimed by any selected set",TRUE,"WT_heat_up","hypoxia_anchored"
"MYO16","not claimed by any selected set","not claimed by any selected set",NA,NA,NA,NA,NA,0,1,"not claimed by any selected set",TRUE,"WT_heat_up","hypoxia_anchored"
"NEB","not claimed by any selected set","not claimed by any selected set",NA,NA,NA,NA,NA,0,1,"not claimed by any selected set",TRUE,"WT_heat_up","hypoxia_anchored"
"NEO1","not claimed by any selected set","not claimed by any selected set",NA,NA,NA,NA,NA,0,1,"not claimed by any selected set",TRUE,"WT_heat_up","hypoxia_anchored"
"NOTCH3","not claimed by any selected set","not claimed by any selected set",NA,NA,NA,NA,NA,0,1,"not claimed by any selected set",TRUE,"WT_heat_up","hypoxia_anchored"
"NPR3","not claimed by any selected set","not claimed by any selected set",NA,NA,NA,NA,NA,0,1,"not claimed by any selected set",TRUE,"WT_heat_up","hypoxia_anchored"
"OAF","not claimed by any selected set","not claimed by any selected set",NA,NA,NA,NA,NA,0,1,"not claimed by any selected set",TRUE,"WT_heat_up","hypoxia_anchored"
"OAS3","not claimed by any selected set","not claimed by any selected set",NA,NA,NA,NA,NA,0,1,"not claimed by any selected set",TRUE,"WT_heat_up","hypoxia_anchored"
"OPHN1","not claimed by any selected set","not claimed by any selected set",NA,NA,NA,NA,NA,0,1,"not claimed by any selected set",TRUE,"WT_heat_up","hypoxia_anchored"
"PKIB","not claimed by any selected set","not claimed by any selected set",NA,NA,NA,NA,NA,0,1,"not claimed by any selected set",TRUE,"WT_heat_up","hypoxia_anchored"
"PLA1A","not claimed by any selected set","not claimed by any selected set",NA,NA,NA,NA,NA,0,1,"not claimed by any selected set",TRUE,"WT_heat_up","hypoxia_anchored"
"PPEF1","not claimed by any selected set","not claimed by any selected set",NA,NA,NA,NA,NA,0,1,"not claimed by any selected set",TRUE,"WT_heat_up","hypoxia_anchored"
"PXDC1","not claimed by any selected set","not claimed by any selected set",NA,NA,NA,NA,NA,0,1,"not claimed by any selected set",TRUE,"WT_heat_up","hypoxia_anchored"
"RAB34","not claimed by any selected set","not claimed by any selected set",NA,NA,NA,NA,NA,0,1,"not claimed by any selected set",TRUE,"WT_heat_up","hypoxia_anchored"
"RIPK4","not claimed by any selected set","not claimed by any selected set",NA,NA,NA,NA,NA,0,1,"not claimed by any selected set",TRUE,"WT_heat_up","hypoxia_anchored"
"RNF152","not claimed by any selected set","not claimed by any selected set",NA,NA,NA,NA,NA,0,1,"not claimed by any selected set",TRUE,"WT_heat_up","hypoxia_anchored"
"SAMD4A","not claimed by any selected set","not claimed by any selected set",NA,NA,NA,NA,NA,0,1,"not claimed by any selected set",TRUE,"WT_heat_up","hypoxia_anchored"
"SH3PXD2B","not claimed by any selected set","not claimed by any selected set",NA,NA,NA,NA,NA,0,1,"not claimed by any selected set",TRUE,"WT_heat_up","hypoxia_anchored"
"SLC13A3","not claimed by any selected set","not claimed by any selected set",NA,NA,NA,NA,NA,0,1,"not claimed by any selected set",TRUE,"WT_heat_up","hypoxia_anchored"
"SLC35D3","not claimed by any selected set","not claimed by any selected set",NA,NA,NA,NA,NA,0,1,"not claimed by any selected set",TRUE,"WT_heat_up","hypoxia_anchored"
"SLC41A1","not claimed by any selected set","not claimed by any selected set",NA,NA,NA,NA,NA,0,1,"not claimed by any selected set",TRUE,"WT_heat_up","hypoxia_anchored"
"SLC4A11","not claimed by any selected set","not claimed by any selected set",NA,NA,NA,NA,NA,0,1,"not claimed by any selected set",TRUE,"WT_heat_up","hypoxia_anchored"
"SRXN1","not claimed by any selected set","not claimed by any selected set",NA,NA,NA,NA,NA,0,1,"not claimed by any selected set",TRUE,"WT_heat_up","hypoxia_anchored"
"TAL2","not claimed by any selected set","not claimed by any selected set",NA,NA,NA,NA,NA,0,1,"not claimed by any selected set",TRUE,"WT_heat_up","hypoxia_anchored"
"TANC2","not claimed by any selected set","not claimed by any selected set",NA,NA,NA,NA,NA,0,1,"not claimed by any selected set",TRUE,"WT_heat_up","hypoxia_anchored"
"TEX15","not claimed by any selected set","not claimed by any selected set",NA,NA,NA,NA,NA,0,1,"not claimed by any selected set",TRUE,"WT_heat_up","hypoxia_anchored"
"TGM1","not claimed by any selected set","not claimed by any selected set",NA,NA,NA,NA,NA,0,1,"not claimed by any selected set",TRUE,"WT_heat_up","hypoxia_anchored"
"TMEFF2","not claimed by any selected set","not claimed by any selected set",NA,NA,NA,NA,NA,0,1,"not claimed by any selected set",TRUE,"WT_heat_up","hypoxia_anchored"
"TMEM125","not claimed by any selected set","not claimed by any selected set",NA,NA,NA,NA,NA,0,1,"not claimed by any selected set",TRUE,"WT_heat_up","hypoxia_anchored"
"TMEM205","not claimed by any selected set","not claimed by any selected set",NA,NA,NA,NA,NA,0,1,"not claimed by any selected set",TRUE,"WT_heat_up","hypoxia_anchored"
"TRPM6","not claimed by any selected set","not claimed by any selected set",NA,NA,NA,NA,NA,0,1,"not claimed by any selected set",TRUE,"WT_heat_up","hypoxia_anchored"
"TTC39C","not claimed by any selected set","not claimed by any selected set",NA,NA,NA,NA,NA,0,1,"not claimed by any selected set",TRUE,"WT_heat_up","hypoxia_anchored"
"UAP1","not claimed by any selected set","not claimed by any selected set",NA,NA,NA,NA,NA,0,1,"not claimed by any selected set",TRUE,"WT_heat_up","hypoxia_anchored"
"VILL","not claimed by any selected set","not claimed by any selected set",NA,NA,NA,NA,NA,0,1,"not claimed by any selected set",TRUE,"WT_heat_up","hypoxia_anchored"
"ZBTB32","not claimed by any selected set","not claimed by any selected set",NA,NA,NA,NA,NA,0,1,"not claimed by any selected set",TRUE,"WT_heat_up","hypoxia_anchored"
"ZNF583","not claimed by any selected set","not claimed by any selected set",NA,NA,NA,NA,NA,0,1,"not claimed by any selected set",TRUE,"WT_heat_up","hypoxia_anchored"
"AREG","HALLMARK_TNFA_SIGNALING_VIA_NFKB","Hallmark",0.000499750124937531,3.85736567522042e-16,8.97061784934982e-18,5.8109419280465,TRUE,6,0.166666666666667,"GOMF_CYTOKINE_ACTIVITY",FALSE,"KO_heat_up","unpinned"
"CCL20","HALLMARK_TNFA_SIGNALING_VIA_NFKB","Hallmark",0.000499750124937531,3.85736567522042e-16,8.97061784934982e-18,5.8109419280465,TRUE,10,0.1,"GOMF_CYTOKINE_ACTIVITY",FALSE,"KO_heat_up","unpinned"
"CCL4","HALLMARK_TNFA_SIGNALING_VIA_NFKB","Hallmark",0.000499750124937531,3.85736567522042e-16,8.97061784934982e-18,5.8109419280465,TRUE,8,0.125,"GOMF_CYTOKINE_ACTIVITY",FALSE,"KO_heat_up","unpinned"
"CCN1","HALLMARK_TNFA_SIGNALING_VIA_NFKB","Hallmark",0.000499750124937531,3.85736567522042e-16,8.97061784934982e-18,5.8109419280465,TRUE,5,0.2,"HALLMARK_TNFA_SIGNALING_VIA_NFKB",TRUE,"KO_heat_up","unpinned"
"CD80","HALLMARK_TNFA_SIGNALING_VIA_NFKB","Hallmark",0.000499750124937531,3.85736567522042e-16,8.97061784934982e-18,5.8109419280465,TRUE,5,0.2,"HALLMARK_TNFA_SIGNALING_VIA_NFKB",TRUE,"KO_heat_up","unpinned"
"CD83","HALLMARK_TNFA_SIGNALING_VIA_NFKB","Hallmark",0.000499750124937531,3.85736567522042e-16,8.97061784934982e-18,5.8109419280465,TRUE,2,0.5,"HALLMARK_TNFA_SIGNALING_VIA_NFKB",TRUE,"KO_heat_up","unpinned"
"CDKN1A","HALLMARK_TNFA_SIGNALING_VIA_NFKB","Hallmark",0.000499750124937531,3.85736567522042e-16,8.97061784934982e-18,5.8109419280465,TRUE,6,0.166666666666667,"HALLMARK_TNFA_SIGNALING_VIA_NFKB",TRUE,"KO_heat_up","unpinned"
"CSF2","HALLMARK_TNFA_SIGNALING_VIA_NFKB","Hallmark",0.000499750124937531,3.85736567522042e-16,8.97061784934982e-18,5.8109419280465,TRUE,7,0.142857142857143,"GOMF_CYTOKINE_ACTIVITY",FALSE,"KO_heat_up","unpinned"
"EGR1","HALLMARK_TNFA_SIGNALING_VIA_NFKB","Hallmark",0.000499750124937531,3.85736567522042e-16,8.97061784934982e-18,5.8109419280465,TRUE,2,0.5,"HALLMARK_TNFA_SIGNALING_VIA_NFKB",TRUE,"KO_heat_up","unpinned"
"EGR2","HALLMARK_TNFA_SIGNALING_VIA_NFKB","Hallmark",0.000499750124937531,3.85736567522042e-16,8.97061784934982e-18,5.8109419280465,TRUE,2,0.5,"HALLMARK_TNFA_SIGNALING_VIA_NFKB",TRUE,"KO_heat_up","unpinned"
"EGR3","HALLMARK_TNFA_SIGNALING_VIA_NFKB","Hallmark",0.000499750124937531,3.85736567522042e-16,8.97061784934982e-18,5.8109419280465,TRUE,3,0.333333333333333,"HALLMARK_TNFA_SIGNALING_VIA_NFKB",TRUE,"KO_heat_up","unpinned"
"F3","HALLMARK_TNFA_SIGNALING_VIA_NFKB","Hallmark",0.000499750124937531,3.85736567522042e-16,8.97061784934982e-18,5.8109419280465,TRUE,6,0.166666666666667,"HALLMARK_TNFA_SIGNALING_VIA_NFKB",TRUE,"KO_heat_up","unpinned"
"FOSL1","HALLMARK_TNFA_SIGNALING_VIA_NFKB","Hallmark",0.000499750124937531,3.85736567522042e-16,8.97061784934982e-18,5.8109419280465,TRUE,3,0.333333333333333,"HALLMARK_TNFA_SIGNALING_VIA_NFKB",TRUE,"KO_heat_up","unpinned"
"FOSL2","HALLMARK_TNFA_SIGNALING_VIA_NFKB","Hallmark",0.000499750124937531,3.85736567522042e-16,8.97061784934982e-18,5.8109419280465,TRUE,3,0.333333333333333,"HALLMARK_TNFA_SIGNALING_VIA_NFKB",TRUE,"KO_heat_up","unpinned"
"GFPT2","HALLMARK_TNFA_SIGNALING_VIA_NFKB","Hallmark",0.000499750124937531,3.85736567522042e-16,8.97061784934982e-18,5.8109419280465,TRUE,2,0.5,"HALLMARK_TNFA_SIGNALING_VIA_NFKB",TRUE,"KO_heat_up","unpinned"
"GPR183","HALLMARK_TNFA_SIGNALING_VIA_NFKB","Hallmark",0.000499750124937531,3.85736567522042e-16,8.97061784934982e-18,5.8109419280465,TRUE,4,0.25,"HALLMARK_TNFA_SIGNALING_VIA_NFKB",TRUE,"KO_heat_up","unpinned"
"HBEGF","HALLMARK_TNFA_SIGNALING_VIA_NFKB","Hallmark",0.000499750124937531,3.85736567522042e-16,8.97061784934982e-18,5.8109419280465,TRUE,8,0.125,"HALLMARK_TNFA_SIGNALING_VIA_NFKB",TRUE,"KO_heat_up","unpinned"
"IER3","HALLMARK_TNFA_SIGNALING_VIA_NFKB","Hallmark",0.000499750124937531,3.85736567522042e-16,8.97061784934982e-18,5.8109419280465,TRUE,4,0.25,"HALLMARK_TNFA_SIGNALING_VIA_NFKB",TRUE,"KO_heat_up","unpinned"
"IL1A","HALLMARK_TNFA_SIGNALING_VIA_NFKB","Hallmark",0.000499750124937531,3.85736567522042e-16,8.97061784934982e-18,5.8109419280465,TRUE,9,0.111111111111111,"GOMF_CYTOKINE_ACTIVITY",FALSE,"KO_heat_up","unpinned"
"IL23A","HALLMARK_TNFA_SIGNALING_VIA_NFKB","Hallmark",0.000499750124937531,3.85736567522042e-16,8.97061784934982e-18,5.8109419280465,TRUE,6,0.166666666666667,"GOMF_CYTOKINE_ACTIVITY",FALSE,"KO_heat_up","unpinned"
"INHBA","HALLMARK_TNFA_SIGNALING_VIA_NFKB","Hallmark",0.000499750124937531,3.85736567522042e-16,8.97061784934982e-18,5.8109419280465,TRUE,7,0.142857142857143,"GOMF_CYTOKINE_ACTIVITY",FALSE,"KO_heat_up","unpinned"
"KDM6B","HALLMARK_TNFA_SIGNALING_VIA_NFKB","Hallmark",0.000499750124937531,3.85736567522042e-16,8.97061784934982e-18,5.8109419280465,TRUE,1,1,"HALLMARK_TNFA_SIGNALING_VIA_NFKB",TRUE,"KO_heat_up","unpinned"
"NR4A1","HALLMARK_TNFA_SIGNALING_VIA_NFKB","Hallmark",0.000499750124937531,3.85736567522042e-16,8.97061784934982e-18,5.8109419280465,TRUE,3,0.333333333333333,"HALLMARK_TNFA_SIGNALING_VIA_NFKB",TRUE,"KO_heat_up","unpinned"
"NR4A2","HALLMARK_TNFA_SIGNALING_VIA_NFKB","Hallmark",0.000499750124937531,3.85736567522042e-16,8.97061784934982e-18,5.8109419280465,TRUE,1,1,"HALLMARK_TNFA_SIGNALING_VIA_NFKB",TRUE,"KO_heat_up","unpinned"
"NR4A3","HALLMARK_TNFA_SIGNALING_VIA_NFKB","Hallmark",0.000499750124937531,3.85736567522042e-16,8.97061784934982e-18,5.8109419280465,TRUE,3,0.333333333333333,"HALLMARK_TNFA_SIGNALING_VIA_NFKB",TRUE,"KO_heat_up","unpinned"
"OLR1","HALLMARK_TNFA_SIGNALING_VIA_NFKB","Hallmark",0.000499750124937531,3.85736567522042e-16,8.97061784934982e-18,5.8109419280465,TRUE,4,0.25,"HALLMARK_TNFA_SIGNALING_VIA_NFKB",TRUE,"KO_heat_up","unpinned"
"PLAUR","HALLMARK_TNFA_SIGNALING_VIA_NFKB","Hallmark",0.000499750124937531,3.85736567522042e-16,8.97061784934982e-18,5.8109419280465,TRUE,9,0.111111111111111,"HALLMARK_TNFA_SIGNALING_VIA_NFKB",TRUE,"KO_heat_up","unpinned"
"PLEK","HALLMARK_TNFA_SIGNALING_VIA_NFKB","Hallmark",0.000499750124937531,3.85736567522042e-16,8.97061784934982e-18,5.8109419280465,TRUE,4,0.25,"HALLMARK_TNFA_SIGNALING_VIA_NFKB",TRUE,"KO_heat_up","unpinned"
"PLK2","HALLMARK_TNFA_SIGNALING_VIA_NFKB","Hallmark",0.000499750124937531,3.85736567522042e-16,8.97061784934982e-18,5.8109419280465,TRUE,3,0.333333333333333,"HALLMARK_TNFA_SIGNALING_VIA_NFKB",TRUE,"KO_heat_up","unpinned"
"SDC4","HALLMARK_TNFA_SIGNALING_VIA_NFKB","Hallmark",0.000499750124937531,3.85736567522042e-16,8.97061784934982e-18,5.8109419280465,TRUE,5,0.2,"HALLMARK_TNFA_SIGNALING_VIA_NFKB",TRUE,"KO_heat_up","unpinned"
"SERPINE1","HALLMARK_TNFA_SIGNALING_VIA_NFKB","Hallmark",0.000499750124937531,3.85736567522042e-16,8.97061784934982e-18,5.8109419280465,TRUE,11,0.0909090909090909,"HALLMARK_TNFA_SIGNALING_VIA_NFKB",TRUE,"KO_heat_up","unpinned"
"SPHK1","HALLMARK_TNFA_SIGNALING_VIA_NFKB","Hallmark",0.000499750124937531,3.85736567522042e-16,8.97061784934982e-18,5.8109419280465,TRUE,4,0.25,"HALLMARK_TNFA_SIGNALING_VIA_NFKB",TRUE,"KO_heat_up","unpinned"
"TNFSF9","HALLMARK_TNFA_SIGNALING_VIA_NFKB","Hallmark",0.000499750124937531,3.85736567522042e-16,8.97061784934982e-18,5.8109419280465,TRUE,5,0.2,"GOMF_CYTOKINE_ACTIVITY",FALSE,"KO_heat_up","unpinned"
"ADM","HALLMARK_INFLAMMATORY_RESPONSE","Hallmark",0.000499750124937531,1.77892016624575e-07,8.27404728486398e-09,4.25478059025091,TRUE,5,0.2,"HALLMARK_INFLAMMATORY_RESPONSE",TRUE,"KO_heat_up","unpinned"
"ADORA2B","HALLMARK_INFLAMMATORY_RESPONSE","Hallmark",0.000499750124937531,1.77892016624575e-07,8.27404728486398e-09,4.25478059025091,TRUE,5,0.2,"HALLMARK_INFLAMMATORY_RESPONSE",TRUE,"KO_heat_up","unpinned"
"CCL20","HALLMARK_INFLAMMATORY_RESPONSE","Hallmark",0.000499750124937531,1.77892016624575e-07,8.27404728486398e-09,4.25478059025091,TRUE,10,0.1,"GOMF_CYTOKINE_ACTIVITY",FALSE,"KO_heat_up","unpinned"
"CCL22","HALLMARK_INFLAMMATORY_RESPONSE","Hallmark",0.000499750124937531,1.77892016624575e-07,8.27404728486398e-09,4.25478059025091,TRUE,8,0.125,"GOMF_CYTOKINE_ACTIVITY",FALSE,"KO_heat_up","unpinned"
"CD70","HALLMARK_INFLAMMATORY_RESPONSE","Hallmark",0.000499750124937531,1.77892016624575e-07,8.27404728486398e-09,4.25478059025091,TRUE,2,0.5,"HALLMARK_INFLAMMATORY_RESPONSE",TRUE,"KO_heat_up","unpinned"
"CDKN1A","HALLMARK_INFLAMMATORY_RESPONSE","Hallmark",0.000499750124937531,1.77892016624575e-07,8.27404728486398e-09,4.25478059025091,TRUE,6,0.166666666666667,"HALLMARK_TNFA_SIGNALING_VIA_NFKB",FALSE,"KO_heat_up","unpinned"
"F3","HALLMARK_INFLAMMATORY_RESPONSE","Hallmark",0.000499750124937531,1.77892016624575e-07,8.27404728486398e-09,4.25478059025091,TRUE,6,0.166666666666667,"HALLMARK_TNFA_SIGNALING_VIA_NFKB",FALSE,"KO_heat_up","unpinned"
"GPR183","HALLMARK_INFLAMMATORY_RESPONSE","Hallmark",0.000499750124937531,1.77892016624575e-07,8.27404728486398e-09,4.25478059025091,TRUE,4,0.25,"HALLMARK_TNFA_SIGNALING_VIA_NFKB",FALSE,"KO_heat_up","unpinned"
"HBEGF","HALLMARK_INFLAMMATORY_RESPONSE","Hallmark",0.000499750124937531,1.77892016624575e-07,8.27404728486398e-09,4.25478059025091,TRUE,8,0.125,"HALLMARK_TNFA_SIGNALING_VIA_NFKB",FALSE,"KO_heat_up","unpinned"
"IL1A","HALLMARK_INFLAMMATORY_RESPONSE","Hallmark",0.000499750124937531,1.77892016624575e-07,8.27404728486398e-09,4.25478059025091,TRUE,9,0.111111111111111,"GOMF_CYTOKINE_ACTIVITY",FALSE,"KO_heat_up","unpinned"
"INHBA","HALLMARK_INFLAMMATORY_RESPONSE","Hallmark",0.000499750124937531,1.77892016624575e-07,8.27404728486398e-09,4.25478059025091,TRUE,7,0.142857142857143,"GOMF_CYTOKINE_ACTIVITY",FALSE,"KO_heat_up","unpinned"
"LTA","HALLMARK_INFLAMMATORY_RESPONSE","Hallmark",0.000499750124937531,1.77892016624575e-07,8.27404728486398e-09,4.25478059025091,TRUE,5,0.2,"GOMF_CYTOKINE_ACTIVITY",FALSE,"KO_heat_up","unpinned"
"OLR1","HALLMARK_INFLAMMATORY_RESPONSE","Hallmark",0.000499750124937531,1.77892016624575e-07,8.27404728486398e-09,4.25478059025091,TRUE,4,0.25,"HALLMARK_TNFA_SIGNALING_VIA_NFKB",FALSE,"KO_heat_up","unpinned"
"PLAUR","HALLMARK_INFLAMMATORY_RESPONSE","Hallmark",0.000499750124937531,1.77892016624575e-07,8.27404728486398e-09,4.25478059025091,TRUE,9,0.111111111111111,"HALLMARK_TNFA_SIGNALING_VIA_NFKB",FALSE,"KO_heat_up","unpinned"
"PTGER2","HALLMARK_INFLAMMATORY_RESPONSE","Hallmark",0.000499750124937531,1.77892016624575e-07,8.27404728486398e-09,4.25478059025091,TRUE,4,0.25,"HALLMARK_INFLAMMATORY_RESPONSE",TRUE,"KO_heat_up","unpinned"
"RGS16","HALLMARK_INFLAMMATORY_RESPONSE","Hallmark",0.000499750124937531,1.77892016624575e-07,8.27404728486398e-09,4.25478059025091,TRUE,5,0.2,"HALLMARK_INFLAMMATORY_RESPONSE",TRUE,"KO_heat_up","unpinned"
"SERPINE1","HALLMARK_INFLAMMATORY_RESPONSE","Hallmark",0.000499750124937531,1.77892016624575e-07,8.27404728486398e-09,4.25478059025091,TRUE,11,0.0909090909090909,"HALLMARK_TNFA_SIGNALING_VIA_NFKB",FALSE,"KO_heat_up","unpinned"
"SGMS2","HALLMARK_INFLAMMATORY_RESPONSE","Hallmark",0.000499750124937531,1.77892016624575e-07,8.27404728486398e-09,4.25478059025091,TRUE,1,1,"HALLMARK_INFLAMMATORY_RESPONSE",TRUE,"KO_heat_up","unpinned"
"SPHK1","HALLMARK_INFLAMMATORY_RESPONSE","Hallmark",0.000499750124937531,1.77892016624575e-07,8.27404728486398e-09,4.25478059025091,TRUE,4,0.25,"HALLMARK_TNFA_SIGNALING_VIA_NFKB",FALSE,"KO_heat_up","unpinned"
"TIMP1","HALLMARK_INFLAMMATORY_RESPONSE","Hallmark",0.000499750124937531,1.77892016624575e-07,8.27404728486398e-09,4.25478059025091,TRUE,10,0.1,"GOMF_CYTOKINE_ACTIVITY",FALSE,"KO_heat_up","unpinned"
"TNFSF9","HALLMARK_INFLAMMATORY_RESPONSE","Hallmark",0.000499750124937531,1.77892016624575e-07,8.27404728486398e-09,4.25478059025091,TRUE,5,0.2,"GOMF_CYTOKINE_ACTIVITY",FALSE,"KO_heat_up","unpinned"
"ADM","HALLMARK_HYPOXIA","Hallmark",0.00149925037481259,5.5739013715091e-06,3.88876839872728e-07,3.73700305810398,TRUE,5,0.2,"HALLMARK_INFLAMMATORY_RESPONSE",FALSE,"KO_heat_up","unpinned"
"ADORA2B","HALLMARK_HYPOXIA","Hallmark",0.00149925037481259,5.5739013715091e-06,3.88876839872728e-07,3.73700305810398,TRUE,5,0.2,"HALLMARK_INFLAMMATORY_RESPONSE",FALSE,"KO_heat_up","unpinned"
"AK4","HALLMARK_HYPOXIA","Hallmark",0.00149925037481259,5.5739013715091e-06,3.88876839872728e-07,3.73700305810398,TRUE,1,1,"HALLMARK_HYPOXIA",TRUE,"KO_heat_up","unpinned"
"ANXA2","HALLMARK_HYPOXIA","Hallmark",0.00149925037481259,5.5739013715091e-06,3.88876839872728e-07,3.73700305810398,TRUE,4,0.25,"GOBP_NEGATIVE_REGULATION_OF_COAGULATION",FALSE,"KO_heat_up","unpinned"
"CAVIN1","HALLMARK_HYPOXIA","Hallmark",0.00149925037481259,5.5739013715091e-06,3.88876839872728e-07,3.73700305810398,TRUE,1,1,"HALLMARK_HYPOXIA",TRUE,"KO_heat_up","unpinned"
"CCN1","HALLMARK_HYPOXIA","Hallmark",0.00149925037481259,5.5739013715091e-06,3.88876839872728e-07,3.73700305810398,TRUE,5,0.2,"HALLMARK_TNFA_SIGNALING_VIA_NFKB",FALSE,"KO_heat_up","unpinned"
"CDKN1A","HALLMARK_HYPOXIA","Hallmark",0.00149925037481259,5.5739013715091e-06,3.88876839872728e-07,3.73700305810398,TRUE,6,0.166666666666667,"HALLMARK_TNFA_SIGNALING_VIA_NFKB",FALSE,"KO_heat_up","unpinned"
"EGFR","HALLMARK_HYPOXIA","Hallmark",0.00149925037481259,5.5739013715091e-06,3.88876839872728e-07,3.73700305810398,TRUE,4,0.25,"REACTOME_EGFR_DOWNREGULATION",FALSE,"KO_heat_up","unpinned"
"F3","HALLMARK_HYPOXIA","Hallmark",0.00149925037481259,5.5739013715091e-06,3.88876839872728e-07,3.73700305810398,TRUE,6,0.166666666666667,"HALLMARK_TNFA_SIGNALING_VIA_NFKB",FALSE,"KO_heat_up","unpinned"
"FOSL2","HALLMARK_HYPOXIA","Hallmark",0.00149925037481259,5.5739013715091e-06,3.88876839872728e-07,3.73700305810398,TRUE,3,0.333333333333333,"HALLMARK_TNFA_SIGNALING_VIA_NFKB",FALSE,"KO_heat_up","unpinned"
"HK2","HALLMARK_HYPOXIA","Hallmark",0.00149925037481259,5.5739013715091e-06,3.88876839872728e-07,3.73700305810398,TRUE,2,0.5,"HALLMARK_HYPOXIA",TRUE,"KO_heat_up","unpinned"
"IER3","HALLMARK_HYPOXIA","Hallmark",0.00149925037481259,5.5739013715091e-06,3.88876839872728e-07,3.73700305810398,TRUE,4,0.25,"HALLMARK_TNFA_SIGNALING_VIA_NFKB",FALSE,"KO_heat_up","unpinned"
"P4HA2","HALLMARK_HYPOXIA","Hallmark",0.00149925037481259,5.5739013715091e-06,3.88876839872728e-07,3.73700305810398,TRUE,2,0.5,"REACTOME_EXTRACELLULAR_MATRIX_ORGANIZATION",FALSE,"KO_heat_up","unpinned"
"PDGFB","HALLMARK_HYPOXIA","Hallmark",0.00149925037481259,5.5739013715091e-06,3.88876839872728e-07,3.73700305810398,TRUE,8,0.125,"GOBP_TAXIS",FALSE,"KO_heat_up","unpinned"
"PLAUR","HALLMARK_HYPOXIA","Hallmark",0.00149925037481259,5.5739013715091e-06,3.88876839872728e-07,3.73700305810398,TRUE,9,0.111111111111111,"HALLMARK_TNFA_SIGNALING_VIA_NFKB",FALSE,"KO_heat_up","unpinned"
"SDC4","HALLMARK_HYPOXIA","Hallmark",0.00149925037481259,5.5739013715091e-06,3.88876839872728e-07,3.73700305810398,TRUE,5,0.2,"HALLMARK_TNFA_SIGNALING_VIA_NFKB",FALSE,"KO_heat_up","unpinned"
"SERPINE1","HALLMARK_HYPOXIA","Hallmark",0.00149925037481259,5.5739013715091e-06,3.88876839872728e-07,3.73700305810398,TRUE,11,0.0909090909090909,"HALLMARK_TNFA_SIGNALING_VIA_NFKB",FALSE,"KO_heat_up","unpinned"
"SLC2A1","HALLMARK_HYPOXIA","Hallmark",0.00149925037481259,5.5739013715091e-06,3.88876839872728e-07,3.73700305810398,TRUE,1,1,"HALLMARK_HYPOXIA",TRUE,"KO_heat_up","unpinned"
"TGM2","HALLMARK_HYPOXIA","Hallmark",0.00149925037481259,5.5739013715091e-06,3.88876839872728e-07,3.73700305810398,TRUE,4,0.25,"GOBP_PHOSPHOLIPASE_C_ACTIVATING_G_PROTEIN_COUPLED_RECEPTOR_SIGNALING_PATHWAY",FALSE,"KO_heat_up","unpinned"
"APLP1","HALLMARK_IL2_STAT5_SIGNALING","Hallmark",0.00649675162418791,0.00198889534363175,0.000185013520337837,2.73161644856331,TRUE,4,0.25,"GOBP_NEGATIVE_REGULATION_OF_G_PROTEIN_COUPLED_RECEPTOR_SIGNALING_PATHWAY",FALSE,"KO_heat_up","unpinned"
"BATF3","HALLMARK_IL2_STAT5_SIGNALING","Hallmark",0.00649675162418791,0.00198889534363175,0.000185013520337837,2.73161644856331,TRUE,1,1,"HALLMARK_IL2_STAT5_SIGNALING",TRUE,"KO_heat_up","unpinned"
"CD83","HALLMARK_IL2_STAT5_SIGNALING","Hallmark",0.00649675162418791,0.00198889534363175,0.000185013520337837,2.73161644856331,TRUE,2,0.5,"HALLMARK_TNFA_SIGNALING_VIA_NFKB",FALSE,"KO_heat_up","unpinned"
"CDCP1","HALLMARK_IL2_STAT5_SIGNALING","Hallmark",0.00649675162418791,0.00198889534363175,0.000185013520337837,2.73161644856331,TRUE,1,1,"HALLMARK_IL2_STAT5_SIGNALING",TRUE,"KO_heat_up","unpinned"
"CSF2","HALLMARK_IL2_STAT5_SIGNALING","Hallmark",0.00649675162418791,0.00198889534363175,0.000185013520337837,2.73161644856331,TRUE,7,0.142857142857143,"GOMF_CYTOKINE_ACTIVITY",FALSE,"KO_heat_up","unpinned"
"EOMES","HALLMARK_IL2_STAT5_SIGNALING","Hallmark",0.00649675162418791,0.00198889534363175,0.000185013520337837,2.73161644856331,TRUE,1,1,"HALLMARK_IL2_STAT5_SIGNALING",TRUE,"KO_heat_up","unpinned"
"FAH","HALLMARK_IL2_STAT5_SIGNALING","Hallmark",0.00649675162418791,0.00198889534363175,0.000185013520337837,2.73161644856331,TRUE,1,1,"HALLMARK_IL2_STAT5_SIGNALING",TRUE,"KO_heat_up","unpinned"
"HK2","HALLMARK_IL2_STAT5_SIGNALING","Hallmark",0.00649675162418791,0.00198889534363175,0.000185013520337837,2.73161644856331,TRUE,2,0.5,"HALLMARK_HYPOXIA",FALSE,"KO_heat_up","unpinned"
"IL1R2","HALLMARK_IL2_STAT5_SIGNALING","Hallmark",0.00649675162418791,0.00198889534363175,0.000185013520337837,2.73161644856331,TRUE,5,0.2,"REACTOME_INTERLEUKIN_10_SIGNALING",FALSE,"KO_heat_up","unpinned"
"IRF6","HALLMARK_IL2_STAT5_SIGNALING","Hallmark",0.00649675162418791,0.00198889534363175,0.000185013520337837,2.73161644856331,TRUE,1,1,"HALLMARK_IL2_STAT5_SIGNALING",TRUE,"KO_heat_up","unpinned"
"PTGER2","HALLMARK_IL2_STAT5_SIGNALING","Hallmark",0.00649675162418791,0.00198889534363175,0.000185013520337837,2.73161644856331,TRUE,4,0.25,"HALLMARK_INFLAMMATORY_RESPONSE",FALSE,"KO_heat_up","unpinned"
"RGS16","HALLMARK_IL2_STAT5_SIGNALING","Hallmark",0.00649675162418791,0.00198889534363175,0.000185013520337837,2.73161644856331,TRUE,5,0.2,"HALLMARK_INFLAMMATORY_RESPONSE",FALSE,"KO_heat_up","unpinned"
"SCN9A","HALLMARK_IL2_STAT5_SIGNALING","Hallmark",0.00649675162418791,0.00198889534363175,0.000185013520337837,2.73161644856331,TRUE,1,1,"HALLMARK_IL2_STAT5_SIGNALING",TRUE,"KO_heat_up","unpinned"
"SPP1","HALLMARK_IL2_STAT5_SIGNALING","Hallmark",0.00649675162418791,0.00198889534363175,0.000185013520337837,2.73161644856331,TRUE,8,0.125,"GOMF_CYTOKINE_ACTIVITY",FALSE,"KO_heat_up","unpinned"
"TGM2","HALLMARK_IL2_STAT5_SIGNALING","Hallmark",0.00649675162418791,0.00198889534363175,0.000185013520337837,2.73161644856331,TRUE,4,0.25,"GOBP_PHOSPHOLIPASE_C_ACTIVATING_G_PROTEIN_COUPLED_RECEPTOR_SIGNALING_PATHWAY",FALSE,"KO_heat_up","unpinned"
"TNFSF11","HALLMARK_IL2_STAT5_SIGNALING","Hallmark",0.00649675162418791,0.00198889534363175,0.000185013520337837,2.73161644856331,TRUE,8,0.125,"GOMF_CYTOKINE_ACTIVITY",FALSE,"KO_heat_up","unpinned"
"APLP1","HALLMARK_EPITHELIAL_MESENCHYMAL_TRANSITION","Hallmark",0.00349825087456272,0.00208205442396151,0.000242099351623432,3.07907998449412,TRUE,4,0.25,"GOBP_NEGATIVE_REGULATION_OF_G_PROTEIN_COUPLED_RECEPTOR_SIGNALING_PATHWAY",FALSE,"KO_heat_up","unpinned"
"AREG","HALLMARK_EPITHELIAL_MESENCHYMAL_TRANSITION","Hallmark",0.00349825087456272,0.00208205442396151,0.000242099351623432,3.07907998449412,TRUE,6,0.166666666666667,"GOMF_CYTOKINE_ACTIVITY",FALSE,"KO_heat_up","unpinned"
"CCN1","HALLMARK_EPITHELIAL_MESENCHYMAL_TRANSITION","Hallmark",0.00349825087456272,0.00208205442396151,0.000242099351623432,3.07907998449412,TRUE,5,0.2,"HALLMARK_TNFA_SIGNALING_VIA_NFKB",FALSE,"KO_heat_up","unpinned"
"INHBA","HALLMARK_EPITHELIAL_MESENCHYMAL_TRANSITION","Hallmark",0.00349825087456272,0.00208205442396151,0.000242099351623432,3.07907998449412,TRUE,7,0.142857142857143,"GOMF_CYTOKINE_ACTIVITY",FALSE,"KO_heat_up","unpinned"
"LAMC2","HALLMARK_EPITHELIAL_MESENCHYMAL_TRANSITION","Hallmark",0.00349825087456272,0.00208205442396151,0.000242099351623432,3.07907998449412,TRUE,2,0.5,"REACTOME_EXTRACELLULAR_MATRIX_ORGANIZATION",FALSE,"KO_heat_up","unpinned"
"PLAUR","HALLMARK_EPITHELIAL_MESENCHYMAL_TRANSITION","Hallmark",0.00349825087456272,0.00208205442396151,0.000242099351623432,3.07907998449412,TRUE,9,0.111111111111111,"HALLMARK_TNFA_SIGNALING_VIA_NFKB",FALSE,"KO_heat_up","unpinned"
"SDC1","HALLMARK_EPITHELIAL_MESENCHYMAL_TRANSITION","Hallmark",0.00349825087456272,0.00208205442396151,0.000242099351623432,3.07907998449412,TRUE,5,0.2,"REACTOME_SIGNALING_BY_INTERLEUKINS",FALSE,"KO_heat_up","unpinned"
"SDC4","HALLMARK_EPITHELIAL_MESENCHYMAL_TRANSITION","Hallmark",0.00349825087456272,0.00208205442396151,0.000242099351623432,3.07907998449412,TRUE,5,0.2,"HALLMARK_TNFA_SIGNALING_VIA_NFKB",FALSE,"KO_heat_up","unpinned"
"SERPINE1","HALLMARK_EPITHELIAL_MESENCHYMAL_TRANSITION","Hallmark",0.00349825087456272,0.00208205442396151,0.000242099351623432,3.07907998449412,TRUE,11,0.0909090909090909,"HALLMARK_TNFA_SIGNALING_VIA_NFKB",FALSE,"KO_heat_up","unpinned"
"SPP1","HALLMARK_EPITHELIAL_MESENCHYMAL_TRANSITION","Hallmark",0.00349825087456272,0.00208205442396151,0.000242099351623432,3.07907998449412,TRUE,8,0.125,"GOMF_CYTOKINE_ACTIVITY",FALSE,"KO_heat_up","unpinned"
"TGM2","HALLMARK_EPITHELIAL_MESENCHYMAL_TRANSITION","Hallmark",0.00349825087456272,0.00208205442396151,0.000242099351623432,3.07907998449412,TRUE,4,0.25,"GOBP_PHOSPHOLIPASE_C_ACTIVATING_G_PROTEIN_COUPLED_RECEPTOR_SIGNALING_PATHWAY",FALSE,"KO_heat_up","unpinned"
"TIMP1","HALLMARK_EPITHELIAL_MESENCHYMAL_TRANSITION","Hallmark",0.00349825087456272,0.00208205442396151,0.000242099351623432,3.07907998449412,TRUE,10,0.1,"GOMF_CYTOKINE_ACTIVITY",FALSE,"KO_heat_up","unpinned"
"TNFRSF11B","HALLMARK_EPITHELIAL_MESENCHYMAL_TRANSITION","Hallmark",0.00349825087456272,0.00208205442396151,0.000242099351623432,3.07907998449412,TRUE,3,0.333333333333333,"GOMF_CYTOKINE_ACTIVITY",FALSE,"KO_heat_up","unpinned"
"ADAM8","HALLMARK_KRAS_SIGNALING_UP","Hallmark",0.00299850074962519,0.00537355579139046,0.000824949961004263,2.71571029688301,TRUE,6,0.166666666666667,"GOBP_TAXIS",FALSE,"KO_heat_up","unpinned"
"ALDH1A2","HALLMARK_KRAS_SIGNALING_UP","Hallmark",0.00299850074962519,0.00537355579139046,0.000824949961004263,2.71571029688301,TRUE,1,1,"HALLMARK_KRAS_SIGNALING_UP",TRUE,"KO_heat_up","unpinned"
"ANO1","HALLMARK_KRAS_SIGNALING_UP","Hallmark",0.00299850074962519,0.00537355579139046,0.000824949961004263,2.71571029688301,TRUE,2,0.5,"GOBP_PHOSPHOLIPASE_C_ACTIVATING_G_PROTEIN_COUPLED_RECEPTOR_SIGNALING_PATHWAY",FALSE,"KO_heat_up","unpinned"
"CCL20","HALLMARK_KRAS_SIGNALING_UP","Hallmark",0.00299850074962519,0.00537355579139046,0.000824949961004263,2.71571029688301,TRUE,10,0.1,"GOMF_CYTOKINE_ACTIVITY",FALSE,"KO_heat_up","unpinned"
"CSF2","HALLMARK_KRAS_SIGNALING_UP","Hallmark",0.00299850074962519,0.00537355579139046,0.000824949961004263,2.71571029688301,TRUE,7,0.142857142857143,"GOMF_CYTOKINE_ACTIVITY",FALSE,"KO_heat_up","unpinned"
"GFPT2","HALLMARK_KRAS_SIGNALING_UP","Hallmark",0.00299850074962519,0.00537355579139046,0.000824949961004263,2.71571029688301,TRUE,2,0.5,"HALLMARK_TNFA_SIGNALING_VIA_NFKB",FALSE,"KO_heat_up","unpinned"
"HBEGF","HALLMARK_KRAS_SIGNALING_UP","Hallmark",0.00299850074962519,0.00537355579139046,0.000824949961004263,2.71571029688301,TRUE,8,0.125,"HALLMARK_TNFA_SIGNALING_VIA_NFKB",FALSE,"KO_heat_up","unpinned"
"INHBA","HALLMARK_KRAS_SIGNALING_UP","Hallmark",0.00299850074962519,0.00537355579139046,0.000824949961004263,2.71571029688301,TRUE,7,0.142857142857143,"GOMF_CYTOKINE_ACTIVITY",FALSE,"KO_heat_up","unpinned"
"MPZL2","HALLMARK_KRAS_SIGNALING_UP","Hallmark",0.00299850074962519,0.00537355579139046,0.000824949961004263,2.71571029688301,TRUE,1,1,"HALLMARK_KRAS_SIGNALING_UP",TRUE,"KO_heat_up","unpinned"
"PLAUR","HALLMARK_KRAS_SIGNALING_UP","Hallmark",0.00299850074962519,0.00537355579139046,0.000824949961004263,2.71571029688301,TRUE,9,0.111111111111111,"HALLMARK_TNFA_SIGNALING_VIA_NFKB",FALSE,"KO_heat_up","unpinned"
"PLEK2","HALLMARK_KRAS_SIGNALING_UP","Hallmark",0.00299850074962519,0.00537355579139046,0.000824949961004263,2.71571029688301,TRUE,1,1,"HALLMARK_KRAS_SIGNALING_UP",TRUE,"KO_heat_up","unpinned"
"RGS16","HALLMARK_KRAS_SIGNALING_UP","Hallmark",0.00299850074962519,0.00537355579139046,0.000824949961004263,2.71571029688301,TRUE,5,0.2,"HALLMARK_INFLAMMATORY_RESPONSE",FALSE,"KO_heat_up","unpinned"
"SPP1","HALLMARK_KRAS_SIGNALING_UP","Hallmark",0.00299850074962519,0.00537355579139046,0.000824949961004263,2.71571029688301,TRUE,8,0.125,"GOMF_CYTOKINE_ACTIVITY",FALSE,"KO_heat_up","unpinned"
"C3","HALLMARK_COMPLEMENT","Hallmark",0.00949525237381309,0.00537355579139046,0.000874764896272866,2.69894665307509,TRUE,7,0.142857142857143,"GOMF_CYTOKINE_ACTIVITY",FALSE,"KO_heat_up","unpinned"
"CD40LG","HALLMARK_COMPLEMENT","Hallmark",0.00949525237381309,0.00537355579139046,0.000874764896272866,2.69894665307509,TRUE,3,0.333333333333333,"GOMF_CYTOKINE_ACTIVITY",FALSE,"KO_heat_up","unpinned"
"CLU","HALLMARK_COMPLEMENT","Hallmark",0.00949525237381309,0.00537355579139046,0.000874764896272866,2.69894665307509,TRUE,1,1,"HALLMARK_COMPLEMENT",TRUE,"KO_heat_up","unpinned"
"CPM","HALLMARK_COMPLEMENT","Hallmark",0.00949525237381309,0.00537355579139046,0.000874764896272866,2.69894665307509,TRUE,1,1,"HALLMARK_COMPLEMENT",TRUE,"KO_heat_up","unpinned"
"F3","HALLMARK_COMPLEMENT","Hallmark",0.00949525237381309,0.00537355579139046,0.000874764896272866,2.69894665307509,TRUE,6,0.166666666666667,"HALLMARK_TNFA_SIGNALING_VIA_NFKB",FALSE,"KO_heat_up","unpinned"
"GZMA","HALLMARK_COMPLEMENT","Hallmark",0.00949525237381309,0.00537355579139046,0.000874764896272866,2.69894665307509,TRUE,2,0.5,"KEGG_NEUROACTIVE_LIGAND_RECEPTOR_INTERACTION",FALSE,"KO_heat_up","unpinned"
"HSPA1A","HALLMARK_COMPLEMENT","Hallmark",0.00949525237381309,0.00537355579139046,0.000874764896272866,2.69894665307509,TRUE,2,0.5,"GOMF_G_PROTEIN_COUPLED_RECEPTOR_BINDING",FALSE,"KO_heat_up","unpinned"
"OLR1","HALLMARK_COMPLEMENT","Hallmark",0.00949525237381309,0.00537355579139046,0.000874764896272866,2.69894665307509,TRUE,4,0.25,"HALLMARK_TNFA_SIGNALING_VIA_NFKB",FALSE,"KO_heat_up","unpinned"
"PDGFB","HALLMARK_COMPLEMENT","Hallmark",0.00949525237381309,0.00537355579139046,0.000874764896272866,2.69894665307509,TRUE,8,0.125,"GOBP_TAXIS",FALSE,"KO_heat_up","unpinned"
"PLAUR","HALLMARK_COMPLEMENT","Hallmark",0.00949525237381309,0.00537355579139046,0.000874764896272866,2.69894665307509,TRUE,9,0.111111111111111,"HALLMARK_TNFA_SIGNALING_VIA_NFKB",FALSE,"KO_heat_up","unpinned"
"PLEK","HALLMARK_COMPLEMENT","Hallmark",0.00949525237381309,0.00537355579139046,0.000874764896272866,2.69894665307509,TRUE,4,0.25,"HALLMARK_TNFA_SIGNALING_VIA_NFKB",FALSE,"KO_heat_up","unpinned"
"SERPINE1","HALLMARK_COMPLEMENT","Hallmark",0.00949525237381309,0.00537355579139046,0.000874764896272866,2.69894665307509,TRUE,11,0.0909090909090909,"HALLMARK_TNFA_SIGNALING_VIA_NFKB",FALSE,"KO_heat_up","unpinned"
"TIMP1","HALLMARK_COMPLEMENT","Hallmark",0.00949525237381309,0.00537355579139046,0.000874764896272866,2.69894665307509,TRUE,10,0.1,"GOMF_CYTOKINE_ACTIVITY",FALSE,"KO_heat_up","unpinned"
"CDKN1A","HALLMARK_P53_PATHWAY","Hallmark",0.0179910044977511,0.00589734811266946,0.00109718104421757,2.51798067016631,TRUE,6,0.166666666666667,"HALLMARK_TNFA_SIGNALING_VIA_NFKB",FALSE,"KO_heat_up","unpinned"
"EPHA2","HALLMARK_P53_PATHWAY","Hallmark",0.0179910044977511,0.00589734811266946,0.00109718104421757,2.51798067016631,TRUE,4,0.25,"GOBP_TAXIS",FALSE,"KO_heat_up","unpinned"
"HBEGF","HALLMARK_P53_PATHWAY","Hallmark",0.0179910044977511,0.00589734811266946,0.00109718104421757,2.51798067016631,TRUE,8,0.125,"HALLMARK_TNFA_SIGNALING_VIA_NFKB",FALSE,"KO_heat_up","unpinned"
"IER3","HALLMARK_P53_PATHWAY","Hallmark",0.0179910044977511,0.00589734811266946,0.00109718104421757,2.51798067016631,TRUE,4,0.25,"HALLMARK_TNFA_SIGNALING_VIA_NFKB",FALSE,"KO_heat_up","unpinned"
"IL1A","HALLMARK_P53_PATHWAY","Hallmark",0.0179910044977511,0.00589734811266946,0.00109718104421757,2.51798067016631,TRUE,9,0.111111111111111,"GOMF_CYTOKINE_ACTIVITY",FALSE,"KO_heat_up","unpinned"
"PDGFA","HALLMARK_P53_PATHWAY","Hallmark",0.0179910044977511,0.00589734811266946,0.00109718104421757,2.51798067016631,TRUE,8,0.125,"GOBP_TAXIS",FALSE,"KO_heat_up","unpinned"
"PLK2","HALLMARK_P53_PATHWAY","Hallmark",0.0179910044977511,0.00589734811266946,0.00109718104421757,2.51798067016631,TRUE,3,0.333333333333333,"HALLMARK_TNFA_SIGNALING_VIA_NFKB",FALSE,"KO_heat_up","unpinned"
"PLXNB2","HALLMARK_P53_PATHWAY","Hallmark",0.0179910044977511,0.00589734811266946,0.00109718104421757,2.51798067016631,TRUE,1,1,"HALLMARK_P53_PATHWAY",TRUE,"KO_heat_up","unpinned"
"PROCR","HALLMARK_P53_PATHWAY","Hallmark",0.0179910044977511,0.00589734811266946,0.00109718104421757,2.51798067016631,TRUE,2,0.5,"GOBP_NEGATIVE_REGULATION_OF_COAGULATION",FALSE,"KO_heat_up","unpinned"
"RGS16","HALLMARK_P53_PATHWAY","Hallmark",0.0179910044977511,0.00589734811266946,0.00109718104421757,2.51798067016631,TRUE,5,0.2,"HALLMARK_INFLAMMATORY_RESPONSE",FALSE,"KO_heat_up","unpinned"
"SDC1","HALLMARK_P53_PATHWAY","Hallmark",0.0179910044977511,0.00589734811266946,0.00109718104421757,2.51798067016631,TRUE,5,0.2,"REACTOME_SIGNALING_BY_INTERLEUKINS",FALSE,"KO_heat_up","unpinned"
"SPHK1","HALLMARK_P53_PATHWAY","Hallmark",0.0179910044977511,0.00589734811266946,0.00109718104421757,2.51798067016631,TRUE,4,0.25,"HALLMARK_TNFA_SIGNALING_VIA_NFKB",FALSE,"KO_heat_up","unpinned"
"TNFSF9","HALLMARK_P53_PATHWAY","Hallmark",0.0179910044977511,0.00589734811266946,0.00109718104421757,2.51798067016631,TRUE,5,0.2,"GOMF_CYTOKINE_ACTIVITY",FALSE,"KO_heat_up","unpinned"
"UPP1","HALLMARK_P53_PATHWAY","Hallmark",0.0179910044977511,0.00589734811266946,0.00109718104421757,2.51798067016631,TRUE,1,1,"HALLMARK_P53_PATHWAY",TRUE,"KO_heat_up","unpinned"
"OLR1","HALLMARK_ANGIOGENESIS","Hallmark",0.0489755122438781,0.0287870057833913,0.00667224268217042,5.1743119266055,TRUE,4,0.25,"HALLMARK_TNFA_SIGNALING_VIA_NFKB",FALSE,"KO_heat_up","unpinned"
"PDGFA","HALLMARK_ANGIOGENESIS","Hallmark",0.0489755122438781,0.0287870057833913,0.00667224268217042,5.1743119266055,TRUE,8,0.125,"GOBP_TAXIS",FALSE,"KO_heat_up","unpinned"
"SPP1","HALLMARK_ANGIOGENESIS","Hallmark",0.0489755122438781,0.0287870057833913,0.00667224268217042,5.1743119266055,TRUE,8,0.125,"GOMF_CYTOKINE_ACTIVITY",FALSE,"KO_heat_up","unpinned"
"TIMP1","HALLMARK_ANGIOGENESIS","Hallmark",0.0489755122438781,0.0287870057833913,0.00667224268217042,5.1743119266055,TRUE,10,0.1,"GOMF_CYTOKINE_ACTIVITY",FALSE,"KO_heat_up","unpinned"
"ADAM8","GOBP_TAXIS","GO_BP",0.000499750124937531,1.12522661772397e-05,6.05129290014814e-09,4.01633097441481,TRUE,6,0.166666666666667,"GOBP_TAXIS",TRUE,"KO_heat_up","unpinned"
"C3","GOBP_TAXIS","GO_BP",0.000499750124937531,1.12522661772397e-05,6.05129290014814e-09,4.01633097441481,TRUE,7,0.142857142857143,"GOMF_CYTOKINE_ACTIVITY",FALSE,"KO_heat_up","unpinned"
"CALCA","GOBP_TAXIS","GO_BP",0.000499750124937531,1.12522661772397e-05,6.05129290014814e-09,4.01633097441481,TRUE,6,0.166666666666667,"GOBP_TAXIS",TRUE,"KO_heat_up","unpinned"
"CCL20","GOBP_TAXIS","GO_BP",0.000499750124937531,1.12522661772397e-05,6.05129290014814e-09,4.01633097441481,TRUE,10,0.1,"GOMF_CYTOKINE_ACTIVITY",FALSE,"KO_heat_up","unpinned"
"CCL22","GOBP_TAXIS","GO_BP",0.000499750124937531,1.12522661772397e-05,6.05129290014814e-09,4.01633097441481,TRUE,8,0.125,"GOMF_CYTOKINE_ACTIVITY",FALSE,"KO_heat_up","unpinned"
"CCL3","GOBP_TAXIS","GO_BP",0.000499750124937531,1.12522661772397e-05,6.05129290014814e-09,4.01633097441481,TRUE,8,0.125,"GOMF_CYTOKINE_ACTIVITY",FALSE,"KO_heat_up","unpinned"
"CCL4","GOBP_TAXIS","GO_BP",0.000499750124937531,1.12522661772397e-05,6.05129290014814e-09,4.01633097441481,TRUE,8,0.125,"GOMF_CYTOKINE_ACTIVITY",FALSE,"KO_heat_up","unpinned"
"CCN1","GOBP_TAXIS","GO_BP",0.000499750124937531,1.12522661772397e-05,6.05129290014814e-09,4.01633097441481,TRUE,5,0.2,"HALLMARK_TNFA_SIGNALING_VIA_NFKB",FALSE,"KO_heat_up","unpinned"
"EGR3","GOBP_TAXIS","GO_BP",0.000499750124937531,1.12522661772397e-05,6.05129290014814e-09,4.01633097441481,TRUE,3,0.333333333333333,"HALLMARK_TNFA_SIGNALING_VIA_NFKB",FALSE,"KO_heat_up","unpinned"
"EPHA2","GOBP_TAXIS","GO_BP",0.000499750124937531,1.12522661772397e-05,6.05129290014814e-09,4.01633097441481,TRUE,4,0.25,"GOBP_TAXIS",TRUE,"KO_heat_up","unpinned"
"F3","GOBP_TAXIS","GO_BP",0.000499750124937531,1.12522661772397e-05,6.05129290014814e-09,4.01633097441481,TRUE,6,0.166666666666667,"HALLMARK_TNFA_SIGNALING_VIA_NFKB",FALSE,"KO_heat_up","unpinned"
"FOSL1","GOBP_TAXIS","GO_BP",0.000499750124937531,1.12522661772397e-05,6.05129290014814e-09,4.01633097441481,TRUE,3,0.333333333333333,"HALLMARK_TNFA_SIGNALING_VIA_NFKB",FALSE,"KO_heat_up","unpinned"
"GPR183","GOBP_TAXIS","GO_BP",0.000499750124937531,1.12522661772397e-05,6.05129290014814e-09,4.01633097441481,TRUE,4,0.25,"HALLMARK_TNFA_SIGNALING_VIA_NFKB",FALSE,"KO_heat_up","unpinned"
"HBEGF","GOBP_TAXIS","GO_BP",0.000499750124937531,1.12522661772397e-05,6.05129290014814e-09,4.01633097441481,TRUE,8,0.125,"HALLMARK_TNFA_SIGNALING_VIA_NFKB",FALSE,"KO_heat_up","unpinned"
"IL23A","GOBP_TAXIS","GO_BP",0.000499750124937531,1.12522661772397e-05,6.05129290014814e-09,4.01633097441481,TRUE,6,0.166666666666667,"GOMF_CYTOKINE_ACTIVITY",FALSE,"KO_heat_up","unpinned"
"NR4A1","GOBP_TAXIS","GO_BP",0.000499750124937531,1.12522661772397e-05,6.05129290014814e-09,4.01633097441481,TRUE,3,0.333333333333333,"HALLMARK_TNFA_SIGNALING_VIA_NFKB",FALSE,"KO_heat_up","unpinned"
"PDGFA","GOBP_TAXIS","GO_BP",0.000499750124937531,1.12522661772397e-05,6.05129290014814e-09,4.01633097441481,TRUE,8,0.125,"GOBP_TAXIS",TRUE,"KO_heat_up","unpinned"
"PDGFB","GOBP_TAXIS","GO_BP",0.000499750124937531,1.12522661772397e-05,6.05129290014814e-09,4.01633097441481,TRUE,8,0.125,"GOBP_TAXIS",TRUE,"KO_heat_up","unpinned"
"PLAUR","GOBP_TAXIS","GO_BP",0.000499750124937531,1.12522661772397e-05,6.05129290014814e-09,4.01633097441481,TRUE,9,0.111111111111111,"HALLMARK_TNFA_SIGNALING_VIA_NFKB",FALSE,"KO_heat_up","unpinned"
"SEMA4A","GOBP_TAXIS","GO_BP",0.000499750124937531,1.12522661772397e-05,6.05129290014814e-09,4.01633097441481,TRUE,1,1,"GOBP_TAXIS",TRUE,"KO_heat_up","unpinned"
"SERPINE1","GOBP_TAXIS","GO_BP",0.000499750124937531,1.12522661772397e-05,6.05129290014814e-09,4.01633097441481,TRUE,11,0.0909090909090909,"HALLMARK_TNFA_SIGNALING_VIA_NFKB",FALSE,"KO_heat_up","unpinned"
"TNFSF11","GOBP_TAXIS","GO_BP",0.000499750124937531,1.12522661772397e-05,6.05129290014814e-09,4.01633097441481,TRUE,8,0.125,"GOMF_CYTOKINE_ACTIVITY",FALSE,"KO_heat_up","unpinned"
"TNFSF14","GOBP_TAXIS","GO_BP",0.000499750124937531,1.12522661772397e-05,6.05129290014814e-09,4.01633097441481,TRUE,5,0.2,"GOMF_CYTOKINE_ACTIVITY",FALSE,"KO_heat_up","unpinned"
"WNT3","GOBP_TAXIS","GO_BP",0.000499750124937531,1.12522661772397e-05,6.05129290014814e-09,4.01633097441481,TRUE,4,0.25,"GOMF_CYTOKINE_ACTIVITY",FALSE,"KO_heat_up","unpinned"
"ADAM8","GOBP_REGULATION_OF_INFLAMMATORY_RESPONSE","GO_BP",0.000499750124937531,1.12522661772397e-05,8.5829642846985e-09,3.94545454545455,TRUE,6,0.166666666666667,"GOBP_TAXIS",FALSE,"KO_heat_up","unpinned"
"ADORA2A","GOBP_REGULATION_OF_INFLAMMATORY_RESPONSE","GO_BP",0.000499750124937531,1.12522661772397e-05,8.5829642846985e-09,3.94545454545455,TRUE,6,0.166666666666667,"GOBP_REGULATION_OF_INFLAMMATORY_RESPONSE",TRUE,"KO_heat_up","unpinned"
"ADORA2B","GOBP_REGULATION_OF_INFLAMMATORY_RESPONSE","GO_BP",0.000499750124937531,1.12522661772397e-05,8.5829642846985e-09,3.94545454545455,TRUE,5,0.2,"HALLMARK_INFLAMMATORY_RESPONSE",FALSE,"KO_heat_up","unpinned"
"BCL6B","GOBP_REGULATION_OF_INFLAMMATORY_RESPONSE","GO_BP",0.000499750124937531,1.12522661772397e-05,8.5829642846985e-09,3.94545454545455,TRUE,1,1,"GOBP_REGULATION_OF_INFLAMMATORY_RESPONSE",TRUE,"KO_heat_up","unpinned"
"C3","GOBP_REGULATION_OF_INFLAMMATORY_RESPONSE","GO_BP",0.000499750124937531,1.12522661772397e-05,8.5829642846985e-09,3.94545454545455,TRUE,7,0.142857142857143,"GOMF_CYTOKINE_ACTIVITY",FALSE,"KO_heat_up","unpinned"
"CAMK2N1","GOBP_REGULATION_OF_INFLAMMATORY_RESPONSE","GO_BP",0.000499750124937531,1.12522661772397e-05,8.5829642846985e-09,3.94545454545455,TRUE,1,1,"GOBP_REGULATION_OF_INFLAMMATORY_RESPONSE",TRUE,"KO_heat_up","unpinned"
"CCL3","GOBP_REGULATION_OF_INFLAMMATORY_RESPONSE","GO_BP",0.000499750124937531,1.12522661772397e-05,8.5829642846985e-09,3.94545454545455,TRUE,8,0.125,"GOMF_CYTOKINE_ACTIVITY",FALSE,"KO_heat_up","unpinned"
"CD200","GOBP_REGULATION_OF_INFLAMMATORY_RESPONSE","GO_BP",0.000499750124937531,1.12522661772397e-05,8.5829642846985e-09,3.94545454545455,TRUE,1,1,"GOBP_REGULATION_OF_INFLAMMATORY_RESPONSE",TRUE,"KO_heat_up","unpinned"
"DAGLA","GOBP_REGULATION_OF_INFLAMMATORY_RESPONSE","GO_BP",0.000499750124937531,1.12522661772397e-05,8.5829642846985e-09,3.94545454545455,TRUE,1,1,"GOBP_REGULATION_OF_INFLAMMATORY_RESPONSE",TRUE,"KO_heat_up","unpinned"
"IER3","GOBP_REGULATION_OF_INFLAMMATORY_RESPONSE","GO_BP",0.000499750124937531,1.12522661772397e-05,8.5829642846985e-09,3.94545454545455,TRUE,4,0.25,"HALLMARK_TNFA_SIGNALING_VIA_NFKB",FALSE,"KO_heat_up","unpinned"
"IL1A","GOBP_REGULATION_OF_INFLAMMATORY_RESPONSE","GO_BP",0.000499750124937531,1.12522661772397e-05,8.5829642846985e-09,3.94545454545455,TRUE,9,0.111111111111111,"GOMF_CYTOKINE_ACTIVITY",FALSE,"KO_heat_up","unpinned"
"IL1R2","GOBP_REGULATION_OF_INFLAMMATORY_RESPONSE","GO_BP",0.000499750124937531,1.12522661772397e-05,8.5829642846985e-09,3.94545454545455,TRUE,5,0.2,"REACTOME_INTERLEUKIN_10_SIGNALING",FALSE,"KO_heat_up","unpinned"
"IL1RN","GOBP_REGULATION_OF_INFLAMMATORY_RESPONSE","GO_BP",0.000499750124937531,1.12522661772397e-05,8.5829642846985e-09,3.94545454545455,TRUE,5,0.2,"GOMF_CYTOKINE_ACTIVITY",FALSE,"KO_heat_up","unpinned"
"IL2","GOBP_REGULATION_OF_INFLAMMATORY_RESPONSE","GO_BP",0.000499750124937531,1.12522661772397e-05,8.5829642846985e-09,3.94545454545455,TRUE,8,0.125,"GOMF_CYTOKINE_ACTIVITY",FALSE,"KO_heat_up","unpinned"
"IL23A","GOBP_REGULATION_OF_INFLAMMATORY_RESPONSE","GO_BP",0.000499750124937531,1.12522661772397e-05,8.5829642846985e-09,3.94545454545455,TRUE,6,0.166666666666667,"GOMF_CYTOKINE_ACTIVITY",FALSE,"KO_heat_up","unpinned"
"LTA","GOBP_REGULATION_OF_INFLAMMATORY_RESPONSE","GO_BP",0.000499750124937531,1.12522661772397e-05,8.5829642846985e-09,3.94545454545455,TRUE,5,0.2,"GOMF_CYTOKINE_ACTIVITY",FALSE,"KO_heat_up","unpinned"
"MAPK13","GOBP_REGULATION_OF_INFLAMMATORY_RESPONSE","GO_BP",0.000499750124937531,1.12522661772397e-05,8.5829642846985e-09,3.94545454545455,TRUE,1,1,"GOBP_REGULATION_OF_INFLAMMATORY_RESPONSE",TRUE,"KO_heat_up","unpinned"
"NR4A3","GOBP_REGULATION_OF_INFLAMMATORY_RESPONSE","GO_BP",0.000499750124937531,1.12522661772397e-05,8.5829642846985e-09,3.94545454545455,TRUE,3,0.333333333333333,"HALLMARK_TNFA_SIGNALING_VIA_NFKB",FALSE,"KO_heat_up","unpinned"
"PLK2","GOBP_REGULATION_OF_INFLAMMATORY_RESPONSE","GO_BP",0.000499750124937531,1.12522661772397e-05,8.5829642846985e-09,3.94545454545455,TRUE,3,0.333333333333333,"HALLMARK_TNFA_SIGNALING_VIA_NFKB",FALSE,"KO_heat_up","unpinned"
"SERPINE1","GOBP_REGULATION_OF_INFLAMMATORY_RESPONSE","GO_BP",0.000499750124937531,1.12522661772397e-05,8.5829642846985e-09,3.94545454545455,TRUE,11,0.0909090909090909,"HALLMARK_TNFA_SIGNALING_VIA_NFKB",FALSE,"KO_heat_up","unpinned"
"SPHK1","GOBP_REGULATION_OF_INFLAMMATORY_RESPONSE","GO_BP",0.000499750124937531,1.12522661772397e-05,8.5829642846985e-09,3.94545454545455,TRUE,4,0.25,"HALLMARK_TNFA_SIGNALING_VIA_NFKB",FALSE,"KO_heat_up","unpinned"
"TNFSF11","GOBP_REGULATION_OF_INFLAMMATORY_RESPONSE","GO_BP",0.000499750124937531,1.12522661772397e-05,8.5829642846985e-09,3.94545454545455,TRUE,8,0.125,"GOMF_CYTOKINE_ACTIVITY",FALSE,"KO_heat_up","unpinned"
"TNFSF14","GOBP_REGULATION_OF_INFLAMMATORY_RESPONSE","GO_BP",0.000499750124937531,1.12522661772397e-05,8.5829642846985e-09,3.94545454545455,TRUE,5,0.2,"GOMF_CYTOKINE_ACTIVITY",FALSE,"KO_heat_up","unpinned"
"UACA","GOBP_REGULATION_OF_INFLAMMATORY_RESPONSE","GO_BP",0.000499750124937531,1.12522661772397e-05,8.5829642846985e-09,3.94545454545455,TRUE,1,1,"GOBP_REGULATION_OF_INFLAMMATORY_RESPONSE",TRUE,"KO_heat_up","unpinned"
"ADAM8","GOBP_TISSUE_REMODELING","GO_BP",0.000499750124937531,1.33774357654422e-05,1.53059905783091e-08,6.2567842605156,TRUE,6,0.166666666666667,"GOBP_TAXIS",FALSE,"KO_heat_up","unpinned"
"CALCA","GOBP_TISSUE_REMODELING","GO_BP",0.000499750124937531,1.33774357654422e-05,1.53059905783091e-08,6.2567842605156,TRUE,6,0.166666666666667,"GOBP_TAXIS",FALSE,"KO_heat_up","unpinned"
"EFNA2","GOBP_TISSUE_REMODELING","GO_BP",0.000499750124937531,1.33774357654422e-05,1.53059905783091e-08,6.2567842605156,TRUE,1,1,"GOBP_TISSUE_REMODELING",TRUE,"KO_heat_up","unpinned"
"EPHA2","GOBP_TISSUE_REMODELING","GO_BP",0.000499750124937531,1.33774357654422e-05,1.53059905783091e-08,6.2567842605156,TRUE,4,0.25,"GOBP_TAXIS",FALSE,"KO_heat_up","unpinned"
"FOSL2","GOBP_TISSUE_REMODELING","GO_BP",0.000499750124937531,1.33774357654422e-05,1.53059905783091e-08,6.2567842605156,TRUE,3,0.333333333333333,"HALLMARK_TNFA_SIGNALING_VIA_NFKB",FALSE,"KO_heat_up","unpinned"
"GJA5","GOBP_TISSUE_REMODELING","GO_BP",0.000499750124937531,1.33774357654422e-05,1.53059905783091e-08,6.2567842605156,TRUE,1,1,"GOBP_TISSUE_REMODELING",TRUE,"KO_heat_up","unpinned"
"IL1A","GOBP_TISSUE_REMODELING","GO_BP",0.000499750124937531,1.33774357654422e-05,1.53059905783091e-08,6.2567842605156,TRUE,9,0.111111111111111,"GOMF_CYTOKINE_ACTIVITY",FALSE,"KO_heat_up","unpinned"
"IL2","GOBP_TISSUE_REMODELING","GO_BP",0.000499750124937531,1.33774357654422e-05,1.53059905783091e-08,6.2567842605156,TRUE,8,0.125,"GOMF_CYTOKINE_ACTIVITY",FALSE,"KO_heat_up","unpinned"
"IL23A","GOBP_TISSUE_REMODELING","GO_BP",0.000499750124937531,1.33774357654422e-05,1.53059905783091e-08,6.2567842605156,TRUE,6,0.166666666666667,"GOMF_CYTOKINE_ACTIVITY",FALSE,"KO_heat_up","unpinned"
"LTBP3","GOBP_TISSUE_REMODELING","GO_BP",0.000499750124937531,1.33774357654422e-05,1.53059905783091e-08,6.2567842605156,TRUE,4,0.25,"GOBP_TISSUE_REMODELING",TRUE,"KO_heat_up","unpinned"
"NPPC","GOBP_TISSUE_REMODELING","GO_BP",0.000499750124937531,1.33774357654422e-05,1.53059905783091e-08,6.2567842605156,TRUE,1,1,"GOBP_TISSUE_REMODELING",TRUE,"KO_heat_up","unpinned"
"NPR3","GOBP_TISSUE_REMODELING","GO_BP",0.000499750124937531,1.33774357654422e-05,1.53059905783091e-08,6.2567842605156,TRUE,1,1,"GOBP_TISSUE_REMODELING",TRUE,"KO_heat_up","unpinned"
"SPP1","GOBP_TISSUE_REMODELING","GO_BP",0.000499750124937531,1.33774357654422e-05,1.53059905783091e-08,6.2567842605156,TRUE,8,0.125,"GOMF_CYTOKINE_ACTIVITY",FALSE,"KO_heat_up","unpinned"
"TIMP1","GOBP_TISSUE_REMODELING","GO_BP",0.000499750124937531,1.33774357654422e-05,1.53059905783091e-08,6.2567842605156,TRUE,10,0.1,"GOMF_CYTOKINE_ACTIVITY",FALSE,"KO_heat_up","unpinned"
"TNFSF11","GOBP_TISSUE_REMODELING","GO_BP",0.000499750124937531,1.33774357654422e-05,1.53059905783091e-08,6.2567842605156,TRUE,8,0.125,"GOMF_CYTOKINE_ACTIVITY",FALSE,"KO_heat_up","unpinned"
"ADORA2A","GOBP_PHOSPHOLIPASE_C_ACTIVATING_G_PROTEIN_COUPLED_RECEPTOR_SIGNALING_PATHWAY","GO_BP",0.000499750124937531,0.000287248952595821,4.38213505104228e-07,6.98674242424242,TRUE,6,0.166666666666667,"GOBP_REGULATION_OF_INFLAMMATORY_RESPONSE",FALSE,"KO_heat_up","unpinned"
"ANO1","GOBP_PHOSPHOLIPASE_C_ACTIVATING_G_PROTEIN_COUPLED_RECEPTOR_SIGNALING_PATHWAY","GO_BP",0.000499750124937531,0.000287248952595821,4.38213505104228e-07,6.98674242424242,TRUE,2,0.5,"GOBP_PHOSPHOLIPASE_C_ACTIVATING_G_PROTEIN_COUPLED_RECEPTOR_SIGNALING_PATHWAY",TRUE,"KO_heat_up","unpinned"
"BICD1","GOBP_PHOSPHOLIPASE_C_ACTIVATING_G_PROTEIN_COUPLED_RECEPTOR_SIGNALING_PATHWAY","GO_BP",0.000499750124937531,0.000287248952595821,4.38213505104228e-07,6.98674242424242,TRUE,3,0.333333333333333,"GOBP_PHOSPHOLIPASE_C_ACTIVATING_G_PROTEIN_COUPLED_RECEPTOR_SIGNALING_PATHWAY",TRUE,"KO_heat_up","unpinned"
"CALCA","GOBP_PHOSPHOLIPASE_C_ACTIVATING_G_PROTEIN_COUPLED_RECEPTOR_SIGNALING_PATHWAY","GO_BP",0.000499750124937531,0.000287248952595821,4.38213505104228e-07,6.98674242424242,TRUE,6,0.166666666666667,"GOBP_TAXIS",FALSE,"KO_heat_up","unpinned"
"GAP43","GOBP_PHOSPHOLIPASE_C_ACTIVATING_G_PROTEIN_COUPLED_RECEPTOR_SIGNALING_PATHWAY","GO_BP",0.000499750124937531,0.000287248952595821,4.38213505104228e-07,6.98674242424242,TRUE,1,1,"GOBP_PHOSPHOLIPASE_C_ACTIVATING_G_PROTEIN_COUPLED_RECEPTOR_SIGNALING_PATHWAY",TRUE,"KO_heat_up","unpinned"
"GRP","GOBP_PHOSPHOLIPASE_C_ACTIVATING_G_PROTEIN_COUPLED_RECEPTOR_SIGNALING_PATHWAY","GO_BP",0.000499750124937531,0.000287248952595821,4.38213505104228e-07,6.98674242424242,TRUE,3,0.333333333333333,"GOBP_PHOSPHOLIPASE_C_ACTIVATING_G_PROTEIN_COUPLED_RECEPTOR_SIGNALING_PATHWAY",TRUE,"KO_heat_up","unpinned"
"IL2","GOBP_PHOSPHOLIPASE_C_ACTIVATING_G_PROTEIN_COUPLED_RECEPTOR_SIGNALING_PATHWAY","GO_BP",0.000499750124937531,0.000287248952595821,4.38213505104228e-07,6.98674242424242,TRUE,8,0.125,"GOMF_CYTOKINE_ACTIVITY",FALSE,"KO_heat_up","unpinned"
"LTB4R","GOBP_PHOSPHOLIPASE_C_ACTIVATING_G_PROTEIN_COUPLED_RECEPTOR_SIGNALING_PATHWAY","GO_BP",0.000499750124937531,0.000287248952595821,4.38213505104228e-07,6.98674242424242,TRUE,3,0.333333333333333,"GOBP_PHOSPHOLIPASE_C_ACTIVATING_G_PROTEIN_COUPLED_RECEPTOR_SIGNALING_PATHWAY",TRUE,"KO_heat_up","unpinned"
"PARD3","GOBP_PHOSPHOLIPASE_C_ACTIVATING_G_PROTEIN_COUPLED_RECEPTOR_SIGNALING_PATHWAY","GO_BP",0.000499750124937531,0.000287248952595821,4.38213505104228e-07,6.98674242424242,TRUE,2,0.5,"GOBP_PHOSPHOLIPASE_C_ACTIVATING_G_PROTEIN_COUPLED_RECEPTOR_SIGNALING_PATHWAY",TRUE,"KO_heat_up","unpinned"
"PLEK","GOBP_PHOSPHOLIPASE_C_ACTIVATING_G_PROTEIN_COUPLED_RECEPTOR_SIGNALING_PATHWAY","GO_BP",0.000499750124937531,0.000287248952595821,4.38213505104228e-07,6.98674242424242,TRUE,4,0.25,"HALLMARK_TNFA_SIGNALING_VIA_NFKB",FALSE,"KO_heat_up","unpinned"
"TGM2","GOBP_PHOSPHOLIPASE_C_ACTIVATING_G_PROTEIN_COUPLED_RECEPTOR_SIGNALING_PATHWAY","GO_BP",0.000499750124937531,0.000287248952595821,4.38213505104228e-07,6.98674242424242,TRUE,4,0.25,"GOBP_PHOSPHOLIPASE_C_ACTIVATING_G_PROTEIN_COUPLED_RECEPTOR_SIGNALING_PATHWAY",TRUE,"KO_heat_up","unpinned"
"ADM","GOBP_NEGATIVE_REGULATION_OF_G_PROTEIN_COUPLED_RECEPTOR_SIGNALING_PATHWAY","GO_BP",0.000499750124937531,0.000874345729501875,3.00118671453733e-06,8.76767676767677,TRUE,5,0.2,"HALLMARK_INFLAMMATORY_RESPONSE",FALSE,"KO_heat_up","unpinned"
"APLP1","GOBP_NEGATIVE_REGULATION_OF_G_PROTEIN_COUPLED_RECEPTOR_SIGNALING_PATHWAY","GO_BP",0.000499750124937531,0.000874345729501875,3.00118671453733e-06,8.76767676767677,TRUE,4,0.25,"GOBP_NEGATIVE_REGULATION_OF_G_PROTEIN_COUPLED_RECEPTOR_SIGNALING_PATHWAY",TRUE,"KO_heat_up","unpinned"
"ATP2B4","GOBP_NEGATIVE_REGULATION_OF_G_PROTEIN_COUPLED_RECEPTOR_SIGNALING_PATHWAY","GO_BP",0.000499750124937531,0.000874345729501875,3.00118671453733e-06,8.76767676767677,TRUE,1,1,"GOBP_NEGATIVE_REGULATION_OF_G_PROTEIN_COUPLED_RECEPTOR_SIGNALING_PATHWAY",TRUE,"KO_heat_up","unpinned"
"BICD1","GOBP_NEGATIVE_REGULATION_OF_G_PROTEIN_COUPLED_RECEPTOR_SIGNALING_PATHWAY","GO_BP",0.000499750124937531,0.000874345729501875,3.00118671453733e-06,8.76767676767677,TRUE,3,0.333333333333333,"GOBP_PHOSPHOLIPASE_C_ACTIVATING_G_PROTEIN_COUPLED_RECEPTOR_SIGNALING_PATHWAY",FALSE,"KO_heat_up","unpinned"
"CALCA","GOBP_NEGATIVE_REGULATION_OF_G_PROTEIN_COUPLED_RECEPTOR_SIGNALING_PATHWAY","GO_BP",0.000499750124937531,0.000874345729501875,3.00118671453733e-06,8.76767676767677,TRUE,6,0.166666666666667,"GOBP_TAXIS",FALSE,"KO_heat_up","unpinned"
"PLEK","GOBP_NEGATIVE_REGULATION_OF_G_PROTEIN_COUPLED_RECEPTOR_SIGNALING_PATHWAY","GO_BP",0.000499750124937531,0.000874345729501875,3.00118671453733e-06,8.76767676767677,TRUE,4,0.25,"HALLMARK_TNFA_SIGNALING_VIA_NFKB",FALSE,"KO_heat_up","unpinned"
"RGS16","GOBP_NEGATIVE_REGULATION_OF_G_PROTEIN_COUPLED_RECEPTOR_SIGNALING_PATHWAY","GO_BP",0.000499750124937531,0.000874345729501875,3.00118671453733e-06,8.76767676767677,TRUE,5,0.2,"HALLMARK_INFLAMMATORY_RESPONSE",FALSE,"KO_heat_up","unpinned"
"SERPINE1","GOBP_NEGATIVE_REGULATION_OF_G_PROTEIN_COUPLED_RECEPTOR_SIGNALING_PATHWAY","GO_BP",0.000499750124937531,0.000874345729501875,3.00118671453733e-06,8.76767676767677,TRUE,11,0.0909090909090909,"HALLMARK_TNFA_SIGNALING_VIA_NFKB",FALSE,"KO_heat_up","unpinned"
"ANXA2","GOBP_NEGATIVE_REGULATION_OF_COAGULATION","GO_BP",0.000499750124937531,0.00313604295001619,2.69278687418697e-05,9.86363636363637,TRUE,4,0.25,"GOBP_NEGATIVE_REGULATION_OF_COAGULATION",TRUE,"KO_heat_up","unpinned"
"PDGFA","GOBP_NEGATIVE_REGULATION_OF_COAGULATION","GO_BP",0.000499750124937531,0.00313604295001619,2.69278687418697e-05,9.86363636363637,TRUE,8,0.125,"GOBP_TAXIS",FALSE,"KO_heat_up","unpinned"
"PDGFB","GOBP_NEGATIVE_REGULATION_OF_COAGULATION","GO_BP",0.000499750124937531,0.00313604295001619,2.69278687418697e-05,9.86363636363637,TRUE,8,0.125,"GOBP_TAXIS",FALSE,"KO_heat_up","unpinned"
"PLAUR","GOBP_NEGATIVE_REGULATION_OF_COAGULATION","GO_BP",0.000499750124937531,0.00313604295001619,2.69278687418697e-05,9.86363636363637,TRUE,9,0.111111111111111,"HALLMARK_TNFA_SIGNALING_VIA_NFKB",FALSE,"KO_heat_up","unpinned"
"PROCR","GOBP_NEGATIVE_REGULATION_OF_COAGULATION","GO_BP",0.000499750124937531,0.00313604295001619,2.69278687418697e-05,9.86363636363637,TRUE,2,0.5,"GOBP_NEGATIVE_REGULATION_OF_COAGULATION",TRUE,"KO_heat_up","unpinned"
"SERPINE1","GOBP_NEGATIVE_REGULATION_OF_COAGULATION","GO_BP",0.000499750124937531,0.00313604295001619,2.69278687418697e-05,9.86363636363637,TRUE,11,0.0909090909090909,"HALLMARK_TNFA_SIGNALING_VIA_NFKB",FALSE,"KO_heat_up","unpinned"
"CD40LG","GOBP_POSITIVE_REGULATION_OF_EXTRINSIC_APOPTOTIC_SIGNALING_PATHWAY","GO_BP",0.000499750124937531,0.00313604295001619,2.74724687736152e-05,7.82515151515152,TRUE,3,0.333333333333333,"GOMF_CYTOKINE_ACTIVITY",FALSE,"KO_heat_up","unpinned"
"FASLG","GOBP_POSITIVE_REGULATION_OF_EXTRINSIC_APOPTOTIC_SIGNALING_PATHWAY","GO_BP",0.000499750124937531,0.00313604295001619,2.74724687736152e-05,7.82515151515152,TRUE,5,0.2,"GOMF_CYTOKINE_ACTIVITY",FALSE,"KO_heat_up","unpinned"
"INHBA","GOBP_POSITIVE_REGULATION_OF_EXTRINSIC_APOPTOTIC_SIGNALING_PATHWAY","GO_BP",0.000499750124937531,0.00313604295001619,2.74724687736152e-05,7.82515151515152,TRUE,7,0.142857142857143,"GOMF_CYTOKINE_ACTIVITY",FALSE,"KO_heat_up","unpinned"
"LTA","GOBP_POSITIVE_REGULATION_OF_EXTRINSIC_APOPTOTIC_SIGNALING_PATHWAY","GO_BP",0.000499750124937531,0.00313604295001619,2.74724687736152e-05,7.82515151515152,TRUE,5,0.2,"GOMF_CYTOKINE_ACTIVITY",FALSE,"KO_heat_up","unpinned"
"RET","GOBP_POSITIVE_REGULATION_OF_EXTRINSIC_APOPTOTIC_SIGNALING_PATHWAY","GO_BP",0.000499750124937531,0.00313604295001619,2.74724687736152e-05,7.82515151515152,TRUE,1,1,"GOBP_POSITIVE_REGULATION_OF_EXTRINSIC_APOPTOTIC_SIGNALING_PATHWAY",TRUE,"KO_heat_up","unpinned"
"TNFSF11","GOBP_POSITIVE_REGULATION_OF_EXTRINSIC_APOPTOTIC_SIGNALING_PATHWAY","GO_BP",0.000499750124937531,0.00313604295001619,2.74724687736152e-05,7.82515151515152,TRUE,8,0.125,"GOMF_CYTOKINE_ACTIVITY",FALSE,"KO_heat_up","unpinned"
"TNFSF14","GOBP_POSITIVE_REGULATION_OF_EXTRINSIC_APOPTOTIC_SIGNALING_PATHWAY","GO_BP",0.000499750124937531,0.00313604295001619,2.74724687736152e-05,7.82515151515152,TRUE,5,0.2,"GOMF_CYTOKINE_ACTIVITY",FALSE,"KO_heat_up","unpinned"
"ADAM8","GOBP_POSITIVE_REGULATION_OF_BONE_RESORPTION","GO_BP",0.000499750124937531,0.00515331536639073,6.26236672952477e-05,17.1981351981352,TRUE,6,0.166666666666667,"GOBP_TAXIS",FALSE,"KO_heat_up","unpinned"
"LTBP3","GOBP_POSITIVE_REGULATION_OF_BONE_RESORPTION","GO_BP",0.000499750124937531,0.00515331536639073,6.26236672952477e-05,17.1981351981352,TRUE,4,0.25,"GOBP_TISSUE_REMODELING",FALSE,"KO_heat_up","unpinned"
"SPP1","GOBP_POSITIVE_REGULATION_OF_BONE_RESORPTION","GO_BP",0.000499750124937531,0.00515331536639073,6.26236672952477e-05,17.1981351981352,TRUE,8,0.125,"GOMF_CYTOKINE_ACTIVITY",FALSE,"KO_heat_up","unpinned"
"TNFSF11","GOBP_POSITIVE_REGULATION_OF_BONE_RESORPTION","GO_BP",0.000499750124937531,0.00515331536639073,6.26236672952477e-05,17.1981351981352,TRUE,8,0.125,"GOMF_CYTOKINE_ACTIVITY",FALSE,"KO_heat_up","unpinned"
"ADORA2A","GOBP_POSITIVE_REGULATION_OF_BEHAVIOR","GO_BP",0.000499750124937531,0.00931876853314043,0.000152824960688421,13.9734848484848,TRUE,6,0.166666666666667,"GOBP_REGULATION_OF_INFLAMMATORY_RESPONSE",FALSE,"KO_heat_up","unpinned"
"GRP","GOBP_POSITIVE_REGULATION_OF_BEHAVIOR","GO_BP",0.000499750124937531,0.00931876853314043,0.000152824960688421,13.9734848484848,TRUE,3,0.333333333333333,"GOBP_PHOSPHOLIPASE_C_ACTIVATING_G_PROTEIN_COUPLED_RECEPTOR_SIGNALING_PATHWAY",FALSE,"KO_heat_up","unpinned"
"NR4A3","GOBP_POSITIVE_REGULATION_OF_BEHAVIOR","GO_BP",0.000499750124937531,0.00931876853314043,0.000152824960688421,13.9734848484848,TRUE,3,0.333333333333333,"HALLMARK_TNFA_SIGNALING_VIA_NFKB",FALSE,"KO_heat_up","unpinned"
"STRA6","GOBP_POSITIVE_REGULATION_OF_BEHAVIOR","GO_BP",0.000499750124937531,0.00931876853314043,0.000152824960688421,13.9734848484848,TRUE,1,1,"GOBP_POSITIVE_REGULATION_OF_BEHAVIOR",TRUE,"KO_heat_up","unpinned"
"ANXA2","GOBP_FIBRINOLYSIS","GO_BP",0.000499750124937531,0.0301256126087688,0.00141321523679579,12.8986013986014,TRUE,4,0.25,"GOBP_NEGATIVE_REGULATION_OF_COAGULATION",FALSE,"KO_heat_up","unpinned"
"PLAUR","GOBP_FIBRINOLYSIS","GO_BP",0.000499750124937531,0.0301256126087688,0.00141321523679579,12.8986013986014,TRUE,9,0.111111111111111,"HALLMARK_TNFA_SIGNALING_VIA_NFKB",FALSE,"KO_heat_up","unpinned"
"SERPINE1","GOBP_FIBRINOLYSIS","GO_BP",0.000499750124937531,0.0301256126087688,0.00141321523679579,12.8986013986014,TRUE,11,0.0909090909090909,"HALLMARK_TNFA_SIGNALING_VIA_NFKB",FALSE,"KO_heat_up","unpinned"
"AREG","GOMF_CYTOKINE_ACTIVITY","GO_MF",0.000499750124937531,2.39876822365882e-18,6.43101400444724e-21,10.8570772058824,TRUE,6,0.166666666666667,"GOMF_CYTOKINE_ACTIVITY",TRUE,"KO_heat_up","unpinned"
"C3","GOMF_CYTOKINE_ACTIVITY","GO_MF",0.000499750124937531,2.39876822365882e-18,6.43101400444724e-21,10.8570772058824,TRUE,7,0.142857142857143,"GOMF_CYTOKINE_ACTIVITY",TRUE,"KO_heat_up","unpinned"
"CCL20","GOMF_CYTOKINE_ACTIVITY","GO_MF",0.000499750124937531,2.39876822365882e-18,6.43101400444724e-21,10.8570772058824,TRUE,10,0.1,"GOMF_CYTOKINE_ACTIVITY",TRUE,"KO_heat_up","unpinned"
"CCL22","GOMF_CYTOKINE_ACTIVITY","GO_MF",0.000499750124937531,2.39876822365882e-18,6.43101400444724e-21,10.8570772058824,TRUE,8,0.125,"GOMF_CYTOKINE_ACTIVITY",TRUE,"KO_heat_up","unpinned"
"CCL3","GOMF_CYTOKINE_ACTIVITY","GO_MF",0.000499750124937531,2.39876822365882e-18,6.43101400444724e-21,10.8570772058824,TRUE,8,0.125,"GOMF_CYTOKINE_ACTIVITY",TRUE,"KO_heat_up","unpinned"
"CCL4","GOMF_CYTOKINE_ACTIVITY","GO_MF",0.000499750124937531,2.39876822365882e-18,6.43101400444724e-21,10.8570772058824,TRUE,8,0.125,"GOMF_CYTOKINE_ACTIVITY",TRUE,"KO_heat_up","unpinned"
"CD40LG","GOMF_CYTOKINE_ACTIVITY","GO_MF",0.000499750124937531,2.39876822365882e-18,6.43101400444724e-21,10.8570772058824,TRUE,3,0.333333333333333,"GOMF_CYTOKINE_ACTIVITY",TRUE,"KO_heat_up","unpinned"
"CSF2","GOMF_CYTOKINE_ACTIVITY","GO_MF",0.000499750124937531,2.39876822365882e-18,6.43101400444724e-21,10.8570772058824,TRUE,7,0.142857142857143,"GOMF_CYTOKINE_ACTIVITY",TRUE,"KO_heat_up","unpinned"
"FASLG","GOMF_CYTOKINE_ACTIVITY","GO_MF",0.000499750124937531,2.39876822365882e-18,6.43101400444724e-21,10.8570772058824,TRUE,5,0.2,"GOMF_CYTOKINE_ACTIVITY",TRUE,"KO_heat_up","unpinned"
"GDF6","GOMF_CYTOKINE_ACTIVITY","GO_MF",0.000499750124937531,2.39876822365882e-18,6.43101400444724e-21,10.8570772058824,TRUE,2,0.5,"GOMF_CYTOKINE_ACTIVITY",TRUE,"KO_heat_up","unpinned"
"IL17F","GOMF_CYTOKINE_ACTIVITY","GO_MF",0.000499750124937531,2.39876822365882e-18,6.43101400444724e-21,10.8570772058824,TRUE,2,0.5,"GOMF_CYTOKINE_ACTIVITY",TRUE,"KO_heat_up","unpinned"
"IL1A","GOMF_CYTOKINE_ACTIVITY","GO_MF",0.000499750124937531,2.39876822365882e-18,6.43101400444724e-21,10.8570772058824,TRUE,9,0.111111111111111,"GOMF_CYTOKINE_ACTIVITY",TRUE,"KO_heat_up","unpinned"
"IL1RN","GOMF_CYTOKINE_ACTIVITY","GO_MF",0.000499750124937531,2.39876822365882e-18,6.43101400444724e-21,10.8570772058824,TRUE,5,0.2,"GOMF_CYTOKINE_ACTIVITY",TRUE,"KO_heat_up","unpinned"
"IL2","GOMF_CYTOKINE_ACTIVITY","GO_MF",0.000499750124937531,2.39876822365882e-18,6.43101400444724e-21,10.8570772058824,TRUE,8,0.125,"GOMF_CYTOKINE_ACTIVITY",TRUE,"KO_heat_up","unpinned"
"IL23A","GOMF_CYTOKINE_ACTIVITY","GO_MF",0.000499750124937531,2.39876822365882e-18,6.43101400444724e-21,10.8570772058824,TRUE,6,0.166666666666667,"GOMF_CYTOKINE_ACTIVITY",TRUE,"KO_heat_up","unpinned"
"IL24","GOMF_CYTOKINE_ACTIVITY","GO_MF",0.000499750124937531,2.39876822365882e-18,6.43101400444724e-21,10.8570772058824,TRUE,2,0.5,"GOMF_CYTOKINE_ACTIVITY",TRUE,"KO_heat_up","unpinned"
"IL3","GOMF_CYTOKINE_ACTIVITY","GO_MF",0.000499750124937531,2.39876822365882e-18,6.43101400444724e-21,10.8570772058824,TRUE,3,0.333333333333333,"GOMF_CYTOKINE_ACTIVITY",TRUE,"KO_heat_up","unpinned"
"IL9","GOMF_CYTOKINE_ACTIVITY","GO_MF",0.000499750124937531,2.39876822365882e-18,6.43101400444724e-21,10.8570772058824,TRUE,3,0.333333333333333,"GOMF_CYTOKINE_ACTIVITY",TRUE,"KO_heat_up","unpinned"
"INHBA","GOMF_CYTOKINE_ACTIVITY","GO_MF",0.000499750124937531,2.39876822365882e-18,6.43101400444724e-21,10.8570772058824,TRUE,7,0.142857142857143,"GOMF_CYTOKINE_ACTIVITY",TRUE,"KO_heat_up","unpinned"
"LTA","GOMF_CYTOKINE_ACTIVITY","GO_MF",0.000499750124937531,2.39876822365882e-18,6.43101400444724e-21,10.8570772058824,TRUE,5,0.2,"GOMF_CYTOKINE_ACTIVITY",TRUE,"KO_heat_up","unpinned"
"SPP1","GOMF_CYTOKINE_ACTIVITY","GO_MF",0.000499750124937531,2.39876822365882e-18,6.43101400444724e-21,10.8570772058824,TRUE,8,0.125,"GOMF_CYTOKINE_ACTIVITY",TRUE,"KO_heat_up","unpinned"
"TIMP1","GOMF_CYTOKINE_ACTIVITY","GO_MF",0.000499750124937531,2.39876822365882e-18,6.43101400444724e-21,10.8570772058824,TRUE,10,0.1,"GOMF_CYTOKINE_ACTIVITY",TRUE,"KO_heat_up","unpinned"
"TNFRSF11B","GOMF_CYTOKINE_ACTIVITY","GO_MF",0.000499750124937531,2.39876822365882e-18,6.43101400444724e-21,10.8570772058824,TRUE,3,0.333333333333333,"GOMF_CYTOKINE_ACTIVITY",TRUE,"KO_heat_up","unpinned"
"TNFSF11","GOMF_CYTOKINE_ACTIVITY","GO_MF",0.000499750124937531,2.39876822365882e-18,6.43101400444724e-21,10.8570772058824,TRUE,8,0.125,"GOMF_CYTOKINE_ACTIVITY",TRUE,"KO_heat_up","unpinned"
"TNFSF14","GOMF_CYTOKINE_ACTIVITY","GO_MF",0.000499750124937531,2.39876822365882e-18,6.43101400444724e-21,10.8570772058824,TRUE,5,0.2,"GOMF_CYTOKINE_ACTIVITY",TRUE,"KO_heat_up","unpinned"
"TNFSF9","GOMF_CYTOKINE_ACTIVITY","GO_MF",0.000499750124937531,2.39876822365882e-18,6.43101400444724e-21,10.8570772058824,TRUE,5,0.2,"GOMF_CYTOKINE_ACTIVITY",TRUE,"KO_heat_up","unpinned"
"WNT3","GOMF_CYTOKINE_ACTIVITY","GO_MF",0.000499750124937531,2.39876822365882e-18,6.43101400444724e-21,10.8570772058824,TRUE,4,0.25,"GOMF_CYTOKINE_ACTIVITY",TRUE,"KO_heat_up","unpinned"
"AREG","GOMF_GROWTH_FACTOR_ACTIVITY","GO_MF",0.000499750124937531,0.000101097522441922,1.0841557366426e-06,6.3615333773959,TRUE,6,0.166666666666667,"GOMF_CYTOKINE_ACTIVITY",FALSE,"KO_heat_up","unpinned"
"CSF2","GOMF_GROWTH_FACTOR_ACTIVITY","GO_MF",0.000499750124937531,0.000101097522441922,1.0841557366426e-06,6.3615333773959,TRUE,7,0.142857142857143,"GOMF_CYTOKINE_ACTIVITY",FALSE,"KO_heat_up","unpinned"
"GDF6","GOMF_GROWTH_FACTOR_ACTIVITY","GO_MF",0.000499750124937531,0.000101097522441922,1.0841557366426e-06,6.3615333773959,TRUE,2,0.5,"GOMF_CYTOKINE_ACTIVITY",FALSE,"KO_heat_up","unpinned"
"HBEGF","GOMF_GROWTH_FACTOR_ACTIVITY","GO_MF",0.000499750124937531,0.000101097522441922,1.0841557366426e-06,6.3615333773959,TRUE,8,0.125,"HALLMARK_TNFA_SIGNALING_VIA_NFKB",FALSE,"KO_heat_up","unpinned"
"IL2","GOMF_GROWTH_FACTOR_ACTIVITY","GO_MF",0.000499750124937531,0.000101097522441922,1.0841557366426e-06,6.3615333773959,TRUE,8,0.125,"GOMF_CYTOKINE_ACTIVITY",FALSE,"KO_heat_up","unpinned"
"IL3","GOMF_GROWTH_FACTOR_ACTIVITY","GO_MF",0.000499750124937531,0.000101097522441922,1.0841557366426e-06,6.3615333773959,TRUE,3,0.333333333333333,"GOMF_CYTOKINE_ACTIVITY",FALSE,"KO_heat_up","unpinned"
"IL9","GOMF_GROWTH_FACTOR_ACTIVITY","GO_MF",0.000499750124937531,0.000101097522441922,1.0841557366426e-06,6.3615333773959,TRUE,3,0.333333333333333,"GOMF_CYTOKINE_ACTIVITY",FALSE,"KO_heat_up","unpinned"
"INHBA","GOMF_GROWTH_FACTOR_ACTIVITY","GO_MF",0.000499750124937531,0.000101097522441922,1.0841557366426e-06,6.3615333773959,TRUE,7,0.142857142857143,"GOMF_CYTOKINE_ACTIVITY",FALSE,"KO_heat_up","unpinned"
"PDGFA","GOMF_GROWTH_FACTOR_ACTIVITY","GO_MF",0.000499750124937531,0.000101097522441922,1.0841557366426e-06,6.3615333773959,TRUE,8,0.125,"GOBP_TAXIS",FALSE,"KO_heat_up","unpinned"
"PDGFB","GOMF_GROWTH_FACTOR_ACTIVITY","GO_MF",0.000499750124937531,0.000101097522441922,1.0841557366426e-06,6.3615333773959,TRUE,8,0.125,"GOBP_TAXIS",FALSE,"KO_heat_up","unpinned"
"TIMP1","GOMF_GROWTH_FACTOR_ACTIVITY","GO_MF",0.000499750124937531,0.000101097522441922,1.0841557366426e-06,6.3615333773959,TRUE,10,0.1,"GOMF_CYTOKINE_ACTIVITY",FALSE,"KO_heat_up","unpinned"
"ADM","GOMF_G_PROTEIN_COUPLED_RECEPTOR_BINDING","GO_MF",0.000499750124937531,0.000561036872682735,9.02472181259092e-06,4.0482485128883,TRUE,5,0.2,"HALLMARK_INFLAMMATORY_RESPONSE",FALSE,"KO_heat_up","unpinned"
"ADORA2A","GOMF_G_PROTEIN_COUPLED_RECEPTOR_BINDING","GO_MF",0.000499750124937531,0.000561036872682735,9.02472181259092e-06,4.0482485128883,TRUE,6,0.166666666666667,"GOBP_REGULATION_OF_INFLAMMATORY_RESPONSE",FALSE,"KO_heat_up","unpinned"
"APLP1","GOMF_G_PROTEIN_COUPLED_RECEPTOR_BINDING","GO_MF",0.000499750124937531,0.000561036872682735,9.02472181259092e-06,4.0482485128883,TRUE,4,0.25,"GOBP_NEGATIVE_REGULATION_OF_G_PROTEIN_COUPLED_RECEPTOR_SIGNALING_PATHWAY",FALSE,"KO_heat_up","unpinned"
"AVPR1A","GOMF_G_PROTEIN_COUPLED_RECEPTOR_BINDING","GO_MF",0.000499750124937531,0.000561036872682735,9.02472181259092e-06,4.0482485128883,TRUE,3,0.333333333333333,"REACTOME_GPCR_LIGAND_BINDING",FALSE,"KO_heat_up","unpinned"
"BICD1","GOMF_G_PROTEIN_COUPLED_RECEPTOR_BINDING","GO_MF",0.000499750124937531,0.000561036872682735,9.02472181259092e-06,4.0482485128883,TRUE,3,0.333333333333333,"GOBP_PHOSPHOLIPASE_C_ACTIVATING_G_PROTEIN_COUPLED_RECEPTOR_SIGNALING_PATHWAY",FALSE,"KO_heat_up","unpinned"
"C3","GOMF_G_PROTEIN_COUPLED_RECEPTOR_BINDING","GO_MF",0.000499750124937531,0.000561036872682735,9.02472181259092e-06,4.0482485128883,TRUE,7,0.142857142857143,"GOMF_CYTOKINE_ACTIVITY",FALSE,"KO_heat_up","unpinned"
"CALCA","GOMF_G_PROTEIN_COUPLED_RECEPTOR_BINDING","GO_MF",0.000499750124937531,0.000561036872682735,9.02472181259092e-06,4.0482485128883,TRUE,6,0.166666666666667,"GOBP_TAXIS",FALSE,"KO_heat_up","unpinned"
"CCL20","GOMF_G_PROTEIN_COUPLED_RECEPTOR_BINDING","GO_MF",0.000499750124937531,0.000561036872682735,9.02472181259092e-06,4.0482485128883,TRUE,10,0.1,"GOMF_CYTOKINE_ACTIVITY",FALSE,"KO_heat_up","unpinned"
"CCL22","GOMF_G_PROTEIN_COUPLED_RECEPTOR_BINDING","GO_MF",0.000499750124937531,0.000561036872682735,9.02472181259092e-06,4.0482485128883,TRUE,8,0.125,"GOMF_CYTOKINE_ACTIVITY",FALSE,"KO_heat_up","unpinned"
"CCL3","GOMF_G_PROTEIN_COUPLED_RECEPTOR_BINDING","GO_MF",0.000499750124937531,0.000561036872682735,9.02472181259092e-06,4.0482485128883,TRUE,8,0.125,"GOMF_CYTOKINE_ACTIVITY",FALSE,"KO_heat_up","unpinned"
"CCL4","GOMF_G_PROTEIN_COUPLED_RECEPTOR_BINDING","GO_MF",0.000499750124937531,0.000561036872682735,9.02472181259092e-06,4.0482485128883,TRUE,8,0.125,"GOMF_CYTOKINE_ACTIVITY",FALSE,"KO_heat_up","unpinned"
"HSPA1A","GOMF_G_PROTEIN_COUPLED_RECEPTOR_BINDING","GO_MF",0.000499750124937531,0.000561036872682735,9.02472181259092e-06,4.0482485128883,TRUE,2,0.5,"GOMF_G_PROTEIN_COUPLED_RECEPTOR_BINDING",TRUE,"KO_heat_up","unpinned"
"IL2","GOMF_G_PROTEIN_COUPLED_RECEPTOR_BINDING","GO_MF",0.000499750124937531,0.000561036872682735,9.02472181259092e-06,4.0482485128883,TRUE,8,0.125,"GOMF_CYTOKINE_ACTIVITY",FALSE,"KO_heat_up","unpinned"
"WNT3","GOMF_G_PROTEIN_COUPLED_RECEPTOR_BINDING","GO_MF",0.000499750124937531,0.000561036872682735,9.02472181259092e-06,4.0482485128883,TRUE,4,0.25,"GOMF_CYTOKINE_ACTIVITY",FALSE,"KO_heat_up","unpinned"
"C3","GOMF_CHEMOKINE_ACTIVITY","GO_MF",0.000499750124937531,0.00994508834051105,0.000213299481834017,8.87423935091278,TRUE,7,0.142857142857143,"GOMF_CYTOKINE_ACTIVITY",FALSE,"KO_heat_up","unpinned"
"CCL20","GOMF_CHEMOKINE_ACTIVITY","GO_MF",0.000499750124937531,0.00994508834051105,0.000213299481834017,8.87423935091278,TRUE,10,0.1,"GOMF_CYTOKINE_ACTIVITY",FALSE,"KO_heat_up","unpinned"
"CCL22","GOMF_CHEMOKINE_ACTIVITY","GO_MF",0.000499750124937531,0.00994508834051105,0.000213299481834017,8.87423935091278,TRUE,8,0.125,"GOMF_CYTOKINE_ACTIVITY",FALSE,"KO_heat_up","unpinned"
"CCL3","GOMF_CHEMOKINE_ACTIVITY","GO_MF",0.000499750124937531,0.00994508834051105,0.000213299481834017,8.87423935091278,TRUE,8,0.125,"GOMF_CYTOKINE_ACTIVITY",FALSE,"KO_heat_up","unpinned"
"CCL4","GOMF_CHEMOKINE_ACTIVITY","GO_MF",0.000499750124937531,0.00994508834051105,0.000213299481834017,8.87423935091278,TRUE,8,0.125,"GOMF_CYTOKINE_ACTIVITY",FALSE,"KO_heat_up","unpinned"
"CCN1","GOMF_GROWTH_FACTOR_BINDING","GO_MF",0.000999500249875062,0.0331472786811381,0.000977533687647505,3.92156862745098,TRUE,5,0.2,"HALLMARK_TNFA_SIGNALING_VIA_NFKB",FALSE,"KO_heat_up","unpinned"
"EGFR","GOMF_GROWTH_FACTOR_BINDING","GO_MF",0.000999500249875062,0.0331472786811381,0.000977533687647505,3.92156862745098,TRUE,4,0.25,"REACTOME_EGFR_DOWNREGULATION",FALSE,"KO_heat_up","unpinned"
"EPHA2","GOMF_GROWTH_FACTOR_BINDING","GO_MF",0.000999500249875062,0.0331472786811381,0.000977533687647505,3.92156862745098,TRUE,4,0.25,"GOBP_TAXIS",FALSE,"KO_heat_up","unpinned"
"IL1R2","GOMF_GROWTH_FACTOR_BINDING","GO_MF",0.000999500249875062,0.0331472786811381,0.000977533687647505,3.92156862745098,TRUE,5,0.2,"REACTOME_INTERLEUKIN_10_SIGNALING",FALSE,"KO_heat_up","unpinned"
"IL1RN","GOMF_GROWTH_FACTOR_BINDING","GO_MF",0.000999500249875062,0.0331472786811381,0.000977533687647505,3.92156862745098,TRUE,5,0.2,"GOMF_CYTOKINE_ACTIVITY",FALSE,"KO_heat_up","unpinned"
"LTBP3","GOMF_GROWTH_FACTOR_BINDING","GO_MF",0.000999500249875062,0.0331472786811381,0.000977533687647505,3.92156862745098,TRUE,4,0.25,"GOBP_TISSUE_REMODELING",FALSE,"KO_heat_up","unpinned"
"PDGFA","GOMF_GROWTH_FACTOR_BINDING","GO_MF",0.000999500249875062,0.0331472786811381,0.000977533687647505,3.92156862745098,TRUE,8,0.125,"GOBP_TAXIS",FALSE,"KO_heat_up","unpinned"
"PDGFB","GOMF_GROWTH_FACTOR_BINDING","GO_MF",0.000999500249875062,0.0331472786811381,0.000977533687647505,3.92156862745098,TRUE,8,0.125,"GOBP_TAXIS",FALSE,"KO_heat_up","unpinned"
"CD80","KEGG_GRAFT_VERSUS_HOST_DISEASE","KEGG",0.0134932533733133,0.0186056979818562,0.000368429663007054,7.76113191843529,TRUE,5,0.2,"HALLMARK_TNFA_SIGNALING_VIA_NFKB",FALSE,"KO_heat_up","unpinned"
"FASLG","KEGG_GRAFT_VERSUS_HOST_DISEASE","KEGG",0.0134932533733133,0.0186056979818562,0.000368429663007054,7.76113191843529,TRUE,5,0.2,"GOMF_CYTOKINE_ACTIVITY",FALSE,"KO_heat_up","unpinned"
"IL1A","KEGG_GRAFT_VERSUS_HOST_DISEASE","KEGG",0.0134932533733133,0.0186056979818562,0.000368429663007054,7.76113191843529,TRUE,9,0.111111111111111,"GOMF_CYTOKINE_ACTIVITY",FALSE,"KO_heat_up","unpinned"
"IL2","KEGG_GRAFT_VERSUS_HOST_DISEASE","KEGG",0.0134932533733133,0.0186056979818562,0.000368429663007054,7.76113191843529,TRUE,8,0.125,"GOMF_CYTOKINE_ACTIVITY",FALSE,"KO_heat_up","unpinned"
"KLRC1","KEGG_GRAFT_VERSUS_HOST_DISEASE","KEGG",0.0134932533733133,0.0186056979818562,0.000368429663007054,7.76113191843529,TRUE,1,1,"KEGG_GRAFT_VERSUS_HOST_DISEASE",TRUE,"KO_heat_up","unpinned"
"ADORA2A","KEGG_NEUROACTIVE_LIGAND_RECEPTOR_INTERACTION","KEGG",0.000999500249875062,0.0492578337935076,0.00195080529875278,3.45650411212788,TRUE,6,0.166666666666667,"GOBP_REGULATION_OF_INFLAMMATORY_RESPONSE",FALSE,"KO_heat_up","unpinned"
"ADORA2B","KEGG_NEUROACTIVE_LIGAND_RECEPTOR_INTERACTION","KEGG",0.000999500249875062,0.0492578337935076,0.00195080529875278,3.45650411212788,TRUE,5,0.2,"HALLMARK_INFLAMMATORY_RESPONSE",FALSE,"KO_heat_up","unpinned"
"AVPR1A","KEGG_NEUROACTIVE_LIGAND_RECEPTOR_INTERACTION","KEGG",0.000999500249875062,0.0492578337935076,0.00195080529875278,3.45650411212788,TRUE,3,0.333333333333333,"REACTOME_GPCR_LIGAND_BINDING",FALSE,"KO_heat_up","unpinned"
"GZMA","KEGG_NEUROACTIVE_LIGAND_RECEPTOR_INTERACTION","KEGG",0.000999500249875062,0.0492578337935076,0.00195080529875278,3.45650411212788,TRUE,2,0.5,"KEGG_NEUROACTIVE_LIGAND_RECEPTOR_INTERACTION",TRUE,"KO_heat_up","unpinned"
"LTB4R","KEGG_NEUROACTIVE_LIGAND_RECEPTOR_INTERACTION","KEGG",0.000999500249875062,0.0492578337935076,0.00195080529875278,3.45650411212788,TRUE,3,0.333333333333333,"GOBP_PHOSPHOLIPASE_C_ACTIVATING_G_PROTEIN_COUPLED_RECEPTOR_SIGNALING_PATHWAY",FALSE,"KO_heat_up","unpinned"
"PARD3","KEGG_NEUROACTIVE_LIGAND_RECEPTOR_INTERACTION","KEGG",0.000999500249875062,0.0492578337935076,0.00195080529875278,3.45650411212788,TRUE,2,0.5,"GOBP_PHOSPHOLIPASE_C_ACTIVATING_G_PROTEIN_COUPLED_RECEPTOR_SIGNALING_PATHWAY",FALSE,"KO_heat_up","unpinned"
"PTGER2","KEGG_NEUROACTIVE_LIGAND_RECEPTOR_INTERACTION","KEGG",0.000999500249875062,0.0492578337935076,0.00195080529875278,3.45650411212788,TRUE,4,0.25,"HALLMARK_INFLAMMATORY_RESPONSE",FALSE,"KO_heat_up","unpinned"
"S1PR3","KEGG_NEUROACTIVE_LIGAND_RECEPTOR_INTERACTION","KEGG",0.000999500249875062,0.0492578337935076,0.00195080529875278,3.45650411212788,TRUE,2,0.5,"REACTOME_GPCR_LIGAND_BINDING",FALSE,"KO_heat_up","unpinned"
"CCL20","REACTOME_INTERLEUKIN_10_SIGNALING","Reactome",0.000499750124937531,7.66535721382053e-07,1.62746437660733e-09,13.5662077171511,TRUE,10,0.1,"GOMF_CYTOKINE_ACTIVITY",FALSE,"KO_heat_up","unpinned"
"CCL22","REACTOME_INTERLEUKIN_10_SIGNALING","Reactome",0.000499750124937531,7.66535721382053e-07,1.62746437660733e-09,13.5662077171511,TRUE,8,0.125,"GOMF_CYTOKINE_ACTIVITY",FALSE,"KO_heat_up","unpinned"
"CCL3","REACTOME_INTERLEUKIN_10_SIGNALING","Reactome",0.000499750124937531,7.66535721382053e-07,1.62746437660733e-09,13.5662077171511,TRUE,8,0.125,"GOMF_CYTOKINE_ACTIVITY",FALSE,"KO_heat_up","unpinned"
"CCL4","REACTOME_INTERLEUKIN_10_SIGNALING","Reactome",0.000499750124937531,7.66535721382053e-07,1.62746437660733e-09,13.5662077171511,TRUE,8,0.125,"GOMF_CYTOKINE_ACTIVITY",FALSE,"KO_heat_up","unpinned"
"CD80","REACTOME_INTERLEUKIN_10_SIGNALING","Reactome",0.000499750124937531,7.66535721382053e-07,1.62746437660733e-09,13.5662077171511,TRUE,5,0.2,"HALLMARK_TNFA_SIGNALING_VIA_NFKB",FALSE,"KO_heat_up","unpinned"
"CSF2","REACTOME_INTERLEUKIN_10_SIGNALING","Reactome",0.000499750124937531,7.66535721382053e-07,1.62746437660733e-09,13.5662077171511,TRUE,7,0.142857142857143,"GOMF_CYTOKINE_ACTIVITY",FALSE,"KO_heat_up","unpinned"
"IL1A","REACTOME_INTERLEUKIN_10_SIGNALING","Reactome",0.000499750124937531,7.66535721382053e-07,1.62746437660733e-09,13.5662077171511,TRUE,9,0.111111111111111,"GOMF_CYTOKINE_ACTIVITY",FALSE,"KO_heat_up","unpinned"
"IL1R2","REACTOME_INTERLEUKIN_10_SIGNALING","Reactome",0.000499750124937531,7.66535721382053e-07,1.62746437660733e-09,13.5662077171511,TRUE,5,0.2,"REACTOME_INTERLEUKIN_10_SIGNALING",TRUE,"KO_heat_up","unpinned"
"IL1RN","REACTOME_INTERLEUKIN_10_SIGNALING","Reactome",0.000499750124937531,7.66535721382053e-07,1.62746437660733e-09,13.5662077171511,TRUE,5,0.2,"GOMF_CYTOKINE_ACTIVITY",FALSE,"KO_heat_up","unpinned"
"TIMP1","REACTOME_INTERLEUKIN_10_SIGNALING","Reactome",0.000499750124937531,7.66535721382053e-07,1.62746437660733e-09,13.5662077171511,TRUE,10,0.1,"GOMF_CYTOKINE_ACTIVITY",FALSE,"KO_heat_up","unpinned"
"CD70","REACTOME_TNFS_BIND_THEIR_PHYSIOLOGICAL_RECEPTORS","Reactome",0.000499750124937531,4.82021576367719e-05,2.04680074890751e-07,15.2767295597484,TRUE,2,0.5,"HALLMARK_INFLAMMATORY_RESPONSE",FALSE,"KO_heat_up","unpinned"
"FASLG","REACTOME_TNFS_BIND_THEIR_PHYSIOLOGICAL_RECEPTORS","Reactome",0.000499750124937531,4.82021576367719e-05,2.04680074890751e-07,15.2767295597484,TRUE,5,0.2,"GOMF_CYTOKINE_ACTIVITY",FALSE,"KO_heat_up","unpinned"
"LTA","REACTOME_TNFS_BIND_THEIR_PHYSIOLOGICAL_RECEPTORS","Reactome",0.000499750124937531,4.82021576367719e-05,2.04680074890751e-07,15.2767295597484,TRUE,5,0.2,"GOMF_CYTOKINE_ACTIVITY",FALSE,"KO_heat_up","unpinned"
"TNFRSF11B","REACTOME_TNFS_BIND_THEIR_PHYSIOLOGICAL_RECEPTORS","Reactome",0.000499750124937531,4.82021576367719e-05,2.04680074890751e-07,15.2767295597484,TRUE,3,0.333333333333333,"GOMF_CYTOKINE_ACTIVITY",FALSE,"KO_heat_up","unpinned"
"TNFSF11","REACTOME_TNFS_BIND_THEIR_PHYSIOLOGICAL_RECEPTORS","Reactome",0.000499750124937531,4.82021576367719e-05,2.04680074890751e-07,15.2767295597484,TRUE,8,0.125,"GOMF_CYTOKINE_ACTIVITY",FALSE,"KO_heat_up","unpinned"
"TNFSF14","REACTOME_TNFS_BIND_THEIR_PHYSIOLOGICAL_RECEPTORS","Reactome",0.000499750124937531,4.82021576367719e-05,2.04680074890751e-07,15.2767295597484,TRUE,5,0.2,"GOMF_CYTOKINE_ACTIVITY",FALSE,"KO_heat_up","unpinned"
"TNFSF9","REACTOME_TNFS_BIND_THEIR_PHYSIOLOGICAL_RECEPTORS","Reactome",0.000499750124937531,4.82021576367719e-05,2.04680074890751e-07,15.2767295597484,TRUE,5,0.2,"GOMF_CYTOKINE_ACTIVITY",FALSE,"KO_heat_up","unpinned"
"ADM","REACTOME_GPCR_LIGAND_BINDING","Reactome",0.000499750124937531,0.000450757497194366,2.87106686111061e-06,3.9176560822212,TRUE,5,0.2,"HALLMARK_INFLAMMATORY_RESPONSE",FALSE,"KO_heat_up","unpinned"
"ADORA2A","REACTOME_GPCR_LIGAND_BINDING","Reactome",0.000499750124937531,0.000450757497194366,2.87106686111061e-06,3.9176560822212,TRUE,6,0.166666666666667,"GOBP_REGULATION_OF_INFLAMMATORY_RESPONSE",FALSE,"KO_heat_up","unpinned"
"ADORA2B","REACTOME_GPCR_LIGAND_BINDING","Reactome",0.000499750124937531,0.000450757497194366,2.87106686111061e-06,3.9176560822212,TRUE,5,0.2,"HALLMARK_INFLAMMATORY_RESPONSE",FALSE,"KO_heat_up","unpinned"
"AVPR1A","REACTOME_GPCR_LIGAND_BINDING","Reactome",0.000499750124937531,0.000450757497194366,2.87106686111061e-06,3.9176560822212,TRUE,3,0.333333333333333,"REACTOME_GPCR_LIGAND_BINDING",TRUE,"KO_heat_up","unpinned"
"C3","REACTOME_GPCR_LIGAND_BINDING","Reactome",0.000499750124937531,0.000450757497194366,2.87106686111061e-06,3.9176560822212,TRUE,7,0.142857142857143,"GOMF_CYTOKINE_ACTIVITY",FALSE,"KO_heat_up","unpinned"
"CALCA","REACTOME_GPCR_LIGAND_BINDING","Reactome",0.000499750124937531,0.000450757497194366,2.87106686111061e-06,3.9176560822212,TRUE,6,0.166666666666667,"GOBP_TAXIS",FALSE,"KO_heat_up","unpinned"
"CCL20","REACTOME_GPCR_LIGAND_BINDING","Reactome",0.000499750124937531,0.000450757497194366,2.87106686111061e-06,3.9176560822212,TRUE,10,0.1,"GOMF_CYTOKINE_ACTIVITY",FALSE,"KO_heat_up","unpinned"
"CCL22","REACTOME_GPCR_LIGAND_BINDING","Reactome",0.000499750124937531,0.000450757497194366,2.87106686111061e-06,3.9176560822212,TRUE,8,0.125,"GOMF_CYTOKINE_ACTIVITY",FALSE,"KO_heat_up","unpinned"
"CCL3","REACTOME_GPCR_LIGAND_BINDING","Reactome",0.000499750124937531,0.000450757497194366,2.87106686111061e-06,3.9176560822212,TRUE,8,0.125,"GOMF_CYTOKINE_ACTIVITY",FALSE,"KO_heat_up","unpinned"
"CCL4","REACTOME_GPCR_LIGAND_BINDING","Reactome",0.000499750124937531,0.000450757497194366,2.87106686111061e-06,3.9176560822212,TRUE,8,0.125,"GOMF_CYTOKINE_ACTIVITY",FALSE,"KO_heat_up","unpinned"
"GPR183","REACTOME_GPCR_LIGAND_BINDING","Reactome",0.000499750124937531,0.000450757497194366,2.87106686111061e-06,3.9176560822212,TRUE,4,0.25,"HALLMARK_TNFA_SIGNALING_VIA_NFKB",FALSE,"KO_heat_up","unpinned"
"GRP","REACTOME_GPCR_LIGAND_BINDING","Reactome",0.000499750124937531,0.000450757497194366,2.87106686111061e-06,3.9176560822212,TRUE,3,0.333333333333333,"GOBP_PHOSPHOLIPASE_C_ACTIVATING_G_PROTEIN_COUPLED_RECEPTOR_SIGNALING_PATHWAY",FALSE,"KO_heat_up","unpinned"
"LTB4R","REACTOME_GPCR_LIGAND_BINDING","Reactome",0.000499750124937531,0.000450757497194366,2.87106686111061e-06,3.9176560822212,TRUE,3,0.333333333333333,"GOBP_PHOSPHOLIPASE_C_ACTIVATING_G_PROTEIN_COUPLED_RECEPTOR_SIGNALING_PATHWAY",FALSE,"KO_heat_up","unpinned"
"PTGER2","REACTOME_GPCR_LIGAND_BINDING","Reactome",0.000499750124937531,0.000450757497194366,2.87106686111061e-06,3.9176560822212,TRUE,4,0.25,"HALLMARK_INFLAMMATORY_RESPONSE",FALSE,"KO_heat_up","unpinned"
"S1PR3","REACTOME_GPCR_LIGAND_BINDING","Reactome",0.000499750124937531,0.000450757497194366,2.87106686111061e-06,3.9176560822212,TRUE,2,0.5,"REACTOME_GPCR_LIGAND_BINDING",TRUE,"KO_heat_up","unpinned"
"WNT3","REACTOME_GPCR_LIGAND_BINDING","Reactome",0.000499750124937531,0.000450757497194366,2.87106686111061e-06,3.9176560822212,TRUE,4,0.25,"GOMF_CYTOKINE_ACTIVITY",FALSE,"KO_heat_up","unpinned"
"EGR1","REACTOME_NGF_STIMULATED_TRANSCRIPTION","Reactome",0.000499750124937531,0.000660009647200625,5.60517747091826e-06,9.76013277428372,TRUE,2,0.5,"HALLMARK_TNFA_SIGNALING_VIA_NFKB",FALSE,"KO_heat_up","unpinned"
"EGR2","REACTOME_NGF_STIMULATED_TRANSCRIPTION","Reactome",0.000499750124937531,0.000660009647200625,5.60517747091826e-06,9.76013277428372,TRUE,2,0.5,"HALLMARK_TNFA_SIGNALING_VIA_NFKB",FALSE,"KO_heat_up","unpinned"
"EGR3","REACTOME_NGF_STIMULATED_TRANSCRIPTION","Reactome",0.000499750124937531,0.000660009647200625,5.60517747091826e-06,9.76013277428372,TRUE,3,0.333333333333333,"HALLMARK_TNFA_SIGNALING_VIA_NFKB",FALSE,"KO_heat_up","unpinned"
"F3","REACTOME_NGF_STIMULATED_TRANSCRIPTION","Reactome",0.000499750124937531,0.000660009647200625,5.60517747091826e-06,9.76013277428372,TRUE,6,0.166666666666667,"HALLMARK_TNFA_SIGNALING_VIA_NFKB",FALSE,"KO_heat_up","unpinned"
"FOSL1","REACTOME_NGF_STIMULATED_TRANSCRIPTION","Reactome",0.000499750124937531,0.000660009647200625,5.60517747091826e-06,9.76013277428372,TRUE,3,0.333333333333333,"HALLMARK_TNFA_SIGNALING_VIA_NFKB",FALSE,"KO_heat_up","unpinned"
"NAB2","REACTOME_NGF_STIMULATED_TRANSCRIPTION","Reactome",0.000499750124937531,0.000660009647200625,5.60517747091826e-06,9.76013277428372,TRUE,1,1,"REACTOME_NGF_STIMULATED_TRANSCRIPTION",TRUE,"KO_heat_up","unpinned"
"SH3GL3","REACTOME_NGF_STIMULATED_TRANSCRIPTION","Reactome",0.000499750124937531,0.000660009647200625,5.60517747091826e-06,9.76013277428372,TRUE,2,0.5,"REACTOME_NGF_STIMULATED_TRANSCRIPTION",TRUE,"KO_heat_up","unpinned"
"ANXA2","REACTOME_SIGNALING_BY_INTERLEUKINS","Reactome",0.000499750124937531,0.00288370846890765,3.67351397313076e-05,2.65514947008222,TRUE,4,0.25,"GOBP_NEGATIVE_REGULATION_OF_COAGULATION",FALSE,"KO_heat_up","unpinned"
"CCL20","REACTOME_SIGNALING_BY_INTERLEUKINS","Reactome",0.000499750124937531,0.00288370846890765,3.67351397313076e-05,2.65514947008222,TRUE,10,0.1,"GOMF_CYTOKINE_ACTIVITY",FALSE,"KO_heat_up","unpinned"
"CCL22","REACTOME_SIGNALING_BY_INTERLEUKINS","Reactome",0.000499750124937531,0.00288370846890765,3.67351397313076e-05,2.65514947008222,TRUE,8,0.125,"GOMF_CYTOKINE_ACTIVITY",FALSE,"KO_heat_up","unpinned"
"CCL3","REACTOME_SIGNALING_BY_INTERLEUKINS","Reactome",0.000499750124937531,0.00288370846890765,3.67351397313076e-05,2.65514947008222,TRUE,8,0.125,"GOMF_CYTOKINE_ACTIVITY",FALSE,"KO_heat_up","unpinned"
"CCL4","REACTOME_SIGNALING_BY_INTERLEUKINS","Reactome",0.000499750124937531,0.00288370846890765,3.67351397313076e-05,2.65514947008222,TRUE,8,0.125,"GOMF_CYTOKINE_ACTIVITY",FALSE,"KO_heat_up","unpinned"
"CD80","REACTOME_SIGNALING_BY_INTERLEUKINS","Reactome",0.000499750124937531,0.00288370846890765,3.67351397313076e-05,2.65514947008222,TRUE,5,0.2,"HALLMARK_TNFA_SIGNALING_VIA_NFKB",FALSE,"KO_heat_up","unpinned"
"CDKN1A","REACTOME_SIGNALING_BY_INTERLEUKINS","Reactome",0.000499750124937531,0.00288370846890765,3.67351397313076e-05,2.65514947008222,TRUE,6,0.166666666666667,"HALLMARK_TNFA_SIGNALING_VIA_NFKB",FALSE,"KO_heat_up","unpinned"
"CSF2","REACTOME_SIGNALING_BY_INTERLEUKINS","Reactome",0.000499750124937531,0.00288370846890765,3.67351397313076e-05,2.65514947008222,TRUE,7,0.142857142857143,"GOMF_CYTOKINE_ACTIVITY",FALSE,"KO_heat_up","unpinned"
"FASLG","REACTOME_SIGNALING_BY_INTERLEUKINS","Reactome",0.000499750124937531,0.00288370846890765,3.67351397313076e-05,2.65514947008222,TRUE,5,0.2,"GOMF_CYTOKINE_ACTIVITY",FALSE,"KO_heat_up","unpinned"
"IL17F","REACTOME_SIGNALING_BY_INTERLEUKINS","Reactome",0.000499750124937531,0.00288370846890765,3.67351397313076e-05,2.65514947008222,TRUE,2,0.5,"GOMF_CYTOKINE_ACTIVITY",FALSE,"KO_heat_up","unpinned"
"IL1A","REACTOME_SIGNALING_BY_INTERLEUKINS","Reactome",0.000499750124937531,0.00288370846890765,3.67351397313076e-05,2.65514947008222,TRUE,9,0.111111111111111,"GOMF_CYTOKINE_ACTIVITY",FALSE,"KO_heat_up","unpinned"
"IL1R2","REACTOME_SIGNALING_BY_INTERLEUKINS","Reactome",0.000499750124937531,0.00288370846890765,3.67351397313076e-05,2.65514947008222,TRUE,5,0.2,"REACTOME_INTERLEUKIN_10_SIGNALING",FALSE,"KO_heat_up","unpinned"
"IL1RN","REACTOME_SIGNALING_BY_INTERLEUKINS","Reactome",0.000499750124937531,0.00288370846890765,3.67351397313076e-05,2.65514947008222,TRUE,5,0.2,"GOMF_CYTOKINE_ACTIVITY",FALSE,"KO_heat_up","unpinned"
"IL2","REACTOME_SIGNALING_BY_INTERLEUKINS","Reactome",0.000499750124937531,0.00288370846890765,3.67351397313076e-05,2.65514947008222,TRUE,8,0.125,"GOMF_CYTOKINE_ACTIVITY",FALSE,"KO_heat_up","unpinned"
"IL23A","REACTOME_SIGNALING_BY_INTERLEUKINS","Reactome",0.000499750124937531,0.00288370846890765,3.67351397313076e-05,2.65514947008222,TRUE,6,0.166666666666667,"GOMF_CYTOKINE_ACTIVITY",FALSE,"KO_heat_up","unpinned"
"IL24","REACTOME_SIGNALING_BY_INTERLEUKINS","Reactome",0.000499750124937531,0.00288370846890765,3.67351397313076e-05,2.65514947008222,TRUE,2,0.5,"GOMF_CYTOKINE_ACTIVITY",FALSE,"KO_heat_up","unpinned"
"IL3","REACTOME_SIGNALING_BY_INTERLEUKINS","Reactome",0.000499750124937531,0.00288370846890765,3.67351397313076e-05,2.65514947008222,TRUE,3,0.333333333333333,"GOMF_CYTOKINE_ACTIVITY",FALSE,"KO_heat_up","unpinned"
"IL9","REACTOME_SIGNALING_BY_INTERLEUKINS","Reactome",0.000499750124937531,0.00288370846890765,3.67351397313076e-05,2.65514947008222,TRUE,3,0.333333333333333,"GOMF_CYTOKINE_ACTIVITY",FALSE,"KO_heat_up","unpinned"
"PTPN5","REACTOME_SIGNALING_BY_INTERLEUKINS","Reactome",0.000499750124937531,0.00288370846890765,3.67351397313076e-05,2.65514947008222,TRUE,1,1,"REACTOME_SIGNALING_BY_INTERLEUKINS",TRUE,"KO_heat_up","unpinned"
"SDC1","REACTOME_SIGNALING_BY_INTERLEUKINS","Reactome",0.000499750124937531,0.00288370846890765,3.67351397313076e-05,2.65514947008222,TRUE,5,0.2,"REACTOME_SIGNALING_BY_INTERLEUKINS",TRUE,"KO_heat_up","unpinned"
"TIMP1","REACTOME_SIGNALING_BY_INTERLEUKINS","Reactome",0.000499750124937531,0.00288370846890765,3.67351397313076e-05,2.65514947008222,TRUE,10,0.1,"GOMF_CYTOKINE_ACTIVITY",FALSE,"KO_heat_up","unpinned"
"AREG","REACTOME_EGFR_DOWNREGULATION","Reactome",0.000499750124937531,0.00841648156587522,0.000166852230794922,9.29536454693687,TRUE,6,0.166666666666667,"GOMF_CYTOKINE_ACTIVITY",FALSE,"KO_heat_up","unpinned"
"EGFR","REACTOME_EGFR_DOWNREGULATION","Reactome",0.000499750124937531,0.00841648156587522,0.000166852230794922,9.29536454693687,TRUE,4,0.25,"REACTOME_EGFR_DOWNREGULATION",TRUE,"KO_heat_up","unpinned"
"HBEGF","REACTOME_EGFR_DOWNREGULATION","Reactome",0.000499750124937531,0.00841648156587522,0.000166852230794922,9.29536454693687,TRUE,8,0.125,"HALLMARK_TNFA_SIGNALING_VIA_NFKB",FALSE,"KO_heat_up","unpinned"
"SH3GL3","REACTOME_EGFR_DOWNREGULATION","Reactome",0.000499750124937531,0.00841648156587522,0.000166852230794922,9.29536454693687,TRUE,2,0.5,"REACTOME_NGF_STIMULATED_TRANSCRIPTION",FALSE,"KO_heat_up","unpinned"
"SPRY1","REACTOME_EGFR_DOWNREGULATION","Reactome",0.000499750124937531,0.00841648156587522,0.000166852230794922,9.29536454693687,TRUE,1,1,"REACTOME_EGFR_DOWNREGULATION",TRUE,"KO_heat_up","unpinned"
"ADAM8","REACTOME_EXTRACELLULAR_MATRIX_ORGANIZATION","Reactome",0.000499750124937531,0.00898862800333866,0.00022634485937872,3.16764364657752,TRUE,6,0.166666666666667,"GOBP_TAXIS",FALSE,"KO_heat_up","unpinned"
"COL27A1","REACTOME_EXTRACELLULAR_MATRIX_ORGANIZATION","Reactome",0.000499750124937531,0.00898862800333866,0.00022634485937872,3.16764364657752,TRUE,1,1,"REACTOME_EXTRACELLULAR_MATRIX_ORGANIZATION",TRUE,"KO_heat_up","unpinned"
"ITGA3","REACTOME_EXTRACELLULAR_MATRIX_ORGANIZATION","Reactome",0.000499750124937531,0.00898862800333866,0.00022634485937872,3.16764364657752,TRUE,1,1,"REACTOME_EXTRACELLULAR_MATRIX_ORGANIZATION",TRUE,"KO_heat_up","unpinned"
"LAMC2","REACTOME_EXTRACELLULAR_MATRIX_ORGANIZATION","Reactome",0.000499750124937531,0.00898862800333866,0.00022634485937872,3.16764364657752,TRUE,2,0.5,"REACTOME_EXTRACELLULAR_MATRIX_ORGANIZATION",TRUE,"KO_heat_up","unpinned"
"LTBP3","REACTOME_EXTRACELLULAR_MATRIX_ORGANIZATION","Reactome",0.000499750124937531,0.00898862800333866,0.00022634485937872,3.16764364657752,TRUE,4,0.25,"GOBP_TISSUE_REMODELING",FALSE,"KO_heat_up","unpinned"
"P4HA2","REACTOME_EXTRACELLULAR_MATRIX_ORGANIZATION","Reactome",0.000499750124937531,0.00898862800333866,0.00022634485937872,3.16764364657752,TRUE,2,0.5,"REACTOME_EXTRACELLULAR_MATRIX_ORGANIZATION",TRUE,"KO_heat_up","unpinned"
"PDGFA","REACTOME_EXTRACELLULAR_MATRIX_ORGANIZATION","Reactome",0.000499750124937531,0.00898862800333866,0.00022634485937872,3.16764364657752,TRUE,8,0.125,"GOBP_TAXIS",FALSE,"KO_heat_up","unpinned"
"PDGFB","REACTOME_EXTRACELLULAR_MATRIX_ORGANIZATION","Reactome",0.000499750124937531,0.00898862800333866,0.00022634485937872,3.16764364657752,TRUE,8,0.125,"GOBP_TAXIS",FALSE,"KO_heat_up","unpinned"
"SDC1","REACTOME_EXTRACELLULAR_MATRIX_ORGANIZATION","Reactome",0.000499750124937531,0.00898862800333866,0.00022634485937872,3.16764364657752,TRUE,5,0.2,"REACTOME_SIGNALING_BY_INTERLEUKINS",FALSE,"KO_heat_up","unpinned"
"SDC4","REACTOME_EXTRACELLULAR_MATRIX_ORGANIZATION","Reactome",0.000499750124937531,0.00898862800333866,0.00022634485937872,3.16764364657752,TRUE,5,0.2,"HALLMARK_TNFA_SIGNALING_VIA_NFKB",FALSE,"KO_heat_up","unpinned"
"SERPINE1","REACTOME_EXTRACELLULAR_MATRIX_ORGANIZATION","Reactome",0.000499750124937531,0.00898862800333866,0.00022634485937872,3.16764364657752,TRUE,11,0.0909090909090909,"HALLMARK_TNFA_SIGNALING_VIA_NFKB",FALSE,"KO_heat_up","unpinned"
"SPP1","REACTOME_EXTRACELLULAR_MATRIX_ORGANIZATION","Reactome",0.000499750124937531,0.00898862800333866,0.00022634485937872,3.16764364657752,TRUE,8,0.125,"GOMF_CYTOKINE_ACTIVITY",FALSE,"KO_heat_up","unpinned"
"TIMP1","REACTOME_EXTRACELLULAR_MATRIX_ORGANIZATION","Reactome",0.000499750124937531,0.00898862800333866,0.00022634485937872,3.16764364657752,TRUE,10,0.1,"GOMF_CYTOKINE_ACTIVITY",FALSE,"KO_heat_up","unpinned"
"AREG","REACTOME_PI3K_AKT_SIGNALING_IN_CANCER","Reactome",0.000499750124937531,0.010713579676676,0.000295703897657723,4.66929940032178,TRUE,6,0.166666666666667,"GOMF_CYTOKINE_ACTIVITY",FALSE,"KO_heat_up","unpinned"
"CD80","REACTOME_PI3K_AKT_SIGNALING_IN_CANCER","Reactome",0.000499750124937531,0.010713579676676,0.000295703897657723,4.66929940032178,TRUE,5,0.2,"HALLMARK_TNFA_SIGNALING_VIA_NFKB",FALSE,"KO_heat_up","unpinned"
"CDKN1A","REACTOME_PI3K_AKT_SIGNALING_IN_CANCER","Reactome",0.000499750124937531,0.010713579676676,0.000295703897657723,4.66929940032178,TRUE,6,0.166666666666667,"HALLMARK_TNFA_SIGNALING_VIA_NFKB",FALSE,"KO_heat_up","unpinned"
"EGFR","REACTOME_PI3K_AKT_SIGNALING_IN_CANCER","Reactome",0.000499750124937531,0.010713579676676,0.000295703897657723,4.66929940032178,TRUE,4,0.25,"REACTOME_EGFR_DOWNREGULATION",FALSE,"KO_heat_up","unpinned"
"HBEGF","REACTOME_PI3K_AKT_SIGNALING_IN_CANCER","Reactome",0.000499750124937531,0.010713579676676,0.000295703897657723,4.66929940032178,TRUE,8,0.125,"HALLMARK_TNFA_SIGNALING_VIA_NFKB",FALSE,"KO_heat_up","unpinned"
"NR4A1","REACTOME_PI3K_AKT_SIGNALING_IN_CANCER","Reactome",0.000499750124937531,0.010713579676676,0.000295703897657723,4.66929940032178,TRUE,3,0.333333333333333,"HALLMARK_TNFA_SIGNALING_VIA_NFKB",FALSE,"KO_heat_up","unpinned"
"PDGFA","REACTOME_PI3K_AKT_SIGNALING_IN_CANCER","Reactome",0.000499750124937531,0.010713579676676,0.000295703897657723,4.66929940032178,TRUE,8,0.125,"GOBP_TAXIS",FALSE,"KO_heat_up","unpinned"
"PDGFB","REACTOME_PI3K_AKT_SIGNALING_IN_CANCER","Reactome",0.000499750124937531,0.010713579676676,0.000295703897657723,4.66929940032178,TRUE,8,0.125,"GOBP_TAXIS",FALSE,"KO_heat_up","unpinned"
"HAVCR1","REACTOME_ATTACHMENT_AND_ENTRY","Reactome",0.00149925037481259,0.0414384436435143,0.00149565507842833,12.5487421383648,TRUE,1,1,"REACTOME_ATTACHMENT_AND_ENTRY",TRUE,"KO_heat_up","unpinned"
"SDC1","REACTOME_ATTACHMENT_AND_ENTRY","Reactome",0.00149925037481259,0.0414384436435143,0.00149565507842833,12.5487421383648,TRUE,5,0.2,"REACTOME_SIGNALING_BY_INTERLEUKINS",FALSE,"KO_heat_up","unpinned"
"SDC4","REACTOME_ATTACHMENT_AND_ENTRY","Reactome",0.00149925037481259,0.0414384436435143,0.00149565507842833,12.5487421383648,TRUE,5,0.2,"HALLMARK_TNFA_SIGNALING_VIA_NFKB",FALSE,"KO_heat_up","unpinned"
"ACTBL2","not claimed by any selected set","not claimed by any selected set",NA,NA,NA,NA,NA,0,1,"not claimed by any selected set",TRUE,"KO_heat_up","unpinned"
"ADCY4","not claimed by any selected set","not claimed by any selected set",NA,NA,NA,NA,NA,0,1,"not claimed by any selected set",TRUE,"KO_heat_up","unpinned"
"ALDH1L2","not claimed by any selected set","not claimed by any selected set",NA,NA,NA,NA,NA,0,1,"not claimed by any selected set",TRUE,"KO_heat_up","unpinned"
"ANKRD33B","not claimed by any selected set","not claimed by any selected set",NA,NA,NA,NA,NA,0,1,"not claimed by any selected set",TRUE,"KO_heat_up","unpinned"
"ANKRD37","not claimed by any selected set","not claimed by any selected set",NA,NA,NA,NA,NA,0,1,"not claimed by any selected set",TRUE,"KO_heat_up","unpinned"
"ARHGEF25","not claimed by any selected set","not claimed by any selected set",NA,NA,NA,NA,NA,0,1,"not claimed by any selected set",TRUE,"KO_heat_up","unpinned"
"ARID3A","not claimed by any selected set","not claimed by any selected set",NA,NA,NA,NA,NA,0,1,"not claimed by any selected set",TRUE,"KO_heat_up","unpinned"
"ASB2","not claimed by any selected set","not claimed by any selected set",NA,NA,NA,NA,NA,0,1,"not claimed by any selected set",TRUE,"KO_heat_up","unpinned"
"B3GNT5","not claimed by any selected set","not claimed by any selected set",NA,NA,NA,NA,NA,0,1,"not claimed by any selected set",TRUE,"KO_heat_up","unpinned"
"BCAM","not claimed by any selected set","not claimed by any selected set",NA,NA,NA,NA,NA,0,1,"not claimed by any selected set",TRUE,"KO_heat_up","unpinned"
"BSPRY","not claimed by any selected set","not claimed by any selected set",NA,NA,NA,NA,NA,0,1,"not claimed by any selected set",TRUE,"KO_heat_up","unpinned"
"C11orf86","not claimed by any selected set","not claimed by any selected set",NA,NA,NA,NA,NA,0,1,"not claimed by any selected set",TRUE,"KO_heat_up","unpinned"
"C15orf48","not claimed by any selected set","not claimed by any selected set",NA,NA,NA,NA,NA,0,1,"not claimed by any selected set",TRUE,"KO_heat_up","unpinned"
"C22orf15","not claimed by any selected set","not claimed by any selected set",NA,NA,NA,NA,NA,0,1,"not claimed by any selected set",TRUE,"KO_heat_up","unpinned"
"CARD10","not claimed by any selected set","not claimed by any selected set",NA,NA,NA,NA,NA,0,1,"not claimed by any selected set",TRUE,"KO_heat_up","unpinned"
"CASZ1","not claimed by any selected set","not claimed by any selected set",NA,NA,NA,NA,NA,0,1,"not claimed by any selected set",TRUE,"KO_heat_up","unpinned"
"CCDC184","not claimed by any selected set","not claimed by any selected set",NA,NA,NA,NA,NA,0,1,"not claimed by any selected set",TRUE,"KO_heat_up","unpinned"
"CD53","not claimed by any selected set","not claimed by any selected set",NA,NA,NA,NA,NA,0,1,"not claimed by any selected set",TRUE,"KO_heat_up","unpinned"
"CLDN4","not claimed by any selected set","not claimed by any selected set",NA,NA,NA,NA,NA,0,1,"not claimed by any selected set",TRUE,"KO_heat_up","unpinned"
"CRABP2","not claimed by any selected set","not claimed by any selected set",NA,NA,NA,NA,NA,0,1,"not claimed by any selected set",TRUE,"KO_heat_up","unpinned"
"CSGALNACT1","not claimed by any selected set","not claimed by any selected set",NA,NA,NA,NA,NA,0,1,"not claimed by any selected set",TRUE,"KO_heat_up","unpinned"
"CTH","not claimed by any selected set","not claimed by any selected set",NA,NA,NA,NA,NA,0,1,"not claimed by any selected set",TRUE,"KO_heat_up","unpinned"
"CYSTM1","not claimed by any selected set","not claimed by any selected set",NA,NA,NA,NA,NA,0,1,"not claimed by any selected set",TRUE,"KO_heat_up","unpinned"
"DENND3","not claimed by any selected set","not claimed by any selected set",NA,NA,NA,NA,NA,0,1,"not claimed by any selected set",TRUE,"KO_heat_up","unpinned"
"DMWD","not claimed by any selected set","not claimed by any selected set",NA,NA,NA,NA,NA,0,1,"not claimed by any selected set",TRUE,"KO_heat_up","unpinned"
"DNAH7","not claimed by any selected set","not claimed by any selected set",NA,NA,NA,NA,NA,0,1,"not claimed by any selected set",TRUE,"KO_heat_up","unpinned"
"EBF1","not claimed by any selected set","not claimed by any selected set",NA,NA,NA,NA,NA,0,1,"not claimed by any selected set",TRUE,"KO_heat_up","unpinned"
"EHD2","not claimed by any selected set","not claimed by any selected set",NA,NA,NA,NA,NA,0,1,"not claimed by any selected set",TRUE,"KO_heat_up","unpinned"
"EPCAM","not claimed by any selected set","not claimed by any selected set",NA,NA,NA,NA,NA,0,1,"not claimed by any selected set",TRUE,"KO_heat_up","unpinned"
"EPN2","not claimed by any selected set","not claimed by any selected set",NA,NA,NA,NA,NA,0,1,"not claimed by any selected set",TRUE,"KO_heat_up","unpinned"
"ESYT3","not claimed by any selected set","not claimed by any selected set",NA,NA,NA,NA,NA,0,1,"not claimed by any selected set",TRUE,"KO_heat_up","unpinned"
"FAM110C","not claimed by any selected set","not claimed by any selected set",NA,NA,NA,NA,NA,0,1,"not claimed by any selected set",TRUE,"KO_heat_up","unpinned"
"FAM43A","not claimed by any selected set","not claimed by any selected set",NA,NA,NA,NA,NA,0,1,"not claimed by any selected set",TRUE,"KO_heat_up","unpinned"
"FAM83G","not claimed by any selected set","not claimed by any selected set",NA,NA,NA,NA,NA,0,1,"not claimed by any selected set",TRUE,"KO_heat_up","unpinned"
"FAT2","not claimed by any selected set","not claimed by any selected set",NA,NA,NA,NA,NA,0,1,"not claimed by any selected set",TRUE,"KO_heat_up","unpinned"
"GATM","not claimed by any selected set","not claimed by any selected set",NA,NA,NA,NA,NA,0,1,"not claimed by any selected set",TRUE,"KO_heat_up","unpinned"
"GFI1","not claimed by any selected set","not claimed by any selected set",NA,NA,NA,NA,NA,0,1,"not claimed by any selected set",TRUE,"KO_heat_up","unpinned"
"GPAT3","not claimed by any selected set","not claimed by any selected set",NA,NA,NA,NA,NA,0,1,"not claimed by any selected set",TRUE,"KO_heat_up","unpinned"
"GPRC5A","not claimed by any selected set","not claimed by any selected set",NA,NA,NA,NA,NA,0,1,"not claimed by any selected set",TRUE,"KO_heat_up","unpinned"
"GPRIN2","not claimed by any selected set","not claimed by any selected set",NA,NA,NA,NA,NA,0,1,"not claimed by any selected set",TRUE,"KO_heat_up","unpinned"
"HIC1","not claimed by any selected set","not claimed by any selected set",NA,NA,NA,NA,NA,0,1,"not claimed by any selected set",TRUE,"KO_heat_up","unpinned"
"HSPH1","not claimed by any selected set","not claimed by any selected set",NA,NA,NA,NA,NA,0,1,"not claimed by any selected set",TRUE,"KO_heat_up","unpinned"
"IDI2","not claimed by any selected set","not claimed by any selected set",NA,NA,NA,NA,NA,0,1,"not claimed by any selected set",TRUE,"KO_heat_up","unpinned"
"IGF2BP2","not claimed by any selected set","not claimed by any selected set",NA,NA,NA,NA,NA,0,1,"not claimed by any selected set",TRUE,"KO_heat_up","unpinned"
"IGKC","not claimed by any selected set","not claimed by any selected set",NA,NA,NA,NA,NA,0,1,"not claimed by any selected set",TRUE,"KO_heat_up","unpinned"
"ILDR1","not claimed by any selected set","not claimed by any selected set",NA,NA,NA,NA,NA,0,1,"not claimed by any selected set",TRUE,"KO_heat_up","unpinned"
"KLF5","not claimed by any selected set","not claimed by any selected set",NA,NA,NA,NA,NA,0,1,"not claimed by any selected set",TRUE,"KO_heat_up","unpinned"
"LST1","not claimed by any selected set","not claimed by any selected set",NA,NA,NA,NA,NA,0,1,"not claimed by any selected set",TRUE,"KO_heat_up","unpinned"
"LZTS3","not claimed by any selected set","not claimed by any selected set",NA,NA,NA,NA,NA,0,1,"not claimed by any selected set",TRUE,"KO_heat_up","unpinned"
"MAPK12","not claimed by any selected set","not claimed by any selected set",NA,NA,NA,NA,NA,0,1,"not claimed by any selected set",TRUE,"KO_heat_up","unpinned"
"MCF2L","not claimed by any selected set","not claimed by any selected set",NA,NA,NA,NA,NA,0,1,"not claimed by any selected set",TRUE,"KO_heat_up","unpinned"
"MOCOS","not claimed by any selected set","not claimed by any selected set",NA,NA,NA,NA,NA,0,1,"not claimed by any selected set",TRUE,"KO_heat_up","unpinned"
"MST1R","not claimed by any selected set","not claimed by any selected set",NA,NA,NA,NA,NA,0,1,"not claimed by any selected set",TRUE,"KO_heat_up","unpinned"
"MYO16","not claimed by any selected set","not claimed by any selected set",NA,NA,NA,NA,NA,0,1,"not claimed by any selected set",TRUE,"KO_heat_up","unpinned"
"NEB","not claimed by any selected set","not claimed by any selected set",NA,NA,NA,NA,NA,0,1,"not claimed by any selected set",TRUE,"KO_heat_up","unpinned"
"NOTCH3","not claimed by any selected set","not claimed by any selected set",NA,NA,NA,NA,NA,0,1,"not claimed by any selected set",TRUE,"KO_heat_up","unpinned"
"NRBP2","not claimed by any selected set","not claimed by any selected set",NA,NA,NA,NA,NA,0,1,"not claimed by any selected set",TRUE,"KO_heat_up","unpinned"
"OAF","not claimed by any selected set","not claimed by any selected set",NA,NA,NA,NA,NA,0,1,"not claimed by any selected set",TRUE,"KO_heat_up","unpinned"
"OPHN1","not claimed by any selected set","not claimed by any selected set",NA,NA,NA,NA,NA,0,1,"not claimed by any selected set",TRUE,"KO_heat_up","unpinned"
"PAK1","not claimed by any selected set","not claimed by any selected set",NA,NA,NA,NA,NA,0,1,"not claimed by any selected set",TRUE,"KO_heat_up","unpinned"
"PDZK1IP1","not claimed by any selected set","not claimed by any selected set",NA,NA,NA,NA,NA,0,1,"not claimed by any selected set",TRUE,"KO_heat_up","unpinned"
"PKIB","not claimed by any selected set","not claimed by any selected set",NA,NA,NA,NA,NA,0,1,"not claimed by any selected set",TRUE,"KO_heat_up","unpinned"
"PLA1A","not claimed by any selected set","not claimed by any selected set",NA,NA,NA,NA,NA,0,1,"not claimed by any selected set",TRUE,"KO_heat_up","unpinned"
"PLA2G4C","not claimed by any selected set","not claimed by any selected set",NA,NA,NA,NA,NA,0,1,"not claimed by any selected set",TRUE,"KO_heat_up","unpinned"
"PPEF1","not claimed by any selected set","not claimed by any selected set",NA,NA,NA,NA,NA,0,1,"not claimed by any selected set",TRUE,"KO_heat_up","unpinned"
"PPL","not claimed by any selected set","not claimed by any selected set",NA,NA,NA,NA,NA,0,1,"not claimed by any selected set",TRUE,"KO_heat_up","unpinned"
"PXDC1","not claimed by any selected set","not claimed by any selected set",NA,NA,NA,NA,NA,0,1,"not claimed by any selected set",TRUE,"KO_heat_up","unpinned"
"RAB34","not claimed by any selected set","not claimed by any selected set",NA,NA,NA,NA,NA,0,1,"not claimed by any selected set",TRUE,"KO_heat_up","unpinned"
"RHBDL3","not claimed by any selected set","not claimed by any selected set",NA,NA,NA,NA,NA,0,1,"not claimed by any selected set",TRUE,"KO_heat_up","unpinned"
"RIPK4","not claimed by any selected set","not claimed by any selected set",NA,NA,NA,NA,NA,0,1,"not claimed by any selected set",TRUE,"KO_heat_up","unpinned"
"RNF152","not claimed by any selected set","not claimed by any selected set",NA,NA,NA,NA,NA,0,1,"not claimed by any selected set",TRUE,"KO_heat_up","unpinned"
"SAMD4A","not claimed by any selected set","not claimed by any selected set",NA,NA,NA,NA,NA,0,1,"not claimed by any selected set",TRUE,"KO_heat_up","unpinned"
"SH3PXD2B","not claimed by any selected set","not claimed by any selected set",NA,NA,NA,NA,NA,0,1,"not claimed by any selected set",TRUE,"KO_heat_up","unpinned"
"SLC13A3","not claimed by any selected set","not claimed by any selected set",NA,NA,NA,NA,NA,0,1,"not claimed by any selected set",TRUE,"KO_heat_up","unpinned"
"SLC41A1","not claimed by any selected set","not claimed by any selected set",NA,NA,NA,NA,NA,0,1,"not claimed by any selected set",TRUE,"KO_heat_up","unpinned"
"SLC4A11","not claimed by any selected set","not claimed by any selected set",NA,NA,NA,NA,NA,0,1,"not claimed by any selected set",TRUE,"KO_heat_up","unpinned"
"SPINT1","not claimed by any selected set","not claimed by any selected set",NA,NA,NA,NA,NA,0,1,"not claimed by any selected set",TRUE,"KO_heat_up","unpinned"
"SRXN1","not claimed by any selected set","not claimed by any selected set",NA,NA,NA,NA,NA,0,1,"not claimed by any selected set",TRUE,"KO_heat_up","unpinned"
"SSPOP","not claimed by any selected set","not claimed by any selected set",NA,NA,NA,NA,NA,0,1,"not claimed by any selected set",TRUE,"KO_heat_up","unpinned"
"SYT15","not claimed by any selected set","not claimed by any selected set",NA,NA,NA,NA,NA,0,1,"not claimed by any selected set",TRUE,"KO_heat_up","unpinned"
"TANC2","not claimed by any selected set","not claimed by any selected set",NA,NA,NA,NA,NA,0,1,"not claimed by any selected set",TRUE,"KO_heat_up","unpinned"
"TEX15","not claimed by any selected set","not claimed by any selected set",NA,NA,NA,NA,NA,0,1,"not claimed by any selected set",TRUE,"KO_heat_up","unpinned"
"TGM1","not claimed by any selected set","not claimed by any selected set",NA,NA,NA,NA,NA,0,1,"not claimed by any selected set",TRUE,"KO_heat_up","unpinned"
"TMEFF2","not claimed by any selected set","not claimed by any selected set",NA,NA,NA,NA,NA,0,1,"not claimed by any selected set",TRUE,"KO_heat_up","unpinned"
"TMEM125","not claimed by any selected set","not claimed by any selected set",NA,NA,NA,NA,NA,0,1,"not claimed by any selected set",TRUE,"KO_heat_up","unpinned"
"TMEM205","not claimed by any selected set","not claimed by any selected set",NA,NA,NA,NA,NA,0,1,"not claimed by any selected set",TRUE,"KO_heat_up","unpinned"
"TP73","not claimed by any selected set","not claimed by any selected set",NA,NA,NA,NA,NA,0,1,"not claimed by any selected set",TRUE,"KO_heat_up","unpinned"
"TRPM6","not claimed by any selected set","not claimed by any selected set",NA,NA,NA,NA,NA,0,1,"not claimed by any selected set",TRUE,"KO_heat_up","unpinned"
"TTC39C","not claimed by any selected set","not claimed by any selected set",NA,NA,NA,NA,NA,0,1,"not claimed by any selected set",TRUE,"KO_heat_up","unpinned"
"TTYH1","not claimed by any selected set","not claimed by any selected set",NA,NA,NA,NA,NA,0,1,"not claimed by any selected set",TRUE,"KO_heat_up","unpinned"
"UAP1","not claimed by any selected set","not claimed by any selected set",NA,NA,NA,NA,NA,0,1,"not claimed by any selected set",TRUE,"KO_heat_up","unpinned"
"VILL","not claimed by any selected set","not claimed by any selected set",NA,NA,NA,NA,NA,0,1,"not claimed by any selected set",TRUE,"KO_heat_up","unpinned"
"ZBTB32","not claimed by any selected set","not claimed by any selected set",NA,NA,NA,NA,NA,0,1,"not claimed by any selected set",TRUE,"KO_heat_up","unpinned"
"ZBTB46","not claimed by any selected set","not claimed by any selected set",NA,NA,NA,NA,NA,0,1,"not claimed by any selected set",TRUE,"KO_heat_up","unpinned"
"ZNF583","not claimed by any selected set","not claimed by any selected set",NA,NA,NA,NA,NA,0,1,"not claimed by any selected set",TRUE,"KO_heat_up","unpinned"
"AREG","HALLMARK_TNFA_SIGNALING_VIA_NFKB","Hallmark",0.000499750124937531,3.85736567522042e-16,8.97061784934982e-18,5.8109419280465,TRUE,6,0.166666666666667,"GOMF_CYTOKINE_ACTIVITY",FALSE,"KO_heat_up","hypoxia_anchored"
"CCL20","HALLMARK_TNFA_SIGNALING_VIA_NFKB","Hallmark",0.000499750124937531,3.85736567522042e-16,8.97061784934982e-18,5.8109419280465,TRUE,10,0.1,"GOMF_CYTOKINE_ACTIVITY",FALSE,"KO_heat_up","hypoxia_anchored"
"CCL4","HALLMARK_TNFA_SIGNALING_VIA_NFKB","Hallmark",0.000499750124937531,3.85736567522042e-16,8.97061784934982e-18,5.8109419280465,TRUE,8,0.125,"GOMF_CYTOKINE_ACTIVITY",FALSE,"KO_heat_up","hypoxia_anchored"
"CCN1","HALLMARK_TNFA_SIGNALING_VIA_NFKB","Hallmark",0.000499750124937531,3.85736567522042e-16,8.97061784934982e-18,5.8109419280465,TRUE,5,0.2,"HALLMARK_TNFA_SIGNALING_VIA_NFKB",TRUE,"KO_heat_up","hypoxia_anchored"
"CD80","HALLMARK_TNFA_SIGNALING_VIA_NFKB","Hallmark",0.000499750124937531,3.85736567522042e-16,8.97061784934982e-18,5.8109419280465,TRUE,5,0.2,"HALLMARK_TNFA_SIGNALING_VIA_NFKB",TRUE,"KO_heat_up","hypoxia_anchored"
"CD83","HALLMARK_TNFA_SIGNALING_VIA_NFKB","Hallmark",0.000499750124937531,3.85736567522042e-16,8.97061784934982e-18,5.8109419280465,TRUE,2,0.5,"HALLMARK_TNFA_SIGNALING_VIA_NFKB",TRUE,"KO_heat_up","hypoxia_anchored"
"CDKN1A","HALLMARK_TNFA_SIGNALING_VIA_NFKB","Hallmark",0.000499750124937531,3.85736567522042e-16,8.97061784934982e-18,5.8109419280465,TRUE,6,0.166666666666667,"HALLMARK_TNFA_SIGNALING_VIA_NFKB",TRUE,"KO_heat_up","hypoxia_anchored"
"CSF2","HALLMARK_TNFA_SIGNALING_VIA_NFKB","Hallmark",0.000499750124937531,3.85736567522042e-16,8.97061784934982e-18,5.8109419280465,TRUE,7,0.142857142857143,"GOMF_CYTOKINE_ACTIVITY",FALSE,"KO_heat_up","hypoxia_anchored"
"EGR1","HALLMARK_TNFA_SIGNALING_VIA_NFKB","Hallmark",0.000499750124937531,3.85736567522042e-16,8.97061784934982e-18,5.8109419280465,TRUE,3,0.333333333333333,"HALLMARK_TNFA_SIGNALING_VIA_NFKB",TRUE,"KO_heat_up","hypoxia_anchored"
"EGR2","HALLMARK_TNFA_SIGNALING_VIA_NFKB","Hallmark",0.000499750124937531,3.85736567522042e-16,8.97061784934982e-18,5.8109419280465,TRUE,2,0.5,"HALLMARK_TNFA_SIGNALING_VIA_NFKB",TRUE,"KO_heat_up","hypoxia_anchored"
"EGR3","HALLMARK_TNFA_SIGNALING_VIA_NFKB","Hallmark",0.000499750124937531,3.85736567522042e-16,8.97061784934982e-18,5.8109419280465,TRUE,3,0.333333333333333,"HALLMARK_TNFA_SIGNALING_VIA_NFKB",TRUE,"KO_heat_up","hypoxia_anchored"
"F3","HALLMARK_TNFA_SIGNALING_VIA_NFKB","Hallmark",0.000499750124937531,3.85736567522042e-16,8.97061784934982e-18,5.8109419280465,TRUE,6,0.166666666666667,"HALLMARK_TNFA_SIGNALING_VIA_NFKB",TRUE,"KO_heat_up","hypoxia_anchored"
"FOSL1","HALLMARK_TNFA_SIGNALING_VIA_NFKB","Hallmark",0.000499750124937531,3.85736567522042e-16,8.97061784934982e-18,5.8109419280465,TRUE,3,0.333333333333333,"HALLMARK_TNFA_SIGNALING_VIA_NFKB",TRUE,"KO_heat_up","hypoxia_anchored"
"FOSL2","HALLMARK_TNFA_SIGNALING_VIA_NFKB","Hallmark",0.000499750124937531,3.85736567522042e-16,8.97061784934982e-18,5.8109419280465,TRUE,4,0.25,"HALLMARK_TNFA_SIGNALING_VIA_NFKB",TRUE,"KO_heat_up","hypoxia_anchored"
"GFPT2","HALLMARK_TNFA_SIGNALING_VIA_NFKB","Hallmark",0.000499750124937531,3.85736567522042e-16,8.97061784934982e-18,5.8109419280465,TRUE,2,0.5,"HALLMARK_TNFA_SIGNALING_VIA_NFKB",TRUE,"KO_heat_up","hypoxia_anchored"
"GPR183","HALLMARK_TNFA_SIGNALING_VIA_NFKB","Hallmark",0.000499750124937531,3.85736567522042e-16,8.97061784934982e-18,5.8109419280465,TRUE,4,0.25,"HALLMARK_TNFA_SIGNALING_VIA_NFKB",TRUE,"KO_heat_up","hypoxia_anchored"
"HBEGF","HALLMARK_TNFA_SIGNALING_VIA_NFKB","Hallmark",0.000499750124937531,3.85736567522042e-16,8.97061784934982e-18,5.8109419280465,TRUE,8,0.125,"HALLMARK_TNFA_SIGNALING_VIA_NFKB",TRUE,"KO_heat_up","hypoxia_anchored"
"IER3","HALLMARK_TNFA_SIGNALING_VIA_NFKB","Hallmark",0.000499750124937531,3.85736567522042e-16,8.97061784934982e-18,5.8109419280465,TRUE,4,0.25,"HALLMARK_TNFA_SIGNALING_VIA_NFKB",TRUE,"KO_heat_up","hypoxia_anchored"
"IL1A","HALLMARK_TNFA_SIGNALING_VIA_NFKB","Hallmark",0.000499750124937531,3.85736567522042e-16,8.97061784934982e-18,5.8109419280465,TRUE,9,0.111111111111111,"GOMF_CYTOKINE_ACTIVITY",FALSE,"KO_heat_up","hypoxia_anchored"
"IL23A","HALLMARK_TNFA_SIGNALING_VIA_NFKB","Hallmark",0.000499750124937531,3.85736567522042e-16,8.97061784934982e-18,5.8109419280465,TRUE,6,0.166666666666667,"GOMF_CYTOKINE_ACTIVITY",FALSE,"KO_heat_up","hypoxia_anchored"
"INHBA","HALLMARK_TNFA_SIGNALING_VIA_NFKB","Hallmark",0.000499750124937531,3.85736567522042e-16,8.97061784934982e-18,5.8109419280465,TRUE,9,0.111111111111111,"GOMF_CYTOKINE_ACTIVITY",FALSE,"KO_heat_up","hypoxia_anchored"
"KDM6B","HALLMARK_TNFA_SIGNALING_VIA_NFKB","Hallmark",0.000499750124937531,3.85736567522042e-16,8.97061784934982e-18,5.8109419280465,TRUE,1,1,"HALLMARK_TNFA_SIGNALING_VIA_NFKB",TRUE,"KO_heat_up","hypoxia_anchored"
"NR4A1","HALLMARK_TNFA_SIGNALING_VIA_NFKB","Hallmark",0.000499750124937531,3.85736567522042e-16,8.97061784934982e-18,5.8109419280465,TRUE,3,0.333333333333333,"HALLMARK_TNFA_SIGNALING_VIA_NFKB",TRUE,"KO_heat_up","hypoxia_anchored"
"NR4A2","HALLMARK_TNFA_SIGNALING_VIA_NFKB","Hallmark",0.000499750124937531,3.85736567522042e-16,8.97061784934982e-18,5.8109419280465,TRUE,2,0.5,"HALLMARK_TNFA_SIGNALING_VIA_NFKB",TRUE,"KO_heat_up","hypoxia_anchored"
"NR4A3","HALLMARK_TNFA_SIGNALING_VIA_NFKB","Hallmark",0.000499750124937531,3.85736567522042e-16,8.97061784934982e-18,5.8109419280465,TRUE,3,0.333333333333333,"HALLMARK_TNFA_SIGNALING_VIA_NFKB",TRUE,"KO_heat_up","hypoxia_anchored"
"OLR1","HALLMARK_TNFA_SIGNALING_VIA_NFKB","Hallmark",0.000499750124937531,3.85736567522042e-16,8.97061784934982e-18,5.8109419280465,TRUE,4,0.25,"HALLMARK_TNFA_SIGNALING_VIA_NFKB",TRUE,"KO_heat_up","hypoxia_anchored"
"PLAUR","HALLMARK_TNFA_SIGNALING_VIA_NFKB","Hallmark",0.000499750124937531,3.85736567522042e-16,8.97061784934982e-18,5.8109419280465,TRUE,9,0.111111111111111,"HALLMARK_TNFA_SIGNALING_VIA_NFKB",TRUE,"KO_heat_up","hypoxia_anchored"
"PLEK","HALLMARK_TNFA_SIGNALING_VIA_NFKB","Hallmark",0.000499750124937531,3.85736567522042e-16,8.97061784934982e-18,5.8109419280465,TRUE,4,0.25,"HALLMARK_TNFA_SIGNALING_VIA_NFKB",TRUE,"KO_heat_up","hypoxia_anchored"
"PLK2","HALLMARK_TNFA_SIGNALING_VIA_NFKB","Hallmark",0.000499750124937531,3.85736567522042e-16,8.97061784934982e-18,5.8109419280465,TRUE,3,0.333333333333333,"HALLMARK_TNFA_SIGNALING_VIA_NFKB",TRUE,"KO_heat_up","hypoxia_anchored"
"SDC4","HALLMARK_TNFA_SIGNALING_VIA_NFKB","Hallmark",0.000499750124937531,3.85736567522042e-16,8.97061784934982e-18,5.8109419280465,TRUE,5,0.2,"HALLMARK_TNFA_SIGNALING_VIA_NFKB",TRUE,"KO_heat_up","hypoxia_anchored"
"SERPINE1","HALLMARK_TNFA_SIGNALING_VIA_NFKB","Hallmark",0.000499750124937531,3.85736567522042e-16,8.97061784934982e-18,5.8109419280465,TRUE,11,0.0909090909090909,"HALLMARK_TNFA_SIGNALING_VIA_NFKB",TRUE,"KO_heat_up","hypoxia_anchored"
"SPHK1","HALLMARK_TNFA_SIGNALING_VIA_NFKB","Hallmark",0.000499750124937531,3.85736567522042e-16,8.97061784934982e-18,5.8109419280465,TRUE,4,0.25,"HALLMARK_TNFA_SIGNALING_VIA_NFKB",TRUE,"KO_heat_up","hypoxia_anchored"
"TNFSF9","HALLMARK_TNFA_SIGNALING_VIA_NFKB","Hallmark",0.000499750124937531,3.85736567522042e-16,8.97061784934982e-18,5.8109419280465,TRUE,5,0.2,"GOMF_CYTOKINE_ACTIVITY",FALSE,"KO_heat_up","hypoxia_anchored"
"ADM","HALLMARK_INFLAMMATORY_RESPONSE","Hallmark",0.000499750124937531,1.77892016624575e-07,8.27404728486398e-09,4.25478059025091,TRUE,5,0.2,"HALLMARK_INFLAMMATORY_RESPONSE",TRUE,"KO_heat_up","hypoxia_anchored"
"ADORA2B","HALLMARK_INFLAMMATORY_RESPONSE","Hallmark",0.000499750124937531,1.77892016624575e-07,8.27404728486398e-09,4.25478059025091,TRUE,5,0.2,"HALLMARK_INFLAMMATORY_RESPONSE",TRUE,"KO_heat_up","hypoxia_anchored"
"CCL20","HALLMARK_INFLAMMATORY_RESPONSE","Hallmark",0.000499750124937531,1.77892016624575e-07,8.27404728486398e-09,4.25478059025091,TRUE,10,0.1,"GOMF_CYTOKINE_ACTIVITY",FALSE,"KO_heat_up","hypoxia_anchored"
"CCL22","HALLMARK_INFLAMMATORY_RESPONSE","Hallmark",0.000499750124937531,1.77892016624575e-07,8.27404728486398e-09,4.25478059025091,TRUE,8,0.125,"GOMF_CYTOKINE_ACTIVITY",FALSE,"KO_heat_up","hypoxia_anchored"
"CD70","HALLMARK_INFLAMMATORY_RESPONSE","Hallmark",0.000499750124937531,1.77892016624575e-07,8.27404728486398e-09,4.25478059025091,TRUE,2,0.5,"HALLMARK_INFLAMMATORY_RESPONSE",TRUE,"KO_heat_up","hypoxia_anchored"
"CDKN1A","HALLMARK_INFLAMMATORY_RESPONSE","Hallmark",0.000499750124937531,1.77892016624575e-07,8.27404728486398e-09,4.25478059025091,TRUE,6,0.166666666666667,"HALLMARK_TNFA_SIGNALING_VIA_NFKB",FALSE,"KO_heat_up","hypoxia_anchored"
"F3","HALLMARK_INFLAMMATORY_RESPONSE","Hallmark",0.000499750124937531,1.77892016624575e-07,8.27404728486398e-09,4.25478059025091,TRUE,6,0.166666666666667,"HALLMARK_TNFA_SIGNALING_VIA_NFKB",FALSE,"KO_heat_up","hypoxia_anchored"
"GPR183","HALLMARK_INFLAMMATORY_RESPONSE","Hallmark",0.000499750124937531,1.77892016624575e-07,8.27404728486398e-09,4.25478059025091,TRUE,4,0.25,"HALLMARK_TNFA_SIGNALING_VIA_NFKB",FALSE,"KO_heat_up","hypoxia_anchored"
"HBEGF","HALLMARK_INFLAMMATORY_RESPONSE","Hallmark",0.000499750124937531,1.77892016624575e-07,8.27404728486398e-09,4.25478059025091,TRUE,8,0.125,"HALLMARK_TNFA_SIGNALING_VIA_NFKB",FALSE,"KO_heat_up","hypoxia_anchored"
"IL1A","HALLMARK_INFLAMMATORY_RESPONSE","Hallmark",0.000499750124937531,1.77892016624575e-07,8.27404728486398e-09,4.25478059025091,TRUE,9,0.111111111111111,"GOMF_CYTOKINE_ACTIVITY",FALSE,"KO_heat_up","hypoxia_anchored"
"INHBA","HALLMARK_INFLAMMATORY_RESPONSE","Hallmark",0.000499750124937531,1.77892016624575e-07,8.27404728486398e-09,4.25478059025091,TRUE,9,0.111111111111111,"GOMF_CYTOKINE_ACTIVITY",FALSE,"KO_heat_up","hypoxia_anchored"
"LTA","HALLMARK_INFLAMMATORY_RESPONSE","Hallmark",0.000499750124937531,1.77892016624575e-07,8.27404728486398e-09,4.25478059025091,TRUE,6,0.166666666666667,"GOMF_CYTOKINE_ACTIVITY",FALSE,"KO_heat_up","hypoxia_anchored"
"OLR1","HALLMARK_INFLAMMATORY_RESPONSE","Hallmark",0.000499750124937531,1.77892016624575e-07,8.27404728486398e-09,4.25478059025091,TRUE,4,0.25,"HALLMARK_TNFA_SIGNALING_VIA_NFKB",FALSE,"KO_heat_up","hypoxia_anchored"
"PLAUR","HALLMARK_INFLAMMATORY_RESPONSE","Hallmark",0.000499750124937531,1.77892016624575e-07,8.27404728486398e-09,4.25478059025091,TRUE,9,0.111111111111111,"HALLMARK_TNFA_SIGNALING_VIA_NFKB",FALSE,"KO_heat_up","hypoxia_anchored"
"PTGER2","HALLMARK_INFLAMMATORY_RESPONSE","Hallmark",0.000499750124937531,1.77892016624575e-07,8.27404728486398e-09,4.25478059025091,TRUE,4,0.25,"HALLMARK_INFLAMMATORY_RESPONSE",TRUE,"KO_heat_up","hypoxia_anchored"
"RGS16","HALLMARK_INFLAMMATORY_RESPONSE","Hallmark",0.000499750124937531,1.77892016624575e-07,8.27404728486398e-09,4.25478059025091,TRUE,5,0.2,"HALLMARK_INFLAMMATORY_RESPONSE",TRUE,"KO_heat_up","hypoxia_anchored"
"SERPINE1","HALLMARK_INFLAMMATORY_RESPONSE","Hallmark",0.000499750124937531,1.77892016624575e-07,8.27404728486398e-09,4.25478059025091,TRUE,11,0.0909090909090909,"HALLMARK_TNFA_SIGNALING_VIA_NFKB",FALSE,"KO_heat_up","hypoxia_anchored"
"SGMS2","HALLMARK_INFLAMMATORY_RESPONSE","Hallmark",0.000499750124937531,1.77892016624575e-07,8.27404728486398e-09,4.25478059025091,TRUE,1,1,"HALLMARK_INFLAMMATORY_RESPONSE",TRUE,"KO_heat_up","hypoxia_anchored"
"SPHK1","HALLMARK_INFLAMMATORY_RESPONSE","Hallmark",0.000499750124937531,1.77892016624575e-07,8.27404728486398e-09,4.25478059025091,TRUE,4,0.25,"HALLMARK_TNFA_SIGNALING_VIA_NFKB",FALSE,"KO_heat_up","hypoxia_anchored"
"TIMP1","HALLMARK_INFLAMMATORY_RESPONSE","Hallmark",0.000499750124937531,1.77892016624575e-07,8.27404728486398e-09,4.25478059025091,TRUE,10,0.1,"GOMF_CYTOKINE_ACTIVITY",FALSE,"KO_heat_up","hypoxia_anchored"
"TNFSF9","HALLMARK_INFLAMMATORY_RESPONSE","Hallmark",0.000499750124937531,1.77892016624575e-07,8.27404728486398e-09,4.25478059025091,TRUE,5,0.2,"GOMF_CYTOKINE_ACTIVITY",FALSE,"KO_heat_up","hypoxia_anchored"
"ADM","HALLMARK_HYPOXIA","Hallmark",0.00149925037481259,5.5739013715091e-06,3.88876839872728e-07,3.73700305810398,TRUE,5,0.2,"HALLMARK_INFLAMMATORY_RESPONSE",FALSE,"KO_heat_up","hypoxia_anchored"
"ADORA2B","HALLMARK_HYPOXIA","Hallmark",0.00149925037481259,5.5739013715091e-06,3.88876839872728e-07,3.73700305810398,TRUE,5,0.2,"HALLMARK_INFLAMMATORY_RESPONSE",FALSE,"KO_heat_up","hypoxia_anchored"
"AK4","HALLMARK_HYPOXIA","Hallmark",0.00149925037481259,5.5739013715091e-06,3.88876839872728e-07,3.73700305810398,TRUE,3,0.333333333333333,"HALLMARK_HYPOXIA",TRUE,"KO_heat_up","hypoxia_anchored"
"ANXA2","HALLMARK_HYPOXIA","Hallmark",0.00149925037481259,5.5739013715091e-06,3.88876839872728e-07,3.73700305810398,TRUE,4,0.25,"GOBP_NEGATIVE_REGULATION_OF_COAGULATION",FALSE,"KO_heat_up","hypoxia_anchored"
"CAVIN1","HALLMARK_HYPOXIA","Hallmark",0.00149925037481259,5.5739013715091e-06,3.88876839872728e-07,3.73700305810398,TRUE,1,1,"HALLMARK_HYPOXIA",TRUE,"KO_heat_up","hypoxia_anchored"
"CCN1","HALLMARK_HYPOXIA","Hallmark",0.00149925037481259,5.5739013715091e-06,3.88876839872728e-07,3.73700305810398,TRUE,5,0.2,"HALLMARK_TNFA_SIGNALING_VIA_NFKB",FALSE,"KO_heat_up","hypoxia_anchored"
"CDKN1A","HALLMARK_HYPOXIA","Hallmark",0.00149925037481259,5.5739013715091e-06,3.88876839872728e-07,3.73700305810398,TRUE,6,0.166666666666667,"HALLMARK_TNFA_SIGNALING_VIA_NFKB",FALSE,"KO_heat_up","hypoxia_anchored"
"EGFR","HALLMARK_HYPOXIA","Hallmark",0.00149925037481259,5.5739013715091e-06,3.88876839872728e-07,3.73700305810398,TRUE,4,0.25,"REACTOME_EGFR_DOWNREGULATION",FALSE,"KO_heat_up","hypoxia_anchored"
"F3","HALLMARK_HYPOXIA","Hallmark",0.00149925037481259,5.5739013715091e-06,3.88876839872728e-07,3.73700305810398,TRUE,6,0.166666666666667,"HALLMARK_TNFA_SIGNALING_VIA_NFKB",FALSE,"KO_heat_up","hypoxia_anchored"
"FOSL2","HALLMARK_HYPOXIA","Hallmark",0.00149925037481259,5.5739013715091e-06,3.88876839872728e-07,3.73700305810398,TRUE,4,0.25,"HALLMARK_TNFA_SIGNALING_VIA_NFKB",FALSE,"KO_heat_up","hypoxia_anchored"
"HK2","HALLMARK_HYPOXIA","Hallmark",0.00149925037481259,5.5739013715091e-06,3.88876839872728e-07,3.73700305810398,TRUE,3,0.333333333333333,"HALLMARK_HYPOXIA",TRUE,"KO_heat_up","hypoxia_anchored"
"IER3","HALLMARK_HYPOXIA","Hallmark",0.00149925037481259,5.5739013715091e-06,3.88876839872728e-07,3.73700305810398,TRUE,4,0.25,"HALLMARK_TNFA_SIGNALING_VIA_NFKB",FALSE,"KO_heat_up","hypoxia_anchored"
"P4HA2","HALLMARK_HYPOXIA","Hallmark",0.00149925037481259,5.5739013715091e-06,3.88876839872728e-07,3.73700305810398,TRUE,2,0.5,"REACTOME_EXTRACELLULAR_MATRIX_ORGANIZATION",FALSE,"KO_heat_up","hypoxia_anchored"
"PDGFB","HALLMARK_HYPOXIA","Hallmark",0.00149925037481259,5.5739013715091e-06,3.88876839872728e-07,3.73700305810398,TRUE,8,0.125,"GOBP_TAXIS",FALSE,"KO_heat_up","hypoxia_anchored"
"PLAUR","HALLMARK_HYPOXIA","Hallmark",0.00149925037481259,5.5739013715091e-06,3.88876839872728e-07,3.73700305810398,TRUE,9,0.111111111111111,"HALLMARK_TNFA_SIGNALING_VIA_NFKB",FALSE,"KO_heat_up","hypoxia_anchored"
"SDC4","HALLMARK_HYPOXIA","Hallmark",0.00149925037481259,5.5739013715091e-06,3.88876839872728e-07,3.73700305810398,TRUE,5,0.2,"HALLMARK_TNFA_SIGNALING_VIA_NFKB",FALSE,"KO_heat_up","hypoxia_anchored"
"SERPINE1","HALLMARK_HYPOXIA","Hallmark",0.00149925037481259,5.5739013715091e-06,3.88876839872728e-07,3.73700305810398,TRUE,11,0.0909090909090909,"HALLMARK_TNFA_SIGNALING_VIA_NFKB",FALSE,"KO_heat_up","hypoxia_anchored"
"SLC2A1","HALLMARK_HYPOXIA","Hallmark",0.00149925037481259,5.5739013715091e-06,3.88876839872728e-07,3.73700305810398,TRUE,2,0.5,"HALLMARK_HYPOXIA",TRUE,"KO_heat_up","hypoxia_anchored"
"TGM2","HALLMARK_HYPOXIA","Hallmark",0.00149925037481259,5.5739013715091e-06,3.88876839872728e-07,3.73700305810398,TRUE,4,0.25,"GOBP_PHOSPHOLIPASE_C_ACTIVATING_G_PROTEIN_COUPLED_RECEPTOR_SIGNALING_PATHWAY",FALSE,"KO_heat_up","hypoxia_anchored"
"APLP1","HALLMARK_IL2_STAT5_SIGNALING","Hallmark",0.00649675162418791,0.00198889534363175,0.000185013520337837,2.73161644856331,TRUE,4,0.25,"GOBP_NEGATIVE_REGULATION_OF_G_PROTEIN_COUPLED_RECEPTOR_SIGNALING_PATHWAY",FALSE,"KO_heat_up","hypoxia_anchored"
"BATF3","HALLMARK_IL2_STAT5_SIGNALING","Hallmark",0.00649675162418791,0.00198889534363175,0.000185013520337837,2.73161644856331,TRUE,1,1,"HALLMARK_IL2_STAT5_SIGNALING",TRUE,"KO_heat_up","hypoxia_anchored"
"CD83","HALLMARK_IL2_STAT5_SIGNALING","Hallmark",0.00649675162418791,0.00198889534363175,0.000185013520337837,2.73161644856331,TRUE,2,0.5,"HALLMARK_TNFA_SIGNALING_VIA_NFKB",FALSE,"KO_heat_up","hypoxia_anchored"
"CDCP1","HALLMARK_IL2_STAT5_SIGNALING","Hallmark",0.00649675162418791,0.00198889534363175,0.000185013520337837,2.73161644856331,TRUE,1,1,"HALLMARK_IL2_STAT5_SIGNALING",TRUE,"KO_heat_up","hypoxia_anchored"
"CSF2","HALLMARK_IL2_STAT5_SIGNALING","Hallmark",0.00649675162418791,0.00198889534363175,0.000185013520337837,2.73161644856331,TRUE,7,0.142857142857143,"GOMF_CYTOKINE_ACTIVITY",FALSE,"KO_heat_up","hypoxia_anchored"
"EOMES","HALLMARK_IL2_STAT5_SIGNALING","Hallmark",0.00649675162418791,0.00198889534363175,0.000185013520337837,2.73161644856331,TRUE,1,1,"HALLMARK_IL2_STAT5_SIGNALING",TRUE,"KO_heat_up","hypoxia_anchored"
"FAH","HALLMARK_IL2_STAT5_SIGNALING","Hallmark",0.00649675162418791,0.00198889534363175,0.000185013520337837,2.73161644856331,TRUE,1,1,"HALLMARK_IL2_STAT5_SIGNALING",TRUE,"KO_heat_up","hypoxia_anchored"
"HK2","HALLMARK_IL2_STAT5_SIGNALING","Hallmark",0.00649675162418791,0.00198889534363175,0.000185013520337837,2.73161644856331,TRUE,3,0.333333333333333,"HALLMARK_HYPOXIA",FALSE,"KO_heat_up","hypoxia_anchored"
"IL1R2","HALLMARK_IL2_STAT5_SIGNALING","Hallmark",0.00649675162418791,0.00198889534363175,0.000185013520337837,2.73161644856331,TRUE,5,0.2,"REACTOME_INTERLEUKIN_10_SIGNALING",FALSE,"KO_heat_up","hypoxia_anchored"
"IRF6","HALLMARK_IL2_STAT5_SIGNALING","Hallmark",0.00649675162418791,0.00198889534363175,0.000185013520337837,2.73161644856331,TRUE,1,1,"HALLMARK_IL2_STAT5_SIGNALING",TRUE,"KO_heat_up","hypoxia_anchored"
"PTGER2","HALLMARK_IL2_STAT5_SIGNALING","Hallmark",0.00649675162418791,0.00198889534363175,0.000185013520337837,2.73161644856331,TRUE,4,0.25,"HALLMARK_INFLAMMATORY_RESPONSE",FALSE,"KO_heat_up","hypoxia_anchored"
"RGS16","HALLMARK_IL2_STAT5_SIGNALING","Hallmark",0.00649675162418791,0.00198889534363175,0.000185013520337837,2.73161644856331,TRUE,5,0.2,"HALLMARK_INFLAMMATORY_RESPONSE",FALSE,"KO_heat_up","hypoxia_anchored"
"SCN9A","HALLMARK_IL2_STAT5_SIGNALING","Hallmark",0.00649675162418791,0.00198889534363175,0.000185013520337837,2.73161644856331,TRUE,1,1,"HALLMARK_IL2_STAT5_SIGNALING",TRUE,"KO_heat_up","hypoxia_anchored"
"SPP1","HALLMARK_IL2_STAT5_SIGNALING","Hallmark",0.00649675162418791,0.00198889534363175,0.000185013520337837,2.73161644856331,TRUE,8,0.125,"GOMF_CYTOKINE_ACTIVITY",FALSE,"KO_heat_up","hypoxia_anchored"
"TGM2","HALLMARK_IL2_STAT5_SIGNALING","Hallmark",0.00649675162418791,0.00198889534363175,0.000185013520337837,2.73161644856331,TRUE,4,0.25,"GOBP_PHOSPHOLIPASE_C_ACTIVATING_G_PROTEIN_COUPLED_RECEPTOR_SIGNALING_PATHWAY",FALSE,"KO_heat_up","hypoxia_anchored"
"TNFSF11","HALLMARK_IL2_STAT5_SIGNALING","Hallmark",0.00649675162418791,0.00198889534363175,0.000185013520337837,2.73161644856331,TRUE,8,0.125,"GOMF_CYTOKINE_ACTIVITY",FALSE,"KO_heat_up","hypoxia_anchored"
"APLP1","HALLMARK_EPITHELIAL_MESENCHYMAL_TRANSITION","Hallmark",0.00349825087456272,0.00208205442396151,0.000242099351623432,3.07907998449412,TRUE,4,0.25,"GOBP_NEGATIVE_REGULATION_OF_G_PROTEIN_COUPLED_RECEPTOR_SIGNALING_PATHWAY",FALSE,"KO_heat_up","hypoxia_anchored"
"AREG","HALLMARK_EPITHELIAL_MESENCHYMAL_TRANSITION","Hallmark",0.00349825087456272,0.00208205442396151,0.000242099351623432,3.07907998449412,TRUE,6,0.166666666666667,"GOMF_CYTOKINE_ACTIVITY",FALSE,"KO_heat_up","hypoxia_anchored"
"CCN1","HALLMARK_EPITHELIAL_MESENCHYMAL_TRANSITION","Hallmark",0.00349825087456272,0.00208205442396151,0.000242099351623432,3.07907998449412,TRUE,5,0.2,"HALLMARK_TNFA_SIGNALING_VIA_NFKB",FALSE,"KO_heat_up","hypoxia_anchored"
"INHBA","HALLMARK_EPITHELIAL_MESENCHYMAL_TRANSITION","Hallmark",0.00349825087456272,0.00208205442396151,0.000242099351623432,3.07907998449412,TRUE,9,0.111111111111111,"GOMF_CYTOKINE_ACTIVITY",FALSE,"KO_heat_up","hypoxia_anchored"
"LAMC2","HALLMARK_EPITHELIAL_MESENCHYMAL_TRANSITION","Hallmark",0.00349825087456272,0.00208205442396151,0.000242099351623432,3.07907998449412,TRUE,2,0.5,"REACTOME_EXTRACELLULAR_MATRIX_ORGANIZATION",FALSE,"KO_heat_up","hypoxia_anchored"
"PLAUR","HALLMARK_EPITHELIAL_MESENCHYMAL_TRANSITION","Hallmark",0.00349825087456272,0.00208205442396151,0.000242099351623432,3.07907998449412,TRUE,9,0.111111111111111,"HALLMARK_TNFA_SIGNALING_VIA_NFKB",FALSE,"KO_heat_up","hypoxia_anchored"
"SDC1","HALLMARK_EPITHELIAL_MESENCHYMAL_TRANSITION","Hallmark",0.00349825087456272,0.00208205442396151,0.000242099351623432,3.07907998449412,TRUE,5,0.2,"REACTOME_SIGNALING_BY_INTERLEUKINS",FALSE,"KO_heat_up","hypoxia_anchored"
"SDC4","HALLMARK_EPITHELIAL_MESENCHYMAL_TRANSITION","Hallmark",0.00349825087456272,0.00208205442396151,0.000242099351623432,3.07907998449412,TRUE,5,0.2,"HALLMARK_TNFA_SIGNALING_VIA_NFKB",FALSE,"KO_heat_up","hypoxia_anchored"
"SERPINE1","HALLMARK_EPITHELIAL_MESENCHYMAL_TRANSITION","Hallmark",0.00349825087456272,0.00208205442396151,0.000242099351623432,3.07907998449412,TRUE,11,0.0909090909090909,"HALLMARK_TNFA_SIGNALING_VIA_NFKB",FALSE,"KO_heat_up","hypoxia_anchored"
"SPP1","HALLMARK_EPITHELIAL_MESENCHYMAL_TRANSITION","Hallmark",0.00349825087456272,0.00208205442396151,0.000242099351623432,3.07907998449412,TRUE,8,0.125,"GOMF_CYTOKINE_ACTIVITY",FALSE,"KO_heat_up","hypoxia_anchored"
"TGM2","HALLMARK_EPITHELIAL_MESENCHYMAL_TRANSITION","Hallmark",0.00349825087456272,0.00208205442396151,0.000242099351623432,3.07907998449412,TRUE,4,0.25,"GOBP_PHOSPHOLIPASE_C_ACTIVATING_G_PROTEIN_COUPLED_RECEPTOR_SIGNALING_PATHWAY",FALSE,"KO_heat_up","hypoxia_anchored"
"TIMP1","HALLMARK_EPITHELIAL_MESENCHYMAL_TRANSITION","Hallmark",0.00349825087456272,0.00208205442396151,0.000242099351623432,3.07907998449412,TRUE,10,0.1,"GOMF_CYTOKINE_ACTIVITY",FALSE,"KO_heat_up","hypoxia_anchored"
"TNFRSF11B","HALLMARK_EPITHELIAL_MESENCHYMAL_TRANSITION","Hallmark",0.00349825087456272,0.00208205442396151,0.000242099351623432,3.07907998449412,TRUE,3,0.333333333333333,"GOMF_CYTOKINE_ACTIVITY",FALSE,"KO_heat_up","hypoxia_anchored"
"ADAM8","HALLMARK_KRAS_SIGNALING_UP","Hallmark",0.00299850074962519,0.00537355579139046,0.000824949961004263,2.71571029688301,TRUE,8,0.125,"GOBP_TAXIS",FALSE,"KO_heat_up","hypoxia_anchored"
"ALDH1A2","HALLMARK_KRAS_SIGNALING_UP","Hallmark",0.00299850074962519,0.00537355579139046,0.000824949961004263,2.71571029688301,TRUE,1,1,"HALLMARK_KRAS_SIGNALING_UP",TRUE,"KO_heat_up","hypoxia_anchored"
"ANO1","HALLMARK_KRAS_SIGNALING_UP","Hallmark",0.00299850074962519,0.00537355579139046,0.000824949961004263,2.71571029688301,TRUE,2,0.5,"GOBP_PHOSPHOLIPASE_C_ACTIVATING_G_PROTEIN_COUPLED_RECEPTOR_SIGNALING_PATHWAY",FALSE,"KO_heat_up","hypoxia_anchored"
"CCL20","HALLMARK_KRAS_SIGNALING_UP","Hallmark",0.00299850074962519,0.00537355579139046,0.000824949961004263,2.71571029688301,TRUE,10,0.1,"GOMF_CYTOKINE_ACTIVITY",FALSE,"KO_heat_up","hypoxia_anchored"
"CSF2","HALLMARK_KRAS_SIGNALING_UP","Hallmark",0.00299850074962519,0.00537355579139046,0.000824949961004263,2.71571029688301,TRUE,7,0.142857142857143,"GOMF_CYTOKINE_ACTIVITY",FALSE,"KO_heat_up","hypoxia_anchored"
"GFPT2","HALLMARK_KRAS_SIGNALING_UP","Hallmark",0.00299850074962519,0.00537355579139046,0.000824949961004263,2.71571029688301,TRUE,2,0.5,"HALLMARK_TNFA_SIGNALING_VIA_NFKB",FALSE,"KO_heat_up","hypoxia_anchored"
"HBEGF","HALLMARK_KRAS_SIGNALING_UP","Hallmark",0.00299850074962519,0.00537355579139046,0.000824949961004263,2.71571029688301,TRUE,8,0.125,"HALLMARK_TNFA_SIGNALING_VIA_NFKB",FALSE,"KO_heat_up","hypoxia_anchored"
"INHBA","HALLMARK_KRAS_SIGNALING_UP","Hallmark",0.00299850074962519,0.00537355579139046,0.000824949961004263,2.71571029688301,TRUE,9,0.111111111111111,"GOMF_CYTOKINE_ACTIVITY",FALSE,"KO_heat_up","hypoxia_anchored"
"MPZL2","HALLMARK_KRAS_SIGNALING_UP","Hallmark",0.00299850074962519,0.00537355579139046,0.000824949961004263,2.71571029688301,TRUE,1,1,"HALLMARK_KRAS_SIGNALING_UP",TRUE,"KO_heat_up","hypoxia_anchored"
"PLAUR","HALLMARK_KRAS_SIGNALING_UP","Hallmark",0.00299850074962519,0.00537355579139046,0.000824949961004263,2.71571029688301,TRUE,9,0.111111111111111,"HALLMARK_TNFA_SIGNALING_VIA_NFKB",FALSE,"KO_heat_up","hypoxia_anchored"
"PLEK2","HALLMARK_KRAS_SIGNALING_UP","Hallmark",0.00299850074962519,0.00537355579139046,0.000824949961004263,2.71571029688301,TRUE,1,1,"HALLMARK_KRAS_SIGNALING_UP",TRUE,"KO_heat_up","hypoxia_anchored"
"RGS16","HALLMARK_KRAS_SIGNALING_UP","Hallmark",0.00299850074962519,0.00537355579139046,0.000824949961004263,2.71571029688301,TRUE,5,0.2,"HALLMARK_INFLAMMATORY_RESPONSE",FALSE,"KO_heat_up","hypoxia_anchored"
"SPP1","HALLMARK_KRAS_SIGNALING_UP","Hallmark",0.00299850074962519,0.00537355579139046,0.000824949961004263,2.71571029688301,TRUE,8,0.125,"GOMF_CYTOKINE_ACTIVITY",FALSE,"KO_heat_up","hypoxia_anchored"
"C3","HALLMARK_COMPLEMENT","Hallmark",0.00949525237381309,0.00537355579139046,0.000874764896272866,2.69894665307509,TRUE,7,0.142857142857143,"GOMF_CYTOKINE_ACTIVITY",FALSE,"KO_heat_up","hypoxia_anchored"
"CD40LG","HALLMARK_COMPLEMENT","Hallmark",0.00949525237381309,0.00537355579139046,0.000874764896272866,2.69894665307509,TRUE,3,0.333333333333333,"GOMF_CYTOKINE_ACTIVITY",FALSE,"KO_heat_up","hypoxia_anchored"
"CLU","HALLMARK_COMPLEMENT","Hallmark",0.00949525237381309,0.00537355579139046,0.000874764896272866,2.69894665307509,TRUE,1,1,"HALLMARK_COMPLEMENT",TRUE,"KO_heat_up","hypoxia_anchored"
"CPM","HALLMARK_COMPLEMENT","Hallmark",0.00949525237381309,0.00537355579139046,0.000874764896272866,2.69894665307509,TRUE,1,1,"HALLMARK_COMPLEMENT",TRUE,"KO_heat_up","hypoxia_anchored"
"F3","HALLMARK_COMPLEMENT","Hallmark",0.00949525237381309,0.00537355579139046,0.000874764896272866,2.69894665307509,TRUE,6,0.166666666666667,"HALLMARK_TNFA_SIGNALING_VIA_NFKB",FALSE,"KO_heat_up","hypoxia_anchored"
"GZMA","HALLMARK_COMPLEMENT","Hallmark",0.00949525237381309,0.00537355579139046,0.000874764896272866,2.69894665307509,TRUE,2,0.5,"KEGG_NEUROACTIVE_LIGAND_RECEPTOR_INTERACTION",FALSE,"KO_heat_up","hypoxia_anchored"
"HSPA1A","HALLMARK_COMPLEMENT","Hallmark",0.00949525237381309,0.00537355579139046,0.000874764896272866,2.69894665307509,TRUE,2,0.5,"GOMF_G_PROTEIN_COUPLED_RECEPTOR_BINDING",FALSE,"KO_heat_up","hypoxia_anchored"
"OLR1","HALLMARK_COMPLEMENT","Hallmark",0.00949525237381309,0.00537355579139046,0.000874764896272866,2.69894665307509,TRUE,4,0.25,"HALLMARK_TNFA_SIGNALING_VIA_NFKB",FALSE,"KO_heat_up","hypoxia_anchored"
"PDGFB","HALLMARK_COMPLEMENT","Hallmark",0.00949525237381309,0.00537355579139046,0.000874764896272866,2.69894665307509,TRUE,8,0.125,"GOBP_TAXIS",FALSE,"KO_heat_up","hypoxia_anchored"
"PLAUR","HALLMARK_COMPLEMENT","Hallmark",0.00949525237381309,0.00537355579139046,0.000874764896272866,2.69894665307509,TRUE,9,0.111111111111111,"HALLMARK_TNFA_SIGNALING_VIA_NFKB",FALSE,"KO_heat_up","hypoxia_anchored"
"PLEK","HALLMARK_COMPLEMENT","Hallmark",0.00949525237381309,0.00537355579139046,0.000874764896272866,2.69894665307509,TRUE,4,0.25,"HALLMARK_TNFA_SIGNALING_VIA_NFKB",FALSE,"KO_heat_up","hypoxia_anchored"
"SERPINE1","HALLMARK_COMPLEMENT","Hallmark",0.00949525237381309,0.00537355579139046,0.000874764896272866,2.69894665307509,TRUE,11,0.0909090909090909,"HALLMARK_TNFA_SIGNALING_VIA_NFKB",FALSE,"KO_heat_up","hypoxia_anchored"
"TIMP1","HALLMARK_COMPLEMENT","Hallmark",0.00949525237381309,0.00537355579139046,0.000874764896272866,2.69894665307509,TRUE,10,0.1,"GOMF_CYTOKINE_ACTIVITY",FALSE,"KO_heat_up","hypoxia_anchored"
"CDKN1A","HALLMARK_P53_PATHWAY","Hallmark",0.0179910044977511,0.00589734811266946,0.00109718104421757,2.51798067016631,TRUE,6,0.166666666666667,"HALLMARK_TNFA_SIGNALING_VIA_NFKB",FALSE,"KO_heat_up","hypoxia_anchored"
"EPHA2","HALLMARK_P53_PATHWAY","Hallmark",0.0179910044977511,0.00589734811266946,0.00109718104421757,2.51798067016631,TRUE,4,0.25,"GOBP_TAXIS",FALSE,"KO_heat_up","hypoxia_anchored"
"HBEGF","HALLMARK_P53_PATHWAY","Hallmark",0.0179910044977511,0.00589734811266946,0.00109718104421757,2.51798067016631,TRUE,8,0.125,"HALLMARK_TNFA_SIGNALING_VIA_NFKB",FALSE,"KO_heat_up","hypoxia_anchored"
"IER3","HALLMARK_P53_PATHWAY","Hallmark",0.0179910044977511,0.00589734811266946,0.00109718104421757,2.51798067016631,TRUE,4,0.25,"HALLMARK_TNFA_SIGNALING_VIA_NFKB",FALSE,"KO_heat_up","hypoxia_anchored"
"IL1A","HALLMARK_P53_PATHWAY","Hallmark",0.0179910044977511,0.00589734811266946,0.00109718104421757,2.51798067016631,TRUE,9,0.111111111111111,"GOMF_CYTOKINE_ACTIVITY",FALSE,"KO_heat_up","hypoxia_anchored"
"PDGFA","HALLMARK_P53_PATHWAY","Hallmark",0.0179910044977511,0.00589734811266946,0.00109718104421757,2.51798067016631,TRUE,8,0.125,"GOBP_TAXIS",FALSE,"KO_heat_up","hypoxia_anchored"
"PLK2","HALLMARK_P53_PATHWAY","Hallmark",0.0179910044977511,0.00589734811266946,0.00109718104421757,2.51798067016631,TRUE,3,0.333333333333333,"HALLMARK_TNFA_SIGNALING_VIA_NFKB",FALSE,"KO_heat_up","hypoxia_anchored"
"PLXNB2","HALLMARK_P53_PATHWAY","Hallmark",0.0179910044977511,0.00589734811266946,0.00109718104421757,2.51798067016631,TRUE,1,1,"HALLMARK_P53_PATHWAY",TRUE,"KO_heat_up","hypoxia_anchored"
"PROCR","HALLMARK_P53_PATHWAY","Hallmark",0.0179910044977511,0.00589734811266946,0.00109718104421757,2.51798067016631,TRUE,2,0.5,"GOBP_NEGATIVE_REGULATION_OF_COAGULATION",FALSE,"KO_heat_up","hypoxia_anchored"
"RGS16","HALLMARK_P53_PATHWAY","Hallmark",0.0179910044977511,0.00589734811266946,0.00109718104421757,2.51798067016631,TRUE,5,0.2,"HALLMARK_INFLAMMATORY_RESPONSE",FALSE,"KO_heat_up","hypoxia_anchored"
"SDC1","HALLMARK_P53_PATHWAY","Hallmark",0.0179910044977511,0.00589734811266946,0.00109718104421757,2.51798067016631,TRUE,5,0.2,"REACTOME_SIGNALING_BY_INTERLEUKINS",FALSE,"KO_heat_up","hypoxia_anchored"
"SPHK1","HALLMARK_P53_PATHWAY","Hallmark",0.0179910044977511,0.00589734811266946,0.00109718104421757,2.51798067016631,TRUE,4,0.25,"HALLMARK_TNFA_SIGNALING_VIA_NFKB",FALSE,"KO_heat_up","hypoxia_anchored"
"TNFSF9","HALLMARK_P53_PATHWAY","Hallmark",0.0179910044977511,0.00589734811266946,0.00109718104421757,2.51798067016631,TRUE,5,0.2,"GOMF_CYTOKINE_ACTIVITY",FALSE,"KO_heat_up","hypoxia_anchored"
"UPP1","HALLMARK_P53_PATHWAY","Hallmark",0.0179910044977511,0.00589734811266946,0.00109718104421757,2.51798067016631,TRUE,1,1,"HALLMARK_P53_PATHWAY",TRUE,"KO_heat_up","hypoxia_anchored"
"OLR1","HALLMARK_ANGIOGENESIS","Hallmark",0.0489755122438781,0.0287870057833913,0.00667224268217042,5.1743119266055,TRUE,4,0.25,"HALLMARK_TNFA_SIGNALING_VIA_NFKB",FALSE,"KO_heat_up","hypoxia_anchored"
"PDGFA","HALLMARK_ANGIOGENESIS","Hallmark",0.0489755122438781,0.0287870057833913,0.00667224268217042,5.1743119266055,TRUE,8,0.125,"GOBP_TAXIS",FALSE,"KO_heat_up","hypoxia_anchored"
"SPP1","HALLMARK_ANGIOGENESIS","Hallmark",0.0489755122438781,0.0287870057833913,0.00667224268217042,5.1743119266055,TRUE,8,0.125,"GOMF_CYTOKINE_ACTIVITY",FALSE,"KO_heat_up","hypoxia_anchored"
"TIMP1","HALLMARK_ANGIOGENESIS","Hallmark",0.0489755122438781,0.0287870057833913,0.00667224268217042,5.1743119266055,TRUE,10,0.1,"GOMF_CYTOKINE_ACTIVITY",FALSE,"KO_heat_up","hypoxia_anchored"
"ADAM8","GOBP_TAXIS","GO_BP",0.000499750124937531,1.12522661772397e-05,6.05129290014814e-09,4.01633097441481,TRUE,8,0.125,"GOBP_TAXIS",TRUE,"KO_heat_up","hypoxia_anchored"
"C3","GOBP_TAXIS","GO_BP",0.000499750124937531,1.12522661772397e-05,6.05129290014814e-09,4.01633097441481,TRUE,7,0.142857142857143,"GOMF_CYTOKINE_ACTIVITY",FALSE,"KO_heat_up","hypoxia_anchored"
"CALCA","GOBP_TAXIS","GO_BP",0.000499750124937531,1.12522661772397e-05,6.05129290014814e-09,4.01633097441481,TRUE,6,0.166666666666667,"GOBP_TAXIS",TRUE,"KO_heat_up","hypoxia_anchored"
"CCL20","GOBP_TAXIS","GO_BP",0.000499750124937531,1.12522661772397e-05,6.05129290014814e-09,4.01633097441481,TRUE,10,0.1,"GOMF_CYTOKINE_ACTIVITY",FALSE,"KO_heat_up","hypoxia_anchored"
"CCL22","GOBP_TAXIS","GO_BP",0.000499750124937531,1.12522661772397e-05,6.05129290014814e-09,4.01633097441481,TRUE,8,0.125,"GOMF_CYTOKINE_ACTIVITY",FALSE,"KO_heat_up","hypoxia_anchored"
"CCL3","GOBP_TAXIS","GO_BP",0.000499750124937531,1.12522661772397e-05,6.05129290014814e-09,4.01633097441481,TRUE,8,0.125,"GOMF_CYTOKINE_ACTIVITY",FALSE,"KO_heat_up","hypoxia_anchored"
"CCL4","GOBP_TAXIS","GO_BP",0.000499750124937531,1.12522661772397e-05,6.05129290014814e-09,4.01633097441481,TRUE,8,0.125,"GOMF_CYTOKINE_ACTIVITY",FALSE,"KO_heat_up","hypoxia_anchored"
"CCN1","GOBP_TAXIS","GO_BP",0.000499750124937531,1.12522661772397e-05,6.05129290014814e-09,4.01633097441481,TRUE,5,0.2,"HALLMARK_TNFA_SIGNALING_VIA_NFKB",FALSE,"KO_heat_up","hypoxia_anchored"
"EGR3","GOBP_TAXIS","GO_BP",0.000499750124937531,1.12522661772397e-05,6.05129290014814e-09,4.01633097441481,TRUE,3,0.333333333333333,"HALLMARK_TNFA_SIGNALING_VIA_NFKB",FALSE,"KO_heat_up","hypoxia_anchored"
"EPHA2","GOBP_TAXIS","GO_BP",0.000499750124937531,1.12522661772397e-05,6.05129290014814e-09,4.01633097441481,TRUE,4,0.25,"GOBP_TAXIS",TRUE,"KO_heat_up","hypoxia_anchored"
"F3","GOBP_TAXIS","GO_BP",0.000499750124937531,1.12522661772397e-05,6.05129290014814e-09,4.01633097441481,TRUE,6,0.166666666666667,"HALLMARK_TNFA_SIGNALING_VIA_NFKB",FALSE,"KO_heat_up","hypoxia_anchored"
"FOSL1","GOBP_TAXIS","GO_BP",0.000499750124937531,1.12522661772397e-05,6.05129290014814e-09,4.01633097441481,TRUE,3,0.333333333333333,"HALLMARK_TNFA_SIGNALING_VIA_NFKB",FALSE,"KO_heat_up","hypoxia_anchored"
"GPR183","GOBP_TAXIS","GO_BP",0.000499750124937531,1.12522661772397e-05,6.05129290014814e-09,4.01633097441481,TRUE,4,0.25,"HALLMARK_TNFA_SIGNALING_VIA_NFKB",FALSE,"KO_heat_up","hypoxia_anchored"
"HBEGF","GOBP_TAXIS","GO_BP",0.000499750124937531,1.12522661772397e-05,6.05129290014814e-09,4.01633097441481,TRUE,8,0.125,"HALLMARK_TNFA_SIGNALING_VIA_NFKB",FALSE,"KO_heat_up","hypoxia_anchored"
"IL23A","GOBP_TAXIS","GO_BP",0.000499750124937531,1.12522661772397e-05,6.05129290014814e-09,4.01633097441481,TRUE,6,0.166666666666667,"GOMF_CYTOKINE_ACTIVITY",FALSE,"KO_heat_up","hypoxia_anchored"
"NR4A1","GOBP_TAXIS","GO_BP",0.000499750124937531,1.12522661772397e-05,6.05129290014814e-09,4.01633097441481,TRUE,3,0.333333333333333,"HALLMARK_TNFA_SIGNALING_VIA_NFKB",FALSE,"KO_heat_up","hypoxia_anchored"
"PDGFA","GOBP_TAXIS","GO_BP",0.000499750124937531,1.12522661772397e-05,6.05129290014814e-09,4.01633097441481,TRUE,8,0.125,"GOBP_TAXIS",TRUE,"KO_heat_up","hypoxia_anchored"
"PDGFB","GOBP_TAXIS","GO_BP",0.000499750124937531,1.12522661772397e-05,6.05129290014814e-09,4.01633097441481,TRUE,8,0.125,"GOBP_TAXIS",TRUE,"KO_heat_up","hypoxia_anchored"
"PLAUR","GOBP_TAXIS","GO_BP",0.000499750124937531,1.12522661772397e-05,6.05129290014814e-09,4.01633097441481,TRUE,9,0.111111111111111,"HALLMARK_TNFA_SIGNALING_VIA_NFKB",FALSE,"KO_heat_up","hypoxia_anchored"
"SEMA4A","GOBP_TAXIS","GO_BP",0.000499750124937531,1.12522661772397e-05,6.05129290014814e-09,4.01633097441481,TRUE,1,1,"GOBP_TAXIS",TRUE,"KO_heat_up","hypoxia_anchored"
"SERPINE1","GOBP_TAXIS","GO_BP",0.000499750124937531,1.12522661772397e-05,6.05129290014814e-09,4.01633097441481,TRUE,11,0.0909090909090909,"HALLMARK_TNFA_SIGNALING_VIA_NFKB",FALSE,"KO_heat_up","hypoxia_anchored"
"TNFSF11","GOBP_TAXIS","GO_BP",0.000499750124937531,1.12522661772397e-05,6.05129290014814e-09,4.01633097441481,TRUE,8,0.125,"GOMF_CYTOKINE_ACTIVITY",FALSE,"KO_heat_up","hypoxia_anchored"
"TNFSF14","GOBP_TAXIS","GO_BP",0.000499750124937531,1.12522661772397e-05,6.05129290014814e-09,4.01633097441481,TRUE,5,0.2,"GOMF_CYTOKINE_ACTIVITY",FALSE,"KO_heat_up","hypoxia_anchored"
"WNT3","GOBP_TAXIS","GO_BP",0.000499750124937531,1.12522661772397e-05,6.05129290014814e-09,4.01633097441481,TRUE,4,0.25,"GOMF_CYTOKINE_ACTIVITY",FALSE,"KO_heat_up","hypoxia_anchored"
"ADAM8","GOBP_REGULATION_OF_INFLAMMATORY_RESPONSE","GO_BP",0.000499750124937531,1.12522661772397e-05,8.5829642846985e-09,3.94545454545455,TRUE,8,0.125,"GOBP_TAXIS",FALSE,"KO_heat_up","hypoxia_anchored"
"ADORA2A","GOBP_REGULATION_OF_INFLAMMATORY_RESPONSE","GO_BP",0.000499750124937531,1.12522661772397e-05,8.5829642846985e-09,3.94545454545455,TRUE,6,0.166666666666667,"GOBP_REGULATION_OF_INFLAMMATORY_RESPONSE",TRUE,"KO_heat_up","hypoxia_anchored"
"ADORA2B","GOBP_REGULATION_OF_INFLAMMATORY_RESPONSE","GO_BP",0.000499750124937531,1.12522661772397e-05,8.5829642846985e-09,3.94545454545455,TRUE,5,0.2,"HALLMARK_INFLAMMATORY_RESPONSE",FALSE,"KO_heat_up","hypoxia_anchored"
"BCL6B","GOBP_REGULATION_OF_INFLAMMATORY_RESPONSE","GO_BP",0.000499750124937531,1.12522661772397e-05,8.5829642846985e-09,3.94545454545455,TRUE,1,1,"GOBP_REGULATION_OF_INFLAMMATORY_RESPONSE",TRUE,"KO_heat_up","hypoxia_anchored"
"C3","GOBP_REGULATION_OF_INFLAMMATORY_RESPONSE","GO_BP",0.000499750124937531,1.12522661772397e-05,8.5829642846985e-09,3.94545454545455,TRUE,7,0.142857142857143,"GOMF_CYTOKINE_ACTIVITY",FALSE,"KO_heat_up","hypoxia_anchored"
"CAMK2N1","GOBP_REGULATION_OF_INFLAMMATORY_RESPONSE","GO_BP",0.000499750124937531,1.12522661772397e-05,8.5829642846985e-09,3.94545454545455,TRUE,1,1,"GOBP_REGULATION_OF_INFLAMMATORY_RESPONSE",TRUE,"KO_heat_up","hypoxia_anchored"
"CCL3","GOBP_REGULATION_OF_INFLAMMATORY_RESPONSE","GO_BP",0.000499750124937531,1.12522661772397e-05,8.5829642846985e-09,3.94545454545455,TRUE,8,0.125,"GOMF_CYTOKINE_ACTIVITY",FALSE,"KO_heat_up","hypoxia_anchored"
"CD200","GOBP_REGULATION_OF_INFLAMMATORY_RESPONSE","GO_BP",0.000499750124937531,1.12522661772397e-05,8.5829642846985e-09,3.94545454545455,TRUE,1,1,"GOBP_REGULATION_OF_INFLAMMATORY_RESPONSE",TRUE,"KO_heat_up","hypoxia_anchored"
"DAGLA","GOBP_REGULATION_OF_INFLAMMATORY_RESPONSE","GO_BP",0.000499750124937531,1.12522661772397e-05,8.5829642846985e-09,3.94545454545455,TRUE,1,1,"GOBP_REGULATION_OF_INFLAMMATORY_RESPONSE",TRUE,"KO_heat_up","hypoxia_anchored"
"IER3","GOBP_REGULATION_OF_INFLAMMATORY_RESPONSE","GO_BP",0.000499750124937531,1.12522661772397e-05,8.5829642846985e-09,3.94545454545455,TRUE,4,0.25,"HALLMARK_TNFA_SIGNALING_VIA_NFKB",FALSE,"KO_heat_up","hypoxia_anchored"
"IL1A","GOBP_REGULATION_OF_INFLAMMATORY_RESPONSE","GO_BP",0.000499750124937531,1.12522661772397e-05,8.5829642846985e-09,3.94545454545455,TRUE,9,0.111111111111111,"GOMF_CYTOKINE_ACTIVITY",FALSE,"KO_heat_up","hypoxia_anchored"
"IL1R2","GOBP_REGULATION_OF_INFLAMMATORY_RESPONSE","GO_BP",0.000499750124937531,1.12522661772397e-05,8.5829642846985e-09,3.94545454545455,TRUE,5,0.2,"REACTOME_INTERLEUKIN_10_SIGNALING",FALSE,"KO_heat_up","hypoxia_anchored"
"IL1RN","GOBP_REGULATION_OF_INFLAMMATORY_RESPONSE","GO_BP",0.000499750124937531,1.12522661772397e-05,8.5829642846985e-09,3.94545454545455,TRUE,5,0.2,"GOMF_CYTOKINE_ACTIVITY",FALSE,"KO_heat_up","hypoxia_anchored"
"IL2","GOBP_REGULATION_OF_INFLAMMATORY_RESPONSE","GO_BP",0.000499750124937531,1.12522661772397e-05,8.5829642846985e-09,3.94545454545455,TRUE,8,0.125,"GOMF_CYTOKINE_ACTIVITY",FALSE,"KO_heat_up","hypoxia_anchored"
"IL23A","GOBP_REGULATION_OF_INFLAMMATORY_RESPONSE","GO_BP",0.000499750124937531,1.12522661772397e-05,8.5829642846985e-09,3.94545454545455,TRUE,6,0.166666666666667,"GOMF_CYTOKINE_ACTIVITY",FALSE,"KO_heat_up","hypoxia_anchored"
"LTA","GOBP_REGULATION_OF_INFLAMMATORY_RESPONSE","GO_BP",0.000499750124937531,1.12522661772397e-05,8.5829642846985e-09,3.94545454545455,TRUE,6,0.166666666666667,"GOMF_CYTOKINE_ACTIVITY",FALSE,"KO_heat_up","hypoxia_anchored"
"MAPK13","GOBP_REGULATION_OF_INFLAMMATORY_RESPONSE","GO_BP",0.000499750124937531,1.12522661772397e-05,8.5829642846985e-09,3.94545454545455,TRUE,1,1,"GOBP_REGULATION_OF_INFLAMMATORY_RESPONSE",TRUE,"KO_heat_up","hypoxia_anchored"
"NR4A3","GOBP_REGULATION_OF_INFLAMMATORY_RESPONSE","GO_BP",0.000499750124937531,1.12522661772397e-05,8.5829642846985e-09,3.94545454545455,TRUE,3,0.333333333333333,"HALLMARK_TNFA_SIGNALING_VIA_NFKB",FALSE,"KO_heat_up","hypoxia_anchored"
"PLK2","GOBP_REGULATION_OF_INFLAMMATORY_RESPONSE","GO_BP",0.000499750124937531,1.12522661772397e-05,8.5829642846985e-09,3.94545454545455,TRUE,3,0.333333333333333,"HALLMARK_TNFA_SIGNALING_VIA_NFKB",FALSE,"KO_heat_up","hypoxia_anchored"
"SERPINE1","GOBP_REGULATION_OF_INFLAMMATORY_RESPONSE","GO_BP",0.000499750124937531,1.12522661772397e-05,8.5829642846985e-09,3.94545454545455,TRUE,11,0.0909090909090909,"HALLMARK_TNFA_SIGNALING_VIA_NFKB",FALSE,"KO_heat_up","hypoxia_anchored"
"SPHK1","GOBP_REGULATION_OF_INFLAMMATORY_RESPONSE","GO_BP",0.000499750124937531,1.12522661772397e-05,8.5829642846985e-09,3.94545454545455,TRUE,4,0.25,"HALLMARK_TNFA_SIGNALING_VIA_NFKB",FALSE,"KO_heat_up","hypoxia_anchored"
"TNFSF11","GOBP_REGULATION_OF_INFLAMMATORY_RESPONSE","GO_BP",0.000499750124937531,1.12522661772397e-05,8.5829642846985e-09,3.94545454545455,TRUE,8,0.125,"GOMF_CYTOKINE_ACTIVITY",FALSE,"KO_heat_up","hypoxia_anchored"
"TNFSF14","GOBP_REGULATION_OF_INFLAMMATORY_RESPONSE","GO_BP",0.000499750124937531,1.12522661772397e-05,8.5829642846985e-09,3.94545454545455,TRUE,5,0.2,"GOMF_CYTOKINE_ACTIVITY",FALSE,"KO_heat_up","hypoxia_anchored"
"UACA","GOBP_REGULATION_OF_INFLAMMATORY_RESPONSE","GO_BP",0.000499750124937531,1.12522661772397e-05,8.5829642846985e-09,3.94545454545455,TRUE,1,1,"GOBP_REGULATION_OF_INFLAMMATORY_RESPONSE",TRUE,"KO_heat_up","hypoxia_anchored"
"ADAM8","GOBP_TISSUE_REMODELING","GO_BP",0.000499750124937531,1.33774357654422e-05,1.53059905783091e-08,6.2567842605156,TRUE,8,0.125,"GOBP_TAXIS",FALSE,"KO_heat_up","hypoxia_anchored"
"CALCA","GOBP_TISSUE_REMODELING","GO_BP",0.000499750124937531,1.33774357654422e-05,1.53059905783091e-08,6.2567842605156,TRUE,6,0.166666666666667,"GOBP_TAXIS",FALSE,"KO_heat_up","hypoxia_anchored"
"EFNA2","GOBP_TISSUE_REMODELING","GO_BP",0.000499750124937531,1.33774357654422e-05,1.53059905783091e-08,6.2567842605156,TRUE,1,1,"GOBP_TISSUE_REMODELING",TRUE,"KO_heat_up","hypoxia_anchored"
"EPHA2","GOBP_TISSUE_REMODELING","GO_BP",0.000499750124937531,1.33774357654422e-05,1.53059905783091e-08,6.2567842605156,TRUE,4,0.25,"GOBP_TAXIS",FALSE,"KO_heat_up","hypoxia_anchored"
"FOSL2","GOBP_TISSUE_REMODELING","GO_BP",0.000499750124937531,1.33774357654422e-05,1.53059905783091e-08,6.2567842605156,TRUE,4,0.25,"HALLMARK_TNFA_SIGNALING_VIA_NFKB",FALSE,"KO_heat_up","hypoxia_anchored"
"GJA5","GOBP_TISSUE_REMODELING","GO_BP",0.000499750124937531,1.33774357654422e-05,1.53059905783091e-08,6.2567842605156,TRUE,1,1,"GOBP_TISSUE_REMODELING",TRUE,"KO_heat_up","hypoxia_anchored"
"IL1A","GOBP_TISSUE_REMODELING","GO_BP",0.000499750124937531,1.33774357654422e-05,1.53059905783091e-08,6.2567842605156,TRUE,9,0.111111111111111,"GOMF_CYTOKINE_ACTIVITY",FALSE,"KO_heat_up","hypoxia_anchored"
"IL2","GOBP_TISSUE_REMODELING","GO_BP",0.000499750124937531,1.33774357654422e-05,1.53059905783091e-08,6.2567842605156,TRUE,8,0.125,"GOMF_CYTOKINE_ACTIVITY",FALSE,"KO_heat_up","hypoxia_anchored"
"IL23A","GOBP_TISSUE_REMODELING","GO_BP",0.000499750124937531,1.33774357654422e-05,1.53059905783091e-08,6.2567842605156,TRUE,6,0.166666666666667,"GOMF_CYTOKINE_ACTIVITY",FALSE,"KO_heat_up","hypoxia_anchored"
"LTBP3","GOBP_TISSUE_REMODELING","GO_BP",0.000499750124937531,1.33774357654422e-05,1.53059905783091e-08,6.2567842605156,TRUE,4,0.25,"GOBP_TISSUE_REMODELING",TRUE,"KO_heat_up","hypoxia_anchored"
"NPPC","GOBP_TISSUE_REMODELING","GO_BP",0.000499750124937531,1.33774357654422e-05,1.53059905783091e-08,6.2567842605156,TRUE,2,0.5,"GOBP_TISSUE_REMODELING",TRUE,"KO_heat_up","hypoxia_anchored"
"NPR3","GOBP_TISSUE_REMODELING","GO_BP",0.000499750124937531,1.33774357654422e-05,1.53059905783091e-08,6.2567842605156,TRUE,1,1,"GOBP_TISSUE_REMODELING",TRUE,"KO_heat_up","hypoxia_anchored"
"SPP1","GOBP_TISSUE_REMODELING","GO_BP",0.000499750124937531,1.33774357654422e-05,1.53059905783091e-08,6.2567842605156,TRUE,8,0.125,"GOMF_CYTOKINE_ACTIVITY",FALSE,"KO_heat_up","hypoxia_anchored"
"TIMP1","GOBP_TISSUE_REMODELING","GO_BP",0.000499750124937531,1.33774357654422e-05,1.53059905783091e-08,6.2567842605156,TRUE,10,0.1,"GOMF_CYTOKINE_ACTIVITY",FALSE,"KO_heat_up","hypoxia_anchored"
"TNFSF11","GOBP_TISSUE_REMODELING","GO_BP",0.000499750124937531,1.33774357654422e-05,1.53059905783091e-08,6.2567842605156,TRUE,8,0.125,"GOMF_CYTOKINE_ACTIVITY",FALSE,"KO_heat_up","hypoxia_anchored"
"ADORA2A","GOBP_PHOSPHOLIPASE_C_ACTIVATING_G_PROTEIN_COUPLED_RECEPTOR_SIGNALING_PATHWAY","GO_BP",0.000499750124937531,0.000287248952595821,4.38213505104228e-07,6.98674242424242,TRUE,6,0.166666666666667,"GOBP_REGULATION_OF_INFLAMMATORY_RESPONSE",FALSE,"KO_heat_up","hypoxia_anchored"
"ANO1","GOBP_PHOSPHOLIPASE_C_ACTIVATING_G_PROTEIN_COUPLED_RECEPTOR_SIGNALING_PATHWAY","GO_BP",0.000499750124937531,0.000287248952595821,4.38213505104228e-07,6.98674242424242,TRUE,2,0.5,"GOBP_PHOSPHOLIPASE_C_ACTIVATING_G_PROTEIN_COUPLED_RECEPTOR_SIGNALING_PATHWAY",TRUE,"KO_heat_up","hypoxia_anchored"
"BICD1","GOBP_PHOSPHOLIPASE_C_ACTIVATING_G_PROTEIN_COUPLED_RECEPTOR_SIGNALING_PATHWAY","GO_BP",0.000499750124937531,0.000287248952595821,4.38213505104228e-07,6.98674242424242,TRUE,3,0.333333333333333,"GOBP_PHOSPHOLIPASE_C_ACTIVATING_G_PROTEIN_COUPLED_RECEPTOR_SIGNALING_PATHWAY",TRUE,"KO_heat_up","hypoxia_anchored"
"CALCA","GOBP_PHOSPHOLIPASE_C_ACTIVATING_G_PROTEIN_COUPLED_RECEPTOR_SIGNALING_PATHWAY","GO_BP",0.000499750124937531,0.000287248952595821,4.38213505104228e-07,6.98674242424242,TRUE,6,0.166666666666667,"GOBP_TAXIS",FALSE,"KO_heat_up","hypoxia_anchored"
"GAP43","GOBP_PHOSPHOLIPASE_C_ACTIVATING_G_PROTEIN_COUPLED_RECEPTOR_SIGNALING_PATHWAY","GO_BP",0.000499750124937531,0.000287248952595821,4.38213505104228e-07,6.98674242424242,TRUE,1,1,"GOBP_PHOSPHOLIPASE_C_ACTIVATING_G_PROTEIN_COUPLED_RECEPTOR_SIGNALING_PATHWAY",TRUE,"KO_heat_up","hypoxia_anchored"
"GRP","GOBP_PHOSPHOLIPASE_C_ACTIVATING_G_PROTEIN_COUPLED_RECEPTOR_SIGNALING_PATHWAY","GO_BP",0.000499750124937531,0.000287248952595821,4.38213505104228e-07,6.98674242424242,TRUE,3,0.333333333333333,"GOBP_PHOSPHOLIPASE_C_ACTIVATING_G_PROTEIN_COUPLED_RECEPTOR_SIGNALING_PATHWAY",TRUE,"KO_heat_up","hypoxia_anchored"
"IL2","GOBP_PHOSPHOLIPASE_C_ACTIVATING_G_PROTEIN_COUPLED_RECEPTOR_SIGNALING_PATHWAY","GO_BP",0.000499750124937531,0.000287248952595821,4.38213505104228e-07,6.98674242424242,TRUE,8,0.125,"GOMF_CYTOKINE_ACTIVITY",FALSE,"KO_heat_up","hypoxia_anchored"
"LTB4R","GOBP_PHOSPHOLIPASE_C_ACTIVATING_G_PROTEIN_COUPLED_RECEPTOR_SIGNALING_PATHWAY","GO_BP",0.000499750124937531,0.000287248952595821,4.38213505104228e-07,6.98674242424242,TRUE,3,0.333333333333333,"GOBP_PHOSPHOLIPASE_C_ACTIVATING_G_PROTEIN_COUPLED_RECEPTOR_SIGNALING_PATHWAY",TRUE,"KO_heat_up","hypoxia_anchored"
"PARD3","GOBP_PHOSPHOLIPASE_C_ACTIVATING_G_PROTEIN_COUPLED_RECEPTOR_SIGNALING_PATHWAY","GO_BP",0.000499750124937531,0.000287248952595821,4.38213505104228e-07,6.98674242424242,TRUE,2,0.5,"GOBP_PHOSPHOLIPASE_C_ACTIVATING_G_PROTEIN_COUPLED_RECEPTOR_SIGNALING_PATHWAY",TRUE,"KO_heat_up","hypoxia_anchored"
"PLEK","GOBP_PHOSPHOLIPASE_C_ACTIVATING_G_PROTEIN_COUPLED_RECEPTOR_SIGNALING_PATHWAY","GO_BP",0.000499750124937531,0.000287248952595821,4.38213505104228e-07,6.98674242424242,TRUE,4,0.25,"HALLMARK_TNFA_SIGNALING_VIA_NFKB",FALSE,"KO_heat_up","hypoxia_anchored"
"TGM2","GOBP_PHOSPHOLIPASE_C_ACTIVATING_G_PROTEIN_COUPLED_RECEPTOR_SIGNALING_PATHWAY","GO_BP",0.000499750124937531,0.000287248952595821,4.38213505104228e-07,6.98674242424242,TRUE,4,0.25,"GOBP_PHOSPHOLIPASE_C_ACTIVATING_G_PROTEIN_COUPLED_RECEPTOR_SIGNALING_PATHWAY",TRUE,"KO_heat_up","hypoxia_anchored"
"ADM","GOBP_NEGATIVE_REGULATION_OF_G_PROTEIN_COUPLED_RECEPTOR_SIGNALING_PATHWAY","GO_BP",0.000499750124937531,0.000874345729501875,3.00118671453733e-06,8.76767676767677,TRUE,5,0.2,"HALLMARK_INFLAMMATORY_RESPONSE",FALSE,"KO_heat_up","hypoxia_anchored"
"APLP1","GOBP_NEGATIVE_REGULATION_OF_G_PROTEIN_COUPLED_RECEPTOR_SIGNALING_PATHWAY","GO_BP",0.000499750124937531,0.000874345729501875,3.00118671453733e-06,8.76767676767677,TRUE,4,0.25,"GOBP_NEGATIVE_REGULATION_OF_G_PROTEIN_COUPLED_RECEPTOR_SIGNALING_PATHWAY",TRUE,"KO_heat_up","hypoxia_anchored"
"ATP2B4","GOBP_NEGATIVE_REGULATION_OF_G_PROTEIN_COUPLED_RECEPTOR_SIGNALING_PATHWAY","GO_BP",0.000499750124937531,0.000874345729501875,3.00118671453733e-06,8.76767676767677,TRUE,1,1,"GOBP_NEGATIVE_REGULATION_OF_G_PROTEIN_COUPLED_RECEPTOR_SIGNALING_PATHWAY",TRUE,"KO_heat_up","hypoxia_anchored"
"BICD1","GOBP_NEGATIVE_REGULATION_OF_G_PROTEIN_COUPLED_RECEPTOR_SIGNALING_PATHWAY","GO_BP",0.000499750124937531,0.000874345729501875,3.00118671453733e-06,8.76767676767677,TRUE,3,0.333333333333333,"GOBP_PHOSPHOLIPASE_C_ACTIVATING_G_PROTEIN_COUPLED_RECEPTOR_SIGNALING_PATHWAY",FALSE,"KO_heat_up","hypoxia_anchored"
"CALCA","GOBP_NEGATIVE_REGULATION_OF_G_PROTEIN_COUPLED_RECEPTOR_SIGNALING_PATHWAY","GO_BP",0.000499750124937531,0.000874345729501875,3.00118671453733e-06,8.76767676767677,TRUE,6,0.166666666666667,"GOBP_TAXIS",FALSE,"KO_heat_up","hypoxia_anchored"
"PLEK","GOBP_NEGATIVE_REGULATION_OF_G_PROTEIN_COUPLED_RECEPTOR_SIGNALING_PATHWAY","GO_BP",0.000499750124937531,0.000874345729501875,3.00118671453733e-06,8.76767676767677,TRUE,4,0.25,"HALLMARK_TNFA_SIGNALING_VIA_NFKB",FALSE,"KO_heat_up","hypoxia_anchored"
"RGS16","GOBP_NEGATIVE_REGULATION_OF_G_PROTEIN_COUPLED_RECEPTOR_SIGNALING_PATHWAY","GO_BP",0.000499750124937531,0.000874345729501875,3.00118671453733e-06,8.76767676767677,TRUE,5,0.2,"HALLMARK_INFLAMMATORY_RESPONSE",FALSE,"KO_heat_up","hypoxia_anchored"
"SERPINE1","GOBP_NEGATIVE_REGULATION_OF_G_PROTEIN_COUPLED_RECEPTOR_SIGNALING_PATHWAY","GO_BP",0.000499750124937531,0.000874345729501875,3.00118671453733e-06,8.76767676767677,TRUE,11,0.0909090909090909,"HALLMARK_TNFA_SIGNALING_VIA_NFKB",FALSE,"KO_heat_up","hypoxia_anchored"
"ANXA2","GOBP_NEGATIVE_REGULATION_OF_COAGULATION","GO_BP",0.000499750124937531,0.00313604295001619,2.69278687418697e-05,9.86363636363637,TRUE,4,0.25,"GOBP_NEGATIVE_REGULATION_OF_COAGULATION",TRUE,"KO_heat_up","hypoxia_anchored"
"PDGFA","GOBP_NEGATIVE_REGULATION_OF_COAGULATION","GO_BP",0.000499750124937531,0.00313604295001619,2.69278687418697e-05,9.86363636363637,TRUE,8,0.125,"GOBP_TAXIS",FALSE,"KO_heat_up","hypoxia_anchored"
"PDGFB","GOBP_NEGATIVE_REGULATION_OF_COAGULATION","GO_BP",0.000499750124937531,0.00313604295001619,2.69278687418697e-05,9.86363636363637,TRUE,8,0.125,"GOBP_TAXIS",FALSE,"KO_heat_up","hypoxia_anchored"
"PLAUR","GOBP_NEGATIVE_REGULATION_OF_COAGULATION","GO_BP",0.000499750124937531,0.00313604295001619,2.69278687418697e-05,9.86363636363637,TRUE,9,0.111111111111111,"HALLMARK_TNFA_SIGNALING_VIA_NFKB",FALSE,"KO_heat_up","hypoxia_anchored"
"PROCR","GOBP_NEGATIVE_REGULATION_OF_COAGULATION","GO_BP",0.000499750124937531,0.00313604295001619,2.69278687418697e-05,9.86363636363637,TRUE,2,0.5,"GOBP_NEGATIVE_REGULATION_OF_COAGULATION",TRUE,"KO_heat_up","hypoxia_anchored"
"SERPINE1","GOBP_NEGATIVE_REGULATION_OF_COAGULATION","GO_BP",0.000499750124937531,0.00313604295001619,2.69278687418697e-05,9.86363636363637,TRUE,11,0.0909090909090909,"HALLMARK_TNFA_SIGNALING_VIA_NFKB",FALSE,"KO_heat_up","hypoxia_anchored"
"CD40LG","GOBP_POSITIVE_REGULATION_OF_EXTRINSIC_APOPTOTIC_SIGNALING_PATHWAY","GO_BP",0.000499750124937531,0.00313604295001619,2.74724687736152e-05,7.82515151515152,TRUE,3,0.333333333333333,"GOMF_CYTOKINE_ACTIVITY",FALSE,"KO_heat_up","hypoxia_anchored"
"FASLG","GOBP_POSITIVE_REGULATION_OF_EXTRINSIC_APOPTOTIC_SIGNALING_PATHWAY","GO_BP",0.000499750124937531,0.00313604295001619,2.74724687736152e-05,7.82515151515152,TRUE,5,0.2,"GOMF_CYTOKINE_ACTIVITY",FALSE,"KO_heat_up","hypoxia_anchored"
"INHBA","GOBP_POSITIVE_REGULATION_OF_EXTRINSIC_APOPTOTIC_SIGNALING_PATHWAY","GO_BP",0.000499750124937531,0.00313604295001619,2.74724687736152e-05,7.82515151515152,TRUE,9,0.111111111111111,"GOMF_CYTOKINE_ACTIVITY",FALSE,"KO_heat_up","hypoxia_anchored"
"LTA","GOBP_POSITIVE_REGULATION_OF_EXTRINSIC_APOPTOTIC_SIGNALING_PATHWAY","GO_BP",0.000499750124937531,0.00313604295001619,2.74724687736152e-05,7.82515151515152,TRUE,6,0.166666666666667,"GOMF_CYTOKINE_ACTIVITY",FALSE,"KO_heat_up","hypoxia_anchored"
"RET","GOBP_POSITIVE_REGULATION_OF_EXTRINSIC_APOPTOTIC_SIGNALING_PATHWAY","GO_BP",0.000499750124937531,0.00313604295001619,2.74724687736152e-05,7.82515151515152,TRUE,1,1,"GOBP_POSITIVE_REGULATION_OF_EXTRINSIC_APOPTOTIC_SIGNALING_PATHWAY",TRUE,"KO_heat_up","hypoxia_anchored"
"TNFSF11","GOBP_POSITIVE_REGULATION_OF_EXTRINSIC_APOPTOTIC_SIGNALING_PATHWAY","GO_BP",0.000499750124937531,0.00313604295001619,2.74724687736152e-05,7.82515151515152,TRUE,8,0.125,"GOMF_CYTOKINE_ACTIVITY",FALSE,"KO_heat_up","hypoxia_anchored"
"TNFSF14","GOBP_POSITIVE_REGULATION_OF_EXTRINSIC_APOPTOTIC_SIGNALING_PATHWAY","GO_BP",0.000499750124937531,0.00313604295001619,2.74724687736152e-05,7.82515151515152,TRUE,5,0.2,"GOMF_CYTOKINE_ACTIVITY",FALSE,"KO_heat_up","hypoxia_anchored"
"ADAM8","GOBP_POSITIVE_REGULATION_OF_BONE_RESORPTION","GO_BP",0.000499750124937531,0.00515331536639073,6.26236672952477e-05,17.1981351981352,TRUE,8,0.125,"GOBP_TAXIS",FALSE,"KO_heat_up","hypoxia_anchored"
"LTBP3","GOBP_POSITIVE_REGULATION_OF_BONE_RESORPTION","GO_BP",0.000499750124937531,0.00515331536639073,6.26236672952477e-05,17.1981351981352,TRUE,4,0.25,"GOBP_TISSUE_REMODELING",FALSE,"KO_heat_up","hypoxia_anchored"
"SPP1","GOBP_POSITIVE_REGULATION_OF_BONE_RESORPTION","GO_BP",0.000499750124937531,0.00515331536639073,6.26236672952477e-05,17.1981351981352,TRUE,8,0.125,"GOMF_CYTOKINE_ACTIVITY",FALSE,"KO_heat_up","hypoxia_anchored"
"TNFSF11","GOBP_POSITIVE_REGULATION_OF_BONE_RESORPTION","GO_BP",0.000499750124937531,0.00515331536639073,6.26236672952477e-05,17.1981351981352,TRUE,8,0.125,"GOMF_CYTOKINE_ACTIVITY",FALSE,"KO_heat_up","hypoxia_anchored"
"ADORA2A","GOBP_POSITIVE_REGULATION_OF_BEHAVIOR","GO_BP",0.000499750124937531,0.00931876853314043,0.000152824960688421,13.9734848484848,TRUE,6,0.166666666666667,"GOBP_REGULATION_OF_INFLAMMATORY_RESPONSE",FALSE,"KO_heat_up","hypoxia_anchored"
"GRP","GOBP_POSITIVE_REGULATION_OF_BEHAVIOR","GO_BP",0.000499750124937531,0.00931876853314043,0.000152824960688421,13.9734848484848,TRUE,3,0.333333333333333,"GOBP_PHOSPHOLIPASE_C_ACTIVATING_G_PROTEIN_COUPLED_RECEPTOR_SIGNALING_PATHWAY",FALSE,"KO_heat_up","hypoxia_anchored"
"NR4A3","GOBP_POSITIVE_REGULATION_OF_BEHAVIOR","GO_BP",0.000499750124937531,0.00931876853314043,0.000152824960688421,13.9734848484848,TRUE,3,0.333333333333333,"HALLMARK_TNFA_SIGNALING_VIA_NFKB",FALSE,"KO_heat_up","hypoxia_anchored"
"STRA6","GOBP_POSITIVE_REGULATION_OF_BEHAVIOR","GO_BP",0.000499750124937531,0.00931876853314043,0.000152824960688421,13.9734848484848,TRUE,1,1,"GOBP_POSITIVE_REGULATION_OF_BEHAVIOR",TRUE,"KO_heat_up","hypoxia_anchored"
"ANXA2","GOBP_FIBRINOLYSIS","GO_BP",0.000499750124937531,0.0301256126087688,0.00141321523679579,12.8986013986014,TRUE,4,0.25,"GOBP_NEGATIVE_REGULATION_OF_COAGULATION",FALSE,"KO_heat_up","hypoxia_anchored"
"PLAUR","GOBP_FIBRINOLYSIS","GO_BP",0.000499750124937531,0.0301256126087688,0.00141321523679579,12.8986013986014,TRUE,9,0.111111111111111,"HALLMARK_TNFA_SIGNALING_VIA_NFKB",FALSE,"KO_heat_up","hypoxia_anchored"
"SERPINE1","GOBP_FIBRINOLYSIS","GO_BP",0.000499750124937531,0.0301256126087688,0.00141321523679579,12.8986013986014,TRUE,11,0.0909090909090909,"HALLMARK_TNFA_SIGNALING_VIA_NFKB",FALSE,"KO_heat_up","hypoxia_anchored"
"AREG","GOMF_CYTOKINE_ACTIVITY","GO_MF",0.000499750124937531,2.39876822365882e-18,6.43101400444724e-21,10.8570772058824,TRUE,6,0.166666666666667,"GOMF_CYTOKINE_ACTIVITY",TRUE,"KO_heat_up","hypoxia_anchored"
"C3","GOMF_CYTOKINE_ACTIVITY","GO_MF",0.000499750124937531,2.39876822365882e-18,6.43101400444724e-21,10.8570772058824,TRUE,7,0.142857142857143,"GOMF_CYTOKINE_ACTIVITY",TRUE,"KO_heat_up","hypoxia_anchored"
"CCL20","GOMF_CYTOKINE_ACTIVITY","GO_MF",0.000499750124937531,2.39876822365882e-18,6.43101400444724e-21,10.8570772058824,TRUE,10,0.1,"GOMF_CYTOKINE_ACTIVITY",TRUE,"KO_heat_up","hypoxia_anchored"
"CCL22","GOMF_CYTOKINE_ACTIVITY","GO_MF",0.000499750124937531,2.39876822365882e-18,6.43101400444724e-21,10.8570772058824,TRUE,8,0.125,"GOMF_CYTOKINE_ACTIVITY",TRUE,"KO_heat_up","hypoxia_anchored"
"CCL3","GOMF_CYTOKINE_ACTIVITY","GO_MF",0.000499750124937531,2.39876822365882e-18,6.43101400444724e-21,10.8570772058824,TRUE,8,0.125,"GOMF_CYTOKINE_ACTIVITY",TRUE,"KO_heat_up","hypoxia_anchored"
"CCL4","GOMF_CYTOKINE_ACTIVITY","GO_MF",0.000499750124937531,2.39876822365882e-18,6.43101400444724e-21,10.8570772058824,TRUE,8,0.125,"GOMF_CYTOKINE_ACTIVITY",TRUE,"KO_heat_up","hypoxia_anchored"
"CD40LG","GOMF_CYTOKINE_ACTIVITY","GO_MF",0.000499750124937531,2.39876822365882e-18,6.43101400444724e-21,10.8570772058824,TRUE,3,0.333333333333333,"GOMF_CYTOKINE_ACTIVITY",TRUE,"KO_heat_up","hypoxia_anchored"
"CSF2","GOMF_CYTOKINE_ACTIVITY","GO_MF",0.000499750124937531,2.39876822365882e-18,6.43101400444724e-21,10.8570772058824,TRUE,7,0.142857142857143,"GOMF_CYTOKINE_ACTIVITY",TRUE,"KO_heat_up","hypoxia_anchored"
"FASLG","GOMF_CYTOKINE_ACTIVITY","GO_MF",0.000499750124937531,2.39876822365882e-18,6.43101400444724e-21,10.8570772058824,TRUE,5,0.2,"GOMF_CYTOKINE_ACTIVITY",TRUE,"KO_heat_up","hypoxia_anchored"
"GDF6","GOMF_CYTOKINE_ACTIVITY","GO_MF",0.000499750124937531,2.39876822365882e-18,6.43101400444724e-21,10.8570772058824,TRUE,2,0.5,"GOMF_CYTOKINE_ACTIVITY",TRUE,"KO_heat_up","hypoxia_anchored"
"IL17F","GOMF_CYTOKINE_ACTIVITY","GO_MF",0.000499750124937531,2.39876822365882e-18,6.43101400444724e-21,10.8570772058824,TRUE,2,0.5,"GOMF_CYTOKINE_ACTIVITY",TRUE,"KO_heat_up","hypoxia_anchored"
"IL1A","GOMF_CYTOKINE_ACTIVITY","GO_MF",0.000499750124937531,2.39876822365882e-18,6.43101400444724e-21,10.8570772058824,TRUE,9,0.111111111111111,"GOMF_CYTOKINE_ACTIVITY",TRUE,"KO_heat_up","hypoxia_anchored"
"IL1RN","GOMF_CYTOKINE_ACTIVITY","GO_MF",0.000499750124937531,2.39876822365882e-18,6.43101400444724e-21,10.8570772058824,TRUE,5,0.2,"GOMF_CYTOKINE_ACTIVITY",TRUE,"KO_heat_up","hypoxia_anchored"
"IL2","GOMF_CYTOKINE_ACTIVITY","GO_MF",0.000499750124937531,2.39876822365882e-18,6.43101400444724e-21,10.8570772058824,TRUE,8,0.125,"GOMF_CYTOKINE_ACTIVITY",TRUE,"KO_heat_up","hypoxia_anchored"
"IL23A","GOMF_CYTOKINE_ACTIVITY","GO_MF",0.000499750124937531,2.39876822365882e-18,6.43101400444724e-21,10.8570772058824,TRUE,6,0.166666666666667,"GOMF_CYTOKINE_ACTIVITY",TRUE,"KO_heat_up","hypoxia_anchored"
"IL24","GOMF_CYTOKINE_ACTIVITY","GO_MF",0.000499750124937531,2.39876822365882e-18,6.43101400444724e-21,10.8570772058824,TRUE,2,0.5,"GOMF_CYTOKINE_ACTIVITY",TRUE,"KO_heat_up","hypoxia_anchored"
"IL3","GOMF_CYTOKINE_ACTIVITY","GO_MF",0.000499750124937531,2.39876822365882e-18,6.43101400444724e-21,10.8570772058824,TRUE,3,0.333333333333333,"GOMF_CYTOKINE_ACTIVITY",TRUE,"KO_heat_up","hypoxia_anchored"
"IL9","GOMF_CYTOKINE_ACTIVITY","GO_MF",0.000499750124937531,2.39876822365882e-18,6.43101400444724e-21,10.8570772058824,TRUE,3,0.333333333333333,"GOMF_CYTOKINE_ACTIVITY",TRUE,"KO_heat_up","hypoxia_anchored"
"INHBA","GOMF_CYTOKINE_ACTIVITY","GO_MF",0.000499750124937531,2.39876822365882e-18,6.43101400444724e-21,10.8570772058824,TRUE,9,0.111111111111111,"GOMF_CYTOKINE_ACTIVITY",TRUE,"KO_heat_up","hypoxia_anchored"
"LTA","GOMF_CYTOKINE_ACTIVITY","GO_MF",0.000499750124937531,2.39876822365882e-18,6.43101400444724e-21,10.8570772058824,TRUE,6,0.166666666666667,"GOMF_CYTOKINE_ACTIVITY",TRUE,"KO_heat_up","hypoxia_anchored"
"SPP1","GOMF_CYTOKINE_ACTIVITY","GO_MF",0.000499750124937531,2.39876822365882e-18,6.43101400444724e-21,10.8570772058824,TRUE,8,0.125,"GOMF_CYTOKINE_ACTIVITY",TRUE,"KO_heat_up","hypoxia_anchored"
"TIMP1","GOMF_CYTOKINE_ACTIVITY","GO_MF",0.000499750124937531,2.39876822365882e-18,6.43101400444724e-21,10.8570772058824,TRUE,10,0.1,"GOMF_CYTOKINE_ACTIVITY",TRUE,"KO_heat_up","hypoxia_anchored"
"TNFRSF11B","GOMF_CYTOKINE_ACTIVITY","GO_MF",0.000499750124937531,2.39876822365882e-18,6.43101400444724e-21,10.8570772058824,TRUE,3,0.333333333333333,"GOMF_CYTOKINE_ACTIVITY",TRUE,"KO_heat_up","hypoxia_anchored"
"TNFSF11","GOMF_CYTOKINE_ACTIVITY","GO_MF",0.000499750124937531,2.39876822365882e-18,6.43101400444724e-21,10.8570772058824,TRUE,8,0.125,"GOMF_CYTOKINE_ACTIVITY",TRUE,"KO_heat_up","hypoxia_anchored"
"TNFSF14","GOMF_CYTOKINE_ACTIVITY","GO_MF",0.000499750124937531,2.39876822365882e-18,6.43101400444724e-21,10.8570772058824,TRUE,5,0.2,"GOMF_CYTOKINE_ACTIVITY",TRUE,"KO_heat_up","hypoxia_anchored"
"TNFSF9","GOMF_CYTOKINE_ACTIVITY","GO_MF",0.000499750124937531,2.39876822365882e-18,6.43101400444724e-21,10.8570772058824,TRUE,5,0.2,"GOMF_CYTOKINE_ACTIVITY",TRUE,"KO_heat_up","hypoxia_anchored"
"WNT3","GOMF_CYTOKINE_ACTIVITY","GO_MF",0.000499750124937531,2.39876822365882e-18,6.43101400444724e-21,10.8570772058824,TRUE,4,0.25,"GOMF_CYTOKINE_ACTIVITY",TRUE,"KO_heat_up","hypoxia_anchored"
"AREG","GOMF_GROWTH_FACTOR_ACTIVITY","GO_MF",0.000499750124937531,0.000101097522441922,1.0841557366426e-06,6.3615333773959,TRUE,6,0.166666666666667,"GOMF_CYTOKINE_ACTIVITY",FALSE,"KO_heat_up","hypoxia_anchored"
"CSF2","GOMF_GROWTH_FACTOR_ACTIVITY","GO_MF",0.000499750124937531,0.000101097522441922,1.0841557366426e-06,6.3615333773959,TRUE,7,0.142857142857143,"GOMF_CYTOKINE_ACTIVITY",FALSE,"KO_heat_up","hypoxia_anchored"
"GDF6","GOMF_GROWTH_FACTOR_ACTIVITY","GO_MF",0.000499750124937531,0.000101097522441922,1.0841557366426e-06,6.3615333773959,TRUE,2,0.5,"GOMF_CYTOKINE_ACTIVITY",FALSE,"KO_heat_up","hypoxia_anchored"
"HBEGF","GOMF_GROWTH_FACTOR_ACTIVITY","GO_MF",0.000499750124937531,0.000101097522441922,1.0841557366426e-06,6.3615333773959,TRUE,8,0.125,"HALLMARK_TNFA_SIGNALING_VIA_NFKB",FALSE,"KO_heat_up","hypoxia_anchored"
"IL2","GOMF_GROWTH_FACTOR_ACTIVITY","GO_MF",0.000499750124937531,0.000101097522441922,1.0841557366426e-06,6.3615333773959,TRUE,8,0.125,"GOMF_CYTOKINE_ACTIVITY",FALSE,"KO_heat_up","hypoxia_anchored"
"IL3","GOMF_GROWTH_FACTOR_ACTIVITY","GO_MF",0.000499750124937531,0.000101097522441922,1.0841557366426e-06,6.3615333773959,TRUE,3,0.333333333333333,"GOMF_CYTOKINE_ACTIVITY",FALSE,"KO_heat_up","hypoxia_anchored"
"IL9","GOMF_GROWTH_FACTOR_ACTIVITY","GO_MF",0.000499750124937531,0.000101097522441922,1.0841557366426e-06,6.3615333773959,TRUE,3,0.333333333333333,"GOMF_CYTOKINE_ACTIVITY",FALSE,"KO_heat_up","hypoxia_anchored"
"INHBA","GOMF_GROWTH_FACTOR_ACTIVITY","GO_MF",0.000499750124937531,0.000101097522441922,1.0841557366426e-06,6.3615333773959,TRUE,9,0.111111111111111,"GOMF_CYTOKINE_ACTIVITY",FALSE,"KO_heat_up","hypoxia_anchored"
"PDGFA","GOMF_GROWTH_FACTOR_ACTIVITY","GO_MF",0.000499750124937531,0.000101097522441922,1.0841557366426e-06,6.3615333773959,TRUE,8,0.125,"GOBP_TAXIS",FALSE,"KO_heat_up","hypoxia_anchored"
"PDGFB","GOMF_GROWTH_FACTOR_ACTIVITY","GO_MF",0.000499750124937531,0.000101097522441922,1.0841557366426e-06,6.3615333773959,TRUE,8,0.125,"GOBP_TAXIS",FALSE,"KO_heat_up","hypoxia_anchored"
"TIMP1","GOMF_GROWTH_FACTOR_ACTIVITY","GO_MF",0.000499750124937531,0.000101097522441922,1.0841557366426e-06,6.3615333773959,TRUE,10,0.1,"GOMF_CYTOKINE_ACTIVITY",FALSE,"KO_heat_up","hypoxia_anchored"
"ADM","GOMF_G_PROTEIN_COUPLED_RECEPTOR_BINDING","GO_MF",0.000499750124937531,0.000561036872682735,9.02472181259092e-06,4.0482485128883,TRUE,5,0.2,"HALLMARK_INFLAMMATORY_RESPONSE",FALSE,"KO_heat_up","hypoxia_anchored"
"ADORA2A","GOMF_G_PROTEIN_COUPLED_RECEPTOR_BINDING","GO_MF",0.000499750124937531,0.000561036872682735,9.02472181259092e-06,4.0482485128883,TRUE,6,0.166666666666667,"GOBP_REGULATION_OF_INFLAMMATORY_RESPONSE",FALSE,"KO_heat_up","hypoxia_anchored"
"APLP1","GOMF_G_PROTEIN_COUPLED_RECEPTOR_BINDING","GO_MF",0.000499750124937531,0.000561036872682735,9.02472181259092e-06,4.0482485128883,TRUE,4,0.25,"GOBP_NEGATIVE_REGULATION_OF_G_PROTEIN_COUPLED_RECEPTOR_SIGNALING_PATHWAY",FALSE,"KO_heat_up","hypoxia_anchored"
"AVPR1A","GOMF_G_PROTEIN_COUPLED_RECEPTOR_BINDING","GO_MF",0.000499750124937531,0.000561036872682735,9.02472181259092e-06,4.0482485128883,TRUE,3,0.333333333333333,"REACTOME_GPCR_LIGAND_BINDING",FALSE,"KO_heat_up","hypoxia_anchored"
"BICD1","GOMF_G_PROTEIN_COUPLED_RECEPTOR_BINDING","GO_MF",0.000499750124937531,0.000561036872682735,9.02472181259092e-06,4.0482485128883,TRUE,3,0.333333333333333,"GOBP_PHOSPHOLIPASE_C_ACTIVATING_G_PROTEIN_COUPLED_RECEPTOR_SIGNALING_PATHWAY",FALSE,"KO_heat_up","hypoxia_anchored"
"C3","GOMF_G_PROTEIN_COUPLED_RECEPTOR_BINDING","GO_MF",0.000499750124937531,0.000561036872682735,9.02472181259092e-06,4.0482485128883,TRUE,7,0.142857142857143,"GOMF_CYTOKINE_ACTIVITY",FALSE,"KO_heat_up","hypoxia_anchored"
"CALCA","GOMF_G_PROTEIN_COUPLED_RECEPTOR_BINDING","GO_MF",0.000499750124937531,0.000561036872682735,9.02472181259092e-06,4.0482485128883,TRUE,6,0.166666666666667,"GOBP_TAXIS",FALSE,"KO_heat_up","hypoxia_anchored"
"CCL20","GOMF_G_PROTEIN_COUPLED_RECEPTOR_BINDING","GO_MF",0.000499750124937531,0.000561036872682735,9.02472181259092e-06,4.0482485128883,TRUE,10,0.1,"GOMF_CYTOKINE_ACTIVITY",FALSE,"KO_heat_up","hypoxia_anchored"
"CCL22","GOMF_G_PROTEIN_COUPLED_RECEPTOR_BINDING","GO_MF",0.000499750124937531,0.000561036872682735,9.02472181259092e-06,4.0482485128883,TRUE,8,0.125,"GOMF_CYTOKINE_ACTIVITY",FALSE,"KO_heat_up","hypoxia_anchored"
"CCL3","GOMF_G_PROTEIN_COUPLED_RECEPTOR_BINDING","GO_MF",0.000499750124937531,0.000561036872682735,9.02472181259092e-06,4.0482485128883,TRUE,8,0.125,"GOMF_CYTOKINE_ACTIVITY",FALSE,"KO_heat_up","hypoxia_anchored"
"CCL4","GOMF_G_PROTEIN_COUPLED_RECEPTOR_BINDING","GO_MF",0.000499750124937531,0.000561036872682735,9.02472181259092e-06,4.0482485128883,TRUE,8,0.125,"GOMF_CYTOKINE_ACTIVITY",FALSE,"KO_heat_up","hypoxia_anchored"
"HSPA1A","GOMF_G_PROTEIN_COUPLED_RECEPTOR_BINDING","GO_MF",0.000499750124937531,0.000561036872682735,9.02472181259092e-06,4.0482485128883,TRUE,2,0.5,"GOMF_G_PROTEIN_COUPLED_RECEPTOR_BINDING",TRUE,"KO_heat_up","hypoxia_anchored"
"IL2","GOMF_G_PROTEIN_COUPLED_RECEPTOR_BINDING","GO_MF",0.000499750124937531,0.000561036872682735,9.02472181259092e-06,4.0482485128883,TRUE,8,0.125,"GOMF_CYTOKINE_ACTIVITY",FALSE,"KO_heat_up","hypoxia_anchored"
"WNT3","GOMF_G_PROTEIN_COUPLED_RECEPTOR_BINDING","GO_MF",0.000499750124937531,0.000561036872682735,9.02472181259092e-06,4.0482485128883,TRUE,4,0.25,"GOMF_CYTOKINE_ACTIVITY",FALSE,"KO_heat_up","hypoxia_anchored"
"C3","GOMF_CHEMOKINE_ACTIVITY","GO_MF",0.000499750124937531,0.00994508834051105,0.000213299481834017,8.87423935091278,TRUE,7,0.142857142857143,"GOMF_CYTOKINE_ACTIVITY",FALSE,"KO_heat_up","hypoxia_anchored"
"CCL20","GOMF_CHEMOKINE_ACTIVITY","GO_MF",0.000499750124937531,0.00994508834051105,0.000213299481834017,8.87423935091278,TRUE,10,0.1,"GOMF_CYTOKINE_ACTIVITY",FALSE,"KO_heat_up","hypoxia_anchored"
"CCL22","GOMF_CHEMOKINE_ACTIVITY","GO_MF",0.000499750124937531,0.00994508834051105,0.000213299481834017,8.87423935091278,TRUE,8,0.125,"GOMF_CYTOKINE_ACTIVITY",FALSE,"KO_heat_up","hypoxia_anchored"
"CCL3","GOMF_CHEMOKINE_ACTIVITY","GO_MF",0.000499750124937531,0.00994508834051105,0.000213299481834017,8.87423935091278,TRUE,8,0.125,"GOMF_CYTOKINE_ACTIVITY",FALSE,"KO_heat_up","hypoxia_anchored"
"CCL4","GOMF_CHEMOKINE_ACTIVITY","GO_MF",0.000499750124937531,0.00994508834051105,0.000213299481834017,8.87423935091278,TRUE,8,0.125,"GOMF_CYTOKINE_ACTIVITY",FALSE,"KO_heat_up","hypoxia_anchored"
"CCN1","GOMF_GROWTH_FACTOR_BINDING","GO_MF",0.000999500249875062,0.0331472786811381,0.000977533687647505,3.92156862745098,TRUE,5,0.2,"HALLMARK_TNFA_SIGNALING_VIA_NFKB",FALSE,"KO_heat_up","hypoxia_anchored"
"EGFR","GOMF_GROWTH_FACTOR_BINDING","GO_MF",0.000999500249875062,0.0331472786811381,0.000977533687647505,3.92156862745098,TRUE,4,0.25,"REACTOME_EGFR_DOWNREGULATION",FALSE,"KO_heat_up","hypoxia_anchored"
"EPHA2","GOMF_GROWTH_FACTOR_BINDING","GO_MF",0.000999500249875062,0.0331472786811381,0.000977533687647505,3.92156862745098,TRUE,4,0.25,"GOBP_TAXIS",FALSE,"KO_heat_up","hypoxia_anchored"
"IL1R2","GOMF_GROWTH_FACTOR_BINDING","GO_MF",0.000999500249875062,0.0331472786811381,0.000977533687647505,3.92156862745098,TRUE,5,0.2,"REACTOME_INTERLEUKIN_10_SIGNALING",FALSE,"KO_heat_up","hypoxia_anchored"
"IL1RN","GOMF_GROWTH_FACTOR_BINDING","GO_MF",0.000999500249875062,0.0331472786811381,0.000977533687647505,3.92156862745098,TRUE,5,0.2,"GOMF_CYTOKINE_ACTIVITY",FALSE,"KO_heat_up","hypoxia_anchored"
"LTBP3","GOMF_GROWTH_FACTOR_BINDING","GO_MF",0.000999500249875062,0.0331472786811381,0.000977533687647505,3.92156862745098,TRUE,4,0.25,"GOBP_TISSUE_REMODELING",FALSE,"KO_heat_up","hypoxia_anchored"
"PDGFA","GOMF_GROWTH_FACTOR_BINDING","GO_MF",0.000999500249875062,0.0331472786811381,0.000977533687647505,3.92156862745098,TRUE,8,0.125,"GOBP_TAXIS",FALSE,"KO_heat_up","hypoxia_anchored"
"PDGFB","GOMF_GROWTH_FACTOR_BINDING","GO_MF",0.000999500249875062,0.0331472786811381,0.000977533687647505,3.92156862745098,TRUE,8,0.125,"GOBP_TAXIS",FALSE,"KO_heat_up","hypoxia_anchored"
"CD80","KEGG_GRAFT_VERSUS_HOST_DISEASE","KEGG",0.0134932533733133,0.0186056979818562,0.000368429663007054,7.76113191843529,TRUE,5,0.2,"HALLMARK_TNFA_SIGNALING_VIA_NFKB",FALSE,"KO_heat_up","hypoxia_anchored"
"FASLG","KEGG_GRAFT_VERSUS_HOST_DISEASE","KEGG",0.0134932533733133,0.0186056979818562,0.000368429663007054,7.76113191843529,TRUE,5,0.2,"GOMF_CYTOKINE_ACTIVITY",FALSE,"KO_heat_up","hypoxia_anchored"
"IL1A","KEGG_GRAFT_VERSUS_HOST_DISEASE","KEGG",0.0134932533733133,0.0186056979818562,0.000368429663007054,7.76113191843529,TRUE,9,0.111111111111111,"GOMF_CYTOKINE_ACTIVITY",FALSE,"KO_heat_up","hypoxia_anchored"
"IL2","KEGG_GRAFT_VERSUS_HOST_DISEASE","KEGG",0.0134932533733133,0.0186056979818562,0.000368429663007054,7.76113191843529,TRUE,8,0.125,"GOMF_CYTOKINE_ACTIVITY",FALSE,"KO_heat_up","hypoxia_anchored"
"KLRC1","KEGG_GRAFT_VERSUS_HOST_DISEASE","KEGG",0.0134932533733133,0.0186056979818562,0.000368429663007054,7.76113191843529,TRUE,1,1,"KEGG_GRAFT_VERSUS_HOST_DISEASE",TRUE,"KO_heat_up","hypoxia_anchored"
"ADORA2A","KEGG_NEUROACTIVE_LIGAND_RECEPTOR_INTERACTION","KEGG",0.000999500249875062,0.0492578337935076,0.00195080529875278,3.45650411212788,TRUE,6,0.166666666666667,"GOBP_REGULATION_OF_INFLAMMATORY_RESPONSE",FALSE,"KO_heat_up","hypoxia_anchored"
"ADORA2B","KEGG_NEUROACTIVE_LIGAND_RECEPTOR_INTERACTION","KEGG",0.000999500249875062,0.0492578337935076,0.00195080529875278,3.45650411212788,TRUE,5,0.2,"HALLMARK_INFLAMMATORY_RESPONSE",FALSE,"KO_heat_up","hypoxia_anchored"
"AVPR1A","KEGG_NEUROACTIVE_LIGAND_RECEPTOR_INTERACTION","KEGG",0.000999500249875062,0.0492578337935076,0.00195080529875278,3.45650411212788,TRUE,3,0.333333333333333,"REACTOME_GPCR_LIGAND_BINDING",FALSE,"KO_heat_up","hypoxia_anchored"
"GZMA","KEGG_NEUROACTIVE_LIGAND_RECEPTOR_INTERACTION","KEGG",0.000999500249875062,0.0492578337935076,0.00195080529875278,3.45650411212788,TRUE,2,0.5,"KEGG_NEUROACTIVE_LIGAND_RECEPTOR_INTERACTION",TRUE,"KO_heat_up","hypoxia_anchored"
"LTB4R","KEGG_NEUROACTIVE_LIGAND_RECEPTOR_INTERACTION","KEGG",0.000999500249875062,0.0492578337935076,0.00195080529875278,3.45650411212788,TRUE,3,0.333333333333333,"GOBP_PHOSPHOLIPASE_C_ACTIVATING_G_PROTEIN_COUPLED_RECEPTOR_SIGNALING_PATHWAY",FALSE,"KO_heat_up","hypoxia_anchored"
"PARD3","KEGG_NEUROACTIVE_LIGAND_RECEPTOR_INTERACTION","KEGG",0.000999500249875062,0.0492578337935076,0.00195080529875278,3.45650411212788,TRUE,2,0.5,"GOBP_PHOSPHOLIPASE_C_ACTIVATING_G_PROTEIN_COUPLED_RECEPTOR_SIGNALING_PATHWAY",FALSE,"KO_heat_up","hypoxia_anchored"
"PTGER2","KEGG_NEUROACTIVE_LIGAND_RECEPTOR_INTERACTION","KEGG",0.000999500249875062,0.0492578337935076,0.00195080529875278,3.45650411212788,TRUE,4,0.25,"HALLMARK_INFLAMMATORY_RESPONSE",FALSE,"KO_heat_up","hypoxia_anchored"
"S1PR3","KEGG_NEUROACTIVE_LIGAND_RECEPTOR_INTERACTION","KEGG",0.000999500249875062,0.0492578337935076,0.00195080529875278,3.45650411212788,TRUE,2,0.5,"REACTOME_GPCR_LIGAND_BINDING",FALSE,"KO_heat_up","hypoxia_anchored"
"CCL20","REACTOME_INTERLEUKIN_10_SIGNALING","Reactome",0.000499750124937531,7.66535721382053e-07,1.62746437660733e-09,13.5662077171511,TRUE,10,0.1,"GOMF_CYTOKINE_ACTIVITY",FALSE,"KO_heat_up","hypoxia_anchored"
"CCL22","REACTOME_INTERLEUKIN_10_SIGNALING","Reactome",0.000499750124937531,7.66535721382053e-07,1.62746437660733e-09,13.5662077171511,TRUE,8,0.125,"GOMF_CYTOKINE_ACTIVITY",FALSE,"KO_heat_up","hypoxia_anchored"
"CCL3","REACTOME_INTERLEUKIN_10_SIGNALING","Reactome",0.000499750124937531,7.66535721382053e-07,1.62746437660733e-09,13.5662077171511,TRUE,8,0.125,"GOMF_CYTOKINE_ACTIVITY",FALSE,"KO_heat_up","hypoxia_anchored"
"CCL4","REACTOME_INTERLEUKIN_10_SIGNALING","Reactome",0.000499750124937531,7.66535721382053e-07,1.62746437660733e-09,13.5662077171511,TRUE,8,0.125,"GOMF_CYTOKINE_ACTIVITY",FALSE,"KO_heat_up","hypoxia_anchored"
"CD80","REACTOME_INTERLEUKIN_10_SIGNALING","Reactome",0.000499750124937531,7.66535721382053e-07,1.62746437660733e-09,13.5662077171511,TRUE,5,0.2,"HALLMARK_TNFA_SIGNALING_VIA_NFKB",FALSE,"KO_heat_up","hypoxia_anchored"
"CSF2","REACTOME_INTERLEUKIN_10_SIGNALING","Reactome",0.000499750124937531,7.66535721382053e-07,1.62746437660733e-09,13.5662077171511,TRUE,7,0.142857142857143,"GOMF_CYTOKINE_ACTIVITY",FALSE,"KO_heat_up","hypoxia_anchored"
"IL1A","REACTOME_INTERLEUKIN_10_SIGNALING","Reactome",0.000499750124937531,7.66535721382053e-07,1.62746437660733e-09,13.5662077171511,TRUE,9,0.111111111111111,"GOMF_CYTOKINE_ACTIVITY",FALSE,"KO_heat_up","hypoxia_anchored"
"IL1R2","REACTOME_INTERLEUKIN_10_SIGNALING","Reactome",0.000499750124937531,7.66535721382053e-07,1.62746437660733e-09,13.5662077171511,TRUE,5,0.2,"REACTOME_INTERLEUKIN_10_SIGNALING",TRUE,"KO_heat_up","hypoxia_anchored"
"IL1RN","REACTOME_INTERLEUKIN_10_SIGNALING","Reactome",0.000499750124937531,7.66535721382053e-07,1.62746437660733e-09,13.5662077171511,TRUE,5,0.2,"GOMF_CYTOKINE_ACTIVITY",FALSE,"KO_heat_up","hypoxia_anchored"
"TIMP1","REACTOME_INTERLEUKIN_10_SIGNALING","Reactome",0.000499750124937531,7.66535721382053e-07,1.62746437660733e-09,13.5662077171511,TRUE,10,0.1,"GOMF_CYTOKINE_ACTIVITY",FALSE,"KO_heat_up","hypoxia_anchored"
"CD70","REACTOME_TNFS_BIND_THEIR_PHYSIOLOGICAL_RECEPTORS","Reactome",0.000499750124937531,4.82021576367719e-05,2.04680074890751e-07,15.2767295597484,TRUE,2,0.5,"HALLMARK_INFLAMMATORY_RESPONSE",FALSE,"KO_heat_up","hypoxia_anchored"
"FASLG","REACTOME_TNFS_BIND_THEIR_PHYSIOLOGICAL_RECEPTORS","Reactome",0.000499750124937531,4.82021576367719e-05,2.04680074890751e-07,15.2767295597484,TRUE,5,0.2,"GOMF_CYTOKINE_ACTIVITY",FALSE,"KO_heat_up","hypoxia_anchored"
"LTA","REACTOME_TNFS_BIND_THEIR_PHYSIOLOGICAL_RECEPTORS","Reactome",0.000499750124937531,4.82021576367719e-05,2.04680074890751e-07,15.2767295597484,TRUE,6,0.166666666666667,"GOMF_CYTOKINE_ACTIVITY",FALSE,"KO_heat_up","hypoxia_anchored"
"TNFRSF11B","REACTOME_TNFS_BIND_THEIR_PHYSIOLOGICAL_RECEPTORS","Reactome",0.000499750124937531,4.82021576367719e-05,2.04680074890751e-07,15.2767295597484,TRUE,3,0.333333333333333,"GOMF_CYTOKINE_ACTIVITY",FALSE,"KO_heat_up","hypoxia_anchored"
"TNFSF11","REACTOME_TNFS_BIND_THEIR_PHYSIOLOGICAL_RECEPTORS","Reactome",0.000499750124937531,4.82021576367719e-05,2.04680074890751e-07,15.2767295597484,TRUE,8,0.125,"GOMF_CYTOKINE_ACTIVITY",FALSE,"KO_heat_up","hypoxia_anchored"
"TNFSF14","REACTOME_TNFS_BIND_THEIR_PHYSIOLOGICAL_RECEPTORS","Reactome",0.000499750124937531,4.82021576367719e-05,2.04680074890751e-07,15.2767295597484,TRUE,5,0.2,"GOMF_CYTOKINE_ACTIVITY",FALSE,"KO_heat_up","hypoxia_anchored"
"TNFSF9","REACTOME_TNFS_BIND_THEIR_PHYSIOLOGICAL_RECEPTORS","Reactome",0.000499750124937531,4.82021576367719e-05,2.04680074890751e-07,15.2767295597484,TRUE,5,0.2,"GOMF_CYTOKINE_ACTIVITY",FALSE,"KO_heat_up","hypoxia_anchored"
"ADM","REACTOME_GPCR_LIGAND_BINDING","Reactome",0.000499750124937531,0.000450757497194366,2.87106686111061e-06,3.9176560822212,TRUE,5,0.2,"HALLMARK_INFLAMMATORY_RESPONSE",FALSE,"KO_heat_up","hypoxia_anchored"
"ADORA2A","REACTOME_GPCR_LIGAND_BINDING","Reactome",0.000499750124937531,0.000450757497194366,2.87106686111061e-06,3.9176560822212,TRUE,6,0.166666666666667,"GOBP_REGULATION_OF_INFLAMMATORY_RESPONSE",FALSE,"KO_heat_up","hypoxia_anchored"
"ADORA2B","REACTOME_GPCR_LIGAND_BINDING","Reactome",0.000499750124937531,0.000450757497194366,2.87106686111061e-06,3.9176560822212,TRUE,5,0.2,"HALLMARK_INFLAMMATORY_RESPONSE",FALSE,"KO_heat_up","hypoxia_anchored"
"AVPR1A","REACTOME_GPCR_LIGAND_BINDING","Reactome",0.000499750124937531,0.000450757497194366,2.87106686111061e-06,3.9176560822212,TRUE,3,0.333333333333333,"REACTOME_GPCR_LIGAND_BINDING",TRUE,"KO_heat_up","hypoxia_anchored"
"C3","REACTOME_GPCR_LIGAND_BINDING","Reactome",0.000499750124937531,0.000450757497194366,2.87106686111061e-06,3.9176560822212,TRUE,7,0.142857142857143,"GOMF_CYTOKINE_ACTIVITY",FALSE,"KO_heat_up","hypoxia_anchored"
"CALCA","REACTOME_GPCR_LIGAND_BINDING","Reactome",0.000499750124937531,0.000450757497194366,2.87106686111061e-06,3.9176560822212,TRUE,6,0.166666666666667,"GOBP_TAXIS",FALSE,"KO_heat_up","hypoxia_anchored"
"CCL20","REACTOME_GPCR_LIGAND_BINDING","Reactome",0.000499750124937531,0.000450757497194366,2.87106686111061e-06,3.9176560822212,TRUE,10,0.1,"GOMF_CYTOKINE_ACTIVITY",FALSE,"KO_heat_up","hypoxia_anchored"
"CCL22","REACTOME_GPCR_LIGAND_BINDING","Reactome",0.000499750124937531,0.000450757497194366,2.87106686111061e-06,3.9176560822212,TRUE,8,0.125,"GOMF_CYTOKINE_ACTIVITY",FALSE,"KO_heat_up","hypoxia_anchored"
"CCL3","REACTOME_GPCR_LIGAND_BINDING","Reactome",0.000499750124937531,0.000450757497194366,2.87106686111061e-06,3.9176560822212,TRUE,8,0.125,"GOMF_CYTOKINE_ACTIVITY",FALSE,"KO_heat_up","hypoxia_anchored"
"CCL4","REACTOME_GPCR_LIGAND_BINDING","Reactome",0.000499750124937531,0.000450757497194366,2.87106686111061e-06,3.9176560822212,TRUE,8,0.125,"GOMF_CYTOKINE_ACTIVITY",FALSE,"KO_heat_up","hypoxia_anchored"
"GPR183","REACTOME_GPCR_LIGAND_BINDING","Reactome",0.000499750124937531,0.000450757497194366,2.87106686111061e-06,3.9176560822212,TRUE,4,0.25,"HALLMARK_TNFA_SIGNALING_VIA_NFKB",FALSE,"KO_heat_up","hypoxia_anchored"
"GRP","REACTOME_GPCR_LIGAND_BINDING","Reactome",0.000499750124937531,0.000450757497194366,2.87106686111061e-06,3.9176560822212,TRUE,3,0.333333333333333,"GOBP_PHOSPHOLIPASE_C_ACTIVATING_G_PROTEIN_COUPLED_RECEPTOR_SIGNALING_PATHWAY",FALSE,"KO_heat_up","hypoxia_anchored"
"LTB4R","REACTOME_GPCR_LIGAND_BINDING","Reactome",0.000499750124937531,0.000450757497194366,2.87106686111061e-06,3.9176560822212,TRUE,3,0.333333333333333,"GOBP_PHOSPHOLIPASE_C_ACTIVATING_G_PROTEIN_COUPLED_RECEPTOR_SIGNALING_PATHWAY",FALSE,"KO_heat_up","hypoxia_anchored"
"PTGER2","REACTOME_GPCR_LIGAND_BINDING","Reactome",0.000499750124937531,0.000450757497194366,2.87106686111061e-06,3.9176560822212,TRUE,4,0.25,"HALLMARK_INFLAMMATORY_RESPONSE",FALSE,"KO_heat_up","hypoxia_anchored"
"S1PR3","REACTOME_GPCR_LIGAND_BINDING","Reactome",0.000499750124937531,0.000450757497194366,2.87106686111061e-06,3.9176560822212,TRUE,2,0.5,"REACTOME_GPCR_LIGAND_BINDING",TRUE,"KO_heat_up","hypoxia_anchored"
"WNT3","REACTOME_GPCR_LIGAND_BINDING","Reactome",0.000499750124937531,0.000450757497194366,2.87106686111061e-06,3.9176560822212,TRUE,4,0.25,"GOMF_CYTOKINE_ACTIVITY",FALSE,"KO_heat_up","hypoxia_anchored"
"EGR1","REACTOME_NGF_STIMULATED_TRANSCRIPTION","Reactome",0.000499750124937531,0.000660009647200625,5.60517747091826e-06,9.76013277428372,TRUE,3,0.333333333333333,"HALLMARK_TNFA_SIGNALING_VIA_NFKB",FALSE,"KO_heat_up","hypoxia_anchored"
"EGR2","REACTOME_NGF_STIMULATED_TRANSCRIPTION","Reactome",0.000499750124937531,0.000660009647200625,5.60517747091826e-06,9.76013277428372,TRUE,2,0.5,"HALLMARK_TNFA_SIGNALING_VIA_NFKB",FALSE,"KO_heat_up","hypoxia_anchored"
"EGR3","REACTOME_NGF_STIMULATED_TRANSCRIPTION","Reactome",0.000499750124937531,0.000660009647200625,5.60517747091826e-06,9.76013277428372,TRUE,3,0.333333333333333,"HALLMARK_TNFA_SIGNALING_VIA_NFKB",FALSE,"KO_heat_up","hypoxia_anchored"
"F3","REACTOME_NGF_STIMULATED_TRANSCRIPTION","Reactome",0.000499750124937531,0.000660009647200625,5.60517747091826e-06,9.76013277428372,TRUE,6,0.166666666666667,"HALLMARK_TNFA_SIGNALING_VIA_NFKB",FALSE,"KO_heat_up","hypoxia_anchored"
"FOSL1","REACTOME_NGF_STIMULATED_TRANSCRIPTION","Reactome",0.000499750124937531,0.000660009647200625,5.60517747091826e-06,9.76013277428372,TRUE,3,0.333333333333333,"HALLMARK_TNFA_SIGNALING_VIA_NFKB",FALSE,"KO_heat_up","hypoxia_anchored"
"NAB2","REACTOME_NGF_STIMULATED_TRANSCRIPTION","Reactome",0.000499750124937531,0.000660009647200625,5.60517747091826e-06,9.76013277428372,TRUE,1,1,"REACTOME_NGF_STIMULATED_TRANSCRIPTION",TRUE,"KO_heat_up","hypoxia_anchored"
"SH3GL3","REACTOME_NGF_STIMULATED_TRANSCRIPTION","Reactome",0.000499750124937531,0.000660009647200625,5.60517747091826e-06,9.76013277428372,TRUE,2,0.5,"REACTOME_NGF_STIMULATED_TRANSCRIPTION",TRUE,"KO_heat_up","hypoxia_anchored"
"ANXA2","REACTOME_SIGNALING_BY_INTERLEUKINS","Reactome",0.000499750124937531,0.00288370846890765,3.67351397313076e-05,2.65514947008222,TRUE,4,0.25,"GOBP_NEGATIVE_REGULATION_OF_COAGULATION",FALSE,"KO_heat_up","hypoxia_anchored"
"CCL20","REACTOME_SIGNALING_BY_INTERLEUKINS","Reactome",0.000499750124937531,0.00288370846890765,3.67351397313076e-05,2.65514947008222,TRUE,10,0.1,"GOMF_CYTOKINE_ACTIVITY",FALSE,"KO_heat_up","hypoxia_anchored"
"CCL22","REACTOME_SIGNALING_BY_INTERLEUKINS","Reactome",0.000499750124937531,0.00288370846890765,3.67351397313076e-05,2.65514947008222,TRUE,8,0.125,"GOMF_CYTOKINE_ACTIVITY",FALSE,"KO_heat_up","hypoxia_anchored"
"CCL3","REACTOME_SIGNALING_BY_INTERLEUKINS","Reactome",0.000499750124937531,0.00288370846890765,3.67351397313076e-05,2.65514947008222,TRUE,8,0.125,"GOMF_CYTOKINE_ACTIVITY",FALSE,"KO_heat_up","hypoxia_anchored"
"CCL4","REACTOME_SIGNALING_BY_INTERLEUKINS","Reactome",0.000499750124937531,0.00288370846890765,3.67351397313076e-05,2.65514947008222,TRUE,8,0.125,"GOMF_CYTOKINE_ACTIVITY",FALSE,"KO_heat_up","hypoxia_anchored"
"CD80","REACTOME_SIGNALING_BY_INTERLEUKINS","Reactome",0.000499750124937531,0.00288370846890765,3.67351397313076e-05,2.65514947008222,TRUE,5,0.2,"HALLMARK_TNFA_SIGNALING_VIA_NFKB",FALSE,"KO_heat_up","hypoxia_anchored"
"CDKN1A","REACTOME_SIGNALING_BY_INTERLEUKINS","Reactome",0.000499750124937531,0.00288370846890765,3.67351397313076e-05,2.65514947008222,TRUE,6,0.166666666666667,"HALLMARK_TNFA_SIGNALING_VIA_NFKB",FALSE,"KO_heat_up","hypoxia_anchored"
"CSF2","REACTOME_SIGNALING_BY_INTERLEUKINS","Reactome",0.000499750124937531,0.00288370846890765,3.67351397313076e-05,2.65514947008222,TRUE,7,0.142857142857143,"GOMF_CYTOKINE_ACTIVITY",FALSE,"KO_heat_up","hypoxia_anchored"
"FASLG","REACTOME_SIGNALING_BY_INTERLEUKINS","Reactome",0.000499750124937531,0.00288370846890765,3.67351397313076e-05,2.65514947008222,TRUE,5,0.2,"GOMF_CYTOKINE_ACTIVITY",FALSE,"KO_heat_up","hypoxia_anchored"
"IL17F","REACTOME_SIGNALING_BY_INTERLEUKINS","Reactome",0.000499750124937531,0.00288370846890765,3.67351397313076e-05,2.65514947008222,TRUE,2,0.5,"GOMF_CYTOKINE_ACTIVITY",FALSE,"KO_heat_up","hypoxia_anchored"
"IL1A","REACTOME_SIGNALING_BY_INTERLEUKINS","Reactome",0.000499750124937531,0.00288370846890765,3.67351397313076e-05,2.65514947008222,TRUE,9,0.111111111111111,"GOMF_CYTOKINE_ACTIVITY",FALSE,"KO_heat_up","hypoxia_anchored"
"IL1R2","REACTOME_SIGNALING_BY_INTERLEUKINS","Reactome",0.000499750124937531,0.00288370846890765,3.67351397313076e-05,2.65514947008222,TRUE,5,0.2,"REACTOME_INTERLEUKIN_10_SIGNALING",FALSE,"KO_heat_up","hypoxia_anchored"
"IL1RN","REACTOME_SIGNALING_BY_INTERLEUKINS","Reactome",0.000499750124937531,0.00288370846890765,3.67351397313076e-05,2.65514947008222,TRUE,5,0.2,"GOMF_CYTOKINE_ACTIVITY",FALSE,"KO_heat_up","hypoxia_anchored"
"IL2","REACTOME_SIGNALING_BY_INTERLEUKINS","Reactome",0.000499750124937531,0.00288370846890765,3.67351397313076e-05,2.65514947008222,TRUE,8,0.125,"GOMF_CYTOKINE_ACTIVITY",FALSE,"KO_heat_up","hypoxia_anchored"
"IL23A","REACTOME_SIGNALING_BY_INTERLEUKINS","Reactome",0.000499750124937531,0.00288370846890765,3.67351397313076e-05,2.65514947008222,TRUE,6,0.166666666666667,"GOMF_CYTOKINE_ACTIVITY",FALSE,"KO_heat_up","hypoxia_anchored"
"IL24","REACTOME_SIGNALING_BY_INTERLEUKINS","Reactome",0.000499750124937531,0.00288370846890765,3.67351397313076e-05,2.65514947008222,TRUE,2,0.5,"GOMF_CYTOKINE_ACTIVITY",FALSE,"KO_heat_up","hypoxia_anchored"
"IL3","REACTOME_SIGNALING_BY_INTERLEUKINS","Reactome",0.000499750124937531,0.00288370846890765,3.67351397313076e-05,2.65514947008222,TRUE,3,0.333333333333333,"GOMF_CYTOKINE_ACTIVITY",FALSE,"KO_heat_up","hypoxia_anchored"
"IL9","REACTOME_SIGNALING_BY_INTERLEUKINS","Reactome",0.000499750124937531,0.00288370846890765,3.67351397313076e-05,2.65514947008222,TRUE,3,0.333333333333333,"GOMF_CYTOKINE_ACTIVITY",FALSE,"KO_heat_up","hypoxia_anchored"
"PTPN5","REACTOME_SIGNALING_BY_INTERLEUKINS","Reactome",0.000499750124937531,0.00288370846890765,3.67351397313076e-05,2.65514947008222,TRUE,1,1,"REACTOME_SIGNALING_BY_INTERLEUKINS",TRUE,"KO_heat_up","hypoxia_anchored"
"SDC1","REACTOME_SIGNALING_BY_INTERLEUKINS","Reactome",0.000499750124937531,0.00288370846890765,3.67351397313076e-05,2.65514947008222,TRUE,5,0.2,"REACTOME_SIGNALING_BY_INTERLEUKINS",TRUE,"KO_heat_up","hypoxia_anchored"
"TIMP1","REACTOME_SIGNALING_BY_INTERLEUKINS","Reactome",0.000499750124937531,0.00288370846890765,3.67351397313076e-05,2.65514947008222,TRUE,10,0.1,"GOMF_CYTOKINE_ACTIVITY",FALSE,"KO_heat_up","hypoxia_anchored"
"AREG","REACTOME_EGFR_DOWNREGULATION","Reactome",0.000499750124937531,0.00841648156587522,0.000166852230794922,9.29536454693687,TRUE,6,0.166666666666667,"GOMF_CYTOKINE_ACTIVITY",FALSE,"KO_heat_up","hypoxia_anchored"
"EGFR","REACTOME_EGFR_DOWNREGULATION","Reactome",0.000499750124937531,0.00841648156587522,0.000166852230794922,9.29536454693687,TRUE,4,0.25,"REACTOME_EGFR_DOWNREGULATION",TRUE,"KO_heat_up","hypoxia_anchored"
"HBEGF","REACTOME_EGFR_DOWNREGULATION","Reactome",0.000499750124937531,0.00841648156587522,0.000166852230794922,9.29536454693687,TRUE,8,0.125,"HALLMARK_TNFA_SIGNALING_VIA_NFKB",FALSE,"KO_heat_up","hypoxia_anchored"
"SH3GL3","REACTOME_EGFR_DOWNREGULATION","Reactome",0.000499750124937531,0.00841648156587522,0.000166852230794922,9.29536454693687,TRUE,2,0.5,"REACTOME_NGF_STIMULATED_TRANSCRIPTION",FALSE,"KO_heat_up","hypoxia_anchored"
"SPRY1","REACTOME_EGFR_DOWNREGULATION","Reactome",0.000499750124937531,0.00841648156587522,0.000166852230794922,9.29536454693687,TRUE,1,1,"REACTOME_EGFR_DOWNREGULATION",TRUE,"KO_heat_up","hypoxia_anchored"
"ADAM8","REACTOME_EXTRACELLULAR_MATRIX_ORGANIZATION","Reactome",0.000499750124937531,0.00898862800333866,0.00022634485937872,3.16764364657752,TRUE,8,0.125,"GOBP_TAXIS",FALSE,"KO_heat_up","hypoxia_anchored"
"COL27A1","REACTOME_EXTRACELLULAR_MATRIX_ORGANIZATION","Reactome",0.000499750124937531,0.00898862800333866,0.00022634485937872,3.16764364657752,TRUE,1,1,"REACTOME_EXTRACELLULAR_MATRIX_ORGANIZATION",TRUE,"KO_heat_up","hypoxia_anchored"
"ITGA3","REACTOME_EXTRACELLULAR_MATRIX_ORGANIZATION","Reactome",0.000499750124937531,0.00898862800333866,0.00022634485937872,3.16764364657752,TRUE,1,1,"REACTOME_EXTRACELLULAR_MATRIX_ORGANIZATION",TRUE,"KO_heat_up","hypoxia_anchored"
"LAMC2","REACTOME_EXTRACELLULAR_MATRIX_ORGANIZATION","Reactome",0.000499750124937531,0.00898862800333866,0.00022634485937872,3.16764364657752,TRUE,2,0.5,"REACTOME_EXTRACELLULAR_MATRIX_ORGANIZATION",TRUE,"KO_heat_up","hypoxia_anchored"
"LTBP3","REACTOME_EXTRACELLULAR_MATRIX_ORGANIZATION","Reactome",0.000499750124937531,0.00898862800333866,0.00022634485937872,3.16764364657752,TRUE,4,0.25,"GOBP_TISSUE_REMODELING",FALSE,"KO_heat_up","hypoxia_anchored"
"P4HA2","REACTOME_EXTRACELLULAR_MATRIX_ORGANIZATION","Reactome",0.000499750124937531,0.00898862800333866,0.00022634485937872,3.16764364657752,TRUE,2,0.5,"REACTOME_EXTRACELLULAR_MATRIX_ORGANIZATION",TRUE,"KO_heat_up","hypoxia_anchored"
"PDGFA","REACTOME_EXTRACELLULAR_MATRIX_ORGANIZATION","Reactome",0.000499750124937531,0.00898862800333866,0.00022634485937872,3.16764364657752,TRUE,8,0.125,"GOBP_TAXIS",FALSE,"KO_heat_up","hypoxia_anchored"
"PDGFB","REACTOME_EXTRACELLULAR_MATRIX_ORGANIZATION","Reactome",0.000499750124937531,0.00898862800333866,0.00022634485937872,3.16764364657752,TRUE,8,0.125,"GOBP_TAXIS",FALSE,"KO_heat_up","hypoxia_anchored"
"SDC1","REACTOME_EXTRACELLULAR_MATRIX_ORGANIZATION","Reactome",0.000499750124937531,0.00898862800333866,0.00022634485937872,3.16764364657752,TRUE,5,0.2,"REACTOME_SIGNALING_BY_INTERLEUKINS",FALSE,"KO_heat_up","hypoxia_anchored"
"SDC4","REACTOME_EXTRACELLULAR_MATRIX_ORGANIZATION","Reactome",0.000499750124937531,0.00898862800333866,0.00022634485937872,3.16764364657752,TRUE,5,0.2,"HALLMARK_TNFA_SIGNALING_VIA_NFKB",FALSE,"KO_heat_up","hypoxia_anchored"
"SERPINE1","REACTOME_EXTRACELLULAR_MATRIX_ORGANIZATION","Reactome",0.000499750124937531,0.00898862800333866,0.00022634485937872,3.16764364657752,TRUE,11,0.0909090909090909,"HALLMARK_TNFA_SIGNALING_VIA_NFKB",FALSE,"KO_heat_up","hypoxia_anchored"
"SPP1","REACTOME_EXTRACELLULAR_MATRIX_ORGANIZATION","Reactome",0.000499750124937531,0.00898862800333866,0.00022634485937872,3.16764364657752,TRUE,8,0.125,"GOMF_CYTOKINE_ACTIVITY",FALSE,"KO_heat_up","hypoxia_anchored"
"TIMP1","REACTOME_EXTRACELLULAR_MATRIX_ORGANIZATION","Reactome",0.000499750124937531,0.00898862800333866,0.00022634485937872,3.16764364657752,TRUE,10,0.1,"GOMF_CYTOKINE_ACTIVITY",FALSE,"KO_heat_up","hypoxia_anchored"
"AREG","REACTOME_PI3K_AKT_SIGNALING_IN_CANCER","Reactome",0.000499750124937531,0.010713579676676,0.000295703897657723,4.66929940032178,TRUE,6,0.166666666666667,"GOMF_CYTOKINE_ACTIVITY",FALSE,"KO_heat_up","hypoxia_anchored"
"CD80","REACTOME_PI3K_AKT_SIGNALING_IN_CANCER","Reactome",0.000499750124937531,0.010713579676676,0.000295703897657723,4.66929940032178,TRUE,5,0.2,"HALLMARK_TNFA_SIGNALING_VIA_NFKB",FALSE,"KO_heat_up","hypoxia_anchored"
"CDKN1A","REACTOME_PI3K_AKT_SIGNALING_IN_CANCER","Reactome",0.000499750124937531,0.010713579676676,0.000295703897657723,4.66929940032178,TRUE,6,0.166666666666667,"HALLMARK_TNFA_SIGNALING_VIA_NFKB",FALSE,"KO_heat_up","hypoxia_anchored"
"EGFR","REACTOME_PI3K_AKT_SIGNALING_IN_CANCER","Reactome",0.000499750124937531,0.010713579676676,0.000295703897657723,4.66929940032178,TRUE,4,0.25,"REACTOME_EGFR_DOWNREGULATION",FALSE,"KO_heat_up","hypoxia_anchored"
"HBEGF","REACTOME_PI3K_AKT_SIGNALING_IN_CANCER","Reactome",0.000499750124937531,0.010713579676676,0.000295703897657723,4.66929940032178,TRUE,8,0.125,"HALLMARK_TNFA_SIGNALING_VIA_NFKB",FALSE,"KO_heat_up","hypoxia_anchored"
"NR4A1","REACTOME_PI3K_AKT_SIGNALING_IN_CANCER","Reactome",0.000499750124937531,0.010713579676676,0.000295703897657723,4.66929940032178,TRUE,3,0.333333333333333,"HALLMARK_TNFA_SIGNALING_VIA_NFKB",FALSE,"KO_heat_up","hypoxia_anchored"
"PDGFA","REACTOME_PI3K_AKT_SIGNALING_IN_CANCER","Reactome",0.000499750124937531,0.010713579676676,0.000295703897657723,4.66929940032178,TRUE,8,0.125,"GOBP_TAXIS",FALSE,"KO_heat_up","hypoxia_anchored"
"PDGFB","REACTOME_PI3K_AKT_SIGNALING_IN_CANCER","Reactome",0.000499750124937531,0.010713579676676,0.000295703897657723,4.66929940032178,TRUE,8,0.125,"GOBP_TAXIS",FALSE,"KO_heat_up","hypoxia_anchored"
"HAVCR1","REACTOME_ATTACHMENT_AND_ENTRY","Reactome",0.00149925037481259,0.0414384436435143,0.00149565507842833,12.5487421383648,TRUE,1,1,"REACTOME_ATTACHMENT_AND_ENTRY",TRUE,"KO_heat_up","hypoxia_anchored"
"SDC1","REACTOME_ATTACHMENT_AND_ENTRY","Reactome",0.00149925037481259,0.0414384436435143,0.00149565507842833,12.5487421383648,TRUE,5,0.2,"REACTOME_SIGNALING_BY_INTERLEUKINS",FALSE,"KO_heat_up","hypoxia_anchored"
"SDC4","REACTOME_ATTACHMENT_AND_ENTRY","Reactome",0.00149925037481259,0.0414384436435143,0.00149565507842833,12.5487421383648,TRUE,5,0.2,"HALLMARK_TNFA_SIGNALING_VIA_NFKB",FALSE,"KO_heat_up","hypoxia_anchored"
"ADAM8","GOBP_RESPONSE_TO_OXYGEN_LEVELS","GO_BP",NA,NA,NA,NA,FALSE,8,0.125,"GOBP_TAXIS",FALSE,"KO_heat_up","hypoxia_anchored"
"AK4","GOBP_RESPONSE_TO_OXYGEN_LEVELS","GO_BP",NA,NA,NA,NA,FALSE,3,0.333333333333333,"HALLMARK_HYPOXIA",FALSE,"KO_heat_up","hypoxia_anchored"
"EGR1","GOBP_RESPONSE_TO_OXYGEN_LEVELS","GO_BP",NA,NA,NA,NA,FALSE,3,0.333333333333333,"HALLMARK_TNFA_SIGNALING_VIA_NFKB",FALSE,"KO_heat_up","hypoxia_anchored"
"FOSL2","GOBP_RESPONSE_TO_OXYGEN_LEVELS","GO_BP",NA,NA,NA,NA,FALSE,4,0.25,"HALLMARK_TNFA_SIGNALING_VIA_NFKB",FALSE,"KO_heat_up","hypoxia_anchored"
"HK2","GOBP_RESPONSE_TO_OXYGEN_LEVELS","GO_BP",NA,NA,NA,NA,FALSE,3,0.333333333333333,"HALLMARK_HYPOXIA",FALSE,"KO_heat_up","hypoxia_anchored"
"INHBA","GOBP_RESPONSE_TO_OXYGEN_LEVELS","GO_BP",NA,NA,NA,NA,FALSE,9,0.111111111111111,"GOMF_CYTOKINE_ACTIVITY",FALSE,"KO_heat_up","hypoxia_anchored"
"LTA","GOBP_RESPONSE_TO_OXYGEN_LEVELS","GO_BP",NA,NA,NA,NA,FALSE,6,0.166666666666667,"GOMF_CYTOKINE_ACTIVITY",FALSE,"KO_heat_up","hypoxia_anchored"
"NPPC","GOBP_RESPONSE_TO_OXYGEN_LEVELS","GO_BP",NA,NA,NA,NA,FALSE,2,0.5,"GOBP_TISSUE_REMODELING",FALSE,"KO_heat_up","hypoxia_anchored"
"NR4A2","GOBP_RESPONSE_TO_OXYGEN_LEVELS","GO_BP",NA,NA,NA,NA,FALSE,2,0.5,"HALLMARK_TNFA_SIGNALING_VIA_NFKB",FALSE,"KO_heat_up","hypoxia_anchored"
"PAK1","GOBP_RESPONSE_TO_OXYGEN_LEVELS","GO_BP",NA,NA,NA,NA,FALSE,1,1,"GOBP_RESPONSE_TO_OXYGEN_LEVELS",TRUE,"KO_heat_up","hypoxia_anchored"
"SLC2A1","GOBP_RESPONSE_TO_OXYGEN_LEVELS","GO_BP",NA,NA,NA,NA,FALSE,2,0.5,"HALLMARK_HYPOXIA",FALSE,"KO_heat_up","hypoxia_anchored"
"ADAM8","GOBP_CELLULAR_RESPONSE_TO_OXYGEN_LEVELS","GO_BP",NA,NA,NA,NA,FALSE,8,0.125,"GOBP_TAXIS",FALSE,"KO_heat_up","hypoxia_anchored"
"AK4","GOBP_CELLULAR_RESPONSE_TO_OXYGEN_LEVELS","GO_BP",NA,NA,NA,NA,FALSE,3,0.333333333333333,"HALLMARK_HYPOXIA",FALSE,"KO_heat_up","hypoxia_anchored"
"INHBA","GOBP_CELLULAR_RESPONSE_TO_OXYGEN_LEVELS","GO_BP",NA,NA,NA,NA,FALSE,9,0.111111111111111,"GOMF_CYTOKINE_ACTIVITY",FALSE,"KO_heat_up","hypoxia_anchored"
"ACTBL2","not claimed by any selected set","not claimed by any selected set",NA,NA,NA,NA,NA,0,1,"not claimed by any selected set",TRUE,"KO_heat_up","hypoxia_anchored"
"ADCY4","not claimed by any selected set","not claimed by any selected set",NA,NA,NA,NA,NA,0,1,"not claimed by any selected set",TRUE,"KO_heat_up","hypoxia_anchored"
"ALDH1L2","not claimed by any selected set","not claimed by any selected set",NA,NA,NA,NA,NA,0,1,"not claimed by any selected set",TRUE,"KO_heat_up","hypoxia_anchored"
"ANKRD33B","not claimed by any selected set","not claimed by any selected set",NA,NA,NA,NA,NA,0,1,"not claimed by any selected set",TRUE,"KO_heat_up","hypoxia_anchored"
"ANKRD37","not claimed by any selected set","not claimed by any selected set",NA,NA,NA,NA,NA,0,1,"not claimed by any selected set",TRUE,"KO_heat_up","hypoxia_anchored"
"ARHGEF25","not claimed by any selected set","not claimed by any selected set",NA,NA,NA,NA,NA,0,1,"not claimed by any selected set",TRUE,"KO_heat_up","hypoxia_anchored"
"ARID3A","not claimed by any selected set","not claimed by any selected set",NA,NA,NA,NA,NA,0,1,"not claimed by any selected set",TRUE,"KO_heat_up","hypoxia_anchored"
"ASB2","not claimed by any selected set","not claimed by any selected set",NA,NA,NA,NA,NA,0,1,"not claimed by any selected set",TRUE,"KO_heat_up","hypoxia_anchored"
"B3GNT5","not claimed by any selected set","not claimed by any selected set",NA,NA,NA,NA,NA,0,1,"not claimed by any selected set",TRUE,"KO_heat_up","hypoxia_anchored"
"BCAM","not claimed by any selected set","not claimed by any selected set",NA,NA,NA,NA,NA,0,1,"not claimed by any selected set",TRUE,"KO_heat_up","hypoxia_anchored"
"BSPRY","not claimed by any selected set","not claimed by any selected set",NA,NA,NA,NA,NA,0,1,"not claimed by any selected set",TRUE,"KO_heat_up","hypoxia_anchored"
"C11orf86","not claimed by any selected set","not claimed by any selected set",NA,NA,NA,NA,NA,0,1,"not claimed by any selected set",TRUE,"KO_heat_up","hypoxia_anchored"
"C15orf48","not claimed by any selected set","not claimed by any selected set",NA,NA,NA,NA,NA,0,1,"not claimed by any selected set",TRUE,"KO_heat_up","hypoxia_anchored"
"C22orf15","not claimed by any selected set","not claimed by any selected set",NA,NA,NA,NA,NA,0,1,"not claimed by any selected set",TRUE,"KO_heat_up","hypoxia_anchored"
"CARD10","not claimed by any selected set","not claimed by any selected set",NA,NA,NA,NA,NA,0,1,"not claimed by any selected set",TRUE,"KO_heat_up","hypoxia_anchored"
"CASZ1","not claimed by any selected set","not claimed by any selected set",NA,NA,NA,NA,NA,0,1,"not claimed by any selected set",TRUE,"KO_heat_up","hypoxia_anchored"
"CCDC184","not claimed by any selected set","not claimed by any selected set",NA,NA,NA,NA,NA,0,1,"not claimed by any selected set",TRUE,"KO_heat_up","hypoxia_anchored"
"CD53","not claimed by any selected set","not claimed by any selected set",NA,NA,NA,NA,NA,0,1,"not claimed by any selected set",TRUE,"KO_heat_up","hypoxia_anchored"
"CLDN4","not claimed by any selected set","not claimed by any selected set",NA,NA,NA,NA,NA,0,1,"not claimed by any selected set",TRUE,"KO_heat_up","hypoxia_anchored"
"CRABP2","not claimed by any selected set","not claimed by any selected set",NA,NA,NA,NA,NA,0,1,"not claimed by any selected set",TRUE,"KO_heat_up","hypoxia_anchored"
"CSGALNACT1","not claimed by any selected set","not claimed by any selected set",NA,NA,NA,NA,NA,0,1,"not claimed by any selected set",TRUE,"KO_heat_up","hypoxia_anchored"
"CTH","not claimed by any selected set","not claimed by any selected set",NA,NA,NA,NA,NA,0,1,"not claimed by any selected set",TRUE,"KO_heat_up","hypoxia_anchored"
"CYSTM1","not claimed by any selected set","not claimed by any selected set",NA,NA,NA,NA,NA,0,1,"not claimed by any selected set",TRUE,"KO_heat_up","hypoxia_anchored"
"DENND3","not claimed by any selected set","not claimed by any selected set",NA,NA,NA,NA,NA,0,1,"not claimed by any selected set",TRUE,"KO_heat_up","hypoxia_anchored"
"DMWD","not claimed by any selected set","not claimed by any selected set",NA,NA,NA,NA,NA,0,1,"not claimed by any selected set",TRUE,"KO_heat_up","hypoxia_anchored"
"DNAH7","not claimed by any selected set","not claimed by any selected set",NA,NA,NA,NA,NA,0,1,"not claimed by any selected set",TRUE,"KO_heat_up","hypoxia_anchored"
"EBF1","not claimed by any selected set","not claimed by any selected set",NA,NA,NA,NA,NA,0,1,"not claimed by any selected set",TRUE,"KO_heat_up","hypoxia_anchored"
"EHD2","not claimed by any selected set","not claimed by any selected set",NA,NA,NA,NA,NA,0,1,"not claimed by any selected set",TRUE,"KO_heat_up","hypoxia_anchored"
"EPCAM","not claimed by any selected set","not claimed by any selected set",NA,NA,NA,NA,NA,0,1,"not claimed by any selected set",TRUE,"KO_heat_up","hypoxia_anchored"
"EPN2","not claimed by any selected set","not claimed by any selected set",NA,NA,NA,NA,NA,0,1,"not claimed by any selected set",TRUE,"KO_heat_up","hypoxia_anchored"
"ESYT3","not claimed by any selected set","not claimed by any selected set",NA,NA,NA,NA,NA,0,1,"not claimed by any selected set",TRUE,"KO_heat_up","hypoxia_anchored"
"FAM110C","not claimed by any selected set","not claimed by any selected set",NA,NA,NA,NA,NA,0,1,"not claimed by any selected set",TRUE,"KO_heat_up","hypoxia_anchored"
"FAM43A","not claimed by any selected set","not claimed by any selected set",NA,NA,NA,NA,NA,0,1,"not claimed by any selected set",TRUE,"KO_heat_up","hypoxia_anchored"
"FAM83G","not claimed by any selected set","not claimed by any selected set",NA,NA,NA,NA,NA,0,1,"not claimed by any selected set",TRUE,"KO_heat_up","hypoxia_anchored"
"FAT2","not claimed by any selected set","not claimed by any selected set",NA,NA,NA,NA,NA,0,1,"not claimed by any selected set",TRUE,"KO_heat_up","hypoxia_anchored"
"GATM","not claimed by any selected set","not claimed by any selected set",NA,NA,NA,NA,NA,0,1,"not claimed by any selected set",TRUE,"KO_heat_up","hypoxia_anchored"
"GFI1","not claimed by any selected set","not claimed by any selected set",NA,NA,NA,NA,NA,0,1,"not claimed by any selected set",TRUE,"KO_heat_up","hypoxia_anchored"
"GPAT3","not claimed by any selected set","not claimed by any selected set",NA,NA,NA,NA,NA,0,1,"not claimed by any selected set",TRUE,"KO_heat_up","hypoxia_anchored"
"GPRC5A","not claimed by any selected set","not claimed by any selected set",NA,NA,NA,NA,NA,0,1,"not claimed by any selected set",TRUE,"KO_heat_up","hypoxia_anchored"
"GPRIN2","not claimed by any selected set","not claimed by any selected set",NA,NA,NA,NA,NA,0,1,"not claimed by any selected set",TRUE,"KO_heat_up","hypoxia_anchored"
"HIC1","not claimed by any selected set","not claimed by any selected set",NA,NA,NA,NA,NA,0,1,"not claimed by any selected set",TRUE,"KO_heat_up","hypoxia_anchored"
"HSPH1","not claimed by any selected set","not claimed by any selected set",NA,NA,NA,NA,NA,0,1,"not claimed by any selected set",TRUE,"KO_heat_up","hypoxia_anchored"
"IDI2","not claimed by any selected set","not claimed by any selected set",NA,NA,NA,NA,NA,0,1,"not claimed by any selected set",TRUE,"KO_heat_up","hypoxia_anchored"
"IGF2BP2","not claimed by any selected set","not claimed by any selected set",NA,NA,NA,NA,NA,0,1,"not claimed by any selected set",TRUE,"KO_heat_up","hypoxia_anchored"
"IGKC","not claimed by any selected set","not claimed by any selected set",NA,NA,NA,NA,NA,0,1,"not claimed by any selected set",TRUE,"KO_heat_up","hypoxia_anchored"
"ILDR1","not claimed by any selected set","not claimed by any selected set",NA,NA,NA,NA,NA,0,1,"not claimed by any selected set",TRUE,"KO_heat_up","hypoxia_anchored"
"KLF5","not claimed by any selected set","not claimed by any selected set",NA,NA,NA,NA,NA,0,1,"not claimed by any selected set",TRUE,"KO_heat_up","hypoxia_anchored"
"LST1","not claimed by any selected set","not claimed by any selected set",NA,NA,NA,NA,NA,0,1,"not claimed by any selected set",TRUE,"KO_heat_up","hypoxia_anchored"
"LZTS3","not claimed by any selected set","not claimed by any selected set",NA,NA,NA,NA,NA,0,1,"not claimed by any selected set",TRUE,"KO_heat_up","hypoxia_anchored"
"MAPK12","not claimed by any selected set","not claimed by any selected set",NA,NA,NA,NA,NA,0,1,"not claimed by any selected set",TRUE,"KO_heat_up","hypoxia_anchored"
"MCF2L","not claimed by any selected set","not claimed by any selected set",NA,NA,NA,NA,NA,0,1,"not claimed by any selected set",TRUE,"KO_heat_up","hypoxia_anchored"
"MOCOS","not claimed by any selected set","not claimed by any selected set",NA,NA,NA,NA,NA,0,1,"not claimed by any selected set",TRUE,"KO_heat_up","hypoxia_anchored"
"MST1R","not claimed by any selected set","not claimed by any selected set",NA,NA,NA,NA,NA,0,1,"not claimed by any selected set",TRUE,"KO_heat_up","hypoxia_anchored"
"MYO16","not claimed by any selected set","not claimed by any selected set",NA,NA,NA,NA,NA,0,1,"not claimed by any selected set",TRUE,"KO_heat_up","hypoxia_anchored"
"NEB","not claimed by any selected set","not claimed by any selected set",NA,NA,NA,NA,NA,0,1,"not claimed by any selected set",TRUE,"KO_heat_up","hypoxia_anchored"
"NOTCH3","not claimed by any selected set","not claimed by any selected set",NA,NA,NA,NA,NA,0,1,"not claimed by any selected set",TRUE,"KO_heat_up","hypoxia_anchored"
"NRBP2","not claimed by any selected set","not claimed by any selected set",NA,NA,NA,NA,NA,0,1,"not claimed by any selected set",TRUE,"KO_heat_up","hypoxia_anchored"
"OAF","not claimed by any selected set","not claimed by any selected set",NA,NA,NA,NA,NA,0,1,"not claimed by any selected set",TRUE,"KO_heat_up","hypoxia_anchored"
"OPHN1","not claimed by any selected set","not claimed by any selected set",NA,NA,NA,NA,NA,0,1,"not claimed by any selected set",TRUE,"KO_heat_up","hypoxia_anchored"
"PDZK1IP1","not claimed by any selected set","not claimed by any selected set",NA,NA,NA,NA,NA,0,1,"not claimed by any selected set",TRUE,"KO_heat_up","hypoxia_anchored"
"PKIB","not claimed by any selected set","not claimed by any selected set",NA,NA,NA,NA,NA,0,1,"not claimed by any selected set",TRUE,"KO_heat_up","hypoxia_anchored"
"PLA1A","not claimed by any selected set","not claimed by any selected set",NA,NA,NA,NA,NA,0,1,"not claimed by any selected set",TRUE,"KO_heat_up","hypoxia_anchored"
"PLA2G4C","not claimed by any selected set","not claimed by any selected set",NA,NA,NA,NA,NA,0,1,"not claimed by any selected set",TRUE,"KO_heat_up","hypoxia_anchored"
"PPEF1","not claimed by any selected set","not claimed by any selected set",NA,NA,NA,NA,NA,0,1,"not claimed by any selected set",TRUE,"KO_heat_up","hypoxia_anchored"
"PPL","not claimed by any selected set","not claimed by any selected set",NA,NA,NA,NA,NA,0,1,"not claimed by any selected set",TRUE,"KO_heat_up","hypoxia_anchored"
"PXDC1","not claimed by any selected set","not claimed by any selected set",NA,NA,NA,NA,NA,0,1,"not claimed by any selected set",TRUE,"KO_heat_up","hypoxia_anchored"
"RAB34","not claimed by any selected set","not claimed by any selected set",NA,NA,NA,NA,NA,0,1,"not claimed by any selected set",TRUE,"KO_heat_up","hypoxia_anchored"
"RHBDL3","not claimed by any selected set","not claimed by any selected set",NA,NA,NA,NA,NA,0,1,"not claimed by any selected set",TRUE,"KO_heat_up","hypoxia_anchored"
"RIPK4","not claimed by any selected set","not claimed by any selected set",NA,NA,NA,NA,NA,0,1,"not claimed by any selected set",TRUE,"KO_heat_up","hypoxia_anchored"
"RNF152","not claimed by any selected set","not claimed by any selected set",NA,NA,NA,NA,NA,0,1,"not claimed by any selected set",TRUE,"KO_heat_up","hypoxia_anchored"
"SAMD4A","not claimed by any selected set","not claimed by any selected set",NA,NA,NA,NA,NA,0,1,"not claimed by any selected set",TRUE,"KO_heat_up","hypoxia_anchored"
"SH3PXD2B","not claimed by any selected set","not claimed by any selected set",NA,NA,NA,NA,NA,0,1,"not claimed by any selected set",TRUE,"KO_heat_up","hypoxia_anchored"
"SLC13A3","not claimed by any selected set","not claimed by any selected set",NA,NA,NA,NA,NA,0,1,"not claimed by any selected set",TRUE,"KO_heat_up","hypoxia_anchored"
"SLC41A1","not claimed by any selected set","not claimed by any selected set",NA,NA,NA,NA,NA,0,1,"not claimed by any selected set",TRUE,"KO_heat_up","hypoxia_anchored"
"SLC4A11","not claimed by any selected set","not claimed by any selected set",NA,NA,NA,NA,NA,0,1,"not claimed by any selected set",TRUE,"KO_heat_up","hypoxia_anchored"
"SPINT1","not claimed by any selected set","not claimed by any selected set",NA,NA,NA,NA,NA,0,1,"not claimed by any selected set",TRUE,"KO_heat_up","hypoxia_anchored"
"SRXN1","not claimed by any selected set","not claimed by any selected set",NA,NA,NA,NA,NA,0,1,"not claimed by any selected set",TRUE,"KO_heat_up","hypoxia_anchored"
"SSPOP","not claimed by any selected set","not claimed by any selected set",NA,NA,NA,NA,NA,0,1,"not claimed by any selected set",TRUE,"KO_heat_up","hypoxia_anchored"
"SYT15","not claimed by any selected set","not claimed by any selected set",NA,NA,NA,NA,NA,0,1,"not claimed by any selected set",TRUE,"KO_heat_up","hypoxia_anchored"
"TANC2","not claimed by any selected set","not claimed by any selected set",NA,NA,NA,NA,NA,0,1,"not claimed by any selected set",TRUE,"KO_heat_up","hypoxia_anchored"
"TEX15","not claimed by any selected set","not claimed by any selected set",NA,NA,NA,NA,NA,0,1,"not claimed by any selected set",TRUE,"KO_heat_up","hypoxia_anchored"
"TGM1","not claimed by any selected set","not claimed by any selected set",NA,NA,NA,NA,NA,0,1,"not claimed by any selected set",TRUE,"KO_heat_up","hypoxia_anchored"
"TMEFF2","not claimed by any selected set","not claimed by any selected set",NA,NA,NA,NA,NA,0,1,"not claimed by any selected set",TRUE,"KO_heat_up","hypoxia_anchored"
"TMEM125","not claimed by any selected set","not claimed by any selected set",NA,NA,NA,NA,NA,0,1,"not claimed by any selected set",TRUE,"KO_heat_up","hypoxia_anchored"
"TMEM205","not claimed by any selected set","not claimed by any selected set",NA,NA,NA,NA,NA,0,1,"not claimed by any selected set",TRUE,"KO_heat_up","hypoxia_anchored"
"TP73","not claimed by any selected set","not claimed by any selected set",NA,NA,NA,NA,NA,0,1,"not claimed by any selected set",TRUE,"KO_heat_up","hypoxia_anchored"
"TRPM6","not claimed by any selected set","not claimed by any selected set",NA,NA,NA,NA,NA,0,1,"not claimed by any selected set",TRUE,"KO_heat_up","hypoxia_anchored"
"TTC39C","not claimed by any selected set","not claimed by any selected set",NA,NA,NA,NA,NA,0,1,"not claimed by any selected set",TRUE,"KO_heat_up","hypoxia_anchored"
"TTYH1","not claimed by any selected set","not claimed by any selected set",NA,NA,NA,NA,NA,0,1,"not claimed by any selected set",TRUE,"KO_heat_up","hypoxia_anchored"
"UAP1","not claimed by any selected set","not claimed by any selected set",NA,NA,NA,NA,NA,0,1,"not claimed by any selected set",TRUE,"KO_heat_up","hypoxia_anchored"
"VILL","not claimed by any selected set","not claimed by any selected set",NA,NA,NA,NA,NA,0,1,"not claimed by any selected set",TRUE,"KO_heat_up","hypoxia_anchored"
"ZBTB32","not claimed by any selected set","not claimed by any selected set",NA,NA,NA,NA,NA,0,1,"not claimed by any selected set",TRUE,"KO_heat_up","hypoxia_anchored"
"ZBTB46","not claimed by any selected set","not claimed by any selected set",NA,NA,NA,NA,NA,0,1,"not claimed by any selected set",TRUE,"KO_heat_up","hypoxia_anchored"
"ZNF583","not claimed by any selected set","not claimed by any selected set",NA,NA,NA,NA,NA,0,1,"not claimed by any selected set",TRUE,"KO_heat_up","hypoxia_anchored"
"IFI16","GOBP_DEFENSE_RESPONSE_TO_VIRUS","GO_BP",0.000499750124937531,1.42544431519692e-07,1.04047030306345e-09,36.7674418604651,TRUE,6,0.166666666666667,"GOBP_DEFENSE_RESPONSE_TO_VIRUS",TRUE,"Interaction_up","unpinned"
"IFIT1B","GOBP_DEFENSE_RESPONSE_TO_VIRUS","GO_BP",0.000499750124937531,1.42544431519692e-07,1.04047030306345e-09,36.7674418604651,TRUE,3,0.333333333333333,"GOBP_DEFENSE_RESPONSE_TO_VIRUS",TRUE,"Interaction_up","unpinned"
"IRF7","GOBP_DEFENSE_RESPONSE_TO_VIRUS","GO_BP",0.000499750124937531,1.42544431519692e-07,1.04047030306345e-09,36.7674418604651,TRUE,5,0.2,"GOBP_DEFENSE_RESPONSE_TO_VIRUS",TRUE,"Interaction_up","unpinned"
"MX1","GOBP_DEFENSE_RESPONSE_TO_VIRUS","GO_BP",0.000499750124937531,1.42544431519692e-07,1.04047030306345e-09,36.7674418604651,TRUE,5,0.2,"GOBP_DEFENSE_RESPONSE_TO_VIRUS",TRUE,"Interaction_up","unpinned"
"RTP4","GOBP_DEFENSE_RESPONSE_TO_VIRUS","GO_BP",0.000499750124937531,1.42544431519692e-07,1.04047030306345e-09,36.7674418604651,TRUE,2,0.5,"GOBP_DEFENSE_RESPONSE_TO_VIRUS",TRUE,"Interaction_up","unpinned"
"TRIM5","GOBP_DEFENSE_RESPONSE_TO_VIRUS","GO_BP",0.000499750124937531,1.42544431519692e-07,1.04047030306345e-09,36.7674418604651,TRUE,4,0.25,"GOBP_DEFENSE_RESPONSE_TO_VIRUS",TRUE,"Interaction_up","unpinned"
"IFI16","GOBP_NEGATIVE_REGULATION_OF_VIRAL_PROCESS","GO_BP",0.000499750124937531,0.000150431298142195,5.49019336285383e-06,77.7540983606557,TRUE,6,0.166666666666667,"GOBP_DEFENSE_RESPONSE_TO_VIRUS",FALSE,"Interaction_up","unpinned"
"IFIT1B","GOBP_NEGATIVE_REGULATION_OF_VIRAL_PROCESS","GO_BP",0.000499750124937531,0.000150431298142195,5.49019336285383e-06,77.7540983606557,TRUE,3,0.333333333333333,"GOBP_DEFENSE_RESPONSE_TO_VIRUS",FALSE,"Interaction_up","unpinned"
"MX1","GOBP_NEGATIVE_REGULATION_OF_VIRAL_PROCESS","GO_BP",0.000499750124937531,0.000150431298142195,5.49019336285383e-06,77.7540983606557,TRUE,5,0.2,"GOBP_DEFENSE_RESPONSE_TO_VIRUS",FALSE,"Interaction_up","unpinned"
"IFI16","GOBP_REGULATION_OF_VIRAL_LIFE_CYCLE","GO_BP",0.000499750124937531,0.000405985211959114,1.77803742463845e-05,52.7,TRUE,6,0.166666666666667,"GOBP_DEFENSE_RESPONSE_TO_VIRUS",FALSE,"Interaction_up","unpinned"
"MX1","GOBP_REGULATION_OF_VIRAL_LIFE_CYCLE","GO_BP",0.000499750124937531,0.000405985211959114,1.77803742463845e-05,52.7,TRUE,5,0.2,"GOBP_DEFENSE_RESPONSE_TO_VIRUS",FALSE,"Interaction_up","unpinned"
"TRIM5","GOBP_REGULATION_OF_VIRAL_LIFE_CYCLE","GO_BP",0.000499750124937531,0.000405985211959114,1.77803742463845e-05,52.7,TRUE,4,0.25,"GOBP_DEFENSE_RESPONSE_TO_VIRUS",FALSE,"Interaction_up","unpinned"
"IFI16","GOBP_MONOCYTE_DIFFERENTIATION","GO_BP",0.000499750124937531,0.00351096866598556,0.000179392559575905,95.8181818181818,TRUE,6,0.166666666666667,"GOBP_DEFENSE_RESPONSE_TO_VIRUS",FALSE,"Interaction_up","unpinned"
"IRF7","GOBP_MONOCYTE_DIFFERENTIATION","GO_BP",0.000499750124937531,0.00351096866598556,0.000179392559575905,95.8181818181818,TRUE,5,0.2,"GOBP_DEFENSE_RESPONSE_TO_VIRUS",FALSE,"Interaction_up","unpinned"
"IFI16","GOBP_RESPONSE_TO_INTERFERON_BETA","GO_BP",0.000999500249875062,0.0036622560332995,0.000213854366908,87.8333333333333,TRUE,6,0.166666666666667,"GOBP_DEFENSE_RESPONSE_TO_VIRUS",FALSE,"Interaction_up","unpinned"
"XAF1","GOBP_RESPONSE_TO_INTERFERON_BETA","GO_BP",0.000999500249875062,0.0036622560332995,0.000213854366908,87.8333333333333,TRUE,3,0.333333333333333,"REACTOME_INTERFERON_ALPHA_BETA_SIGNALING",FALSE,"Interaction_up","unpinned"
"IRF7","GOBP_MACROPHAGE_APOPTOTIC_PROCESS","GO_BP",0.000999500249875062,0.0375838449558217,0.00630969659842262,158.1,TRUE,5,0.2,"GOBP_DEFENSE_RESPONSE_TO_VIRUS",FALSE,"Interaction_up","unpinned"
"MX1","GOBP_SYNAPTIC_VESICLE_BUDDING","GO_BP",0.00199900049975012,0.0375838449558217,0.00630969659842262,158.1,TRUE,5,0.2,"GOBP_DEFENSE_RESPONSE_TO_VIRUS",FALSE,"Interaction_up","unpinned"
"TRIM5","GOBP_HOST_MEDIATED_SUPPRESSION_OF_SYMBIONT_INVASION","GO_BP",0.00599700149925037,0.0443600301893172,0.0100791099826283,98.8125,TRUE,4,0.25,"GOBP_DEFENSE_RESPONSE_TO_VIRUS",FALSE,"Interaction_up","unpinned"
"RTP4","GOBP_SENSORY_PERCEPTION_OF_TASTE","GO_BP",0.0169915042478761,0.04762883980417,0.0132109190697698,75.2857142857143,TRUE,2,0.5,"GOBP_DEFENSE_RESPONSE_TO_VIRUS",FALSE,"Interaction_up","unpinned"
"IFIT1B","GOMF_MOLECULAR_SEQUESTERING_ACTIVITY","GO_MF",0.000499750124937531,0.00503176784485814,0.000559085316095349,52.7397260273973,TRUE,3,0.333333333333333,"GOBP_DEFENSE_RESPONSE_TO_VIRUS",FALSE,"Interaction_up","unpinned"
"XAF1","GOMF_MOLECULAR_SEQUESTERING_ACTIVITY","GO_MF",0.000499750124937531,0.00503176784485814,0.000559085316095349,52.7397260273973,TRUE,3,0.333333333333333,"REACTOME_INTERFERON_ALPHA_BETA_SIGNALING",FALSE,"Interaction_up","unpinned"
"IRF7","REACTOME_INTERFERON_ALPHA_BETA_SIGNALING","Reactome",0.000499750124937531,4.15922712985638e-05,3.798061815451e-06,81.1627118644068,TRUE,5,0.2,"GOBP_DEFENSE_RESPONSE_TO_VIRUS",FALSE,"Interaction_up","unpinned"
"MX1","REACTOME_INTERFERON_ALPHA_BETA_SIGNALING","Reactome",0.000499750124937531,4.15922712985638e-05,3.798061815451e-06,81.1627118644068,TRUE,5,0.2,"GOBP_DEFENSE_RESPONSE_TO_VIRUS",FALSE,"Interaction_up","unpinned"
"XAF1","REACTOME_INTERFERON_ALPHA_BETA_SIGNALING","Reactome",0.000499750124937531,4.15922712985638e-05,3.798061815451e-06,81.1627118644068,TRUE,3,0.333333333333333,"REACTOME_INTERFERON_ALPHA_BETA_SIGNALING",TRUE,"Interaction_up","unpinned"
"IRF7","REACTOME_INTERFERON_GAMMA_SIGNALING","Reactome",0.00199900049975012,0.00498215902111539,0.000948982670688646,40.4101265822785,TRUE,5,0.2,"GOBP_DEFENSE_RESPONSE_TO_VIRUS",FALSE,"Interaction_up","unpinned"
"TRIM5","REACTOME_INTERFERON_GAMMA_SIGNALING","Reactome",0.00199900049975012,0.00498215902111539,0.000948982670688646,40.4101265822785,TRUE,4,0.25,"GOBP_DEFENSE_RESPONSE_TO_VIRUS",FALSE,"Interaction_up","unpinned"
"IFI16","REACTOME_IRF3_MEDIATED_INDUCTION_OF_TYPE_I_IFN","Reactome",0.00199900049975012,0.0196652384580786,0.00687411487205336,145.109090909091,TRUE,6,0.166666666666667,"GOBP_DEFENSE_RESPONSE_TO_VIRUS",FALSE,"Interaction_up","unpinned"
"IFI16","GOBP_DEFENSE_RESPONSE_TO_VIRUS","GO_BP",0.000499750124937531,1.42544431519692e-07,1.04047030306345e-09,36.7674418604651,TRUE,6,0.166666666666667,"GOBP_DEFENSE_RESPONSE_TO_VIRUS",TRUE,"Interaction_up","hypoxia_anchored"
"IFIT1B","GOBP_DEFENSE_RESPONSE_TO_VIRUS","GO_BP",0.000499750124937531,1.42544431519692e-07,1.04047030306345e-09,36.7674418604651,TRUE,3,0.333333333333333,"GOBP_DEFENSE_RESPONSE_TO_VIRUS",TRUE,"Interaction_up","hypoxia_anchored"
"IRF7","GOBP_DEFENSE_RESPONSE_TO_VIRUS","GO_BP",0.000499750124937531,1.42544431519692e-07,1.04047030306345e-09,36.7674418604651,TRUE,5,0.2,"GOBP_DEFENSE_RESPONSE_TO_VIRUS",TRUE,"Interaction_up","hypoxia_anchored"
"MX1","GOBP_DEFENSE_RESPONSE_TO_VIRUS","GO_BP",0.000499750124937531,1.42544431519692e-07,1.04047030306345e-09,36.7674418604651,TRUE,5,0.2,"GOBP_DEFENSE_RESPONSE_TO_VIRUS",TRUE,"Interaction_up","hypoxia_anchored"
"RTP4","GOBP_DEFENSE_RESPONSE_TO_VIRUS","GO_BP",0.000499750124937531,1.42544431519692e-07,1.04047030306345e-09,36.7674418604651,TRUE,2,0.5,"GOBP_DEFENSE_RESPONSE_TO_VIRUS",TRUE,"Interaction_up","hypoxia_anchored"
"TRIM5","GOBP_DEFENSE_RESPONSE_TO_VIRUS","GO_BP",0.000499750124937531,1.42544431519692e-07,1.04047030306345e-09,36.7674418604651,TRUE,4,0.25,"GOBP_DEFENSE_RESPONSE_TO_VIRUS",TRUE,"Interaction_up","hypoxia_anchored"
"IFI16","GOBP_NEGATIVE_REGULATION_OF_VIRAL_PROCESS","GO_BP",0.000499750124937531,0.000150431298142195,5.49019336285383e-06,77.7540983606557,TRUE,6,0.166666666666667,"GOBP_DEFENSE_RESPONSE_TO_VIRUS",FALSE,"Interaction_up","hypoxia_anchored"
"IFIT1B","GOBP_NEGATIVE_REGULATION_OF_VIRAL_PROCESS","GO_BP",0.000499750124937531,0.000150431298142195,5.49019336285383e-06,77.7540983606557,TRUE,3,0.333333333333333,"GOBP_DEFENSE_RESPONSE_TO_VIRUS",FALSE,"Interaction_up","hypoxia_anchored"
"MX1","GOBP_NEGATIVE_REGULATION_OF_VIRAL_PROCESS","GO_BP",0.000499750124937531,0.000150431298142195,5.49019336285383e-06,77.7540983606557,TRUE,5,0.2,"GOBP_DEFENSE_RESPONSE_TO_VIRUS",FALSE,"Interaction_up","hypoxia_anchored"
"IFI16","GOBP_REGULATION_OF_VIRAL_LIFE_CYCLE","GO_BP",0.000499750124937531,0.000405985211959114,1.77803742463845e-05,52.7,TRUE,6,0.166666666666667,"GOBP_DEFENSE_RESPONSE_TO_VIRUS",FALSE,"Interaction_up","hypoxia_anchored"
"MX1","GOBP_REGULATION_OF_VIRAL_LIFE_CYCLE","GO_BP",0.000499750124937531,0.000405985211959114,1.77803742463845e-05,52.7,TRUE,5,0.2,"GOBP_DEFENSE_RESPONSE_TO_VIRUS",FALSE,"Interaction_up","hypoxia_anchored"
"TRIM5","GOBP_REGULATION_OF_VIRAL_LIFE_CYCLE","GO_BP",0.000499750124937531,0.000405985211959114,1.77803742463845e-05,52.7,TRUE,4,0.25,"GOBP_DEFENSE_RESPONSE_TO_VIRUS",FALSE,"Interaction_up","hypoxia_anchored"
"IFI16","GOBP_MONOCYTE_DIFFERENTIATION","GO_BP",0.000499750124937531,0.00351096866598556,0.000179392559575905,95.8181818181818,TRUE,6,0.166666666666667,"GOBP_DEFENSE_RESPONSE_TO_VIRUS",FALSE,"Interaction_up","hypoxia_anchored"
"IRF7","GOBP_MONOCYTE_DIFFERENTIATION","GO_BP",0.000499750124937531,0.00351096866598556,0.000179392559575905,95.8181818181818,TRUE,5,0.2,"GOBP_DEFENSE_RESPONSE_TO_VIRUS",FALSE,"Interaction_up","hypoxia_anchored"
"IFI16","GOBP_RESPONSE_TO_INTERFERON_BETA","GO_BP",0.000999500249875062,0.0036622560332995,0.000213854366908,87.8333333333333,TRUE,6,0.166666666666667,"GOBP_DEFENSE_RESPONSE_TO_VIRUS",FALSE,"Interaction_up","hypoxia_anchored"
"XAF1","GOBP_RESPONSE_TO_INTERFERON_BETA","GO_BP",0.000999500249875062,0.0036622560332995,0.000213854366908,87.8333333333333,TRUE,3,0.333333333333333,"REACTOME_INTERFERON_ALPHA_BETA_SIGNALING",FALSE,"Interaction_up","hypoxia_anchored"
"IRF7","GOBP_MACROPHAGE_APOPTOTIC_PROCESS","GO_BP",0.000999500249875062,0.0375838449558217,0.00630969659842262,158.1,TRUE,5,0.2,"GOBP_DEFENSE_RESPONSE_TO_VIRUS",FALSE,"Interaction_up","hypoxia_anchored"
"MX1","GOBP_SYNAPTIC_VESICLE_BUDDING","GO_BP",0.00199900049975012,0.0375838449558217,0.00630969659842262,158.1,TRUE,5,0.2,"GOBP_DEFENSE_RESPONSE_TO_VIRUS",FALSE,"Interaction_up","hypoxia_anchored"
"TRIM5","GOBP_HOST_MEDIATED_SUPPRESSION_OF_SYMBIONT_INVASION","GO_BP",0.00599700149925037,0.0443600301893172,0.0100791099826283,98.8125,TRUE,4,0.25,"GOBP_DEFENSE_RESPONSE_TO_VIRUS",FALSE,"Interaction_up","hypoxia_anchored"
"RTP4","GOBP_SENSORY_PERCEPTION_OF_TASTE","GO_BP",0.0169915042478761,0.04762883980417,0.0132109190697698,75.2857142857143,TRUE,2,0.5,"GOBP_DEFENSE_RESPONSE_TO_VIRUS",FALSE,"Interaction_up","hypoxia_anchored"
"IFIT1B","GOMF_MOLECULAR_SEQUESTERING_ACTIVITY","GO_MF",0.000499750124937531,0.00503176784485814,0.000559085316095349,52.7397260273973,TRUE,3,0.333333333333333,"GOBP_DEFENSE_RESPONSE_TO_VIRUS",FALSE,"Interaction_up","hypoxia_anchored"
"XAF1","GOMF_MOLECULAR_SEQUESTERING_ACTIVITY","GO_MF",0.000499750124937531,0.00503176784485814,0.000559085316095349,52.7397260273973,TRUE,3,0.333333333333333,"REACTOME_INTERFERON_ALPHA_BETA_SIGNALING",FALSE,"Interaction_up","hypoxia_anchored"
"IRF7","REACTOME_INTERFERON_ALPHA_BETA_SIGNALING","Reactome",0.000499750124937531,4.15922712985638e-05,3.798061815451e-06,81.1627118644068,TRUE,5,0.2,"GOBP_DEFENSE_RESPONSE_TO_VIRUS",FALSE,"Interaction_up","hypoxia_anchored"
"MX1","REACTOME_INTERFERON_ALPHA_BETA_SIGNALING","Reactome",0.000499750124937531,4.15922712985638e-05,3.798061815451e-06,81.1627118644068,TRUE,5,0.2,"GOBP_DEFENSE_RESPONSE_TO_VIRUS",FALSE,"Interaction_up","hypoxia_anchored"
"XAF1","REACTOME_INTERFERON_ALPHA_BETA_SIGNALING","Reactome",0.000499750124937531,4.15922712985638e-05,3.798061815451e-06,81.1627118644068,TRUE,3,0.333333333333333,"REACTOME_INTERFERON_ALPHA_BETA_SIGNALING",TRUE,"Interaction_up","hypoxia_anchored"
"IRF7","REACTOME_INTERFERON_GAMMA_SIGNALING","Reactome",0.00199900049975012,0.00498215902111539,0.000948982670688646,40.4101265822785,TRUE,5,0.2,"GOBP_DEFENSE_RESPONSE_TO_VIRUS",FALSE,"Interaction_up","hypoxia_anchored"
"TRIM5","REACTOME_INTERFERON_GAMMA_SIGNALING","Reactome",0.00199900049975012,0.00498215902111539,0.000948982670688646,40.4101265822785,TRUE,4,0.25,"GOBP_DEFENSE_RESPONSE_TO_VIRUS",FALSE,"Interaction_up","hypoxia_anchored"
"IFI16","REACTOME_IRF3_MEDIATED_INDUCTION_OF_TYPE_I_IFN","Reactome",0.00199900049975012,0.0196652384580786,0.00687411487205336,145.109090909091,TRUE,6,0.166666666666667,"GOBP_DEFENSE_RESPONSE_TO_VIRUS",FALSE,"Interaction_up","hypoxia_anchored"
"DHX58","HALLMARK_INTERFERON_ALPHA_RESPONSE","Hallmark",0.000499750124937531,2.29588627620046e-14,3.82647712700076e-15,33.2065217391304,TRUE,6,0.166666666666667,"HALLMARK_INTERFERON_ALPHA_RESPONSE",TRUE,"Interaction_fdrOnly_up","unpinned"
"EIF2AK2","HALLMARK_INTERFERON_ALPHA_RESPONSE","Hallmark",0.000499750124937531,2.29588627620046e-14,3.82647712700076e-15,33.2065217391304,TRUE,9,0.111111111111111,"HALLMARK_INTERFERON_ALPHA_RESPONSE",TRUE,"Interaction_fdrOnly_up","unpinned"
"HELZ2","HALLMARK_INTERFERON_ALPHA_RESPONSE","Hallmark",0.000499750124937531,2.29588627620046e-14,3.82647712700076e-15,33.2065217391304,TRUE,1,1,"HALLMARK_INTERFERON_ALPHA_RESPONSE",TRUE,"Interaction_fdrOnly_up","unpinned"
"IFI27","HALLMARK_INTERFERON_ALPHA_RESPONSE","Hallmark",0.000499750124937531,2.29588627620046e-14,3.82647712700076e-15,33.2065217391304,TRUE,5,0.2,"HALLMARK_INTERFERON_ALPHA_RESPONSE",TRUE,"Interaction_fdrOnly_up","unpinned"
"IRF7","HALLMARK_INTERFERON_ALPHA_RESPONSE","Hallmark",0.000499750124937531,2.29588627620046e-14,3.82647712700076e-15,33.2065217391304,TRUE,8,0.125,"HALLMARK_INTERFERON_ALPHA_RESPONSE",TRUE,"Interaction_fdrOnly_up","unpinned"
"LGALS3BP","HALLMARK_INTERFERON_ALPHA_RESPONSE","Hallmark",0.000499750124937531,2.29588627620046e-14,3.82647712700076e-15,33.2065217391304,TRUE,1,1,"HALLMARK_INTERFERON_ALPHA_RESPONSE",TRUE,"Interaction_fdrOnly_up","unpinned"
"MX1","HALLMARK_INTERFERON_ALPHA_RESPONSE","Hallmark",0.000499750124937531,2.29588627620046e-14,3.82647712700076e-15,33.2065217391304,TRUE,7,0.142857142857143,"HALLMARK_INTERFERON_ALPHA_RESPONSE",TRUE,"Interaction_fdrOnly_up","unpinned"
"RTP4","HALLMARK_INTERFERON_ALPHA_RESPONSE","Hallmark",0.000499750124937531,2.29588627620046e-14,3.82647712700076e-15,33.2065217391304,TRUE,3,0.333333333333333,"HALLMARK_INTERFERON_ALPHA_RESPONSE",TRUE,"Interaction_fdrOnly_up","unpinned"
"SAMD9L","HALLMARK_INTERFERON_ALPHA_RESPONSE","Hallmark",0.000499750124937531,2.29588627620046e-14,3.82647712700076e-15,33.2065217391304,TRUE,1,1,"HALLMARK_INTERFERON_ALPHA_RESPONSE",TRUE,"Interaction_fdrOnly_up","unpinned"
"TRIM5","HALLMARK_INTERFERON_ALPHA_RESPONSE","Hallmark",0.000499750124937531,2.29588627620046e-14,3.82647712700076e-15,33.2065217391304,TRUE,6,0.166666666666667,"HALLMARK_INTERFERON_ALPHA_RESPONSE",TRUE,"Interaction_fdrOnly_up","unpinned"
"EIF2AK2","HALLMARK_INFLAMMATORY_RESPONSE","Hallmark",0.0334832583708146,0.0296580371255772,0.0148290185627886,5.5210843373494,TRUE,9,0.111111111111111,"HALLMARK_INTERFERON_ALPHA_RESPONSE",FALSE,"Interaction_fdrOnly_up","unpinned"
"IRF7","HALLMARK_INFLAMMATORY_RESPONSE","Hallmark",0.0334832583708146,0.0296580371255772,0.0148290185627886,5.5210843373494,TRUE,8,0.125,"HALLMARK_INTERFERON_ALPHA_RESPONSE",FALSE,"Interaction_fdrOnly_up","unpinned"
"RTP4","HALLMARK_INFLAMMATORY_RESPONSE","Hallmark",0.0334832583708146,0.0296580371255772,0.0148290185627886,5.5210843373494,TRUE,3,0.333333333333333,"HALLMARK_INTERFERON_ALPHA_RESPONSE",FALSE,"Interaction_fdrOnly_up","unpinned"
"DHX58","GOBP_RESPONSE_TO_VIRUS","GO_BP",0.000499750124937531,3.34823278661609e-11,8.49805275790887e-14,22.117914244186,TRUE,6,0.166666666666667,"HALLMARK_INTERFERON_ALPHA_RESPONSE",FALSE,"Interaction_fdrOnly_up","unpinned"
"EIF2AK2","GOBP_RESPONSE_TO_VIRUS","GO_BP",0.000499750124937531,3.34823278661609e-11,8.49805275790887e-14,22.117914244186,TRUE,9,0.111111111111111,"HALLMARK_INTERFERON_ALPHA_RESPONSE",FALSE,"Interaction_fdrOnly_up","unpinned"
"IFI16","GOBP_RESPONSE_TO_VIRUS","GO_BP",0.000499750124937531,3.34823278661609e-11,8.49805275790887e-14,22.117914244186,TRUE,5,0.2,"GOBP_RESPONSE_TO_VIRUS",TRUE,"Interaction_fdrOnly_up","unpinned"
"IFI27","GOBP_RESPONSE_TO_VIRUS","GO_BP",0.000499750124937531,3.34823278661609e-11,8.49805275790887e-14,22.117914244186,TRUE,5,0.2,"HALLMARK_INTERFERON_ALPHA_RESPONSE",FALSE,"Interaction_fdrOnly_up","unpinned"
"IFIT1B","GOBP_RESPONSE_TO_VIRUS","GO_BP",0.000499750124937531,3.34823278661609e-11,8.49805275790887e-14,22.117914244186,TRUE,3,0.333333333333333,"GOBP_RESPONSE_TO_VIRUS",TRUE,"Interaction_fdrOnly_up","unpinned"
"IRF7","GOBP_RESPONSE_TO_VIRUS","GO_BP",0.000499750124937531,3.34823278661609e-11,8.49805275790887e-14,22.117914244186,TRUE,8,0.125,"HALLMARK_INTERFERON_ALPHA_RESPONSE",FALSE,"Interaction_fdrOnly_up","unpinned"
"LGALS9","GOBP_RESPONSE_TO_VIRUS","GO_BP",0.000499750124937531,3.34823278661609e-11,8.49805275790887e-14,22.117914244186,TRUE,4,0.25,"GOBP_RESPONSE_TO_VIRUS",TRUE,"Interaction_fdrOnly_up","unpinned"
"MX1","GOBP_RESPONSE_TO_VIRUS","GO_BP",0.000499750124937531,3.34823278661609e-11,8.49805275790887e-14,22.117914244186,TRUE,7,0.142857142857143,"HALLMARK_INTERFERON_ALPHA_RESPONSE",FALSE,"Interaction_fdrOnly_up","unpinned"
"RTP4","GOBP_RESPONSE_TO_VIRUS","GO_BP",0.000499750124937531,3.34823278661609e-11,8.49805275790887e-14,22.117914244186,TRUE,3,0.333333333333333,"HALLMARK_INTERFERON_ALPHA_RESPONSE",FALSE,"Interaction_fdrOnly_up","unpinned"
"TRIM34","GOBP_RESPONSE_TO_VIRUS","GO_BP",0.000499750124937531,3.34823278661609e-11,8.49805275790887e-14,22.117914244186,TRUE,3,0.333333333333333,"GOBP_RESPONSE_TO_VIRUS",TRUE,"Interaction_fdrOnly_up","unpinned"
"TRIM5","GOBP_RESPONSE_TO_VIRUS","GO_BP",0.000499750124937531,3.34823278661609e-11,8.49805275790887e-14,22.117914244186,TRUE,6,0.166666666666667,"HALLMARK_INTERFERON_ALPHA_RESPONSE",FALSE,"Interaction_fdrOnly_up","unpinned"
"EIF2AK2","GOBP_REGULATION_OF_VIRAL_PROCESS","GO_BP",0.000499750124937531,1.33583491075228e-08,1.01713318077585e-10,42.8478982300885,TRUE,9,0.111111111111111,"HALLMARK_INTERFERON_ALPHA_RESPONSE",FALSE,"Interaction_fdrOnly_up","unpinned"
"IFI16","GOBP_REGULATION_OF_VIRAL_PROCESS","GO_BP",0.000499750124937531,1.33583491075228e-08,1.01713318077585e-10,42.8478982300885,TRUE,5,0.2,"GOBP_RESPONSE_TO_VIRUS",FALSE,"Interaction_fdrOnly_up","unpinned"
"IFIT1B","GOBP_REGULATION_OF_VIRAL_PROCESS","GO_BP",0.000499750124937531,1.33583491075228e-08,1.01713318077585e-10,42.8478982300885,TRUE,3,0.333333333333333,"GOBP_RESPONSE_TO_VIRUS",FALSE,"Interaction_fdrOnly_up","unpinned"
"LGALS9","GOBP_REGULATION_OF_VIRAL_PROCESS","GO_BP",0.000499750124937531,1.33583491075228e-08,1.01713318077585e-10,42.8478982300885,TRUE,4,0.25,"GOBP_RESPONSE_TO_VIRUS",FALSE,"Interaction_fdrOnly_up","unpinned"
"MX1","GOBP_REGULATION_OF_VIRAL_PROCESS","GO_BP",0.000499750124937531,1.33583491075228e-08,1.01713318077585e-10,42.8478982300885,TRUE,7,0.142857142857143,"HALLMARK_INTERFERON_ALPHA_RESPONSE",FALSE,"Interaction_fdrOnly_up","unpinned"
"SP100","GOBP_REGULATION_OF_VIRAL_PROCESS","GO_BP",0.000499750124937531,1.33583491075228e-08,1.01713318077585e-10,42.8478982300885,TRUE,5,0.2,"GOBP_REGULATION_OF_VIRAL_PROCESS",TRUE,"Interaction_fdrOnly_up","unpinned"
"TRIM5","GOBP_REGULATION_OF_VIRAL_PROCESS","GO_BP",0.000499750124937531,1.33583491075228e-08,1.01713318077585e-10,42.8478982300885,TRUE,6,0.166666666666667,"HALLMARK_INTERFERON_ALPHA_RESPONSE",FALSE,"Interaction_fdrOnly_up","unpinned"
"DHX58","GOBP_ANTIVIRAL_INNATE_IMMUNE_RESPONSE","GO_BP",0.000499750124937531,8.42975359323741e-05,1.64865918377912e-06,43.9166666666667,TRUE,6,0.166666666666667,"HALLMARK_INTERFERON_ALPHA_RESPONSE",FALSE,"Interaction_fdrOnly_up","unpinned"
"EIF2AK2","GOBP_ANTIVIRAL_INNATE_IMMUNE_RESPONSE","GO_BP",0.000499750124937531,8.42975359323741e-05,1.64865918377912e-06,43.9166666666667,TRUE,9,0.111111111111111,"HALLMARK_INTERFERON_ALPHA_RESPONSE",FALSE,"Interaction_fdrOnly_up","unpinned"
"IFIT1B","GOBP_ANTIVIRAL_INNATE_IMMUNE_RESPONSE","GO_BP",0.000499750124937531,8.42975359323741e-05,1.64865918377912e-06,43.9166666666667,TRUE,3,0.333333333333333,"GOBP_RESPONSE_TO_VIRUS",FALSE,"Interaction_fdrOnly_up","unpinned"
"MX1","GOBP_ANTIVIRAL_INNATE_IMMUNE_RESPONSE","GO_BP",0.000499750124937531,8.42975359323741e-05,1.64865918377912e-06,43.9166666666667,TRUE,7,0.142857142857143,"HALLMARK_INTERFERON_ALPHA_RESPONSE",FALSE,"Interaction_fdrOnly_up","unpinned"
"IFI27","GOBP_RESPONSE_TO_TYPE_I_INTERFERON","GO_BP",0.000499750124937531,0.000523692735139581,1.42626697142425e-05,25.6180555555556,TRUE,5,0.2,"HALLMARK_INTERFERON_ALPHA_RESPONSE",FALSE,"Interaction_fdrOnly_up","unpinned"
"IRF7","GOBP_RESPONSE_TO_TYPE_I_INTERFERON","GO_BP",0.000499750124937531,0.000523692735139581,1.42626697142425e-05,25.6180555555556,TRUE,8,0.125,"HALLMARK_INTERFERON_ALPHA_RESPONSE",FALSE,"Interaction_fdrOnly_up","unpinned"
"MX1","GOBP_RESPONSE_TO_TYPE_I_INTERFERON","GO_BP",0.000499750124937531,0.000523692735139581,1.42626697142425e-05,25.6180555555556,TRUE,7,0.142857142857143,"HALLMARK_INTERFERON_ALPHA_RESPONSE",FALSE,"Interaction_fdrOnly_up","unpinned"
"SP100","GOBP_RESPONSE_TO_TYPE_I_INTERFERON","GO_BP",0.000499750124937531,0.000523692735139581,1.42626697142425e-05,25.6180555555556,TRUE,5,0.2,"GOBP_REGULATION_OF_VIRAL_PROCESS",FALSE,"Interaction_fdrOnly_up","unpinned"
"EIF2AK2","GOBP_NEGATIVE_REGULATION_OF_VIRAL_GENOME_REPLICATION","GO_BP",0.000999500249875062,0.000778518769974773,2.37112315728357e-05,51.8765625,TRUE,9,0.111111111111111,"HALLMARK_INTERFERON_ALPHA_RESPONSE",FALSE,"Interaction_fdrOnly_up","unpinned"
"IFI16","GOBP_NEGATIVE_REGULATION_OF_VIRAL_GENOME_REPLICATION","GO_BP",0.000999500249875062,0.000778518769974773,2.37112315728357e-05,51.8765625,TRUE,5,0.2,"GOBP_RESPONSE_TO_VIRUS",FALSE,"Interaction_fdrOnly_up","unpinned"
"MX1","GOBP_NEGATIVE_REGULATION_OF_VIRAL_GENOME_REPLICATION","GO_BP",0.000999500249875062,0.000778518769974773,2.37112315728357e-05,51.8765625,TRUE,7,0.142857142857143,"HALLMARK_INTERFERON_ALPHA_RESPONSE",FALSE,"Interaction_fdrOnly_up","unpinned"
"DHX58","GOBP_REGULATION_OF_PATTERN_RECOGNITION_RECEPTOR_SIGNALING_PATHWAY","GO_BP",0.000499750124937531,0.00217900591414174,7.1896134222951e-05,16.9739263803681,TRUE,6,0.166666666666667,"HALLMARK_INTERFERON_ALPHA_RESPONSE",FALSE,"Interaction_fdrOnly_up","unpinned"
"EIF2AK2","GOBP_REGULATION_OF_PATTERN_RECOGNITION_RECEPTOR_SIGNALING_PATHWAY","GO_BP",0.000499750124937531,0.00217900591414174,7.1896134222951e-05,16.9739263803681,TRUE,9,0.111111111111111,"HALLMARK_INTERFERON_ALPHA_RESPONSE",FALSE,"Interaction_fdrOnly_up","unpinned"
"IFI16","GOBP_REGULATION_OF_PATTERN_RECOGNITION_RECEPTOR_SIGNALING_PATHWAY","GO_BP",0.000499750124937531,0.00217900591414174,7.1896134222951e-05,16.9739263803681,TRUE,5,0.2,"GOBP_RESPONSE_TO_VIRUS",FALSE,"Interaction_fdrOnly_up","unpinned"
"IRF7","GOBP_REGULATION_OF_PATTERN_RECOGNITION_RECEPTOR_SIGNALING_PATHWAY","GO_BP",0.000499750124937531,0.00217900591414174,7.1896134222951e-05,16.9739263803681,TRUE,8,0.125,"HALLMARK_INTERFERON_ALPHA_RESPONSE",FALSE,"Interaction_fdrOnly_up","unpinned"
"DHX58","GOBP_MDA_5_SIGNALING_PATHWAY","GO_BP",0.000499750124937531,0.00228484498306595,8.75934658422172e-05,138.3375,TRUE,6,0.166666666666667,"HALLMARK_INTERFERON_ALPHA_RESPONSE",FALSE,"Interaction_fdrOnly_up","unpinned"
"IRF7","GOBP_MDA_5_SIGNALING_PATHWAY","GO_BP",0.000499750124937531,0.00228484498306595,8.75934658422172e-05,138.3375,TRUE,8,0.125,"HALLMARK_INTERFERON_ALPHA_RESPONSE",FALSE,"Interaction_fdrOnly_up","unpinned"
"EIF2AK2","GOBP_POSITIVE_REGULATION_OF_NF_KAPPAB_TRANSCRIPTION_FACTOR_ACTIVITY","GO_BP",0.000999500249875062,0.00243325940067822,0.000117339920337275,30.515625,TRUE,9,0.111111111111111,"HALLMARK_INTERFERON_ALPHA_RESPONSE",FALSE,"Interaction_fdrOnly_up","unpinned"
"LGALS9","GOBP_POSITIVE_REGULATION_OF_NF_KAPPAB_TRANSCRIPTION_FACTOR_ACTIVITY","GO_BP",0.000999500249875062,0.00243325940067822,0.000117339920337275,30.515625,TRUE,4,0.25,"GOBP_RESPONSE_TO_VIRUS",FALSE,"Interaction_fdrOnly_up","unpinned"
"TRIM5","GOBP_POSITIVE_REGULATION_OF_NF_KAPPAB_TRANSCRIPTION_FACTOR_ACTIVITY","GO_BP",0.000999500249875062,0.00243325940067822,0.000117339920337275,30.515625,TRUE,6,0.166666666666667,"HALLMARK_INTERFERON_ALPHA_RESPONSE",FALSE,"Interaction_fdrOnly_up","unpinned"
"DHX58","GOBP_NEGATIVE_REGULATION_OF_INNATE_IMMUNE_RESPONSE","GO_BP",0.000499750124937531,0.00331254470281117,0.000176556951165063,26.6033653846154,TRUE,6,0.166666666666667,"HALLMARK_INTERFERON_ALPHA_RESPONSE",FALSE,"Interaction_fdrOnly_up","unpinned"
"IFI16","GOBP_NEGATIVE_REGULATION_OF_INNATE_IMMUNE_RESPONSE","GO_BP",0.000499750124937531,0.00331254470281117,0.000176556951165063,26.6033653846154,TRUE,5,0.2,"GOBP_RESPONSE_TO_VIRUS",FALSE,"Interaction_fdrOnly_up","unpinned"
"LGALS9","GOBP_NEGATIVE_REGULATION_OF_INNATE_IMMUNE_RESPONSE","GO_BP",0.000499750124937531,0.00331254470281117,0.000176556951165063,26.6033653846154,TRUE,4,0.25,"GOBP_RESPONSE_TO_VIRUS",FALSE,"Interaction_fdrOnly_up","unpinned"
"IFI27","GOBP_REGULATION_OF_PROTEIN_EXPORT_FROM_NUCLEUS","GO_BP",0.000999500249875062,0.0124112748205691,0.00094772854761341,43.23046875,TRUE,5,0.2,"HALLMARK_INTERFERON_ALPHA_RESPONSE",FALSE,"Interaction_fdrOnly_up","unpinned"
"SP100","GOBP_REGULATION_OF_PROTEIN_EXPORT_FROM_NUCLEUS","GO_BP",0.000999500249875062,0.0124112748205691,0.00094772854761341,43.23046875,TRUE,5,0.2,"GOBP_REGULATION_OF_VIRAL_PROCESS",FALSE,"Interaction_fdrOnly_up","unpinned"
"EIF2AK2","REACTOME_INTERFERON_SIGNALING","Reactome",0.000499750124937531,9.17595693435629e-08,1.58206154040626e-09,18.9235328986366,TRUE,9,0.111111111111111,"HALLMARK_INTERFERON_ALPHA_RESPONSE",FALSE,"Interaction_fdrOnly_up","unpinned"
"IFI27","REACTOME_INTERFERON_SIGNALING","Reactome",0.000499750124937531,9.17595693435629e-08,1.58206154040626e-09,18.9235328986366,TRUE,5,0.2,"HALLMARK_INTERFERON_ALPHA_RESPONSE",FALSE,"Interaction_fdrOnly_up","unpinned"
"IRF7","REACTOME_INTERFERON_SIGNALING","Reactome",0.000499750124937531,9.17595693435629e-08,1.58206154040626e-09,18.9235328986366,TRUE,8,0.125,"HALLMARK_INTERFERON_ALPHA_RESPONSE",FALSE,"Interaction_fdrOnly_up","unpinned"
"MX1","REACTOME_INTERFERON_SIGNALING","Reactome",0.000499750124937531,9.17595693435629e-08,1.58206154040626e-09,18.9235328986366,TRUE,7,0.142857142857143,"HALLMARK_INTERFERON_ALPHA_RESPONSE",FALSE,"Interaction_fdrOnly_up","unpinned"
"SP100","REACTOME_INTERFERON_SIGNALING","Reactome",0.000499750124937531,9.17595693435629e-08,1.58206154040626e-09,18.9235328986366,TRUE,5,0.2,"GOBP_REGULATION_OF_VIRAL_PROCESS",FALSE,"Interaction_fdrOnly_up","unpinned"
"TRIM34","REACTOME_INTERFERON_SIGNALING","Reactome",0.000499750124937531,9.17595693435629e-08,1.58206154040626e-09,18.9235328986366,TRUE,3,0.333333333333333,"GOBP_RESPONSE_TO_VIRUS",FALSE,"Interaction_fdrOnly_up","unpinned"
"TRIM5","REACTOME_INTERFERON_SIGNALING","Reactome",0.000499750124937531,9.17595693435629e-08,1.58206154040626e-09,18.9235328986366,TRUE,6,0.166666666666667,"HALLMARK_INTERFERON_ALPHA_RESPONSE",FALSE,"Interaction_fdrOnly_up","unpinned"
"XAF1","REACTOME_INTERFERON_SIGNALING","Reactome",0.000499750124937531,9.17595693435629e-08,1.58206154040626e-09,18.9235328986366,TRUE,1,1,"REACTOME_INTERFERON_SIGNALING",TRUE,"Interaction_fdrOnly_up","unpinned"
"IRF7","REACTOME_INTERFERON_GAMMA_SIGNALING","Reactome",0.000499750124937531,0.000159626960062605,8.25656689978993e-06,28.8643761301989,TRUE,8,0.125,"HALLMARK_INTERFERON_ALPHA_RESPONSE",FALSE,"Interaction_fdrOnly_up","unpinned"
"SP100","REACTOME_INTERFERON_GAMMA_SIGNALING","Reactome",0.000499750124937531,0.000159626960062605,8.25656689978993e-06,28.8643761301989,TRUE,5,0.2,"GOBP_REGULATION_OF_VIRAL_PROCESS",FALSE,"Interaction_fdrOnly_up","unpinned"
"TRIM34","REACTOME_INTERFERON_GAMMA_SIGNALING","Reactome",0.000499750124937531,0.000159626960062605,8.25656689978993e-06,28.8643761301989,TRUE,3,0.333333333333333,"GOBP_RESPONSE_TO_VIRUS",FALSE,"Interaction_fdrOnly_up","unpinned"
"TRIM5","REACTOME_INTERFERON_GAMMA_SIGNALING","Reactome",0.000499750124937531,0.000159626960062605,8.25656689978993e-06,28.8643761301989,TRUE,6,0.166666666666667,"HALLMARK_INTERFERON_ALPHA_RESPONSE",FALSE,"Interaction_fdrOnly_up","unpinned"
"IFI27L1","not claimed by any selected set","not claimed by any selected set",NA,NA,NA,NA,NA,0,1,"not claimed by any selected set",TRUE,"Interaction_fdrOnly_up","unpinned"
"RNF213","not claimed by any selected set","not claimed by any selected set",NA,NA,NA,NA,NA,0,1,"not claimed by any selected set",TRUE,"Interaction_fdrOnly_up","unpinned"
"DHX58","HALLMARK_INTERFERON_ALPHA_RESPONSE","Hallmark",0.000499750124937531,2.29588627620046e-14,3.82647712700076e-15,33.2065217391304,TRUE,6,0.166666666666667,"HALLMARK_INTERFERON_ALPHA_RESPONSE",TRUE,"Interaction_fdrOnly_up","hypoxia_anchored"
"EIF2AK2","HALLMARK_INTERFERON_ALPHA_RESPONSE","Hallmark",0.000499750124937531,2.29588627620046e-14,3.82647712700076e-15,33.2065217391304,TRUE,9,0.111111111111111,"HALLMARK_INTERFERON_ALPHA_RESPONSE",TRUE,"Interaction_fdrOnly_up","hypoxia_anchored"
"HELZ2","HALLMARK_INTERFERON_ALPHA_RESPONSE","Hallmark",0.000499750124937531,2.29588627620046e-14,3.82647712700076e-15,33.2065217391304,TRUE,1,1,"HALLMARK_INTERFERON_ALPHA_RESPONSE",TRUE,"Interaction_fdrOnly_up","hypoxia_anchored"
"IFI27","HALLMARK_INTERFERON_ALPHA_RESPONSE","Hallmark",0.000499750124937531,2.29588627620046e-14,3.82647712700076e-15,33.2065217391304,TRUE,5,0.2,"HALLMARK_INTERFERON_ALPHA_RESPONSE",TRUE,"Interaction_fdrOnly_up","hypoxia_anchored"
"IRF7","HALLMARK_INTERFERON_ALPHA_RESPONSE","Hallmark",0.000499750124937531,2.29588627620046e-14,3.82647712700076e-15,33.2065217391304,TRUE,8,0.125,"HALLMARK_INTERFERON_ALPHA_RESPONSE",TRUE,"Interaction_fdrOnly_up","hypoxia_anchored"
"LGALS3BP","HALLMARK_INTERFERON_ALPHA_RESPONSE","Hallmark",0.000499750124937531,2.29588627620046e-14,3.82647712700076e-15,33.2065217391304,TRUE,1,1,"HALLMARK_INTERFERON_ALPHA_RESPONSE",TRUE,"Interaction_fdrOnly_up","hypoxia_anchored"
"MX1","HALLMARK_INTERFERON_ALPHA_RESPONSE","Hallmark",0.000499750124937531,2.29588627620046e-14,3.82647712700076e-15,33.2065217391304,TRUE,7,0.142857142857143,"HALLMARK_INTERFERON_ALPHA_RESPONSE",TRUE,"Interaction_fdrOnly_up","hypoxia_anchored"
"RTP4","HALLMARK_INTERFERON_ALPHA_RESPONSE","Hallmark",0.000499750124937531,2.29588627620046e-14,3.82647712700076e-15,33.2065217391304,TRUE,3,0.333333333333333,"HALLMARK_INTERFERON_ALPHA_RESPONSE",TRUE,"Interaction_fdrOnly_up","hypoxia_anchored"
"SAMD9L","HALLMARK_INTERFERON_ALPHA_RESPONSE","Hallmark",0.000499750124937531,2.29588627620046e-14,3.82647712700076e-15,33.2065217391304,TRUE,1,1,"HALLMARK_INTERFERON_ALPHA_RESPONSE",TRUE,"Interaction_fdrOnly_up","hypoxia_anchored"
"TRIM5","HALLMARK_INTERFERON_ALPHA_RESPONSE","Hallmark",0.000499750124937531,2.29588627620046e-14,3.82647712700076e-15,33.2065217391304,TRUE,6,0.166666666666667,"HALLMARK_INTERFERON_ALPHA_RESPONSE",TRUE,"Interaction_fdrOnly_up","hypoxia_anchored"
"EIF2AK2","HALLMARK_INFLAMMATORY_RESPONSE","Hallmark",0.0334832583708146,0.0296580371255772,0.0148290185627886,5.5210843373494,TRUE,9,0.111111111111111,"HALLMARK_INTERFERON_ALPHA_RESPONSE",FALSE,"Interaction_fdrOnly_up","hypoxia_anchored"
"IRF7","HALLMARK_INFLAMMATORY_RESPONSE","Hallmark",0.0334832583708146,0.0296580371255772,0.0148290185627886,5.5210843373494,TRUE,8,0.125,"HALLMARK_INTERFERON_ALPHA_RESPONSE",FALSE,"Interaction_fdrOnly_up","hypoxia_anchored"
"RTP4","HALLMARK_INFLAMMATORY_RESPONSE","Hallmark",0.0334832583708146,0.0296580371255772,0.0148290185627886,5.5210843373494,TRUE,3,0.333333333333333,"HALLMARK_INTERFERON_ALPHA_RESPONSE",FALSE,"Interaction_fdrOnly_up","hypoxia_anchored"
"DHX58","GOBP_RESPONSE_TO_VIRUS","GO_BP",0.000499750124937531,3.34823278661609e-11,8.49805275790887e-14,22.117914244186,TRUE,6,0.166666666666667,"HALLMARK_INTERFERON_ALPHA_RESPONSE",FALSE,"Interaction_fdrOnly_up","hypoxia_anchored"
"EIF2AK2","GOBP_RESPONSE_TO_VIRUS","GO_BP",0.000499750124937531,3.34823278661609e-11,8.49805275790887e-14,22.117914244186,TRUE,9,0.111111111111111,"HALLMARK_INTERFERON_ALPHA_RESPONSE",FALSE,"Interaction_fdrOnly_up","hypoxia_anchored"
"IFI16","GOBP_RESPONSE_TO_VIRUS","GO_BP",0.000499750124937531,3.34823278661609e-11,8.49805275790887e-14,22.117914244186,TRUE,5,0.2,"GOBP_RESPONSE_TO_VIRUS",TRUE,"Interaction_fdrOnly_up","hypoxia_anchored"
"IFI27","GOBP_RESPONSE_TO_VIRUS","GO_BP",0.000499750124937531,3.34823278661609e-11,8.49805275790887e-14,22.117914244186,TRUE,5,0.2,"HALLMARK_INTERFERON_ALPHA_RESPONSE",FALSE,"Interaction_fdrOnly_up","hypoxia_anchored"
"IFIT1B","GOBP_RESPONSE_TO_VIRUS","GO_BP",0.000499750124937531,3.34823278661609e-11,8.49805275790887e-14,22.117914244186,TRUE,3,0.333333333333333,"GOBP_RESPONSE_TO_VIRUS",TRUE,"Interaction_fdrOnly_up","hypoxia_anchored"
"IRF7","GOBP_RESPONSE_TO_VIRUS","GO_BP",0.000499750124937531,3.34823278661609e-11,8.49805275790887e-14,22.117914244186,TRUE,8,0.125,"HALLMARK_INTERFERON_ALPHA_RESPONSE",FALSE,"Interaction_fdrOnly_up","hypoxia_anchored"
"LGALS9","GOBP_RESPONSE_TO_VIRUS","GO_BP",0.000499750124937531,3.34823278661609e-11,8.49805275790887e-14,22.117914244186,TRUE,4,0.25,"GOBP_RESPONSE_TO_VIRUS",TRUE,"Interaction_fdrOnly_up","hypoxia_anchored"
"MX1","GOBP_RESPONSE_TO_VIRUS","GO_BP",0.000499750124937531,3.34823278661609e-11,8.49805275790887e-14,22.117914244186,TRUE,7,0.142857142857143,"HALLMARK_INTERFERON_ALPHA_RESPONSE",FALSE,"Interaction_fdrOnly_up","hypoxia_anchored"
"RTP4","GOBP_RESPONSE_TO_VIRUS","GO_BP",0.000499750124937531,3.34823278661609e-11,8.49805275790887e-14,22.117914244186,TRUE,3,0.333333333333333,"HALLMARK_INTERFERON_ALPHA_RESPONSE",FALSE,"Interaction_fdrOnly_up","hypoxia_anchored"
"TRIM34","GOBP_RESPONSE_TO_VIRUS","GO_BP",0.000499750124937531,3.34823278661609e-11,8.49805275790887e-14,22.117914244186,TRUE,3,0.333333333333333,"GOBP_RESPONSE_TO_VIRUS",TRUE,"Interaction_fdrOnly_up","hypoxia_anchored"
"TRIM5","GOBP_RESPONSE_TO_VIRUS","GO_BP",0.000499750124937531,3.34823278661609e-11,8.49805275790887e-14,22.117914244186,TRUE,6,0.166666666666667,"HALLMARK_INTERFERON_ALPHA_RESPONSE",FALSE,"Interaction_fdrOnly_up","hypoxia_anchored"
"EIF2AK2","GOBP_REGULATION_OF_VIRAL_PROCESS","GO_BP",0.000499750124937531,1.33583491075228e-08,1.01713318077585e-10,42.8478982300885,TRUE,9,0.111111111111111,"HALLMARK_INTERFERON_ALPHA_RESPONSE",FALSE,"Interaction_fdrOnly_up","hypoxia_anchored"
"IFI16","GOBP_REGULATION_OF_VIRAL_PROCESS","GO_BP",0.000499750124937531,1.33583491075228e-08,1.01713318077585e-10,42.8478982300885,TRUE,5,0.2,"GOBP_RESPONSE_TO_VIRUS",FALSE,"Interaction_fdrOnly_up","hypoxia_anchored"
"IFIT1B","GOBP_REGULATION_OF_VIRAL_PROCESS","GO_BP",0.000499750124937531,1.33583491075228e-08,1.01713318077585e-10,42.8478982300885,TRUE,3,0.333333333333333,"GOBP_RESPONSE_TO_VIRUS",FALSE,"Interaction_fdrOnly_up","hypoxia_anchored"
"LGALS9","GOBP_REGULATION_OF_VIRAL_PROCESS","GO_BP",0.000499750124937531,1.33583491075228e-08,1.01713318077585e-10,42.8478982300885,TRUE,4,0.25,"GOBP_RESPONSE_TO_VIRUS",FALSE,"Interaction_fdrOnly_up","hypoxia_anchored"
"MX1","GOBP_REGULATION_OF_VIRAL_PROCESS","GO_BP",0.000499750124937531,1.33583491075228e-08,1.01713318077585e-10,42.8478982300885,TRUE,7,0.142857142857143,"HALLMARK_INTERFERON_ALPHA_RESPONSE",FALSE,"Interaction_fdrOnly_up","hypoxia_anchored"
"SP100","GOBP_REGULATION_OF_VIRAL_PROCESS","GO_BP",0.000499750124937531,1.33583491075228e-08,1.01713318077585e-10,42.8478982300885,TRUE,5,0.2,"GOBP_REGULATION_OF_VIRAL_PROCESS",TRUE,"Interaction_fdrOnly_up","hypoxia_anchored"
"TRIM5","GOBP_REGULATION_OF_VIRAL_PROCESS","GO_BP",0.000499750124937531,1.33583491075228e-08,1.01713318077585e-10,42.8478982300885,TRUE,6,0.166666666666667,"HALLMARK_INTERFERON_ALPHA_RESPONSE",FALSE,"Interaction_fdrOnly_up","hypoxia_anchored"
"DHX58","GOBP_ANTIVIRAL_INNATE_IMMUNE_RESPONSE","GO_BP",0.000499750124937531,8.42975359323741e-05,1.64865918377912e-06,43.9166666666667,TRUE,6,0.166666666666667,"HALLMARK_INTERFERON_ALPHA_RESPONSE",FALSE,"Interaction_fdrOnly_up","hypoxia_anchored"
"EIF2AK2","GOBP_ANTIVIRAL_INNATE_IMMUNE_RESPONSE","GO_BP",0.000499750124937531,8.42975359323741e-05,1.64865918377912e-06,43.9166666666667,TRUE,9,0.111111111111111,"HALLMARK_INTERFERON_ALPHA_RESPONSE",FALSE,"Interaction_fdrOnly_up","hypoxia_anchored"
"IFIT1B","GOBP_ANTIVIRAL_INNATE_IMMUNE_RESPONSE","GO_BP",0.000499750124937531,8.42975359323741e-05,1.64865918377912e-06,43.9166666666667,TRUE,3,0.333333333333333,"GOBP_RESPONSE_TO_VIRUS",FALSE,"Interaction_fdrOnly_up","hypoxia_anchored"
"MX1","GOBP_ANTIVIRAL_INNATE_IMMUNE_RESPONSE","GO_BP",0.000499750124937531,8.42975359323741e-05,1.64865918377912e-06,43.9166666666667,TRUE,7,0.142857142857143,"HALLMARK_INTERFERON_ALPHA_RESPONSE",FALSE,"Interaction_fdrOnly_up","hypoxia_anchored"
"IFI27","GOBP_RESPONSE_TO_TYPE_I_INTERFERON","GO_BP",0.000499750124937531,0.000523692735139581,1.42626697142425e-05,25.6180555555556,TRUE,5,0.2,"HALLMARK_INTERFERON_ALPHA_RESPONSE",FALSE,"Interaction_fdrOnly_up","hypoxia_anchored"
"IRF7","GOBP_RESPONSE_TO_TYPE_I_INTERFERON","GO_BP",0.000499750124937531,0.000523692735139581,1.42626697142425e-05,25.6180555555556,TRUE,8,0.125,"HALLMARK_INTERFERON_ALPHA_RESPONSE",FALSE,"Interaction_fdrOnly_up","hypoxia_anchored"
"MX1","GOBP_RESPONSE_TO_TYPE_I_INTERFERON","GO_BP",0.000499750124937531,0.000523692735139581,1.42626697142425e-05,25.6180555555556,TRUE,7,0.142857142857143,"HALLMARK_INTERFERON_ALPHA_RESPONSE",FALSE,"Interaction_fdrOnly_up","hypoxia_anchored"
"SP100","GOBP_RESPONSE_TO_TYPE_I_INTERFERON","GO_BP",0.000499750124937531,0.000523692735139581,1.42626697142425e-05,25.6180555555556,TRUE,5,0.2,"GOBP_REGULATION_OF_VIRAL_PROCESS",FALSE,"Interaction_fdrOnly_up","hypoxia_anchored"
"EIF2AK2","GOBP_NEGATIVE_REGULATION_OF_VIRAL_GENOME_REPLICATION","GO_BP",0.000999500249875062,0.000778518769974773,2.37112315728357e-05,51.8765625,TRUE,9,0.111111111111111,"HALLMARK_INTERFERON_ALPHA_RESPONSE",FALSE,"Interaction_fdrOnly_up","hypoxia_anchored"
"IFI16","GOBP_NEGATIVE_REGULATION_OF_VIRAL_GENOME_REPLICATION","GO_BP",0.000999500249875062,0.000778518769974773,2.37112315728357e-05,51.8765625,TRUE,5,0.2,"GOBP_RESPONSE_TO_VIRUS",FALSE,"Interaction_fdrOnly_up","hypoxia_anchored"
"MX1","GOBP_NEGATIVE_REGULATION_OF_VIRAL_GENOME_REPLICATION","GO_BP",0.000999500249875062,0.000778518769974773,2.37112315728357e-05,51.8765625,TRUE,7,0.142857142857143,"HALLMARK_INTERFERON_ALPHA_RESPONSE",FALSE,"Interaction_fdrOnly_up","hypoxia_anchored"
"DHX58","GOBP_REGULATION_OF_PATTERN_RECOGNITION_RECEPTOR_SIGNALING_PATHWAY","GO_BP",0.000499750124937531,0.00217900591414174,7.1896134222951e-05,16.9739263803681,TRUE,6,0.166666666666667,"HALLMARK_INTERFERON_ALPHA_RESPONSE",FALSE,"Interaction_fdrOnly_up","hypoxia_anchored"
"EIF2AK2","GOBP_REGULATION_OF_PATTERN_RECOGNITION_RECEPTOR_SIGNALING_PATHWAY","GO_BP",0.000499750124937531,0.00217900591414174,7.1896134222951e-05,16.9739263803681,TRUE,9,0.111111111111111,"HALLMARK_INTERFERON_ALPHA_RESPONSE",FALSE,"Interaction_fdrOnly_up","hypoxia_anchored"
"IFI16","GOBP_REGULATION_OF_PATTERN_RECOGNITION_RECEPTOR_SIGNALING_PATHWAY","GO_BP",0.000499750124937531,0.00217900591414174,7.1896134222951e-05,16.9739263803681,TRUE,5,0.2,"GOBP_RESPONSE_TO_VIRUS",FALSE,"Interaction_fdrOnly_up","hypoxia_anchored"
"IRF7","GOBP_REGULATION_OF_PATTERN_RECOGNITION_RECEPTOR_SIGNALING_PATHWAY","GO_BP",0.000499750124937531,0.00217900591414174,7.1896134222951e-05,16.9739263803681,TRUE,8,0.125,"HALLMARK_INTERFERON_ALPHA_RESPONSE",FALSE,"Interaction_fdrOnly_up","hypoxia_anchored"
"DHX58","GOBP_MDA_5_SIGNALING_PATHWAY","GO_BP",0.000499750124937531,0.00228484498306595,8.75934658422172e-05,138.3375,TRUE,6,0.166666666666667,"HALLMARK_INTERFERON_ALPHA_RESPONSE",FALSE,"Interaction_fdrOnly_up","hypoxia_anchored"
"IRF7","GOBP_MDA_5_SIGNALING_PATHWAY","GO_BP",0.000499750124937531,0.00228484498306595,8.75934658422172e-05,138.3375,TRUE,8,0.125,"HALLMARK_INTERFERON_ALPHA_RESPONSE",FALSE,"Interaction_fdrOnly_up","hypoxia_anchored"
"EIF2AK2","GOBP_POSITIVE_REGULATION_OF_NF_KAPPAB_TRANSCRIPTION_FACTOR_ACTIVITY","GO_BP",0.000999500249875062,0.00243325940067822,0.000117339920337275,30.515625,TRUE,9,0.111111111111111,"HALLMARK_INTERFERON_ALPHA_RESPONSE",FALSE,"Interaction_fdrOnly_up","hypoxia_anchored"
"LGALS9","GOBP_POSITIVE_REGULATION_OF_NF_KAPPAB_TRANSCRIPTION_FACTOR_ACTIVITY","GO_BP",0.000999500249875062,0.00243325940067822,0.000117339920337275,30.515625,TRUE,4,0.25,"GOBP_RESPONSE_TO_VIRUS",FALSE,"Interaction_fdrOnly_up","hypoxia_anchored"
"TRIM5","GOBP_POSITIVE_REGULATION_OF_NF_KAPPAB_TRANSCRIPTION_FACTOR_ACTIVITY","GO_BP",0.000999500249875062,0.00243325940067822,0.000117339920337275,30.515625,TRUE,6,0.166666666666667,"HALLMARK_INTERFERON_ALPHA_RESPONSE",FALSE,"Interaction_fdrOnly_up","hypoxia_anchored"
"DHX58","GOBP_NEGATIVE_REGULATION_OF_INNATE_IMMUNE_RESPONSE","GO_BP",0.000499750124937531,0.00331254470281117,0.000176556951165063,26.6033653846154,TRUE,6,0.166666666666667,"HALLMARK_INTERFERON_ALPHA_RESPONSE",FALSE,"Interaction_fdrOnly_up","hypoxia_anchored"
"IFI16","GOBP_NEGATIVE_REGULATION_OF_INNATE_IMMUNE_RESPONSE","GO_BP",0.000499750124937531,0.00331254470281117,0.000176556951165063,26.6033653846154,TRUE,5,0.2,"GOBP_RESPONSE_TO_VIRUS",FALSE,"Interaction_fdrOnly_up","hypoxia_anchored"
"LGALS9","GOBP_NEGATIVE_REGULATION_OF_INNATE_IMMUNE_RESPONSE","GO_BP",0.000499750124937531,0.00331254470281117,0.000176556951165063,26.6033653846154,TRUE,4,0.25,"GOBP_RESPONSE_TO_VIRUS",FALSE,"Interaction_fdrOnly_up","hypoxia_anchored"
"IFI27","GOBP_REGULATION_OF_PROTEIN_EXPORT_FROM_NUCLEUS","GO_BP",0.000999500249875062,0.0124112748205691,0.00094772854761341,43.23046875,TRUE,5,0.2,"HALLMARK_INTERFERON_ALPHA_RESPONSE",FALSE,"Interaction_fdrOnly_up","hypoxia_anchored"
"SP100","GOBP_REGULATION_OF_PROTEIN_EXPORT_FROM_NUCLEUS","GO_BP",0.000999500249875062,0.0124112748205691,0.00094772854761341,43.23046875,TRUE,5,0.2,"GOBP_REGULATION_OF_VIRAL_PROCESS",FALSE,"Interaction_fdrOnly_up","hypoxia_anchored"
"EIF2AK2","REACTOME_INTERFERON_SIGNALING","Reactome",0.000499750124937531,9.17595693435629e-08,1.58206154040626e-09,18.9235328986366,TRUE,9,0.111111111111111,"HALLMARK_INTERFERON_ALPHA_RESPONSE",FALSE,"Interaction_fdrOnly_up","hypoxia_anchored"
"IFI27","REACTOME_INTERFERON_SIGNALING","Reactome",0.000499750124937531,9.17595693435629e-08,1.58206154040626e-09,18.9235328986366,TRUE,5,0.2,"HALLMARK_INTERFERON_ALPHA_RESPONSE",FALSE,"Interaction_fdrOnly_up","hypoxia_anchored"
"IRF7","REACTOME_INTERFERON_SIGNALING","Reactome",0.000499750124937531,9.17595693435629e-08,1.58206154040626e-09,18.9235328986366,TRUE,8,0.125,"HALLMARK_INTERFERON_ALPHA_RESPONSE",FALSE,"Interaction_fdrOnly_up","hypoxia_anchored"
"MX1","REACTOME_INTERFERON_SIGNALING","Reactome",0.000499750124937531,9.17595693435629e-08,1.58206154040626e-09,18.9235328986366,TRUE,7,0.142857142857143,"HALLMARK_INTERFERON_ALPHA_RESPONSE",FALSE,"Interaction_fdrOnly_up","hypoxia_anchored"
"SP100","REACTOME_INTERFERON_SIGNALING","Reactome",0.000499750124937531,9.17595693435629e-08,1.58206154040626e-09,18.9235328986366,TRUE,5,0.2,"GOBP_REGULATION_OF_VIRAL_PROCESS",FALSE,"Interaction_fdrOnly_up","hypoxia_anchored"
"TRIM34","REACTOME_INTERFERON_SIGNALING","Reactome",0.000499750124937531,9.17595693435629e-08,1.58206154040626e-09,18.9235328986366,TRUE,3,0.333333333333333,"GOBP_RESPONSE_TO_VIRUS",FALSE,"Interaction_fdrOnly_up","hypoxia_anchored"
"TRIM5","REACTOME_INTERFERON_SIGNALING","Reactome",0.000499750124937531,9.17595693435629e-08,1.58206154040626e-09,18.9235328986366,TRUE,6,0.166666666666667,"HALLMARK_INTERFERON_ALPHA_RESPONSE",FALSE,"Interaction_fdrOnly_up","hypoxia_anchored"
"XAF1","REACTOME_INTERFERON_SIGNALING","Reactome",0.000499750124937531,9.17595693435629e-08,1.58206154040626e-09,18.9235328986366,TRUE,1,1,"REACTOME_INTERFERON_SIGNALING",TRUE,"Interaction_fdrOnly_up","hypoxia_anchored"
"IRF7","REACTOME_INTERFERON_GAMMA_SIGNALING","Reactome",0.000499750124937531,0.000159626960062605,8.25656689978993e-06,28.8643761301989,TRUE,8,0.125,"HALLMARK_INTERFERON_ALPHA_RESPONSE",FALSE,"Interaction_fdrOnly_up","hypoxia_anchored"
"SP100","REACTOME_INTERFERON_GAMMA_SIGNALING","Reactome",0.000499750124937531,0.000159626960062605,8.25656689978993e-06,28.8643761301989,TRUE,5,0.2,"GOBP_REGULATION_OF_VIRAL_PROCESS",FALSE,"Interaction_fdrOnly_up","hypoxia_anchored"
"TRIM34","REACTOME_INTERFERON_GAMMA_SIGNALING","Reactome",0.000499750124937531,0.000159626960062605,8.25656689978993e-06,28.8643761301989,TRUE,3,0.333333333333333,"GOBP_RESPONSE_TO_VIRUS",FALSE,"Interaction_fdrOnly_up","hypoxia_anchored"
"TRIM5","REACTOME_INTERFERON_GAMMA_SIGNALING","Reactome",0.000499750124937531,0.000159626960062605,8.25656689978993e-06,28.8643761301989,TRUE,6,0.166666666666667,"HALLMARK_INTERFERON_ALPHA_RESPONSE",FALSE,"Interaction_fdrOnly_up","hypoxia_anchored"
"IFI27L1","not claimed by any selected set","not claimed by any selected set",NA,NA,NA,NA,NA,0,1,"not claimed by any selected set",TRUE,"Interaction_fdrOnly_up","hypoxia_anchored"
"RNF213","not claimed by any selected set","not claimed by any selected set",NA,NA,NA,NA,NA,0,1,"not claimed by any selected set",TRUE,"Interaction_fdrOnly_up","hypoxia_anchored"
