"ID","term_size","k_obs","p_obs_recomputed","q_obs_recomputed","k_null_matched_mean","k_null_matched_q95","p_matched","frac_matched_reaching_q","k_null_uniform_mean","p_uniform","frac_uniform_reaching_q","arm","ontology","iea_variant","Description","p_adjust_hypergeometric","simplify_kept"
"GO:0001525",410,30,2.08290604159309e-12,3.51386249216754e-09,13.598,19,0.000499750124937531,0.3675,6.1745,0.000499750124937531,0,"WT_heat_up","BP","with_iea","angiogenesis",3.51386249216754e-09,TRUE
"GO:0048514",466,32,1.94867732198905e-12,3.51386249216754e-09,15.72,22,0.000499750124937531,0.4575,7.031,0.000499750124937531,0,"WT_heat_up","BP","with_iea","blood vessel morphogenesis",3.51386249216754e-09,FALSE
"GO:0001819",419,26,2.52097354848927e-09,1.50042459533541e-06,15.9215,22,0.00649675162418791,0.612,6.325,0.000499750124937531,0,"WT_heat_up","BP","with_iea","positive regulation of cytokine production",1.50042459533541e-06,TRUE
"GO:0006935",331,23,2.66821208417678e-09,1.50042459533541e-06,10.967,16,0.000999500249875062,0.274,4.9015,0.000499750124937531,0,"WT_heat_up","BP","with_iea","chemotaxis",1.50042459533541e-06,TRUE
"GO:0030335",443,27,1.78292330876871e-09,1.50042459533541e-06,16.2395,22,0.00249875062468766,0.5735,6.6905,0.000499750124937531,0,"WT_heat_up","BP","with_iea","positive regulation of cell migration",1.50042459533541e-06,TRUE
"GO:0042330",331,23,2.66821208417678e-09,1.50042459533541e-06,10.967,16,0.000999500249875062,0.274,4.9015,0.000499750124937531,0,"WT_heat_up","BP","with_iea","taxis",1.50042459533541e-06,FALSE
"GO:2000147",457,27,3.50007531840321e-09,1.68703630347035e-06,16.5945,22,0.00399800099950025,0.5855,6.9195,0.000499750124937531,0,"WT_heat_up","BP","with_iea","positive regulation of cell motility",1.68703630347035e-06,FALSE
"GO:0040017",467,27,5.57307369123386e-09,2.35044382927788e-06,16.9625,23,0.00499750124937531,0.5965,7.082,0.000499750124937531,0,"WT_heat_up","BP","with_iea","positive regulation of locomotion",2.35044382927788e-06,TRUE
"GO:0045765",224,18,1.70852290926433e-08,6.40506255095317e-06,8.048,13,0.00149925037481259,0.2295,3.3455,0.000499750124937531,0,"WT_heat_up","BP","with_iea","regulation of angiogenesis",6.40506255095317e-06,FALSE
"GO:1901342",229,18,2.40947556385593e-08,8.12957055244992e-06,8.2605,13,0.00149925037481259,0.232,3.4335,0.000499750124937531,0,"WT_heat_up","BP","with_iea","regulation of vasculature development",8.12957055244992e-06,FALSE
"GO:0019221",425,24,6.64930796381014e-08,2.03952409726322e-05,14.103,20,0.00399800099950025,0.38,6.444,0.000499750124937531,0,"WT_heat_up","BP","with_iea","cytokine-mediated signaling pathway",2.03952409726322e-05,TRUE
"GO:0060326",228,17,1.29738595006525e-07,3.64781682960014e-05,7.714,12,0.000499750124937531,0.172586293146573,3.339,0.000499750124937531,0,"WT_heat_up","BP","with_iea","cell chemotaxis",3.64781682960014e-05,TRUE
"GO:0009611",443,24,1.44352803461828e-07,3.74651045292467e-05,14.6195,20,0.0079960019990005,0.3755,6.7275,0.000499750124937531,0,"WT_heat_up","BP","with_iea","response to wounding",3.74651045292467e-05,TRUE
"GO:0048771",133,13,1.86969627357178e-07,4.43350331575523e-05,4.9485,8,0.00349825087456272,0.125502008032129,1.919,0.000499750124937531,0,"WT_heat_up","BP","with_iea","tissue remodeling",4.43350331575523e-05,TRUE
"GO:2001233",322,20,1.97102992698069e-07,4.43350331575523e-05,11.255,16,0.00599700149925037,0.3365,4.8125,0.000499750124937531,0,"WT_heat_up","BP","with_iea","regulation of apoptotic signaling pathway",4.43350331575523e-05,TRUE
"GO:0050867",334,20,3.54733218985578e-07,7.48043675535837e-05,13.276,19,0.0299850074962519,0.552,5.0045,0.000499750124937531,0,"WT_heat_up","BP","with_iea","positive regulation of cell activation",7.48043675535837e-05,TRUE
"GO:0048729",438,23,4.66010964886509e-07,9.24894703251224e-05,15.137,21,0.0184907546226887,0.4655,6.7685,0.000499750124937531,0,"WT_heat_up","BP","with_iea","tissue morphogenesis",9.24894703251224e-05,TRUE
"GO:0045785",409,22,5.62904126944186e-07,0.000105513251350538,15.4375,21,0.0499750124937531,0.575,6.1925,0.000499750124937531,0,"WT_heat_up","BP","with_iea","positive regulation of cell adhesion",0.000105513251350538,TRUE
"GO:0002696",319,19,7.67961890614111e-07,0.0001295551709466,12.8125,18,0.0469765117441279,0.5245,4.788,0.000499750124937531,0,"WT_heat_up","BP","with_iea","positive regulation of leukocyte activation",0.0001295551709466,FALSE
"GO:0050727",319,19,7.67961890614111e-07,0.0001295551709466,11.724,17,0.0174912543728136,0.3895,4.842,0.000499750124937531,0,"WT_heat_up","BP","with_iea","regulation of inflammatory response",0.0001295551709466,TRUE
"GO:0002694",494,24,1.04416532393059e-06,0.000167762562044848,18.7405,25,0.103448275862069,0.6915,7.5,0.000499750124937531,0,"WT_heat_up","BP","with_iea","regulation of leukocyte activation",0.000167762562044848,FALSE
"GO:2001236",134,12,1.44103159612784e-06,0.00022100184569706,4.859,8,0.00199900049975012,0.107591754650578,1.9825,0.000499750124937531,0,"WT_heat_up","BP","with_iea","regulation of extrinsic apoptotic signaling pathway",0.00022100184569706,FALSE
"GO:0042060",342,19,2.17498321875862e-06,0.000319060581743112,11.0765,16,0.0134932533733133,0.258,5.2005,0.000499750124937531,0,"WT_heat_up","BP","with_iea","wound healing",0.000319060581743112,FALSE
"GO:0050878",280,17,2.32559474975077e-06,0.000326939861902462,8.526,13,0.00449775112443778,0.146,4.2945,0.000499750124937531,0,"WT_heat_up","BP","with_iea","regulation of body fluid levels",0.000326939861902462,TRUE
"GO:0070661",287,17,3.25051809685461e-06,0.000438689922351499,11.132,16,0.0379810094952524,0.4215,4.291,0.000499750124937531,0,"WT_heat_up","BP","with_iea","leukocyte proliferation",0.000438689922351499,TRUE
"GO:0006959",146,12,3.5656197103044e-06,0.000445570403798779,3.9395,7,0.000499750124937531,0.0404653515427415,2.103,0.000499750124937531,0,"WT_heat_up","BP","with_iea","humoral immune response",0.000445570403798779,TRUE
"GO:0097191",199,14,3.45731107724351e-06,0.000445570403798779,7.0665,11,0.00949525237381309,0.1825,3.022,0.000499750124937531,0,"WT_heat_up","BP","with_iea","extrinsic apoptotic signaling pathway",0.000445570403798779,FALSE
"GO:0007200",84,9,7.11326180009807e-06,0.000846924741030785,2.096,5,0.000499750124937531,0.019564002235886,1.229,0.000499750124937531,0,"WT_heat_up","BP","with_iea","phospholipase C-activating G protein-coupled receptor signaling pathway",0.000846924741030785,FALSE
"GO:0016525",85,9,7.84763956521512e-06,0.000846924741030785,3.0105,6,0.00199900049975012,0.0733368255631221,1.2355,0.000499750124937531,0,"WT_heat_up","BP","with_iea","negative regulation of angiogenesis",0.000846924741030785,FALSE
"GO:0022407",407,20,7.46610573270789e-06,0.000846924741030785,15.8315,22,0.133933033483258,0.645,6.2105,0.000499750124937531,0,"WT_heat_up","BP","with_iea","regulation of cell-cell adhesion",0.000846924741030785,FALSE
"GO:0030307",132,11,8.03248124273418e-06,0.000846924741030785,4.383,8,0.00249875062468766,0.0695564516129032,1.9775,0.000499750124937531,0,"WT_heat_up","BP","with_iea","positive regulation of cell growth",0.000846924741030785,TRUE
"GO:2000181",85,9,7.84763956521512e-06,0.000846924741030785,3.0105,6,0.00199900049975012,0.0733368255631221,1.2355,0.000499750124937531,0,"WT_heat_up","BP","with_iea","negative regulation of blood vessel morphogenesis",0.000846924741030785,FALSE
"GO:0022409",276,16,8.40375383310831e-06,0.000857982459627749,10.921,16,0.0634682658670665,0.429,4.1805,0.000499750124937531,0,"WT_heat_up","BP","with_iea","positive regulation of cell-cell adhesion",0.000857982459627749,FALSE
"GO:1901343",86,9,8.64594061272776e-06,0.000857982459627749,3.025,6,0.00199900049975012,0.0732600732600733,1.249,0.000499750124937531,0,"WT_heat_up","BP","with_iea","negative regulation of vasculature development",0.000857982459627749,FALSE
"GO:0045744",48,7,9.79286573677272e-06,0.000926118480216977,1.372,3,0.000499750124937531,0.0113031914893617,0.643,0.000499750124937531,0,"WT_heat_up","BP","with_iea","negative regulation of G protein-coupled receptor signaling pathway",0.000926118480216977,TRUE
"GO:0050673",312,17,9.88152498156822e-06,0.000926118480216977,11.85,17,0.0654672663668166,0.413,4.758,0.000499750124937531,0,"WT_heat_up","BP","with_iea","epithelial cell proliferation",0.000926118480216977,TRUE
"GO:0007159",348,18,1.09511445826746e-05,0.000947414405690874,13.71,19,0.110444777611194,0.552,5.3015,0.000499750124937531,0,"WT_heat_up","BP","with_iea","leukocyte cell-cell adhesion",0.000947414405690874,TRUE
"GO:0009617",490,22,1.07550436352458e-05,0.000947414405690874,15.396,21,0.0449775112443778,0.355,7.5385,0.000499750124937531,0,"WT_heat_up","BP","with_iea","response to bacterium",0.000947414405690874,TRUE
"GO:0050729",136,11,1.06936288742564e-05,0.000947414405690874,5.0445,9,0.00999500249875063,0.120923231309584,2.0155,0.000499750124937531,0,"WT_heat_up","BP","with_iea","positive regulation of inflammatory response",0.000947414405690874,FALSE
"GO:0001707",49,7,1.12726917859285e-05,0.000950851552143065,1.8285,4,0.00199900049975012,0.0332555425904317,0.679,0.000499750124937531,0,"WT_heat_up","BP","with_iea","mesoderm formation",0.000950851552143065,TRUE
"GO:0048332",50,7,1.29330575685615e-05,0.00106429600576406,1.8675,4,0.00199900049975012,0.036564132327336,0.6955,0.000499750124937531,0,"WT_heat_up","BP","with_iea","mesoderm morphogenesis",0.00106429600576406,FALSE
"GO:0050900",287,16,1.37140167521973e-05,0.00110169267909318,10.297,15,0.0424787606196902,0.314,4.2755,0.000499750124937531,0,"WT_heat_up","BP","with_iea","leukocyte migration",0.00110169267909318,TRUE
"GO:0008277",115,10,1.43813267399202e-05,0.00110278628228388,3.158,6,0.00199900049975012,0.0385416666666667,1.664,0.000499750124937531,0,"WT_heat_up","BP","with_iea","regulation of G protein-coupled receptor signaling pathway",0.00110278628228388,FALSE
"GO:1903532",225,14,1.42107784295527e-05,0.00110278628228388,8.0555,13,0.0254872563718141,0.242121060530265,3.3935,0.000499750124937531,0,"WT_heat_up","BP","with_iea","positive regulation of secretion by cell",0.00110278628228388,TRUE
"GO:2001238",51,7,1.47908022102453e-05,0.00110898148127483,1.809,4,0.00299850074962519,0.0392857142857143,0.707,0.000499750124937531,0,"WT_heat_up","BP","with_iea","positive regulation of extrinsic apoptotic signaling pathway",0.00110898148127483,FALSE
"GO:0001890",116,10,1.55234343134849e-05,0.00112137064568773,3.8875,7,0.00499750124937531,0.0784114052953157,1.6845,0.000499750124937531,0,"WT_heat_up","BP","with_iea","placenta development",0.00112137064568773,TRUE
"GO:0048598",428,20,1.56207529185902e-05,0.00112137064568773,13.9475,19,0.0499750124937531,0.3655,6.5225,0.000499750124937531,0,"WT_heat_up","BP","with_iea","embryonic morphogenesis",0.00112137064568773,FALSE
"GO:0030595",169,12,1.60134775433669e-05,0.0011256140256525,5.954,10,0.0149925037481259,0.125562781390695,2.4765,0.000499750124937531,0,"WT_heat_up","BP","with_iea","leukocyte chemotaxis",0.0011256140256525,FALSE
"GO:0031349",467,21,1.68941524881181e-05,0.00114603895048557,16.248,22,0.118440779610195,0.5115,7.2005,0.000499750124937531,0,"WT_heat_up","BP","with_iea","positive regulation of defense response",0.00114603895048557,FALSE
"GO:0044057",360,18,1.73230546753895e-05,0.00114603895048557,12.294,18,0.0619690154922539,0.3465,5.533,0.000499750124937531,0,"WT_heat_up","BP","with_iea","regulation of system process",0.00114603895048557,TRUE
"GO:0071674",170,12,1.69931236433022e-05,0.00114603895048557,6.439,10,0.0194902548725637,0.184592296148074,2.539,0.000499750124937531,0,"WT_heat_up","BP","with_iea","mononuclear cell migration",0.00114603895048557,FALSE
"GO:0010720",361,18,1.79804553298734e-05,0.00116665492851909,14.5275,20,0.173413293353323,0.611,5.53,0.000499750124937531,0,"WT_heat_up","BP","with_iea","positive regulation of cell development",0.00116665492851909,TRUE
"GO:0045766",120,10,2.09078035423534e-05,0.0013309986632434,4.6125,8,0.0114942528735632,0.142208774583964,1.7925,0.000499750124937531,0,"WT_heat_up","BP","with_iea","positive regulation of angiogenesis",0.0013309986632434,FALSE
"GO:0050818",54,7,2.17330928309579e-05,0.00133322645839367,1.732,4,0.00149925037481259,0.027027027027027,0.7845,0.000499750124937531,0,"WT_heat_up","BP","with_iea","regulation of coagulation",0.00133322645839367,TRUE
"GO:0061844",54,7,2.17330928309579e-05,0.00133322645839367,1.199,3,0.000499750124937531,0.00704721634954193,0.76,0.000499750124937531,0,"WT_heat_up","BP","with_iea","antimicrobial humoral immune response mediated by antimicrobial peptide",0.00133322645839367,TRUE
"GO:0070372",204,13,2.2539149940429e-05,0.00135798378391085,8.035,12,0.0464767616191904,0.27663831915958,3.065,0.000499750124937531,0,"WT_heat_up","BP","with_iea","regulation of ERK1 and ERK2 cascade",0.00135798378391085,FALSE
"GO:0030316",97,9,2.31218950015137e-05,0.00136865392517732,3.105,6,0.00399800099950025,0.0524948024948025,1.432,0.000499750124937531,0,"WT_heat_up","BP","with_iea","osteoclast differentiation",0.00136865392517732,TRUE
"GO:0051047",237,14,2.54382746932241e-05,0.00147980584163687,8.463,13,0.0354822588705647,0.236118059029515,3.591,0.000499750124937531,0,"WT_heat_up","BP","with_iea","positive regulation of secretion",0.00147980584163687,FALSE
"GO:1904018",123,10,2.59332712685808e-05,0.0014830314789863,4.762,8,0.0124937531234383,0.1389028686462,1.85,0.000499750124937531,0,"WT_heat_up","BP","with_iea","positive regulation of vasculature development",0.0014830314789863,FALSE
"GO:0043068",446,20,2.82449456963781e-05,0.00148903823093093,15.0195,21,0.0894552723638181,0.412,6.8625,0.000499750124937531,0,"WT_heat_up","BP","with_iea","positive regulation of programmed cell death",0.00148903823093093,TRUE
"GO:0048568",304,16,2.78583094668212e-05,0.00148903823093093,9.777,15,0.0249875062468766,0.21,4.629,0.000499750124937531,0,"WT_heat_up","BP","with_iea","embryonic organ development",0.00148903823093093,TRUE
"GO:0072677",12,4,2.77962664459827e-05,0.00148903823093093,0.293,1,0.000499750124937531,0.00191570881226054,0.1235,0.000499750124937531,0,"WT_heat_up","BP","with_iea","eosinophil migration",0.00148903823093093,FALSE
"GO:1903034",124,10,2.78236668398106e-05,0.00148903823093093,4.624,8,0.0174912543728136,0.12020202020202,1.8725,0.000499750124937531,0,"WT_heat_up","BP","with_iea","regulation of response to wounding",0.00148903823093093,TRUE
"GO:2001235",124,10,2.78236668398106e-05,0.00148903823093093,4.4865,8,0.0119940029985007,0.104680422747861,1.7995,0.000499750124937531,0,"WT_heat_up","BP","with_iea","positive regulation of apoptotic signaling pathway",0.00148903823093093,FALSE
"GO:0006898",210,13,3.05806849627655e-05,0.00158737278560571,5.726,10,0.00449775112443778,0.0591775325977934,3.1795,0.000499750124937531,0,"WT_heat_up","BP","with_iea","receptor-mediated endocytosis",0.00158737278560571,TRUE
"GO:1903039",242,14,3.20540125460527e-05,0.00163863997470275,9.8775,15,0.0969515242378811,0.398,3.6425,0.000499750124937531,0,"WT_heat_up","BP","with_iea","positive regulation of leukocyte cell-cell adhesion",0.00163863997470275,FALSE
"GO:0040008",453,20,3.52294720928882e-05,0.00177409311703589,15.2035,21,0.102948525737131,0.4405,6.9965,0.000499750124937531,0,"WT_heat_up","BP","with_iea","regulation of growth",0.00177409311703589,TRUE
"GO:0042110",494,21,3.87699951196551e-05,0.00192367593431936,18.4375,25,0.278360819590205,0.6835,7.5775,0.000499750124937531,0,"WT_heat_up","BP","with_iea","T cell activation",0.00192367593431936,TRUE
"GO:0048260",41,6,4.23761498301093e-05,0.00207213231198245,1.4065,3,0.00149925037481259,0.0258564964447317,0.566,0.000499750124937531,0,"WT_heat_up","BP","with_iea","positive regulation of receptor-mediated endocytosis",0.00207213231198245,TRUE
"GO:0001558",317,16,4.62104601775733e-05,0.00222734418055903,10.095,15,0.0359820089955022,0.2015,4.837,0.000499750124937531,0,"WT_heat_up","BP","with_iea","regulation of cell growth",0.00222734418055903,FALSE
"GO:1903037",319,16,4.98239506297479e-05,0.00233480568645513,12.8235,18,0.181909045477261,0.5305,4.848,0.000499750124937531,0,"WT_heat_up","BP","with_iea","regulation of leukocyte cell-cell adhesion",0.00233480568645513,FALSE
"GO:1903131",464,20,4.93569421617544e-05,0.00233480568645513,17.4765,23,0.275862068965517,0.6595,7.1335,0.000499750124937531,0,"WT_heat_up","BP","with_iea","mononuclear cell differentiation",0.00233480568645513,FALSE
"GO:0048520",14,4,5.48232432990797e-05,0.00253388524508349,0.3405,1,0.000999500249875062,0.00851788756388416,0.1645,0.000499750124937531,0,"WT_heat_up","BP","with_iea","positive regulation of behavior",0.00253388524508349,TRUE
"GO:0043065",431,19,5.69283668610791e-05,0.00259562580796326,14.4425,20,0.110444777611194,0.3915,6.6085,0.000499750124937531,0,"WT_heat_up","BP","with_iea","positive regulation of apoptotic process",0.00259562580796326,FALSE
"GO:0050870",224,13,5.97191834870924e-05,0.00268656700113933,9.343,14,0.121939030484758,0.4,3.365,0.000499750124937531,0,"WT_heat_up","BP","with_iea","positive regulation of T cell activation",0.00268656700113933,FALSE
"GO:0050679",136,10,6.14794168096585e-05,0.00272936253047089,5.46,9,0.0454772613693153,0.181681681681682,2.066,0.000499750124937531,0,"WT_heat_up","BP","with_iea","positive regulation of epithelial cell proliferation",0.00272936253047089,TRUE
"GO:0007189",110,9,6.29162919440645e-05,0.00275687751973083,2.651,6,0.000999500249875062,0.0143236074270557,1.5785,0.000499750124937531,0,"WT_heat_up","BP","with_iea","adenylate cyclase-activating G protein-coupled receptor signaling pathway",0.00275687751973083,FALSE
"GO:0050795",44,6,6.39458779016959e-05,0.00276606912872208,1.4285,3,0.00199900049975012,0.017274472168906,0.633,0.000499750124937531,0,"WT_heat_up","BP","with_iea","regulation of behavior",0.00276606912872208,FALSE
"GO:0007498",86,8,6.51071999458203e-05,0.00277549355548203,2.979,6,0.00599700149925037,0.0618503118503119,1.2565,0.000499750124937531,0,"WT_heat_up","BP","with_iea","mesoderm development",0.00277549355548203,FALSE
"GO:0051251",292,15,6.58089758264856e-05,0.00277549355548203,11.993,17,0.2023988005997,0.526,4.4265,0.000499750124937531,0,"WT_heat_up","BP","with_iea","positive regulation of lymphocyte activation",0.00277549355548203,FALSE
"GO:0002009",364,17,7.02980034188922e-05,0.00282363647065884,12.9245,18,0.132933533233383,0.4055,5.659,0.000999500249875062,0,"WT_heat_up","BP","with_iea","morphogenesis of an epithelium",0.00282363647065884,FALSE
"GO:0002274",196,12,6.90698386397253e-05,0.00282363647065884,7.261,11,0.0444777611194403,0.2045,2.951,0.000499750124937531,0,"WT_heat_up","BP","with_iea","myeloid leukocyte activation",0.00282363647065884,TRUE
"GO:0007409",328,16,6.93560777252413e-05,0.00282363647065884,10.0235,15,0.0349825087456272,0.175,4.953,0.000499750124937531,0,"WT_heat_up","BP","with_iea","axonogenesis",0.00282363647065884,TRUE
"GO:0070665",138,10,6.95678497307851e-05,0.00282363647065884,5.66,9,0.0499750124937531,0.185185185185185,2.026,0.000499750124937531,0,"WT_heat_up","BP","with_iea","positive regulation of leukocyte proliferation",0.00282363647065884,TRUE
"GO:0007507",439,19,7.27788951042963e-05,0.00285530223351041,15.252,21,0.16591704147926,0.4665,6.8855,0.000499750124937531,0,"WT_heat_up","BP","with_iea","heart development",0.00285530223351041,FALSE
"GO:0051249",439,19,7.27788951042963e-05,0.00285530223351041,17.0395,23,0.334832583708146,0.655,6.7045,0.000499750124937531,0,"WT_heat_up","BP","with_iea","regulation of lymphocyte activation",0.00285530223351041,FALSE
"GO:0070371",230,13,7.82304488735452e-05,0.00303390269539473,9.0045,14,0.0994502748625687,0.32416208104052,3.4815,0.000999500249875062,0,"WT_heat_up","BP","with_iea","ERK1 and ERK2 cascade",0.00303390269539473,FALSE
"GO:0048812",481,20,8.12290872255314e-05,0.00311439704885163,14.1165,20,0.063968015992004,0.2395,7.4065,0.000499750124937531,0,"WT_heat_up","BP","with_iea","neuron projection morphogenesis",0.00311439704885163,FALSE
"GO:0060537",298,15,8.27673376519006e-05,0.00313771907008441,10.2915,15,0.0779610194902549,0.2875,4.623,0.000499750124937531,0,"WT_heat_up","BP","with_iea","muscle tissue development",0.00313771907008441,FALSE
"GO:0008217",115,9,8.90073886346037e-05,0.00333678810281281,3.5695,7,0.00549725137431284,0.0525242223355431,1.6485,0.000499750124937531,0,"WT_heat_up","BP","with_iea","regulation of blood pressure",0.00333678810281281,TRUE
"GO:0002443",336,16,9.20784655479929e-05,0.00341398618416404,11.4985,17,0.101449275362319,0.337,5.1275,0.000499750124937531,0,"WT_heat_up","BP","with_iea","leukocyte mediated immunity",0.00341398618416404,TRUE
"GO:0046890",143,10,9.38437946319677e-05,0.00344161916400282,5.11,9,0.0349825087456272,0.12744606121425,2.1095,0.000499750124937531,0,"WT_heat_up","BP","with_iea","regulation of lipid biosynthetic process",0.00344161916400282,TRUE
"GO:0001892",69,7,0.000108304052002479,0.00375328653765685,2.361,5,0.00499750124937531,0.0277173913043478,0.981,0.000499750124937531,0,"WT_heat_up","BP","with_iea","embryonic placenta development",0.00375328653765685,FALSE
"GO:0002526",69,7,0.000108304052002479,0.00375328653765685,2.432,5,0.0114942528735632,0.0462207721587819,0.9815,0.000499750124937531,0,"WT_heat_up","BP","with_iea","acute inflammatory response",0.00375328653765685,TRUE
"GO:0003013",414,18,0.00010713550696621,0.00375328653765685,13.0465,19,0.0879560219890055,0.2785,6.384,0.000499750124937531,0,"WT_heat_up","BP","with_iea","circulatory system process",0.00375328653765685,TRUE
"GO:0030900",271,14,0.000109016621425718,0.00375328653765685,8.789,13,0.0454772613693153,0.182,4.247,0.000499750124937531,0,"WT_heat_up","BP","with_iea","forebrain development",0.00375328653765685,TRUE
"GO:0048259",92,8,0.000105313761772063,0.00375328653765685,2.7855,6,0.00999500249875063,0.0441254651780968,1.3595,0.000499750124937531,0,"WT_heat_up","BP","with_iea","regulation of receptor-mediated endocytosis",0.00375328653765685,FALSE
"GO:0061041",92,8,0.000105313761772063,0.00375328653765685,3.3555,6,0.015992003998001,0.0828586224754014,1.389,0.000999500249875062,0,"WT_heat_up","BP","with_iea","regulation of wound healing",0.00375328653765685,FALSE
"GO:0048247",31,5,0.000117343259562571,0.00399915310872844,1.038,3,0.00249875062468766,0.019578313253012,0.4245,0.000499750124937531,0,"WT_heat_up","BP","with_iea","lymphocyte chemotaxis",0.00399915310872844,FALSE
"GO:0008544",240,13,0.000120204284575122,0.00405569256156461,7.385,12,0.0284857571214393,0.127,3.591,0.000499750124937531,0,"WT_heat_up","BP","with_iea","epidermis development",0.00405569256156461,FALSE
"GO:0120039",496,20,0.000123362258293289,0.00412103227209462,14.5505,20,0.0839580209895052,0.2595,7.654,0.000499750124937531,0,"WT_heat_up","BP","with_iea","plasma membrane bounded cell projection morphogenesis",0.00412103227209462,FALSE
"GO:1903530",419,18,0.000124609271298361,0.00412187922902617,14.503,20,0.197401299350325,0.459,6.4485,0.000499750124937531,0,"WT_heat_up","BP","with_iea","regulation of secretion by cell",0.00412187922902617,FALSE
"GO:0030193",50,6,0.000133003612598899,0.00435683678552123,1.6395,4,0.00499750124937531,0.0214067278287462,0.738,0.000499750124937531,0,"WT_heat_up","BP","with_iea","regulation of blood coagulation",0.00435683678552123,TRUE
"GO:0002573",211,12,0.000139468996472355,0.00446698259175828,7.721,12,0.0624687656171914,0.226,3.21,0.000499750124937531,0,"WT_heat_up","BP","with_iea","myeloid leukocyte differentiation",0.00446698259175828,FALSE
"GO:0008015",348,16,0.000138388572350513,0.00446698259175828,11.4675,17,0.0924537731134433,0.2795,5.301,0.000499750124937531,0,"WT_heat_up","BP","with_iea","blood circulation",0.00446698259175828,FALSE
"GO:0050671",122,9,0.000140337923748185,0.00446698259175828,5.104,9,0.0569715142428786,0.183642749623683,1.8045,0.000499750124937531,0,"WT_heat_up","BP","with_iea","positive regulation of lymphocyte proliferation",0.00446698259175828,FALSE
"GO:0002548",33,5,0.000159736900563383,0.00485542614865633,1.238,3,0.00599700149925037,0.0388080388080388,0.4285,0.000499750124937531,0,"WT_heat_up","BP","with_iea","monocyte chemotaxis",0.00485542614865633,FALSE
"GO:0030098",389,17,0.000157454783020173,0.00485542614865633,14.5255,20,0.266366816591704,0.5175,5.9655,0.00149925037481259,0,"WT_heat_up","BP","with_iea","lymphocyte differentiation",0.00485542614865633,FALSE
"GO:0032946",124,9,0.000158882181547974,0.00485542614865633,5.1905,9,0.0679660169915042,0.18314099347717,1.834,0.000499750124937531,0,"WT_heat_up","BP","with_iea","positive regulation of mononuclear cell proliferation",0.00485542614865633,FALSE
"GO:0120255",18,4,0.000159434348040546,0.00485542614865633,0.5005,2,0.00249875062468766,0.0333761232349166,0.218,0.000499750124937531,0,"WT_heat_up","BP","with_iea","olefinic compound biosynthetic process",0.00485542614865633,TRUE
"GO:0150076",73,7,0.000155044134236298,0.00485542614865633,2.916,6,0.0214892553723138,0.0672225117248567,1.059,0.000499750124937531,0,"WT_heat_up","BP","with_iea","neuroinflammatory response",0.00485542614865633,FALSE
"GO:0120254",98,8,0.000164184460512549,0.00494605687294052,2.0115,5,0.000999500249875062,0.00518134715025907,1.4255,0.000499750124937531,0,"WT_heat_up","BP","with_iea","olefinic compound metabolic process",0.00494605687294052,FALSE
"GO:1900046",52,6,0.000165969861102261,0.00495559567574362,1.694,4,0.00599700149925037,0.0224242424242424,0.7715,0.000499750124937531,0,"WT_heat_up","BP","with_iea","regulation of hemostasis",0.00495559567574362,FALSE
"GO:0019730",74,7,0.000168969813804159,0.00500091361206343,1.661,4,0.000999500249875062,0.00785973397823458,1.0815,0.000499750124937531,0,"WT_heat_up","BP","with_iea","antimicrobial humoral response",0.00500091361206343,FALSE
"GO:0001503",319,15,0.00017590405918279,0.00516087213637159,10.1985,15,0.0749625187406297,0.2165,4.8405,0.000499750124937531,0,"WT_heat_up","BP","with_iea","ossification",0.00516087213637159,TRUE
"GO:0044706",155,10,0.000182828390273366,0.00531778438605464,4.8675,9,0.0229885057471264,0.0768072289156626,2.326,0.000499750124937531,0,"WT_heat_up","BP","with_iea","multi-multicellular organism process",0.00531778438605464,TRUE
"GO:0001822",220,12,0.000206060770589054,0.00584242890728966,7.525,12,0.0674662668665667,0.188594297148574,3.285,0.000499750124937531,0,"WT_heat_up","BP","with_iea","kidney development",0.00584242890728966,TRUE
"GO:0034103",54,6,0.000205082241523026,0.00584242890728966,2.0575,5,0.0174912543728136,0.058356940509915,0.747,0.000999500249875062,0,"WT_heat_up","BP","with_iea","regulation of tissue remodeling",0.00584242890728966,TRUE
"GO:0046651",253,13,0.000202836187124673,0.00584242890728966,10,15,0.174912543728136,0.396,3.836,0.000499750124937531,0,"WT_heat_up","BP","with_iea","lymphocyte proliferation",0.00584242890728966,TRUE
"GO:0030217",289,14,0.000213563827585783,0.00600470295228694,11.3585,17,0.235882058970515,0.4415,4.3975,0.000999500249875062,0,"WT_heat_up","BP","with_iea","T cell differentiation",0.00600470295228694,FALSE
"GO:0050678",255,13,0.00021911621388194,0.00610990169948484,9.9865,15,0.182408795602199,0.373,3.945,0.000499750124937531,0,"WT_heat_up","BP","with_iea","regulation of epithelial cell proliferation",0.00610990169948484,FALSE
"GO:0042742",190,11,0.000226899761947608,0.0062750803017314,5.955,10,0.0344827586206897,0.118059029514757,2.909,0.000499750124937531,0,"WT_heat_up","BP","with_iea","defense response to bacterium",0.0062750803017314,FALSE
"GO:0035051",103,8,0.000231871936296312,0.00636045457775412,4.2275,7,0.0474762618690655,0.12134944612286,1.577,0.000999500249875062,0,"WT_heat_up","BP","with_iea","cardiocyte differentiation",0.00636045457775412,FALSE
"GO:2001234",191,11,0.000237479305455508,0.00646173529521681,6.8,11,0.0659670164917541,0.1745,2.881,0.000999500249875062,0,"WT_heat_up","BP","with_iea","negative regulation of apoptotic signaling pathway",0.00646173529521681,FALSE
"GO:0032943",258,13,0.000245633883446446,0.00652573797439614,10.1625,15,0.197901049475262,0.402,3.9145,0.000499750124937531,0,"WT_heat_up","BP","with_iea","mononuclear cell proliferation",0.00652573797439614,FALSE
"GO:0042063",258,13,0.000245633883446446,0.00652573797439614,9.5805,14,0.147926036981509,0.3145,3.895,0.000999500249875062,0,"WT_heat_up","BP","with_iea","gliogenesis",0.00652573797439614,TRUE
"GO:0050819",36,5,0.000244115562670077,0.00652573797439614,1.107,3,0.00449775112443778,0.0213549337260677,0.5165,0.000499750124937531,0,"WT_heat_up","BP","with_iea","negative regulation of coagulation",0.00652573797439614,FALSE
"GO:0050863",330,15,0.000253945088929343,0.00669383382849691,13.219,19,0.326836581709145,0.5565,5.031,0.000499750124937531,0,"WT_heat_up","BP","with_iea","regulation of T cell activation",0.00669383382849691,FALSE
"GO:0003073",57,6,0.000277000484768631,0.00691296622894491,1.7715,4,0.00699650174912544,0.0294290759270159,0.7825,0.000499750124937531,0,"WT_heat_up","BP","with_iea","regulation of systemic arterial blood pressure",0.00691296622894491,FALSE
"GO:0033002",163,10,0.000275111433808813,0.00691296622894491,6.9535,11,0.142428785607196,0.267401101652479,2.444,0.000499750124937531,0,"WT_heat_up","BP","with_iea","muscle cell proliferation",0.00691296622894491,TRUE
"GO:0043408",485,19,0.000264774226571065,0.00691296622894491,17.0985,23,0.349325337331334,0.551,7.4965,0.000499750124937531,0,"WT_heat_up","BP","with_iea","regulation of MAPK cascade",0.00691296622894491,FALSE
"GO:0061564",370,16,0.000277646279890373,0.00691296622894491,11.2455,17,0.0814592703648176,0.212,5.6145,0.000499750124937531,0,"WT_heat_up","BP","with_iea","axon development",0.00691296622894491,TRUE
"GO:0072001",227,12,0.000275085395077833,0.00691296622894491,7.7615,12,0.0824587706146927,0.188094047023512,3.4035,0.000499750124937531,0,"WT_heat_up","BP","with_iea","renal system development",0.00691296622894491,FALSE
"GO:0140353",37,5,0.000278649498262154,0.00691296622894491,1.3815,3,0.0104947526236882,0.0502645502645503,0.5155,0.000499750124937531,0,"WT_heat_up","BP","with_iea","lipid export from cell",0.00691296622894491,TRUE
"GO:0150077",37,5,0.000278649498262154,0.00691296622894491,1.357,3,0.00899550224887556,0.041042345276873,0.4895,0.000499750124937531,0,"WT_heat_up","BP","with_iea","regulation of neuroinflammatory response",0.00691296622894491,FALSE
"GO:2000403",37,5,0.000278649498262154,0.00691296622894491,1.4165,3,0.0129935032483758,0.051249199231262,0.5265,0.000499750124937531,0,"WT_heat_up","BP","with_iea","positive regulation of lymphocyte migration",0.00691296622894491,FALSE
"GO:0045927",195,11,0.000284072620238662,0.00699606584441784,7.2055,12,0.0994502748625687,0.201100550275138,3.019,0.000499750124937531,0,"WT_heat_up","BP","with_iea","positive regulation of growth",0.00699606584441784,FALSE
"GO:0097529",165,10,0.000303461900354136,0.00741942356373083,6.086,10,0.0809595202398801,0.161823647294589,2.4375,0.000499750124937531,0,"WT_heat_up","BP","with_iea","myeloid leukocyte migration",0.00741942356373083,FALSE
"GO:0048545",264,13,0.00030700033474624,0.00745193618297709,9.1545,14,0.11544227886057,0.2385,4.0425,0.000499750124937531,0,"WT_heat_up","BP","with_iea","response to steroid hormone",0.00745193618297709,TRUE
"GO:2000401",59,6,0.000335014784504416,0.00807385630655643,2.149,5,0.0134932533733133,0.0536801328168235,0.86,0.000999500249875062,0,"WT_heat_up","BP","with_iea","regulation of lymphocyte migration",0.00807385630655643,FALSE
"GO:0042100",83,7,0.00034570698350247,0.00827244937827896,3.2215,6,0.0359820089955022,0.0911901081916538,1.222,0.000499750124937531,0,"WT_heat_up","BP","with_iea","B cell proliferation",0.00827244937827896,FALSE
"GO:0051046",456,18,0.0003521998928969,0.00836846787770522,15.817,22,0.329335332333833,0.501,7.042,0.000499750124937531,0,"WT_heat_up","BP","with_iea","regulation of secretion",0.00836846787770522,FALSE
"GO:0032102",304,14,0.000358011162173686,0.00844706056765047,11.0895,16,0.208895552223888,0.355,4.6995,0.000499750124937531,0,"WT_heat_up","BP","with_iea","negative regulation of response to external stimulus",0.00844706056765047,TRUE
"GO:0002675",22,4,0.000362615609773964,0.00849628519012052,0.816,2,0.00599700149925037,0.0218150087260035,0.2755,0.000999500249875062,0,"WT_heat_up","BP","with_iea","positive regulation of acute inflammatory response",0.00849628519012052,FALSE
"GO:0016049",380,16,0.000373499036847522,0.00869093620912785,12.1715,18,0.143428285857071,0.292,5.8645,0.000999500249875062,0,"WT_heat_up","BP","with_iea","cell growth",0.00869093620912785,TRUE
"GO:0001935",111,8,0.000386549714437302,0.00887223630279904,4.371,8,0.0659670164917541,0.129097327281896,1.6785,0.000999500249875062,0,"WT_heat_up","BP","with_iea","endothelial cell proliferation",0.00887223630279904,FALSE
"GO:0043523",202,11,0.000384197019761974,0.00887223630279904,7.6405,12,0.131934032983508,0.231,3.1185,0.000499750124937531,0,"WT_heat_up","BP","with_iea","regulation of neuron apoptotic process",0.00887223630279904,TRUE
"GO:0003014",85,7,0.00040016395528042,0.00907284616229905,2.3945,5,0.0104947526236882,0.0300546448087432,1.2475,0.000499750124937531,0,"WT_heat_up","BP","with_iea","renal system process",0.00907284616229905,TRUE
"GO:0043588",203,11,0.000400668072964599,0.00907284616229905,6.4365,11,0.0509745127436282,0.110610610610611,3.0135,0.000499750124937531,0,"WT_heat_up","BP","with_iea","skin development",0.00907284616229905,FALSE
"GO:0042102",86,7,0.000429852528537916,0.00966881620857953,3.5815,7,0.0619690154922539,0.125699745547074,1.26,0.000499750124937531,0,"WT_heat_up","BP","with_iea","positive regulation of T cell proliferation",0.00966881620857953,FALSE
"GO:0032352",10,3,0.000437919140801854,0.00969015711528648,0.34,1,0.00399800099950025,0.011965811965812,0.1065,0.000499750124937531,0,"WT_heat_up","BP","with_iea","positive regulation of hormone metabolic process",0.00969015711528648,TRUE
"GO:0035914",62,6,0.000439417320284182,0.00969015711528648,1.802,4,0.00899550224887556,0.0278436018957346,0.9215,0.000499750124937531,0,"WT_heat_up","BP","with_iea","skeletal muscle cell differentiation",0.00969015711528648,TRUE
"GO:0048245",10,3,0.000437919140801854,0.00969015711528648,0.252,1,0.000499750124937531,0,0.1075,0.000499750124937531,0,"WT_heat_up","BP","with_iea","eosinophil chemotaxis",0.00969015711528648,FALSE
"GO:0046631",173,10,0.000442506587301228,0.00969491704905419,7.0265,11,0.150924537731134,0.2465,2.6125,0.000499750124937531,0,"WT_heat_up","BP","with_iea","alpha-beta T cell activation",0.00969491704905419,FALSE
"GO:0090066",390,16,0.000496687782093039,0.0108117714631091,12.454,18,0.180409795102449,0.292,6.015,0.000499750124937531,0,"WT_heat_up","BP","with_iea","regulation of anatomical structure size",0.0108117714631091,TRUE
"GO:0001649",176,10,0.00050673553026594,0.010889972478454,5.8565,10,0.0604697651174413,0.107661492238358,2.6595,0.000499750124937531,0,"WT_heat_up","BP","with_iea","osteoblast differentiation",0.010889972478454,TRUE
"GO:0043542",176,10,0.00050673553026594,0.010889972478454,6.754,11,0.132933533233383,0.213606803401701,2.6615,0.000999500249875062,0,"WT_heat_up","BP","with_iea","endothelial cell migration",0.010889972478454,TRUE
"GO:0010575",24,4,0.00051381137349197,0.0109721492035564,0.918,3,0.0119940029985007,0.0197044334975369,0.298,0.00149925037481259,0,"WT_heat_up","BP","with_iea","positive regulation of vascular endothelial growth factor production",0.0109721492035564,FALSE
"GO:0072678",64,6,0.000522025984003274,0.0110774570441953,2.3315,5,0.0269865067466267,0.0550708833151581,0.959,0.00149925037481259,0,"WT_heat_up","BP","with_iea","T cell migration",0.0110774570441953,FALSE
"GO:0072676",89,7,0.000529614491299855,0.0111682455852857,3.236,6,0.0339830084957521,0.0803295571575695,1.3435,0.000499750124937531,0,"WT_heat_up","BP","with_iea","lymphocyte migration",0.0111682455852857,FALSE
"GO:0001666",246,12,0.000568511828047734,0.0117678460603255,8.652,13,0.143428285857071,0.229,3.7225,0.00149925037481259,0,"WT_heat_up","BP","with_iea","response to hypoxia",0.0117678460603255,TRUE
"GO:0001704",90,7,0.000566681453763508,0.0117678460603255,2.9935,6,0.0269865067466267,0.0615465544450289,1.326,0.000499750124937531,0,"WT_heat_up","BP","with_iea","formation of primary germ layer",0.0117678460603255,FALSE
"GO:1903035",65,6,0.000567615598692775,0.0117678460603255,2.348,5,0.0294852573713143,0.0573770491803279,0.986,0.000499750124937531,0,"WT_heat_up","BP","with_iea","negative regulation of response to wounding",0.0117678460603255,FALSE
"GO:0014706",283,13,0.000594802686794852,0.0121689410951606,9.8895,15,0.182408795602199,0.269,4.4165,0.000499750124937531,0,"WT_heat_up","BP","with_iea","striated muscle tissue development",0.0121689410951606,FALSE
"GO:1901741",11,3,0.00059510233571473,0.0121689410951606,0.3435,1,0.00399800099950025,0.0118845500848896,0.1345,0.000499750124937531,0,"WT_heat_up","BP","with_iea","positive regulation of myoblast fusion",0.0121689410951606,TRUE
"GO:0006953",25,4,0.000604128464516655,0.0122735707523188,0.7745,2,0.00749625187406297,0.0139275766016713,0.335,0.000499750124937531,0,"WT_heat_up","BP","with_iea","acute-phase response",0.0122735707523188,FALSE
"GO:0048667",437,17,0.000607494462251702,0.0122735707523188,13.0675,19,0.152423788105947,0.2295,6.716,0.000499750124937531,0,"WT_heat_up","BP","with_iea","cell morphogenesis involved in neuron differentiation",0.0122735707523188,TRUE
"GO:0001501",359,15,0.00061691348984308,0.0123163675427843,10.75,16,0.116941529235382,0.183,5.505,0.000499750124937531,0,"WT_heat_up","BP","with_iea","skeletal system development",0.0123163675427843,FALSE
"GO:0019724",119,8,0.00061644969420017,0.0123163675427843,3.731,7,0.0269865067466267,0.0657492354740061,1.7615,0.000999500249875062,0,"WT_heat_up","BP","with_iea","B cell mediated immunity",0.0123163675427843,TRUE
"GO:0044703",149,9,0.000621540585420615,0.0123357525600539,4.752,8,0.0469765117441279,0.0843373493975904,2.246,0.000999500249875062,0,"WT_heat_up","BP","with_iea","multi-organism reproductive process",0.0123357525600539,TRUE
"GO:0043616",44,5,0.000634510700354286,0.0123747925028634,1.427,3,0.00999500249875063,0.0156555772994129,0.6445,0.00199900049975012,0,"WT_heat_up","BP","with_iea","keratinocyte proliferation",0.0123747925028634,FALSE
"GO:0048146",44,5,0.000634510700354286,0.0123747925028634,1.665,4,0.0209895052473763,0.0305623471882641,0.624,0.000499750124937531,0,"WT_heat_up","BP","with_iea","positive regulation of fibroblast proliferation",0.0123747925028634,TRUE
"GO:0090303",44,5,0.000634510700354286,0.0123747925028634,1.5495,4,0.0129935032483758,0.0199501246882793,0.6295,0.000999500249875062,0,"WT_heat_up","BP","with_iea","positive regulation of wound healing",0.0123747925028634,FALSE
"GO:0007188",150,9,0.000652300750160019,0.0126486363852868,3.6545,7,0.0124937531234383,0.0245524296675192,2.2285,0.000499750124937531,0,"WT_heat_up","BP","with_iea","adenylate cyclase-modulating G protein-coupled receptor signaling pathway",0.0126486363852868,FALSE
"GO:0071396",481,18,0.00066189105097106,0.012761259462722,17.4895,23.05,0.500749625187406,0.618,7.5245,0.000999500249875062,0,"WT_heat_up","BP","with_iea","cellular response to lipid",0.012761259462722,TRUE
"GO:0044060",26,4,0.00070515975469398,0.0135182330246448,1.0565,3,0.0184907546226887,0.0270473328324568,0.3575,0.000999500249875062,0,"WT_heat_up","BP","with_iea","regulation of endocrine process",0.0135182330246448,FALSE
"GO:0050920",152,9,0.000717560778632493,0.0136782489667007,6.0825,10,0.144427786106947,0.208416833667335,2.2545,0.000499750124937531,0,"WT_heat_up","BP","with_iea","regulation of chemotaxis",0.0136782489667007,TRUE
"GO:0007596",185,10,0.000747471795520919,0.0141683698768965,5.4545,9,0.0374812593703148,0.0822055137844612,2.8545,0.00199900049975012,0.000527983104540655,"WT_heat_up","BP","with_iea","blood coagulation",0.0141683698768965,TRUE
"GO:0007411",154,9,0.000788057562441631,0.0145295421621752,4.5825,8,0.0409795102448776,0.0643539467068879,2.312,0.000499750124937531,0,"WT_heat_up","BP","with_iea","axon guidance",0.0145295421621752,FALSE
"GO:0032604",12,3,0.000784204358804313,0.0145295421621752,0.4045,2,0.00749625187406297,0.0207407407407407,0.14,0.000499750124937531,0,"WT_heat_up","BP","with_iea","granulocyte macrophage colony-stimulating factor production",0.0145295421621752,TRUE
"GO:0032645",12,3,0.000784204358804313,0.0145295421621752,0.4045,2,0.00749625187406297,0.0207407407407407,0.14,0.000499750124937531,0,"WT_heat_up","BP","with_iea","regulation of granulocyte macrophage colony-stimulating factor production",0.0145295421621752,TRUE
"GO:0045780",12,3,0.000784204358804313,0.0145295421621752,0.3,1,0.00249875062468766,0.0075187969924812,0.1415,0.000499750124937531,0,"WT_heat_up","BP","with_iea","positive regulation of bone resorption",0.0145295421621752,TRUE
"GO:0050817",186,10,0.000779232853871998,0.0145295421621752,5.52,9,0.0399800099950025,0.0851703406813627,2.869,0.00199900049975012,0.000527704485488127,"WT_heat_up","BP","with_iea","coagulation",0.0145295421621752,TRUE
"GO:0010574",27,4,0.000817586455467074,0.0149719655520348,1.0215,3,0.0164917541229385,0.0245964642582629,0.345,0.00149925037481259,0,"WT_heat_up","BP","with_iea","regulation of vascular endothelial growth factor production",0.0149719655520348,FALSE
"GO:0042692",293,13,0.000821603344290474,0.0149719655520348,9.877,15,0.178910544727636,0.259,4.513,0.000999500249875062,0,"WT_heat_up","BP","with_iea","muscle cell differentiation",0.0149719655520348,TRUE
"GO:0097485",155,9,0.000825366210041043,0.0149719655520348,4.593,8,0.0424787606196902,0.0638511814982403,2.3325,0.000499750124937531,0,"WT_heat_up","BP","with_iea","neuron projection guidance",0.0149719655520348,FALSE
"GO:1903557",96,7,0.000834637574458097,0.0150591827605434,4.142,7,0.0954522738630685,0.123425692695214,1.4515,0.000999500249875062,0,"WT_heat_up","BP","with_iea","positive regulation of tumor necrosis factor superfamily cytokine production",0.0150591827605434,FALSE
"GO:0050829",47,5,0.000862382204559864,0.015477008288218,1.4795,4,0.0179910044977511,0.0221799746514575,0.6595,0.000999500249875062,0,"WT_heat_up","BP","with_iea","defense response to Gram-negative bacterium",0.015477008288218,FALSE
"GO:0036293",259,12,0.000894154655173374,0.0159623164367988,9.0935,14,0.190904547726137,0.2665,3.939,0.00199900049975012,0,"WT_heat_up","BP","with_iea","response to decreased oxygen levels",0.0159623164367988,FALSE
"GO:0070663",224,11,0.000910589671666806,0.0161701555379148,9.0545,13,0.282358820589705,0.3545,3.367,0.000499750124937531,0,"WT_heat_up","BP","with_iea","regulation of leukocyte proliferation",0.0161701555379148,FALSE
"GO:0002920",28,4,0.000942092222787126,0.0166419851292344,0.898,3,0.00999500249875063,0.0156895127993394,0.369,0.00249875062468766,0,"WT_heat_up","BP","with_iea","regulation of humoral immune response",0.0166419851292344,TRUE
"GO:0001656",48,5,0.000950397156137751,0.0167012500250457,1.8745,4,0.0379810094952524,0.0440399295361127,0.6885,0.00149925037481259,0,"WT_heat_up","BP","with_iea","metanephros development",0.0167012500250457,FALSE
"GO:0002922",13,3,0.00100757018656108,0.0167465113766359,0.502,2,0.0129935032483758,0.0313676286072773,0.154,0.00149925037481259,0,"WT_heat_up","BP","with_iea","positive regulation of humoral immune response",0.0167465113766359,FALSE
"GO:0006700",13,3,0.00100757018656108,0.0167465113766359,0.368,1.04999999999995,0.0079960019990005,0.0241545893719807,0.1485,0.00149925037481259,0,"WT_heat_up","BP","with_iea","C21-steroid hormone biosynthetic process",0.0167465113766359,TRUE
"GO:0007599",192,10,0.000994016127965924,0.0167465113766359,5.5975,9,0.0444777611194403,0.0736842105263158,2.9805,0.00249875062468766,0.000523560209424084,"WT_heat_up","BP","with_iea","hemostasis",0.0167465113766359,FALSE
"GO:0035809",13,3,0.00100757018656108,0.0167465113766359,0.3575,1,0.00399800099950025,0.0113452188006483,0.1625,0.00199900049975012,0,"WT_heat_up","BP","with_iea","regulation of urine volume",0.0167465113766359,TRUE
"GO:0042730",13,3,0.00100757018656108,0.0167465113766359,0.2495,1,0.000499750124937531,0,0.166,0.000499750124937531,0,"WT_heat_up","BP","with_iea","fibrinolysis",0.0167465113766359,FALSE
"GO:0046632",128,8,0.000995657573738006,0.0167465113766359,5.368,9,0.155422288855572,0.176795580110497,1.938,0.00149925037481259,0,"WT_heat_up","BP","with_iea","alpha-beta T cell differentiation",0.0167465113766359,FALSE
"GO:0061029",13,3,0.00100757018656108,0.0167465113766359,0.4815,2,0.00999500249875063,0.0247395833333333,0.15,0.000999500249875062,0,"WT_heat_up","BP","with_iea","eyelid development in camera-type eye",0.0167465113766359,TRUE
"GO:0071772",99,7,0.00100168547503964,0.0167465113766359,3.459,7,0.0524737631184408,0.0599385245901639,1.488,0.00199900049975012,0,"WT_heat_up","BP","with_iea","response to BMP",0.0167465113766359,TRUE
"GO:0071773",99,7,0.00100168547503964,0.0167465113766359,3.459,7,0.0524737631184408,0.0599385245901639,1.488,0.00199900049975012,0,"WT_heat_up","BP","with_iea","cellular response to BMP stimulus",0.0167465113766359,TRUE
"GO:1904754",13,3,0.00100757018656108,0.0167465113766359,0.387,1,0.00749625187406297,0.0211161387631976,0.1635,0.000499750124937531,0,"WT_heat_up","BP","with_iea","positive regulation of vascular associated smooth muscle cell migration",0.0167465113766359,FALSE
"GO:1905954",72,6,0.000979528918946429,0.0167465113766359,2.4385,5,0.0264867566216892,0.0287107258938245,1.064,0.000499750124937531,0,"WT_heat_up","BP","with_iea","positive regulation of lipid localization",0.0167465113766359,TRUE
"GO:0061138",129,8,0.00104731318983617,0.0172372424512549,5.3215,9,0.161419290354823,0.183734939759036,1.9455,0.00149925037481259,0,"WT_heat_up","BP","with_iea","morphogenesis of a branching epithelium",0.0172372424512549,FALSE
"GO:1902895",49,5,0.00104492011183576,0.0172372424512549,2.2255,5,0.0534732633683158,0.0578602620087336,0.6915,0.000999500249875062,0,"WT_heat_up","BP","with_iea","positive regulation of miRNA transcription",0.0172372424512549,TRUE
"GO:0045124",29,4,0.00107936183203887,0.0176134207247774,0.972,3,0.0139930034982509,0.0216172938350681,0.383,0.000999500249875062,0,"WT_heat_up","BP","with_iea","regulation of bone resorption",0.0176134207247774,FALSE
"GO:0051897",161,9,0.00108060998518936,0.0176134207247774,6.7075,11,0.214892553723138,0.239619809904952,2.446,0.000999500249875062,0,"WT_heat_up","BP","with_iea","positive regulation of phosphatidylinositol 3-kinase/protein kinase B signal transduction",0.0176134207247774,FALSE
"GO:0035296",101,7,0.00112692757136429,0.0181059696465862,3.653,7,0.063968015992004,0.0669371196754564,1.513,0.00199900049975012,0,"WT_heat_up","BP","with_iea","regulation of tube diameter",0.0181059696465862,FALSE
"GO:0043534",101,7,0.00112692757136429,0.0181059696465862,4.18,7,0.110444777611194,0.114878542510121,1.5,0.000499750124937531,0,"WT_heat_up","BP","with_iea","blood vessel endothelial cell migration",0.0181059696465862,FALSE
"GO:0097746",101,7,0.00112692757136429,0.0181059696465862,3.653,7,0.063968015992004,0.0669371196754564,1.513,0.00199900049975012,0,"WT_heat_up","BP","with_iea","blood vessel diameter maintenance",0.0181059696465862,TRUE
"GO:0002366",267,12,0.00116295062983918,0.018508468986214,10.3495,15,0.330834582708646,0.3765,4.089,0.000999500249875062,0,"WT_heat_up","BP","with_iea","leukocyte activation involved in immune response",0.018508468986214,TRUE
"GO:0032496",267,12,0.00116295062983918,0.018508468986214,9.9305,15,0.283858070964518,0.3355,4.1245,0.000499750124937531,0,"WT_heat_up","BP","with_iea","response to lipopolysaccharide",0.018508468986214,FALSE
"GO:0035150",102,7,0.00119399194099008,0.0189132807929602,3.7,7,0.0684657671164418,0.0703085483055134,1.5275,0.00199900049975012,0,"WT_heat_up","BP","with_iea","regulation of tube size",0.0189132807929602,FALSE
"GO:0007520",30,4,0.00123007992070762,0.0190903670713174,0.858,2.04999999999995,0.00999500249875063,0.0160067396798652,0.425,0.000999500249875062,0,"WT_heat_up","BP","with_iea","myoblast fusion",0.0190903670713174,FALSE
"GO:0009190",14,3,0.00126741026199617,0.0190903670713174,0.241,1,0.00399800099950025,0.0162037037037037,0.175,0.000499750124937531,0,"WT_heat_up","BP","with_iea","cyclic nucleotide biosynthetic process",0.0190903670713174,TRUE
"GO:0010573",30,4,0.00123007992070762,0.0190903670713174,1.1415,3,0.0249875062468766,0.035036496350365,0.3915,0.00149925037481259,0,"WT_heat_up","BP","with_iea","vascular endothelial growth factor production",0.0190903670713174,TRUE
"GO:0010755",14,3,0.00126741026199617,0.0190903670713174,0.4225,2,0.00599700149925037,0.0152565880721221,0.1785,0.000999500249875062,0,"WT_heat_up","BP","with_iea","regulation of plasminogen activation",0.0190903670713174,TRUE
"GO:0031649",14,3,0.00126741026199617,0.0190903670713174,0.4645,2,0.0114942528735632,0.0289855072463768,0.173,0.00149925037481259,0,"WT_heat_up","BP","with_iea","heat generation",0.0190903670713174,TRUE
"GO:0052652",30,4,0.00123007992070762,0.0190903670713174,0.664,2,0.00549725137431284,0.0101936799184506,0.4125,0.00149925037481259,0,"WT_heat_up","BP","with_iea","cyclic purine nucleotide metabolic process",0.0190903670713174,FALSE
"GO:0060602",14,3,0.00126741026199617,0.0190903670713174,0.573,2,0.0149925037481259,0.0326944757609921,0.1805,0.000999500249875062,0,"WT_heat_up","BP","with_iea","branch elongation of an epithelium",0.0190903670713174,FALSE
"GO:0071677",75,6,0.00121379006399334,0.0190903670713174,3.2635,6,0.0979510244877561,0.100411946446962,1.094,0.00149925037481259,0,"WT_heat_up","BP","with_iea","positive regulation of mononuclear cell migration",0.0190903670713174,FALSE
"GO:0140131",14,3,0.00126741026199617,0.0190903670713174,0.5205,2,0.0149925037481259,0.0354090354090354,0.1815,0.00149925037481259,0,"WT_heat_up","BP","with_iea","positive regulation of lymphocyte chemotaxis",0.0190903670713174,FALSE
"GO:1901739",14,3,0.00126741026199617,0.0190903670713174,0.4525,2,0.00999500249875063,0.0254010695187166,0.1845,0.000999500249875062,0,"WT_heat_up","BP","with_iea","regulation of myoblast fusion",0.0190903670713174,FALSE
"GO:1903036",51,5,0.00125466578107346,0.0190903670713174,1.8785,4,0.0374812593703148,0.0428488708743486,0.7415,0.000999500249875062,0,"WT_heat_up","BP","with_iea","positive regulation of response to wounding",0.0190903670713174,FALSE
"GO:0002263",270,12,0.00127967252727742,0.0191894004757067,10.487,15,0.350324837581209,0.3825,4.1355,0.000999500249875062,0,"WT_heat_up","BP","with_iea","cell activation involved in immune response",0.0191894004757067,FALSE
"GO:0050921",104,7,0.00133748911351202,0.0199676472079183,4.548,8,0.154922538730635,0.155981827359919,1.5595,0.00149925037481259,0,"WT_heat_up","BP","with_iea","positive regulation of chemotaxis",0.0199676472079183,FALSE
"GO:0007622",31,4,0.00139492979643281,0.0205255227232419,0.9115,2,0.00899550224887556,0.0136876006441224,0.4435,0.000999500249875062,0,"WT_heat_up","BP","with_iea","rhythmic behavior",0.0205255227232419,TRUE
"GO:0009187",31,4,0.00139492979643281,0.0205255227232419,0.6785,2,0.00599700149925037,0.0110330992978937,0.428,0.00149925037481259,0,"WT_heat_up","BP","with_iea","cyclic nucleotide metabolic process",0.0205255227232419,FALSE
"GO:0043524",135,8,0.00140403468858671,0.0205255227232419,5.096,9,0.126436781609195,0.125817815802718,2.112,0.00299850074962519,0,"WT_heat_up","BP","with_iea","negative regulation of neuron apoptotic process",0.0205255227232419,FALSE
"GO:0048145",77,6,0.00139228469925246,0.0205255227232419,2.877,6,0.0629685157421289,0.0654353562005277,1.1335,0.00149925037481259,0,"WT_heat_up","BP","with_iea","regulation of fibroblast proliferation",0.0205255227232419,FALSE
"GO:0050670",201,10,0.00140527437731739,0.0205255227232419,8.2695,13,0.296351824087956,0.303,3.04,0.00149925037481259,0,"WT_heat_up","BP","with_iea","regulation of lymphocyte proliferation",0.0205255227232419,FALSE
"GO:0043500",78,6,0.00148871221651708,0.0216504957695199,3.184,6,0.0854572713643178,0.0842377260981912,1.122,0.000499750124937531,0,"WT_heat_up","BP","with_iea","muscle adaptation",0.0216504957695199,TRUE
"GO:0032944",204,10,0.00156973399184993,0.0224418749512783,8.371,13,0.31384307846077,0.3165,3.0855,0.00149925037481259,0,"WT_heat_up","BP","with_iea","regulation of mononuclear cell proliferation",0.0224418749512783,FALSE
"GO:0034112",15,3,0.00156580494547235,0.0224418749512783,0.598,2,0.0164917541229385,0.0338266384778013,0.209,0.00299850074962519,0,"WT_heat_up","BP","with_iea","positive regulation of homotypic cell-cell adhesion",0.0224418749512783,FALSE
"GO:0051962",204,10,0.00156973399184993,0.0224418749512783,7.338,12,0.187906046976512,0.1925,3.1625,0.00299850074962519,0,"WT_heat_up","BP","with_iea","positive regulation of nervous system development",0.0224418749512783,FALSE
"GO:0060143",15,3,0.00156580494547235,0.0224418749512783,0.4815,2,0.00949525237381309,0.0206985769728331,0.194,0.000999500249875062,0,"WT_heat_up","BP","with_iea","positive regulation of syncytium formation by plasma membrane fusion",0.0224418749512783,FALSE
"GO:0002040",107,7,0.00157764369141532,0.0224597882482501,3.6855,7,0.0754622688655672,0.0746039856923863,1.6125,0.00149925037481259,0,"WT_heat_up","BP","with_iea","sprouting angiogenesis",0.0224597882482501,FALSE
"GO:0010876",315,13,0.00158448402363915,0.0224623911586491,7.672,12,0.0439780109945027,0.048,4.8495,0.00249875062468766,0,"WT_heat_up","BP","with_iea","lipid localization",0.0224623911586491,TRUE
"GO:0001763",138,8,0.00161541115058086,0.0226964971546722,5.673,10,0.208895552223888,0.204010025062657,2.089,0.00199900049975012,0,"WT_heat_up","BP","with_iea","morphogenesis of a branching structure",0.0226964971546722,FALSE
"GO:0002437",54,5,0.00162552515252254,0.0226964971546722,2.1605,5,0.0544727636181909,0.0599104143337066,0.7645,0.00299850074962519,0,"WT_heat_up","BP","with_iea","inflammatory response to antigenic stimulus",0.0226964971546722,TRUE
"GO:0051146",205,10,0.00162790524938669,0.0226964971546722,7.042,11,0.160419790104948,0.159159159159159,3.1765,0.00149925037481259,0,"WT_heat_up","BP","with_iea","striated muscle cell differentiation",0.0226964971546722,FALSE
"GO:0061180",54,5,0.00162552515252254,0.0226964971546722,2.384,5,0.088455772113943,0.0949781659388646,0.767,0.00149925037481259,0,"WT_heat_up","BP","with_iea","mammary gland epithelium development",0.0226964971546722,TRUE
"GO:0007369",139,8,0.00169121349945173,0.0234821166549388,4.7685,8,0.106446776611694,0.104439959636731,2.0895,0.000999500249875062,0,"WT_heat_up","BP","with_iea","gastrulation",0.0234821166549388,FALSE
"GO:0046850",33,4,0.001769744778174,0.0240770922643511,1.139,3,0.0229885057471264,0.031524926686217,0.4525,0.00249875062468766,0,"WT_heat_up","BP","with_iea","regulation of bone remodeling",0.0240770922643511,FALSE
"GO:0048660",109,7,0.00175554143610757,0.0240770922643511,4.7435,8,0.178910544727636,0.173125314544539,1.6065,0.000999500249875062,0,"WT_heat_up","BP","with_iea","regulation of smooth muscle cell proliferation",0.0240770922643511,TRUE
"GO:0055006",55,5,0.00176535909993099,0.0240770922643511,2.1035,4,0.0484757621189405,0.0530133928571429,0.8165,0.00249875062468766,0,"WT_heat_up","BP","with_iea","cardiac cell development",0.0240770922643511,FALSE
"GO:0060428",33,4,0.001769744778174,0.0240770922643511,1.184,3,0.023488255872064,0.0327635327635328,0.4695,0.00199900049975012,0,"WT_heat_up","BP","with_iea","lung epithelium development",0.0240770922643511,FALSE
"GO:2000630",55,5,0.00176535909993099,0.0240770922643511,2.4435,5,0.0809595202398801,0.0847639484978541,0.8055,0.00149925037481259,0,"WT_heat_up","BP","with_iea","positive regulation of miRNA metabolic process",0.0240770922643511,TRUE
"GO:0050767",281,12,0.00179393906518904,0.0242110016237913,10.476,15,0.353323338330835,0.3515,4.3295,0.00349825087456272,0,"WT_heat_up","BP","with_iea","regulation of neurogenesis",0.0242110016237913,FALSE
"GO:0070482",281,12,0.00179393906518904,0.0242110016237913,9.638,14,0.250874562718641,0.246,4.3015,0.00299850074962519,0,"WT_heat_up","BP","with_iea","response to oxygen levels",0.0242110016237913,FALSE
"GO:0042327",208,10,0.00181300003291301,0.0243707653826633,7.675,12,0.220389805097451,0.217434869739479,3.1875,0.00299850074962519,0,"WT_heat_up","BP","with_iea","positive regulation of phosphorylation",0.0243707653826633,TRUE
"GO:0002460",282,12,0.00184809757476383,0.024673438500606,10.1465,15,0.301849075462269,0.298,4.3375,0.00299850074962519,0,"WT_heat_up","BP","with_iea","adaptive immune response based on somatic recombination of immune receptors built from immunoglobulin superfamily domains",0.024673438500606,FALSE
"GO:0045582",110,7,0.00185014224678522,0.024673438500606,4.8545,8,0.211394302848576,0.206253151790217,1.651,0.00199900049975012,0,"WT_heat_up","BP","with_iea","positive regulation of T cell differentiation",0.024673438500606,TRUE
"GO:0002237",283,12,0.00190359402736762,0.0251034673839521,10.452,16,0.347826086956522,0.3415,4.3715,0.00149925037481259,0,"WT_heat_up","BP","with_iea","response to molecule of bacterial origin",0.0251034673839521,FALSE
"GO:0035115",16,3,0.00190470884715227,0.0251034673839521,0.433,2,0.00699650174912544,0.0154711673699015,0.2175,0.000999500249875062,0,"WT_heat_up","BP","with_iea","embryonic forelimb morphogenesis",0.0251034673839521,TRUE
"GO:0035795",16,3,0.00190470884715227,0.0251034673839521,0.417,2,0.0079960019990005,0.0203193033381713,0.2125,0.00149925037481259,0,"WT_heat_up","BP","with_iea","negative regulation of mitochondrial membrane permeability",0.0251034673839521,TRUE
"GO:0051402",246,11,0.001931250871154,0.025354242954372,8.9765,14,0.286856571714143,0.2795,3.817,0.000999500249875062,0,"WT_heat_up","BP","with_iea","neuron apoptotic process",0.025354242954372,TRUE
"GO:1902105",284,12,0.00196045324536281,0.0256378653095121,11.593,17,0.504247876061969,0.496,4.3665,0.00349825087456272,0,"WT_heat_up","BP","with_iea","regulation of leukocyte differentiation",0.0256378653095121,TRUE
"GO:0002673",34,4,0.00198105999284352,0.0257080631379001,1.265,3,0.0359820089955022,0.0480439258750858,0.458,0.000999500249875062,0,"WT_heat_up","BP","with_iea","regulation of acute inflammatory response",0.0257080631379001,FALSE
"GO:0030195",34,4,0.00198105999284352,0.0257080631379001,1.095,3,0.0164917541229385,0.0214814814814815,0.502,0.00299850074962519,0,"WT_heat_up","BP","with_iea","negative regulation of blood coagulation",0.0257080631379001,FALSE
"GO:1902107",176,9,0.00200551106503962,0.0258266959291744,7.609,12,0.347326336831584,0.3335,2.6705,0.00399800099950025,0,"WT_heat_up","BP","with_iea","positive regulation of leukocyte differentiation",0.0258266959291744,FALSE
"GO:1903708",176,9,0.00200551106503962,0.0258266959291744,7.609,12,0.347326336831584,0.3335,2.6705,0.00399800099950025,0,"WT_heat_up","BP","with_iea","positive regulation of hemopoiesis",0.0258266959291744,FALSE
"GO:0007566",57,5,0.00207119948538474,0.0263706681648608,1.7845,4,0.0279860069965017,0.0283855706682436,0.837,0.00149925037481259,0,"WT_heat_up","BP","with_iea","embryo implantation",0.0263706681648608,TRUE
"GO:0097192",57,5,0.00207119948538474,0.0263706681648608,2.175,5,0.0604697651174413,0.0609619686800895,0.829,0.000999500249875062,0,"WT_heat_up","BP","with_iea","extrinsic apoptotic signaling pathway in absence of ligand",0.0263706681648608,FALSE
"GO:0141091",248,11,0.00205798294343626,0.0263706681648608,8.4115,13,0.220389805097451,0.209104552276138,3.855,0.00299850074962519,0.00050761421319797,"WT_heat_up","BP","with_iea","transforming growth factor beta receptor superfamily signaling pathway",0.0263706681648608,TRUE
"GO:0001659",144,8,0.00211350607212004,0.0267077508888876,4.8055,9,0.102948525737131,0.0990447461035696,2.1805,0.00249875062468766,0,"WT_heat_up","BP","with_iea","temperature homeostasis",0.0267077508888876,FALSE
"GO:0030324",144,8,0.00211350607212004,0.0267077508888876,5.326,9,0.168915542228886,0.162638469284995,2.2035,0.00199900049975012,0,"WT_heat_up","BP","with_iea","lung development",0.0267077508888876,FALSE
"GO:0048659",113,7,0.00215783998944907,0.0270652495330899,4.871,8,0.200899550224888,0.188536953242836,1.6655,0.000999500249875062,0,"WT_heat_up","BP","with_iea","smooth muscle cell proliferation",0.0270652495330899,FALSE
"GO:0071675",113,7,0.00215783998944907,0.0270652495330899,4.6135,8,0.170414792603698,0.155510820332159,1.6755,0.00199900049975012,0,"WT_heat_up","BP","with_iea","regulation of mononuclear cell migration",0.0270652495330899,FALSE
"GO:0006887",288,12,0.00220202366137611,0.027403891593792,7.92,13,0.0949525237381309,0.0895,4.4385,0.00149925037481259,0,"WT_heat_up","BP","with_iea","exocytosis",0.027403891593792,TRUE
"GO:0010837",35,4,0.00220920525000338,0.027403891593792,1.156,3,0.0229885057471264,0.026676279740447,0.5235,0.00349825087456272,0,"WT_heat_up","BP","with_iea","regulation of keratinocyte proliferation",0.027403891593792,FALSE
"GO:1900047",35,4,0.00220920525000338,0.027403891593792,1.1335,3,0.0204897551224388,0.0247632920611799,0.5165,0.00299850074962519,0,"WT_heat_up","BP","with_iea","negative regulation of hemostasis",0.027403891593792,FALSE
"GO:0045596",493,17,0.00224684352064893,0.0277686814603278,17.5455,23.05,0.610694652673663,0.5935,7.731,0.00199900049975012,0,"WT_heat_up","BP","with_iea","negative regulation of cell differentiation",0.0277686814603278,TRUE
"GO:0031639",17,3,0.00228595504385008,0.0280465902470915,0.491,2,0.00999500249875063,0.0160098522167488,0.2255,0.00199900049975012,0,"WT_heat_up","BP","with_iea","plasminogen activation",0.0280465902470915,TRUE
"GO:0046885",17,3,0.00228595504385008,0.0280465902470915,0.585,2,0.0204897551224388,0.0365448504983389,0.225,0.00149925037481259,0,"WT_heat_up","BP","with_iea","regulation of hormone biosynthetic process",0.0280465902470915,TRUE
"GO:0051960",330,13,0.00238645545504434,0.0291735532801435,11.752,17,0.391304347826087,0.374,5.1155,0.00349825087456272,0,"WT_heat_up","BP","with_iea","regulation of nervous system development",0.0291735532801435,FALSE
"GO:0030323",147,8,0.00240416169496416,0.0291931476625661,5.3655,9,0.170414792603698,0.158027176648213,2.2485,0.00299850074962519,0,"WT_heat_up","BP","with_iea","respiratory tube development",0.0291931476625661,FALSE
"GO:0038034",59,5,0.00241401547061527,0.0291931476625661,2.195,5,0.0624687656171914,0.0608258928571429,0.8595,0.000999500249875062,0,"WT_heat_up","BP","with_iea","signal transduction in absence of ligand",0.0291931476625661,FALSE
"GO:0045670",59,5,0.00241401547061527,0.0291931476625661,2.0995,5,0.0529735132433783,0.0562429696287964,0.8905,0.00249875062468766,0,"WT_heat_up","BP","with_iea","regulation of osteoclast differentiation",0.0291931476625661,FALSE
"GO:0002287",86,6,0.00245465735636211,0.0294733591472091,3.677,7,0.15992003998001,0.149230769230769,1.2985,0.00199900049975012,0,"WT_heat_up","BP","with_iea","alpha-beta T cell activation involved in immune response",0.0294733591472091,TRUE
"GO:0002293",86,6,0.00245465735636211,0.0294733591472091,3.677,7,0.15992003998001,0.149230769230769,1.2985,0.00199900049975012,0,"WT_heat_up","BP","with_iea","alpha-beta T cell differentiation involved in immune response",0.0294733591472091,FALSE
"GO:0002687",116,7,0.00250368872406916,0.029809322862837,4.747,8,0.181409295352324,0.168257157207433,1.7295,0.00249875062468766,0,"WT_heat_up","BP","with_iea","positive regulation of leukocyte migration",0.029809322862837,FALSE
"GO:0016064",116,7,0.00250368872406916,0.029809322862837,3.665,7,0.0694652673663168,0.0637429882712902,1.7245,0.00249875062468766,0,"WT_heat_up","BP","with_iea","immunoglobulin mediated immune response",0.029809322862837,FALSE
"GO:0042098",182,9,0.00251797777590651,0.029809322862837,7.4395,11,0.316841579210395,0.292,2.751,0.00149925037481259,0,"WT_heat_up","BP","with_iea","T cell proliferation",0.029809322862837,FALSE
"GO:0050769",182,9,0.00251797777590651,0.029809322862837,6.8465,11,0.238380809595202,0.216108054027013,2.8165,0.00449775112443778,0,"WT_heat_up","BP","with_iea","positive regulation of neurogenesis",0.029809322862837,FALSE
"GO:0032370",60,5,0.00260007328226907,0.0306735917985169,2.046,4,0.0474762618690655,0.0443686006825939,0.877,0.000999500249875062,0,"WT_heat_up","BP","with_iea","positive regulation of lipid transport",0.0306735917985169,TRUE
"GO:0003012",294,12,0.00260965064217165,0.0306793075494325,9.521,15,0.239380309845077,0.219,4.516,0.00299850074962519,0,"WT_heat_up","BP","with_iea","muscle system process",0.0306793075494325,FALSE
"GO:0010566",18,3,0.00271125918301198,0.0309886204616903,0.508,2,0.0139930034982509,0.0241423125794155,0.238,0.00299850074962519,0,"WT_heat_up","BP","with_iea","regulation of ketone biosynthetic process",0.0309886204616903,TRUE
"GO:0035929",18,3,0.00271125918301198,0.0309886204616903,0.683,2,0.0284857571214393,0.0400801603206413,0.2305,0.00149925037481259,0,"WT_heat_up","BP","with_iea","steroid hormone secretion",0.0309886204616903,TRUE
"GO:0038128",18,3,0.00271125918301198,0.0309886204616903,0.6725,2,0.023488255872064,0.037,0.232,0.00149925037481259,0,"WT_heat_up","BP","with_iea","ERBB2 signaling pathway",0.0309886204616903,TRUE
"GO:0048670",18,3,0.00271125918301198,0.0309886204616903,0.5445,2,0.0149925037481259,0.0217142857142857,0.2465,0.00499750124937531,0,"WT_heat_up","BP","with_iea","regulation of collateral sprouting",0.0309886204616903,TRUE
"GO:0060142",18,3,0.00271125918301198,0.0309886204616903,0.5905,2,0.0189905047476262,0.0295728368017525,0.244,0.00149925037481259,0,"WT_heat_up","BP","with_iea","regulation of syncytium formation by plasma membrane fusion",0.0309886204616903,FALSE
"GO:0072012",18,3,0.00271125918301198,0.0309886204616903,0.7525,2,0.0339830084957521,0.0530649588289113,0.241,0.000999500249875062,0,"WT_heat_up","BP","with_iea","glomerulus vasculature development",0.0309886204616903,FALSE
"GO:1901623",18,3,0.00271125918301198,0.0309886204616903,0.656,2,0.0224887556221889,0.0332326283987915,0.2405,0.00199900049975012,0,"WT_heat_up","BP","with_iea","regulation of lymphocyte chemotaxis",0.0309886204616903,FALSE
"GO:1905709",18,3,0.00271125918301198,0.0309886204616903,0.4915,2,0.0124937531234383,0.0269230769230769,0.252,0.00199900049975012,0,"WT_heat_up","BP","with_iea","negative regulation of membrane permeability",0.0309886204616903,TRUE
"GO:2001239",37,4,0.00271862230487858,0.0309886204616903,1.4205,3,0.0459770114942529,0.0487491982039769,0.526,0.00149925037481259,0,"WT_heat_up","BP","with_iea","regulation of extrinsic apoptotic signaling pathway in absence of ligand",0.0309886204616903,FALSE
"GO:0002444",88,6,0.00275654536693115,0.0313150978721404,3.125,6,0.0864567716141929,0.0745568300312826,1.3395,0.00199900049975012,0,"WT_heat_up","BP","with_iea","myeloid leukocyte mediated immunity",0.0313150978721404,FALSE
"GO:0007610",460,16,0.00276783368335313,0.0313378216363539,13.5925,19,0.285857071464268,0.254,7.2,0.00149925037481259,0,"WT_heat_up","BP","with_iea","behavior",0.0313378216363539,TRUE
"GO:0010001",185,9,0.0028105444978641,0.0317149736983059,6.9105,11,0.244377811094453,0.215,2.81,0.00299850074962519,0.000530222693531283,"WT_heat_up","BP","with_iea","glial cell differentiation",0.0317149736983059,FALSE
"GO:0002449",259,11,0.00288169474387126,0.0324094602194054,8.764,13,0.256371814092954,0.228,3.9275,0.00399800099950025,0,"WT_heat_up","BP","with_iea","lymphocyte mediated immunity",0.0324094602194054,FALSE
"GO:0042129",152,8,0.00295735717155004,0.0331499106206307,6.357,10,0.295352323838081,0.251,2.288,0.00149925037481259,0,"WT_heat_up","BP","with_iea","regulation of T cell proliferation",0.0331499106206307,FALSE
"GO:0044093",421,15,0.00297978023155802,0.0332906572889959,13.045,19,0.324837581209395,0.28,6.4845,0.00549725137431284,0,"WT_heat_up","BP","with_iea","positive regulation of molecular function",0.0332906572889959,TRUE
"GO:0006909",187,9,0.00302009896458334,0.0336297488663505,6.4245,11,0.19240379810095,0.161161161161161,2.86,0.00199900049975012,0,"WT_heat_up","BP","with_iea","phagocytosis",0.0336297488663505,TRUE
"GO:0006869",300,12,0.0030768293212841,0.0341487570066203,7.151,11.05,0.0504747626186907,0.0415207603801901,4.6195,0.00299850074962519,0,"WT_heat_up","BP","with_iea","lipid transport",0.0341487570066203,FALSE
"GO:0001934",188,9,0.00312940638509112,0.0346184168632703,6.9195,11,0.240379810094953,0.19939879759519,2.8745,0.00299850074962519,0,"WT_heat_up","BP","with_iea","positive regulation of protein phosphorylation",0.0346184168632703,TRUE
"GO:0030194",19,3,0.00318222347649191,0.0346349097086571,0.567,2,0.0134932533733133,0.0188470066518847,0.2685,0.000499750124937531,0,"WT_heat_up","BP","with_iea","positive regulation of blood coagulation",0.0346349097086571,FALSE
"GO:0035136",19,3,0.00318222347649191,0.0346349097086571,0.5535,2,0.0154922538730635,0.0196078431372549,0.261,0.00149925037481259,0,"WT_heat_up","BP","with_iea","forelimb morphogenesis",0.0346349097086571,FALSE
"GO:0060713",19,3,0.00318222347649191,0.0346349097086571,0.6335,2,0.0239880059970015,0.0268317853457172,0.251,0.00399800099950025,0,"WT_heat_up","BP","with_iea","labyrinthine layer morphogenesis",0.0346349097086571,FALSE
"GO:0071800",19,3,0.00318222347649191,0.0346349097086571,0.529,2,0.0189905047476262,0.0276774969915764,0.251,0.00249875062468766,0,"WT_heat_up","BP","with_iea","podosome assembly",0.0346349097086571,TRUE
"GO:1900048",19,3,0.00318222347649191,0.0346349097086571,0.567,2,0.0134932533733133,0.0188470066518847,0.2685,0.000499750124937531,0,"WT_heat_up","BP","with_iea","positive regulation of hemostasis",0.0346349097086571,FALSE
"GO:0002292",91,6,0.00326048099739313,0.0351465267897905,3.8515,7,0.180409795102449,0.144971924451251,1.3655,0.00299850074962519,0,"WT_heat_up","BP","with_iea","T cell differentiation involved in immune response",0.0351465267897905,FALSE
"GO:0007229",91,6,0.00326048099739313,0.0351465267897905,2.7265,5,0.0469765117441279,0.0366826156299841,1.332,0.00349825087456272,0,"WT_heat_up","BP","with_iea","integrin-mediated signaling pathway",0.0351465267897905,FALSE
"GO:0030216",91,6,0.00326048099739313,0.0351465267897905,2.681,6,0.0604697651174413,0.0501066098081023,1.3355,0.00249875062468766,0,"WT_heat_up","BP","with_iea","keratinocyte differentiation",0.0351465267897905,TRUE
"GO:0030855",468,16,0.00327915733533122,0.0352352765904698,14.977,21,0.424787606196902,0.3635,7.304,0.00249875062468766,0,"WT_heat_up","BP","with_iea","epithelial cell differentiation",0.0352352765904698,TRUE
"GO:0043299",64,5,0.00344932043688877,0.0365975067737821,2.456,5,0.0924537731134433,0.0630048465266559,0.9495,0.00349825087456272,0,"WT_heat_up","BP","with_iea","leukocyte degranulation",0.0365975067737821,FALSE
"GO:0046849",64,5,0.00344932043688877,0.0365975067737821,2.0445,4,0.0484757621189405,0.0381331815594764,0.9405,0.000999500249875062,0,"WT_heat_up","BP","with_iea","bone remodeling",0.0365975067737821,FALSE
"GO:0050886",64,5,0.00344932043688877,0.0365975067737821,2.31,5,0.0794602698650675,0.0553709856035437,0.9435,0.00199900049975012,0,"WT_heat_up","BP","with_iea","endocrine process",0.0365975067737821,TRUE
"GO:1902893",64,5,0.00344932043688877,0.0365975067737821,2.9245,6,0.142928535732134,0.106826472120896,0.9535,0.00149925037481259,0,"WT_heat_up","BP","with_iea","regulation of miRNA transcription",0.0365975067737821,FALSE
"GO:0048738",156,8,0.00346754682124806,0.0366755579150187,5.9995,10,0.242378810594703,0.179859719438878,2.45,0.00399800099950025,0,"WT_heat_up","BP","with_iea","cardiac muscle tissue development",0.0366755579150187,FALSE
"GO:0000768",40,4,0.00362524459927393,0.0373800872443982,1.0785,3,0.0204897551224388,0.0161408657373441,0.5835,0.00299850074962519,0,"WT_heat_up","BP","with_iea","syncytium formation by plasma membrane fusion",0.0373800872443982,FALSE
"GO:0003018",192,9,0.00359824522395944,0.0373800872443982,6.191,10,0.154422788605697,0.1085,3.0165,0.00299850074962519,0,"WT_heat_up","BP","with_iea","vascular process in circulatory system",0.0373800872443982,FALSE
"GO:0010818",20,3,0.00370034058673058,0.0373800872443982,0.7305,2,0.0339830084957521,0.0351043643263757,0.285,0.00499750124937531,0,"WT_heat_up","BP","with_iea","T cell chemotaxis",0.0373800872443982,FALSE
"GO:0030509",93,6,0.00363263835895088,0.0373800872443982,3.28,6,0.104447776111944,0.0673868312757202,1.4165,0.00299850074962519,0,"WT_heat_up","BP","with_iea","BMP signaling pathway",0.0373800872443982,FALSE
"GO:0042104",20,3,0.00370034058673058,0.0373800872443982,0.858,3,0.0539730134932534,0.0510204081632653,0.267,0.00249875062468766,0,"WT_heat_up","BP","with_iea","positive regulation of activated T cell proliferation",0.0373800872443982,FALSE
"GO:0042181",40,4,0.00362524459927393,0.0373800872443982,0.7535,2,0.0079960019990005,0.00566037735849057,0.601,0.00399800099950025,0,"WT_heat_up","BP","with_iea","ketone biosynthetic process",0.0373800872443982,TRUE
"GO:0048333",20,3,0.00370034058673058,0.0373800872443982,0.804,2,0.0449775112443778,0.0357462019660411,0.293,0.00349825087456272,0,"WT_heat_up","BP","with_iea","mesodermal cell differentiation",0.0373800872443982,FALSE
"GO:0051091",93,6,0.00363263835895088,0.0373800872443982,3.4375,7,0.12143928035982,0.0884910485933504,1.375,0.00399800099950025,0.000664893617021277,"WT_heat_up","BP","with_iea","positive regulation of DNA-binding transcription factor activity",0.0373800872443982,FALSE
"GO:0061437",20,3,0.00370034058673058,0.0373800872443982,0.852,2,0.0464767616191904,0.0424088210347752,0.274,0.000999500249875062,0,"WT_heat_up","BP","with_iea","renal system vasculature development",0.0373800872443982,FALSE
"GO:0061440",20,3,0.00370034058673058,0.0373800872443982,0.852,2,0.0464767616191904,0.0424088210347752,0.274,0.000999500249875062,0,"WT_heat_up","BP","with_iea","kidney vasculature development",0.0373800872443982,FALSE
"GO:0061614",65,5,0.00368946250673844,0.0373800872443982,2.958,6,0.148925537231384,0.103125,0.9685,0.00199900049975012,0,"WT_heat_up","BP","with_iea","miRNA transcription",0.0373800872443982,TRUE
"GO:0090092",192,9,0.00359824522395944,0.0373800872443982,6.3995,10,0.182408795602199,0.128064032016008,2.97,0.00399800099950025,0.000526315789473684,"WT_heat_up","BP","with_iea","regulation of transmembrane receptor protein serine/threonine kinase signaling pathway",0.0373800872443982,FALSE
"GO:0140253",40,4,0.00362524459927393,0.0373800872443982,1.0785,3,0.0204897551224388,0.0161408657373441,0.5835,0.00299850074962519,0,"WT_heat_up","BP","with_iea","cell-cell fusion",0.0373800872443982,TRUE
"GO:1904752",20,3,0.00370034058673058,0.0373800872443982,0.7325,2,0.04047976011994,0.0276190476190476,0.274,0.00249875062468766,0,"WT_heat_up","BP","with_iea","regulation of vascular associated smooth muscle cell migration",0.0373800872443982,FALSE
"GO:1990823",93,6,0.00363263835895088,0.0373800872443982,2.238,5,0.0229885057471264,0.0105967651979922,1.3875,0.00299850074962519,0,"WT_heat_up","BP","with_iea","response to leukemia inhibitory factor",0.0373800872443982,TRUE
"GO:0051896",230,10,0.00375278714638962,0.0377967278564733,9.003,14,0.401299350324838,0.318,3.546,0.00349825087456272,0,"WT_heat_up","BP","with_iea","regulation of phosphatidylinositol 3-kinase/protein kinase B signal transduction",0.0377967278564733,FALSE
"GO:0045621",125,7,0.00380093049443637,0.0381676770482985,5.501,9,0.315342328835582,0.228643216080402,1.8925,0.00599700149925037,0,"WT_heat_up","BP","with_iea","positive regulation of lymphocyte differentiation",0.0381676770482985,FALSE
"GO:0007178",269,11,0.00384428553787441,0.0383746136236339,9.1165,14,0.302348825587206,0.227613806903452,4.214,0.00549725137431284,0.000505305709954523,"WT_heat_up","BP","with_iea","cell surface receptor protein serine/threonine kinase signaling pathway",0.0383746136236339,FALSE
"GO:0043491",269,11,0.00384428553787441,0.0383746136236339,10.3385,15,0.464767616191904,0.3695,4.154,0.00549725137431284,0,"WT_heat_up","BP","with_iea","phosphatidylinositol 3-kinase/protein kinase B signal transduction",0.0383746136236339,FALSE
"GO:0002762",41,4,0.0039679693268047,0.0391459897913422,1.5645,4,0.0729635182408796,0.0449230769230769,0.607,0.00549725137431284,0,"WT_heat_up","BP","with_iea","negative regulation of myeloid leukocyte differentiation",0.0391459897913422,FALSE
"GO:0006949",41,4,0.0039679693268047,0.0391459897913422,1.116,3,0.0214892553723138,0.0143988480921526,0.5995,0.00349825087456272,0,"WT_heat_up","BP","with_iea","syncytium formation",0.0391459897913422,FALSE
"GO:0042311",41,4,0.0039679693268047,0.0391459897913422,1.6855,4,0.0839580209895052,0.0479078229229836,0.587,0.00299850074962519,0,"WT_heat_up","BP","with_iea","vasodilation",0.0391459897913422,FALSE
"GO:0060627",434,15,0.00395827221591766,0.0391459897913422,13.9595,20,0.413793103448276,0.326,6.7065,0.00449775112443778,0,"WT_heat_up","BP","with_iea","regulation of vesicle-mediated transport",0.0391459897913422,FALSE
"GO:0048638",232,10,0.00398943993037501,0.0392430621722603,8.82,13,0.379810094952524,0.281,3.6125,0.00249875062468766,0,"WT_heat_up","BP","with_iea","regulation of developmental growth",0.0392430621722603,TRUE
"GO:0001936",95,6,0.00403547745690535,0.0394657998249236,3.792,7,0.170414792603698,0.108396946564885,1.464,0.00299850074962519,0,"WT_heat_up","BP","with_iea","regulation of endothelial cell proliferation",0.0394657998249236,FALSE
"GO:0048144",95,6,0.00403547745690535,0.0394657998249236,3.322,6,0.107446276861569,0.0663556246759979,1.4245,0.00349825087456272,0,"WT_heat_up","BP","with_iea","fibroblast proliferation",0.0394657998249236,TRUE
"GO:0001938",67,5,0.00420534449618384,0.0407725066957594,2.719,6,0.135432283858071,0.0763925729442971,1.018,0.00449775112443778,0,"WT_heat_up","BP","with_iea","positive regulation of endothelial cell proliferation",0.0407725066957594,FALSE
"GO:0032637",67,5,0.00420534449618384,0.0407725066957594,2.719,6,0.135432283858071,0.0766365087812666,0.9855,0.00149925037481259,0,"WT_heat_up","BP","with_iea","interleukin-8 production",0.0407725066957594,FALSE
"GO:0032677",67,5,0.00420534449618384,0.0407725066957594,2.719,6,0.135432283858071,0.0766365087812666,0.9855,0.00149925037481259,0,"WT_heat_up","BP","with_iea","regulation of interleukin-8 production",0.0407725066957594,FALSE
"GO:0008207",21,3,0.00426699740788926,0.0411338550120524,0.577,2,0.0239880059970015,0.0195852534562212,0.271,0.00299850074962519,0,"WT_heat_up","BP","with_iea","C21-steroid hormone metabolic process",0.0411338550120524,FALSE
"GO:0060669",21,3,0.00426699740788926,0.0411338550120524,0.7035,2,0.0309845077461269,0.0192122958693564,0.2865,0.00499750124937531,0,"WT_heat_up","BP","with_iea","embryonic placenta morphogenesis",0.0411338550120524,FALSE
"GO:0045926",162,8,0.00435796102794314,0.0417720468985231,5.302,9,0.151424287856072,0.0942828485456369,2.504,0.00849575212393803,0,"WT_heat_up","BP","with_iea","negative regulation of growth",0.0417720468985231,FALSE
"GO:0090257",162,8,0.00435796102794314,0.0417720468985231,6.1595,10,0.271364317841079,0.177177177177177,2.4745,0.00599700149925037,0,"WT_heat_up","BP","with_iea","regulation of muscle system process",0.0417720468985231,FALSE
"GO:0048661",68,5,0.00448171015446188,0.0428365157539785,3.0155,6,0.177911044477761,0.0997389033942559,0.991,0.00399800099950025,0.000782472613458529,"WT_heat_up","BP","with_iea","positive regulation of smooth muscle cell proliferation",0.0428365157539785,FALSE
"GO:0030100",237,10,0.0046330067674295,0.0441575277777037,7.972,13,0.272363818090955,0.1775,3.626,0.00349825087456272,0,"WT_heat_up","BP","with_iea","regulation of endocytosis",0.0441575277777037,FALSE
"GO:0070374",130,7,0.00471342464450803,0.0447974500016059,5.5285,9,0.304347826086957,0.198094282848546,1.986,0.00549725137431284,0,"WT_heat_up","BP","with_iea","positive regulation of ERK1 and ERK2 cascade",0.0447974500016059,FALSE
"GO:0019722",165,8,0.00486446874009735,0.0456422639438214,5.0565,9,0.121939030484758,0.0683073832245103,2.4935,0.00599700149925037,0,"WT_heat_up","BP","with_iea","calcium-mediated signaling",0.0456422639438214,FALSE
"GO:0019934",22,3,0.00488347874443377,0.0456422639438214,0.628,2,0.0274862568715642,0.0118534482758621,0.3205,0.00449775112443778,0,"WT_heat_up","BP","with_iea","cGMP-mediated signaling",0.0456422639438214,FALSE
"GO:0035886",22,3,0.00488347874443377,0.0456422639438214,0.846,2,0.0489755122438781,0.02081526452732,0.304,0.00549725137431284,0,"WT_heat_up","BP","with_iea","vascular associated smooth muscle cell differentiation",0.0456422639438214,TRUE
"GO:1903706",359,13,0.00488007087193638,0.0456422639438214,13.745,19,0.639180409795102,0.5155,5.5495,0.00449775112443778,0,"WT_heat_up","BP","with_iea","regulation of hemopoiesis",0.0456422639438214,FALSE
"GO:1904738",22,3,0.00488347874443377,0.0456422639438214,0.801,2,0.0489755122438781,0.014336917562724,0.302,0.00299850074962519,0,"WT_heat_up","BP","with_iea","vascular associated smooth muscle cell migration",0.0456422639438214,TRUE
"GO:2000353",22,3,0.00488347874443377,0.0456422639438214,0.8755,2,0.0494752623688156,0.0245139475908707,0.305,0.00449775112443778,0,"WT_heat_up","BP","with_iea","positive regulation of endothelial cell apoptotic process",0.0456422639438214,FALSE
"GO:0008637",99,6,0.00493915113577696,0.046035071635667,3.071,6,0.0894552723638181,0.041776837652036,1.513,0.00649675162418791,0,"WT_heat_up","BP","with_iea","apoptotic mitochondrial changes",0.046035071635667,TRUE
"GO:0010721",202,9,0.00501342344916287,0.0465985970178389,7.7555,12,0.361319340329835,0.236,3.0795,0.00699650174912544,0,"WT_heat_up","BP","with_iea","negative regulation of cell development",0.0465985970178389,FALSE
"GO:0060541",166,8,0.00504296689527246,0.0467444239138717,6.034,10,0.252873563218391,0.155967903711133,2.559,0.00549725137431284,0,"WT_heat_up","BP","with_iea","respiratory system development",0.0467444239138717,FALSE
"GO:0048640",70,5,0.00507284550706245,0.0468925499748731,2.4115,5,0.0969515242378811,0.0467645459488853,1.0705,0.00549725137431284,0,"WT_heat_up","BP","with_iea","negative regulation of developmental growth",0.0468925499748731,FALSE
"GO:2000404",44,4,0.00512618310277685,0.0472561251059265,1.7025,4,0.0809595202398801,0.0273972602739726,0.651,0.00549725137431284,0,"WT_heat_up","BP","with_iea","regulation of T cell migration",0.0472561251059265,FALSE
"GO:0007173",100,6,0.0051865741623539,0.0475529924559295,3.6035,7,0.142928535732134,0.0644831115660184,1.4715,0.00349825087456272,0,"WT_heat_up","BP","with_iea","epidermal growth factor receptor signaling pathway",0.0475529924559295,FALSE
"GO:0043367",100,6,0.0051865741623539,0.0475529924559295,4.278,8,0.255872063968016,0.142059868087265,1.512,0.00199900049975012,0,"WT_heat_up","BP","with_iea","CD4-positive, alpha-beta T cell differentiation",0.0475529924559295,FALSE
"GO:0042325",362,13,0.00522750221848646,0.0477983536183559,12.5525,18,0.492753623188406,0.3705,5.668,0.00249875062468766,0,"WT_heat_up","BP","with_iea","regulation of phosphorylation",0.0477983536183559,FALSE
"GO:0002690",71,5,0.00538823228163255,0.0483507864846495,3.0435,6,0.180409795102449,0.0834202294056309,1.049,0.00599700149925037,0,"WT_heat_up","BP","with_iea","positive regulation of leukocyte chemotaxis",0.0483507864846495,FALSE
"GO:0010594",133,7,0.00533496823855451,0.0483507864846495,5.3805,9,0.280859570214893,0.160642570281124,2.0375,0.00349825087456272,0,"WT_heat_up","BP","with_iea","regulation of endothelial cell migration",0.0483507864846495,TRUE
"GO:0019216",242,10,0.00535577315792042,0.0483507864846495,8.089,13,0.28735632183908,0.179589794897449,3.7115,0.00599700149925037,0,"WT_heat_up","BP","with_iea","regulation of lipid metabolic process",0.0483507864846495,FALSE
"GO:0030308",133,7,0.00533496823855451,0.0483507864846495,4.3495,8,0.133433283358321,0.0715725806451613,2.03,0.00599700149925037,0,"WT_heat_up","BP","with_iea","negative regulation of cell growth",0.0483507864846495,FALSE
"GO:0042445",133,7,0.00533496823855451,0.0483507864846495,2.9755,6,0.0309845077461269,0.0110062893081761,2.0055,0.00649675162418791,0,"WT_heat_up","BP","with_iea","hormone metabolic process",0.0483507864846495,TRUE
"GO:0050830",71,5,0.00538823228163255,0.0483507864846495,2.1955,5,0.0719640179910045,0.0293288212069938,1.0245,0.00399800099950025,0,"WT_heat_up","BP","with_iea","defense response to Gram-positive bacterium",0.0483507864846495,FALSE
"GO:0051092",71,5,0.00538823228163255,0.0483507864846495,2.702,5,0.129435282358821,0.0594795539033457,1.05,0.00499750124937531,0,"WT_heat_up","BP","with_iea","positive regulation of NF-kappaB transcription factor activity",0.0483507864846495,FALSE
"GO:0030879",101,6,0.0054429728944164,0.0487124417659441,4.0825,7,0.227886056971514,0.114895780376207,1.5145,0.00349825087456272,0,"WT_heat_up","BP","with_iea","mammary gland development",0.0487124417659441,FALSE
"GO:0002250",450,15,0.00550920229100707,0.048958635087895,13.3125,19,0.345827086456772,0.239,7.0175,0.00449775112443778,0,"WT_heat_up","BP","with_iea","adaptive immune response",0.048958635087895,FALSE
"GO:0003401",23,3,0.00555097088961001,0.048958635087895,0.9155,3,0.0614692653673163,0.0186084142394822,0.3365,0.00199900049975012,0,"WT_heat_up","BP","with_iea","axis elongation",0.048958635087895,TRUE
"GO:0050820",23,3,0.00555097088961001,0.048958635087895,0.734,2,0.0279860069965017,0.0112359550561798,0.333,0.00249875062468766,0,"WT_heat_up","BP","with_iea","positive regulation of coagulation",0.048958635087895,FALSE
"GO:0061900",45,4,0.00555754512112145,0.048958635087895,1.9135,4,0.115942028985507,0.0494252873563218,0.6555,0.00549725137431284,0,"WT_heat_up","BP","with_iea","glial cell activation",0.048958635087895,FALSE
"GO:0070613",45,4,0.00555754512112145,0.048958635087895,1.394,3,0.0489755122438781,0.0143135979180221,0.664,0.00349825087456272,0,"WT_heat_up","BP","with_iea","regulation of protein processing",0.048958635087895,FALSE
"GO:2000351",45,4,0.00555754512112145,0.048958635087895,1.9585,4,0.122938530734633,0.0511200459506031,0.657,0.00299850074962519,0,"WT_heat_up","BP","with_iea","regulation of endothelial cell apoptotic process",0.048958635087895,FALSE
"GO:0060562",244,10,0.00566848762291051,0.0498059303117189,9.3115,14,0.455772113943028,0.318,3.8025,0.00999500249875063,0,"WT_heat_up","BP","with_iea","epithelial tube morphogenesis",0.0498059303117189,FALSE
"GO:0001525",410,29,7.74918814752934e-11,2.5882288412748e-07,13.185,18,0.000499750124937531,0.1635,6.703,0.000499750124937531,0,"KO_heat_up","BP","with_iea","angiogenesis",2.5882288412748e-07,TRUE
"GO:0048514",466,30,3.53033516212744e-10,5.89565972075282e-07,15.319,21,0.000499750124937531,0.2255,7.6475,0.000499750124937531,0,"KO_heat_up","BP","with_iea","blood vessel morphogenesis",5.89565972075282e-07,FALSE
"GO:0006935",331,24,2.33703034192255e-09,1.95142033550533e-06,10.4875,16,0.000999500249875062,0.1205,5.3135,0.000499750124937531,0,"KO_heat_up","BP","with_iea","chemotaxis",1.95142033550533e-06,TRUE
"GO:0042330",331,24,2.33703034192255e-09,1.95142033550533e-06,10.4875,16,0.000999500249875062,0.1205,5.3135,0.000499750124937531,0,"KO_heat_up","BP","with_iea","taxis",1.95142033550533e-06,FALSE
"GO:0048771",133,15,8.07478167245031e-09,5.3939541571968e-06,4.679,8,0.000499750124937531,0.0468513853904282,2.052,0.000499750124937531,0,"KO_heat_up","BP","with_iea","tissue remodeling",5.3939541571968e-06,TRUE
"GO:2000147",457,27,1.83698264990245e-08,1.0225870084457e-05,15.9355,22,0.00349825087456272,0.306,7.522,0.000499750124937531,0,"KO_heat_up","BP","with_iea","positive regulation of cell motility",1.0225870084457e-05,TRUE
"GO:0040017",467,27,2.88894790800657e-08,1.37844085896314e-05,16.277,22,0.00499750124937531,0.3105,7.7,0.000499750124937531,0,"KO_heat_up","BP","with_iea","positive regulation of locomotion",1.37844085896314e-05,TRUE
"GO:0030335",443,26,3.95181225358999e-08,1.64988161587382e-05,15.585,21,0.00399800099950025,0.313,7.3025,0.000499750124937531,0,"KO_heat_up","BP","with_iea","positive regulation of cell migration",1.64988161587382e-05,FALSE
"GO:0001819",419,25,5.35889356095502e-08,1.9887449437322e-05,15.34,21,0.00699650174912544,0.3365,6.941,0.000499750124937531,0,"KO_heat_up","BP","with_iea","positive regulation of cytokine production",1.9887449437322e-05,TRUE
"GO:0007200",84,11,1.80437066791978e-07,6.02659803085206e-05,2.06,5,0.000499750124937531,0.00566893424036281,1.2885,0.000499750124937531,0,"KO_heat_up","BP","with_iea","phospholipase C-activating G protein-coupled receptor signaling pathway",6.02659803085206e-05,TRUE
"GO:0002694",494,26,3.39380402331299e-07,0.000103048231253322,18.2185,25,0.0309845077461269,0.451,8.1675,0.000499750124937531,0,"KO_heat_up","BP","with_iea","regulation of leukocyte activation",0.000103048231253322,TRUE
"GO:0060326",228,17,3.85109030791156e-07,0.000107188680236872,7.406,12,0.00149925037481259,0.079,3.6735,0.000499750124937531,0,"KO_heat_up","BP","with_iea","cell chemotaxis",0.000107188680236872,TRUE
"GO:0048729",438,24,4.84628823543704e-07,0.000124512328510459,14.58,21,0.00699650174912544,0.231,7.322,0.000499750124937531,0,"KO_heat_up","BP","with_iea","tissue morphogenesis",0.000124512328510459,TRUE
"GO:0019221",425,23,1.05902171121409e-06,0.000252652322532504,13.763,19,0.00549725137431284,0.199,7.0805,0.000499750124937531,0,"KO_heat_up","BP","with_iea","cytokine-mediated signaling pathway",0.000252652322532504,TRUE
"GO:0050867",334,20,1.18986003964913e-06,0.00026494216882854,12.8825,19,0.0249875062468766,0.3265,5.501,0.000499750124937531,0,"KO_heat_up","BP","with_iea","positive regulation of cell activation",0.00026494216882854,FALSE
"GO:0002696",319,19,2.41309885358455e-06,0.0004241973774196,12.4305,18,0.0359820089955022,0.318,5.2505,0.000499750124937531,0,"KO_heat_up","BP","with_iea","positive regulation of leukocyte activation",0.0004241973774196,FALSE
"GO:0009611",443,23,2.15122505245916e-06,0.0004241973774196,14.3555,20,0.0134932533733133,0.209,7.4025,0.000499750124937531,0,"KO_heat_up","BP","with_iea","response to wounding",0.0004241973774196,TRUE
"GO:0050727",319,19,2.41309885358455e-06,0.0004241973774196,11.0835,16,0.0114942528735632,0.1765,5.251,0.000499750124937531,0,"KO_heat_up","BP","with_iea","regulation of inflammatory response",0.0004241973774196,TRUE
"GO:0070661",287,18,2.17079276290523e-06,0.0004241973774196,10.7865,16,0.0174912543728136,0.233,4.6885,0.000499750124937531,0,"KO_heat_up","BP","with_iea","leukocyte proliferation",0.0004241973774196,TRUE
"GO:0030316",97,10,6.09824332307452e-06,0.000971767070963237,3.044,6,0.000999500249875062,0.0248190279214064,1.5205,0.000499750124937531,0,"KO_heat_up","BP","with_iea","osteoclast differentiation",0.000971767070963237,TRUE
"GO:0042060",342,19,6.64882451486094e-06,0.000971767070963237,10.8435,16,0.0104947526236882,0.1275,5.6935,0.000499750124937531,0,"KO_heat_up","BP","with_iea","wound healing",0.000971767070963237,FALSE
"GO:0045765",224,15,7.17148427887486e-06,0.000971767070963237,7.569,12,0.00699650174912544,0.088,3.6915,0.000499750124937531,0,"KO_heat_up","BP","with_iea","regulation of angiogenesis",0.000971767070963237,FALSE
"GO:0045785",409,21,7.27370562098232e-06,0.000971767070963237,14.874,20,0.0434782608695652,0.3365,6.7905,0.000499750124937531,0,"KO_heat_up","BP","with_iea","positive regulation of cell adhesion",0.000971767070963237,TRUE
"GO:0050878",280,17,6.49019484897809e-06,0.000971767070963237,8.2835,13,0.00599700149925037,0.0620310155077539,4.647,0.000499750124937531,0,"KO_heat_up","BP","with_iea","regulation of body fluid levels",0.000971767070963237,TRUE
"GO:0071674",170,13,7.14557189122456e-06,0.000971767070963237,6.133,10,0.00949525237381309,0.0927318295739348,2.7245,0.000499750124937531,0,"KO_heat_up","BP","with_iea","mononuclear cell migration",0.000971767070963237,TRUE
"GO:0006959",146,12,7.76099180698139e-06,0.000996988947512225,3.8475,7,0.000499750124937531,0.0106598984771574,2.3605,0.000499750124937531,0,"KO_heat_up","BP","with_iea","humoral immune response",0.000996988947512225,TRUE
"GO:0050900",287,17,8.99662093473471e-06,0.00111291533044496,9.8725,15,0.0154922538730635,0.156,4.6925,0.000499750124937531,0,"KO_heat_up","BP","with_iea","leukocyte migration",0.00111291533044496,FALSE
"GO:1901342",229,15,9.36181101209224e-06,0.00111673031358529,7.7655,12,0.0079960019990005,0.0935,3.773,0.000499750124937531,0,"KO_heat_up","BP","with_iea","regulation of vasculature development",0.00111673031358529,FALSE
"GO:2001233",322,18,1.07929082289414e-05,0.00124304529257463,10.92,16,0.0184907546226887,0.1575,5.2435,0.000499750124937531,0,"KO_heat_up","BP","with_iea","regulation of apoptotic signaling pathway",0.00124304529257463,TRUE
"GO:0001501",359,19,1.32549274165466e-05,0.00147571525237552,10.539,16,0.00749625187406297,0.0795,5.9995,0.000499750124937531,0,"KO_heat_up","BP","with_iea","skeletal system development",0.00147571525237552,TRUE
"GO:0007409",328,18,1.38701341683074e-05,0.00149439510071441,9.675,15,0.00649675162418791,0.0715,5.414,0.000499750124937531,0,"KO_heat_up","BP","with_iea","axonogenesis",0.00149439510071441,TRUE
"GO:0010720",361,19,1.43320295488593e-05,0.00149590558416219,13.8565,19,0.0819590204897551,0.3515,5.9825,0.000499750124937531,0,"KO_heat_up","BP","with_iea","positive regulation of cell development",0.00149590558416219,TRUE
"GO:0002573",211,14,1.61869394083827e-05,0.00159012875364701,7.4185,12,0.0129935032483758,0.0975,3.439,0.000499750124937531,0,"KO_heat_up","BP","with_iea","myeloid leukocyte differentiation",0.00159012875364701,FALSE
"GO:0045744",48,7,1.60217774085078e-05,0.00159012875364701,1.3195,3,0.000499750124937531,0.00808080808080808,0.743,0.000499750124937531,0,"KO_heat_up","BP","with_iea","negative regulation of G protein-coupled receptor signaling pathway",0.00159012875364701,TRUE
"GO:0001707",49,7,1.84227761698676e-05,0.00175428306681738,1.76,4,0.00249875062468766,0.0229817324690631,0.739,0.000499750124937531,0,"KO_heat_up","BP","with_iea","mesoderm formation",0.00175428306681738,TRUE
"GO:2001236",134,11,1.89084402411454e-05,0.00175428306681738,4.7055,8,0.00699650174912544,0.0588827377956719,2.1035,0.000499750124937531,0,"KO_heat_up","BP","with_iea","regulation of extrinsic apoptotic signaling pathway",0.00175428306681738,FALSE
"GO:0048332",50,7,2.11132662909244e-05,0.00190590025436993,1.8035,4,0.00249875062468766,0.0239485981308411,0.758,0.000499750124937531,0,"KO_heat_up","BP","with_iea","mesoderm morphogenesis",0.00190590025436993,FALSE
"GO:0050729",136,11,2.17385485358151e-05,0.0019107040028848,4.7855,9,0.00549725137431284,0.0588827377956719,2.196,0.000499750124937531,0,"KO_heat_up","BP","with_iea","positive regulation of inflammatory response",0.0019107040028848,FALSE
"GO:2001238",51,7,2.41197576238243e-05,0.00206564078111726,1.7075,4,0.00149925037481259,0.0230582524271845,0.777,0.000499750124937531,0,"KO_heat_up","BP","with_iea","positive regulation of extrinsic apoptotic signaling pathway",0.00206564078111726,FALSE
"GO:0048812",481,22,2.66710418239359e-05,0.00222703199229865,13.746,19,0.0139930034982509,0.105,8.006,0.000499750124937531,0,"KO_heat_up","BP","with_iea","neuron projection morphogenesis",0.00222703199229865,FALSE
"GO:0008277",115,10,2.76564069529779e-05,0.00225298534690113,3.078,6,0.00249875062468766,0.0119916579770594,1.8555,0.000499750124937531,0,"KO_heat_up","BP","with_iea","regulation of G protein-coupled receptor signaling pathway",0.00225298534690113,FALSE
"GO:0007159",348,18,3.06080462647742e-05,0.0023774621982406,13.1915,19,0.0934532733633183,0.316,5.7465,0.000499750124937531,0,"KO_heat_up","BP","with_iea","leukocyte cell-cell adhesion",0.0023774621982406,TRUE
"GO:0050819",36,6,3.00587795508597e-05,0.0023774621982406,1.01,3,0.00149925037481259,0.00932400932400932,0.536,0.000999500249875062,0.00119047619047619,"KO_heat_up","BP","with_iea","negative regulation of coagulation",0.0023774621982406,TRUE
"GO:0030595",169,12,3.3947858132808e-05,0.00251034661732897,5.698,10,0.0129935032483758,0.0671342685370741,2.7155,0.000499750124937531,0,"KO_heat_up","BP","with_iea","leukocyte chemotaxis",0.00251034661732897,FALSE
"GO:0034103",54,7,3.53252368306771e-05,0.00251034661732897,1.925,4,0.00249875062468766,0.0235767682576193,0.8435,0.000499750124937531,0,"KO_heat_up","BP","with_iea","regulation of tissue remodeling",0.00251034661732897,TRUE
"GO:0050818",54,7,3.53252368306771e-05,0.00251034661732897,1.632,4,0.00299850074962519,0.0116851168511685,0.828,0.000999500249875062,0.000871080139372822,"KO_heat_up","BP","with_iea","regulation of coagulation",0.00251034661732897,FALSE
"GO:0061844",54,7,3.53252368306771e-05,0.00251034661732897,1.227,3,0.000999500249875062,0.00209937018894332,0.8225,0.000499750124937531,0,"KO_heat_up","BP","with_iea","antimicrobial humoral immune response mediated by antimicrobial peptide",0.00251034661732897,TRUE
"GO:0045780",12,4,3.7395637822003e-05,0.00254900878215286,0.2665,1,0.000499750124937531,0.00204081632653061,0.147,0.000499750124937531,0,"KO_heat_up","BP","with_iea","positive regulation of bone resorption",0.00254900878215286,TRUE
"GO:0072677",12,4,3.7395637822003e-05,0.00254900878215286,0.2745,1,0.000499750124937531,0.00623700623700624,0.1585,0.000499750124937531,0,"KO_heat_up","BP","with_iea","eosinophil migration",0.00254900878215286,FALSE
"GO:0097191",199,13,3.84265402582436e-05,0.00256689288925067,6.8425,11,0.0164917541229385,0.0865865865865866,3.2285,0.000499750124937531,0,"KO_heat_up","BP","with_iea","extrinsic apoptotic signaling pathway",0.00256689288925067,FALSE
"GO:0120039",496,22,4.2437637860571e-05,0.00277924922459426,14.162,20,0.0219890054972514,0.102,8.2645,0.000499750124937531,0,"KO_heat_up","BP","with_iea","plasma membrane bounded cell projection morphogenesis",0.00277924922459426,FALSE
"GO:0044057",360,18,4.77340180392959e-05,0.00295819142867119,11.7895,17,0.0499750124937531,0.1535,5.9395,0.000499750124937531,0,"KO_heat_up","BP","with_iea","regulation of system process",0.00295819142867119,TRUE
"GO:0048598",428,20,4.68076012426422e-05,0.00295819142867119,13.571,19,0.0464767616191904,0.155,7.1465,0.000499750124937531,0,"KO_heat_up","BP","with_iea","embryonic morphogenesis",0.00295819142867119,FALSE
"GO:1903131",464,21,4.78270470503725e-05,0.00295819142867119,16.791,23,0.150924537731134,0.373,7.7135,0.000499750124937531,0,"KO_heat_up","BP","with_iea","mononuclear cell differentiation",0.00295819142867119,FALSE
"GO:2001235",124,10,5.29677498708697e-05,0.00321658699215827,4.2615,8,0.00999500249875063,0.0474747474747475,1.9895,0.000499750124937531,0,"KO_heat_up","BP","with_iea","positive regulation of apoptotic signaling pathway",0.00321658699215827,FALSE
"GO:0002009",364,18,5.50934944864967e-05,0.00328593342115891,12.4055,18,0.0664667666166917,0.197,6.148,0.000499750124937531,0,"KO_heat_up","BP","with_iea","morphogenesis of an epithelium",0.00328593342115891,FALSE
"GO:0048667",437,20,6.25455598541368e-05,0.00366495034934767,12.7085,18,0.023488255872064,0.098,7.2695,0.000499750124937531,0,"KO_heat_up","BP","with_iea","cell morphogenesis involved in neuron differentiation",0.00366495034934767,TRUE
"GO:0008544",240,14,6.70490959006653e-05,0.00372455901738494,7.08,11,0.00899550224887556,0.04004004004004,4.0355,0.000499750124937531,0,"KO_heat_up","BP","with_iea","epidermis development",0.00372455901738494,FALSE
"GO:0030900",271,15,6.69656419741401e-05,0.00372455901738494,8.593,13,0.0209895052473763,0.0765,4.517,0.000499750124937531,0,"KO_heat_up","BP","with_iea","forebrain development",0.00372455901738494,TRUE
"GO:0051249",439,20,6.66254281774246e-05,0.00372455901738494,16.532,23,0.197401299350325,0.4335,7.325,0.000499750124937531,0,"KO_heat_up","BP","with_iea","regulation of lymphocyte activation",0.00372455901738494,FALSE
"GO:0061564",370,18,6.80233832516411e-05,0.00372455901738494,10.825,16,0.0209895052473763,0.088,6.1535,0.000499750124937531,0,"KO_heat_up","BP","with_iea","axon development",0.00372455901738494,TRUE
"GO:0048568",304,16,6.96631483938263e-05,0.00375282121992548,9.548,14,0.0249875062468766,0.098,5.068,0.000499750124937531,0,"KO_heat_up","BP","with_iea","embryonic organ development",0.00375282121992548,TRUE
"GO:0022407",407,19,7.38989629638059e-05,0.00379726978921711,15.208,21,0.16391804097951,0.3765,6.74,0.000499750124937531,0,"KO_heat_up","BP","with_iea","regulation of cell-cell adhesion",0.00379726978921711,FALSE
"GO:0048520",14,4,7.36083933581605e-05,0.00379726978921711,0.2895,1,0.000499750124937531,0,0.188,0.000499750124937531,0,"KO_heat_up","BP","with_iea","positive regulation of behavior",0.00379726978921711,TRUE
"GO:1903039",242,14,7.33180879567958e-05,0.00379726978921711,9.4725,14,0.0834582708645677,0.2165,3.997,0.000499750124937531,0,"KO_heat_up","BP","with_iea","positive regulation of leukocyte cell-cell adhesion",0.00379726978921711,FALSE
"GO:0022409",276,15,8.23054338019087e-05,0.00412941838148547,10.4875,16,0.0889555222388806,0.235,4.557,0.000499750124937531,0,"KO_heat_up","BP","with_iea","positive regulation of cell-cell adhesion",0.00412941838148547,FALSE
"GO:0043068",446,20,8.2835638191475e-05,0.00412941838148547,14.5605,20,0.0739630184907546,0.211,7.4135,0.000499750124937531,0,"KO_heat_up","BP","with_iea","positive regulation of programmed cell death",0.00412941838148547,TRUE
"GO:0048146",44,6,9.71852284244505e-05,0.00470432844837195,1.573,4,0.00349825087456272,0.0136307311028501,0.67,0.000499750124937531,0,"KO_heat_up","BP","with_iea","positive regulation of fibroblast proliferation",0.00470432844837195,TRUE
"GO:0050795",44,6,9.71852284244505e-05,0.00470432844837195,1.2995,3,0.00149925037481259,0.00884353741496599,0.6885,0.000499750124937531,0,"KO_heat_up","BP","with_iea","regulation of behavior",0.00470432844837195,FALSE
"GO:0016525",85,8,0.00010169514731686,0.00478396890194807,2.736,6,0.00649675162418791,0.0174142480211082,1.3315,0.000499750124937531,0,"KO_heat_up","BP","with_iea","negative regulation of angiogenesis",0.00478396890194807,FALSE
"GO:2000181",85,8,0.00010169514731686,0.00478396890194807,2.736,6,0.00649675162418791,0.0174142480211082,1.3315,0.000499750124937531,0,"KO_heat_up","BP","with_iea","negative regulation of blood vessel morphogenesis",0.00478396890194807,FALSE
"GO:0001822",220,13,0.000107439937109582,0.00491574506775346,7.269,12,0.0314842578710645,0.0870435217608804,3.739,0.000499750124937531,0,"KO_heat_up","BP","with_iea","kidney development",0.00491574506775346,FALSE
"GO:0046849",64,7,0.000107204592654067,0.00491574506775346,1.946,4,0.00349825087456272,0.0121247113163972,0.9995,0.000499750124937531,0,"KO_heat_up","BP","with_iea","bone remodeling",0.00491574506775346,FALSE
"GO:1901343",86,8,0.000110497481146551,0.00498731874364161,2.7465,6,0.00649675162418791,0.0179324894514768,1.348,0.000499750124937531,0,"KO_heat_up","BP","with_iea","negative regulation of vasculature development",0.00498731874364161,FALSE
"GO:0007189",110,9,0.000112455680876769,0.0050080263217121,2.689,6,0.00149925037481259,0.00536480686695279,1.7675,0.000499750124937531,0,"KO_heat_up","BP","with_iea","adenylate cyclase-activating G protein-coupled receptor signaling pathway",0.0050080263217121,FALSE
"GO:0042110",494,21,0.000116625694736783,0.00510319766534785,17.968,24,0.243878060969515,0.43,8.271,0.000499750124937531,0,"KO_heat_up","BP","with_iea","T cell activation",0.00510319766534785,TRUE
"GO:0045124",29,5,0.000120235340171552,0.00510319766534785,0.899,3,0.00149925037481259,0.00746268656716418,0.4295,0.000499750124937531,0,"KO_heat_up","BP","with_iea","regulation of bone resorption",0.00510319766534785,FALSE
"GO:0046651",253,14,0.000117780477903632,0.00510319766534785,9.659,15,0.0939530234882559,0.2145,4.192,0.000499750124937531,0,"KO_heat_up","BP","with_iea","lymphocyte proliferation",0.00510319766534785,TRUE
"GO:0060348",164,11,0.00012070437591691,0.00510319766534785,5.0135,9,0.0139930034982509,0.0316582914572864,2.6635,0.000499750124937531,0,"KO_heat_up","BP","with_iea","bone development",0.00510319766534785,FALSE
"GO:1903037",319,16,0.00012242634727804,0.00511129999885816,12.319,18,0.158420789605197,0.3065,5.2815,0.000499750124937531,0,"KO_heat_up","BP","with_iea","regulation of leukocyte cell-cell adhesion",0.00511129999885816,FALSE
"GO:0050870",224,13,0.000128738859391483,0.00530849123910558,8.9505,14,0.107946026986507,0.217108554277139,3.7145,0.000499750124937531,0,"KO_heat_up","BP","with_iea","positive regulation of T cell activation",0.00530849123910558,FALSE
"GO:0070665",138,10,0.000130372145834469,0.00531028008642839,5.409,9,0.0364817591204398,0.0921843687374749,2.219,0.000499750124937531,0,"KO_heat_up","BP","with_iea","positive regulation of leukocyte proliferation",0.00531028008642839,TRUE
"GO:1903532",225,13,0.000134600395044501,0.00541644963191126,7.702,12,0.0364817591204398,0.102,3.7295,0.000499750124937531,0,"KO_heat_up","BP","with_iea","positive regulation of secretion by cell",0.00541644963191126,TRUE
"GO:0072676",89,8,0.000140764497228708,0.00559706453266531,3.031,6,0.0114942528735632,0.036144578313253,1.427,0.000499750124937531,0,"KO_heat_up","BP","with_iea","lymphocyte migration",0.00559706453266531,FALSE
"GO:0032943",258,14,0.00014473767265072,0.00562120728666748,9.8285,15,0.104447776111944,0.2205,4.28,0.000499750124937531,0,"KO_heat_up","BP","with_iea","mononuclear cell proliferation",0.00562120728666748,FALSE
"GO:0042063",258,14,0.00014473767265072,0.00562120728666748,9.09,14,0.055472263868066,0.135,4.2965,0.000499750124937531,0,"KO_heat_up","BP","with_iea","gliogenesis",0.00562120728666748,TRUE
"GO:0072001",227,13,0.000147017213133183,0.00564410910189462,7.505,12,0.0389805097451274,0.0915457728864432,3.852,0.000499750124937531,0,"KO_heat_up","BP","with_iea","renal system development",0.00564410910189462,FALSE
"GO:0051251",292,15,0.000153940881620216,0.0058427561887673,11.599,17,0.162918540729635,0.303,4.8695,0.000499750124937531,0,"KO_heat_up","BP","with_iea","positive regulation of lymphocyte activation",0.0058427561887673,FALSE
"GO:0043065",431,19,0.000156534698880705,0.00587444825012984,14.004,20,0.101949025487256,0.195,7.1675,0.000499750124937531,0,"KO_heat_up","BP","with_iea","positive regulation of apoptotic process",0.00587444825012984,FALSE
"GO:0001656",48,6,0.000159589498344018,0.00592254360521134,1.7195,4,0.00499750124937531,0.0239520958083832,0.776,0.000499750124937531,0,"KO_heat_up","BP","with_iea","metanephros development",0.00592254360521134,FALSE
"GO:0001890",116,9,0.000169010562308758,0.00613581824033969,3.7465,7,0.00899550224887556,0.0259806418746816,1.8435,0.000499750124937531,0,"KO_heat_up","BP","with_iea","placenta development",0.00613581824033969,TRUE
"GO:0048247",31,5,0.000167301288847532,0.00613581824033969,0.969,3,0.000999500249875062,0.0101801096319499,0.4635,0.00149925037481259,0,"KO_heat_up","BP","with_iea","lymphocyte chemotaxis",0.00613581824033969,FALSE
"GO:0001892",69,7,0.000173201337577872,0.00622034911301173,2.2615,5,0.00549725137431284,0.0210526315789474,1.0605,0.000499750124937531,0,"KO_heat_up","BP","with_iea","embryonic placenta development",0.00622034911301173,FALSE
"GO:0061041",92,8,0.000177563489666823,0.00630917080305519,3.1955,6,0.0104947526236882,0.0252968508002065,1.4985,0.000499750124937531,0,"KO_heat_up","BP","with_iea","regulation of wound healing",0.00630917080305519,TRUE
"GO:1990823",93,8,0.000191457809957619,0.00673125352903629,2.153,5,0.00149925037481259,0.00279642058165548,1.5275,0.000499750124937531,0,"KO_heat_up","BP","with_iea","response to leukemia inhibitory factor",0.00673125352903629,TRUE
"GO:0043588",203,12,0.000197211793893973,0.00686132699589447,6.232,10,0.0184907546226887,0.0441545408931259,3.4155,0.000499750124937531,0,"KO_heat_up","BP","with_iea","skin development",0.00686132699589447,FALSE
"GO:0030193",50,6,0.000200856350628344,0.00691608465050174,1.5435,4,0.00449775112443778,0.0125391849529781,0.7755,0.000999500249875062,0.000907441016333938,"KO_heat_up","BP","with_iea","regulation of blood coagulation",0.00691608465050174,TRUE
"GO:0070372",204,12,0.000206430216569407,0.00703547880961042,7.495,12,0.0614692653673163,0.1225,3.396,0.000499750124937531,0,"KO_heat_up","BP","with_iea","regulation of ERK1 and ERK2 cascade",0.00703547880961042,FALSE
"GO:0002548",33,5,0.000227273066831552,0.00751576280413253,1.1765,3,0.00599700149925037,0.0142551674982181,0.4765,0.000499750124937531,0,"KO_heat_up","BP","with_iea","monocyte chemotaxis",0.00751576280413253,FALSE
"GO:0046850",33,5,0.000227273066831552,0.00751576280413253,1.0495,3,0.00249875062468766,0.00835866261398176,0.508,0.000499750124937531,0,"KO_heat_up","BP","with_iea","regulation of bone remodeling",0.00751576280413253,FALSE
"GO:0051047",237,13,0.00022501730027167,0.00751576280413253,8.1045,13,0.0509745127436282,0.1085,3.94,0.000499750124937531,0,"KO_heat_up","BP","with_iea","positive regulation of secretion",0.00751576280413253,FALSE
"GO:0042327",208,12,0.000247074641580456,0.00802662667574779,7.3795,12,0.0599700149925037,0.1065,3.4545,0.000499750124937531,0,"KO_heat_up","BP","with_iea","positive regulation of phosphorylation",0.00802662667574779,TRUE
"GO:0050671",122,9,0.000247527708862881,0.00802662667574779,4.8685,8.04999999999995,0.0504747626186907,0.0953815261044177,1.965,0.000499750124937531,0,"KO_heat_up","BP","with_iea","positive regulation of lymphocyte proliferation",0.00802662667574779,FALSE
"GO:1900046",52,6,0.00025011046819703,0.00803239388248155,1.598,4,0.00499750124937531,0.0117792932424055,0.812,0.000999500249875062,0.000880281690140845,"KO_heat_up","BP","with_iea","regulation of hemostasis",0.00803239388248155,FALSE
"GO:0030195",34,5,0.000262775923353138,0.00835877699047125,0.9975,3,0.00549725137431284,0.00859375,0.522,0.00149925037481259,0.00121359223300971,"KO_heat_up","BP","with_iea","negative regulation of blood coagulation",0.00835877699047125,FALSE
"GO:0019730",74,7,0.00026876661913775,0.00846868403698194,1.7105,4,0.00349825087456272,0.0060459492140266,1.177,0.000999500249875062,0,"KO_heat_up","BP","with_iea","antimicrobial humoral response",0.00846868403698194,FALSE
"GO:0032946",124,9,0.000279617841543085,0.00864744065512875,4.9625,9,0.056471764117941,0.0997993981945837,2.0015,0.000499750124937531,0,"KO_heat_up","BP","with_iea","positive regulation of mononuclear cell proliferation",0.00864744065512875,FALSE
"GO:1903034",124,9,0.000279617841543085,0.00864744065512875,4.3915,8,0.0304847576211894,0.0472361809045226,2.045,0.00149925037481259,0,"KO_heat_up","BP","with_iea","regulation of response to wounding",0.00864744065512875,FALSE
"GO:0009617",490,20,0.000291164705777295,0.00892192768161619,15.1155,21,0.103948025987006,0.1785,8.091,0.000499750124937531,0,"KO_heat_up","BP","with_iea","response to bacterium",0.00892192768161619,TRUE
"GO:1900047",35,5,0.00030233701168258,0.00918005108199832,1.0405,3,0.00549725137431284,0.00917431192660551,0.5415,0.00149925037481259,0.00118063754427391,"KO_heat_up","BP","with_iea","negative regulation of hemostasis",0.00918005108199832,FALSE
"GO:0007411",154,10,0.000319184618083253,0.00960429391349607,4.3645,8,0.0129935032483758,0.0231738035264484,2.5315,0.000499750124937531,0,"KO_heat_up","BP","with_iea","axon guidance",0.00960429391349607,FALSE
"GO:0061448",215,12,0.00033464879933963,0.00993676816505848,7.064,11,0.0429785107446277,0.064,3.577,0.000499750124937531,0,"KO_heat_up","BP","with_iea","connective tissue development",0.00993676816505848,FALSE
"GO:0097485",155,10,0.000336184072650182,0.00993676816505848,4.381,8,0.0129935032483758,0.0241813602015113,2.5445,0.000499750124937531,0,"KO_heat_up","BP","with_iea","neuron projection guidance",0.00993676816505848,FALSE
"GO:0048145",77,7,0.000343938487523399,0.0099891699854622,2.73,6,0.0164917541229385,0.0224478888295029,1.224,0.000499750124937531,0,"KO_heat_up","BP","with_iea","regulation of fibroblast proliferation",0.0099891699854622,FALSE
"GO:0048565",77,7,0.000343938487523399,0.0099891699854622,2.878,6,0.024487756121939,0.0392464678178964,1.258,0.000499750124937531,0,"KO_heat_up","BP","with_iea","digestive tract development",0.0099891699854622,FALSE
"GO:0001503",319,15,0.000398826722382313,0.0109186987930895,9.9615,15,0.0649675162418791,0.0935,5.3715,0.000999500249875062,0,"KO_heat_up","BP","with_iea","ossification",0.0109186987930895,TRUE
"GO:0001934",188,11,0.000396660641405595,0.0109186987930895,6.6425,11,0.0624687656171914,0.0910455227613807,3.1175,0.000499750124937531,0,"KO_heat_up","BP","with_iea","positive regulation of protein phosphorylation",0.0109186987930895,TRUE
"GO:0030098",389,17,0.000386549772634274,0.0109186987930895,13.9965,20,0.213893053473263,0.286,6.513,0.000499750124937531,0,"KO_heat_up","BP","with_iea","lymphocyte differentiation",0.0109186987930895,FALSE
"GO:0035051",103,8,0.000386280057644752,0.0109186987930895,3.867,7,0.0339830084957521,0.0500255232261358,1.683,0.000499750124937531,0,"KO_heat_up","BP","with_iea","cardiocyte differentiation",0.0109186987930895,FALSE
"GO:0090066",390,17,0.000398122117821705,0.0109186987930895,12.1705,18,0.102448775612194,0.128,6.485,0.00249875062468766,0,"KO_heat_up","BP","with_iea","regulation of anatomical structure size",0.0109186987930895,TRUE
"GO:2000403",37,5,0.000394828636039062,0.0109186987930895,1.338,3,0.00999500249875063,0.0138705416116248,0.5595,0.000499750124937531,0,"KO_heat_up","BP","with_iea","positive regulation of lymphocyte migration",0.0109186987930895,FALSE
"GO:2001239",37,5,0.000394828636039062,0.0109186987930895,1.268,3,0.00849575212393803,0.0136892539356605,0.5465,0.000499750124937531,0,"KO_heat_up","BP","with_iea","regulation of extrinsic apoptotic signaling pathway in absence of ligand",0.0109186987930895,FALSE
"GO:0003073",57,6,0.000415230952040209,0.0111844466114056,1.7495,4,0.00949525237381309,0.0144317498496693,0.8975,0.000499750124937531,0,"KO_heat_up","BP","with_iea","regulation of systemic arterial blood pressure",0.0111844466114056,TRUE
"GO:0097192",57,6,0.000415230952040209,0.0111844466114056,2.0095,4,0.0119940029985007,0.0188141391106043,0.8905,0.000499750124937531,0,"KO_heat_up","BP","with_iea","extrinsic apoptotic signaling pathway in absence of ligand",0.0111844466114056,FALSE
"GO:0030307",132,9,0.000444461914865915,0.0118760223652172,4.302,8,0.0209895052473763,0.0317540322580645,2.167,0.000999500249875062,0,"KO_heat_up","BP","with_iea","positive regulation of cell growth",0.0118760223652172,TRUE
"GO:0051897",161,10,0.000454839635707491,0.0120568601846271,6.1465,10,0.0789605197401299,0.100150225338007,2.677,0.000499750124937531,0,"KO_heat_up","BP","with_iea","positive regulation of phosphatidylinositol 3-kinase/protein kinase B signal transduction",0.0120568601846271,FALSE
"GO:0030217",289,14,0.00046277211821763,0.012170542321629,10.938,16,0.187906046976512,0.243,4.8355,0.000999500249875062,0,"KO_heat_up","BP","with_iea","T cell differentiation",0.012170542321629,FALSE
"GO:0070663",224,12,0.000484751615059094,0.0126489874554482,8.709,13,0.15392303848076,0.198,3.7,0.000499750124937531,0,"KO_heat_up","BP","with_iea","regulation of leukocyte proliferation",0.0126489874554482,FALSE
"GO:0038034",59,6,0.000501138680518099,0.0128754091763881,2.037,4,0.0119940029985007,0.0153061224489796,0.9245,0.000999500249875062,0,"KO_heat_up","BP","with_iea","signal transduction in absence of ligand",0.0128754091763881,FALSE
"GO:2000401",59,6,0.000501138680518099,0.0128754091763881,2.062,5,0.0189905047476262,0.0226757369614512,0.9175,0.000999500249875062,0,"KO_heat_up","BP","with_iea","regulation of lymphocyte migration",0.0128754091763881,FALSE
"GO:0042325",362,16,0.000507433140794639,0.0129376083225503,12.248,18,0.162918540729635,0.198,6.025,0.00149925037481259,0,"KO_heat_up","BP","with_iea","regulation of phosphorylation",0.0129376083225503,FALSE
"GO:0042692",293,14,0.000530653747564441,0.0134271478550396,9.507,14,0.0869565217391304,0.113,4.845,0.000499750124937531,0,"KO_heat_up","BP","with_iea","muscle cell differentiation",0.0134271478550396,TRUE
"GO:0042100",83,7,0.000544599888827258,0.0136197050880626,3.113,6,0.0359820089955022,0.0448916408668731,1.3325,0.00149925037481259,0,"KO_heat_up","BP","with_iea","B cell proliferation",0.0136197050880626,FALSE
"GO:0048245",10,3,0.00054641930592826,0.0136197050880626,0.2465,1,0.00199900049975012,0.00449438202247191,0.1325,0.000499750124937531,0,"KO_heat_up","BP","with_iea","eosinophil chemotaxis",0.0136197050880626,FALSE
"GO:0097529",165,10,0.000551836758466303,0.0136528501724256,5.863,10,0.0674662668665667,0.0776553106212425,2.71,0.000499750124937531,0,"KO_heat_up","BP","with_iea","myeloid leukocyte migration",0.0136528501724256,FALSE
"GO:0007507",439,18,0.000557790306073567,0.0136986736932773,14.8095,20,0.208895552223888,0.2355,7.4015,0.000999500249875062,0,"KO_heat_up","BP","with_iea","heart development",0.0136986736932773,FALSE
"GO:0002274",196,11,0.000563951413604947,0.0137488884776681,6.9805,11,0.0734632683658171,0.0980490245122561,3.199,0.00149925037481259,0.000520020800832033,"KO_heat_up","BP","with_iea","myeloid leukocyte activation",0.0137488884776681,TRUE
"GO:0050863",330,15,0.000568516914915508,0.013759757216071,12.7785,18,0.27736131934033,0.324,5.5285,0.000499750124937531,0,"KO_heat_up","BP","with_iea","regulation of T cell activation",0.013759757216071,FALSE
"GO:0070371",230,12,0.000613566831854908,0.0147432605639956,8.4095,13,0.118940529735132,0.141,3.866,0.000499750124937531,0,"KO_heat_up","BP","with_iea","ERK1 and ERK2 cascade",0.0147432605639956,FALSE
"GO:0003014",85,7,0.000629038986098627,0.014900639812549,2.3475,5,0.0104947526236882,0.0110436223081171,1.3685,0.000499750124937531,0,"KO_heat_up","BP","with_iea","renal system process",0.014900639812549,TRUE
"GO:0060537",298,14,0.00062727605813011,0.014900639812549,9.922,15,0.111444277861069,0.128,4.955,0.00149925037481259,0,"KO_heat_up","BP","with_iea","muscle tissue development",0.014900639812549,FALSE
"GO:0002762",41,5,0.000642117541165262,0.0149977104020418,1.473,4,0.0149925037481259,0.0181818181818182,0.6235,0.00149925037481259,0,"KO_heat_up","BP","with_iea","negative regulation of myeloid leukocyte differentiation",0.0149977104020418,TRUE
"GO:0048260",41,5,0.000642117541165262,0.0149977104020418,1.3555,3,0.00849575212393803,0.00919842312746386,0.622,0.000499750124937531,0,"KO_heat_up","BP","with_iea","positive regulation of receptor-mediated endocytosis",0.0149977104020418,TRUE
"GO:0035914",62,6,0.000655240292116584,0.0151979345532597,1.7445,4,0.00949525237381309,0.00848999393571862,0.967,0.000499750124937531,0,"KO_heat_up","BP","with_iea","skeletal muscle cell differentiation",0.0151979345532597,TRUE
"GO:0007498",86,7,0.00067498570172729,0.0154414537244462,2.925,6,0.0239880059970015,0.0234986945169713,1.433,0.00199900049975012,0,"KO_heat_up","BP","with_iea","mesoderm development",0.0154414537244462,FALSE
"GO:0042102",86,7,0.00067498570172729,0.0154414537244462,3.3975,7,0.0519740129935032,0.0568647540983607,1.3795,0.000999500249875062,0,"KO_heat_up","BP","with_iea","positive regulation of T cell proliferation",0.0154414537244462,FALSE
"GO:0002443",336,15,0.000684717812345352,0.0154524154948208,11.389,17,0.152423788105947,0.1715,5.6085,0.000499750124937531,0,"KO_heat_up","BP","with_iea","leukocyte mediated immunity",0.0154524154948208,TRUE
"GO:0043408",485,19,0.000683069499933027,0.0154524154948208,16.3395,22,0.260369815092454,0.2975,8.198,0.000999500249875062,0,"KO_heat_up","BP","with_iea","regulation of MAPK cascade",0.0154524154948208,FALSE
"GO:0050670",201,11,0.000695772559236265,0.015596512401672,7.9345,12,0.157421289355322,0.1725,3.33,0.000999500249875062,0,"KO_heat_up","BP","with_iea","regulation of lymphocyte proliferation",0.015596512401672,FALSE
"GO:0043523",202,11,0.000724996009179514,0.016036335567282,7.3535,12,0.11544227886057,0.12,3.3605,0.00149925037481259,0,"KO_heat_up","BP","with_iea","regulation of neuron apoptotic process",0.016036335567282,TRUE
"GO:0055123",87,7,0.00072355389698307,0.016036335567282,3.1815,6,0.0384807596201899,0.038679731820526,1.437,0.000499750124937531,0,"KO_heat_up","BP","with_iea","digestive system development",0.016036335567282,FALSE
"GO:0072497",11,3,0.000741850508443948,0.0161946450862927,0.293,1,0.00399800099950025,0.0133587786259542,0.1445,0.000499750124937531,0,"KO_heat_up","BP","with_iea","mesenchymal stem cell differentiation",0.0161946450862927,TRUE
"GO:1901741",11,3,0.000741850508443948,0.0161946450862927,0.3355,1,0.00449775112443778,0.011986301369863,0.124,0.000999500249875062,0,"KO_heat_up","BP","with_iea","positive regulation of myoblast fusion",0.0161946450862927,TRUE
"GO:0032102",304,14,0.00076258398597327,0.0165391591763034,10.6345,15.05,0.165417291354323,0.171,5.09,0.000999500249875062,0,"KO_heat_up","BP","with_iea","negative regulation of response to external stimulus",0.0165391591763034,TRUE
"GO:0072678",64,6,0.000776789646959239,0.0167385640054443,2.248,5,0.023488255872064,0.0251116071428571,1.028,0.00149925037481259,0,"KO_heat_up","BP","with_iea","T cell migration",0.0167385640054443,FALSE
"GO:0032944",204,11,0.000786512598479311,0.0168394364033391,8.045,12,0.167416291854073,0.1735,3.384,0.000999500249875062,0,"KO_heat_up","BP","with_iea","regulation of mononuclear cell proliferation",0.0168394364033391,FALSE
"GO:0046631",173,10,0.000797584430075675,0.0168603290914731,6.7345,11,0.12543728135932,0.127563781890945,2.875,0.000499750124937531,0,"KO_heat_up","BP","with_iea","alpha-beta T cell activation",0.0168603290914731,FALSE
"GO:0046890",143,9,0.000794381720752926,0.0168603290914731,4.8425,8,0.0454772613693153,0.0423387096774194,2.372,0.00149925037481259,0,"KO_heat_up","BP","with_iea","regulation of lipid biosynthetic process",0.0168603290914731,TRUE
"GO:0030324",144,9,0.000834995718862221,0.0175401616415083,5.133,9,0.0674662668665667,0.0626880641925777,2.4105,0.000499750124937531,0,"KO_heat_up","BP","with_iea","lung development",0.0175401616415083,FALSE
"GO:1903035",65,6,0.000843742735934462,0.0176131296126319,2.178,5,0.0179910044977511,0.0178074568725654,1.0635,0.00199900049975012,0.000741839762611276,"KO_heat_up","BP","with_iea","negative regulation of response to wounding",0.0176131296126319,FALSE
"GO:0001704",90,7,0.000886050947148175,0.0183814295868007,2.9775,6,0.0299850074962519,0.0260688216892596,1.407,0.00149925037481259,0,"KO_heat_up","BP","with_iea","formation of primary germ layer",0.0183814295868007,FALSE
"GO:1902107",176,10,0.000910327304272904,0.0186533324924632,7.2225,11,0.185407296351824,0.172,2.9405,0.000499750124937531,0,"KO_heat_up","BP","with_iea","positive regulation of leukocyte differentiation",0.0186533324924632,FALSE
"GO:1903708",176,10,0.000910327304272904,0.0186533324924632,7.2225,11,0.185407296351824,0.172,2.9405,0.000499750124937531,0,"KO_heat_up","BP","with_iea","positive regulation of hemopoiesis",0.0186533324924632,FALSE
"GO:1990830",91,7,0.00094617940798182,0.0192697513576785,2.0955,5,0.00499750124937531,0.00338983050847458,1.502,0.00299850074962519,0,"KO_heat_up","BP","with_iea","cellular response to leukemia inhibitory factor",0.0192697513576785,TRUE
"GO:0030323",147,9,0.000967092889638043,0.0194990831054148,5.178,9,0.0704647676161919,0.0616850551654965,2.4565,0.000499750124937531,0,"KO_heat_up","BP","with_iea","respiratory tube development",0.0194990831054148,FALSE
"GO:0032604",12,3,0.000976668798651264,0.0194990831054148,0.3785,2,0.00599700149925037,0.015527950310559,0.1585,0.000999500249875062,0,"KO_heat_up","BP","with_iea","granulocyte macrophage colony-stimulating factor production",0.0194990831054148,TRUE
"GO:0032645",12,3,0.000976668798651264,0.0194990831054148,0.3785,2,0.00599700149925037,0.015527950310559,0.1585,0.000999500249875062,0,"KO_heat_up","BP","with_iea","regulation of granulocyte macrophage colony-stimulating factor production",0.0194990831054148,TRUE
"GO:0050673",312,14,0.000980792204104696,0.0194990831054148,11.436,17,0.235382308845577,0.2165,5.2805,0.00149925037481259,0,"KO_heat_up","BP","with_iea","epithelial cell proliferation",0.0194990831054148,TRUE
"GO:0070613",45,5,0.000990380705994919,0.0195732044853434,1.2985,3,0.00899550224887556,0.00899653979238754,0.698,0.000499750124937531,0,"KO_heat_up","BP","with_iea","regulation of protein processing",0.0195732044853434,FALSE
"GO:0006898",210,11,0.000997632617153099,0.0195904948165965,5.6515,10,0.0254872563718141,0.0215322984476715,3.5305,0.000499750124937531,0,"KO_heat_up","BP","with_iea","receptor-mediated endocytosis",0.0195904948165965,TRUE
"GO:0019724",119,8,0.00100928558784355,0.0195904948165965,3.7115,7,0.0289855072463768,0.0274949083503055,1.9505,0.00149925037481259,0,"KO_heat_up","BP","with_iea","B cell mediated immunity",0.0195904948165965,TRUE
"GO:0048259",92,7,0.00100947718949011,0.0195904948165965,2.714,5,0.0174912543728136,0.0149413020277481,1.513,0.00249875062468766,0,"KO_heat_up","BP","with_iea","regulation of receptor-mediated endocytosis",0.0195904948165965,FALSE
"GO:0051216",148,9,0.00101471724648838,0.0195904948165965,4.8645,8,0.0469765117441279,0.0391566265060241,2.466,0.000999500249875062,0,"KO_heat_up","BP","with_iea","cartilage development",0.0195904948165965,FALSE
"GO:0045766",120,8,0.00106576631885098,0.0204578132469097,4.3255,8,0.0524737631184408,0.0449722081859525,2.0205,0.00149925037481259,0,"KO_heat_up","BP","with_iea","positive regulation of angiogenesis",0.0204578132469097,FALSE
"GO:0045453",46,5,0.00109587420937196,0.020679208244646,1.4745,4,0.0144927536231884,0.0133928571428571,0.721,0.000999500249875062,0,"KO_heat_up","BP","with_iea","bone resorption",0.020679208244646,FALSE
"GO:0060350",46,5,0.00109587420937196,0.020679208244646,1.516,4,0.0169915042478761,0.0177327422419253,0.7195,0.00199900049975012,0,"KO_heat_up","BP","with_iea","endochondral bone morphogenesis",0.020679208244646,FALSE
"GO:0061045",46,5,0.00109587420937196,0.020679208244646,1.532,4,0.0179910044977511,0.0188797986154814,0.7405,0.00199900049975012,0.000933706816059757,"KO_heat_up","BP","with_iea","negative regulation of wound healing",0.020679208244646,FALSE
"GO:0007188",150,9,0.00111567593588385,0.0209345934036632,3.6865,7,0.0124937531234383,0.00874485596707819,2.4845,0.00149925037481259,0,"KO_heat_up","BP","with_iea","adenylate cyclase-modulating G protein-coupled receptor signaling pathway",0.0209345934036632,FALSE
"GO:0031349",467,18,0.00113704667677597,0.0212164016783895,15.8245,22,0.316341829085457,0.2915,7.857,0.00149925037481259,0,"KO_heat_up","BP","with_iea","positive regulation of defense response",0.0212164016783895,FALSE
"GO:0002526",69,6,0.00115710473828613,0.0214707212548648,2.335,5,0.0274862568715642,0.0219901044529962,1.115,0.000499750124937531,0,"KO_heat_up","BP","with_iea","acute inflammatory response",0.0214707212548648,TRUE
"GO:0002920",28,4,0.00124740488637483,0.0215840088059581,0.856,2,0.00849575212393803,0.0117548278757347,0.435,0.000999500249875062,0,"KO_heat_up","BP","with_iea","regulation of humoral immune response",0.0215840088059581,FALSE
"GO:0002922",13,3,0.00125368194860954,0.0215840088059581,0.44,2,0.00649675162418791,0.0147255689424364,0.1855,0.000499750124937531,0,"KO_heat_up","BP","with_iea","positive regulation of humoral immune response",0.0215840088059581,TRUE
"GO:0010562",249,12,0.00122565524778011,0.0215840088059581,9.174,14,0.187906046976512,0.1635,4.164,0.000999500249875062,0,"KO_heat_up","BP","with_iea","positive regulation of phosphorus metabolic process",0.0215840088059581,FALSE
"GO:0035809",13,3,0.00125368194860954,0.0215840088059581,0.3415,1,0.00649675162418791,0.0136986301369863,0.1825,0.00149925037481259,0,"KO_heat_up","BP","with_iea","regulation of urine volume",0.0215840088059581,TRUE
"GO:0042730",13,3,0.00125368194860954,0.0215840088059581,0.2535,1,0.00149925037481259,0.0021978021978022,0.1835,0.00149925037481259,0,"KO_heat_up","BP","with_iea","fibrinolysis",0.0215840088059581,FALSE
"GO:0045937",249,12,0.00122565524778011,0.0215840088059581,9.174,14,0.187906046976512,0.1635,4.164,0.000999500249875062,0,"KO_heat_up","BP","with_iea","positive regulation of phosphate metabolic process",0.0215840088059581,FALSE
"GO:0048144",95,7,0.00121955528103338,0.0215840088059581,3.2055,6,0.04047976011994,0.0286160249739854,1.548,0.000999500249875062,0,"KO_heat_up","BP","with_iea","fibroblast proliferation",0.0215840088059581,TRUE
"GO:0050829",47,5,0.00120947309938921,0.0215840088059581,1.4835,4,0.0149925037481259,0.0147247119078105,0.7335,0.00199900049975012,0,"KO_heat_up","BP","with_iea","defense response to Gram-negative bacterium",0.0215840088059581,FALSE
"GO:0050866",183,10,0.00122492849717146,0.0215840088059581,7.047,11,0.162418790604698,0.138069034517259,2.9835,0.00149925037481259,0,"KO_heat_up","BP","with_iea","negative regulation of cell activation",0.0215840088059581,TRUE
"GO:0050920",152,9,0.00122461784891945,0.0215840088059581,5.719,10,0.110944527736132,0.0908178625188159,2.4845,0.00199900049975012,0,"KO_heat_up","BP","with_iea","regulation of chemotaxis",0.0215840088059581,TRUE
"GO:0061029",13,3,0.00125368194860954,0.0215840088059581,0.4435,2,0.00899550224887556,0.00964187327823691,0.1675,0.00149925037481259,0,"KO_heat_up","BP","with_iea","eyelid development in camera-type eye",0.0215840088059581,TRUE
"GO:1902105",284,13,0.00123785407979549,0.0215840088059581,11.0115,16,0.302348825587206,0.2605,4.765,0.00149925037481259,0,"KO_heat_up","BP","with_iea","regulation of leukocyte differentiation",0.0215840088059581,FALSE
"GO:1904018",123,8,0.00125052435594247,0.0215840088059581,4.4645,8,0.0589705147426287,0.0469459868753155,2.066,0.00249875062468766,0,"KO_heat_up","BP","with_iea","positive regulation of vasculature development",0.0215840088059581,FALSE
"GO:1904754",13,3,0.00125368194860954,0.0215840088059581,0.353,1,0.00399800099950025,0.00986842105263158,0.1695,0.000999500249875062,0,"KO_heat_up","BP","with_iea","positive regulation of vascular associated smooth muscle cell migration",0.0215840088059581,FALSE
"GO:0007596",185,10,0.00132953107928613,0.0225755616422775,5.3795,9,0.0429785107446277,0.0306532663316583,3.1005,0.00149925037481259,0,"KO_heat_up","BP","with_iea","blood coagulation",0.0225755616422775,TRUE
"GO:0010001",185,10,0.00132953107928613,0.0225755616422775,6.4865,11,0.107446276861569,0.0870435217608804,3.0605,0.000999500249875062,0,"KO_heat_up","BP","with_iea","glial cell differentiation",0.0225755616422775,FALSE
"GO:0014910",48,5,0.00133155258788284,0.0225755616422775,1.7885,4,0.0299850074962519,0.0254137115839243,0.739,0.000999500249875062,0,"KO_heat_up","BP","with_iea","regulation of smooth muscle cell migration",0.0225755616422775,FALSE
"GO:0050817",186,10,0.0013844990919192,0.0233546816515662,5.44,9,0.0454772613693153,0.0321446509291813,3.12,0.00149925037481259,0,"KO_heat_up","BP","with_iea","coagulation",0.0233546816515662,TRUE
"GO:0019220",476,18,0.00140876662465837,0.0235264026317948,16.389,22,0.371814092953523,0.3115,7.979,0.000999500249875062,0,"KO_heat_up","BP","with_iea","regulation of phosphate metabolic process",0.0235264026317948,FALSE
"GO:0044706",155,9,0.00140400183834728,0.0235264026317948,4.8175,8,0.0499750124937531,0.0402212166918049,2.556,0.00149925037481259,0,"KO_heat_up","BP","with_iea","multi-multicellular organism process",0.0235264026317948,TRUE
"GO:0051174",477,18,0.00144211101016151,0.0239634366862659,16.4085,22,0.373313343328336,0.313,8.0005,0.000999500249875062,0,"KO_heat_up","BP","with_iea","regulation of phosphorus metabolic process",0.0239634366862659,FALSE
"GO:1902895",49,5,0.0014624918387209,0.0240626736026001,1.9935,4,0.0419790104947526,0.0305257207461843,0.7915,0.00199900049975012,0,"KO_heat_up","BP","with_iea","positive regulation of miRNA transcription",0.0240626736026001,TRUE
"GO:1903317",49,5,0.0014624918387209,0.0240626736026001,1.4045,3,0.0119940029985007,0.00996677740863787,0.768,0.000499750124937531,0,"KO_heat_up","BP","with_iea","regulation of protein maturation",0.0240626736026001,FALSE
"GO:0001932",326,14,0.00148925426908362,0.0243828885232318,11.078,16,0.214392803598201,0.1755,5.44,0.00149925037481259,0,"KO_heat_up","BP","with_iea","regulation of protein phosphorylation",0.0243828885232318,FALSE
"GO:0009190",14,3,0.00157552019095083,0.0250582735132179,0.255,1,0.00249875062468766,0.00215982721382289,0.1905,0.000999500249875062,0,"KO_heat_up","BP","with_iea","cyclic nucleotide biosynthetic process",0.0250582735132179,TRUE
"GO:0010755",14,3,0.00157552019095083,0.0250582735132179,0.43,2,0.00649675162418791,0.0099290780141844,0.179,0.000999500249875062,0,"KO_heat_up","BP","with_iea","regulation of plasminogen activation",0.0250582735132179,FALSE
"GO:0060349",73,6,0.00155274760098371,0.0250582735132179,2.4535,5,0.0384807596201899,0.0239782016348774,1.1625,0.00199900049975012,0,"KO_heat_up","BP","with_iea","bone morphogenesis",0.0250582735132179,FALSE
"GO:0140131",14,3,0.00157552019095083,0.0250582735132179,0.48,2,0.0079960019990005,0.0128700128700129,0.1995,0.00199900049975012,0,"KO_heat_up","BP","with_iea","positive regulation of lymphocyte chemotaxis",0.0250582735132179,FALSE
"GO:0150076",73,6,0.00155274760098371,0.0250582735132179,2.8165,6,0.0549725137431284,0.0400832899531494,1.144,0.00149925037481259,0,"KO_heat_up","BP","with_iea","neuroinflammatory response",0.0250582735132179,FALSE
"GO:1901739",14,3,0.00157552019095083,0.0250582735132179,0.4515,2,0.00999500249875063,0.0105401844532279,0.172,0.000999500249875062,0,"KO_heat_up","BP","with_iea","regulation of myoblast fusion",0.0250582735132179,FALSE
"GO:0043410",329,14,0.00162289878140796,0.025489313067279,11.5845,17,0.257871064467766,0.206,5.584,0.00199900049975012,0,"KO_heat_up","BP","with_iea","positive regulation of MAPK cascade",0.025489313067279,FALSE
"GO:0046632",128,8,0.00161440414782127,0.025489313067279,5.059,9,0.129435282358821,0.100452034153692,2.1365,0.000499750124937531,0,"KO_heat_up","BP","with_iea","alpha-beta T cell differentiation",0.025489313067279,FALSE
"GO:0052652",30,4,0.00162551607285342,0.025489313067279,0.659,2,0.00199900049975012,0.00306748466257669,0.4655,0.00149925037481259,0,"KO_heat_up","BP","with_iea","cyclic purine nucleotide metabolic process",0.025489313067279,FALSE
"GO:0003012",294,13,0.00168793526506501,0.0263444102117623,9.3505,14,0.138930534732634,0.106053026513257,4.8335,0.00449775112443778,0,"KO_heat_up","BP","with_iea","muscle system process",0.0263444102117623,TRUE
"GO:0061138",129,8,0.00169633562847282,0.0263523767399963,5.045,9,0.126936531734133,0.0881321982974462,2.1665,0.00199900049975012,0,"KO_heat_up","BP","with_iea","morphogenesis of a branching epithelium",0.0263523767399963,FALSE
"GO:0003018",192,10,0.00175449914322685,0.0266364869926258,6.039,10,0.0749625187406297,0.054,3.19,0.000999500249875062,0,"KO_heat_up","BP","with_iea","vascular process in circulatory system",0.0266364869926258,TRUE
"GO:0007599",192,10,0.00175449914322685,0.0266364869926258,5.537,10,0.0529735132433783,0.034136546184739,3.2215,0.00149925037481259,0,"KO_heat_up","BP","with_iea","hemostasis",0.0266364869926258,FALSE
"GO:0035296",101,7,0.00174154886658154,0.0266364869926258,3.55,7,0.0584707646176912,0.0358606557377049,1.6355,0.000999500249875062,0,"KO_heat_up","BP","with_iea","regulation of tube diameter",0.0266364869926258,FALSE
"GO:0043534",101,7,0.00174154886658154,0.0266364869926258,3.902,7,0.0759620189905048,0.05332656170645,1.6595,0.00249875062468766,0,"KO_heat_up","BP","with_iea","blood vessel endothelial cell migration",0.0266364869926258,TRUE
"GO:0097746",101,7,0.00174154886658154,0.0266364869926258,3.55,7,0.0584707646176912,0.0358606557377049,1.6355,0.000999500249875062,0,"KO_heat_up","BP","with_iea","blood vessel diameter maintenance",0.0266364869926258,TRUE
"GO:0070374",130,8,0.00178152397814759,0.026863013283553,5.073,9,0.128435782108946,0.0926389584376565,2.1795,0.00199900049975012,0,"KO_heat_up","BP","with_iea","positive regulation of ERK1 and ERK2 cascade",0.026863013283553,FALSE
"GO:0071677",75,6,0.00178550567333795,0.026863013283553,3.0905,6,0.0809595202398801,0.0577824049973972,1.1935,0.00199900049975012,0,"KO_heat_up","BP","with_iea","positive regulation of mononuclear cell migration",0.026863013283553,FALSE
"GO:0007622",31,4,0.00184154789270615,0.027361811271321,0.913,3,0.0104947526236882,0.00490596892886345,0.4655,0.00149925037481259,0,"KO_heat_up","BP","with_iea","rhythmic behavior",0.027361811271321,TRUE
"GO:0009187",31,4,0.00184154789270615,0.027361811271321,0.6765,2,0.00199900049975012,0.00301507537688442,0.481,0.00149925037481259,0,"KO_heat_up","BP","with_iea","cyclic nucleotide metabolic process",0.027361811271321,FALSE
"GO:0035150",102,7,0.00184323578923569,0.027361811271321,3.5835,7,0.0604697651174413,0.0373592630501535,1.653,0.000999500249875062,0,"KO_heat_up","BP","with_iea","regulation of tube size",0.027361811271321,FALSE
"GO:0060143",15,3,0.00194464259763843,0.0287394083013821,0.459,2,0.0079960019990005,0.00794701986754967,0.2005,0.00149925037481259,0,"KO_heat_up","BP","with_iea","positive regulation of syncytium formation by plasma membrane fusion",0.0287394083013821,FALSE
"GO:0003013",414,16,0.00207476072164462,0.0299987048064633,12.882,18,0.20439780109945,0.134,6.96,0.00299850074962519,0,"KO_heat_up","BP","with_iea","circulatory system process",0.0299987048064633,FALSE
"GO:0008630",104,7,0.00206039400723655,0.0299987048064633,3.4475,7,0.0539730134932534,0.0262615859938208,1.647,0.00199900049975012,0,"KO_heat_up","BP","with_iea","intrinsic apoptotic signaling pathway in response to DNA damage",0.0299987048064633,TRUE
"GO:0040008",453,17,0.00206602132270872,0.0299987048064633,14.7615,20,0.294852573713143,0.207,7.584,0.00149925037481259,0,"KO_heat_up","BP","with_iea","regulation of growth",0.0299987048064633,TRUE
"GO:0045596",493,18,0.00207407428442665,0.0299987048064633,16.8895,23,0.424287856071964,0.321,8.309,0.00299850074962519,0,"KO_heat_up","BP","with_iea","negative regulation of cell differentiation",0.0299987048064633,TRUE
"GO:0050921",104,7,0.00206039400723655,0.0299987048064633,4.2215,8,0.123938030984508,0.0834597875569044,1.697,0.000999500249875062,0,"KO_heat_up","BP","with_iea","positive regulation of chemotaxis",0.0299987048064633,FALSE
"GO:0021537",197,10,0.00212069823093833,0.0305307417729915,6.1375,10,0.0804597701149425,0.0435217608804402,3.327,0.00299850074962519,0,"KO_heat_up","BP","with_iea","telencephalon development",0.0305307417729915,FALSE
"GO:0002761",105,7,0.00217613902253269,0.0311604719621309,3.991,7,0.102448775612194,0.0552178318135765,1.7345,0.00199900049975012,0,"KO_heat_up","BP","with_iea","regulation of myeloid leukocyte differentiation",0.0311604719621309,FALSE
"GO:0043500",78,6,0.00218309893387384,0.0311604719621309,2.944,6,0.0734632683658171,0.037037037037037,1.2225,0.00199900049975012,0,"KO_heat_up","BP","with_iea","muscle adaptation",0.0311604719621309,FALSE
"GO:0032496",267,12,0.0022068620171832,0.0313656133506038,9.5935,14,0.253873063468266,0.1665,4.371,0.00149925037481259,0,"KO_heat_up","BP","with_iea","response to lipopolysaccharide",0.0313656133506038,FALSE
"GO:0002437",54,5,0.00226358062595831,0.0315014970445865,1.9585,4,0.0339830084957521,0.0170454545454545,0.8655,0.00249875062468766,0,"KO_heat_up","BP","with_iea","inflammatory response to antigenic stimulus",0.0315014970445865,TRUE
"GO:0014909",54,5,0.00226358062595831,0.0315014970445865,1.98,4,0.0459770114942529,0.0223112128146453,0.8405,0.00199900049975012,0,"KO_heat_up","BP","with_iea","smooth muscle cell migration",0.0315014970445865,TRUE
"GO:0043524",135,8,0.00225951818054123,0.0315014970445865,4.9765,9,0.117941029485257,0.0673366834170854,2.2445,0.00249875062468766,0,"KO_heat_up","BP","with_iea","negative regulation of neuron apoptotic process",0.0315014970445865,FALSE
"GO:0060541",166,9,0.00225086786515668,0.0315014970445865,5.8345,10,0.122938530734633,0.0635635635635636,2.789,0.000999500249875062,0,"KO_heat_up","BP","with_iea","respiratory system development",0.0315014970445865,FALSE
"GO:0061180",54,5,0.00226358062595831,0.0315014970445865,2.242,5,0.0769615192403798,0.042825361512792,0.8365,0.00149925037481259,0,"KO_heat_up","BP","with_iea","mammary gland epithelium development",0.0315014970445865,TRUE
"GO:0035115",16,3,0.00236334327492715,0.0323895570514842,0.4155,2,0.00599700149925037,0.00581395348837209,0.218,0.000999500249875062,0,"KO_heat_up","BP","with_iea","embryonic forelimb morphogenesis",0.0323895570514842,TRUE
"GO:0035795",16,3,0.00236334327492715,0.0323895570514842,0.431,2,0.0079960019990005,0.00702247191011236,0.219,0.00249875062468766,0,"KO_heat_up","BP","with_iea","negative regulation of mitochondrial membrane permeability",0.0323895570514842,TRUE
"GO:0050679",136,8,0.00236618320974914,0.0323895570514842,5.1425,9,0.134932533733133,0.077850326469111,2.2915,0.00199900049975012,0,"KO_heat_up","BP","with_iea","positive regulation of epithelial cell proliferation",0.0323895570514842,TRUE
"GO:1903530",419,16,0.00234044106606289,0.0323895570514842,13.9645,20,0.314342828585707,0.218,6.9655,0.000499750124937531,0,"KO_heat_up","BP","with_iea","regulation of secretion by cell",0.0323895570514842,FALSE
"GO:0002040",107,7,0.00242265664734425,0.0330272375597134,3.5965,7,0.0629685157421289,0.0316811446090956,1.7525,0.000499750124937531,0,"KO_heat_up","BP","with_iea","sprouting angiogenesis",0.0330272375597134,FALSE
"GO:0055006",55,5,0.00245581102098824,0.0332081328344159,1.946,4,0.0369815092453773,0.0168311085316309,0.863,0.000999500249875062,0,"KO_heat_up","BP","with_iea","cardiac cell development",0.0332081328344159,FALSE
"GO:2000630",55,5,0.00245581102098824,0.0332081328344159,2.202,5,0.0614692653673163,0.0252608456891818,0.899,0.00299850074962519,0,"KO_heat_up","BP","with_iea","positive regulation of miRNA metabolic process",0.0332081328344159,TRUE
"GO:0030099",383,15,0.00250688351802318,0.0337620602830541,12.524,18,0.257871064467766,0.161,6.4555,0.00199900049975012,0,"KO_heat_up","BP","with_iea","myeloid cell differentiation",0.0337620602830541,FALSE
"GO:0010721",202,10,0.00254619656391761,0.0341538012991358,7.4355,12,0.214892553723138,0.12656328164082,3.34,0.00249875062468766,0,"KO_heat_up","BP","with_iea","negative regulation of cell development",0.0341538012991358,FALSE
"GO:0001763",138,8,0.00259134838007638,0.0346204143578205,5.3655,9,0.160919540229885,0.0945945945945946,2.3305,0.00299850074962519,0,"KO_heat_up","BP","with_iea","morphogenesis of a branching structure",0.0346204143578205,FALSE
"GO:0048660",109,7,0.00269015567127812,0.0357972906058523,4.52,8,0.146926536731634,0.0734776044287871,1.771,0.00299850074962519,0,"KO_heat_up","BP","with_iea","regulation of smooth muscle cell proliferation",0.0357972906058523,TRUE
"GO:0007369",139,8,0.0027100454340351,0.0359188561495129,4.6895,8,0.0889555222388806,0.0377643504531722,2.271,0.00249875062468766,0,"KO_heat_up","BP","with_iea","gastrulation",0.0359188561495129,FALSE
"GO:0008015",348,14,0.002722115048949,0.0359362223853347,11.253,16,0.228385807096452,0.1295,5.824,0.00299850074962519,0,"KO_heat_up","BP","with_iea","blood circulation",0.0359362223853347,FALSE
"GO:0051962",204,10,0.00273448122832656,0.0359573515850815,7.0265,11,0.157421289355322,0.0805,3.332,0.00299850074962519,0,"KO_heat_up","BP","with_iea","positive regulation of nervous system development",0.0359573515850815,FALSE
"GO:0031639",17,3,0.00283375737920816,0.0368278196364018,0.489,2,0.00899550224887556,0.0012853470437018,0.242,0.00149925037481259,0,"KO_heat_up","BP","with_iea","plasminogen activation",0.0368278196364018,TRUE
"GO:0045582",110,7,0.00283213254747195,0.0368278196364018,4.5785,8,0.175912043978011,0.0975240020212228,1.8345,0.00249875062468766,0,"KO_heat_up","BP","with_iea","positive regulation of T cell differentiation",0.0368278196364018,TRUE
"GO:0051146",205,10,0.00283271819062271,0.0368278196364018,6.723,11,0.130934532733633,0.0706412825651303,3.359,0.00299850074962519,0,"KO_heat_up","BP","with_iea","striated muscle cell differentiation",0.0368278196364018,FALSE
"GO:0001935",111,7,0.0029797885537928,0.038575557246775,4.144,7,0.105947026486757,0.0455235204855842,1.8975,0.00249875062468766,0,"KO_heat_up","BP","with_iea","endothelial cell proliferation",0.038575557246775,FALSE
"GO:0030225",58,5,0.0031036310673304,0.0400236593238746,2.323,5,0.0769615192403798,0.0322228290551611,0.8945,0.00349825087456272,0,"KO_heat_up","BP","with_iea","macrophage differentiation",0.0400236593238746,FALSE
"GO:0001558",317,13,0.00325220399742977,0.0412326310322067,9.8985,15,0.186906546726637,0.0935,5.26,0.00299850074962519,0,"KO_heat_up","BP","with_iea","regulation of cell growth",0.0412326310322067,FALSE
"GO:0038128",18,3,0.00335786695831144,0.0412326310322067,0.6265,2,0.024487756121939,0.0139335476956056,0.2695,0.00149925037481259,0,"KO_heat_up","BP","with_iea","ERBB2 signaling pathway",0.0412326310322067,TRUE
"GO:0043542",176,9,0.00333467457898384,0.0412326310322067,6.328,10,0.15792103948026,0.0775775775775776,2.9265,0.00399800099950025,0,"KO_heat_up","BP","with_iea","endothelial cell migration",0.0412326310322067,FALSE
"GO:0045670",59,5,0.00334460258462783,0.0412326310322067,2.0305,5,0.055472263868066,0.0187180941576858,0.9665,0.00349825087456272,0,"KO_heat_up","BP","with_iea","regulation of osteoclast differentiation",0.0412326310322067,FALSE
"GO:0048659",113,7,0.00329272779705643,0.0412326310322067,4.6475,8,0.163418290854573,0.0729376257545272,1.8345,0.00299850074962519,0,"KO_heat_up","BP","with_iea","smooth muscle cell proliferation",0.0412326310322067,TRUE
"GO:0048670",18,3,0.00335786695831144,0.0412326310322067,0.543,2,0.0134932533733133,0.0058343057176196,0.261,0.00149925037481259,0,"KO_heat_up","BP","with_iea","regulation of collateral sprouting",0.0412326310322067,TRUE
"GO:0060142",18,3,0.00335786695831144,0.0412326310322067,0.575,2,0.0179910044977511,0.00441501103752759,0.2485,0.00149925037481259,0,"KO_heat_up","BP","with_iea","regulation of syncytium formation by plasma membrane fusion",0.0412326310322067,FALSE
"GO:0071675",113,7,0.00329272779705643,0.0412326310322067,4.385,8,0.149425287356322,0.0678137651821862,1.827,0.00549725137431284,0,"KO_heat_up","BP","with_iea","regulation of mononuclear cell migration",0.0412326310322067,FALSE
"GO:0072012",18,3,0.00335786695831144,0.0412326310322067,0.657,2,0.0239880059970015,0.0135275754422477,0.2665,0.00149925037481259,0,"KO_heat_up","BP","with_iea","glomerulus vasculature development",0.0412326310322067,FALSE
"GO:0072210",18,3,0.00335786695831144,0.0412326310322067,0.6535,2,0.0259870064967516,0.00303030303030303,0.2785,0.00299850074962519,0,"KO_heat_up","BP","with_iea","metanephric nephron development",0.0412326310322067,FALSE
"GO:0120255",18,3,0.00335786695831144,0.0412326310322067,0.5675,2,0.0209895052473763,0.00558035714285714,0.2605,0.00349825087456272,0.00431034482758621,"KO_heat_up","BP","with_iea","olefinic compound biosynthetic process",0.0412326310322067,TRUE
"GO:1901623",18,3,0.00335786695831144,0.0412326310322067,0.6305,2,0.024487756121939,0.00933609958506224,0.2675,0.00299850074962519,0,"KO_heat_up","BP","with_iea","regulation of lymphocyte chemotaxis",0.0412326310322067,FALSE
"GO:1905709",18,3,0.00335786695831144,0.0412326310322067,0.498,2,0.0114942528735632,0.005,0.2475,0.00249875062468766,0,"KO_heat_up","BP","with_iea","negative regulation of membrane permeability",0.0412326310322067,TRUE
"GO:0001666",246,11,0.00347083459863072,0.0421548638524604,8.406,13,0.218890554722639,0.1135,4.073,0.00199900049975012,0,"KO_heat_up","BP","with_iea","response to hypoxia",0.0421548638524604,TRUE
"GO:0002460",282,12,0.00344901239150344,0.0421548638524604,9.896,15,0.271864067966017,0.1545,4.77,0.00599700149925037,0,"KO_heat_up","BP","with_iea","adaptive immune response based on somatic recombination of immune receptors built from immunoglobulin superfamily domains",0.0421548638524604,FALSE
"GO:0051402",246,11,0.00347083459863072,0.0421548638524604,8.6855,13,0.261869065467266,0.148,4.107,0.00399800099950025,0,"KO_heat_up","BP","with_iea","neuron apoptotic process",0.0421548638524604,TRUE
"GO:0002237",283,12,0.0035486451113869,0.042583723403666,10.0925,15,0.311344327836082,0.181,4.647,0.00199900049975012,0,"KO_heat_up","BP","with_iea","response to molecule of bacterial origin",0.042583723403666,FALSE
"GO:0002287",86,6,0.00356989297994805,0.042583723403666,3.45,7,0.117941029485257,0.0556414219474498,1.453,0.00549725137431284,0,"KO_heat_up","BP","with_iea","alpha-beta T cell activation involved in immune response",0.042583723403666,TRUE
"GO:0002293",86,6,0.00356989297994805,0.042583723403666,3.45,7,0.117941029485257,0.0556414219474498,1.453,0.00549725137431284,0,"KO_heat_up","BP","with_iea","alpha-beta T cell differentiation involved in immune response",0.042583723403666,FALSE
"GO:0014706",283,12,0.0035486451113869,0.042583723403666,9.5495,14,0.236381809095452,0.1315,4.7225,0.00249875062468766,0,"KO_heat_up","BP","with_iea","striated muscle tissue development",0.042583723403666,FALSE
"GO:0150077",37,4,0.00356801635438699,0.042583723403666,1.34,3,0.0414792603698151,0.0114170584284755,0.5615,0.00299850074962519,0,"KO_heat_up","BP","with_iea","regulation of neuroinflammatory response",0.042583723403666,FALSE
"GO:1903706",359,14,0.00359964142714174,0.0427857735468093,13.1525,18,0.440779610194903,0.2875,6.0275,0.00349825087456272,0,"KO_heat_up","BP","with_iea","regulation of hemopoiesis",0.0427857735468093,FALSE
"GO:0008217",115,7,0.00363016412115168,0.0429955608675411,3.5865,7,0.0674662668665667,0.021025641025641,1.8935,0.00299850074962519,0,"KO_heat_up","BP","with_iea","regulation of blood pressure",0.0429955608675411,FALSE
"GO:0002687",116,7,0.00380844530872735,0.0447894624336245,4.537,8,0.173413293353323,0.0734776044287871,1.902,0.00399800099950025,0,"KO_heat_up","BP","with_iea","positive regulation of leukocyte migration",0.0447894624336245,FALSE
"GO:0016064",116,7,0.00380844530872735,0.0447894624336245,3.6405,7,0.0634682658670665,0.0260336906584992,1.915,0.00249875062468766,0,"KO_heat_up","BP","with_iea","immunoglobulin mediated immune response",0.0447894624336245,FALSE
"GO:0071396",481,17,0.00382618022956441,0.0448401472517373,16.8845,23,0.55272363818091,0.3525,8.079,0.00749625187406297,0,"KO_heat_up","BP","with_iea","cellular response to lipid",0.0448401472517373,TRUE
"GO:0003417",19,3,0.00393750662273092,0.0453492142066251,0.6195,2,0.0279860069965017,0.00860215053763441,0.2805,0.00349825087456272,0,"KO_heat_up","BP","with_iea","growth plate cartilage development",0.0453492142066251,TRUE
"GO:0035136",19,3,0.00393750662273092,0.0453492142066251,0.553,2,0.0169915042478761,0.00353356890459364,0.277,0.00449775112443778,0,"KO_heat_up","BP","with_iea","forelimb morphogenesis",0.0453492142066251,FALSE
"GO:0048286",38,4,0.00393503265071132,0.0453492142066251,1.2815,3,0.0354822588705647,0.0116918844566713,0.607,0.00249875062468766,0,"KO_heat_up","BP","with_iea","lung alveolus development",0.0453492142066251,FALSE
"GO:0060713",19,3,0.00393750662273092,0.0453492142066251,0.6115,2,0.0184907546226887,0.00429645542427497,0.281,0.00349825087456272,0,"KO_heat_up","BP","with_iea","labyrinthine layer morphogenesis",0.0453492142066251,FALSE
"GO:0071800",19,3,0.00393750662273092,0.0453492142066251,0.521,2,0.0144927536231884,0.001230012300123,0.278,0.00199900049975012,0,"KO_heat_up","BP","with_iea","podosome assembly",0.0453492142066251,TRUE
"GO:0032612",88,6,0.0040006756484917,0.0457611529656243,3.4475,6,0.12143928035982,0.0434560327198364,1.438,0.00299850074962519,0,"KO_heat_up","BP","with_iea","interleukin-1 production",0.0457611529656243,TRUE
"GO:0032652",88,6,0.0040006756484917,0.0457611529656243,3.4475,6,0.12143928035982,0.0434560327198364,1.438,0.00299850074962519,0,"KO_heat_up","BP","with_iea","regulation of interleukin-1 production",0.0457611529656243,TRUE
"GO:0010563",149,8,0.0041454666955504,0.0467801752474898,5.37,9,0.168415792103948,0.0747616658304064,2.4365,0.00399800099950025,0,"KO_heat_up","BP","with_iea","negative regulation of phosphorus metabolic process",0.0467801752474898,FALSE
"GO:0042098",182,9,0.00415979402649834,0.0467801752474898,7.139,11.05,0.278360819590205,0.1485,3.047,0.00299850074962519,0,"KO_heat_up","BP","with_iea","T cell proliferation",0.0467801752474898,FALSE
"GO:0044703",149,8,0.0041454666955504,0.0467801752474898,4.683,8,0.0944527736131934,0.0362537764350453,2.462,0.00549725137431284,0,"KO_heat_up","BP","with_iea","multi-organism reproductive process",0.0467801752474898,TRUE
"GO:0045936",149,8,0.0041454666955504,0.0467801752474898,5.37,9,0.168415792103948,0.0747616658304064,2.4365,0.00399800099950025,0,"KO_heat_up","BP","with_iea","negative regulation of phosphate metabolic process",0.0467801752474898,FALSE
"GO:0050769",182,9,0.00415979402649834,0.0467801752474898,6.541,11,0.191404297851074,0.0875875875875876,2.976,0.00299850074962519,0,"KO_heat_up","BP","with_iea","positive regulation of neurogenesis",0.0467801752474898,FALSE
"GO:0007517",254,11,0.00441694265203844,0.0495053303953302,7.413,12,0.124937531234383,0.047,4.278,0.00149925037481259,0,"KO_heat_up","BP","with_iea","muscle organ development",0.0495053303953302,FALSE
"GO:0010818",20,3,0.0045743690511323,0.0499293876822938,0.695,2,0.0299850074962519,0.00684261974584555,0.309,0.00399800099950025,0.0018796992481203,"KO_heat_up","BP","with_iea","T cell chemotaxis",0.0499293876822938,FALSE
"GO:0042104",20,3,0.0045743690511323,0.0499293876822938,0.7765,2,0.0424787606196902,0.0118289353958144,0.3055,0.00349825087456272,0,"KO_heat_up","BP","with_iea","positive regulation of activated T cell proliferation",0.0499293876822938,FALSE
"GO:0045649",20,3,0.0045743690511323,0.0499293876822938,0.8155,2,0.0489755122438781,0.0151111111111111,0.288,0.00249875062468766,0,"KO_heat_up","BP","with_iea","regulation of macrophage differentiation",0.0499293876822938,FALSE
"GO:0048333",20,3,0.0045743690511323,0.0499293876822938,0.775,2,0.0359820089955022,0.0108205590622182,0.3085,0.00349825087456272,0,"KO_heat_up","BP","with_iea","mesodermal cell differentiation",0.0499293876822938,FALSE
"GO:0051960",330,13,0.0045634034874602,0.0499293876822938,11.414,17,0.330834582708646,0.175,5.5025,0.00449775112443778,0,"KO_heat_up","BP","with_iea","regulation of nervous system development",0.0499293876822938,FALSE
"GO:0061437",20,3,0.0045743690511323,0.0499293876822938,0.757,2,0.0354822588705647,0.0132200188857413,0.3,0.00199900049975012,0,"KO_heat_up","BP","with_iea","renal system vasculature development",0.0499293876822938,FALSE
"GO:0061440",20,3,0.0045743690511323,0.0499293876822938,0.757,2,0.0354822588705647,0.0132200188857413,0.3,0.00199900049975012,0,"KO_heat_up","BP","with_iea","kidney vasculature development",0.0499293876822938,FALSE
"GO:1904752",20,3,0.0045743690511323,0.0499293876822938,0.6975,2,0.024487756121939,0.00579710144927536,0.2925,0.00149925037481259,0,"KO_heat_up","BP","with_iea","regulation of vascular associated smooth muscle cell migration",0.0499293876822938,FALSE
"GO:0051607",266,6,7.68284333065938e-10,1.35986326952671e-07,0.2105,1,0.000499750124937531,0.00263157894736842,0.1545,0.000499750124937531,0,"Interaction_up","BP","with_iea","defense response to virus",1.35986326952671e-07,TRUE
"GO:0009615",354,6,4.3015402970162e-09,3.80686316285934e-07,0.2755,1,0.000499750124937531,0.00204081632653061,0.206,0.000499750124937531,0,"Interaction_up","BP","with_iea","response to virus",3.80686316285934e-07,TRUE
"GO:0016032",321,4,1.64672431008452e-05,0.000728675507212398,0.288,1,0.000499750124937531,0.00386100386100386,0.1915,0.000499750124937531,0.00573065902578797,"Interaction_up","BP","with_iea","viral process",0.000728675507212398,TRUE
"GO:1903900",94,3,1.58990531966005e-05,0.000728675507212398,0.0935,1,0.000499750124937531,0.0167597765363128,0.059,0.000499750124937531,0.0176991150442478,"Interaction_up","BP","with_iea","regulation of viral life cycle",0.000728675507212398,TRUE
"GO:0050792",116,3,2.98973738313657e-05,0.00105836703363034,0.108,1,0.000499750124937531,0.00985221674876847,0.0715,0.000499750124937531,0.0072992700729927,"Interaction_up","BP","with_iea","regulation of viral process",0.00105836703363034,FALSE
"GO:0030224",29,2,0.000117404568479908,0.00346343477015727,0.0235,0,0.000499750124937531,0,0.0145,0.000499750124937531,0,"Interaction_up","BP","with_iea","monocyte differentiation",0.00346343477015727,TRUE
"GO:0035456",34,2,0.000162001233233591,0.00409631689747793,0.031,0,0.000999500249875062,0.0163934426229508,0.021,0.000499750124937531,0,"Interaction_up","BP","with_iea","response to interferon-beta",0.00409631689747793,TRUE
"GO:0045071",40,2,0.000224867011260061,0.00497518262412884,0.0355,0,0.000499750124937531,0,0.0235,0.000999500249875062,0.0217391304347826,"Interaction_up","BP","with_iea","negative regulation of viral genome replication",0.00497518262412884,FALSE
"GO:0019058",242,3,0.000266574129951159,0.00524262455570612,0.245,1,0.000499750124937531,0.0022271714922049,0.1435,0.000499750124937531,0,"Interaction_up","BP","with_iea","viral life cycle",0.00524262455570612,FALSE
"GO:0002218",304,3,0.00052152605773007,0.00839182838347477,0.296,1,0.00199900049975012,0.00756143667296786,0.1705,0.00149925037481259,0.00638977635782748,"Interaction_up","BP","with_iea","activation of innate immune response",0.00839182838347477,TRUE
"GO:0048525",60,2,0.00050744521886543,0.00839182838347477,0.054,1,0.000999500249875062,0,0.032,0.000999500249875062,0.0158730158730159,"Interaction_up","BP","with_iea","negative regulation of viral process",0.00839182838347477,FALSE
"GO:0045069",66,2,0.000613929301912271,0.009055457203206,0.0615,1,0.00149925037481259,0.0165289256198347,0.0415,0.00199900049975012,0.025,"Interaction_up","BP","with_iea","regulation of viral genome replication",0.009055457203206,FALSE
"GO:0002833",380,3,0.00100109827401483,0.0115083949771647,0.3565,1,0.00349825087456272,0.00641025641025641,0.217,0.00199900049975012,0.00757575757575758,"Interaction_up","BP","with_iea","positive regulation of response to biotic stimulus",0.0115083949771647,TRUE
"GO:0032481",86,2,0.00104030689059116,0.0115083949771647,0.0835,1,0.00199900049975012,0,0.047,0.000999500249875062,0,"Interaction_up","BP","with_iea","positive regulation of type I interferon production",0.0115083949771647,TRUE
"GO:0034340",81,2,0.000923471445207213,0.0115083949771647,0.084,1,0.00399800099950025,0.0186335403726708,0.0475,0.000999500249875062,0,"Interaction_up","BP","with_iea","response to type I interferon",0.0115083949771647,TRUE
"GO:0045089",359,3,0.000848260972320684,0.0115083949771647,0.3495,1,0.00349825087456272,0.00814332247557003,0.2015,0.00199900049975012,0.00815217391304348,"Interaction_up","BP","with_iea","positive regulation of innate immune response",0.0115083949771647,FALSE
"GO:0019079",93,2,0.00121525837090144,0.0126529842146797,0.072,1,0.00249875062468766,0.0142857142857143,0.058,0.00299850074962519,0.018018018018018,"Interaction_up","BP","with_iea","viral genome replication",0.0126529842146797,FALSE
"GO:0001819",419,3,0.0013297508619933,0.0129090313559343,0.354,1,0.00199900049975012,0.00320512820512821,0.2545,0.00199900049975012,0.00216919739696312,"Interaction_up","BP","with_iea","positive regulation of cytokine production",0.0129090313559343,FALSE
"GO:0045088",425,3,0.00138571523029803,0.0129090313559343,0.396,2,0.00399800099950025,0.00587371512481645,0.24,0.00199900049975012,0.00459770114942529,"Interaction_up","BP","with_iea","regulation of innate immune response",0.0129090313559343,FALSE
"GO:0031349",467,3,0.001820008428497,0.0161070745921984,0.4195,2,0.00499750124937531,0.00559440559440559,0.262,0.00249875062468766,0.00426439232409382,"Interaction_up","BP","with_iea","positive regulation of defense response",0.0161070745921984,TRUE
"GO:0002831",495,3,0.00215270148888087,0.0167920736854125,0.448,2,0.00499750124937531,0.00530503978779841,0.286,0.00349825087456272,0.00392156862745098,"Interaction_up","BP","with_iea","regulation of response to biotic stimulus",0.0167920736854125,FALSE
"GO:0032479",125,2,0.00218202087437564,0.0167920736854125,0.112,1,0.00449775112443778,0,0.07,0.00149925037481259,0,"Interaction_up","BP","with_iea","regulation of type I interferon production",0.0167920736854125,FALSE
"GO:0032606",125,2,0.00218202087437564,0.0167920736854125,0.112,1,0.00449775112443778,0,0.07,0.00149925037481259,0,"Interaction_up","BP","with_iea","type I interferon production",0.0167920736854125,TRUE
"GO:0062207",167,2,0.0038571492067776,0.0284464753999848,0.1605,1,0.0079960019990005,0.00326797385620915,0.0965,0.00299850074962519,0,"Interaction_up","BP","with_iea","regulation of pattern recognition receptor signaling pathway",0.0284464753999848,TRUE
"GO:0002753",196,2,0.00527494462660611,0.0373466079563713,0.189,1,0.0149925037481259,0.00574712643678161,0.117,0.00699650174912544,0,"Interaction_up","BP","with_iea","cytoplasmic pattern recognition receptor signaling pathway",0.0373466079563713,FALSE
"GO:0039530",10,1,0.00581683629952645,0.0381325935191178,0.0085,0,0.00899550224887556,0,0.0055,0.00599700149925037,0,"Interaction_up","BP","with_iea","MDA-5 signaling pathway",0.0381325935191178,TRUE
"GO:0071888",10,1,0.00581683629952645,0.0381325935191178,0.005,0,0.00549725137431284,0,0.005,0.00549725137431284,0,"Interaction_up","BP","with_iea","macrophage apoptotic process",0.0381325935191178,TRUE
"GO:0002573",211,2,0.00608989735879327,0.0384968511609432,0.126,1,0.00399800099950025,0,0.13,0.00449775112443778,0,"Interaction_up","BP","with_iea","myeloid leukocyte differentiation",0.0384968511609432,FALSE
"GO:0070142",11,1,0.00639692149965165,0.0390432794978739,0.0095,0,0.00999500249875063,0.105263157894737,0.006,0.00649675162418791,0,"Interaction_up","BP","with_iea","synaptic vesicle budding",0.0390432794978739,TRUE
"GO:0002221",276,2,0.0102437569378343,0.0451108277129936,0.272,1,0.0259870064967516,0.00816326530612245,0.152,0.0104947526236882,0.00353356890459364,"Interaction_up","BP","with_iea","pattern recognition receptor signaling pathway",0.0451108277129936,FALSE
"GO:0002755",18,1,0.0104494007696765,0.0451108277129936,0.014,0,0.0144927536231884,0,0.007,0.00749625187406297,0,"Interaction_up","BP","with_iea","MyD88-dependent toll-like receptor signaling pathway",0.0451108277129936,FALSE
"GO:0002756",15,1,0.00871436211623722,0.0451108277129936,0.0115,0,0.0119940029985007,0,0.0055,0.00599700149925037,0,"Interaction_up","BP","with_iea","MyD88-independent toll-like receptor signaling pathway",0.0451108277129936,FALSE
"GO:0006925",18,1,0.0104494007696765,0.0451108277129936,0.0075,0,0.0079960019990005,0,0.01,0.0104947526236882,0,"Interaction_up","BP","with_iea","inflammatory cell apoptotic process",0.0451108277129936,FALSE
"GO:0033033",14,1,0.00813543674787542,0.0451108277129936,0.008,0,0.00849575212393803,0,0.01,0.0104947526236882,0,"Interaction_up","BP","with_iea","negative regulation of myeloid cell apoptotic process",0.0451108277129936,TRUE
"GO:0043392",15,1,0.00871436211623722,0.0451108277129936,0.009,0,0.00949525237381309,0,0.0065,0.00699650174912544,0,"Interaction_up","BP","with_iea","negative regulation of DNA binding",0.0451108277129936,TRUE
"GO:0044790",17,1,0.00987134400637746,0.0451108277129936,0.0185,0,0.0189905047476262,0,0.0035,0.00399800099950025,0,"Interaction_up","BP","with_iea","suppression of viral release by host",0.0451108277129936,TRUE
"GO:0045655",16,1,0.0092929978288111,0.0451108277129936,0.0095,0,0.00999500249875063,0,0.01,0.0104947526236882,0.05,"Interaction_up","BP","with_iea","regulation of monocyte differentiation",0.0451108277129936,TRUE
"GO:0046596",17,1,0.00987134400637746,0.0451108277129936,0.026,0,0.0259870064967516,0.0196078431372549,0.011,0.0114942528735632,0.0454545454545455,"Interaction_up","BP","with_iea","regulation of viral entry into host cell",0.0451108277129936,FALSE
"GO:0046597",16,1,0.0092929978288111,0.0451108277129936,0.012,0,0.0124937531234383,0,0.0095,0.00949525237381309,0.166666666666667,"Interaction_up","BP","with_iea","host-mediated suppression of symbiont invasion",0.0451108277129936,FALSE
"GO:0060340",18,1,0.0104494007696765,0.0451108277129936,0.0185,0,0.0189905047476262,0,0.009,0.00949525237381309,0,"Interaction_up","BP","with_iea","positive regulation of type I interferon-mediated signaling pathway",0.0451108277129936,TRUE
"GO:0141086",15,1,0.00871436211623722,0.0451108277129936,0.022,0,0.0219890054972514,0.0232558139534884,0.0085,0.00899550224887556,0,"Interaction_up","BP","with_iea","negative regulation of inflammasome-mediated signaling pathway",0.0451108277129936,TRUE
"GO:0002758",284,2,0.0108230623028721,0.0453909018226798,0.2765,1,0.0264867566216892,0.00803212851405622,0.1575,0.0109945027486257,0.00341296928327645,"Interaction_up","BP","with_iea","innate immune response-activating signaling pathway",0.0453909018226798,FALSE
"GO:0050907",19,1,0.0110271682394081,0.0453909018226798,0.0105,0,0.0109945027486257,0,0.0125,0.0124937531234383,0.0833333333333333,"Interaction_up","BP","with_iea","detection of chemical stimulus involved in sensory perception",0.0453909018226798,TRUE
"GO:0050909",21,1,0.0121818357807675,0.0490042030271783,0.0075,0,0.0079960019990005,0,0.0115,0.0119940029985007,0.0434782608695652,"Interaction_up","BP","with_iea","sensory perception of taste",0.0490042030271783,TRUE
"GO:0031664",22,1,0.0127587360935936,0.0490933975775231,0.0195,0,0.0199900049975013,0,0.013,0.0134932533733133,0,"Interaction_up","BP","with_iea","regulation of lipopolysaccharide-mediated signaling pathway",0.0490933975775231,TRUE
"GO:0052372",22,1,0.0127587360935936,0.0490933975775231,0.03,0,0.0299850074962519,0.0169491525423729,0.014,0.0144927536231884,0.0357142857142857,"Interaction_up","BP","with_iea","modulation by symbiont of entry into host",0.0490933975775231,FALSE
"GO:0009615",354,12,5.68249510572706e-15,3.13673729836134e-12,0.8645,2,0.000499750124937531,0.000851788756388416,0.513,0.000499750124937531,0,"Interaction_fdrOnly_up","BP","with_iea","response to virus",3.13673729836134e-12,TRUE
"GO:0051607",266,11,1.42511202910424e-14,3.93330920032771e-12,0.6415,2,0.000499750124937531,0,0.3885,0.000499750124937531,0,"Interaction_fdrOnly_up","BP","with_iea","defense response to virus",3.93330920032771e-12,TRUE
"GO:0050792",116,6,1.20559755000419e-08,2.2182994920077e-06,0.315,1,0.000499750124937531,0.00361663652802893,0.1615,0.000499750124937531,0,"Interaction_fdrOnly_up","BP","with_iea","regulation of viral process",2.2182994920077e-06,TRUE
"GO:0016032",321,7,2.25902865130319e-07,2.49396763103873e-05,0.7975,2,0.000499750124937531,0,0.4935,0.000499750124937531,0.00124378109452736,"Interaction_fdrOnly_up","BP","with_iea","viral process",2.49396763103873e-05,TRUE
"GO:1903900",94,5,2.08822363911035e-07,2.49396763103873e-05,0.2665,1,0.000499750124937531,0.00424628450106157,0.129,0.000499750124937531,0,"Interaction_fdrOnly_up","BP","with_iea","regulation of viral life cycle",2.49396763103873e-05,FALSE
"GO:0001819",419,7,1.36675391200094e-06,0.000112884070928501,1.1795,3,0.000499750124937531,0.00275862068965517,0.621,0.000499750124937531,0,"Interaction_fdrOnly_up","BP","with_iea","positive regulation of cytokine production",0.000112884070928501,TRUE
"GO:0045088",425,7,1.5034201638239e-06,0.000112884070928501,1.251,3,0.000499750124937531,0.00609756097560976,0.6265,0.000499750124937531,0,"Interaction_fdrOnly_up","BP","with_iea","regulation of innate immune response",0.000112884070928501,TRUE
"GO:0048525",60,4,1.63600102794928e-06,0.000112884070928501,0.154,1,0.000499750124937531,0.00706713780918728,0.084,0.000499750124937531,0,"Interaction_fdrOnly_up","BP","with_iea","negative regulation of viral process",0.000112884070928501,FALSE
"GO:0140374",68,4,2.71187215576988e-06,0.000166328158887219,0.1695,1,0.000499750124937531,0,0.103,0.000499750124937531,0,"Interaction_fdrOnly_up","BP","with_iea","antiviral innate immune response",0.000166328158887219,FALSE
"GO:0002218",304,6,3.60090009820753e-06,0.000198769685421056,0.9245,3,0.000499750124937531,0.00553359683794466,0.447,0.000499750124937531,0,"Interaction_fdrOnly_up","BP","with_iea","activation of innate immune response",0.000198769685421056,FALSE
"GO:0002831",495,7,4.15505639855314e-06,0.000208508284727394,1.439,3,0.000499750124937531,0.00636132315521628,0.738,0.000499750124937531,0,"Interaction_fdrOnly_up","BP","with_iea","regulation of response to biotic stimulus",0.000208508284727394,TRUE
"GO:0034340",81,4,5.47322392511881e-06,0.000251768300555465,0.225,1,0.000499750124937531,0,0.103,0.000499750124937531,0,"Interaction_fdrOnly_up","BP","with_iea","response to type I interferon",0.000251768300555465,TRUE
"GO:0032481",86,4,6.95327351902564e-06,0.000295246690961704,0.2535,1,0.000499750124937531,0.00646551724137931,0.1145,0.000499750124937531,0,"Interaction_fdrOnly_up","BP","with_iea","positive regulation of type I interferon production",0.000295246690961704,FALSE
"GO:0002753",196,5,7.93944021878715e-06,0.000313040785769322,0.5805,2,0.000499750124937531,0.0010752688172043,0.2875,0.000499750124937531,0,"Interaction_fdrOnly_up","BP","with_iea","cytoplasmic pattern recognition receptor signaling pathway",0.000313040785769322,TRUE
"GO:0045089",359,6,9.3801133517894e-06,0.00034518817134585,1.0895,3,0.000999500249875062,0.0058436815193572,0.531,0.000499750124937531,0,"Interaction_fdrOnly_up","BP","with_iea","positive regulation of innate immune response",0.00034518817134585,FALSE
"GO:0030522",366,6,1.04766067664723e-05,0.000361442933443294,1.053,3,0.000499750124937531,0.000729394602479942,0.546,0.000499750124937531,0,"Interaction_fdrOnly_up","BP","with_iea","intracellular receptor signaling pathway",0.000361442933443294,FALSE
"GO:0002833",380,6,1.29831244017034e-05,0.000421569686455312,1.1295,3,0.000999500249875062,0.00574300071787509,0.5645,0.000499750124937531,0,"Interaction_fdrOnly_up","BP","with_iea","positive regulation of response to biotic stimulus",0.000421569686455312,FALSE
"GO:0019058",242,5,2.20619089860259e-05,0.000676565208904795,0.6625,2,0.000499750124937531,0,0.369,0.000999500249875062,0.0016025641025641,"Interaction_fdrOnly_up","BP","with_iea","viral life cycle",0.000676565208904795,FALSE
"GO:0045071",40,3,2.69982538629139e-05,0.00078437032275413,0.107,1,0.000499750124937531,0,0.0575,0.000499750124937531,0,"Interaction_fdrOnly_up","BP","with_iea","negative regulation of viral genome replication",0.00078437032275413,FALSE
"GO:0032479",125,4,3.05950872331154e-05,0.000804213721556177,0.36,1,0.00149925037481259,0.0110759493670886,0.1755,0.000499750124937531,0,"Interaction_fdrOnly_up","BP","with_iea","regulation of type I interferon production",0.000804213721556177,FALSE
"GO:0032606",125,4,3.05950872331154e-05,0.000804213721556177,0.36,1,0.00149925037481259,0.0110759493670886,0.1755,0.000499750124937531,0,"Interaction_fdrOnly_up","BP","with_iea","type I interferon production",0.000804213721556177,TRUE
"GO:0002221",276,5,4.14822134295851e-05,0.00100200393708188,0.837,2,0.000999500249875062,0.0050251256281407,0.411,0.000499750124937531,0,"Interaction_fdrOnly_up","BP","with_iea","pattern recognition receptor signaling pathway",0.00100200393708188,FALSE
"GO:0031349",467,6,4.17501640450783e-05,0.00100200393708188,1.344,3,0.00149925037481259,0.00581771170006464,0.712,0.000499750124937531,0,"Interaction_fdrOnly_up","BP","with_iea","positive regulation of defense response",0.00100200393708188,TRUE
"GO:0002758",284,5,4.75532315970864e-05,0.00109372432673299,0.8635,2,0.000999500249875062,0.00575657894736842,0.4255,0.000499750124937531,0,"Interaction_fdrOnly_up","BP","with_iea","innate immune response-activating signaling pathway",0.00109372432673299,FALSE
"GO:0039530",10,2,9.48447325134177e-05,0.00201406580354392,0.028,0,0.000499750124937531,0,0.0115,0.000499750124937531,0,"Interaction_fdrOnly_up","BP","with_iea","MDA-5 signaling pathway",0.00201406580354392,TRUE
"GO:0062207",167,4,9.4865418282866e-05,0.00201406580354392,0.5295,2,0.00299850074962519,0.00823529411764706,0.2525,0.000499750124937531,0,"Interaction_fdrOnly_up","BP","with_iea","regulation of pattern recognition receptor signaling pathway",0.00201406580354392,FALSE
"GO:0045069",66,3,0.00012203251543934,0.00249488698231539,0.172,1,0.000499750124937531,0,0.092,0.000499750124937531,0,"Interaction_fdrOnly_up","BP","with_iea","regulation of viral genome replication",0.00249488698231539,FALSE
"GO:0051092",71,3,0.000151707590000281,0.00299080677429124,0.187,1,0.000999500249875062,0,0.098,0.000999500249875062,0,"Interaction_fdrOnly_up","BP","with_iea","positive regulation of NF-kappaB transcription factor activity",0.00299080677429124,TRUE
"GO:0060337",74,3,0.000171580138380361,0.00326593918572274,0.205,1,0.000999500249875062,0,0.0975,0.000499750124937531,0,"Interaction_fdrOnly_up","BP","with_iea","type I interferon-mediated signaling pathway",0.00326593918572274,FALSE
"GO:0071357",75,3,0.000178561769633054,0.0032855365612482,0.207,1,0.000999500249875062,0,0.098,0.000499750124937531,0,"Interaction_fdrOnly_up","BP","with_iea","cellular response to type I interferon",0.0032855365612482,FALSE
"GO:0045824",85,3,0.000258747342806474,0.00460737203965076,0.232,1,0.00149925037481259,0.00234192037470726,0.125,0.000999500249875062,0,"Interaction_fdrOnly_up","BP","with_iea","negative regulation of innate immune response",0.00460737203965076,FALSE
"GO:0046596",17,2,0.000284864751636573,0.00491391696573088,0.0745,1,0.00249875062468766,0.0137931034482759,0.0215,0.000999500249875062,0.0238095238095238,"Interaction_fdrOnly_up","BP","with_iea","regulation of viral entry into host cell",0.00491391696573088,FALSE
"GO:0019079",93,3,0.00033740636168053,0.00547789151904861,0.2185,1,0.000499750124937531,0,0.1365,0.000499750124937531,0,"Interaction_fdrOnly_up","BP","with_iea","viral genome replication",0.00547789151904861,FALSE
"GO:0051091",93,3,0.00033740636168053,0.00547789151904861,0.235,1,0.000999500249875062,0,0.133,0.000999500249875062,0,"Interaction_fdrOnly_up","BP","with_iea","positive regulation of DNA-binding transcription factor activity",0.00547789151904861,FALSE
"GO:0140888",96,3,0.000370460443119858,0.00584269041720462,0.2645,1,0.00249875062468766,0.00213219616204691,0.131,0.000499750124937531,0,"Interaction_fdrOnly_up","BP","with_iea","interferon-mediated signaling pathway",0.00584269041720462,TRUE
"GO:0052372",22,2,0.000481707208428674,0.00738617719590634,0.087,1,0.00299850074962519,0.0118343195266272,0.0285,0.000999500249875062,0.0178571428571429,"Interaction_fdrOnly_up","BP","with_iea","modulation by symbiont of entry into host",0.00738617719590634,FALSE
"GO:0002757",474,5,0.000524689345552847,0.00765705024592348,1.2995,3,0.00499750124937531,0.002636783124588,0.7265,0.00149925037481259,0,"Interaction_fdrOnly_up","BP","with_iea","immune response-activating signaling pathway",0.00765705024592348,FALSE
"GO:0032727",23,2,0.00052711577779908,0.00765705024592348,0.0625,1,0.00199900049975012,0,0.029,0.00149925037481259,0.0178571428571429,"Interaction_fdrOnly_up","BP","with_iea","positive regulation of interferon-alpha production",0.00765705024592348,FALSE
"GO:0002764",493,5,0.00062804474101949,0.00867841120388829,1.3435,3,0.00749625187406297,0.00261096605744125,0.7555,0.00199900049975012,0,"Interaction_fdrOnly_up","BP","with_iea","immune response-regulating signaling pathway",0.00867841120388829,FALSE
"GO:0002832",115,3,0.000628870377093354,0.00867841120388829,0.324,1,0.00349825087456272,0.00175438596491228,0.1725,0.00149925037481259,0,"Interaction_fdrOnly_up","BP","with_iea","negative regulation of response to biotic stimulus",0.00867841120388829,FALSE
"GO:0039531",119,3,0.00069480912340921,0.00935450332004595,0.364,1,0.00449775112443778,0.0063391442155309,0.1725,0.00149925037481259,0,"Interaction_fdrOnly_up","BP","with_iea","regulation of cytoplasmic pattern recognition receptor signaling pathway",0.00935450332004595,FALSE
"GO:0039529",27,2,0.000728702265997507,0.00957722978168152,0.0665,1,0.000999500249875062,0,0.0305,0.000999500249875062,0,"Interaction_fdrOnly_up","BP","with_iea","RIG-I signaling pathway",0.00957722978168152,FALSE
"GO:0032607",28,2,0.000784059874367727,0.00983638751479512,0.083,1,0.00299850074962519,0.0062111801242236,0.035,0.00149925037481259,0.0147058823529412,"Interaction_fdrOnly_up","BP","with_iea","interferon-alpha production",0.00983638751479512,FALSE
"GO:0032647",28,2,0.000784059874367727,0.00983638751479512,0.083,1,0.00299850074962519,0.0062111801242236,0.035,0.00149925037481259,0.0147058823529412,"Interaction_fdrOnly_up","BP","with_iea","regulation of interferon-alpha production",0.00983638751479512,FALSE
"GO:0030224",29,2,0.000841391086489316,0.0103210639942689,0.0965,1,0.00499750124937531,0.00543478260869565,0.0375,0.000499750124937531,0,"Interaction_fdrOnly_up","BP","with_iea","monocyte differentiation",0.0103210639942689,TRUE
"GO:0043903",30,2,0.000900690524812419,0.010808286297749,0.114,1,0.00599700149925037,0.00921658986175115,0.039,0.00149925037481259,0,"Interaction_fdrOnly_up","BP","with_iea","regulation of biological process involved in symbiotic interaction",0.010808286297749,FALSE
"GO:0035456",34,2,0.00115746334466842,0.0133108284636868,0.0955,1,0.00449775112443778,0.00549450549450549,0.0455,0.00199900049975012,0,"Interaction_fdrOnly_up","BP","with_iea","response to interferon-beta",0.0133108284636868,TRUE
"GO:0046825",34,2,0.00115746334466842,0.0133108284636868,0.0915,1,0.00399800099950025,0.00568181818181818,0.057,0.00199900049975012,0,"Interaction_fdrOnly_up","BP","with_iea","regulation of protein export from nucleus",0.0133108284636868,TRUE
"GO:0051090",153,3,0.00143851098293747,0.0162052665832956,0.418,2,0.00599700149925037,0.00141043723554302,0.232,0.00199900049975012,0.0024330900243309,"Interaction_fdrOnly_up","BP","with_iea","regulation of DNA-binding transcription factor activity",0.0162052665832956,FALSE
"GO:0032728",39,2,0.00152207337364029,0.0168036900449888,0.113,1,0.00349825087456272,0.00454545454545455,0.054,0.00249875062468766,0,"Interaction_fdrOnly_up","BP","with_iea","positive regulation of interferon-beta production",0.0168036900449888,FALSE
"GO:0032480",44,2,0.00193455908625084,0.0209387571688326,0.127,1,0.00749625187406297,0,0.0635,0.00149925037481259,0,"Interaction_fdrOnly_up","BP","with_iea","negative regulation of type I interferon production",0.0209387571688326,FALSE
"GO:0141085",46,2,0.00211281144750496,0.0224283061350527,0.139,1,0.00499750124937531,0.00371747211895911,0.071,0.000999500249875062,0,"Interaction_fdrOnly_up","BP","with_iea","regulation of inflammasome-mediated signaling pathway",0.0224283061350527,TRUE
"GO:0002886",48,2,0.00229857722124733,0.0234965671505282,0.1065,1,0.00349825087456272,0,0.0725,0.00499750124937531,0,"Interaction_fdrOnly_up","BP","with_iea","regulation of myeloid leukocyte mediated immunity",0.0234965671505282,TRUE
"GO:0050777",180,3,0.00229059618770729,0.0234965671505282,0.5045,2,0.00999500249875063,0.00241545893719807,0.2625,0.00399800099950025,0,"Interaction_fdrOnly_up","BP","with_iea","negative regulation of immune response",0.0234965671505282,TRUE
"GO:0032731",49,2,0.00239426465162074,0.023600608708833,0.1575,1,0.00699650174912544,0,0.074,0.00499750124937531,0,"Interaction_fdrOnly_up","BP","with_iea","positive regulation of interleukin-1 beta production",0.023600608708833,FALSE
"GO:0032757",49,2,0.00239426465162074,0.023600608708833,0.148,1,0.0079960019990005,0,0.076,0.00349825087456272,0,"Interaction_fdrOnly_up","BP","with_iea","positive regulation of interleukin-8 production",0.023600608708833,FALSE
"GO:1901224",53,2,0.00279559064359358,0.0270730883379589,0.1425,1,0.00949525237381309,0,0.073,0.00249875062468766,0,"Interaction_fdrOnly_up","BP","with_iea","positive regulation of non-canonical NF-kappaB signal transduction",0.0270730883379589,FALSE
"GO:0039532",54,2,0.00290054044626358,0.027605143557543,0.158,1,0.00749625187406297,0.00664451827242525,0.0775,0.00399800099950025,0.00680272108843537,"Interaction_fdrOnly_up","BP","with_iea","negative regulation of cytoplasmic pattern recognition receptor signaling pathway",0.027605143557543,FALSE
"GO:0019221",425,4,0.00319074506761533,0.0287252938188737,1.1405,3,0.0184907546226887,0.000710227272727273,0.6315,0.00349825087456272,0,"Interaction_fdrOnly_up","BP","with_iea","cytokine-mediated signaling pathway",0.0287252938188737,FALSE
"GO:0032608",57,2,0.00322639169704741,0.0287252938188737,0.173,1,0.0109945027486257,0.00619195046439629,0.088,0.00349825087456272,0,"Interaction_fdrOnly_up","BP","with_iea","interferon-beta production",0.0287252938188737,FALSE
"GO:0032648",57,2,0.00322639169704741,0.0287252938188737,0.173,1,0.0109945027486257,0.00619195046439629,0.088,0.00349825087456272,0,"Interaction_fdrOnly_up","BP","with_iea","regulation of interferon-beta production",0.0287252938188737,FALSE
"GO:0032732",56,2,0.00311594608640365,0.0287252938188737,0.1645,1,0.00849575212393803,0,0.0865,0.00549725137431284,0,"Interaction_fdrOnly_up","BP","with_iea","positive regulation of interleukin-1 production",0.0287252938188737,FALSE
"GO:0006611",60,2,0.00356863853498604,0.0303059764817276,0.1295,1,0.00499750124937531,0,0.1025,0.00499750124937531,0,"Interaction_fdrOnly_up","BP","with_iea","protein export from nucleus",0.0303059764817276,FALSE
"GO:0032722",60,2,0.00356863853498604,0.0303059764817276,0.1975,1,0.0124937531234383,0.002710027100271,0.1005,0.00349825087456272,0,"Interaction_fdrOnly_up","BP","with_iea","positive regulation of chemokine production",0.0303059764817276,FALSE
"GO:0060760",60,2,0.00356863853498604,0.0303059764817276,0.1835,1,0.0139930034982509,0.00294985250737463,0.084,0.00299850074962519,0,"Interaction_fdrOnly_up","BP","with_iea","positive regulation of response to cytokine stimulus",0.0303059764817276,TRUE
"GO:0002699",218,3,0.00393816824687826,0.0319686598864235,0.635,2,0.0179910044977511,0.00307692307692308,0.327,0.00249875062468766,0.00178890876565295,"Interaction_fdrOnly_up","BP","with_iea","positive regulation of immune effector process",0.0319686598864235,TRUE
"GO:0031348",216,3,0.00383746939294287,0.0319686598864235,0.5855,2,0.0134932533733133,0.00107991360691145,0.3295,0.00449775112443778,0.0017636684303351,"Interaction_fdrOnly_up","BP","with_iea","negative regulation of defense response",0.0319686598864235,TRUE
"GO:0141084",63,2,0.00392714381749397,0.0319686598864235,0.1915,1,0.0104947526236882,0,0.0985,0.00149925037481259,0,"Interaction_fdrOnly_up","BP","with_iea","inflammasome-mediated signaling pathway",0.0319686598864235,TRUE
"GO:0032637",67,2,0.00443020620648257,0.0349353403711197,0.1905,1,0.0129935032483758,0,0.1005,0.00499750124937531,0,"Interaction_fdrOnly_up","BP","with_iea","interleukin-8 production",0.0349353403711197,FALSE
"GO:0032677",67,2,0.00443020620648257,0.0349353403711197,0.1905,1,0.0129935032483758,0,0.1005,0.00499750124937531,0,"Interaction_fdrOnly_up","BP","with_iea","regulation of interleukin-8 production",0.0349353403711197,FALSE
"GO:0001818",248,3,0.00564662017785971,0.0406130877372146,0.741,2,0.0239880059970015,0.000898472596585804,0.38,0.00499750124937531,0,"Interaction_fdrOnly_up","BP","with_iea","negative regulation of cytokine production",0.0406130877372146,FALSE
"GO:0009617",490,4,0.00531198139480518,0.0406130877372146,1.206,3,0.0239880059970015,0.00205479452054795,0.7435,0.00749625187406297,0,"Interaction_fdrOnly_up","BP","with_iea","response to bacterium",0.0406130877372146,FALSE
"GO:0032602",76,2,0.00566523144160421,0.0406130877372146,0.258,1,0.0259870064967516,0.00432900432900433,0.126,0.00599700149925037,0,"Interaction_fdrOnly_up","BP","with_iea","chemokine production",0.0406130877372146,FALSE
"GO:0032611",75,2,0.0055210339210678,0.0406130877372146,0.2475,1,0.0179910044977511,0,0.107,0.00699650174912544,0.00497512437810945,"Interaction_fdrOnly_up","BP","with_iea","interleukin-1 beta production",0.0406130877372146,FALSE
"GO:0032642",76,2,0.00566523144160421,0.0406130877372146,0.258,1,0.0259870064967516,0.00432900432900433,0.126,0.00599700149925037,0,"Interaction_fdrOnly_up","BP","with_iea","regulation of chemokine production",0.0406130877372146,FALSE
"GO:0032651",75,2,0.0055210339210678,0.0406130877372146,0.2475,1,0.0179910044977511,0,0.107,0.00699650174912544,0.00497512437810945,"Interaction_fdrOnly_up","BP","with_iea","regulation of interleukin-1 beta production",0.0406130877372146,FALSE
"GO:0070534",74,2,0.00537856799702954,0.0406130877372146,0.192,1,0.0149925037481259,0,0.1035,0.00399800099950025,0,"Interaction_fdrOnly_up","BP","with_iea","protein K63-linked ubiquitination",0.0406130877372146,TRUE
"GO:2000106",79,2,0.00610816446444145,0.0432270100560472,0.244,1,0.0139930034982509,0,0.13,0.00649675162418791,0,"Interaction_fdrOnly_up","BP","with_iea","regulation of leukocyte apoptotic process",0.0432270100560472,TRUE
"GO:1901222",81,2,0.00641202124459835,0.0448029838863074,0.224,1,0.0209895052473763,0,0.1125,0.00449775112443778,0,"Interaction_fdrOnly_up","BP","with_iea","regulation of non-canonical NF-kappaB signal transduction",0.0448029838863074,FALSE
"GO:0032755",82,2,0.00656650542770491,0.0453088874511639,0.2375,1,0.0149925037481259,0.00451467268623025,0.1295,0.00999500249875063,0,"Interaction_fdrOnly_up","BP","with_iea","positive regulation of interleukin-6 production",0.0453088874511639,FALSE
"GO:0000209",273,3,0.00736585945361223,0.0488934716528232,0.6055,2,0.0194902548725637,0.00218579234972678,0.398,0.00599700149925037,0,"Interaction_fdrOnly_up","BP","with_iea","protein polyubiquitination",0.0488934716528232,FALSE
"GO:0002444",88,2,0.00752888603349632,0.0488934716528232,0.206,1,0.0144927536231884,0.00263852242744063,0.1345,0.00849575212393803,0,"Interaction_fdrOnly_up","BP","with_iea","myeloid leukocyte mediated immunity",0.0488934716528232,TRUE
"GO:0032612",88,2,0.00752888603349632,0.0488934716528232,0.2745,1,0.0229885057471264,0,0.13,0.00849575212393803,0,"Interaction_fdrOnly_up","BP","with_iea","interleukin-1 production",0.0488934716528232,FALSE
"GO:0032652",88,2,0.00752888603349632,0.0488934716528232,0.2745,1,0.0229885057471264,0,0.13,0.00849575212393803,0,"Interaction_fdrOnly_up","BP","with_iea","regulation of interleukin-1 production",0.0488934716528232,FALSE
"GO:0071346",87,2,0.00736429015145606,0.0488934716528232,0.2425,1,0.0209895052473763,0.00226757369614512,0.127,0.00649675162418791,0,"Interaction_fdrOnly_up","BP","with_iea","cellular response to type II interferon",0.0488934716528232,FALSE
