"ID","Description","GeneRatio","BgRatio","RichFactor","FoldEnrichment","zScore","pvalue","p.adjust","qvalue","geneID","Count","arm","ontology","iea_variant","n_query_annotated","n_universe_annotated","term_size","fold_enrichment","simplify_kept","cluster_id","cluster_size","cluster_representative","k_null_matched_mean","k_null_matched_q95","p_matched","frac_matched_reaching_q","k_null_uniform_mean","p_uniform","frac_uniform_reaching_q"
"GO:0008284","positive regulation of cell population proliferation","32/186","480/11390",0.0666666666666667,4.08243727598566,8.89027530304014,8.09709083578355e-12,2.14977761690053e-08,1.73533441491108e-08,"AREG/CCN1/CD40LG/CD70/CD80/CDKN1A/CSF2/EGFR/EGR1/EGR3/EPCAM/F3/FOSL1/GPR183/HBEGF/IL1A/IL2/IL23A/IL3/IL9/LAMC2/MST1R/NR4A1/NR4A3/PAK1/PDGFB/S1PR3/SPHK1/TGM1/TIMP1/TNFSF9/YAP1",32,"WT_heat_up","BP","no_iea",186,11390,480,4.08243727598566,TRUE,1,24,"positive regulation of cell population proliferation",NA,NA,NA,NA,NA,NA,NA
"GO:0001944","vasculature development","27/186","381/11390",0.0708661417322835,4.33959867919736,8.54270778743523,1.06623619930962e-10,1.41542855458352e-07,1.14255626410231e-07,"ADAM8/ADM/ANXA2/ANXA3/ATP2B4/BCAM/CALCA/CTH/EGR1/EGR3/EMILIN2/EPHA2/EPN2/F3/FASLG/GJA5/HK2/HSPG2/IL17F/IL1A/NR4A1/PDGFB/PTGS2/SERPINE1/SPHK1/STRA6/TGM2",27,"WT_heat_up","BP","no_iea",186,11390,381,4.33959867919736,TRUE,2,25,"vasculature development",NA,NA,NA,NA,NA,NA,NA
"GO:0035295","tube development","29/186","455/11390",0.0637362637362637,3.90298948363464,8.14243847555226,2.55169928327406e-10,2.25825386569754e-07,1.82289815464771e-07,"ADAM8/ADM/ALDH1A2/ANXA2/ANXA3/ATP2B4/BCAM/EGR3/EMILIN2/EPHA2/EPN2/F3/FASLG/GJA5/HK2/HSPG2/IL17F/IL1A/ITGA3/NR4A1/PAK1/PDGFB/PLXNB2/PTGS2/SERPINE1/SPHK1/STRA6/TGM2/TP73",29,"WT_heat_up","BP","no_iea",186,11390,455,3.90298948363464,TRUE,2,25,"vasculature development",NA,NA,NA,NA,NA,NA,NA
"GO:0001568","blood vessel development","25/186","360/11390",0.0694444444444444,4.25253882915173,8.07976449933529,8.57107914968983e-10,5.68905378560662e-07,4.59229398651802e-07,"ADAM8/ADM/ANXA2/ANXA3/ATP2B4/BCAM/EGR1/EGR3/EMILIN2/EPHA2/EPN2/F3/FASLG/GJA5/HK2/HSPG2/IL17F/IL1A/NR4A1/PDGFB/PTGS2/SERPINE1/SPHK1/STRA6/TGM2",25,"WT_heat_up","BP","no_iea",186,11390,360,4.25253882915173,FALSE,2,25,"vasculature development",NA,NA,NA,NA,NA,NA,NA
"GO:0006954","inflammatory response","29/186","485/11390",0.0597938144329897,3.6615674537191,7.71806141544124,1.13632558297889e-09,5.78302104301078e-07,4.66814583945682e-07,"ADAM8/ADM/ADORA2A/BCL6B/CAMK2N1/CCL20/CCL22/CCL3/CCL4/CD200/CD40LG/CLU/DAGLA/F3/HSPG2/IL1A/IL1RN/IL2/IL23A/IL9/PIK3AP1/PLA2G4C/PLK2/PTGER2/PTGS2/S1PR3/SERPINE1/SPHK1/TNFSF11",29,"WT_heat_up","BP","no_iea",186,11390,485,3.6615674537191,TRUE,3,19,"inflammatory response",NA,NA,NA,NA,NA,NA,NA
"GO:0048514","blood vessel morphogenesis","24/186","339/11390",0.0707964601769911,4.33533162051575,8.03250119726311,1.30689741084989e-09,5.78302104301078e-07,4.66814583945682e-07,"ADAM8/ADM/ANXA2/ANXA3/ATP2B4/BCAM/EGR3/EMILIN2/EPHA2/EPN2/F3/FASLG/GJA5/HK2/HSPG2/IL17F/IL1A/NR4A1/PDGFB/PTGS2/SERPINE1/SPHK1/STRA6/TGM2",24,"WT_heat_up","BP","no_iea",186,11390,339,4.33533162051575,FALSE,2,25,"vasculature development",NA,NA,NA,NA,NA,NA,NA
"GO:0035239","tube morphogenesis","26/186","413/11390",0.062953995157385,3.85508604754094,7.61491594602587,3.09953791337142e-09,1.17561045142873e-06,9.48971307011159e-07,"ADAM8/ADM/ANXA2/ANXA3/ATP2B4/BCAM/EGR3/EMILIN2/EPHA2/EPN2/F3/FASLG/GJA5/HK2/HSPG2/IL17F/IL1A/NR4A1/PAK1/PDGFB/PLXNB2/PTGS2/SERPINE1/SPHK1/STRA6/TGM2",26,"WT_heat_up","BP","no_iea",186,11390,413,3.85508604754094,FALSE,2,25,"vasculature development",NA,NA,NA,NA,NA,NA,NA
"GO:0001525","angiogenesis","22/186","311/11390",0.0707395498392283,4.33184662725167,7.67587039948078,6.83897540970375e-09,2.26968496409543e-06,1.83212551765221e-06,"ADAM8/ANXA2/ANXA3/ATP2B4/BCAM/EGR3/EMILIN2/EPHA2/EPN2/F3/FASLG/GJA5/HK2/HSPG2/IL17F/IL1A/NR4A1/PDGFB/PTGS2/SERPINE1/SPHK1/TGM2",22,"WT_heat_up","BP","no_iea",186,11390,311,4.33184662725167,FALSE,2,25,"vasculature development",NA,NA,NA,NA,NA,NA,NA
"GO:0001819","positive regulation of cytokine production","23/186","349/11390",0.0659025787965616,4.03564716393998,7.42117236634779,1.16284722171528e-08,3.43039930406009e-06,2.76907244843546e-06,"ADAM8/C3/CALCA/CCL3/CD200/CD40LG/CD80/CLU/CSF2/EGR1/F3/HSPA1A/IL17F/IL1A/IL2/IL23A/IL9/NR4A3/OAS3/PTGS2/SERPINE1/SPHK1/UAP1",23,"WT_heat_up","BP","no_iea",186,11390,349,4.03564716393998,TRUE,4,10,"positive regulation of cytokine production",NA,NA,NA,NA,NA,NA,NA
"GO:0006935","chemotaxis","19/186","264/11390",0.071969696969697,4.40717660475725,7.21671906324228,5.94740699749577e-08,1.43548777985011e-05,1.15874838726329e-05,"ADAM8/C3/CALCA/CCL20/CCL22/CCL3/CCL4/EGR3/EPHA2/F3/FOSL1/GPR183/HBEGF/NR4A1/PDGFB/PLAUR/SEMA4A/SERPINE1/TNFSF11",19,"WT_heat_up","BP","no_iea",186,11390,264,4.40717660475725,TRUE,5,2,"chemotaxis",NA,NA,NA,NA,NA,NA,NA
"GO:0042330","taxis","19/186","264/11390",0.071969696969697,4.40717660475725,7.21671906324228,5.94740699749577e-08,1.43548777985011e-05,1.15874838726329e-05,"ADAM8/C3/CALCA/CCL20/CCL22/CCL3/CCL4/EGR3/EPHA2/F3/FOSL1/GPR183/HBEGF/NR4A1/PDGFB/PLAUR/SEMA4A/SERPINE1/TNFSF11",19,"WT_heat_up","BP","no_iea",186,11390,264,4.40717660475725,FALSE,5,2,"chemotaxis",NA,NA,NA,NA,NA,NA,NA
"GO:0007186","G protein-coupled receptor signaling pathway","24/186","432/11390",0.0555555555555556,3.40203106332139,6.55794187868439,1.42681068656193e-07,3.15681864401827e-05,2.54823382266674e-05,"ADCY4/ADM/ADORA2A/ADORA2B/ANO1/APLP1/AREG/ATP2B4/AVPR1A/BICD1/C3/CALCA/CCL22/CCL3/CCL4/GAP43/GPR183/GRP/PLEK/PTGER2/RGS16/S1PR3/SERPINE1/TGM2",24,"WT_heat_up","BP","no_iea",186,11390,432,3.40203106332139,TRUE,6,23,"G protein-coupled receptor signaling pathway",NA,NA,NA,NA,NA,NA,NA
"GO:0030335","positive regulation of cell migration","22/186","371/11390",0.0592991913746631,3.63127843955598,6.63888871734445,1.61012551412907e-07,3.28837172308667e-05,2.65442554394071e-05,"ADAM8/ANXA3/CCL20/CCL22/CCL3/CCL4/CCN1/CLDN4/DAB2/EGFR/EPHA2/F3/FAM110C/HBEGF/LAMC2/NR4A3/PAK1/PDGFB/PTGS2/SEMA4A/SERPINE1/SPHK1",22,"WT_heat_up","BP","no_iea",186,11390,371,3.63127843955598,TRUE,7,18,"positive regulation of cell migration",NA,NA,NA,NA,NA,NA,NA
"GO:0050865","regulation of cell activation","23/186","405/11390",0.0567901234567901,3.47763175361742,6.54149415749111,1.79587014728292e-07,3.40573945788297e-05,2.74916663147972e-05,"ADAM8/CCL3/CD200/CD40LG/CD70/CD80/EMILIN2/GPR183/HAVCR1/HSPH1/IL1A/IL2/IL23A/INHBA/KLRC1/NR4A3/PDGFB/PLEK/SDC4/SPHK1/TNFSF11/TNFSF14/TNFSF9",23,"WT_heat_up","BP","no_iea",186,11390,405,3.47763175361742,TRUE,1,24,"positive regulation of cell population proliferation",NA,NA,NA,NA,NA,NA,NA
"GO:2000147","positive regulation of cell motility","22/186","383/11390",0.0574412532637076,3.51750470254639,6.45725463545888,2.79304045606748e-07,4.94368160723943e-05,3.9906178024936e-05,"ADAM8/ANXA3/CCL20/CCL22/CCL3/CCL4/CCN1/CLDN4/DAB2/EGFR/EPHA2/F3/FAM110C/HBEGF/LAMC2/NR4A3/PAK1/PDGFB/PTGS2/SEMA4A/SERPINE1/SPHK1",22,"WT_heat_up","BP","no_iea",186,11390,383,3.51750470254639,FALSE,7,18,"positive regulation of cell migration",NA,NA,NA,NA,NA,NA,NA
"GO:0040017","positive regulation of locomotion","22/186","388/11390",0.0567010309278351,3.47217603369915,6.38369534908678,3.48958188735831e-07,5.7905249443352e-05,4.67420310701416e-05,"ADAM8/ANXA3/CCL20/CCL22/CCL3/CCL4/CCN1/CLDN4/DAB2/EGFR/EPHA2/F3/FAM110C/HBEGF/LAMC2/NR4A3/PAK1/PDGFB/PTGS2/SEMA4A/SERPINE1/SPHK1",22,"WT_heat_up","BP","no_iea",186,11390,388,3.47217603369915,TRUE,8,10,"positive regulation of locomotion",NA,NA,NA,NA,NA,NA,NA
"GO:0060326","cell chemotaxis","15/186","191/11390",0.0785340314136126,4.80915385914541,6.84019204022213,5.17802614677462e-07,8.0868584821686e-05,6.52783977389049e-05,"ADAM8/C3/CALCA/CCL20/CCL22/CCL3/CCL4/EGR3/EPHA2/GPR183/HBEGF/NR4A1/PDGFB/SERPINE1/TNFSF11",15,"WT_heat_up","BP","no_iea",186,11390,191,4.80915385914541,TRUE,7,18,"positive regulation of cell migration",NA,NA,NA,NA,NA,NA,NA
"GO:2001236","regulation of extrinsic apoptotic signaling pathway","11/186","101/11390",0.108910891089109,6.66932822314489,7.37356087175334,7.26104139155909e-07,0.000107100360525497,8.64531010129492e-05,"ATF3/CD40LG/CSF2/FASLG/HSPA1A/IL1A/INHBA/LTA/SERPINE1/TNFSF11/TNFSF14",11,"WT_heat_up","BP","no_iea",186,11390,101,6.6693282231449,TRUE,6,23,"G protein-coupled receptor signaling pathway",NA,NA,NA,NA,NA,NA,NA
"GO:0050867","positive regulation of cell activation","17/186","253/11390",0.0671936758893281,4.11470950741638,6.45515117798051,8.0838126425225e-07,0.00011296064508367,9.11836151810294e-05,"ADAM8/CCL3/CD200/CD40LG/CD70/CD80/GPR183/HAVCR1/HSPH1/IL1A/IL2/IL23A/NR4A3/PLEK/TNFSF11/TNFSF14/TNFSF9",17,"WT_heat_up","BP","no_iea",186,11390,253,4.11470950741638,FALSE,1,24,"positive regulation of cell population proliferation",NA,NA,NA,NA,NA,NA,NA
"GO:0045765","regulation of angiogenesis","14/186","180/11390",0.0777777777777778,4.76284348864994,6.55635286591623,1.41283889618065e-06,0.000187554363467981,0.000151396841717042,"ANXA3/ATP2B4/EMILIN2/EPHA2/EPN2/F3/FASLG/HK2/HSPG2/IL17F/IL1A/SERPINE1/SPHK1/TGM2",14,"WT_heat_up","BP","no_iea",186,11390,180,4.76284348864994,FALSE,2,25,"vasculature development",NA,NA,NA,NA,NA,NA,NA
"GO:1901342","regulation of vasculature development","14/186","184/11390",0.0760869565217391,4.65930341280972,6.44755034035941,1.83667003753609e-06,0.000227131199104694,0.000183343887948124,"ANXA3/ATP2B4/EMILIN2/EPHA2/EPN2/F3/FASLG/HK2/HSPG2/IL17F/IL1A/SERPINE1/SPHK1/TGM2",14,"WT_heat_up","BP","no_iea",186,11390,184,4.65930341280972,FALSE,2,25,"vasculature development",NA,NA,NA,NA,NA,NA,NA
"GO:2001238","positive regulation of extrinsic apoptotic signaling pathway","7/186","37/11390",0.189189189189189,11.5852949723917,8.30923853053414,1.88206643325923e-06,0.000227131199104694,0.000183343887948124,"ATF3/CD40LG/FASLG/INHBA/LTA/TNFSF11/TNFSF14",7,"WT_heat_up","BP","no_iea",186,11390,37,11.5852949723917,FALSE,6,23,"G protein-coupled receptor signaling pathway",NA,NA,NA,NA,NA,NA,NA
"GO:0002696","positive regulation of leukocyte activation","16/186","241/11390",0.0663900414937759,4.06549770222639,6.19732507120953,2.0239652677325e-06,0.000233635990688252,0.000188594658357134,"ADAM8/CCL3/CD200/CD40LG/CD70/CD80/GPR183/HAVCR1/HSPH1/IL1A/IL2/IL23A/NR4A3/TNFSF11/TNFSF14/TNFSF9",16,"WT_heat_up","BP","no_iea",186,11390,241,4.06549770222639,FALSE,1,24,"positive regulation of cell population proliferation",NA,NA,NA,NA,NA,NA,NA
"GO:0002694","regulation of leukocyte activation","20/186","366/11390",0.0546448087431694,3.34626006228333,5.87840910220841,2.18774229424172e-06,0.000242018991300491,0.00019536154873141,"ADAM8/CCL3/CD200/CD40LG/CD70/CD80/GPR183/HAVCR1/HSPH1/IL1A/IL2/IL23A/INHBA/KLRC1/NR4A3/SDC4/SPHK1/TNFSF11/TNFSF14/TNFSF9",20,"WT_heat_up","BP","no_iea",186,11390,366,3.34626006228333,FALSE,1,24,"positive regulation of cell population proliferation",NA,NA,NA,NA,NA,NA,NA
"GO:0045597","positive regulation of cell differentiation","23/186","475/11390",0.0484210526315789,2.96513865308432,5.63690676156446,2.8714641803535e-06,0.000304949495953541,0.000246160045103146,"ADAM8/CALCA/CCN1/CD80/CSF2/CTH/DAB2/EGR2/GDF6/HSPA1A/IL2/IL23A/INHBA/PLXNB2/PTGS2/SERPINE1/SP7/TGM2/TNFSF11/TNFSF9/TP73/WNT3/YAP1",23,"WT_heat_up","BP","no_iea",186,11390,475,2.96513865308432,TRUE,9,15,"positive regulation of cell differentiation",NA,NA,NA,NA,NA,NA,NA
"GO:0045744","negative regulation of G protein-coupled receptor signaling pathway","7/186","42/11390",0.166666666666667,10.2060931899642,7.70110539283317,4.60326892108412e-06,0.000461093455639095,0.000372201913244602,"ADM/APLP1/ATP2B4/BICD1/CALCA/PLEK/SERPINE1",7,"WT_heat_up","BP","no_iea",186,11390,42,10.2060931899642,FALSE,6,23,"G protein-coupled receptor signaling pathway",NA,NA,NA,NA,NA,NA,NA
"GO:0008277","regulation of G protein-coupled receptor signaling pathway","10/186","99/11390",0.101010101010101,6.1855110242207,6.67660485629042,4.68908598955012e-06,0.000461093455639095,0.000372201913244602,"ADM/APLP1/ATP2B4/BICD1/C3/CALCA/GRP/PLEK/RGS16/SERPINE1",10,"WT_heat_up","BP","no_iea",186,11390,99,6.1855110242207,FALSE,6,23,"G protein-coupled receptor signaling pathway",NA,NA,NA,NA,NA,NA,NA
"GO:0070661","leukocyte proliferation","13/186","175/11390",0.0742857142857143,4.54900153609831,6.09590641732798,5.64735628797814e-06,0.000518008756450979,0.000418144842158467,"CD40LG/CD70/CD80/CLU/CSF2/GPR183/IL1A/IL2/IL23A/NPR3/SDC4/TNFSF14/TNFSF9",13,"WT_heat_up","BP","no_iea",186,11390,175,4.54900153609831,TRUE,1,24,"positive regulation of cell population proliferation",NA,NA,NA,NA,NA,NA,NA
"GO:0060429","epithelium development","22/186","459/11390",0.0479302832244009,2.93508562325767,5.45241997883463,5.65809941132896e-06,0.000518008756450979,0.000418144842158467,"ALDH1A2/CLDN4/DAB2/EPHA2/INHBA/IRF6/KDM6B/OPHN1/PAK1/PDGFB/PLXNB2/RIPK4/S1PR3/SERPINE1/SPINT1/SPRY1/STRA6/TGM1/TMEFF2/TP73/WNT3/YAP1",22,"WT_heat_up","BP","no_iea",186,11390,459,2.93508562325767,TRUE,2,25,"vasculature development",NA,NA,NA,NA,NA,NA,NA
"GO:0097191","extrinsic apoptotic signaling pathway","12/186","152/11390",0.0789473684210526,4.83446519524618,6.13189625862446,7.00854003995438e-06,0.000620255793535963,0.000500680263906916,"ATF3/CD40LG/CD70/CSF2/FASLG/HSPA1A/IL1A/INHBA/LTA/SERPINE1/TNFSF11/TNFSF14",12,"WT_heat_up","BP","no_iea",186,11390,152,4.83446519524618,FALSE,6,23,"G protein-coupled receptor signaling pathway",NA,NA,NA,NA,NA,NA,NA
"GO:0006897","endocytosis","21/186","432/11390",0.0486111111111111,2.97677718040621,5.39692848030377,7.55638581840656e-06,0.000647167882189336,0.000522404126528888,"ADM/ADORA2A/ANXA2/ANXA3/BICD1/C3/CALCA/CLU/DAB2/EHD2/EPN2/HAVCR1/HSPG2/MST1R/OPHN1/PAK1/PLXNB2/RAB34/SERPINE1/SPHK1/TGM2",21,"WT_heat_up","BP","no_iea",186,11390,432,2.97677718040621,TRUE,10,16,"endocytosis",NA,NA,NA,NA,NA,NA,NA
"GO:0030316","osteoclast differentiation","8/186","64/11390",0.125,7.65456989247312,6.87835232539145,8.81616122489856e-06,0.000731465876628302,0.000590450797825443,"ANXA2/CALCA/CCL3/EPHA2/GPR183/IL23A/TNFRSF11B/TNFSF11",8,"WT_heat_up","BP","no_iea",186,11390,64,7.65456989247312,TRUE,9,15,"positive regulation of cell differentiation",NA,NA,NA,NA,NA,NA,NA
"GO:0071674","mononuclear cell migration","11/186","135/11390",0.0814814814814815,4.98964555953803,6.00815554703504,1.26368884583436e-05,0.00101669511687583,0.000820692341345696,"ADAM8/ASB2/CALCA/CCL20/CCL3/CCL4/CD200/GPR183/PDGFB/SERPINE1/TNFSF11",11,"WT_heat_up","BP","no_iea",186,11390,135,4.98964555953803,TRUE,7,18,"positive regulation of cell migration",NA,NA,NA,NA,NA,NA,NA
"GO:0022409","positive regulation of cell-cell adhesion","14/186","219/11390",0.0639269406392694,3.91466588108214,5.61148139302879,1.3883422155467e-05,0.00104767500794163,0.000845699798263121,"ADAM8/CD40LG/CD70/CD80/EMILIN2/HSPH1/IL1A/IL2/IL23A/NR4A3/PLAUR/TNFSF11/TNFSF14/TNFSF9",14,"WT_heat_up","BP","no_iea",186,11390,219,3.91466588108214,TRUE,11,7,"positive regulation of cell-cell adhesion",NA,NA,NA,NA,NA,NA,NA
"GO:0050679","positive regulation of epithelial cell proliferation","9/186","89/11390",0.101123595505618,6.19246103660747,6.33610740836901,1.40539224354891e-05,0.00104767500794163,0.000845699798263121,"AREG/EGFR/EGR3/F3/NR4A1/NR4A3/PDGFB/TGM1/YAP1",9,"WT_heat_up","BP","no_iea",186,11390,89,6.19246103660747,FALSE,1,24,"positive regulation of cell population proliferation",NA,NA,NA,NA,NA,NA,NA
"GO:0019221","cytokine-mediated signaling pathway","18/186","346/11390",0.0520231213872832,3.18571694946858,5.31963076495395,1.42057628195475e-05,0.00104767500794163,0.000845699798263121,"CCL22/CCL3/CCL4/CSF2/EGR1/F3/GFI1/HSPA1A/IL17F/IL1A/IL1RN/IL2/IL3/IL9/OAS3/PDGFB/SPHK1/TNFSF11",18,"WT_heat_up","BP","no_iea",186,11390,346,3.18571694946858,TRUE,12,5,"cytokine-mediated signaling pathway",NA,NA,NA,NA,NA,NA,NA
"GO:0050900","leukocyte migration","14/186","223/11390",0.062780269058296,3.84444765899995,5.52706839276828,1.70299063660419e-05,0.00122201084869841,0.000986426439865187,"ADAM8/ASB2/C3/CALCA/CCL20/CCL22/CCL3/CCL4/CD200/GPR183/ITGA3/PDGFB/SERPINE1/TNFSF11",14,"WT_heat_up","BP","no_iea",186,11390,223,3.84444765899995,FALSE,7,18,"positive regulation of cell migration",NA,NA,NA,NA,NA,NA,NA
"GO:0048260","positive regulation of receptor-mediated endocytosis","6/186","35/11390",0.171428571428571,10.4976958525346,7.25055797249517,1.91496755497436e-05,0.00133795759433077,0.00108002048252848,"ANXA2/BICD1/C3/CLU/DAB2/SERPINE1",6,"WT_heat_up","BP","no_iea",186,11390,35,10.4976958525346,TRUE,10,16,"endocytosis",NA,NA,NA,NA,NA,NA,NA
"GO:0002573","myeloid leukocyte differentiation","11/186","142/11390",0.0774647887323944,4.74367711646221,5.78385799504591,2.03872098828052e-05,0.00138789851894481,0.00112033358492284,"ANXA2/BATF3/CALCA/CCL3/CSF2/EPHA2/GPR183/IL23A/INHBA/TNFRSF11B/TNFSF11",11,"WT_heat_up","BP","no_iea",186,11390,142,4.74367711646221,FALSE,9,15,"positive regulation of cell differentiation",NA,NA,NA,NA,NA,NA,NA
"GO:0070665","positive regulation of leukocyte proliferation","9/186","94/11390",0.0957446808510638,5.86307481125601,6.09993565731195,2.19278377028095e-05,0.00145546022752398,0.00117487046218211,"CD40LG/CD70/CD80/CSF2/GPR183/IL1A/IL2/IL23A/TNFSF9",9,"WT_heat_up","BP","no_iea",186,11390,94,5.86307481125601,FALSE,1,24,"positive regulation of cell population proliferation",NA,NA,NA,NA,NA,NA,NA
"GO:0022407","regulation of cell-cell adhesion","17/186","325/11390",0.0523076923076923,3.20314309346567,5.19184113733386,2.31791754851505e-05,0.00150099294909938,0.00121162519352417,"ADAM8/CD40LG/CD70/CD80/EMILIN2/EPCAM/HSPH1/IL1A/IL1RN/IL2/IL23A/NR4A3/PLAUR/SDC4/TNFSF11/TNFSF14/TNFSF9",17,"WT_heat_up","BP","no_iea",186,11390,325,3.20314309346567,FALSE,11,7,"positive regulation of cell-cell adhesion",NA,NA,NA,NA,NA,NA,NA
"GO:2001233","regulation of apoptotic signaling pathway","14/186","232/11390",0.0603448275862069,3.69530960326288,5.34407065124421,2.65059650810009e-05,0.00167555564976327,0.001352534960023,"ATF3/CD40LG/CLU/CSF2/FASLG/HSPA1A/IL1A/INHBA/LTA/NR4A2/PLAUR/SERPINE1/TNFSF11/TNFSF14",14,"WT_heat_up","BP","no_iea",186,11390,232,3.69530960326288,FALSE,6,23,"G protein-coupled receptor signaling pathway",NA,NA,NA,NA,NA,NA,NA
"GO:0006959","humoral immune response","10/186","122/11390",0.0819672131147541,5.019390093425,5.75081467705562,3.00042331322423e-05,0.00185258695270008,0.00149543742123,"ADM/C3/CALCA/CCL20/CCL22/CCL3/CCL4/CD83/CLU/GPR183",10,"WT_heat_up","BP","no_iea",186,11390,122,5.019390093425,TRUE,13,5,"humoral immune response",NA,NA,NA,NA,NA,NA,NA
"GO:0072677","eosinophil migration","4/186","12/11390",0.333333333333333,20.4121863799283,8.66851747891594,3.07646115102659e-05,0.00185636462635809,0.00149848681901678,"ADAM8/CCL22/CCL3/CCL4",4,"WT_heat_up","BP","no_iea",186,11390,12,20.4121863799283,FALSE,7,18,"positive regulation of cell migration",NA,NA,NA,NA,NA,NA,NA
"GO:0007159","leukocyte cell-cell adhesion","15/186","275/11390",0.0545454545454545,3.34017595307918,5.06142544742542,4.4208492895581e-05,0.00260830108083928,0.00210546179030182,"ADAM8/CALCA/CD40LG/CD70/CD80/HSPH1/IL1A/IL2/IL23A/NR4A3/OLR1/SDC4/TNFSF11/TNFSF14/TNFSF9",15,"WT_heat_up","BP","no_iea",186,11390,275,3.34017595307918,TRUE,11,7,"positive regulation of cell-cell adhesion",NA,NA,NA,NA,NA,NA,NA
"GO:0007189","adenylate cyclase-activating G protein-coupled receptor signaling pathway","9/186","103/11390",0.087378640776699,5.35076730347635,5.71489064362511,4.5615349749512e-05,0.00263279899097727,0.0021252368899315,"ADCY4/ADM/ADORA2A/ADORA2B/APLP1/ATP2B4/CALCA/PTGER2/S1PR3",9,"WT_heat_up","BP","no_iea",186,11390,103,5.35076730347635,FALSE,6,23,"G protein-coupled receptor signaling pathway",NA,NA,NA,NA,NA,NA,NA
"GO:0050671","positive regulation of lymphocyte proliferation","8/186","81/11390",0.0987654320987654,6.04805522368246,5.87445015550864,5.05852912361921e-05,0.00278725213476685,0.00224991390480139,"CD40LG/CD70/CD80/GPR183/IL1A/IL2/IL23A/TNFSF9",8,"WT_heat_up","BP","no_iea",186,11390,81,6.04805522368246,FALSE,1,24,"positive regulation of cell population proliferation",NA,NA,NA,NA,NA,NA,NA
"GO:2001235","positive regulation of apoptotic signaling pathway","8/186","81/11390",0.0987654320987654,6.04805522368246,5.87445015550864,5.05852912361921e-05,0.00278725213476685,0.00224991390480139,"ATF3/CD40LG/CLU/FASLG/INHBA/LTA/TNFSF11/TNFSF14",8,"WT_heat_up","BP","no_iea",186,11390,81,6.04805522368246,FALSE,6,23,"G protein-coupled receptor signaling pathway",NA,NA,NA,NA,NA,NA,NA
"GO:0042102","positive regulation of T cell proliferation","7/186","60/11390",0.116666666666667,7.14426523297491,6.14813427114601,5.14408115267706e-05,0.00278725213476685,0.00224991390480139,"CD40LG/CD70/CD80/IL1A/IL2/IL23A/TNFSF9",7,"WT_heat_up","BP","no_iea",186,11390,60,7.14426523297491,TRUE,1,24,"positive regulation of cell population proliferation",NA,NA,NA,NA,NA,NA,NA
"GO:0002521","leukocyte differentiation","18/186","383/11390",0.0469973890339426,2.8779583929925,4.81685516856598,5.45641289796854e-05,0.00287787939612363,0.00232306966022706,"ADAM8/ANXA2/BATF3/CALCA/CCL3/CD80/CSF2/EOMES/EPHA2/GPR183/IL1A/IL2/IL23A/INHBA/KLRC1/TNFRSF11B/TNFSF11/TNFSF9",18,"WT_heat_up","BP","no_iea",186,11390,383,2.8779583929925,FALSE,9,15,"positive regulation of cell differentiation",NA,NA,NA,NA,NA,NA,NA
"GO:0032946","positive regulation of mononuclear cell proliferation","8/186","82/11390",0.0975609756097561,5.97429845266195,5.82449911641309,5.52812991345782e-05,0.00287787939612363,0.00232306966022706,"CD40LG/CD70/CD80/GPR183/IL1A/IL2/IL23A/TNFSF9",8,"WT_heat_up","BP","no_iea",186,11390,82,5.97429845266195,FALSE,1,24,"positive regulation of cell population proliferation",NA,NA,NA,NA,NA,NA,NA
"GO:0050818","regulation of coagulation","6/186","43/11390",0.13953488372093,8.54463615903976,6.38623241138465,6.45377835307295e-05,0.00314289091725998,0.00253699114185403,"EMILIN2/F3/PDGFB/PLAUR/PROCR/SERPINE1",6,"WT_heat_up","BP","no_iea",186,11390,43,8.54463615903976,TRUE,14,13,"regulation of coagulation",NA,NA,NA,NA,NA,NA,NA
"GO:0045785","positive regulation of cell adhesion","16/186","318/11390",0.050314465408805,3.08108473659295,4.84956744812133,6.4699528368486e-05,0.00314289091725998,0.00253699114185403,"ADAM8/CD40LG/CD70/CD80/EMILIN2/HSPH1/IL1A/IL2/IL23A/NR4A3/PDGFB/PLAUR/TGM2/TNFSF11/TNFSF14/TNFSF9",16,"WT_heat_up","BP","no_iea",186,11390,318,3.08108473659295,FALSE,11,7,"positive regulation of cell-cell adhesion",NA,NA,NA,NA,NA,NA,NA
"GO:1903039","positive regulation of leukocyte cell-cell adhesion","12/186","190/11390",0.0631578947368421,3.86757215619694,5.13564342509085,6.51902109800491e-05,0.00314289091725998,0.00253699114185403,"ADAM8/CD40LG/CD70/CD80/HSPH1/IL1A/IL2/IL23A/NR4A3/TNFSF11/TNFSF14/TNFSF9",12,"WT_heat_up","BP","no_iea",186,11390,190,3.86757215619694,FALSE,11,7,"positive regulation of cell-cell adhesion",NA,NA,NA,NA,NA,NA,NA
"GO:0050727","regulation of inflammatory response","14/186","252/11390",0.0555555555555556,3.40203106332139,4.96807337641821,6.55625296297893e-05,0.00314289091725998,0.00253699114185403,"ADAM8/BCL6B/CAMK2N1/CCL3/CD200/DAGLA/IL2/IL23A/PIK3AP1/PLK2/PTGS2/SERPINE1/SPHK1/TNFSF11",14,"WT_heat_up","BP","no_iea",186,11390,252,3.40203106332139,TRUE,3,19,"inflammatory response",NA,NA,NA,NA,NA,NA,NA
"GO:0042098","T cell proliferation","9/186","108/11390",0.0833333333333333,5.10304659498208,5.51998626980512,6.629073121151e-05,0.00314289091725998,0.00253699114185403,"CD40LG/CD70/CD80/IL1A/IL2/IL23A/SDC4/TNFSF14/TNFSF9",9,"WT_heat_up","BP","no_iea",186,11390,108,5.10304659498208,TRUE,15,9,"T cell proliferation",NA,NA,NA,NA,NA,NA,NA
"GO:0007200","phospholipase C-activating G protein-coupled receptor signaling pathway","7/186","64/11390",0.109375,6.69774865591398,5.88935473669461,7.83202402687504e-05,0.00364807434936022,0.00294478317981858,"ANO1/BICD1/CALCA/GAP43/GRP/PLEK/TGM2",7,"WT_heat_up","BP","no_iea",186,11390,64,6.69774865591398,FALSE,6,23,"G protein-coupled receptor signaling pathway",NA,NA,NA,NA,NA,NA,NA
"GO:0002274","myeloid leukocyte activation","10/186","137/11390",0.072992700729927,4.4698218350208,5.26436530577576,8.08395875720891e-05,0.00370050181041201,0.00298710345366195,"ANXA3/BATF3/CCL3/CD200/CLU/CSF2/GRP/HAVCR1/NR4A3/SPHK1",10,"WT_heat_up","BP","no_iea",186,11390,137,4.4698218350208,TRUE,15,9,"T cell proliferation",NA,NA,NA,NA,NA,NA,NA
"GO:0030595","leukocyte chemotaxis","10/186","139/11390",0.0719424460431655,4.40550785178309,5.20482871840383,9.13084678331825e-05,0.00409074511495022,0.00330211400695357,"ADAM8/C3/CALCA/CCL22/CCL3/CCL4/GPR183/PDGFB/SERPINE1/TNFSF11",10,"WT_heat_up","BP","no_iea",186,11390,139,4.40550785178309,FALSE,7,18,"positive regulation of cell migration",NA,NA,NA,NA,NA,NA,NA
"GO:0022603","regulation of anatomical structure morphogenesis","20/186","474/11390",0.0421940928270042,2.58382106075042,4.53812275770335,9.36435226890565e-05,0.00409074511495022,0.00330211400695357,"ANXA3/ATP2B4/CCL3/CLDN4/CPNE6/EMILIN2/EPHA2/EPN2/F3/FASLG/HK2/HSPG2/IL17F/IL1A/PAK1/PLXNB2/SERPINE1/SPHK1/TANC2/TGM2",20,"WT_heat_up","BP","no_iea",186,11390,474,2.58382106075042,TRUE,2,25,"vasculature development",NA,NA,NA,NA,NA,NA,NA
"GO:0034103","regulation of tissue remodeling","6/186","46/11390",0.130434782608696,7.98737727910238,6.11818660393495,9.52146325164883e-05,0.00409074511495022,0.00330211400695357,"ADAM8/CALCA/IL2/IL23A/SPP1/TNFSF11",6,"WT_heat_up","BP","no_iea",186,11390,46,7.98737727910238,TRUE,14,13,"regulation of coagulation",NA,NA,NA,NA,NA,NA,NA
"GO:0048259","regulation of receptor-mediated endocytosis","7/186","66/11390",0.106060606060606,6.49478657543174,5.76813723414177,9.55277578632443e-05,0.00409074511495022,0.00330211400695357,"ANXA2/BICD1/C3/CLU/DAB2/OPHN1/SERPINE1",7,"WT_heat_up","BP","no_iea",186,11390,66,6.49478657543174,FALSE,10,16,"endocytosis",NA,NA,NA,NA,NA,NA,NA
"GO:0097190","apoptotic signaling pathway","18/186","403/11390",0.0446650124069479,2.73513167373729,4.5693888430537,0.000104689449210342,0.00441191250243585,0.00356136539001265,"ATF3/CD40LG/CD70/CDKN1A/CLU/CSF2/EPHA2/FASLG/HSPA1A/IL1A/INHBA/LTA/NR4A2/PLAUR/SERPINE1/TNFSF11/TNFSF14/TP73",18,"WT_heat_up","BP","no_iea",186,11390,403,2.73513167373729,FALSE,6,23,"G protein-coupled receptor signaling pathway",NA,NA,NA,NA,NA,NA,NA
"GO:0033993","response to lipid","18/186","405/11390",0.0444444444444444,2.72162485065711,4.54546923105991,0.000111444993912099,0.00462322591932223,0.00373194091455647,"ALDH1A2/CCL3/CD200/CD80/DAB2/EGFR/GFI1/HSPA1A/IL1A/IL1RN/ILDR1/NR4A1/PAK1/PTGER2/SERPINE1/SPP1/WNT3/YAP1",18,"WT_heat_up","BP","no_iea",186,11390,405,2.72162485065711,TRUE,12,5,"cytokine-mediated signaling pathway",NA,NA,NA,NA,NA,NA,NA
"GO:0008217","regulation of blood pressure","7/186","68/11390",0.102941176470588,6.30376344086022,5.65183851913193,0.000115695085175802,0.00472569924833467,0.00381465900271955,"ADM/AVPR1A/CALCA/EMILIN2/NPR3/PDGFB/PTGS2",7,"WT_heat_up","BP","no_iea",186,11390,68,6.30376344086022,TRUE,16,6,"regulation of blood pressure",NA,NA,NA,NA,NA,NA,NA
"GO:0050870","positive regulation of T cell activation","11/186","172/11390",0.063953488372093,3.91629157289322,4.96535343384554,0.000117964593466935,0.00474539387355626,0.00383055681497097,"ADAM8/CD40LG/CD70/CD80/HSPH1/IL1A/IL2/IL23A/TNFSF11/TNFSF14/TNFSF9",11,"WT_heat_up","BP","no_iea",186,11390,172,3.91629157289322,FALSE,1,24,"positive regulation of cell population proliferation",NA,NA,NA,NA,NA,NA,NA
"GO:0060284","regulation of cell development","19/186","448/11390",0.0424107142857143,2.59708621351767,4.44356698159519,0.000132180459818772,0.00523789732565434,0.00422811337299326,"ADAM8/ANXA2/CALCA/CCL3/CD80/EGR2/HSPA1A/IL2/IL23A/INHBA/NPPC/PLXNB2/S1PR3/TGM2/TNFRSF11B/TNFSF11/TNFSF9/WNT3/YAP1",19,"WT_heat_up","BP","no_iea",186,11390,448,2.59708621351767,FALSE,9,15,"positive regulation of cell differentiation",NA,NA,NA,NA,NA,NA,NA
"GO:0061844","antimicrobial humoral immune response mediated by antimicrobial peptide","6/186","49/11390",0.122448979591837,7.49835418038183,5.87338488635302,0.000136497651977709,0.00525219226088141,0.00423965247027636,"ADM/CALCA/CCL20/CCL22/CCL3/CCL4",6,"WT_heat_up","BP","no_iea",186,11390,49,7.49835418038183,TRUE,13,5,"humoral immune response",NA,NA,NA,NA,NA,NA,NA
"GO:0150076","neuroinflammatory response","6/186","49/11390",0.122448979591837,7.49835418038183,5.87338488635302,0.000136497651977709,0.00525219226088141,0.00423965247027636,"CCL3/CD200/CLU/DAGLA/PTGS2/SPHK1",6,"WT_heat_up","BP","no_iea",186,11390,49,7.49835418038183,FALSE,3,19,"inflammatory response",NA,NA,NA,NA,NA,NA,NA
"GO:0008015","blood circulation","13/186","238/11390",0.0546218487394958,3.34485407066052,4.71021397581487,0.00014217634240931,0.00539254555852456,0.00435294786684746,"ADM/ADORA2A/ADORA2B/ATP2B4/AVPR1A/CALCA/EMILIN2/GJA5/NPR3/OLR1/PDGFB/PTGS2/SCN9A",13,"WT_heat_up","BP","no_iea",186,11390,238,3.34485407066052,TRUE,16,6,"regulation of blood pressure",NA,NA,NA,NA,NA,NA,NA
"GO:0045766","positive regulation of angiogenesis","8/186","94/11390",0.0851063829787234,5.21162205444978,5.28279422837511,0.000146185397822526,0.00546651029885642,0.00441265337237454,"ANXA3/EMILIN2/F3/HK2/IL1A/SERPINE1/SPHK1/TGM2",8,"WT_heat_up","BP","no_iea",186,11390,94,5.21162205444978,FALSE,2,25,"vasculature development",NA,NA,NA,NA,NA,NA,NA
"GO:0071345","cellular response to cytokine stimulus","19/186","452/11390",0.0420353982300885,2.57410314968123,4.39993402319845,0.000148340537623778,0.00547005732487681,0.00441551658774871,"CCL22/CCL3/CCL4/CD200/CSF2/EGR1/F3/GFI1/HSPA1A/IL17F/IL1A/IL1RN/IL2/IL3/IL9/OAS3/PDGFB/SPHK1/TNFSF11",19,"WT_heat_up","BP","no_iea",186,11390,452,2.57410314968123,TRUE,12,5,"cytokine-mediated signaling pathway",NA,NA,NA,NA,NA,NA,NA
"GO:0006898","receptor-mediated endocytosis","11/186","177/11390",0.0621468926553672,3.80566186744426,4.84700837567508,0.00015209050737887,0.00548354803167216,0.00442640649915136,"ADM/ANXA2/BICD1/C3/CALCA/CLU/DAB2/HSPG2/OPHN1/PLXNB2/SERPINE1",11,"WT_heat_up","BP","no_iea",186,11390,177,3.80566186744426,FALSE,10,16,"endocytosis",NA,NA,NA,NA,NA,NA,NA
"GO:0070663","regulation of leukocyte proliferation","10/186","148/11390",0.0675675675675676,4.13760534728277,4.95016986732064,0.000153822558731182,0.00548354803167216,0.00442640649915136,"CD40LG/CD70/CD80/CSF2/GPR183/IL1A/IL2/IL23A/SDC4/TNFSF9",10,"WT_heat_up","BP","no_iea",186,11390,148,4.13760534728277,FALSE,1,24,"positive regulation of cell population proliferation",NA,NA,NA,NA,NA,NA,NA
"GO:0002548","monocyte chemotaxis","5/186","32/11390",0.15625,9.5682123655914,6.25355534194659,0.0001549024867704,0.00548354803167216,0.00442640649915136,"CALCA/CCL3/PDGFB/SERPINE1/TNFSF11",5,"WT_heat_up","BP","no_iea",186,11390,32,9.5682123655914,FALSE,7,18,"positive regulation of cell migration",NA,NA,NA,NA,NA,NA,NA
"GO:0048771","tissue remodeling","7/186","72/11390",0.0972222222222222,5.95355436081242,5.43264160487775,0.000166420213552499,0.00581375877607743,0.00469295782261618,"ADAM8/CALCA/EPHA2/IL2/IL23A/SPP1/TNFSF11",7,"WT_heat_up","BP","no_iea",186,11390,72,5.95355436081243,TRUE,14,13,"regulation of coagulation",NA,NA,NA,NA,NA,NA,NA
"GO:1903532","positive regulation of secretion by cell","10/186","151/11390",0.0662251655629139,4.05540126753543,4.86973816738787,0.000181392493400182,0.006118812561738,0.00493920205201648,"ADAM8/ANXA2/GRP/IL1A/ILDR1/INHBA/SDC1/SDC4/SPP1/TNFSF11",10,"WT_heat_up","BP","no_iea",186,11390,151,4.05540126753543,TRUE,10,16,"endocytosis",NA,NA,NA,NA,NA,NA,NA
"GO:0042129","regulation of T cell proliferation","8/186","97/11390",0.0824742268041237,5.05043786719876,5.16173727910425,0.000182066362477326,0.006118812561738,0.00493920205201648,"CD40LG/CD70/CD80/IL1A/IL2/IL23A/SDC4/TNFSF9",8,"WT_heat_up","BP","no_iea",186,11390,97,5.05043786719876,FALSE,1,24,"positive regulation of cell population proliferation",NA,NA,NA,NA,NA,NA,NA
"GO:1904018","positive regulation of vasculature development","8/186","97/11390",0.0824742268041237,5.05043786719876,5.16173727910425,0.000182066362477326,0.006118812561738,0.00493920205201648,"ANXA3/EMILIN2/F3/HK2/IL1A/SERPINE1/SPHK1/TGM2",8,"WT_heat_up","BP","no_iea",186,11390,97,5.05043786719876,FALSE,2,25,"vasculature development",NA,NA,NA,NA,NA,NA,NA
"GO:0046651","lymphocyte proliferation","10/186","152/11390",0.0657894736842105,4.02872099603848,4.84338806023075,0.000191459913655071,0.00635407588442766,0.00512911031844374,"CD40LG/CD70/CD80/GPR183/IL1A/IL2/IL23A/SDC4/TNFSF14/TNFSF9",10,"WT_heat_up","BP","no_iea",186,11390,152,4.02872099603848,FALSE,15,9,"T cell proliferation",NA,NA,NA,NA,NA,NA,NA
"GO:0032943","mononuclear cell proliferation","10/186","153/11390",0.065359477124183,4.00238948626045,4.8172620757832,0.000201993357275217,0.00662089337735434,0.0053444896089973,"CD40LG/CD70/CD80/GPR183/IL1A/IL2/IL23A/SDC4/TNFSF14/TNFSF9",10,"WT_heat_up","BP","no_iea",186,11390,153,4.00238948626045,FALSE,1,24,"positive regulation of cell population proliferation",NA,NA,NA,NA,NA,NA,NA
"GO:1903037","regulation of leukocyte cell-cell adhesion","13/186","247/11390",0.0526315789473684,3.22297679683079,4.55087660000823,0.000205268478260735,0.00664619280222258,0.00536491170396479,"ADAM8/CD40LG/CD70/CD80/HSPH1/IL1A/IL2/IL23A/NR4A3/SDC4/TNFSF11/TNFSF14/TNFSF9",13,"WT_heat_up","BP","no_iea",186,11390,247,3.22297679683079,FALSE,11,7,"positive regulation of cell-cell adhesion",NA,NA,NA,NA,NA,NA,NA
"GO:0150077","regulation of neuroinflammatory response","5/186","34/11390",0.147058823529412,9.00537634408602,6.02311615602811,0.000208456231788955,0.00666808789638163,0.00538258576946496,"CCL3/CD200/DAGLA/PTGS2/SPHK1",5,"WT_heat_up","BP","no_iea",186,11390,34,9.00537634408602,FALSE,3,19,"inflammatory response",NA,NA,NA,NA,NA,NA,NA
"GO:0044057","regulation of system process","13/186","248/11390",0.0524193548387097,3.20998092265002,4.53362408222962,0.000213573606989061,0.00669796393392907,0.00540670217840404,"ADM/ATP2B4/AVPR1A/CCL3/EGR2/GJA5/GRP/INHBA/NPR3/NR4A3/PDGFB/SPHK1/SPP1",13,"WT_heat_up","BP","no_iea",186,11390,248,3.20998092265002,TRUE,14,13,"regulation of coagulation",NA,NA,NA,NA,NA,NA,NA
"GO:1903557","positive regulation of tumor necrosis factor superfamily cytokine production","7/186","75/11390",0.0933333333333333,5.71541218637993,5.27880637611388,0.000215198961401561,0.00669796393392907,0.00540670217840404,"ADAM8/CCL3/CLU/IL17F/IL1A/IL23A/OAS3",7,"WT_heat_up","BP","no_iea",186,11390,75,5.71541218637993,FALSE,4,10,"positive regulation of cytokine production",NA,NA,NA,NA,NA,NA,NA
"GO:0009187","cyclic nucleotide metabolic process","4/186","19/11390",0.210526315789474,12.8919071873231,6.68408093915461,0.000220247047952934,0.00669796393392907,0.00540670217840404,"ADCY4/EPHA2/NPPC/NPR3",4,"WT_heat_up","BP","no_iea",186,11390,19,12.8919071873231,FALSE,17,9,"cyclic nucleotide metabolic process",NA,NA,NA,NA,NA,NA,NA
"GO:0052652","cyclic purine nucleotide metabolic process","4/186","19/11390",0.210526315789474,12.8919071873231,6.68408093915461,0.000220247047952934,0.00669796393392907,0.00540670217840404,"ADCY4/EPHA2/NPPC/NPR3",4,"WT_heat_up","BP","no_iea",186,11390,19,12.8919071873231,TRUE,17,9,"cyclic nucleotide metabolic process",NA,NA,NA,NA,NA,NA,NA
"GO:0050878","regulation of body fluid levels","11/186","185/11390",0.0594594594594595,3.64109270560883,4.6663391268898,0.000224062507644947,0.00669796393392907,0.00540670217840404,"ADM/ADORA2A/ANO1/CD40LG/EMILIN2/F3/NPR3/PDGFB/PLAUR/PLEK/SERPINE1",11,"WT_heat_up","BP","no_iea",186,11390,185,3.64109270560883,TRUE,8,10,"positive regulation of locomotion",NA,NA,NA,NA,NA,NA,NA
"GO:0007610","behavior","10/186","155/11390",0.0645161290322581,3.95074575095387,4.76566839142012,0.000224526851269185,0.00669796393392907,0.00540670217840404,"CAMK2N1/CCL3/EGFR/EGR1/GATM/GRP/ITGA3/NR4A3/PLK2/STRA6",10,"WT_heat_up","BP","no_iea",186,11390,155,3.95074575095387,TRUE,8,10,"positive regulation of locomotion",NA,NA,NA,NA,NA,NA,NA
"GO:0097529","myeloid leukocyte migration","9/186","127/11390",0.0708661417322835,4.33959867919736,4.87620345159267,0.000230355426293071,0.00679548507564561,0.00548542278283852,"ADAM8/CALCA/CCL22/CCL3/CCL4/CD200/PDGFB/SERPINE1/TNFSF11",9,"WT_heat_up","BP","no_iea",186,11390,127,4.33959867919736,FALSE,7,18,"positive regulation of cell migration",NA,NA,NA,NA,NA,NA,NA
"GO:0050673","epithelial cell proliferation","11/186","186/11390",0.0591397849462366,3.62151693837438,4.64446087472806,0.000234813178427514,0.00685086800796759,0.00553012875972723,"AREG/CALCA/EGFR/EGR3/EPHA2/F3/NR4A1/NR4A3/PDGFB/TGM1/YAP1",11,"WT_heat_up","BP","no_iea",186,11390,186,3.62151693837438,TRUE,1,24,"positive regulation of cell population proliferation",NA,NA,NA,NA,NA,NA,NA
"GO:0051249","regulation of lymphocyte activation","15/186","321/11390",0.0467289719626168,2.86152145513014,4.35892189354504,0.000247379136819454,0.00712161574846955,0.00574868060814114,"ADAM8/CD40LG/CD70/CD80/GPR183/HSPH1/IL1A/IL2/IL23A/INHBA/KLRC1/SDC4/TNFSF11/TNFSF14/TNFSF9",15,"WT_heat_up","BP","no_iea",186,11390,321,2.86152145513014,FALSE,1,24,"positive regulation of cell population proliferation",NA,NA,NA,NA,NA,NA,NA
"GO:0051251","positive regulation of lymphocyte activation","12/186","219/11390",0.0547945205479452,3.35542789807041,4.53480445509442,0.000249457726782549,0.00712161574846955,0.00574868060814114,"ADAM8/CD40LG/CD70/CD80/GPR183/HSPH1/IL1A/IL2/IL23A/TNFSF11/TNFSF14/TNFSF9",12,"WT_heat_up","BP","no_iea",186,11390,219,3.35542789807041,FALSE,1,24,"positive regulation of cell population proliferation",NA,NA,NA,NA,NA,NA,NA
"GO:0050670","regulation of lymphocyte proliferation","9/186","129/11390",0.0697674418604651,4.27231807951988,4.81586835023855,0.00025903184241026,0.00731627171914087,0.00590580997925297,"CD40LG/CD70/CD80/GPR183/IL1A/IL2/IL23A/SDC4/TNFSF9",9,"WT_heat_up","BP","no_iea",186,11390,129,4.27231807951988,FALSE,1,24,"positive regulation of cell population proliferation",NA,NA,NA,NA,NA,NA,NA
"GO:0032944","regulation of mononuclear cell proliferation","9/186","130/11390",0.0692307692307692,4.2394540942928,4.7861579783738,0.000274444037653437,0.00766998863126185,0.00619133585221494,"CD40LG/CD70/CD80/GPR183/IL1A/IL2/IL23A/SDC4/TNFSF9",9,"WT_heat_up","BP","no_iea",186,11390,130,4.2394540942928,FALSE,1,24,"positive regulation of cell population proliferation",NA,NA,NA,NA,NA,NA,NA
"GO:0051047","positive regulation of secretion","10/186","160/11390",0.0625,3.82728494623656,4.64036788544712,0.000290261843317544,0.00802755410425084,0.00647996834423816,"ADAM8/ANXA2/GRP/IL1A/ILDR1/INHBA/SDC1/SDC4/SPP1/TNFSF11",10,"WT_heat_up","BP","no_iea",186,11390,160,3.82728494623656,FALSE,10,16,"endocytosis",NA,NA,NA,NA,NA,NA,NA
"GO:0043066","negative regulation of apoptotic process","19/186","478/11390",0.0397489539748954,2.43408917082827,4.12715371613428,0.000302655153145466,0.00828401475877538,0.00668698743140715,"ADAM8/CD40LG/CLU/CSF2/DAB2/EGFR/EGR3/HSPA1A/HSPG2/IER3/IL1A/IL2/NR4A2/PLAUR/PLK2/PLK3/SERPINE1/SPHK1/YAP1",19,"WT_heat_up","BP","no_iea",186,11390,478,2.43408917082827,TRUE,18,5,"negative regulation of apoptotic process",NA,NA,NA,NA,NA,NA,NA
"GO:0090303","positive regulation of wound healing","5/186","37/11390",0.135135135135135,8.27521069456553,5.71089054945617,0.000313869208336755,0.00850329334830698,0.00686399256899713,"CLDN4/EMILIN2/F3/HBEGF/SERPINE1",5,"WT_heat_up","BP","no_iea",186,11390,37,8.27521069456553,TRUE,3,19,"inflammatory response",NA,NA,NA,NA,NA,NA,NA
"GO:0061041","regulation of wound healing","7/186","80/11390",0.0875,5.35819892473118,5.04003391356782,0.00032163359428405,0.00862562821034498,0.00696274320002473,"CLDN4/EMILIN2/F3/HBEGF/PDGFB/PLAUR/SERPINE1",7,"WT_heat_up","BP","no_iea",186,11390,80,5.35819892473118,FALSE,3,19,"inflammatory response",NA,NA,NA,NA,NA,NA,NA
"GO:0003013","circulatory system process","14/186","301/11390",0.0465116279069767,2.84821205301325,4.18698661670576,0.000417839396907653,0.0110936359878982,0.00895495802214717,"ADM/ADORA2A/ADORA2B/ATP2B4/AVPR1A/CALCA/EMILIN2/GJA5/NPR3/OLR1/PDGFB/PTGS2/SCN9A/SLC13A3",14,"WT_heat_up","BP","no_iea",186,11390,301,2.84821205301325,FALSE,16,6,"regulation of blood pressure",NA,NA,NA,NA,NA,NA,NA
"GO:0032940","secretion by cell","18/186","453/11390",0.0397350993377483,2.43324076052126,4.01080792323439,0.000439881050774949,0.0115632098000742,0.00933400541300466,"ADAM8/ANXA2/ANXA3/BICD1/CCL3/CD200/GRP/IL1A/ILDR1/INHBA/NR4A3/PLEK/SDC1/SDC4/SPP1/SYT15/TGM2/TNFSF11",18,"WT_heat_up","BP","no_iea",186,11390,453,2.43324076052126,TRUE,10,16,"endocytosis",NA,NA,NA,NA,NA,NA,NA
"GO:0007188","adenylate cyclase-modulating G protein-coupled receptor signaling pathway","9/186","139/11390",0.0647482014388489,3.96495706660478,4.53151023598987,0.000450551622426795,0.0116657766331799,0.00941679897914728,"ADCY4/ADM/ADORA2A/ADORA2B/APLP1/ATP2B4/CALCA/PTGER2/S1PR3",9,"WT_heat_up","BP","no_iea",186,11390,139,3.96495706660478,FALSE,6,23,"G protein-coupled receptor signaling pathway",NA,NA,NA,NA,NA,NA,NA
"GO:0032604","granulocyte macrophage colony-stimulating factor production","3/186","10/11390",0.3,18.3709677419355,7.08052729460805,0.000472546979536648,0.0116657766331799,0.00941679897914728,"CD80/IL17F/IL23A",3,"WT_heat_up","BP","no_iea",186,11390,10,18.3709677419355,TRUE,4,10,"positive regulation of cytokine production",NA,NA,NA,NA,NA,NA,NA
"GO:0032645","regulation of granulocyte macrophage colony-stimulating factor production","3/186","10/11390",0.3,18.3709677419355,7.08052729460805,0.000472546979536648,0.0116657766331799,0.00941679897914728,"CD80/IL17F/IL23A",3,"WT_heat_up","BP","no_iea",186,11390,10,18.3709677419355,TRUE,4,10,"positive regulation of cytokine production",NA,NA,NA,NA,NA,NA,NA
"GO:0045780","positive regulation of bone resorption","3/186","10/11390",0.3,18.3709677419355,7.08052729460805,0.000472546979536648,0.0116657766331799,0.00941679897914728,"ADAM8/SPP1/TNFSF11",3,"WT_heat_up","BP","no_iea",186,11390,10,18.3709677419355,TRUE,14,13,"regulation of coagulation",NA,NA,NA,NA,NA,NA,NA
"GO:0048245","eosinophil chemotaxis","3/186","10/11390",0.3,18.3709677419355,7.08052729460805,0.000472546979536648,0.0116657766331799,0.00941679897914728,"CCL22/CCL3/CCL4",3,"WT_heat_up","BP","no_iea",186,11390,10,18.3709677419355,FALSE,7,18,"positive regulation of cell migration",NA,NA,NA,NA,NA,NA,NA
"GO:0048520","positive regulation of behavior","3/186","10/11390",0.3,18.3709677419355,7.08052729460805,0.000472546979536648,0.0116657766331799,0.00941679897914728,"GRP/NR4A3/STRA6",3,"WT_heat_up","BP","no_iea",186,11390,10,18.3709677419355,TRUE,8,10,"positive regulation of locomotion",NA,NA,NA,NA,NA,NA,NA
"GO:2001239","regulation of extrinsic apoptotic signaling pathway in absence of ligand","4/186","23/11390",0.173913043478261,10.6498363721365,5.96861623363393,0.000478118393916962,0.0116657766331799,0.00941679897914728,"CSF2/HSPA1A/IL1A/INHBA",4,"WT_heat_up","BP","no_iea",186,11390,23,10.6498363721365,FALSE,6,23,"G protein-coupled receptor signaling pathway",NA,NA,NA,NA,NA,NA,NA
"GO:0046903","secretion","19/186","496/11390",0.0383064516129032,2.34575528962886,3.94844385394495,0.000478933955938458,0.0116657766331799,0.00941679897914728,"ADAM8/ANO1/ANXA2/ANXA3/BICD1/CCL3/CD200/GRP/IL1A/ILDR1/INHBA/NR4A3/PLEK/SDC1/SDC4/SPP1/SYT15/TGM2/TNFSF11",19,"WT_heat_up","BP","no_iea",186,11390,496,2.34575528962886,FALSE,10,16,"endocytosis",NA,NA,NA,NA,NA,NA,NA
"GO:0046849","bone remodeling","5/186","41/11390",0.121951219512195,7.46787306582743,5.34548772999003,0.00051187623169629,0.0122435260824653,0.00988316745124369,"ADAM8/CALCA/EPHA2/SPP1/TNFSF11",5,"WT_heat_up","BP","no_iea",186,11390,41,7.46787306582743,FALSE,14,13,"regulation of coagulation",NA,NA,NA,NA,NA,NA,NA
"GO:1903036","positive regulation of response to wounding","5/186","41/11390",0.121951219512195,7.46787306582743,5.34548772999003,0.00051187623169629,0.0122435260824653,0.00988316745124369,"CLDN4/EMILIN2/F3/HBEGF/SERPINE1",5,"WT_heat_up","BP","no_iea",186,11390,41,7.46787306582743,FALSE,3,19,"inflammatory response",NA,NA,NA,NA,NA,NA,NA
"GO:0042060","wound healing","13/186","273/11390",0.0476190476190476,2.91602662570404,4.12859021639573,0.000538061569575244,0.0127549416716274,0.0102959901847293,"ADORA2A/ANXA2/CD40LG/CLDN4/EMILIN2/F3/HBEGF/PAK1/PDGFB/PLAUR/PLEK/SERPINE1/TMEFF2",13,"WT_heat_up","BP","no_iea",186,11390,273,2.91602662570405,TRUE,3,19,"inflammatory response",NA,NA,NA,NA,NA,NA,NA
"GO:0051093","negative regulation of developmental process","18/186","463/11390",0.0388768898488121,2.38068696439769,3.90794071795304,0.000569323920080775,0.0130081978855533,0.0105004225968823,"ATP2B4/CALCA/CCL3/CDKN1A/EGFR/EPN2/FASLG/HSPG2/IL17F/INHBA/NPPC/PDGFB/S1PR3/SERPINE1/SPRY1/TNFRSF11B/TP73/YAP1",18,"WT_heat_up","BP","no_iea",186,11390,463,2.38068696439769,TRUE,2,25,"vasculature development",NA,NA,NA,NA,NA,NA,NA
"GO:0002526","acute inflammatory response","5/186","42/11390",0.119047619047619,7.29006656426011,5.26178309731968,0.000573442043629408,0.0130081978855533,0.0105004225968823,"ADAM8/F3/IL1RN/PTGS2/TNFSF11",5,"WT_heat_up","BP","no_iea",186,11390,42,7.29006656426011,FALSE,3,19,"inflammatory response",NA,NA,NA,NA,NA,NA,NA
"GO:0030193","regulation of blood coagulation","5/186","42/11390",0.119047619047619,7.29006656426011,5.26178309731968,0.000573442043629408,0.0130081978855533,0.0105004225968823,"EMILIN2/F3/PDGFB/PLAUR/SERPINE1",5,"WT_heat_up","BP","no_iea",186,11390,42,7.29006656426011,TRUE,3,19,"inflammatory response",NA,NA,NA,NA,NA,NA,NA
"GO:0045670","regulation of osteoclast differentiation","5/186","42/11390",0.119047619047619,7.29006656426011,5.26178309731968,0.000573442043629408,0.0130081978855533,0.0105004225968823,"CALCA/CCL3/IL23A/TNFRSF11B/TNFSF11",5,"WT_heat_up","BP","no_iea",186,11390,42,7.29006656426011,TRUE,9,15,"positive regulation of cell differentiation",NA,NA,NA,NA,NA,NA,NA
"GO:1902895","positive regulation of miRNA transcription","5/186","42/11390",0.119047619047619,7.29006656426011,5.26178309731968,0.000573442043629408,0.0130081978855533,0.0105004225968823,"EGFR/EGR1/FOSL1/NOTCH3/PDGFB",5,"WT_heat_up","BP","no_iea",186,11390,42,7.29006656426011,TRUE,17,9,"cyclic nucleotide metabolic process",NA,NA,NA,NA,NA,NA,NA
"GO:0050729","positive regulation of inflammatory response","8/186","115/11390",0.0695652173913043,4.2599345488546,4.52701823698718,0.000580926409378234,0.0130081978855533,0.0105004225968823,"ADAM8/CAMK2N1/CCL3/IL2/IL23A/PTGS2/SERPINE1/TNFSF11",8,"WT_heat_up","BP","no_iea",186,11390,115,4.25993454885461,FALSE,3,19,"inflammatory response",NA,NA,NA,NA,NA,NA,NA
"GO:0006909","phagocytosis","9/186","144/11390",0.0625,3.82728494623656,4.3991068002035,0.000583041637808225,0.0130081978855533,0.0105004225968823,"ADORA2A/ANXA3/C3/HAVCR1/MST1R/PAK1/RAB34/SPHK1/TGM2",9,"WT_heat_up","BP","no_iea",186,11390,144,3.82728494623656,FALSE,10,16,"endocytosis",NA,NA,NA,NA,NA,NA,NA
"GO:0070848","response to growth factor","16/186","387/11390",0.041343669250646,2.53174404712289,3.95001591759413,0.000600922786678961,0.013295416655272,0.0107322701199856,"ATP2B4/CCN1/DAB2/EGFR/EGR3/EPHA2/EPN2/FAM83G/GDF6/HSPA1A/IL17F/ITGA3/NR4A1/PDGFB/SPHK1/SPRY1",16,"WT_heat_up","BP","no_iea",186,11390,387,2.53174404712289,FALSE,12,5,"cytokine-mediated signaling pathway",NA,NA,NA,NA,NA,NA,NA
"GO:1900046","regulation of hemostasis","5/186","43/11390",0.116279069767442,7.12053013253313,5.18078368304168,0.000640403130484497,0.0140208198218806,0.0113178270026162,"EMILIN2/F3/PDGFB/PLAUR/SERPINE1",5,"WT_heat_up","BP","no_iea",186,11390,43,7.12053013253313,FALSE,8,10,"positive regulation of locomotion",NA,NA,NA,NA,NA,NA,NA
"GO:0050817","coagulation","9/186","146/11390",0.0616438356164384,3.77485638532921,4.34779680188313,0.000644271193321819,0.0140208198218806,0.0113178270026162,"ADORA2A/CD40LG/EMILIN2/F3/PDGFB/PLAUR/PLEK/PROCR/SERPINE1",9,"WT_heat_up","BP","no_iea",186,11390,146,3.77485638532921,TRUE,14,13,"regulation of coagulation",NA,NA,NA,NA,NA,NA,NA
"GO:0042110","T cell activation","15/186","352/11390",0.0426136363636364,2.60951246334311,3.9521479974883,0.00065364636161231,0.0141091958543145,0.011389165530532,"ADAM8/CD40LG/CD70/CD80/EOMES/GPR183/HSPH1/IL1A/IL2/IL23A/KLRC1/SDC4/TNFSF11/TNFSF14/TNFSF9",15,"WT_heat_up","BP","no_iea",186,11390,352,2.60951246334311,FALSE,15,9,"T cell proliferation",NA,NA,NA,NA,NA,NA,NA
"GO:0050863","regulation of T cell activation","12/186","245/11390",0.0489795918367347,2.99934167215273,4.07608040501108,0.000686215796986606,0.0146927656532213,0.0118602322806853,"ADAM8/CD40LG/CD70/CD80/HSPH1/IL1A/IL2/IL23A/SDC4/TNFSF11/TNFSF14/TNFSF9",12,"WT_heat_up","BP","no_iea",186,11390,245,2.99934167215273,FALSE,1,24,"positive regulation of cell population proliferation",NA,NA,NA,NA,NA,NA,NA
"GO:0019730","antimicrobial humoral response","6/186","67/11390",0.0895522388059701,5.48387096774194,4.74266525605404,0.000764226537070437,0.0161152634239514,0.0130084949276103,"ADM/CALCA/CCL20/CCL22/CCL3/CCL4",6,"WT_heat_up","BP","no_iea",186,11390,67,5.48387096774194,FALSE,13,5,"humoral immune response",NA,NA,NA,NA,NA,NA,NA
"GO:0002252","immune effector process","16/186","396/11390",0.0404040404040404,2.47420440968828,3.84715913621857,0.000769259405660532,0.0161152634239514,0.0130084949276103,"ANXA3/C3/CCL3/CD40LG/CD70/CD80/CLU/EOMES/GPR183/GRP/IGKC/IL2/IL23A/KLRC1/NR4A3/PAK1",16,"WT_heat_up","BP","no_iea",186,11390,396,2.47420440968828,TRUE,15,9,"T cell proliferation",NA,NA,NA,NA,NA,NA,NA
"GO:0045124","regulation of bone resorption","4/186","26/11390",0.153846153846154,9.42100909842845,5.53857341244574,0.000776931720627412,0.0161152634239514,0.0130084949276103,"ADAM8/CALCA/SPP1/TNFSF11",4,"WT_heat_up","BP","no_iea",186,11390,26,9.42100909842845,FALSE,14,13,"regulation of coagulation",NA,NA,NA,NA,NA,NA,NA
"GO:0048247","lymphocyte chemotaxis","4/186","26/11390",0.153846153846154,9.42100909842845,5.53857341244574,0.000776931720627412,0.0161152634239514,0.0130084949276103,"ADAM8/CCL3/CCL4/GPR183",4,"WT_heat_up","BP","no_iea",186,11390,26,9.42100909842845,FALSE,7,18,"positive regulation of cell migration",NA,NA,NA,NA,NA,NA,NA
"GO:0009611","response to wounding","14/186","322/11390",0.0434782608695652,2.66245909303413,3.89903422040015,0.000813622325525192,0.0167454827462743,0.0135172179091741,"ADORA2A/ANXA2/CD40LG/CLDN4/EMILIN2/F3/GAP43/HBEGF/PAK1/PDGFB/PLAUR/PLEK/SERPINE1/TMEFF2",14,"WT_heat_up","BP","no_iea",186,11390,322,2.66245909303413,FALSE,3,19,"inflammatory response",NA,NA,NA,NA,NA,NA,NA
"GO:0071800","podosome assembly","3/186","12/11390",0.25,15.3091397849462,6.38975053641104,0.000845693998370107,0.0171966136714776,0.0138813779106466,"ASB2/CSF2/SH3PXD2B",3,"WT_heat_up","BP","no_iea",186,11390,12,15.3091397849462,TRUE,19,1,"podosome assembly",NA,NA,NA,NA,NA,NA,NA
"GO:0030099","myeloid cell differentiation","12/186","251/11390",0.047808764940239,2.92764426166303,3.97881152353415,0.000848495815805486,0.0171966136714776,0.0138813779106466,"ANXA2/BATF3/CALCA/CCL3/CSF2/EPHA2/GPR183/HSPA1A/IL23A/INHBA/TNFRSF11B/TNFSF11",12,"WT_heat_up","BP","no_iea",186,11390,251,2.92764426166302,FALSE,9,15,"positive regulation of cell differentiation",NA,NA,NA,NA,NA,NA,NA
"GO:0032103","positive regulation of response to external stimulus","18/186","480/11390",0.0375,2.29637096774194,3.73895517287015,0.000865362707552668,0.0174055908223662,0.0140500675644117,"ADAM8/CAMK2N1/CCL3/CCL4/EMILIN2/F3/GFI1/HSPA1A/IL2/IL23A/KLRC1/OAS3/PAK1/PDGFB/PIK3AP1/PTGS2/SERPINE1/TNFSF11",18,"WT_heat_up","BP","no_iea",186,11390,480,2.29637096774194,TRUE,3,19,"inflammatory response",NA,NA,NA,NA,NA,NA,NA
"GO:0043500","muscle adaptation","5/186","46/11390",0.108695652173913,6.65614773258532,4.95255457163836,0.00087663253477938,0.0174996945852575,0.0141260296067338,"ASB2/ATP2B4/GATM/NR4A3/PDGFB",5,"WT_heat_up","BP","no_iea",186,11390,46,6.65614773258532,TRUE,16,6,"regulation of blood pressure",NA,NA,NA,NA,NA,NA,NA
"GO:0072676","lymphocyte migration","6/186","69/11390",0.0869565217391304,5.32491818606826,4.6427229150241,0.000893652812208789,0.0177063299732413,0.0142928289525302,"ADAM8/CCL20/CCL3/CCL4/CD200/GPR183",6,"WT_heat_up","BP","no_iea",186,11390,69,5.32491818606826,FALSE,7,18,"positive regulation of cell migration",NA,NA,NA,NA,NA,NA,NA
"GO:2000401","regulation of lymphocyte migration","5/186","47/11390",0.106382978723404,6.51452756806223,4.88096837327784,0.000968174193501431,0.0190407591388615,0.0153700012317264,"ADAM8/CCL20/CCL3/CCL4/CD200",5,"WT_heat_up","BP","no_iea",186,11390,47,6.51452756806223,FALSE,7,18,"positive regulation of cell migration",NA,NA,NA,NA,NA,NA,NA
"GO:1903034","regulation of response to wounding","7/186","97/11390",0.0721649484536082,4.41913313379891,4.35722446253843,0.00103106205653322,0.0197104102116615,0.0159105541444911,"CLDN4/EMILIN2/F3/HBEGF/PDGFB/PLAUR/SERPINE1",7,"WT_heat_up","BP","no_iea",186,11390,97,4.41913313379891,FALSE,3,19,"inflammatory response",NA,NA,NA,NA,NA,NA,NA
"GO:0002762","negative regulation of myeloid leukocyte differentiation","4/186","28/11390",0.142857142857143,8.74807987711213,5.28881567164651,0.0010373123442759,0.0197104102116615,0.0159105541444911,"CALCA/CCL3/INHBA/TNFRSF11B",4,"WT_heat_up","BP","no_iea",186,11390,28,8.74807987711214,FALSE,9,15,"positive regulation of cell differentiation",NA,NA,NA,NA,NA,NA,NA
"GO:0050795","regulation of behavior","4/186","28/11390",0.142857142857143,8.74807987711213,5.28881567164651,0.0010373123442759,0.0197104102116615,0.0159105541444911,"CCL3/GRP/NR4A3/STRA6",4,"WT_heat_up","BP","no_iea",186,11390,28,8.74807987711214,FALSE,8,10,"positive regulation of locomotion",NA,NA,NA,NA,NA,NA,NA
"GO:0016525","negative regulation of angiogenesis","6/186","71/11390",0.0845070422535211,5.17492049068605,4.54659292594847,0.00103934366464505,0.0197104102116615,0.0159105541444911,"ATP2B4/EPN2/FASLG/HSPG2/IL17F/SERPINE1",6,"WT_heat_up","BP","no_iea",186,11390,71,5.17492049068605,FALSE,2,25,"vasculature development",NA,NA,NA,NA,NA,NA,NA
"GO:2000181","negative regulation of blood vessel morphogenesis","6/186","71/11390",0.0845070422535211,5.17492049068605,4.54659292594847,0.00103934366464505,0.0197104102116615,0.0159105541444911,"ATP2B4/EPN2/FASLG/HSPG2/IL17F/SERPINE1",6,"WT_heat_up","BP","no_iea",186,11390,71,5.17492049068605,FALSE,2,25,"vasculature development",NA,NA,NA,NA,NA,NA,NA
"GO:0031349","positive regulation of defense response","16/186","408/11390",0.0392156862745098,2.40143369175627,3.71427995448893,0.00105515438303412,0.0198036031409119,0.0159857809475257,"ADAM8/CAMK2N1/CCL3/EMILIN2/GFI1/GRP/HSPA1A/IL2/IL23A/KLRC1/OAS3/PAK1/PIK3AP1/PTGS2/SERPINE1/TNFSF11",16,"WT_heat_up","BP","no_iea",186,11390,408,2.40143369175627,FALSE,3,19,"inflammatory response",NA,NA,NA,NA,NA,NA,NA
"GO:0072678","T cell migration","5/186","48/11390",0.104166666666667,6.3788082437276,4.81143449551112,0.00106663474544271,0.0198036031409119,0.0159857809475257,"ADAM8/CCL20/CCL3/CD200/GPR183",5,"WT_heat_up","BP","no_iea",186,11390,48,6.3788082437276,FALSE,7,18,"positive regulation of cell migration",NA,NA,NA,NA,NA,NA,NA
"GO:2000630","positive regulation of miRNA metabolic process","5/186","48/11390",0.104166666666667,6.3788082437276,4.81143449551112,0.00106663474544271,0.0198036031409119,0.0159857809475257,"EGFR/EGR1/FOSL1/NOTCH3/PDGFB",5,"WT_heat_up","BP","no_iea",186,11390,48,6.3788082437276,TRUE,17,9,"cyclic nucleotide metabolic process",NA,NA,NA,NA,NA,NA,NA
"GO:0007369","gastrulation","6/186","72/11390",0.0833333333333333,5.10304659498208,4.4998762535021,0.0011187003420171,0.0204837890210717,0.0165348377230258,"EOMES/IL1RN/INHBA/ITGA3/KDM6B/NR4A3",6,"WT_heat_up","BP","no_iea",186,11390,72,5.10304659498208,TRUE,2,25,"vasculature development",NA,NA,NA,NA,NA,NA,NA
"GO:1901343","negative regulation of vasculature development","6/186","72/11390",0.0833333333333333,5.10304659498208,4.4998762535021,0.0011187003420171,0.0204837890210717,0.0165348377230258,"ATP2B4/EPN2/FASLG/HSPG2/IL17F/SERPINE1",6,"WT_heat_up","BP","no_iea",186,11390,72,5.10304659498208,FALSE,2,25,"vasculature development",NA,NA,NA,NA,NA,NA,NA
"GO:2000403","positive regulation of lymphocyte migration","4/186","29/11390",0.137931034482759,8.44642195031516,5.17310244911169,0.00118807481632009,0.0216050591597934,0.0174399446721535,"ADAM8/CCL20/CCL3/CCL4",4,"WT_heat_up","BP","no_iea",186,11390,29,8.44642195031516,FALSE,7,18,"positive regulation of cell migration",NA,NA,NA,NA,NA,NA,NA
"GO:0071363","cellular response to growth factor stimulus","15/186","374/11390",0.0401069518716578,2.45601173020528,3.6889386262264,0.00120868115579625,0.021830261691422,0.0176217317092815,"ATP2B4/CCN1/DAB2/EGFR/EGR3/EPN2/FAM83G/GDF6/HSPA1A/IL17F/ITGA3/NR4A1/PDGFB/SPHK1/SPRY1",15,"WT_heat_up","BP","no_iea",186,11390,374,2.45601173020528,FALSE,12,5,"cytokine-mediated signaling pathway",NA,NA,NA,NA,NA,NA,NA
"GO:0070372","regulation of ERK1 and ERK2 cascade","9/186","160/11390",0.05625,3.4445564516129,4.01220303858186,0.0012363620760817,0.0221793331891684,0.0179035077304576,"CCL3/CCN1/EGFR/EPHA2/GPR183/IL1A/PDGFB/SPRY1/TNFSF11",9,"WT_heat_up","BP","no_iea",186,11390,160,3.4445564516129,FALSE,6,23,"G protein-coupled receptor signaling pathway",NA,NA,NA,NA,NA,NA,NA
"GO:0140352","export from cell","18/186","497/11390",0.0362173038229376,2.21782306743688,3.576855182505,0.00128490328728609,0.0228954243472789,0.0184815478128892,"ADAM8/ANXA2/ANXA3/BICD1/CCL3/CD200/GRP/IL1A/ILDR1/INHBA/NR4A3/PLEK/SDC1/SDC4/SPP1/SYT15/TGM2/TNFSF11",18,"WT_heat_up","BP","no_iea",186,11390,497,2.21782306743688,FALSE,10,16,"endocytosis",NA,NA,NA,NA,NA,NA,NA
"GO:0002366","leukocyte activation involved in immune response","10/186","194/11390",0.0515463917525773,3.15652366699922,3.90333986692939,0.00130324042336574,0.0229531547710315,0.0185281487219031,"ANXA3/CCL3/CD40LG/CD80/EOMES/GPR183/GRP/IL2/IL23A/NR4A3",10,"WT_heat_up","BP","no_iea",186,11390,194,3.15652366699922,TRUE,15,9,"T cell proliferation",NA,NA,NA,NA,NA,NA,NA
"GO:0007507","heart development","11/186","229/11390",0.0480349344978166,2.94149410715124,3.82397445402451,0.00133793561353146,0.0229531547710315,0.0185281487219031,"ASB2/CDKN1A/EGFR/GJA5/KDM6B/NEB/PDGFB/SH3PXD2B/SPRY1/STRA6/TP73",11,"WT_heat_up","BP","no_iea",186,11390,229,2.94149410715124,FALSE,2,25,"vasculature development",NA,NA,NA,NA,NA,NA,NA
"GO:0050678","regulation of epithelial cell proliferation","9/186","162/11390",0.0555555555555556,3.40203106332139,3.96732376005999,0.00134860278349259,0.0229531547710315,0.0185281487219031,"AREG/EGFR/EGR3/F3/NR4A1/NR4A3/PDGFB/TGM1/YAP1",9,"WT_heat_up","BP","no_iea",186,11390,162,3.40203106332139,FALSE,1,24,"positive regulation of cell population proliferation",NA,NA,NA,NA,NA,NA,NA
"GO:0046850","regulation of bone remodeling","4/186","30/11390",0.133333333333333,8.16487455197133,5.06282331040075,0.00135353911244271,0.0229531547710315,0.0185281487219031,"ADAM8/CALCA/SPP1/TNFSF11",4,"WT_heat_up","BP","no_iea",186,11390,30,8.16487455197133,FALSE,14,13,"regulation of coagulation",NA,NA,NA,NA,NA,NA,NA
"GO:0070613","regulation of protein processing","4/186","30/11390",0.133333333333333,8.16487455197133,5.06282331040075,0.00135353911244271,0.0229531547710315,0.0185281487219031,"ADAM8/ANXA2/PLAUR/SERPINE1",4,"WT_heat_up","BP","no_iea",186,11390,30,8.16487455197133,FALSE,4,10,"positive regulation of cytokine production",NA,NA,NA,NA,NA,NA,NA
"GO:0048871","multicellular organismal-level homeostasis","16/186","418/11390",0.0382775119617225,2.34398312496784,3.60704678782094,0.00135804288405987,0.0229531547710315,0.0185281487219031,"ADAM8/CALCA/EGR1/GATM/GPR183/HSPA1A/ILDR1/INHBA/KDM6B/NEO1/NPR3/NR4A3/PTGS2/SPP1/TNFSF11/TNFSF14",16,"WT_heat_up","BP","no_iea",186,11390,418,2.34398312496785,TRUE,14,13,"regulation of coagulation",NA,NA,NA,NA,NA,NA,NA
"GO:0009190","cyclic nucleotide biosynthetic process","3/186","14/11390",0.214285714285714,13.1221198156682,5.84736921478122,0.00136595045341732,0.0229531547710315,0.0185281487219031,"ADCY4/NPPC/NPR3",3,"WT_heat_up","BP","no_iea",186,11390,14,13.1221198156682,FALSE,17,9,"cyclic nucleotide metabolic process",NA,NA,NA,NA,NA,NA,NA
"GO:0010755","regulation of plasminogen activation","3/186","14/11390",0.214285714285714,13.1221198156682,5.84736921478122,0.00136595045341732,0.0229531547710315,0.0185281487219031,"ANXA2/PLAUR/SERPINE1",3,"WT_heat_up","BP","no_iea",186,11390,14,13.1221198156682,FALSE,4,10,"positive regulation of cytokine production",NA,NA,NA,NA,NA,NA,NA
"GO:0034112","positive regulation of homotypic cell-cell adhesion","3/186","14/11390",0.214285714285714,13.1221198156682,5.84736921478122,0.00136595045341732,0.0229531547710315,0.0185281487219031,"EMILIN2/PLAUR/TNFSF11",3,"WT_heat_up","BP","no_iea",186,11390,14,13.1221198156682,FALSE,11,7,"positive regulation of cell-cell adhesion",NA,NA,NA,NA,NA,NA,NA
"GO:0002263","cell activation involved in immune response","10/186","198/11390",0.0505050505050505,3.09275551211035,3.82745380193642,0.00151872916255999,0.0250201676351454,0.0201966741223733,"ANXA3/CCL3/CD40LG/CD80/EOMES/GPR183/GRP/IL2/IL23A/NR4A3",10,"WT_heat_up","BP","no_iea",186,11390,198,3.09275551211035,FALSE,15,9,"T cell proliferation",NA,NA,NA,NA,NA,NA,NA
"GO:0003073","regulation of systemic arterial blood pressure","4/186","31/11390",0.129032258064516,7.90149150190773,4.95754281047616,0.0015344428587317,0.0250201676351454,0.0201966741223733,"ADM/AVPR1A/CALCA/PDGFB",4,"WT_heat_up","BP","no_iea",186,11390,31,7.90149150190774,FALSE,16,6,"regulation of blood pressure",NA,NA,NA,NA,NA,NA,NA
"GO:0045453","bone resorption","4/186","31/11390",0.129032258064516,7.90149150190773,4.95754281047616,0.0015344428587317,0.0250201676351454,0.0201966741223733,"ADAM8/CALCA/SPP1/TNFSF11",4,"WT_heat_up","BP","no_iea",186,11390,31,7.90149150190774,FALSE,14,13,"regulation of coagulation",NA,NA,NA,NA,NA,NA,NA
"GO:0035051","cardiocyte differentiation","5/186","52/11390",0.0961538461538462,5.88813068651778,4.55186079984961,0.00153607808833473,0.0250201676351454,0.0201966741223733,"ASB2/EGFR/KDM6B/NEB/SPRY1",5,"WT_heat_up","BP","no_iea",186,11390,52,5.88813068651778,FALSE,2,25,"vasculature development",NA,NA,NA,NA,NA,NA,NA
"GO:1905954","positive regulation of lipid localization","5/186","52/11390",0.0961538461538462,5.88813068651778,4.55186079984961,0.00153607808833473,0.0250201676351454,0.0201966741223733,"ANXA2/C3/FASLG/SPP1/TNFSF11",5,"WT_heat_up","BP","no_iea",186,11390,52,5.88813068651778,TRUE,8,10,"positive regulation of locomotion",NA,NA,NA,NA,NA,NA,NA
"GO:0002761","regulation of myeloid leukocyte differentiation","6/186","77/11390",0.0779220779220779,4.77167993297026,4.27862297296406,0.00158744644243836,0.0256992091748406,0.0207448071681933,"CALCA/CCL3/IL23A/INHBA/TNFRSF11B/TNFSF11",6,"WT_heat_up","BP","no_iea",186,11390,77,4.77167993297026,FALSE,9,15,"positive regulation of cell differentiation",NA,NA,NA,NA,NA,NA,NA
"GO:0051897","positive regulation of phosphatidylinositol 3-kinase/protein kinase B signal transduction","8/186","135/11390",0.0592592592592593,3.62883313420948,3.95885753303836,0.00165103061656274,0.0265665835574187,0.0214449654565981,"ADAM8/CCL3/EGFR/FAM110C/HBEGF/MST1R/PDGFB/PIK3AP1",8,"WT_heat_up","BP","no_iea",186,11390,135,3.62883313420948,FALSE,6,23,"G protein-coupled receptor signaling pathway",NA,NA,NA,NA,NA,NA,NA
"GO:0030194","positive regulation of blood coagulation","3/186","15/11390",0.2,12.247311827957,5.61605537511919,0.00168702902621304,0.0266610837178311,0.0215212474772541,"EMILIN2/F3/SERPINE1",3,"WT_heat_up","BP","no_iea",186,11390,15,12.247311827957,FALSE,3,19,"inflammatory response",NA,NA,NA,NA,NA,NA,NA
"GO:0042104","positive regulation of activated T cell proliferation","3/186","15/11390",0.2,12.247311827957,5.61605537511919,0.00168702902621304,0.0266610837178311,0.0215212474772541,"IL2/IL23A/TNFSF9",3,"WT_heat_up","BP","no_iea",186,11390,15,12.247311827957,FALSE,1,24,"positive regulation of cell population proliferation",NA,NA,NA,NA,NA,NA,NA
"GO:1900048","positive regulation of hemostasis","3/186","15/11390",0.2,12.247311827957,5.61605537511919,0.00168702902621304,0.0266610837178311,0.0215212474772541,"EMILIN2/F3/SERPINE1",3,"WT_heat_up","BP","no_iea",186,11390,15,12.247311827957,FALSE,8,10,"positive regulation of locomotion",NA,NA,NA,NA,NA,NA,NA
"GO:0002443","leukocyte mediated immunity","11/186","236/11390",0.0466101694915254,2.8542464005832,3.70869265827395,0.00170125985239596,0.0267268929474039,0.0215743697258061,"ANXA3/C3/CCL3/CD40LG/CD70/CD80/GRP/IGKC/IL23A/KLRC1/NR4A3",11,"WT_heat_up","BP","no_iea",186,11390,236,2.8542464005832,FALSE,15,9,"T cell proliferation",NA,NA,NA,NA,NA,NA,NA
"GO:0050819","negative regulation of coagulation","4/186","32/11390",0.125,7.65456989247312,4.85687321039689,0.00173152005472617,0.0268841271654852,0.0217012916677284,"PDGFB/PLAUR/PROCR/SERPINE1",4,"WT_heat_up","BP","no_iea",186,11390,32,7.65456989247312,FALSE,14,13,"regulation of coagulation",NA,NA,NA,NA,NA,NA,NA
"GO:1903317","regulation of protein maturation","4/186","32/11390",0.125,7.65456989247312,4.85687321039689,0.00173152005472617,0.0268841271654852,0.0217012916677284,"ADAM8/ANXA2/PLAUR/SERPINE1",4,"WT_heat_up","BP","no_iea",186,11390,32,7.65456989247312,FALSE,4,10,"positive regulation of cytokine production",NA,NA,NA,NA,NA,NA,NA
"GO:0048858","cell projection morphogenesis","14/186","351/11390",0.0398860398860399,2.4424838403333,3.53681518632004,0.00184736396794738,0.0285159961331413,0.0230185620485977,"ACTBL2/ANO1/APLP1/ARHGEF25/CPNE6/GAP43/MYO16/NEO1/NOTCH3/OPHN1/PAK1/PLXNB2/SEMA4A/TANC2",14,"WT_heat_up","BP","no_iea",186,11390,351,2.4424838403333,TRUE,20,3,"cell projection morphogenesis",NA,NA,NA,NA,NA,NA,NA
"GO:1902105","regulation of leukocyte differentiation","10/186","205/11390",0.0487804878048781,2.98714922633097,3.69915165705734,0.00196507305378675,0.0301085578420193,0.0243041029899301,"ADAM8/CALCA/CCL3/CD80/IL2/IL23A/INHBA/TNFRSF11B/TNFSF11/TNFSF9",10,"WT_heat_up","BP","no_iea",186,11390,205,2.98714922633097,FALSE,9,15,"positive regulation of cell differentiation",NA,NA,NA,NA,NA,NA,NA
"GO:0046887","positive regulation of hormone secretion","5/186","55/11390",0.0909090909090909,5.56695992179863,4.37431950722307,0.0019767182096326,0.0301085578420193,0.0243041029899301,"GRP/ILDR1/INHBA/SPP1/TNFSF11",5,"WT_heat_up","BP","no_iea",186,11390,55,5.56695992179863,FALSE,10,16,"endocytosis",NA,NA,NA,NA,NA,NA,NA
"GO:1903131","mononuclear cell differentiation","13/186","315/11390",0.0412698412698413,2.52722307561017,3.54159263131703,0.00198455654325927,0.0301085578420193,0.0243041029899301,"ADAM8/BATF3/CALCA/CD80/CSF2/EOMES/GPR183/IL1A/IL2/IL23A/INHBA/KLRC1/TNFSF9",13,"WT_heat_up","BP","no_iea",186,11390,315,2.52722307561017,FALSE,9,15,"positive regulation of cell differentiation",NA,NA,NA,NA,NA,NA,NA
"GO:0031639","plasminogen activation","3/186","16/11390",0.1875,11.4818548387097,5.40572861369099,0.0020515441288399,0.0307188385589233,0.0247967312145774,"ANXA2/PLAUR/SERPINE1",3,"WT_heat_up","BP","no_iea",186,11390,16,11.4818548387097,TRUE,4,10,"positive regulation of cytokine production",NA,NA,NA,NA,NA,NA,NA
"GO:0140353","lipid export from cell","3/186","16/11390",0.1875,11.4818548387097,5.40572861369099,0.0020515441288399,0.0307188385589233,0.0247967312145774,"INHBA/SPP1/TNFSF11",3,"WT_heat_up","BP","no_iea",186,11390,16,11.4818548387097,TRUE,10,16,"endocytosis",NA,NA,NA,NA,NA,NA,NA
"GO:0007229","integrin-mediated signaling pathway","6/186","81/11390",0.0740740740740741,4.53604141776185,4.11491121551223,0.00205949275460955,0.0307188385589233,0.0247967312145774,"CCN1/CD40LG/ITGA3/PLEK/SERPINE1/TIMP1",6,"WT_heat_up","BP","no_iea",186,11390,81,4.53604141776185,FALSE,6,23,"G protein-coupled receptor signaling pathway",NA,NA,NA,NA,NA,NA,NA
"GO:1902893","regulation of miRNA transcription","5/186","56/11390",0.0892857142857143,5.46754992319508,4.31801893210887,0.00214224464983369,0.0317746343313321,0.0256489862220605,"EGFR/EGR1/FOSL1/NOTCH3/PDGFB",5,"WT_heat_up","BP","no_iea",186,11390,56,5.46754992319508,FALSE,17,9,"cyclic nucleotide metabolic process",NA,NA,NA,NA,NA,NA,NA
"GO:0097192","extrinsic apoptotic signaling pathway in absence of ligand","4/186","34/11390",0.117647058823529,7.20430107526882,4.66801614778807,0.00217710573055497,0.0321123095256858,0.0259215629673094,"CSF2/HSPA1A/IL1A/INHBA",4,"WT_heat_up","BP","no_iea",186,11390,34,7.20430107526882,FALSE,6,23,"G protein-coupled receptor signaling pathway",NA,NA,NA,NA,NA,NA,NA
"GO:0071706","tumor necrosis factor superfamily cytokine production","7/186","111/11390",0.0630630630630631,3.86176499079725,3.90366801297536,0.00225278067287958,0.0328633664093147,0.0265278279351233,"ADAM8/CCL3/CLU/IL17F/IL1A/IL23A/OAS3",7,"WT_heat_up","BP","no_iea",186,11390,111,3.86176499079725,TRUE,4,10,"positive regulation of cytokine production",NA,NA,NA,NA,NA,NA,NA
"GO:1903555","regulation of tumor necrosis factor superfamily cytokine production","7/186","111/11390",0.0630630630630631,3.86176499079725,3.90366801297536,0.00225278067287958,0.0328633664093147,0.0265278279351233,"ADAM8/CCL3/CLU/IL17F/IL1A/IL23A/OAS3",7,"WT_heat_up","BP","no_iea",186,11390,111,3.86176499079725,FALSE,4,10,"positive regulation of cytokine production",NA,NA,NA,NA,NA,NA,NA
"GO:0030100","regulation of endocytosis","9/186","175/11390",0.0514285714285714,3.14930875576037,3.69173833930285,0.00229431130600322,0.0332863197674238,0.0268692425598077,"ANXA2/BICD1/C3/CLU/DAB2/OPHN1/SERPINE1/SPHK1/TGM2",9,"WT_heat_up","BP","no_iea",186,11390,175,3.14930875576037,FALSE,10,16,"endocytosis",NA,NA,NA,NA,NA,NA,NA
"GO:0061614","miRNA transcription","5/186","57/11390",0.087719298245614,5.37162799471798,4.26305465261016,0.00231765715560855,0.0334422812398951,0.0269951371213902,"EGFR/EGR1/FOSL1/NOTCH3/PDGFB",5,"WT_heat_up","BP","no_iea",186,11390,57,5.37162799471798,TRUE,17,9,"cyclic nucleotide metabolic process",NA,NA,NA,NA,NA,NA,NA
"GO:0043491","phosphatidylinositol 3-kinase/protein kinase B signal transduction","10/186","211/11390",0.0473933649289099,2.9022065943026,3.59343795772304,0.00242708865193754,0.0342151682938758,0.0276190237471825,"ADAM8/CCL3/EGFR/FAM110C/HBEGF/MST1R/MYO16/PDGFB/PIK3AP1/PLK3",10,"WT_heat_up","BP","no_iea",186,11390,211,2.9022065943026,FALSE,6,23,"G protein-coupled receptor signaling pathway",NA,NA,NA,NA,NA,NA,NA
"GO:0001707","mesoderm formation","3/186","17/11390",0.176470588235294,10.8064516129032,5.21328598194528,0.0024614301861131,0.0342151682938758,0.0276190237471825,"EOMES/ITGA3/KDM6B",3,"WT_heat_up","BP","no_iea",186,11390,17,10.8064516129032,TRUE,2,25,"vasculature development",NA,NA,NA,NA,NA,NA,NA
"GO:0002675","positive regulation of acute inflammatory response","3/186","17/11390",0.176470588235294,10.8064516129032,5.21328598194528,0.0024614301861131,0.0342151682938758,0.0276190237471825,"ADAM8/PTGS2/TNFSF11",3,"WT_heat_up","BP","no_iea",186,11390,17,10.8064516129032,FALSE,3,19,"inflammatory response",NA,NA,NA,NA,NA,NA,NA
"GO:0006953","acute-phase response","3/186","17/11390",0.176470588235294,10.8064516129032,5.21328598194528,0.0024614301861131,0.0342151682938758,0.0276190237471825,"IL1RN/PTGS2/TNFSF11",3,"WT_heat_up","BP","no_iea",186,11390,17,10.8064516129032,FALSE,3,19,"inflammatory response",NA,NA,NA,NA,NA,NA,NA
"GO:0045671","negative regulation of osteoclast differentiation","3/186","17/11390",0.176470588235294,10.8064516129032,5.21328598194528,0.0024614301861131,0.0342151682938758,0.0276190237471825,"CALCA/CCL3/TNFRSF11B",3,"WT_heat_up","BP","no_iea",186,11390,17,10.8064516129032,FALSE,9,15,"positive regulation of cell differentiation",NA,NA,NA,NA,NA,NA,NA
"GO:0048332","mesoderm morphogenesis","3/186","17/11390",0.176470588235294,10.8064516129032,5.21328598194528,0.0024614301861131,0.0342151682938758,0.0276190237471825,"EOMES/ITGA3/KDM6B",3,"WT_heat_up","BP","no_iea",186,11390,17,10.8064516129032,TRUE,2,25,"vasculature development",NA,NA,NA,NA,NA,NA,NA
"GO:0050820","positive regulation of coagulation","3/186","17/11390",0.176470588235294,10.8064516129032,5.21328598194528,0.0024614301861131,0.0342151682938758,0.0276190237471825,"EMILIN2/F3/SERPINE1",3,"WT_heat_up","BP","no_iea",186,11390,17,10.8064516129032,FALSE,14,13,"regulation of coagulation",NA,NA,NA,NA,NA,NA,NA
"GO:0030855","epithelial cell differentiation","12/186","286/11390",0.041958041958042,2.56936611775321,3.46322159268075,0.00256469062861559,0.0352179241764815,0.0284284641186704,"DAB2/EPHA2/IRF6/KDM6B/OPHN1/PDGFB/S1PR3/SERPINE1/SPRY1/TGM1/TP73/YAP1",12,"WT_heat_up","BP","no_iea",186,11390,286,2.56936611775321,TRUE,9,15,"positive regulation of cell differentiation",NA,NA,NA,NA,NA,NA,NA
"GO:0007417","central nervous system development","15/186","404/11390",0.0371287128712871,2.27363462152667,3.35836936641012,0.00256574825525108,0.0352179241764815,0.0284284641186704,"ADORA2A/APLP1/B3GNT5/C3/CLU/EGR2/EOMES/HSPG2/INHBA/MYO16/NR4A2/OPHN1/PLXNB2/SH3GL3/WNT3",15,"WT_heat_up","BP","no_iea",186,11390,404,2.27363462152667,TRUE,2,25,"vasculature development",NA,NA,NA,NA,NA,NA,NA
"GO:0070371","ERK1 and ERK2 cascade","9/186","178/11390",0.050561797752809,3.09623051830373,3.63178570229286,0.00257384830093421,0.0352179241764815,0.0284284641186704,"CCL3/CCN1/EGFR/EPHA2/GPR183/IL1A/PDGFB/SPRY1/TNFSF11",9,"WT_heat_up","BP","no_iea",186,11390,178,3.09623051830373,FALSE,6,23,"G protein-coupled receptor signaling pathway",NA,NA,NA,NA,NA,NA,NA
"GO:0007596","blood coagulation","8/186","145/11390",0.0551724137931034,3.37856878012607,3.71392136355599,0.0025866271994026,0.0352179241764815,0.0284284641186704,"ADORA2A/CD40LG/EMILIN2/F3/PDGFB/PLAUR/PLEK/SERPINE1",8,"WT_heat_up","BP","no_iea",186,11390,145,3.37856878012607,TRUE,3,19,"inflammatory response",NA,NA,NA,NA,NA,NA,NA
"GO:0007409","axonogenesis","10/186","214/11390",0.0467289719626168,2.86152145513014,3.54196654409479,0.00268880248432668,0.0361516189411438,0.0291821572660001,"ACTBL2/APLP1/ARHGEF25/GAP43/NEO1/NOTCH3/OPHN1/PAK1/PLXNB2/SEMA4A",10,"WT_heat_up","BP","no_iea",186,11390,214,2.86152145513014,FALSE,20,3,"cell projection morphogenesis",NA,NA,NA,NA,NA,NA,NA
"GO:0038034","signal transduction in absence of ligand","4/186","36/11390",0.111111111111111,6.80406212664277,4.49388108797839,0.00269605293798361,0.0361516189411438,0.0291821572660001,"CSF2/HSPA1A/IL1A/INHBA",4,"WT_heat_up","BP","no_iea",186,11390,36,6.80406212664277,FALSE,6,23,"G protein-coupled receptor signaling pathway",NA,NA,NA,NA,NA,NA,NA
"GO:2000351","regulation of endothelial cell apoptotic process","4/186","36/11390",0.111111111111111,6.80406212664277,4.49388108797839,0.00269605293798361,0.0361516189411438,0.0291821572660001,"CD40LG/F3/FASLG/SERPINE1",4,"WT_heat_up","BP","no_iea",186,11390,36,6.80406212664277,TRUE,18,5,"negative regulation of apoptotic process",NA,NA,NA,NA,NA,NA,NA
"GO:0046890","regulation of lipid biosynthetic process","7/186","116/11390",0.0603448275862069,3.69530960326288,3.7593378434046,0.00288958510812704,0.038393303153641,0.0309916801351227,"ADM/C3/EGR1/GFI1/PDGFB/PTGS2/SPHK1",7,"WT_heat_up","BP","no_iea",186,11390,116,3.69530960326288,TRUE,21,1,"regulation of lipid biosynthetic process",NA,NA,NA,NA,NA,NA,NA
"GO:0003014","renal system process","5/186","60/11390",0.0833333333333333,5.10304659498208,4.10563027965256,0.0029066116511796,0.038393303153641,0.0309916801351227,"ADM/CLDN4/ITGA3/NPR3/PDGFB",5,"WT_heat_up","BP","no_iea",186,11390,60,5.10304659498208,TRUE,16,6,"regulation of blood pressure",NA,NA,NA,NA,NA,NA,NA
"GO:0071677","positive regulation of mononuclear cell migration","5/186","60/11390",0.0833333333333333,5.10304659498208,4.10563027965256,0.0029066116511796,0.038393303153641,0.0309916801351227,"ADAM8/CCL20/CCL3/CCL4/SERPINE1",5,"WT_heat_up","BP","no_iea",186,11390,60,5.10304659498208,FALSE,7,18,"positive regulation of cell migration",NA,NA,NA,NA,NA,NA,NA
"GO:0009617","response to bacterium","12/186","292/11390",0.0410958904109589,2.51657092355281,3.382552214048,0.0030385555502169,0.0398415775961112,0.0321607501182208,"ADM/ANXA3/CALCA/CD200/CD80/EMILIN2/GFI1/IL1A/IL23A/NR4A1/OAS3/SERPINE1",12,"WT_heat_up","BP","no_iea",186,11390,292,2.51657092355281,TRUE,13,5,"humoral immune response",NA,NA,NA,NA,NA,NA,NA
"GO:0046649","lymphocyte activation","17/186","495/11390",0.0343434343434343,2.10307374823504,3.23300405803889,0.00304626751488158,0.0398415775961112,0.0321607501182208,"ADAM8/C3/CD40LG/CD70/CD80/EOMES/GPR183/HSPH1/IL1A/IL2/IL23A/INHBA/KLRC1/SDC4/TNFSF11/TNFSF14/TNFSF9",17,"WT_heat_up","BP","no_iea",186,11390,495,2.10307374823504,FALSE,15,9,"T cell proliferation",NA,NA,NA,NA,NA,NA,NA
"GO:1903530","regulation of secretion by cell","12/186","293/11390",0.0409556313993174,2.50798194429153,3.36930151497129,0.00312403510694738,0.0405578299118701,0.0327389202896492,"ADAM8/ANXA2/CD200/GRP/IL1A/ILDR1/INHBA/SDC1/SDC4/SPP1/SYT15/TNFSF11",12,"WT_heat_up","BP","no_iea",186,11390,293,2.50798194429153,FALSE,10,16,"endocytosis",NA,NA,NA,NA,NA,NA,NA
"GO:0048812","neuron projection morphogenesis","13/186","332/11390",0.0391566265060241,2.39781707475062,3.33038014536962,0.00313158385383555,0.0405578299118701,0.0327389202896492,"ACTBL2/APLP1/ARHGEF25/CPNE6/GAP43/MYO16/NEO1/NOTCH3/OPHN1/PAK1/PLXNB2/SEMA4A/TANC2",13,"WT_heat_up","BP","no_iea",186,11390,332,2.39781707475062,FALSE,20,3,"cell projection morphogenesis",NA,NA,NA,NA,NA,NA,NA
"GO:0006887","exocytosis","10/186","219/11390",0.045662100456621,2.79618991505867,3.45812751716005,0.00317487845825895,0.0409189432362986,0.0330304166633379,"ANXA2/ANXA3/BICD1/CCL3/GRP/NR4A3/PLEK/SDC1/SDC4/SYT15",10,"WT_heat_up","BP","no_iea",186,11390,219,2.79618991505867,FALSE,10,16,"endocytosis",NA,NA,NA,NA,NA,NA,NA
"GO:0060627","regulation of vesicle-mediated transport","13/186","333/11390",0.039039039039039,2.39061642287449,3.31836026572485,0.00321311137957179,0.0412116459553774,0.0332666909168989,"ANXA2/BICD1/C3/CLU/DAB2/EHD2/OPHN1/SDC1/SDC4/SERPINE1/SPHK1/SYT15/TGM2",13,"WT_heat_up","BP","no_iea",186,11390,333,2.39061642287449,FALSE,10,16,"endocytosis",NA,NA,NA,NA,NA,NA,NA
"GO:0050829","defense response to Gram-negative bacterium","4/186","38/11390",0.105263157894737,6.44595359366157,4.33253681633818,0.00329399254308061,0.0420459144321107,0.0339401255957092,"ADM/CALCA/IL23A/SERPINE1",4,"WT_heat_up","BP","no_iea",186,11390,38,6.44595359366157,FALSE,13,5,"humoral immune response",NA,NA,NA,NA,NA,NA,NA
"GO:0007599","hemostasis","8/186","151/11390",0.0529801324503311,3.24432101402834,3.57702793999962,0.00332094872920267,0.0421871716556607,0.0340541506555358,"ADORA2A/CD40LG/EMILIN2/F3/PDGFB/PLAUR/PLEK/SERPINE1",8,"WT_heat_up","BP","no_iea",186,11390,151,3.24432101402834,FALSE,8,10,"positive regulation of locomotion",NA,NA,NA,NA,NA,NA,NA
"GO:0048146","positive regulation of fibroblast proliferation","3/186","19/11390",0.157894736842105,9.66893039049236,4.87254327444774,0.00342441407382589,0.0424851372243352,0.034294673164336,"CDKN1A/PDGFB/SPHK1",3,"WT_heat_up","BP","no_iea",186,11390,19,9.66893039049236,FALSE,1,24,"positive regulation of cell population proliferation",NA,NA,NA,NA,NA,NA,NA
"GO:0061180","mammary gland epithelium development","3/186","19/11390",0.157894736842105,9.66893039049236,4.87254327444774,0.00342441407382589,0.0424851372243352,0.034294673164336,"EPHA2/IRF6/WNT3",3,"WT_heat_up","BP","no_iea",186,11390,19,9.66893039049236,TRUE,2,25,"vasculature development",NA,NA,NA,NA,NA,NA,NA
"GO:1901099","negative regulation of signal transduction in absence of ligand","3/186","19/11390",0.157894736842105,9.66893039049236,4.87254327444774,0.00342441407382589,0.0424851372243352,0.034294673164336,"CSF2/HSPA1A/IL1A",3,"WT_heat_up","BP","no_iea",186,11390,19,9.66893039049236,FALSE,6,23,"G protein-coupled receptor signaling pathway",NA,NA,NA,NA,NA,NA,NA
"GO:2000353","positive regulation of endothelial cell apoptotic process","3/186","19/11390",0.157894736842105,9.66893039049236,4.87254327444774,0.00342441407382589,0.0424851372243352,0.034294673164336,"CD40LG/F3/FASLG",3,"WT_heat_up","BP","no_iea",186,11390,19,9.66893039049236,FALSE,18,5,"negative regulation of apoptotic process",NA,NA,NA,NA,NA,NA,NA
"GO:2001240","negative regulation of extrinsic apoptotic signaling pathway in absence of ligand","3/186","19/11390",0.157894736842105,9.66893039049236,4.87254327444774,0.00342441407382589,0.0424851372243352,0.034294673164336,"CSF2/HSPA1A/IL1A",3,"WT_heat_up","BP","no_iea",186,11390,19,9.66893039049236,FALSE,6,23,"G protein-coupled receptor signaling pathway",NA,NA,NA,NA,NA,NA,NA
"GO:0043065","positive regulation of apoptotic process","13/186","336/11390",0.0386904761904762,2.36927163338454,3.28255671352853,0.0034681483976967,0.0428275999808593,0.0345711145053145,"ADAM8/ATF3/CCL3/CD40LG/CLU/EMILIN2/F3/FASLG/INHBA/LTA/TGM2/TNFSF11/TNFSF14",13,"WT_heat_up","BP","no_iea",186,11390,336,2.36927163338454,FALSE,18,5,"negative regulation of apoptotic process",NA,NA,NA,NA,NA,NA,NA
"GO:0045444","fat cell differentiation","7/186","120/11390",0.0583333333333333,3.57213261648746,3.64951153037542,0.00349167919183701,0.0428565512783349,0.0345944844494756,"EGR2/GDF6/NR4A1/NR4A2/NR4A3/PTGS2/YAP1",7,"WT_heat_up","BP","no_iea",186,11390,120,3.57213261648746,TRUE,9,15,"positive regulation of cell differentiation",NA,NA,NA,NA,NA,NA,NA
"GO:0043534","blood vessel endothelial cell migration","6/186","90/11390",0.0666666666666667,4.08243727598566,3.7825876429191,0.00350277650749479,0.0428565512783349,0.0345944844494756,"ATP2B4/EGR3/EPHA2/NR4A1/PDGFB/PTGS2",6,"WT_heat_up","BP","no_iea",186,11390,90,4.08243727598566,TRUE,7,18,"positive regulation of cell migration",NA,NA,NA,NA,NA,NA,NA
"GO:0001934","positive regulation of protein phosphorylation","9/186","187/11390",0.0481283422459893,2.94721407624633,3.45923490240361,0.00357765784617084,0.0434159792862959,0.0350460635650306,"C3/CALCA/CD80/CDKN1A/EGFR/MST1R/PDGFB/PLAUR/SPHK1",9,"WT_heat_up","BP","no_iea",186,11390,187,2.94721407624633,TRUE,22,1,"positive regulation of protein phosphorylation",NA,NA,NA,NA,NA,NA,NA
"GO:0061061","muscle structure development","12/186","298/11390",0.0402684563758389,2.46590171032691,3.30385342487603,0.003581205071073,0.0434159792862959,0.0350460635650306,"ASB2/CD53/CTH/EGR2/EGR3/EHD2/HBEGF/KDM6B/NEB/PDGFB/SDC1/STRA6",12,"WT_heat_up","BP","no_iea",186,11390,298,2.46590171032691,TRUE,2,25,"vasculature development",NA,NA,NA,NA,NA,NA,NA
"GO:0044093","positive regulation of molecular function","15/186","420/11390",0.0357142857142857,2.18701996927803,3.19368497476741,0.00369857997110284,0.0443204115723027,0.0357761355778405,"ADORA2B/ANXA3/CALCA/CD40LG/CDKN1A/CLU/EPHA2/HSPA1A/MST1R/PDGFB/PLAUR/RGS16/RIPK4/SPHK1/TGM2",15,"WT_heat_up","BP","no_iea",186,11390,420,2.18701996927803,TRUE,8,10,"positive regulation of locomotion",NA,NA,NA,NA,NA,NA,NA
"GO:0071675","regulation of mononuclear cell migration","6/186","91/11390",0.0659340659340659,4.03757532789791,3.74835285613428,0.0037002614418675,0.0443204115723027,0.0357761355778405,"ADAM8/CCL20/CCL3/CCL4/CD200/SERPINE1",6,"WT_heat_up","BP","no_iea",186,11390,91,4.03757532789791,FALSE,7,18,"positive regulation of cell migration",NA,NA,NA,NA,NA,NA,NA
"GO:0051896","regulation of phosphatidylinositol 3-kinase/protein kinase B signal transduction","9/186","188/11390",0.0478723404255319,2.931537405628,3.44070138253245,0.00370588752129989,0.0443204115723027,0.0357761355778405,"ADAM8/CCL3/EGFR/FAM110C/HBEGF/MST1R/PDGFB/PIK3AP1/PLK3",9,"WT_heat_up","BP","no_iea",186,11390,188,2.931537405628,FALSE,6,23,"G protein-coupled receptor signaling pathway",NA,NA,NA,NA,NA,NA,NA
"GO:0010720","positive regulation of cell development","10/186","225/11390",0.0444444444444444,2.72162485065711,3.36057147473395,0.00384808483017819,0.0458146422606417,0.0369823021677734,"ADAM8/CALCA/CD80/EGR2/IL2/IL23A/PLXNB2/TGM2/TNFSF11/TNFSF9",10,"WT_heat_up","BP","no_iea",186,11390,225,2.72162485065711,FALSE,9,15,"positive regulation of cell differentiation",NA,NA,NA,NA,NA,NA,NA
"GO:0072577","endothelial cell apoptotic process","4/186","40/11390",0.1,6.12365591397849,4.1823920446612,0.00397640112934719,0.0471310044572178,0.0380448905044684,"CD40LG/F3/FASLG/SERPINE1",4,"WT_heat_up","BP","no_iea",186,11390,40,6.12365591397849,TRUE,18,5,"negative regulation of apoptotic process",NA,NA,NA,NA,NA,NA,NA
"GO:0048729","tissue morphogenesis","10/186","227/11390",0.0440528634361234,2.69764577708304,3.32875829915111,0.00409605546218603,0.0481863843130728,0.0388968097775463,"EOMES/EPHA2/ITGA3/KDM6B/OPHN1/PAK1/PLXNB2/RIPK4/TMEFF2/YAP1",10,"WT_heat_up","BP","no_iea",186,11390,227,2.69764577708304,FALSE,2,25,"vasculature development",NA,NA,NA,NA,NA,NA,NA
"GO:2000628","regulation of miRNA metabolic process","5/186","65/11390",0.0769230769230769,4.71050454921423,3.86530047292163,0.00411772187463132,0.0481863843130728,0.0388968097775463,"EGFR/EGR1/FOSL1/NOTCH3/PDGFB",5,"WT_heat_up","BP","no_iea",186,11390,65,4.71050454921423,FALSE,17,9,"cyclic nucleotide metabolic process",NA,NA,NA,NA,NA,NA,NA
"GO:0051091","positive regulation of DNA-binding transcription factor activity","6/186","93/11390",0.0645161290322581,3.95074575095387,3.68132719270741,0.00411989048552449,0.0481863843130728,0.0388968097775463,"ANXA3/CD40LG/CLU/HSPA1A/RIPK4/SPHK1",6,"WT_heat_up","BP","no_iea",186,11390,93,3.95074575095387,FALSE,17,9,"cyclic nucleotide metabolic process",NA,NA,NA,NA,NA,NA,NA
"GO:0048514","blood vessel morphogenesis","32/188","463/11888",0.0691144708423326,4.37038739028537,9.37700910133422,1.36261031717168e-12,2.44307500698828e-09,1.8926546722264e-09,"ADAM8/ADM/ANXA2/ANXA3/ATP2B4/BCAM/C3/CCN1/EGR3/EMILIN2/EPHA2/EPN2/F3/FASLG/GJA5/HK2/HSPG2/IL17F/IL1A/NOTCH3/NPPC/NPR3/NR4A1/PDGFB/PLK2/PTGS2/SEMA4A/SERPINE1/SPHK1/STRA6/TGM2/YAP1",32,"WT_heat_up","BP","with_iea",188,11888,463,4.37038739028537,FALSE,1,56,"blood vessel morphogenesis",15.6485,21,0.000499750124937531,0.4705,6.9615,0.000499750124937531,0
"GO:0001525","angiogenesis","30/188","407/11888",0.0737100737100737,4.66098593758168,9.52637190037042,1.45118800533904e-12,2.44307500698828e-09,1.8926546722264e-09,"ADAM8/ADM/ANXA2/ANXA3/ATP2B4/BCAM/C3/CCN1/EGR3/EMILIN2/EPHA2/EPN2/F3/FASLG/GJA5/HK2/HSPG2/IL17F/IL1A/NOTCH3/NPPC/NPR3/NR4A1/PDGFB/PLK2/PTGS2/SEMA4A/SERPINE1/SPHK1/TGM2",30,"WT_heat_up","BP","with_iea",188,11888,407,4.66098593758168,TRUE,1,56,"blood vessel morphogenesis",13.506,19,0.000499750124937531,0.3665,6.0885,0.000499750124937531,0
"GO:0030335","positive regulation of cell migration","27/188","441/11888",0.0612244897959184,3.87147199305254,7.78933107219297,1.3981686383365e-09,1.24690889685849e-06,9.65982600914555e-07,"ADAM8/ANXA3/CCL20/CCL22/CCL3/CCL4/CCN1/CLDN4/CSF2/DAB2/EGFR/EPHA2/F3/FAM110C/HBEGF/IL23A/ITGA3/LAMC2/NR4A3/PAK1/PDGFB/PLK2/PTGS2/SEMA4A/SERPINE1/SPHK1/TNFSF14",27,"WT_heat_up","BP","with_iea",188,11888,441,3.87147199305254,TRUE,2,29,"positive regulation of cell migration",16.2615,22,0.00349825087456272,0.5855,6.5925,0.000499750124937531,0
"GO:0001819","positive regulation of cytokine production","26/188","415/11888",0.0626506024096386,3.96165085875417,7.78469382088749,1.79115310126022e-09,1.24690889685849e-06,9.65982600914555e-07,"ADAM8/ADORA2B/C3/CALCA/CCL3/CD200/CD40LG/CD80/CD83/CLU/CSF2/EGR1/F3/HSPA1A/IL17F/IL1A/IL2/IL23A/IL9/LTA/NR4A3/OAS3/PTGS2/SERPINE1/SPHK1/UAP1",26,"WT_heat_up","BP","with_iea",188,11888,415,3.96165085875417,TRUE,3,12,"positive regulation of cytokine production",15.886,22,0.00449775112443778,0.6275,6.265,0.000499750124937531,0
"GO:0006935","chemotaxis","23/188","330/11888",0.0696969696969697,4.40722114764668,7.9567932342197,2.22199387619571e-09,1.24690889685849e-06,9.65982600914555e-07,"ADAM8/C3/CALCA/CCL20/CCL22/CCL3/CCL4/CCN1/EGR3/EPHA2/F3/FOSL1/GPR183/HBEGF/IL23A/NR4A1/PDGFB/PLAUR/SEMA4A/SERPINE1/TNFSF11/TNFSF14/WNT3",23,"WT_heat_up","BP","with_iea",188,11888,330,4.40722114764668,TRUE,4,4,"chemotaxis",10.9225,16,0.000499750124937531,0.281,4.9545,0.000499750124937531,0
"GO:0042330","taxis","23/188","330/11888",0.0696969696969697,4.40722114764668,7.9567932342197,2.22199387619571e-09,1.24690889685849e-06,9.65982600914555e-07,"ADAM8/C3/CALCA/CCL20/CCL22/CCL3/CCL4/CCN1/EGR3/EPHA2/F3/FOSL1/GPR183/HBEGF/IL23A/NR4A1/PDGFB/PLAUR/SEMA4A/SERPINE1/TNFSF11/TNFSF14/WNT3",23,"WT_heat_up","BP","with_iea",188,11888,330,4.40722114764668,FALSE,4,4,"chemotaxis",10.9225,16,0.000499750124937531,0.281,4.9545,0.000499750124937531,0
"GO:2000147","positive regulation of cell motility","27/188","455/11888",0.0593406593406593,3.75234977788169,7.58841976201172,2.76000736008335e-09,1.32756354020009e-06,1.02846590049422e-06,"ADAM8/ANXA3/CCL20/CCL22/CCL3/CCL4/CCN1/CLDN4/CSF2/DAB2/EGFR/EPHA2/F3/FAM110C/HBEGF/IL23A/ITGA3/LAMC2/NR4A3/PAK1/PDGFB/PLK2/PTGS2/SEMA4A/SERPINE1/SPHK1/TNFSF14",27,"WT_heat_up","BP","with_iea",188,11888,455,3.75234977788169,FALSE,2,29,"positive regulation of cell migration",16.6305,22.05,0.00399800099950025,0.595,6.7995,0.000499750124937531,0
"GO:0040017","positive regulation of locomotion","27/188","465/11888",0.0580645161290323,3.6716540837337,7.44969923959457,4.41143722142137e-09,1.85666364056572e-06,1.43836071508976e-06,"ADAM8/ANXA3/CCL20/CCL22/CCL3/CCL4/CCN1/CLDN4/CSF2/DAB2/EGFR/EPHA2/F3/FAM110C/HBEGF/IL23A/ITGA3/LAMC2/NR4A3/PAK1/PDGFB/PLK2/PTGS2/SEMA4A/SERPINE1/SPHK1/TNFSF14",27,"WT_heat_up","BP","with_iea",188,11888,465,3.6716540837337,TRUE,5,5,"positive regulation of locomotion",16.9525,23,0.00449775112443778,0.6055,6.964,0.000499750124937531,0
"GO:0045765","regulation of angiogenesis","18/188","222/11888",0.0810810810810811,5.12708453133985,7.86830145513937,1.3460379915233e-08,5.03567768606549e-06,3.901148705257e-06,"ADM/ANXA3/ATP2B4/C3/EMILIN2/EPHA2/EPN2/F3/FASLG/HK2/HSPG2/IL17F/IL1A/PLK2/SEMA4A/SERPINE1/SPHK1/TGM2",18,"WT_heat_up","BP","with_iea",188,11888,222,5.12708453133985,FALSE,1,56,"blood vessel morphogenesis",7.939,12,0.000499750124937531,0.244122061030515,3.3105,0.000499750124937531,0
"GO:1901342","regulation of vasculature development","18/188","227/11888",0.079295154185022,5.01415315399756,7.7403588308055,1.90652932230485e-08,6.41928422820042e-06,4.97303122175938e-06,"ADM/ANXA3/ATP2B4/C3/EMILIN2/EPHA2/EPN2/F3/FASLG/HK2/HSPG2/IL17F/IL1A/PLK2/SEMA4A/SERPINE1/SPHK1/TGM2",18,"WT_heat_up","BP","with_iea",188,11888,227,5.01415315399756,FALSE,1,56,"blood vessel morphogenesis",8.157,13,0.000499750124937531,0.249124562281141,3.393,0.000499750124937531,0
"GO:0019221","cytokine-mediated signaling pathway","24/188","424/11888",0.0566037735849057,3.57928542753914,6.85545633787776,5.62741977916318e-08,1.72250203604022e-05,1.33442547490587e-05,"CCL22/CCL3/CCL4/CD70/CSF2/EGR1/F3/FOSL1/GFI1/HSPA1A/IL17F/IL1A/IL1RN/IL2/IL3/IL9/INHBA/MST1R/OAS3/PDGFB/SPHK1/TNFRSF11B/TNFSF11/YAP1",24,"WT_heat_up","BP","with_iea",188,11888,424,3.57928542753914,TRUE,6,29,"cytokine-mediated signaling pathway",14.1895,20,0.00299850074962519,0.4005,6.552,0.000499750124937531,0
"GO:0060326","cell chemotaxis","17/188","228/11888",0.0745614035087719,4.71481896229936,7.17923099433968,1.18525683637075e-07,3.31439078017332e-05,2.56766459389727e-05,"ADAM8/C3/CALCA/CCL20/CCL22/CCL3/CCL4/EGR3/EPHA2/GPR183/HBEGF/IL23A/NR4A1/PDGFB/SERPINE1/TNFSF11/TNFSF14",17,"WT_heat_up","BP","with_iea",188,11888,228,4.71481896229937,TRUE,2,29,"positive regulation of cell migration",7.7735,12,0.00349825087456272,0.206103051525763,3.433,0.000499750124937531,0
"GO:0009611","response to wounding","24/188","443/11888",0.054176072234763,3.42577205705778,6.59577874358134,1.27968755991248e-07,3.31439078017332e-05,2.56766459389727e-05,"ADORA2A/ANXA2/CD40LG/CDKN1A/CLDN4/EMILIN2/F3/FOSL1/GAP43/HBEGF/IL1A/NEO1/NPPC/PAK1/PDGFB/PLAUR/PLEK/PROCR/SDC4/SERPINE1/SPP1/TIMP1/TMEFF2/YAP1",24,"WT_heat_up","BP","with_iea",188,11888,443,3.42577205705778,TRUE,7,19,"response to wounding",14.6245,20,0.00599700149925037,0.4035,6.6075,0.000499750124937531,0
"GO:0048771","tissue remodeling","13/188","132/11888",0.0984848484848485,6.22759509993553,7.65563543976615,1.59236786664802e-07,3.82964471928848e-05,2.96683276207052e-05,"ADAM8/CALCA/EPHA2/FOSL2/GJA5/IL1A/IL2/IL23A/NPPC/NPR3/SPP1/TIMP1/TNFSF11",13,"WT_heat_up","BP","with_iea",188,11888,132,6.22759509993553,TRUE,8,12,"tissue remodeling",4.9115,8,0.000999500249875062,0.114127702362996,1.9185,0.000499750124937531,0
"GO:2001233","regulation of apoptotic signaling pathway","20/188","322/11888",0.062111801242236,3.92758028280692,6.75098713702077,1.77845297723178e-07,3.99203411622628e-05,3.0926361246178e-05,"ADORA2A/ATF3/CD40LG/CLU/CSF2/CTH/FASLG/HSPA1A/IER3/IL1A/INHBA/LTA/NR4A2/PLAUR/PTGS2/SERPINE1/TNFSF11/TNFSF14/TP73/YAP1",20,"WT_heat_up","BP","with_iea",188,11888,322,3.92758028280692,TRUE,6,29,"cytokine-mediated signaling pathway",11.2735,17,0.00649675162418791,0.3305,4.872,0.000499750124937531,0
"GO:0050867","positive regulation of cell activation","20/188","333/11888",0.0600600600600601,3.79784039358507,6.56420601765958,3.05449909605557e-07,6.42781153526194e-05,4.97963734212217e-05,"ADAM8/CCL3/CD200/CD40LG/CD70/CD80/CD83/CDKN1A/EGR3/GPR183/HAVCR1/HSPH1/IL1A/IL2/IL23A/NR4A3/PLEK/TNFSF11/TNFSF14/TNFSF9",20,"WT_heat_up","BP","with_iea",188,11888,333,3.79784039358507,TRUE,9,21,"positive regulation of cell activation",13.5065,19,0.0374812593703148,0.595,4.988,0.000499750124937531,0
"GO:0048729","tissue morphogenesis","23/188","436/11888",0.0527522935779817,3.33574077688854,6.29867706767458,3.8385825814415e-07,7.60265150100796e-05,5.88978801040993e-05,"ADM/ALDH1A2/AREG/ASB2/EGFR/EOMES/EPHA2/HBEGF/INHBA/ITGA3/KDM6B/NR4A3/OPHN1/PAK1/PLXNB2/RIPK4/SDC4/SPINT1/SPRY1/TGM2/TMEFF2/WNT3/YAP1",23,"WT_heat_up","BP","with_iea",188,11888,436,3.33574077688854,TRUE,1,56,"blood vessel morphogenesis",15.1245,21,0.0144927536231884,0.4805,6.515,0.000499750124937531,0
"GO:0045785","positive regulation of cell adhesion","22/188","407/11888",0.0540540540540541,3.41805635422657,6.29210395755642,4.64541412468463e-07,8.68950519878508e-05,6.73177555612193e-05,"ADAM8/CCN1/CD40LG/CD70/CD80/CD83/DAB2/EGR3/EMILIN2/HSPH1/IL1A/IL2/IL23A/ITGA3/NR4A3/PDGFB/PLAUR/SDC4/TGM2/TNFSF11/TNFSF14/TNFSF9",22,"WT_heat_up","BP","with_iea",188,11888,407,3.41805635422657,TRUE,10,7,"positive regulation of cell adhesion",15.5365,21,0.0469765117441279,0.597,6.1865,0.000499750124937531,0
"GO:0002696","positive regulation of leukocyte activation","19/188","318/11888",0.059748427672956,3.77813461795798,6.36535004990731,6.65370580114207e-07,0.000112015137162227,8.67783314485792e-05,"ADAM8/CCL3/CD200/CD40LG/CD70/CD80/CD83/CDKN1A/EGR3/GPR183/HAVCR1/HSPH1/IL1A/IL2/IL23A/NR4A3/TNFSF11/TNFSF14/TNFSF9",19,"WT_heat_up","BP","with_iea",188,11888,318,3.77813461795798,FALSE,9,21,"positive regulation of cell activation",13.057,19,0.0529735132433783,0.5695,4.7725,0.000499750124937531,0
"GO:0050727","regulation of inflammatory response","19/188","318/11888",0.059748427672956,3.77813461795798,6.36535004990731,6.65370580114207e-07,0.000112015137162227,8.67783314485792e-05,"ADAM8/ADORA2A/ADORA2B/BCL6B/C3/CAMK2N1/CCL3/CD200/DAGLA/IER3/IL2/IL23A/LTA/PIK3AP1/PLK2/PTGS2/SERPINE1/SPHK1/TNFSF11",19,"WT_heat_up","BP","with_iea",188,11888,318,3.77813461795798,TRUE,7,19,"response to wounding",11.717,17,0.015992003998001,0.3975,4.78,0.000499750124937531,0
"GO:0002694","regulation of leukocyte activation","24/188","493/11888",0.0486815415821501,3.07833067196064,5.97452065577639,8.97652791035862e-07,0.00014392366416275,0.000111497925623402,"ADAM8/ADORA2A/CCL3/CD200/CD40LG/CD70/CD80/CD83/CDKN1A/EGR3/GPR183/HAVCR1/HSPH1/IL1A/IL2/IL23A/INHBA/KLRC1/NR4A3/SDC4/SPHK1/TNFSF11/TNFSF14/TNFSF9",24,"WT_heat_up","BP","with_iea",188,11888,493,3.07833067196064,FALSE,9,21,"positive regulation of cell activation",19.071,25,0.12143928035982,0.744,7.505,0.000499750124937531,0
"GO:2001236","regulation of extrinsic apoptotic signaling pathway","12/188","134/11888",0.0895522388059701,5.66275007939028,6.88056052142101,1.35097264033502e-06,0.000206760221818546,0.000160177521662688,"ATF3/CD40LG/CSF2/FASLG/HSPA1A/IL1A/INHBA/LTA/SERPINE1/TNFSF11/TNFSF14/YAP1",12,"WT_heat_up","BP","with_iea",188,11888,134,5.66275007939028,FALSE,6,29,"cytokine-mediated signaling pathway",4.8665,8.04999999999995,0.00299850074962519,0.12638469284995,1.9715,0.000499750124937531,0
"GO:0042060","wound healing","19/188","342/11888",0.0555555555555556,3.51300236406619,5.97739971739102,1.98095649993324e-06,0.000289994805881532,0.000224659506033619,"ADORA2A/ANXA2/CD40LG/CDKN1A/CLDN4/EMILIN2/F3/HBEGF/IL1A/PAK1/PDGFB/PLAUR/PLEK/PROCR/SDC4/SERPINE1/TIMP1/TMEFF2/YAP1",19,"WT_heat_up","BP","with_iea",188,11888,342,3.51300236406619,FALSE,7,19,"response to wounding",11.0395,16,0.0114942528735632,0.2605,5.107,0.000499750124937531,0
"GO:0050878","regulation of body fluid levels","17/188","280/11888",0.0607142857142857,3.83920972644377,6.09424507736154,2.13559076463585e-06,0.000299605587688705,0.000232104996261739,"ADM/ADORA2A/ANO1/ANXA2/CD40LG/EMILIN2/F3/FOSL2/GJA5/HK2/NPR3/PDGFB/PLAUR/PLEK/PROCR/SERPINE1/TP73",17,"WT_heat_up","BP","with_iea",188,11888,280,3.83920972644377,TRUE,11,15,"regulation of body fluid levels",8.433,13,0.00549725137431284,0.1325,4.179,0.000499750124937531,0
"GO:0070661","leukocyte proliferation","17/188","287/11888",0.0592334494773519,3.74557046482319,5.9682630234976,2.98700906473585e-06,0.000402290380838624,0.000311655093154334,"CD40LG/CD70/CD80/CDKN1A/CLU/CSF2/FOSL2/GPR183/IL1A/IL2/IL23A/IL9/NPR3/SDC4/TNFSF11/TNFSF14/TNFSF9",17,"WT_heat_up","BP","with_iea",188,11888,287,3.74557046482319,TRUE,12,23,"leukocyte proliferation",11.4375,16,0.0419790104947526,0.4795,4.3495,0.000499750124937531,0
"GO:0097191","extrinsic apoptotic signaling pathway","14/188","199/11888",0.0703517587939698,4.44862610926975,6.2187929261754,3.21691287269574e-06,0.000416590217014099,0.000322733202370043,"ATF3/CD40LG/CD70/CSF2/FASLG/HSPA1A/IL1A/IL2/INHBA/LTA/SERPINE1/TNFSF11/TNFSF14/YAP1",14,"WT_heat_up","BP","with_iea",188,11888,199,4.44862610926975,FALSE,6,29,"cytokine-mediated signaling pathway",7.125,11,0.0109945027486257,0.197098549274637,2.985,0.000499750124937531,0
"GO:0006959","humoral immune response","12/188","146/11888",0.0821917808219178,5.19731856601574,6.46843840993733,3.34653819527469e-06,0.000417325707536662,0.000323302988221859,"ADM/C3/CALCA/CCL20/CCL22/CCL3/CCL4/CD83/CLU/GPR183/IL17F/LTA",12,"WT_heat_up","BP","with_iea",188,11888,146,5.19731856601574,TRUE,13,8,"humoral immune response",3.945,7,0.000499750124937531,0.0354969574036511,2.13,0.000499750124937531,0
"GO:0022407","regulation of cell-cell adhesion","20/188","406/11888",0.0492610837438424,3.11497746567446,5.49644789247442,6.5508814639198e-06,0.000735562822713667,0.000569841862874796,"ADAM8/ADORA2A/CD40LG/CD70/CD80/CD83/EGR3/EMILIN2/EPCAM/HSPH1/IL1A/IL1RN/IL2/IL23A/NR4A3/PLAUR/SDC4/TNFSF11/TNFSF14/TNFSF9",20,"WT_heat_up","BP","with_iea",188,11888,406,3.11497746567446,FALSE,10,7,"positive regulation of cell adhesion",15.8865,22,0.15192403798101,0.6445,6.199,0.000499750124937531,0
"GO:0007200","phospholipase C-activating G protein-coupled receptor signaling pathway","9/188","84/11888",0.107142857142857,6.77507598784194,6.73294195996297,6.77233368105842e-06,0.000735562822713667,0.000569841862874796,"ADORA2A/ANO1/BICD1/CALCA/GAP43/GRP/IL2/PLEK/TGM2",9,"WT_heat_up","BP","with_iea",188,11888,84,6.77507598784195,FALSE,6,29,"cytokine-mediated signaling pathway",2.1575,5,0.000499750124937531,0.021336327905671,1.2235,0.000499750124937531,0
"GO:0016525","negative regulation of angiogenesis","9/188","84/11888",0.107142857142857,6.77507598784194,6.73294195996297,6.77233368105842e-06,0.000735562822713667,0.000569841862874796,"ATP2B4/EPHA2/EPN2/FASLG/HSPG2/IL17F/PLK2/SEMA4A/SERPINE1",9,"WT_heat_up","BP","with_iea",188,11888,84,6.77507598784195,FALSE,1,56,"blood vessel morphogenesis",2.9345,6,0.00199900049975012,0.0685146443514644,1.195,0.000499750124937531,0
"GO:2000181","negative regulation of blood vessel morphogenesis","9/188","84/11888",0.107142857142857,6.77507598784194,6.73294195996297,6.77233368105842e-06,0.000735562822713667,0.000569841862874796,"ATP2B4/EPHA2/EPN2/FASLG/HSPG2/IL17F/PLK2/SEMA4A/SERPINE1",9,"WT_heat_up","BP","with_iea",188,11888,84,6.77507598784195,FALSE,1,56,"blood vessel morphogenesis",2.9345,6,0.00199900049975012,0.0685146443514644,1.195,0.000499750124937531,0
"GO:0030307","positive regulation of cell growth","11/188","131/11888",0.083969465648855,5.30972876400845,6.28723150813042,7.04413533122842e-06,0.000739965710665135,0.000573252788216342,"AVPR1A/CPNE6/CRABP2/EGFR/HBEGF/IL2/IL9/PAK1/SPHK1/WNT3/YAP1",11,"WT_heat_up","BP","with_iea",188,11888,131,5.30972876400845,TRUE,14,8,"positive regulation of cell growth",4.414,8,0.00449775112443778,0.0842158345940494,1.915,0.000499750124937531,0
"GO:0022409","positive regulation of cell-cell adhesion","16/188","275/11888",0.0581818181818182,3.67907156673114,5.69771306064462,7.42016490188497e-06,0.000739965710665135,0.000573252788216342,"ADAM8/CD40LG/CD70/CD80/CD83/EGR3/EMILIN2/HSPH1/IL1A/IL2/IL23A/NR4A3/PLAUR/TNFSF11/TNFSF14/TNFSF9",16,"WT_heat_up","BP","with_iea",188,11888,275,3.67907156673114,FALSE,10,7,"positive regulation of cell adhesion",11.029,16,0.0729635182408796,0.4465,4.156,0.000499750124937531,0
"GO:1901343","negative regulation of vasculature development","9/188","85/11888",0.105882352941176,6.69536921151439,6.67970476462715,7.47218121847775e-06,0.000739965710665135,0.000573252788216342,"ATP2B4/EPHA2/EPN2/FASLG/HSPG2/IL17F/PLK2/SEMA4A/SERPINE1",9,"WT_heat_up","BP","with_iea",188,11888,85,6.69536921151439,FALSE,1,56,"blood vessel morphogenesis",2.9445,6,0.00199900049975012,0.0700104493207941,1.209,0.000499750124937531,0
"GO:0050673","epithelial cell proliferation","17/188","312/11888",0.0544871794871795,3.44544462629569,5.54853073845636,9.10281580988958e-06,0.000834613425287491,0.000646576545687213,"ALDH1A2/AREG/CALCA/CDKN1A/DAB2/EGFR/EGR3/EPHA2/F3/HSPG2/IRF6/NR4A1/NR4A3/PDGFB/TGM1/TNFSF11/YAP1",17,"WT_heat_up","BP","with_iea",188,11888,312,3.44544462629569,TRUE,12,23,"leukocyte proliferation",11.806,17,0.055472263868066,0.425,4.76,0.000499750124937531,0
"GO:0007159","leukocyte cell-cell adhesion","18/188","346/11888",0.0520231213872832,3.28963227155331,5.47879911841348,9.29079995734758e-06,0.000834613425287491,0.000646576545687213,"ADAM8/ADORA2A/CALCA/CD40LG/CD70/CD80/CD83/EGR3/HSPH1/IL1A/IL2/IL23A/NR4A3/OLR1/SDC4/TNFSF11/TNFSF14/TNFSF9",18,"WT_heat_up","BP","with_iea",188,11888,346,3.28963227155331,TRUE,10,7,"positive regulation of cell adhesion",13.832,19,0.130934532733633,0.584,5.274,0.000499750124937531,0
"GO:0045744","negative regulation of G protein-coupled receptor signaling pathway","7/188","48/11888",0.145833333333333,9.22163120567376,7.23477258985086,9.41533115584536e-06,0.000834613425287491,0.000646576545687213,"ADM/APLP1/ATP2B4/BICD1/CALCA/PLEK/SERPINE1",7,"WT_heat_up","BP","with_iea",188,11888,48,9.22163120567376,TRUE,6,29,"cytokine-mediated signaling pathway",1.361,3,0.000499750124937531,0.0151915455746367,0.6365,0.000499750124937531,0
"GO:0009617","response to bacterium","22/188","489/11888",0.0449897750511247,2.84488535004134,5.28095613392152,9.41945653725116e-06,0.000834613425287491,0.000646576545687213,"ADM/ANXA3/C3/CALCA/CCL20/CD200/CD80/CSF2/EMILIN2/EPHA2/FASLG/FOSL2/GFI1/IL17F/IL1A/IL23A/IL24/LTA/NR4A1/OAS3/PTGER2/SERPINE1",22,"WT_heat_up","BP","with_iea",188,11888,489,2.84488535004133,TRUE,15,8,"response to bacterium",15.59,22,0.056471764117941,0.3805,7.552,0.000499750124937531,0
"GO:0050729","positive regulation of inflammatory response","11/188","136/11888",0.0808823529411765,5.11451814768461,6.11722803324318,1.00948793730116e-05,0.000871524585870005,0.000675171689239483,"ADAM8/ADORA2B/C3/CAMK2N1/CCL3/IL2/IL23A/LTA/PTGS2/SERPINE1/TNFSF11",11,"WT_heat_up","BP","with_iea",188,11888,136,5.11451814768461,FALSE,7,19,"response to wounding",5.0665,9,0.00699650174912544,0.131155778894472,2.0595,0.000499750124937531,0
"GO:0001707","mesoderm formation","7/188","49/11888",0.142857142857143,9.03343465045593,7.14272483928205,1.08390380268573e-05,0.000912376025910717,0.000706819374488224,"EOMES/EPHA2/INHBA/ITGA3/KDM6B/NR4A3/WNT3",7,"WT_heat_up","BP","with_iea",188,11888,49,9.03343465045593,TRUE,1,56,"blood vessel morphogenesis",1.8615,4,0.00249875062468766,0.0359628770301624,0.6655,0.000499750124937531,0
"GO:0048598","embryonic morphogenesis","20/188","423/11888",0.0472813238770686,2.98978924601378,5.28216980908208,1.2001823776646e-05,0.000985613186730901,0.000763556336804331,"ADM/ALDH1A2/ASB2/CCN1/CRABP2/EOMES/EPHA2/GJA5/IL1RN/INHBA/ITGA3/KDM6B/NR4A3/PLXNB2/SDC4/SPINT1/STRA6/TTC39C/WNT3/YAP1",20,"WT_heat_up","BP","with_iea",188,11888,423,2.98978924601378,FALSE,1,56,"blood vessel morphogenesis",13.9055,19,0.0494752623688156,0.379,6.4025,0.000499750124937531,0
"GO:0048332","mesoderm morphogenesis","7/188","50/11888",0.14,8.85276595744681,7.05327169649341,1.24365982395769e-05,0.000993770812549309,0.000769876064432554,"EOMES/EPHA2/INHBA/ITGA3/KDM6B/NR4A3/WNT3",7,"WT_heat_up","BP","with_iea",188,11888,50,8.85276595744681,FALSE,1,56,"blood vessel morphogenesis",1.9055,4,0.00349825087456272,0.0426758938869665,0.684,0.000499750124937531,0
"GO:0050900","leukocyte migration","16/188","287/11888",0.0557491289198606,3.52524279042182,5.48931938353986,1.2691459738527e-05,0.000993770812549309,0.000769876064432554,"ADAM8/ASB2/C3/CALCA/CCL20/CCL22/CCL3/CCL4/CD200/GPR183/IL23A/ITGA3/PDGFB/SERPINE1/TNFSF11/TNFSF14",16,"WT_heat_up","BP","with_iea",188,11888,287,3.52524279042183,TRUE,2,29,"positive regulation of cell migration",10.2695,15,0.0449775112443778,0.3205,4.397,0.000499750124937531,0
"GO:1903532","positive regulation of secretion by cell","14/188","225/11888",0.0622222222222222,3.93456264775414,5.63315409757018,1.3255460528991e-05,0.000998411961350901,0.000773471570890073,"ADAM8/ADORA2A/ADORA2B/ANXA2/AVPR1A/DAB2/GRP/IL1A/ILDR1/INHBA/SDC1/SDC4/SPP1/TNFSF11",14,"WT_heat_up","BP","with_iea",188,11888,225,3.93456264775414,TRUE,16,12,"positive regulation of secretion by cell",8.0125,12,0.0229885057471264,0.23711855927964,3.325,0.000499750124937531,0
"GO:0031349","positive regulation of defense response","21/188","463/11888",0.0453563714902808,2.86806672487478,5.19728940701004,1.34912006463252e-05,0.000998411961350901,0.000773471570890073,"ADAM8/ADORA2B/C3/CAMK2N1/CCL3/EMILIN2/FOSL1/GFI1/GRP/HSPA1A/IL17F/IL2/IL23A/KLRC1/LTA/OAS3/PAK1/PIK3AP1/PTGS2/SERPINE1/TNFSF11",21,"WT_heat_up","BP","with_iea",188,11888,463,2.86806672487478,FALSE,7,19,"response to wounding",16.3115,22,0.124437781109445,0.548,7.14,0.000499750124937531,0
"GO:0008277","regulation of G protein-coupled receptor signaling pathway","10/188","115/11888",0.0869565217391304,5.49861239592969,6.14477590147589,1.36403178562939e-05,0.000998411961350901,0.000773471570890073,"ADM/APLP1/ATP2B4/BICD1/C3/CALCA/GRP/PLEK/RGS16/SERPINE1",10,"WT_heat_up","BP","with_iea",188,11888,115,5.49861239592969,FALSE,6,29,"cytokine-mediated signaling pathway",3.2095,6,0.00249875062468766,0.0347510373443983,1.636,0.000499750124937531,0
"GO:2001238","positive regulation of extrinsic apoptotic signaling pathway","7/188","51/11888",0.137254901960784,8.67918231122236,6.96628707862127,1.4224250426647e-05,0.00101426066813601,0.000785749592997368,"ATF3/CD40LG/FASLG/INHBA/LTA/TNFSF11/TNFSF14",7,"WT_heat_up","BP","with_iea",188,11888,51,8.67918231122236,FALSE,6,29,"cytokine-mediated signaling pathway",1.8075,4,0.00349825087456272,0.0387828162291169,0.7035,0.000499750124937531,0
"GO:0001890","placenta development","10/188","116/11888",0.0862068965517241,5.4512105649303,6.10666550674669,1.47249087292501e-05,0.00101426066813601,0.000785749592997368,"ADM/CCN1/CSF2/EGFR/EOMES/FOSL1/PDGFB/PTGS2/SPINT1/SPP1",10,"WT_heat_up","BP","with_iea",188,11888,116,5.4512105649303,TRUE,1,56,"blood vessel morphogenesis",3.9425,7,0.00399800099950025,0.0957230142566191,1.6655,0.000499750124937531,0
"GO:0044057","regulation of system process","18/188","358/11888",0.0502793296089385,3.17936526803756,5.30736566059813,1.47678702947659e-05,0.00101426066813601,0.000785749592997368,"ADM/ADORA2B/ATP2B4/AVPR1A/CALCA/CCL3/DAB2/EGR2/GJA5/GRP/HBEGF/INHBA/NPR3/NR4A3/PAK1/PDGFB/SPHK1/SPP1",18,"WT_heat_up","BP","with_iea",188,11888,358,3.17936526803756,TRUE,17,13,"regulation of system process",12.003,17,0.0419790104947526,0.3165,5.3815,0.000499750124937531,0
"GO:0030595","leukocyte chemotaxis","12/188","169/11888",0.0710059171597633,4.48999118720886,5.79221308764532,1.50617859836057e-05,0.00101426066813601,0.000785749592997368,"ADAM8/C3/CALCA/CCL22/CCL3/CCL4/GPR183/IL23A/PDGFB/SERPINE1/TNFSF11/TNFSF14",12,"WT_heat_up","BP","with_iea",188,11888,169,4.48999118720886,FALSE,2,29,"positive regulation of cell migration",6.064,10,0.0144927536231884,0.154577288644322,2.568,0.000499750124937531,0
"GO:0010720","positive regulation of cell development","18/188","360/11888",0.05,3.16170212765957,5.2794932821977,1.59201296422898e-05,0.00103500893518685,0.000801823313395654,"ADAM8/CALCA/CD80/CD83/CRABP2/EGR2/EGR3/IL2/IL23A/LTA/PAK1/PLXNB2/SPINT1/TGM2/TNFSF11/TNFSF9/TP73/WNT3",18,"WT_heat_up","BP","with_iea",188,11888,360,3.16170212765957,TRUE,18,31,"positive regulation of cell development",14.76,20,0.193903048475762,0.6425,5.4905,0.000499750124937531,0
"GO:0071674","mononuclear cell migration","12/188","170/11888",0.0705882352941176,4.46357947434293,5.76560646800386,1.59846939797197e-05,0.00103500893518685,0.000801823313395654,"ADAM8/ASB2/CALCA/CCL20/CCL3/CCL4/CD200/GPR183/PDGFB/SERPINE1/TNFSF11/TNFSF14",12,"WT_heat_up","BP","with_iea",188,11888,170,4.46357947434293,FALSE,2,29,"positive regulation of cell migration",6.3725,10,0.0199900049975013,0.168668668668669,2.579,0.000499750124937531,0
"GO:0045766","positive regulation of angiogenesis","10/188","120/11888",0.0833333333333333,5.26950354609929,5.95852542583581,1.98394729843406e-05,0.00124790885754732,0.000966757272287451,"ADM/ANXA3/C3/EMILIN2/F3/HK2/IL1A/SERPINE1/SPHK1/TGM2",10,"WT_heat_up","BP","with_iea",188,11888,120,5.26950354609929,FALSE,1,56,"blood vessel morphogenesis",4.5515,8,0.0139930034982509,0.146612740141557,1.786,0.000499750124937531,0
"GO:0030316","osteoclast differentiation","9/188","96/11888",0.09375,5.9281914893617,6.14542015974537,2.02673357406455e-05,0.00124790885754732,0.000966757272287451,"ANXA2/CALCA/CCL3/EPHA2/FOSL2/GPR183/IL23A/TNFRSF11B/TNFSF11",9,"WT_heat_up","BP","with_iea",188,11888,96,5.9281914893617,TRUE,18,31,"positive regulation of cell development",3.1035,6,0.00149925037481259,0.0506721820062048,1.389,0.000499750124937531,0
"GO:0050818","regulation of coagulation","7/188","54/11888",0.12962962962963,8.19700551615445,6.71900645169077,2.09059962437903e-05,0.00124790885754732,0.000966757272287451,"ANXA2/EMILIN2/F3/PDGFB/PLAUR/PROCR/SERPINE1",7,"WT_heat_up","BP","with_iea",188,11888,54,8.19700551615445,TRUE,17,13,"regulation of system process",1.691,4,0.000999500249875062,0.0272067714631197,0.761,0.000499750124937531,0
"GO:0061844","antimicrobial humoral immune response mediated by antimicrobial peptide","7/188","54/11888",0.12962962962963,8.19700551615445,6.71900645169077,2.09059962437903e-05,0.00124790885754732,0.000966757272287451,"ADM/CALCA/CCL20/CCL22/CCL3/CCL4/IL17F",7,"WT_heat_up","BP","with_iea",188,11888,54,8.19700551615445,TRUE,15,8,"response to bacterium",1.2155,3,0.000999500249875062,0.00552486187845304,0.786,0.000499750124937531,0
"GO:0070372","regulation of ERK1 and ERK2 cascade","13/188","204/11888",0.0637254901960784,4.02962035878181,5.5326047493493,2.11258701752887e-05,0.00124790885754732,0.000966757272287451,"ADORA2A/ATF3/CCL3/CCN1/DAB2/EGFR/EPHA2/GPR183/IL1A/INHBA/PDGFB/SPRY1/TNFSF11",13,"WT_heat_up","BP","with_iea",188,11888,204,4.02962035878181,FALSE,6,29,"cytokine-mediated signaling pathway",8.0485,12,0.0454772613693153,0.2775,3.0635,0.000499750124937531,0
"GO:0048568","embryonic organ development","16/188","301/11888",0.053156146179402,3.36127800947197,5.25977288619994,2.28725069968358e-05,0.00132778846652321,0.00102864015132775,"ADM/ALDH1A2/ASB2/CCN1/CSF2/EGFR/EOMES/EPHA2/GJA5/IL3/NR4A3/PDGFB/SPINT1/STRA6/TTC39C/YAP1",16,"WT_heat_up","BP","with_iea",188,11888,301,3.36127800947197,TRUE,1,56,"blood vessel morphogenesis",9.843,15,0.0269865067466267,0.242,4.547,0.000499750124937531,0
"GO:0051047","positive regulation of secretion","14/188","237/11888",0.0590717299578059,3.73534428584253,5.3917120953199,2.37552089609281e-05,0.00135565743341432,0.00105023029090419,"ADAM8/ADORA2A/ADORA2B/ANXA2/AVPR1A/DAB2/GRP/IL1A/ILDR1/INHBA/SDC1/SDC4/SPP1/TNFSF11",14,"WT_heat_up","BP","with_iea",188,11888,237,3.73534428584253,FALSE,16,12,"positive regulation of secretion by cell",8.4355,13,0.0339830084957521,0.2315,3.515,0.000499750124937531,0
"GO:1904018","positive regulation of vasculature development","10/188","123/11888",0.0813008130081301,5.14097906936516,5.85169592348267,2.46148139067553e-05,0.00137951952791731,0.00106871629911966,"ADM/ANXA3/C3/EMILIN2/F3/HK2/IL1A/SERPINE1/SPHK1/TGM2",10,"WT_heat_up","BP","with_iea",188,11888,123,5.14097906936516,FALSE,1,56,"blood vessel morphogenesis",4.716,8,0.015992003998001,0.158585858585859,1.838,0.000499750124937531,0
"GO:0043068","positive regulation of programmed cell death","20/188","445/11888",0.0449438202247191,2.84197944059288,5.02015307741982,2.49927802800582e-05,0.00137951952791731,0.00106871629911966,"ADAM8/ADORA2A/ALDH1A2/ATF3/CCL3/CCN1/CD40LG/CDKN1A/CLU/EMILIN2/F3/FASLG/INHBA/LTA/NR4A1/NR4A3/TGM2/TNFSF11/TNFSF14/TP73",20,"WT_heat_up","BP","with_iea",188,11888,445,2.84197944059288,TRUE,19,7,"positive regulation of programmed cell death",15.093,21,0.100949525237381,0.446,6.811,0.000499750124937531,0
"GO:1903034","regulation of response to wounding","10/188","124/11888",0.0806451612903226,5.09951956074125,5.81685747411476,2.64114817133017e-05,0.00141154696712201,0.00109352801479635,"ANXA2/CLDN4/EMILIN2/F3/HBEGF/NEO1/PDGFB/PLAUR/SERPINE1/SPP1",10,"WT_heat_up","BP","with_iea",188,11888,124,5.09951956074125,TRUE,7,19,"response to wounding",4.639,8,0.0134932533733133,0.130478589420655,1.7935,0.000499750124937531,0
"GO:2001235","positive regulation of apoptotic signaling pathway","10/188","124/11888",0.0806451612903226,5.09951956074125,5.81685747411476,2.64114817133017e-05,0.00141154696712201,0.00109352801479635,"ADORA2A/ATF3/CD40LG/CLU/FASLG/INHBA/LTA/TNFSF11/TNFSF14/TP73",10,"WT_heat_up","BP","with_iea",188,11888,124,5.09951956074125,FALSE,6,29,"cytokine-mediated signaling pathway",4.448,8,0.0109945027486257,0.116396761133603,1.819,0.000499750124937531,0
"GO:0072677","eosinophil migration","4/188","12/11888",0.333333333333333,21.0780141843972,8.82060573588307,2.7154346871395e-05,0.00141292621160996,0.0010945965180215,"ADAM8/CCL22/CCL3/CCL4",4,"WT_heat_up","BP","with_iea",188,11888,12,21.0780141843972,FALSE,2,29,"positive regulation of cell migration",0.3015,1,0.000499750124937531,0.00564971751412429,0.1295,0.000499750124937531,0
"GO:0006898","receptor-mediated endocytosis","13/188","209/11888",0.062200956937799,3.93321795785402,5.42296465836614,2.72765677916981e-05,0.00141292621160996,0.0010945965180215,"ADM/ANXA2/BICD1/C3/CALCA/CLU/DAB2/HSPG2/OPHN1/PLXNB2/SDC1/SERPINE1/SH3GL3",13,"WT_heat_up","BP","with_iea",188,11888,209,3.93321795785402,TRUE,16,12,"positive regulation of secretion by cell",5.6105,9,0.00449775112443778,0.0485728592889334,3.1245,0.000499750124937531,0
"GO:1903039","positive regulation of leukocyte cell-cell adhesion","14/188","241/11888",0.0580912863070539,3.67334687030988,5.31470203784902,2.86063262497757e-05,0.00145935606792416,0.00113056581255094,"ADAM8/CD40LG/CD70/CD80/CD83/EGR3/HSPH1/IL1A/IL2/IL23A/NR4A3/TNFSF11/TNFSF14/TNFSF9",14,"WT_heat_up","BP","with_iea",188,11888,241,3.67334687030988,FALSE,10,7,"positive regulation of cell adhesion",10.0245,15,0.115942028985507,0.429,3.6335,0.000499750124937531,0
"GO:0040008","regulation of growth","20/188","451/11888",0.0443458980044346,2.80417040147191,4.95144420013844,3.02508526124362e-05,0.00152021822009064,0.00117771583304975,"AVPR1A/CDKN1A/CPNE6/CRABP2/DAB2/EGFR/FOSL2/GAP43/HBEGF/HSPA1A/IL2/IL9/INHBA/NPPC/PAK1/SPHK1/SPP1/TP73/WNT3/YAP1",20,"WT_heat_up","BP","with_iea",188,11888,451,2.80417040147191,TRUE,14,8,"positive regulation of cell growth",15.0205,21,0.0994502748625687,0.4425,6.9135,0.000499750124937531,0
"GO:0042110","T cell activation","21/188","493/11888",0.0425963488843813,2.69353933796556,4.86837147358268,3.43062764514193e-05,0.00169866518841072,0.00131595902548943,"ADAM8/ADORA2A/CD40LG/CD70/CD80/CD83/EGR1/EGR3/EOMES/FOSL2/GPR183/HSPH1/IL1A/IL2/IL23A/KLRC1/SDC4/SEMA4A/TNFSF11/TNFSF14/TNFSF9",21,"WT_heat_up","BP","with_iea",188,11888,493,2.69353933796556,TRUE,9,21,"positive regulation of cell activation",18.758,25,0.319340329835082,0.7095,7.579,0.000499750124937531,0
"GO:0001558","regulation of cell growth","16/188","315/11888",0.0507936507936508,3.21188787571766,5.04333171012386,3.97442733460994e-05,0.00193940533849734,0.00150246085967405,"AVPR1A/CDKN1A/CPNE6/CRABP2/DAB2/EGFR/HBEGF/HSPA1A/IL2/IL9/INHBA/PAK1/SPHK1/SPP1/WNT3/YAP1",16,"WT_heat_up","BP","with_iea",188,11888,315,3.21188787571766,FALSE,14,8,"positive regulation of cell growth",10.014,15,0.0349825087456272,0.2225,4.791,0.000499750124937531,0
"GO:0048260","positive regulation of receptor-mediated endocytosis","6/188","41/11888",0.146341463414634,9.25376232485729,6.710607193043,4.09783417988334e-05,0.00197105824052389,0.00152698242071442,"ANXA2/BICD1/C3/CLU/DAB2/SERPINE1",6,"WT_heat_up","BP","with_iea",188,11888,41,9.25376232485729,TRUE,16,12,"positive regulation of secretion by cell",1.393,3,0.00199900049975012,0.0263665594855305,0.5445,0.000499750124937531,0
"GO:0048858","cell projection morphogenesis","21/188","500/11888",0.042,2.65582978723404,4.7951156826054,4.2139976158927e-05,0.00199838450319869,0.00154815212634279,"ACTBL2/ADORA2A/ANO1/APLP1/ARHGEF25/CPNE6/CRABP2/EGR2/GAP43/MYO16/NEO1/NOTCH3/NR4A2/NR4A3/OPHN1/PAK1/PLXNB2/SEMA4A/SPP1/TANC2/WNT3",21,"WT_heat_up","BP","with_iea",188,11888,500,2.65582978723404,TRUE,20,9,"cell projection morphogenesis",14.5895,21,0.0594702648675662,0.2745,7.673,0.000499750124937531,0
"GO:1903131","mononuclear cell differentiation","20/188","463/11888",0.0431965442764579,2.73149211892836,4.81731488934421,4.38325799141643e-05,0.00204978189681932,0.00158796978110086,"ADAM8/BATF3/CALCA/CD40LG/CD80/CD83/CSF2/EGR1/EGR3/EOMES/FOSL2/GPR183/IL1A/IL2/IL23A/IL9/INHBA/KLRC1/SEMA4A/TNFSF9",20,"WT_heat_up","BP","with_iea",188,11888,463,2.73149211892836,FALSE,18,31,"positive regulation of cell development",17.59,24,0.286856571714143,0.681,7.0875,0.000499750124937531,0
"GO:1903037","regulation of leukocyte cell-cell adhesion","16/188","318/11888",0.050314465408805,3.18158704670146,4.99852135560131,4.45423561498484e-05,0.00205443990625397,0.00159157834952162,"ADAM8/ADORA2A/CD40LG/CD70/CD80/CD83/EGR3/HSPH1/IL1A/IL2/IL23A/NR4A3/SDC4/TNFSF11/TNFSF14/TNFSF9",16,"WT_heat_up","BP","with_iea",188,11888,318,3.18158704670146,FALSE,10,7,"positive regulation of cell adhesion",12.9885,18,0.212393803098451,0.5605,4.8555,0.000499750124937531,0
"GO:0043065","positive regulation of apoptotic process","19/188","430/11888",0.0441860465116279,2.79406234537358,4.80329737677387,5.07015227376512e-05,0.00230691928456313,0.00178717458526173,"ADAM8/ADORA2A/ALDH1A2/ATF3/CCL3/CCN1/CD40LG/CLU/EMILIN2/F3/FASLG/INHBA/LTA/NR4A1/NR4A3/TGM2/TNFSF11/TNFSF14/TP73",19,"WT_heat_up","BP","with_iea",188,11888,430,2.79406234537358,FALSE,19,7,"positive regulation of programmed cell death",14.5005,20,0.118940529735132,0.4215,6.5915,0.000499750124937531,0
"GO:0050870","positive regulation of T cell activation","13/188","223/11888",0.0582959641255605,3.68628947619502,5.13316229752893,5.35561252765883e-05,0.00237309078015165,0.00183843776381154,"ADAM8/CD40LG/CD70/CD80/CD83/EGR3/HSPH1/IL1A/IL2/IL23A/TNFSF11/TNFSF14/TNFSF9",13,"WT_heat_up","BP","with_iea",188,11888,223,3.68628947619502,FALSE,9,21,"positive regulation of cell activation",9.4615,14,0.133433283358321,0.446,3.384,0.000999500249875062,0
"GO:0048520","positive regulation of behavior","4/188","14/11888",0.285714285714286,18.0668693009119,8.09918806132785,5.35654586550417e-05,0.00237309078015165,0.00183843776381154,"ADORA2A/GRP/NR4A3/STRA6",4,"WT_heat_up","BP","with_iea",188,11888,14,18.0668693009119,TRUE,5,5,"positive regulation of locomotion",0.332,1,0.000499750124937531,0.0120274914089347,0.1555,0.000499750124937531,0
"GO:0050679","positive regulation of epithelial cell proliferation","10/188","136/11888",0.0735294117647059,4.64956195244055,5.42595800606452,5.842204288712e-05,0.00252410166933401,0.00195542617560836,"AREG/EGFR/EGR3/F3/HSPG2/NR4A1/NR4A3/PDGFB/TGM1/YAP1",10,"WT_heat_up","BP","with_iea",188,11888,136,4.64956195244055,TRUE,12,23,"leukocyte proliferation",5.401,9,0.0329835082458771,0.148946840521565,2.033,0.000999500249875062,0
"GO:0051251","positive regulation of lymphocyte activation","15/188","291/11888",0.0515463917525773,3.25948672954595,4.94658625044308,5.90112202258223e-05,0.00252410166933401,0.00195542617560836,"ADAM8/CD40LG/CD70/CD80/CD83/CDKN1A/EGR3/GPR183/HSPH1/IL1A/IL2/IL23A/TNFSF11/TNFSF14/TNFSF9",15,"WT_heat_up","BP","with_iea",188,11888,291,3.25948672954595,FALSE,9,21,"positive regulation of cell activation",12.2665,18,0.223888055972014,0.5775,4.3995,0.000499750124937531,0
"GO:0007189","adenylate cyclase-activating G protein-coupled receptor signaling pathway","9/188","110/11888",0.0818181818181818,5.17369439071567,5.57446686549142,6.00393544027028e-05,0.00252410166933401,0.00195542617560836,"ADCY4/ADM/ADORA2A/ADORA2B/APLP1/ATP2B4/CALCA/PTGER2/S1PR3",9,"WT_heat_up","BP","with_iea",188,11888,110,5.17369439071567,FALSE,6,29,"cytokine-mediated signaling pathway",2.6645,5,0.00149925037481259,0.0123390557939914,1.608,0.000499750124937531,0
"GO:0002009","morphogenesis of an epithelium","17/188","362/11888",0.0469613259668508,2.96955448454214,4.82397559639888,6.07976544259087e-05,0.00252410166933401,0.00195542617560836,"ADM/ALDH1A2/AREG/ASB2/EGFR/EPHA2/HBEGF/OPHN1/PAK1/PLXNB2/RIPK4/SDC4/SPINT1/SPRY1/TGM2/TMEFF2/YAP1",17,"WT_heat_up","BP","with_iea",188,11888,362,2.96955448454214,FALSE,1,56,"blood vessel morphogenesis",12.8485,18,0.125937031484258,0.4145,5.4455,0.000499750124937531,0
"GO:0050795","regulation of behavior","6/188","44/11888",0.136363636363636,8.62282398452611,6.42118460470476,6.18520190178074e-05,0.00252410166933401,0.00195542617560836,"ADORA2A/CCL3/CSF2/GRP/NR4A3/STRA6",6,"WT_heat_up","BP","with_iea",188,11888,44,8.62282398452611,FALSE,5,5,"positive regulation of locomotion",1.417,3,0.00249875062468766,0.0186976144422953,0.605,0.000499750124937531,0
"GO:0007409","axonogenesis","16/188","327/11888",0.0489296636085627,3.0940204307372,4.86720025913112,6.21475530917812e-05,0.00252410166933401,0.00195542617560836,"ACTBL2/APLP1/ARHGEF25/CRABP2/EGR2/GAP43/NEO1/NOTCH3/NR4A2/NR4A3/OPHN1/PAK1/PLXNB2/SEMA4A/SPP1/WNT3",16,"WT_heat_up","BP","with_iea",188,11888,327,3.0940204307372,FALSE,20,9,"cell projection morphogenesis",9.957,15,0.04047976011994,0.1855,4.956,0.000499750124937531,0
"GO:0007498","mesoderm development","8/188","86/11888",0.0930232558139535,5.88223651657595,5.7598657392843,6.24012251422053e-05,0.00252410166933401,0.00195542617560836,"EOMES/EPHA2/INHBA/ITGA3/KDM6B/NR4A3/WNT3/YAP1",8,"WT_heat_up","BP","with_iea",188,11888,86,5.88223651657595,FALSE,1,56,"blood vessel morphogenesis",3.059,6,0.0114942528735632,0.0722828913156526,1.2455,0.000499750124937531,0
"GO:0007507","heart development","19/188","437/11888",0.0434782608695652,2.74930619796485,4.72288065346463,6.29713514178964e-05,0.00252410166933401,0.00195542617560836,"ADM/ALDH1A2/ASB2/CCN1/CDKN1A/EGFR/EOMES/GJA5/INHBA/ITGA3/KDM6B/NEB/PAK1/PDGFB/SH3PXD2B/SPRY1/STRA6/TP73/YAP1",19,"WT_heat_up","BP","with_iea",188,11888,437,2.74930619796485,FALSE,1,56,"blood vessel morphogenesis",15.3505,21,0.171414292853573,0.5055,6.7235,0.000499750124937531,0
"GO:0051249","regulation of lymphocyte activation","19/188","438/11888",0.04337899543379,2.74302924317497,4.71152077511079,6.49242108956475e-05,0.00254980731328333,0.00197534038494868,"ADAM8/ADORA2A/CD40LG/CD70/CD80/CD83/CDKN1A/EGR3/GPR183/HSPH1/IL1A/IL2/IL23A/INHBA/KLRC1/SDC4/TNFSF11/TNFSF14/TNFSF9",19,"WT_heat_up","BP","with_iea",188,11888,438,2.74302924317497,FALSE,9,21,"positive regulation of cell activation",17.4025,23,0.378310844577711,0.6985,6.6905,0.000499750124937531,0
"GO:0002274","myeloid leukocyte activation","12/188","196/11888",0.0612244897959184,3.87147199305254,5.1381921605716,6.51272435231263e-05,0.00254980731328333,0.00197534038494868,"ADORA2B/ANXA3/BATF3/CCL3/CD200/CLU/CSF2/GRP/HAVCR1/NR4A1/NR4A3/SPHK1",12,"WT_heat_up","BP","with_iea",188,11888,196,3.87147199305254,TRUE,9,21,"positive regulation of cell activation",7.3475,12,0.055472263868066,0.2395,3.0025,0.000499750124937531,0
"GO:0070665","positive regulation of leukocyte proliferation","10/188","138/11888",0.072463768115942,4.58217699660808,5.36524768324003,6.61200944701523e-05,0.00255892365610348,0.00198240283239005,"CD40LG/CD70/CD80/CDKN1A/CSF2/GPR183/IL1A/IL2/IL23A/TNFSF9",10,"WT_heat_up","BP","with_iea",188,11888,138,4.58217699660808,TRUE,12,23,"leukocyte proliferation",5.85,10,0.0584707646176912,0.221442885771543,2.0205,0.000499750124937531,0
"GO:0002443","leukocyte mediated immunity","16/188","331/11888",0.0483383685800604,3.0566304557434,4.81027414453624,7.17668261919545e-05,0.0027380582557406,0.00212117873406756,"ADORA2B/ANXA3/C3/CCL3/CD40LG/CD70/CD80/CLU/GRP/IGKC/IL2/IL23A/IL9/KLRC1/LTA/NR4A3",16,"WT_heat_up","BP","with_iea",188,11888,331,3.0566304557434,TRUE,13,8,"humoral immune response",11.6895,17,0.11744127936032,0.3645,5.037,0.000499750124937531,0
"GO:0048812","neuron projection morphogenesis","20/188","480/11888",0.0416666666666667,2.63475177304965,4.63436040104968,7.23751662491576e-05,0.0027380582557406,0.00212117873406756,"ACTBL2/ADORA2A/APLP1/ARHGEF25/CPNE6/CRABP2/EGR2/GAP43/MYO16/NEO1/NOTCH3/NR4A2/NR4A3/OPHN1/PAK1/PLXNB2/SEMA4A/SPP1/TANC2/WNT3",20,"WT_heat_up","BP","with_iea",188,11888,480,2.63475177304965,FALSE,20,9,"cell projection morphogenesis",14.119,20,0.071464267866067,0.2645,7.3615,0.000499750124937531,0
"GO:0070371","ERK1 and ERK2 cascade","13/188","230/11888",0.0565217391304348,3.5740980573543,4.9968821225487,7.35033317755393e-05,0.00274984131209156,0.00213030708935423,"ADORA2A/ATF3/CCL3/CCN1/DAB2/EGFR/EPHA2/GPR183/IL1A/INHBA/PDGFB/SPRY1/TNFSF11",13,"WT_heat_up","BP","with_iea",188,11888,230,3.5740980573543,FALSE,6,29,"cytokine-mediated signaling pathway",9.0555,14,0.100449775112444,0.3505,3.476,0.000499750124937531,0
"GO:0060537","muscle tissue development","15/188","297/11888",0.0505050505050505,3.19363851278745,4.85294041574189,7.43410953957018e-05,0.00275062052964097,0.00213091075061364,"ALDH1A2/ASB2/ATF3/EGR1/EGR2/EOMES/FOSL2/GJA5/KDM6B/NEB/NR4A1/PAK1/STRA6/TP73/YAP1",15,"WT_heat_up","BP","with_iea",188,11888,297,3.19363851278745,FALSE,1,56,"blood vessel morphogenesis",10.2345,15,0.0784607696151924,0.291,4.5715,0.000499750124937531,0
"GO:0046890","regulation of lipid biosynthetic process","10/188","142/11888",0.0704225352112676,4.45310158825292,5.24723668612126,8.4130321770808e-05,0.00307645648796609,0.00238333646293905,"ADM/AVPR1A/C3/CCN1/DAB2/EGR1/GFI1/PDGFB/PTGS2/SPHK1",10,"WT_heat_up","BP","with_iea",188,11888,142,4.45310158825292,TRUE,21,7,"regulation of lipid biosynthetic process",5.033,9,0.023488255872064,0.124623115577889,2.0885,0.000499750124937531,0
"GO:0008217","regulation of blood pressure","9/188","115/11888",0.0782608695652174,4.94875115633673,5.3937056165001,8.49748896290011e-05,0.00307645648796609,0.00238333646293905,"ADM/AVPR1A/CALCA/EMILIN2/GJA5/IER3/NPR3/PDGFB/PTGS2",9,"WT_heat_up","BP","with_iea",188,11888,115,4.94875115633672,TRUE,11,15,"regulation of body fluid levels",3.6125,7,0.00999500249875063,0.0616649537512847,1.6865,0.000499750124937531,0
"GO:0030900","forebrain development","14/188","268/11888",0.0522388059701493,3.30327087964433,4.8342763703191,9.07244771364894e-05,0.00324967355870808,0.0025175280441682,"ALDH1A2/APLP1/ATP2B4/AVPR1A/EGFR/EOMES/INHBA/KDM6B/NOTCH3/NR4A2/NR4A3/OPHN1/TAL2/TP73",14,"WT_heat_up","BP","with_iea",188,11888,268,3.30327087964433,TRUE,1,56,"blood vessel morphogenesis",8.8825,14,0.0509745127436282,0.2145,4.0395,0.000999500249875062,0.00050709939148073
"GO:0048259","regulation of receptor-mediated endocytosis","8/188","91/11888",0.0879120879120879,5.55903670797288,5.53388488261839,9.3454321669091e-05,0.00331221790589294,0.00256598126422169,"ANXA2/BICD1/C3/CLU/DAB2/OPHN1/SERPINE1/SH3GL3",8,"WT_heat_up","BP","with_iea",188,11888,91,5.55903670797288,FALSE,16,12,"positive regulation of secretion by cell",2.7385,5,0.00599700149925037,0.0390913893291072,1.317,0.000999500249875062,0
"GO:0003013","circulatory system process","18/188","413/11888",0.0435835351089588,2.75596311369842,4.60400930374804,9.59953350655978e-05,0.00336683638714446,0.00260829430145341,"ADM/ADORA2A/ADORA2B/ATP2B4/AVPR1A/CALCA/EMILIN2/GJA5/HBEGF/IER3/NPPC/NPR3/OLR1/PDGFB/PTGS2/SCN9A/SLC13A3/YAP1",18,"WT_heat_up","BP","with_iea",188,11888,413,2.75596311369842,TRUE,8,12,"tissue remodeling",12.9875,18.05,0.0854572713643178,0.2955,6.305,0.000499750124937531,0
"GO:0061041","regulation of wound healing","8/188","92/11888",0.0869565217391304,5.49861239592969,5.490693893723,0.000100989263780427,0.0035054726922546,0.00271569610035699,"ANXA2/CLDN4/EMILIN2/F3/HBEGF/PDGFB/PLAUR/SERPINE1",8,"WT_heat_up","BP","with_iea",188,11888,92,5.49861239592969,FALSE,7,19,"response to wounding",3.402,7,0.0174912543728136,0.0988612836438923,1.3215,0.000499750124937531,0
"GO:0001892","embryonic placenta development","7/188","69/11888",0.101449275362319,6.41504779525131,5.7181902197146,0.000104315661108913,0.00354778617124961,0.00274847642985526,"ADM/CCN1/CSF2/EGFR/EOMES/PDGFB/SPINT1",7,"WT_heat_up","BP","with_iea",188,11888,69,6.41504779525131,FALSE,1,56,"blood vessel morphogenesis",2.419,5,0.0079960019990005,0.0416216216216216,0.974,0.000499750124937531,0
"GO:0002526","acute inflammatory response","7/188","69/11888",0.101449275362319,6.41504779525131,5.7181902197146,0.000104315661108913,0.00354778617124961,0.00274847642985526,"ADAM8/C3/F3/IL1A/IL1RN/PTGS2/TNFSF11",7,"WT_heat_up","BP","with_iea",188,11888,69,6.41504779525131,TRUE,22,5,"acute inflammatory response",2.3985,5,0.00599700149925037,0.0375,0.991,0.000499750124937531,0
"GO:0008544","epidermis development","13/188","239/11888",0.0543933054393305,3.43950859075937,4.82924350932895,0.000108402215992987,0.00364990261248388,0.00282758622348023,"CDKN1A/CLDN4/CRABP2/EGFR/EPHA2/FOSL2/INHBA/IRF6/LAMC2/NAB2/SPINT1/TGM1/YAP1",13,"WT_heat_up","BP","with_iea",188,11888,239,3.43950859075937,FALSE,1,56,"blood vessel morphogenesis",7.4155,12,0.0289855072463768,0.116174261392088,3.603,0.000499750124937531,0
"GO:0120039","plasma membrane bounded cell projection morphogenesis","20/188","495/11888",0.0404040404040404,2.55491081022996,4.47931040296234,0.000110224699969701,0.00367452044354439,0.0028466577021878,"ACTBL2/ADORA2A/APLP1/ARHGEF25/CPNE6/CRABP2/EGR2/GAP43/MYO16/NEO1/NOTCH3/NR4A2/NR4A3/OPHN1/PAK1/PLXNB2/SEMA4A/SPP1/TANC2/WNT3",20,"WT_heat_up","BP","with_iea",188,11888,495,2.55491081022996,FALSE,20,9,"cell projection morphogenesis",14.502,21,0.0904547726136932,0.2695,7.6045,0.000499750124937531,0
"GO:1903530","regulation of secretion by cell","18/188","418/11888",0.0430622009569378,2.72299704774509,4.54582895264114,0.000111767244709013,0.00368941483269849,0.0028581964126825,"ADAM8/ADORA2A/ADORA2B/ANXA2/AVPR1A/CD200/DAB2/GJA5/GRP/IL1A/ILDR1/INHBA/NEO1/SDC1/SDC4/SPP1/SYT15/TNFSF11",18,"WT_heat_up","BP","with_iea",188,11888,418,2.72299704774509,FALSE,16,12,"positive regulation of secretion by cell",14.3965,20,0.179910044977511,0.453,6.364,0.000499750124937531,0
"GO:0048247","lymphocyte chemotaxis","5/188","31/11888",0.161290322580645,10.1990391214825,6.50066862053577,0.000114093717840597,0.00372964609678922,0.00288936364648952,"ADAM8/CCL3/CCL4/GPR183/TNFSF14",5,"WT_heat_up","BP","with_iea",188,11888,31,10.1990391214825,FALSE,2,29,"positive regulation of cell migration",1.011,3,0.00199900049975012,0.0244835501147666,0.462,0.000499750124937531,0
"GO:0002573","myeloid leukocyte differentiation","12/188","209/11888",0.0574162679425837,3.63066273032678,4.8635973254031,0.000120357760546141,0.0038965824976813,0.00301868958130907,"ANXA2/BATF3/CALCA/CCL3/CSF2/EPHA2/FOSL2/GPR183/IL23A/INHBA/TNFRSF11B/TNFSF11",12,"WT_heat_up","BP","with_iea",188,11888,209,3.63066273032678,FALSE,18,31,"positive regulation of cell development",7.7455,12,0.0769615192403798,0.2425,3.151,0.000499750124937531,0
"GO:0008015","blood circulation","16/188","347/11888",0.0461095100864553,2.91569072291373,4.59082288688032,0.00012460897774325,0.00399579455296689,0.00309554934183232,"ADM/ADORA2A/ADORA2B/ATP2B4/AVPR1A/CALCA/EMILIN2/GJA5/HBEGF/IER3/NPPC/NPR3/OLR1/PDGFB/PTGS2/SCN9A",16,"WT_heat_up","BP","with_iea",188,11888,347,2.91569072291373,FALSE,8,12,"tissue remodeling",11.44,17,0.0989505247376312,0.29,5.274,0.000499750124937531,0
"GO:0030193","regulation of blood coagulation","6/188","50/11888",0.12,7.58808510638298,5.91734867265151,0.000128712568517248,0.00408844545469409,0.00316732616470447,"ANXA2/EMILIN2/F3/PDGFB/PLAUR/SERPINE1",6,"WT_heat_up","BP","with_iea",188,11888,50,7.58808510638298,TRUE,7,19,"response to wounding",1.61,4,0.00249875062468766,0.0208845208845209,0.7045,0.000499750124937531,0
"GO:0050671","positive regulation of lymphocyte proliferation","9/188","122/11888",0.0737704918032787,4.66480641785839,5.15749312510312,0.000134062460217246,0.00421858227618193,0.00326814339811446,"CD40LG/CD70/CD80/CDKN1A/GPR183/IL1A/IL2/IL23A/TNFSF9",9,"WT_heat_up","BP","with_iea",188,11888,122,4.66480641785839,FALSE,9,21,"positive regulation of cell activation",5.252,9,0.0704647676161919,0.225514816675038,1.7685,0.000499750124937531,0
"GO:0030098","lymphocyte differentiation","17/188","389/11888",0.0437017994858612,2.76344144833999,4.48257880295689,0.000146136950031617,0.00455595472922642,0.00352950645397998,"ADAM8/CD40LG/CD80/CD83/EGR1/EGR3/EOMES/FOSL2/GPR183/IL1A/IL2/IL23A/IL9/INHBA/KLRC1/SEMA4A/TNFSF9",17,"WT_heat_up","BP","with_iea",188,11888,389,2.76344144833999,FALSE,18,31,"positive regulation of cell development",14.635,20,0.28135932033983,0.5545,5.938,0.000499750124937531,0
"GO:0150076","neuroinflammatory response","7/188","73/11888",0.0958904109589041,6.06353832701836,5.50073589462853,0.000149385155710654,0.00461449375484194,0.00357485674409464,"ADORA2A/CCL3/CD200/CLU/DAGLA/PTGS2/SPHK1",7,"WT_heat_up","BP","with_iea",188,11888,73,6.06353832701836,FALSE,22,5,"acute inflammatory response",3.02,6,0.0214892553723138,0.0817708333333333,1.096,0.000499750124937531,0
"GO:0032946","positive regulation of mononuclear cell proliferation","9/188","124/11888",0.0725806451612903,4.58956760466712,5.0932805273096,0.000151804144216297,0.00464302066147393,0.00359695659079061,"CD40LG/CD70/CD80/CDKN1A/GPR183/IL1A/IL2/IL23A/TNFSF9",9,"WT_heat_up","BP","with_iea",188,11888,124,4.58956760466712,FALSE,12,23,"leukocyte proliferation",5.3415,9,0.0769615192403798,0.221385542168675,1.8,0.000499750124937531,0
"GO:0001503","ossification","15/188","317/11888",0.0473186119873817,2.99214712396805,4.55709118001057,0.000153469711678016,0.00464302066147393,0.00359695659079061,"AREG/CCL3/CCN1/EGFR/EGR2/EPHA2/FOSL2/NAB2/NPPC/SGMS2/SP7/SPP1/TNFSF11/WNT3/YAP1",15,"WT_heat_up","BP","with_iea",188,11888,317,2.99214712396805,TRUE,8,12,"tissue remodeling",10.0445,15,0.0699650174912544,0.202,4.786,0.000499750124937531,0
"GO:0002548","monocyte chemotaxis","5/188","33/11888",0.151515151515152,9.58091553836235,6.25693931921773,0.000155338311504035,0.00464302066147393,0.00359695659079061,"CALCA/CCL3/PDGFB/SERPINE1/TNFSF11",5,"WT_heat_up","BP","with_iea",188,11888,33,9.58091553836235,FALSE,2,29,"positive regulation of cell migration",1.269,3,0.0129935032483758,0.0502754820936639,0.4495,0.000499750124937531,0
"GO:0120255","olefinic compound biosynthetic process","4/188","18/11888",0.222222222222222,14.0520094562648,7.02441882244444,0.000155824572244299,0.00464302066147393,0.00359695659079061,"ADM/DAB2/EGR1/INHBA",4,"WT_heat_up","BP","with_iea",188,11888,18,14.0520094562648,TRUE,23,2,"olefinic compound biosynthetic process",0.502,2,0.00149925037481259,0.0211706102117061,0.216,0.000499750124937531,0
"GO:0120254","olefinic compound metabolic process","8/188","98/11888",0.0816326530612245,5.16196265740339,5.24416611073342,0.000157524246682793,0.00465249244369266,0.00360429439778357,"ADM/ALDH1A2/DAB2/DAGLA/EGR1/INHBA/PLA2G4C/PTGS2",8,"WT_heat_up","BP","with_iea",188,11888,98,5.16196265740339,FALSE,23,2,"olefinic compound biosynthetic process",1.985,4,0.000499750124937531,0.00229357798165138,1.4245,0.000499750124937531,0
"GO:1900046","regulation of hemostasis","6/188","52/11888",0.115384615384615,7.2962356792144,5.76769510950812,0.000160641816868123,0.00470331302082583,0.00364366519175478,"ANXA2/EMILIN2/F3/PDGFB/PLAUR/SERPINE1",6,"WT_heat_up","BP","with_iea",188,11888,52,7.2962356792144,FALSE,11,15,"regulation of body fluid levels",1.669,4,0.00299850074962519,0.024878640776699,0.731,0.000499750124937531,0
"GO:0019730","antimicrobial humoral response","7/188","74/11888",0.0945945945945946,5.98159861989649,5.44889242753459,0.000162816343389873,0.00472588472580777,0.00366115153285031,"ADM/CALCA/CCL20/CCL22/CCL3/CCL4/IL17F",7,"WT_heat_up","BP","with_iea",188,11888,74,5.98159861989649,FALSE,15,8,"response to bacterium",1.694,4,0.000999500249875062,0.00720720720720721,1.0955,0.000499750124937531,0
"GO:0046651","lymphocyte proliferation","13/188","253/11888",0.0513833992094862,3.24918005214027,4.58377630223939,0.000190986268746403,0.00549616040059093,0.0042578855056553,"CD40LG/CD70/CD80/CDKN1A/FOSL2/GPR183/IL1A/IL2/IL23A/IL9/SDC4/TNFSF14/TNFSF9",13,"WT_heat_up","BP","with_iea",188,11888,253,3.24918005214027,TRUE,9,21,"positive regulation of cell activation",10.231,15,0.219390304847576,0.432,3.86,0.000499750124937531,0
"GO:0001822","kidney development","12/188","220/11888",0.0545454545454545,3.44912959381044,4.64779560984081,0.000194726275588381,0.00555629974496678,0.0043044755656379,"ALDH1A2/EGR1/EPCAM/GDF6/ITGA3/NOTCH3/PDGFB/SDC4/SPRY1/STRA6/TP73/YAP1",12,"WT_heat_up","BP","with_iea",188,11888,220,3.44912959381044,TRUE,1,56,"blood vessel morphogenesis",7.556,12,0.0624687656171914,0.194792188282424,3.3295,0.000499750124937531,0
"GO:0034103","regulation of tissue remodeling","6/188","54/11888",0.111111111111111,7.02600472813239,5.62577929881521,0.000198531390719393,0.00561727052564872,0.00435170974084615,"ADAM8/CALCA/IL2/IL23A/SPP1/TNFSF11",6,"WT_heat_up","BP","with_iea",188,11888,54,7.02600472813239,TRUE,17,13,"regulation of system process",2.031,4,0.00949525237381309,0.0476457399103139,0.7915,0.000999500249875062,0
"GO:0030217","T cell differentiation","14/188","289/11888",0.0484429065743945,3.06324081572554,4.50101741050803,0.000200411071896239,0.00562320065895531,0.0043563038259551,"ADAM8/CD80/CD83/EGR1/EGR3/EOMES/FOSL2/GPR183/IL1A/IL2/IL23A/KLRC1/SEMA4A/TNFSF9",14,"WT_heat_up","BP","with_iea",188,11888,289,3.06324081572554,FALSE,18,31,"positive regulation of cell development",11.4785,17,0.242378810594703,0.4705,4.4105,0.000499750124937531,0
"GO:0050678","regulation of epithelial cell proliferation","13/188","255/11888",0.0509803921568627,3.22369628702545,4.55010922721878,0.000206353279776531,0.00574207845460809,0.00444839867147667,"ALDH1A2/AREG/DAB2/EGFR/EGR3/F3/HSPG2/IRF6/NR4A1/NR4A3/PDGFB/TGM1/YAP1",13,"WT_heat_up","BP","with_iea",188,11888,255,3.22369628702545,FALSE,12,23,"leukocyte proliferation",9.882,15,0.172413793103448,0.3745,3.914,0.000499750124937531,0
"GO:0042063","gliogenesis","13/188","256/11888",0.05078125,3.21110372340426,4.53339986051665,0.000214426902109579,0.00589224820290024,0.0045647354498888,"ADORA2A/ANO1/AREG/CCL3/CLU/EGR2/EOMES/GAP43/GPR183/LTA/NAB2/SPINT1/TP73",13,"WT_heat_up","BP","with_iea",188,11888,256,3.21110372340426,TRUE,18,31,"positive regulation of cell development",9.493,14,0.138930534732634,0.323,3.948,0.000499750124937531,0
"GO:0042742","defense response to bacterium","11/188","190/11888",0.0578947368421053,3.66091825307951,4.6867808822394,0.000215249934350083,0.00589224820290024,0.0045647354498888,"ADM/ANXA3/CALCA/CCL20/EMILIN2/EPHA2/IL17F/IL23A/LTA/OAS3/SERPINE1",11,"WT_heat_up","BP","with_iea",188,11888,190,3.66091825307951,FALSE,15,8,"response to bacterium",6.0045,10,0.0284857571214393,0.117410938283994,2.878,0.000499750124937531,0
"GO:0035051","cardiocyte differentiation","8/188","103/11888",0.0776699029126214,4.91138194587895,5.05366175403472,0.000222561858229677,0.0060432723924139,0.00468173416547658,"ASB2/EGFR/EOMES/INHBA/KDM6B/NEB/PAK1/SPRY1",8,"WT_heat_up","BP","with_iea",188,11888,103,4.91138194587895,FALSE,1,56,"blood vessel morphogenesis",4.23,8,0.055472263868066,0.123481781376518,1.573,0.000499750124937531,0
"GO:2001234","negative regulation of apoptotic signaling pathway","11/188","191/11888",0.0575916230366492,3.64175114180684,4.66544922831486,0.00022530657090521,0.00606885779390273,0.00470155522276303,"CLU/CSF2/CTH/HSPA1A/IER3/IL1A/NR4A2/PLAUR/PTGS2/SERPINE1/YAP1",11,"WT_heat_up","BP","with_iea",188,11888,191,3.64175114180684,FALSE,6,29,"cytokine-mediated signaling pathway",6.847,11,0.0754622688655672,0.201201201201201,2.914,0.000999500249875062,0.000525486074619023
"GO:0050863","regulation of T cell activation","15/188","329/11888",0.0455927051671733,2.88301105865615,4.39048818509278,0.000229957378415883,0.00613457758870967,0.00475246846789194,"ADAM8/ADORA2A/CD40LG/CD70/CD80/CD83/EGR3/HSPH1/IL1A/IL2/IL23A/SDC4/TNFSF11/TNFSF14/TNFSF9",15,"WT_heat_up","BP","with_iea",188,11888,329,2.88301105865615,FALSE,9,21,"positive regulation of cell activation",13.3995,19,0.354822588705647,0.5905,5.064,0.00149925037481259,0
"GO:0032943","mononuclear cell proliferation","13/188","258/11888",0.0503875968992248,3.18621144647864,4.5002255865679,0.000231390363458903,0.00613457758870967,0.00475246846789194,"CD40LG/CD70/CD80/CDKN1A/FOSL2/GPR183/IL1A/IL2/IL23A/IL9/SDC4/TNFSF14/TNFSF9",13,"WT_heat_up","BP","with_iea",188,11888,258,3.18621144647864,FALSE,12,23,"leukocyte proliferation",10.3915,15,0.236381809095452,0.4435,3.9395,0.000499750124937531,0
"GO:0050819","negative regulation of coagulation","5/188","36/11888",0.138888888888889,8.78250591016548,5.9278473746415,0.000237450545515982,0.00624606239650243,0.00483883595220891,"ANXA2/PDGFB/PLAUR/PROCR/SERPINE1",5,"WT_heat_up","BP","with_iea",188,11888,36,8.78250591016548,FALSE,17,13,"regulation of system process",1.0495,3,0.00299850074962519,0.027027027027027,0.493,0.000499750124937531,0
"GO:0061564","axon development","16/188","368/11888",0.0434782608695652,2.74930619796485,4.32101356597943,0.000243687243293101,0.00633516893056088,0.00490786694697133,"ACTBL2/APLP1/ARHGEF25/CRABP2/EGR2/GAP43/NEO1/NOTCH3/NR4A2/NR4A3/OPHN1/PAK1/PLXNB2/SEMA4A/SPP1/WNT3",16,"WT_heat_up","BP","with_iea",188,11888,368,2.74930619796485,TRUE,20,9,"cell projection morphogenesis",11.162,16.05,0.0814592703648176,0.214,5.637,0.000499750124937531,0
"GO:0043408","regulation of MAPK cascade","19/188","485/11888",0.0391752577319588,2.47720991445492,4.21042219190847,0.000244601117010072,0.00633516893056088,0.00490786694697133,"ADAM8/ADORA2A/ATF3/CCL3/CCN1/DAB2/EGFR/EPHA2/GDF6/GPR183/IL1A/INHBA/MST1R/PAK1/PDGFB/SPHK1/SPRY1/TNFSF11/TP73",19,"WT_heat_up","BP","with_iea",188,11888,485,2.47720991445492,FALSE,6,29,"cytokine-mediated signaling pathway",17.069,23,0.330334832583708,0.569,7.503,0.000499750124937531,0
"GO:0045927","positive regulation of growth","11/188","194/11888",0.0567010309278351,3.58543540250055,4.60230224662548,0.000257896448106965,0.00662852931890191,0.00513513377588637,"AVPR1A/CPNE6/CRABP2/EGFR/HBEGF/IL2/IL9/PAK1/SPHK1/WNT3/YAP1",11,"WT_heat_up","BP","with_iea",188,11888,194,3.58543540250055,FALSE,14,8,"positive regulation of cell growth",7.2055,11,0.0949525237381309,0.226113056528264,2.9355,0.000499750124937531,0
"GO:0072001","renal system development","12/188","227/11888",0.052863436123348,3.34276876933171,4.51748357288588,0.000260120034840145,0.00663427101256791,0.00513958187646141,"ALDH1A2/EGR1/EPCAM/GDF6/ITGA3/NOTCH3/PDGFB/SDC4/SPRY1/STRA6/TP73/YAP1",12,"WT_heat_up","BP","with_iea",188,11888,227,3.34276876933171,FALSE,1,56,"blood vessel morphogenesis",7.7715,12,0.0744627686156921,0.202804206309464,3.4405,0.000499750124937531,0
"GO:0033002","muscle cell proliferation","10/188","163/11888",0.0613496932515337,3.87938911369273,4.69202005747385,0.000262060601328046,0.00663427101256791,0.00513958187646141,"CDKN1A/HBEGF/NOTCH3/NPPC/NR4A3/PAK1/PDGFB/SIX5/TP73/YAP1",10,"WT_heat_up","BP","with_iea",188,11888,163,3.87938911369273,TRUE,12,23,"leukocyte proliferation",6.9525,11,0.138930534732634,0.299,2.4775,0.000499750124937531,0
"GO:0003073","regulation of systemic arterial blood pressure","6/188","57/11888",0.105263157894737,6.6562150055991,5.42593685614766,0.00026821872202901,0.0066618254361195,0.00516092833873795,"ADM/AVPR1A/CALCA/GJA5/IER3/PDGFB",6,"WT_heat_up","BP","with_iea",188,11888,57,6.6562150055991,FALSE,11,15,"regulation of body fluid levels",1.845,4,0.00999500249875063,0.0387096774193548,0.8335,0.000499750124937531,0
"GO:0140353","lipid export from cell","5/188","37/11888",0.135135135135135,8.54514088556642,5.82656829840316,0.000271063286233553,0.0066618254361195,0.00516092833873795,"DAB2/INHBA/PTGS2/SPP1/TNFSF11",5,"WT_heat_up","BP","with_iea",188,11888,37,8.54514088556642,TRUE,24,6,"lipid export from cell",1.3315,3,0.00999500249875063,0.0505390835579515,0.498,0.000499750124937531,0
"GO:0150077","regulation of neuroinflammatory response","5/188","37/11888",0.135135135135135,8.54514088556642,5.82656829840316,0.000271063286233553,0.0066618254361195,0.00516092833873795,"CCL3/CD200/DAGLA/PTGS2/SPHK1",5,"WT_heat_up","BP","with_iea",188,11888,37,8.54514088556642,FALSE,7,19,"response to wounding",1.425,3,0.00899550224887556,0.0488917861799218,0.524,0.000499750124937531,0
"GO:2000403","positive regulation of lymphocyte migration","5/188","37/11888",0.135135135135135,8.54514088556642,5.82656829840316,0.000271063286233553,0.0066618254361195,0.00516092833873795,"ADAM8/CCL20/CCL3/CCL4/TNFSF14",5,"WT_heat_up","BP","with_iea",188,11888,37,8.54514088556642,FALSE,2,29,"positive regulation of cell migration",1.356,3,0.00849575212393803,0.0466977985323549,0.53,0.000499750124937531,0
"GO:0097529","myeloid leukocyte migration","10/188","165/11888",0.0606060606060606,3.83236621534494,4.64402041455959,0.00028911743485467,0.00700912917771164,0.0054299851819891,"ADAM8/CALCA/CCL22/CCL3/CCL4/CD200/IL23A/PDGFB/SERPINE1/TNFSF11",10,"WT_heat_up","BP","with_iea",188,11888,165,3.83236621534494,FALSE,2,29,"positive regulation of cell migration",6.161,10,0.0794602698650675,0.17017017017017,2.5235,0.000499750124937531,0
"GO:0048545","response to steroid hormone","13/188","264/11888",0.0492424242424242,3.11379754996776,4.40260455004764,0.000289358169201639,0.00700912917771164,0.0054299851819891,"AREG/AVPR1A/CLDN4/DAB2/FOSL2/HSPA1A/IL1RN/INHBA/NR4A3/PAK1/PTGER2/SPP1/YAP1",13,"WT_heat_up","BP","with_iea",188,11888,264,3.11379754996776,TRUE,25,6,"response to steroid hormone",9.1405,14,0.118440779610195,0.2555,3.9675,0.000499750124937531,0
"GO:0032102","negative regulation of response to external stimulus","14/188","301/11888",0.0465116279069767,2.94111825828798,4.3238623926938,0.000304220168682135,0.00731649505680534,0.00566810209018293,"ADORA2A/ANXA2/CD200/IER3/IL2/KLRC1/NEO1/OAS3/PDGFB/PLAUR/PLK2/SERPINE1/SPP1/WNT3",14,"WT_heat_up","BP","with_iea",188,11888,301,2.94111825828798,TRUE,7,19,"response to wounding",10.9845,16,0.205897051474263,0.381,4.5695,0.000499750124937531,0
"GO:0051046","regulation of secretion","18/188","455/11888",0.0395604395604396,2.50156651858779,4.1399233248604,0.000318194342496063,0.00759830036300883,0.00588641717585102,"ADAM8/ADORA2A/ADORA2B/ANXA2/AVPR1A/CD200/DAB2/GJA5/GRP/IL1A/ILDR1/INHBA/NEO1/SDC1/SDC4/SPP1/SYT15/TNFSF11",18,"WT_heat_up","BP","with_iea",188,11888,455,2.50156651858779,FALSE,16,12,"positive regulation of secretion by cell",15.6905,22,0.292853573213393,0.499,6.9605,0.000499750124937531,0
"GO:2000401","regulation of lymphocyte migration","6/188","59/11888",0.101694915254237,6.43058059862964,5.30054320419316,0.000324447192360373,0.00769305420195335,0.0059598231480282,"ADAM8/CCL20/CCL3/CCL4/CD200/TNFSF14",6,"WT_heat_up","BP","with_iea",188,11888,59,6.43058059862964,FALSE,2,29,"positive regulation of cell migration",2.0465,4,0.0134932533733133,0.0487252124645892,0.883,0.000499750124937531,0
"GO:0016049","cell growth","16/188","378/11888",0.0423280423280423,2.67657322976472,4.19906783488193,0.000328909453352216,0.0077443225834749,0.00599954085687737,"AVPR1A/CDKN1A/CPNE6/CRABP2/DAB2/EGFR/HBEGF/HSPA1A/IL2/IL9/INHBA/PAK1/SPHK1/SPP1/WNT3/YAP1",16,"WT_heat_up","BP","with_iea",188,11888,378,2.67657322976472,TRUE,12,23,"leukocyte proliferation",12.0955,18,0.145427286356822,0.296,5.7815,0.000499750124937531,0
"GO:0042100","B cell proliferation","7/188","83/11888",0.0843373493975904,5.33299154063061,5.02129823638286,0.000333370302011173,0.00779484588105292,0.00603868134783397,"CD40LG/CD70/CDKN1A/FOSL2/GPR183/IL2/IL9",7,"WT_heat_up","BP","with_iea",188,11888,83,5.33299154063061,FALSE,9,21,"positive regulation of cell activation",3.37,6,0.0499750124937531,0.119732785200411,1.203,0.000999500249875062,0
"GO:0002675","positive regulation of acute inflammatory response","4/188","22/11888",0.181818181818182,11.4970986460348,6.24669888827476,0.000354514390276969,0.00823206863491418,0.00637739861420203,"ADAM8/C3/PTGS2/TNFSF11",4,"WT_heat_up","BP","with_iea",188,11888,22,11.4970986460348,FALSE,7,19,"response to wounding",0.839,2,0.0079960019990005,0.025974025974026,0.2725,0.000499750124937531,0
"GO:0043523","regulation of neuron apoptotic process","11/188","202/11888",0.0544554455445545,3.44343796081736,4.43982840682724,0.000364864127745678,0.00841436656246369,0.00651862515179373,"ADAM8/ADORA2A/CCL3/CLU/EGR1/FASLG/HSPG2/NPPC/NR4A2/NR4A3/TP73",11,"WT_heat_up","BP","with_iea",188,11888,202,3.44343796081736,TRUE,19,7,"positive regulation of programmed cell death",7.67,12,0.137931034482759,0.2455,3.088,0.000999500249875062,0
"GO:0001935","endothelial cell proliferation","8/188","111/11888",0.0720720720720721,4.55740847230209,4.77309427140347,0.00037128410533181,0.00850417403164766,0.00658819916227874,"ALDH1A2/CALCA/EGR3/EPHA2/F3/HSPG2/NR4A1/PDGFB",8,"WT_heat_up","BP","with_iea",188,11888,111,4.55740847230209,FALSE,12,23,"leukocyte proliferation",4.3515,8,0.0529735132433783,0.125944584382872,1.704,0.000499750124937531,0
"GO:0043588","skin development","11/188","203/11888",0.0541871921182266,3.4264752122419,4.42009541924313,0.000380540449813395,0.00865729523325473,0.00670682243696723,"CDKN1A/CLDN4/EGFR/EPHA2/FOSL2/INHBA/IRF6/ITGA3/RIPK4/TGM1/YAP1",11,"WT_heat_up","BP","with_iea",188,11888,203,3.4264752122419,FALSE,1,56,"blood vessel morphogenesis",6.4405,10,0.0474762618690655,0.106159238858287,3.058,0.000999500249875062,0
"GO:0003014","renal system process","7/188","85/11888",0.0823529411764706,5.20750938673342,4.93469684826694,0.000385948872851444,0.00872140842208598,0.00675649104151097,"ADM/ADORA2A/CLDN4/GJA5/ITGA3/NPR3/PDGFB",7,"WT_heat_up","BP","with_iea",188,11888,85,5.20750938673342,TRUE,8,12,"tissue remodeling",2.366,5,0.00999500249875063,0.0313531353135314,1.2475,0.000499750124937531,0
"GO:0090066","regulation of anatomical structure size","16/188","386/11888",0.0414507772020725,2.62110020945872,4.10429867787811,0.000414586839474787,0.00924514989062229,0.00716223451423633,"ADM/ADORA2A/ADORA2B/ASB2/AVPR1A/CALCA/CRABP2/GJA5/NEB/NPPC/PAK1/PLEK/SPP1/TP73/VILL/WNT3",16,"WT_heat_up","BP","with_iea",188,11888,386,2.62110020945871,TRUE,11,15,"regulation of body fluid levels",12.335,18,0.162918540729635,0.2875,5.915,0.000999500249875062,0.000500751126690035
"GO:0042102","positive regulation of T cell proliferation","7/188","86/11888",0.0813953488372093,5.14695695200396,4.89241256318452,0.000414617651762389,0.00924514989062229,0.00716223451423633,"CD40LG/CD70/CD80/IL1A/IL2/IL23A/TNFSF9",7,"WT_heat_up","BP","with_iea",188,11888,86,5.14695695200396,FALSE,9,21,"positive regulation of cell activation",3.6705,7,0.0649675162418791,0.151376146788991,1.2485,0.00199900049975012,0
"GO:0046631","alpha-beta T cell activation","10/188","173/11888",0.0578034682080925,3.65514696839257,4.45925795228862,0.000421888063809228,0.00934537572924784,0.00723987965456557,"ADORA2A/CD80/CD83/EOMES/FOSL2/GPR183/HSPH1/IL2/IL23A/SEMA4A",10,"WT_heat_up","BP","with_iea",188,11888,173,3.65514696839257,FALSE,9,21,"positive regulation of cell activation",7.0405,11,0.158420789605197,0.255255255255255,2.593,0.000999500249875062,0
"GO:0035914","skeletal muscle cell differentiation","6/188","62/11888",0.0967741935483871,6.1194234728895,5.12294965472008,0.00042566137890161,0.00934903276324141,0.007242712765483,"ASB2/ATF3/EGR1/EGR2/EOMES/NR4A1",6,"WT_heat_up","BP","with_iea",188,11888,62,6.1194234728895,TRUE,18,31,"positive regulation of cell development",1.7125,4,0.00599700149925037,0.025531914893617,0.938,0.000999500249875062,0
"GO:0032352","positive regulation of hormone metabolic process","3/188","10/11888",0.3,18.9702127659574,7.20615640205703,0.000430383153638972,0.00934903276324141,0.007242712765483,"ADM/DAB2/EGR1",3,"WT_heat_up","BP","with_iea",188,11888,10,18.9702127659574,TRUE,21,7,"regulation of lipid biosynthetic process",0.348,1,0.00449775112443778,0.0133333333333333,0.111,0.00149925037481259,0
"GO:0048245","eosinophil chemotaxis","3/188","10/11888",0.3,18.9702127659574,7.20615640205703,0.000430383153638972,0.00934903276324141,0.007242712765483,"CCL22/CCL3/CCL4",3,"WT_heat_up","BP","with_iea",188,11888,10,18.9702127659574,FALSE,2,29,"positive regulation of cell migration",0.259,1,0.00199900049975012,0.00642398286937901,0.113,0.000499750124937531,0
"GO:0001649","osteoblast differentiation","10/188","175/11888",0.0571428571428571,3.61337386018237,4.41477546843464,0.000462024010628227,0.00990850218971491,0.0076761347525092,"AREG/CCL3/CCN1/EPHA2/FOSL2/NPPC/SP7/SPP1/WNT3/YAP1",10,"WT_heat_up","BP","with_iea",188,11888,175,3.61337386018237,TRUE,18,31,"positive regulation of cell development",5.8085,10,0.063968015992004,0.121621621621622,2.594,0.00149925037481259,0
"GO:0043542","endothelial cell migration","10/188","175/11888",0.0571428571428571,3.61337386018237,4.41477546843464,0.000462024010628227,0.00990850218971491,0.0076761347525092,"ANXA3/ATP2B4/CALCA/EGR3/EPHA2/NR4A1/PDGFB/PLK2/PTGS2/SEMA4A",10,"WT_heat_up","BP","with_iea",188,11888,175,3.61337386018237,TRUE,2,29,"positive regulation of cell migration",6.6895,11,0.122938530734633,0.206309464196294,2.701,0.000999500249875062,0
"GO:0010575","positive regulation of vascular endothelial growth factor production","4/188","24/11888",0.166666666666667,10.5390070921986,5.92946279850788,0.000502409111520313,0.0107064017625879,0.00829426900964248,"ADORA2B/C3/IL1A/PTGS2",4,"WT_heat_up","BP","with_iea",188,11888,24,10.5390070921986,FALSE,3,12,"positive regulation of cytokine production",0.89,2,0.0124937531234383,0.0205930807248764,0.3365,0.000499750124937531,0
"GO:0072678","T cell migration","6/188","64/11888",0.09375,5.9281914893617,5.01092007777346,0.000505766912646169,0.0107101710369789,0.0082971890734009,"ADAM8/CCL20/CCL3/CD200/GPR183/TNFSF14",6,"WT_heat_up","BP","with_iea",188,11888,64,5.9281914893617,FALSE,2,29,"positive regulation of cell migration",2.239,5,0.0199900049975013,0.0533553355335534,0.942,0.00149925037481259,0
"GO:0072676","lymphocyte migration","7/188","89/11888",0.0786516853932584,4.97346402103753,4.76940071842622,0.000510972463548932,0.0107527767798078,0.00833019582022536,"ADAM8/CCL20/CCL3/CCL4/CD200/GPR183/TNFSF14",7,"WT_heat_up","BP","with_iea",188,11888,89,4.97346402103753,FALSE,2,29,"positive regulation of cell migration",3.1235,6,0.0329835082458771,0.0762402088772846,1.35,0.00149925037481259,0
"GO:0001666","response to hypoxia","12/188","245/11888",0.0489795918367347,3.09717759444203,4.20443775946663,0.000519299395241409,0.0108601308309182,0.00841336319979217,"ADAM8/AK4/EGR1/FOSL2/HK2/HSPG2/INHBA/LTA/NPPC/NR4A2/PAK1/PTGS2",12,"WT_heat_up","BP","with_iea",188,11888,245,3.09717759444203,TRUE,26,3,"response to hypoxia",8.683,13,0.15192403798101,0.241,3.7045,0.000499750124937531,0
"GO:0001501","skeletal system development","15/188","356/11888",0.0421348314606742,2.66435572555582,4.0414849102661,0.00053052900767761,0.0110264886966081,0.00854224094233345,"ANXA2/CCN1/EPHA2/FOSL2/GDF6/GJA5/IL17F/NAB2/NPPC/NPR3/SH3PXD2B/TGM2/TIMP1/TNFRSF11B/TNFSF11",15,"WT_heat_up","BP","with_iea",188,11888,356,2.66435572555582,FALSE,1,56,"blood vessel morphogenesis",10.5125,16,0.101949025487256,0.185,5.3765,0.000499750124937531,0
"GO:0048667","cell morphogenesis involved in neuron differentiation","17/188","435/11888",0.0390804597701149,2.47121545610174,3.96262889503343,0.000537809396613812,0.0111092284564338,0.00860633958546351,"ACTBL2/APLP1/ARHGEF25/CRABP2/EGR2/GAP43/NEO1/NOTCH3/NR4A2/NR4A3/OPHN1/PAK1/PLXNB2/SEMA4A/SPP1/TANC2/WNT3",17,"WT_heat_up","BP","with_iea",188,11888,435,2.47121545610174,TRUE,20,9,"cell projection morphogenesis",13.1245,19,0.156421789105447,0.2615,6.681,0.000499750124937531,0
"GO:0014706","striated muscle tissue development","13/188","282/11888",0.0460992907801418,2.91504451486344,4.12557293851866,0.00054320384774753,0.0111522399717435,0.00863966068497034,"ALDH1A2/ASB2/ATF3/EGR1/EGR2/EOMES/GJA5/KDM6B/NEB/NR4A1/PAK1/TP73/YAP1",13,"WT_heat_up","BP","with_iea",188,11888,282,2.91504451486344,FALSE,1,56,"blood vessel morphogenesis",9.835,15,0.169915042478761,0.267133566783392,4.3715,0.000499750124937531,0
"GO:0001704","formation of primary germ layer","7/188","90/11888",0.0777777777777778,4.91820330969267,4.72961893467442,0.000546780520160002,0.0111553502751634,0.00864207024271333,"EOMES/EPHA2/INHBA/ITGA3/KDM6B/NR4A3/WNT3",7,"WT_heat_up","BP","with_iea",188,11888,90,4.91820330969267,FALSE,1,56,"blood vessel morphogenesis",3.0005,6,0.0274862568715642,0.060385216033316,1.3425,0.00149925037481259,0
"GO:1903035","negative regulation of response to wounding","6/188","65/11888",0.0923076923076923,5.83698854337152,4.95667013148994,0.000549981629247737,0.0111553502751634,0.00864207024271333,"ANXA2/NEO1/PDGFB/PLAUR/SERPINE1/SPP1",6,"WT_heat_up","BP","with_iea",188,11888,65,5.83698854337152,FALSE,7,19,"response to wounding",2.2595,5,0.0259870064967516,0.0545454545454545,0.927,0.000499750124937531,0
"GO:0019724","B cell mediated immunity","8/188","118/11888",0.0677966101694915,4.28705373241976,4.5486414097643,0.00056012087070741,0.0112929758782745,0.00874868904893137,"C3/CD40LG/CD70/CLU/IGKC/IL2/IL9/LTA",8,"WT_heat_up","BP","with_iea",188,11888,118,4.28705373241976,TRUE,13,8,"humoral immune response",3.8515,7,0.0299850074962519,0.0794701986754967,1.7435,0.000499750124937531,0
"GO:0044703","multi-organism reproductive process","9/188","148/11888",0.0608108108108108,3.84531339850489,4.41518639996126,0.000566792448033689,0.0113594653126752,0.0088001985352599,"AVPR1A/CALCA/CLDN4/HSPG2/ITGA3/PLA2G4C/PTGS2/SPP1/TIMP1",9,"WT_heat_up","BP","with_iea",188,11888,148,3.84531339850489,TRUE,27,2,"multi-organism reproductive process",4.7825,8,0.0484757621189405,0.0960281548516843,2.219,0.000499750124937531,0
"GO:0032604","granulocyte macrophage colony-stimulating factor production","3/188","11/11888",0.272727272727273,17.2456479690522,6.83285378795746,0.000584903384803785,0.0115167818516628,0.00892207194548341,"CD80/IL17F/IL23A",3,"WT_heat_up","BP","with_iea",188,11888,11,17.2456479690522,TRUE,3,12,"positive regulation of cytokine production",0.387,2,0.00549725137431284,0.0151285930408472,0.136,0.000999500249875062,0
"GO:0032645","regulation of granulocyte macrophage colony-stimulating factor production","3/188","11/11888",0.272727272727273,17.2456479690522,6.83285378795746,0.000584903384803785,0.0115167818516628,0.00892207194548341,"CD80/IL17F/IL23A",3,"WT_heat_up","BP","with_iea",188,11888,11,17.2456479690522,TRUE,3,12,"positive regulation of cytokine production",0.387,2,0.00549725137431284,0.0151285930408472,0.136,0.000999500249875062,0
"GO:1901741","positive regulation of myoblast fusion","3/188","11/11888",0.272727272727273,17.2456479690522,6.83285378795746,0.000584903384803785,0.0115167818516628,0.00892207194548341,"CD53/EHD2/TNFSF14",3,"WT_heat_up","BP","with_iea",188,11888,11,17.2456479690522,TRUE,28,7,"positive regulation of myoblast fusion",0.363,1,0.00299850074962519,0.00803858520900321,0.1255,0.000499750124937531,0
"GO:0006953","acute-phase response","4/188","25/11888",0.16,10.1174468085106,5.7845303300259,0.000590767019740902,0.0115646078806257,0.00895912285751502,"IL1A/IL1RN/PTGS2/TNFSF11",4,"WT_heat_up","BP","with_iea",188,11888,25,10.1174468085106,FALSE,22,5,"acute inflammatory response",0.7495,2,0.00549725137431284,0.0111214087117702,0.328,0.000999500249875062,0
"GO:0071396","cellular response to lipid","18/188","480/11888",0.0375,2.37127659574468,3.88743420192172,0.000600705463730863,0.011691186684288,0.00905718368801386,"ALDH1A2/CD200/CD80/CSF2/DAB2/EGFR/GFI1/HSPA1A/IL1A/IL24/INHBA/NR4A3/PAK1/PTGER2/SERPINE1/SPP1/WNT3/YAP1",18,"WT_heat_up","BP","with_iea",188,11888,480,2.37127659574468,TRUE,25,6,"response to steroid hormone",17.4665,23,0.489755122438781,0.625,7.3875,0.000499750124937531,0
"GO:0043616","keratinocyte proliferation","5/188","44/11888",0.113636363636364,7.18568665377176,5.21059334327476,0.00061758052131571,0.0118147364503977,0.0091528979175857,"AREG/CDKN1A/IRF6/TGM1/YAP1",5,"WT_heat_up","BP","with_iea",188,11888,44,7.18568665377176,FALSE,12,23,"leukocyte proliferation",1.4635,4,0.0139930034982509,0.0192184497117233,0.626,0.000499750124937531,0
"GO:0048146","positive regulation of fibroblast proliferation","5/188","44/11888",0.113636363636364,7.18568665377176,5.21059334327476,0.00061758052131571,0.0118147364503977,0.0091528979175857,"CDKN1A/EGFR/FOSL2/PDGFB/SPHK1",5,"WT_heat_up","BP","with_iea",188,11888,44,7.18568665377176,TRUE,12,23,"leukocyte proliferation",1.6835,4,0.0229885057471264,0.0330275229357798,0.6545,0.00149925037481259,0
"GO:0090303","positive regulation of wound healing","5/188","44/11888",0.113636363636364,7.18568665377176,5.21059334327476,0.00061758052131571,0.0118147364503977,0.0091528979175857,"CLDN4/EMILIN2/F3/HBEGF/SERPINE1",5,"WT_heat_up","BP","with_iea",188,11888,44,7.18568665377176,FALSE,7,19,"response to wounding",1.589,4,0.0199900049975013,0.034396497811132,0.611,0.000499750124937531,0
"GO:0007188","adenylate cyclase-modulating G protein-coupled receptor signaling pathway","9/188","150/11888",0.06,3.79404255319149,4.36519569446518,0.000624656877444892,0.0118825972110562,0.00920546977287209,"ADCY4/ADM/ADORA2A/ADORA2B/APLP1/ATP2B4/CALCA/PTGER2/S1PR3",9,"WT_heat_up","BP","with_iea",188,11888,150,3.79404255319149,FALSE,6,29,"cytokine-mediated signaling pathway",3.66,7,0.00899550224887556,0.0209718670076726,2.2315,0.000999500249875062,0
"GO:0050920","regulation of chemotaxis","9/188","151/11888",0.0596026490066225,3.7689164435677,4.3405213513315,0.000655352158914894,0.0123964647138565,0.00960356386629869,"CCL3/CCL4/F3/GPR183/IL23A/PDGFB/SERPINE1/TNFSF14/WNT3",9,"WT_heat_up","BP","with_iea",188,11888,151,3.7689164435677,TRUE,4,4,"chemotaxis",5.9755,10,0.138930534732634,0.22972972972973,2.298,0.000999500249875062,0
"GO:0044060","regulation of endocrine process","4/188","26/11888",0.153846153846154,9.72831423895254,5.64755166578441,0.000689616384276572,0.0129717227142973,0.0100492172904284,"DAB2/GJA5/INHBA/SPP1",4,"WT_heat_up","BP","with_iea",188,11888,26,9.72831423895254,FALSE,17,13,"regulation of system process",1.018,3,0.0184907546226887,0.0282574568288854,0.3445,0.000999500249875062,0.00169204737732657
"GO:0007596","blood coagulation","10/188","185/11888",0.0540540540540541,3.41805635422657,4.20170739380869,0.00071339707787849,0.0133444886734271,0.0103379997601339,"ADORA2A/ANXA2/CD40LG/EMILIN2/F3/PDGFB/PLAUR/PLEK/PROCR/SERPINE1",10,"WT_heat_up","BP","with_iea",188,11888,185,3.41805635422657,TRUE,7,19,"response to wounding",5.3785,9,0.0414792603698151,0.0758412857860372,2.7925,0.00149925037481259,0
"GO:0007411","axon guidance","9/188","153/11888",0.0588235294117647,3.71964956195244,4.29179767897767,0.000720447881852287,0.0134019227524677,0.0103824940461179,"ARHGEF25/EGR2/GAP43/NEO1/NOTCH3/NR4A3/OPHN1/SEMA4A/WNT3",9,"WT_heat_up","BP","with_iea",188,11888,153,3.71964956195244,FALSE,20,9,"cell projection morphogenesis",4.4875,8,0.0379810094952524,0.0686521958606764,2.2975,0.00149925037481259,0
"GO:0042692","muscle cell differentiation","13/188","291/11888",0.0446735395189003,2.82488849893983,3.99514112625987,0.000728679784423192,0.0134805760118291,0.0104434268698709,"ADM/ASB2/AVPR1A/CD53/CTH/EHD2/KDM6B/NEB/NEO1/PAK1/PDGFB/SDC1/TNFSF14",13,"WT_heat_up","BP","with_iea",188,11888,291,2.82488849893983,TRUE,18,31,"positive regulation of cell development",9.7135,15,0.154422788605697,0.237,4.4915,0.000999500249875062,0
"GO:0050817","coagulation","10/188","186/11888",0.0537634408602151,3.39967970716083,4.18120854477907,0.000743775568111411,0.0136846575837766,0.0106015292365837,"ADORA2A/ANXA2/CD40LG/EMILIN2/F3/PDGFB/PLAUR/PLEK/PROCR/SERPINE1",10,"WT_heat_up","BP","with_iea",188,11888,186,3.39967970716083,TRUE,8,12,"tissue remodeling",5.442,9,0.0444777611194403,0.0798192771084337,2.8145,0.00149925037481259,0
"GO:0044706","multi-multicellular organism process","9/188","154/11888",0.0584415584415584,3.69549599336833,4.26774177686889,0.000754921914741569,0.0137019016770295,0.0106148882671374,"AVPR1A/CALCA/CLDN4/HSPG2/ITGA3/PLA2G4C/PTGS2/SPP1/TIMP1",9,"WT_heat_up","BP","with_iea",188,11888,154,3.69549599336833,TRUE,8,12,"tissue remodeling",4.916,9,0.0559720139930035,0.0949271722752386,2.3115,0.000499750124937531,0
"GO:0097485","neuron projection guidance","9/188","154/11888",0.0584415584415584,3.69549599336833,4.26774177686889,0.000754921914741569,0.0137019016770295,0.0106148882671374,"ARHGEF25/EGR2/GAP43/NEO1/NOTCH3/NR4A3/OPHN1/SEMA4A/WNT3",9,"WT_heat_up","BP","with_iea",188,11888,154,3.69549599336833,FALSE,20,9,"cell projection morphogenesis",4.5085,8,0.0379810094952524,0.0676426047450782,2.3175,0.00199900049975012,0
"GO:1903557","positive regulation of tumor necrosis factor superfamily cytokine production","7/188","95/11888",0.0736842105263158,4.65935050391937,4.53916310060927,0.000756921209363671,0.0137019016770295,0.0106148882671374,"ADAM8/CCL3/CLU/IL17F/IL1A/IL23A/OAS3",7,"WT_heat_up","BP","with_iea",188,11888,95,4.65935050391937,FALSE,3,12,"positive regulation of cytokine production",4.0975,7,0.109945027486257,0.154311649016641,1.4235,0.000999500249875062,0
"GO:0045780","positive regulation of bone resorption","3/188","12/11888",0.25,15.8085106382979,6.5056251418311,0.000770819730781248,0.0138788771847084,0.0107519915163295,"ADAM8/SPP1/TNFSF11",3,"WT_heat_up","BP","with_iea",188,11888,12,15.8085106382979,TRUE,17,13,"regulation of system process",0.274,1,0.00249875062468766,0.00804828973843058,0.154,0.00149925037481259,0
"GO:0010574","regulation of vascular endothelial growth factor production","4/188","27/11888",0.148148148148148,9.36800630417652,5.51779235270656,0.000799625821995985,0.0143209582056409,0.0110944724910753,"ADORA2B/C3/IL1A/PTGS2",4,"WT_heat_up","BP","with_iea",188,11888,27,9.36800630417652,FALSE,3,12,"positive regulation of cytokine production",0.9865,3,0.0144927536231884,0.0216383307573416,0.3925,0.00149925037481259,0
"GO:0036293","response to decreased oxygen levels","12/188","258/11888",0.0465116279069767,2.94111825828798,3.99571142424124,0.000819807214459902,0.0146047137094523,0.011314298398394,"ADAM8/AK4/EGR1/FOSL2/HK2/HSPG2/INHBA/LTA/NPPC/NR4A2/PAK1/PTGS2",12,"WT_heat_up","BP","with_iea",188,11888,258,2.94111825828798,FALSE,26,3,"response to hypoxia",9.124,14,0.195902048975512,0.2795,3.92,0.000499750124937531,0
"GO:0050829","defense response to Gram-negative bacterium","5/188","47/11888",0.106382978723404,6.72702580353101,4.98661688660878,0.000839571600623827,0.0148780925226338,0.0115260854645199,"ADM/CALCA/IL17F/IL23A/SERPINE1",5,"WT_heat_up","BP","with_iea",188,11888,47,6.72702580353101,FALSE,15,8,"response to bacterium",1.468,4,0.0129935032483758,0.0158328055731476,0.6965,0.000999500249875062,0
"GO:0070663","regulation of leukocyte proliferation","11/188","224/11888",0.0491071428571429,3.10524316109422,4.03203825567143,0.000866467567667704,0.0152743261797757,0.0118330484027587,"CD40LG/CD70/CD80/CDKN1A/CSF2/GPR183/IL1A/IL2/IL23A/SDC4/TNFSF9",11,"WT_heat_up","BP","with_iea",188,11888,224,3.10524316109422,FALSE,12,23,"leukocyte proliferation",9.311,14,0.323338330834583,0.436,3.412,0.00199900049975012,0
"GO:0071772","response to BMP","7/188","98/11888",0.0714285714285714,4.51671732522796,4.43114254886072,0.000910800209301804,0.0158894523560579,0.0123095877755651,"CCN1/EGR1/FAM83G/GDF6/ITGA3/NEO1/SPINT1",7,"WT_heat_up","BP","with_iea",188,11888,98,4.51671732522796,TRUE,25,6,"response to steroid hormone",3.5035,7,0.0584707646176912,0.0732714138286894,1.432,0.000999500249875062,0
"GO:0071773","cellular response to BMP stimulus","7/188","98/11888",0.0714285714285714,4.51671732522796,4.43114254886072,0.000910800209301804,0.0158894523560579,0.0123095877755651,"CCN1/EGR1/FAM83G/GDF6/ITGA3/NEO1/SPINT1",7,"WT_heat_up","BP","with_iea",188,11888,98,4.51671732522796,TRUE,25,6,"response to steroid hormone",3.5035,7,0.0584707646176912,0.0732714138286894,1.432,0.000999500249875062,0
"GO:0002920","regulation of humoral immune response","4/188","28/11888",0.142857142857143,9.03343465045593,5.39461010369811,0.000921466537768748,0.0159773945070101,0.0123777167206074,"C3/CLU/IL17F/LTA",4,"WT_heat_up","BP","with_iea",188,11888,28,9.03343465045593,TRUE,29,2,"regulation of humoral immune response",0.898,3,0.0104947526236882,0.0165562913907285,0.368,0.000999500249875062,0
"GO:0001656","metanephros development","5/188","48/11888",0.104166666666667,6.58687943262411,4.91627527078285,0.000925331728205215,0.0159773945070101,0.0123777167206074,"EGR1/GDF6/PDGFB/SPRY1/YAP1",5,"WT_heat_up","BP","with_iea",188,11888,48,6.58687943262411,FALSE,1,56,"blood vessel morphogenesis",1.8825,4,0.0364817591204398,0.0421545667447307,0.69,0.000999500249875062,0
"GO:0007599","hemostasis","10/188","192/11888",0.0520833333333333,3.29343971631206,4.06107854031811,0.000949284813013979,0.0162043201984557,0.0125535164684393,"ADORA2A/ANXA2/CD40LG/EMILIN2/F3/PDGFB/PLAUR/PLEK/PROCR/SERPINE1",10,"WT_heat_up","BP","with_iea",188,11888,192,3.29343971631206,FALSE,11,15,"regulation of body fluid levels",5.542,9,0.0489755122438781,0.0748367654445003,2.8925,0.00149925037481259,0
"GO:1905954","positive regulation of lipid localization","6/188","72/11888",0.0833333333333333,5.26950354609929,4.60606975585082,0.000949640712146575,0.0162043201984557,0.0125535164684393,"ANXA2/C3/DAB2/FASLG/SPP1/TNFSF11",6,"WT_heat_up","BP","with_iea",188,11888,72,5.26950354609929,TRUE,24,6,"lipid export from cell",2.4025,5,0.0344827586206897,0.0386079390973355,1.0505,0.000999500249875062,0
"GO:0046632","alpha-beta T cell differentiation","8/188","128/11888",0.0625,3.95212765957447,4.256558268991,0.000957724894414224,0.0162043201984557,0.0125535164684393,"CD80/CD83/EOMES/FOSL2/GPR183/IL2/IL23A/SEMA4A",8,"WT_heat_up","BP","with_iea",188,11888,128,3.95212765957447,FALSE,18,31,"positive regulation of cell development",5.3875,9,0.153423288355822,0.191767068273092,1.9145,0.000499750124937531,0
"GO:0061138","morphogenesis of a branching epithelium","8/188","128/11888",0.0625,3.95212765957447,4.256558268991,0.000957724894414224,0.0162043201984557,0.0125535164684393,"ADM/AREG/EPHA2/PAK1/SPINT1/SPRY1/TGM2/YAP1",8,"WT_heat_up","BP","with_iea",188,11888,128,3.95212765957447,FALSE,1,56,"blood vessel morphogenesis",5.2235,9,0.139430284857571,0.167923579688286,1.9245,0.000999500249875062,0
"GO:0002922","positive regulation of humoral immune response","3/188","13/11888",0.230769230769231,14.5924713584288,6.21549066692332,0.000990443981453784,0.0162674384661214,0.012602414305738,"C3/IL17F/LTA",3,"WT_heat_up","BP","with_iea",188,11888,13,14.5924713584288,FALSE,29,2,"regulation of humoral immune response",0.513,2,0.0119940029985007,0.0278787878787879,0.159,0.000999500249875062,0
"GO:0006700","C21-steroid hormone biosynthetic process","3/188","13/11888",0.230769230769231,14.5924713584288,6.21549066692332,0.000990443981453784,0.0162674384661214,0.012602414305738,"ADM/DAB2/EGR1",3,"WT_heat_up","BP","with_iea",188,11888,13,14.5924713584288,TRUE,21,7,"regulation of lipid biosynthetic process",0.3715,1,0.00399800099950025,0.0109375,0.147,0.000499750124937531,0
"GO:0035809","regulation of urine volume","3/188","13/11888",0.230769230769231,14.5924713584288,6.21549066692332,0.000990443981453784,0.0162674384661214,0.012602414305738,"ADM/ADORA2A/NPR3",3,"WT_heat_up","BP","with_iea",188,11888,13,14.5924713584288,TRUE,11,15,"regulation of body fluid levels",0.362,1,0.00449775112443778,0.0128617363344051,0.1605,0.000999500249875062,0
"GO:0042730","fibrinolysis","3/188","13/11888",0.230769230769231,14.5924713584288,6.21549066692332,0.000990443981453784,0.0162674384661214,0.012602414305738,"ANXA2/PLAUR/SERPINE1",3,"WT_heat_up","BP","with_iea",188,11888,13,14.5924713584288,FALSE,7,19,"response to wounding",0.222,1,0.000499750124937531,0,0.1505,0.000999500249875062,0
"GO:0061029","eyelid development in camera-type eye","3/188","13/11888",0.230769230769231,14.5924713584288,6.21549066692332,0.000990443981453784,0.0162674384661214,0.012602414305738,"EGFR/INHBA/STRA6",3,"WT_heat_up","BP","with_iea",188,11888,13,14.5924713584288,TRUE,1,56,"blood vessel morphogenesis",0.4865,2,0.00999500249875063,0.0241730279898219,0.1545,0.00149925037481259,0
"GO:1904754","positive regulation of vascular associated smooth muscle cell migration","3/188","13/11888",0.230769230769231,14.5924713584288,6.21549066692332,0.000990443981453784,0.0162674384661214,0.012602414305738,"NR4A3/PAK1/PDGFB",3,"WT_heat_up","BP","with_iea",188,11888,13,14.5924713584288,FALSE,2,29,"positive regulation of cell migration",0.3895,2,0.00649675162418791,0.0184049079754601,0.157,0.000499750124937531,0
"GO:1902895","positive regulation of miRNA transcription","5/188","49/11888",0.102040816326531,6.45245332175423,4.84791069709014,0.00101744221412809,0.0166146551167306,0.0128714036794455,"EGFR/EGR1/FOSL1/NOTCH3/PDGFB",5,"WT_heat_up","BP","with_iea",188,11888,49,6.45245332175423,TRUE,30,9,"positive regulation of miRNA transcription",2.192,5,0.0604697651174413,0.0666666666666667,0.742,0.000999500249875062,0.000937207122774133
"GO:0035296","regulation of tube diameter","7/188","100/11888",0.07,4.4263829787234,4.3615209758471,0.00102638796087911,0.0166146551167306,0.0128714036794455,"ADM/ADORA2A/ADORA2B/AVPR1A/CALCA/GJA5/NPPC",7,"WT_heat_up","BP","with_iea",188,11888,100,4.4263829787234,FALSE,11,15,"regulation of body fluid levels",3.696,7,0.0709645177411294,0.0852475752935171,1.475,0.00149925037481259,0
"GO:0097746","blood vessel diameter maintenance","7/188","100/11888",0.07,4.4263829787234,4.3615209758471,0.00102638796087911,0.0166146551167306,0.0128714036794455,"ADM/ADORA2A/ADORA2B/AVPR1A/CALCA/GJA5/NPPC",7,"WT_heat_up","BP","with_iea",188,11888,100,4.4263829787234,TRUE,11,15,"regulation of body fluid levels",3.696,7,0.0709645177411294,0.0852475752935171,1.475,0.00149925037481259,0
"GO:0051897","positive regulation of phosphatidylinositol 3-kinase/protein kinase B signal transduction","9/188","161/11888",0.0559006211180124,3.53482225452623,4.10477268739042,0.00103579925482244,0.0166867755549625,0.0129272755147319,"ADAM8/CCL3/EGFR/FAM110C/HBEGF/MST1R/PDGFB/PIK3AP1/TNFSF11",9,"WT_heat_up","BP","with_iea",188,11888,161,3.53482225452623,FALSE,6,29,"cytokine-mediated signaling pathway",6.5695,10.05,0.20039980009995,0.232116058029014,2.4295,0.00149925037481259,0
"GO:0045124","regulation of bone resorption","4/188","29/11888",0.137931034482759,8.72193690388848,5.27744041016774,0.0010558110285821,0.0169281701582664,0.0131142843550198,"ADAM8/CALCA/SPP1/TNFSF11",4,"WT_heat_up","BP","with_iea",188,11888,29,8.72193690388848,FALSE,17,13,"regulation of system process",0.972,3,0.0149925037481259,0.022568093385214,0.4075,0.000999500249875062,0
"GO:0002366","leukocyte activation involved in immune response","12/188","266/11888",0.0451127819548872,2.85266357382819,3.87363833967485,0.00106856516111066,0.0170514639690028,0.0132098002954962,"ADORA2B/ANXA3/CCL3/CD40LG/CD80/EOMES/GPR183/GRP/IL2/IL23A/NR4A3/SEMA4A",12,"WT_heat_up","BP","with_iea",188,11888,266,2.85266357382819,TRUE,9,21,"positive regulation of cell activation",10.4745,15,0.346326836581709,0.425,4.11,0.000999500249875062,0
"GO:0035150","regulation of tube size","7/188","101/11888",0.0693069306930693,4.38255740467664,4.32739307636842,0.00108835061459781,0.0172041151143232,0.0133280594167204,"ADM/ADORA2A/ADORA2B/AVPR1A/CALCA/GJA5/NPPC",7,"WT_heat_up","BP","with_iea",188,11888,101,4.38255740467664,FALSE,11,15,"regulation of body fluid levels",3.7325,7,0.0734632683658171,0.0841836734693878,1.4945,0.00199900049975012,0
"GO:0043534","blood vessel endothelial cell migration","7/188","101/11888",0.0693069306930693,4.38255740467664,4.32739307636842,0.00108835061459781,0.0172041151143232,0.0133280594167204,"ATP2B4/EGR3/EPHA2/NR4A1/PDGFB/PLK2/PTGS2",7,"WT_heat_up","BP","with_iea",188,11888,101,4.38255740467664,FALSE,2,29,"positive regulation of cell migration",4.1635,7,0.110944527736132,0.120707070707071,1.513,0.00149925037481259,0
"GO:0032496","response to lipopolysaccharide","12/188","267/11888",0.0449438202247191,2.84197944059288,3.85869794418846,0.00110366363903755,0.0173646517413058,0.0134524274349978,"CD200/CD80/CSF2/FASLG/FOSL2/GFI1/IL1A/IL24/LTA/NR4A1/PTGER2/SERPINE1",12,"WT_heat_up","BP","with_iea",188,11888,267,2.84197944059288,FALSE,15,8,"response to bacterium",10.171,15,0.314342828585707,0.3755,4.1255,0.00149925037481259,0
"GO:0002263","cell activation involved in immune response","12/188","269/11888",0.0446096654275093,2.82084948192676,3.82902265715484,0.00117674171721257,0.0183476716166638,0.0142139747287427,"ADORA2B/ANXA3/CCL3/CD40LG/CD80/EOMES/GPR183/GRP/IL2/IL23A/NR4A3/SEMA4A",12,"WT_heat_up","BP","with_iea",188,11888,269,2.82084948192676,FALSE,9,21,"positive regulation of cell activation",10.6,16,0.365317341329335,0.4245,4.17,0.000999500249875062,0
"GO:0071677","positive regulation of mononuclear cell migration","6/188","75/11888",0.08,5.05872340425532,4.46953261397313,0.00117704100659322,0.0183476716166638,0.0142139747287427,"ADAM8/CCL20/CCL3/CCL4/SERPINE1/TNFSF14",6,"WT_heat_up","BP","with_iea",188,11888,75,5.05872340425532,FALSE,2,29,"positive regulation of cell migration",3.241,6,0.0894552723638181,0.0903027193432529,1.129,0.000999500249875062,0
"GO:0007520","myoblast fusion","4/188","30/11888",0.133333333333333,8.43120567375886,5.16578481026835,0.00120333185332777,0.0185005404116648,0.0143324024635723,"CD53/EHD2/NEO1/TNFSF14",4,"WT_heat_up","BP","with_iea",188,11888,30,8.43120567375887,FALSE,28,7,"positive regulation of myoblast fusion",0.8825,3,0.00849575212393803,0.0138050043140638,0.4045,0.00199900049975012,0
"GO:0010573","vascular endothelial growth factor production","4/188","30/11888",0.133333333333333,8.43120567375886,5.16578481026835,0.00120333185332777,0.0185005404116648,0.0143324024635723,"ADORA2B/C3/IL1A/PTGS2",4,"WT_heat_up","BP","with_iea",188,11888,30,8.43120567375887,TRUE,3,12,"positive regulation of cytokine production",1.1125,3,0.0204897551224388,0.0290909090909091,0.4385,0.00149925037481259,0
"GO:0052652","cyclic purine nucleotide metabolic process","4/188","30/11888",0.133333333333333,8.43120567375886,5.16578481026835,0.00120333185332777,0.0185005404116648,0.0143324024635723,"ADCY4/EPHA2/NPPC/NPR3",4,"WT_heat_up","BP","with_iea",188,11888,30,8.43120567375887,TRUE,30,9,"positive regulation of miRNA transcription",0.6405,2,0.00199900049975012,0.00308008213552361,0.397,0.000999500249875062,0
"GO:1903036","positive regulation of response to wounding","5/188","51/11888",0.0980392156862745,6.1994159365874,4.71672928021171,0.00122186519980465,0.0185625437248165,0.0143804365435716,"CLDN4/EMILIN2/F3/HBEGF/SERPINE1",5,"WT_heat_up","BP","with_iea",188,11888,51,6.1994159365874,FALSE,7,19,"response to wounding",1.8975,4,0.0449775112443778,0.0519859813084112,0.7185,0.00199900049975012,0
"GO:0009190","cyclic nucleotide biosynthetic process","3/188","14/11888",0.214285714285714,13.5501519756839,5.95575200449202,0.00124595630585344,0.0185625437248165,0.0143804365435716,"ADCY4/NPPC/NPR3",3,"WT_heat_up","BP","with_iea",188,11888,14,13.5501519756839,FALSE,30,9,"positive regulation of miRNA transcription",0.248,1,0.000499750124937531,0,0.178,0.000999500249875062,0
"GO:0010755","regulation of plasminogen activation","3/188","14/11888",0.214285714285714,13.5501519756839,5.95575200449202,0.00124595630585344,0.0185625437248165,0.0143804365435716,"ANXA2/PLAUR/SERPINE1",3,"WT_heat_up","BP","with_iea",188,11888,14,13.5501519756839,TRUE,3,12,"positive regulation of cytokine production",0.3865,1,0.00949525237381309,0.0273141122913505,0.187,0.00149925037481259,0
"GO:0031649","heat generation","3/188","14/11888",0.214285714285714,13.5501519756839,5.95575200449202,0.00124595630585344,0.0185625437248165,0.0143804365435716,"IL1A/PTGS2/TNFSF11",3,"WT_heat_up","BP","with_iea",188,11888,14,13.5501519756839,TRUE,17,13,"regulation of system process",0.474,2,0.0114942528735632,0.0282776349614396,0.149,0.00149925037481259,0
"GO:0060602","branch elongation of an epithelium","3/188","14/11888",0.214285714285714,13.5501519756839,5.95575200449202,0.00124595630585344,0.0185625437248165,0.0143804365435716,"AREG/SPRY1/YAP1",3,"WT_heat_up","BP","with_iea",188,11888,14,13.5501519756839,FALSE,1,56,"blood vessel morphogenesis",0.5885,2,0.0164917541229385,0.0352035203520352,0.189,0.00299850074962519,0
"GO:0140131","positive regulation of lymphocyte chemotaxis","3/188","14/11888",0.214285714285714,13.5501519756839,5.95575200449202,0.00124595630585344,0.0185625437248165,0.0143804365435716,"CCL3/CCL4/TNFSF14",3,"WT_heat_up","BP","with_iea",188,11888,14,13.5501519756839,FALSE,2,29,"positive regulation of cell migration",0.5065,2,0.00949525237381309,0.020910209102091,0.1945,0.000999500249875062,0
"GO:1901739","regulation of myoblast fusion","3/188","14/11888",0.214285714285714,13.5501519756839,5.95575200449202,0.00124595630585344,0.0185625437248165,0.0143804365435716,"CD53/EHD2/TNFSF14",3,"WT_heat_up","BP","with_iea",188,11888,14,13.5501519756839,FALSE,28,7,"positive regulation of myoblast fusion",0.4695,2,0.00849575212393803,0.0210249671484888,0.1825,0.000999500249875062,0
"GO:0050921","positive regulation of chemotaxis","7/188","104/11888",0.0673076923076923,4.25613747954173,4.22761238077365,0.00129202621457171,0.0191641068919072,0.0148464686283732,"CCL3/CCL4/F3/IL23A/PDGFB/SERPINE1/TNFSF14",7,"WT_heat_up","BP","with_iea",188,11888,104,4.25613747954174,FALSE,4,4,"chemotaxis",4.4845,8,0.151424287856072,0.151256281407035,1.574,0.00149925037481259,0
"GO:0050670","regulation of lymphocyte proliferation","10/188","201/11888",0.0497512437810945,3.14597226632794,3.88949069480902,0.00134309173758003,0.0197825102516228,0.015325546841174,"CD40LG/CD70/CD80/CDKN1A/GPR183/IL1A/IL2/IL23A/SDC4/TNFSF9",10,"WT_heat_up","BP","with_iea",188,11888,201,3.14597226632793,FALSE,9,21,"positive regulation of cell activation",8.465,13,0.337831084457771,0.355,3.0445,0.00199900049975012,0
"GO:0048145","regulation of fibroblast proliferation","6/188","77/11888",0.0779220779220779,4.92732799115778,4.38249395651606,0.00135035065383431,0.0197825102516228,0.015325546841174,"CDKN1A/EGFR/FOSL2/LTA/PDGFB/SPHK1",6,"WT_heat_up","BP","with_iea",188,11888,77,4.92732799115778,FALSE,12,23,"leukocyte proliferation",2.9005,6,0.0649675162418791,0.0682539682539682,1.17,0.00299850074962519,0
"GO:0043524","negative regulation of neuron apoptotic process","8/188","135/11888",0.0592592592592593,3.74720252167061,4.06916516288996,0.00135134462663298,0.0197825102516228,0.015325546841174,"ADAM8/ADORA2A/CLU/HSPG2/NPPC/NR4A2/NR4A3/TP73",8,"WT_heat_up","BP","with_iea",188,11888,135,3.74720252167061,FALSE,19,7,"positive regulation of programmed cell death",5.076,9,0.133433283358321,0.138121546961326,2.073,0.00149925037481259,0
"GO:0007622","rhythmic behavior","4/188","31/11888",0.129032258064516,8.159231297186,5.05920125201885,0.00136470046599253,0.0198058037456761,0.0153435923535821,"ADORA2A/CSF2/EGR1/EGR2",4,"WT_heat_up","BP","with_iea",188,11888,31,8.159231297186,TRUE,5,5,"positive regulation of locomotion",0.9695,3,0.0134932533733133,0.0207336523125997,0.4275,0.000499750124937531,0
"GO:0009187","cyclic nucleotide metabolic process","4/188","31/11888",0.129032258064516,8.159231297186,5.05920125201885,0.00136470046599253,0.0198058037456761,0.0153435923535821,"ADCY4/EPHA2/NPPC/NPR3",4,"WT_heat_up","BP","with_iea",188,11888,31,8.159231297186,FALSE,30,9,"positive regulation of miRNA transcription",0.652,2,0.00199900049975012,0.00303643724696356,0.4135,0.000999500249875062,0
"GO:0010876","lipid localization","13/188","313/11888",0.0415335463258786,2.62633403575556,3.69609857214394,0.00141721916057689,0.0204797292431862,0.0158656836679897,"ANXA2/C3/CLU/CRABP2/DAB2/ESYT3/FASLG/INHBA/PTGS2/SLC13A3/SPP1/STRA6/TNFSF11",13,"WT_heat_up","BP","with_iea",188,11888,313,2.62633403575556,TRUE,24,6,"lipid export from cell",7.617,12,0.0384807596201899,0.0515257628814407,4.8335,0.00249875062468766,0
"GO:0043500","muscle adaptation","6/188","78/11888",0.0769230769230769,4.86415711947627,4.34009518619749,0.0014439909279552,0.0207257343987396,0.0160562643115304,"ASB2/ATP2B4/GATM/NR4A3/PAK1/PDGFB",6,"WT_heat_up","BP","with_iea",188,11888,78,4.86415711947627,TRUE,8,12,"tissue remodeling",3.0735,6,0.0849575212393803,0.0871821484172288,1.1405,0.00149925037481259,0
"GO:0051962","positive regulation of nervous system development","10/188","203/11888",0.0492610837438424,3.11497746567446,3.85266750744707,0.00144655407891411,0.0207257343987396,0.0160562643115304,"CRABP2/EGR2/LTA/PAK1/PLXNB2/SEMA4A/SPINT1/TGM2/TP73/WNT3",10,"WT_heat_up","BP","with_iea",188,11888,203,3.11497746567446,FALSE,1,56,"blood vessel morphogenesis",7.4135,12,0.199400299850075,0.206810215322984,3.111,0.00249875062468766,0
"GO:0001763","morphogenesis of a branching structure","8/188","137/11888",0.0583941605839416,3.69249883522286,4.01791291607504,0.00148469799007384,0.0211821107312653,0.0164098198902898,"ADM/AREG/EPHA2/PAK1/SPINT1/SPRY1/TGM2/YAP1",8,"WT_heat_up","BP","with_iea",188,11888,137,3.69249883522286,FALSE,1,56,"blood vessel morphogenesis",5.586,9,0.186406796601699,0.187248995983936,2.057,0.00149925037481259,0
"GO:0032944","regulation of mononuclear cell proliferation","10/188","204/11888",0.0490196078431373,3.0997079682937,3.83442573719017,0.00150066618329528,0.0213195908825114,0.0165163260146822,"CD40LG/CD70/CD80/CDKN1A/GPR183/IL1A/IL2/IL23A/SDC4/TNFSF9",10,"WT_heat_up","BP","with_iea",188,11888,204,3.0997079682937,FALSE,12,23,"leukocyte proliferation",8.565,13,0.353823088455772,0.3585,3.091,0.00199900049975012,0
"GO:0002040","sprouting angiogenesis","7/188","107/11888",0.0654205607476635,4.13680652217141,4.13152769435785,0.00152439676309248,0.0215657306778672,0.0167070109639238,"EGR3/EPHA2/EPN2/NR4A1/PLK2/PTGS2/TGM2",7,"WT_heat_up","BP","with_iea",188,11888,107,4.13680652217141,FALSE,1,56,"blood vessel morphogenesis",3.652,7,0.0684657671164418,0.0693523712391637,1.6355,0.00249875062468766,0
"GO:0034112","positive regulation of homotypic cell-cell adhesion","3/188","15/11888",0.2,12.6468085106383,5.72129650903914,0.00153940957797956,0.0215966335377382,0.0167309514659357,"EMILIN2/PLAUR/TNFSF11",3,"WT_heat_up","BP","with_iea",188,11888,15,12.6468085106383,FALSE,10,7,"positive regulation of cell adhesion",0.5915,2,0.0124937531234383,0.0257234726688103,0.185,0.00199900049975012,0
"GO:0060143","positive regulation of syncytium formation by plasma membrane fusion","3/188","15/11888",0.2,12.6468085106383,5.72129650903914,0.00153940957797956,0.0215966335377382,0.0167309514659357,"CD53/EHD2/TNFSF14",3,"WT_heat_up","BP","with_iea",188,11888,15,12.6468085106383,FALSE,28,7,"positive regulation of myoblast fusion",0.5095,2,0.0139930034982509,0.031980319803198,0.187,0.000499750124937531,0
"GO:0051146","striated muscle cell differentiation","10/188","205/11888",0.0487804878048781,3.0845874416191,3.81629540448976,0.00155641335018315,0.0216658031347927,0.0167845372791698,"ASB2/AVPR1A/CD53/EHD2/KDM6B/NEB/NEO1/PAK1/SDC1/TNFSF14",10,"WT_heat_up","BP","with_iea",188,11888,205,3.0845874416191,FALSE,18,31,"positive regulation of cell development",6.966,11,0.15192403798101,0.154,3.159,0.000499750124937531,0
"GO:0002460","adaptive immune response based on somatic recombination of immune receptors built from immunoglobulin superfamily domains","12/188","278/11888",0.0431654676258993,2.72952701668452,3.69875668974257,0.00155720949171959,0.0216658031347927,0.0167845372791698,"C3/CD40LG/CD70/CD80/CLU/IGKC/IL2/IL23A/IL9/KLRC1/LTA/SEMA4A",12,"WT_heat_up","BP","with_iea",188,11888,278,2.72952701668452,FALSE,13,8,"humoral immune response",10.3415,15,0.333333333333333,0.348,4.269,0.000999500249875062,0
"GO:0002437","inflammatory response to antigenic stimulus","5/188","54/11888",0.0925925925925926,5.85500394011032,4.53255214593965,0.00158340331874196,0.0218496679270663,0.0169269776697264,"C3/FOSL2/KDM6B/LTA/PLK2",5,"WT_heat_up","BP","with_iea",188,11888,54,5.85500394011032,TRUE,22,5,"acute inflammatory response",2.15,5,0.0549725137431284,0.0580431177446103,0.7755,0.00199900049975012,0
"GO:0061180","mammary gland epithelium development","5/188","54/11888",0.0925925925925926,5.85500394011032,4.53255214593965,0.00158340331874196,0.0218496679270663,0.0169269776697264,"AREG/EPHA2/IRF6/TNFSF11/WNT3",5,"WT_heat_up","BP","with_iea",188,11888,54,5.85500394011032,TRUE,1,56,"blood vessel morphogenesis",2.344,5,0.0869565217391304,0.0926430517711172,0.752,0.000999500249875062,0
"GO:0045596","negative regulation of cell differentiation","17/188","481/11888",0.0353430353430353,2.23488300084045,3.5045701275818,0.00162320912119951,0.0222864751418816,0.0172653730172362,"AREG/CALCA/CCL3/EGFR/IL2/INHBA/NOTCH3/NPPC/PAK1/PDGFB/S1PR3/SPP1/SPRY1/TNFRSF11B/TP73/WNT3/YAP1",17,"WT_heat_up","BP","with_iea",188,11888,481,2.23488300084045,TRUE,18,31,"positive regulation of cell development",17.351,24,0.584707646176912,0.6035,7.4425,0.00249875062468766,0
"GO:0007369","gastrulation","8/188","139/11888",0.0575539568345324,3.63936935557937,3.96761244068165,0.00162829607511223,0.0222864751418816,0.0172653730172362,"EOMES/EPHA2/IL1RN/INHBA/ITGA3/KDM6B/NR4A3/WNT3",8,"WT_heat_up","BP","with_iea",188,11888,139,3.63936935557937,FALSE,1,56,"blood vessel morphogenesis",4.822,8,0.0994502748625687,0.0973406924234822,2.091,0.00199900049975012,0
"GO:0050767","regulation of neurogenesis","12/188","280/11888",0.0428571428571429,2.71003039513678,3.67050881118039,0.00165425440016999,0.0224591716345659,0.0173991613056928,"ANXA2/CRABP2/EGR2/LTA/PAK1/PLXNB2/SPINT1/SPP1/TGM2/TP73/WNT3/YAP1",12,"WT_heat_up","BP","with_iea",188,11888,280,2.71003039513678,FALSE,18,31,"positive regulation of cell development",10.6055,16,0.363818090954523,0.367,4.3375,0.00249875062468766,0.000502765208647562
"GO:0070482","response to oxygen levels","12/188","280/11888",0.0428571428571429,2.71003039513678,3.67050881118039,0.00165425440016999,0.0224591716345659,0.0173991613056928,"ADAM8/AK4/EGR1/FOSL2/HK2/HSPG2/INHBA/LTA/NPPC/NR4A2/PAK1/PTGS2",12,"WT_heat_up","BP","with_iea",188,11888,280,2.71003039513678,FALSE,26,3,"response to hypoxia",9.6505,15,0.260369815092454,0.274,4.264,0.000999500249875062,0
"GO:0042327","positive regulation of phosphorylation","10/188","207/11888",0.0483091787439614,3.05478466440539,3.780363850887,0.00167295893511548,0.0226218985322644,0.0175252261306961,"AREG/C3/CALCA/CD80/CDKN1A/EGFR/MST1R/PDGFB/PLAUR/SPHK1",10,"WT_heat_up","BP","with_iea",188,11888,207,3.05478466440539,TRUE,31,3,"positive regulation of phosphorylation",7.751,12,0.23688155922039,0.237,3.1705,0.00199900049975012,0
"GO:0048660","regulation of smooth muscle cell proliferation","7/188","109/11888",0.0642201834862385,4.06090181534257,4.06940169958407,0.0016965711095195,0.0228494197030087,0.0177014871974288,"CDKN1A/HBEGF/NOTCH3/NPPC/NR4A3/PAK1/PDGFB",7,"WT_heat_up","BP","with_iea",188,11888,109,4.06090181534257,TRUE,12,23,"leukocyte proliferation",4.7705,8,0.192903548225887,0.190452261306533,1.631,0.00149925037481259,0
"GO:0055006","cardiac cell development","5/188","55/11888",0.0909090909090909,5.74854932301741,4.47421645775236,0.00171974895701635,0.0229546520356365,0.0177830108778101,"ASB2/INHBA/NEB/PAK1/SPRY1",5,"WT_heat_up","BP","with_iea",188,11888,55,5.74854932301741,FALSE,1,56,"blood vessel morphogenesis",2.074,4,0.0489755122438781,0.0525423728813559,0.8145,0.00149925037481259,0
"GO:2000630","positive regulation of miRNA metabolic process","5/188","55/11888",0.0909090909090909,5.74854932301741,4.47421645775236,0.00171974895701635,0.0229546520356365,0.0177830108778101,"EGFR/EGR1/FOSL1/NOTCH3/PDGFB",5,"WT_heat_up","BP","with_iea",188,11888,55,5.74854932301741,TRUE,30,9,"positive regulation of miRNA transcription",2.415,5,0.0829585207396302,0.0883947939262473,0.849,0.000999500249875062,0.000859845227858985
"GO:0046850","regulation of bone remodeling","4/188","33/11888",0.121212121212121,7.66473243068988,4.85971761535455,0.00173165477191912,0.0229546520356365,0.0177830108778101,"ADAM8/CALCA/SPP1/TNFSF11",4,"WT_heat_up","BP","with_iea",188,11888,33,7.66473243068988,FALSE,17,13,"regulation of system process",1.131,3,0.0209895052473763,0.028673835125448,0.47,0.00149925037481259,0
"GO:0060428","lung epithelium development","4/188","33/11888",0.121212121212121,7.66473243068988,4.85971761535455,0.00173165477191912,0.0229546520356365,0.0177830108778101,"FOSL2/STRA6/TP73/YAP1",4,"WT_heat_up","BP","with_iea",188,11888,33,7.66473243068988,FALSE,1,56,"blood vessel morphogenesis",1.19,3,0.0289855072463768,0.0391459074733096,0.455,0.00299850074962519,0
"GO:0002237","response to molecule of bacterial origin","12/188","282/11888",0.0425531914893617,2.6908103214124,3.64250608904748,0.00175623400565631,0.0231891760668423,0.0179646970733388,"CD200/CD80/CSF2/FASLG/FOSL2/GFI1/IL1A/IL24/LTA/NR4A1/PTGER2/SERPINE1",12,"WT_heat_up","BP","with_iea",188,11888,282,2.6908103214124,FALSE,15,8,"response to bacterium",10.6535,16,0.375312343828086,0.38,4.3725,0.00199900049975012,0
"GO:0141091","transforming growth factor beta receptor superfamily signaling pathway","11/188","245/11888",0.0448979591836735,2.83907946157186,3.68700063904198,0.0017829968910259,0.0234267478340893,0.0181487443555479,"CCN1/DAB2/EGR1/FAM83G/GDF6/HSPA1A/IL17F/INHBA/ITGA3/NEO1/SPRY1",11,"WT_heat_up","BP","with_iea",188,11888,245,2.83907946157186,TRUE,32,1,"transforming growth factor beta receptor superfamily signaling pathway",8.319,13,0.213893053473263,0.215,3.726,0.00249875062468766,0
"GO:0045582","positive regulation of T cell differentiation","7/188","110/11888",0.0636363636363636,4.02398452611219,4.03889215752585,0.00178814202357023,0.0234267478340893,0.0181487443555479,"ADAM8/CD80/CD83/EGR3/IL2/IL23A/TNFSF9",7,"WT_heat_up","BP","with_iea",188,11888,110,4.02398452611219,TRUE,18,31,"positive regulation of cell development",4.9355,8,0.221389305347326,0.218436873747495,1.673,0.00299850074962519,0
"GO:1902105","regulation of leukocyte differentiation","12/188","283/11888",0.0424028268551237,2.6813021577325,3.62859535938355,0.00180913297586028,0.0236098865493084,0.0182906222528836,"ADAM8/CALCA/CCL3/CD80/CD83/EGR3/IL2/IL23A/INHBA/TNFRSF11B/TNFSF11/TNFSF9",12,"WT_heat_up","BP","with_iea",188,11888,283,2.6813021577325,TRUE,18,31,"positive regulation of cell development",11.669,17,0.507746126936532,0.504,4.3135,0.00249875062468766,0
"GO:0051402","neuron apoptotic process","11/188","246/11888",0.0447154471544715,2.82753848815084,3.67149053716467,0.0018412494472521,0.0239362428142774,0.0185434510477168,"ADAM8/ADORA2A/CCL3/CLU/EGR1/FASLG/HSPG2/NPPC/NR4A2/NR4A3/TP73",11,"WT_heat_up","BP","with_iea",188,11888,246,2.82753848815084,TRUE,19,7,"positive regulation of programmed cell death",9.0175,14,0.291854072963518,0.29,3.796,0.00299850074962519,0
"GO:0035115","embryonic forelimb morphogenesis","3/188","16/11888",0.1875,11.8563829787234,5.50814453755662,0.0018727335883013,0.0241589808115344,0.0187160065812084,"ALDH1A2/CRABP2/WNT3",3,"WT_heat_up","BP","with_iea",188,11888,16,11.8563829787234,TRUE,1,56,"blood vessel morphogenesis",0.4545,2,0.00999500249875063,0.0224570673712021,0.2105,0.00199900049975012,0
"GO:0035795","negative regulation of mitochondrial membrane permeability","3/188","16/11888",0.1875,11.8563829787234,5.50814453755662,0.0018727335883013,0.0241589808115344,0.0187160065812084,"HK2/HSPA1A/IER3",3,"WT_heat_up","BP","with_iea",188,11888,16,11.8563829787234,TRUE,11,15,"regulation of body fluid levels",0.435,2,0.00999500249875063,0.0238095238095238,0.206,0.00199900049975012,0
"GO:1902107","positive regulation of leukocyte differentiation","9/188","176/11888",0.0511363636363636,3.23355899419729,3.78408039777486,0.00192482360820355,0.0245706249749957,0.019034908066853,"ADAM8/CALCA/CD80/CD83/EGR3/IL2/IL23A/TNFSF11/TNFSF9",9,"WT_heat_up","BP","with_iea",188,11888,176,3.23355899419729,FALSE,18,31,"positive regulation of cell development",7.7565,12,0.373313343328336,0.3665,2.6725,0.00249875062468766,0
"GO:1903708","positive regulation of hemopoiesis","9/188","176/11888",0.0511363636363636,3.23355899419729,3.78408039777486,0.00192482360820355,0.0245706249749957,0.019034908066853,"ADAM8/CALCA/CD80/CD83/EGR3/IL2/IL23A/TNFSF11/TNFSF9",9,"WT_heat_up","BP","with_iea",188,11888,176,3.23355899419729,FALSE,18,31,"positive regulation of cell development",7.7565,12,0.373313343328336,0.3665,2.6725,0.00249875062468766,0
"GO:0002673","regulation of acute inflammatory response","4/188","34/11888",0.117647058823529,7.43929912390488,4.76615017174279,0.001938568191399,0.0245706249749957,0.019034908066853,"ADAM8/C3/PTGS2/TNFSF11",4,"WT_heat_up","BP","with_iea",188,11888,34,7.43929912390488,FALSE,7,19,"response to wounding",1.289,3,0.0379810094952524,0.047554347826087,0.4605,0.00149925037481259,0
"GO:0030195","negative regulation of blood coagulation","4/188","34/11888",0.117647058823529,7.43929912390488,4.76615017174279,0.001938568191399,0.0245706249749957,0.019034908066853,"ANXA2/PDGFB/PLAUR/SERPINE1",4,"WT_heat_up","BP","with_iea",188,11888,34,7.43929912390488,FALSE,7,19,"response to wounding",1.04,3,0.0179910044977511,0.0255639097744361,0.476,0.00299850074962519,0
"GO:0001659","temperature homeostasis","8/188","143/11888",0.0559440559440559,3.53756881416456,3.8697371041057,0.00194842793832013,0.0245706249749957,0.019034908066853,"EGR1/GATM/IGF2BP2/IL1A/KDM6B/NPR3/PTGS2/TNFSF11",8,"WT_heat_up","BP","with_iea",188,11888,143,3.53756881416456,FALSE,17,13,"regulation of system process",4.722,8,0.101449275362319,0.0967254408060453,2.1555,0.00399800099950025,0
"GO:0030324","lung development","8/188","143/11888",0.0559440559440559,3.53756881416456,3.8697371041057,0.00194842793832013,0.0245706249749957,0.019034908066853,"ALDH1A2/ANXA2/FOSL2/ITGA3/SPRY1/STRA6/TP73/YAP1",8,"WT_heat_up","BP","with_iea",188,11888,143,3.53756881416456,FALSE,1,56,"blood vessel morphogenesis",5.213,9,0.141429285357321,0.139628327473631,2.096,0.000999500249875062,0
"GO:0007566","embryo implantation","5/188","57/11888",0.087719298245614,5.54684583799925,4.36173278193986,0.00201800433978509,0.0252588126842245,0.0195680483427409,"CALCA/HSPG2/PTGS2/SPP1/TIMP1",5,"WT_heat_up","BP","with_iea",188,11888,57,5.54684583799925,TRUE,27,2,"multi-organism reproductive process",1.829,4,0.0329835082458771,0.03708063566804,0.858,0.00149925037481259,0
"GO:0097192","extrinsic apoptotic signaling pathway in absence of ligand","5/188","57/11888",0.087719298245614,5.54684583799925,4.36173278193986,0.00201800433978509,0.0252588126842245,0.0195680483427409,"CSF2/HSPA1A/IL1A/IL2/INHBA",5,"WT_heat_up","BP","with_iea",188,11888,57,5.54684583799925,FALSE,6,29,"cytokine-mediated signaling pathway",2.204,5,0.0574712643678161,0.06087437742114,0.8285,0.00149925037481259,0
"GO:0048659","smooth muscle cell proliferation","7/188","113/11888",0.0619469026548673,3.91715307851629,3.94948172324833,0.0020860451085563,0.0258221092440227,0.0200044352169472,"CDKN1A/HBEGF/NOTCH3/NPPC/NR4A3/PAK1/PDGFB",7,"WT_heat_up","BP","with_iea",188,11888,113,3.91715307851629,FALSE,12,23,"leukocyte proliferation",4.9065,8,0.216391804097951,0.211953792064289,1.6965,0.00149925037481259,0
"GO:0071675","regulation of mononuclear cell migration","7/188","113/11888",0.0619469026548673,3.91715307851629,3.94948172324833,0.0020860451085563,0.0258221092440227,0.0200044352169472,"ADAM8/CCL20/CCL3/CCL4/CD200/SERPINE1/TNFSF14",7,"WT_heat_up","BP","with_iea",188,11888,113,3.91715307851629,FALSE,2,29,"positive regulation of cell migration",4.5255,8,0.159420289855072,0.154078549848943,1.74,0.00199900049975012,0
"GO:0051960","regulation of nervous system development","13/188","327/11888",0.0397553516819572,2.51389159997397,3.51878782056377,0.00208912625572958,0.0258221092440227,0.0200044352169472,"ANXA2/CRABP2/EGR2/LTA/PAK1/PLXNB2/SEMA4A/SPINT1/SPP1/TGM2/TP73/WNT3/YAP1",13,"WT_heat_up","BP","with_iea",188,11888,327,2.51389159997397,FALSE,1,56,"blood vessel morphogenesis",11.8945,17,0.395302348825587,0.3845,5.0455,0.00299850074962519,0.00050125313283208
"GO:0006887","exocytosis","12/188","288/11888",0.0416666666666667,2.63475177304965,3.55992781186254,0.00209368453329914,0.0258221092440227,0.0200044352169472,"ADORA2B/ANXA2/ANXA3/BICD1/CCL3/GRP/NR4A3/PAK1/PLEK/SDC1/SDC4/SYT15",12,"WT_heat_up","BP","with_iea",188,11888,288,2.63475177304965,TRUE,16,12,"positive regulation of secretion by cell",8.0075,12,0.104947526236882,0.100550275137569,4.3965,0.00349825087456272,0
"GO:0010837","regulation of keratinocyte proliferation","4/188","35/11888",0.114285714285714,7.22674772036474,4.67630980622574,0.00216198292708431,0.0264705327836104,0.0205067701179518,"AREG/IRF6/TGM1/YAP1",4,"WT_heat_up","BP","with_iea",188,11888,35,7.22674772036474,FALSE,12,23,"leukocyte proliferation",1.1665,3,0.0259870064967516,0.0321199143468951,0.5005,0.00249875062468766,0
"GO:1900047","negative regulation of hemostasis","4/188","35/11888",0.114285714285714,7.22674772036474,4.67630980622574,0.00216198292708431,0.0264705327836104,0.0205067701179518,"ANXA2/PDGFB/PLAUR/SERPINE1",4,"WT_heat_up","BP","with_iea",188,11888,35,7.22674772036474,FALSE,11,15,"regulation of body fluid levels",1.0805,3,0.0224887556221889,0.0302137067059691,0.4895,0.00349825087456272,0
"GO:0030323","respiratory tube development","8/188","146/11888",0.0547945205479452,3.46487904401049,3.79859618310117,0.00221958632505083,0.0270773447697324,0.0209768684724484,"ALDH1A2/ANXA2/FOSL2/ITGA3/SPRY1/STRA6/TP73/YAP1",8,"WT_heat_up","BP","with_iea",188,11888,146,3.46487904401049,FALSE,1,56,"blood vessel morphogenesis",5.2575,9,0.145427286356822,0.140060240963855,2.146,0.000999500249875062,0
"GO:0031639","plasminogen activation","3/188","17/11888",0.176470588235294,11.1589486858573,5.31314538713263,0.00224773914361804,0.0272235168941077,0.0210901082843071,"ANXA2/PLAUR/SERPINE1",3,"WT_heat_up","BP","with_iea",188,11888,17,11.1589486858573,TRUE,3,12,"positive regulation of cytokine production",0.453,2,0.0119940029985007,0.0280748663101604,0.2415,0.00349825087456272,0
"GO:0046885","regulation of hormone biosynthetic process","3/188","17/11888",0.176470588235294,11.1589486858573,5.31314538713263,0.00224773914361804,0.0272235168941077,0.0210901082843071,"ADM/DAB2/EGR1",3,"WT_heat_up","BP","with_iea",188,11888,17,11.1589486858573,TRUE,21,7,"regulation of lipid biosynthetic process",0.5735,2,0.0219890054972514,0.0406320541760722,0.215,0.000999500249875062,0
"GO:0016064","immunoglobulin mediated immune response","7/188","115/11888",0.0608695652173913,3.84902867715079,3.89156504654852,0.00230504182044796,0.0278174760195279,0.0215502495041314,"C3/CD40LG/CLU/IGKC/IL2/IL9/LTA",7,"WT_heat_up","BP","with_iea",188,11888,115,3.84902867715079,FALSE,13,8,"humoral immune response",3.7795,7,0.0769615192403798,0.0733571064696893,1.7115,0.000999500249875062,0
"GO:0050769","positive regulation of neurogenesis","9/188","181/11888",0.0497237569060773,3.14423416010344,3.68477364099608,0.00232941513937978,0.0279875531450698,0.0216820085640764,"CRABP2/EGR2/LTA/PAK1/PLXNB2/SPINT1/TGM2/TP73/WNT3",9,"WT_heat_up","BP","with_iea",188,11888,181,3.14423416010344,FALSE,18,31,"positive regulation of cell development",6.903,11,0.243378310844578,0.231462925851703,2.7725,0.00449775112443778,0
"GO:0003012","muscle system process","12/188","292/11888",0.0410958904109589,2.59865928300787,3.50602784818996,0.0023468888471985,0.0279875531450698,0.0216820085640764,"ADORA2B/ASB2/ATP2B4/CALCA/GATM/GJA5/NPR3/NR4A3/PAK1/PDGFB/SCN9A/SPHK1",12,"WT_heat_up","BP","with_iea",188,11888,292,2.59865928300787,FALSE,8,12,"tissue remodeling",9.405,14,0.228885557221389,0.2145,4.4665,0.00349825087456272,0
"GO:0038034","signal transduction in absence of ligand","5/188","59/11888",0.0847457627118644,5.3588171655247,4.2544435692332,0.00235238418178044,0.0279875531450698,0.0216820085640764,"CSF2/HSPA1A/IL1A/IL2/INHBA",5,"WT_heat_up","BP","with_iea",188,11888,59,5.3588171655247,FALSE,6,29,"cytokine-mediated signaling pathway",2.2175,5,0.0584707646176912,0.0612921038100497,0.855,0.00149925037481259,0
"GO:0045670","regulation of osteoclast differentiation","5/188","59/11888",0.0847457627118644,5.3588171655247,4.2544435692332,0.00235238418178044,0.0279875531450698,0.0216820085640764,"CALCA/CCL3/IL23A/TNFRSF11B/TNFSF11",5,"WT_heat_up","BP","with_iea",188,11888,59,5.3588171655247,FALSE,18,31,"positive regulation of cell development",2.1205,5,0.0559720139930035,0.0588565022421525,0.856,0.00149925037481259,0
"GO:0002287","alpha-beta T cell activation involved in immune response","6/188","86/11888",0.0697674418604651,4.41167738743196,4.02495938708475,0.00238245760068218,0.0281464376894628,0.0218050967109527,"CD80/EOMES/GPR183/IL2/IL23A/SEMA4A",6,"WT_heat_up","BP","with_iea",188,11888,86,4.41167738743196,TRUE,9,21,"positive regulation of cell activation",3.7585,7,0.157421289355322,0.153611393692777,1.307,0.00249875062468766,0
"GO:0002293","alpha-beta T cell differentiation involved in immune response","6/188","86/11888",0.0697674418604651,4.41167738743196,4.02495938708475,0.00238245760068218,0.0281464376894628,0.0218050967109527,"CD80/EOMES/GPR183/IL2/IL23A/SEMA4A",6,"WT_heat_up","BP","with_iea",188,11888,86,4.41167738743196,FALSE,18,31,"positive regulation of cell development",3.7585,7,0.157421289355322,0.153611393692777,1.307,0.00249875062468766,0
"GO:0042098","T cell proliferation","9/188","182/11888",0.0494505494505494,3.12695814823474,3.66532512330903,0.00241791023724282,0.0284022894377795,0.0220033055279001,"CD40LG/CD70/CD80/IL1A/IL2/IL23A/SDC4/TNFSF14/TNFSF9",9,"WT_heat_up","BP","with_iea",188,11888,182,3.12695814823474,FALSE,9,21,"positive regulation of cell activation",7.549,12,0.347326336831584,0.333166583291646,2.8025,0.00199900049975012,0
"GO:0002687","positive regulation of leukocyte migration","7/188","116/11888",0.0603448275862069,3.81584739545121,3.86309250286695,0.00242098517037205,0.0284022894377795,0.0220033055279001,"ADAM8/CCL20/CCL3/CCL4/IL23A/SERPINE1/TNFSF14",7,"WT_heat_up","BP","with_iea",188,11888,116,3.81584739545121,FALSE,2,29,"positive regulation of cell migration",4.697,8,0.175412293853073,0.166331658291457,1.7575,0.00299850074962519,0
"GO:0002449","lymphocyte mediated immunity","11/188","255/11888",0.0431372549019608,2.72774301209846,3.53529367633557,0.00243876991401631,0.0285115913211559,0.0220879818966828,"C3/CD40LG/CD70/CD80/CLU/IGKC/IL2/IL23A/IL9/KLRC1/LTA",11,"WT_heat_up","BP","with_iea",188,11888,255,2.72774301209846,FALSE,13,8,"humoral immune response",8.975,14,0.286356821589205,0.2715,3.874,0.00149925037481259,0
"GO:0007610","behavior","16/188","458/11888",0.0349344978165939,2.20904952150887,3.34484377578215,0.00249338808844197,0.0290492653764156,0.0225045189698023,"ADORA2A/AVPR1A/CAMK2N1/CCL3/CSF2/EGFR/EGR1/EGR2/GATM/GRP/ITGA3/NR4A2/NR4A3/PLK2/SCN9A/STRA6",16,"WT_heat_up","BP","with_iea",188,11888,458,2.20904952150887,TRUE,5,5,"positive regulation of locomotion",13.574,19,0.268865567216392,0.255,7.0995,0.000999500249875062,0
"GO:0010001","glial cell differentiation","9/188","183/11888",0.0491803278688525,3.10987094523893,3.64600997524228,0.00250905865348788,0.0291310361596335,0.0225678669449836,"ADORA2A/ANO1/CLU/EGR2/EOMES/GAP43/NAB2/SPINT1/TP73",9,"WT_heat_up","BP","with_iea",188,11888,183,3.10987094523893,FALSE,18,31,"positive regulation of cell development",6.74,11,0.229885057471264,0.2175,2.8385,0.00149925037481259,0
"GO:0002444","myeloid leukocyte mediated immunity","6/188","87/11888",0.0689655172413793,4.36096845194424,3.98829048300896,0.00252597564976644,0.0292178342268346,0.0226351095662533,"ADORA2B/ANXA3/C3/CCL3/GRP/NR4A3",6,"WT_heat_up","BP","with_iea",188,11888,87,4.36096845194424,FALSE,13,8,"humoral immune response",3.134,6,0.0929535232383808,0.0893042575285566,1.3055,0.00199900049975012,0
"GO:0032370","positive regulation of lipid transport","5/188","60/11888",0.0833333333333333,5.26950354609929,4.20261369079218,0.002533889989378,0.0292178342268346,0.0226351095662533,"ANXA2/DAB2/FASLG/SPP1/TNFSF11",5,"WT_heat_up","BP","with_iea",188,11888,60,5.26950354609929,TRUE,24,6,"lipid export from cell",2.0235,4.04999999999995,0.0504747626186907,0.0518814139110604,0.879,0.00199900049975012,0
"GO:2001239","regulation of extrinsic apoptotic signaling pathway in absence of ligand","4/188","37/11888",0.108108108108108,6.83611270845313,4.50680905879839,0.00266091143702845,0.0298233653452658,0.0231042156302092,"CSF2/HSPA1A/IL1A/INHBA",4,"WT_heat_up","BP","with_iea",188,11888,37,6.83611270845313,FALSE,6,29,"cytokine-mediated signaling pathway",1.4305,4,0.0524737631184408,0.0571612074502248,0.54,0.00299850074962519,0
"GO:0010566","regulation of ketone biosynthetic process","3/188","18/11888",0.166666666666667,10.5390070921986,5.13376742411942,0.00266612205789278,0.0298233653452658,0.0231042156302092,"ADM/DAB2/EGR1",3,"WT_heat_up","BP","with_iea",188,11888,18,10.5390070921986,TRUE,33,2,"regulation of ketone biosynthetic process",0.5005,2,0.0119940029985007,0.0237797246558198,0.223,0.000499750124937531,0
"GO:0035929","steroid hormone secretion","3/188","18/11888",0.166666666666667,10.5390070921986,5.13376742411942,0.00266612205789278,0.0298233653452658,0.0231042156302092,"DAB2/INHBA/SPP1",3,"WT_heat_up","BP","with_iea",188,11888,18,10.5390070921986,TRUE,24,6,"lipid export from cell",0.6225,2,0.0254872563718141,0.0399137001078749,0.229,0.00199900049975012,0
"GO:0038128","ERBB2 signaling pathway","3/188","18/11888",0.166666666666667,10.5390070921986,5.13376742411942,0.00266612205789278,0.0298233653452658,0.0231042156302092,"AREG/EGFR/HBEGF",3,"WT_heat_up","BP","with_iea",188,11888,18,10.5390070921986,TRUE,6,29,"cytokine-mediated signaling pathway",0.6425,2,0.0249875062468766,0.0481675392670157,0.2345,0.00349825087456272,0
"GO:0048670","regulation of collateral sprouting","3/188","18/11888",0.166666666666667,10.5390070921986,5.13376742411942,0.00266612205789278,0.0298233653452658,0.0231042156302092,"CRABP2/SPP1/WNT3",3,"WT_heat_up","BP","with_iea",188,11888,18,10.5390070921986,TRUE,20,9,"cell projection morphogenesis",0.5215,2,0.0194902548725637,0.0379436964504284,0.243,0.000999500249875062,0.00232558139534884
"GO:0060142","regulation of syncytium formation by plasma membrane fusion","3/188","18/11888",0.166666666666667,10.5390070921986,5.13376742411942,0.00266612205789278,0.0298233653452658,0.0231042156302092,"CD53/EHD2/TNFSF14",3,"WT_heat_up","BP","with_iea",188,11888,18,10.5390070921986,FALSE,28,7,"positive regulation of myoblast fusion",0.616,2,0.0264867566216892,0.0492505353319058,0.244,0.00199900049975012,0
"GO:0072012","glomerulus vasculature development","3/188","18/11888",0.166666666666667,10.5390070921986,5.13376742411942,0.00266612205789278,0.0298233653452658,0.0231042156302092,"EGR1/NOTCH3/PDGFB",3,"WT_heat_up","BP","with_iea",188,11888,18,10.5390070921986,FALSE,1,56,"blood vessel morphogenesis",0.726,2,0.0339830084957521,0.053926206244087,0.234,0.000999500249875062,0
"GO:1901623","regulation of lymphocyte chemotaxis","3/188","18/11888",0.166666666666667,10.5390070921986,5.13376742411942,0.00266612205789278,0.0298233653452658,0.0231042156302092,"CCL3/CCL4/TNFSF14",3,"WT_heat_up","BP","with_iea",188,11888,18,10.5390070921986,FALSE,2,29,"positive regulation of cell migration",0.633,2,0.0194902548725637,0.0355276907001045,0.2635,0.00249875062468766,0
"GO:1905709","negative regulation of membrane permeability","3/188","18/11888",0.166666666666667,10.5390070921986,5.13376742411942,0.00266612205789278,0.0298233653452658,0.0231042156302092,"HK2/HSPA1A/IER3",3,"WT_heat_up","BP","with_iea",188,11888,18,10.5390070921986,TRUE,11,15,"regulation of body fluid levels",0.4985,2,0.0124937531234383,0.0224438902743142,0.237,0.00199900049975012,0
"GO:0044093","positive regulation of molecular function","15/188","420/11888",0.0357142857142857,2.25835866261398,3.32818432888195,0.00274909954307418,0.0306497290116913,0.023744401072631,"ADORA2B/ANXA3/CALCA/CD40LG/CDKN1A/CLU/EPHA2/HSPA1A/MST1R/PDGFB/PLAUR/RGS16/RIPK4/SPHK1/TGM2",15,"WT_heat_up","BP","with_iea",188,11888,420,2.25835866261398,TRUE,34,1,"positive regulation of molecular function",13.047,19,0.309345327336332,0.285,6.478,0.00199900049975012,0
"GO:0006869","lipid transport","12/188","298/11888",0.0402684563758389,2.54633728402113,3.42683162767071,0.00277319449839539,0.0308163230234233,0.0238734617579426,"ANXA2/CLU/CRABP2/DAB2/ESYT3/FASLG/INHBA/PTGS2/SLC13A3/SPP1/STRA6/TNFSF11",12,"WT_heat_up","BP","with_iea",188,11888,298,2.54633728402113,FALSE,24,6,"lipid export from cell",7.118,12,0.0544727636181909,0.0476429287863591,4.619,0.00349825087456272,0
"GO:0006909","phagocytosis","9/188","186/11888",0.0483870967741935,3.05971173644475,3.58884741430508,0.0027989849923647,0.031000600227934,0.0240162216450129,"ADORA2A/ANXA3/C3/HAVCR1/MST1R/PAK1/RAB34/SPHK1/TGM2",9,"WT_heat_up","BP","with_iea",188,11888,186,3.05971173644475,TRUE,16,12,"positive regulation of secretion by cell",6.392,10,0.181409295352324,0.164747120681022,2.86,0.00199900049975012,0
"GO:0042129","regulation of T cell proliferation","8/188","152/11888",0.0526315789473684,3.32810750279955,3.66173489820271,0.00285044615758146,0.031467056434678,0.0243775861207484,"CD40LG/CD70/CD80/IL1A/IL2/IL23A/SDC4/TNFSF9",8,"WT_heat_up","BP","with_iea",188,11888,152,3.32810750279955,FALSE,9,21,"positive regulation of cell activation",6.456,10,0.308345827086457,0.282565130260521,2.329,0.00299850074962519,0
"GO:0001934","positive regulation of protein phosphorylation","9/188","187/11888",0.0481283422459893,3.04334964159745,3.57004857015441,0.00290131053537234,0.0319238972960741,0.0247315015708726,"C3/CALCA/CD80/CDKN1A/EGFR/MST1R/PDGFB/PLAUR/SPHK1",9,"WT_heat_up","BP","with_iea",188,11888,187,3.04334964159745,TRUE,31,3,"positive regulation of phosphorylation",6.9705,11,0.261369315342329,0.226,2.8665,0.00249875062468766,0
"GO:0030855","epithelial cell differentiation","16/188","467/11888",0.0342612419700214,2.16647683265752,3.25990254755671,0.00302291398816437,0.033153587616122,0.0256841449088679,"CDKN1A/DAB2/EPHA2/FOSL2/INHBA/IRF6/KDM6B/NPPC/OPHN1/PDGFB/S1PR3/SERPINE1/SPRY1/TGM1/TP73/YAP1",16,"WT_heat_up","BP","with_iea",188,11888,467,2.16647683265752,TRUE,18,31,"positive regulation of cell development",14.8695,21,0.419790104947526,0.377,7.2085,0.00349825087456272,0
"GO:0030194","positive regulation of blood coagulation","3/188","19/11888",0.157894736842105,9.98432250839866,4.9679497455227,0.00312946703661755,0.0336259253334433,0.0260500658015952,"EMILIN2/F3/SERPINE1",3,"WT_heat_up","BP","with_iea",188,11888,19,9.98432250839866,FALSE,7,19,"response to wounding",0.5525,2,0.0144927536231884,0.0243055555555556,0.258,0.00249875062468766,0
"GO:0035136","forelimb morphogenesis","3/188","19/11888",0.157894736842105,9.98432250839866,4.9679497455227,0.00312946703661755,0.0336259253334433,0.0260500658015952,"ALDH1A2/CRABP2/WNT3",3,"WT_heat_up","BP","with_iea",188,11888,19,9.98432250839866,FALSE,1,56,"blood vessel morphogenesis",0.5805,2,0.0174912543728136,0.025164113785558,0.2615,0.00199900049975012,0
"GO:0060713","labyrinthine layer morphogenesis","3/188","19/11888",0.157894736842105,9.98432250839866,4.9679497455227,0.00312946703661755,0.0336259253334433,0.0260500658015952,"ADM/CCN1/SPINT1",3,"WT_heat_up","BP","with_iea",188,11888,19,9.98432250839866,FALSE,1,56,"blood vessel morphogenesis",0.671,2,0.023488255872064,0.0340466926070039,0.2555,0.00199900049975012,0
"GO:0071800","podosome assembly","3/188","19/11888",0.157894736842105,9.98432250839866,4.9679497455227,0.00312946703661755,0.0336259253334433,0.0260500658015952,"ASB2/CSF2/SH3PXD2B",3,"WT_heat_up","BP","with_iea",188,11888,19,9.98432250839866,TRUE,35,2,"podosome assembly",0.5505,2,0.015992003998001,0.0288018433179724,0.2575,0.00499750124937531,0
"GO:1900048","positive regulation of hemostasis","3/188","19/11888",0.157894736842105,9.98432250839866,4.9679497455227,0.00312946703661755,0.0336259253334433,0.0260500658015952,"EMILIN2/F3/SERPINE1",3,"WT_heat_up","BP","with_iea",188,11888,19,9.98432250839866,FALSE,11,15,"regulation of body fluid levels",0.5525,2,0.0144927536231884,0.0243055555555556,0.258,0.00249875062468766,0
"GO:0046849","bone remodeling","5/188","63/11888",0.0793650793650794,5.01857480580885,4.0538145980029,0.00313938147349997,0.0336259253334433,0.0260500658015952,"ADAM8/CALCA/EPHA2/SPP1/TNFSF11",5,"WT_heat_up","BP","with_iea",188,11888,63,5.01857480580885,FALSE,8,12,"tissue remodeling",2.0125,4,0.0459770114942529,0.0400916380297824,0.9295,0.00299850074962519,0
"GO:0050886","endocrine process","5/188","63/11888",0.0793650793650794,5.01857480580885,4.0538145980029,0.00313938147349997,0.0336259253334433,0.0260500658015952,"AVPR1A/DAB2/GJA5/INHBA/SPP1",5,"WT_heat_up","BP","with_iea",188,11888,63,5.01857480580885,TRUE,8,12,"tissue remodeling",2.2345,5,0.0759620189905048,0.0575740637227501,0.9155,0.00199900049975012,0
"GO:0002292","T cell differentiation involved in immune response","6/188","91/11888",0.0659340659340659,4.16927753097966,3.84695674567374,0.00316585041006876,0.0336259253334433,0.0260500658015952,"CD80/EOMES/GPR183/IL2/IL23A/SEMA4A",6,"WT_heat_up","BP","with_iea",188,11888,91,4.16927753097966,FALSE,18,31,"positive regulation of cell development",3.9485,7,0.182408795602199,0.164300202839757,1.389,0.00299850074962519,0
"GO:0007229","integrin-mediated signaling pathway","6/188","91/11888",0.0659340659340659,4.16927753097966,3.84695674567374,0.00316585041006876,0.0336259253334433,0.0260500658015952,"CCN1/CD40LG/ITGA3/PLEK/SERPINE1/TIMP1",6,"WT_heat_up","BP","with_iea",188,11888,91,4.16927753097966,FALSE,6,29,"cytokine-mediated signaling pathway",2.7025,5.04999999999995,0.0504747626186907,0.0407944176060118,1.361,0.00249875062468766,0
"GO:0030216","keratinocyte differentiation","6/188","91/11888",0.0659340659340659,4.16927753097966,3.84695674567374,0.00316585041006876,0.0336259253334433,0.0260500658015952,"CDKN1A/EPHA2/FOSL2/IRF6/TGM1/YAP1",6,"WT_heat_up","BP","with_iea",188,11888,91,4.16927753097966,TRUE,18,31,"positive regulation of cell development",2.6495,5,0.0474762618690655,0.0385232744783307,1.388,0.00599700149925037,0
"GO:0090092","regulation of transmembrane receptor protein serine/threonine kinase signaling pathway","9/188","190/11888",0.0473684210526316,2.9952967525196,3.5143953269818,0.00322614887632293,0.0341586266244632,0.0264627504651712,"CCN1/DAB2/GDF6/HSPA1A/IL17F/INHBA/ITGA3/NEO1/SPRY1",9,"WT_heat_up","BP","with_iea",188,11888,190,2.9952967525196,FALSE,6,29,"cytokine-mediated signaling pathway",6.2605,10,0.171914042978511,0.141141141141141,2.916,0.00349825087456272,0
"GO:0003018","vascular process in circulatory system","9/188","191/11888",0.0471204188481675,2.97961457056923,3.49608679048633,0.00334057877825795,0.0349437355611614,0.0270709757930871,"ADM/ADORA2A/ADORA2B/ATP2B4/AVPR1A/CALCA/GJA5/NPPC/SLC13A3",9,"WT_heat_up","BP","with_iea",188,11888,191,2.97961457056923,FALSE,8,12,"tissue remodeling",6.1675,10,0.158420789605197,0.12456228114057,2.909,0.00349825087456272,0
"GO:0030509","BMP signaling pathway","6/188","92/11888",0.0652173913043478,4.12395929694727,3.81288778102048,0.00334316223030884,0.0349437355611614,0.0270709757930871,"CCN1/EGR1/FAM83G/GDF6/ITGA3/NEO1",6,"WT_heat_up","BP","with_iea",188,11888,92,4.12395929694727,FALSE,25,6,"response to steroid hormone",3.3245,6.04999999999995,0.112443778110945,0.0893970893970894,1.349,0.00199900049975012,0
"GO:1990823","response to leukemia inhibitory factor","6/188","92/11888",0.0652173913043478,4.12395929694727,3.81288778102048,0.00334316223030884,0.0349437355611614,0.0270709757930871,"CTH/FOSL2/GFPT2/HK2/ILDR1/TNFSF11",6,"WT_heat_up","BP","with_iea",188,11888,92,4.12395929694727,TRUE,25,6,"response to steroid hormone",2.184,5,0.0229885057471264,0.0162829870859068,1.34,0.00199900049975012,0
"GO:0048738","cardiac muscle tissue development","8/188","156/11888",0.0512820512820513,3.24277141298418,3.57423751595109,0.00334330878778491,0.0349437355611614,0.0270709757930871,"ALDH1A2/ASB2/GJA5/KDM6B/NEB/PAK1/TP73/YAP1",8,"WT_heat_up","BP","with_iea",188,11888,156,3.24277141298418,FALSE,1,56,"blood vessel morphogenesis",6.025,10,0.251874062968516,0.202202202202202,2.4105,0.00299850074962519,0
"GO:0043299","leukocyte degranulation","5/188","64/11888",0.078125,4.94015957446809,4.00630226401586,0.00336256914814859,0.0349437355611614,0.0270709757930871,"ADORA2B/ANXA3/CCL3/GRP/NR4A3",5,"WT_heat_up","BP","with_iea",188,11888,64,4.94015957446809,FALSE,16,12,"positive regulation of secretion by cell",2.498,5,0.105447276361819,0.0813890396093326,0.945,0.00249875062468766,0
"GO:1902893","regulation of miRNA transcription","5/188","64/11888",0.078125,4.94015957446809,4.00630226401586,0.00336256914814859,0.0349437355611614,0.0270709757930871,"EGFR/EGR1/FOSL1/NOTCH3/PDGFB",5,"WT_heat_up","BP","with_iea",188,11888,64,4.94015957446809,FALSE,30,9,"positive regulation of miRNA transcription",2.948,6,0.162918540729635,0.135866736074961,0.9735,0.00149925037481259,0.000791765637371338
"GO:0007178","cell surface receptor protein serine/threonine kinase signaling pathway","11/188","266/11888",0.0413533834586466,2.6149416093425,3.37659779285188,0.00337316691515771,0.0349460092410339,0.027072737217039,"CCN1/DAB2/EGR1/FAM83G/GDF6/HSPA1A/IL17F/INHBA/ITGA3/NEO1/SPRY1",11,"WT_heat_up","BP","with_iea",188,11888,266,2.61494160934251,FALSE,6,29,"cytokine-mediated signaling pathway",8.9665,14,0.282358820589705,0.238,4.0635,0.00549725137431284,0
"GO:0051091","positive regulation of DNA-binding transcription factor activity","6/188","93/11888",0.0645161290322581,4.079615648593,3.77929805990238,0.00352777142199341,0.0360392931071739,0.0279197062259319,"ANXA3/CD40LG/CLU/HSPA1A/RIPK4/SPHK1",6,"WT_heat_up","BP","with_iea",188,11888,93,4.079615648593,FALSE,30,9,"positive regulation of miRNA transcription",3.459,7,0.126936531734133,0.0866425992779783,1.396,0.00249875062468766,0
"GO:0000768","syncytium formation by plasma membrane fusion","4/188","40/11888",0.1,6.32340425531915,4.27483193821736,0.00354908636254193,0.0360392931071739,0.0279197062259319,"CD53/EHD2/NEO1/TNFSF14",4,"WT_heat_up","BP","with_iea",188,11888,40,6.32340425531915,FALSE,28,7,"positive regulation of myoblast fusion",1.115,3,0.0279860069965017,0.0208955223880597,0.581,0.00549725137431284,0
"GO:0002762","negative regulation of myeloid leukocyte differentiation","4/188","40/11888",0.1,6.32340425531915,4.27483193821736,0.00354908636254193,0.0360392931071739,0.0279197062259319,"CALCA/CCL3/INHBA/TNFRSF11B",4,"WT_heat_up","BP","with_iea",188,11888,40,6.32340425531915,FALSE,18,31,"positive regulation of cell development",1.532,4,0.0609695152423788,0.0442092154420922,0.5775,0.00349825087456272,0
"GO:0042181","ketone biosynthetic process","4/188","40/11888",0.1,6.32340425531915,4.27483193821736,0.00354908636254193,0.0360392931071739,0.0279197062259319,"ADM/DAB2/EGR1/INHBA",4,"WT_heat_up","BP","with_iea",188,11888,40,6.32340425531915,TRUE,33,2,"regulation of ketone biosynthetic process",0.7635,2,0.00649675162418791,0.00559701492537313,0.5735,0.00149925037481259,0
"GO:0042311","vasodilation","4/188","40/11888",0.1,6.32340425531915,4.27483193821736,0.00354908636254193,0.0360392931071739,0.0279197062259319,"ADORA2A/ADORA2B/CALCA/GJA5",4,"WT_heat_up","BP","with_iea",188,11888,40,6.32340425531915,FALSE,11,15,"regulation of body fluid levels",1.6695,4,0.0779610194902549,0.0549115314215985,0.57,0.00249875062468766,0
"GO:0140253","cell-cell fusion","4/188","40/11888",0.1,6.32340425531915,4.27483193821736,0.00354908636254193,0.0360392931071739,0.0279197062259319,"CD53/EHD2/NEO1/TNFSF14",4,"WT_heat_up","BP","with_iea",188,11888,40,6.32340425531915,TRUE,12,23,"leukocyte proliferation",1.115,3,0.0279860069965017,0.0208955223880597,0.581,0.00549725137431284,0
"GO:0060627","regulation of vesicle-mediated transport","15/188","432/11888",0.0347222222222222,2.19562647754137,3.20880274211996,0.00358228256525488,0.0360392931071739,0.0279197062259319,"ADORA2B/ANXA2/BICD1/C3/CLU/DAB2/EHD2/OPHN1/SDC1/SDC4/SERPINE1/SH3GL3/SPHK1/SYT15/TGM2",15,"WT_heat_up","BP","with_iea",188,11888,432,2.19562647754137,FALSE,16,12,"positive regulation of secretion by cell",13.864,20,0.407796101949025,0.3565,6.623,0.00449775112443778,0
"GO:0051896","regulation of phosphatidylinositol 3-kinase/protein kinase B signal transduction","10/188","230/11888",0.0434782608695652,2.74930619796485,3.39578239550765,0.00359573994213499,0.0360392931071739,0.0279197062259319,"ADAM8/CCL3/EGFR/FAM110C/HBEGF/MST1R/PDGFB/PIK3AP1/PLK3/TNFSF11",10,"WT_heat_up","BP","with_iea",188,11888,230,2.74930619796485,FALSE,6,29,"cytokine-mediated signaling pathway",8.8035,13,0.379810094952524,0.3095,3.5295,0.00249875062468766,0
"GO:0061614","miRNA transcription","5/188","65/11888",0.0769230769230769,4.86415711947627,3.9597679435771,0.00359695144139033,0.0360392931071739,0.0279197062259319,"EGFR/EGR1/FOSL1/NOTCH3/PDGFB",5,"WT_heat_up","BP","with_iea",188,11888,65,4.86415711947627,TRUE,30,9,"positive regulation of miRNA transcription",2.9825,6,0.167416291854073,0.134095634095634,0.992,0.00199900049975012,0.000783085356303837
"GO:0010818","T cell chemotaxis","3/188","20/11888",0.15,9.48510638297872,4.81399512149847,0.00363925145721388,0.0360392931071739,0.0279197062259319,"CCL3/GPR183/TNFSF14",3,"WT_heat_up","BP","with_iea",188,11888,20,9.48510638297872,FALSE,2,29,"positive regulation of cell migration",0.7115,2,0.0344827586206897,0.0347490347490347,0.2975,0.00349825087456272,0
"GO:0042104","positive regulation of activated T cell proliferation","3/188","20/11888",0.15,9.48510638297872,4.81399512149847,0.00363925145721388,0.0360392931071739,0.0279197062259319,"IL2/IL23A/TNFSF9",3,"WT_heat_up","BP","with_iea",188,11888,20,9.48510638297872,FALSE,9,21,"positive regulation of cell activation",0.9045,2,0.0489755122438781,0.0536858974358974,0.2865,0.00349825087456272,0
"GO:0048333","mesodermal cell differentiation","3/188","20/11888",0.15,9.48510638297872,4.81399512149847,0.00363925145721388,0.0360392931071739,0.0279197062259319,"INHBA/ITGA3/KDM6B",3,"WT_heat_up","BP","with_iea",188,11888,20,9.48510638297872,FALSE,1,56,"blood vessel morphogenesis",0.793,2,0.04047976011994,0.044404973357016,0.2625,0.00299850074962519,0
"GO:0061437","renal system vasculature development","3/188","20/11888",0.15,9.48510638297872,4.81399512149847,0.00363925145721388,0.0360392931071739,0.0279197062259319,"EGR1/NOTCH3/PDGFB",3,"WT_heat_up","BP","with_iea",188,11888,20,9.48510638297872,FALSE,1,56,"blood vessel morphogenesis",0.832,2,0.0454772613693153,0.0453752181500873,0.2695,0.000999500249875062,0
"GO:0061440","kidney vasculature development","3/188","20/11888",0.15,9.48510638297872,4.81399512149847,0.00363925145721388,0.0360392931071739,0.0279197062259319,"EGR1/NOTCH3/PDGFB",3,"WT_heat_up","BP","with_iea",188,11888,20,9.48510638297872,FALSE,1,56,"blood vessel morphogenesis",0.832,2,0.0454772613693153,0.0453752181500873,0.2695,0.000999500249875062,0
"GO:1904752","regulation of vascular associated smooth muscle cell migration","3/188","20/11888",0.15,9.48510638297872,4.81399512149847,0.00363925145721388,0.0360392931071739,0.0279197062259319,"NR4A3/PAK1/PDGFB",3,"WT_heat_up","BP","with_iea",188,11888,20,9.48510638297872,FALSE,2,29,"positive regulation of cell migration",0.7545,2,0.0339830084957521,0.0380333951762523,0.2595,0.00299850074962519,0
"GO:0043491","phosphatidylinositol 3-kinase/protein kinase B signal transduction","11/188","269/11888",0.0408921933085502,2.58577869176619,3.33469767835009,0.00367251121482929,0.0362109017481803,0.0280526517537057,"ADAM8/CCL3/EGFR/FAM110C/HBEGF/MST1R/MYO16/PDGFB/PIK3AP1/PLK3/TNFSF11",11,"WT_heat_up","BP","with_iea",188,11888,269,2.58577869176619,FALSE,6,29,"cytokine-mediated signaling pathway",10.1405,15,0.436781609195402,0.3555,4.1615,0.00349825087456272,0
"GO:0045621","positive regulation of lymphocyte differentiation","7/188","125/11888",0.056,3.54110638297872,3.62026973945951,0.00367808981225947,0.0362109017481803,0.0280526517537057,"ADAM8/CD80/CD83/EGR3/IL2/IL23A/TNFSF9",7,"WT_heat_up","BP","with_iea",188,11888,125,3.54110638297872,FALSE,18,31,"positive regulation of cell development",5.639,10,0.32183908045977,0.254008016032064,1.9,0.00449775112443778,0
"GO:0048638","regulation of developmental growth","10/188","232/11888",0.0431034482758621,2.72560528246515,3.36459511267663,0.00382314545068741,0.0375038646434367,0.0290543124713352,"CDKN1A/CPNE6/CRABP2/FOSL2/NPPC/PAK1/SPP1/TP73/WNT3/YAP1",10,"WT_heat_up","BP","with_iea",188,11888,232,2.72560528246515,TRUE,14,8,"positive regulation of cell growth",8.7185,13,0.372813593203398,0.2925,3.5945,0.00299850074962519,0
"GO:0032637","interleukin-8 production","5/188","66/11888",0.0757575757575758,4.79045776918117,3.91417535146152,0.00384283733352708,0.0375038646434367,0.0290543124713352,"CALCA/F3/HSPA1A/IL17F/SERPINE1",5,"WT_heat_up","BP","with_iea",188,11888,66,4.79045776918117,FALSE,3,12,"positive regulation of cytokine production",2.7465,5,0.133433283358321,0.093048128342246,0.963,0.00449775112443778,0
"GO:0032677","regulation of interleukin-8 production","5/188","66/11888",0.0757575757575758,4.79045776918117,3.91417535146152,0.00384283733352708,0.0375038646434367,0.0290543124713352,"CALCA/F3/HSPA1A/IL17F/SERPINE1",5,"WT_heat_up","BP","with_iea",188,11888,66,4.79045776918117,FALSE,3,12,"positive regulation of cytokine production",2.7465,5,0.133433283358321,0.093048128342246,0.963,0.00449775112443778,0
"GO:0006949","syncytium formation","4/188","41/11888",0.0975609756097561,6.16917488323819,4.20272607669923,0.0038849017852635,0.0378048101473474,0.0292874555031426,"CD53/EHD2/NEO1/TNFSF14",4,"WT_heat_up","BP","with_iea",188,11888,41,6.16917488323819,FALSE,28,7,"positive regulation of myoblast fusion",1.156,3,0.0299850074962519,0.0189366351056082,0.5995,0.00549725137431284,0
"GO:0001936","regulation of endothelial cell proliferation","6/188","95/11888",0.0631578947368421,3.99372900335946,3.71350714032952,0.00391960799152092,0.0379233336421004,0.0293792758711096,"ALDH1A2/EGR3/F3/HSPG2/NR4A1/PDGFB",6,"WT_heat_up","BP","with_iea",188,11888,95,3.99372900335946,FALSE,12,23,"leukocyte proliferation",3.7515,7,0.152923538230885,0.111393692777213,1.478,0.00349825087456272,0
"GO:0048144","fibroblast proliferation","6/188","95/11888",0.0631578947368421,3.99372900335946,3.71350714032952,0.00391960799152092,0.0379233336421004,0.0293792758711096,"CDKN1A/EGFR/FOSL2/LTA/PDGFB/SPHK1",6,"WT_heat_up","BP","with_iea",188,11888,95,3.99372900335946,TRUE,12,23,"leukocyte proliferation",3.3395,6,0.11344327836082,0.0753638253638254,1.456,0.00649675162418791,0
"GO:0090257","regulation of muscle system process","8/188","161/11888",0.0496894409937888,3.14206422624554,3.4687586929728,0.00404975394187386,0.0390702622415166,0.0302678035528983,"ADORA2B/ATP2B4/CALCA/GJA5/NPR3/NR4A3/PAK1/SPHK1",8,"WT_heat_up","BP","with_iea",188,11888,161,3.14206422624554,FALSE,17,13,"regulation of system process",6.0615,10,0.258370814592704,0.168837675350701,2.4445,0.00699650174912544,0
"GO:0001938","positive regulation of endothelial cell proliferation","5/188","67/11888",0.0746268656716418,4.7189583994919,3.8694900845946,0.00410053505034026,0.0394471471842733,0.0305597770067463,"EGR3/F3/HSPG2/NR4A1/PDGFB",5,"WT_heat_up","BP","with_iea",188,11888,67,4.7189583994919,FALSE,12,23,"leukocyte proliferation",2.6995,5,0.124937531234383,0.0740149094781683,1.03,0.00499750124937531,0
"GO:0008207","C21-steroid hormone metabolic process","3/188","21/11888",0.142857142857143,9.03343465045593,4.67049128975754,0.00419684904791782,0.0398721070183398,0.030888994166741,"ADM/DAB2/EGR1",3,"WT_heat_up","BP","with_iea",188,11888,21,9.03343465045593,FALSE,21,7,"regulation of lipid biosynthetic process",0.577,2,0.0189905047476262,0.00987925356750823,0.273,0.000999500249875062,0
"GO:0019934","cGMP-mediated signaling","3/188","21/11888",0.142857142857143,9.03343465045593,4.67049128975754,0.00419684904791782,0.0398721070183398,0.030888994166741,"ADORA2B/ATP2B4/NPPC",3,"WT_heat_up","BP","with_iea",188,11888,21,9.03343465045593,FALSE,6,29,"cytokine-mediated signaling pathway",0.6545,2,0.0284857571214393,0.0185185185185185,0.291,0.00249875062468766,0
"GO:0035886","vascular associated smooth muscle cell differentiation","3/188","21/11888",0.142857142857143,9.03343465045593,4.67049128975754,0.00419684904791782,0.0398721070183398,0.030888994166741,"ADM/CTH/PDGFB",3,"WT_heat_up","BP","with_iea",188,11888,21,9.03343465045593,TRUE,18,31,"positive regulation of cell development",0.834,2,0.0449775112443778,0.0203389830508475,0.263,0.00349825087456272,0
"GO:0060669","embryonic placenta morphogenesis","3/188","21/11888",0.142857142857143,9.03343465045593,4.67049128975754,0.00419684904791782,0.0398721070183398,0.030888994166741,"ADM/CCN1/SPINT1",3,"WT_heat_up","BP","with_iea",188,11888,21,9.03343465045593,FALSE,1,56,"blood vessel morphogenesis",0.756,2,0.0339830084957521,0.0170863309352518,0.2865,0.00249875062468766,0
"GO:0045926","negative regulation of growth","8/188","162/11888",0.0493827160493827,3.12266876805884,3.44815609247938,0.00420391980739846,0.0398721070183398,0.030888994166741,"CDKN1A/DAB2/HSPA1A/INHBA/PAK1/SPP1/TP73/WNT3",8,"WT_heat_up","BP","with_iea",188,11888,162,3.12266876805884,FALSE,14,8,"positive regulation of cell growth",5.2795,9,0.148425787106447,0.0915953699043785,2.4535,0.00549725137431284,0
"GO:0030100","regulation of endocytosis","10/188","236/11888",0.0423728813559322,2.67940858276235,3.30319533840312,0.00431213757023356,0.0407836157274618,0.0315951416293281,"ANXA2/BICD1/C3/CLU/DAB2/OPHN1/SERPINE1/SH3GL3/SPHK1/TGM2",10,"WT_heat_up","BP","with_iea",188,11888,236,2.67940858276235,FALSE,16,12,"positive regulation of secretion by cell",7.815,12,0.236381809095452,0.15807903951976,3.596,0.00249875062468766,0
"GO:0048661","positive regulation of smooth muscle cell proliferation","5/188","68/11888",0.0735294117647059,4.64956195244055,3.82567949779141,0.00437035183308258,0.0412184163080925,0.0319319824336684,"HBEGF/NOTCH3/NR4A3/PAK1/PDGFB",5,"WT_heat_up","BP","with_iea",188,11888,68,4.64956195244055,FALSE,12,23,"leukocyte proliferation",3.007,6,0.178910544727636,0.109832635983264,1.011,0.00449775112443778,0
"GO:1903706","regulation of hemopoiesis","13/188","358/11888",0.0363128491620112,2.29620824913824,3.15663062606068,0.00453280949382458,0.0426311999042105,0.0330264684672076,"ADAM8/CALCA/CCL3/CD80/CD83/EGR3/HSPA1A/IL2/IL23A/INHBA/TNFRSF11B/TNFSF11/TNFSF9",13,"WT_heat_up","BP","with_iea",188,11888,358,2.29620824913824,FALSE,18,31,"positive regulation of cell development",13.787,19.05,0.651174412793603,0.535,5.5295,0.00549725137431284,0
"GO:0070374","positive regulation of ERK1 and ERK2 cascade","7/188","130/11888",0.0538461538461538,3.40490998363339,3.49482874076567,0.00456295468072059,0.0427951766294881,0.0331535015359203,"ADORA2A/CCL3/EGFR/GPR183/INHBA/PDGFB/TNFSF11",7,"WT_heat_up","BP","with_iea",188,11888,130,3.40490998363339,FALSE,6,29,"cytokine-mediated signaling pathway",5.5785,9,0.323338330834583,0.207518796992481,1.9705,0.00449775112443778,0
"GO:0042325","regulation of phosphorylation","13/188","359/11888",0.0362116991643454,2.28981212588159,3.1455745713399,0.00463928953129631,0.0433902440329852,0.0336145013407961,"AREG/C3/CALCA/CD80/CDKN1A/EGFR/GPRC5A/INHBA/MST1R/PDGFB/PLAUR/PLXNB2/SPHK1",13,"WT_heat_up","BP","with_iea",188,11888,359,2.28981212588159,FALSE,31,3,"positive regulation of phosphorylation",12.5875,18,0.494752623688156,0.382,5.5355,0.00299850074962519,0
"GO:0010721","negative regulation of cell development","9/188","201/11888",0.0447761194029851,2.83137503969514,3.31929554140437,0.00466960072155759,0.0435362607517304,0.0337276207596292,"CALCA/CCL3/IL2/INHBA/NPPC/S1PR3/SPP1/TNFRSF11B/WNT3",9,"WT_heat_up","BP","with_iea",188,11888,201,2.83137503969514,FALSE,18,31,"positive regulation of cell development",7.7865,12,0.371814092953523,0.259629814907454,3.0865,0.00649675162418791,0.000521648408972353
"GO:0019722","calcium-mediated signaling","8/188","165/11888",0.0484848484848485,3.06589297227595,3.38729119333754,0.00469369250159731,0.0435362607517304,0.0337276207596292,"ATP2B4/AVPR1A/CCL20/CCL3/CCL4/PLEK/SPHK1/TNFSF11",8,"WT_heat_up","BP","with_iea",188,11888,165,3.06589297227595,FALSE,6,29,"cytokine-mediated signaling pathway",5.1515,9,0.134432783608196,0.0819095477386935,2.4905,0.00349825087456272,0
"GO:0060541","respiratory system development","8/188","165/11888",0.0484848484848485,3.06589297227595,3.38729119333754,0.00469369250159731,0.0435362607517304,0.0337276207596292,"ALDH1A2/ANXA2/FOSL2/ITGA3/SPRY1/STRA6/TP73/YAP1",8,"WT_heat_up","BP","with_iea",188,11888,165,3.06589297227595,FALSE,1,56,"blood vessel morphogenesis",5.921,10,0.230884557721139,0.138415245737212,2.4665,0.00399800099950025,0
"GO:0008637","apoptotic mitochondrial changes","6/188","99/11888",0.0606060606060606,3.83236621534494,3.58715913964687,0.00479886497359273,0.0440923606567136,0.0341584323721996,"CLU/HK2/HSPA1A/IER3/PLAUR/TP73",6,"WT_heat_up","BP","with_iea",188,11888,99,3.83236621534494,TRUE,35,2,"podosome assembly",3.1255,6,0.0889555222388806,0.0449844881075491,1.5125,0.00449775112443778,0
"GO:1904738","vascular associated smooth muscle cell migration","3/188","22/11888",0.136363636363636,8.62282398452611,4.5362521316917,0.00480353346754532,0.0440923606567136,0.0341584323721996,"NR4A3/PAK1/PDGFB",3,"WT_heat_up","BP","with_iea",188,11888,22,8.62282398452611,TRUE,2,29,"positive regulation of cell migration",0.831,2,0.0419790104947526,0.0226283724978242,0.2935,0.00299850074962519,0
"GO:2000353","positive regulation of endothelial cell apoptotic process","3/188","22/11888",0.136363636363636,8.62282398452611,4.5362521316917,0.00480353346754532,0.0440923606567136,0.0341584323721996,"CD40LG/F3/FASLG",3,"WT_heat_up","BP","with_iea",188,11888,22,8.62282398452611,FALSE,19,7,"positive regulation of programmed cell death",0.911,3,0.0569715142428786,0.0263157894736842,0.3125,0.00349825087456272,0
"GO:0002250","adaptive immune response","15/188","446/11888",0.0336322869955157,2.12670546703559,3.07431939112122,0.00480602802524915,0.0440923606567136,0.0341584323721996,"C3/CD40LG/CD70/CD80/CLU/EOMES/GPR183/IGKC/IL17F/IL2/IL23A/IL9/KLRC1/LTA/SEMA4A",15,"WT_heat_up","BP","with_iea",188,11888,446,2.12670546703559,FALSE,13,8,"humoral immune response",13.5225,19,0.374312843578211,0.282,6.929,0.00399800099950025,0
"GO:0048640","negative regulation of developmental growth","5/188","70/11888",0.0714285714285714,4.51671732522796,3.74055989591737,0.00494756528989458,0.0451236463492801,0.0349573712827337,"CDKN1A/PAK1/SPP1/TP73/WNT3",5,"WT_heat_up","BP","with_iea",188,11888,70,4.51671732522796,FALSE,14,8,"positive regulation of cell growth",2.4265,5,0.0899550224887556,0.038819026790596,1.052,0.00299850074962519,0
"GO:0010594","regulation of endothelial cell migration","7/188","132/11888",0.053030303030303,3.35332043842682,3.44635783857258,0.00495864245596485,0.0451236463492801,0.0349573712827337,"ANXA3/ATP2B4/EPHA2/PDGFB/PLK2/PTGS2/SEMA4A",7,"WT_heat_up","BP","with_iea",188,11888,132,3.35332043842682,TRUE,2,29,"positive regulation of cell migration",5.4095,9,0.287856071964018,0.170841683366733,2.0425,0.00599700149925037,0
"GO:0042445","hormone metabolic process","7/188","132/11888",0.053030303030303,3.35332043842682,3.44635783857258,0.00495864245596485,0.0451236463492801,0.0349573712827337,"ADM/ALDH1A2/CRABP2/DAB2/EGR1/INHBA/SPP1",7,"WT_heat_up","BP","with_iea",188,11888,132,3.35332043842682,TRUE,21,7,"regulation of lipid biosynthetic process",2.9145,6,0.024487756121939,0.00686740623349181,2.002,0.00349825087456272,0
"GO:0019216","regulation of lipid metabolic process","10/188","241/11888",0.04149377593361,2.62381919307848,3.22820628718196,0.00499147502391068,0.0452999903113403,0.0350939852723809,"ADM/AVPR1A/C3/CCN1/DAB2/EGR1/GFI1/PDGFB/PTGS2/SPHK1",10,"WT_heat_up","BP","with_iea",188,11888,241,2.62381919307848,FALSE,21,7,"regulation of lipid biosynthetic process",8.046,13,0.282858570714643,0.1935,3.6765,0.00299850074962519,0
"GO:2000404","regulation of T cell migration","4/188","44/11888",0.0909090909090909,5.74854932301741,4.00000208184476,0.00501999225045691,0.0453704274383602,0.0351485530433953,"ADAM8/CCL20/CD200/TNFSF14",4,"WT_heat_up","BP","with_iea",188,11888,44,5.74854932301741,FALSE,2,29,"positive regulation of cell migration",1.634,4,0.0719640179910045,0.0273390036452005,0.645,0.00299850074962519,0
"GO:0007173","epidermal growth factor receptor signaling pathway","6/188","100/11888",0.06,3.79404255319149,3.55660043807899,0.00503966137865955,0.0453704274383602,0.0351485530433953,"AREG/EGFR/FASLG/GPRC5A/HBEGF/PLAUR",6,"WT_heat_up","BP","with_iea",188,11888,100,3.79404255319149,FALSE,6,29,"cytokine-mediated signaling pathway",3.552,7,0.139430284857571,0.0653394589076059,1.5195,0.00349825087456272,0
"GO:0043367","CD4-positive, alpha-beta T cell differentiation","6/188","100/11888",0.06,3.79404255319149,3.55660043807899,0.00503966137865955,0.0453704274383602,0.0351485530433953,"CD80/CD83/GPR183/IL2/IL23A/SEMA4A",6,"WT_heat_up","BP","with_iea",188,11888,100,3.79404255319149,FALSE,18,31,"positive regulation of cell development",4.348,8,0.253873063468266,0.14567526555387,1.5185,0.00449775112443778,0
"GO:0030308","negative regulation of cell growth","7/188","133/11888",0.0526315789473684,3.32810750279955,3.42247007357591,0.00516591685801277,0.0463830454958106,0.035933030102893,"CDKN1A/DAB2/HSPA1A/INHBA/PAK1/SPP1/WNT3",7,"WT_heat_up","BP","with_iea",188,11888,133,3.32810750279955,FALSE,14,8,"positive regulation of cell growth",4.3225,8,0.148425787106447,0.0663291139240506,2.016,0.00499750124937531,0
"GO:0002690","positive regulation of leukocyte chemotaxis","5/188","71/11888",0.0704225352112676,4.45310158825292,3.69919339478942,0.00525556951672164,0.0468134988433909,0.0362665030978452,"CCL3/CCL4/IL23A/SERPINE1/TNFSF14",5,"WT_heat_up","BP","with_iea",188,11888,71,4.45310158825292,FALSE,2,29,"positive regulation of cell migration",3.058,6,0.19240379810095,0.0860103626943005,1.078,0.00599700149925037,0
"GO:0050830","defense response to Gram-positive bacterium","5/188","71/11888",0.0704225352112676,4.45310158825292,3.69919339478942,0.00525556951672164,0.0468134988433909,0.0362665030978452,"ADM/CALCA/EPHA2/IL17F/LTA",5,"WT_heat_up","BP","with_iea",188,11888,71,4.45310158825292,FALSE,15,8,"response to bacterium",2.1625,5,0.0589705147426287,0.0246222719641858,1.0385,0.00249875062468766,0
"GO:0051092","positive regulation of NF-kappaB transcription factor activity","5/188","71/11888",0.0704225352112676,4.45310158825292,3.69919339478942,0.00525556951672164,0.0468134988433909,0.0362665030978452,"CD40LG/CLU/HSPA1A/RIPK4/SPHK1",5,"WT_heat_up","BP","with_iea",188,11888,71,4.45310158825292,FALSE,30,9,"positive regulation of miRNA transcription",2.745,5.04999999999995,0.139430284857571,0.05747738158595,1.0585,0.00399800099950025,0
"GO:0060562","epithelial tube morphogenesis","10/188","243/11888",0.0411522633744856,2.60222397338237,3.19873852613195,0.00528566891933457,0.0468652539318702,0.036306597859464,"ADM/AREG/ASB2/EPHA2/PAK1/PLXNB2/SDC4/SPINT1/SPRY1/YAP1",10,"WT_heat_up","BP","with_iea",188,11888,243,2.60222397338237,FALSE,1,56,"blood vessel morphogenesis",9.22,14,0.431784107946027,0.303,3.684,0.00649675162418791,0
"GO:0030879","mammary gland development","6/188","101/11888",0.0594059405940594,3.75647777543712,3.52643323187898,0.00528921784796872,0.0468652539318702,0.036306597859464,"AREG/EPHA2/HK2/IRF6/TNFSF11/WNT3",6,"WT_heat_up","BP","with_iea",188,11888,101,3.75647777543712,FALSE,1,56,"blood vessel morphogenesis",3.9815,7,0.204897551224388,0.10507614213198,1.4565,0.00499750124937531,0
"GO:0045453","bone resorption","4/188","45/11888",0.0888888888888889,5.62080378250591,3.93654340508363,0.00544282337014939,0.0476306792275109,0.036899574234684,"ADAM8/CALCA/SPP1/TNFSF11",4,"WT_heat_up","BP","with_iea",188,11888,45,5.62080378250591,FALSE,17,13,"regulation of system process",1.5135,4,0.0569715142428786,0.0194479297365119,0.6665,0.00399800099950025,0
"GO:0061900","glial cell activation","4/188","45/11888",0.0888888888888889,5.62080378250591,3.93654340508363,0.00544282337014939,0.0476306792275109,0.036899574234684,"ADORA2A/CCL3/CLU/SPHK1",4,"WT_heat_up","BP","with_iea",188,11888,45,5.62080378250591,FALSE,22,5,"acute inflammatory response",1.973,4,0.124937531234383,0.0528409090909091,0.6845,0.00649675162418791,0
"GO:0070613","regulation of protein processing","4/188","45/11888",0.0888888888888889,5.62080378250591,3.93654340508363,0.00544282337014939,0.0476306792275109,0.036899574234684,"ADAM8/ANXA2/PLAUR/SERPINE1",4,"WT_heat_up","BP","with_iea",188,11888,45,5.62080378250591,FALSE,3,12,"positive regulation of cytokine production",1.327,3,0.0374812593703148,0.0094722598105548,0.657,0.00299850074962519,0
"GO:2000351","regulation of endothelial cell apoptotic process","4/188","45/11888",0.0888888888888889,5.62080378250591,3.93654340508363,0.00544282337014939,0.0476306792275109,0.036899574234684,"CD40LG/F3/FASLG/SERPINE1",4,"WT_heat_up","BP","with_iea",188,11888,45,5.62080378250591,FALSE,19,7,"positive regulation of programmed cell death",1.9625,4,0.124437781109445,0.051061388410786,0.6635,0.00499750124937531,0
"GO:0003401","axis elongation","3/188","23/11888",0.130434782608696,8.24791859389454,4.41027305243056,0.00546048178848209,0.0476306792275109,0.036899574234684,"AREG/SPRY1/YAP1",3,"WT_heat_up","BP","with_iea",188,11888,23,8.24791859389454,TRUE,1,56,"blood vessel morphogenesis",0.948,3,0.0679660169915042,0.0279329608938547,0.324,0.00649675162418791,0
"GO:0050820","positive regulation of coagulation","3/188","23/11888",0.130434782608696,8.24791859389454,4.41027305243056,0.00546048178848209,0.0476306792275109,0.036899574234684,"EMILIN2/F3/SERPINE1",3,"WT_heat_up","BP","with_iea",188,11888,23,8.24791859389454,FALSE,17,13,"regulation of system process",0.7125,2,0.031984007996002,0.00678294573643411,0.326,0.00449775112443778,0
"GO:0048018","receptor ligand activity","34/190","237/12055",0.143459915611814,9.10215411947591,15.9408400110052,2.73936578457013e-23,1.13135806902746e-20,1.01789065468764e-20,"ADM/AREG/C3/CALCA/CCL20/CCL22/CCL3/CCL4/CD40LG/CD70/CD80/CLU/CSF2/FASLG/GDF6/GRP/HBEGF/HSPA1A/IL17F/IL1A/IL2/IL24/IL3/IL9/INHBA/LTA/NPPC/PDGFB/SEMA4A/TIMP1/TNFRSF11B/TNFSF11/TNFSF14/WNT3",34,"WT_heat_up","MF","no_iea",190,12055,237,9.10215411947591,TRUE,1,14,"receptor ligand activity",NA,NA,NA,NA,NA,NA,NA
"GO:0030546","signaling receptor activator activity","34/190","246/12055",0.138211382113821,8.76914848095849,15.5791205050575,9.53194626447225e-23,1.35977761168561e-20,1.22340129202248e-20,"ADM/AREG/C3/CALCA/CCL20/CCL22/CCL3/CCL4/CD40LG/CD70/CD80/CLU/CSF2/FASLG/GDF6/GRP/HBEGF/HSPA1A/IL17F/IL1A/IL2/IL24/IL3/IL9/INHBA/LTA/NPPC/PDGFB/SEMA4A/TIMP1/TNFRSF11B/TNFSF11/TNFSF14/WNT3",34,"WT_heat_up","MF","no_iea",190,12055,246,8.76914848095849,TRUE,1,14,"receptor ligand activity",NA,NA,NA,NA,NA,NA,NA
"GO:0030545","signaling receptor regulator activity","35/190","265/12055",0.132075471698113,8.3798411122145,15.3716882753258,9.87731921321263e-23,1.35977761168561e-20,1.22340129202248e-20,"ADM/AREG/C3/CALCA/CCL20/CCL22/CCL3/CCL4/CD40LG/CD70/CD80/CLU/CSF2/FASLG/GDF6/GRP/HBEGF/HSPA1A/IL17F/IL1A/IL1RN/IL2/IL24/IL3/IL9/INHBA/LTA/NPPC/PDGFB/SEMA4A/TIMP1/TNFRSF11B/TNFSF11/TNFSF14/WNT3",35,"WT_heat_up","MF","no_iea",190,12055,265,8.3798411122145,FALSE,1,14,"receptor ligand activity",NA,NA,NA,NA,NA,NA,NA
"GO:0005125","cytokine activity","22/190","106/12055",0.207547169811321,13.1683217477656,15.9230536869554,6.34854387738603e-19,6.55487155340108e-17,5.89746312820334e-17,"C3/CCL20/CCL22/CCL3/CCL4/CD40LG/CSF2/FASLG/GDF6/IL17F/IL1A/IL2/IL24/IL3/IL9/INHBA/LTA/TIMP1/TNFRSF11B/TNFSF11/TNFSF14/WNT3",22,"WT_heat_up","MF","no_iea",190,12055,106,13.1683217477656,FALSE,1,14,"receptor ligand activity",NA,NA,NA,NA,NA,NA,NA
"GO:0005126","cytokine receptor binding","15/190","162/12055",0.0925925925925926,5.87475633528265,7.90447868996934,3.80208327750442e-08,3.14052078721865e-06,2.82554820412434e-06,"ADAM8/C3/CCL20/CCL22/CCL3/CCL4/CD40LG/CSF2/IL1RN/IL2/IL23A/IL3/IL9/TNFSF11/TNFSF9",15,"WT_heat_up","MF","no_iea",190,12055,162,5.87475633528265,TRUE,1,14,"receptor ligand activity",NA,NA,NA,NA,NA,NA,NA
"GO:0005544","calcium-dependent phospholipid binding","6/190","34/12055",0.176470588235294,11.1965944272446,7.53412511750639,1.31936620466204e-05,0.000908163737542371,0.00081708117586965,"ANXA2/ANXA3/CPNE6/ESYT3/PLA2G4C/SYT15",6,"WT_heat_up","MF","no_iea",190,12055,34,11.1965944272446,TRUE,2,5,"calcium-dependent phospholipid binding",NA,NA,NA,NA,NA,NA,NA
"GO:0070851","growth factor receptor binding","8/190","76/12055",0.105263157894737,6.6786703601108,6.28422455867077,2.47991326569273e-05,0.00146314882675871,0.00131640508690155,"AREG/CSF2/HBEGF/IL1RN/IL2/IL3/IL9/PDGFB",8,"WT_heat_up","MF","no_iea",190,12055,76,6.6786703601108,FALSE,1,14,"receptor ligand activity",NA,NA,NA,NA,NA,NA,NA
"GO:0008289","lipid binding","21/190","493/12055",0.0425963488843813,2.70262624105904,4.88466542836273,3.28530986526262e-05,0.00169604121794183,0.00152593997689172,"ADORA2A/ALDH1A2/ANXA2/ANXA3/CPNE6/CRABP2/EPN2/ESYT3/F3/GAP43/GPR183/HAVCR1/MCF2L/NR4A1/OPHN1/PLA2G4C/S1PR3/SH3PXD2B/SPHK1/SYT15/VILL",21,"WT_heat_up","MF","no_iea",190,12055,493,2.70262624105904,FALSE,2,5,"calcium-dependent phospholipid binding",NA,NA,NA,NA,NA,NA,NA
"GO:0001664","G protein-coupled receptor binding","11/190","162/12055",0.0679012345679012,4.30815464587394,5.36421435306827,5.04268403906923e-05,0.00231403167570621,0.00208195025238765,"ADM/APLP1/BICD1/C3/CALCA/CCL20/CCL22/CCL3/CCL4/HSPA1A/WNT3",11,"WT_heat_up","MF","no_iea",190,12055,162,4.30815464587394,FALSE,1,14,"receptor ligand activity",NA,NA,NA,NA,NA,NA,NA
"GO:0008009","chemokine activity","5/190","29/12055",0.172413793103448,10.9392014519056,6.78107292848392,8.05692284213597e-05,0.00332750913380215,0.00299378290870947,"C3/CCL20/CCL22/CCL3/CCL4",5,"WT_heat_up","MF","no_iea",190,12055,29,10.9392014519056,FALSE,1,14,"receptor ligand activity",NA,NA,NA,NA,NA,NA,NA
"GO:0048020","CCR chemokine receptor binding","4/190","19/12055",0.210526315789474,13.3573407202216,6.82133306049409,0.000192517342568548,0.00702109621461089,0.00631692867021191,"CCL20/CCL22/CCL3/CCL4",4,"WT_heat_up","MF","no_iea",190,12055,19,13.3573407202216,FALSE,1,14,"receptor ligand activity",NA,NA,NA,NA,NA,NA,NA
"GO:0001786","phosphatidylserine binding","5/190","35/12055",0.142857142857143,9.06390977443609,6.04555213852217,0.000204002795581914,0.00702109621461089,0.00631692867021191,"ANXA2/ANXA3/CPNE6/GAP43/HAVCR1",5,"WT_heat_up","MF","no_iea",190,12055,35,9.06390977443609,FALSE,2,5,"calcium-dependent phospholipid binding",NA,NA,NA,NA,NA,NA,NA
"GO:0042379","chemokine receptor binding","5/190","38/12055",0.131578947368421,8.3483379501385,5.74105109116414,0.000303589818332215,0.00964481499778498,0.00867750654828112,"C3/CCL20/CCL22/CCL3/CCL4",5,"WT_heat_up","MF","no_iea",190,12055,38,8.3483379501385,FALSE,1,14,"receptor ligand activity",NA,NA,NA,NA,NA,NA,NA
"GO:0005179","hormone activity","5/190","39/12055",0.128205128205128,8.13427800269905,5.64691037669685,0.000343826713969059,0.0101428880620872,0.00912562631812614,"ADM/CALCA/GRP/INHBA/NPPC",5,"WT_heat_up","MF","no_iea",190,12055,39,8.13427800269906,FALSE,1,14,"receptor ligand activity",NA,NA,NA,NA,NA,NA,NA
"GO:0004888","transmembrane signaling receptor activity","17/190","432/12055",0.0393518518518519,2.49677144249513,4.00909886141038,0.00048024219695671,0.0132226684895414,0.0118965260018048,"ADORA2A/ADORA2B/AVPR1A/BCAM/CLDN4/EGFR/EPHA2/F3/GPR183/GPRC5A/KLRC1/MST1R/NPR3/PLXNB2/PTGER2/S1PR3/SPHK1",17,"WT_heat_up","MF","no_iea",190,12055,432,2.49677144249513,TRUE,3,2,"transmembrane signaling receptor activity",NA,NA,NA,NA,NA,NA,NA
"GO:0005543","phospholipid binding","14/190","326/12055",0.0429447852760736,2.72473361317404,3.99492708505963,0.000654861308266484,0.0169036075196286,0.015208292224873,"ANXA2/ANXA3/CPNE6/EPN2/ESYT3/F3/GAP43/HAVCR1/MCF2L/OPHN1/PLA2G4C/SH3PXD2B/SYT15/VILL",14,"WT_heat_up","MF","no_iea",190,12055,326,2.72473361317404,FALSE,2,5,"calcium-dependent phospholipid binding",NA,NA,NA,NA,NA,NA,NA
"GO:0032813","tumor necrosis factor receptor superfamily binding","4/190","28/12055",0.142857142857143,9.06390977443609,5.40573239786686,0.000910291556098945,0.022114730156992,0.0198967751890358,"ADAM8/CD40LG/TNFSF11/TNFSF9",4,"WT_heat_up","MF","no_iea",190,12055,28,9.06390977443609,FALSE,1,14,"receptor ligand activity",NA,NA,NA,NA,NA,NA,NA
"GO:0008083","growth factor activity","5/190","51/12055",0.0980392156862745,6.2203302373581,4.72746796634891,0.00120432814429584,0.0261782907154832,0.0235527886391374,"AREG/HBEGF/IL2/INHBA/PDGFB",5,"WT_heat_up","MF","no_iea",190,12055,51,6.2203302373581,FALSE,1,14,"receptor ligand activity",NA,NA,NA,NA,NA,NA,NA
"GO:0072341","modified amino acid binding","5/190","51/12055",0.0980392156862745,6.2203302373581,4.72746796634891,0.00120432814429584,0.0261782907154832,0.0235527886391374,"ANXA2/ANXA3/CPNE6/GAP43/HAVCR1",5,"WT_heat_up","MF","no_iea",190,12055,51,6.2203302373581,TRUE,2,5,"calcium-dependent phospholipid binding",NA,NA,NA,NA,NA,NA,NA
"GO:0004930","G protein-coupled receptor activity","9/190","167/12055",0.0538922155688623,3.41931925622439,3.98387352271588,0.00130995724350231,0.0270506170783226,0.0243376266819113,"ADORA2A/ADORA2B/AVPR1A/GPR183/GPRC5A/NPR3/PTGER2/S1PR3/SPHK1",9,"WT_heat_up","MF","no_iea",190,12055,167,3.41931925622439,FALSE,3,2,"transmembrane signaling receptor activity",NA,NA,NA,NA,NA,NA,NA
"GO:0001228","DNA-binding transcription activator activity, RNA polymerase II-specific","10/190","205/12055",0.0487804878048781,3.09499358151476,3.82832654622012,0.00152024874319759,0.0298982252828859,0.0268996394159774,"ATF3/CASZ1/EGR1/EGR2/FOSL2/NR4A1/NR4A2/NR4A3/SP7/TP73",10,"WT_heat_up","MF","no_iea",190,12055,205,3.09499358151476,TRUE,4,2,"DNA-binding transcription activator activity, RNA polymerase II-specific",NA,NA,NA,NA,NA,NA,NA
"GO:0050839","cell adhesion molecule binding","16/190","449/12055",0.0356347438752784,2.26093072324464,3.44573311618873,0.00198058563937426,0.0362425871334264,0.0326077055131886,"ADAM8/ANXA2/BCAM/CCN1/CD200/CD40LG/EGFR/EPCAM/EPHA2/EPN2/GPRC5A/HSPA1A/HSPG2/NOTCH3/S1PR3/SPP1",16,"WT_heat_up","MF","no_iea",190,12055,449,2.26093072324464,TRUE,1,14,"receptor ligand activity",NA,NA,NA,NA,NA,NA,NA
"GO:0001216","DNA-binding transcription activator activity","10/190","213/12055",0.0469483568075117,2.97874969112923,3.68702987161556,0.00201835231009397,0.0362425871334264,0.0326077055131886,"ATF3/CASZ1/EGR1/EGR2/FOSL2/NR4A1/NR4A2/NR4A3/SP7/TP73",10,"WT_heat_up","MF","no_iea",190,12055,213,2.97874969112923,FALSE,4,2,"DNA-binding transcription activator activity, RNA polymerase II-specific",NA,NA,NA,NA,NA,NA,NA
"GO:0048018","receptor ligand activity","38/192","289/12250",0.131487889273356,8.38920126874279,16.040797792992,1.16530010655435e-24,4.99913745711816e-22,4.30547723579555e-22,"ADM/AREG/C3/CALCA/CCL20/CCL22/CCL3/CCL4/CD40LG/CD70/CD80/CLU/CSF2/FASLG/GDF6/GRP/HBEGF/HSPA1A/IL17F/IL1A/IL1RN/IL2/IL23A/IL24/IL3/IL9/INHBA/LTA/NPPC/PDGFB/SEMA4A/SPP1/TIMP1/TNFRSF11B/TNFSF11/TNFSF14/TNFSF9/WNT3",38,"WT_heat_up","MF","with_iea",192,12250,289,8.38920126874279,TRUE,1,15,"receptor ligand activity",NA,NA,NA,NA,NA,NA,NA
"GO:0030546","signaling receptor activator activity","38/192","298/12250",0.12751677852349,8.13583612975392,15.7360598928558,3.61605206534481e-24,7.75643168016462e-22,6.68018039440015e-22,"ADM/AREG/C3/CALCA/CCL20/CCL22/CCL3/CCL4/CD40LG/CD70/CD80/CLU/CSF2/FASLG/GDF6/GRP/HBEGF/HSPA1A/IL17F/IL1A/IL1RN/IL2/IL23A/IL24/IL3/IL9/INHBA/LTA/NPPC/PDGFB/SEMA4A/SPP1/TIMP1/TNFRSF11B/TNFSF11/TNFSF14/TNFSF9/WNT3",38,"WT_heat_up","MF","with_iea",192,12250,298,8.13583612975391,TRUE,1,15,"receptor ligand activity",NA,NA,NA,NA,NA,NA,NA
"GO:0005125","cytokine activity","27/192","127/12250",0.21259842519685,13.5642224409449,17.9595609931475,2.23804271353219e-23,3.20040108035103e-21,2.75632628929754e-21,"AREG/C3/CCL20/CCL22/CCL3/CCL4/CD40LG/CSF2/FASLG/GDF6/IL17F/IL1A/IL1RN/IL2/IL23A/IL24/IL3/IL9/INHBA/LTA/SPP1/TIMP1/TNFRSF11B/TNFSF11/TNFSF14/TNFSF9/WNT3",27,"WT_heat_up","MF","with_iea",192,12250,127,13.5642224409449,FALSE,1,15,"receptor ligand activity",NA,NA,NA,NA,NA,NA,NA
"GO:0030545","signaling receptor regulator activity","38/192","319/12250",0.119122257053292,7.60024817136886,15.0723328409357,4.37088680999829e-23,4.68777610372317e-21,4.03731913239316e-21,"ADM/AREG/C3/CALCA/CCL20/CCL22/CCL3/CCL4/CD40LG/CD70/CD80/CLU/CSF2/FASLG/GDF6/GRP/HBEGF/HSPA1A/IL17F/IL1A/IL1RN/IL2/IL23A/IL24/IL3/IL9/INHBA/LTA/NPPC/PDGFB/SEMA4A/SPP1/TIMP1/TNFRSF11B/TNFSF11/TNFSF14/TNFSF9/WNT3",38,"WT_heat_up","MF","with_iea",192,12250,319,7.60024817136886,FALSE,1,15,"receptor ligand activity",NA,NA,NA,NA,NA,NA,NA
"GO:0005126","cytokine receptor binding","21/192","191/12250",0.109947643979058,7.0148887434555,10.5718727398084,2.06383050535797e-12,1.77076657359714e-10,1.52506212080136e-10,"ADAM8/C3/CCL20/CCL22/CCL3/CCL4/CD40LG/CD70/CSF2/FASLG/IL17F/IL1A/IL1RN/IL2/IL23A/IL3/IL9/LTA/TNFSF11/TNFSF14/TNFSF9",21,"WT_heat_up","MF","with_iea",192,12250,191,7.0148887434555,TRUE,1,15,"receptor ligand activity",NA,NA,NA,NA,NA,NA,NA
"GO:0005164","tumor necrosis factor receptor binding","7/192","27/12250",0.259259259259259,16.5412808641975,10.2010077439146,1.41850674998414e-07,1.01423232623866e-05,8.73501524990236e-06,"CD40LG/CD70/FASLG/LTA/TNFSF11/TNFSF14/TNFSF9",7,"WT_heat_up","MF","with_iea",192,12250,27,16.5412808641975,FALSE,1,15,"receptor ligand activity",NA,NA,NA,NA,NA,NA,NA
"GO:0032813","tumor necrosis factor receptor superfamily binding","8/192","43/12250",0.186046511627907,11.8701550387597,9.01008287797839,2.85388125070276e-07,1.74902150935926e-05,1.5063343142807e-05,"ADAM8/CD40LG/CD70/FASLG/LTA/TNFSF11/TNFSF14/TNFSF9",8,"WT_heat_up","MF","with_iea",192,12250,43,11.8701550387597,FALSE,1,15,"receptor ligand activity",NA,NA,NA,NA,NA,NA,NA
"GO:0001664","G protein-coupled receptor binding","14/192","180/12250",0.0777777777777778,4.96238425925926,6.75775588076458,8.84297303319088e-07,4.74204428904861e-05,4.08405728243421e-05,"ADM/ADORA2A/APLP1/AVPR1A/BICD1/C3/CALCA/CCL20/CCL22/CCL3/CCL4/HSPA1A/IL2/WNT3",14,"WT_heat_up","MF","with_iea",192,12250,180,4.96238425925926,FALSE,1,15,"receptor ligand activity",NA,NA,NA,NA,NA,NA,NA
"GO:0008083","growth factor activity","10/192","89/12250",0.112359550561798,7.1687734082397,7.37008453068962,1.23009450045107e-06,5.86345045215011e-05,5.04986163343072e-05,"AREG/CSF2/GDF6/HBEGF/IL2/IL3/IL9/INHBA/PDGFB/TIMP1",10,"WT_heat_up","MF","with_iea",192,12250,89,7.1687734082397,FALSE,1,15,"receptor ligand activity",NA,NA,NA,NA,NA,NA,NA
"GO:0005544","calcium-dependent phospholipid binding","6/192","35/12250",0.171428571428571,10.9375,7.42895487039309,1.52421385146778e-05,0.000653887742279678,0.000563156907226517,"ANXA2/ANXA3/CPNE6/ESYT3/PLA2G4C/SYT15",6,"WT_heat_up","MF","with_iea",192,12250,35,10.9375,TRUE,2,6,"calcium-dependent phospholipid binding",NA,NA,NA,NA,NA,NA,NA
"GO:0070851","growth factor receptor binding","9/192","95/12250",0.0947368421052632,6.04440789473684,6.22813201684175,1.7409443321528e-05,0.000678968289539591,0.000584757378550844,"AREG/CSF2/HBEGF/IL1A/IL1RN/IL2/IL3/IL9/PDGFB",9,"WT_heat_up","MF","with_iea",192,12250,95,6.04440789473684,FALSE,1,15,"receptor ligand activity",NA,NA,NA,NA,NA,NA,NA
"GO:0008009","chemokine activity","5/192","29/12250",0.172413793103448,11.0003591954023,6.80337669786946,7.8525219299812e-05,0.00280727658996828,0.00241775017317842,"C3/CCL20/CCL22/CCL3/CCL4",5,"WT_heat_up","MF","with_iea",192,12250,29,11.0003591954023,FALSE,1,15,"receptor ligand activity",NA,NA,NA,NA,NA,NA,NA
"GO:0001228","DNA-binding transcription activator activity, RNA polymerase II-specific","13/192","260/12250",0.05,3.19010416666667,4.50407014821981,0.000229984121843696,0.00758947602084195,0.00653639083134714,"ATF3/CASZ1/EGR1/EGR2/EGR3/FOSL2/IRF6/NR4A1/NR4A2/NR4A3/SIX5/SP7/TP73",13,"WT_heat_up","MF","with_iea",192,12250,260,3.19010416666667,TRUE,3,2,"DNA-binding transcription activator activity, RNA polymerase II-specific",NA,NA,NA,NA,NA,NA,NA
"GO:0001216","DNA-binding transcription activator activity","13/192","266/12250",0.0488721804511278,3.11814692982456,4.40716481992379,0.000287101623543675,0.00846753706218668,0.00729261565164403,"ATF3/CASZ1/EGR1/EGR2/EGR3/FOSL2/IRF6/NR4A1/NR4A2/NR4A3/SIX5/SP7/TP73",13,"WT_heat_up","MF","with_iea",192,12250,266,3.11814692982456,FALSE,3,2,"DNA-binding transcription activator activity, RNA polymerase II-specific",NA,NA,NA,NA,NA,NA,NA
"GO:0001786","phosphatidylserine binding","5/192","38/12250",0.131578947368421,8.39501096491228,5.76103501302774,0.000296067729447087,0.00846753706218668,0.00729261565164403,"ANXA2/ANXA3/CPNE6/GAP43/HAVCR1",5,"WT_heat_up","MF","with_iea",192,12250,38,8.39501096491228,FALSE,2,6,"calcium-dependent phospholipid binding",NA,NA,NA,NA,NA,NA,NA
"GO:0005543","phospholipid binding","16/192","382/12250",0.0418848167539267,2.67233856893543,4.19015810715608,0.000337122755543054,0.00865399912325386,0.00745320498653443,"ANXA2/ANXA3/CPNE6/EPN2/ESYT3/F3/GAP43/HAVCR1/MCF2L/OPHN1/PLA2G4C/PLEK2/PXDC1/SH3PXD2B/SYT15/VILL",16,"WT_heat_up","MF","with_iea",192,12250,382,2.67233856893543,FALSE,2,6,"calcium-dependent phospholipid binding",NA,NA,NA,NA,NA,NA,NA
"GO:0048020","CCR chemokine receptor binding","4/192","22/12250",0.181818181818182,11.6003787878788,6.27940221240562,0.000342932366189547,0.00865399912325386,0.00745320498653443,"CCL20/CCL22/CCL3/CCL4",4,"WT_heat_up","MF","with_iea",192,12250,22,11.6003787878788,FALSE,1,15,"receptor ligand activity",NA,NA,NA,NA,NA,NA,NA
"GO:0050839","cell adhesion molecule binding","18/192","470/12250",0.0382978723404255,2.44348404255319,4.02672121533221,0.00042499291853879,0.00960831614152246,0.00827510481088059,"ADAM8/ANXA2/BCAM/CCN1/CD200/CD40LG/EGFR/EPCAM/EPHA2/EPN2/GPRC5A/HSPA1A/HSPG2/ITGA3/NEO1/NOTCH3/S1PR3/SPP1",18,"WT_heat_up","MF","with_iea",192,12250,470,2.44348404255319,TRUE,1,15,"receptor ligand activity",NA,NA,NA,NA,NA,NA,NA
"GO:0042379","chemokine receptor binding","5/192","41/12250",0.121951219512195,7.7807418699187,5.48772557330533,0.000425543139135028,0.00960831614152246,0.00827510481088059,"C3/CCL20/CCL22/CCL3/CCL4",5,"WT_heat_up","MF","with_iea",192,12250,41,7.7807418699187,FALSE,1,15,"receptor ligand activity",NA,NA,NA,NA,NA,NA,NA
"GO:0004888","transmembrane signaling receptor activity","17/192","458/12250",0.037117903930131,2.36819959970888,3.76575234042123,0.000871562446429166,0.0181803095385971,0.0156576828562081,"ADORA2A/ADORA2B/AVPR1A/BCAM/CLDN4/EGFR/EPHA2/F3/GPR183/GPRC5A/KLRC1/MST1R/NPR3/PLXNB2/PTGER2/S1PR3/SPHK1",17,"WT_heat_up","MF","with_iea",192,12250,458,2.36819959970888,TRUE,4,2,"transmembrane signaling receptor activity",NA,NA,NA,NA,NA,NA,NA
"GO:0005179","hormone activity","5/192","48/12250",0.104166666666667,6.64605034722222,4.94553348609791,0.00088994522216909,0.0181803095385971,0.0156576828562081,"ADM/CALCA/GRP/INHBA/NPPC",5,"WT_heat_up","MF","with_iea",192,12250,48,6.64605034722222,FALSE,1,15,"receptor ligand activity",NA,NA,NA,NA,NA,NA,NA
"GO:0030414","peptidase inhibitor activity","6/192","73/12250",0.0821917808219178,5.24400684931507,4.58913300731664,0.000976631879292029,0.0190443216461946,0.0164018081163398,"ANXA2/C3/SERPINE1/SPINT1/SSPOP/TIMP1",6,"WT_heat_up","MF","with_iea",192,12250,73,5.24400684931507,TRUE,5,1,"peptidase inhibitor activity",NA,NA,NA,NA,NA,NA,NA
"GO:0035259","nuclear glucocorticoid receptor binding","3/192","14/12250",0.214285714285714,13.671875,5.9861618635118,0.00121471452009522,0.0226570664835153,0.0195132630001567,"NR4A1/NR4A2/NR4A3",3,"WT_heat_up","MF","with_iea",192,12250,14,13.671875,TRUE,6,1,"nuclear glucocorticoid receptor binding",NA,NA,NA,NA,NA,NA,NA
"GO:0072341","modified amino acid binding","5/192","58/12250",0.0862068965517241,5.50017959770115,4.33480592266935,0.00209936005181474,0.0375260609261884,0.0323190955345163,"ANXA2/ANXA3/CPNE6/GAP43/HAVCR1",5,"WT_heat_up","MF","with_iea",192,12250,58,5.50017959770115,TRUE,2,6,"calcium-dependent phospholipid binding",NA,NA,NA,NA,NA,NA,NA
"GO:0005501","retinoid binding","3/192","18/12250",0.166666666666667,10.6336805555556,5.16110921870271,0.00260030607494183,0.0446212522460017,0.0384297866233508,"ALDH1A2/CRABP2/STRA6",3,"WT_heat_up","MF","with_iea",192,12250,18,10.6336805555556,TRUE,2,6,"calcium-dependent phospholipid binding",NA,NA,NA,NA,NA,NA,NA
"GO:0004930","G protein-coupled receptor activity","9/192","189/12250",0.0476190476190476,3.03819444444444,3.56326521924481,0.00294242824727472,0.0485010853629145,0.0417712696905484,"ADORA2A/ADORA2B/AVPR1A/GPR183/GPRC5A/NPR3/PTGER2/S1PR3/SPHK1",9,"WT_heat_up","MF","with_iea",192,12250,189,3.03819444444444,FALSE,4,2,"transmembrane signaling receptor activity",NA,NA,NA,NA,NA,NA,NA
"GO:0019840","isoprenoid binding","3/192","19/12250",0.157894736842105,10.0740131578947,4.99468971788161,0.00305251586200161,0.0485010853629145,0.0417712696905484,"ALDH1A2/CRABP2/STRA6",3,"WT_heat_up","MF","with_iea",192,12250,19,10.0740131578947,FALSE,2,6,"calcium-dependent phospholipid binding",NA,NA,NA,NA,NA,NA,NA
"GO:0008284","positive regulation of cell population proliferation","33/200","480/11390",0.06875,3.9153125,8.72441085013474,1.23608517662845e-11,3.25214009970946e-08,2.67905197755578e-08,"AREG/CCN1/CD40LG/CD70/CD80/CDKN1A/CSF2/EGFR/EGR1/EGR3/EPCAM/F3/FOSL1/GPR183/HBEGF/IL1A/IL2/IL23A/IL3/IL9/LAMC2/LTBP3/MST1R/NR4A1/NR4A3/PAK1/PDGFA/PDGFB/S1PR3/SPHK1/TGM1/TIMP1/TNFSF9",33,"KO_heat_up","BP","no_iea",200,11390,480,3.9153125,TRUE,1,12,"positive regulation of cell population proliferation",NA,NA,NA,NA,NA,NA,NA
"GO:0006954","inflammatory response","30/200","485/11390",0.0618556701030928,3.52268041237113,7.5903712925024,1.51426504136722e-09,1.99201566191858e-06,1.64098511588163e-06,"ADAM8/ADM/ADORA2A/BCL6B/CAMK2N1/CCL20/CCL22/CCL3/CCL4/CD200/CD40LG/CLU/DAGLA/F3/GZMA/IL1A/IL1RN/IL2/IL23A/IL9/LTB4R/MAPK13/PLA2G4C/PLK2/PTGER2/S1PR3/SERPINE1/SPHK1/TNFSF11/UACA",30,"KO_heat_up","BP","no_iea",200,11390,485,3.52268041237113,TRUE,2,9,"inflammatory response",NA,NA,NA,NA,NA,NA,NA
"GO:0035295","tube development","28/200","455/11390",0.0615384615384615,3.50461538461538,7.28920391226987,6.34658766847079e-09,5.56595738524889e-06,4.58513123136188e-06,"ADAM8/ADM/ALDH1A2/ANXA2/ATP2B4/BCAM/CARD10/EGR3/EPHA2/EPN2/F3/FASLG/GJA5/HK2/IL17F/IL1A/ITGA3/NR4A1/PAK1/PDGFA/PDGFB/PLXNB2/RET/SERPINE1/SPHK1/STRA6/TGM2/TP73",28,"KO_heat_up","BP","no_iea",200,11390,455,3.50461538461538,TRUE,3,23,"tube development",NA,NA,NA,NA,NA,NA,NA
"GO:0001944","vasculature development","25/200","381/11390",0.0656167979002625,3.73687664041995,7.26417880874031,1.24880300720002e-08,8.21400177985811e-06,6.76654050480219e-06,"ADAM8/ADM/ANXA2/ATP2B4/BCAM/CALCA/CARD10/CTH/EGR1/EGR3/EPHA2/EPN2/F3/FASLG/GJA5/HK2/IL17F/IL1A/NR4A1/PDGFA/PDGFB/SERPINE1/SPHK1/STRA6/TGM2",25,"KO_heat_up","BP","no_iea",200,11390,381,3.73687664041995,TRUE,3,23,"tube development",NA,NA,NA,NA,NA,NA,NA
"GO:0007186","G protein-coupled receptor signaling pathway","26/200","432/11390",0.0601851851851852,3.4275462962963,6.87680164328911,3.66007182276109e-08,1.42048974610187e-05,1.17017279290394e-05,"ADCY4/ADM/ADORA2A/ADORA2B/ANO1/APLP1/AREG/ATP2B4/AVPR1A/BICD1/C3/CALCA/CCL22/CCL3/CCL4/GAP43/GPR183/GRP/LTB4R/PARD3/PLEK/PTGER2/RGS16/S1PR3/SERPINE1/TGM2",26,"KO_heat_up","BP","no_iea",200,11390,432,3.4275462962963,TRUE,4,23,"G protein-coupled receptor signaling pathway",NA,NA,NA,NA,NA,NA,NA
"GO:0006935","chemotaxis","20/200","264/11390",0.0757575757575758,4.31439393939394,7.28415725130933,3.77933417815018e-08,1.42048974610187e-05,1.17017279290394e-05,"ADAM8/C3/CALCA/CCL20/CCL22/CCL3/CCL4/EGR3/EPHA2/F3/FOSL1/GPR183/HBEGF/NR4A1/PDGFA/PDGFB/PLAUR/SEMA4A/SERPINE1/TNFSF11",20,"KO_heat_up","BP","no_iea",200,11390,264,4.31439393939394,TRUE,5,2,"chemotaxis",NA,NA,NA,NA,NA,NA,NA
"GO:0042330","taxis","20/200","264/11390",0.0757575757575758,4.31439393939394,7.28415725130933,3.77933417815018e-08,1.42048974610187e-05,1.17017279290394e-05,"ADAM8/C3/CALCA/CCL20/CCL22/CCL3/CCL4/EGR3/EPHA2/F3/FOSL1/GPR183/HBEGF/NR4A1/PDGFA/PDGFB/PLAUR/SEMA4A/SERPINE1/TNFSF11",20,"KO_heat_up","BP","no_iea",200,11390,264,4.31439393939394,FALSE,5,2,"chemotaxis",NA,NA,NA,NA,NA,NA,NA
"GO:0001568","blood vessel development","23/200","360/11390",0.0638888888888889,3.63847222222222,6.80078071281847,8.16798788042332e-08,2.68624701417422e-05,2.21287987444626e-05,"ADAM8/ADM/ANXA2/ATP2B4/BCAM/CARD10/EGR1/EGR3/EPHA2/EPN2/F3/FASLG/GJA5/HK2/IL17F/IL1A/NR4A1/PDGFA/PDGFB/SERPINE1/SPHK1/STRA6/TGM2",23,"KO_heat_up","BP","no_iea",200,11390,360,3.63847222222222,FALSE,3,23,"tube development",NA,NA,NA,NA,NA,NA,NA
"GO:0048514","blood vessel morphogenesis","22/200","339/11390",0.0648967551622419,3.69587020648968,6.73660044760895,1.21375187397146e-07,3.54820131157656e-05,2.92294164737687e-05,"ADAM8/ADM/ANXA2/ATP2B4/BCAM/CARD10/EGR3/EPHA2/EPN2/F3/FASLG/GJA5/HK2/IL17F/IL1A/NR4A1/PDGFA/PDGFB/SERPINE1/SPHK1/STRA6/TGM2",22,"KO_heat_up","BP","no_iea",200,11390,339,3.69587020648968,FALSE,3,23,"tube development",NA,NA,NA,NA,NA,NA,NA
"GO:0050865","regulation of cell activation","24/200","405/11390",0.0592592592592593,3.37481481481481,6.50578911525331,1.71307941581253e-07,4.50711194300278e-05,3.71287422858738e-05,"ADAM8/CCL3/CD200/CD40LG/CD70/CD80/GPR183/HAVCR1/HSPH1/IL1A/IL2/IL23A/INHBA/KLRC1/LST1/NR4A3/PDGFA/PDGFB/PLEK/SDC4/SPHK1/TNFSF11/TNFSF14/TNFSF9",24,"KO_heat_up","BP","no_iea",200,11390,405,3.37481481481481,TRUE,6,18,"regulation of cell activation",NA,NA,NA,NA,NA,NA,NA
"GO:0001819","positive regulation of cytokine production","22/200","349/11390",0.0630372492836676,3.58997134670487,6.56971029727882,2.01457766153957e-07,4.81850347955511e-05,3.96939273216266e-05,"ADAM8/C3/CALCA/CCL3/CD200/CD40LG/CD80/CLU/CSF2/EGR1/F3/HSPA1A/IL17F/IL1A/IL2/IL23A/IL9/MAPK13/NR4A3/SERPINE1/SPHK1/UAP1",22,"KO_heat_up","BP","no_iea",200,11390,349,3.58997134670487,TRUE,7,8,"positive regulation of cytokine production",NA,NA,NA,NA,NA,NA,NA
"GO:0035239","tube morphogenesis","24/200","413/11390",0.0581113801452785,3.30944309927361,6.3912118180585,2.45753458813779e-07,5.38814458449209e-05,4.43865238331202e-05,"ADAM8/ADM/ANXA2/ATP2B4/BCAM/CARD10/EGR3/EPHA2/EPN2/F3/FASLG/GJA5/HK2/IL17F/IL1A/NR4A1/PAK1/PDGFA/PDGFB/PLXNB2/SERPINE1/SPHK1/STRA6/TGM2",24,"KO_heat_up","BP","no_iea",200,11390,413,3.30944309927361,FALSE,3,23,"tube development",NA,NA,NA,NA,NA,NA,NA
"GO:0001525","angiogenesis","20/200","311/11390",0.0643086816720257,3.66237942122186,6.36418231096089,5.4514790861397e-07,0.000110329549812566,9.08874124563695e-05,"ADAM8/ANXA2/ATP2B4/BCAM/CARD10/EGR3/EPHA2/EPN2/F3/FASLG/GJA5/HK2/IL17F/IL1A/NR4A1/PDGFA/PDGFB/SERPINE1/SPHK1/TGM2",20,"KO_heat_up","BP","no_iea",200,11390,311,3.66237942122186,FALSE,3,23,"tube development",NA,NA,NA,NA,NA,NA,NA
"GO:2000147","positive regulation of cell motility","22/200","383/11390",0.0574412532637076,3.27127937336815,6.04474815907833,9.82800137877159e-07,0.000184696225911057,0.000152149284502938,"ADAM8/CAVIN1/CCL20/CCL22/CCL3/CCL4/CCN1/CLDN4/EGFR/EPHA2/F3/FAM110C/HBEGF/LAMC2/NR4A3/PAK1/PDGFA/PDGFB/RET/SEMA4A/SERPINE1/SPHK1",22,"KO_heat_up","BP","no_iea",200,11390,383,3.27127937336815,TRUE,8,18,"positive regulation of cell motility",NA,NA,NA,NA,NA,NA,NA
"GO:0040017","positive regulation of locomotion","22/200","388/11390",0.0567010309278351,3.22912371134021,5.97251109287496,1.22057503903773e-06,0.000214088861847217,0.000176362386342363,"ADAM8/CAVIN1/CCL20/CCL22/CCL3/CCL4/CCN1/CLDN4/EGFR/EPHA2/F3/FAM110C/HBEGF/LAMC2/NR4A3/PAK1/PDGFA/PDGFB/RET/SEMA4A/SERPINE1/SPHK1",22,"KO_heat_up","BP","no_iea",200,11390,388,3.22912371134021,TRUE,9,5,"positive regulation of locomotion",NA,NA,NA,NA,NA,NA,NA
"GO:0060326","cell chemotaxis","15/200","191/11390",0.0785340314136126,4.47251308900524,6.47014038401534,1.30594091406779e-06,0.000214745659057022,0.000176903443556946,"ADAM8/C3/CALCA/CCL20/CCL22/CCL3/CCL4/EGR3/EPHA2/GPR183/HBEGF/NR4A1/PDGFB/SERPINE1/TNFSF11",15,"KO_heat_up","BP","no_iea",200,11390,191,4.47251308900524,TRUE,8,18,"positive regulation of cell motility",NA,NA,NA,NA,NA,NA,NA
"GO:2001236","regulation of extrinsic apoptotic signaling pathway","11/200","101/11390",0.108910891089109,6.20247524752475,7.02078581350285,1.48791872605213e-06,0.000219406910650083,0.000180743295136339,"CD40LG/CSF2/FASLG/HSPA1A/IL1A/INHBA/LTA/RET/SERPINE1/TNFSF11/TNFSF14",11,"KO_heat_up","BP","no_iea",200,11390,101,6.20247524752475,TRUE,4,23,"G protein-coupled receptor signaling pathway",NA,NA,NA,NA,NA,NA,NA
"GO:0007200","phospholipase C-activating G protein-coupled receptor signaling pathway","9/200","64/11390",0.140625,8.00859375,7.51666761727109,1.58446647751865e-06,0.000219406910650083,0.000180743295136339,"ANO1/BICD1/CALCA/GAP43/GRP/LTB4R/PARD3/PLEK/TGM2",9,"KO_heat_up","BP","no_iea",200,11390,64,8.00859375,FALSE,4,23,"G protein-coupled receptor signaling pathway",NA,NA,NA,NA,NA,NA,NA
"GO:0030316","osteoclast differentiation","9/200","64/11390",0.140625,8.00859375,7.51666761727109,1.58446647751865e-06,0.000219406910650083,0.000180743295136339,"ANXA2/CALCA/CCL3/EFNA2/EPHA2/GPR183/IL23A/TNFRSF11B/TNFSF11",9,"KO_heat_up","BP","no_iea",200,11390,64,8.00859375,TRUE,10,16,"osteoclast differentiation",NA,NA,NA,NA,NA,NA,NA
"GO:0002694","regulation of leukocyte activation","21/200","366/11390",0.0573770491803279,3.26762295081967,5.89500985322779,1.79348394653072e-06,0.000235932813166116,0.000194357023468777,"ADAM8/CCL3/CD200/CD40LG/CD70/CD80/GPR183/HAVCR1/HSPH1/IL1A/IL2/IL23A/INHBA/KLRC1/LST1/NR4A3/SDC4/SPHK1/TNFSF11/TNFSF14/TNFSF9",21,"KO_heat_up","BP","no_iea",200,11390,366,3.26762295081967,FALSE,6,18,"regulation of cell activation",NA,NA,NA,NA,NA,NA,NA
"GO:0050867","positive regulation of cell activation","17/200","253/11390",0.0671936758893281,3.82667984189723,6.07848743930998,2.22070512214131e-06,0.00026622884545581,0.000219314326269184,"ADAM8/CCL3/CD200/CD40LG/CD70/CD80/GPR183/HAVCR1/HSPH1/IL1A/IL2/IL23A/NR4A3/PLEK/TNFSF11/TNFSF14/TNFSF9",17,"KO_heat_up","BP","no_iea",200,11390,253,3.82667984189723,FALSE,6,18,"regulation of cell activation",NA,NA,NA,NA,NA,NA,NA
"GO:0030335","positive regulation of cell migration","21/200","371/11390",0.0566037735849057,3.22358490566038,5.82119746539781,2.22616290384942e-06,0.00026622884545581,0.000219314326269184,"ADAM8/CCL20/CCL22/CCL3/CCL4/CCN1/CLDN4/EGFR/EPHA2/F3/FAM110C/HBEGF/LAMC2/NR4A3/PAK1/PDGFA/PDGFB/RET/SEMA4A/SERPINE1/SPHK1",21,"KO_heat_up","BP","no_iea",200,11390,371,3.22358490566038,FALSE,8,18,"positive regulation of cell motility",NA,NA,NA,NA,NA,NA,NA
"GO:0070661","leukocyte proliferation","14/200","175/11390",0.08,4.556,6.33758633620588,2.39288009062348e-06,0.000273724674714364,0.000225489249729691,"CD40LG/CD70/CD80/CLU/CSF2/GPR183/IL1A/IL2/IL23A/LST1/NPR3/SDC4/TNFSF14/TNFSF9",14,"KO_heat_up","BP","no_iea",200,11390,175,4.556,TRUE,1,12,"positive regulation of cell population proliferation",NA,NA,NA,NA,NA,NA,NA
"GO:2001238","positive regulation of extrinsic apoptotic signaling pathway","7/200","37/11390",0.189189189189189,10.7743243243243,7.96113593557531,3.0522851786464e-06,0.000334606762709112,0.000275642771176883,"CD40LG/FASLG/INHBA/LTA/RET/TNFSF11/TNFSF14",7,"KO_heat_up","BP","no_iea",200,11390,37,10.7743243243243,FALSE,4,23,"G protein-coupled receptor signaling pathway",NA,NA,NA,NA,NA,NA,NA
"GO:0071674","mononuclear cell migration","12/200","135/11390",0.0888888888888889,5.06222222222222,6.34746863047887,4.31984272742516e-06,0.000454620248634224,0.000374507628453407,"ADAM8/ASB2/CALCA/CCL20/CCL3/CCL4/CD200/GPR183/PDGFB/RET/SERPINE1/TNFSF11",12,"KO_heat_up","BP","no_iea",200,11390,135,5.06222222222222,TRUE,8,18,"positive regulation of cell motility",NA,NA,NA,NA,NA,NA,NA
"GO:0002696","positive regulation of leukocyte activation","16/200","241/11390",0.0663900414937759,3.78091286307054,5.83338573831591,5.21068948868564e-06,0.000527281694028151,0.000434364763449544,"ADAM8/CCL3/CD200/CD40LG/CD70/CD80/GPR183/HAVCR1/HSPH1/IL1A/IL2/IL23A/NR4A3/TNFSF11/TNFSF14/TNFSF9",16,"KO_heat_up","BP","no_iea",200,11390,241,3.78091286307054,FALSE,6,18,"regulation of cell activation",NA,NA,NA,NA,NA,NA,NA
"GO:0002573","myeloid leukocyte differentiation","12/200","142/11390",0.0845070422535211,4.81267605633803,6.11194132659946,7.30183083776218e-06,0.000697718713673009,0.000574767581449009,"ANXA2/BATF3/CALCA/CCL3/CSF2/EFNA2/EPHA2/GPR183/IL23A/INHBA/TNFRSF11B/TNFSF11",12,"KO_heat_up","BP","no_iea",200,11390,142,4.81267605633803,FALSE,10,16,"osteoclast differentiation",NA,NA,NA,NA,NA,NA,NA
"GO:0045744","negative regulation of G protein-coupled receptor signaling pathway","7/200","42/11390",0.166666666666667,9.49166666666667,7.37056313502264,7.42536069283324e-06,0.000697718713673009,0.000574767581449009,"ADM/APLP1/ATP2B4/BICD1/CALCA/PLEK/SERPINE1",7,"KO_heat_up","BP","no_iea",200,11390,42,9.49166666666667,FALSE,4,23,"G protein-coupled receptor signaling pathway",NA,NA,NA,NA,NA,NA,NA
"GO:0050900","leukocyte migration","15/200","223/11390",0.0672645739910314,3.83071748878924,5.70720473853222,8.85217890043279e-06,0.000782302367203349,0.000644446007750384,"ADAM8/ASB2/C3/CALCA/CCL20/CCL22/CCL3/CCL4/CD200/GPR183/ITGA3/PDGFB/RET/SERPINE1/TNFSF11",15,"KO_heat_up","BP","no_iea",200,11390,223,3.83071748878924,FALSE,8,18,"positive regulation of cell motility",NA,NA,NA,NA,NA,NA,NA
"GO:0008277","regulation of G protein-coupled receptor signaling pathway","10/200","99/11390",0.101010101010101,5.75252525252525,6.34919371689915,8.92020943219327e-06,0.000782302367203349,0.000644446007750384,"ADM/APLP1/ATP2B4/BICD1/C3/CALCA/GRP/PLEK/RGS16/SERPINE1",10,"KO_heat_up","BP","no_iea",200,11390,99,5.75252525252525,FALSE,4,23,"G protein-coupled receptor signaling pathway",NA,NA,NA,NA,NA,NA,NA
"GO:0097191","extrinsic apoptotic signaling pathway","12/200","152/11390",0.0789473684210526,4.49605263157895,5.80093492092294,1.46419403673685e-05,0.00124267564859828,0.0010236928766184,"CD40LG/CD70/CSF2/FASLG/HSPA1A/IL1A/INHBA/LTA/RET/SERPINE1/TNFSF11/TNFSF14",12,"KO_heat_up","BP","no_iea",200,11390,152,4.49605263157895,FALSE,4,23,"G protein-coupled receptor signaling pathway",NA,NA,NA,NA,NA,NA,NA
"GO:0097190","apoptotic signaling pathway","20/200","403/11390",0.0496277915632754,2.82630272952854,4.99032097410802,2.72539896129025e-05,0.00224078895848582,0.00184591988858441,"CD40LG/CD70/CDKN1A/CLU/CSF2/EPHA2/FASLG/HIC1/HSPA1A/IL1A/INHBA/LTA/NR4A2/PLAUR/RET/SERPINE1/TNFSF11/TNFSF14/TP73/UACA",20,"KO_heat_up","BP","no_iea",200,11390,403,2.82630272952854,FALSE,4,23,"G protein-coupled receptor signaling pathway",NA,NA,NA,NA,NA,NA,NA
"GO:0048771","tissue remodeling","8/200","72/11390",0.111111111111111,6.32777777777778,6.06275832344274,3.59181265993282e-05,0.00286365427523735,0.00235902464650771,"ADAM8/CALCA/EFNA2/EPHA2/IL2/IL23A/SPP1/TNFSF11",8,"KO_heat_up","BP","no_iea",200,11390,72,6.32777777777778,TRUE,11,8,"tissue remodeling",NA,NA,NA,NA,NA,NA,NA
"GO:0070665","positive regulation of leukocyte proliferation","9/200","94/11390",0.0957446808510638,5.45265957446809,5.79513861846958,3.88762440020693e-05,0.00300833523439542,0.00247821010527123,"CD40LG/CD70/CD80/CSF2/GPR183/IL1A/IL2/IL23A/TNFSF9",9,"KO_heat_up","BP","no_iea",200,11390,94,5.45265957446809,FALSE,1,12,"positive regulation of cell population proliferation",NA,NA,NA,NA,NA,NA,NA
"GO:0072677","eosinophil migration","4/200","12/11390",0.333333333333333,18.9833333333333,8.33240946648938,4.08942039396154e-05,0.00301838757731793,0.00248649103670712,"ADAM8/CCL22/CCL3/CCL4",4,"KO_heat_up","BP","no_iea",200,11390,12,18.9833333333333,FALSE,8,18,"positive regulation of cell motility",NA,NA,NA,NA,NA,NA,NA
"GO:2001239","regulation of extrinsic apoptotic signaling pathway in absence of ligand","5/200","23/11390",0.217391304347826,12.3804347826087,7.30369440271114,4.13006281959124e-05,0.00301838757731793,0.00248649103670712,"CSF2/HSPA1A/IL1A/INHBA/RET",5,"KO_heat_up","BP","no_iea",200,11390,23,12.3804347826087,FALSE,4,23,"G protein-coupled receptor signaling pathway",NA,NA,NA,NA,NA,NA,NA
"GO:0002521","leukocyte differentiation","19/200","383/11390",0.0496083550913838,2.82519582245431,4.85754822462778,4.39028541830279e-05,0.00312184890150126,0.00257172053379387,"ADAM8/ANXA2/BATF3/CALCA/CCL3/CD80/CSF2/EFNA2/EOMES/EPHA2/GPR183/IL1A/IL2/IL23A/INHBA/KLRC1/TNFRSF11B/TNFSF11/TNFSF9",19,"KO_heat_up","BP","no_iea",200,11390,383,2.82519582245431,FALSE,10,16,"osteoclast differentiation",NA,NA,NA,NA,NA,NA,NA
"GO:0001656","metanephros development","5/200","24/11390",0.208333333333333,11.8645833333333,7.12291269777305,5.14292891482423e-05,0.00356080157234278,0.00293332150571277,"EGR1/GDF6/PDGFA/PDGFB/RET",5,"KO_heat_up","BP","no_iea",200,11390,24,11.8645833333333,TRUE,3,23,"tube development",NA,NA,NA,NA,NA,NA,NA
"GO:0006959","humoral immune response","10/200","122/11390",0.0819672131147541,4.66803278688525,5.44543346769452,5.56390937432078e-05,0.00369312527684873,0.00304232729001642,"ADM/C3/CALCA/CCL20/CCL22/CCL3/CCL4/CD83/CLU/GPR183",10,"KO_heat_up","BP","no_iea",200,11390,122,4.66803278688525,TRUE,12,3,"humoral immune response",NA,NA,NA,NA,NA,NA,NA
"GO:0060429","epithelium development","21/200","459/11390",0.0457516339869281,2.60555555555556,4.69401512144003,5.61478567365828e-05,0.00369312527684873,0.00304232729001642,"ALDH1A2/CLDN4/EPHA2/INHBA/IRF6/KDM6B/OPHN1/PAK1/PDGFA/PDGFB/PLXNB2/RIPK4/S1PR3/SERPINE1/SPINT1/SPRY1/STRA6/TGM1/TMEFF2/TP73/WNT3",21,"KO_heat_up","BP","no_iea",200,11390,459,2.60555555555556,TRUE,3,23,"tube development",NA,NA,NA,NA,NA,NA,NA
"GO:0070663","regulation of leukocyte proliferation","11/200","148/11390",0.0743243243243243,4.23277027027027,5.292083180668,5.83565466868384e-05,0.00369576782825568,0.00304450417426972,"CD40LG/CD70/CD80/CSF2/GPR183/IL1A/IL2/IL23A/LST1/SDC4/TNFSF9",11,"KO_heat_up","BP","no_iea",200,11390,148,4.23277027027027,FALSE,1,12,"positive regulation of cell population proliferation",NA,NA,NA,NA,NA,NA,NA
"GO:2001233","regulation of apoptotic signaling pathway","14/200","232/11390",0.0603448275862069,3.43663793103448,5.01284833960473,5.8997433974435e-05,0.00369576782825568,0.00304450417426972,"CD40LG/CLU/CSF2/FASLG/HSPA1A/IL1A/INHBA/LTA/NR4A2/PLAUR/RET/SERPINE1/TNFSF11/TNFSF14",14,"KO_heat_up","BP","no_iea",200,11390,232,3.43663793103448,FALSE,4,23,"G protein-coupled receptor signaling pathway",NA,NA,NA,NA,NA,NA,NA
"GO:0046849","bone remodeling","6/200","41/11390",0.146341463414634,8.33414634146341,6.289345496891,7.32590610085948e-05,0.00444771630071733,0.0036639452132177,"ADAM8/CALCA/EFNA2/EPHA2/SPP1/TNFSF11",6,"KO_heat_up","BP","no_iea",200,11390,41,8.33414634146341,FALSE,11,8,"tissue remodeling",NA,NA,NA,NA,NA,NA,NA
"GO:0046651","lymphocyte proliferation","11/200","152/11390",0.0723684210526316,4.12138157894737,5.17925023190043,7.43821806277319e-05,0.00444771630071733,0.0036639452132177,"CD40LG/CD70/CD80/GPR183/IL1A/IL2/IL23A/LST1/SDC4/TNFSF14/TNFSF9",11,"KO_heat_up","BP","no_iea",200,11390,152,4.12138157894737,TRUE,6,18,"regulation of cell activation",NA,NA,NA,NA,NA,NA,NA
"GO:0032943","mononuclear cell proliferation","11/200","153/11390",0.0718954248366013,4.09444444444444,5.15164545019752,7.89321162466984e-05,0.00452928021998605,0.00373113603910911,"CD40LG/CD70/CD80/GPR183/IL1A/IL2/IL23A/LST1/SDC4/TNFSF14/TNFSF9",11,"KO_heat_up","BP","no_iea",200,11390,153,4.09444444444444,FALSE,1,12,"positive regulation of cell population proliferation",NA,NA,NA,NA,NA,NA,NA
"GO:0007189","adenylate cyclase-activating G protein-coupled receptor signaling pathway","9/200","103/11390",0.087378640776699,4.97621359223301,5.41928269516164,8.00785939044441e-05,0.00452928021998605,0.00373113603910911,"ADCY4/ADM/ADORA2A/ADORA2B/APLP1/ATP2B4/CALCA/PTGER2/S1PR3",9,"KO_heat_up","BP","no_iea",200,11390,103,4.97621359223301,FALSE,4,23,"G protein-coupled receptor signaling pathway",NA,NA,NA,NA,NA,NA,NA
"GO:0042102","positive regulation of T cell proliferation","7/200","60/11390",0.116666666666667,6.64416666666667,5.86007603228285,8.13925560291191e-05,0.00452928021998605,0.00373113603910911,"CD40LG/CD70/CD80/IL1A/IL2/IL23A/TNFSF9",7,"KO_heat_up","BP","no_iea",200,11390,60,6.64416666666667,TRUE,6,18,"regulation of cell activation",NA,NA,NA,NA,NA,NA,NA
"GO:0050671","positive regulation of lymphocyte proliferation","8/200","81/11390",0.0987654320987654,5.62469135802469,5.58413504529134,8.43537555223551e-05,0.00452928021998605,0.00373113603910911,"CD40LG/CD70/CD80/GPR183/IL1A/IL2/IL23A/TNFSF9",8,"KO_heat_up","BP","no_iea",200,11390,81,5.62469135802469,FALSE,6,18,"regulation of cell activation",NA,NA,NA,NA,NA,NA,NA
"GO:2001235","positive regulation of apoptotic signaling pathway","8/200","81/11390",0.0987654320987654,5.62469135802469,5.58413504529134,8.43537555223551e-05,0.00452928021998605,0.00373113603910911,"CD40LG/CLU/FASLG/INHBA/LTA/RET/TNFSF11/TNFSF14",8,"KO_heat_up","BP","no_iea",200,11390,81,5.62469135802469,FALSE,4,23,"G protein-coupled receptor signaling pathway",NA,NA,NA,NA,NA,NA,NA
"GO:0050670","regulation of lymphocyte proliferation","10/200","129/11390",0.0775193798449612,4.41472868217054,5.21441184193636,8.92707044360198e-05,0.00465914679534018,0.00383811768653321,"CD40LG/CD70/CD80/GPR183/IL1A/IL2/IL23A/LST1/SDC4/TNFSF9",10,"KO_heat_up","BP","no_iea",200,11390,129,4.41472868217054,FALSE,6,18,"regulation of cell activation",NA,NA,NA,NA,NA,NA,NA
"GO:0045597","positive regulation of cell differentiation","21/200","475/11390",0.0442105263157895,2.51778947368421,4.51740701959118,9.15489084957452e-05,0.00465914679534018,0.00383811768653321,"ADAM8/CALCA/CCN1/CD80/CSF2/CTH/EGR2/GDF6/HSPA1A/IL2/IL23A/INHBA/LTBP3/MAPK12/PLXNB2/SERPINE1/TGM2/TNFSF11/TNFSF9/TP73/WNT3",21,"KO_heat_up","BP","no_iea",200,11390,475,2.51778947368421,TRUE,10,16,"osteoclast differentiation",NA,NA,NA,NA,NA,NA,NA
"GO:0032946","positive regulation of mononuclear cell proliferation","8/200","82/11390",0.0975609756097561,5.55609756097561,5.53540998108386,9.20849993757846e-05,0.00465914679534018,0.00383811768653321,"CD40LG/CD70/CD80/GPR183/IL1A/IL2/IL23A/TNFSF9",8,"KO_heat_up","BP","no_iea",200,11390,82,5.55609756097561,FALSE,1,12,"positive regulation of cell population proliferation",NA,NA,NA,NA,NA,NA,NA
"GO:0032944","regulation of mononuclear cell proliferation","10/200","130/11390",0.0769230769230769,4.38076923076923,5.18275595175806,9.52541340001691e-05,0.00470040055846568,0.00387210176234005,"CD40LG/CD70/CD80/GPR183/IL1A/IL2/IL23A/LST1/SDC4/TNFSF9",10,"KO_heat_up","BP","no_iea",200,11390,130,4.38076923076923,FALSE,1,12,"positive regulation of cell population proliferation",NA,NA,NA,NA,NA,NA,NA
"GO:0050818","regulation of coagulation","6/200","43/11390",0.13953488372093,7.94651162790698,6.1010308135949,9.64734436173115e-05,0.00470040055846568,0.00387210176234005,"F3/PDGFA/PDGFB/PLAUR/PROCR/SERPINE1",6,"KO_heat_up","BP","no_iea",200,11390,43,7.94651162790698,TRUE,13,8,"regulation of coagulation",NA,NA,NA,NA,NA,NA,NA
"GO:0007159","leukocyte cell-cell adhesion","15/200","275/11390",0.0545454545454545,3.10636363636364,4.72702297434962,0.000101223489546929,0.00484216365450853,0.00398888354023208,"ADAM8/CALCA/CD40LG/CD70/CD80/HSPH1/IL1A/IL2/IL23A/NR4A3/OLR1/SDC4/TNFSF11/TNFSF14/TNFSF9",15,"KO_heat_up","BP","no_iea",200,11390,275,3.10636363636364,TRUE,14,6,"leukocyte cell-cell adhesion",NA,NA,NA,NA,NA,NA,NA
"GO:0042098","T cell proliferation","9/200","108/11390",0.0833333333333333,4.74583333333333,5.22889632613626,0.00011574030469621,0.00543772752956659,0.00447949788288528,"CD40LG/CD70/CD80/IL1A/IL2/IL23A/SDC4/TNFSF14/TNFSF9",9,"KO_heat_up","BP","no_iea",200,11390,108,4.74583333333333,FALSE,6,18,"regulation of cell activation",NA,NA,NA,NA,NA,NA,NA
"GO:0044057","regulation of system process","14/200","248/11390",0.0564516129032258,3.21491935483871,4.71460087634145,0.000120511862468295,0.00556257386235235,0.00458234394870211,"ADM/ATP2B4/AVPR1A/CCL3/EGR2/GJA5/GRP/INHBA/NPR3/NR4A3/PARD3/PDGFB/SPHK1/SPP1",14,"KO_heat_up","BP","no_iea",200,11390,248,3.21491935483871,TRUE,13,8,"regulation of coagulation",NA,NA,NA,NA,NA,NA,NA
"GO:0019221","cytokine-mediated signaling pathway","17/200","346/11390",0.0491329479768786,2.79812138728324,4.54084427275418,0.000126113705308028,0.00571612844942806,0.00470883933560278,"CCL22/CCL3/CCL4/CSF2/EGR1/F3/GFI1/HSPA1A/IL17F/IL1A/IL1RN/IL2/IL3/IL9/PDGFB/SPHK1/TNFSF11",17,"KO_heat_up","BP","no_iea",200,11390,346,2.79812138728324,TRUE,15,5,"cytokine-mediated signaling pathway",NA,NA,NA,NA,NA,NA,NA
"GO:0022409","positive regulation of cell-cell adhesion","13/200","219/11390",0.0593607305936073,3.38059360730594,4.75558606277344,0.000128183800272237,0.00571612844942806,0.00470883933560278,"ADAM8/CD40LG/CD70/CD80/HSPH1/IL1A/IL2/IL23A/NR4A3/PLAUR/TNFSF11/TNFSF14/TNFSF9",13,"KO_heat_up","BP","no_iea",200,11390,219,3.38059360730594,TRUE,14,6,"leukocyte cell-cell adhesion",NA,NA,NA,NA,NA,NA,NA
"GO:1903039","positive regulation of leukocyte cell-cell adhesion","12/200","190/11390",0.0631578947368421,3.59684210526316,4.82565294069423,0.000130492555070117,0.00572209853982464,0.00471375738402406,"ADAM8/CD40LG/CD70/CD80/HSPH1/IL1A/IL2/IL23A/NR4A3/TNFSF11/TNFSF14/TNFSF9",12,"KO_heat_up","BP","no_iea",200,11390,190,3.59684210526316,FALSE,14,6,"leukocyte cell-cell adhesion",NA,NA,NA,NA,NA,NA,NA
"GO:0034103","regulation of tissue remodeling","6/200","46/11390",0.130434782608696,7.42826086956522,5.84025823968205,0.000141884501912075,0.00605335957153052,0.00498664400479359,"ADAM8/CALCA/IL2/IL23A/SPP1/TNFSF11",6,"KO_heat_up","BP","no_iea",200,11390,46,7.42826086956522,TRUE,13,8,"regulation of coagulation",NA,NA,NA,NA,NA,NA,NA
"GO:0050727","regulation of inflammatory response","14/200","252/11390",0.0555555555555556,3.16388888888889,4.64380924244164,0.000142648534182779,0.00605335957153052,0.00498664400479359,"ADAM8/BCL6B/CAMK2N1/CCL3/CD200/DAGLA/IL2/IL23A/MAPK13/PLK2/SERPINE1/SPHK1/TNFSF11/UACA",14,"KO_heat_up","BP","no_iea",200,11390,252,3.16388888888889,TRUE,2,9,"inflammatory response",NA,NA,NA,NA,NA,NA,NA
"GO:0045785","positive regulation of cell adhesion","16/200","318/11390",0.050314465408805,2.86540880503145,4.51042322557736,0.000152397646287607,0.0063644159902015,0.00524288644454775,"ADAM8/CD40LG/CD70/CD80/HSPH1/IL1A/IL2/IL23A/NR4A3/PDGFB/PLAUR/RET/TGM2/TNFSF11/TNFSF14/TNFSF9",16,"KO_heat_up","BP","no_iea",200,11390,318,2.86540880503145,FALSE,14,6,"leukocyte cell-cell adhesion",NA,NA,NA,NA,NA,NA,NA
"GO:0050679","positive regulation of epithelial cell proliferation","8/200","89/11390",0.0898876404494382,5.11910112359551,5.21532972705095,0.000164338189621653,0.00672616517133099,0.00554088863060694,"AREG/EGFR/EGR3/F3/NR4A1/NR4A3/PDGFB/TGM1",8,"KO_heat_up","BP","no_iea",200,11390,89,5.11910112359551,FALSE,1,12,"positive regulation of cell population proliferation",NA,NA,NA,NA,NA,NA,NA
"GO:0030595","leukocyte chemotaxis","10/200","139/11390",0.0719424460431655,4.09712230215827,4.91148638358415,0.000166172837756182,0.00672616517133099,0.00554088863060694,"ADAM8/C3/CALCA/CCL22/CCL3/CCL4/GPR183/PDGFB/SERPINE1/TNFSF11",10,"KO_heat_up","BP","no_iea",200,11390,139,4.09712230215827,FALSE,8,18,"positive regulation of cell motility",NA,NA,NA,NA,NA,NA,NA
"GO:0051249","regulation of lymphocyte activation","16/200","321/11390",0.0498442367601246,2.8386292834891,4.4671984537387,0.000169728189336215,0.0067659828203573,0.00557368966257204,"ADAM8/CD40LG/CD70/CD80/GPR183/HSPH1/IL1A/IL2/IL23A/INHBA/KLRC1/LST1/SDC4/TNFSF11/TNFSF14/TNFSF9",16,"KO_heat_up","BP","no_iea",200,11390,321,2.8386292834891,FALSE,6,18,"regulation of cell activation",NA,NA,NA,NA,NA,NA,NA
"GO:0022407","regulation of cell-cell adhesion","16/200","325/11390",0.0492307692307692,2.80369230769231,4.4103309042785,0.000195494497760743,0.00767680632251514,0.0063240089691967,"ADAM8/CD40LG/CD70/CD80/EPCAM/HSPH1/IL1A/IL1RN/IL2/IL23A/NR4A3/PLAUR/SDC4/TNFSF11/TNFSF14/TNFSF9",16,"KO_heat_up","BP","no_iea",200,11390,325,2.80369230769231,FALSE,14,6,"leukocyte cell-cell adhesion",NA,NA,NA,NA,NA,NA,NA
"GO:0072676","lymphocyte migration","7/200","69/11390",0.101449275362319,5.77753623188406,5.32143657863913,0.000199036790923041,0.00770096760174297,0.00634391257756258,"ADAM8/CCL20/CCL3/CCL4/CD200/GPR183/RET",7,"KO_heat_up","BP","no_iea",200,11390,69,5.77753623188406,FALSE,8,18,"positive regulation of cell motility",NA,NA,NA,NA,NA,NA,NA
"GO:0061844","antimicrobial humoral immune response mediated by antimicrobial peptide","6/200","49/11390",0.122448979591837,6.9734693877551,5.60198263469608,0.000202766698959075,0.00773158239074384,0.00636913246615919,"ADM/CALCA/CCL20/CCL22/CCL3/CCL4",6,"KO_heat_up","BP","no_iea",200,11390,49,6.9734693877551,TRUE,12,3,"humoral immune response",NA,NA,NA,NA,NA,NA,NA
"GO:0002548","monocyte chemotaxis","5/200","32/11390",0.15625,8.8984375,5.98147089655268,0.000217390838075022,0.00805570837993499,0.00663614137281648,"CALCA/CCL3/PDGFB/SERPINE1/TNFSF11",5,"KO_heat_up","BP","no_iea",200,11390,32,8.8984375,FALSE,8,18,"positive regulation of cell motility",NA,NA,NA,NA,NA,NA,NA
"GO:0050819","negative regulation of coagulation","5/200","32/11390",0.15625,8.8984375,5.98147089655268,0.000217390838075022,0.00805570837993499,0.00663614137281648,"PDGFA/PDGFB/PLAUR/PROCR/SERPINE1",5,"KO_heat_up","BP","no_iea",200,11390,32,8.8984375,FALSE,13,8,"regulation of coagulation",NA,NA,NA,NA,NA,NA,NA
"GO:0050870","positive regulation of T cell activation","11/200","172/11390",0.063953488372093,3.6421511627907,4.66774279775512,0.000223273516371479,0.00815878641074114,0.00672105512001281,"ADAM8/CD40LG/CD70/CD80/HSPH1/IL1A/IL2/IL23A/TNFSF11/TNFSF14/TNFSF9",11,"KO_heat_up","BP","no_iea",200,11390,172,3.6421511627907,FALSE,6,18,"regulation of cell activation",NA,NA,NA,NA,NA,NA,NA
"GO:0009187","cyclic nucleotide metabolic process","4/200","19/11390",0.210526315789474,11.9894736842105,6.40910099285009,0.000290754290392913,0.0101069917833679,0.00832595014181298,"ADCY4/EPHA2/NPPC/NPR3",4,"KO_heat_up","BP","no_iea",200,11390,19,11.9894736842105,FALSE,16,7,"cyclic nucleotide metabolic process",NA,NA,NA,NA,NA,NA,NA
"GO:0048146","positive regulation of fibroblast proliferation","4/200","19/11390",0.210526315789474,11.9894736842105,6.40910099285009,0.000290754290392913,0.0101069917833679,0.00832595014181298,"CDKN1A/PDGFA/PDGFB/SPHK1",4,"KO_heat_up","BP","no_iea",200,11390,19,11.9894736842105,FALSE,1,12,"positive regulation of cell population proliferation",NA,NA,NA,NA,NA,NA,NA
"GO:0052652","cyclic purine nucleotide metabolic process","4/200","19/11390",0.210526315789474,11.9894736842105,6.40910099285009,0.000290754290392913,0.0101069917833679,0.00832595014181298,"ADCY4/EPHA2/NPPC/NPR3",4,"KO_heat_up","BP","no_iea",200,11390,19,11.9894736842105,TRUE,16,7,"cyclic nucleotide metabolic process",NA,NA,NA,NA,NA,NA,NA
"GO:0097192","extrinsic apoptotic signaling pathway in absence of ligand","5/200","34/11390",0.147058823529412,8.375,5.75746812531908,0.00029195415261724,0.0101069917833679,0.00832595014181298,"CSF2/HSPA1A/IL1A/INHBA/RET",5,"KO_heat_up","BP","no_iea",200,11390,34,8.375,FALSE,4,23,"G protein-coupled receptor signaling pathway",NA,NA,NA,NA,NA,NA,NA
"GO:0042129","regulation of T cell proliferation","8/200","97/11390",0.0824742268041237,4.69690721649485,4.88835238347143,0.000298415921028975,0.0101965232237303,0.00839970446204592,"CD40LG/CD70/CD80/IL1A/IL2/IL23A/SDC4/TNFSF9",8,"KO_heat_up","BP","no_iea",200,11390,97,4.69690721649484,FALSE,6,18,"regulation of cell activation",NA,NA,NA,NA,NA,NA,NA
"GO:1903532","positive regulation of secretion by cell","10/200","151/11390",0.0662251655629139,3.77152317880795,4.58338040934317,0.000325793851715138,0.010863310195529,0.0089489910550698,"ADAM8/ANXA2/GRP/IL1A/ILDR1/INHBA/SDC1/SDC4/SPP1/TNFSF11",10,"KO_heat_up","BP","no_iea",200,11390,151,3.77152317880795,TRUE,17,9,"positive regulation of secretion by cell",NA,NA,NA,NA,NA,NA,NA
"GO:0042060","wound healing","14/200","273/11390",0.0512820512820513,2.92051282051282,4.29385606611886,0.000326188333503151,0.010863310195529,0.0089489910550698,"ADORA2A/ANXA2/CD40LG/CLDN4/F3/HBEGF/PAK1/PDGFA/PDGFB/PLAUR/PLEK/PPL/SERPINE1/TMEFF2",14,"KO_heat_up","BP","no_iea",200,11390,273,2.92051282051282,TRUE,2,9,"inflammatory response",NA,NA,NA,NA,NA,NA,NA
"GO:0045765","regulation of angiogenesis","11/200","180/11390",0.0611111111111111,3.48027777777778,4.4841127024217,0.000330826628874762,0.0108800607571187,0.00896278985333072,"ATP2B4/EPHA2/EPN2/F3/FASLG/HK2/IL17F/IL1A/SERPINE1/SPHK1/TGM2",11,"KO_heat_up","BP","no_iea",200,11390,180,3.48027777777778,FALSE,3,23,"tube development",NA,NA,NA,NA,NA,NA,NA
"GO:0048260","positive regulation of receptor-mediated endocytosis","5/200","35/11390",0.142857142857143,8.13571428571429,5.6522408111336,0.000335802017369554,0.0109073470086333,0.00898526775521651,"ANXA2/BICD1/C3/CLU/SERPINE1",5,"KO_heat_up","BP","no_iea",200,11390,35,8.13571428571429,TRUE,17,9,"positive regulation of secretion by cell",NA,NA,NA,NA,NA,NA,NA
"GO:0071345","cellular response to cytokine stimulus","19/200","452/11390",0.0420353982300885,2.39391592920354,4.0427751731851,0.000378356420237637,0.0121397041664052,0.0100004604527509,"CCL22/CCL3/CCL4/CD200/CSF2/EGR1/F3/GFI1/HSPA1A/IL17F/IL1A/IL1RN/IL2/IL3/IL9/MAPK13/PDGFB/SPHK1/TNFSF11",19,"KO_heat_up","BP","no_iea",200,11390,452,2.39391592920354,TRUE,15,5,"cytokine-mediated signaling pathway",NA,NA,NA,NA,NA,NA,NA
"GO:0038034","signal transduction in absence of ligand","5/200","36/11390",0.138888888888889,7.90972222222222,5.55111398537928,0.000384457507979782,0.0121419964192938,0.0100023487676593,"CSF2/HSPA1A/IL1A/INHBA/RET",5,"KO_heat_up","BP","no_iea",200,11390,36,7.90972222222222,FALSE,4,23,"G protein-coupled receptor signaling pathway",NA,NA,NA,NA,NA,NA,NA
"GO:0007409","axonogenesis","12/200","214/11390",0.0560747663551402,3.19345794392523,4.33047716709553,0.00039258705463891,0.0121419964192938,0.0100023487676593,"ACTBL2/APLP1/ARHGEF25/EFNA2/GAP43/NOTCH3/OPHN1/PAK1/PARD3/PLXNB2/RET/SEMA4A",12,"KO_heat_up","BP","no_iea",200,11390,214,3.19345794392523,TRUE,18,8,"axonogenesis",NA,NA,NA,NA,NA,NA,NA
"GO:0097529","myeloid leukocyte migration","9/200","127/11390",0.0708661417322835,4.03582677165354,4.59932983935095,0.000393958645936317,0.0121419964192938,0.0100023487676593,"ADAM8/CALCA/CCL22/CCL3/CCL4/CD200/PDGFB/SERPINE1/TNFSF11",9,"KO_heat_up","BP","no_iea",200,11390,127,4.03582677165354,FALSE,8,18,"positive regulation of cell motility",NA,NA,NA,NA,NA,NA,NA
"GO:1901342","regulation of vasculature development","11/200","184/11390",0.0597826086956522,3.40461956521739,4.39615230233557,0.000399197214888118,0.0121419964192938,0.0100023487676593,"ATP2B4/EPHA2/EPN2/F3/FASLG/HK2/IL17F/IL1A/SERPINE1/SPHK1/TGM2",11,"KO_heat_up","BP","no_iea",200,11390,184,3.40461956521739,FALSE,3,23,"tube development",NA,NA,NA,NA,NA,NA,NA
"GO:0007610","behavior","10/200","155/11390",0.0645161290322581,3.6741935483871,4.48141226540818,0.000401502732222942,0.0121419964192938,0.0100023487676593,"CAMK2N1/CCL3/EGFR/EGR1/GATM/GRP/ITGA3/NR4A3/PLK2/STRA6",10,"KO_heat_up","BP","no_iea",200,11390,155,3.6741935483871,TRUE,9,5,"positive regulation of locomotion",NA,NA,NA,NA,NA,NA,NA
"GO:1903037","regulation of leukocyte cell-cell adhesion","13/200","247/11390",0.0526315789473684,2.99736842105263,4.24275878807925,0.000416013639961992,0.0123577428621275,0.0101800766381086,"ADAM8/CD40LG/CD70/CD80/HSPH1/IL1A/IL2/IL23A/NR4A3/SDC4/TNFSF11/TNFSF14/TNFSF9",13,"KO_heat_up","BP","no_iea",200,11390,247,2.99736842105263,FALSE,14,6,"leukocyte cell-cell adhesion",NA,NA,NA,NA,NA,NA,NA
"GO:0050878","regulation of body fluid levels","11/200","185/11390",0.0594594594594595,3.38621621621622,4.37454086189202,0.000418030830379835,0.0123577428621275,0.0101800766381086,"ADM/ADORA2A/ANO1/CD40LG/F3/NPR3/PDGFA/PDGFB/PLAUR/PLEK/SERPINE1",11,"KO_heat_up","BP","no_iea",200,11390,185,3.38621621621622,TRUE,19,5,"regulation of body fluid levels",NA,NA,NA,NA,NA,NA,NA
"GO:0048667","cell morphogenesis involved in neuron differentiation","14/200","282/11390",0.049645390070922,2.82730496453901,4.15394176529969,0.000452380319690771,0.0132054922669205,0.0108784366871069,"ACTBL2/APLP1/ARHGEF25/EFNA2/GAP43/LZTS3/NOTCH3/OPHN1/PAK1/PARD3/PLXNB2/RET/SEMA4A/TANC2",14,"KO_heat_up","BP","no_iea",200,11390,282,2.82730496453901,TRUE,18,8,"axonogenesis",NA,NA,NA,NA,NA,NA,NA
"GO:0001934","positive regulation of protein phosphorylation","11/200","187/11390",0.0588235294117647,3.35,4.3317586230214,0.000457942022453214,0.0132054922669205,0.0108784366871069,"C3/CALCA/CARD10/CD80/CDKN1A/EGFR/MST1R/PDGFA/PDGFB/PLAUR/SPHK1",11,"KO_heat_up","BP","no_iea",200,11390,187,3.35,TRUE,20,6,"positive regulation of protein phosphorylation",NA,NA,NA,NA,NA,NA,NA
"GO:0048858","cell projection morphogenesis","16/200","351/11390",0.0455840455840456,2.5960113960114,4.06038701857263,0.000461765598083119,0.0132054922669205,0.0108784366871069,"ACTBL2/ANO1/APLP1/ARHGEF25/EFNA2/GAP43/LZTS3/MYO16/NOTCH3/OPHN1/PAK1/PARD3/PLXNB2/RET/SEMA4A/TANC2",16,"KO_heat_up","BP","no_iea",200,11390,351,2.5960113960114,FALSE,18,8,"axonogenesis",NA,NA,NA,NA,NA,NA,NA
"GO:0051251","positive regulation of lymphocyte activation","12/200","219/11390",0.0547945205479452,3.12054794520548,4.23610658396851,0.000483440113291178,0.0135669098610012,0.0111761657179785,"ADAM8/CD40LG/CD70/CD80/GPR183/HSPH1/IL1A/IL2/IL23A/TNFSF11/TNFSF14/TNFSF9",12,"KO_heat_up","BP","no_iea",200,11390,219,3.12054794520548,FALSE,6,18,"regulation of cell activation",NA,NA,NA,NA,NA,NA,NA
"GO:0030099","myeloid cell differentiation","13/200","251/11390",0.051792828685259,2.9496015936255,4.17544128465878,0.0004847166578997,0.0135669098610012,0.0111761657179785,"ANXA2/BATF3/CALCA/CCL3/CSF2/EFNA2/EPHA2/GPR183/HSPA1A/IL23A/INHBA/TNFRSF11B/TNFSF11",13,"KO_heat_up","BP","no_iea",200,11390,251,2.9496015936255,FALSE,10,16,"osteoclast differentiation",NA,NA,NA,NA,NA,NA,NA
"GO:0061041","regulation of wound healing","7/200","80/11390",0.0875,4.983125,4.77947702072017,0.00049822282215347,0.0137981499482714,0.0113666569619279,"CLDN4/F3/HBEGF/PDGFA/PDGFB/PLAUR/SERPINE1",7,"KO_heat_up","BP","no_iea",200,11390,80,4.983125,TRUE,2,9,"inflammatory response",NA,NA,NA,NA,NA,NA,NA
"GO:0051047","positive regulation of secretion","10/200","160/11390",0.0625,3.559375,4.35859772345413,0.000516219828985643,0.0140017976294972,0.0115344180996358,"ADAM8/ANXA2/GRP/IL1A/ILDR1/INHBA/SDC1/SDC4/SPP1/TNFSF11",10,"KO_heat_up","BP","no_iea",200,11390,160,3.559375,FALSE,17,9,"positive regulation of secretion by cell",NA,NA,NA,NA,NA,NA,NA
"GO:0070372","regulation of ERK1 and ERK2 cascade","10/200","160/11390",0.0625,3.559375,4.35859772345413,0.000516219828985643,0.0140017976294972,0.0115344180996358,"CCL3/CCN1/EGFR/EPHA2/GPR183/IL1A/PDGFA/PDGFB/SPRY1/TNFSF11",10,"KO_heat_up","BP","no_iea",200,11390,160,3.559375,FALSE,4,23,"G protein-coupled receptor signaling pathway",NA,NA,NA,NA,NA,NA,NA
"GO:0009611","response to wounding","15/200","322/11390",0.046583850931677,2.65295031055901,4.02249867829434,0.00055517264902246,0.0147826934125244,0.0121777053897408,"ADORA2A/ANXA2/CD40LG/CLDN4/F3/GAP43/HBEGF/PAK1/PDGFA/PDGFB/PLAUR/PLEK/PPL/SERPINE1/TMEFF2",15,"KO_heat_up","BP","no_iea",200,11390,322,2.65295031055901,FALSE,2,9,"inflammatory response",NA,NA,NA,NA,NA,NA,NA
"GO:0032604","granulocyte macrophage colony-stimulating factor production","3/200","10/11390",0.3,17.085,6.80287804196475,0.000584340598594653,0.0147826934125244,0.0121777053897408,"CD80/IL17F/IL23A",3,"KO_heat_up","BP","no_iea",200,11390,10,17.085,TRUE,7,8,"positive regulation of cytokine production",NA,NA,NA,NA,NA,NA,NA
"GO:0032645","regulation of granulocyte macrophage colony-stimulating factor production","3/200","10/11390",0.3,17.085,6.80287804196475,0.000584340598594653,0.0147826934125244,0.0121777053897408,"CD80/IL17F/IL23A",3,"KO_heat_up","BP","no_iea",200,11390,10,17.085,TRUE,7,8,"positive regulation of cytokine production",NA,NA,NA,NA,NA,NA,NA
"GO:0045780","positive regulation of bone resorption","3/200","10/11390",0.3,17.085,6.80287804196475,0.000584340598594653,0.0147826934125244,0.0121777053897408,"ADAM8/SPP1/TNFSF11",3,"KO_heat_up","BP","no_iea",200,11390,10,17.085,TRUE,13,8,"regulation of coagulation",NA,NA,NA,NA,NA,NA,NA
"GO:0048245","eosinophil chemotaxis","3/200","10/11390",0.3,17.085,6.80287804196475,0.000584340598594653,0.0147826934125244,0.0121777053897408,"CCL22/CCL3/CCL4",3,"KO_heat_up","BP","no_iea",200,11390,10,17.085,FALSE,8,18,"positive regulation of cell motility",NA,NA,NA,NA,NA,NA,NA
"GO:0048520","positive regulation of behavior","3/200","10/11390",0.3,17.085,6.80287804196475,0.000584340598594653,0.0147826934125244,0.0121777053897408,"GRP/NR4A3/STRA6",3,"KO_heat_up","BP","no_iea",200,11390,10,17.085,TRUE,9,5,"positive regulation of locomotion",NA,NA,NA,NA,NA,NA,NA
"GO:0072497","mesenchymal stem cell differentiation","3/200","10/11390",0.3,17.085,6.80287804196475,0.000584340598594653,0.0147826934125244,0.0121777053897408,"LTBP3/SLC4A11/WNT3",3,"KO_heat_up","BP","no_iea",200,11390,10,17.085,TRUE,10,16,"osteoclast differentiation",NA,NA,NA,NA,NA,NA,NA
"GO:0006897","endocytosis","18/200","432/11390",0.0416666666666667,2.37291666666667,3.88922576011707,0.000599348270155541,0.0150179552264688,0.0123715096566442,"ADM/ADORA2A/ANXA2/BICD1/C3/CALCA/CLU/EHD2/EPN2/HAVCR1/MST1R/OPHN1/PAK1/PLXNB2/RAB34/SERPINE1/SPHK1/TGM2",18,"KO_heat_up","BP","no_iea",200,11390,432,2.37291666666667,TRUE,17,9,"positive regulation of secretion by cell",NA,NA,NA,NA,NA,NA,NA
"GO:0051897","positive regulation of phosphatidylinositol 3-kinase/protein kinase B signal transduction","9/200","135/11390",0.0666666666666667,3.79666666666667,4.36996130823723,0.000616080094097089,0.0152915729015985,0.0125969107621242,"ADAM8/CCL3/EGFR/FAM110C/HBEGF/MST1R/PDGFA/PDGFB/RET",9,"KO_heat_up","BP","no_iea",200,11390,135,3.79666666666667,TRUE,4,23,"G protein-coupled receptor signaling pathway",NA,NA,NA,NA,NA,NA,NA
"GO:0002274","myeloid leukocyte activation","9/200","137/11390",0.0656934306569343,3.74124087591241,4.31535048744729,0.000685234470206857,0.0168490830945256,0.0138799584275053,"BATF3/CCL3/CD200/CLU/CSF2/GRP/HAVCR1/NR4A3/SPHK1",9,"KO_heat_up","BP","no_iea",200,11390,137,3.74124087591241,FALSE,6,18,"regulation of cell activation",NA,NA,NA,NA,NA,NA,NA
"GO:0007188","adenylate cyclase-modulating G protein-coupled receptor signaling pathway","9/200","139/11390",0.0647482014388489,3.68741007194245,4.26175549033185,0.000760606339355802,0.0183677611844773,0.0151310169352612,"ADCY4/ADM/ADORA2A/ADORA2B/APLP1/ATP2B4/CALCA/PTGER2/S1PR3",9,"KO_heat_up","BP","no_iea",200,11390,139,3.68741007194245,FALSE,4,23,"G protein-coupled receptor signaling pathway",NA,NA,NA,NA,NA,NA,NA
"GO:0048812","neuron projection morphogenesis","15/200","332/11390",0.0451807228915663,2.5730421686747,3.8887843924826,0.000760960079478534,0.0183677611844773,0.0151310169352612,"ACTBL2/APLP1/ARHGEF25/EFNA2/GAP43/LZTS3/MYO16/NOTCH3/OPHN1/PAK1/PARD3/PLXNB2/RET/SEMA4A/TANC2",15,"KO_heat_up","BP","no_iea",200,11390,332,2.5730421686747,FALSE,18,8,"axonogenesis",NA,NA,NA,NA,NA,NA,NA
"GO:0033993","response to lipid","17/200","405/11390",0.0419753086419753,2.39049382716049,3.80924843029206,0.000783804324917017,0.0183860451117346,0.0151460788913808,"ALDH1A2/CCL3/CD200/CD80/EGFR/GFI1/HSPA1A/IL1A/IL1RN/ILDR1/NR4A1/PAK1/PTGER2/RET/SERPINE1/SPP1/WNT3",17,"KO_heat_up","BP","no_iea",200,11390,405,2.39049382716049,TRUE,15,5,"cytokine-mediated signaling pathway",NA,NA,NA,NA,NA,NA,NA
"GO:0072210","metanephric nephron development","3/200","11/11390",0.272727272727273,15.5318181818182,6.44624786180075,0.000793102536076665,0.0183860451117346,0.0151460788913808,"EGR1/PDGFB/RET",3,"KO_heat_up","BP","no_iea",200,11390,11,15.5318181818182,FALSE,3,23,"tube development",NA,NA,NA,NA,NA,NA,NA
"GO:0030193","regulation of blood coagulation","5/200","42/11390",0.119047619047619,6.77976190476191,5.01669480170124,0.000796658739162961,0.0183860451117346,0.0151460788913808,"F3/PDGFA/PDGFB/PLAUR/SERPINE1",5,"KO_heat_up","BP","no_iea",200,11390,42,6.77976190476191,TRUE,19,5,"regulation of body fluid levels",NA,NA,NA,NA,NA,NA,NA
"GO:0045670","regulation of osteoclast differentiation","5/200","42/11390",0.119047619047619,6.77976190476191,5.01669480170124,0.000796658739162961,0.0183860451117346,0.0151460788913808,"CALCA/CCL3/IL23A/TNFRSF11B/TNFSF11",5,"KO_heat_up","BP","no_iea",200,11390,42,6.77976190476191,TRUE,10,16,"osteoclast differentiation",NA,NA,NA,NA,NA,NA,NA
"GO:1902895","positive regulation of miRNA transcription","5/200","42/11390",0.119047619047619,6.77976190476191,5.01669480170124,0.000796658739162961,0.0183860451117346,0.0151460788913808,"EGFR/EGR1/FOSL1/NOTCH3/PDGFB",5,"KO_heat_up","BP","no_iea",200,11390,42,6.77976190476191,TRUE,16,7,"cyclic nucleotide metabolic process",NA,NA,NA,NA,NA,NA,NA
"GO:0042327","positive regulation of phosphorylation","11/200","202/11390",0.0544554455445545,3.10123762376238,4.02825890086776,0.000871607682275839,0.0198196508239288,0.0163270563709893,"C3/CALCA/CARD10/CD80/CDKN1A/EGFR/MST1R/PDGFA/PDGFB/PLAUR/SPHK1",11,"KO_heat_up","BP","no_iea",200,11390,202,3.10123762376238,TRUE,20,6,"positive regulation of protein phosphorylation",NA,NA,NA,NA,NA,NA,NA
"GO:0014910","regulation of smooth muscle cell migration","4/200","25/11390",0.16,9.112,5.42820170782164,0.000873842453658585,0.0198196508239288,0.0163270563709893,"NR4A3/PDGFA/PDGFB/SERPINE1",4,"KO_heat_up","BP","no_iea",200,11390,25,9.112,TRUE,8,18,"positive regulation of cell motility",NA,NA,NA,NA,NA,NA,NA
"GO:1900046","regulation of hemostasis","5/200","43/11390",0.116279069767442,6.62209302325581,4.9378111790645,0.000888788383313703,0.0199863439016953,0.0164643749999362,"F3/PDGFA/PDGFB/PLAUR/SERPINE1",5,"KO_heat_up","BP","no_iea",200,11390,43,6.62209302325581,TRUE,19,5,"regulation of body fluid levels",NA,NA,NA,NA,NA,NA,NA
"GO:0060284","regulation of cell development","18/200","448/11390",0.0401785714285714,2.28816964285714,3.71883117615566,0.0009131640487069,0.0203604628148123,0.01677256713905,"ADAM8/ANXA2/CALCA/CCL3/CD80/EGR2/HSPA1A/IL2/IL23A/INHBA/NPPC/PLXNB2/S1PR3/TGM2/TNFRSF11B/TNFSF11/TNFSF9/WNT3",18,"KO_heat_up","BP","no_iea",200,11390,448,2.28816964285714,TRUE,10,16,"osteoclast differentiation",NA,NA,NA,NA,NA,NA,NA
"GO:0050729","positive regulation of inflammatory response","8/200","115/11390",0.0695652173913043,3.96173913043478,4.26756553621596,0.000934017393651192,0.0206504181739184,0.017011426921962,"ADAM8/CAMK2N1/CCL3/IL2/IL23A/MAPK13/SERPINE1/TNFSF11",8,"KO_heat_up","BP","no_iea",200,11390,115,3.96173913043478,FALSE,2,9,"inflammatory response",NA,NA,NA,NA,NA,NA,NA
"GO:0061564","axon development","12/200","238/11390",0.0504201680672269,2.87142857142857,3.90057025721633,0.00100686085053982,0.0219679620074218,0.0180967948041695,"ACTBL2/APLP1/ARHGEF25/EFNA2/GAP43/NOTCH3/OPHN1/PAK1/PARD3/PLXNB2/RET/SEMA4A",12,"KO_heat_up","BP","no_iea",200,11390,238,2.87142857142857,TRUE,18,8,"axonogenesis",NA,NA,NA,NA,NA,NA,NA
"GO:0045124","regulation of bone resorption","4/200","26/11390",0.153846153846154,8.76153846153846,5.29677623623256,0.00101865882360527,0.0219679620074218,0.0180967948041695,"ADAM8/CALCA/SPP1/TNFSF11",4,"KO_heat_up","BP","no_iea",200,11390,26,8.76153846153846,FALSE,13,8,"regulation of coagulation",NA,NA,NA,NA,NA,NA,NA
"GO:0048247","lymphocyte chemotaxis","4/200","26/11390",0.153846153846154,8.76153846153846,5.29677623623256,0.00101865882360527,0.0219679620074218,0.0180967948041695,"ADAM8/CCL3/CCL4/GPR183",4,"KO_heat_up","BP","no_iea",200,11390,26,8.76153846153846,FALSE,8,18,"positive regulation of cell motility",NA,NA,NA,NA,NA,NA,NA
"GO:0048259","regulation of receptor-mediated endocytosis","6/200","66/11390",0.0909090909090909,5.17727272727273,4.54996042288889,0.00102928798242486,0.0220167209899172,0.0181369615388343,"ANXA2/BICD1/C3/CLU/OPHN1/SERPINE1",6,"KO_heat_up","BP","no_iea",200,11390,66,5.17727272727273,FALSE,17,9,"positive regulation of secretion by cell",NA,NA,NA,NA,NA,NA,NA
"GO:0071800","podosome assembly","3/200","12/11390",0.25,14.2375,6.13347193582872,0.00104383864678902,0.0221478990298541,0.018245023546168,"ASB2/CSF2/SH3PXD2B",3,"KO_heat_up","BP","no_iea",200,11390,12,14.2375,TRUE,21,1,"podosome assembly",NA,NA,NA,NA,NA,NA,NA
"GO:0050817","coagulation","9/200","146/11390",0.0616438356164384,3.51061643835616,4.08168164569409,0.00107946610892159,0.0227206026605816,0.0187168060485857,"ADORA2A/CD40LG/F3/PDGFA/PDGFB/PLAUR/PLEK/PROCR/SERPINE1",9,"KO_heat_up","BP","no_iea",200,11390,146,3.51061643835616,TRUE,11,8,"tissue remodeling",NA,NA,NA,NA,NA,NA,NA
"GO:0019730","antimicrobial humoral response","6/200","67/11390",0.0895522388059701,5.1,4.49969684624978,0.00111427558729731,0.0232671354776128,0.0191670295258576,"ADM/CALCA/CCL20/CCL22/CCL3/CCL4",6,"KO_heat_up","BP","no_iea",200,11390,67,5.1,FALSE,12,3,"humoral immune response",NA,NA,NA,NA,NA,NA,NA
"GO:0120039","plasma membrane bounded cell projection morphogenesis","15/200","346/11390",0.0433526011560694,2.46893063583815,3.70953001949258,0.00115562956335795,0.0239406407968091,0.0197218505673768,"ACTBL2/APLP1/ARHGEF25/EFNA2/GAP43/LZTS3/MYO16/NOTCH3/OPHN1/PAK1/PARD3/PLXNB2/RET/SEMA4A/TANC2",15,"KO_heat_up","BP","no_iea",200,11390,346,2.46893063583815,FALSE,18,8,"axonogenesis",NA,NA,NA,NA,NA,NA,NA
"GO:0070371","ERK1 and ERK2 cascade","10/200","178/11390",0.0561797752808989,3.19943820224719,3.95387533294741,0.00117649223446647,0.024182430225635,0.0199210321609084,"CCL3/CCN1/EGFR/EPHA2/GPR183/IL1A/PDGFA/PDGFB/SPRY1/TNFSF11",10,"KO_heat_up","BP","no_iea",200,11390,178,3.19943820224719,FALSE,4,23,"G protein-coupled receptor signaling pathway",NA,NA,NA,NA,NA,NA,NA
"GO:0043500","muscle adaptation","5/200","46/11390",0.108695652173913,6.19021739130435,4.71546044884711,0.00121297340893564,0.0247390158055013,0.0203795369155323,"ASB2/ATP2B4/GATM/NR4A3/PDGFB",5,"KO_heat_up","BP","no_iea",200,11390,46,6.19021739130435,TRUE,11,8,"tissue remodeling",NA,NA,NA,NA,NA,NA,NA
"GO:0050863","regulation of T cell activation","12/200","245/11390",0.0489795918367347,2.78938775510204,3.78521208448879,0.00129210458345506,0.026150208915925,0.021542051314445,"ADAM8/CD40LG/CD70/CD80/HSPH1/IL1A/IL2/IL23A/SDC4/TNFSF11/TNFSF14/TNFSF9",12,"KO_heat_up","BP","no_iea",200,11390,245,2.78938775510204,FALSE,6,18,"regulation of cell activation",NA,NA,NA,NA,NA,NA,NA
"GO:0070848","response to growth factor","16/200","387/11390",0.041343669250646,2.35452196382429,3.62433830175469,0.00130822976272874,0.026274446608697,0.0216443959940416,"ATP2B4/CCN1/EGFR/EGR3/EPHA2/EPN2/FAM83G/GDF6/HSPA1A/IL17F/ITGA3/LTBP3/NR4A1/PDGFB/SPHK1/SPRY1",16,"KO_heat_up","BP","no_iea",200,11390,387,2.35452196382429,FALSE,15,5,"cytokine-mediated signaling pathway",NA,NA,NA,NA,NA,NA,NA
"GO:2000401","regulation of lymphocyte migration","5/200","47/11390",0.106382978723404,6.05851063829787,4.64569165846889,0.00133829212393083,0.0266518544829515,0.0219552975176127,"ADAM8/CCL20/CCL3/CCL4/CD200",5,"KO_heat_up","BP","no_iea",200,11390,47,6.05851063829787,FALSE,8,18,"positive regulation of cell motility",NA,NA,NA,NA,NA,NA,NA
"GO:0002762","negative regulation of myeloid leukocyte differentiation","4/200","28/11390",0.142857142857143,8.13571428571429,5.05396030786194,0.00135741106070524,0.0266518544829515,0.0219552975176127,"CALCA/CCL3/INHBA/TNFRSF11B",4,"KO_heat_up","BP","no_iea",200,11390,28,8.13571428571429,FALSE,10,16,"osteoclast differentiation",NA,NA,NA,NA,NA,NA,NA
"GO:0050795","regulation of behavior","4/200","28/11390",0.142857142857143,8.13571428571429,5.05396030786194,0.00135741106070524,0.0266518544829515,0.0219552975176127,"CCL3/GRP/NR4A3/STRA6",4,"KO_heat_up","BP","no_iea",200,11390,28,8.13571428571429,FALSE,9,5,"positive regulation of locomotion",NA,NA,NA,NA,NA,NA,NA
"GO:0042110","T cell activation","15/200","352/11390",0.0426136363636364,2.42684659090909,3.6353494990376,0.00137133038537122,0.0267257055104569,0.0220161346080261,"ADAM8/CD40LG/CD70/CD80/EOMES/GPR183/HSPH1/IL1A/IL2/IL23A/KLRC1/SDC4/TNFSF11/TNFSF14/TNFSF9",15,"KO_heat_up","BP","no_iea",200,11390,352,2.42684659090909,FALSE,6,18,"regulation of cell activation",NA,NA,NA,NA,NA,NA,NA
"GO:0072678","T cell migration","5/200","48/11390",0.104166666666667,5.93229166666667,4.57791050808476,0.0014729136047212,0.0281634679293181,0.0232005363045734,"ADAM8/CCL20/CCL3/CD200/GPR183",5,"KO_heat_up","BP","no_iea",200,11390,48,5.93229166666667,FALSE,8,18,"positive regulation of cell motility",NA,NA,NA,NA,NA,NA,NA
"GO:2000630","positive regulation of miRNA metabolic process","5/200","48/11390",0.104166666666667,5.93229166666667,4.57791050808476,0.0014729136047212,0.0281634679293181,0.0232005363045734,"EGFR/EGR1/FOSL1/NOTCH3/PDGFB",5,"KO_heat_up","BP","no_iea",200,11390,48,5.93229166666667,TRUE,16,7,"cyclic nucleotide metabolic process",NA,NA,NA,NA,NA,NA,NA
"GO:0001822","kidney development","7/200","96/11390",0.0729166666666667,4.15260416666667,4.14690342156428,0.00147721724600756,0.0281634679293181,0.0232005363045734,"EGR1/GDF6/ITGA3/PDGFA/PDGFB/RET/STRA6",7,"KO_heat_up","BP","no_iea",200,11390,96,4.15260416666667,FALSE,3,23,"tube development",NA,NA,NA,NA,NA,NA,NA
"GO:0042325","regulation of phosphorylation","15/200","355/11390",0.0422535211267606,2.40633802816901,3.59882293310283,0.00149129573564435,0.0282273315142466,0.0232531459272375,"C3/CALCA/CARD10/CD80/CDKN1A/EGFR/GPRC5A/INHBA/MST1R/PARD3/PDGFA/PDGFB/PLAUR/PLXNB2/SPHK1",15,"KO_heat_up","BP","no_iea",200,11390,355,2.40633802816901,FALSE,20,6,"positive regulation of protein phosphorylation",NA,NA,NA,NA,NA,NA,NA
"GO:0000165","MAPK cascade","18/200","469/11390",0.0383795309168444,2.18571428571429,3.50572641691695,0.00153098155746715,0.0287715176978291,0.0237014362919163,"ADAM8/CCL3/CCN1/EGFR/EPHA2/GDF6/GPR183/IL1A/MAPK12/MAPK13/MST1R/PAK1/PDGFA/PDGFB/RET/SPHK1/SPRY1/TNFSF11",18,"KO_heat_up","BP","no_iea",200,11390,469,2.18571428571429,FALSE,4,23,"G protein-coupled receptor signaling pathway",NA,NA,NA,NA,NA,NA,NA
"GO:2000403","positive regulation of lymphocyte migration","4/200","29/11390",0.137931034482759,7.8551724137931,4.94142095080644,0.00155318922061902,0.0289581942421513,0.0238552169255594,"ADAM8/CCL20/CCL3/CCL4",4,"KO_heat_up","BP","no_iea",200,11390,29,7.8551724137931,FALSE,8,18,"positive regulation of cell motility",NA,NA,NA,NA,NA,NA,NA
"GO:1903034","regulation of response to wounding","7/200","97/11390",0.0721649484536082,4.10979381443299,4.11202313573384,0.0015689017935059,0.0289581942421513,0.0238552169255594,"CLDN4/F3/HBEGF/PDGFA/PDGFB/PLAUR/SERPINE1",7,"KO_heat_up","BP","no_iea",200,11390,97,4.10979381443299,FALSE,2,9,"inflammatory response",NA,NA,NA,NA,NA,NA,NA
"GO:0043408","regulation of MAPK cascade","16/200","394/11390",0.0406091370558376,2.31269035532995,3.54515959375041,0.00157393454071746,0.0289581942421513,0.0238552169255594,"ADAM8/CCL3/CCN1/EGFR/EPHA2/GDF6/GPR183/IL1A/MST1R/PAK1/PDGFA/PDGFB/RET/SPHK1/SPRY1/TNFSF11",16,"KO_heat_up","BP","no_iea",200,11390,394,2.31269035532995,FALSE,4,23,"G protein-coupled receptor signaling pathway",NA,NA,NA,NA,NA,NA,NA
"GO:0150076","neuroinflammatory response","5/200","49/11390",0.102040816326531,5.81122448979592,4.51201710327845,0.00161724848037598,0.02944456940563,0.0242558836568814,"CCL3/CD200/CLU/DAGLA/SPHK1",5,"KO_heat_up","BP","no_iea",200,11390,49,5.81122448979592,FALSE,2,9,"inflammatory response",NA,NA,NA,NA,NA,NA,NA
"GO:0007369","gastrulation","6/200","72/11390",0.0833333333333333,4.74583333333333,4.26258060436003,0.00162275277986178,0.02944456940563,0.0242558836568814,"EOMES/IL1RN/INHBA/ITGA3/KDM6B/NR4A3",6,"KO_heat_up","BP","no_iea",200,11390,72,4.74583333333333,TRUE,3,23,"tube development",NA,NA,NA,NA,NA,NA,NA
"GO:0050673","epithelial cell proliferation","10/200","186/11390",0.0537634408602151,3.06182795698925,3.79022591887233,0.00163685729691906,0.0294970653985894,0.0242991288706297,"AREG/CALCA/EGFR/EGR3/EPHA2/F3/NR4A1/NR4A3/PDGFB/TGM1",10,"KO_heat_up","BP","no_iea",200,11390,186,3.06182795698925,TRUE,1,12,"positive regulation of cell population proliferation",NA,NA,NA,NA,NA,NA,NA
"GO:0072001","renal system development","7/200","98/11390",0.0714285714285714,4.06785714285714,4.07760813146879,0.00166496125297019,0.0295399363084777,0.024334445121589,"EGR1/GDF6/ITGA3/PDGFA/PDGFB/RET/STRA6",7,"KO_heat_up","BP","no_iea",200,11390,98,4.06785714285714,FALSE,3,23,"tube development",NA,NA,NA,NA,NA,NA,NA
"GO:0009190","cyclic nucleotide biosynthetic process","3/200","14/11390",0.214285714285714,12.2035714285714,5.60748944194835,0.00168289447943089,0.0295399363084777,0.024334445121589,"ADCY4/NPPC/NPR3",3,"KO_heat_up","BP","no_iea",200,11390,14,12.2035714285714,FALSE,16,7,"cyclic nucleotide metabolic process",NA,NA,NA,NA,NA,NA,NA
"GO:0010755","regulation of plasminogen activation","3/200","14/11390",0.214285714285714,12.2035714285714,5.60748944194835,0.00168289447943089,0.0295399363084777,0.024334445121589,"ANXA2/PLAUR/SERPINE1",3,"KO_heat_up","BP","no_iea",200,11390,14,12.2035714285714,FALSE,7,8,"positive regulation of cytokine production",NA,NA,NA,NA,NA,NA,NA
"GO:0001932","regulation of protein phosphorylation","14/200","323/11390",0.043343653250774,2.46842105263158,3.57914802017231,0.00168414688189724,0.0295399363084777,0.024334445121589,"C3/CALCA/CARD10/CD80/CDKN1A/EGFR/GPRC5A/MST1R/PARD3/PDGFA/PDGFB/PLAUR/PLXNB2/SPHK1",14,"KO_heat_up","BP","no_iea",200,11390,323,2.46842105263158,FALSE,20,6,"positive regulation of protein phosphorylation",NA,NA,NA,NA,NA,NA,NA
"GO:0022603","regulation of anatomical structure morphogenesis","18/200","474/11390",0.0379746835443038,2.1626582278481,3.45662469024147,0.00172169021321987,0.0299984566290165,0.0247121655560803,"ATP2B4/CCL3/CLDN4/EPHA2/EPN2/F3/FASLG/HK2/IL17F/IL1A/LZTS3/PAK1/PDGFA/PLXNB2/SERPINE1/SPHK1/TANC2/TGM2",18,"KO_heat_up","BP","no_iea",200,11390,474,2.1626582278481,TRUE,10,16,"osteoclast differentiation",NA,NA,NA,NA,NA,NA,NA
"GO:0014909","smooth muscle cell migration","4/200","30/11390",0.133333333333333,7.59333333333333,4.83414023974294,0.00176778988384505,0.0302016570415346,0.0248795582422212,"NR4A3/PDGFA/PDGFB/SERPINE1",4,"KO_heat_up","BP","no_iea",200,11390,30,7.59333333333333,FALSE,8,18,"positive regulation of cell motility",NA,NA,NA,NA,NA,NA,NA
"GO:0046850","regulation of bone remodeling","4/200","30/11390",0.133333333333333,7.59333333333333,4.83414023974294,0.00176778988384505,0.0302016570415346,0.0248795582422212,"ADAM8/CALCA/SPP1/TNFSF11",4,"KO_heat_up","BP","no_iea",200,11390,30,7.59333333333333,FALSE,13,8,"regulation of coagulation",NA,NA,NA,NA,NA,NA,NA
"GO:0070613","regulation of protein processing","4/200","30/11390",0.133333333333333,7.59333333333333,4.83414023974294,0.00176778988384505,0.0302016570415346,0.0248795582422212,"ADAM8/ANXA2/PLAUR/SERPINE1",4,"KO_heat_up","BP","no_iea",200,11390,30,7.59333333333333,FALSE,7,8,"positive regulation of cytokine production",NA,NA,NA,NA,NA,NA,NA
"GO:0008544","epidermis development","8/200","129/11390",0.062015503875969,3.53178294573643,3.86612237815304,0.00195489743574258,0.0325247391850668,0.0267932697121577,"CLDN4/CRABP2/EPHA2/INHBA/LAMC2/PDGFA/SPINT1/TGM1",8,"KO_heat_up","BP","no_iea",200,11390,129,3.53178294573643,FALSE,3,23,"tube development",NA,NA,NA,NA,NA,NA,NA
"GO:0043588","skin development","7/200","101/11390",0.0693069306930693,3.9470297029703,3.97704233968812,0.00198080777143234,0.0325247391850668,0.0267932697121577,"CLDN4/EPHA2/INHBA/ITGA3/PDGFA/RIPK4/TGM1",7,"KO_heat_up","BP","no_iea",200,11390,101,3.9470297029703,FALSE,3,23,"tube development",NA,NA,NA,NA,NA,NA,NA
"GO:0007169","cell surface receptor protein tyrosine kinase signaling pathway","16/200","403/11390",0.0397022332506203,2.26104218362283,3.4457623900023,0.00198110867379315,0.0325247391850668,0.0267932697121577,"AREG/EFNA2/EGFR/EPHA2/EPN2/F3/GPRC5A/HBEGF/MST1R/NR4A3/PAK1/PDGFA/PDGFB/PLAUR/RET/SPRY1",16,"KO_heat_up","BP","no_iea",200,11390,403,2.26104218362283,FALSE,4,23,"G protein-coupled receptor signaling pathway",NA,NA,NA,NA,NA,NA,NA
"GO:0003073","regulation of systemic arterial blood pressure","4/200","31/11390",0.129032258064516,7.34838709677419,4.73169724166578,0.0020021210462331,0.0325247391850668,0.0267932697121577,"ADM/AVPR1A/CALCA/PDGFB",4,"KO_heat_up","BP","no_iea",200,11390,31,7.34838709677419,TRUE,11,8,"tissue remodeling",NA,NA,NA,NA,NA,NA,NA
"GO:0030195","negative regulation of blood coagulation","4/200","31/11390",0.129032258064516,7.34838709677419,4.73169724166578,0.0020021210462331,0.0325247391850668,0.0267932697121577,"PDGFA/PDGFB/PLAUR/SERPINE1",4,"KO_heat_up","BP","no_iea",200,11390,31,7.34838709677419,FALSE,19,5,"regulation of body fluid levels",NA,NA,NA,NA,NA,NA,NA
"GO:0045453","bone resorption","4/200","31/11390",0.129032258064516,7.34838709677419,4.73169724166578,0.0020021210462331,0.0325247391850668,0.0267932697121577,"ADAM8/CALCA/SPP1/TNFSF11",4,"KO_heat_up","BP","no_iea",200,11390,31,7.34838709677419,FALSE,13,8,"regulation of coagulation",NA,NA,NA,NA,NA,NA,NA
"GO:1900047","negative regulation of hemostasis","4/200","31/11390",0.129032258064516,7.34838709677419,4.73169724166578,0.0020021210462331,0.0325247391850668,0.0267932697121577,"PDGFA/PDGFB/PLAUR/SERPINE1",4,"KO_heat_up","BP","no_iea",200,11390,31,7.34838709677419,FALSE,19,5,"regulation of body fluid levels",NA,NA,NA,NA,NA,NA,NA
"GO:1903557","positive regulation of tumor necrosis factor superfamily cytokine production","6/200","75/11390",0.08,4.556,4.13054973616121,0.00200266353020936,0.0325247391850668,0.0267932697121577,"ADAM8/CCL3/CLU/IL17F/IL1A/IL23A",6,"KO_heat_up","BP","no_iea",200,11390,75,4.556,FALSE,7,8,"positive regulation of cytokine production",NA,NA,NA,NA,NA,NA,NA
"GO:0042104","positive regulation of activated T cell proliferation","3/200","15/11390",0.2,11.39,5.38304766631029,0.00207656937787912,0.0335181229030673,0.0276116005750928,"IL2/IL23A/TNFSF9",3,"KO_heat_up","BP","no_iea",200,11390,15,11.39,FALSE,6,18,"regulation of cell activation",NA,NA,NA,NA,NA,NA,NA
"GO:0035051","cardiocyte differentiation","5/200","52/11390",0.0961538461538462,5.47596153846154,4.32476528774839,0.00211268826423727,0.0336877746861106,0.0277513565299173,"ASB2/EGFR/KDM6B/NEB/SPRY1",5,"KO_heat_up","BP","no_iea",200,11390,52,5.47596153846154,FALSE,3,23,"tube development",NA,NA,NA,NA,NA,NA,NA
"GO:1905954","positive regulation of lipid localization","5/200","52/11390",0.0961538461538462,5.47596153846154,4.32476528774839,0.00211268826423727,0.0336877746861106,0.0277513565299173,"ANXA2/C3/FASLG/SPP1/TNFSF11",5,"KO_heat_up","BP","no_iea",200,11390,52,5.47596153846154,TRUE,9,5,"positive regulation of locomotion",NA,NA,NA,NA,NA,NA,NA
"GO:0048729","tissue morphogenesis","11/200","227/11390",0.0484581497797357,2.75969162995595,3.58015463795128,0.00222136290343227,0.0352072638489778,0.0290030831843186,"EOMES/EPHA2/ITGA3/KDM6B/OPHN1/PAK1/PDGFA/PLXNB2/RET/RIPK4/TMEFF2",11,"KO_heat_up","BP","no_iea",200,11390,227,2.75969162995595,TRUE,3,23,"tube development",NA,NA,NA,NA,NA,NA,NA
"GO:0048008","platelet-derived growth factor receptor signaling pathway","4/200","32/11390",0.125,7.11875,4.63371711788334,0.0022570825045414,0.0353475242229072,0.0291186270479369,"F3/NR4A3/PDGFA/PDGFB",4,"KO_heat_up","BP","no_iea",200,11390,32,7.11875,FALSE,4,23,"G protein-coupled receptor signaling pathway",NA,NA,NA,NA,NA,NA,NA
"GO:1903317","regulation of protein maturation","4/200","32/11390",0.125,7.11875,4.63371711788334,0.0022570825045414,0.0353475242229072,0.0291186270479369,"ADAM8/ANXA2/PLAUR/SERPINE1",4,"KO_heat_up","BP","no_iea",200,11390,32,7.11875,FALSE,7,8,"positive regulation of cytokine production",NA,NA,NA,NA,NA,NA,NA
"GO:0002761","regulation of myeloid leukocyte differentiation","6/200","77/11390",0.0779220779220779,4.43766233766234,4.04634059591593,0.00229094198039989,0.0356654931978231,0.0293805639217899,"CALCA/CCL3/IL23A/INHBA/TNFRSF11B/TNFSF11",6,"KO_heat_up","BP","no_iea",200,11390,77,4.43766233766234,FALSE,10,16,"osteoclast differentiation",NA,NA,NA,NA,NA,NA,NA
"GO:0061061","muscle structure development","13/200","298/11390",0.0436241610738255,2.48439597315436,3.4713285498201,0.00231558508262042,0.0358370844257314,0.0295219175548944,"ASB2/CD53/CTH/EGR2/EGR3/EHD2/HBEGF/KDM6B/MAPK12/NEB/PDGFB/SDC1/STRA6",13,"KO_heat_up","BP","no_iea",200,11390,298,2.48439597315436,TRUE,10,16,"osteoclast differentiation",NA,NA,NA,NA,NA,NA,NA
"GO:0007507","heart development","11/200","229/11390",0.0480349344978166,2.73558951965065,3.54695727444627,0.00237861741010559,0.0365973240116246,0.0301481886574787,"ASB2/CDKN1A/EGFR/GJA5/KDM6B/NEB/PDGFB/SH3PXD2B/SPRY1/STRA6/TP73",11,"KO_heat_up","BP","no_iea",200,11390,229,2.73558951965065,FALSE,3,23,"tube development",NA,NA,NA,NA,NA,NA,NA
"GO:0042692","muscle cell differentiation","9/200","164/11390",0.0548780487804878,3.12530487804878,3.66499507310287,0.00241414887387285,0.0369280563206945,0.0304206397264638,"ASB2/CD53/CTH/EHD2/KDM6B/MAPK12/NEB/PDGFB/SDC1",9,"KO_heat_up","BP","no_iea",200,11390,164,3.12530487804878,TRUE,10,16,"osteoclast differentiation",NA,NA,NA,NA,NA,NA,NA
"GO:0071363","cellular response to growth factor stimulus","15/200","374/11390",0.0401069518716578,2.28409090909091,3.37568846616224,0.00247386615910321,0.0376227853445118,0.0309929444575206,"ATP2B4/CCN1/EGFR/EGR3/EPN2/FAM83G/GDF6/HSPA1A/IL17F/ITGA3/LTBP3/NR4A1/PDGFB/SPHK1/SPRY1",15,"KO_heat_up","BP","no_iea",200,11390,374,2.28409090909091,FALSE,15,5,"cytokine-mediated signaling pathway",NA,NA,NA,NA,NA,NA,NA
"GO:0031639","plasminogen activation","3/200","16/11390",0.1875,10.678125,5.17889799895464,0.00252294280288549,0.0377672168053346,0.0311119243842381,"ANXA2/PLAUR/SERPINE1",3,"KO_heat_up","BP","no_iea",200,11390,16,10.678125,TRUE,7,8,"positive regulation of cytokine production",NA,NA,NA,NA,NA,NA,NA
"GO:0140353","lipid export from cell","3/200","16/11390",0.1875,10.678125,5.17889799895464,0.00252294280288549,0.0377672168053346,0.0311119243842381,"INHBA/SPP1/TNFSF11",3,"KO_heat_up","BP","no_iea",200,11390,16,10.678125,TRUE,17,9,"positive regulation of secretion by cell",NA,NA,NA,NA,NA,NA,NA
"GO:0003013","circulatory system process","13/200","301/11390",0.0431893687707641,2.45963455149502,3.43102547174489,0.00252642727394105,0.0377672168053346,0.0311119243842381,"ADM/ADORA2A/ADORA2B/ATP2B4/AVPR1A/CALCA/GJA5/NPR3/OLR1/PDGFB/SCN9A/SLC13A3/SLC2A1",13,"KO_heat_up","BP","no_iea",200,11390,301,2.45963455149502,TRUE,11,8,"tissue remodeling",NA,NA,NA,NA,NA,NA,NA
"GO:0032940","secretion by cell","17/200","453/11390",0.0375275938189845,2.13719646799117,3.30200896574198,0.0026075634637458,0.0387598840288995,0.0319296650125044,"ADAM8/ANXA2/BICD1/CCL3/CD200/GRP/IL1A/ILDR1/INHBA/NR4A3/PLEK/SDC1/SDC4/SPP1/SYT15/TGM2/TNFSF11",17,"KO_heat_up","BP","no_iea",200,11390,453,2.13719646799117,TRUE,17,9,"positive regulation of secretion by cell",NA,NA,NA,NA,NA,NA,NA
"GO:0046887","positive regulation of hormone secretion","5/200","55/11390",0.0909090909090909,5.17727272727273,4.15151072411471,0.00271060758467031,0.0400652166026269,0.0330049734880909,"GRP/ILDR1/INHBA/SPP1/TNFSF11",5,"KO_heat_up","BP","no_iea",200,11390,55,5.17727272727273,FALSE,17,9,"positive regulation of secretion by cell",NA,NA,NA,NA,NA,NA,NA
"GO:0046649","lymphocyte activation","18/200","495/11390",0.0363636363636364,2.07090909090909,3.25674937529916,0.00275733561380327,0.0405282122900358,0.0333863806458155,"ADAM8/C3/CD40LG/CD70/CD80/EOMES/GPR183/HSPH1/IL1A/IL2/IL23A/INHBA/KLRC1/LST1/SDC4/TNFSF11/TNFSF14/TNFSF9",18,"KO_heat_up","BP","no_iea",200,11390,495,2.07090909090909,FALSE,6,18,"regulation of cell activation",NA,NA,NA,NA,NA,NA,NA
"GO:0046903","secretion","18/200","496/11390",0.0362903225806452,2.06673387096774,3.24747628934669,0.0028174554953795,0.0411721809688777,0.0339168699573583,"ADAM8/ANO1/ANXA2/BICD1/CCL3/CD200/GRP/IL1A/ILDR1/INHBA/NR4A3/PLEK/SDC1/SDC4/SPP1/SYT15/TGM2/TNFSF11",18,"KO_heat_up","BP","no_iea",200,11390,496,2.06673387096774,FALSE,17,9,"positive regulation of secretion by cell",NA,NA,NA,NA,NA,NA,NA
"GO:0150077","regulation of neuroinflammatory response","4/200","34/11390",0.117647058823529,6.7,4.44983977143305,0.00283244574510333,0.0411721809688777,0.0339168699573583,"CCL3/CD200/DAGLA/SPHK1",4,"KO_heat_up","BP","no_iea",200,11390,34,6.7,FALSE,2,9,"inflammatory response",NA,NA,NA,NA,NA,NA,NA
"GO:0010562","positive regulation of phosphorus metabolic process","11/200","235/11390",0.0468085106382979,2.66574468085106,3.44945377908871,0.00290533874162809,0.0417701979738989,0.0344095051424345,"C3/CALCA/CARD10/CD80/CDKN1A/EGFR/MST1R/PDGFA/PDGFB/PLAUR/SPHK1",11,"KO_heat_up","BP","no_iea",200,11390,235,2.66574468085106,FALSE,20,6,"positive regulation of protein phosphorylation",NA,NA,NA,NA,NA,NA,NA
"GO:0045937","positive regulation of phosphate metabolic process","11/200","235/11390",0.0468085106382979,2.66574468085106,3.44945377908871,0.00290533874162809,0.0417701979738989,0.0344095051424345,"C3/CALCA/CARD10/CD80/CDKN1A/EGFR/MST1R/PDGFA/PDGFB/PLAUR/SPHK1",11,"KO_heat_up","BP","no_iea",200,11390,235,2.66574468085106,FALSE,20,6,"positive regulation of protein phosphorylation",NA,NA,NA,NA,NA,NA,NA
"GO:1902893","regulation of miRNA transcription","5/200","56/11390",0.0892857142857143,5.08482142857143,4.09654977516054,0.00293466392990604,0.0419625043455586,0.034567923522177,"EGFR/EGR1/FOSL1/NOTCH3/PDGFB",5,"KO_heat_up","BP","no_iea",200,11390,56,5.08482142857143,FALSE,16,7,"cyclic nucleotide metabolic process",NA,NA,NA,NA,NA,NA,NA
"GO:0007229","integrin-mediated signaling pathway","6/200","81/11390",0.0740740740740741,4.21851851851852,3.88623600188855,0.00296007378274148,0.0420970493102315,0.0346787591389172,"CCN1/CD40LG/ITGA3/PLEK/SERPINE1/TIMP1",6,"KO_heat_up","BP","no_iea",200,11390,81,4.21851851851852,FALSE,4,23,"G protein-coupled receptor signaling pathway",NA,NA,NA,NA,NA,NA,NA
"GO:0001707","mesoderm formation","3/200","17/11390",0.176470588235294,10.05,4.99204246881595,0.00302424811287028,0.0423233871540517,0.0348652120067185,"EOMES/ITGA3/KDM6B",3,"KO_heat_up","BP","no_iea",200,11390,17,10.05,TRUE,3,23,"tube development",NA,NA,NA,NA,NA,NA,NA
"GO:0045671","negative regulation of osteoclast differentiation","3/200","17/11390",0.176470588235294,10.05,4.99204246881595,0.00302424811287028,0.0423233871540517,0.0348652120067185,"CALCA/CCL3/TNFRSF11B",3,"KO_heat_up","BP","no_iea",200,11390,17,10.05,FALSE,10,16,"osteoclast differentiation",NA,NA,NA,NA,NA,NA,NA
"GO:0048332","mesoderm morphogenesis","3/200","17/11390",0.176470588235294,10.05,4.99204246881595,0.00302424811287028,0.0423233871540517,0.0348652120067185,"EOMES/ITGA3/KDM6B",3,"KO_heat_up","BP","no_iea",200,11390,17,10.05,FALSE,3,23,"tube development",NA,NA,NA,NA,NA,NA,NA
"GO:0030324","lung development","4/200","35/11390",0.114285714285714,6.50857142857143,4.36337148503127,0.00315459332287543,0.0438147425672853,0.0360937626061896,"ITGA3/PDGFA/STRA6/TP73",4,"KO_heat_up","BP","no_iea",200,11390,35,6.50857142857143,FALSE,3,23,"tube development",NA,NA,NA,NA,NA,NA,NA
"GO:0061614","miRNA transcription","5/200","57/11390",0.087719298245614,4.99561403508772,4.04288385014312,0.00317180399054136,0.0438147425672853,0.0360937626061896,"EGFR/EGR1/FOSL1/NOTCH3/PDGFB",5,"KO_heat_up","BP","no_iea",200,11390,57,4.99561403508772,TRUE,16,7,"cyclic nucleotide metabolic process",NA,NA,NA,NA,NA,NA,NA
"GO:0008015","blood circulation","11/200","238/11390",0.046218487394958,2.63214285714286,3.40183322051119,0.00320192880328266,0.0438147425672853,0.0360937626061896,"ADM/ADORA2A/ADORA2B/ATP2B4/AVPR1A/CALCA/GJA5/NPR3/OLR1/PDGFB/SCN9A",11,"KO_heat_up","BP","no_iea",200,11390,238,2.63214285714286,FALSE,11,8,"tissue remodeling",NA,NA,NA,NA,NA,NA,NA
"GO:0007411","axon guidance","7/200","110/11390",0.0636363636363636,3.62409090909091,3.69711892289918,0.00321198348769825,0.0438147425672853,0.0360937626061896,"ARHGEF25/EFNA2/GAP43/NOTCH3/OPHN1/RET/SEMA4A",7,"KO_heat_up","BP","no_iea",200,11390,110,3.62409090909091,FALSE,18,8,"axonogenesis",NA,NA,NA,NA,NA,NA,NA
"GO:0003012","muscle system process","10/200","204/11390",0.0490196078431373,2.79166666666667,3.45205448028738,0.00321408031755457,0.0438147425672853,0.0360937626061896,"ASB2/ATP2B4/GATM/GJA5/LTB4R/NPR3/NR4A3/PDGFB/SCN9A/SPHK1",10,"KO_heat_up","BP","no_iea",200,11390,204,2.79166666666667,FALSE,11,8,"tissue remodeling",NA,NA,NA,NA,NA,NA,NA
"GO:1902105","regulation of leukocyte differentiation","10/200","205/11390",0.0487804878048781,2.77804878048781,3.4343563756607,0.00332846963216561,0.0451402247537512,0.0371856699545795,"ADAM8/CALCA/CCL3/CD80/IL2/IL23A/INHBA/TNFRSF11B/TNFSF11/TNFSF9",10,"KO_heat_up","BP","no_iea",200,11390,205,2.77804878048781,FALSE,10,16,"osteoclast differentiation",NA,NA,NA,NA,NA,NA,NA
"GO:0097485","neuron projection guidance","7/200","111/11390",0.0630630630630631,3.59144144144144,3.66783965577398,0.00337836818380395,0.0455819830337857,0.0375495821346955,"ARHGEF25/EFNA2/GAP43/NOTCH3/OPHN1/RET/SEMA4A",7,"KO_heat_up","BP","no_iea",200,11390,111,3.59144144144144,FALSE,18,8,"axonogenesis",NA,NA,NA,NA,NA,NA,NA
"GO:0014812","muscle cell migration","4/200","36/11390",0.111111111111111,6.32777777777778,4.2802157282241,0.00350086029973739,0.0460538172430453,0.0379382703008383,"NR4A3/PDGFA/PDGFB/SERPINE1",4,"KO_heat_up","BP","no_iea",200,11390,36,6.32777777777778,FALSE,8,18,"positive regulation of cell motility",NA,NA,NA,NA,NA,NA,NA
"GO:0030323","respiratory tube development","4/200","36/11390",0.111111111111111,6.32777777777778,4.2802157282241,0.00350086029973739,0.0460538172430453,0.0379382703008383,"ITGA3/PDGFA/STRA6/TP73",4,"KO_heat_up","BP","no_iea",200,11390,36,6.32777777777778,FALSE,3,23,"tube development",NA,NA,NA,NA,NA,NA,NA
"GO:0048144","fibroblast proliferation","4/200","36/11390",0.111111111111111,6.32777777777778,4.2802157282241,0.00350086029973739,0.0460538172430453,0.0379382703008383,"CDKN1A/PDGFA/PDGFB/SPHK1",4,"KO_heat_up","BP","no_iea",200,11390,36,6.32777777777778,TRUE,1,12,"positive regulation of cell population proliferation",NA,NA,NA,NA,NA,NA,NA
"GO:0048145","regulation of fibroblast proliferation","4/200","36/11390",0.111111111111111,6.32777777777778,4.2802157282241,0.00350086029973739,0.0460538172430453,0.0379382703008383,"CDKN1A/PDGFA/PDGFB/SPHK1",4,"KO_heat_up","BP","no_iea",200,11390,36,6.32777777777778,FALSE,1,12,"positive regulation of cell population proliferation",NA,NA,NA,NA,NA,NA,NA
"GO:2000351","regulation of endothelial cell apoptotic process","4/200","36/11390",0.111111111111111,6.32777777777778,4.2802157282241,0.00350086029973739,0.0460538172430453,0.0379382703008383,"CD40LG/F3/FASLG/SERPINE1",4,"KO_heat_up","BP","no_iea",200,11390,36,6.32777777777778,TRUE,22,1,"regulation of endothelial cell apoptotic process",NA,NA,NA,NA,NA,NA,NA
"GO:1903131","mononuclear cell differentiation","13/200","315/11390",0.0412698412698413,2.35031746031746,3.24909226194021,0.00372940978125079,0.0488163041515962,0.0402139551693919,"ADAM8/BATF3/CALCA/CD80/CSF2/EOMES/GPR183/IL1A/IL2/IL23A/INHBA/KLRC1/TNFSF9",13,"KO_heat_up","BP","no_iea",200,11390,315,2.35031746031746,FALSE,10,16,"osteoclast differentiation",NA,NA,NA,NA,NA,NA,NA
"GO:0001525","angiogenesis","29/203","407/11888",0.0712530712530713,4.17269217269217,8.58430372593099,5.70306847368676e-11,1.89855149489032e-07,1.50561007705331e-07,"ADAM8/ADM/ANXA2/ATP2B4/BCAM/C3/CARD10/CCN1/EGR3/EPHA2/EPN2/F3/FASLG/GJA5/HK2/IL17F/IL1A/KLF5/NOTCH3/NPPC/NPR3/NR4A1/PDGFA/PDGFB/PLK2/SEMA4A/SERPINE1/SPHK1/TGM2",29,"KO_heat_up","BP","with_iea",203,11888,407,4.17269217269217,TRUE,1,58,"angiogenesis",13.1175,19,0.000499750124937531,0.18,6.5475,0.000499750124937531,0
"GO:0048514","blood vessel morphogenesis","30/203","463/11888",0.0647948164146868,3.79448658885614,8.08414720079664,2.64885336898667e-10,4.40901643267831e-07,3.4964864470624e-07,"ADAM8/ADM/ANXA2/ATP2B4/BCAM/C3/CARD10/CCN1/EGR3/EPHA2/EPN2/F3/FASLG/GJA5/HK2/IL17F/IL1A/KLF5/NOTCH3/NPPC/NPR3/NR4A1/PDGFA/PDGFB/PLK2/SEMA4A/SERPINE1/SPHK1/STRA6/TGM2",30,"KO_heat_up","BP","with_iea",203,11888,463,3.79448658885614,FALSE,1,58,"angiogenesis",15.269,21,0.000499750124937531,0.2485,7.5375,0.000499750124937531,0
"GO:0006935","chemotaxis","24/203","330/11888",0.0727272727272727,4.2590237348858,7.91357896309854,1.98134200631956e-09,1.64897188475945e-06,1.30768572417091e-06,"ADAM8/C3/CALCA/CCL20/CCL22/CCL3/CCL4/CCN1/EGR3/EPHA2/F3/FOSL1/GPR183/HBEGF/IL23A/NR4A1/PDGFA/PDGFB/PLAUR/SEMA4A/SERPINE1/TNFSF11/TNFSF14/WNT3",24,"KO_heat_up","BP","with_iea",203,11888,330,4.2590237348858,TRUE,2,4,"chemotaxis",10.5025,16,0.000499750124937531,0.1255,5.397,0.000499750124937531,0
"GO:0042330","taxis","24/203","330/11888",0.0727272727272727,4.2590237348858,7.91357896309854,1.98134200631956e-09,1.64897188475945e-06,1.30768572417091e-06,"ADAM8/C3/CALCA/CCL20/CCL22/CCL3/CCL4/CCN1/EGR3/EPHA2/F3/FOSL1/GPR183/HBEGF/IL23A/NR4A1/PDGFA/PDGFB/PLAUR/SEMA4A/SERPINE1/TNFSF11/TNFSF14/WNT3",24,"KO_heat_up","BP","with_iea",203,11888,330,4.2590237348858,FALSE,2,4,"chemotaxis",10.5025,16,0.000499750124937531,0.1255,5.397,0.000499750124937531,0
"GO:0048771","tissue remodeling","15/203","132/11888",0.113636363636364,6.65472458575907,8.61069936021739,6.79321649134421e-09,4.52292353993698e-06,3.58681830742975e-06,"ADAM8/CALCA/EFNA2/EPHA2/FOSL2/GJA5/IL1A/IL2/IL23A/LTBP3/NPPC/NPR3/SPP1/TIMP1/TNFSF11",15,"KO_heat_up","BP","with_iea",203,11888,132,6.65472458575907,TRUE,3,12,"tissue remodeling",4.733,8,0.000499750124937531,0.0552486187845304,2.035,0.000499750124937531,0
"GO:2000147","positive regulation of cell motility","27/203","455/11888",0.0593406593406593,3.47508255291506,7.09553386771346,1.49752268016219e-08,8.30875500376657e-06,6.58909979271365e-06,"ADAM8/CAVIN1/CCL20/CCL22/CCL3/CCL4/CCN1/CLDN4/CSF2/EGFR/EPHA2/F3/FAM110C/HBEGF/IL23A/ITGA3/LAMC2/NR4A3/PAK1/PDGFA/PDGFB/PLK2/RET/SEMA4A/SERPINE1/SPHK1/TNFSF14",27,"KO_heat_up","BP","with_iea",203,11888,455,3.47508255291506,TRUE,4,27,"positive regulation of cell motility",15.933,22,0.00299850074962519,0.335,7.459,0.000499750124937531,0
"GO:0040017","positive regulation of locomotion","27/203","465/11888",0.0580645161290323,3.40034959478786,6.95954229305811,2.36376283325087e-08,1.12413806741317e-05,8.9147626854033e-06,"ADAM8/CAVIN1/CCL20/CCL22/CCL3/CCL4/CCN1/CLDN4/CSF2/EGFR/EPHA2/F3/FAM110C/HBEGF/IL23A/ITGA3/LAMC2/NR4A3/PAK1/PDGFA/PDGFB/PLK2/RET/SEMA4A/SERPINE1/SPHK1/TNFSF14",27,"KO_heat_up","BP","with_iea",203,11888,465,3.40034959478786,TRUE,5,6,"positive regulation of locomotion",16.2785,22,0.00499750124937531,0.3405,7.642,0.000499750124937531,0
"GO:0030335","positive regulation of cell migration","26/203","441/11888",0.0589569160997732,3.45260994381332,6.91785938275882,3.24103780587943e-08,1.34867685697158e-05,1.06954247594021e-05,"ADAM8/CCL20/CCL22/CCL3/CCL4/CCN1/CLDN4/CSF2/EGFR/EPHA2/F3/FAM110C/HBEGF/IL23A/ITGA3/LAMC2/NR4A3/PAK1/PDGFA/PDGFB/PLK2/RET/SEMA4A/SERPINE1/SPHK1/TNFSF14",26,"KO_heat_up","BP","with_iea",203,11888,441,3.45260994381332,FALSE,4,27,"positive regulation of cell motility",15.582,21,0.00399800099950025,0.334,7.233,0.000499750124937531,0
"GO:0001819","positive regulation of cytokine production","25/203","415/11888",0.0602409638554217,3.52780580449878,6.90874320226637,4.00860910672937e-08,1.48273996847801e-05,1.17585867130728e-05,"ADAM8/ADORA2B/C3/CALCA/CCL3/CD200/CD40LG/CD80/CD83/CLU/CSF2/EGR1/F3/HSPA1A/IL17F/IL1A/IL2/IL23A/IL9/LTA/MAPK13/NR4A3/SERPINE1/SPHK1/UAP1",25,"KO_heat_up","BP","with_iea",203,11888,415,3.52780580449878,TRUE,6,9,"positive regulation of cytokine production",15.1495,21,0.00699650174912544,0.36,6.857,0.000499750124937531,0
"GO:0007200","phospholipase C-activating G protein-coupled receptor signaling pathway","11/203","84/11888",0.130952380952381,7.66877785596997,8.08427513168137,1.71668207482402e-07,5.71483462708916e-05,4.53204067753541e-05,"ADORA2A/ANO1/BICD1/CALCA/GAP43/GRP/IL2/LTB4R/PARD3/PLEK/TGM2",11,"KO_heat_up","BP","with_iea",203,11888,84,7.66877785596998,TRUE,7,26,"phospholipase C-activating G protein-coupled receptor signaling pathway",2.0975,5,0.000499750124937531,0.00507042253521127,1.2945,0.000499750124937531,0
"GO:0002694","regulation of leukocyte activation","26/203","493/11888",0.0527383367139959,3.08844013229549,6.24249376168975,2.94701735736997e-07,8.91874616607695e-05,7.07284165768794e-05,"ADAM8/ADORA2A/CCL3/CD200/CD40LG/CD70/CD80/CD83/CDKN1A/EGR3/GPR183/HAVCR1/HSPH1/IL1A/IL2/IL23A/INHBA/KLRC1/LST1/NR4A3/SDC4/SPHK1/TNFSF11/TNFSF14/TNFSF9/ZBTB46",26,"KO_heat_up","BP","with_iea",203,11888,493,3.08844013229549,TRUE,8,20,"regulation of leukocyte activation",18.202,24,0.0269865067466267,0.483,8.046,0.000499750124937531,0
"GO:0060326","cell chemotaxis","17/203","228/11888",0.0745614035087719,4.36643332469104,6.76484667102597,3.58554931303047e-07,9.94691138589869e-05,7.88820848866703e-05,"ADAM8/C3/CALCA/CCL20/CCL22/CCL3/CCL4/EGR3/EPHA2/GPR183/HBEGF/IL23A/NR4A1/PDGFB/SERPINE1/TNFSF11/TNFSF14",17,"KO_heat_up","BP","with_iea",203,11888,228,4.36643332469104,TRUE,4,27,"positive regulation of cell motility",7.504,12,0.000999500249875062,0.0935467733866933,3.754,0.000499750124937531,0
"GO:0048729","tissue morphogenesis","24/203","436/11888",0.055045871559633,3.22357301034935,6.23481771722969,4.05747459053844e-07,0.000103902560860788,8.23979455309346e-05,"ADM/ALDH1A2/AREG/ASB2/EGFR/EOMES/EPHA2/HBEGF/INHBA/ITGA3/KDM6B/NR4A3/OPHN1/PAK1/PDGFA/PLXNB2/RET/RIPK4/SDC4/SPINT1/SPRY1/TGM2/TMEFF2/WNT3",24,"KO_heat_up","BP","with_iea",203,11888,436,3.22357301034935,TRUE,1,58,"angiogenesis",14.615,20,0.00749625187406297,0.244,7.2225,0.000499750124937531,0
"GO:0019221","cytokine-mediated signaling pathway","23/203","424/11888",0.0542452830188679,3.17668928339065,6.01562936467758,9.2961206913204e-07,0.000221048469867183,0.000175298275893471,"CCL22/CCL3/CCL4/CD70/CSF2/EGR1/F3/FOSL1/GFI1/HSPA1A/IL17F/IL1A/IL1R2/IL1RN/IL2/IL3/IL9/INHBA/MST1R/PDGFB/SPHK1/TNFRSF11B/TNFSF11",23,"KO_heat_up","BP","with_iea",203,11888,424,3.17668928339065,TRUE,7,26,"phospholipase C-activating G protein-coupled receptor signaling pathway",13.671,19,0.00399800099950025,0.1955,7.129,0.000499750124937531,0
"GO:0050867","positive regulation of cell activation","20/203","333/11888",0.0600600600600601,3.51721179307386,6.140824581585,1.04846795824999e-06,0.000232689988867614,0.000184530360651998,"ADAM8/CCL3/CD200/CD40LG/CD70/CD80/CD83/CDKN1A/EGR3/GPR183/HAVCR1/HSPH1/IL1A/IL2/IL23A/NR4A3/PLEK/TNFSF11/TNFSF14/TNFSF9",20,"KO_heat_up","BP","with_iea",203,11888,333,3.51721179307386,FALSE,8,20,"regulation of leukocyte activation",12.946,18,0.0269865067466267,0.3405,5.4125,0.000499750124937531,0
"GO:0009611","response to wounding","23/203","443/11888",0.0519187358916479,3.04044301615719,5.76883645775294,1.9700720467089e-06,0.000374404168638136,0.000296914089878245,"ADORA2A/ANXA2/CD40LG/CDKN1A/CLDN4/F3/FOSL1/GAP43/HBEGF/IL1A/NPPC/PAK1/PDGFA/PDGFB/PLAUR/PLEK/PPL/PROCR/SDC4/SERPINE1/SPP1/TIMP1/TMEFF2",23,"KO_heat_up","BP","with_iea",203,11888,443,3.04044301615719,TRUE,9,6,"response to wounding",14.2175,20,0.00849575212393803,0.1975,7.2505,0.000499750124937531,0
"GO:0070661","leukocyte proliferation","18/203","287/11888",0.0627177700348432,3.67285147869072,6.04140365616466,2.01978736557456e-06,0.000374404168638136,0.000296914089878245,"CD40LG/CD70/CD80/CDKN1A/CLU/CSF2/FOSL2/GPR183/IL1A/IL2/IL23A/IL9/LST1/NPR3/SDC4/TNFSF11/TNFSF14/TNFSF9",18,"KO_heat_up","BP","with_iea",203,11888,287,3.67285147869072,TRUE,10,14,"leukocyte proliferation",10.81,16,0.0119940029985007,0.248,4.7385,0.000499750124937531,0
"GO:0002696","positive regulation of leukocyte activation","19/203","318/11888",0.059748427672956,3.49896210924188,5.9535546371963,2.13688170745707e-06,0.000374404168638136,0.000296914089878245,"ADAM8/CCL3/CD200/CD40LG/CD70/CD80/CD83/CDKN1A/EGR3/GPR183/HAVCR1/HSPH1/IL1A/IL2/IL23A/NR4A3/TNFSF11/TNFSF14/TNFSF9",19,"KO_heat_up","BP","with_iea",203,11888,318,3.49896210924187,FALSE,8,20,"regulation of leukocyte activation",12.5055,18,0.0339830084957521,0.331,5.168,0.000499750124937531,0
"GO:0050727","regulation of inflammatory response","19/203","318/11888",0.059748427672956,3.49896210924188,5.9535546371963,2.13688170745707e-06,0.000374404168638136,0.000296914089878245,"ADAM8/ADORA2A/ADORA2B/BCL6B/C3/CAMK2N1/CCL3/CD200/DAGLA/IER3/IL2/IL23A/LTA/MAPK13/PLK2/SERPINE1/SPHK1/TNFSF11/UACA",19,"KO_heat_up","BP","with_iea",203,11888,318,3.49896210924187,TRUE,11,13,"regulation of inflammatory response",11.089,16,0.0139930034982509,0.1745,5.309,0.000999500249875062,0.000504286434694907
"GO:0030316","osteoclast differentiation","10/203","96/11888",0.104166666666667,6.10016420361248,6.61295902829543,5.3155581466768e-06,0.000864429423985096,0.000685519278858713,"ANXA2/CALCA/CCL3/EFNA2/EPHA2/FOSL2/GPR183/IL23A/TNFRSF11B/TNFSF11",10,"KO_heat_up","BP","with_iea",203,11888,96,6.10016420361248,TRUE,12,28,"osteoclast differentiation",3.0025,6,0.000999500249875062,0.0248833592534992,1.508,0.000499750124937531,0
"GO:0045765","regulation of angiogenesis","15/203","222/11888",0.0675675675675676,3.9568632672081,5.8616048145189,6.05432339067494e-06,0.000864429423985096,0.000685519278858713,"ADM/ATP2B4/C3/EPHA2/EPN2/F3/FASLG/HK2/IL17F/IL1A/PLK2/SEMA4A/SERPINE1/SPHK1/TGM2",15,"KO_heat_up","BP","with_iea",203,11888,222,3.9568632672081,FALSE,1,58,"angiogenesis",7.67,12,0.00699650174912544,0.1075,3.616,0.000499750124937531,0
"GO:0050878","regulation of body fluid levels","17/203","280/11888",0.0607142857142857,3.55552427867699,5.70361390619784,6.07005406451132e-06,0.000864429423985096,0.000685519278858713,"ADM/ADORA2A/ANO1/ANXA2/CD40LG/F3/FOSL2/GJA5/HK2/NPR3/PDGFA/PDGFB/PLAUR/PLEK/PROCR/SERPINE1/TP73",17,"KO_heat_up","BP","with_iea",203,11888,280,3.55552427867699,TRUE,13,9,"regulation of body fluid levels",8.2345,13,0.00349825087456272,0.056,4.51,0.000499750124937531,0
"GO:0042060","wound healing","19/203","342/11888",0.0555555555555556,3.25342090859332,5.57326107915236,6.18008897734477e-06,0.000864429423985096,0.000685519278858713,"ADORA2A/ANXA2/CD40LG/CDKN1A/CLDN4/F3/HBEGF/IL1A/PAK1/PDGFA/PDGFB/PLAUR/PLEK/PPL/PROCR/SDC4/SERPINE1/TIMP1/TMEFF2",19,"KO_heat_up","BP","with_iea",203,11888,342,3.25342090859332,FALSE,9,6,"response to wounding",10.696,16,0.00699650174912544,0.1055,5.5255,0.000499750124937531,0
"GO:0045785","positive regulation of cell adhesion","21/203","407/11888",0.0515970515970516,3.02160467677709,5.46982424219599,6.23199344417011e-06,0.000864429423985096,0.000685519278858713,"ADAM8/CCN1/CD40LG/CD70/CD80/CD83/EGR3/HSPH1/IL1A/IL2/IL23A/ITGA3/NR4A3/PDGFB/PLAUR/RET/SDC4/TGM2/TNFSF11/TNFSF14/TNFSF9",21,"KO_heat_up","BP","with_iea",203,11888,407,3.02160467677709,TRUE,14,6,"positive regulation of cell adhesion",15.003,21,0.055472263868066,0.359,6.662,0.000499750124937531,0
"GO:0071674","mononuclear cell migration","13/203","170/11888",0.0764705882352941,4.47823819182846,6.02042049092128,6.77177762626315e-06,0.000901729908713201,0.000715099717333389,"ADAM8/ASB2/CALCA/CCL20/CCL3/CCL4/CD200/GPR183/PDGFB/RET/SERPINE1/TNFSF11/TNFSF14",13,"KO_heat_up","BP","with_iea",203,11888,170,4.47823819182846,TRUE,4,27,"positive regulation of cell motility",6.092,10,0.00399800099950025,0.0786179268903355,2.775,0.000499750124937531,0
"GO:0006959","humoral immune response","12/203","146/11888",0.0821917808219178,4.81328024832985,6.11046000363949,7.38088194115678e-06,0.000945036768542728,0.000749443397102074,"ADM/C3/CALCA/CCL20/CCL22/CCL3/CCL4/CD83/CLU/GPR183/IL17F/LTA",12,"KO_heat_up","BP","with_iea",203,11888,146,4.81328024832985,TRUE,15,7,"humoral immune response",3.9665,7,0.000499750124937531,0.0177484787018256,2.375,0.000499750124937531,0
"GO:1901342","regulation of vasculature development","15/203","227/11888",0.066079295154185,3.86970768863523,5.75376982337495,7.93168813123315e-06,0.000977947769958339,0.000775542839498353,"ADM/ATP2B4/C3/EPHA2/EPN2/F3/FASLG/HK2/IL17F/IL1A/PLK2/SEMA4A/SERPINE1/SPHK1/TGM2",15,"KO_heat_up","BP","with_iea",203,11888,227,3.86970768863523,FALSE,1,58,"angiogenesis",7.884,12,0.00849575212393803,0.111,3.706,0.000499750124937531,0
"GO:0050900","leukocyte migration","17/203","287/11888",0.0592334494773519,3.46880417431901,5.58019878171139,8.41931231525546e-06,0.00100099609633877,0.000793820875438372,"ADAM8/ASB2/C3/CALCA/CCL20/CCL22/CCL3/CCL4/CD200/GPR183/IL23A/ITGA3/PDGFB/RET/SERPINE1/TNFSF11/TNFSF14",17,"KO_heat_up","BP","with_iea",203,11888,287,3.46880417431901,FALSE,4,27,"positive regulation of cell motility",9.7995,15,0.015992003998001,0.143,4.77,0.000499750124937531,0
"GO:2001233","regulation of apoptotic signaling pathway","18/203","322/11888",0.0559006211180124,3.27362849187651,5.45162076116246,1.0072876042672e-05,0.0011562967015881,0.000916979060436346,"ADORA2A/CD40LG/CLU/CSF2/CTH/FASLG/HSPA1A/IER3/IL1A/INHBA/LTA/NR4A2/PLAUR/RET/SERPINE1/TNFSF11/TNFSF14/TP73",18,"KO_heat_up","BP","with_iea",203,11888,322,3.27362849187651,TRUE,7,26,"phospholipase C-activating G protein-coupled receptor signaling pathway",10.923,16,0.0249875062468766,0.179,5.2875,0.000499750124937531,0
"GO:0001501","skeletal system development","19/203","356/11888",0.0533707865168539,3.12547738971606,5.36659675222146,1.09587002616775e-05,0.00121605043903748,0.000964365623027618,"ANXA2/CCN1/COL27A1/CSGALNACT1/EPHA2/FOSL2/GDF6/GJA5/IL17F/LTBP3/NAB2/NPPC/NPR3/PDGFA/SH3PXD2B/TGM2/TIMP1/TNFRSF11B/TNFSF11",19,"KO_heat_up","BP","with_iea",203,11888,356,3.12547738971606,TRUE,1,58,"angiogenesis",10.4415,16,0.00749625187406297,0.0825,5.8685,0.000499750124937531,0
"GO:0007409","axonogenesis","18/203","327/11888",0.055045871559633,3.22357301034935,5.37399628199164,1.24257324434149e-05,0.00133436333239124,0.00105819140808437,"ACTBL2/APLP1/ARHGEF25/CRABP2/EFNA2/EGR2/GAP43/NOTCH3/NR4A2/NR4A3/OPHN1/PAK1/PARD3/PLXNB2/RET/SEMA4A/SPP1/WNT3",18,"KO_heat_up","BP","with_iea",203,11888,327,3.22357301034935,TRUE,16,9,"axonogenesis",9.819,15,0.00849575212393803,0.0855,5.372,0.000499750124937531,0
"GO:0010720","positive regulation of cell development","19/203","360/11888",0.0527777777777778,3.09074986316366,5.30940843516702,1.28325482149851e-05,0.00133498603149017,0.00105868522773627,"ADAM8/CALCA/CD80/CD83/CRABP2/EGR2/EGR3/IL2/IL23A/LTA/PAK1/PLXNB2/SPINT1/TGM2/TNFSF11/TNFSF9/TP73/WNT3/ZBTB46",19,"KO_heat_up","BP","with_iea",203,11888,360,3.09074986316366,TRUE,17,8,"positive regulation of cell development",13.9465,19,0.0784607696151924,0.385,5.9125,0.000499750124937531,0
"GO:0002573","myeloid leukocyte differentiation","14/203","209/11888",0.0669856459330144,3.92278501897377,5.61871467209876,1.37441944547532e-05,0.00138649767696586,0.00109953555638025,"ANXA2/BATF3/CALCA/CCL3/CSF2/EFNA2/EPHA2/FOSL2/GPR183/IL23A/INHBA/TNFRSF11B/TNFSF11/ZBTB46",14,"KO_heat_up","BP","with_iea",203,11888,209,3.92278501897377,FALSE,12,28,"osteoclast differentiation",7.367,12,0.0164917541229385,0.104052026013007,3.4155,0.000499750124937531,0
"GO:0048858","cell projection morphogenesis","23/203","500/11888",0.046,2.69383251231527,5.10036820281312,1.45419955786804e-05,0.00142383244945374,0.0011291431861093,"ACTBL2/ADORA2A/ANO1/APLP1/ARHGEF25/CRABP2/EFNA2/EGR2/GAP43/LZTS3/MYO16/NOTCH3/NR4A2/NR4A3/OPHN1/PAK1/PARD3/PLXNB2/RET/SEMA4A/SPP1/TANC2/WNT3",23,"KO_heat_up","BP","with_iea",203,11888,500,2.69383251231527,FALSE,16,9,"axonogenesis",14.336,20,0.00999500249875063,0.117,8.34,0.000499750124937531,0
"GO:0045744","negative regulation of G protein-coupled receptor signaling pathway","7/203","48/11888",0.145833333333333,8.54022988505747,6.89920653490289,1.55268060015445e-05,0.00147682106226119,0.00117116479554507,"ADM/APLP1/ATP2B4/BICD1/CALCA/PLEK/SERPINE1",7,"KO_heat_up","BP","with_iea",203,11888,48,8.54022988505747,TRUE,7,26,"phospholipase C-activating G protein-coupled receptor signaling pathway",1.329,3,0.000999500249875062,0.0100334448160535,0.694,0.000499750124937531,0
"GO:0001707","mesoderm formation","7/203","49/11888",0.142857142857143,8.36593947923997,6.80986445831356,1.78549663618605e-05,0.00162513553777366,0.0012887827635093,"EOMES/EPHA2/INHBA/ITGA3/KDM6B/NR4A3/WNT3",7,"KO_heat_up","BP","with_iea",203,11888,49,8.36593947923997,TRUE,1,58,"angiogenesis",1.772,4,0.00299850074962519,0.0256563245823389,0.748,0.000499750124937531,0
"GO:2001236","regulation of extrinsic apoptotic signaling pathway","11/203","134/11888",0.082089552238806,4.80729358135431,5.84178695531889,1.80624857006986e-05,0.00162513553777366,0.0012887827635093,"CD40LG/CSF2/FASLG/HSPA1A/IL1A/INHBA/LTA/RET/SERPINE1/TNFSF11/TNFSF14",11,"KO_heat_up","BP","with_iea",203,11888,134,4.80729358135431,FALSE,7,26,"phospholipase C-activating G protein-coupled receptor signaling pathway",4.6155,8,0.00449775112443778,0.0590015128593041,2.163,0.000499750124937531,0
"GO:0048332","mesoderm morphogenesis","7/203","50/11888",0.14,8.19862068965517,6.72302794699967,2.04640643621293e-05,0.00177284665252938,0.00140592224772532,"EOMES/EPHA2/INHBA/ITGA3/KDM6B/NR4A3/WNT3",7,"KO_heat_up","BP","with_iea",203,11888,50,8.19862068965517,FALSE,1,58,"angiogenesis",1.803,4,0.00299850074962519,0.0255648038049941,0.7665,0.000499750124937531,0
"GO:0050729","positive regulation of inflammatory response","11/203","136/11888",0.0808823529411765,4.73659808751087,5.77643302038281,2.07693059323058e-05,0.00177284665252938,0.00140592224772532,"ADAM8/ADORA2B/C3/CAMK2N1/CCL3/IL2/IL23A/LTA/MAPK13/SERPINE1/TNFSF11",11,"KO_heat_up","BP","with_iea",203,11888,136,4.73659808751087,FALSE,11,13,"regulation of inflammatory response",4.8355,9,0.0109945027486257,0.0733668341708543,2.269,0.000499750124937531,0
"GO:2001238","positive regulation of extrinsic apoptotic signaling pathway","7/203","51/11888",0.137254901960784,8.03786342123056,6.63857537635204,2.33798593097488e-05,0.00193938144277905,0.00153798948901673,"CD40LG/FASLG/INHBA/LTA/RET/TNFSF11/TNFSF14",7,"KO_heat_up","BP","with_iea",203,11888,51,8.03786342123056,FALSE,7,26,"phospholipase C-activating G protein-coupled receptor signaling pathway",1.6645,4,0.00199900049975012,0.0176613885505481,0.768,0.000499750124937531,0
"GO:0048812","neuron projection morphogenesis","22/203","480/11888",0.0458333333333333,2.68407224958949,4.96416689379005,2.38854428218507e-05,0.00193938144277905,0.00153798948901673,"ACTBL2/ADORA2A/APLP1/ARHGEF25/CRABP2/EFNA2/EGR2/GAP43/LZTS3/MYO16/NOTCH3/NR4A2/NR4A3/OPHN1/PAK1/PARD3/PLXNB2/RET/SEMA4A/SPP1/TANC2/WNT3",22,"KO_heat_up","BP","with_iea",203,11888,480,2.68407224958949,FALSE,16,9,"axonogenesis",13.8655,20,0.0139930034982509,0.12,8.0035,0.000499750124937531,0
"GO:0008277","regulation of G protein-coupled receptor signaling pathway","10/203","115/11888",0.0869565217391304,5.09231098736346,5.81224308923883,2.65205836502831e-05,0.00205353535395164,0.00162851707252398,"ADM/APLP1/ATP2B4/BICD1/C3/CALCA/GRP/PLEK/RGS16/SERPINE1",10,"KO_heat_up","BP","with_iea",203,11888,115,5.09231098736346,FALSE,7,26,"phospholipase C-activating G protein-coupled receptor signaling pathway",3.1135,6,0.000999500249875062,0.00520833333333333,1.833,0.000499750124937531,0
"GO:0007159","leukocyte cell-cell adhesion","18/203","346/11888",0.0520231213872832,3.04655599533016,5.09202981786647,2.65250886812618e-05,0.00205353535395164,0.00162851707252398,"ADAM8/ADORA2A/CALCA/CD40LG/CD70/CD80/CD83/EGR3/HSPH1/IL1A/IL2/IL23A/NR4A3/OLR1/SDC4/TNFSF11/TNFSF14/TNFSF9",18,"KO_heat_up","BP","with_iea",203,11888,346,3.04655599533016,TRUE,14,6,"positive regulation of cell adhesion",13.2535,18,0.087456271864068,0.341,5.6575,0.000499750124937531,0
"GO:0050819","negative regulation of coagulation","6/203","36/11888",0.166666666666667,9.76026272577997,6.93812870723014,2.9254165214391e-05,0.00221334354542517,0.00175524991286346,"ANXA2/PDGFA/PDGFB/PLAUR/PROCR/SERPINE1",6,"KO_heat_up","BP","with_iea",203,11888,36,9.76026272577997,TRUE,3,12,"tissue remodeling",0.975,3,0.000499750124937531,0.003147128245476,0.524,0.000499750124937531,0
"GO:0030595","leukocyte chemotaxis","12/203","169/11888",0.0710059171597633,4.15821843938555,5.45016978807267,3.23456250553213e-05,0.00236467383612797,0.00187525951558361,"ADAM8/C3/CALCA/CCL22/CCL3/CCL4/GPR183/IL23A/PDGFB/SERPINE1/TNFSF11/TNFSF14",12,"KO_heat_up","BP","with_iea",203,11888,169,4.15821843938555,FALSE,4,27,"positive regulation of cell motility",5.7285,10,0.00749625187406297,0.0656970912738215,2.7895,0.000499750124937531,0
"GO:0034103","regulation of tissue remodeling","7/203","54/11888",0.12962962962963,7.59131545338442,6.39842356686095,3.42492740213121e-05,0.00236467383612797,0.00187525951558361,"ADAM8/CALCA/IL2/IL23A/LTBP3/SPP1/TNFSF11",7,"KO_heat_up","BP","with_iea",203,11888,54,7.59131545338442,TRUE,3,12,"tissue remodeling",1.913,4,0.00299850074962519,0.0232693426410704,0.8455,0.000499750124937531,0
"GO:0050818","regulation of coagulation","7/203","54/11888",0.12962962962963,7.59131545338442,6.39842356686095,3.42492740213121e-05,0.00236467383612797,0.00187525951558361,"ANXA2/F3/PDGFA/PDGFB/PLAUR/PROCR/SERPINE1",7,"KO_heat_up","BP","with_iea",203,11888,54,7.59131545338442,FALSE,3,12,"tissue remodeling",1.557,4,0.000499750124937531,0.0068407960199005,0.798,0.000499750124937531,0
"GO:0061844","antimicrobial humoral immune response mediated by antimicrobial peptide","7/203","54/11888",0.12962962962963,7.59131545338442,6.39842356686095,3.42492740213121e-05,0.00236467383612797,0.00187525951558361,"ADM/CALCA/CCL20/CCL22/CCL3/CCL4/IL17F",7,"KO_heat_up","BP","with_iea",203,11888,54,7.59131545338442,TRUE,15,7,"humoral immune response",1.2195,3,0.000999500249875062,0.00352360817477097,0.8965,0.000499750124937531,0
"GO:0097191","extrinsic apoptotic signaling pathway","13/203","199/11888",0.0653266331658292,3.82563061613486,5.29813522189395,3.65034055468452e-05,0.00236467383612797,0.00187525951558361,"CD40LG/CD70/CSF2/FASLG/HSPA1A/IL1A/IL2/INHBA/LTA/RET/SERPINE1/TNFSF11/TNFSF14",13,"KO_heat_up","BP","with_iea",203,11888,199,3.82563061613486,FALSE,7,26,"phospholipase C-activating G protein-coupled receptor signaling pathway",6.7535,11,0.0154922538730635,0.0895,3.2785,0.000499750124937531,0
"GO:0045780","positive regulation of bone resorption","4/203","12/11888",0.333333333333333,19.5205254515599,8.46016093432386,3.67018172408926e-05,0.00236467383612797,0.00187525951558361,"ADAM8/LTBP3/SPP1/TNFSF11",4,"KO_heat_up","BP","with_iea",203,11888,12,19.5205254515599,TRUE,3,12,"tissue remodeling",0.2705,1,0.000499750124937531,0.00407331975560081,0.138,0.000499750124937531,0
"GO:0072677","eosinophil migration","4/203","12/11888",0.333333333333333,19.5205254515599,8.46016093432386,3.67018172408926e-05,0.00236467383612797,0.00187525951558361,"ADAM8/CCL22/CCL3/CCL4",4,"KO_heat_up","BP","with_iea",203,11888,12,19.5205254515599,FALSE,4,27,"positive regulation of cell motility",0.266,1,0.000499750124937531,0.00626304801670146,0.159,0.000499750124937531,0
"GO:0048598","embryonic morphogenesis","20/203","423/11888",0.0472813238770686,2.7688688583773,4.88257116719119,3.69369298524045e-05,0.00236467383612797,0.00187525951558361,"ADM/ALDH1A2/ASB2/CCN1/CRABP2/EOMES/EPHA2/GJA5/IL1RN/INHBA/ITGA3/KDM6B/NR4A3/PLXNB2/RET/SDC4/SPINT1/STRA6/TTC39C/WNT3",20,"KO_heat_up","BP","with_iea",203,11888,423,2.7688688583773,FALSE,1,58,"angiogenesis",13.5505,19,0.0399800099950025,0.189,7.0525,0.000499750124937531,0
"GO:0120039","plasma membrane bounded cell projection morphogenesis","22/203","495/11888",0.0444444444444444,2.60273672687466,4.8008212010912,3.81118127424271e-05,0.0023938532947083,0.00189839972905674,"ACTBL2/ADORA2A/APLP1/ARHGEF25/CRABP2/EFNA2/EGR2/GAP43/LZTS3/MYO16/NOTCH3/NR4A2/NR4A3/OPHN1/PAK1/PARD3/PLXNB2/RET/SEMA4A/SPP1/TANC2/WNT3",22,"KO_heat_up","BP","with_iea",203,11888,495,2.60273672687466,FALSE,16,9,"axonogenesis",14.242,20,0.0189905047476262,0.1185,8.2745,0.000499750124937531,0
"GO:0044057","regulation of system process","18/203","358/11888",0.0502793296089385,2.94443679995597,4.92368752748631,4.15606473619487e-05,0.00256213694570236,0.00203185387102861,"ADM/ADORA2B/ATP2B4/AVPR1A/CALCA/CCL3/EGR2/GJA5/GRP/HBEGF/INHBA/NPR3/NR4A3/PAK1/PARD3/PDGFB/SPHK1/SPP1",18,"KO_heat_up","BP","with_iea",203,11888,358,2.94443679995597,TRUE,3,12,"tissue remodeling",11.792,17,0.0444777611194403,0.164,5.8985,0.000499750124937531,0
"GO:1903131","mononuclear cell differentiation","21/203","463/11888",0.0453563714902808,2.6561406121993,4.79103551529903,4.30432169251957e-05,0.00260528852989048,0.00206607441240939,"ADAM8/BATF3/CALCA/CD40LG/CD80/CD83/CSF2/EGR1/EGR3/EOMES/FOSL2/GPR183/IL1A/IL2/IL23A/IL9/INHBA/KLRC1/SEMA4A/TNFSF9/ZBTB46",21,"KO_heat_up","BP","with_iea",203,11888,463,2.6561406121993,FALSE,12,28,"osteoclast differentiation",16.809,23,0.138430784607696,0.4085,7.614,0.000499750124937531,0
"GO:0002009","morphogenesis of an epithelium","18/203","362/11888",0.0497237569060773,2.91190158669679,4.86911804132994,4.80405673657554e-05,0.00285584015643928,0.00226476960438561,"ADM/ALDH1A2/AREG/ASB2/EGFR/EPHA2/HBEGF/OPHN1/PAK1/PDGFA/PLXNB2/RET/RIPK4/SDC4/SPINT1/SPRY1/TGM2/TMEFF2",18,"KO_heat_up","BP","with_iea",203,11888,362,2.91190158669679,FALSE,1,58,"angiogenesis",12.383,18,0.056471764117941,0.202,6.0165,0.000499750124937531,0
"GO:2001235","positive regulation of apoptotic signaling pathway","10/203","124/11888",0.0806451612903226,4.72270777053869,5.49239891156403,5.08284184613142e-05,0.00296855798346868,0.00235415832873455,"ADORA2A/CD40LG/CLU/FASLG/INHBA/LTA/RET/TNFSF11/TNFSF14/TP73",10,"KO_heat_up","BP","with_iea",203,11888,124,4.72270777053869,FALSE,7,26,"phospholipase C-activating G protein-coupled receptor signaling pathway",4.2315,8,0.00749625187406297,0.047040971168437,2.015,0.000499750124937531,0
"GO:0048667","cell morphogenesis involved in neuron differentiation","20/203","435/11888",0.0459770114942529,2.69248626918068,4.74001748916548,5.46797799335467e-05,0.00313843081722029,0.00248887274180281,"ACTBL2/APLP1/ARHGEF25/CRABP2/EFNA2/EGR2/GAP43/LZTS3/NOTCH3/NR4A2/NR4A3/OPHN1/PAK1/PARD3/PLXNB2/RET/SEMA4A/SPP1/TANC2/WNT3",20,"KO_heat_up","BP","with_iea",203,11888,435,2.69248626918068,TRUE,16,9,"axonogenesis",12.871,18,0.0269865067466267,0.117,7.2585,0.000499750124937531,0
"GO:0030900","forebrain development","15/203","268/11888",0.0559701492537313,3.27770016910521,4.97085023891176,5.57682771533596e-05,0.00314665414650058,0.00249539409635372,"ALDH1A2/APLP1/ATP2B4/AVPR1A/EFNA2/EGFR/EOMES/INHBA/KDM6B/NOTCH3/NR4A2/NR4A3/OPHN1/SLC2A1/TP73",15,"KO_heat_up","BP","with_iea",203,11888,268,3.27770016910521,TRUE,1,58,"angiogenesis",8.558,13,0.0169915042478761,0.092,4.4285,0.000499750124937531,0
"GO:0048568","embryonic organ development","16/203","301/11888",0.053156146179402,3.11290771320557,4.89382082582166,5.83616357962764e-05,0.00321026407520129,0.00254583873791871,"ADM/ALDH1A2/ASB2/CCN1/CSF2/EGFR/EOMES/EPHA2/GJA5/IL3/NR4A3/PDGFA/PDGFB/SPINT1/STRA6/TTC39C",16,"KO_heat_up","BP","with_iea",203,11888,301,3.11290771320557,TRUE,1,58,"angiogenesis",9.4815,15,0.0334832583708146,0.1055,5.055,0.000499750124937531,0
"GO:0061564","axon development","18/203","368/11888",0.0489130434782609,2.86442493039195,4.78864192240227,5.94463177973649e-05,0.00321026407520129,0.00254583873791871,"ACTBL2/APLP1/ARHGEF25/CRABP2/EFNA2/EGR2/GAP43/NOTCH3/NR4A2/NR4A3/OPHN1/PAK1/PARD3/PLXNB2/RET/SEMA4A/SPP1/WNT3",18,"KO_heat_up","BP","with_iea",203,11888,368,2.86442493039195,TRUE,16,9,"axonogenesis",10.9995,16,0.0219890054972514,0.102,6.136,0.000499750124937531,0
"GO:0051249","regulation of lymphocyte activation","20/203","438/11888",0.045662100456621,2.67404458240547,4.7051245437436,6.01617499409937e-05,0.00321026407520129,0.00254583873791871,"ADAM8/ADORA2A/CD40LG/CD70/CD80/CD83/CDKN1A/EGR3/GPR183/HSPH1/IL1A/IL2/IL23A/INHBA/KLRC1/LST1/SDC4/TNFSF11/TNFSF14/TNFSF9",20,"KO_heat_up","BP","with_iea",203,11888,438,2.67404458240547,FALSE,8,20,"regulation of leukocyte activation",16.55,22,0.19240379810095,0.4415,7.157,0.000499750124937531,0
"GO:0008544","epidermis development","14/203","239/11888",0.0585774058577406,3.43038522579714,5.00264328234381,6.07529698821511e-05,0.00321026407520129,0.00254583873791871,"CDKN1A/CLDN4/CRABP2/EGFR/EPHA2/FOSL2/INHBA/IRF6/LAMC2/NAB2/PDGFA/PPL/SPINT1/TGM1",14,"KO_heat_up","BP","with_iea",203,11888,239,3.43038522579714,FALSE,1,58,"angiogenesis",7.277,12,0.0134932533733133,0.053,3.95,0.000999500249875062,0
"GO:1903039","positive regulation of leukocyte cell-cell adhesion","14/203","241/11888",0.0580912863070539,3.4019172986121,4.96511515491244,6.64782037828752e-05,0.003423795173262,0.0027151755053805,"ADAM8/CD40LG/CD70/CD80/CD83/EGR3/HSPH1/IL1A/IL2/IL23A/NR4A3/TNFSF11/TNFSF14/TNFSF9",14,"KO_heat_up","BP","with_iea",203,11888,241,3.4019172986121,FALSE,14,6,"positive regulation of cell adhesion",9.6095,14,0.079960019990005,0.238,3.9115,0.000499750124937531,0
"GO:0022407","regulation of cell-cell adhesion","19/203","406/11888",0.0467980295566502,2.74056638113034,4.70342938777539,6.68509120642925e-05,0.003423795173262,0.0027151755053805,"ADAM8/ADORA2A/CD40LG/CD70/CD80/CD83/EGR3/EPCAM/HSPH1/IL1A/IL1RN/IL2/IL23A/NR4A3/PLAUR/SDC4/TNFSF11/TNFSF14/TNFSF9",19,"KO_heat_up","BP","with_iea",203,11888,406,2.74056638113034,FALSE,14,6,"positive regulation of cell adhesion",15.2095,21,0.16391804097951,0.3935,6.6835,0.000499750124937531,0
"GO:0048520","positive regulation of behavior","4/203","14/11888",0.285714285714286,16.7318789584799,7.76275507395142,7.2252428578259e-05,0.00364436870813673,0.00289009714313036,"ADORA2A/GRP/NR4A3/STRA6",4,"KO_heat_up","BP","with_iea",203,11888,14,16.7318789584799,TRUE,5,6,"positive regulation of locomotion",0.3045,1,0.000499750124937531,0.00952380952380952,0.1825,0.000499750124937531,0
"GO:0022409","positive regulation of cell-cell adhesion","15/203","275/11888",0.0545454545454545,3.19426780116435,4.85236605719023,7.47043468453692e-05,0.0036668604253087,0.00290793377074646,"ADAM8/CD40LG/CD70/CD80/CD83/EGR3/HSPH1/IL1A/IL2/IL23A/NR4A3/PLAUR/TNFSF11/TNFSF14/TNFSF9",15,"KO_heat_up","BP","with_iea",203,11888,275,3.19426780116435,FALSE,14,6,"positive regulation of cell adhesion",10.6085,15,0.0869565217391304,0.2405,4.504,0.000499750124937531,0
"GO:0043068","positive regulation of programmed cell death","20/203","445/11888",0.0449438202247191,2.63198095976089,4.62482108138274,7.4901324398015e-05,0.0036668604253087,0.00290793377074646,"ADAM8/ADORA2A/ALDH1A2/CCL3/CCN1/CD40LG/CDKN1A/CLU/F3/FASLG/GZMA/INHBA/LTA/NR4A1/NR4A3/RET/TGM2/TNFSF11/TNFSF14/TP73",20,"KO_heat_up","BP","with_iea",203,11888,445,2.63198095976089,TRUE,7,26,"phospholipase C-activating G protein-coupled receptor signaling pathway",14.6475,21,0.0839580209895052,0.2375,7.4655,0.000499750124937531,0
"GO:0016525","negative regulation of angiogenesis","8/203","84/11888",0.0952380952380952,5.57729298615998,5.5488571755777,9.03706894861712e-05,0.00429777178999234,0.00340826600347846,"ATP2B4/EPHA2/EPN2/FASLG/IL17F/PLK2/SEMA4A/SERPINE1",8,"KO_heat_up","BP","with_iea",203,11888,84,5.57729298615998,FALSE,1,58,"angiogenesis",2.8135,6,0.00599700149925037,0.018848167539267,1.3175,0.000499750124937531,0
"GO:2000181","negative regulation of blood vessel morphogenesis","8/203","84/11888",0.0952380952380952,5.57729298615998,5.5488571755777,9.03706894861712e-05,0.00429777178999234,0.00340826600347846,"ATP2B4/EPHA2/EPN2/FASLG/IL17F/PLK2/SEMA4A/SERPINE1",8,"KO_heat_up","BP","with_iea",203,11888,84,5.57729298615998,FALSE,1,58,"angiogenesis",2.8135,6,0.00599700149925037,0.018848167539267,1.3175,0.000499750124937531,0
"GO:0046849","bone remodeling","7/203","63/11888",0.111111111111111,6.50684181718665,5.77619828980971,9.39829738021197e-05,0.00431578554060788,0.00342255146506603,"ADAM8/CALCA/EFNA2/EPHA2/LTBP3/SPP1/TNFSF11",7,"KO_heat_up","BP","with_iea",203,11888,63,6.50684181718664,FALSE,3,12,"tissue remodeling",1.983,4,0.000999500249875062,0.0108882521489971,0.9945,0.000499750124937531,0
"GO:0048146","positive regulation of fibroblast proliferation","6/203","44/11888",0.136363636363636,7.98566950291088,6.11864090583309,9.46387336931136e-05,0.00431578554060788,0.00342255146506603,"CDKN1A/EGFR/FOSL2/PDGFA/PDGFB/SPHK1",6,"KO_heat_up","BP","with_iea",203,11888,44,7.98566950291088,TRUE,10,14,"leukocyte proliferation",1.5105,4,0.00299850074962519,0.0165710643722116,0.6575,0.000499750124937531,0
"GO:0050795","regulation of behavior","6/203","44/11888",0.136363636363636,7.98566950291088,6.11864090583309,9.46387336931136e-05,0.00431578554060788,0.00342255146506603,"ADORA2A/CCL3/CSF2/GRP/NR4A3/STRA6",6,"KO_heat_up","BP","with_iea",203,11888,44,7.98566950291088,FALSE,5,6,"positive regulation of locomotion",1.288,3,0.000999500249875062,0.008,0.672,0.000499750124937531,0
"GO:1901343","negative regulation of vasculature development","8/203","85/11888",0.0941176470588235,5.5116777745581,5.50200683890965,9.83186667593815e-05,0.00442301137354028,0.00350758486817253,"ATP2B4/EPHA2/EPN2/FASLG/IL17F/PLK2/SEMA4A/SERPINE1",8,"KO_heat_up","BP","with_iea",203,11888,85,5.5116777745581,FALSE,1,58,"angiogenesis",2.8265,6,0.00599700149925037,0.0193514644351464,1.3315,0.000499750124937531,0
"GO:0001822","kidney development","13/203","220/11888",0.0590909090909091,3.46045678459472,4.85510541273636,0.000102237910053435,0.00453689761989664,0.0035979001851989,"ALDH1A2/EGR1/EPCAM/GDF6/ITGA3/NOTCH3/PDGFA/PDGFB/RET/SDC4/SPRY1/STRA6/TP73",13,"KO_heat_up","BP","with_iea",203,11888,220,3.46045678459472,FALSE,1,58,"angiogenesis",7.3635,12,0.0309845077461269,0.092,3.568,0.000499750124937531,0
"GO:0060348","bone development","11/203","162/11888",0.0679012345679012,3.97640333272517,5.02740805274923,0.000103575914422392,0.00453689761989664,0.0035979001851989,"ANXA2/COL27A1/CSGALNACT1/FOSL2/LTBP3/NAB2/NPPC/PDGFA/SH3PXD2B/TGM2/TNFSF11",11,"KO_heat_up","BP","with_iea",203,11888,162,3.97640333272517,FALSE,1,58,"angiogenesis",4.861,9,0.00699650174912544,0.03727959697733,2.6235,0.000499750124937531,0
"GO:0042110","T cell activation","21/203","493/11888",0.0425963488843813,2.49450933762328,4.46719303686527,0.000105542493023316,0.00456299947109893,0.0036185997607994,"ADAM8/ADORA2A/CD40LG/CD70/CD80/CD83/EGR1/EGR3/EOMES/FOSL2/GPR183/HSPH1/IL1A/IL2/IL23A/KLRC1/SDC4/SEMA4A/TNFSF11/TNFSF14/TNFSF9",21,"KO_heat_up","BP","with_iea",203,11888,493,2.49450933762328,TRUE,8,20,"regulation of leukocyte activation",17.885,24,0.225387306346827,0.4335,8.1725,0.000499750124937531,0
"GO:0007189","adenylate cyclase-activating G protein-coupled receptor signaling pathway","9/203","110/11888",0.0818181818181818,4.79140170174653,5.26538534340213,0.000108364710620908,0.00462495027765388,0.00366772866716919,"ADCY4/ADM/ADORA2A/ADORA2B/APLP1/ATP2B4/CALCA/PTGER2/S1PR3",9,"KO_heat_up","BP","with_iea",203,11888,110,4.79140170174653,FALSE,7,26,"phospholipase C-activating G protein-coupled receptor signaling pathway",2.693,5,0.00149925037481259,0.00429645542427497,1.7965,0.000499750124937531,0
"GO:1903037","regulation of leukocyte cell-cell adhesion","16/203","318/11888",0.050314465408805,2.94649440778263,4.6373495479876,0.00011139523461288,0.00465101913250925,0.00368840207564567,"ADAM8/ADORA2A/CD40LG/CD70/CD80/CD83/EGR3/HSPH1/IL1A/IL2/IL23A/NR4A3/SDC4/TNFSF11/TNFSF14/TNFSF9",16,"KO_heat_up","BP","with_iea",203,11888,318,2.94649440778263,FALSE,14,6,"positive regulation of cell adhesion",12.425,18,0.155422288855572,0.3305,5.217,0.000499750124937531,0
"GO:0046651","lymphocyte proliferation","14/203","253/11888",0.0553359683794466,3.24056153741311,4.74792374330907,0.000111769759868051,0.00465101913250925,0.00368840207564567,"CD40LG/CD70/CD80/CDKN1A/FOSL2/GPR183/IL1A/IL2/IL23A/IL9/LST1/SDC4/TNFSF14/TNFSF9",14,"KO_heat_up","BP","with_iea",203,11888,253,3.24056153741311,TRUE,8,20,"regulation of leukocyte activation",9.68,14,0.0939530234882559,0.2255,4.189,0.000499750124937531,0
"GO:0050870","positive regulation of T cell activation","13/203","223/11888",0.0582959641255605,3.41390355430869,4.79622740337319,0.000117167302666975,0.00477233410616004,0.003784608603263,"ADAM8/CD40LG/CD70/CD80/CD83/EGR3/HSPH1/IL1A/IL2/IL23A/TNFSF11/TNFSF14/TNFSF9",13,"KO_heat_up","BP","with_iea",203,11888,223,3.41390355430869,FALSE,8,20,"regulation of leukocyte activation",9.0775,14,0.0989505247376312,0.239,3.6015,0.000499750124937531,0
"GO:0045124","regulation of bone resorption","5/203","29/11888",0.172413793103448,10.0968235094276,6.46449382970555,0.000117552236919532,0.00477233410616004,0.003784608603263,"ADAM8/CALCA/LTBP3/SPP1/TNFSF11",5,"KO_heat_up","BP","with_iea",203,11888,29,10.0968235094276,FALSE,3,12,"tissue remodeling",0.928,3,0.000999500249875062,0.0130505709624796,0.4335,0.000499750124937531,0
"GO:0070665","positive regulation of leukocyte proliferation","10/203","138/11888",0.072463768115942,4.24359248946955,5.05145732018272,0.000125243768310276,0.00501723164866634,0.00397881993165489,"CD40LG/CD70/CD80/CDKN1A/CSF2/GPR183/IL1A/IL2/IL23A/TNFSF9",10,"KO_heat_up","BP","with_iea",203,11888,138,4.24359248946955,TRUE,10,14,"leukocyte proliferation",5.48,9,0.0369815092453773,0.105817452357071,2.299,0.000499750124937531,0
"GO:0042063","gliogenesis","14/203","256/11888",0.0546875,3.20258620689655,4.69564756381877,0.000126598816007201,0.00501723164866634,0.00397881993165489,"ADORA2A/ANO1/AREG/CCL3/CLU/EGR2/EOMES/GAP43/GPR183/LTA/NAB2/PARD3/SPINT1/TP73",14,"KO_heat_up","BP","with_iea",203,11888,256,3.20258620689655,TRUE,12,28,"osteoclast differentiation",8.9795,14,0.0579710144927536,0.152,4.2255,0.000499750124937531,0
"GO:1903532","positive regulation of secretion by cell","13/203","225/11888",0.0577777777777778,3.38355774493705,4.75753060706197,0.00012813533173379,0.00501838258049162,0.00397973265620242,"ADAM8/ADORA2A/ADORA2B/ANXA2/AVPR1A/GRP/IL1A/ILDR1/INHBA/SDC1/SDC4/SPP1/TNFSF11",13,"KO_heat_up","BP","with_iea",203,11888,225,3.38355774493706,TRUE,18,6,"positive regulation of secretion by cell",7.9145,12,0.0424787606196902,0.119,3.704,0.000999500249875062,0
"GO:0072676","lymphocyte migration","8/203","89/11888",0.0898876404494382,5.26396191952178,5.3217627846687,0.000136131997635132,0.00524971348769687,0.00416318522304588,"ADAM8/CCL20/CCL3/CCL4/CD200/GPR183/RET/TNFSF14",8,"KO_heat_up","BP","with_iea",203,11888,89,5.26396191952178,FALSE,4,27,"positive regulation of cell motility",3.037,6,0.00749625187406297,0.0214659685863874,1.414,0.000499750124937531,0
"GO:0032943","mononuclear cell proliferation","14/203","258/11888",0.0542635658914729,3.17775995723069,4.66122208703062,0.000137407620845808,0.00524971348769687,0.00416318522304588,"CD40LG/CD70/CD80/CDKN1A/FOSL2/GPR183/IL1A/IL2/IL23A/IL9/LST1/SDC4/TNFSF14/TNFSF9",14,"KO_heat_up","BP","with_iea",203,11888,258,3.17775995723069,FALSE,10,14,"leukocyte proliferation",9.873,15,0.103448275862069,0.238,4.2805,0.000499750124937531,0
"GO:0072001","renal system development","13/203","227/11888",0.0572687224669604,3.35374666348387,4.71926690577452,0.00013997845518176,0.00524971348769687,0.00416318522304588,"ALDH1A2/EGR1/EPCAM/GDF6/ITGA3/NOTCH3/PDGFA/PDGFB/RET/SDC4/SPRY1/STRA6/TP73",13,"KO_heat_up","BP","with_iea",203,11888,227,3.35374666348387,FALSE,1,58,"angiogenesis",7.595,12,0.0359820089955022,0.0925,3.6855,0.000499750124937531,0
"GO:0051251","positive regulation of lymphocyte activation","15/203","291/11888",0.0515463917525773,3.01863795642679,4.59517327985617,0.000140349804867835,0.00524971348769687,0.00416318522304588,"ADAM8/CD40LG/CD70/CD80/CD83/CDKN1A/EGR3/GPR183/HSPH1/IL1A/IL2/IL23A/TNFSF11/TNFSF14/TNFSF9",15,"KO_heat_up","BP","with_iea",203,11888,291,3.01863795642679,FALSE,8,20,"regulation of leukocyte activation",11.674,17,0.158420789605197,0.3185,4.747,0.000499750124937531,0
"GO:0043065","positive regulation of apoptotic process","19/203","430/11888",0.0441860465116279,2.58760453660213,4.41969135660511,0.000142286637208508,0.00526302461407914,0.00417374135811623,"ADAM8/ADORA2A/ALDH1A2/CCL3/CCN1/CD40LG/CLU/F3/FASLG/GZMA/INHBA/LTA/NR4A1/NR4A3/RET/TGM2/TNFSF11/TNFSF14/TP73",19,"KO_heat_up","BP","with_iea",203,11888,430,2.58760453660213,FALSE,7,26,"phospholipase C-activating G protein-coupled receptor signaling pathway",14.11,20,0.101949025487256,0.218,7.2255,0.000499750124937531,0
"GO:0001656","metanephros development","6/203","48/11888",0.125,7.32019704433498,5.78289328241316,0.000155452789078407,0.00568683884441776,0.00450983915568125,"EGR1/GDF6/PDGFA/PDGFB/RET/SPRY1",6,"KO_heat_up","BP","with_iea",203,11888,48,7.32019704433498,FALSE,1,58,"angiogenesis",1.7725,4,0.00749625187406297,0.02263251935676,0.7175,0.000499750124937531,0
"GO:0001890","placenta development","9/203","116/11888",0.0775862068965517,4.5435705792424,5.05492535814214,0.000162937318150458,0.00585584657981225,0.00464386751898598,"ADM/CCN1/CSF2/EGFR/EOMES/FOSL1/PDGFB/SPINT1/SPP1",9,"KO_heat_up","BP","with_iea",203,11888,116,4.5435705792424,TRUE,1,58,"angiogenesis",3.7165,7,0.0164917541229385,0.0286591606960082,1.8665,0.000499750124937531,0
"GO:0048247","lymphocyte chemotaxis","5/203","31/11888",0.161290322580645,9.44541554107739,6.20560676700903,0.000163590787600643,0.00585584657981225,0.00464386751898598,"ADAM8/CCL3/CCL4/GPR183/TNFSF14",5,"KO_heat_up","BP","with_iea",203,11888,31,9.44541554107739,FALSE,4,27,"positive regulation of cell motility",1.0135,3,0.00299850074962519,0.0092378752886836,0.4725,0.000499750124937531,0
"GO:0001892","embryonic placenta development","7/203","69/11888",0.101449275362319,5.94102948525737,5.42527074791325,0.0001681130102071,0.00595370437212166,0.00472147177602919,"ADM/CCN1/CSF2/EGFR/EOMES/PDGFB/SPINT1",7,"KO_heat_up","BP","with_iea",203,11888,69,5.94102948525737,FALSE,1,58,"angiogenesis",2.2775,5,0.00999500249875063,0.0299168975069252,1.073,0.000499750124937531,0
"GO:0061041","regulation of wound healing","8/203","92/11888",0.0869565217391304,5.09231098736346,5.19355760903375,0.00017175882152351,0.00595609496720587,0.00472336759189652,"ANXA2/CLDN4/F3/HBEGF/PDGFA/PDGFB/PLAUR/SERPINE1",8,"KO_heat_up","BP","with_iea",203,11888,92,5.09231098736346,TRUE,11,13,"regulation of inflammatory response",3.1125,6,0.00999500249875063,0.0262751159196291,1.436,0.000499750124937531,0
"GO:1990823","response to leukemia inhibitory factor","8/203","92/11888",0.0869565217391304,5.09231098736346,5.19355760903375,0.00017175882152351,0.00595609496720587,0.00472336759189652,"BSPRY/CTH/FOSL2/GFPT2/HK2/ILDR1/KLF5/TNFSF11",8,"KO_heat_up","BP","with_iea",203,11888,92,5.09231098736346,TRUE,19,3,"response to leukemia inhibitory factor",2.131,5,0.000999500249875062,0.00283607487237663,1.4215,0.000499750124937531,0
"GO:0043588","skin development","12/203","203/11888",0.0591133004926108,3.46176806037516,4.66284077175462,0.000188418664735477,0.00646645087530314,0.00512809561754289,"CDKN1A/CLDN4/EGFR/EPHA2/FOSL2/INHBA/IRF6/ITGA3/PDGFA/PPL/RIPK4/TGM1",12,"KO_heat_up","BP","with_iea",203,11888,203,3.46176806037516,FALSE,1,58,"angiogenesis",6.35,10,0.024487756121939,0.0521042084168337,3.3335,0.000999500249875062,0
"GO:0030193","regulation of blood coagulation","6/203","50/11888",0.12,7.02738916256158,5.62917641230594,0.00019567817903177,0.00663250527058307,0.00525978189075978,"ANXA2/F3/PDGFA/PDGFB/PLAUR/SERPINE1",6,"KO_heat_up","BP","with_iea",203,11888,50,7.02738916256158,TRUE,11,13,"regulation of inflammatory response",1.4845,4,0.00199900049975012,0.00888324873096447,0.747,0.000499750124937531,0
"GO:0070372","regulation of ERK1 and ERK2 cascade","12/203","204/11888",0.0588235294117647,3.44479860909881,4.64228919125655,0.000197241820903492,0.00663250527058307,0.00525978189075978,"ADORA2A/CCL3/CCN1/EGFR/EPHA2/GPR183/IL1A/INHBA/PDGFA/PDGFB/SPRY1/TNFSF11",12,"KO_heat_up","BP","with_iea",203,11888,204,3.44479860909881,FALSE,7,26,"phospholipase C-activating G protein-coupled receptor signaling pathway",7.6005,12,0.0619690154922539,0.1345,3.2825,0.000499750124937531,0
"GO:0051047","positive regulation of secretion","13/203","237/11888",0.0548523206751055,3.21223836544657,4.53413329656745,0.00021441756794224,0.00713796083679718,0.00566062379367514,"ADAM8/ADORA2A/ADORA2B/ANXA2/AVPR1A/GRP/IL1A/ILDR1/INHBA/SDC1/SDC4/SPP1/TNFSF11",13,"KO_heat_up","BP","with_iea",203,11888,237,3.21223836544657,FALSE,18,6,"positive regulation of secretion by cell",8.3095,13,0.0629685157421289,0.1245,3.901,0.000999500249875062,0
"GO:0002548","monocyte chemotaxis","5/203","33/11888",0.151515151515152,8.87296611434543,5.96917573580498,0.000222263527545625,0.00725407140391555,0.00575270306588677,"CALCA/CCL3/PDGFB/SERPINE1/TNFSF11",5,"KO_heat_up","BP","with_iea",203,11888,33,8.87296611434543,FALSE,4,27,"positive regulation of cell motility",1.1945,3,0.00649675162418791,0.0221586847748392,0.512,0.000499750124937531,0
"GO:0046850","regulation of bone remodeling","5/203","33/11888",0.151515151515152,8.87296611434543,5.96917573580498,0.000222263527545625,0.00725407140391555,0.00575270306588677,"ADAM8/CALCA/LTBP3/SPP1/TNFSF11",5,"KO_heat_up","BP","with_iea",203,11888,33,8.87296611434543,FALSE,3,12,"tissue remodeling",1.0765,3,0.00249875062468766,0.0142642642642643,0.5055,0.000499750124937531,0
"GO:0042327","positive regulation of phosphorylation","12/203","207/11888",0.0579710144927536,3.39487399157564,4.58139376318484,0.000225859086737951,0.00729985339563725,0.00578900960182708,"AREG/C3/CALCA/CARD10/CD80/CDKN1A/EGFR/MST1R/PDGFA/PDGFB/PLAUR/SPHK1",12,"KO_heat_up","BP","with_iea",203,11888,207,3.39487399157564,TRUE,20,10,"positive regulation of phosphorylation",7.335,12,0.0649675162418791,0.11655827913957,3.393,0.000499750124937531,0
"GO:0050671","positive regulation of lymphocyte proliferation","9/203","122/11888",0.0737704918032787,4.32011628845999,4.85834756132468,0.000238742723352588,0.00764206275039198,0.00606039220818109,"CD40LG/CD70/CD80/CDKN1A/GPR183/IL1A/IL2/IL23A/TNFSF9",9,"KO_heat_up","BP","with_iea",203,11888,122,4.32011628845999,FALSE,8,20,"regulation of leukocyte activation",4.941,8,0.0499750124937531,0.100852985449072,2.0095,0.000499750124937531,0
"GO:1900046","regulation of hemostasis","6/203","52/11888",0.115384615384615,6.75710496400152,5.48369299944341,0.000243697581275793,0.00772637379111537,0.00612725347207707,"ANXA2/F3/PDGFA/PDGFB/PLAUR/SERPINE1",6,"KO_heat_up","BP","with_iea",203,11888,52,6.75710496400152,FALSE,13,9,"regulation of body fluid levels",1.54,4,0.00199900049975012,0.00811992504684572,0.784,0.000499750124937531,0
"GO:0030195","negative regulation of blood coagulation","5/203","34/11888",0.147058823529412,8.61199652274703,5.85835075166107,0.000257001756876483,0.00807130989284728,0.00640079847315014,"ANXA2/PDGFA/PDGFB/PLAUR/SERPINE1",5,"KO_heat_up","BP","with_iea",203,11888,34,8.61199652274703,FALSE,11,13,"regulation of inflammatory response",0.962,3,0.00199900049975012,0.00477707006369427,0.504,0.00199900049975012,0
"GO:0019730","antimicrobial humoral response","7/203","74/11888",0.0945945945945946,5.53960857409133,5.16304102779564,0.000260966994238269,0.00811924414784298,0.00643881182045823,"ADM/CALCA/CCL20/CCL22/CCL3/CCL4/IL17F",7,"KO_heat_up","BP","with_iea",203,11888,74,5.53960857409133,FALSE,15,7,"humoral immune response",1.723,4,0.00199900049975012,0.00419916016796641,1.241,0.000499750124937531,0
"GO:0009617","response to bacterium","20/203","489/11888",0.0408997955010225,2.39515649712392,4.15253948397577,0.000265400631444985,0.00816316738788322,0.00647364430880496,"ADM/C3/CALCA/CCL20/CD200/CD80/CSF2/EPHA2/FASLG/FOSL2/GFI1/GZMA/IL17F/IL1A/IL23A/IL24/LTA/NR4A1/PTGER2/SERPINE1",20,"KO_heat_up","BP","with_iea",203,11888,489,2.39515649712392,TRUE,15,7,"humoral immune response",15.0885,21,0.106446776611694,0.1835,8.2405,0.000499750124937531,0
"GO:0032946","positive regulation of mononuclear cell proliferation","9/203","124/11888",0.0725806451612903,4.25043699348482,4.79562128040475,0.00026973517953354,0.00816316738788322,0.00647364430880496,"CD40LG/CD70/CD80/CDKN1A/GPR183/IL1A/IL2/IL23A/TNFSF9",9,"KO_heat_up","BP","with_iea",203,11888,124,4.25043699348482,FALSE,10,14,"leukocyte proliferation",5.048,9,0.0569715142428786,0.107375815353738,2.0465,0.000499750124937531,0
"GO:1903034","regulation of response to wounding","9/203","124/11888",0.0725806451612903,4.25043699348482,4.79562128040475,0.00026973517953354,0.00816316738788322,0.00647364430880496,"ANXA2/CLDN4/F3/HBEGF/PDGFA/PDGFB/PLAUR/SERPINE1/SPP1",9,"KO_heat_up","BP","with_iea",203,11888,124,4.25043699348482,FALSE,11,13,"regulation of inflammatory response",4.317,8,0.0174912543728136,0.0418768920282543,1.97,0.000499750124937531,0
"GO:0007411","axon guidance","10/203","153/11888",0.065359477124183,3.82755401010979,4.63964625702988,0.000291333886801806,0.00873739197444336,0.0069290221725835,"ARHGEF25/EFNA2/EGR2/GAP43/NOTCH3/NR4A3/OPHN1/RET/SEMA4A/WNT3",10,"KO_heat_up","BP","with_iea",203,11888,153,3.82755401010979,FALSE,16,9,"axonogenesis",4.416,8,0.0144927536231884,0.0242301867743564,2.4695,0.000499750124937531,0
"GO:1900047","negative regulation of hemostasis","5/203","35/11888",0.142857142857143,8.36593947923997,5.75198597128439,0.000295714144359572,0.00878957488011622,0.00697040483133278,"ANXA2/PDGFA/PDGFB/PLAUR/SERPINE1",5,"KO_heat_up","BP","with_iea",203,11888,35,8.36593947923997,FALSE,13,9,"regulation of body fluid levels",0.9955,3,0.00199900049975012,0.00469116497263487,0.521,0.00199900049975012,0
"GO:0061448","connective tissue development","12/203","214/11888",0.0560747663551402,3.28382671147737,4.44354908868746,0.000306692202911316,0.00896525483788214,0.0071097244734181,"CCN1/COL27A1/CSGALNACT1/EGR1/FOSL2/GDF6/IL17F/LTBP3/NPPC/PDGFB/SH3PXD2B/TIMP1",12,"KO_heat_up","BP","with_iea",203,11888,214,3.28382671147737,FALSE,1,58,"angiogenesis",7.1895,11,0.0489755122438781,0.0910910910910911,3.481,0.000499750124937531,0
"GO:0097485","neuron projection guidance","10/203","154/11888",0.0649350649350649,3.8026997632909,4.61406477663226,0.000307010829533963,0.00896525483788214,0.0071097244734181,"ARHGEF25/EFNA2/EGR2/GAP43/NOTCH3/NR4A3/OPHN1/RET/SEMA4A/WNT3",10,"KO_heat_up","BP","with_iea",203,11888,154,3.8026997632909,FALSE,16,9,"axonogenesis",4.428,8,0.0144927536231884,0.0237253912165573,2.49,0.000499750124937531,0
"GO:0090066","regulation of anatomical structure size","17/203","386/11888",0.0440414507772021,2.57913678245999,4.15715782090379,0.000333674050833163,0.00950418321777469,0.00753711135323676,"ADM/ADORA2A/ADORA2B/ASB2/AVPR1A/CALCA/CRABP2/GJA5/NEB/NPPC/PAK1/PLEK/RET/SPP1/TP73/VILL/WNT3",17,"KO_heat_up","BP","with_iea",203,11888,386,2.57913678245999,TRUE,13,9,"regulation of body fluid levels",12.1535,18,0.100449775112444,0.1485,6.4205,0.000499750124937531,0
"GO:0048145","regulation of fibroblast proliferation","7/203","77/11888",0.0909090909090909,5.32377966860725,5.01689919526448,0.000334031071336629,0.00950418321777469,0.00753711135323676,"CDKN1A/EGFR/FOSL2/LTA/PDGFA/PDGFB/SPHK1",7,"KO_heat_up","BP","with_iea",203,11888,77,5.32377966860725,FALSE,10,14,"leukocyte proliferation",2.6625,6,0.0164917541229385,0.0304975922953451,1.202,0.000499750124937531,0
"GO:0048565","digestive tract development","7/203","77/11888",0.0909090909090909,5.32377966860725,5.01689919526448,0.000334031071336629,0.00950418321777469,0.00753711135323676,"ALDH1A2/EGFR/KLF5/PDGFA/RET/STRA6/TP73",7,"KO_heat_up","BP","with_iea",203,11888,77,5.32377966860725,FALSE,1,58,"angiogenesis",2.9105,6,0.0259870064967516,0.0429769392033543,1.2615,0.000999500249875062,0
"GO:0001503","ossification","15/203","317/11888",0.0473186119873817,2.77105250889652,4.21255334743823,0.00035407829032714,0.00998920871609365,0.00792175158020043,"AREG/CCL3/CCN1/CSGALNACT1/EGFR/EGR2/EPHA2/FOSL2/LTBP3/NAB2/NPPC/SGMS2/SPP1/TNFSF11/WNT3",15,"KO_heat_up","BP","with_iea",203,11888,317,2.77105250889652,TRUE,3,12,"tissue remodeling",9.9545,15,0.0659670164917541,0.105,5.2535,0.000499750124937531,0
"GO:0001934","positive regulation of protein phosphorylation","11/203","187/11888",0.0588235294117647,3.44479860909881,4.44142359434348,0.000363613357367935,0.0101228473127287,0.00802773112213988,"C3/CALCA/CARD10/CD80/CDKN1A/EGFR/MST1R/PDGFA/PDGFB/PLAUR/SPHK1",11,"KO_heat_up","BP","with_iea",203,11888,187,3.44479860909881,TRUE,20,10,"positive regulation of phosphorylation",6.6135,11,0.0704647676161919,0.100650976464697,3.0675,0.000499750124937531,0
"GO:0030098","lymphocyte differentiation","17/203","389/11888",0.0437017994858612,2.55924626742817,4.12125292815705,0.000364896869188176,0.0101228473127287,0.00802773112213988,"ADAM8/CD40LG/CD80/CD83/EGR1/EGR3/EOMES/FOSL2/GPR183/IL1A/IL2/IL23A/IL9/INHBA/KLRC1/SEMA4A/TNFSF9",17,"KO_heat_up","BP","with_iea",203,11888,389,2.55924626742817,FALSE,12,28,"osteoclast differentiation",14.093,19,0.219890054972514,0.319,6.3915,0.000499750124937531,0
"GO:0035051","cardiocyte differentiation","8/203","103/11888",0.0776699029126214,4.54847194987804,4.76721772768898,0.00037396121507494,0.0102885692973923,0.00815915378345323,"ASB2/EGFR/EOMES/INHBA/KDM6B/NEB/PAK1/SPRY1",8,"KO_heat_up","BP","with_iea",203,11888,103,4.54847194987804,FALSE,12,28,"osteoclast differentiation",3.9245,7,0.0324837581209395,0.0483953132959755,1.692,0.000499750124937531,0
"GO:2000403","positive regulation of lymphocyte migration","5/203","37/11888",0.135135135135135,7.91372653441619,5.55143619151271,0.000386233423049522,0.010453423295381,0.00828988810447754,"ADAM8/CCL20/CCL3/CCL4/TNFSF14",5,"KO_heat_up","BP","with_iea",203,11888,37,7.91372653441619,FALSE,4,27,"positive regulation of cell motility",1.3475,3,0.00849575212393803,0.012624584717608,0.571,0.000999500249875062,0
"GO:2001239","regulation of extrinsic apoptotic signaling pathway in absence of ligand","5/203","37/11888",0.135135135135135,7.91372653441619,5.55143619151271,0.000386233423049522,0.010453423295381,0.00828988810447754,"CSF2/HSPA1A/IL1A/INHBA/RET",5,"KO_heat_up","BP","with_iea",203,11888,37,7.91372653441619,FALSE,7,26,"phospholipase C-activating G protein-coupled receptor signaling pathway",1.31,3,0.0104947526236882,0.0181940700808625,0.5665,0.000499750124937531,0
"GO:0003073","regulation of systemic arterial blood pressure","6/203","57/11888",0.105263157894737,6.16437645838735,5.15127084978492,0.000404729548844419,0.0107176067291316,0.00849939374133595,"ADM/AVPR1A/CALCA/GJA5/IER3/PDGFB",6,"KO_heat_up","BP","with_iea",203,11888,57,6.16437645838735,TRUE,21,11,"regulation of systemic arterial blood pressure",1.711,4,0.0079960019990005,0.0107784431137725,0.902,0.000499750124937531,0
"GO:0097192","extrinsic apoptotic signaling pathway in absence of ligand","6/203","57/11888",0.105263157894737,6.16437645838735,5.15127084978492,0.000404729548844419,0.0107176067291316,0.00849939374133595,"CSF2/HSPA1A/IL1A/IL2/INHBA/RET",6,"KO_heat_up","BP","with_iea",203,11888,57,6.16437645838735,FALSE,7,26,"phospholipase C-activating G protein-coupled receptor signaling pathway",2.0415,4,0.0154922538730635,0.0214205186020293,0.8915,0.000499750124937531,0
"GO:0030307","positive regulation of cell growth","9/203","131/11888",0.0687022900763359,4.0233144060467,4.58606804432381,0.000405652883109216,0.0107176067291316,0.00849939374133595,"AVPR1A/CRABP2/EGFR/HBEGF/IL2/IL9/PAK1/SPHK1/WNT3",9,"KO_heat_up","BP","with_iea",203,11888,131,4.0233144060467,TRUE,5,6,"positive regulation of locomotion",4.3585,8,0.0279860069965017,0.0419828022255943,2.106,0.000499750124937531,0
"GO:0051897","positive regulation of phosphatidylinositol 3-kinase/protein kinase B signal transduction","10/203","161/11888",0.062111801242236,3.6373649909739,4.44078251495414,0.000437728824705079,0.0113662831450842,0.0090138142093789,"ADAM8/CCL3/EGFR/FAM110C/HBEGF/MST1R/PDGFA/PDGFB/RET/TNFSF11",10,"KO_heat_up","BP","with_iea",203,11888,161,3.6373649909739,FALSE,7,26,"phospholipase C-activating G protein-coupled receptor signaling pathway",6.159,10,0.0844577711144428,0.112725450901804,2.6085,0.000499750124937531,0
"GO:0042325","regulation of phosphorylation","16/203","359/11888",0.0445682451253482,2.60998668990216,4.08266252392893,0.000438739463986844,0.0113662831450842,0.0090138142093789,"AREG/C3/CALCA/CARD10/CD80/CDKN1A/EGFR/GPRC5A/INHBA/MST1R/PARD3/PDGFA/PDGFB/PLAUR/PLXNB2/SPHK1",16,"KO_heat_up","BP","with_iea",203,11888,359,2.60998668990216,FALSE,20,10,"positive regulation of phosphorylation",12.0275,17,0.141929035482259,0.1965,5.9775,0.000499750124937531,0
"GO:0030217","T cell differentiation","14/203","289/11888",0.0484429065743945,2.83689297219902,4.16670056663604,0.000440447739776469,0.0113662831450842,0.0090138142093789,"ADAM8/CD80/CD83/EGR1/EGR3/EOMES/FOSL2/GPR183/IL1A/IL2/IL23A/KLRC1/SEMA4A/TNFSF9",14,"KO_heat_up","BP","with_iea",203,11888,289,2.83689297219902,FALSE,12,28,"osteoclast differentiation",11.008,16,0.184907546226887,0.256,4.7295,0.000499750124937531,0
"GO:0070663","regulation of leukocyte proliferation","12/203","224/11888",0.0535714285714286,3.13722730471499,4.25618757557549,0.000463912326203626,0.0118797241071682,0.00942098877828902,"CD40LG/CD70/CD80/CDKN1A/CSF2/GPR183/IL1A/IL2/IL23A/LST1/SDC4/TNFSF9",12,"KO_heat_up","BP","with_iea",203,11888,224,3.13722730471499,FALSE,10,14,"leukocyte proliferation",8.7535,13,0.158420789605197,0.2135,3.771,0.000499750124937531,0
"GO:0042692","muscle cell differentiation","14/203","291/11888",0.0481099656357388,2.81739542599834,4.13707018333441,0.000471885453196125,0.0119916539976328,0.00950975264456314,"ADM/ASB2/AVPR1A/CD53/CTH/EHD2/KDM6B/KLF5/MAPK12/NEB/PAK1/PDGFB/SDC1/TNFSF14",14,"KO_heat_up","BP","with_iea",203,11888,291,2.81739542599834,TRUE,12,28,"osteoclast differentiation",9.3505,14,0.0669665167416292,0.103,4.8755,0.000499750124937531,0
"GO:0038034","signal transduction in absence of ligand","6/203","59/11888",0.101694915254237,5.95541454454371,5.02923319089757,0.000488534538796671,0.0122280562380009,0.00969722693551286,"CSF2/HSPA1A/IL1A/IL2/INHBA/RET",6,"KO_heat_up","BP","with_iea",203,11888,59,5.95541454454371,FALSE,7,26,"phospholipase C-activating G protein-coupled receptor signaling pathway",2.0585,4,0.0154922538730635,0.0202474690663667,0.923,0.000999500249875062,0
"GO:2000401","regulation of lymphocyte migration","6/203","59/11888",0.101694915254237,5.95541454454371,5.02923319089757,0.000488534538796671,0.0122280562380009,0.00969722693551286,"ADAM8/CCL20/CCL3/CCL4/CD200/TNFSF14",6,"KO_heat_up","BP","with_iea",203,11888,59,5.95541454454371,FALSE,4,27,"positive regulation of cell motility",2.0465,4,0.0129935032483758,0.016533637400228,0.9405,0.000999500249875062,0
"GO:0007507","heart development","18/203","437/11888",0.0411899313501144,2.41214730980374,3.96432093678205,0.000498261447925765,0.0123784504488423,0.00981649419794045,"ADM/ALDH1A2/ASB2/CCN1/CDKN1A/EGFR/EOMES/GJA5/INHBA/ITGA3/KDM6B/NEB/PAK1/PDGFB/SH3PXD2B/SPRY1/STRA6/TP73",18,"KO_heat_up","BP","with_iea",203,11888,437,2.41214730980374,FALSE,1,58,"angiogenesis",14.869,20,0.225887056471764,0.2795,7.402,0.000499750124937531,0
"GO:0050863","regulation of T cell activation","15/203","329/11888",0.0455927051671733,2.66998068486382,4.04873225100252,0.000523181858047159,0.0129012770773259,0.0102311118907,"ADAM8/ADORA2A/CD40LG/CD70/CD80/CD83/EGR3/HSPH1/IL1A/IL2/IL23A/SDC4/TNFSF11/TNFSF14/TNFSF9",15,"KO_heat_up","BP","with_iea",203,11888,329,2.66998068486382,FALSE,8,20,"regulation of leukocyte activation",12.8455,18,0.295352323838081,0.3575,5.385,0.000999500249875062,0
"GO:0042100","B cell proliferation","7/203","83/11888",0.0843373493975904,4.9389281262983,4.74628593985279,0.000529144992659093,0.0129087641632662,0.0102370493815028,"CD40LG/CD70/CDKN1A/FOSL2/GPR183/IL2/IL9",7,"KO_heat_up","BP","with_iea",203,11888,83,4.9389281262983,FALSE,8,20,"regulation of leukocyte activation",3.1435,6,0.031984007996002,0.0391236306729265,1.312,0.000999500249875062,0
"GO:0097529","myeloid leukocyte migration","10/203","165/11888",0.0606060606060606,3.54918644573817,4.34604263222585,0.000531240820176471,0.0129087641632662,0.0102370493815028,"ADAM8/CALCA/CCL22/CCL3/CCL4/CD200/IL23A/PDGFB/SERPINE1/TNFSF11",10,"KO_heat_up","BP","with_iea",203,11888,165,3.54918644573817,FALSE,4,27,"positive regulation of cell motility",5.777,10,0.0599700149925037,0.0763052208835341,2.742,0.000999500249875062,0
"GO:0048245","eosinophil chemotaxis","3/203","10/11888",0.3,17.5684729064039,6.90844991539505,0.000538874120442819,0.0129656471744004,0.0102821593693052,"CCL22/CCL3/CCL4",3,"KO_heat_up","BP","with_iea",203,11888,10,17.5684729064039,FALSE,4,27,"positive regulation of cell motility",0.232,1,0.000999500249875062,0.00232018561484919,0.141,0.000999500249875062,0
"GO:0002274","myeloid leukocyte activation","11/203","196/11888",0.0561224489795918,3.28661908112999,4.25448745591724,0.000541371269823268,0.0129656471744004,0.0102821593693052,"ADORA2B/BATF3/CCL3/CD200/CLU/CSF2/GRP/HAVCR1/NR4A1/NR4A3/SPHK1",11,"KO_heat_up","BP","with_iea",203,11888,196,3.28661908112999,TRUE,8,20,"regulation of leukocyte activation",6.969,11,0.0814592703648176,0.1065,3.3095,0.000499750124937531,0
"GO:0002443","leukocyte mediated immunity","15/203","331/11888",0.0453172205438066,2.653847871058,4.02213636565064,0.000557205639789799,0.0132064680655546,0.0104731377870424,"ADORA2B/C3/CCL3/CD40LG/CD70/CD80/CLU/GRP/IGKC/IL2/IL23A/IL9/KLRC1/LTA/NR4A3",15,"KO_heat_up","BP","with_iea",203,11888,331,2.653847871058,TRUE,22,5,"leukocyte mediated immunity",11.2035,16,0.139930034982509,0.183,5.4465,0.000499750124937531,0
"GO:0002762","negative regulation of myeloid leukocyte differentiation","5/203","40/11888",0.125,7.32019704433498,5.277252609483,0.000559360768171585,0.0132064680655546,0.0104731377870424,"CALCA/CCL3/INHBA/TNFRSF11B/ZBTB46",5,"KO_heat_up","BP","with_iea",203,11888,40,7.32019704433498,TRUE,12,28,"osteoclast differentiation",1.397,3,0.00899550224887556,0.0111548556430446,0.6175,0.000499750124937531,0
"GO:0060537","muscle tissue development","14/203","297/11888",0.0471380471380471,2.76047834668524,4.04965710051071,0.000577939431311506,0.0135490166678592,0.0107447894271998,"ALDH1A2/ASB2/EGR1/EGR2/EOMES/FOSL2/GJA5/KDM6B/KLF5/NEB/NR4A1/PAK1/STRA6/TP73",14,"KO_heat_up","BP","with_iea",203,11888,297,2.76047834668524,FALSE,1,58,"angiogenesis",9.885,15,0.101449275362319,0.1315,4.9625,0.000999500249875062,0
"GO:0070371","ERK1 and ERK2 cascade","12/203","230/11888",0.0521739130434783,3.05538659241808,4.14873030476067,0.000587468582205125,0.0136761042668592,0.0108455738253254,"ADORA2A/CCL3/CCN1/EGFR/EPHA2/GPR183/IL1A/INHBA/PDGFA/PDGFB/SPRY1/TNFSF11",12,"KO_heat_up","BP","with_iea",203,11888,230,3.05538659241808,FALSE,7,26,"phospholipase C-activating G protein-coupled receptor signaling pathway",8.515,13,0.125937031484258,0.1525,3.7235,0.000499750124937531,0
"GO:0003014","renal system process","7/203","85/11888",0.0823529411764706,4.82271805273834,4.66181804649153,0.000611277210449275,0.0141315405110114,0.0112067488582367,"ADM/ADORA2A/CLDN4/GJA5/ITGA3/NPR3/PDGFB",7,"KO_heat_up","BP","with_iea",203,11888,85,4.82271805273834,TRUE,21,11,"regulation of systemic arterial blood pressure",2.3895,5,0.00849575212393803,0.00806018269747448,1.266,0.000499750124937531,0
"GO:0048260","positive regulation of receptor-mediated endocytosis","5/203","41/11888",0.121951219512195,7.14165565300973,5.19209929086214,0.000628313260247355,0.0144252058162996,0.0114396345314001,"ANXA2/BICD1/C3/CLU/SERPINE1",5,"KO_heat_up","BP","with_iea",203,11888,41,7.14165565300973,TRUE,18,6,"positive regulation of secretion by cell",1.348,3,0.00899550224887556,0.00937709310113865,0.6005,0.000499750124937531,0
"GO:0035914","skeletal muscle cell differentiation","6/203","62/11888",0.0967741935483871,5.66724932464643,4.85632452535075,0.00063889718686421,0.0145574035790167,0.0115444714474629,"ASB2/EGR1/EGR2/EOMES/KLF5/NR4A1",6,"KO_heat_up","BP","with_iea",203,11888,62,5.66724932464643,TRUE,12,28,"osteoclast differentiation",1.7255,4,0.00649675162418791,0.00660264105642257,0.97,0.00199900049975012,0
"GO:0043408","regulation of MAPK cascade","19/203","485/11888",0.0391752577319588,2.29416484688436,3.83548861616479,0.00064281716014282,0.0145574035790167,0.0115444714474629,"ADAM8/ADORA2A/CCL3/CCN1/EGFR/EPHA2/GDF6/GPR183/IL1A/INHBA/MST1R/PAK1/PDGFA/PDGFB/RET/SPHK1/SPRY1/TNFSF11/TP73",19,"KO_heat_up","BP","with_iea",203,11888,485,2.29416484688436,FALSE,7,26,"phospholipase C-activating G protein-coupled receptor signaling pathway",16.44,23,0.263368315842079,0.3035,8.07,0.000499750124937531,0
"GO:0007498","mesoderm development","7/203","86/11888",0.0813953488372093,4.76663993584603,4.6205675006564,0.000655974459396129,0.0146338596099718,0.0116051034455769,"EOMES/EPHA2/INHBA/ITGA3/KDM6B/NR4A3/WNT3",7,"KO_heat_up","BP","with_iea",203,11888,86,4.76663993584603,FALSE,1,58,"angiogenesis",2.9275,6,0.0264867566216892,0.0262605042016807,1.3765,0.000499750124937531,0
"GO:0042102","positive regulation of T cell proliferation","7/203","86/11888",0.0813953488372093,4.76663993584603,4.6205675006564,0.000655974459396129,0.0146338596099718,0.0116051034455769,"CD40LG/CD70/CD80/IL1A/IL2/IL23A/TNFSF9",7,"KO_heat_up","BP","with_iea",203,11888,86,4.76663993584603,FALSE,8,20,"regulation of leukocyte activation",3.4825,7,0.0584707646176912,0.0623403168114461,1.4035,0.000999500249875062,0
"GO:0032102","negative regulation of response to external stimulus","14/203","301/11888",0.0465116279069767,2.72379424905487,3.99257390312513,0.000659380877589599,0.0146338596099718,0.0116051034455769,"ADORA2A/ANXA2/CD200/IER3/IL2/KLRC1/PDGFA/PDGFB/PLAUR/PLK2/SERPINE1/SPP1/UACA/WNT3",14,"KO_heat_up","BP","with_iea",203,11888,301,2.72379424905487,TRUE,11,13,"regulation of inflammatory response",10.4365,15,0.143928035982009,0.1655,5.008,0.00199900049975012,0
"GO:0050670","regulation of lymphocyte proliferation","11/203","201/11888",0.054726368159204,3.20486238756954,4.1552560222263,0.000668174909773213,0.014730823010828,0.0116819984225251,"CD40LG/CD70/CD80/CDKN1A/GPR183/IL1A/IL2/IL23A/LST1/SDC4/TNFSF9",11,"KO_heat_up","BP","with_iea",203,11888,201,3.20486238756954,FALSE,8,20,"regulation of leukocyte activation",7.9755,12,0.172913543228386,0.1915,3.3525,0.000499750124937531,0
"GO:0043523","regulation of neuron apoptotic process","11/203","202/11888",0.0544554455445545,3.18899673218553,4.13578209713594,0.00069629344218989,0.0152497425595404,0.0120935176801402,"ADAM8/ADORA2A/CCL3/CLU/EGR1/FASLG/NPPC/NR4A2/NR4A3/NRBP2/TP73",11,"KO_heat_up","BP","with_iea",203,11888,202,3.18899673218553,TRUE,23,3,"regulation of neuron apoptotic process",7.345,12,0.107946026986507,0.120620620620621,3.335,0.00149925037481259,0
"GO:0055123","digestive system development","7/203","87/11888",0.0804597701149425,4.71185097106619,4.57994796989337,0.000703226026217263,0.0153009113808972,0.0121340961386508,"ALDH1A2/EGFR/KLF5/PDGFA/RET/STRA6/TP73",7,"KO_heat_up","BP","with_iea",203,11888,87,4.71185097106619,FALSE,1,58,"angiogenesis",3.2165,6,0.0374812593703148,0.0361570247933884,1.4335,0.000999500249875062,0
"GO:0046890","regulation of lipid biosynthetic process","9/203","142/11888",0.0633802816901408,3.7116492055783,4.28452293453308,0.00072969193595191,0.0154156365318672,0.0122250767329917,"ADM/AVPR1A/C3/CCN1/EGR1/GFI1/PDGFA/PDGFB/SPHK1",9,"KO_heat_up","BP","with_iea",203,11888,142,3.7116492055783,TRUE,24,2,"regulation of lipid biosynthetic process",4.817,8,0.0469765117441279,0.0462543991955757,2.348,0.000499750124937531,0
"GO:0032604","granulocyte macrophage colony-stimulating factor production","3/203","11/11888",0.272727272727273,15.9713390058218,6.5474682448017,0.000731652319626018,0.0154156365318672,0.0122250767329917,"CD80/IL17F/IL23A",3,"KO_heat_up","BP","with_iea",203,11888,11,15.9713390058218,TRUE,6,9,"positive regulation of cytokine production",0.3655,1,0.00349825087456272,0.00956937799043062,0.142,0.000999500249875062,0
"GO:0032645","regulation of granulocyte macrophage colony-stimulating factor production","3/203","11/11888",0.272727272727273,15.9713390058218,6.5474682448017,0.000731652319626018,0.0154156365318672,0.0122250767329917,"CD80/IL17F/IL23A",3,"KO_heat_up","BP","with_iea",203,11888,11,15.9713390058218,TRUE,6,9,"positive regulation of cytokine production",0.3655,1,0.00349825087456272,0.00956937799043062,0.142,0.000999500249875062,0
"GO:0072497","mesenchymal stem cell differentiation","3/203","11/11888",0.272727272727273,15.9713390058218,6.5474682448017,0.000731652319626018,0.0154156365318672,0.0122250767329917,"LTBP3/SLC4A11/WNT3",3,"KO_heat_up","BP","with_iea",203,11888,11,15.9713390058218,TRUE,12,28,"osteoclast differentiation",0.2955,1,0.00299850074962519,0.00938086303939963,0.1375,0.000999500249875062,0
"GO:1901741","positive regulation of myoblast fusion","3/203","11/11888",0.272727272727273,15.9713390058218,6.5474682448017,0.000731652319626018,0.0154156365318672,0.0122250767329917,"CD53/EHD2/TNFSF14",3,"KO_heat_up","BP","with_iea",203,11888,11,15.9713390058218,TRUE,17,8,"positive regulation of cell development",0.314,1,0.00299850074962519,0.00912408759124088,0.1465,0.000999500249875062,0
"GO:0032944","regulation of mononuclear cell proliferation","11/203","204/11888",0.053921568627451,3.15773205834058,4.09719482610249,0.000755492169110349,0.0157612083401313,0.0124991258690137,"CD40LG/CD70/CD80/CDKN1A/GPR183/IL1A/IL2/IL23A/LST1/SDC4/TNFSF9",11,"KO_heat_up","BP","with_iea",203,11888,204,3.15773205834058,FALSE,10,14,"leukocyte proliferation",8.0995,12,0.183908045977011,0.193,3.405,0.000499750124937531,0
"GO:0072678","T cell migration","6/203","64/11888",0.09375,5.49014778325123,4.74720737303909,0.000757522779940223,0.0157612083401313,0.0124991258690137,"ADAM8/CCL20/CCL3/CD200/GPR183/TNFSF14",6,"KO_heat_up","BP","with_iea",203,11888,64,5.49014778325123,FALSE,4,27,"positive regulation of cell motility",2.2615,5,0.0204897551224388,0.018232044198895,1.0175,0.000999500249875062,0
"GO:0030324","lung development","9/203","143/11888",0.0629370629370629,3.6856936167281,4.25860899498131,0.000767412727817349,0.0157878636708504,0.0125202643709958,"ALDH1A2/ANXA2/FOSL2/ITGA3/LTBP3/PDGFA/SPRY1/STRA6/TP73",9,"KO_heat_up","BP","with_iea",203,11888,143,3.6856936167281,FALSE,1,58,"angiogenesis",5.1025,9,0.0644677661169415,0.0617469879518072,2.32,0.000499750124937531,0
"GO:0046631","alpha-beta T cell activation","10/203","173/11888",0.0578034682080925,3.38506221703351,4.16506141542039,0.000768288950038381,0.0157878636708504,0.0125202643709958,"ADORA2A/CD80/CD83/EOMES/FOSL2/GPR183/HSPH1/IL2/IL23A/SEMA4A",10,"KO_heat_up","BP","with_iea",203,11888,173,3.38506221703351,FALSE,8,20,"regulation of leukocyte activation",6.776,11,0.129435282358821,0.134567283641821,2.835,0.000499750124937531,0
"GO:1903035","negative regulation of response to wounding","6/203","65/11888",0.0923076923076923,5.40568397120121,4.69435540559261,0.000822873770357661,0.0168058084755868,0.0133275260965903,"ANXA2/PDGFA/PDGFB/PLAUR/SERPINE1/SPP1",6,"KO_heat_up","BP","with_iea",203,11888,65,5.40568397120121,FALSE,11,13,"regulation of inflammatory response",2.164,5,0.0154922538730635,0.0156162855549359,1.0425,0.00199900049975012,0
"GO:0001704","formation of primary germ layer","7/203","90/11888",0.0777777777777778,4.55478927203065,4.46170355632129,0.000861346068893367,0.0173783094748243,0.0137815371022939,"EOMES/EPHA2/INHBA/ITGA3/KDM6B/NR4A3/WNT3",7,"KO_heat_up","BP","with_iea",203,11888,90,4.55478927203065,FALSE,1,58,"angiogenesis",2.954,6,0.0294852573713143,0.0271398747390397,1.4415,0.000499750124937531,0
"GO:1990830","cellular response to leukemia inhibitory factor","7/203","90/11888",0.0777777777777778,4.55478927203065,4.46170355632129,0.000861346068893367,0.0173783094748243,0.0137815371022939,"BSPRY/CTH/GFPT2/HK2/ILDR1/KLF5/TNFSF11",7,"KO_heat_up","BP","with_iea",203,11888,90,4.55478927203065,TRUE,19,3,"response to leukemia inhibitory factor",2.0755,5,0.00249875062468766,0.00228180262407302,1.401,0.000999500249875062,0
"GO:1902107","positive regulation of leukocyte differentiation","10/203","176/11888",0.0568181818181818,3.32736229287953,4.09991249627902,0.000877092432033791,0.0174840760852724,0.0138654132968216,"ADAM8/CALCA/CD80/CD83/EGR3/IL2/IL23A/TNFSF11/TNFSF9/ZBTB46",10,"KO_heat_up","BP","with_iea",203,11888,176,3.32736229287953,FALSE,12,28,"osteoclast differentiation",7.323,11,0.184907546226887,0.183,2.8445,0.000999500249875062,0
"GO:1903708","positive regulation of hemopoiesis","10/203","176/11888",0.0568181818181818,3.32736229287953,4.09991249627902,0.000877092432033791,0.0174840760852724,0.0138654132968216,"ADAM8/CALCA/CD80/CD83/EGR3/IL2/IL23A/TNFSF11/TNFSF9/ZBTB46",10,"KO_heat_up","BP","with_iea",203,11888,176,3.32736229287953,FALSE,12,28,"osteoclast differentiation",7.323,11,0.184907546226887,0.183,2.8445,0.000999500249875062,0
"GO:0030323","respiratory tube development","9/203","146/11888",0.0616438356164384,3.60996018624739,4.18224108656611,0.000890223519277231,0.0176402029504399,0.0139892267314993,"ALDH1A2/ANXA2/FOSL2/ITGA3/LTBP3/PDGFA/SPRY1/STRA6/TP73",9,"KO_heat_up","BP","with_iea",203,11888,146,3.60996018624739,FALSE,1,58,"angiogenesis",5.151,9,0.0659670164917541,0.0607124937280482,2.3725,0.000499750124937531,0
"GO:0048259","regulation of receptor-mediated endocytosis","7/203","91/11888",0.0769230769230769,4.50473664266768,4.42343945805709,0.000919864949865499,0.0179960954350647,0.0142714604831994,"ANXA2/BICD1/C3/CLU/OPHN1/SERPINE1/SH3GL3",7,"KO_heat_up","BP","with_iea",203,11888,91,4.50473664266768,FALSE,18,6,"positive regulation of secretion by cell",2.687,5.04999999999995,0.0164917541229385,0.0161117078410312,1.451,0.00149925037481259,0
"GO:0006898","receptor-mediated endocytosis","11/203","209/11888",0.0526315789473684,3.08218822919367,4.00276499212029,0.000922024176946015,0.0179960954350647,0.0142714604831994,"ADM/ANXA2/BICD1/C3/CALCA/CLU/OPHN1/PLXNB2/SDC1/SERPINE1/SH3GL3",11,"KO_heat_up","BP","with_iea",203,11888,209,3.08218822919367,TRUE,18,6,"positive regulation of secretion by cell",5.6195,9,0.0259870064967516,0.0235707121364092,3.447,0.000499750124937531,0
"GO:0019724","B cell mediated immunity","8/203","118/11888",0.0677966101694915,3.97027636302914,4.27385145434327,0.000925797985634909,0.0179960954350647,0.0142714604831994,"C3/CD40LG/CD70/CLU/IGKC/IL2/IL9/LTA",8,"KO_heat_up","BP","with_iea",203,11888,118,3.97027636302914,TRUE,22,5,"leukocyte mediated immunity",3.6965,7,0.031984007996002,0.0296827021494371,1.8855,0.000999500249875062,0
"GO:0051216","cartilage development","9/203","147/11888",0.0612244897959184,3.58540263395999,4.15723047453464,0.00093454256314392,0.0179960954350647,0.0142714604831994,"CCN1/COL27A1/CSGALNACT1/FOSL2/GDF6/IL17F/LTBP3/NPPC/TIMP1",9,"KO_heat_up","BP","with_iea",203,11888,147,3.58540263395999,FALSE,1,58,"angiogenesis",4.875,9,0.0524737631184408,0.0474507824331146,2.3775,0.00149925037481259,0
"GO:0050673","epithelial cell proliferation","14/203","312/11888",0.0448717948717949,2.62776304155615,3.84024571713918,0.000935213130149052,0.0179960954350647,0.0142714604831994,"ALDH1A2/AREG/CALCA/CDKN1A/EGFR/EGR3/EPHA2/F3/IRF6/NR4A1/NR4A3/PDGFB/TGM1/TNFSF11",14,"KO_heat_up","BP","with_iea",203,11888,312,2.62776304155615,TRUE,10,14,"leukocyte proliferation",11.4785,16,0.241879060469765,0.2285,5.1205,0.000499750124937531,0
"GO:0045453","bone resorption","5/203","45/11888",0.111111111111111,6.50684181718665,4.87806727866656,0.000969357197431643,0.0183249772493723,0.0145322739376217,"ADAM8/CALCA/LTBP3/SPP1/TNFSF11",5,"KO_heat_up","BP","with_iea",203,11888,45,6.50684181718665,FALSE,3,12,"tissue remodeling",1.466,4,0.0129935032483758,0.0141935483870968,0.723,0.000999500249875062,0
"GO:0060350","endochondral bone morphogenesis","5/203","45/11888",0.111111111111111,6.50684181718665,4.87806727866656,0.000969357197431643,0.0183249772493723,0.0145322739376217,"COL27A1/CSGALNACT1/FOSL2/NAB2/NPPC",5,"KO_heat_up","BP","with_iea",203,11888,45,6.50684181718665,FALSE,1,58,"angiogenesis",1.4825,4,0.0124937531234383,0.0140754958413308,0.6815,0.00149925037481259,0
"GO:0070613","regulation of protein processing","5/203","45/11888",0.111111111111111,6.50684181718665,4.87806727866656,0.000969357197431643,0.0183249772493723,0.0145322739376217,"ADAM8/ANXA2/IL1R2/PLAUR/SERPINE1",5,"KO_heat_up","BP","with_iea",203,11888,45,6.50684181718665,FALSE,6,9,"positive regulation of cytokine production",1.3235,3,0.00899550224887556,0.0100468854655057,0.688,0.000999500249875062,0
"GO:0031349","positive regulation of defense response","18/203","463/11888",0.0388768898488121,2.27669195331369,3.69333162013316,0.000974322911726912,0.0183249772493723,0.0145322739376217,"ADAM8/ADORA2B/C3/CAMK2N1/CCL3/FOSL1/GFI1/GRP/HSPA1A/IL17F/IL2/IL23A/KLRC1/LTA/MAPK13/PAK1/SERPINE1/TNFSF11",18,"KO_heat_up","BP","with_iea",203,11888,463,2.27669195331369,FALSE,11,13,"regulation of inflammatory response",15.641,22,0.304347826086957,0.294,7.849,0.000999500249875062,0
"GO:0045766","positive regulation of angiogenesis","8/203","120/11888",0.0666666666666667,3.90410509031199,4.21426084550673,0.00103308499307977,0.019321010909902,0.0153221594479247,"ADM/C3/F3/HK2/IL1A/SERPINE1/SPHK1/TGM2",8,"KO_heat_up","BP","with_iea",203,11888,120,3.90410509031199,FALSE,1,58,"angiogenesis",4.3615,8,0.0559720139930035,0.0514891468955073,1.9555,0.000999500249875062,0
"GO:0061045","negative regulation of wound healing","5/203","46/11888",0.108695652173913,6.36538873420433,4.80548662077224,0.00107268520038882,0.0199438226172074,0.0158160684017505,"ANXA2/PDGFA/PDGFB/PLAUR/SERPINE1",5,"KO_heat_up","BP","with_iea",203,11888,46,6.36538873420433,FALSE,11,13,"regulation of inflammatory response",1.503,4,0.0154922538730635,0.0170025188916877,0.728,0.00349825087456272,0
"GO:0007188","adenylate cyclase-modulating G protein-coupled receptor signaling pathway","9/203","150/11888",0.06,3.51369458128079,4.08348418392388,0.00107836830011936,0.0199438226172074,0.0158160684017505,"ADCY4/ADM/ADORA2A/ADORA2B/APLP1/ATP2B4/CALCA/PTGER2/S1PR3",9,"KO_heat_up","BP","with_iea",203,11888,150,3.51369458128079,FALSE,7,26,"phospholipase C-activating G protein-coupled receptor signaling pathway",3.723,7,0.0114942528735632,0.00969387755102041,2.4835,0.00199900049975012,0
"GO:0002526","acute inflammatory response","6/203","69/11888",0.0869565217391304,5.09231098736346,4.49337433774705,0.00112880568278701,0.0205408868609694,0.0162895588203543,"ADAM8/C3/F3/IL1A/IL1RN/TNFSF11",6,"KO_heat_up","BP","with_iea",203,11888,69,5.09231098736346,TRUE,9,6,"response to wounding",2.318,5,0.0284857571214393,0.0232686980609418,1.082,0.00149925037481259,0
"GO:0050920","regulation of chemotaxis","9/203","151/11888",0.0596026490066225,3.4904250807425,4.05931912336931,0.00113011101937173,0.0205408868609694,0.0162895588203543,"CCL3/CCL4/F3/GPR183/IL23A/PDGFB/SERPINE1/TNFSF14/WNT3",9,"KO_heat_up","BP","with_iea",203,11888,151,3.49042508074251,TRUE,2,4,"chemotaxis",5.658,10,0.102948525737131,0.0921843687374749,2.5195,0.00149925037481259,0
"GO:0010562","positive regulation of phosphorus metabolic process","12/203","248/11888",0.0483870967741935,2.83362466232322,3.84617981034005,0.00113533288747924,0.0205408868609694,0.0162895588203543,"AREG/C3/CALCA/CARD10/CD80/CDKN1A/EGFR/MST1R/PDGFA/PDGFB/PLAUR/SPHK1",12,"KO_heat_up","BP","with_iea",203,11888,248,2.83362466232322,FALSE,20,10,"positive regulation of phosphorylation",9.1845,14,0.203898050974513,0.183,4.1245,0.000999500249875062,0
"GO:0045937","positive regulation of phosphate metabolic process","12/203","248/11888",0.0483870967741935,2.83362466232322,3.84617981034005,0.00113533288747924,0.0205408868609694,0.0162895588203543,"AREG/C3/CALCA/CARD10/CD80/CDKN1A/EGFR/MST1R/PDGFA/PDGFB/PLAUR/SPHK1",12,"KO_heat_up","BP","with_iea",203,11888,248,2.83362466232322,FALSE,20,10,"positive regulation of phosphorylation",9.1845,14,0.203898050974513,0.183,4.1245,0.000999500249875062,0
"GO:1902105","regulation of leukocyte differentiation","13/203","283/11888",0.0459363957597173,2.69010774774148,3.79275535274488,0.00114670807249619,0.020634546882918,0.0163638341156214,"ADAM8/CALCA/CCL3/CD80/CD83/EGR3/IL2/IL23A/INHBA/TNFRSF11B/TNFSF11/TNFSF9/ZBTB46",13,"KO_heat_up","BP","with_iea",203,11888,283,2.69010774774148,FALSE,12,28,"osteoclast differentiation",11.112,16,0.295852073963018,0.2795,4.591,0.000499750124937531,0
"GO:0010001","glial cell differentiation","10/203","183/11888",0.0546448087431694,3.20008613959999,3.95320478900596,0.00118083970770504,0.0208640759905197,0.0165458577996312,"ADORA2A/ANO1/CLU/EGR2/EOMES/GAP43/NAB2/PARD3/SPINT1/TP73",10,"KO_heat_up","BP","with_iea",203,11888,183,3.20008613959999,FALSE,12,28,"osteoclast differentiation",6.428,10,0.101449275362319,0.0850850850850851,3.05,0.000999500249875062,0
"GO:0050866","negative regulation of cell activation","10/203","183/11888",0.0546448087431694,3.20008613959999,3.95320478900596,0.00118083970770504,0.0208640759905197,0.0165458577996312,"ADORA2A/CD200/CD80/IL2/INHBA/LST1/PDGFA/PDGFB/SDC4/ZBTB46",10,"KO_heat_up","BP","with_iea",203,11888,183,3.20008613959999,TRUE,8,20,"regulation of leukocyte activation",6.943,11,0.138930534732634,0.121,2.956,0.00149925037481259,0
"GO:0050829","defense response to Gram-negative bacterium","5/203","47/11888",0.106382978723404,6.22995493134892,4.73502718505321,0.00118396176695966,0.0208640759905197,0.0165458577996312,"ADM/CALCA/IL17F/IL23A/SERPINE1",5,"KO_heat_up","BP","with_iea",203,11888,47,6.22995493134891,FALSE,15,7,"humoral immune response",1.4955,4,0.0184907546226887,0.019280205655527,0.741,0.00149925037481259,0
"GO:0048144","fibroblast proliferation","7/203","95/11888",0.0736842105263158,4.31506352087114,4.27574010929101,0.00118598233240029,0.0208640759905197,0.0165458577996312,"CDKN1A/EGFR/FOSL2/LTA/PDGFA/PDGFB/SPHK1",7,"KO_heat_up","BP","with_iea",203,11888,95,4.31506352087114,TRUE,10,14,"leukocyte proliferation",3.1255,6,0.0359820089955022,0.0323084940072955,1.5225,0.000999500249875062,0
"GO:0019220","regulation of phosphate metabolic process","18/203","472/11888",0.038135593220339,2.23328045420389,3.60367535580122,0.00121174464238815,0.0208640759905197,0.0165458577996312,"AREG/C3/CALCA/CARD10/CD80/CDKN1A/EGFR/GPRC5A/IER3/INHBA/MST1R/PARD3/PDGFA/PDGFB/PLAUR/PLEK/PLXNB2/SPHK1",18,"KO_heat_up","BP","with_iea",203,11888,472,2.23328045420389,FALSE,20,10,"positive regulation of phosphorylation",16.309,22,0.35632183908046,0.3305,7.9325,0.000499750124937531,0
"GO:1904018","positive regulation of vasculature development","8/203","123/11888",0.0650406504065041,3.80888301493852,4.12724294547892,0.00121244655382845,0.0208640759905197,0.0165458577996312,"ADM/C3/F3/HK2/IL1A/SERPINE1/SPHK1/TGM2",8,"KO_heat_up","BP","with_iea",203,11888,123,3.80888301493852,FALSE,1,58,"angiogenesis",4.5145,8,0.0664667666166917,0.0574886535552194,2.014,0.000999500249875062,0
"GO:0002920","regulation of humoral immune response","4/203","28/11888",0.142857142857143,8.36593947923997,5.14321417081574,0.0012255688463245,0.0208640759905197,0.0165458577996312,"C3/CLU/IL17F/LTA",4,"KO_heat_up","BP","with_iea",203,11888,28,8.36593947923997,FALSE,25,2,"regulation of humoral immune response",0.8535,3,0.00999500249875063,0.013949433304272,0.411,0.000999500249875062,0
"GO:0002922","positive regulation of humoral immune response","3/203","13/11888",0.230769230769231,13.514209928003,5.95015247744943,0.0012366013104575,0.0208640759905197,0.0165458577996312,"C3/IL17F/LTA",3,"KO_heat_up","BP","with_iea",203,11888,13,13.514209928003,TRUE,25,2,"regulation of humoral immune response",0.4525,2,0.00899550224887556,0.0163487738419619,0.181,0.00149925037481259,0
"GO:0035809","regulation of urine volume","3/203","13/11888",0.230769230769231,13.514209928003,5.95015247744943,0.0012366013104575,0.0208640759905197,0.0165458577996312,"ADM/ADORA2A/NPR3",3,"KO_heat_up","BP","with_iea",203,11888,13,13.514209928003,TRUE,21,11,"regulation of systemic arterial blood pressure",0.342,1,0.00299850074962519,0.00503355704697987,0.165,0.000999500249875062,0
"GO:0042730","fibrinolysis","3/203","13/11888",0.230769230769231,13.514209928003,5.95015247744943,0.0012366013104575,0.0208640759905197,0.0165458577996312,"ANXA2/PLAUR/SERPINE1",3,"KO_heat_up","BP","with_iea",203,11888,13,13.514209928003,FALSE,11,13,"regulation of inflammatory response",0.251,1,0.000499750124937531,0,0.1635,0.000499750124937531,0
"GO:0061029","eyelid development in camera-type eye","3/203","13/11888",0.230769230769231,13.514209928003,5.95015247744943,0.0012366013104575,0.0208640759905197,0.0165458577996312,"EGFR/INHBA/STRA6",3,"KO_heat_up","BP","with_iea",203,11888,13,13.514209928003,TRUE,1,58,"angiogenesis",0.453,2,0.00699650174912544,0.0119521912350598,0.19,0.000999500249875062,0
"GO:1904754","positive regulation of vascular associated smooth muscle cell migration","3/203","13/11888",0.230769230769231,13.514209928003,5.95015247744943,0.0012366013104575,0.0208640759905197,0.0165458577996312,"NR4A3/PAK1/PDGFB",3,"KO_heat_up","BP","with_iea",203,11888,13,13.514209928003,FALSE,4,27,"positive regulation of cell motility",0.3615,1,0.00449775112443778,0.00975609756097561,0.149,0.000999500249875062,0
"GO:0051174","regulation of phosphorus metabolic process","18/203","473/11888",0.0380549682875264,2.2285589310449,3.59383718353614,0.00124093933497234,0.0208640759905197,0.0165458577996312,"AREG/C3/CALCA/CARD10/CD80/CDKN1A/EGFR/GPRC5A/IER3/INHBA/MST1R/PARD3/PDGFA/PDGFB/PLAUR/PLEK/PLXNB2/SPHK1",18,"KO_heat_up","BP","with_iea",203,11888,473,2.2285589310449,FALSE,20,10,"positive regulation of phosphorylation",16.3305,22,0.357321339330335,0.3295,7.9435,0.000499750124937531,0
"GO:0007596","blood coagulation","10/203","185/11888",0.0540540540540541,3.16549061376648,3.91258115912693,0.00128187283965547,0.0214439933829802,0.0170057502346253,"ADORA2A/ANXA2/CD40LG/F3/PDGFA/PDGFB/PLAUR/PLEK/PROCR/SERPINE1",10,"KO_heat_up","BP","with_iea",203,11888,185,3.16549061376648,TRUE,11,13,"regulation of inflammatory response",5.287,9,0.0339830084957521,0.0271493212669683,3.0185,0.000999500249875062,0
"GO:0001932","regulation of protein phosphorylation","14/203","323/11888",0.043343653250774,2.53827265933597,3.69429486001368,0.00130265581576395,0.0215897381686692,0.0171213303590528,"C3/CALCA/CARD10/CD80/CDKN1A/EGFR/GPRC5A/MST1R/PARD3/PDGFA/PDGFB/PLAUR/PLXNB2/SPHK1",14,"KO_heat_up","BP","with_iea",203,11888,323,2.53827265933597,FALSE,20,10,"positive regulation of phosphorylation",10.9105,16,0.193903048475762,0.174,5.386,0.000999500249875062,0
"GO:0014910","regulation of smooth muscle cell migration","5/203","48/11888",0.104166666666667,6.10016420361248,4.66658002992343,0.00130355583415516,0.0215897381686692,0.0171213303590528,"NR4A3/PAK1/PDGFA/PDGFB/SERPINE1",5,"KO_heat_up","BP","with_iea",203,11888,48,6.10016420361248,FALSE,4,27,"positive regulation of cell motility",1.756,4,0.023488255872064,0.0192076830732293,0.7415,0.00149925037481259,0
"GO:0050817","coagulation","10/203","186/11888",0.0537634408602151,3.1484718470258,3.89247546985238,0.00133497219587807,0.0220006061390005,0.0174471613718718,"ADORA2A/ANXA2/CD40LG/F3/PDGFA/PDGFB/PLAUR/PLEK/PROCR/SERPINE1",10,"KO_heat_up","BP","with_iea",203,11888,186,3.1484718470258,TRUE,3,12,"tissue remodeling",5.3345,9,0.0354822588705647,0.0276520864756159,3.035,0.000999500249875062,0
"GO:0060349","bone morphogenesis","6/203","72/11888",0.0833333333333333,4.88013136288998,4.35258466889156,0.00141036539166291,0.0231286029007183,0.0183416977043846,"COL27A1/CSGALNACT1/FOSL2/LTBP3/NAB2/NPPC",6,"KO_heat_up","BP","with_iea",203,11888,72,4.88013136288998,FALSE,1,58,"angiogenesis",2.414,5,0.0289855072463768,0.023535851122058,1.149,0.000999500249875062,0
"GO:1902895","positive regulation of miRNA transcription","5/203","49/11888",0.102040816326531,5.97567105659998,4.60004396996428,0.00143184030561922,0.0232516896458848,0.0184393093016329,"EGFR/EGR1/FOSL1/NOTCH3/PDGFB",5,"KO_heat_up","BP","with_iea",203,11888,49,5.97567105659998,TRUE,26,3,"positive regulation of miRNA transcription",2.004,4,0.0384807596201899,0.0297312750142939,0.7845,0.00349825087456272,0
"GO:1903317","regulation of protein maturation","5/203","49/11888",0.102040816326531,5.97567105659998,4.60004396996428,0.00143184030561922,0.0232516896458848,0.0184393093016329,"ADAM8/ANXA2/IL1R2/PLAUR/SERPINE1",5,"KO_heat_up","BP","with_iea",203,11888,49,5.97567105659998,FALSE,6,9,"positive regulation of cytokine production",1.4255,4,0.0119940029985007,0.0116504854368932,0.751,0.00149925037481259,0
"GO:0045596","negative regulation of cell differentiation","18/203","481/11888",0.0374220374220374,2.19149350183833,3.51599531323472,0.00149684796691833,0.0241893537954908,0.0191829059838077,"AREG/CALCA/CCL3/EGFR/IL2/INHBA/LTBP3/NOTCH3/NPPC/PAK1/PDGFB/S1PR3/SPP1/SPRY1/TNFRSF11B/TP73/WNT3/ZBTB46",18,"KO_heat_up","BP","with_iea",203,11888,481,2.19149350183833,TRUE,17,8,"positive regulation of cell development",16.7805,22,0.401799100449775,0.338,8.0395,0.00149925037481259,0
"GO:0150076","neuroinflammatory response","6/203","73/11888",0.0821917808219178,4.81328024832985,4.30737896595834,0.00151520113064347,0.0242447806705995,0.0192268612106887,"ADORA2A/CCL3/CD200/CLU/DAGLA/SPHK1",6,"KO_heat_up","BP","with_iea",203,11888,73,4.81328024832985,FALSE,9,6,"response to wounding",2.8095,6,0.0574712643678161,0.0428118393234672,1.216,0.00149925037481259,0
"GO:0003012","muscle system process","13/203","292/11888",0.0445205479452055,2.60719346784533,3.66501091989302,0.00152029541832733,0.0242447806705995,0.0192268612106887,"ADORA2B/ASB2/ATP2B4/CALCA/GATM/GJA5/LTB4R/NPR3/NR4A3/PAK1/PDGFB/SCN9A/SPHK1",13,"KO_heat_up","BP","with_iea",203,11888,292,2.60719346784533,TRUE,21,11,"regulation of systemic arterial blood pressure",9.3835,14,0.143928035982009,0.1115,4.8795,0.00149925037481259,0
"GO:0043410","positive regulation of MAPK cascade","14/203","329/11888",0.0425531914893617,2.49198197253957,3.61718886025792,0.00154958814058565,0.0242447806705995,0.0192268612106887,"ADAM8/ADORA2A/CCL3/EGFR/GDF6/GPR183/INHBA/MST1R/PDGFA/PDGFB/RET/SPHK1/TNFSF11/TP73",14,"KO_heat_up","BP","with_iea",203,11888,329,2.49198197253957,FALSE,7,26,"phospholipase C-activating G protein-coupled receptor signaling pathway",11.6695,17,0.271364317841079,0.2125,5.4565,0.000499750124937531,0
"GO:0009190","cyclic nucleotide biosynthetic process","3/203","14/11888",0.214285714285714,12.54890921886,5.69870603975025,0.00155415100551548,0.0242447806705995,0.0192268612106887,"ADCY4/NPPC/NPR3",3,"KO_heat_up","BP","with_iea",203,11888,14,12.54890921886,TRUE,27,3,"cyclic nucleotide biosynthetic process",0.2385,1,0.00149925037481259,0.0023094688221709,0.1825,0.00149925037481259,0
"GO:0010755","regulation of plasminogen activation","3/203","14/11888",0.214285714285714,12.54890921886,5.69870603975025,0.00155415100551548,0.0242447806705995,0.0192268612106887,"ANXA2/PLAUR/SERPINE1",3,"KO_heat_up","BP","with_iea",203,11888,14,12.54890921886,FALSE,6,9,"positive regulation of cytokine production",0.409,2,0.00699650174912544,0.00859598853868195,0.1845,0.00149925037481259,0
"GO:0140131","positive regulation of lymphocyte chemotaxis","3/203","14/11888",0.214285714285714,12.54890921886,5.69870603975025,0.00155415100551548,0.0242447806705995,0.0192268612106887,"CCL3/CCL4/TNFSF14",3,"KO_heat_up","BP","with_iea",203,11888,14,12.54890921886,FALSE,4,27,"positive regulation of cell motility",0.4965,2,0.0139930034982509,0.0174346201743462,0.2095,0.00349825087456272,0
"GO:1901739","regulation of myoblast fusion","3/203","14/11888",0.214285714285714,12.54890921886,5.69870603975025,0.00155415100551548,0.0242447806705995,0.0192268612106887,"CD53/EHD2/TNFSF14",3,"KO_heat_up","BP","with_iea",203,11888,14,12.54890921886,FALSE,17,8,"positive regulation of cell development",0.437,2,0.00849575212393803,0.012448132780083,0.2035,0.000999500249875062,0
"GO:0046632","alpha-beta T cell differentiation","8/203","128/11888",0.0625,3.66009852216749,3.98812569646342,0.00156582392435533,0.0242447806705995,0.0192268612106887,"CD80/CD83/EOMES/FOSL2/GPR183/IL2/IL23A/SEMA4A",8,"KO_heat_up","BP","with_iea",203,11888,128,3.66009852216749,FALSE,12,28,"osteoclast differentiation",5.145,9,0.133933033483258,0.109884596086302,2.0935,0.000499750124937531,0
"GO:0061138","morphogenesis of a branching epithelium","8/203","128/11888",0.0625,3.66009852216749,3.98812569646342,0.00156582392435533,0.0242447806705995,0.0192268612106887,"ADM/AREG/EPHA2/PAK1/PDGFA/SPINT1/SPRY1/TGM2",8,"KO_heat_up","BP","with_iea",203,11888,128,3.66009852216749,FALSE,1,58,"angiogenesis",5.022,9,0.108945527236382,0.0843373493975904,2.0655,0.000999500249875062,0
"GO:0052652","cyclic purine nucleotide metabolic process","4/203","30/11888",0.133333333333333,7.80821018062397,4.92104856424728,0.00159727170338131,0.0244267751251443,0.0193711884440916,"ADCY4/EPHA2/NPPC/NPR3",4,"KO_heat_up","BP","with_iea",203,11888,30,7.80821018062397,FALSE,27,3,"cyclic nucleotide biosynthetic process",0.615,2,0.00299850074962519,0.00107991360691145,0.434,0.00149925037481259,0
"GO:0035296","regulation of tube diameter","7/203","100/11888",0.07,4.09931034482759,4.10218076792631,0.00159959056091363,0.0244267751251443,0.0193711884440916,"ADM/ADORA2A/ADORA2B/AVPR1A/CALCA/GJA5/NPPC",7,"KO_heat_up","BP","with_iea",203,11888,100,4.09931034482759,FALSE,13,9,"regulation of body fluid levels",3.581,7,0.0679660169915042,0.0510725229826353,1.572,0.000999500249875062,0
"GO:0097746","blood vessel diameter maintenance","7/203","100/11888",0.07,4.09931034482759,4.10218076792631,0.00159959056091363,0.0244267751251443,0.0193711884440916,"ADM/ADORA2A/ADORA2B/AVPR1A/CALCA/GJA5/NPPC",7,"KO_heat_up","BP","with_iea",203,11888,100,4.09931034482759,TRUE,21,11,"regulation of systemic arterial blood pressure",3.581,7,0.0679660169915042,0.0510725229826353,1.572,0.000999500249875062,0
"GO:0003018","vascular process in circulatory system","10/203","191/11888",0.0523560209424084,3.06605111804606,3.79393855712697,0.00162805644751584,0.0247479448117819,0.0196258859426567,"ADM/ADORA2A/ADORA2B/ATP2B4/AVPR1A/CALCA/GJA5/NPPC/SLC13A3/SLC2A1",10,"KO_heat_up","BP","with_iea",203,11888,191,3.06605111804606,TRUE,21,11,"regulation of systemic arterial blood pressure",6.07,10,0.079960019990005,0.0576152304609218,3.163,0.00199900049975012,0
"GO:0007599","hemostasis","10/203","192/11888",0.0520833333333333,3.05008210180624,3.77461777362115,0.00169250858129143,0.0254074870087785,0.0201489233112572,"ADORA2A/ANXA2/CD40LG/F3/PDGFA/PDGFB/PLAUR/PLEK/PROCR/SERPINE1",10,"KO_heat_up","BP","with_iea",203,11888,192,3.05008210180624,FALSE,13,9,"regulation of body fluid levels",5.4545,9,0.04047976011994,0.0291310899045706,3.132,0.00199900049975012,0
"GO:0035150","regulation of tube size","7/203","101/11888",0.0693069306930693,4.05872311369068,4.0688249129977,0.00169434127844663,0.0254074870087785,0.0201489233112572,"ADM/ADORA2A/ADORA2B/AVPR1A/CALCA/GJA5/NPPC",7,"KO_heat_up","BP","with_iea",203,11888,101,4.05872311369068,FALSE,13,9,"regulation of body fluid levels",3.6275,7,0.072463768115942,0.0540540540540541,1.5865,0.000999500249875062,0
"GO:0043534","blood vessel endothelial cell migration","7/203","101/11888",0.0693069306930693,4.05872311369068,4.0688249129977,0.00169434127844663,0.0254074870087785,0.0201489233112572,"ATP2B4/CARD10/EGR3/EPHA2/NR4A1/PDGFB/PLK2",7,"KO_heat_up","BP","with_iea",203,11888,101,4.05872311369068,TRUE,4,27,"positive regulation of cell motility",4.0105,7,0.0989505247376312,0.0668693009118541,1.679,0.00249875062468766,0
"GO:0070374","positive regulation of ERK1 and ERK2 cascade","8/203","130/11888",0.0615384615384615,3.60378931413414,3.93441874476181,0.00172816920728119,0.0257985439060048,0.020459043530145,"ADORA2A/CCL3/EGFR/GPR183/INHBA/PDGFA/PDGFB/TNFSF11",8,"KO_heat_up","BP","with_iea",203,11888,130,3.60378931413414,FALSE,7,26,"phospholipase C-activating G protein-coupled receptor signaling pathway",5.161,9,0.139430284857571,0.103309929789368,2.104,0.00149925037481259,0
"GO:0071677","positive regulation of mononuclear cell migration","6/203","75/11888",0.08,4.68492610837438,4.21938452079143,0.00174257684306827,0.0258974924579209,0.0205375127933046,"ADAM8/CCL20/CCL3/CCL4/SERPINE1/TNFSF14",6,"KO_heat_up","BP","with_iea",203,11888,75,4.68492610837438,FALSE,4,27,"positive regulation of cell motility",3.0605,6,0.0839580209895052,0.0565059616381545,1.2395,0.000999500249875062,0
"GO:0007622","rhythmic behavior","4/203","31/11888",0.129032258064516,7.55633243286191,4.81752741641157,0.00180966887608955,0.0266565826924873,0.0211394948357364,"ADORA2A/CSF2/EGR1/EGR2",4,"KO_heat_up","BP","with_iea",203,11888,31,7.55633243286191,TRUE,28,1,"rhythmic behavior",0.913,3,0.00949525237381309,0.00813008130081301,0.472,0.000499750124937531,0
"GO:0009187","cyclic nucleotide metabolic process","4/203","31/11888",0.129032258064516,7.55633243286191,4.81752741641157,0.00180966887608955,0.0266565826924873,0.0211394948357364,"ADCY4/EPHA2/NPPC/NPR3",4,"KO_heat_up","BP","with_iea",203,11888,31,7.55633243286191,FALSE,27,3,"cyclic nucleotide biosynthetic process",0.633,2,0.00449775112443778,0.00318471337579618,0.4485,0.00149925037481259,0
"GO:0040008","regulation of growth","17/203","451/11888",0.0376940133037694,2.20742083820301,3.44556676079902,0.00187130343192109,0.0274430357923583,0.0217631764769678,"AVPR1A/CDKN1A/CRABP2/EGFR/FOSL2/GAP43/HBEGF/HSPA1A/IL2/IL9/INHBA/NPPC/PAK1/SPHK1/SPP1/TP73/WNT3",17,"KO_heat_up","BP","with_iea",203,11888,451,2.20742083820301,TRUE,5,6,"positive regulation of locomotion",14.824,21,0.301849075462269,0.2255,7.521,0.00249875062468766,0
"GO:0021537","telencephalon development","10/203","195/11888",0.0512820512820513,3.00315776177845,3.71739984896759,0.0018983806185349,0.0277180222767661,0.0219812492672462,"ATP2B4/AVPR1A/EFNA2/EGFR/EOMES/INHBA/KDM6B/NR4A3/SLC2A1/TP73",10,"KO_heat_up","BP","with_iea",203,11888,195,3.00315776177845,FALSE,1,58,"angiogenesis",6.1395,10,0.0839580209895052,0.053714859437751,3.198,0.00199900049975012,0
"GO:0060143","positive regulation of syncytium formation by plasma membrane fusion","3/203","15/11888",0.2,11.712315270936,5.4716528205187,0.00191838555131229,0.0278720220739197,0.022103375871177,"CD53/EHD2/TNFSF14",3,"KO_heat_up","BP","with_iea",203,11888,15,11.712315270936,FALSE,17,8,"positive regulation of cell development",0.4375,2,0.00749625187406297,0.00966850828729282,0.2195,0.00199900049975012,0
"GO:0003013","circulatory system process","16/203","413/11888",0.0387409200968523,2.26872935030237,3.45889562845513,0.00192567289786769,0.0278720220739197,0.022103375871177,"ADM/ADORA2A/ADORA2B/ATP2B4/AVPR1A/CALCA/GJA5/HBEGF/IER3/NPPC/NPR3/OLR1/PDGFB/SCN9A/SLC13A3/SLC2A1",16,"KO_heat_up","BP","with_iea",203,11888,413,2.26872935030237,FALSE,21,11,"regulation of systemic arterial blood pressure",12.87,18,0.209395302348826,0.1535,6.9555,0.00349825087456272,0
"GO:0002761","regulation of myeloid leukocyte differentiation","7/203","104/11888",0.0673076923076923,3.94164456233422,3.9712780066442,0.00200497712639317,0.028646218256493,0.0227173373977595,"CALCA/CCL3/IL23A/INHBA/TNFRSF11B/TNFSF11/ZBTB46",7,"KO_heat_up","BP","with_iea",203,11888,104,3.94164456233422,FALSE,12,28,"osteoclast differentiation",3.986,7,0.095952023988006,0.0629441624365482,1.7095,0.00149925037481259,0
"GO:0008630","intrinsic apoptotic signaling pathway in response to DNA damage","7/203","104/11888",0.0673076923076923,3.94164456233422,3.9712780066442,0.00200497712639317,0.028646218256493,0.0227173373977595,"CDKN1A/CLU/EPHA2/HIC1/IER3/TP73/UACA",7,"KO_heat_up","BP","with_iea",203,11888,104,3.94164456233422,TRUE,7,26,"phospholipase C-activating G protein-coupled receptor signaling pathway",3.406,7,0.0544727636181909,0.0328710837185413,1.647,0.00149925037481259,0
"GO:0050921","positive regulation of chemotaxis","7/203","104/11888",0.0673076923076923,3.94164456233422,3.9712780066442,0.00200497712639317,0.028646218256493,0.0227173373977595,"CCL3/CCL4/F3/IL23A/PDGFB/SERPINE1/TNFSF14",7,"KO_heat_up","BP","with_iea",203,11888,104,3.94164456233422,FALSE,2,4,"chemotaxis",4.222,8,0.121939030484758,0.0792129162462159,1.7355,0.00149925037481259,0
"GO:0060541","respiratory system development","9/203","165/11888",0.0545454545454545,3.19426780116435,3.74095093213918,0.00209031416754138,0.0297378455715609,0.0235830316338002,"ALDH1A2/ANXA2/FOSL2/ITGA3/LTBP3/PDGFA/SPRY1/STRA6/TP73",9,"KO_heat_up","BP","with_iea",203,11888,165,3.19426780116435,FALSE,1,58,"angiogenesis",5.8295,10,0.131934032983508,0.0822055137844612,2.7145,0.000499750124937531,0
"GO:0032496","response to lipopolysaccharide","12/203","267/11888",0.0449438202247191,2.63198095976089,3.55482936949468,0.00211912540862661,0.0300194403630552,0.0238063450160606,"CD200/CD80/CSF2/FASLG/FOSL2/GFI1/IL1A/IL24/LTA/NR4A1/PTGER2/SERPINE1",12,"KO_heat_up","BP","with_iea",203,11888,267,2.63198095976089,FALSE,15,7,"humoral immune response",9.5255,14,0.236381809095452,0.164,4.4275,0.00299850074962519,0
"GO:0043500","muscle adaptation","6/203","78/11888",0.0769230769230769,4.50473664266768,4.09305455929433,0.00213106079113807,0.0300605990410959,0.0238389851212055,"ASB2/ATP2B4/GATM/NR4A3/PAK1/PDGFB",6,"KO_heat_up","BP","with_iea",203,11888,78,4.50473664266768,FALSE,21,11,"regulation of systemic arterial blood pressure",3.025,6,0.0764617691154423,0.0446663163426169,1.2745,0.00149925037481259,0
"GO:1903530","regulation of secretion by cell","16/203","418/11888",0.0382775119617225,2.24159143941358,3.40608069967417,0.0021741796620213,0.0305394265606283,0.0242187101592246,"ADAM8/ADORA2A/ADORA2B/ANXA2/AVPR1A/CD200/GJA5/GRP/IL1A/ILDR1/INHBA/SDC1/SDC4/SPP1/SYT15/TNFSF11",16,"KO_heat_up","BP","with_iea",203,11888,418,2.24159143941358,FALSE,18,6,"positive regulation of secretion by cell",14.119,20,0.343328335832084,0.248,6.998,0.00199900049975012,0
"GO:0043524","negative regulation of neuron apoptotic process","8/203","135/11888",0.0592592592592593,3.47031563583288,3.80465038841012,0.00219265280475247,0.0306226273922478,0.0242846909929511,"ADAM8/ADORA2A/CLU/NPPC/NR4A2/NR4A3/NRBP2/TP73",8,"KO_heat_up","BP","with_iea",203,11888,135,3.47031563583288,FALSE,23,3,"regulation of neuron apoptotic process",4.894,9,0.101449275362319,0.0603621730382294,2.2175,0.00249875062468766,0
"GO:0002437","inflammatory response to antigenic stimulus","5/203","54/11888",0.0925925925925926,5.42236818098887,4.29294956229808,0.00221689792776561,0.0306226273922478,0.0242846909929511,"C3/FOSL2/KDM6B/LTA/PLK2",5,"KO_heat_up","BP","with_iea",203,11888,54,5.42236818098887,TRUE,9,6,"response to wounding",2.002,4,0.0449775112443778,0.0301994301994302,0.8535,0.00149925037481259,0
"GO:0014909","smooth muscle cell migration","5/203","54/11888",0.0925925925925926,5.42236818098887,4.29294956229808,0.00221689792776561,0.0306226273922478,0.0242846909929511,"NR4A3/PAK1/PDGFA/PDGFB/SERPINE1",5,"KO_heat_up","BP","with_iea",203,11888,54,5.42236818098887,TRUE,4,27,"positive regulation of cell motility",1.9465,4,0.039480259870065,0.016733987305251,0.849,0.00149925037481259,0
"GO:0061180","mammary gland epithelium development","5/203","54/11888",0.0925925925925926,5.42236818098887,4.29294956229808,0.00221689792776561,0.0306226273922478,0.0242846909929511,"AREG/EPHA2/IRF6/TNFSF11/WNT3",5,"KO_heat_up","BP","with_iea",203,11888,54,5.42236818098887,TRUE,1,58,"angiogenesis",2.174,5,0.0604697651174413,0.0331460674157303,0.8445,0.00199900049975012,0
"GO:0030099","myeloid cell differentiation","15/203","381/11888",0.0393700787401575,2.30557387223149,3.41391476117914,0.00227418841821516,0.0312841869596622,0.0248093281987108,"ANXA2/BATF3/CALCA/CCL3/CSF2/EFNA2/EPHA2/FOSL2/GPR183/HSPA1A/IL23A/INHBA/TNFRSF11B/TNFSF11/ZBTB46",15,"KO_heat_up","BP","with_iea",203,11888,381,2.30557387223149,FALSE,12,28,"osteoclast differentiation",12.4565,18,0.247376311844078,0.1695,6.351,0.00199900049975012,0
"GO:0050679","positive regulation of epithelial cell proliferation","8/203","136/11888",0.0588235294117647,3.44479860909881,3.77943120534856,0.00229632956562946,0.0314587700575328,0.024947777996962,"AREG/EGFR/EGR3/F3/NR4A1/NR4A3/PDGFB/TGM1",8,"KO_heat_up","BP","with_iea",203,11888,136,3.44479860909881,TRUE,10,14,"leukocyte proliferation",5.2,9,0.143428285857071,0.08785140562249,2.207,0.00249875062468766,0
"GO:0035115","embryonic forelimb morphogenesis","3/203","16/11888",0.1875,10.9802955665025,5.26515598910775,0.0023315767465665,0.0316808938339586,0.0251239290242267,"ALDH1A2/CRABP2/WNT3",3,"KO_heat_up","BP","with_iea",203,11888,16,10.9802955665025,TRUE,29,2,"embryonic forelimb morphogenesis",0.4295,2,0.00649675162418791,0.00559440559440559,0.2285,0.00149925037481259,0
"GO:0035795","negative regulation of mitochondrial membrane permeability","3/203","16/11888",0.1875,10.9802955665025,5.26515598910775,0.0023315767465665,0.0316808938339586,0.0251239290242267,"HK2/HSPA1A/IER3",3,"KO_heat_up","BP","with_iea",203,11888,16,10.9802955665025,TRUE,13,9,"regulation of body fluid levels",0.402,2,0.00849575212393803,0.00882352941176471,0.2235,0.00149925037481259,0
"GO:0002040","sprouting angiogenesis","7/203","107/11888",0.0654205607476635,3.83113116339027,3.87731060517911,0.00235800491528758,0.0319097494430583,0.0253054186030862,"CARD10/EGR3/EPHA2/EPN2/NR4A1/PLK2/TGM2",7,"KO_heat_up","BP","with_iea",203,11888,107,3.83113116339027,FALSE,1,58,"angiogenesis",3.553,7,0.0599700149925037,0.0295616717635066,1.736,0.00149925037481259,0
"GO:0010721","negative regulation of cell development","10/203","201/11888",0.0497512437810945,2.91351126142686,3.60617934138124,0.00237087588569923,0.0319540316740596,0.0253405357823723,"CALCA/CCL3/IL2/INHBA/NPPC/S1PR3/SPP1/TNFRSF11B/WNT3/ZBTB46",10,"KO_heat_up","BP","with_iea",203,11888,201,2.91351126142686,FALSE,17,8,"positive regulation of cell development",7.3855,12,0.2023988005997,0.137637637637638,3.355,0.00299850074962519,0
"GO:0001763","morphogenesis of a branching structure","8/203","137/11888",0.0583941605839416,3.41965409370393,3.75444673596304,0.00240381854739071,0.0320293466830792,0.025400262914788,"ADM/AREG/EPHA2/PAK1/PDGFA/SPINT1/SPRY1/TGM2",8,"KO_heat_up","BP","with_iea",203,11888,137,3.41965409370393,FALSE,1,58,"angiogenesis",5.3495,9,0.147926036981509,0.0857572718154463,2.22,0.000999500249875062,0
"GO:0055006","cardiac cell development","5/203","55/11888",0.0909090909090909,5.32377966860725,4.2361102972686,0.00240532792753674,0.0320293466830792,0.025400262914788,"ASB2/INHBA/NEB/PAK1/SPRY1",5,"KO_heat_up","BP","with_iea",203,11888,55,5.32377966860725,FALSE,12,28,"osteoclast differentiation",1.9855,4,0.04047976011994,0.0131278538812785,0.8845,0.00149925037481259,0
"GO:2000630","positive regulation of miRNA metabolic process","5/203","55/11888",0.0909090909090909,5.32377966860725,4.2361102972686,0.00240532792753674,0.0320293466830792,0.025400262914788,"EGFR/EGR1/FOSL1/NOTCH3/PDGFB",5,"KO_heat_up","BP","with_iea",203,11888,55,5.32377966860725,TRUE,26,3,"positive regulation of miRNA transcription",2.233,5,0.0594702648675662,0.0338137472283814,0.8905,0.00349825087456272,0
"GO:0008015","blood circulation","14/203","347/11888",0.0403458213256484,2.36271489615423,3.39561006448095,0.00253580624358351,0.0336322668720698,0.0266714282193644,"ADM/ADORA2A/ADORA2B/ATP2B4/AVPR1A/CALCA/GJA5/HBEGF/IER3/NPPC/NPR3/OLR1/PDGFB/SCN9A",14,"KO_heat_up","BP","with_iea",203,11888,347,2.36271489615423,FALSE,21,11,"regulation of systemic arterial blood pressure",11.2105,16,0.223388305847076,0.142,5.8055,0.00449775112443778,0
"GO:0051962","positive regulation of nervous system development","10/203","203/11888",0.0492610837438424,2.8848067169793,3.57001691112554,0.00254787109366398,0.0336581859952674,0.0266919828860036,"CRABP2/EGR2/LTA/PAK1/PLXNB2/SEMA4A/SPINT1/TGM2/TP73/WNT3",10,"KO_heat_up","BP","with_iea",203,11888,203,2.8848067169793,FALSE,1,58,"angiogenesis",7.017,11,0.151424287856072,0.0945,3.413,0.00149925037481259,0
"GO:0048660","regulation of smooth muscle cell proliferation","7/203","109/11888",0.0642201834862385,3.7608351787409,3.81653553312081,0.00261874123901773,0.0344576663426483,0.0273259955375763,"CDKN1A/HBEGF/NOTCH3/NPPC/NR4A3/PAK1/PDGFB",7,"KO_heat_up","BP","with_iea",203,11888,109,3.7608351787409,TRUE,10,14,"leukocyte proliferation",4.4385,8,0.146926536731634,0.0752145381120646,1.746,0.000999500249875062,0
"GO:0007369","gastrulation","8/203","139/11888",0.0575539568345324,3.37045043767941,3.7051655680677,0.00263061775238908,0.0344776633767844,0.0273418538043589,"EOMES/EPHA2/IL1RN/INHBA/ITGA3/KDM6B/NR4A3/WNT3",8,"KO_heat_up","BP","with_iea",203,11888,139,3.37045043767941,FALSE,1,58,"angiogenesis",4.669,8,0.095952023988006,0.0478589420654912,2.288,0.00349825087456272,0
"GO:0051146","striated muscle cell differentiation","10/203","205/11888",0.0487804878048781,2.85666226120389,3.53429213366391,0.00273532003535238,0.0357093348928944,0.0283186074248246,"ASB2/AVPR1A/CD53/EHD2/KDM6B/KLF5/NEB/PAK1/SDC1/TNFSF14",10,"KO_heat_up","BP","with_iea",203,11888,205,2.85666226120389,FALSE,12,28,"osteoclast differentiation",6.659,11,0.11544227886057,0.0601202404809619,3.4265,0.00399800099950025,0
"GO:0045582","positive regulation of T cell differentiation","7/203","110/11888",0.0636363636363636,3.72664576802508,3.78668413241338,0.00275714674256174,0.0358536777577657,0.0284330757826679,"ADAM8/CD80/CD83/EGR3/IL2/IL23A/TNFSF9",7,"KO_heat_up","BP","with_iea",203,11888,110,3.72664576802508,TRUE,12,28,"osteoclast differentiation",4.702,8,0.182908545727136,0.094017094017094,1.7375,0.00249875062468766,0
"GO:0031639","plasminogen activation","3/203","17/11888",0.176470588235294,10.3343958272964,5.07617765976286,0.00279584009186945,0.0362153761316475,0.0287199137841843,"ANXA2/PLAUR/SERPINE1",3,"KO_heat_up","BP","with_iea",203,11888,17,10.3343958272964,TRUE,6,9,"positive regulation of cytokine production",0.475,2,0.00999500249875063,0.00517464424320828,0.239,0.00199900049975012,0
"GO:0030225","macrophage differentiation","5/203","57/11888",0.087719298245614,5.13698038198946,4.12648199053423,0.00281671407486955,0.0363443455629486,0.0288221905335489,"CALCA/CSF2/FOSL2/INHBA/ZBTB46",5,"KO_heat_up","BP","with_iea",203,11888,57,5.13698038198946,FALSE,12,28,"osteoclast differentiation",2.29,5,0.0769615192403798,0.0299334811529933,0.905,0.00349825087456272,0
"GO:0001935","endothelial cell proliferation","7/203","111/11888",0.0630630630630631,3.69307238272755,3.75717972504527,0.00290110106713783,0.0372886697007792,0.0295710687924473,"ALDH1A2/CALCA/EGR3/EPHA2/F3/NR4A1/PDGFB",7,"KO_heat_up","BP","with_iea",203,11888,111,3.69307238272755,FALSE,10,14,"leukocyte proliferation",4.2045,8,0.121939030484758,0.0699797160243408,1.8115,0.00199900049975012,0
"GO:0002460","adaptive immune response based on somatic recombination of immune receptors built from immunoglobulin superfamily domains","12/203","278/11888",0.0431654676258993,2.52783782825956,3.39745207097223,0.0029532063823399,0.03767966742308,0.0298811420837883,"C3/CD40LG/CD70/CD80/CLU/IGKC/IL2/IL23A/IL9/KLRC1/LTA/SEMA4A",12,"KO_heat_up","BP","with_iea",203,11888,278,2.52783782825956,FALSE,22,5,"leukocyte mediated immunity",9.81,15,0.270364817591204,0.177,4.5325,0.000999500249875062,0
"GO:0001558","regulation of cell growth","13/203","315/11888",0.0412698412698413,2.41682696066932,3.35906884327104,0.0029541583651018,0.03767966742308,0.0298811420837883,"AVPR1A/CDKN1A/CRABP2/EGFR/HBEGF/HSPA1A/IL2/IL9/INHBA/PAK1/SPHK1/SPP1/WNT3",13,"KO_heat_up","BP","with_iea",203,11888,315,2.41682696066933,FALSE,5,6,"positive regulation of locomotion",10.0085,15,0.200899550224888,0.108,5.196,0.00349825087456272,0
"GO:0043542","endothelial cell migration","9/203","175/11888",0.0514285714285714,3.01173821252639,3.53367179417018,0.00310913801398988,0.039505039880047,0.0313287189195927,"ATP2B4/CALCA/CARD10/EGR3/EPHA2/NR4A1/PDGFB/PLK2/SEMA4A",9,"KO_heat_up","BP","with_iea",203,11888,175,3.01173821252639,FALSE,4,27,"positive regulation of cell motility",6.4575,10.05,0.184907546226887,0.1015,2.9395,0.00249875062468766,0
"GO:0048659","smooth muscle cell proliferation","7/203","113/11888",0.0619469026548673,3.62770826975893,3.69918203813437,0.00320623518141395,0.0399930792431677,0.0317157492345938,"CDKN1A/HBEGF/NOTCH3/NPPC/NR4A3/PAK1/PDGFB",7,"KO_heat_up","BP","with_iea",203,11888,113,3.62770826975893,TRUE,10,14,"leukocyte proliferation",4.5695,8,0.162918540729635,0.075642965204236,1.824,0.00149925037481259,0
"GO:0071675","regulation of mononuclear cell migration","7/203","113/11888",0.0619469026548673,3.62770826975893,3.69918203813437,0.00320623518141395,0.0399930792431677,0.0317157492345938,"ADAM8/CCL20/CCL3/CCL4/CD200/SERPINE1/TNFSF14",7,"KO_heat_up","BP","with_iea",203,11888,113,3.62770826975893,FALSE,4,27,"positive regulation of cell motility",4.3265,8,0.135432283858071,0.0572441742654509,1.891,0.00249875062468766,0
"GO:0001666","response to hypoxia","11/203","245/11888",0.0448979591836735,2.62929526490399,3.39641054632445,0.00324252114102945,0.0399930792431677,0.0317157492345938,"ADAM8/AK4/EGR1/FOSL2/HK2/INHBA/LTA/NPPC/NR4A2/PAK1/SLC2A1",11,"KO_heat_up","BP","with_iea",203,11888,245,2.62929526490399,TRUE,9,6,"response to wounding",8.3715,13,0.218890554722639,0.1185,4.048,0.00399800099950025,0
"GO:0045670","regulation of osteoclast differentiation","5/203","59/11888",0.0847457627118644,4.96284545378642,4.02187823186756,0.0032767402707695,0.0399930792431677,0.0317157492345938,"CALCA/CCL3/IL23A/TNFRSF11B/TNFSF11",5,"KO_heat_up","BP","with_iea",203,11888,59,4.96284545378642,FALSE,12,28,"osteoclast differentiation",2.023,4.04999999999995,0.0504747626186907,0.0174157303370787,0.962,0.00349825087456272,0
"GO:0038128","ERBB2 signaling pathway","3/203","18/11888",0.166666666666667,9.76026272577997,4.90227665017127,0.00331314050212146,0.0399930792431677,0.0317157492345938,"AREG/EGFR/HBEGF",3,"KO_heat_up","BP","with_iea",203,11888,18,9.76026272577997,FALSE,7,26,"phospholipase C-activating G protein-coupled receptor signaling pathway",0.6555,2,0.0284857571214393,0.0123711340206186,0.2525,0.00249875062468766,0
"GO:0048670","regulation of collateral sprouting","3/203","18/11888",0.166666666666667,9.76026272577997,4.90227665017127,0.00331314050212146,0.0399930792431677,0.0317157492345938,"CRABP2/SPP1/WNT3",3,"KO_heat_up","BP","with_iea",203,11888,18,9.76026272577997,TRUE,16,9,"axonogenesis",0.536,2,0.0124937531234383,0.00357568533969011,0.263,0.00249875062468766,0
"GO:0060142","regulation of syncytium formation by plasma membrane fusion","3/203","18/11888",0.166666666666667,9.76026272577997,4.90227665017127,0.00331314050212146,0.0399930792431677,0.0317157492345938,"CD53/EHD2/TNFSF14",3,"KO_heat_up","BP","with_iea",203,11888,18,9.76026272577997,FALSE,17,8,"positive regulation of cell development",0.5605,2,0.0154922538730635,0.00340136054421769,0.2765,0.00349825087456272,0
"GO:0072012","glomerulus vasculature development","3/203","18/11888",0.166666666666667,9.76026272577997,4.90227665017127,0.00331314050212146,0.0399930792431677,0.0317157492345938,"EGR1/NOTCH3/PDGFB",3,"KO_heat_up","BP","with_iea",203,11888,18,9.76026272577997,FALSE,1,58,"angiogenesis",0.6985,2,0.0269865067466267,0.0114832535885167,0.2665,0.00149925037481259,0
"GO:0072210","metanephric nephron development","3/203","18/11888",0.166666666666667,9.76026272577997,4.90227665017127,0.00331314050212146,0.0399930792431677,0.0317157492345938,"EGR1/PDGFB/RET",3,"KO_heat_up","BP","with_iea",203,11888,18,9.76026272577997,FALSE,1,58,"angiogenesis",0.66,2,0.0254872563718141,0.00816326530612245,0.2605,0.00199900049975012,0
"GO:0120255","olefinic compound biosynthetic process","3/203","18/11888",0.166666666666667,9.76026272577997,4.90227665017127,0.00331314050212146,0.0399930792431677,0.0317157492345938,"ADM/EGR1/INHBA",3,"KO_heat_up","BP","with_iea",203,11888,18,9.76026272577997,TRUE,24,2,"regulation of lipid biosynthetic process",0.547,2,0.0109945027486257,0,0.237,0.00199900049975012,0
"GO:1901623","regulation of lymphocyte chemotaxis","3/203","18/11888",0.166666666666667,9.76026272577997,4.90227665017127,0.00331314050212146,0.0399930792431677,0.0317157492345938,"CCL3/CCL4/TNFSF14",3,"KO_heat_up","BP","with_iea",203,11888,18,9.76026272577997,FALSE,4,27,"positive regulation of cell motility",0.6325,2,0.0284857571214393,0.00628930817610063,0.2895,0.00499750124937531,0
"GO:1905709","negative regulation of membrane permeability","3/203","18/11888",0.166666666666667,9.76026272577997,4.90227665017127,0.00331314050212146,0.0399930792431677,0.0317157492345938,"HK2/HSPA1A/IER3",3,"KO_heat_up","BP","with_iea",203,11888,18,9.76026272577997,TRUE,13,9,"regulation of body fluid levels",0.4715,2,0.0129935032483758,0.00649350649350649,0.253,0.00249875062468766,0
"GO:0002237","response to molecule of bacterial origin","12/203","282/11888",0.0425531914893617,2.49198197253957,3.342078439016,0.00331573741998026,0.0399930792431677,0.0317157492345938,"CD200/CD80/CSF2/FASLG/FOSL2/GFI1/IL1A/IL24/LTA/NR4A1/PTGER2/SERPINE1",12,"KO_heat_up","BP","with_iea",203,11888,282,2.49198197253957,FALSE,15,7,"humoral immune response",10.0305,15,0.294852573713143,0.1725,4.704,0.00449775112443778,0
"GO:0014706","striated muscle tissue development","12/203","282/11888",0.0425531914893617,2.49198197253957,3.342078439016,0.00331573741998026,0.0399930792431677,0.0317157492345938,"ALDH1A2/ASB2/EGR1/EGR2/EOMES/GJA5/KDM6B/KLF5/NEB/NR4A1/PAK1/TP73",12,"KO_heat_up","BP","with_iea",203,11888,282,2.49198197253957,FALSE,1,58,"angiogenesis",9.5315,14,0.23888055972014,0.1305,4.7425,0.00299850074962519,0
"GO:0051402","neuron apoptotic process","11/203","246/11888",0.0447154471544715,2.61860707277024,3.38115423325271,0.00334473672762524,0.0401972150406658,0.0318776352380167,"ADAM8/ADORA2A/CCL3/CLU/EGR1/FASLG/NPPC/NR4A2/NR4A3/NRBP2/TP73",11,"KO_heat_up","BP","with_iea",203,11888,246,2.61860707277024,TRUE,23,3,"regulation of neuron apoptotic process",8.6005,13,0.239880059970015,0.131065532766383,4.096,0.00449775112443778,0
"GO:1903706","regulation of hemopoiesis","14/203","358/11888",0.0391061452513966,2.29011751107686,3.26682538533764,0.00336046349841777,0.040240945993643,0.0319123152367731,"ADAM8/CALCA/CCL3/CD80/CD83/EGR3/HSPA1A/IL2/IL23A/INHBA/TNFRSF11B/TNFSF11/TNFSF9/ZBTB46",14,"KO_heat_up","BP","with_iea",203,11888,358,2.29011751107686,FALSE,12,28,"osteoclast differentiation",13.2025,18,0.43928035982009,0.3005,5.8495,0.00399800099950025,0
"GO:0002287","alpha-beta T cell activation involved in immune response","6/203","86/11888",0.0697674418604651,4.08569137358231,3.78524242313271,0.00348675106661952,0.0414549796456299,0.0328750814852698,"CD80/EOMES/GPR183/IL2/IL23A/SEMA4A",6,"KO_heat_up","BP","with_iea",203,11888,86,4.08569137358231,TRUE,8,20,"regulation of leukocyte activation",3.575,7,0.135932033983008,0.0672139558748076,1.3955,0.00299850074962519,0
"GO:0002293","alpha-beta T cell differentiation involved in immune response","6/203","86/11888",0.0697674418604651,4.08569137358231,3.78524242313271,0.00348675106661952,0.0414549796456299,0.0328750814852698,"CD80/EOMES/GPR183/IL2/IL23A/SEMA4A",6,"KO_heat_up","BP","with_iea",203,11888,86,4.08569137358231,FALSE,12,28,"osteoclast differentiation",3.575,7,0.135932033983008,0.0672139558748076,1.3955,0.00299850074962519,0
"GO:0150077","regulation of neuroinflammatory response","4/203","37/11888",0.108108108108108,6.33098122753295,4.28055723284408,0.00350762782887771,0.0414802576548419,0.032895127728682,"CCL3/CD200/DAGLA/SPHK1",4,"KO_heat_up","BP","with_iea",203,11888,37,6.33098122753295,FALSE,11,13,"regulation of inflammatory response",1.3515,3,0.0429785107446277,0.0157790927021696,0.5975,0.00499750124937531,0
"GO:0008217","regulation of blood pressure","7/203","115/11888",0.0608695652173913,3.56461769115442,3.64248501591896,0.00353531272819187,0.0414802576548419,0.032895127728682,"ADM/AVPR1A/CALCA/GJA5/IER3/NPR3/PDGFB",7,"KO_heat_up","BP","with_iea",203,11888,115,3.56461769115442,FALSE,21,11,"regulation of systemic arterial blood pressure",3.548,7,0.0654672663668166,0.026694045174538,1.861,0.00299850074962519,0
"GO:0016064","immunoglobulin mediated immune response","7/203","115/11888",0.0608695652173913,3.56461769115442,3.64248501591896,0.00353531272819187,0.0414802576548419,0.032895127728682,"C3/CD40LG/CLU/IGKC/IL2/IL9/LTA",7,"KO_heat_up","BP","with_iea",203,11888,115,3.56461769115442,FALSE,22,5,"leukocyte mediated immunity",3.6185,7,0.0649675162418791,0.0256016385048643,1.8495,0.00449775112443778,0
"GO:0010563","negative regulation of phosphorus metabolic process","8/203","146/11888",0.0547945205479452,3.20885349888656,3.53950144754166,0.00355891179149595,0.0414802576548419,0.032895127728682,"CDKN1A/GPRC5A/IER3/INHBA/PARD3/PDGFA/PDGFB/PLEK",8,"KO_heat_up","BP","with_iea",203,11888,146,3.20885349888656,FALSE,20,10,"positive regulation of phosphorylation",5.238,9,0.154422788605697,0.0688788335847159,2.411,0.00349825087456272,0
"GO:0045936","negative regulation of phosphate metabolic process","8/203","146/11888",0.0547945205479452,3.20885349888656,3.53950144754166,0.00355891179149595,0.0414802576548419,0.032895127728682,"CDKN1A/GPRC5A/IER3/INHBA/PARD3/PDGFA/PDGFB/PLEK",8,"KO_heat_up","BP","with_iea",203,11888,146,3.20885349888656,FALSE,20,10,"positive regulation of phosphorylation",5.238,9,0.154422788605697,0.0688788335847159,2.411,0.00349825087456272,0
"GO:0071396","cellular response to lipid","17/203","480/11888",0.0354166666666667,2.07405582922824,3.16601166656403,0.00356363883727389,0.0414802576548419,0.032895127728682,"ALDH1A2/CD200/CD80/CSF2/EGFR/GFI1/HSPA1A/IL1A/IL24/INHBA/NR4A3/PAK1/PTGER2/RET/SERPINE1/SPP1/WNT3",17,"KO_heat_up","BP","with_iea",203,11888,480,2.07405582922824,TRUE,19,3,"response to leukemia inhibitory factor",16.8935,23,0.527236381809095,0.356,8.0485,0.00299850074962519,0
"GO:0002687","positive regulation of leukocyte migration","7/203","116/11888",0.0603448275862069,3.53388822829964,3.614607236825,0.00370920022172859,0.0430241377635348,0.0341194724228693,"ADAM8/CCL20/CCL3/CCL4/IL23A/SERPINE1/TNFSF14",7,"KO_heat_up","BP","with_iea",203,11888,116,3.53388822829964,FALSE,4,27,"positive regulation of cell motility",4.439,8,0.153423288355822,0.0663963507349214,1.942,0.00249875062468766,0
"GO:0044703","multi-organism reproductive process","8/203","148/11888",0.0540540540540541,3.16549061376648,3.49400004970325,0.00386591558047455,0.0438043233141991,0.0347381837036605,"AVPR1A/CALCA/CLDN4/ITGA3/PLA2G4C/SLC2A1/SPP1/TIMP1",8,"KO_heat_up","BP","with_iea",203,11888,148,3.16549061376648,TRUE,30,1,"multi-organism reproductive process",4.6575,9,0.0969515242378811,0.0449722081859525,2.409,0.00249875062468766,0
"GO:0048286","lung alveolus development","4/203","38/11888",0.105263157894737,6.16437645838735,4.20262178883919,0.0038686843554226,0.0438043233141991,0.0347381837036605,"FOSL2/LTBP3/PDGFA/STRA6",4,"KO_heat_up","BP","with_iea",203,11888,38,6.16437645838735,FALSE,1,58,"angiogenesis",1.2785,3,0.0344827586206897,0.00745257452574526,0.5675,0.00299850074962519,0
"GO:0003417","growth plate cartilage development","3/203","19/11888",0.157894736842105,9.24656468758102,4.7414655287571,0.00388529785351961,0.0438043233141991,0.0347381837036605,"COL27A1/FOSL2/NPPC",3,"KO_heat_up","BP","with_iea",203,11888,19,9.24656468758102,TRUE,1,58,"angiogenesis",0.614,2,0.0204897551224388,0.00638297872340425,0.277,0.00299850074962519,0
"GO:0035136","forelimb morphogenesis","3/203","19/11888",0.157894736842105,9.24656468758102,4.7414655287571,0.00388529785351961,0.0438043233141991,0.0347381837036605,"ALDH1A2/CRABP2/WNT3",3,"KO_heat_up","BP","with_iea",203,11888,19,9.24656468758102,FALSE,29,2,"embryonic forelimb morphogenesis",0.548,2,0.0124937531234383,0.00231481481481481,0.2795,0.00199900049975012,0
"GO:0045649","regulation of macrophage differentiation","3/203","19/11888",0.157894736842105,9.24656468758102,4.7414655287571,0.00388529785351961,0.0438043233141991,0.0347381837036605,"CALCA/INHBA/ZBTB46",3,"KO_heat_up","BP","with_iea",203,11888,19,9.24656468758102,FALSE,12,28,"osteoclast differentiation",0.76,2,0.0364817591204398,0.014760147601476,0.277,0.00349825087456272,0
"GO:0060713","labyrinthine layer morphogenesis","3/203","19/11888",0.157894736842105,9.24656468758102,4.7414655287571,0.00388529785351961,0.0438043233141991,0.0347381837036605,"ADM/CCN1/SPINT1",3,"KO_heat_up","BP","with_iea",203,11888,19,9.24656468758102,FALSE,1,58,"angiogenesis",0.631,2,0.024487756121939,0.00521920668058455,0.268,0.00249875062468766,0
"GO:0071800","podosome assembly","3/203","19/11888",0.157894736842105,9.24656468758102,4.7414655287571,0.00388529785351961,0.0438043233141991,0.0347381837036605,"ASB2/CSF2/SH3PXD2B",3,"KO_heat_up","BP","with_iea",203,11888,19,9.24656468758102,TRUE,31,2,"podosome assembly",0.5185,2,0.0114942528735632,0.00600240096038415,0.2645,0.00149925037481259,0
"GO:0050769","positive regulation of neurogenesis","9/203","181/11888",0.0497237569060773,2.91190158669679,3.41626698416577,0.00388701056885731,0.0438043233141991,0.0347381837036605,"CRABP2/EGR2/LTA/PAK1/PLXNB2/SPINT1/TGM2/TP73/WNT3",9,"KO_heat_up","BP","with_iea",203,11888,181,2.91190158669679,FALSE,17,8,"positive regulation of cell development",6.534,11,0.195902048975512,0.1025,3.042,0.00349825087456272,0
"GO:0032612","interleukin-1 production","6/203","88/11888",0.0681818181818182,3.99283475145544,3.71409375471541,0.0039080456666618,0.0438043233141991,0.0347381837036605,"CALCA/CCL3/EGR1/IL1R2/S1PR3/SPHK1",6,"KO_heat_up","BP","with_iea",203,11888,88,3.99283475145544,TRUE,6,9,"positive regulation of cytokine production",3.4825,7,0.122438780609695,0.0512032770097286,1.451,0.00449775112443778,0
"GO:0032652","regulation of interleukin-1 production","6/203","88/11888",0.0681818181818182,3.99283475145544,3.71409375471541,0.0039080456666618,0.0438043233141991,0.0347381837036605,"CALCA/CCL3/EGR1/IL1R2/S1PR3/SPHK1",6,"KO_heat_up","BP","with_iea",203,11888,88,3.99283475145544,TRUE,6,9,"positive regulation of cytokine production",3.4825,7,0.122438780609695,0.0512032770097286,1.451,0.00449775112443778,0
"GO:0042098","T cell proliferation","9/203","182/11888",0.0494505494505494,2.89590212742922,3.39716890271728,0.00403029211798755,0.0450229612777871,0.0357046013137152,"CD40LG/CD70/CD80/IL1A/IL2/IL23A/SDC4/TNFSF14/TNFSF9",9,"KO_heat_up","BP","with_iea",203,11888,182,2.89590212742922,FALSE,8,20,"regulation of leukocyte activation",7.194,11,0.289855072463768,0.164164164164164,3.0495,0.00349825087456272,0
"GO:0051960","regulation of nervous system development","13/203","327/11888",0.0397553516819572,2.32813606303008,3.20987807977636,0.00405798010362326,0.0451806547323138,0.0358296571022254,"ANXA2/CRABP2/EGR2/LTA/PAK1/PARD3/PLXNB2/SEMA4A/SPINT1/SPP1/TGM2/TP73/WNT3",13,"KO_heat_up","BP","with_iea",203,11888,327,2.32813606303008,FALSE,1,58,"angiogenesis",11.3385,16,0.341829085457271,0.201,5.501,0.00249875062468766,0
"GO:0007517","muscle organ development","11/203","253/11888",0.0434782608695652,2.54615549368173,3.27642345756546,0.00413493438439946,0.0458839885522194,0.0363874225827153,"ASB2/EGR1/EGR2/EGR3/EOMES/HBEGF/KLF5/MAPK12/NEB/NR4A1/STRA6",11,"KO_heat_up","BP","with_iea",203,11888,253,2.54615549368173,FALSE,1,58,"angiogenesis",7.422,12,0.114942528735632,0.0525,4.253,0.00599700149925037,0
"GO:1902106","negative regulation of leukocyte differentiation","6/203","90/11888",0.0666666666666667,3.90410509031199,3.64501381595933,0.0043659438237626,0.0482864684030089,0.038292663437652,"CALCA/CCL3/IL2/INHBA/TNFRSF11B/ZBTB46",6,"KO_heat_up","BP","with_iea",203,11888,90,3.90410509031199,FALSE,12,28,"osteoclast differentiation",3.4315,6,0.116941529235382,0.0484536082474227,1.443,0.00249875062468766,0
"GO:0002449","lymphocyte mediated immunity","11/203","255/11888",0.0431372549019608,2.52618564667246,3.24714276167,0.0043861368581494,0.0483491708635077,0.0383423884288557,"C3/CD40LG/CD70/CD80/CLU/IGKC/IL2/IL23A/IL9/KLRC1/LTA",11,"KO_heat_up","BP","with_iea",203,11888,255,2.52618564667246,FALSE,22,5,"leukocyte mediated immunity",8.5335,13,0.217391304347826,0.1135,4.1655,0.00249875062468766,0
"GO:0010818","T cell chemotaxis","3/203","20/11888",0.15,8.78423645320197,4.59210743948161,0.00451399236931625,0.0487892227190059,0.0386913631655679,"CCL3/GPR183/TNFSF14",3,"KO_heat_up","BP","with_iea",203,11888,20,8.78423645320197,FALSE,4,27,"positive regulation of cell motility",0.729,2,0.0324837581209395,0.0102803738317757,0.3175,0.00549725137431284,0
"GO:0042104","positive regulation of activated T cell proliferation","3/203","20/11888",0.15,8.78423645320197,4.59210743948161,0.00451399236931625,0.0487892227190059,0.0386913631655679,"IL2/IL23A/TNFSF9",3,"KO_heat_up","BP","with_iea",203,11888,20,8.78423645320197,FALSE,8,20,"regulation of leukocyte activation",0.816,2,0.0369815092453773,0.00942587832047986,0.3035,0.00349825087456272,0
"GO:0048333","mesodermal cell differentiation","3/203","20/11888",0.15,8.78423645320197,4.59210743948161,0.00451399236931625,0.0487892227190059,0.0386913631655679,"INHBA/ITGA3/KDM6B",3,"KO_heat_up","BP","with_iea",203,11888,20,8.78423645320197,FALSE,1,58,"angiogenesis",0.7615,2,0.0364817591204398,0.00825688073394495,0.2975,0.00499750124937531,0
"GO:0061437","renal system vasculature development","3/203","20/11888",0.15,8.78423645320197,4.59210743948161,0.00451399236931625,0.0487892227190059,0.0386913631655679,"EGR1/NOTCH3/PDGFB",3,"KO_heat_up","BP","with_iea",203,11888,20,8.78423645320197,FALSE,1,58,"angiogenesis",0.794,2,0.0364817591204398,0.0133096716947649,0.3095,0.00399800099950025,0
"GO:0061440","kidney vasculature development","3/203","20/11888",0.15,8.78423645320197,4.59210743948161,0.00451399236931625,0.0487892227190059,0.0386913631655679,"EGR1/NOTCH3/PDGFB",3,"KO_heat_up","BP","with_iea",203,11888,20,8.78423645320197,FALSE,1,58,"angiogenesis",0.794,2,0.0364817591204398,0.0133096716947649,0.3095,0.00399800099950025,0
"GO:1904752","regulation of vascular associated smooth muscle cell migration","3/203","20/11888",0.15,8.78423645320197,4.59210743948161,0.00451399236931625,0.0487892227190059,0.0386913631655679,"NR4A3/PAK1/PDGFB",3,"KO_heat_up","BP","with_iea",203,11888,20,8.78423645320197,FALSE,4,27,"positive regulation of cell motility",0.6795,2,0.0294852573713143,0.00910010111223458,0.2595,0.00349825087456272,0
"GO:0042129","regulation of T cell proliferation","8/203","152/11888",0.0526315789473684,3.08218822919367,3.40526976641457,0.00454106149097764,0.0489229569691409,0.0387974185636924,"CD40LG/CD70/CD80/IL1A/IL2/IL23A/SDC4/TNFSF9",8,"KO_heat_up","BP","with_iea",203,11888,152,3.08218822919367,FALSE,8,20,"regulation of leukocyte activation",6.157,10,0.268865567216392,0.136636636636637,2.552,0.00449775112443778,0
"GO:0007169","cell surface receptor protein tyrosine kinase signaling pathway","17/203","492/11888",0.0345528455284553,2.02346910168609,3.05598247219688,0.00456391842390328,0.0490105949457227,0.0388669181906602,"AREG/EFNA2/EGFR/EPHA2/EPN2/F3/FASLG/GPRC5A/HBEGF/MST1R/NR4A3/PAK1/PDGFA/PDGFB/PLAUR/RET/SPRY1",17,"KO_heat_up","BP","with_iea",203,11888,492,2.02346910168609,FALSE,7,26,"phospholipase C-activating G protein-coupled receptor signaling pathway",15.66,22,0.417291354322839,0.222,8.236,0.00549725137431284,0
"GO:0002292","T cell differentiation involved in immune response","6/203","91/11888",0.0659340659340659,3.8612028365723,3.6112149970747,0.00460919645015533,0.0490224120848789,0.038876289547636,"CD80/EOMES/GPR183/IL2/IL23A/SEMA4A",6,"KO_heat_up","BP","with_iea",203,11888,91,3.86120283657229,FALSE,12,28,"osteoclast differentiation",3.7445,7,0.166916541729135,0.0725229826353422,1.4735,0.00499750124937531,0
"GO:0007229","integrin-mediated signaling pathway","6/203","91/11888",0.0659340659340659,3.8612028365723,3.6112149970747,0.00460919645015533,0.0490224120848789,0.038876289547636,"CCN1/CD40LG/ITGA3/PLEK/SERPINE1/TIMP1",6,"KO_heat_up","BP","with_iea",203,11888,91,3.86120283657229,FALSE,7,26,"phospholipase C-activating G protein-coupled receptor signaling pathway",2.694,5,0.0464767616191904,0.0137420718816068,1.462,0.00199900049975012,0
"GO:0030216","keratinocyte differentiation","6/203","91/11888",0.0659340659340659,3.8612028365723,3.6112149970747,0.00460919645015533,0.0490224120848789,0.038876289547636,"CDKN1A/EPHA2/FOSL2/IRF6/PPL/TGM1",6,"KO_heat_up","BP","with_iea",203,11888,91,3.86120283657229,TRUE,1,58,"angiogenesis",2.71,6,0.0514742628685657,0.0160685591858597,1.458,0.00499750124937531,0
"GO:1902893","regulation of miRNA transcription","5/203","64/11888",0.078125,4.57512315270936,3.7797978617478,0.00466009909658555,0.0491493408701404,0.0389769480015532,"EGFR/EGR1/FOSL1/NOTCH3/PDGFB",5,"KO_heat_up","BP","with_iea",203,11888,64,4.57512315270936,FALSE,26,3,"positive regulation of miRNA transcription",2.6665,5,0.118940529735132,0.0437566702241195,1.0555,0.00499750124937531,0
"GO:0042311","vasodilation","4/203","40/11888",0.1,5.85615763546798,4.0548056293284,0.00466463275869277,0.0491493408701404,0.0389769480015532,"ADORA2A/ADORA2B/CALCA/GJA5",4,"KO_heat_up","BP","with_iea",203,11888,40,5.85615763546798,FALSE,21,11,"regulation of systemic arterial blood pressure",1.5805,4,0.0674662668665667,0.0255451713395639,0.623,0.00599700149925037,0
"GO:0045229","external encapsulating structure organization","10/203","221/11888",0.0452488687782805,2.64984508392216,3.26309334021078,0.00466542256382228,0.0491493408701404,0.0389769480015532,"ADAM8/ANXA2/APLP1/CCN1/COL27A1/CSGALNACT1/SH3PXD2B/SPINT1/TGM1/TNFRSF11B",10,"KO_heat_up","BP","with_iea",203,11888,221,2.64984508392216,TRUE,31,2,"podosome assembly",5.4805,10,0.0539730134932534,0.0215755143000502,3.6585,0.00399800099950025,0
"GO:0048018","receptor ligand activity","35/206","237/12055",0.147679324894515,8.6421080660358,15.6665622576532,3.62261245287259e-23,1.52149723020649e-20,1.36133962702686e-20,"ADM/AREG/C3/CALCA/CCL20/CCL22/CCL3/CCL4/CD40LG/CD70/CD80/CLU/CSF2/FASLG/GDF6/GRP/HBEGF/HSPA1A/IL17F/IL1A/IL2/IL24/IL3/IL9/INHBA/LTA/NPPC/PDGFA/PDGFB/SEMA4A/TIMP1/TNFRSF11B/TNFSF11/TNFSF14/WNT3",35,"KO_heat_up","MF","no_iea",206,12055,237,8.6421080660358,TRUE,1,14,"receptor ligand activity",NA,NA,NA,NA,NA,NA,NA
"GO:0030546","signaling receptor activator activity","35/206","246/12055",0.142276422764228,8.32593338069303,15.3067261117686,1.30160677312924e-22,2.1341247948299e-20,1.90948007958465e-20,"ADM/AREG/C3/CALCA/CCL20/CCL22/CCL3/CCL4/CD40LG/CD70/CD80/CLU/CSF2/FASLG/GDF6/GRP/HBEGF/HSPA1A/IL17F/IL1A/IL2/IL24/IL3/IL9/INHBA/LTA/NPPC/PDGFA/PDGFB/SEMA4A/TIMP1/TNFRSF11B/TNFSF11/TNFSF14/WNT3",35,"KO_heat_up","MF","no_iea",206,12055,246,8.32593338069303,TRUE,1,14,"receptor ligand activity",NA,NA,NA,NA,NA,NA,NA
"GO:0030545","signaling receptor regulator activity","36/206","265/12055",0.135849056603774,7.94980765708005,15.0833279442244,1.52437485344993e-22,2.1341247948299e-20,1.90948007958465e-20,"ADM/AREG/C3/CALCA/CCL20/CCL22/CCL3/CCL4/CD40LG/CD70/CD80/CLU/CSF2/FASLG/GDF6/GRP/HBEGF/HSPA1A/IL17F/IL1A/IL1RN/IL2/IL24/IL3/IL9/INHBA/LTA/NPPC/PDGFA/PDGFB/SEMA4A/TIMP1/TNFRSF11B/TNFSF11/TNFSF14/WNT3",36,"KO_heat_up","MF","no_iea",206,12055,265,7.94980765708005,FALSE,1,14,"receptor ligand activity",NA,NA,NA,NA,NA,NA,NA
"GO:0005125","cytokine activity","22/206","106/12055",0.207547169811321,12.1455394760945,15.1966058871238,3.73526477326551e-18,3.92202801192879e-16,3.50918295804155e-16,"C3/CCL20/CCL22/CCL3/CCL4/CD40LG/CSF2/FASLG/GDF6/IL17F/IL1A/IL2/IL24/IL3/IL9/INHBA/LTA/TIMP1/TNFRSF11B/TNFSF11/TNFSF14/WNT3",22,"KO_heat_up","MF","no_iea",206,12055,106,12.1455394760945,FALSE,1,14,"receptor ligand activity",NA,NA,NA,NA,NA,NA,NA
"GO:0005126","cytokine receptor binding","15/206","162/12055",0.0925925925925926,5.41846458108594,7.46520141710479,1.11160868377689e-07,9.33751294372584e-06,8.35461684438628e-06,"ADAM8/C3/CCL20/CCL22/CCL3/CCL4/CD40LG/CSF2/IL1RN/IL2/IL23A/IL3/IL9/TNFSF11/TNFSF9",15,"KO_heat_up","MF","no_iea",206,12055,162,5.41846458108594,TRUE,1,14,"receptor ligand activity",NA,NA,NA,NA,NA,NA,NA
"GO:0070851","growth factor receptor binding","9/206","76/12055",0.118421052631579,6.92993101686254,6.83761287829596,5.52201233262767e-06,0.000386540863283937,0.000345852351359312,"AREG/CSF2/HBEGF/IL1RN/IL2/IL3/IL9/PDGFA/PDGFB",9,"KO_heat_up","MF","no_iea",206,12055,76,6.92993101686254,FALSE,1,14,"receptor ligand activity",NA,NA,NA,NA,NA,NA,NA
"GO:0004888","transmembrane signaling receptor activity","20/206","432/12055",0.0462962962962963,2.70923229054297,4.77026161168988,5.04560234100482e-05,0.00302736140460289,0.00270869178306574,"ADORA2A/ADORA2B/AVPR1A/BCAM/CLDN4/EGFR/EPHA2/F3/GPR183/GPRC5A/IL1R2/KLRC1/LTB4R/MST1R/NPR3/PLXNB2/PTGER2/RET/S1PR3/SPHK1",20,"KO_heat_up","MF","no_iea",206,12055,432,2.70923229054297,TRUE,2,2,"transmembrane signaling receptor activity",NA,NA,NA,NA,NA,NA,NA
"GO:0001664","G protein-coupled receptor binding","11/206","162/12055",0.0679012345679012,3.97354069279636,5.02393530293422,0.000104477452007922,0.00548506623041591,0.00490769083774055,"ADM/APLP1/BICD1/C3/CALCA/CCL20/CCL22/CCL3/CCL4/HSPA1A/WNT3",11,"KO_heat_up","MF","no_iea",206,12055,162,3.97354069279636,FALSE,1,14,"receptor ligand activity",NA,NA,NA,NA,NA,NA,NA
"GO:0008009","chemokine activity","5/206","29/12055",0.172413793103448,10.0895547371945,6.46158947560069,0.000118018486917957,0.00550752938950467,0.00492778945376733,"C3/CCL20/CCL22/CCL3/CCL4",5,"KO_heat_up","MF","no_iea",206,12055,29,10.0895547371945,FALSE,1,14,"receptor ligand activity",NA,NA,NA,NA,NA,NA,NA
"GO:0008083","growth factor activity","6/206","51/12055",0.117647058823529,6.88463735008567,5.5526481224745,0.000219675278607675,0.00922636170152234,0.00825516573294104,"AREG/HBEGF/IL2/INHBA/PDGFA/PDGFB",6,"KO_heat_up","MF","no_iea",206,12055,51,6.88463735008567,FALSE,1,14,"receptor ligand activity",NA,NA,NA,NA,NA,NA,NA
"GO:0048020","CCR chemokine receptor binding","4/206","19/12055",0.210526315789474,12.3198773633112,6.51082146788503,0.000262448682599012,0.0100207678810532,0.00896595020936339,"CCL20/CCL22/CCL3/CCL4",4,"KO_heat_up","MF","no_iea",206,12055,19,12.3198773633112,FALSE,1,14,"receptor ligand activity",NA,NA,NA,NA,NA,NA,NA
"GO:0008289","lipid binding","20/206","493/12055",0.0405679513184584,2.37401287933988,4.1072972532375,0.000299444842087607,0.0104805694730662,0.00937735163379612,"ADORA2A/ALDH1A2/ANXA2/CRABP2/EPN2/ESYT3/F3/GAP43/GPR183/HAVCR1/MCF2L/NR4A1/OPHN1/PARD3/PLA2G4C/S1PR3/SH3PXD2B/SPHK1/SYT15/VILL",20,"KO_heat_up","MF","no_iea",206,12055,493,2.37401287933988,TRUE,1,14,"receptor ligand activity",NA,NA,NA,NA,NA,NA,NA
"GO:0042379","chemokine receptor binding","5/206","38/12055",0.131578947368421,7.69992335206949,5.45408567938016,0.000440329617875473,0.0142260338082845,0.0127285565653072,"C3/CCL20/CCL22/CCL3/CCL4",5,"KO_heat_up","MF","no_iea",206,12055,38,7.69992335206949,FALSE,1,14,"receptor ligand activity",NA,NA,NA,NA,NA,NA,NA
"GO:0005179","hormone activity","5/206","39/12055",0.128205128205128,7.50248941996515,5.36278457978943,0.000498144823255185,0.0149443446976555,0.0133712557821129,"ADM/CALCA/GRP/INHBA/NPPC",5,"KO_heat_up","MF","no_iea",206,12055,39,7.50248941996515,FALSE,1,14,"receptor ligand activity",NA,NA,NA,NA,NA,NA,NA
"GO:0004930","G protein-coupled receptor activity","10/206","167/12055",0.0598802395209581,3.50415673507354,4.29658788204481,0.000588142551080983,0.0164679914302675,0.0147345186481341,"ADORA2A/ADORA2B/AVPR1A/GPR183/GPRC5A/LTB4R/NPR3/PTGER2/S1PR3/SPHK1",10,"KO_heat_up","MF","no_iea",206,12055,167,3.50415673507354,FALSE,2,2,"transmembrane signaling receptor activity",NA,NA,NA,NA,NA,NA,NA
"GO:0032813","tumor necrosis factor receptor superfamily binding","4/206","28/12055",0.142857142857143,8.35991678224688,5.14081076987254,0.00122923651257769,0.0322674584551644,0.0288708838809366,"ADAM8/CD40LG/TNFSF11/TNFSF9",4,"KO_heat_up","MF","no_iea",206,12055,28,8.35991678224688,FALSE,1,14,"receptor ligand activity",NA,NA,NA,NA,NA,NA,NA
"GO:0048018","receptor ligand activity","39/209","289/12250",0.134948096885813,7.9096372576613,15.660751801829,2.70573261464462e-24,1.1824051525997e-21,1.02248211437623e-21,"ADM/AREG/C3/CALCA/CCL20/CCL22/CCL3/CCL4/CD40LG/CD70/CD80/CLU/CSF2/FASLG/GDF6/GRP/HBEGF/HSPA1A/IL17F/IL1A/IL1RN/IL2/IL23A/IL24/IL3/IL9/INHBA/LTA/NPPC/PDGFA/PDGFB/SEMA4A/SPP1/TIMP1/TNFRSF11B/TNFSF11/TNFSF14/TNFSF9/WNT3",39,"KO_heat_up","MF","with_iea",209,12250,289,7.9096372576613,TRUE,1,15,"receptor ligand activity",NA,NA,NA,NA,NA,NA,NA
"GO:0030546","signaling receptor activator activity","39/209","298/12250",0.130872483221477,7.67075559551716,15.3587209964819,8.59413786947676e-24,1.87781912448067e-21,1.62383973428535e-21,"ADM/AREG/C3/CALCA/CCL20/CCL22/CCL3/CCL4/CD40LG/CD70/CD80/CLU/CSF2/FASLG/GDF6/GRP/HBEGF/HSPA1A/IL17F/IL1A/IL1RN/IL2/IL23A/IL24/IL3/IL9/INHBA/LTA/NPPC/PDGFA/PDGFB/SEMA4A/SPP1/TIMP1/TNFRSF11B/TNFSF11/TNFSF14/TNFSF9/WNT3",39,"KO_heat_up","MF","with_iea",209,12250,298,7.67075559551716,TRUE,1,15,"receptor ligand activity",NA,NA,NA,NA,NA,NA,NA
"GO:0030545","signaling receptor regulator activity","39/209","319/12250",0.122257053291536,7.16578422402544,14.7006799652525,1.09187725375876e-22,1.59050119964193e-20,1.37538222491016e-20,"ADM/AREG/C3/CALCA/CCL20/CCL22/CCL3/CCL4/CD40LG/CD70/CD80/CLU/CSF2/FASLG/GDF6/GRP/HBEGF/HSPA1A/IL17F/IL1A/IL1RN/IL2/IL23A/IL24/IL3/IL9/INHBA/LTA/NPPC/PDGFA/PDGFB/SEMA4A/SPP1/TIMP1/TNFRSF11B/TNFSF11/TNFSF14/TNFSF9/WNT3",39,"KO_heat_up","MF","with_iea",209,12250,319,7.16578422402544,FALSE,1,15,"receptor ligand activity",NA,NA,NA,NA,NA,NA,NA
"GO:0005125","cytokine activity","27/209","127/12250",0.21259842519685,12.4609124816336,17.1044134668222,2.27206734980595e-22,2.482233579663e-20,2.14650573310615e-20,"AREG/C3/CCL20/CCL22/CCL3/CCL4/CD40LG/CSF2/FASLG/GDF6/IL17F/IL1A/IL1RN/IL2/IL23A/IL24/IL3/IL9/INHBA/LTA/SPP1/TIMP1/TNFRSF11B/TNFSF11/TNFSF14/TNFSF9/WNT3",27,"KO_heat_up","MF","with_iea",209,12250,127,12.4609124816336,FALSE,1,15,"receptor ligand activity",NA,NA,NA,NA,NA,NA,NA
"GO:0005126","cytokine receptor binding","21/209","191/12250",0.109947643979058,6.44429970690649,9.9906844714791,1.07263624983087e-11,9.37484082352182e-10,8.1068718671428e-10,"ADAM8/C3/CCL20/CCL22/CCL3/CCL4/CD40LG/CD70/CSF2/FASLG/IL17F/IL1A/IL1RN/IL2/IL23A/IL3/IL9/LTA/TNFSF11/TNFSF14/TNFSF9",21,"KO_heat_up","MF","with_iea",209,12250,191,6.44429970690649,TRUE,1,15,"receptor ligand activity",NA,NA,NA,NA,NA,NA,NA
"GO:0005164","tumor necrosis factor receptor binding","7/209","27/12250",0.259259259259259,15.1958178273968,9.72849311460682,2.52949970739161e-07,1.84231895355022e-05,1.59314104377822e-05,"CD40LG/CD70/FASLG/LTA/TNFSF11/TNFSF14/TNFSF9",7,"KO_heat_up","MF","with_iea",209,12250,27,15.1958178273968,FALSE,1,15,"receptor ligand activity",NA,NA,NA,NA,NA,NA,NA
"GO:0008083","growth factor activity","11/209","89/12250",0.123595505617978,7.24423418095801,7.78900035343236,3.12561417656525e-07,1.95127627879859e-05,1.68736163817583e-05,"AREG/CSF2/GDF6/HBEGF/IL2/IL3/IL9/INHBA/PDGFA/PDGFB/TIMP1",11,"KO_heat_up","MF","with_iea",209,12250,89,7.24423418095801,FALSE,1,15,"receptor ligand activity",NA,NA,NA,NA,NA,NA,NA
"GO:0032813","tumor necrosis factor receptor superfamily binding","8/209","43/12250",0.186046511627907,10.904640035607,8.57157509422428,5.45191209510945e-07,2.97810698195353e-05,2.57531110808459e-05,"ADAM8/CD40LG/CD70/FASLG/LTA/TNFSF11/TNFSF14/TNFSF9",8,"KO_heat_up","MF","with_iea",209,12250,43,10.904640035607,FALSE,1,15,"receptor ligand activity",NA,NA,NA,NA,NA,NA,NA
"GO:0001664","G protein-coupled receptor binding","14/209","180/12250",0.0777777777777778,4.55874534821903,6.33682497801507,2.43063943596743e-06,0.000118021048168641,0.000102058427779217,"ADM/ADORA2A/APLP1/AVPR1A/BICD1/C3/CALCA/CCL20/CCL22/CCL3/CCL4/HSPA1A/IL2/WNT3",14,"KO_heat_up","MF","with_iea",209,12250,180,4.55874534821903,FALSE,1,15,"receptor ligand activity",NA,NA,NA,NA,NA,NA,NA
"GO:0070851","growth factor receptor binding","10/209","95/12250",0.105263157894737,6.16973054646185,6.66414458424631,4.81908317764517e-06,0.000210593934863094,0.000182110616923644,"AREG/CSF2/HBEGF/IL1A/IL1RN/IL2/IL3/IL9/PDGFA/PDGFB",10,"KO_heat_up","MF","with_iea",209,12250,95,6.16973054646185,FALSE,1,15,"receptor ligand activity",NA,NA,NA,NA,NA,NA,NA
"GO:0004888","transmembrane signaling receptor activity","20/209","458/12250",0.0436681222707424,2.55949520486409,4.48141568283975,0.000110983058233692,0.00426859113135371,0.00369125428436946,"ADORA2A/ADORA2B/AVPR1A/BCAM/CLDN4/EGFR/EPHA2/F3/GPR183/GPRC5A/IL1R2/KLRC1/LTB4R/MST1R/NPR3/PLXNB2/PTGER2/RET/S1PR3/SPHK1",20,"KO_heat_up","MF","with_iea",209,12250,458,2.55949520486409,TRUE,2,2,"transmembrane signaling receptor activity",NA,NA,NA,NA,NA,NA,NA
"GO:0008009","chemokine activity","5/209","29/12250",0.172413793103448,10.1055931364461,6.46764315206469,0.000117215317108111,0.00426859113135371,0.00369125428436946,"C3/CCL20/CCL22/CCL3/CCL4",5,"KO_heat_up","MF","with_iea",209,12250,29,10.1055931364461,FALSE,1,15,"receptor ligand activity",NA,NA,NA,NA,NA,NA,NA
"GO:0019838","growth factor binding","8/209","105/12250",0.0761904761904762,4.46570972886762,4.6987274841985,0.000424629468918533,0.014274082916723,0.012343480108644,"CCN1/EGFR/EPHA2/IL1R2/IL1RN/LTBP3/PDGFA/PDGFB",8,"KO_heat_up","MF","with_iea",209,12250,105,4.46570972886762,TRUE,1,15,"receptor ligand activity",NA,NA,NA,NA,NA,NA,NA
"GO:0048020","CCR chemokine receptor binding","4/209","22/12250",0.181818181818182,10.656807307525,5.97254420928855,0.000473140426953465,0.0147687404699046,0.0127712340809244,"CCL20/CCL22/CCL3/CCL4",4,"KO_heat_up","MF","with_iea",209,12250,22,10.656807307525,FALSE,1,15,"receptor ligand activity",NA,NA,NA,NA,NA,NA,NA
"GO:0042379","chemokine receptor binding","5/209","41/12250",0.121951219512195,7.14785855992531,5.19478922515476,0.000626535001746154,0.0182530530508713,0.0157842853071487,"C3/CCL20/CCL22/CCL3/CCL4",5,"KO_heat_up","MF","with_iea",209,12250,41,7.14785855992531,FALSE,1,15,"receptor ligand activity",NA,NA,NA,NA,NA,NA,NA
"GO:0005179","hormone activity","5/209","48/12250",0.104166666666667,6.1054625199362,4.66909147832845,0.00129989605577837,0.0338862556851219,0.0293030610404884,"ADM/CALCA/GRP/INHBA/NPPC",5,"KO_heat_up","MF","with_iea",209,12250,48,6.1054625199362,FALSE,1,15,"receptor ligand activity",NA,NA,NA,NA,NA,NA,NA
"GO:0061134","peptidase regulator activity","8/209","125/12250",0.064,3.7511961722488,4.07312626880502,0.00134088587894819,0.0338862556851219,0.0293030610404884,"ANXA2/C3/DMWD/MAPK12/SERPINE1/SPINT1/SSPOP/TIMP1",8,"KO_heat_up","MF","with_iea",209,12250,125,3.7511961722488,FALSE,3,2,"peptidase regulator activity",NA,NA,NA,NA,NA,NA,NA
"GO:0004930","G protein-coupled receptor activity","10/209","189/12250",0.0529100529100529,3.10118731171363,3.83527222347621,0.00150022768248963,0.0338862556851219,0.0293030610404884,"ADORA2A/ADORA2B/AVPR1A/GPR183/GPRC5A/LTB4R/NPR3/PTGER2/S1PR3/SPHK1",10,"KO_heat_up","MF","with_iea",209,12250,189,3.10118731171363,FALSE,2,2,"transmembrane signaling receptor activity",NA,NA,NA,NA,NA,NA,NA
"GO:0030414","peptidase inhibitor activity","6/209","73/12250",0.0821917808219178,4.81746083764829,4.30980925721851,0.00151064591064995,0.0338862556851219,0.0293030610404884,"ANXA2/C3/SERPINE1/SPINT1/SSPOP/TIMP1",6,"KO_heat_up","MF","with_iea",209,12250,73,4.81746083764829,TRUE,3,2,"peptidase regulator activity",NA,NA,NA,NA,NA,NA,NA
"GO:0035259","nuclear glucocorticoid receptor binding","3/209","14/12250",0.214285714285714,12.5598086124402,5.70147349479721,0.00155085838375844,0.0338862556851219,0.0293030610404884,"NR4A1/NR4A2/NR4A3",3,"KO_heat_up","MF","with_iea",209,12250,14,12.5598086124402,TRUE,4,1,"nuclear glucocorticoid receptor binding",NA,NA,NA,NA,NA,NA,NA
"GO:0005543","phospholipid binding","15/209","382/12250",0.0392670157068063,2.30153560960946,3.40479641957777,0.00232535455499235,0.0483895209776979,0.041844726077306,"ANXA2/EPN2/ESYT3/F3/GAP43/HAVCR1/MCF2L/OPHN1/PARD3/PLA2G4C/PLEK2/PXDC1/SH3PXD2B/SYT15/VILL",15,"KO_heat_up","MF","with_iea",209,12250,382,2.30153560960946,TRUE,5,1,"phospholipid binding",NA,NA,NA,NA,NA,NA,NA
"GO:0051607","defense response to virus","6/7","197/11390",0.0304568527918782,49.5576504713561,17.0482958906892,1.71259209413466e-10,3.03128800661835e-08,1.35204639010631e-08,"IFI16/IFIT1B/IRF7/MX1/RTP4/TRIM5",6,"Interaction_up","BP","no_iea",7,11390,197,49.5576504713561,TRUE,1,3,"defense response to virus",NA,NA,NA,NA,NA,NA,NA
"GO:0009615","response to virus","6/7","280/11390",0.0214285714285714,34.8673469387755,14.2287454989082,1.43549901252974e-09,1.27041662608882e-07,5.66644347051212e-08,"IFI16/IFIT1B/IRF7/MX1/RTP4/TRIM5",6,"Interaction_up","BP","no_iea",7,11390,280,34.8673469387755,TRUE,1,3,"defense response to virus",NA,NA,NA,NA,NA,NA,NA
"GO:0016032","viral process","4/7","253/11390",0.0158102766798419,25.725578769057,9.86247841086628,7.89507698879005e-06,0.000465809542338613,0.000207765183915528,"IFI16/IRF7/MX1/TRIM5",4,"Interaction_up","BP","no_iea",7,11390,253,25.725578769057,TRUE,2,12,"viral process",NA,NA,NA,NA,NA,NA,NA
"GO:1903900","regulation of viral life cycle","3/7","89/11390",0.0337078651685393,54.8475120385233,12.6463633739699,1.57811932279179e-05,0.000698317800335366,0.000311470918972063,"IFI16/MX1/TRIM5",3,"Interaction_up","BP","no_iea",7,11390,89,54.8475120385233,TRUE,2,12,"viral process",NA,NA,NA,NA,NA,NA,NA
"GO:0050792","regulation of viral process","3/7","110/11390",0.0272727272727273,44.3766233766234,11.3360299055534,2.98246632975563e-05,0.00105579308073349,0.000470915736277205,"IFI16/MX1/TRIM5",3,"Interaction_up","BP","no_iea",7,11390,110,44.3766233766234,FALSE,2,12,"viral process",NA,NA,NA,NA,NA,NA,NA
"GO:0030224","monocyte differentiation","2/7","21/11390",0.0952380952380952,154.965986394558,17.5120404357767,6.76149902001929e-05,0.00199464221090569,0.000889670923686748,"IFI16/IRF7",2,"Interaction_up","BP","no_iea",7,11390,21,154.965986394558,TRUE,3,5,"monocyte differentiation",NA,NA,NA,NA,NA,NA,NA
"GO:0019058","viral life cycle","3/7","178/11390",0.0168539325842697,27.4237560192616,8.81102545383924,0.000125429362936855,0.00288546111632803,0.00128700317409814,"IFI16/MX1/TRIM5",3,"Interaction_up","BP","no_iea",7,11390,178,27.4237560192616,FALSE,2,12,"viral process",NA,NA,NA,NA,NA,NA,NA
"GO:0035456","response to interferon-beta","2/7","29/11390",0.0689655172413793,112.216748768473,14.870458614744,0.000130416321641945,0.00288546111632803,0.00128700317409814,"IFI16/XAF1",2,"Interaction_up","BP","no_iea",7,11390,29,112.216748768473,TRUE,4,2,"response to interferon-beta",NA,NA,NA,NA,NA,NA,NA
"GO:0045071","negative regulation of viral genome replication","2/7","39/11390",0.0512820512820513,83.4432234432234,12.7889136230254,0.000237329410837545,0.00466747841313838,0.00208183693717145,"IFI16/MX1",2,"Interaction_up","BP","no_iea",7,11390,39,83.4432234432234,FALSE,2,12,"viral process",NA,NA,NA,NA,NA,NA,NA
"GO:0002218","activation of innate immune response","3/7","273/11390",0.010989010989011,17.8806907378336,7.00069541272711,0.000443807806829255,0.0078553981808778,0.00350374584338885,"IFI16/IRF7/TRIM5",3,"Interaction_up","BP","no_iea",7,11390,273,17.8806907378336,TRUE,5,9,"activation of innate immune response",NA,NA,NA,NA,NA,NA,NA
"GO:0048525","negative regulation of viral process","2/7","58/11390",0.0344827586206897,56.1083743842365,10.4337820986733,0.000526486601861583,0.00847164804813637,0.00377861197508313,"IFI16/MX1",2,"Interaction_up","BP","no_iea",7,11390,58,56.1083743842364,FALSE,2,12,"viral process",NA,NA,NA,NA,NA,NA,NA
"GO:0045069","regulation of viral genome replication","2/7","62/11390",0.032258064516129,52.4884792626728,10.0807475294874,0.000601584434309744,0.00887337040606872,0.00395779233098516,"IFI16/MX1",2,"Interaction_up","BP","no_iea",7,11390,62,52.4884792626728,FALSE,2,12,"viral process",NA,NA,NA,NA,NA,NA,NA
"GO:0045089","positive regulation of innate immune response","3/7","318/11390",0.00943396226415094,15.3504043126685,6.43617889909354,0.000694125744430038,0.00945078898185513,0.00421533852892735,"IFI16/IRF7/TRIM5",3,"Interaction_up","BP","no_iea",7,11390,318,15.3504043126685,FALSE,5,9,"activation of innate immune response",NA,NA,NA,NA,NA,NA,NA
"GO:0002833","positive regulation of response to biotic stimulus","3/7","336/11390",0.00892857142857143,14.5280612244898,6.24178661017442,0.000815267251003863,0.0100749385904277,0.00449372818484732,"IFI16/IRF7/TRIM5",3,"Interaction_up","BP","no_iea",7,11390,336,14.5280612244898,TRUE,5,9,"activation of innate immune response",NA,NA,NA,NA,NA,NA,NA
"GO:0032481","positive regulation of type I interferon production","2/7","75/11390",0.0266666666666667,43.3904761904762,9.13345506201451,0.000879451846263735,0.0100749385904277,0.00449372818484732,"IRF7/XAF1",2,"Interaction_up","BP","no_iea",7,11390,75,43.3904761904762,TRUE,6,7,"positive regulation of type I interferon production",NA,NA,NA,NA,NA,NA,NA
"GO:0001819","positive regulation of cytokine production","3/7","349/11390",0.00859598853868195,13.9869013507982,6.11051055645343,0.000910728912129057,0.0100749385904277,0.00449372818484732,"IFI16/IRF7/XAF1",3,"Interaction_up","BP","no_iea",7,11390,349,13.9869013507982,FALSE,6,7,"positive regulation of type I interferon production",NA,NA,NA,NA,NA,NA,NA
"GO:0019079","viral genome replication","2/7","84/11390",0.0238095238095238,38.7414965986395,8.60929756477984,0.00110186818973334,0.0112111649466806,0.00500051960155243,"IFI16/MX1",2,"Interaction_up","BP","no_iea",7,11390,84,38.7414965986395,FALSE,2,12,"viral process",NA,NA,NA,NA,NA,NA,NA
"GO:0045088","regulation of innate immune response","3/7","377/11390",0.00795755968169761,12.9480863963623,5.85032049376921,0.00114011846915395,0.0112111649466806,0.00500051960155243,"IFI16/IRF7/TRIM5",3,"Interaction_up","BP","no_iea",7,11390,377,12.9480863963623,FALSE,5,9,"activation of innate immune response",NA,NA,NA,NA,NA,NA,NA
"GO:0031349","positive regulation of defense response","3/7","408/11390",0.00735294117647059,11.9642857142857,5.59284977883307,0.00143400003695337,0.013358842449513,0.00595844890700848,"IFI16/IRF7/TRIM5",3,"Interaction_up","BP","no_iea",7,11390,408,11.9642857142857,TRUE,5,9,"activation of innate immune response",NA,NA,NA,NA,NA,NA,NA
"GO:0002831","regulation of response to biotic stimulus","3/7","429/11390",0.00699300699300699,11.3786213786214,5.43383784973749,0.00165821644151589,0.0146752155074156,0.00654559121651009,"IFI16/IRF7/TRIM5",3,"Interaction_up","BP","no_iea",7,11390,429,11.3786213786214,FALSE,5,9,"activation of innate immune response",NA,NA,NA,NA,NA,NA,NA
"GO:0032479","regulation of type I interferon production","2/7","109/11390",0.018348623853211,29.8558322411533,7.50648294805,0.00184686590506424,0.0148385638781497,0.00661844954422377,"IRF7/XAF1",2,"Interaction_up","BP","no_iea",7,11390,109,29.8558322411533,FALSE,6,7,"positive regulation of type I interferon production",NA,NA,NA,NA,NA,NA,NA
"GO:0032606","type I interferon production","2/7","109/11390",0.018348623853211,29.8558322411533,7.50648294805,0.00184686590506424,0.0148385638781497,0.00661844954422377,"IRF7/XAF1",2,"Interaction_up","BP","no_iea",7,11390,109,29.8558322411533,TRUE,6,7,"positive regulation of type I interferon production",NA,NA,NA,NA,NA,NA,NA
"GO:0002253","activation of immune response","3/7","452/11390",0.00663716814159292,10.7996207332491,5.27197053489299,0.00192817496721719,0.0148385638781497,0.00661844954422377,"IFI16/IRF7/TRIM5",3,"Interaction_up","BP","no_iea",7,11390,452,10.7996207332491,TRUE,5,9,"activation of innate immune response",NA,NA,NA,NA,NA,NA,NA
"GO:0032103","positive regulation of response to external stimulus","3/7","480/11390",0.00625,10.1696428571429,5.09007419548905,0.00229266365359245,0.0169083944452443,0.00754165675523833,"IFI16/IRF7/TRIM5",3,"Interaction_up","BP","no_iea",7,11390,480,10.1696428571429,TRUE,5,9,"activation of innate immune response",NA,NA,NA,NA,NA,NA,NA
"GO:0002573","myeloid leukocyte differentiation","2/7","142/11390",0.0140845070422535,22.9175050301811,6.51720049476489,0.00311087113739995,0.0220249676527916,0.00982380359178931,"IFI16/IRF7",2,"Interaction_up","BP","no_iea",7,11390,142,22.9175050301811,FALSE,3,5,"monocyte differentiation",NA,NA,NA,NA,NA,NA,NA
"GO:0062207","regulation of pattern recognition receptor signaling pathway","2/7","153/11390",0.0130718954248366,21.2698412698413,6.25942328821889,0.00360168051609805,0.0245191327442059,0.0109362768707431,"IFI16/IRF7",2,"Interaction_up","BP","no_iea",7,11390,153,21.2698412698413,TRUE,7,7,"regulation of pattern recognition receptor signaling pathway",NA,NA,NA,NA,NA,NA,NA
"GO:0002753","cytoplasmic pattern recognition receptor signaling pathway","2/7","177/11390",0.0112994350282486,18.3857949959645,5.78074383925982,0.00479060583789724,0.0314050827151041,0.0140076194090563,"IFI16/IRF7",2,"Interaction_up","BP","no_iea",7,11390,177,18.3857949959645,FALSE,7,7,"regulation of pattern recognition receptor signaling pathway",NA,NA,NA,NA,NA,NA,NA
"GO:0033032","regulation of myeloid cell apoptotic process","1/7","10/11390",0.1,162.714285714286,12.6864672993853,0.00613118916397959,0.0374213959318754,0.0166910775788918,"IRF7",1,"Interaction_up","BP","no_iea",7,11390,10,162.714285714286,TRUE,8,4,"regulation of myeloid cell apoptotic process",NA,NA,NA,NA,NA,NA,NA
"GO:0039530","MDA-5 signaling pathway","1/7","10/11390",0.1,162.714285714286,12.6864672993853,0.00613118916397959,0.0374213959318754,0.0166910775788918,"IRF7",1,"Interaction_up","BP","no_iea",7,11390,10,162.714285714286,TRUE,1,3,"defense response to virus",NA,NA,NA,NA,NA,NA,NA
"GO:0006925","inflammatory cell apoptotic process","1/7","11/11390",0.0909090909090909,147.922077922078,12.0891232247218,0.00674253201774522,0.0397809389046968,0.0177435053098558,"IRF7",1,"Interaction_up","BP","no_iea",7,11390,11,147.922077922078,TRUE,8,4,"regulation of myeloid cell apoptotic process",NA,NA,NA,NA,NA,NA,NA
"GO:0050909","sensory perception of taste","1/7","12/11390",0.0833333333333333,135.595238095238,11.5678008148267,0.00735355251830572,0.0403165406115059,0.0179823999159259,"RTP4",1,"Interaction_up","BP","no_iea",7,11390,12,135.595238095238,TRUE,9,2,"sensory perception of taste",NA,NA,NA,NA,NA,NA,NA
"GO:0033028","myeloid cell apoptotic process","1/7","13/11390",0.0769230769230769,125.164835164835,11.1075905412404,0.00796425080731711,0.0403165406115059,0.0179823999159259,"IRF7",1,"Interaction_up","BP","no_iea",7,11390,13,125.164835164835,FALSE,8,4,"regulation of myeloid cell apoptotic process",NA,NA,NA,NA,NA,NA,NA
"GO:0045655","regulation of monocyte differentiation","1/7","13/11390",0.0769230769230769,125.164835164835,11.1075905412404,0.00796425080731711,0.0403165406115059,0.0179823999159259,"IRF7",1,"Interaction_up","BP","no_iea",7,11390,13,125.164835164835,TRUE,3,5,"monocyte differentiation",NA,NA,NA,NA,NA,NA,NA
"GO:0046597","host-mediated suppression of symbiont invasion","1/7","13/11390",0.0769230769230769,125.164835164835,11.1075905412404,0.00796425080731711,0.0403165406115059,0.0179823999159259,"TRIM5",1,"Interaction_up","BP","no_iea",7,11390,13,125.164835164835,FALSE,2,12,"viral process",NA,NA,NA,NA,NA,NA,NA
"GO:0002756","MyD88-independent toll-like receptor signaling pathway","1/7","14/11390",0.0714285714285714,116.224489795918,10.697381110596,0.00857462702638567,0.0403165406115059,0.0179823999159259,"IRF7",1,"Interaction_up","BP","no_iea",7,11390,14,116.224489795918,FALSE,7,7,"regulation of pattern recognition receptor signaling pathway",NA,NA,NA,NA,NA,NA,NA
"GO:0141086","negative regulation of inflammasome-mediated signaling pathway","1/7","14/11390",0.0714285714285714,116.224489795918,10.697381110596,0.00857462702638567,0.0403165406115059,0.0179823999159259,"IFI16",1,"Interaction_up","BP","no_iea",7,11390,14,116.224489795918,TRUE,10,1,"negative regulation of inflammasome-mediated signaling pathway",NA,NA,NA,NA,NA,NA,NA
"GO:0002221","pattern recognition receptor signaling pathway","2/7","246/11390",0.00813008130081301,13.2288037166086,4.80833175591926,0.00908197588087509,0.0403165406115059,0.0179823999159259,"IFI16/IRF7",2,"Interaction_up","BP","no_iea",7,11390,246,13.2288037166086,FALSE,7,7,"regulation of pattern recognition receptor signaling pathway",NA,NA,NA,NA,NA,NA,NA
"GO:0043392","negative regulation of DNA binding","1/7","15/11390",0.0666666666666667,108.47619047619,10.3286994378415,0.00918468131706951,0.0403165406115059,0.0179823999159259,"IFI16",1,"Interaction_up","BP","no_iea",7,11390,15,108.47619047619,TRUE,11,1,"negative regulation of DNA binding",NA,NA,NA,NA,NA,NA,NA
"GO:0044790","suppression of viral release by host","1/7","15/11390",0.0666666666666667,108.47619047619,10.3286994378415,0.00918468131706951,0.0403165406115059,0.0179823999159259,"TRIM5",1,"Interaction_up","BP","no_iea",7,11390,15,108.47619047619,TRUE,2,12,"viral process",NA,NA,NA,NA,NA,NA,NA
"GO:0030099","myeloid cell differentiation","2/7","251/11390",0.00796812749003984,12.965281730222,4.75335374944537,0.00944175443987827,0.0403165406115059,0.0179823999159259,"IFI16/IRF7",2,"Interaction_up","BP","no_iea",7,11390,251,12.965281730222,FALSE,3,5,"monocyte differentiation",NA,NA,NA,NA,NA,NA,NA
"GO:0002758","innate immune response-activating signaling pathway","2/7","253/11390",0.00790513833992095,12.8627893845285,4.73180042782182,0.00958746817357376,0.0403165406115059,0.0179823999159259,"IFI16/IRF7",2,"Interaction_up","BP","no_iea",7,11390,253,12.8627893845285,FALSE,5,9,"activation of innate immune response",NA,NA,NA,NA,NA,NA,NA
"GO:0002755","MyD88-dependent toll-like receptor signaling pathway","1/7","16/11390",0.0625,101.696428571429,9.99495620508852,0.00979441382087431,0.0403165406115059,0.0179823999159259,"IRF7",1,"Interaction_up","BP","no_iea",7,11390,16,101.696428571429,FALSE,7,7,"regulation of pattern recognition receptor signaling pathway",NA,NA,NA,NA,NA,NA,NA
"GO:0046596","regulation of viral entry into host cell","1/7","16/11390",0.0625,101.696428571429,9.99495620508852,0.00979441382087431,0.0403165406115059,0.0179823999159259,"TRIM5",1,"Interaction_up","BP","no_iea",7,11390,16,101.696428571429,FALSE,2,12,"viral process",NA,NA,NA,NA,NA,NA,NA
"GO:0031664","regulation of lipopolysaccharide-mediated signaling pathway","1/7","18/11390",0.0555555555555556,90.3968253968254,9.41246495624713,0.0110129140336274,0.0443019496352737,0.0197600132182309,"TRIM5",1,"Interaction_up","BP","no_iea",7,11390,18,90.3968253968254,TRUE,7,7,"regulation of pattern recognition receptor signaling pathway",NA,NA,NA,NA,NA,NA,NA
"GO:0032727","positive regulation of interferon-alpha production","1/7","19/11390",0.0526315789473684,85.6390977443609,9.15612987709472,0.0116216820253408,0.0457119492996736,0.0203889158339311,"IRF7",1,"Interaction_up","BP","no_iea",7,11390,19,85.6390977443609,FALSE,6,7,"positive regulation of type I interferon production",NA,NA,NA,NA,NA,NA,NA
"GO:2000107","negative regulation of leukocyte apoptotic process","1/7","20/11390",0.05,81.3571428571429,8.91913424753397,0.012230128795706,0.0470594086269555,0.0209899235624244,"IRF7",1,"Interaction_up","BP","no_iea",7,11390,20,81.3571428571428,TRUE,8,4,"regulation of myeloid cell apoptotic process",NA,NA,NA,NA,NA,NA,NA
"GO:0052372","modulation by symbiont of entry into host","1/7","21/11390",0.0476190476190476,77.4829931972789,8.69915038304412,0.0128382544859813,0.0483483200855041,0.0215648171657021,"TRIM5",1,"Interaction_up","BP","no_iea",7,11390,21,77.4829931972789,FALSE,2,12,"viral process",NA,NA,NA,NA,NA,NA,NA
"GO:0035458","cellular response to interferon-beta","1/7","22/11390",0.0454545454545455,73.961038961039,8.49422510852748,0.0134460592373753,0.0487740616630447,0.0217547108220539,"IFI16",1,"Interaction_up","BP","no_iea",7,11390,22,73.961038961039,TRUE,4,2,"response to interferon-beta",NA,NA,NA,NA,NA,NA,NA
"GO:0030522","intracellular receptor signaling pathway","2/7","306/11390",0.0065359477124183,10.6349206349206,4.23666421838961,0.013816955749408,0.0487740616630447,0.0217547108220539,"IFI16/IRF7",2,"Interaction_up","BP","no_iea",7,11390,306,10.6349206349206,FALSE,7,7,"regulation of pattern recognition receptor signaling pathway",NA,NA,NA,NA,NA,NA,NA
"GO:0032607","interferon-alpha production","1/7","23/11390",0.0434782608695652,70.7453416149068,8.3027056674508,0.0140535431910468,0.0487740616630447,0.0217547108220539,"IRF7",1,"Interaction_up","BP","no_iea",7,11390,23,70.7453416149068,FALSE,6,7,"positive regulation of type I interferon production",NA,NA,NA,NA,NA,NA,NA
"GO:0032647","regulation of interferon-alpha production","1/7","23/11390",0.0434782608695652,70.7453416149068,8.3027056674508,0.0140535431910468,0.0487740616630447,0.0217547108220539,"IRF7",1,"Interaction_up","BP","no_iea",7,11390,23,70.7453416149068,FALSE,6,7,"positive regulation of type I interferon production",NA,NA,NA,NA,NA,NA,NA
"GO:1903131","mononuclear cell differentiation","2/7","315/11390",0.00634920634920635,10.3310657596372,4.16464615664768,0.0146041738603518,0.0489612273282009,0.0218381923854598,"IFI16/IRF7",2,"Interaction_up","BP","no_iea",7,11390,315,10.3310657596372,FALSE,3,5,"monocyte differentiation",NA,NA,NA,NA,NA,NA,NA
"GO:0007606","sensory perception of chemical stimulus","1/7","24/11390",0.0416666666666667,67.7976190476191,8.12318279462839,0.0146607064881054,0.0489612273282009,0.0218381923854598,"RTP4",1,"Interaction_up","BP","no_iea",7,11390,24,67.7976190476191,FALSE,9,2,"sensory perception of taste",NA,NA,NA,NA,NA,NA,NA
"GO:0051607","defense response to virus","6/7","264/11888",0.0227272727272727,38.5974025974026,14.9947993635843,7.79128052717009e-10,1.37905665330911e-07,6.31503790096944e-08,"IFI16/IFIT1B/IRF7/MX1/RTP4/TRIM5",6,"Interaction_up","BP","with_iea",7,11888,264,38.5974025974026,TRUE,1,3,"defense response to virus",0.208,1,0.000499750124937531,0.00520833333333333,0.1345,0.000499750124937531,0
"GO:0009615","response to virus","6/7","352/11888",0.0170454545454545,28.9480519480519,12.9197438493149,4.41232866417713e-09,3.90491086779676e-07,1.78815424811389e-07,"IFI16/IFIT1B/IRF7/MX1/RTP4/TRIM5",6,"Interaction_up","BP","with_iea",7,11888,352,28.9480519480519,TRUE,1,3,"defense response to virus",0.2735,1,0.000499750124937531,0.00616016427104723,0.183,0.000499750124937531,0.0029940119760479
"GO:1903900","regulation of viral life cycle","3/7","94/11888",0.0319148936170213,54.2006079027356,12.5692282642424,1.63775948973973e-05,0.000757806034366987,0.00034701792831554,"IFI16/MX1/TRIM5",3,"Interaction_up","BP","with_iea",7,11888,94,54.2006079027356,TRUE,2,12,"regulation of viral life cycle",0.094,1,0.000499750124937531,0.0167597765363128,0.0495,0.000499750124937531,0.0104166666666667
"GO:0016032","viral process","4/7","321/11888",0.0124610591900312,21.1624388072986,8.88881493221257,1.7125560098689e-05,0.000757806034366987,0.00034701792831554,"IFI16/IRF7/MX1/TRIM5",4,"Interaction_up","BP","with_iea",7,11888,321,21.1624388072986,TRUE,2,12,"regulation of viral life cycle",0.2935,1,0.000999500249875062,0.00776699029126214,0.183,0.000499750124937531,0
"GO:0050792","regulation of viral process","3/7","116/11888",0.0258620689655172,43.9211822660099,11.2754581516382,3.07955343847563e-05,0.00109016191722037,0.000499211820552891,"IFI16/MX1/TRIM5",3,"Interaction_up","BP","with_iea",7,11888,116,43.9211822660099,FALSE,2,12,"regulation of viral life cycle",0.111,1,0.000499750124937531,0.014218009478673,0.062,0.000499750124937531,0
"GO:0030224","monocyte differentiation","2/7","29/11888",0.0689655172413793,117.12315270936,15.1968100854685,0.000119757896059329,0.00353285793375021,0.00161778210466111,"IFI16/IRF7",2,"Interaction_up","BP","with_iea",7,11888,29,117.12315270936,TRUE,3,3,"monocyte differentiation",0.021,0,0.000499750124937531,0,0.021,0.000499750124937531,0
"GO:0035456","response to interferon-beta","2/7","34/11888",0.0588235294117647,99.8991596638655,14.0171025909137,0.000165246181912304,0.00417836774263969,0.0019133768431951,"IFI16/XAF1",2,"Interaction_up","BP","with_iea",7,11888,34,99.8991596638655,TRUE,4,2,"response to interferon-beta",0.0355,0,0.000999500249875062,0.0142857142857143,0.013,0.000499750124937531,0
"GO:0045071","negative regulation of viral genome replication","2/7","40/11888",0.05,84.9142857142857,12.9033366580032,0.000229367352164784,0.00507475266664584,0.00232385343640636,"IFI16/MX1",2,"Interaction_up","BP","with_iea",7,11888,40,84.9142857142857,FALSE,2,12,"regulation of viral life cycle",0.0375,0,0.000999500249875062,0.0135135135135135,0.018,0.000499750124937531,0
"GO:0019058","viral life cycle","3/7","242/11888",0.012396694214876,21.0531286894923,7.64997620679908,0.000274494284496776,0.00539838759510326,0.00247205379020488,"IFI16/MX1/TRIM5",3,"Interaction_up","BP","with_iea",7,11888,242,21.0531286894923,FALSE,2,12,"regulation of viral life cycle",0.2335,1,0.00149925037481259,0.0119617224880383,0.137,0.000499750124937531,0
"GO:0002218","activation of innate immune response","3/7","300/11888",0.01,16.9828571428571,6.8056475663504,0.000516479211238481,0.00832820454921588,0.00381368867255202,"IFI16/IRF7/TRIM5",3,"Interaction_up","BP","with_iea",7,11888,300,16.9828571428571,TRUE,5,8,"activation of innate immune response",0.257,1,0.000999500249875062,0.0043956043956044,0.174,0.000999500249875062,0.003125
"GO:0048525","negative regulation of viral process","2/7","60/11888",0.0333333333333333,56.6095238095238,10.4816051836161,0.00051757203413206,0.00832820454921588,0.00381368867255202,"IFI16/MX1",2,"Interaction_up","BP","with_iea",7,11888,60,56.6095238095238,FALSE,2,12,"regulation of viral life cycle",0.062,1,0.00249875062468766,0.0166666666666667,0.0295,0.000499750124937531,0
"GO:0045069","regulation of viral genome replication","2/7","66/11888",0.0303030303030303,51.4632034632035,9.97837819401234,0.000626170681439692,0.00923601755123545,0.00422939846235581,"IFI16/MX1",2,"Interaction_up","BP","with_iea",7,11888,66,51.4632034632035,FALSE,2,12,"regulation of viral life cycle",0.059,1,0.00149925037481259,0.00862068965517241,0.0355,0.00149925037481259,0.0144927536231884
"GO:0045089","positive regulation of innate immune response","3/7","355/11888",0.00845070422535211,14.3517102615694,6.19924190095443,0.000845124813052045,0.0110538517942512,0.00506182924863122,"IFI16/IRF7/TRIM5",3,"Interaction_up","BP","with_iea",7,11888,355,14.3517102615694,FALSE,5,8,"activation of innate immune response",0.312,1,0.000999500249875062,0.00182149362477231,0.2065,0.000999500249875062,0.00264550264550265
"GO:0034340","response to type I interferon","2/7","80/11888",0.025,42.4571428571429,9.03056333309475,0.000918848268709348,0.0110538517942512,0.00506182924863122,"IRF7/MX1",2,"Interaction_up","BP","with_iea",7,11888,80,42.4571428571429,TRUE,4,2,"response to interferon-beta",0.078,1,0.00299850074962519,0.0268456375838926,0.033,0.000499750124937531,0
"GO:0032481","positive regulation of type I interferon production","2/7","83/11888",0.0240963855421687,40.9225473321859,8.85896423479517,0.000988672441586938,0.0110538517942512,0.00506182924863122,"IRF7/XAF1",2,"Interaction_up","BP","with_iea",7,11888,83,40.9225473321859,TRUE,6,5,"positive regulation of type I interferon production",0.0895,1,0.00399800099950025,0.0232558139534884,0.0405,0.000499750124937531,0
"GO:0002833","positive regulation of response to biotic stimulus","3/7","376/11888",0.00797872340425532,13.5501519756839,6.00241709528876,0.000999218241288242,0.0110538517942512,0.00506182924863122,"IFI16/IRF7/TRIM5",3,"Interaction_up","BP","with_iea",7,11888,376,13.5501519756839,TRUE,5,8,"activation of innate immune response",0.3185,1,0.000999500249875062,0.00178571428571429,0.215,0.00149925037481259,0.00510204081632653
"GO:0019079","viral genome replication","2/7","93/11888",0.021505376344086,36.5222734254992,8.34741312619103,0.00123939643773405,0.0128383056600388,0.00587897434328273,"IFI16/MX1",2,"Interaction_up","BP","with_iea",7,11888,93,36.5222734254992,FALSE,2,12,"regulation of viral life cycle",0.074,1,0.00299850074962519,0.00699300699300699,0.0485,0.00149925037481259,0.0105263157894737
"GO:0001819","positive regulation of cytokine production","3/7","415/11888",0.0072289156626506,12.2767641996558,5.67582117982035,0.00133108784464696,0.0128383056600388,0.00587897434328273,"IFI16/IRF7/XAF1",3,"Interaction_up","BP","with_iea",7,11888,415,12.2767641996558,FALSE,6,5,"positive regulation of type I interferon production",0.3155,1,0.000999500249875062,0.00177619893428064,0.234,0.00249875062468766,0.00689655172413793
"GO:0045088","regulation of innate immune response","3/7","420/11888",0.00714285714285714,12.130612244898,5.6371359667975,0.00137812320644485,0.0128383056600388,0.00587897434328273,"IFI16/IRF7/TRIM5",3,"Interaction_up","BP","with_iea",7,11888,420,12.130612244898,FALSE,5,8,"activation of innate immune response",0.3635,1,0.00249875062468766,0.00318979266347687,0.2425,0.000999500249875062,0.00230414746543779
"GO:0031349","positive regulation of defense response","3/7","463/11888",0.00647948164146868,11.0040111076828,5.32960729533399,0.00182705833761824,0.0161694662879214,0.00740439431561077,"IFI16/IRF7/TRIM5",3,"Interaction_up","BP","with_iea",7,11888,463,11.0040111076828,TRUE,5,8,"activation of innate immune response",0.381,1.04999999999995,0.00399800099950025,0.00305343511450382,0.27,0.00199900049975012,0.0020746887966805
"GO:0032479","regulation of type I interferon production","2/7","121/11888",0.0165289256198347,28.0708382526564,7.26474150566915,0.00208682219815242,0.0165564373258758,0.00758159782392171,"IRF7/XAF1",2,"Interaction_up","BP","with_iea",7,11888,121,28.0708382526564,FALSE,6,5,"positive regulation of type I interferon production",0.121,1,0.00699650174912544,0.0219298245614035,0.061,0.00149925037481259,0.00833333333333333
"GO:0032606","type I interferon production","2/7","121/11888",0.0165289256198347,28.0708382526564,7.26474150566915,0.00208682219815242,0.0165564373258758,0.00758159782392171,"IRF7/XAF1",2,"Interaction_up","BP","with_iea",7,11888,121,28.0708382526564,TRUE,6,5,"positive regulation of type I interferon production",0.121,1,0.00699650174912544,0.0219298245614035,0.061,0.00149925037481259,0.00833333333333333
"GO:0002831","regulation of response to biotic stimulus","3/7","490/11888",0.00612244897959184,10.397667638484,5.15658817841159,0.00215140146042454,0.0165564373258758,0.00758159782392171,"IFI16/IRF7/TRIM5",3,"Interaction_up","BP","with_iea",7,11888,490,10.397667638484,FALSE,5,8,"activation of innate immune response",0.4105,2,0.00449775112443778,0.00578871201157742,0.2795,0.00199900049975012,0.00410677618069815
"GO:0062207","regulation of pattern recognition receptor signaling pathway","2/7","166/11888",0.0120481927710843,20.4612736660929,6.12890794941584,0.00388694064104891,0.0286661872277357,0.013126948656174,"IFI16/IRF7",2,"Interaction_up","BP","with_iea",7,11888,166,20.4612736660929,TRUE,7,6,"regulation of pattern recognition receptor signaling pathway",0.141,1,0.00999500249875063,0.00381679389312977,0.1005,0.00549725137431284,0
"GO:0002753","cytoplasmic pattern recognition receptor signaling pathway","2/7","192/11888",0.0104166666666667,17.6904761904762,5.6592556816525,0.00516616068602718,0.0365764176570724,0.0167492367504881,"IFI16/IRF7",2,"Interaction_up","BP","with_iea",7,11888,192,17.6904761904762,FALSE,7,6,"regulation of pattern recognition receptor signaling pathway",0.1625,1,0.0104947526236882,0.00328947368421053,0.1105,0.00499750124937531,0
"GO:0039530","MDA-5 signaling pathway","1/7","10/11888",0.1,169.828571428571,12.9638183960491,0.00587493110944703,0.037137957370433,0.0170063795273467,"IRF7",1,"Interaction_up","BP","with_iea",7,11888,10,169.828571428571,TRUE,1,3,"defense response to virus",0.0075,0,0.0079960019990005,0,0.006,0.00599700149925037,0.0909090909090909
"GO:0050907","detection of chemical stimulus involved in sensory perception","1/7","10/11888",0.1,169.828571428571,12.9638183960491,0.00587493110944703,0.037137957370433,0.0170063795273467,"RTP4",1,"Interaction_up","BP","with_iea",7,11888,10,169.828571428571,TRUE,8,2,"detection of chemical stimulus involved in sensory perception",0.007,0,0.00749625187406297,0.0714285714285714,0.0055,0.00599700149925037,0
"GO:0071888","macrophage apoptotic process","1/7","10/11888",0.1,169.828571428571,12.9638183960491,0.00587493110944703,0.037137957370433,0.0170063795273467,"IRF7",1,"Interaction_up","BP","with_iea",7,11888,10,169.828571428571,TRUE,9,3,"macrophage apoptotic process",0.004,0,0.00449775112443778,0,0.004,0.00449775112443778,0
"GO:0002573","myeloid leukocyte differentiation","2/7","209/11888",0.00956937799043062,16.2515379357485,5.39936399994721,0.00609481905841012,0.0371994128737445,0.0170345215062642,"IFI16/IRF7",2,"Interaction_up","BP","with_iea",7,11888,209,16.2515379357485,FALSE,3,3,"monocyte differentiation",0.1355,1,0.00749625187406297,0,0.1335,0.00949525237381309,0
"GO:0070142","synaptic vesicle budding","1/7","11/11888",0.0909090909090909,154.38961038961,12.353714549122,0.00646079366898888,0.0381186826470344,0.0174554776320051,"MX1",1,"Interaction_up","BP","with_iea",7,11888,11,154.38961038961,TRUE,10,1,"synaptic vesicle budding",0.008,0,0.00849575212393803,0,0.006,0.00649675162418791,0
"GO:0033033","negative regulation of myeloid cell apoptotic process","1/7","14/11888",0.0714285714285714,121.30612244898,10.9323084942001,0.00821660605647523,0.0441887827165123,0.0202351250025064,"IRF7",1,"Interaction_up","BP","with_iea",7,11888,14,121.30612244898,TRUE,9,3,"macrophage apoptotic process",0.009,0,0.00949525237381309,0,0.0045,0.00499750124937531,0
"GO:0002756","MyD88-independent toll-like receptor signaling pathway","1/7","15/11888",0.0666666666666667,113.219047619048,10.5557872293046,0.00880128550380588,0.0441887827165123,0.0202351250025064,"IRF7",1,"Interaction_up","BP","with_iea",7,11888,15,113.219047619048,FALSE,7,6,"regulation of pattern recognition receptor signaling pathway",0.009,0,0.00949525237381309,0,0.006,0.00649675162418791,0
"GO:0043392","negative regulation of DNA binding","1/7","15/11888",0.0666666666666667,113.219047619048,10.5557872293046,0.00880128550380588,0.0441887827165123,0.0202351250025064,"IFI16",1,"Interaction_up","BP","with_iea",7,11888,15,113.219047619048,TRUE,11,1,"negative regulation of DNA binding",0.0075,0,0.0079960019990005,0,0.0065,0.00649675162418791,0.0833333333333333
"GO:0141086","negative regulation of inflammasome-mediated signaling pathway","1/7","15/11888",0.0666666666666667,113.219047619048,10.5557872293046,0.00880128550380588,0.0441887827165123,0.0202351250025064,"IFI16",1,"Interaction_up","BP","with_iea",7,11888,15,113.219047619048,TRUE,12,1,"negative regulation of inflammasome-mediated signaling pathway",0.025,0,0.0254872563718141,0,0.0065,0.00699650174912544,0
"GO:0045655","regulation of monocyte differentiation","1/7","16/11888",0.0625,106.142857142857,10.2149554076294,0.00938566948439001,0.0441887827165123,0.0202351250025064,"IRF7",1,"Interaction_up","BP","with_iea",7,11888,16,106.142857142857,TRUE,3,3,"monocyte differentiation",0.011,0,0.0114942528735632,0,0.0095,0.00999500249875063,0
"GO:0046597","host-mediated suppression of symbiont invasion","1/7","16/11888",0.0625,106.142857142857,10.2149554076294,0.00938566948439001,0.0441887827165123,0.0202351250025064,"TRIM5",1,"Interaction_up","BP","with_iea",7,11888,16,106.142857142857,FALSE,2,12,"regulation of viral life cycle",0.01,0,0.0104947526236882,0,0.0055,0.00599700149925037,0.0909090909090909
"GO:0044790","suppression of viral release by host","1/7","17/11888",0.0588235294117647,99.8991596638655,9.90448875082888,0.00996975812266554,0.0441887827165123,0.0202351250025064,"TRIM5",1,"Interaction_up","BP","with_iea",7,11888,17,99.8991596638655,TRUE,2,12,"regulation of viral life cycle",0.0235,0,0.0239880059970015,0,0.0075,0.0079960019990005,0.0666666666666667
"GO:0046596","regulation of viral entry into host cell","1/7","17/11888",0.0588235294117647,99.8991596638655,9.90448875082888,0.00996975812266554,0.0441887827165123,0.0202351250025064,"TRIM5",1,"Interaction_up","BP","with_iea",7,11888,17,99.8991596638655,FALSE,2,12,"regulation of viral life cycle",0.0255,0,0.0259870064967516,0,0.006,0.00649675162418791,0
"GO:0002221","pattern recognition receptor signaling pathway","2/7","272/11888",0.00735294117647059,12.4873949579832,4.65196412559155,0.0101523129126742,0.0441887827165123,0.0202351250025064,"IFI16/IRF7",2,"Interaction_up","BP","with_iea",7,11888,272,12.4873949579832,FALSE,7,6,"regulation of pattern recognition receptor signaling pathway",0.2285,1,0.0249875062468766,0.00491400491400491,0.159,0.0109945027486257,0.00337837837837838
"GO:0002755","MyD88-dependent toll-like receptor signaling pathway","1/7","18/11888",0.0555555555555556,94.3492063492064,9.62011306765922,0.0105535515430294,0.0441887827165123,0.0202351250025064,"IRF7",1,"Interaction_up","BP","with_iea",7,11888,18,94.3492063492063,FALSE,7,6,"regulation of pattern recognition receptor signaling pathway",0.0095,0,0.00999500249875063,0,0.0085,0.00899550224887556,0
"GO:0006925","inflammatory cell apoptotic process","1/7","18/11888",0.0555555555555556,94.3492063492064,9.62011306765922,0.0105535515430294,0.0441887827165123,0.0202351250025064,"IRF7",1,"Interaction_up","BP","with_iea",7,11888,18,94.3492063492063,FALSE,9,3,"macrophage apoptotic process",0.007,0,0.00749625187406297,0,0.0095,0.00999500249875063,0
"GO:0060340","positive regulation of type I interferon-mediated signaling pathway","1/7","18/11888",0.0555555555555556,94.3492063492064,9.62011306765922,0.0105535515430294,0.0441887827165123,0.0202351250025064,"IRF7",1,"Interaction_up","BP","with_iea",7,11888,18,94.3492063492063,TRUE,5,8,"activation of innate immune response",0.0185,0,0.0189905047476262,0,0.008,0.00849575212393803,0
"GO:0002758","innate immune response-activating signaling pathway","2/7","280/11888",0.00714285714285714,12.130612244898,4.57486226101502,0.0107351280045764,0.0441887827165123,0.0202351250025064,"IFI16/IRF7",2,"Interaction_up","BP","with_iea",7,11888,280,12.130612244898,FALSE,5,8,"activation of innate immune response",0.232,1,0.0249875062468766,0.00483091787439614,0.162,0.0114942528735632,0.00332225913621262
"GO:0050909","sensory perception of taste","1/7","21/11888",0.0476190476190476,80.8707482993197,8.89171599910158,0.0123031617399885,0.0485272823220098,0.0222218301444826,"RTP4",1,"Interaction_up","BP","with_iea",7,11888,21,80.8707482993197,TRUE,8,2,"detection of chemical stimulus involved in sensory perception",0.009,0,0.00949525237381309,0.0555555555555556,0.012,0.0124937531234383,0
"GO:0031664","regulation of lipopolysaccharide-mediated signaling pathway","1/7","22/11888",0.0454545454545455,77.1948051948052,8.68246787042281,0.0128857755318331,0.0485272823220098,0.0222218301444826,"TRIM5",1,"Interaction_up","BP","with_iea",7,11888,22,77.1948051948052,TRUE,7,6,"regulation of pattern recognition receptor signaling pathway",0.0115,0,0.0119940029985007,0.0434782608695652,0.0095,0.00999500249875063,0
"GO:0032727","positive regulation of interferon-alpha production","1/7","22/11888",0.0454545454545455,77.1948051948052,8.68246787042281,0.0128857755318331,0.0485272823220098,0.0222218301444826,"IRF7",1,"Interaction_up","BP","with_iea",7,11888,22,77.1948051948052,FALSE,6,5,"positive regulation of type I interferon production",0.019,0,0.0194902548725637,0,0.0095,0.00999500249875063,0
"GO:0052372","modulation by symbiont of entry into host","1/7","22/11888",0.0454545454545455,77.1948051948052,8.68246787042281,0.0128857755318331,0.0485272823220098,0.0222218301444826,"TRIM5",1,"Interaction_up","BP","with_iea",7,11888,22,77.1948051948052,FALSE,2,12,"regulation of viral life cycle",0.028,0,0.0284857571214393,0,0.01,0.0104947526236882,0
"GO:0009615","response to virus","10/17","280/11390",0.0357142857142857,23.9285714285714,15.0185747525298,1.14832966975247e-12,6.16653032657076e-10,3.71091798541061e-10,"DHX58/EIF2AK2/IFI16/IFI27/IFIT1B/IRF7/LGALS9/MX1/RTP4/TRIM5",10,"Interaction_fdrOnly_up","BP","no_iea",17,11390,280,23.9285714285714,TRUE,1,10,"response to virus",NA,NA,NA,NA,NA,NA,NA
"GO:0051607","defense response to virus","9/17","197/11390",0.0456852791878173,30.6091370558376,16.2074745776819,2.48933432152339e-12,6.6838626532903e-10,4.02224019319832e-10,"DHX58/EIF2AK2/IFI16/IFI27/IFIT1B/IRF7/MX1/RTP4/TRIM5",9,"Interaction_fdrOnly_up","BP","no_iea",17,11390,197,30.6091370558376,TRUE,1,10,"response to virus",NA,NA,NA,NA,NA,NA,NA
"GO:0050792","regulation of viral process","6/17","110/11390",0.0545454545454545,36.5454545454545,14.4829023532134,8.0277339533909e-09,1.43696437765697e-06,8.64741867961757e-07,"EIF2AK2/IFI16/LGALS9/MX1/SP100/TRIM5",6,"Interaction_fdrOnly_up","BP","no_iea",17,11390,110,36.5454545454545,TRUE,2,15,"regulation of viral process",NA,NA,NA,NA,NA,NA,NA
"GO:0016032","viral process","7/17","253/11390",0.0276679841897233,18.5375494071146,10.9062336077982,3.95065439383493e-08,5.30375352372339e-06,3.19171289186137e-06,"EIF2AK2/IFI16/IRF7/LGALS9/MX1/SP100/TRIM5",7,"Interaction_fdrOnly_up","BP","no_iea",17,11390,253,18.5375494071146,TRUE,2,15,"regulation of viral process",NA,NA,NA,NA,NA,NA,NA
"GO:1903900","regulation of viral life cycle","5/17","89/11390",0.0561797752808989,37.6404494382022,13.4161249880003,1.49450988019242e-07,1.60510361132666e-05,9.65925333092787e-06,"EIF2AK2/IFI16/LGALS9/MX1/TRIM5",5,"Interaction_fdrOnly_up","BP","no_iea",17,11390,89,37.6404494382023,FALSE,2,15,"regulation of viral process",NA,NA,NA,NA,NA,NA,NA
"GO:0048525","negative regulation of viral process","4/17","58/11390",0.0689655172413793,46.2068965517241,13.3442799738268,1.37124098685964e-06,0.000122726068323938,7.38545584150718e-05,"EIF2AK2/IFI16/MX1/SP100",4,"Interaction_fdrOnly_up","BP","no_iea",17,11390,58,46.2068965517241,FALSE,2,15,"regulation of viral process",NA,NA,NA,NA,NA,NA,NA
"GO:0019058","viral life cycle","5/17","178/11390",0.0280898876404494,18.8202247191011,9.26427355799701,4.68274344673577e-06,0.000359233318699587,0.000216180787691411,"EIF2AK2/IFI16/LGALS9/MX1/TRIM5",5,"Interaction_fdrOnly_up","BP","no_iea",17,11390,178,18.8202247191011,FALSE,2,15,"regulation of viral process",NA,NA,NA,NA,NA,NA,NA
"GO:0001819","positive regulation of cytokine production","6/17","349/11390",0.0171919770773639,11.5186246418338,7.71608856248489,7.37068534741845e-06,0.000494757253945463,0.000297736894954929,"DHX58/EIF2AK2/IFI16/IRF7/LGALS9/XAF1",6,"Interaction_fdrOnly_up","BP","no_iea",17,11390,349,11.5186246418338,TRUE,3,15,"positive regulation of cytokine production",NA,NA,NA,NA,NA,NA,NA
"GO:0045088","regulation of innate immune response","6/17","377/11390",0.0159151193633952,10.6631299734748,7.37675592399034,1.14739482752538e-05,0.000684612247090143,0.000411988552105604,"DHX58/EIF2AK2/IFI16/IRF7/LGALS9/TRIM5",6,"Interaction_fdrOnly_up","BP","no_iea",17,11390,377,10.6631299734748,TRUE,4,16,"regulation of innate immune response",NA,NA,NA,NA,NA,NA,NA
"GO:0002831","regulation of response to biotic stimulus","6/17","429/11390",0.013986013986014,9.37062937062937,6.83268513187771,2.39532985122333e-05,0.00119195031597384,0.000717296377543798,"DHX58/EIF2AK2/IFI16/IRF7/LGALS9/TRIM5",6,"Interaction_fdrOnly_up","BP","no_iea",17,11390,429,9.37062937062937,TRUE,4,16,"regulation of innate immune response",NA,NA,NA,NA,NA,NA,NA
"GO:0045071","negative regulation of viral genome replication","3/17","39/11390",0.0769230769230769,51.5384615384615,12.2226956142764,2.4416114479911e-05,0.00119195031597384,0.000717296377543798,"EIF2AK2/IFI16/MX1",3,"Interaction_fdrOnly_up","BP","no_iea",17,11390,39,51.5384615384615,FALSE,2,15,"regulation of viral process",NA,NA,NA,NA,NA,NA,NA
"GO:0002218","activation of innate immune response","5/17","273/11390",0.0183150183150183,12.2710622710623,7.28755939707789,3.72538993115478e-05,0.00166711199419176,0.00100324097268817,"DHX58/EIF2AK2/IFI16/IRF7/TRIM5",5,"Interaction_fdrOnly_up","BP","no_iea",17,11390,273,12.2710622710623,FALSE,4,16,"regulation of innate immune response",NA,NA,NA,NA,NA,NA,NA
"GO:0032103","positive regulation of response to external stimulus","6/17","480/11390",0.0125,8.375,6.3826349447275,4.51699837946915e-05,0.00186586779213456,0.00112284898987614,"DHX58/EIF2AK2/IFI16/IRF7/LGALS9/TRIM5",6,"Interaction_fdrOnly_up","BP","no_iea",17,11390,480,8.375,TRUE,4,16,"regulation of innate immune response",NA,NA,NA,NA,NA,NA,NA
"GO:0030522","intracellular receptor signaling pathway","5/17","306/11390",0.0163398692810458,10.9477124183007,6.81970225369947,6.42580672964333e-05,0.00232762346242012,0.00140072606677051,"DHX58/EIF2AK2/IFI16/IRF7/SP100",5,"Interaction_fdrOnly_up","BP","no_iea",17,11390,306,10.9477124183007,FALSE,5,12,"intracellular receptor signaling pathway",NA,NA,NA,NA,NA,NA,NA
"GO:0062207","regulation of pattern recognition receptor signaling pathway","4/17","153/11390",0.0261437908496732,17.516339869281,7.95177483003662,6.50174151513999e-05,0.00232762346242012,0.00140072606677051,"DHX58/EIF2AK2/IFI16/IRF7",4,"Interaction_fdrOnly_up","BP","no_iea",17,11390,153,17.516339869281,TRUE,5,12,"intracellular receptor signaling pathway",NA,NA,NA,NA,NA,NA,NA
"GO:0045089","positive regulation of innate immune response","5/17","318/11390",0.0157232704402516,10.5345911949686,6.6670288740434,7.71520763665634e-05,0.00258941656305279,0.00155826891082467,"DHX58/EIF2AK2/IFI16/IRF7/TRIM5",5,"Interaction_fdrOnly_up","BP","no_iea",17,11390,318,10.5345911949686,FALSE,4,16,"regulation of innate immune response",NA,NA,NA,NA,NA,NA,NA
"GO:0039530","MDA-5 signaling pathway","2/17","10/11390",0.2,134,16.2671041606569,9.36958466517596e-05,0.00283066530362508,0.00170344849203744,"DHX58/IRF7",2,"Interaction_fdrOnly_up","BP","no_iea",17,11390,10,134,TRUE,5,12,"intracellular receptor signaling pathway",NA,NA,NA,NA,NA,NA,NA
"GO:0045069","regulation of viral genome replication","3/17","62/11390",0.0483870967741935,32.4193548387097,9.59060987521538,9.89192769278809e-05,0.00283066530362508,0.00170344849203744,"EIF2AK2/IFI16/MX1",3,"Interaction_fdrOnly_up","BP","no_iea",17,11390,62,32.4193548387097,FALSE,2,15,"regulation of viral process",NA,NA,NA,NA,NA,NA,NA
"GO:0002833","positive regulation of response to biotic stimulus","5/17","336/11390",0.0148809523809524,9.97023809523809,6.45273183262163,0.000100153893424351,0.00283066530362508,0.00170344849203744,"DHX58/EIF2AK2/IFI16/IRF7/TRIM5",5,"Interaction_fdrOnly_up","BP","no_iea",17,11390,336,9.9702380952381,FALSE,4,16,"regulation of innate immune response",NA,NA,NA,NA,NA,NA,NA
"GO:0140374","antiviral innate immune response","3/17","65/11390",0.0461538461538462,30.9230769230769,9.35348727172236,0.000113930371356758,0.00292871832983552,0.00176245521368128,"DHX58/EIF2AK2/MX1",3,"Interaction_fdrOnly_up","BP","no_iea",17,11390,65,30.9230769230769,FALSE,1,10,"response to virus",NA,NA,NA,NA,NA,NA,NA
"GO:0002753","cytoplasmic pattern recognition receptor signaling pathway","4/17","177/11390",0.0225988700564972,15.1412429378531,7.33065942245153,0.000114530884406976,0.00292871832983552,0.00176245521368128,"DHX58/EIF2AK2/IFI16/IRF7",4,"Interaction_fdrOnly_up","BP","no_iea",17,11390,177,15.1412429378531,FALSE,5,12,"intracellular receptor signaling pathway",NA,NA,NA,NA,NA,NA,NA
"GO:0051092","positive regulation of NF-kappaB transcription factor activity","3/17","71/11390",0.0422535211267606,28.3098591549296,8.92430372376841,0.00014825385115222,0.00360856867126304,0.00217157812815398,"EIF2AK2/LGALS9/TRIM5",3,"Interaction_fdrOnly_up","BP","no_iea",17,11390,71,28.3098591549296,TRUE,6,3,"positive regulation of NF-kappaB transcription factor activity",NA,NA,NA,NA,NA,NA,NA
"GO:0034340","response to type I interferon","3/17","72/11390",0.0416666666666667,27.9166666666667,8.85793353569467,0.000154556944951676,0.00360856867126304,0.00217157812815398,"IFI27/MX1/SP100",3,"Interaction_fdrOnly_up","BP","no_iea",17,11390,72,27.9166666666667,TRUE,1,10,"response to virus",NA,NA,NA,NA,NA,NA,NA
"GO:0032481","positive regulation of type I interferon production","3/17","75/11390",0.04,26.8,8.66668069265186,0.000174507007664902,0.00389885428956635,0.00234626730745245,"DHX58/IRF7/XAF1",3,"Interaction_fdrOnly_up","BP","no_iea",17,11390,75,26.8,FALSE,3,15,"positive regulation of cytokine production",NA,NA,NA,NA,NA,NA,NA
"GO:0045824","negative regulation of innate immune response","3/17","76/11390",0.0394736842105263,26.4473684210526,8.60540518739247,0.000181510907335491,0.00389885428956635,0.00234626730745245,"DHX58/IFI16/LGALS9",3,"Interaction_fdrOnly_up","BP","no_iea",17,11390,76,26.4473684210526,FALSE,4,16,"regulation of innate immune response",NA,NA,NA,NA,NA,NA,NA
"GO:0019079","viral genome replication","3/17","84/11390",0.0357142857142857,23.9285714285714,8.15439766392612,0.000244208218632989,0.00477982317049441,0.00287642009868036,"EIF2AK2/IFI16/MX1",3,"Interaction_fdrOnly_up","BP","no_iea",17,11390,84,23.9285714285714,FALSE,2,15,"regulation of viral process",NA,NA,NA,NA,NA,NA,NA
"GO:0046596","regulation of viral entry into host cell","2/17","16/11390",0.125,83.75,12.8056350139697,0.000248542671365886,0.00477982317049441,0.00287642009868036,"LGALS9/TRIM5",2,"Interaction_fdrOnly_up","BP","no_iea",17,11390,16,83.75,FALSE,2,15,"regulation of viral process",NA,NA,NA,NA,NA,NA,NA
"GO:0031349","positive regulation of defense response","5/17","408/11390",0.0122549019607843,8.21078431372549,5.73457985513446,0.000249227278908461,0.00477982317049441,0.00287642009868036,"DHX58/EIF2AK2/IFI16/IRF7/TRIM5",5,"Interaction_fdrOnly_up","BP","no_iea",17,11390,408,8.21078431372549,TRUE,4,16,"regulation of innate immune response",NA,NA,NA,NA,NA,NA,NA
"GO:0051091","positive regulation of DNA-binding transcription factor activity","3/17","93/11390",0.032258064516129,21.6129032258065,7.71665016316105,0.000329832168754892,0.00610758188349575,0.00367544376797647,"EIF2AK2/LGALS9/TRIM5",3,"Interaction_fdrOnly_up","BP","no_iea",17,11390,93,21.6129032258065,FALSE,6,3,"positive regulation of NF-kappaB transcription factor activity",NA,NA,NA,NA,NA,NA,NA
"GO:0002253","activation of immune response","5/17","452/11390",0.0110619469026549,7.41150442477876,5.37761791332905,0.000400761821814566,0.00664414285194567,0.00399833746064357,"DHX58/EIF2AK2/IFI16/IRF7/TRIM5",5,"Interaction_fdrOnly_up","BP","no_iea",17,11390,452,7.41150442477876,TRUE,4,16,"regulation of innate immune response",NA,NA,NA,NA,NA,NA,NA
"GO:0071345","cellular response to cytokine stimulus","5/17","452/11390",0.0110619469026549,7.41150442477876,5.37761791332905,0.000400761821814566,0.00664414285194567,0.00399833746064357,"IFI16/IFI27/LGALS9/MX1/SP100",5,"Interaction_fdrOnly_up","BP","no_iea",17,11390,452,7.41150442477876,TRUE,1,10,"response to virus",NA,NA,NA,NA,NA,NA,NA
"GO:0002221","pattern recognition receptor signaling pathway","4/17","246/11390",0.016260162601626,10.8943089430894,6.06543853675415,0.000404921289146571,0.00664414285194567,0.00399833746064357,"DHX58/EIF2AK2/IFI16/IRF7",4,"Interaction_fdrOnly_up","BP","no_iea",17,11390,246,10.8943089430894,FALSE,5,12,"intracellular receptor signaling pathway",NA,NA,NA,NA,NA,NA,NA
"GO:0002832","negative regulation of response to biotic stimulus","3/17","102/11390",0.0294117647058824,19.7058823529412,7.33667906419535,0.000432806697986174,0.00664414285194567,0.00399833746064357,"DHX58/IFI16/LGALS9",3,"Interaction_fdrOnly_up","BP","no_iea",17,11390,102,19.7058823529412,FALSE,4,16,"regulation of innate immune response",NA,NA,NA,NA,NA,NA,NA
"GO:0030224","monocyte differentiation","2/17","21/11390",0.0952380952380952,63.8095238095238,11.1379112382528,0.000433044692398693,0.00664414285194567,0.00399833746064357,"IFI16/IRF7",2,"Interaction_fdrOnly_up","BP","no_iea",17,11390,21,63.8095238095238,TRUE,7,1,"monocyte differentiation",NA,NA,NA,NA,NA,NA,NA
"GO:0052372","modulation by symbiont of entry into host","2/17","21/11390",0.0952380952380952,63.8095238095238,11.1379112382528,0.000433044692398693,0.00664414285194567,0.00399833746064357,"LGALS9/TRIM5",2,"Interaction_fdrOnly_up","BP","no_iea",17,11390,21,63.8095238095238,FALSE,2,15,"regulation of viral process",NA,NA,NA,NA,NA,NA,NA
"GO:0002758","innate immune response-activating signaling pathway","4/17","253/11390",0.0158102766798419,10.5928853754941,5.96561392069555,0.000450409050265188,0.00671860166645572,0.00404314556816996,"DHX58/EIF2AK2/IFI16/IRF7",4,"Interaction_fdrOnly_up","BP","no_iea",17,11390,253,10.5928853754941,FALSE,4,16,"regulation of innate immune response",NA,NA,NA,NA,NA,NA,NA
"GO:0032479","regulation of type I interferon production","3/17","109/11390",0.0275229357798165,18.4403669724771,7.07334442522511,0.000525774806564052,0.00743002818749726,0.00447127051565551,"DHX58/IRF7/XAF1",3,"Interaction_fdrOnly_up","BP","no_iea",17,11390,109,18.4403669724771,FALSE,3,15,"positive regulation of cytokine production",NA,NA,NA,NA,NA,NA,NA
"GO:0032606","type I interferon production","3/17","109/11390",0.0275229357798165,18.4403669724771,7.07334442522511,0.000525774806564052,0.00743002818749726,0.00447127051565551,"DHX58/IRF7/XAF1",3,"Interaction_fdrOnly_up","BP","no_iea",17,11390,109,18.4403669724771,TRUE,3,15,"positive regulation of cytokine production",NA,NA,NA,NA,NA,NA,NA
"GO:0039531","regulation of cytoplasmic pattern recognition receptor signaling pathway","3/17","111/11390",0.027027027027027,18.1081081081081,7.00257734834124,0.000554505643293013,0.00762067135120205,0.00458599648107229,"DHX58/EIF2AK2/IFI16",3,"Interaction_fdrOnly_up","BP","no_iea",17,11390,111,18.1081081081081,FALSE,5,12,"intracellular receptor signaling pathway",NA,NA,NA,NA,NA,NA,NA
"GO:0046825","regulation of protein export from nucleus","2/17","24/11390",0.0833333333333333,55.8333333333333,10.3962372090343,0.000567647772901456,0.00762067135120205,0.00458599648107229,"IFI27/SP100",2,"Interaction_fdrOnly_up","BP","no_iea",17,11390,24,55.8333333333333,TRUE,8,3,"regulation of protein export from nucleus",NA,NA,NA,NA,NA,NA,NA
"GO:0035456","response to interferon-beta","2/17","29/11390",0.0689655172413793,46.2068965517241,9.4237802504255,0.000831362220137271,0.0106295598146122,0.00639669678150732,"IFI16/XAF1",2,"Interaction_fdrOnly_up","BP","no_iea",17,11390,29,46.2068965517241,TRUE,1,10,"response to virus",NA,NA,NA,NA,NA,NA,NA
"GO:0043903","regulation of biological process involved in symbiotic interaction","2/17","29/11390",0.0689655172413793,46.2068965517241,9.4237802504255,0.000831362220137271,0.0106295598146122,0.00639669678150732,"LGALS9/TRIM5",2,"Interaction_fdrOnly_up","BP","no_iea",17,11390,29,46.2068965517241,FALSE,2,15,"regulation of viral process",NA,NA,NA,NA,NA,NA,NA
"GO:0050777","negative regulation of immune response","3/17","147/11390",0.0204081632653061,13.6734693877551,5.97919641045604,0.00125419662500245,0.0156628741308446,0.00942566374236848,"DHX58/IFI16/LGALS9",3,"Interaction_fdrOnly_up","BP","no_iea",17,11390,147,13.6734693877551,TRUE,4,16,"regulation of innate immune response",NA,NA,NA,NA,NA,NA,NA
"GO:0051090","regulation of DNA-binding transcription factor activity","3/17","153/11390",0.0196078431372549,13.1372549019608,5.84346887984883,0.0014074502925949,0.0171772910709877,0.0103370153068573,"EIF2AK2/LGALS9/TRIM5",3,"Interaction_fdrOnly_up","BP","no_iea",17,11390,153,13.1372549019608,FALSE,6,3,"positive regulation of NF-kappaB transcription factor activity",NA,NA,NA,NA,NA,NA,NA
"GO:0032480","negative regulation of type I interferon production","2/17","39/11390",0.0512820512820513,34.3589743589744,8.06784728268574,0.00150408557174569,0.0179487544894986,0.0108012694859866,"DHX58/XAF1",2,"Interaction_fdrOnly_up","BP","no_iea",17,11390,39,34.3589743589744,FALSE,3,15,"positive regulation of cytokine production",NA,NA,NA,NA,NA,NA,NA
"GO:1901224","positive regulation of non-canonical NF-kappaB signal transduction","2/17","41/11390",0.0487804878048781,32.6829268292683,7.85720641040101,0.00166152322137391,0.0193964776060389,0.0116724857885993,"EIF2AK2/LGALS9",2,"Interaction_fdrOnly_up","BP","no_iea",17,11390,41,32.6829268292683,FALSE,5,12,"intracellular receptor signaling pathway",NA,NA,NA,NA,NA,NA,NA
"GO:0141085","regulation of inflammasome-mediated signaling pathway","2/17","44/11390",0.0454545454545455,30.4545454545455,7.56810260259405,0.00191179432848443,0.0218432671148115,0.0131449240502737,"EIF2AK2/IFI16",2,"Interaction_fdrOnly_up","BP","no_iea",17,11390,44,30.4545454545455,TRUE,9,1,"regulation of inflammasome-mediated signaling pathway",NA,NA,NA,NA,NA,NA,NA
"GO:0032731","positive regulation of interleukin-1 beta production","2/17","45/11390",0.0444444444444444,29.7777777777778,7.47809536125787,0.00199896144898095,0.0218588068450954,0.0131542756080452,"IFI16/LGALS9",2,"Interaction_fdrOnly_up","BP","no_iea",17,11390,45,29.7777777777778,FALSE,3,15,"positive regulation of cytokine production",NA,NA,NA,NA,NA,NA,NA
"GO:2000106","regulation of leukocyte apoptotic process","2/17","45/11390",0.0444444444444444,29.7777777777778,7.47809536125787,0.00199896144898095,0.0218588068450954,0.0131542756080452,"IRF7/LGALS9",2,"Interaction_fdrOnly_up","BP","no_iea",17,11390,45,29.7777777777778,TRUE,10,2,"regulation of leukocyte apoptotic process",NA,NA,NA,NA,NA,NA,NA
"GO:0031348","negative regulation of defense response","3/17","174/11390",0.0172413793103448,11.551724137931,5.42261523634532,0.00203527065596791,0.0218588068450954,0.0131542756080452,"DHX58/IFI16/LGALS9",3,"Interaction_fdrOnly_up","BP","no_iea",17,11390,174,11.551724137931,TRUE,4,16,"regulation of innate immune response",NA,NA,NA,NA,NA,NA,NA
"GO:0032722","positive regulation of chemokine production","2/17","46/11390",0.0434782608695652,29.1304347826087,7.39097935475338,0.00208799177148016,0.0219853251232323,0.0132304122568505,"EIF2AK2/LGALS9",2,"Interaction_fdrOnly_up","BP","no_iea",17,11390,46,29.1304347826087,FALSE,3,15,"positive regulation of cytokine production",NA,NA,NA,NA,NA,NA,NA
"GO:0006611","protein export from nucleus","2/17","48/11390",0.0416666666666667,27.9166666666667,7.22481633326994,0.00227162167232974,0.0234588622700206,0.0141171630243974,"IFI27/SP100",2,"Interaction_fdrOnly_up","BP","no_iea",17,11390,48,27.9166666666667,FALSE,8,3,"regulation of protein export from nucleus",NA,NA,NA,NA,NA,NA,NA
"GO:0046718","symbiont entry into host cell","2/17","50/11390",0.04,26.8,7.06851067873656,0.00246264342586765,0.0245573321983806,0.0147782044200781,"LGALS9/TRIM5",2,"Interaction_fdrOnly_up","BP","no_iea",17,11390,50,26.8,TRUE,2,15,"regulation of viral process",NA,NA,NA,NA,NA,NA,NA
"GO:0097190","apoptotic signaling pathway","4/17","403/11390",0.00992555831265509,6.65012406947891,4.46478636148973,0.00254705921669169,0.0245573321983806,0.0147782044200781,"IFI16/IFI27/IFI27L1/SP100",4,"Interaction_fdrOnly_up","BP","no_iea",17,11390,403,6.65012406947891,FALSE,5,12,"intracellular receptor signaling pathway",NA,NA,NA,NA,NA,NA,NA
"GO:0032732","positive regulation of interleukin-1 production","2/17","51/11390",0.0392156862745098,26.2745098039216,6.99375137487395,0.00256091359983113,0.0245573321983806,0.0147782044200781,"IFI16/LGALS9",2,"Interaction_fdrOnly_up","BP","no_iea",17,11390,51,26.2745098039216,FALSE,3,15,"positive regulation of cytokine production",NA,NA,NA,NA,NA,NA,NA
"GO:0039532","negative regulation of cytoplasmic pattern recognition receptor signaling pathway","2/17","51/11390",0.0392156862745098,26.2745098039216,6.99375137487395,0.00256091359983113,0.0245573321983806,0.0147782044200781,"DHX58/IFI16",2,"Interaction_fdrOnly_up","BP","no_iea",17,11390,51,26.2745098039216,FALSE,5,12,"intracellular receptor signaling pathway",NA,NA,NA,NA,NA,NA,NA
"GO:0001818","negative regulation of cytokine production","3/17","193/11390",0.0155440414507772,10.4145077720207,5.09982379884157,0.00273381445235571,0.0255677263059941,0.0153862432146235,"DHX58/LGALS9/XAF1",3,"Interaction_fdrOnly_up","BP","no_iea",17,11390,193,10.4145077720207,FALSE,3,15,"positive regulation of cytokine production",NA,NA,NA,NA,NA,NA,NA
"GO:0044409","symbiont entry into host","2/17","53/11390",0.0377358490566038,25.2830188679245,6.85048431630035,0.0027629473298914,0.0255677263059941,0.0153862432146235,"LGALS9/TRIM5",2,"Interaction_fdrOnly_up","BP","no_iea",17,11390,53,25.2830188679245,FALSE,2,15,"regulation of viral process",NA,NA,NA,NA,NA,NA,NA
"GO:0002757","immune response-activating signaling pathway","4/17","414/11390",0.00966183574879227,6.47342995169082,4.38598784101531,0.00280911704293045,0.0255677263059941,0.0153862432146235,"DHX58/EIF2AK2/IFI16/IRF7",4,"Interaction_fdrOnly_up","BP","no_iea",17,11390,414,6.47342995169082,FALSE,4,16,"regulation of innate immune response",NA,NA,NA,NA,NA,NA,NA
"GO:0071346","cellular response to type II interferon","2/17","54/11390",0.037037037037037,24.8148148148148,6.78178328600748,0.0028667008294291,0.0256569724233905,0.0154399500813111,"LGALS9/SP100",2,"Interaction_fdrOnly_up","BP","no_iea",17,11390,54,24.8148148148148,FALSE,1,10,"response to virus",NA,NA,NA,NA,NA,NA,NA
"GO:0032602","chemokine production","2/17","56/11390",0.0357142857142857,23.9285714285714,6.64980857534214,0.0030796560268056,0.0266737949418485,0.0160518573892924,"EIF2AK2/LGALS9",2,"Interaction_fdrOnly_up","BP","no_iea",17,11390,56,23.9285714285714,FALSE,3,15,"positive regulation of cytokine production",NA,NA,NA,NA,NA,NA,NA
"GO:0032642","regulation of chemokine production","2/17","56/11390",0.0357142857142857,23.9285714285714,6.64980857534214,0.0030796560268056,0.0266737949418485,0.0160518573892924,"EIF2AK2/LGALS9",2,"Interaction_fdrOnly_up","BP","no_iea",17,11390,56,23.9285714285714,FALSE,3,15,"positive regulation of cytokine production",NA,NA,NA,NA,NA,NA,NA
"GO:0002764","immune response-regulating signaling pathway","4/17","431/11390",0.00928074245939675,6.21809744779582,4.26967771259861,0.00325003884829082,0.0276877382130833,0.0166620320129699,"DHX58/EIF2AK2/IFI16/IRF7",4,"Interaction_fdrOnly_up","BP","no_iea",17,11390,431,6.21809744779582,FALSE,4,16,"regulation of innate immune response",NA,NA,NA,NA,NA,NA,NA
"GO:0071887","leukocyte apoptotic process","2/17","58/11390",0.0344827586206897,23.1034482758621,6.52454878964375,0.0032998421706468,0.0276877382130833,0.0166620320129699,"IRF7/LGALS9",2,"Interaction_fdrOnly_up","BP","no_iea",17,11390,58,23.1034482758621,TRUE,10,2,"regulation of leukocyte apoptotic process",NA,NA,NA,NA,NA,NA,NA
"GO:0141084","inflammasome-mediated signaling pathway","2/17","59/11390",0.0338983050847458,22.7118644067797,6.46425889554569,0.00341263438843349,0.028193610255212,0.0169664576072726,"EIF2AK2/IFI16",2,"Interaction_fdrOnly_up","BP","no_iea",17,11390,59,22.7118644067797,TRUE,11,1,"inflammasome-mediated signaling pathway",NA,NA,NA,NA,NA,NA,NA
"GO:0097193","intrinsic apoptotic signaling pathway","3/17","216/11390",0.0138888888888889,9.30555555555556,4.76453988872329,0.00375799884315062,0.0301501298630777,0.0181438593903065,"IFI16/IFI27/IFI27L1",3,"Interaction_fdrOnly_up","BP","no_iea",17,11390,216,9.30555555555556,FALSE,5,12,"intracellular receptor signaling pathway",NA,NA,NA,NA,NA,NA,NA
"GO:1901222","regulation of non-canonical NF-kappaB signal transduction","2/17","62/11390",0.032258064516129,21.6129032258065,6.291991488976,0.0037617480462313,0.0301501298630777,0.0181438593903065,"EIF2AK2/LGALS9",2,"Interaction_fdrOnly_up","BP","no_iea",17,11390,62,21.6129032258065,FALSE,5,12,"intracellular receptor signaling pathway",NA,NA,NA,NA,NA,NA,NA
"GO:0032611","interleukin-1 beta production","2/17","63/11390",0.0317460317460317,21.2698412698413,6.23724652707143,0.00388168177165019,0.0302096103097993,0.0181796537589109,"IFI16/LGALS9",2,"Interaction_fdrOnly_up","BP","no_iea",17,11390,63,21.2698412698413,FALSE,3,15,"positive regulation of cytokine production",NA,NA,NA,NA,NA,NA,NA
"GO:0032651","regulation of interleukin-1 beta production","2/17","63/11390",0.0317460317460317,21.2698412698413,6.23724652707143,0.00388168177165019,0.0302096103097993,0.0181796537589109,"IFI16/LGALS9",2,"Interaction_fdrOnly_up","BP","no_iea",17,11390,63,21.2698412698413,FALSE,3,15,"positive regulation of cytokine production",NA,NA,NA,NA,NA,NA,NA
"GO:0060337","type I interferon-mediated signaling pathway","2/17","65/11390",0.0307692307692308,20.6153846153846,6.13146337863548,0.00412686338778459,0.0316589377034332,0.0190518354894717,"IFI27/SP100",2,"Interaction_fdrOnly_up","BP","no_iea",17,11390,65,20.6153846153846,FALSE,1,10,"response to virus",NA,NA,NA,NA,NA,NA,NA
"GO:0071357","cellular response to type I interferon","2/17","66/11390",0.0303030303030303,20.3030303030303,6.0803316371601,0.00425210144632709,0.0321602602348964,0.0193535232620077,"IFI27/SP100",2,"Interaction_fdrOnly_up","BP","no_iea",17,11390,66,20.3030303030303,FALSE,1,10,"response to virus",NA,NA,NA,NA,NA,NA,NA
"GO:0034341","response to type II interferon","2/17","70/11390",0.0285714285714286,19.1428571428571,5.88655525734296,0.00477058773979674,0.0355806335593173,0.0214118484812514,"LGALS9/SP100",2,"Interaction_fdrOnly_up","BP","no_iea",17,11390,70,19.1428571428571,FALSE,1,10,"response to virus",NA,NA,NA,NA,NA,NA,NA
"GO:0006954","inflammatory response","4/17","485/11390",0.00824742268041237,5.52577319587629,3.93804394272846,0.00496452694370901,0.0356135788918276,0.021431674448282,"EIF2AK2/IFI16/IFI27/LGALS9",4,"Interaction_fdrOnly_up","BP","no_iea",17,11390,485,5.52577319587629,TRUE,12,1,"inflammatory response",NA,NA,NA,NA,NA,NA,NA
"GO:0032102","negative regulation of response to external stimulus","3/17","239/11390",0.0125523012552301,8.41004184100418,4.47602434931725,0.00499053012544045,0.0356135788918276,0.021431674448282,"DHX58/IFI16/LGALS9",3,"Interaction_fdrOnly_up","BP","no_iea",17,11390,239,8.41004184100419,TRUE,4,16,"regulation of innate immune response",NA,NA,NA,NA,NA,NA,NA
"GO:0032612","interleukin-1 production","2/17","72/11390",0.0277777777777778,18.6111111111111,5.79559325245658,0.0050402830461432,0.0356135788918276,0.021431674448282,"IFI16/LGALS9",2,"Interaction_fdrOnly_up","BP","no_iea",17,11390,72,18.6111111111111,FALSE,3,15,"positive regulation of cytokine production",NA,NA,NA,NA,NA,NA,NA
"GO:0032652","regulation of interleukin-1 production","2/17","72/11390",0.0277777777777778,18.6111111111111,5.79559325245658,0.0050402830461432,0.0356135788918276,0.021431674448282,"IFI16/LGALS9",2,"Interaction_fdrOnly_up","BP","no_iea",17,11390,72,18.6111111111111,FALSE,3,15,"positive regulation of cytokine production",NA,NA,NA,NA,NA,NA,NA
"GO:0070534","protein K63-linked ubiquitination","2/17","74/11390",0.027027027027027,18.1081081081081,5.70822540395093,0.00531689465958322,0.0370801614570934,0.0223142400614087,"RNF213/TRIM5",2,"Interaction_fdrOnly_up","BP","no_iea",17,11390,74,18.1081081081081,TRUE,13,2,"protein K63-linked ubiquitination",NA,NA,NA,NA,NA,NA,NA
"GO:0046822","regulation of nucleocytoplasmic transport","2/17","79/11390",0.0253164556962025,16.9620253164557,5.50402980923691,0.00603842914761359,0.041520469987693,0.0249863457536445,"IFI27/SP100",2,"Interaction_fdrOnly_up","BP","no_iea",17,11390,79,16.9620253164557,TRUE,8,3,"regulation of protein export from nucleus",NA,NA,NA,NA,NA,NA,NA
"GO:0000209","protein polyubiquitination","3/17","257/11390",0.0116731517509728,7.82101167315175,4.27601271051242,0.00610822556615968,0.041520469987693,0.0249863457536445,"IFI27/RNF213/TRIM5",3,"Interaction_fdrOnly_up","BP","no_iea",17,11390,257,7.82101167315175,FALSE,13,2,"protein K63-linked ubiquitination",NA,NA,NA,NA,NA,NA,NA
"GO:0043410","positive regulation of MAPK cascade","3/17","260/11390",0.0115384615384615,7.73076923076923,4.24456833764603,0.0063079896505128,0.0423423805290672,0.0254809581935188,"EIF2AK2/LGALS9/TRIM5",3,"Interaction_fdrOnly_up","BP","no_iea",17,11390,260,7.73076923076923,FALSE,5,12,"intracellular receptor signaling pathway",NA,NA,NA,NA,NA,NA,NA
"GO:0140888","interferon-mediated signaling pathway","2/17","84/11390",0.0238095238095238,15.9523809523809,5.31771727200997,0.00680234910818754,0.0450314415263031,0.0270991915095071,"IFI27/SP100",2,"Interaction_fdrOnly_up","BP","no_iea",17,11390,84,15.952380952381,TRUE,14,1,"interferon-mediated signaling pathway",NA,NA,NA,NA,NA,NA,NA
"GO:0051701","biological process involved in interaction with host","2/17","85/11390",0.0235294117647059,15.7647058823529,5.28236877656292,0.00696016693981966,0.0450314415263031,0.0270991915095071,"LGALS9/TRIM5",2,"Interaction_fdrOnly_up","BP","no_iea",17,11390,85,15.7647058823529,FALSE,2,15,"regulation of viral process",NA,NA,NA,NA,NA,NA,NA
"GO:0051851","host-mediated perturbation of symbiont process","2/17","85/11390",0.0235294117647059,15.7647058823529,5.28236877656292,0.00696016693981966,0.0450314415263031,0.0270991915095071,"IFI27/TRIM5",2,"Interaction_fdrOnly_up","BP","no_iea",17,11390,85,15.7647058823529,TRUE,2,15,"regulation of viral process",NA,NA,NA,NA,NA,NA,NA
"GO:0009615","response to virus","11/17","352/11888",0.03125,21.8529411764706,15.0289266810873,1.38784474013663e-13,7.32782022792142e-11,4.90858771248325e-11,"DHX58/EIF2AK2/IFI16/IFI27/IFIT1B/IRF7/LGALS9/MX1/RTP4/TRIM34/TRIM5",11,"Interaction_fdrOnly_up","BP","with_iea",17,11888,352,21.8529411764706,TRUE,1,9,"response to virus",0.7705,2,0.000499750124937531,0.000912408759124088,0.509,0.000499750124937531,0
"GO:0051607","defense response to virus","10/17","264/11888",0.0378787878787879,26.4884135472371,15.8483446542235,4.17709198257796e-13,1.10275228340058e-10,7.38685740076945e-11,"DHX58/EIF2AK2/IFI16/IFI27/IFIT1B/IRF7/MX1/RTP4/TRIM34/TRIM5",10,"Interaction_fdrOnly_up","BP","with_iea",17,11888,264,26.4884135472371,TRUE,1,9,"response to virus",0.5715,2,0.000499750124937531,0.0034324942791762,0.39,0.000499750124937531,0
"GO:0050792","regulation of viral process","6/17","116/11888",0.0517241379310345,36.1703853955375,14.4044916037078,8.59239539179839e-09,1.51226158895652e-06,1.01299819355939e-06,"EIF2AK2/IFI16/LGALS9/MX1/SP100/TRIM5",6,"Interaction_fdrOnly_up","BP","with_iea",17,11888,116,36.1703853955375,TRUE,2,11,"regulation of viral process",0.293,1,0.000499750124937531,0.00391389432485323,0.162,0.000499750124937531,0
"GO:0016032","viral process","7/17","321/11888",0.0218068535825545,15.2494044346711,9.79390305860518,1.51126649420037e-07,1.68309409675739e-05,1.12743145237337e-05,"EIF2AK2/IFI16/IRF7/LGALS9/MX1/SP100/TRIM5",7,"Interaction_fdrOnly_up","BP","with_iea",17,11888,321,15.2494044346711,TRUE,2,11,"regulation of viral process",0.7285,2,0.000499750124937531,0,0.4585,0.000499750124937531,0
"GO:1903900","regulation of viral life cycle","5/17","94/11888",0.0531914893617021,37.1964956195244,13.3326608163721,1.59383910677783e-07,1.68309409675739e-05,1.12743145237337e-05,"EIF2AK2/IFI16/LGALS9/MX1/TRIM5",5,"Interaction_fdrOnly_up","BP","with_iea",17,11888,94,37.1964956195244,FALSE,2,11,"regulation of viral process",0.2455,1,0.000499750124937531,0.00455580865603645,0.134,0.000499750124937531,0
"GO:0048525","negative regulation of viral process","4/17","60/11888",0.0666666666666667,46.6196078431373,13.4056678414959,1.32847899408372e-06,0.000116906151479367,7.83103407038825e-05,"EIF2AK2/IFI16/MX1/SP100",4,"Interaction_fdrOnly_up","BP","with_iea",17,11888,60,46.6196078431373,FALSE,2,11,"regulation of viral process",0.1535,1,0.000499750124937531,0,0.086,0.000499750124937531,0
"GO:0034340","response to type I interferon","4/17","80/11888",0.05,34.9647058823529,11.5345755769686,4.23379494320286e-06,0.000319349104287302,0.000213918060288145,"IFI27/IRF7/MX1/SP100",4,"Interaction_fdrOnly_up","BP","with_iea",17,11888,80,34.9647058823529,TRUE,1,9,"response to virus",0.198,1,0.000499750124937531,0,0.1125,0.000499750124937531,0
"GO:0001819","positive regulation of cytokine production","6/17","415/11888",0.0144578313253012,10.1102763997165,7.14881477172821,1.55718862988226e-05,0.000897182060666263,0.000600983198532425,"DHX58/EIF2AK2/IFI16/IRF7/LGALS9/XAF1",6,"Interaction_fdrOnly_up","BP","with_iea",17,11888,415,10.1102763997165,TRUE,3,13,"positive regulation of cytokine production",1.074,3,0.000999500249875062,0.00145032632342277,0.612,0.000499750124937531,0
"GO:0045088","regulation of innate immune response","6/17","420/11888",0.0142857142857143,9.98991596638655,7.09828405621624,1.6671413026434e-05,0.000897182060666263,0.000600983198532425,"DHX58/EIF2AK2/IFI16/IRF7/LGALS9/TRIM5",6,"Interaction_fdrOnly_up","BP","with_iea",17,11888,420,9.98991596638655,TRUE,4,11,"regulation of innate immune response",1.136,3,0.000499750124937531,0.000711237553342817,0.6145,0.000499750124937531,0.00108459869848156
"GO:0019058","viral life cycle","5/17","242/11888",0.0206611570247934,14.4482255712202,7.99836492108284,1.69920844823156e-05,0.000897182060666263,0.000600983198532425,"EIF2AK2/IFI16/LGALS9/MX1/TRIM5",5,"Interaction_fdrOnly_up","BP","with_iea",17,11888,242,14.4482255712202,FALSE,2,11,"regulation of viral process",0.607,2,0.000499750124937531,0.00211416490486258,0.343,0.000499750124937531,0
"GO:0045071","negative regulation of viral genome replication","3/17","40/11888",0.075,52.4470588235294,12.3334609780898,2.3227135143494e-05,0.00111490248688771,0.000746824632364973,"EIF2AK2/IFI16/MX1",3,"Interaction_fdrOnly_up","BP","with_iea",17,11888,40,52.4470588235294,FALSE,2,11,"regulation of viral process",0.106,1,0.000499750124937531,0,0.0575,0.000499750124937531,0
"GO:0002831","regulation of response to biotic stimulus","6/17","490/11888",0.0122448979591837,8.56278511404562,6.46967424377103,3.99145901199083e-05,0.00175624196527597,0.00117643002458677,"DHX58/EIF2AK2/IFI16/IRF7/LGALS9/TRIM5",6,"Interaction_fdrOnly_up","BP","with_iea",17,11888,490,8.56278511404562,TRUE,4,11,"regulation of innate immune response",1.3195,3,0.000499750124937531,0,0.719,0.000499750124937531,0.000971817298347911
"GO:0002218","activation of innate immune response","5/17","300/11888",0.0166666666666667,11.6549019607843,7.07331145643365,4.77320415889964e-05,0.00193865522761462,0.00129862072663181,"DHX58/EIF2AK2/IFI16/IRF7/TRIM5",5,"Interaction_fdrOnly_up","BP","with_iea",17,11888,300,11.6549019607843,FALSE,4,11,"regulation of innate immune response",0.8375,2,0.000499750124937531,0.00341880341880342,0.438,0.000999500249875062,0.00139664804469274
"GO:0062207","regulation of pattern recognition receptor signaling pathway","4/17","166/11888",0.0240963855421687,16.8504606661942,7.78237249125902,7.57222178988389e-05,0.00285580936075621,0.00191298234691804,"DHX58/EIF2AK2/IFI16/IRF7",4,"Interaction_fdrOnly_up","BP","with_iea",17,11888,166,16.8504606661942,TRUE,5,11,"regulation of pattern recognition receptor signaling pathway",0.4795,2,0.000499750124937531,0,0.247,0.000499750124937531,0.00224719101123596
"GO:0039530","MDA-5 signaling pathway","2/17","10/11888",0.2,139.858823529412,16.623358097956,8.60352639443669e-05,0.00302844129084172,0.00202862096037244,"DHX58/IRF7",2,"Interaction_fdrOnly_up","BP","with_iea",17,11888,10,139.858823529412,TRUE,5,11,"regulation of pattern recognition receptor signaling pathway",0.022,0,0.00149925037481259,0.0476190476190476,0.0085,0.000499750124937531,0
"GO:0045069","regulation of viral genome replication","3/17","66/11888",0.0454545454545455,31.7860962566845,9.49069578497021,0.000105133386577158,0.00322561745704504,0.00216070068892969,"EIF2AK2/IFI16/MX1",3,"Interaction_fdrOnly_up","BP","with_iea",17,11888,66,31.7860962566845,FALSE,2,11,"regulation of viral process",0.162,1,0.000999500249875062,0.00335570469798658,0.1,0.000499750124937531,0
"GO:0045089","positive regulation of innate immune response","5/17","355/11888",0.0140845070422535,9.84921292460646,6.40567079080515,0.000106216370976025,0.00322561745704504,0.00216070068892969,"DHX58/EIF2AK2/IFI16/IRF7/TRIM5",5,"Interaction_fdrOnly_up","BP","with_iea",17,11888,355,9.84921292460646,FALSE,4,11,"regulation of innate immune response",0.9825,3,0.000499750124937531,0.000769822940723634,0.5245,0.000999500249875062,0.00122100122100122
"GO:0140374","antiviral innate immune response","3/17","67/11888",0.0447761194029851,31.3116769095698,9.41536575192118,0.000109964231490172,0.00322561745704504,0.00216070068892969,"DHX58/EIF2AK2/MX1",3,"Interaction_fdrOnly_up","BP","with_iea",17,11888,67,31.3116769095698,FALSE,1,9,"response to virus",0.136,1,0.000499750124937531,0,0.1135,0.000999500249875062,0.00462962962962963
"GO:0030522","intracellular receptor signaling pathway","5/17","362/11888",0.0138121546961326,9.65875853103672,6.33122205389853,0.000116473936368154,0.00323674938959924,0.00216815748585595,"DHX58/EIF2AK2/IFI16/IRF7/SP100",5,"Interaction_fdrOnly_up","BP","with_iea",17,11888,362,9.65875853103672,FALSE,5,11,"regulation of pattern recognition receptor signaling pathway",0.963,3,0.000999500249875062,0,0.5305,0.000999500249875062,0.00121359223300971
"GO:0051092","positive regulation of NF-kappaB transcription factor activity","3/17","71/11888",0.0422535211267606,29.5476387738194,9.12982995827949,0.000130734028313222,0.00325342466474823,0.00217932752662561,"EIF2AK2/LGALS9/TRIM5",3,"Interaction_fdrOnly_up","BP","with_iea",17,11888,71,29.5476387738194,TRUE,6,3,"positive regulation of NF-kappaB transcription factor activity",0.172,1,0.00149925037481259,0.00311526479750779,0.0955,0.000999500249875062,0.00564971751412429
"GO:0002753","cytoplasmic pattern recognition receptor signaling pathway","4/17","192/11888",0.0208333333333333,14.5686274509804,7.17273510786485,0.000133109001438253,0.00325342466474823,0.00217932752662561,"DHX58/EIF2AK2/IFI16/IRF7",4,"Interaction_fdrOnly_up","BP","with_iea",17,11888,192,14.5686274509804,FALSE,5,11,"regulation of pattern recognition receptor signaling pathway",0.53,2,0.000999500249875062,0.00118483412322275,0.278,0.00149925037481259,0.00408997955010225
"GO:0002833","positive regulation of response to biotic stimulus","5/17","376/11888",0.0132978723404255,9.2991239048811,6.18824814250525,0.000139273427805136,0.00325342466474823,0.00217932752662561,"DHX58/EIF2AK2/IFI16/IRF7/TRIM5",5,"Interaction_fdrOnly_up","BP","with_iea",17,11888,376,9.2991239048811,FALSE,4,11,"regulation of innate immune response",1.0295,3,0.000499750124937531,0.000747384155455904,0.558,0.000999500249875062,0.00116822429906542
"GO:0060337","type I interferon-mediated signaling pathway","3/17","73/11888",0.0410958904109589,28.7381144238517,8.99577204919418,0.000142013215508032,0.00325342466474823,0.00217932752662561,"IFI27/IRF7/SP100",3,"Interaction_fdrOnly_up","BP","with_iea",17,11888,73,28.7381144238517,FALSE,1,9,"response to virus",0.183,1,0.000499750124937531,0,0.1055,0.000499750124937531,0
"GO:0071357","cellular response to type I interferon","3/17","74/11888",0.0405405405405405,28.3497615262321,8.93074851510989,0.000147882939306738,0.00325342466474823,0.00217932752662561,"IFI27/IRF7/SP100",3,"Interaction_fdrOnly_up","BP","with_iea",17,11888,74,28.3497615262321,FALSE,1,9,"response to virus",0.184,1,0.000499750124937531,0,0.106,0.000499750124937531,0
"GO:0032481","positive regulation of type I interferon production","3/17","83/11888",0.036144578313253,25.2756909992913,8.39836200872081,0.000207946360269941,0.00422291070086649,0.0028287440101498,"DHX58/IRF7/XAF1",3,"Interaction_fdrOnly_up","BP","with_iea",17,11888,83,25.2756909992913,FALSE,3,13,"positive regulation of cytokine production",0.24,1,0.00299850074962519,0.00476190476190476,0.122,0.000499750124937531,0
"GO:0045824","negative regulation of innate immune response","3/17","83/11888",0.036144578313253,25.2756909992913,8.39836200872081,0.000207946360269941,0.00422291070086649,0.0028287440101498,"DHX58/IFI16/LGALS9",3,"Interaction_fdrOnly_up","BP","with_iea",17,11888,83,25.2756909992913,FALSE,4,11,"regulation of innate immune response",0.2225,1,0.000499750124937531,0,0.114,0.000499750124937531,0
"GO:0046596","regulation of viral entry into host cell","2/17","17/11888",0.117647058823529,82.2698961937716,12.6890016183781,0.000258490939260536,0.00505493392331715,0.00338608014002106,"LGALS9/TRIM5",2,"Interaction_fdrOnly_up","BP","with_iea",17,11888,17,82.2698961937716,FALSE,2,11,"regulation of viral process",0.064,1,0.00199900049975012,0.024,0.0195,0.000499750124937531,0
"GO:0019079","viral genome replication","3/17","93/11888",0.032258064516129,22.5578747628083,7.8979682920537,0.000291102261371835,0.00530006875876995,0.00355028529295595,"EIF2AK2/IFI16/MX1",3,"Interaction_fdrOnly_up","BP","with_iea",17,11888,93,22.5578747628084,FALSE,2,11,"regulation of viral process",0.209,1,0.00149925037481259,0.00263157894736842,0.14,0.000499750124937531,0
"GO:0051091","positive regulation of DNA-binding transcription factor activity","3/17","93/11888",0.032258064516129,22.5578747628083,7.8979682920537,0.000291102261371835,0.00530006875876995,0.00355028529295595,"EIF2AK2/LGALS9/TRIM5",3,"Interaction_fdrOnly_up","BP","with_iea",17,11888,93,22.5578747628084,FALSE,6,3,"positive regulation of NF-kappaB transcription factor activity",0.2225,1,0.00199900049975012,0,0.1265,0.000999500249875062,0.00427350427350427
"GO:0140888","interferon-mediated signaling pathway","3/17","95/11888",0.0315789473684211,22.0829721362229,7.80725613643562,0.000309955679903758,0.00545521996630614,0.00365421433149693,"IFI27/IRF7/SP100",3,"Interaction_fdrOnly_up","BP","with_iea",17,11888,95,22.0829721362229,TRUE,7,1,"interferon-mediated signaling pathway",0.2425,1,0.000499750124937531,0,0.1385,0.000499750124937531,0
"GO:0031349","positive regulation of defense response","5/17","463/11888",0.0107991360691145,7.55177232880193,5.44174426405262,0.000367778185521011,0.00626409296629334,0.00419604313531612,"DHX58/EIF2AK2/IFI16/IRF7/TRIM5",5,"Interaction_fdrOnly_up","BP","with_iea",17,11888,463,7.55177232880193,TRUE,4,11,"regulation of innate immune response",1.249,3,0.00199900049975012,0.00066006600660066,0.669,0.00199900049975012,0.00100806451612903
"GO:0052372","modulation by symbiont of entry into host","2/17","22/11888",0.0909090909090909,63.572192513369,11.116228894643,0.000437211958805435,0.00721399732028968,0.00483234270258639,"LGALS9/TRIM5",2,"Interaction_fdrOnly_up","BP","with_iea",17,11888,22,63.572192513369,FALSE,2,11,"regulation of viral process",0.077,1,0.00249875062468766,0.0133333333333333,0.026,0.000499750124937531,0
"GO:0002221","pattern recognition receptor signaling pathway","4/17","272/11888",0.0147058823529412,10.2837370242215,5.86132657772502,0.000504276736703623,0.00801355536858041,0.00536793182584334,"DHX58/EIF2AK2/IFI16/IRF7",4,"Interaction_fdrOnly_up","BP","with_iea",17,11888,272,10.2837370242215,FALSE,5,11,"regulation of pattern recognition receptor signaling pathway",0.7585,2,0.00399800099950025,0.00368663594470046,0.3975,0.00199900049975012,0.00304878048780488
"GO:0002832","negative regulation of response to biotic stimulus","3/17","113/11888",0.0265486725663717,18.5653305570016,7.09956975283119,0.000516024398734345,0.00801355536858041,0.00536793182584334,"DHX58/IFI16/LGALS9",3,"Interaction_fdrOnly_up","BP","with_iea",17,11888,113,18.5653305570016,FALSE,4,11,"regulation of innate immune response",0.307,1,0.00149925037481259,0.00186567164179104,0.1595,0.00149925037481259,0
"GO:0002758","innate immune response-activating signaling pathway","4/17","280/11888",0.0142857142857143,9.98991596638655,5.76066854481015,0.000562643198823413,0.00848787454225034,0.00568565758811027,"DHX58/EIF2AK2/IFI16/IRF7",4,"Interaction_fdrOnly_up","BP","with_iea",17,11888,280,9.98991596638655,FALSE,4,11,"regulation of innate immune response",0.7845,2,0.00399800099950025,0.003584229390681,0.408,0.00199900049975012,0.0029806259314456
"GO:0039531","regulation of cytoplasmic pattern recognition receptor signaling pathway","3/17","118/11888",0.0254237288135593,17.7786640079761,6.93149779129291,0.000585673873621747,0.00858988347978562,0.00575398893382769,"DHX58/EIF2AK2/IFI16",3,"Interaction_fdrOnly_up","BP","with_iea",17,11888,118,17.7786640079761,FALSE,5,11,"regulation of pattern recognition receptor signaling pathway",0.3235,1,0.00249875062468766,0.00175131348511384,0.1735,0.000499750124937531,0
"GO:0032479","regulation of type I interferon production","3/17","121/11888",0.0247933884297521,17.3378706854643,6.83553013506161,0.000630218379277588,0.00875671853312017,0.00586574447194652,"DHX58/IRF7/XAF1",3,"Interaction_fdrOnly_up","BP","with_iea",17,11888,121,17.3378706854643,FALSE,3,13,"positive regulation of cytokine production",0.3295,1,0.00649675162418791,0.00544464609800363,0.1745,0.000499750124937531,0
"GO:0032606","type I interferon production","3/17","121/11888",0.0247933884297521,17.3378706854643,6.83553013506161,0.000630218379277588,0.00875671853312017,0.00586574447194652,"DHX58/IRF7/XAF1",3,"Interaction_fdrOnly_up","BP","with_iea",17,11888,121,17.3378706854643,TRUE,3,13,"positive regulation of cytokine production",0.3295,1,0.00649675162418791,0.00544464609800363,0.1745,0.000499750124937531,0
"GO:0030224","monocyte differentiation","2/17","29/11888",0.0689655172413793,48.2271805273834,9.63571448212483,0.000763923442109921,0.0103423481393343,0.00692788870577418,"IFI16/IRF7",2,"Interaction_fdrOnly_up","BP","with_iea",17,11888,29,48.2271805273834,TRUE,8,1,"monocyte differentiation",0.0785,1,0.00299850074962519,0,0.0355,0.00199900049975012,0
"GO:0043903","regulation of biological process involved in symbiotic interaction","2/17","30/11888",0.0666666666666667,46.6196078431373,9.46724010226484,0.000817801580025395,0.0107949808563352,0.00723108765496139,"LGALS9/TRIM5",2,"Interaction_fdrOnly_up","BP","with_iea",17,11888,30,46.6196078431373,FALSE,2,11,"regulation of viral process",0.0985,1,0.00349825087456272,0.00523560209424084,0.041,0.00199900049975012,0
"GO:0035456","response to interferon-beta","2/17","34/11888",0.0588235294117647,41.1349480968858,8.86842795554104,0.00105114165533802,0.0132143522385351,0.00885171920284647,"IFI16/XAF1",2,"Interaction_fdrOnly_up","BP","with_iea",17,11888,34,41.1349480968858,TRUE,1,9,"response to virus",0.0855,1,0.00249875062468766,0,0.0445,0.00249875062468766,0
"GO:0046825","regulation of protein export from nucleus","2/17","34/11888",0.0588235294117647,41.1349480968858,8.86842795554104,0.00105114165533802,0.0132143522385351,0.00885171920284647,"IFI27/SP100",2,"Interaction_fdrOnly_up","BP","with_iea",17,11888,34,41.1349480968858,TRUE,9,2,"regulation of protein export from nucleus",0.092,1,0.00299850074962519,0.00558659217877095,0.0425,0.00199900049975012,0
"GO:0051090","regulation of DNA-binding transcription factor activity","3/17","153/11888",0.0196078431372549,13.7116493656286,5.98856838038237,0.00124507318397616,0.0152883404916143,0.0102409936307464,"EIF2AK2/LGALS9/TRIM5",3,"Interaction_fdrOnly_up","BP","with_iea",17,11888,153,13.7116493656286,FALSE,6,3,"positive regulation of NF-kappaB transcription factor activity",0.382,2,0.00549725137431284,0,0.2115,0.00199900049975012,0.00533333333333333
"GO:0032480","negative regulation of type I interferon production","2/17","43/11888",0.0465116279069767,32.5253077975376,7.83687591287183,0.00167919598097336,0.0201503517716803,0.0134978432920346,"DHX58/XAF1",2,"Interaction_fdrOnly_up","BP","with_iea",17,11888,43,32.5253077975376,FALSE,3,13,"positive regulation of cytokine production",0.1115,1,0.00649675162418791,0,0.0585,0.00249875062468766,0
"GO:0141085","regulation of inflammasome-mediated signaling pathway","2/17","46/11888",0.0434782608695652,30.4040920716112,7.56120653442847,0.0019198148953501,0.0220728513024426,0.014785642020775,"EIF2AK2/IFI16",2,"Interaction_fdrOnly_up","BP","with_iea",17,11888,46,30.4040920716113,TRUE,10,1,"regulation of inflammasome-mediated signaling pathway",0.1295,1,0.00449775112443778,0,0.0665,0.00149925037481259,0
"GO:0050777","negative regulation of immune response","3/17","178/11888",0.0168539325842697,11.7858559153999,5.48659757956327,0.00192301356044008,0.0220728513024426,0.014785642020775,"DHX58/IFI16/LGALS9",3,"Interaction_fdrOnly_up","BP","with_iea",17,11888,178,11.7858559153999,TRUE,4,11,"regulation of innate immune response",0.467,2,0.0079960019990005,0.00129366106080207,0.2525,0.00199900049975012,0
"GO:0032731","positive regulation of interleukin-1 beta production","2/17","49/11888",0.0408163265306122,28.5426170468187,7.31076245801485,0.00217586449143926,0.024443754286807,0.0163738066992966,"IFI16/LGALS9",2,"Interaction_fdrOnly_up","BP","with_iea",17,11888,49,28.5426170468187,FALSE,3,13,"positive regulation of cytokine production",0.148,1,0.00599700149925037,0,0.07,0.00449775112443778,0.00757575757575758
"GO:1901224","positive regulation of non-canonical NF-kappaB signal transduction","2/17","53/11888",0.0377358490566038,26.3884572697003,7.00982304727917,0.00254105844707135,0.0278422454404064,0.0186503079505115,"EIF2AK2/LGALS9",2,"Interaction_fdrOnly_up","BP","with_iea",17,11888,53,26.3884572697003,FALSE,5,11,"regulation of pattern recognition receptor signaling pathway",0.1445,1,0.00999500249875063,0.00371747211895911,0.073,0.00299850074962519,0.00714285714285714
"GO:0019221","cytokine-mediated signaling pathway","4/17","424/11888",0.00943396226415094,6.59711431742508,4.44115526234803,0.00262355667983476,0.0278422454404064,0.0186503079505115,"IFI27/IRF7/MX1/SP100",4,"Interaction_fdrOnly_up","BP","with_iea",17,11888,424,6.59711431742508,FALSE,1,9,"response to virus",1.029,3,0.00949525237381309,0,0.616,0.00299850074962519,0.00104931794333683
"GO:0039532","negative regulation of cytoplasmic pattern recognition receptor signaling pathway","2/17","54/11888",0.037037037037037,25.8997821350763,6.93974614273126,0.00263657627276576,0.0278422454404064,0.0186503079505115,"DHX58/IFI16",2,"Interaction_fdrOnly_up","BP","with_iea",17,11888,54,25.8997821350763,FALSE,5,11,"regulation of pattern recognition receptor signaling pathway",0.1365,1,0.00899550224887556,0.0078740157480315,0.081,0.00399800099950025,0
"GO:0032732","positive regulation of interleukin-1 production","2/17","56/11888",0.0357142857142857,24.9747899159664,6.80513402349775,0.00283264410394673,0.0293261977820367,0.0196443430118906,"IFI16/LGALS9",2,"Interaction_fdrOnly_up","BP","with_iea",17,11888,56,24.9747899159664,FALSE,3,13,"positive regulation of cytokine production",0.157,1,0.00649675162418791,0,0.081,0.00499750124937531,0
"GO:0031348","negative regulation of defense response","3/17","213/11888",0.0140845070422535,9.84921292460646,4.93154433269804,0.00320349097398595,0.0317267866680159,0.0212523929833599,"DHX58/IFI16/LGALS9",3,"Interaction_fdrOnly_up","BP","with_iea",17,11888,213,9.84921292460646,TRUE,4,11,"regulation of innate immune response",0.536,2,0.0129935032483758,0.00116959064327485,0.304,0.00299850074962519,0
"GO:0006611","protein export from nucleus","2/17","60/11888",0.0333333333333333,23.3098039215686,6.55590512767731,0.00324478500013799,0.0317267866680159,0.0212523929833599,"IFI27/SP100",2,"Interaction_fdrOnly_up","BP","with_iea",17,11888,60,23.3098039215686,FALSE,9,2,"regulation of protein export from nucleus",0.129,1,0.00599700149925037,0,0.07,0.00349825087456272,0
"GO:0032722","positive regulation of chemokine production","2/17","60/11888",0.0333333333333333,23.3098039215686,6.55590512767731,0.00324478500013799,0.0317267866680159,0.0212523929833599,"EIF2AK2/LGALS9",2,"Interaction_fdrOnly_up","BP","with_iea",17,11888,60,23.3098039215686,FALSE,3,13,"positive regulation of cytokine production",0.1945,1,0.00999500249875063,0.002710027100271,0.089,0.00349825087456272,0
"GO:0141084","inflammasome-mediated signaling pathway","2/17","63/11888",0.0317460317460317,22.1998132586368,6.38437921412179,0.0035712569542725,0.034284066761016,0.0229654035719725,"EIF2AK2/IFI16",2,"Interaction_fdrOnly_up","BP","with_iea",17,11888,63,22.1998132586368,TRUE,11,1,"inflammasome-mediated signaling pathway",0.175,1,0.00949525237381309,0,0.0865,0.00349825087456272,0.00602409638554217
"GO:0002757","immune response-activating signaling pathway","4/17","470/11888",0.00851063829787234,5.9514392991239,4.14478787183085,0.00380795007837113,0.0359035293103564,0.0240502110212913,"DHX58/EIF2AK2/IFI16/IRF7",4,"Interaction_fdrOnly_up","BP","with_iea",17,11888,470,5.9514392991239,FALSE,5,11,"regulation of pattern recognition receptor signaling pathway",1.173,3,0.0194902548725637,0.00279329608938547,0.683,0.00599700149925037,0.0010183299389002
"GO:0002764","immune response-regulating signaling pathway","4/17","489/11888",0.0081799591002045,5.72019728136653,4.03364935858937,0.00438956065009632,0.0399601383319114,0.0267675567773569,"DHX58/EIF2AK2/IFI16/IRF7",4,"Interaction_fdrOnly_up","BP","with_iea",17,11888,489,5.72019728136653,FALSE,5,11,"regulation of pattern recognition receptor signaling pathway",1.214,3,0.0204897551224388,0.0027359781121751,0.7125,0.00599700149925037,0.000984251968503937
"GO:0009617","response to bacterium","4/17","489/11888",0.0081799591002045,5.72019728136653,4.03364935858937,0.00438956065009632,0.0399601383319114,0.0267675567773569,"DHX58/LGALS9/RNF213/TRIM5",4,"Interaction_fdrOnly_up","BP","with_iea",17,11888,489,5.72019728136653,FALSE,1,9,"response to virus",1.126,3,0.015992003998001,0.00141342756183746,0.7065,0.00449775112443778,0
"GO:0001818","negative regulation of cytokine production","3/17","246/11888",0.0121951219512195,8.52797704447633,4.51490879611172,0.00480211858961715,0.0425284498302265,0.0284879568240751,"DHX58/LGALS9/XAF1",3,"Interaction_fdrOnly_up","BP","with_iea",17,11888,246,8.52797704447633,FALSE,3,13,"positive regulation of cytokine production",0.6785,2,0.0199900049975013,0,0.3425,0.00449775112443778,0.00174216027874564
"GO:0070534","protein K63-linked ubiquitination","2/17","74/11888",0.027027027027027,18.8998410174881,5.84498619610662,0.00489366332914905,0.0425284498302265,0.0284879568240751,"RNF213/TRIM5",2,"Interaction_fdrOnly_up","BP","with_iea",17,11888,74,18.8998410174881,TRUE,12,1,"protein K63-linked ubiquitination",0.1815,1,0.0179910044977511,0,0.106,0.00499750124937531,0
"GO:0032611","interleukin-1 beta production","2/17","75/11888",0.0266666666666667,18.6478431372549,5.8017512454132,0.00502351962414093,0.0425284498302265,0.0284879568240751,"IFI16/LGALS9",2,"Interaction_fdrOnly_up","BP","with_iea",17,11888,75,18.6478431372549,FALSE,3,13,"positive regulation of cytokine production",0.2275,1,0.0134932533733133,0,0.1,0.00649675162418791,0
"GO:0032651","regulation of interleukin-1 beta production","2/17","75/11888",0.0266666666666667,18.6478431372549,5.8017512454132,0.00502351962414093,0.0425284498302265,0.0284879568240751,"IFI16/LGALS9",2,"Interaction_fdrOnly_up","BP","with_iea",17,11888,75,18.6478431372549,FALSE,3,13,"positive regulation of cytokine production",0.2275,1,0.0134932533733133,0,0.1,0.00649675162418791,0
"GO:0032602","chemokine production","2/17","76/11888",0.0263157894736842,18.4024767801858,5.75934479852879,0.00515496361578503,0.0425284498302265,0.0284879568240751,"EIF2AK2/LGALS9",2,"Interaction_fdrOnly_up","BP","with_iea",17,11888,76,18.4024767801858,FALSE,3,13,"positive regulation of cytokine production",0.2405,1,0.0194902548725637,0.00226244343891403,0.112,0.00499750124937531,0
"GO:0032642","regulation of chemokine production","2/17","76/11888",0.0263157894736842,18.4024767801858,5.75934479852879,0.00515496361578503,0.0425284498302265,0.0284879568240751,"EIF2AK2/LGALS9",2,"Interaction_fdrOnly_up","BP","with_iea",17,11888,76,18.4024767801858,FALSE,3,13,"positive regulation of cytokine production",0.2405,1,0.0194902548725637,0.00226244343891403,0.112,0.00499750124937531,0
"GO:2000106","regulation of leukocyte apoptotic process","2/17","79/11888",0.0253164556962025,17.7036485480268,5.63683428768631,0.00555877925142934,0.0451543914577645,0.0302469607851054,"IRF7/LGALS9",2,"Interaction_fdrOnly_up","BP","with_iea",17,11888,79,17.7036485480268,TRUE,13,1,"regulation of leukocyte apoptotic process",0.1865,1,0.00899550224887556,0,0.102,0.00499750124937531,0
"GO:1901222","regulation of non-canonical NF-kappaB signal transduction","2/17","81/11888",0.0246913580246914,17.2665214233842,5.55884234156776,0.00583585034112022,0.0466868027289618,0.0312734563734672,"EIF2AK2/LGALS9",2,"Interaction_fdrOnly_up","BP","with_iea",17,11888,81,17.2665214233842,FALSE,5,11,"regulation of pattern recognition receptor signaling pathway",0.209,1,0.0169915042478761,0,0.1175,0.00749625187406297,0.00454545454545455
