"arm","ontology","iea_variant","ID","cluster_id","Description","p.adjust","Count","cluster_size","cluster_representative","cluster_min_padj"
"WT_heat_up","BP","with_iea","GO:0048514",1,"blood vessel morphogenesis",3.51386249216754e-09,32,56,"blood vessel morphogenesis",3.51386249216754e-09
"WT_heat_up","BP","with_iea","GO:0001525",1,"angiogenesis",3.51386249216754e-09,30,56,"blood vessel morphogenesis",3.51386249216754e-09
"WT_heat_up","BP","with_iea","GO:0030335",2,"positive regulation of cell migration",1.50042459533541e-06,27,29,"positive regulation of cell migration",1.50042459533541e-06
"WT_heat_up","BP","with_iea","GO:0001819",3,"positive regulation of cytokine production",1.50042459533541e-06,26,12,"positive regulation of cytokine production",1.50042459533541e-06
"WT_heat_up","BP","with_iea","GO:0006935",4,"chemotaxis",1.50042459533541e-06,23,4,"chemotaxis",1.50042459533541e-06
"WT_heat_up","BP","with_iea","GO:0042330",4,"taxis",1.50042459533541e-06,23,4,"chemotaxis",1.50042459533541e-06
"WT_heat_up","BP","with_iea","GO:2000147",2,"positive regulation of cell motility",1.68703630347035e-06,27,29,"positive regulation of cell migration",1.50042459533541e-06
"WT_heat_up","BP","with_iea","GO:0040017",5,"positive regulation of locomotion",2.35044382927788e-06,27,5,"positive regulation of locomotion",2.35044382927788e-06
"WT_heat_up","BP","with_iea","GO:0045765",1,"regulation of angiogenesis",6.40506255095317e-06,18,56,"blood vessel morphogenesis",3.51386249216754e-09
"WT_heat_up","BP","with_iea","GO:1901342",1,"regulation of vasculature development",8.12957055244992e-06,18,56,"blood vessel morphogenesis",3.51386249216754e-09
"WT_heat_up","BP","with_iea","GO:0019221",6,"cytokine-mediated signaling pathway",2.03952409726322e-05,24,29,"cytokine-mediated signaling pathway",2.03952409726322e-05
"WT_heat_up","BP","with_iea","GO:0060326",2,"cell chemotaxis",3.64781682960014e-05,17,29,"positive regulation of cell migration",1.50042459533541e-06
"WT_heat_up","BP","with_iea","GO:0009611",7,"response to wounding",3.74651045292467e-05,24,19,"response to wounding",3.74651045292467e-05
"WT_heat_up","BP","with_iea","GO:0048771",8,"tissue remodeling",4.43350331575523e-05,13,12,"tissue remodeling",4.43350331575523e-05
"WT_heat_up","BP","with_iea","GO:2001233",6,"regulation of apoptotic signaling pathway",4.43350331575523e-05,20,29,"cytokine-mediated signaling pathway",2.03952409726322e-05
"WT_heat_up","BP","with_iea","GO:0050867",9,"positive regulation of cell activation",7.48043675535837e-05,20,21,"positive regulation of cell activation",7.48043675535837e-05
"WT_heat_up","BP","with_iea","GO:0048729",1,"tissue morphogenesis",9.24894703251224e-05,23,56,"blood vessel morphogenesis",3.51386249216754e-09
"WT_heat_up","BP","with_iea","GO:0045785",10,"positive regulation of cell adhesion",0.000105513251350538,22,7,"positive regulation of cell adhesion",0.000105513251350538
"WT_heat_up","BP","with_iea","GO:0002696",9,"positive regulation of leukocyte activation",0.0001295551709466,19,21,"positive regulation of cell activation",7.48043675535837e-05
"WT_heat_up","BP","with_iea","GO:0050727",7,"regulation of inflammatory response",0.0001295551709466,19,19,"response to wounding",3.74651045292467e-05
"WT_heat_up","BP","with_iea","GO:0002694",9,"regulation of leukocyte activation",0.000167762562044848,24,21,"positive regulation of cell activation",7.48043675535837e-05
"WT_heat_up","BP","with_iea","GO:2001236",6,"regulation of extrinsic apoptotic signaling pathway",0.00022100184569706,12,29,"cytokine-mediated signaling pathway",2.03952409726322e-05
"WT_heat_up","BP","with_iea","GO:0042060",7,"wound healing",0.000319060581743112,19,19,"response to wounding",3.74651045292467e-05
"WT_heat_up","BP","with_iea","GO:0050878",11,"regulation of body fluid levels",0.000326939861902462,17,15,"regulation of body fluid levels",0.000326939861902462
"WT_heat_up","BP","with_iea","GO:0070661",12,"leukocyte proliferation",0.000438689922351499,17,23,"leukocyte proliferation",0.000438689922351499
"WT_heat_up","BP","with_iea","GO:0097191",6,"extrinsic apoptotic signaling pathway",0.000445570403798779,14,29,"cytokine-mediated signaling pathway",2.03952409726322e-05
"WT_heat_up","BP","with_iea","GO:0006959",13,"humoral immune response",0.000445570403798779,12,8,"humoral immune response",0.000445570403798779
"WT_heat_up","BP","with_iea","GO:0007200",6,"phospholipase C-activating G protein-coupled receptor signaling pathway",0.000846924741030785,9,29,"cytokine-mediated signaling pathway",2.03952409726322e-05
"WT_heat_up","BP","with_iea","GO:0022407",10,"regulation of cell-cell adhesion",0.000846924741030785,20,7,"positive regulation of cell adhesion",0.000105513251350538
"WT_heat_up","BP","with_iea","GO:0016525",1,"negative regulation of angiogenesis",0.000846924741030785,9,56,"blood vessel morphogenesis",3.51386249216754e-09
"WT_heat_up","BP","with_iea","GO:2000181",1,"negative regulation of blood vessel morphogenesis",0.000846924741030785,9,56,"blood vessel morphogenesis",3.51386249216754e-09
"WT_heat_up","BP","with_iea","GO:0030307",14,"positive regulation of cell growth",0.000846924741030785,11,8,"positive regulation of cell growth",0.000846924741030785
"WT_heat_up","BP","with_iea","GO:0022409",10,"positive regulation of cell-cell adhesion",0.000857982459627749,16,7,"positive regulation of cell adhesion",0.000105513251350538
"WT_heat_up","BP","with_iea","GO:1901343",1,"negative regulation of vasculature development",0.000857982459627749,9,56,"blood vessel morphogenesis",3.51386249216754e-09
"WT_heat_up","BP","with_iea","GO:0045744",6,"negative regulation of G protein-coupled receptor signaling pathway",0.000926118480216977,7,29,"cytokine-mediated signaling pathway",2.03952409726322e-05
"WT_heat_up","BP","with_iea","GO:0050673",12,"epithelial cell proliferation",0.000926118480216977,17,23,"leukocyte proliferation",0.000438689922351499
"WT_heat_up","BP","with_iea","GO:0050729",7,"positive regulation of inflammatory response",0.000947414405690874,11,19,"response to wounding",3.74651045292467e-05
"WT_heat_up","BP","with_iea","GO:0009617",15,"response to bacterium",0.000947414405690874,22,8,"response to bacterium",0.000947414405690874
"WT_heat_up","BP","with_iea","GO:0007159",10,"leukocyte cell-cell adhesion",0.000947414405690874,18,7,"positive regulation of cell adhesion",0.000105513251350538
"WT_heat_up","BP","with_iea","GO:0001707",1,"mesoderm formation",0.000950851552143065,7,56,"blood vessel morphogenesis",3.51386249216754e-09
"WT_heat_up","BP","with_iea","GO:0048332",1,"mesoderm morphogenesis",0.00106429600576406,7,56,"blood vessel morphogenesis",3.51386249216754e-09
"WT_heat_up","BP","with_iea","GO:0050900",2,"leukocyte migration",0.00110169267909318,16,29,"positive regulation of cell migration",1.50042459533541e-06
"WT_heat_up","BP","with_iea","GO:1903532",16,"positive regulation of secretion by cell",0.00110278628228388,14,12,"positive regulation of secretion by cell",0.00110278628228388
"WT_heat_up","BP","with_iea","GO:0008277",6,"regulation of G protein-coupled receptor signaling pathway",0.00110278628228388,10,29,"cytokine-mediated signaling pathway",2.03952409726322e-05
"WT_heat_up","BP","with_iea","GO:2001238",6,"positive regulation of extrinsic apoptotic signaling pathway",0.00110898148127483,7,29,"cytokine-mediated signaling pathway",2.03952409726322e-05
"WT_heat_up","BP","with_iea","GO:0001890",1,"placenta development",0.00112137064568773,10,56,"blood vessel morphogenesis",3.51386249216754e-09
"WT_heat_up","BP","with_iea","GO:0048598",1,"embryonic morphogenesis",0.00112137064568773,20,56,"blood vessel morphogenesis",3.51386249216754e-09
"WT_heat_up","BP","with_iea","GO:0030595",2,"leukocyte chemotaxis",0.0011256140256525,12,29,"positive regulation of cell migration",1.50042459533541e-06
"WT_heat_up","BP","with_iea","GO:0031349",7,"positive regulation of defense response",0.00114603895048557,21,19,"response to wounding",3.74651045292467e-05
"WT_heat_up","BP","with_iea","GO:0071674",2,"mononuclear cell migration",0.00114603895048557,12,29,"positive regulation of cell migration",1.50042459533541e-06
"WT_heat_up","BP","with_iea","GO:0044057",17,"regulation of system process",0.00114603895048557,18,10,"regulation of system process",0.00114603895048557
"WT_heat_up","BP","with_iea","GO:0010720",18,"positive regulation of cell development",0.00116665492851909,18,31,"positive regulation of cell development",0.00116665492851909
"WT_heat_up","BP","with_iea","GO:0045766",1,"positive regulation of angiogenesis",0.0013309986632434,10,56,"blood vessel morphogenesis",3.51386249216754e-09
"WT_heat_up","BP","with_iea","GO:0050818",17,"regulation of coagulation",0.00133322645839367,7,10,"regulation of system process",0.00114603895048557
"WT_heat_up","BP","with_iea","GO:0061844",15,"antimicrobial humoral immune response mediated by antimicrobial peptide",0.00133322645839367,7,8,"response to bacterium",0.000947414405690874
"WT_heat_up","BP","with_iea","GO:0070372",6,"regulation of ERK1 and ERK2 cascade",0.00135798378391085,13,29,"cytokine-mediated signaling pathway",2.03952409726322e-05
"WT_heat_up","BP","with_iea","GO:0030316",18,"osteoclast differentiation",0.00136865392517732,9,31,"positive regulation of cell development",0.00116665492851909
"WT_heat_up","BP","with_iea","GO:0051047",16,"positive regulation of secretion",0.00147980584163687,14,12,"positive regulation of secretion by cell",0.00110278628228388
"WT_heat_up","BP","with_iea","GO:1904018",1,"positive regulation of vasculature development",0.0014830314789863,10,56,"blood vessel morphogenesis",3.51386249216754e-09
"WT_heat_up","BP","with_iea","GO:0072677",2,"eosinophil migration",0.00148903823093093,4,29,"positive regulation of cell migration",1.50042459533541e-06
"WT_heat_up","BP","with_iea","GO:1903034",7,"regulation of response to wounding",0.00148903823093093,10,19,"response to wounding",3.74651045292467e-05
"WT_heat_up","BP","with_iea","GO:2001235",6,"positive regulation of apoptotic signaling pathway",0.00148903823093093,10,29,"cytokine-mediated signaling pathway",2.03952409726322e-05
"WT_heat_up","BP","with_iea","GO:0048568",1,"embryonic organ development",0.00148903823093093,16,56,"blood vessel morphogenesis",3.51386249216754e-09
"WT_heat_up","BP","with_iea","GO:0043068",19,"positive regulation of programmed cell death",0.00148903823093093,20,7,"positive regulation of programmed cell death",0.00148903823093093
"WT_heat_up","BP","with_iea","GO:0006898",16,"receptor-mediated endocytosis",0.00158737278560571,13,12,"positive regulation of secretion by cell",0.00110278628228388
"WT_heat_up","BP","with_iea","GO:1903039",10,"positive regulation of leukocyte cell-cell adhesion",0.00163863997470275,14,7,"positive regulation of cell adhesion",0.000105513251350538
"WT_heat_up","BP","with_iea","GO:0040008",14,"regulation of growth",0.00177409311703589,20,8,"positive regulation of cell growth",0.000846924741030785
"WT_heat_up","BP","with_iea","GO:0042110",9,"T cell activation",0.00192367593431936,21,21,"positive regulation of cell activation",7.48043675535837e-05
"WT_heat_up","BP","with_iea","GO:0048260",16,"positive regulation of receptor-mediated endocytosis",0.00207213231198245,6,12,"positive regulation of secretion by cell",0.00110278628228388
"WT_heat_up","BP","with_iea","GO:0001558",14,"regulation of cell growth",0.00222734418055903,16,8,"positive regulation of cell growth",0.000846924741030785
"WT_heat_up","BP","with_iea","GO:1903131",18,"mononuclear cell differentiation",0.00233480568645513,20,31,"positive regulation of cell development",0.00116665492851909
"WT_heat_up","BP","with_iea","GO:1903037",10,"regulation of leukocyte cell-cell adhesion",0.00233480568645513,16,7,"positive regulation of cell adhesion",0.000105513251350538
"WT_heat_up","BP","with_iea","GO:0048520",5,"positive regulation of behavior",0.00253388524508349,4,5,"positive regulation of locomotion",2.35044382927788e-06
"WT_heat_up","BP","with_iea","GO:0043065",19,"positive regulation of apoptotic process",0.00259562580796326,19,7,"positive regulation of programmed cell death",0.00148903823093093
"WT_heat_up","BP","with_iea","GO:0050870",9,"positive regulation of T cell activation",0.00268656700113933,13,21,"positive regulation of cell activation",7.48043675535837e-05
"WT_heat_up","BP","with_iea","GO:0050679",12,"positive regulation of epithelial cell proliferation",0.00272936253047089,10,23,"leukocyte proliferation",0.000438689922351499
"WT_heat_up","BP","with_iea","GO:0007189",6,"adenylate cyclase-activating G protein-coupled receptor signaling pathway",0.00275687751973083,9,29,"cytokine-mediated signaling pathway",2.03952409726322e-05
"WT_heat_up","BP","with_iea","GO:0050795",5,"regulation of behavior",0.00276606912872208,6,5,"positive regulation of locomotion",2.35044382927788e-06
"WT_heat_up","BP","with_iea","GO:0007498",1,"mesoderm development",0.00277549355548203,8,56,"blood vessel morphogenesis",3.51386249216754e-09
"WT_heat_up","BP","with_iea","GO:0051251",9,"positive regulation of lymphocyte activation",0.00277549355548203,15,21,"positive regulation of cell activation",7.48043675535837e-05
"WT_heat_up","BP","with_iea","GO:0002274",9,"myeloid leukocyte activation",0.00282363647065884,12,21,"positive regulation of cell activation",7.48043675535837e-05
"WT_heat_up","BP","with_iea","GO:0007409",20,"axonogenesis",0.00282363647065884,16,8,"axonogenesis",0.00282363647065884
"WT_heat_up","BP","with_iea","GO:0070665",12,"positive regulation of leukocyte proliferation",0.00282363647065884,10,23,"leukocyte proliferation",0.000438689922351499
"WT_heat_up","BP","with_iea","GO:0002009",1,"morphogenesis of an epithelium",0.00282363647065884,17,56,"blood vessel morphogenesis",3.51386249216754e-09
"WT_heat_up","BP","with_iea","GO:0007507",1,"heart development",0.00285530223351041,19,56,"blood vessel morphogenesis",3.51386249216754e-09
"WT_heat_up","BP","with_iea","GO:0051249",9,"regulation of lymphocyte activation",0.00285530223351041,19,21,"positive regulation of cell activation",7.48043675535837e-05
"WT_heat_up","BP","with_iea","GO:0070371",6,"ERK1 and ERK2 cascade",0.00303390269539473,13,29,"cytokine-mediated signaling pathway",2.03952409726322e-05
"WT_heat_up","BP","with_iea","GO:0048812",20,"neuron projection morphogenesis",0.00311439704885163,20,8,"axonogenesis",0.00282363647065884
"WT_heat_up","BP","with_iea","GO:0060537",1,"muscle tissue development",0.00313771907008441,15,56,"blood vessel morphogenesis",3.51386249216754e-09
"WT_heat_up","BP","with_iea","GO:0008217",11,"regulation of blood pressure",0.00333678810281281,9,15,"regulation of body fluid levels",0.000326939861902462
"WT_heat_up","BP","with_iea","GO:0002443",13,"leukocyte mediated immunity",0.00341398618416404,16,8,"humoral immune response",0.000445570403798779
"WT_heat_up","BP","with_iea","GO:0046890",21,"regulation of lipid biosynthetic process",0.00344161916400282,10,7,"regulation of lipid biosynthetic process",0.00344161916400282
"WT_heat_up","BP","with_iea","GO:0048259",16,"regulation of receptor-mediated endocytosis",0.00375328653765685,8,12,"positive regulation of secretion by cell",0.00110278628228388
"WT_heat_up","BP","with_iea","GO:0061041",7,"regulation of wound healing",0.00375328653765685,8,19,"response to wounding",3.74651045292467e-05
"WT_heat_up","BP","with_iea","GO:0003013",8,"circulatory system process",0.00375328653765685,18,12,"tissue remodeling",4.43350331575523e-05
"WT_heat_up","BP","with_iea","GO:0001892",1,"embryonic placenta development",0.00375328653765685,7,56,"blood vessel morphogenesis",3.51386249216754e-09
"WT_heat_up","BP","with_iea","GO:0002526",22,"acute inflammatory response",0.00375328653765685,7,5,"acute inflammatory response",0.00375328653765685
"WT_heat_up","BP","with_iea","GO:0030900",1,"forebrain development",0.00375328653765685,14,56,"blood vessel morphogenesis",3.51386249216754e-09
"WT_heat_up","BP","with_iea","GO:0048247",2,"lymphocyte chemotaxis",0.00399915310872844,5,29,"positive regulation of cell migration",1.50042459533541e-06
"WT_heat_up","BP","with_iea","GO:0008544",1,"epidermis development",0.00405569256156461,13,56,"blood vessel morphogenesis",3.51386249216754e-09
"WT_heat_up","BP","with_iea","GO:0120039",20,"plasma membrane bounded cell projection morphogenesis",0.00412103227209462,20,8,"axonogenesis",0.00282363647065884
"WT_heat_up","BP","with_iea","GO:1903530",16,"regulation of secretion by cell",0.00412187922902617,18,12,"positive regulation of secretion by cell",0.00110278628228388
"WT_heat_up","BP","with_iea","GO:0030193",7,"regulation of blood coagulation",0.00435683678552123,6,19,"response to wounding",3.74651045292467e-05
"WT_heat_up","BP","with_iea","GO:0008015",8,"blood circulation",0.00446698259175828,16,12,"tissue remodeling",4.43350331575523e-05
"WT_heat_up","BP","with_iea","GO:0002573",18,"myeloid leukocyte differentiation",0.00446698259175828,12,31,"positive regulation of cell development",0.00116665492851909
"WT_heat_up","BP","with_iea","GO:0050671",9,"positive regulation of lymphocyte proliferation",0.00446698259175828,9,21,"positive regulation of cell activation",7.48043675535837e-05
"WT_heat_up","BP","with_iea","GO:0150076",22,"neuroinflammatory response",0.00485542614865633,7,5,"acute inflammatory response",0.00375328653765685
"WT_heat_up","BP","with_iea","GO:0030098",18,"lymphocyte differentiation",0.00485542614865633,17,31,"positive regulation of cell development",0.00116665492851909
"WT_heat_up","BP","with_iea","GO:0032946",12,"positive regulation of mononuclear cell proliferation",0.00485542614865633,9,23,"leukocyte proliferation",0.000438689922351499
"WT_heat_up","BP","with_iea","GO:0120255",23,"olefinic compound biosynthetic process",0.00485542614865633,4,2,"olefinic compound biosynthetic process",0.00485542614865633
"WT_heat_up","BP","with_iea","GO:0002548",2,"monocyte chemotaxis",0.00485542614865633,5,29,"positive regulation of cell migration",1.50042459533541e-06
"WT_heat_up","BP","with_iea","GO:0120254",23,"olefinic compound metabolic process",0.00494605687294052,8,2,"olefinic compound biosynthetic process",0.00485542614865633
"WT_heat_up","BP","with_iea","GO:1900046",11,"regulation of hemostasis",0.00495559567574362,6,15,"regulation of body fluid levels",0.000326939861902462
"WT_heat_up","BP","with_iea","GO:0019730",15,"antimicrobial humoral response",0.00500091361206343,7,8,"response to bacterium",0.000947414405690874
"WT_heat_up","BP","with_iea","GO:0001503",8,"ossification",0.00516087213637159,15,12,"tissue remodeling",4.43350331575523e-05
"WT_heat_up","BP","with_iea","GO:0044706",8,"multi-multicellular organism process",0.00531778438605464,10,12,"tissue remodeling",4.43350331575523e-05
"WT_heat_up","BP","with_iea","GO:0046651",9,"lymphocyte proliferation",0.00584242890728966,13,21,"positive regulation of cell activation",7.48043675535837e-05
"WT_heat_up","BP","with_iea","GO:0034103",17,"regulation of tissue remodeling",0.00584242890728966,6,10,"regulation of system process",0.00114603895048557
"WT_heat_up","BP","with_iea","GO:0001822",1,"kidney development",0.00584242890728966,12,56,"blood vessel morphogenesis",3.51386249216754e-09
"WT_heat_up","BP","with_iea","GO:0030217",18,"T cell differentiation",0.00600470295228694,14,31,"positive regulation of cell development",0.00116665492851909
"WT_heat_up","BP","with_iea","GO:0050678",12,"regulation of epithelial cell proliferation",0.00610990169948484,13,23,"leukocyte proliferation",0.000438689922351499
"WT_heat_up","BP","with_iea","GO:0042742",15,"defense response to bacterium",0.0062750803017314,11,8,"response to bacterium",0.000947414405690874
"WT_heat_up","BP","with_iea","GO:0035051",1,"cardiocyte differentiation",0.00636045457775412,8,56,"blood vessel morphogenesis",3.51386249216754e-09
"WT_heat_up","BP","with_iea","GO:2001234",6,"negative regulation of apoptotic signaling pathway",0.00646173529521681,11,29,"cytokine-mediated signaling pathway",2.03952409726322e-05
"WT_heat_up","BP","with_iea","GO:0050819",17,"negative regulation of coagulation",0.00652573797439614,5,10,"regulation of system process",0.00114603895048557
"WT_heat_up","BP","with_iea","GO:0032943",12,"mononuclear cell proliferation",0.00652573797439614,13,23,"leukocyte proliferation",0.000438689922351499
"WT_heat_up","BP","with_iea","GO:0042063",18,"gliogenesis",0.00652573797439614,13,31,"positive regulation of cell development",0.00116665492851909
"WT_heat_up","BP","with_iea","GO:0050863",9,"regulation of T cell activation",0.00669383382849691,15,21,"positive regulation of cell activation",7.48043675535837e-05
"WT_heat_up","BP","with_iea","GO:0043408",6,"regulation of MAPK cascade",0.00691296622894491,19,29,"cytokine-mediated signaling pathway",2.03952409726322e-05
"WT_heat_up","BP","with_iea","GO:0072001",1,"renal system development",0.00691296622894491,12,56,"blood vessel morphogenesis",3.51386249216754e-09
"WT_heat_up","BP","with_iea","GO:0033002",12,"muscle cell proliferation",0.00691296622894491,10,23,"leukocyte proliferation",0.000438689922351499
"WT_heat_up","BP","with_iea","GO:0003073",11,"regulation of systemic arterial blood pressure",0.00691296622894491,6,15,"regulation of body fluid levels",0.000326939861902462
"WT_heat_up","BP","with_iea","GO:0061564",20,"axon development",0.00691296622894491,16,8,"axonogenesis",0.00282363647065884
"WT_heat_up","BP","with_iea","GO:0140353",24,"lipid export from cell",0.00691296622894491,5,6,"lipid export from cell",0.00691296622894491
"WT_heat_up","BP","with_iea","GO:0150077",7,"regulation of neuroinflammatory response",0.00691296622894491,5,19,"response to wounding",3.74651045292467e-05
"WT_heat_up","BP","with_iea","GO:2000403",2,"positive regulation of lymphocyte migration",0.00691296622894491,5,29,"positive regulation of cell migration",1.50042459533541e-06
"WT_heat_up","BP","with_iea","GO:0045927",14,"positive regulation of growth",0.00699606584441784,11,8,"positive regulation of cell growth",0.000846924741030785
"WT_heat_up","BP","with_iea","GO:0097529",2,"myeloid leukocyte migration",0.00741942356373083,10,29,"positive regulation of cell migration",1.50042459533541e-06
"WT_heat_up","BP","with_iea","GO:0048545",25,"response to steroid hormone",0.00745193618297709,13,6,"response to steroid hormone",0.00745193618297709
"WT_heat_up","BP","with_iea","GO:2000401",2,"regulation of lymphocyte migration",0.00807385630655643,6,29,"positive regulation of cell migration",1.50042459533541e-06
"WT_heat_up","BP","with_iea","GO:0042100",9,"B cell proliferation",0.00827244937827896,7,21,"positive regulation of cell activation",7.48043675535837e-05
"WT_heat_up","BP","with_iea","GO:0051046",16,"regulation of secretion",0.00836846787770522,18,12,"positive regulation of secretion by cell",0.00110278628228388
"WT_heat_up","BP","with_iea","GO:0032102",7,"negative regulation of response to external stimulus",0.00844706056765047,14,19,"response to wounding",3.74651045292467e-05
"WT_heat_up","BP","with_iea","GO:0002675",7,"positive regulation of acute inflammatory response",0.00849628519012052,4,19,"response to wounding",3.74651045292467e-05
"WT_heat_up","BP","with_iea","GO:0016049",12,"cell growth",0.00869093620912785,16,23,"leukocyte proliferation",0.000438689922351499
"WT_heat_up","BP","with_iea","GO:0043523",19,"regulation of neuron apoptotic process",0.00887223630279904,11,7,"positive regulation of programmed cell death",0.00148903823093093
"WT_heat_up","BP","with_iea","GO:0001935",12,"endothelial cell proliferation",0.00887223630279904,8,23,"leukocyte proliferation",0.000438689922351499
"WT_heat_up","BP","with_iea","GO:0003014",8,"renal system process",0.00907284616229905,7,12,"tissue remodeling",4.43350331575523e-05
"WT_heat_up","BP","with_iea","GO:0043588",1,"skin development",0.00907284616229905,11,56,"blood vessel morphogenesis",3.51386249216754e-09
"WT_heat_up","BP","with_iea","GO:0042102",9,"positive regulation of T cell proliferation",0.00966881620857953,7,21,"positive regulation of cell activation",7.48043675535837e-05
"WT_heat_up","BP","with_iea","GO:0032352",21,"positive regulation of hormone metabolic process",0.00969015711528648,3,7,"regulation of lipid biosynthetic process",0.00344161916400282
"WT_heat_up","BP","with_iea","GO:0048245",2,"eosinophil chemotaxis",0.00969015711528648,3,29,"positive regulation of cell migration",1.50042459533541e-06
"WT_heat_up","BP","with_iea","GO:0035914",18,"skeletal muscle cell differentiation",0.00969015711528648,6,31,"positive regulation of cell development",0.00116665492851909
"WT_heat_up","BP","with_iea","GO:0046631",9,"alpha-beta T cell activation",0.00969491704905419,10,21,"positive regulation of cell activation",7.48043675535837e-05
"WT_heat_up","BP","with_iea","GO:0090066",11,"regulation of anatomical structure size",0.0108117714631091,16,15,"regulation of body fluid levels",0.000326939861902462
"WT_heat_up","BP","with_iea","GO:0001649",18,"osteoblast differentiation",0.010889972478454,10,31,"positive regulation of cell development",0.00116665492851909
"WT_heat_up","BP","with_iea","GO:0043542",2,"endothelial cell migration",0.010889972478454,10,29,"positive regulation of cell migration",1.50042459533541e-06
"WT_heat_up","BP","with_iea","GO:0010575",3,"positive regulation of vascular endothelial growth factor production",0.0109721492035564,4,12,"positive regulation of cytokine production",1.50042459533541e-06
"WT_heat_up","BP","with_iea","GO:0072678",2,"T cell migration",0.0110774570441953,6,29,"positive regulation of cell migration",1.50042459533541e-06
"WT_heat_up","BP","with_iea","GO:0072676",2,"lymphocyte migration",0.0111682455852857,7,29,"positive regulation of cell migration",1.50042459533541e-06
"WT_heat_up","BP","with_iea","GO:0001704",1,"formation of primary germ layer",0.0117678460603255,7,56,"blood vessel morphogenesis",3.51386249216754e-09
"WT_heat_up","BP","with_iea","GO:1903035",7,"negative regulation of response to wounding",0.0117678460603255,6,19,"response to wounding",3.74651045292467e-05
"WT_heat_up","BP","with_iea","GO:0001666",26,"response to hypoxia",0.0117678460603255,12,3,"response to hypoxia",0.0117678460603255
"WT_heat_up","BP","with_iea","GO:0014706",1,"striated muscle tissue development",0.0121689410951606,13,56,"blood vessel morphogenesis",3.51386249216754e-09
"WT_heat_up","BP","with_iea","GO:1901741",27,"positive regulation of myoblast fusion",0.0121689410951606,3,7,"positive regulation of myoblast fusion",0.0121689410951606
"WT_heat_up","BP","with_iea","GO:0006953",22,"acute-phase response",0.0122735707523188,4,5,"acute inflammatory response",0.00375328653765685
"WT_heat_up","BP","with_iea","GO:0048667",20,"cell morphogenesis involved in neuron differentiation",0.0122735707523188,17,8,"axonogenesis",0.00282363647065884
"WT_heat_up","BP","with_iea","GO:0019724",13,"B cell mediated immunity",0.0123163675427843,8,8,"humoral immune response",0.000445570403798779
"WT_heat_up","BP","with_iea","GO:0001501",1,"skeletal system development",0.0123163675427843,15,56,"blood vessel morphogenesis",3.51386249216754e-09
"WT_heat_up","BP","with_iea","GO:0044703",28,"multi-organism reproductive process",0.0123357525600539,9,2,"multi-organism reproductive process",0.0123357525600539
"WT_heat_up","BP","with_iea","GO:0043616",12,"keratinocyte proliferation",0.0123747925028634,5,23,"leukocyte proliferation",0.000438689922351499
"WT_heat_up","BP","with_iea","GO:0048146",12,"positive regulation of fibroblast proliferation",0.0123747925028634,5,23,"leukocyte proliferation",0.000438689922351499
"WT_heat_up","BP","with_iea","GO:0090303",7,"positive regulation of wound healing",0.0123747925028634,5,19,"response to wounding",3.74651045292467e-05
"WT_heat_up","BP","with_iea","GO:0007188",6,"adenylate cyclase-modulating G protein-coupled receptor signaling pathway",0.0126486363852868,9,29,"cytokine-mediated signaling pathway",2.03952409726322e-05
"WT_heat_up","BP","with_iea","GO:0071396",25,"cellular response to lipid",0.012761259462722,18,6,"response to steroid hormone",0.00745193618297709
"WT_heat_up","BP","with_iea","GO:0044060",17,"regulation of endocrine process",0.0135182330246448,4,10,"regulation of system process",0.00114603895048557
"WT_heat_up","BP","with_iea","GO:0050920",4,"regulation of chemotaxis",0.0136782489667007,9,4,"chemotaxis",1.50042459533541e-06
"WT_heat_up","BP","with_iea","GO:0007596",7,"blood coagulation",0.0141683698768965,10,19,"response to wounding",3.74651045292467e-05
"WT_heat_up","BP","with_iea","GO:0050817",8,"coagulation",0.0145295421621752,10,12,"tissue remodeling",4.43350331575523e-05
"WT_heat_up","BP","with_iea","GO:0032604",3,"granulocyte macrophage colony-stimulating factor production",0.0145295421621752,3,12,"positive regulation of cytokine production",1.50042459533541e-06
"WT_heat_up","BP","with_iea","GO:0032645",3,"regulation of granulocyte macrophage colony-stimulating factor production",0.0145295421621752,3,12,"positive regulation of cytokine production",1.50042459533541e-06
"WT_heat_up","BP","with_iea","GO:0045780",17,"positive regulation of bone resorption",0.0145295421621752,3,10,"regulation of system process",0.00114603895048557
"WT_heat_up","BP","with_iea","GO:0007411",20,"axon guidance",0.0145295421621752,9,8,"axonogenesis",0.00282363647065884
"WT_heat_up","BP","with_iea","GO:0010574",3,"regulation of vascular endothelial growth factor production",0.0149719655520348,4,12,"positive regulation of cytokine production",1.50042459533541e-06
"WT_heat_up","BP","with_iea","GO:0042692",18,"muscle cell differentiation",0.0149719655520348,13,31,"positive regulation of cell development",0.00116665492851909
"WT_heat_up","BP","with_iea","GO:0097485",20,"neuron projection guidance",0.0149719655520348,9,8,"axonogenesis",0.00282363647065884
"WT_heat_up","BP","with_iea","GO:1903557",3,"positive regulation of tumor necrosis factor superfamily cytokine production",0.0150591827605434,7,12,"positive regulation of cytokine production",1.50042459533541e-06
"WT_heat_up","BP","with_iea","GO:0050829",15,"defense response to Gram-negative bacterium",0.015477008288218,5,8,"response to bacterium",0.000947414405690874
"WT_heat_up","BP","with_iea","GO:0036293",26,"response to decreased oxygen levels",0.0159623164367988,12,3,"response to hypoxia",0.0117678460603255
"WT_heat_up","BP","with_iea","GO:0070663",12,"regulation of leukocyte proliferation",0.0161701555379148,11,23,"leukocyte proliferation",0.000438689922351499
"WT_heat_up","BP","with_iea","GO:0002920",29,"regulation of humoral immune response",0.0166419851292344,4,2,"regulation of humoral immune response",0.0166419851292344
"WT_heat_up","BP","with_iea","GO:0001656",1,"metanephros development",0.0167012500250457,5,56,"blood vessel morphogenesis",3.51386249216754e-09
"WT_heat_up","BP","with_iea","GO:1905954",24,"positive regulation of lipid localization",0.0167465113766359,6,6,"lipid export from cell",0.00691296622894491
"WT_heat_up","BP","with_iea","GO:0007599",11,"hemostasis",0.0167465113766359,10,15,"regulation of body fluid levels",0.000326939861902462
"WT_heat_up","BP","with_iea","GO:0046632",18,"alpha-beta T cell differentiation",0.0167465113766359,8,31,"positive regulation of cell development",0.00116665492851909
"WT_heat_up","BP","with_iea","GO:0071772",25,"response to BMP",0.0167465113766359,7,6,"response to steroid hormone",0.00745193618297709
"WT_heat_up","BP","with_iea","GO:0071773",25,"cellular response to BMP stimulus",0.0167465113766359,7,6,"response to steroid hormone",0.00745193618297709
"WT_heat_up","BP","with_iea","GO:0002922",29,"positive regulation of humoral immune response",0.0167465113766359,3,2,"regulation of humoral immune response",0.0166419851292344
"WT_heat_up","BP","with_iea","GO:0006700",21,"C21-steroid hormone biosynthetic process",0.0167465113766359,3,7,"regulation of lipid biosynthetic process",0.00344161916400282
"WT_heat_up","BP","with_iea","GO:0035809",11,"regulation of urine volume",0.0167465113766359,3,15,"regulation of body fluid levels",0.000326939861902462
"WT_heat_up","BP","with_iea","GO:0042730",7,"fibrinolysis",0.0167465113766359,3,19,"response to wounding",3.74651045292467e-05
"WT_heat_up","BP","with_iea","GO:0061029",1,"eyelid development in camera-type eye",0.0167465113766359,3,56,"blood vessel morphogenesis",3.51386249216754e-09
"WT_heat_up","BP","with_iea","GO:1904754",2,"positive regulation of vascular associated smooth muscle cell migration",0.0167465113766359,3,29,"positive regulation of cell migration",1.50042459533541e-06
"WT_heat_up","BP","with_iea","GO:1902895",30,"positive regulation of miRNA transcription",0.0172372424512549,5,9,"positive regulation of miRNA transcription",0.0172372424512549
"WT_heat_up","BP","with_iea","GO:0061138",1,"morphogenesis of a branching epithelium",0.0172372424512549,8,56,"blood vessel morphogenesis",3.51386249216754e-09
"WT_heat_up","BP","with_iea","GO:0045124",17,"regulation of bone resorption",0.0176134207247774,4,10,"regulation of system process",0.00114603895048557
"WT_heat_up","BP","with_iea","GO:0051897",6,"positive regulation of phosphatidylinositol 3-kinase/protein kinase B signal transduction",0.0176134207247774,9,29,"cytokine-mediated signaling pathway",2.03952409726322e-05
"WT_heat_up","BP","with_iea","GO:0035296",11,"regulation of tube diameter",0.0181059696465862,7,15,"regulation of body fluid levels",0.000326939861902462
"WT_heat_up","BP","with_iea","GO:0043534",2,"blood vessel endothelial cell migration",0.0181059696465862,7,29,"positive regulation of cell migration",1.50042459533541e-06
"WT_heat_up","BP","with_iea","GO:0097746",11,"blood vessel diameter maintenance",0.0181059696465862,7,15,"regulation of body fluid levels",0.000326939861902462
"WT_heat_up","BP","with_iea","GO:0002366",9,"leukocyte activation involved in immune response",0.018508468986214,12,21,"positive regulation of cell activation",7.48043675535837e-05
"WT_heat_up","BP","with_iea","GO:0032496",15,"response to lipopolysaccharide",0.018508468986214,12,8,"response to bacterium",0.000947414405690874
"WT_heat_up","BP","with_iea","GO:0035150",11,"regulation of tube size",0.0189132807929602,7,15,"regulation of body fluid levels",0.000326939861902462
"WT_heat_up","BP","with_iea","GO:0071677",2,"positive regulation of mononuclear cell migration",0.0190903670713174,6,29,"positive regulation of cell migration",1.50042459533541e-06
"WT_heat_up","BP","with_iea","GO:0007520",27,"myoblast fusion",0.0190903670713174,4,7,"positive regulation of myoblast fusion",0.0121689410951606
"WT_heat_up","BP","with_iea","GO:0010573",3,"vascular endothelial growth factor production",0.0190903670713174,4,12,"positive regulation of cytokine production",1.50042459533541e-06
"WT_heat_up","BP","with_iea","GO:0052652",30,"cyclic purine nucleotide metabolic process",0.0190903670713174,4,9,"positive regulation of miRNA transcription",0.0172372424512549
"WT_heat_up","BP","with_iea","GO:1903036",7,"positive regulation of response to wounding",0.0190903670713174,5,19,"response to wounding",3.74651045292467e-05
"WT_heat_up","BP","with_iea","GO:0009190",30,"cyclic nucleotide biosynthetic process",0.0190903670713174,3,9,"positive regulation of miRNA transcription",0.0172372424512549
"WT_heat_up","BP","with_iea","GO:0010755",3,"regulation of plasminogen activation",0.0190903670713174,3,12,"positive regulation of cytokine production",1.50042459533541e-06
"WT_heat_up","BP","with_iea","GO:0031649",11,"heat generation",0.0190903670713174,3,15,"regulation of body fluid levels",0.000326939861902462
"WT_heat_up","BP","with_iea","GO:0060602",1,"branch elongation of an epithelium",0.0190903670713174,3,56,"blood vessel morphogenesis",3.51386249216754e-09
"WT_heat_up","BP","with_iea","GO:0140131",2,"positive regulation of lymphocyte chemotaxis",0.0190903670713174,3,29,"positive regulation of cell migration",1.50042459533541e-06
"WT_heat_up","BP","with_iea","GO:1901739",27,"regulation of myoblast fusion",0.0190903670713174,3,7,"positive regulation of myoblast fusion",0.0121689410951606
"WT_heat_up","BP","with_iea","GO:0002263",9,"cell activation involved in immune response",0.0191894004757067,12,21,"positive regulation of cell activation",7.48043675535837e-05
"WT_heat_up","BP","with_iea","GO:0050921",4,"positive regulation of chemotaxis",0.0199676472079183,7,4,"chemotaxis",1.50042459533541e-06
"WT_heat_up","BP","with_iea","GO:0048145",12,"regulation of fibroblast proliferation",0.0205255227232419,6,23,"leukocyte proliferation",0.000438689922351499
"WT_heat_up","BP","with_iea","GO:0007622",5,"rhythmic behavior",0.0205255227232419,4,5,"positive regulation of locomotion",2.35044382927788e-06
"WT_heat_up","BP","with_iea","GO:0009187",30,"cyclic nucleotide metabolic process",0.0205255227232419,4,9,"positive regulation of miRNA transcription",0.0172372424512549
"WT_heat_up","BP","with_iea","GO:0043524",19,"negative regulation of neuron apoptotic process",0.0205255227232419,8,7,"positive regulation of programmed cell death",0.00148903823093093
"WT_heat_up","BP","with_iea","GO:0050670",9,"regulation of lymphocyte proliferation",0.0205255227232419,10,21,"positive regulation of cell activation",7.48043675535837e-05
"WT_heat_up","BP","with_iea","GO:0043500",8,"muscle adaptation",0.0216504957695199,6,12,"tissue remodeling",4.43350331575523e-05
"WT_heat_up","BP","with_iea","GO:0034112",10,"positive regulation of homotypic cell-cell adhesion",0.0224418749512783,3,7,"positive regulation of cell adhesion",0.000105513251350538
"WT_heat_up","BP","with_iea","GO:0060143",27,"positive regulation of syncytium formation by plasma membrane fusion",0.0224418749512783,3,7,"positive regulation of myoblast fusion",0.0121689410951606
"WT_heat_up","BP","with_iea","GO:0032944",12,"regulation of mononuclear cell proliferation",0.0224418749512783,10,23,"leukocyte proliferation",0.000438689922351499
"WT_heat_up","BP","with_iea","GO:0051962",1,"positive regulation of nervous system development",0.0224418749512783,10,56,"blood vessel morphogenesis",3.51386249216754e-09
"WT_heat_up","BP","with_iea","GO:0002040",1,"sprouting angiogenesis",0.0224597882482501,7,56,"blood vessel morphogenesis",3.51386249216754e-09
"WT_heat_up","BP","with_iea","GO:0010876",24,"lipid localization",0.0224623911586491,13,6,"lipid export from cell",0.00691296622894491
"WT_heat_up","BP","with_iea","GO:0001763",1,"morphogenesis of a branching structure",0.0226964971546722,8,56,"blood vessel morphogenesis",3.51386249216754e-09
"WT_heat_up","BP","with_iea","GO:0002437",22,"inflammatory response to antigenic stimulus",0.0226964971546722,5,5,"acute inflammatory response",0.00375328653765685
"WT_heat_up","BP","with_iea","GO:0061180",1,"mammary gland epithelium development",0.0226964971546722,5,56,"blood vessel morphogenesis",3.51386249216754e-09
"WT_heat_up","BP","with_iea","GO:0051146",18,"striated muscle cell differentiation",0.0226964971546722,10,31,"positive regulation of cell development",0.00116665492851909
"WT_heat_up","BP","with_iea","GO:0007369",1,"gastrulation",0.0234821166549388,8,56,"blood vessel morphogenesis",3.51386249216754e-09
"WT_heat_up","BP","with_iea","GO:0048660",12,"regulation of smooth muscle cell proliferation",0.0240770922643511,7,23,"leukocyte proliferation",0.000438689922351499
"WT_heat_up","BP","with_iea","GO:0055006",1,"cardiac cell development",0.0240770922643511,5,56,"blood vessel morphogenesis",3.51386249216754e-09
"WT_heat_up","BP","with_iea","GO:2000630",30,"positive regulation of miRNA metabolic process",0.0240770922643511,5,9,"positive regulation of miRNA transcription",0.0172372424512549
"WT_heat_up","BP","with_iea","GO:0046850",17,"regulation of bone remodeling",0.0240770922643511,4,10,"regulation of system process",0.00114603895048557
"WT_heat_up","BP","with_iea","GO:0060428",1,"lung epithelium development",0.0240770922643511,4,56,"blood vessel morphogenesis",3.51386249216754e-09
"WT_heat_up","BP","with_iea","GO:0050767",18,"regulation of neurogenesis",0.0242110016237913,12,31,"positive regulation of cell development",0.00116665492851909
"WT_heat_up","BP","with_iea","GO:0070482",26,"response to oxygen levels",0.0242110016237913,12,3,"response to hypoxia",0.0117678460603255
"WT_heat_up","BP","with_iea","GO:0042327",31,"positive regulation of phosphorylation",0.0243707653826633,10,3,"positive regulation of phosphorylation",0.0243707653826633
"WT_heat_up","BP","with_iea","GO:0002460",13,"adaptive immune response based on somatic recombination of immune receptors built from immunoglobulin superfamily domains",0.024673438500606,12,8,"humoral immune response",0.000445570403798779
"WT_heat_up","BP","with_iea","GO:0045582",18,"positive regulation of T cell differentiation",0.024673438500606,7,31,"positive regulation of cell development",0.00116665492851909
"WT_heat_up","BP","with_iea","GO:0002237",15,"response to molecule of bacterial origin",0.0251034673839521,12,8,"response to bacterium",0.000947414405690874
"WT_heat_up","BP","with_iea","GO:0035115",1,"embryonic forelimb morphogenesis",0.0251034673839521,3,56,"blood vessel morphogenesis",3.51386249216754e-09
"WT_heat_up","BP","with_iea","GO:0035795",32,"negative regulation of mitochondrial membrane permeability",0.0251034673839521,3,2,"negative regulation of mitochondrial membrane permeability",0.0251034673839521
"WT_heat_up","BP","with_iea","GO:0051402",19,"neuron apoptotic process",0.025354242954372,11,7,"positive regulation of programmed cell death",0.00148903823093093
"WT_heat_up","BP","with_iea","GO:1902105",18,"regulation of leukocyte differentiation",0.0256378653095121,12,31,"positive regulation of cell development",0.00116665492851909
"WT_heat_up","BP","with_iea","GO:0002673",7,"regulation of acute inflammatory response",0.0257080631379001,4,19,"response to wounding",3.74651045292467e-05
"WT_heat_up","BP","with_iea","GO:0030195",7,"negative regulation of blood coagulation",0.0257080631379001,4,19,"response to wounding",3.74651045292467e-05
"WT_heat_up","BP","with_iea","GO:1902107",18,"positive regulation of leukocyte differentiation",0.0258266959291744,9,31,"positive regulation of cell development",0.00116665492851909
"WT_heat_up","BP","with_iea","GO:1903708",18,"positive regulation of hemopoiesis",0.0258266959291744,9,31,"positive regulation of cell development",0.00116665492851909
"WT_heat_up","BP","with_iea","GO:0141091",33,"transforming growth factor beta receptor superfamily signaling pathway",0.0263706681648608,11,1,"transforming growth factor beta receptor superfamily signaling pathway",0.0263706681648608
"WT_heat_up","BP","with_iea","GO:0007566",28,"embryo implantation",0.0263706681648608,5,2,"multi-organism reproductive process",0.0123357525600539
"WT_heat_up","BP","with_iea","GO:0097192",6,"extrinsic apoptotic signaling pathway in absence of ligand",0.0263706681648608,5,29,"cytokine-mediated signaling pathway",2.03952409726322e-05
"WT_heat_up","BP","with_iea","GO:0001659",11,"temperature homeostasis",0.0267077508888876,8,15,"regulation of body fluid levels",0.000326939861902462
"WT_heat_up","BP","with_iea","GO:0030324",1,"lung development",0.0267077508888876,8,56,"blood vessel morphogenesis",3.51386249216754e-09
"WT_heat_up","BP","with_iea","GO:0048659",12,"smooth muscle cell proliferation",0.0270652495330899,7,23,"leukocyte proliferation",0.000438689922351499
"WT_heat_up","BP","with_iea","GO:0071675",2,"regulation of mononuclear cell migration",0.0270652495330899,7,29,"positive regulation of cell migration",1.50042459533541e-06
"WT_heat_up","BP","with_iea","GO:0006887",16,"exocytosis",0.027403891593792,12,12,"positive regulation of secretion by cell",0.00110278628228388
"WT_heat_up","BP","with_iea","GO:0010837",12,"regulation of keratinocyte proliferation",0.027403891593792,4,23,"leukocyte proliferation",0.000438689922351499
"WT_heat_up","BP","with_iea","GO:1900047",11,"negative regulation of hemostasis",0.027403891593792,4,15,"regulation of body fluid levels",0.000326939861902462
"WT_heat_up","BP","with_iea","GO:0045596",18,"negative regulation of cell differentiation",0.0277686814603278,17,31,"positive regulation of cell development",0.00116665492851909
"WT_heat_up","BP","with_iea","GO:0031639",3,"plasminogen activation",0.0280465902470915,3,12,"positive regulation of cytokine production",1.50042459533541e-06
"WT_heat_up","BP","with_iea","GO:0046885",21,"regulation of hormone biosynthetic process",0.0280465902470915,3,7,"regulation of lipid biosynthetic process",0.00344161916400282
"WT_heat_up","BP","with_iea","GO:0051960",1,"regulation of nervous system development",0.0291735532801435,13,56,"blood vessel morphogenesis",3.51386249216754e-09
"WT_heat_up","BP","with_iea","GO:0030323",1,"respiratory tube development",0.0291931476625661,8,56,"blood vessel morphogenesis",3.51386249216754e-09
"WT_heat_up","BP","with_iea","GO:0038034",6,"signal transduction in absence of ligand",0.0291931476625661,5,29,"cytokine-mediated signaling pathway",2.03952409726322e-05
"WT_heat_up","BP","with_iea","GO:0045670",18,"regulation of osteoclast differentiation",0.0291931476625661,5,31,"positive regulation of cell development",0.00116665492851909
"WT_heat_up","BP","with_iea","GO:0002287",9,"alpha-beta T cell activation involved in immune response",0.0294733591472091,6,21,"positive regulation of cell activation",7.48043675535837e-05
"WT_heat_up","BP","with_iea","GO:0002293",18,"alpha-beta T cell differentiation involved in immune response",0.0294733591472091,6,31,"positive regulation of cell development",0.00116665492851909
"WT_heat_up","BP","with_iea","GO:0002687",2,"positive regulation of leukocyte migration",0.029809322862837,7,29,"positive regulation of cell migration",1.50042459533541e-06
"WT_heat_up","BP","with_iea","GO:0016064",13,"immunoglobulin mediated immune response",0.029809322862837,7,8,"humoral immune response",0.000445570403798779
"WT_heat_up","BP","with_iea","GO:0042098",9,"T cell proliferation",0.029809322862837,9,21,"positive regulation of cell activation",7.48043675535837e-05
"WT_heat_up","BP","with_iea","GO:0050769",18,"positive regulation of neurogenesis",0.029809322862837,9,31,"positive regulation of cell development",0.00116665492851909
"WT_heat_up","BP","with_iea","GO:0032370",24,"positive regulation of lipid transport",0.0306735917985169,5,6,"lipid export from cell",0.00691296622894491
"WT_heat_up","BP","with_iea","GO:0003012",8,"muscle system process",0.0306793075494325,12,12,"tissue remodeling",4.43350331575523e-05
"WT_heat_up","BP","with_iea","GO:0010566",34,"regulation of ketone biosynthetic process",0.0309886204616903,3,2,"regulation of ketone biosynthetic process",0.0309886204616903
"WT_heat_up","BP","with_iea","GO:0035929",24,"steroid hormone secretion",0.0309886204616903,3,6,"lipid export from cell",0.00691296622894491
"WT_heat_up","BP","with_iea","GO:0038128",6,"ERBB2 signaling pathway",0.0309886204616903,3,29,"cytokine-mediated signaling pathway",2.03952409726322e-05
"WT_heat_up","BP","with_iea","GO:0048670",20,"regulation of collateral sprouting",0.0309886204616903,3,8,"axonogenesis",0.00282363647065884
"WT_heat_up","BP","with_iea","GO:0060142",27,"regulation of syncytium formation by plasma membrane fusion",0.0309886204616903,3,7,"positive regulation of myoblast fusion",0.0121689410951606
"WT_heat_up","BP","with_iea","GO:0072012",1,"glomerulus vasculature development",0.0309886204616903,3,56,"blood vessel morphogenesis",3.51386249216754e-09
"WT_heat_up","BP","with_iea","GO:1901623",2,"regulation of lymphocyte chemotaxis",0.0309886204616903,3,29,"positive regulation of cell migration",1.50042459533541e-06
"WT_heat_up","BP","with_iea","GO:1905709",32,"negative regulation of membrane permeability",0.0309886204616903,3,2,"negative regulation of mitochondrial membrane permeability",0.0251034673839521
"WT_heat_up","BP","with_iea","GO:2001239",6,"regulation of extrinsic apoptotic signaling pathway in absence of ligand",0.0309886204616903,4,29,"cytokine-mediated signaling pathway",2.03952409726322e-05
"WT_heat_up","BP","with_iea","GO:0002444",13,"myeloid leukocyte mediated immunity",0.0313150978721404,6,8,"humoral immune response",0.000445570403798779
"WT_heat_up","BP","with_iea","GO:0007610",5,"behavior",0.0313378216363539,16,5,"positive regulation of locomotion",2.35044382927788e-06
"WT_heat_up","BP","with_iea","GO:0010001",18,"glial cell differentiation",0.0317149736983059,9,31,"positive regulation of cell development",0.00116665492851909
"WT_heat_up","BP","with_iea","GO:0002449",13,"lymphocyte mediated immunity",0.0324094602194054,11,8,"humoral immune response",0.000445570403798779
"WT_heat_up","BP","with_iea","GO:0042129",9,"regulation of T cell proliferation",0.0331499106206307,8,21,"positive regulation of cell activation",7.48043675535837e-05
"WT_heat_up","BP","with_iea","GO:0044093",35,"positive regulation of molecular function",0.0332906572889959,15,1,"positive regulation of molecular function",0.0332906572889959
"WT_heat_up","BP","with_iea","GO:0006909",16,"phagocytosis",0.0336297488663505,9,12,"positive regulation of secretion by cell",0.00110278628228388
"WT_heat_up","BP","with_iea","GO:0006869",24,"lipid transport",0.0341487570066203,12,6,"lipid export from cell",0.00691296622894491
"WT_heat_up","BP","with_iea","GO:0001934",31,"positive regulation of protein phosphorylation",0.0346184168632703,9,3,"positive regulation of phosphorylation",0.0243707653826633
"WT_heat_up","BP","with_iea","GO:0030194",7,"positive regulation of blood coagulation",0.0346349097086571,3,19,"response to wounding",3.74651045292467e-05
"WT_heat_up","BP","with_iea","GO:0035136",1,"forelimb morphogenesis",0.0346349097086571,3,56,"blood vessel morphogenesis",3.51386249216754e-09
"WT_heat_up","BP","with_iea","GO:0060713",1,"labyrinthine layer morphogenesis",0.0346349097086571,3,56,"blood vessel morphogenesis",3.51386249216754e-09
"WT_heat_up","BP","with_iea","GO:0071800",36,"podosome assembly",0.0346349097086571,3,2,"podosome assembly",0.0346349097086571
"WT_heat_up","BP","with_iea","GO:1900048",11,"positive regulation of hemostasis",0.0346349097086571,3,15,"regulation of body fluid levels",0.000326939861902462
"WT_heat_up","BP","with_iea","GO:0002292",18,"T cell differentiation involved in immune response",0.0351465267897905,6,31,"positive regulation of cell development",0.00116665492851909
"WT_heat_up","BP","with_iea","GO:0007229",6,"integrin-mediated signaling pathway",0.0351465267897905,6,29,"cytokine-mediated signaling pathway",2.03952409726322e-05
"WT_heat_up","BP","with_iea","GO:0030216",18,"keratinocyte differentiation",0.0351465267897905,6,31,"positive regulation of cell development",0.00116665492851909
"WT_heat_up","BP","with_iea","GO:0030855",18,"epithelial cell differentiation",0.0352352765904698,16,31,"positive regulation of cell development",0.00116665492851909
"WT_heat_up","BP","with_iea","GO:0043299",16,"leukocyte degranulation",0.0365975067737821,5,12,"positive regulation of secretion by cell",0.00110278628228388
"WT_heat_up","BP","with_iea","GO:0046849",8,"bone remodeling",0.0365975067737821,5,12,"tissue remodeling",4.43350331575523e-05
"WT_heat_up","BP","with_iea","GO:0050886",8,"endocrine process",0.0365975067737821,5,12,"tissue remodeling",4.43350331575523e-05
"WT_heat_up","BP","with_iea","GO:1902893",30,"regulation of miRNA transcription",0.0365975067737821,5,9,"positive regulation of miRNA transcription",0.0172372424512549
"WT_heat_up","BP","with_iea","GO:0048738",1,"cardiac muscle tissue development",0.0366755579150187,8,56,"blood vessel morphogenesis",3.51386249216754e-09
"WT_heat_up","BP","with_iea","GO:0003018",8,"vascular process in circulatory system",0.0373800872443982,9,12,"tissue remodeling",4.43350331575523e-05
"WT_heat_up","BP","with_iea","GO:0090092",6,"regulation of transmembrane receptor protein serine/threonine kinase signaling pathway",0.0373800872443982,9,29,"cytokine-mediated signaling pathway",2.03952409726322e-05
"WT_heat_up","BP","with_iea","GO:0000768",27,"syncytium formation by plasma membrane fusion",0.0373800872443982,4,7,"positive regulation of myoblast fusion",0.0121689410951606
"WT_heat_up","BP","with_iea","GO:0042181",34,"ketone biosynthetic process",0.0373800872443982,4,2,"regulation of ketone biosynthetic process",0.0309886204616903
"WT_heat_up","BP","with_iea","GO:0140253",12,"cell-cell fusion",0.0373800872443982,4,23,"leukocyte proliferation",0.000438689922351499
"WT_heat_up","BP","with_iea","GO:0030509",25,"BMP signaling pathway",0.0373800872443982,6,6,"response to steroid hormone",0.00745193618297709
"WT_heat_up","BP","with_iea","GO:0051091",30,"positive regulation of DNA-binding transcription factor activity",0.0373800872443982,6,9,"positive regulation of miRNA transcription",0.0172372424512549
"WT_heat_up","BP","with_iea","GO:1990823",25,"response to leukemia inhibitory factor",0.0373800872443982,6,6,"response to steroid hormone",0.00745193618297709
"WT_heat_up","BP","with_iea","GO:0061614",30,"miRNA transcription",0.0373800872443982,5,9,"positive regulation of miRNA transcription",0.0172372424512549
"WT_heat_up","BP","with_iea","GO:0010818",2,"T cell chemotaxis",0.0373800872443982,3,29,"positive regulation of cell migration",1.50042459533541e-06
"WT_heat_up","BP","with_iea","GO:0042104",9,"positive regulation of activated T cell proliferation",0.0373800872443982,3,21,"positive regulation of cell activation",7.48043675535837e-05
"WT_heat_up","BP","with_iea","GO:0048333",1,"mesodermal cell differentiation",0.0373800872443982,3,56,"blood vessel morphogenesis",3.51386249216754e-09
"WT_heat_up","BP","with_iea","GO:0061437",1,"renal system vasculature development",0.0373800872443982,3,56,"blood vessel morphogenesis",3.51386249216754e-09
"WT_heat_up","BP","with_iea","GO:0061440",1,"kidney vasculature development",0.0373800872443982,3,56,"blood vessel morphogenesis",3.51386249216754e-09
"WT_heat_up","BP","with_iea","GO:1904752",2,"regulation of vascular associated smooth muscle cell migration",0.0373800872443982,3,29,"positive regulation of cell migration",1.50042459533541e-06
"WT_heat_up","BP","with_iea","GO:0051896",6,"regulation of phosphatidylinositol 3-kinase/protein kinase B signal transduction",0.0377967278564733,10,29,"cytokine-mediated signaling pathway",2.03952409726322e-05
"WT_heat_up","BP","with_iea","GO:0045621",18,"positive regulation of lymphocyte differentiation",0.0381676770482985,7,31,"positive regulation of cell development",0.00116665492851909
"WT_heat_up","BP","with_iea","GO:0007178",6,"cell surface receptor protein serine/threonine kinase signaling pathway",0.0383746136236339,11,29,"cytokine-mediated signaling pathway",2.03952409726322e-05
"WT_heat_up","BP","with_iea","GO:0043491",6,"phosphatidylinositol 3-kinase/protein kinase B signal transduction",0.0383746136236339,11,29,"cytokine-mediated signaling pathway",2.03952409726322e-05
"WT_heat_up","BP","with_iea","GO:0060627",16,"regulation of vesicle-mediated transport",0.0391459897913422,15,12,"positive regulation of secretion by cell",0.00110278628228388
"WT_heat_up","BP","with_iea","GO:0002762",18,"negative regulation of myeloid leukocyte differentiation",0.0391459897913422,4,31,"positive regulation of cell development",0.00116665492851909
"WT_heat_up","BP","with_iea","GO:0006949",27,"syncytium formation",0.0391459897913422,4,7,"positive regulation of myoblast fusion",0.0121689410951606
"WT_heat_up","BP","with_iea","GO:0042311",11,"vasodilation",0.0391459897913422,4,15,"regulation of body fluid levels",0.000326939861902462
"WT_heat_up","BP","with_iea","GO:0048638",14,"regulation of developmental growth",0.0392430621722603,10,8,"positive regulation of cell growth",0.000846924741030785
"WT_heat_up","BP","with_iea","GO:0001936",12,"regulation of endothelial cell proliferation",0.0394657998249236,6,23,"leukocyte proliferation",0.000438689922351499
"WT_heat_up","BP","with_iea","GO:0048144",12,"fibroblast proliferation",0.0394657998249236,6,23,"leukocyte proliferation",0.000438689922351499
"WT_heat_up","BP","with_iea","GO:0001938",12,"positive regulation of endothelial cell proliferation",0.0407725066957594,5,23,"leukocyte proliferation",0.000438689922351499
"WT_heat_up","BP","with_iea","GO:0032637",3,"interleukin-8 production",0.0407725066957594,5,12,"positive regulation of cytokine production",1.50042459533541e-06
"WT_heat_up","BP","with_iea","GO:0032677",3,"regulation of interleukin-8 production",0.0407725066957594,5,12,"positive regulation of cytokine production",1.50042459533541e-06
"WT_heat_up","BP","with_iea","GO:0008207",21,"C21-steroid hormone metabolic process",0.0411338550120524,3,7,"regulation of lipid biosynthetic process",0.00344161916400282
"WT_heat_up","BP","with_iea","GO:0060669",1,"embryonic placenta morphogenesis",0.0411338550120524,3,56,"blood vessel morphogenesis",3.51386249216754e-09
"WT_heat_up","BP","with_iea","GO:0045926",14,"negative regulation of growth",0.0417720468985231,8,8,"positive regulation of cell growth",0.000846924741030785
"WT_heat_up","BP","with_iea","GO:0090257",17,"regulation of muscle system process",0.0417720468985231,8,10,"regulation of system process",0.00114603895048557
"WT_heat_up","BP","with_iea","GO:0048661",12,"positive regulation of smooth muscle cell proliferation",0.0428365157539785,5,23,"leukocyte proliferation",0.000438689922351499
"WT_heat_up","BP","with_iea","GO:0030100",16,"regulation of endocytosis",0.0441575277777037,10,12,"positive regulation of secretion by cell",0.00110278628228388
"WT_heat_up","BP","with_iea","GO:0070374",6,"positive regulation of ERK1 and ERK2 cascade",0.0447974500016059,7,29,"cytokine-mediated signaling pathway",2.03952409726322e-05
"WT_heat_up","BP","with_iea","GO:0019722",6,"calcium-mediated signaling",0.0456422639438214,8,29,"cytokine-mediated signaling pathway",2.03952409726322e-05
"WT_heat_up","BP","with_iea","GO:1903706",18,"regulation of hemopoiesis",0.0456422639438214,13,31,"positive regulation of cell development",0.00116665492851909
"WT_heat_up","BP","with_iea","GO:0019934",6,"cGMP-mediated signaling",0.0456422639438214,3,29,"cytokine-mediated signaling pathway",2.03952409726322e-05
"WT_heat_up","BP","with_iea","GO:0035886",18,"vascular associated smooth muscle cell differentiation",0.0456422639438214,3,31,"positive regulation of cell development",0.00116665492851909
"WT_heat_up","BP","with_iea","GO:1904738",2,"vascular associated smooth muscle cell migration",0.0456422639438214,3,29,"positive regulation of cell migration",1.50042459533541e-06
"WT_heat_up","BP","with_iea","GO:2000353",19,"positive regulation of endothelial cell apoptotic process",0.0456422639438214,3,7,"positive regulation of programmed cell death",0.00148903823093093
"WT_heat_up","BP","with_iea","GO:0008637",36,"apoptotic mitochondrial changes",0.046035071635667,6,2,"podosome assembly",0.0346349097086571
"WT_heat_up","BP","with_iea","GO:0010721",18,"negative regulation of cell development",0.0465985970178389,9,31,"positive regulation of cell development",0.00116665492851909
"WT_heat_up","BP","with_iea","GO:0060541",1,"respiratory system development",0.0467444239138717,8,56,"blood vessel morphogenesis",3.51386249216754e-09
"WT_heat_up","BP","with_iea","GO:0048640",14,"negative regulation of developmental growth",0.0468925499748731,5,8,"positive regulation of cell growth",0.000846924741030785
"WT_heat_up","BP","with_iea","GO:2000404",2,"regulation of T cell migration",0.0472561251059265,4,29,"positive regulation of cell migration",1.50042459533541e-06
"WT_heat_up","BP","with_iea","GO:0007173",6,"epidermal growth factor receptor signaling pathway",0.0475529924559295,6,29,"cytokine-mediated signaling pathway",2.03952409726322e-05
"WT_heat_up","BP","with_iea","GO:0043367",18,"CD4-positive, alpha-beta T cell differentiation",0.0475529924559295,6,31,"positive regulation of cell development",0.00116665492851909
"WT_heat_up","BP","with_iea","GO:0042325",31,"regulation of phosphorylation",0.0477983536183559,13,3,"positive regulation of phosphorylation",0.0243707653826633
"WT_heat_up","BP","with_iea","GO:0010594",2,"regulation of endothelial cell migration",0.0483507864846495,7,29,"positive regulation of cell migration",1.50042459533541e-06
"WT_heat_up","BP","with_iea","GO:0030308",14,"negative regulation of cell growth",0.0483507864846495,7,8,"positive regulation of cell growth",0.000846924741030785
"WT_heat_up","BP","with_iea","GO:0042445",21,"hormone metabolic process",0.0483507864846495,7,7,"regulation of lipid biosynthetic process",0.00344161916400282
"WT_heat_up","BP","with_iea","GO:0019216",21,"regulation of lipid metabolic process",0.0483507864846495,10,7,"regulation of lipid biosynthetic process",0.00344161916400282
"WT_heat_up","BP","with_iea","GO:0002690",2,"positive regulation of leukocyte chemotaxis",0.0483507864846495,5,29,"positive regulation of cell migration",1.50042459533541e-06
"WT_heat_up","BP","with_iea","GO:0050830",15,"defense response to Gram-positive bacterium",0.0483507864846495,5,8,"response to bacterium",0.000947414405690874
"WT_heat_up","BP","with_iea","GO:0051092",30,"positive regulation of NF-kappaB transcription factor activity",0.0483507864846495,5,9,"positive regulation of miRNA transcription",0.0172372424512549
"WT_heat_up","BP","with_iea","GO:0030879",1,"mammary gland development",0.0487124417659441,6,56,"blood vessel morphogenesis",3.51386249216754e-09
"WT_heat_up","BP","with_iea","GO:0002250",13,"adaptive immune response",0.048958635087895,15,8,"humoral immune response",0.000445570403798779
"WT_heat_up","BP","with_iea","GO:0003401",1,"axis elongation",0.048958635087895,3,56,"blood vessel morphogenesis",3.51386249216754e-09
"WT_heat_up","BP","with_iea","GO:0050820",17,"positive regulation of coagulation",0.048958635087895,3,10,"regulation of system process",0.00114603895048557
"WT_heat_up","BP","with_iea","GO:0061900",22,"glial cell activation",0.048958635087895,4,5,"acute inflammatory response",0.00375328653765685
"WT_heat_up","BP","with_iea","GO:0070613",3,"regulation of protein processing",0.048958635087895,4,12,"positive regulation of cytokine production",1.50042459533541e-06
"WT_heat_up","BP","with_iea","GO:2000351",19,"regulation of endothelial cell apoptotic process",0.048958635087895,4,7,"positive regulation of programmed cell death",0.00148903823093093
"WT_heat_up","BP","with_iea","GO:0060562",1,"epithelial tube morphogenesis",0.0498059303117189,10,56,"blood vessel morphogenesis",3.51386249216754e-09
"KO_heat_up","BP","with_iea","GO:0001525",1,"angiogenesis",2.5882288412748e-07,29,57,"angiogenesis",2.5882288412748e-07
"KO_heat_up","BP","with_iea","GO:0048514",1,"blood vessel morphogenesis",5.89565972075282e-07,30,57,"angiogenesis",2.5882288412748e-07
"KO_heat_up","BP","with_iea","GO:0006935",2,"chemotaxis",1.95142033550533e-06,24,4,"chemotaxis",1.95142033550533e-06
"KO_heat_up","BP","with_iea","GO:0042330",2,"taxis",1.95142033550533e-06,24,4,"chemotaxis",1.95142033550533e-06
"KO_heat_up","BP","with_iea","GO:0048771",3,"tissue remodeling",5.3939541571968e-06,15,15,"tissue remodeling",5.3939541571968e-06
"KO_heat_up","BP","with_iea","GO:2000147",4,"positive regulation of cell motility",1.0225870084457e-05,27,27,"positive regulation of cell motility",1.0225870084457e-05
"KO_heat_up","BP","with_iea","GO:0040017",5,"positive regulation of locomotion",1.37844085896314e-05,27,6,"positive regulation of locomotion",1.37844085896314e-05
"KO_heat_up","BP","with_iea","GO:0030335",4,"positive regulation of cell migration",1.64988161587382e-05,26,27,"positive regulation of cell motility",1.0225870084457e-05
"KO_heat_up","BP","with_iea","GO:0001819",6,"positive regulation of cytokine production",1.9887449437322e-05,25,9,"positive regulation of cytokine production",1.9887449437322e-05
"KO_heat_up","BP","with_iea","GO:0007200",7,"phospholipase C-activating G protein-coupled receptor signaling pathway",6.02659803085206e-05,11,24,"phospholipase C-activating G protein-coupled receptor signaling pathway",6.02659803085206e-05
"KO_heat_up","BP","with_iea","GO:0002694",8,"regulation of leukocyte activation",0.000103048231253322,26,19,"regulation of leukocyte activation",0.000103048231253322
"KO_heat_up","BP","with_iea","GO:0060326",4,"cell chemotaxis",0.000107188680236872,17,27,"positive regulation of cell motility",1.0225870084457e-05
"KO_heat_up","BP","with_iea","GO:0048729",1,"tissue morphogenesis",0.000124512328510459,24,57,"angiogenesis",2.5882288412748e-07
"KO_heat_up","BP","with_iea","GO:0019221",7,"cytokine-mediated signaling pathway",0.000252652322532504,23,24,"phospholipase C-activating G protein-coupled receptor signaling pathway",6.02659803085206e-05
"KO_heat_up","BP","with_iea","GO:0050867",8,"positive regulation of cell activation",0.00026494216882854,20,19,"regulation of leukocyte activation",0.000103048231253322
"KO_heat_up","BP","with_iea","GO:0009611",9,"response to wounding",0.0004241973774196,23,6,"response to wounding",0.0004241973774196
"KO_heat_up","BP","with_iea","GO:0070661",10,"leukocyte proliferation",0.0004241973774196,18,14,"leukocyte proliferation",0.0004241973774196
"KO_heat_up","BP","with_iea","GO:0002696",8,"positive regulation of leukocyte activation",0.0004241973774196,19,19,"regulation of leukocyte activation",0.000103048231253322
"KO_heat_up","BP","with_iea","GO:0050727",11,"regulation of inflammatory response",0.0004241973774196,19,13,"regulation of inflammatory response",0.0004241973774196
"KO_heat_up","BP","with_iea","GO:0030316",12,"osteoclast differentiation",0.000971767070963237,10,24,"osteoclast differentiation",0.000971767070963237
"KO_heat_up","BP","with_iea","GO:0050878",13,"regulation of body fluid levels",0.000971767070963237,17,9,"regulation of body fluid levels",0.000971767070963237
"KO_heat_up","BP","with_iea","GO:0042060",9,"wound healing",0.000971767070963237,19,6,"response to wounding",0.0004241973774196
"KO_heat_up","BP","with_iea","GO:0071674",4,"mononuclear cell migration",0.000971767070963237,13,27,"positive regulation of cell motility",1.0225870084457e-05
"KO_heat_up","BP","with_iea","GO:0045765",1,"regulation of angiogenesis",0.000971767070963237,15,57,"angiogenesis",2.5882288412748e-07
"KO_heat_up","BP","with_iea","GO:0045785",8,"positive regulation of cell adhesion",0.000971767070963237,21,19,"regulation of leukocyte activation",0.000103048231253322
"KO_heat_up","BP","with_iea","GO:0006959",14,"humoral immune response",0.000996988947512225,12,7,"humoral immune response",0.000996988947512225
"KO_heat_up","BP","with_iea","GO:0050900",4,"leukocyte migration",0.00111291533044496,17,27,"positive regulation of cell motility",1.0225870084457e-05
"KO_heat_up","BP","with_iea","GO:1901342",1,"regulation of vasculature development",0.00111673031358529,15,57,"angiogenesis",2.5882288412748e-07
"KO_heat_up","BP","with_iea","GO:2001233",7,"regulation of apoptotic signaling pathway",0.00124304529257463,18,24,"phospholipase C-activating G protein-coupled receptor signaling pathway",6.02659803085206e-05
"KO_heat_up","BP","with_iea","GO:0001501",1,"skeletal system development",0.00147571525237552,19,57,"angiogenesis",2.5882288412748e-07
"KO_heat_up","BP","with_iea","GO:0007409",15,"axonogenesis",0.00149439510071441,18,8,"axonogenesis",0.00149439510071441
"KO_heat_up","BP","with_iea","GO:0010720",16,"positive regulation of cell development",0.00149590558416219,19,8,"positive regulation of cell development",0.00149590558416219
"KO_heat_up","BP","with_iea","GO:0045744",7,"negative regulation of G protein-coupled receptor signaling pathway",0.00159012875364701,7,24,"phospholipase C-activating G protein-coupled receptor signaling pathway",6.02659803085206e-05
"KO_heat_up","BP","with_iea","GO:0002573",12,"myeloid leukocyte differentiation",0.00159012875364701,14,24,"osteoclast differentiation",0.000971767070963237
"KO_heat_up","BP","with_iea","GO:0001707",1,"mesoderm formation",0.00175428306681738,7,57,"angiogenesis",2.5882288412748e-07
"KO_heat_up","BP","with_iea","GO:2001236",7,"regulation of extrinsic apoptotic signaling pathway",0.00175428306681738,11,24,"phospholipase C-activating G protein-coupled receptor signaling pathway",6.02659803085206e-05
"KO_heat_up","BP","with_iea","GO:0048332",1,"mesoderm morphogenesis",0.00190590025436993,7,57,"angiogenesis",2.5882288412748e-07
"KO_heat_up","BP","with_iea","GO:0050729",11,"positive regulation of inflammatory response",0.0019107040028848,11,13,"regulation of inflammatory response",0.0004241973774196
"KO_heat_up","BP","with_iea","GO:2001238",7,"positive regulation of extrinsic apoptotic signaling pathway",0.00206564078111726,7,24,"phospholipase C-activating G protein-coupled receptor signaling pathway",6.02659803085206e-05
"KO_heat_up","BP","with_iea","GO:0048812",15,"neuron projection morphogenesis",0.00222703199229865,22,8,"axonogenesis",0.00149439510071441
"KO_heat_up","BP","with_iea","GO:0008277",7,"regulation of G protein-coupled receptor signaling pathway",0.00225298534690113,10,24,"phospholipase C-activating G protein-coupled receptor signaling pathway",6.02659803085206e-05
"KO_heat_up","BP","with_iea","GO:0050819",17,"negative regulation of coagulation",0.0023774621982406,6,8,"negative regulation of coagulation",0.0023774621982406
"KO_heat_up","BP","with_iea","GO:0007159",8,"leukocyte cell-cell adhesion",0.0023774621982406,18,19,"regulation of leukocyte activation",0.000103048231253322
"KO_heat_up","BP","with_iea","GO:0030595",4,"leukocyte chemotaxis",0.00251034661732897,12,27,"positive regulation of cell motility",1.0225870084457e-05
"KO_heat_up","BP","with_iea","GO:0034103",17,"regulation of tissue remodeling",0.00251034661732897,7,8,"negative regulation of coagulation",0.0023774621982406
"KO_heat_up","BP","with_iea","GO:0050818",17,"regulation of coagulation",0.00251034661732897,7,8,"negative regulation of coagulation",0.0023774621982406
"KO_heat_up","BP","with_iea","GO:0061844",14,"antimicrobial humoral immune response mediated by antimicrobial peptide",0.00251034661732897,7,7,"humoral immune response",0.000996988947512225
"KO_heat_up","BP","with_iea","GO:0045780",17,"positive regulation of bone resorption",0.00254900878215286,4,8,"negative regulation of coagulation",0.0023774621982406
"KO_heat_up","BP","with_iea","GO:0072677",4,"eosinophil migration",0.00254900878215286,4,27,"positive regulation of cell motility",1.0225870084457e-05
"KO_heat_up","BP","with_iea","GO:0097191",7,"extrinsic apoptotic signaling pathway",0.00256689288925067,13,24,"phospholipase C-activating G protein-coupled receptor signaling pathway",6.02659803085206e-05
"KO_heat_up","BP","with_iea","GO:0120039",15,"plasma membrane bounded cell projection morphogenesis",0.00277924922459426,22,8,"axonogenesis",0.00149439510071441
"KO_heat_up","BP","with_iea","GO:0048598",1,"embryonic morphogenesis",0.00295819142867119,20,57,"angiogenesis",2.5882288412748e-07
"KO_heat_up","BP","with_iea","GO:0044057",17,"regulation of system process",0.00295819142867119,18,8,"negative regulation of coagulation",0.0023774621982406
"KO_heat_up","BP","with_iea","GO:1903131",12,"mononuclear cell differentiation",0.00295819142867119,21,24,"osteoclast differentiation",0.000971767070963237
"KO_heat_up","BP","with_iea","GO:2001235",7,"positive regulation of apoptotic signaling pathway",0.00321658699215827,10,24,"phospholipase C-activating G protein-coupled receptor signaling pathway",6.02659803085206e-05
"KO_heat_up","BP","with_iea","GO:0002009",1,"morphogenesis of an epithelium",0.00328593342115891,18,57,"angiogenesis",2.5882288412748e-07
"KO_heat_up","BP","with_iea","GO:0048667",15,"cell morphogenesis involved in neuron differentiation",0.00366495034934767,20,8,"axonogenesis",0.00149439510071441
"KO_heat_up","BP","with_iea","GO:0051249",8,"regulation of lymphocyte activation",0.00372455901738494,20,19,"regulation of leukocyte activation",0.000103048231253322
"KO_heat_up","BP","with_iea","GO:0030900",1,"forebrain development",0.00372455901738494,15,57,"angiogenesis",2.5882288412748e-07
"KO_heat_up","BP","with_iea","GO:0008544",1,"epidermis development",0.00372455901738494,14,57,"angiogenesis",2.5882288412748e-07
"KO_heat_up","BP","with_iea","GO:0061564",15,"axon development",0.00372455901738494,18,8,"axonogenesis",0.00149439510071441
"KO_heat_up","BP","with_iea","GO:0048568",1,"embryonic organ development",0.00375282121992548,16,57,"angiogenesis",2.5882288412748e-07
"KO_heat_up","BP","with_iea","GO:1903039",8,"positive regulation of leukocyte cell-cell adhesion",0.00379726978921711,14,19,"regulation of leukocyte activation",0.000103048231253322
"KO_heat_up","BP","with_iea","GO:0048520",5,"positive regulation of behavior",0.00379726978921711,4,6,"positive regulation of locomotion",1.37844085896314e-05
"KO_heat_up","BP","with_iea","GO:0022407",8,"regulation of cell-cell adhesion",0.00379726978921711,19,19,"regulation of leukocyte activation",0.000103048231253322
"KO_heat_up","BP","with_iea","GO:0022409",8,"positive regulation of cell-cell adhesion",0.00412941838148547,15,19,"regulation of leukocyte activation",0.000103048231253322
"KO_heat_up","BP","with_iea","GO:0043068",7,"positive regulation of programmed cell death",0.00412941838148547,20,24,"phospholipase C-activating G protein-coupled receptor signaling pathway",6.02659803085206e-05
"KO_heat_up","BP","with_iea","GO:0048146",10,"positive regulation of fibroblast proliferation",0.00470432844837195,6,14,"leukocyte proliferation",0.0004241973774196
"KO_heat_up","BP","with_iea","GO:0050795",5,"regulation of behavior",0.00470432844837195,6,6,"positive regulation of locomotion",1.37844085896314e-05
"KO_heat_up","BP","with_iea","GO:0016525",1,"negative regulation of angiogenesis",0.00478396890194807,8,57,"angiogenesis",2.5882288412748e-07
"KO_heat_up","BP","with_iea","GO:2000181",1,"negative regulation of blood vessel morphogenesis",0.00478396890194807,8,57,"angiogenesis",2.5882288412748e-07
"KO_heat_up","BP","with_iea","GO:0046849",3,"bone remodeling",0.00491574506775346,7,15,"tissue remodeling",5.3939541571968e-06
"KO_heat_up","BP","with_iea","GO:0001822",1,"kidney development",0.00491574506775346,13,57,"angiogenesis",2.5882288412748e-07
"KO_heat_up","BP","with_iea","GO:1901343",1,"negative regulation of vasculature development",0.00498731874364161,8,57,"angiogenesis",2.5882288412748e-07
"KO_heat_up","BP","with_iea","GO:0007189",7,"adenylate cyclase-activating G protein-coupled receptor signaling pathway",0.0050080263217121,9,24,"phospholipase C-activating G protein-coupled receptor signaling pathway",6.02659803085206e-05
"KO_heat_up","BP","with_iea","GO:0042110",18,"T cell activation",0.00510319766534785,21,8,"T cell activation",0.00510319766534785
"KO_heat_up","BP","with_iea","GO:0046651",18,"lymphocyte proliferation",0.00510319766534785,14,8,"T cell activation",0.00510319766534785
"KO_heat_up","BP","with_iea","GO:0045124",17,"regulation of bone resorption",0.00510319766534785,5,8,"negative regulation of coagulation",0.0023774621982406
"KO_heat_up","BP","with_iea","GO:0060348",1,"bone development",0.00510319766534785,11,57,"angiogenesis",2.5882288412748e-07
"KO_heat_up","BP","with_iea","GO:1903037",8,"regulation of leukocyte cell-cell adhesion",0.00511129999885816,16,19,"regulation of leukocyte activation",0.000103048231253322
"KO_heat_up","BP","with_iea","GO:0050870",8,"positive regulation of T cell activation",0.00530849123910558,13,19,"regulation of leukocyte activation",0.000103048231253322
"KO_heat_up","BP","with_iea","GO:0070665",10,"positive regulation of leukocyte proliferation",0.00531028008642839,10,14,"leukocyte proliferation",0.0004241973774196
"KO_heat_up","BP","with_iea","GO:1903532",19,"positive regulation of secretion by cell",0.00541644963191126,13,6,"positive regulation of secretion by cell",0.00541644963191126
"KO_heat_up","BP","with_iea","GO:0072676",4,"lymphocyte migration",0.00559706453266531,8,27,"positive regulation of cell motility",1.0225870084457e-05
"KO_heat_up","BP","with_iea","GO:0032943",10,"mononuclear cell proliferation",0.00562120728666748,14,14,"leukocyte proliferation",0.0004241973774196
"KO_heat_up","BP","with_iea","GO:0042063",12,"gliogenesis",0.00562120728666748,14,24,"osteoclast differentiation",0.000971767070963237
"KO_heat_up","BP","with_iea","GO:0072001",1,"renal system development",0.00564410910189462,13,57,"angiogenesis",2.5882288412748e-07
"KO_heat_up","BP","with_iea","GO:0051251",8,"positive regulation of lymphocyte activation",0.0058427561887673,15,19,"regulation of leukocyte activation",0.000103048231253322
"KO_heat_up","BP","with_iea","GO:0043065",7,"positive regulation of apoptotic process",0.00587444825012984,19,24,"phospholipase C-activating G protein-coupled receptor signaling pathway",6.02659803085206e-05
"KO_heat_up","BP","with_iea","GO:0001656",1,"metanephros development",0.00592254360521134,6,57,"angiogenesis",2.5882288412748e-07
"KO_heat_up","BP","with_iea","GO:0048247",4,"lymphocyte chemotaxis",0.00613581824033969,5,27,"positive regulation of cell motility",1.0225870084457e-05
"KO_heat_up","BP","with_iea","GO:0001890",1,"placenta development",0.00613581824033969,9,57,"angiogenesis",2.5882288412748e-07
"KO_heat_up","BP","with_iea","GO:0001892",1,"embryonic placenta development",0.00622034911301173,7,57,"angiogenesis",2.5882288412748e-07
"KO_heat_up","BP","with_iea","GO:0061041",11,"regulation of wound healing",0.00630917080305519,8,13,"regulation of inflammatory response",0.0004241973774196
"KO_heat_up","BP","with_iea","GO:1990823",20,"response to leukemia inhibitory factor",0.00673125352903629,8,3,"response to leukemia inhibitory factor",0.00673125352903629
"KO_heat_up","BP","with_iea","GO:0043588",1,"skin development",0.00686132699589447,12,57,"angiogenesis",2.5882288412748e-07
"KO_heat_up","BP","with_iea","GO:0030193",11,"regulation of blood coagulation",0.00691608465050174,6,13,"regulation of inflammatory response",0.0004241973774196
"KO_heat_up","BP","with_iea","GO:0070372",7,"regulation of ERK1 and ERK2 cascade",0.00703547880961042,12,24,"phospholipase C-activating G protein-coupled receptor signaling pathway",6.02659803085206e-05
"KO_heat_up","BP","with_iea","GO:0051047",19,"positive regulation of secretion",0.00751576280413253,13,6,"positive regulation of secretion by cell",0.00541644963191126
"KO_heat_up","BP","with_iea","GO:0002548",4,"monocyte chemotaxis",0.00751576280413253,5,27,"positive regulation of cell motility",1.0225870084457e-05
"KO_heat_up","BP","with_iea","GO:0046850",17,"regulation of bone remodeling",0.00751576280413253,5,8,"negative regulation of coagulation",0.0023774621982406
"KO_heat_up","BP","with_iea","GO:0042327",21,"positive regulation of phosphorylation",0.00802662667574779,12,10,"positive regulation of phosphorylation",0.00802662667574779
"KO_heat_up","BP","with_iea","GO:0050671",8,"positive regulation of lymphocyte proliferation",0.00802662667574779,9,19,"regulation of leukocyte activation",0.000103048231253322
"KO_heat_up","BP","with_iea","GO:1900046",13,"regulation of hemostasis",0.00803239388248155,6,9,"regulation of body fluid levels",0.000971767070963237
"KO_heat_up","BP","with_iea","GO:0030195",11,"negative regulation of blood coagulation",0.00835877699047125,5,13,"regulation of inflammatory response",0.0004241973774196
"KO_heat_up","BP","with_iea","GO:0019730",14,"antimicrobial humoral response",0.00846868403698194,7,7,"humoral immune response",0.000996988947512225
"KO_heat_up","BP","with_iea","GO:0032946",10,"positive regulation of mononuclear cell proliferation",0.00864744065512875,9,14,"leukocyte proliferation",0.0004241973774196
"KO_heat_up","BP","with_iea","GO:1903034",11,"regulation of response to wounding",0.00864744065512875,9,13,"regulation of inflammatory response",0.0004241973774196
"KO_heat_up","BP","with_iea","GO:0009617",14,"response to bacterium",0.00892192768161619,20,7,"humoral immune response",0.000996988947512225
"KO_heat_up","BP","with_iea","GO:1900047",13,"negative regulation of hemostasis",0.00918005108199832,5,9,"regulation of body fluid levels",0.000971767070963237
"KO_heat_up","BP","with_iea","GO:0007411",15,"axon guidance",0.00960429391349607,10,8,"axonogenesis",0.00149439510071441
"KO_heat_up","BP","with_iea","GO:0061448",1,"connective tissue development",0.00993676816505848,12,57,"angiogenesis",2.5882288412748e-07
"KO_heat_up","BP","with_iea","GO:0097485",15,"neuron projection guidance",0.00993676816505848,10,8,"axonogenesis",0.00149439510071441
"KO_heat_up","BP","with_iea","GO:0048145",10,"regulation of fibroblast proliferation",0.0099891699854622,7,14,"leukocyte proliferation",0.0004241973774196
"KO_heat_up","BP","with_iea","GO:0048565",1,"digestive tract development",0.0099891699854622,7,57,"angiogenesis",2.5882288412748e-07
"KO_heat_up","BP","with_iea","GO:0035051",12,"cardiocyte differentiation",0.0109186987930895,8,24,"osteoclast differentiation",0.000971767070963237
"KO_heat_up","BP","with_iea","GO:0030098",12,"lymphocyte differentiation",0.0109186987930895,17,24,"osteoclast differentiation",0.000971767070963237
"KO_heat_up","BP","with_iea","GO:2000403",4,"positive regulation of lymphocyte migration",0.0109186987930895,5,27,"positive regulation of cell motility",1.0225870084457e-05
"KO_heat_up","BP","with_iea","GO:2001239",7,"regulation of extrinsic apoptotic signaling pathway in absence of ligand",0.0109186987930895,5,24,"phospholipase C-activating G protein-coupled receptor signaling pathway",6.02659803085206e-05
"KO_heat_up","BP","with_iea","GO:0001934",21,"positive regulation of protein phosphorylation",0.0109186987930895,11,10,"positive regulation of phosphorylation",0.00802662667574779
"KO_heat_up","BP","with_iea","GO:0090066",13,"regulation of anatomical structure size",0.0109186987930895,17,9,"regulation of body fluid levels",0.000971767070963237
"KO_heat_up","BP","with_iea","GO:0001503",3,"ossification",0.0109186987930895,15,15,"tissue remodeling",5.3939541571968e-06
"KO_heat_up","BP","with_iea","GO:0003073",3,"regulation of systemic arterial blood pressure",0.0111844466114056,6,15,"tissue remodeling",5.3939541571968e-06
"KO_heat_up","BP","with_iea","GO:0097192",7,"extrinsic apoptotic signaling pathway in absence of ligand",0.0111844466114056,6,24,"phospholipase C-activating G protein-coupled receptor signaling pathway",6.02659803085206e-05
"KO_heat_up","BP","with_iea","GO:0030307",5,"positive regulation of cell growth",0.0118760223652172,9,6,"positive regulation of locomotion",1.37844085896314e-05
"KO_heat_up","BP","with_iea","GO:0051897",7,"positive regulation of phosphatidylinositol 3-kinase/protein kinase B signal transduction",0.0120568601846271,10,24,"phospholipase C-activating G protein-coupled receptor signaling pathway",6.02659803085206e-05
"KO_heat_up","BP","with_iea","GO:0030217",12,"T cell differentiation",0.012170542321629,14,24,"osteoclast differentiation",0.000971767070963237
"KO_heat_up","BP","with_iea","GO:0070663",10,"regulation of leukocyte proliferation",0.0126489874554482,12,14,"leukocyte proliferation",0.0004241973774196
"KO_heat_up","BP","with_iea","GO:0038034",7,"signal transduction in absence of ligand",0.0128754091763881,6,24,"phospholipase C-activating G protein-coupled receptor signaling pathway",6.02659803085206e-05
"KO_heat_up","BP","with_iea","GO:2000401",4,"regulation of lymphocyte migration",0.0128754091763881,6,27,"positive regulation of cell motility",1.0225870084457e-05
"KO_heat_up","BP","with_iea","GO:0042325",21,"regulation of phosphorylation",0.0129376083225503,16,10,"positive regulation of phosphorylation",0.00802662667574779
"KO_heat_up","BP","with_iea","GO:0042692",12,"muscle cell differentiation",0.0134271478550396,14,24,"osteoclast differentiation",0.000971767070963237
"KO_heat_up","BP","with_iea","GO:0042100",18,"B cell proliferation",0.0136197050880626,7,8,"T cell activation",0.00510319766534785
"KO_heat_up","BP","with_iea","GO:0048245",4,"eosinophil chemotaxis",0.0136197050880626,3,27,"positive regulation of cell motility",1.0225870084457e-05
"KO_heat_up","BP","with_iea","GO:0097529",4,"myeloid leukocyte migration",0.0136528501724256,10,27,"positive regulation of cell motility",1.0225870084457e-05
"KO_heat_up","BP","with_iea","GO:0007507",1,"heart development",0.0136986736932773,18,57,"angiogenesis",2.5882288412748e-07
"KO_heat_up","BP","with_iea","GO:0002274",18,"myeloid leukocyte activation",0.0137488884776681,11,8,"T cell activation",0.00510319766534785
"KO_heat_up","BP","with_iea","GO:0050863",8,"regulation of T cell activation",0.013759757216071,15,19,"regulation of leukocyte activation",0.000103048231253322
"KO_heat_up","BP","with_iea","GO:0070371",7,"ERK1 and ERK2 cascade",0.0147432605639956,12,24,"phospholipase C-activating G protein-coupled receptor signaling pathway",6.02659803085206e-05
"KO_heat_up","BP","with_iea","GO:0060537",1,"muscle tissue development",0.014900639812549,14,57,"angiogenesis",2.5882288412748e-07
"KO_heat_up","BP","with_iea","GO:0003014",3,"renal system process",0.014900639812549,7,15,"tissue remodeling",5.3939541571968e-06
"KO_heat_up","BP","with_iea","GO:0002762",12,"negative regulation of myeloid leukocyte differentiation",0.0149977104020418,5,24,"osteoclast differentiation",0.000971767070963237
"KO_heat_up","BP","with_iea","GO:0048260",19,"positive regulation of receptor-mediated endocytosis",0.0149977104020418,5,6,"positive regulation of secretion by cell",0.00541644963191126
"KO_heat_up","BP","with_iea","GO:0035914",12,"skeletal muscle cell differentiation",0.0151979345532597,6,24,"osteoclast differentiation",0.000971767070963237
"KO_heat_up","BP","with_iea","GO:0007498",1,"mesoderm development",0.0154414537244462,7,57,"angiogenesis",2.5882288412748e-07
"KO_heat_up","BP","with_iea","GO:0042102",8,"positive regulation of T cell proliferation",0.0154414537244462,7,19,"regulation of leukocyte activation",0.000103048231253322
"KO_heat_up","BP","with_iea","GO:0043408",7,"regulation of MAPK cascade",0.0154524154948208,19,24,"phospholipase C-activating G protein-coupled receptor signaling pathway",6.02659803085206e-05
"KO_heat_up","BP","with_iea","GO:0002443",22,"leukocyte mediated immunity",0.0154524154948208,15,4,"leukocyte mediated immunity",0.0154524154948208
"KO_heat_up","BP","with_iea","GO:0050670",8,"regulation of lymphocyte proliferation",0.015596512401672,11,19,"regulation of leukocyte activation",0.000103048231253322
"KO_heat_up","BP","with_iea","GO:0055123",1,"digestive system development",0.016036335567282,7,57,"angiogenesis",2.5882288412748e-07
"KO_heat_up","BP","with_iea","GO:0043523",23,"regulation of neuron apoptotic process",0.016036335567282,11,3,"regulation of neuron apoptotic process",0.016036335567282
"KO_heat_up","BP","with_iea","GO:0072497",12,"mesenchymal stem cell differentiation",0.0161946450862927,3,24,"osteoclast differentiation",0.000971767070963237
"KO_heat_up","BP","with_iea","GO:1901741",16,"positive regulation of myoblast fusion",0.0161946450862927,3,8,"positive regulation of cell development",0.00149590558416219
"KO_heat_up","BP","with_iea","GO:0032102",11,"negative regulation of response to external stimulus",0.0165391591763034,14,13,"regulation of inflammatory response",0.0004241973774196
"KO_heat_up","BP","with_iea","GO:0072678",4,"T cell migration",0.0167385640054443,6,27,"positive regulation of cell motility",1.0225870084457e-05
"KO_heat_up","BP","with_iea","GO:0032944",10,"regulation of mononuclear cell proliferation",0.0168394364033391,11,14,"leukocyte proliferation",0.0004241973774196
"KO_heat_up","BP","with_iea","GO:0046890",24,"regulation of lipid biosynthetic process",0.0168603290914731,9,2,"regulation of lipid biosynthetic process",0.0168603290914731
"KO_heat_up","BP","with_iea","GO:0046631",18,"alpha-beta T cell activation",0.0168603290914731,10,8,"T cell activation",0.00510319766534785
"KO_heat_up","BP","with_iea","GO:0030324",1,"lung development",0.0175401616415083,9,57,"angiogenesis",2.5882288412748e-07
"KO_heat_up","BP","with_iea","GO:1903035",11,"negative regulation of response to wounding",0.0176131296126319,6,13,"regulation of inflammatory response",0.0004241973774196
"KO_heat_up","BP","with_iea","GO:0001704",1,"formation of primary germ layer",0.0183814295868007,7,57,"angiogenesis",2.5882288412748e-07
"KO_heat_up","BP","with_iea","GO:1902107",12,"positive regulation of leukocyte differentiation",0.0186533324924632,10,24,"osteoclast differentiation",0.000971767070963237
"KO_heat_up","BP","with_iea","GO:1903708",12,"positive regulation of hemopoiesis",0.0186533324924632,10,24,"osteoclast differentiation",0.000971767070963237
"KO_heat_up","BP","with_iea","GO:1990830",20,"cellular response to leukemia inhibitory factor",0.0192697513576785,7,3,"response to leukemia inhibitory factor",0.00673125352903629
"KO_heat_up","BP","with_iea","GO:0030323",1,"respiratory tube development",0.0194990831054148,9,57,"angiogenesis",2.5882288412748e-07
"KO_heat_up","BP","with_iea","GO:0032604",6,"granulocyte macrophage colony-stimulating factor production",0.0194990831054148,3,9,"positive regulation of cytokine production",1.9887449437322e-05
"KO_heat_up","BP","with_iea","GO:0032645",6,"regulation of granulocyte macrophage colony-stimulating factor production",0.0194990831054148,3,9,"positive regulation of cytokine production",1.9887449437322e-05
"KO_heat_up","BP","with_iea","GO:0050673",10,"epithelial cell proliferation",0.0194990831054148,14,14,"leukocyte proliferation",0.0004241973774196
"KO_heat_up","BP","with_iea","GO:0070613",6,"regulation of protein processing",0.0195732044853434,5,9,"positive regulation of cytokine production",1.9887449437322e-05
"KO_heat_up","BP","with_iea","GO:0006898",19,"receptor-mediated endocytosis",0.0195904948165965,11,6,"positive regulation of secretion by cell",0.00541644963191126
"KO_heat_up","BP","with_iea","GO:0019724",22,"B cell mediated immunity",0.0195904948165965,8,4,"leukocyte mediated immunity",0.0154524154948208
"KO_heat_up","BP","with_iea","GO:0048259",19,"regulation of receptor-mediated endocytosis",0.0195904948165965,7,6,"positive regulation of secretion by cell",0.00541644963191126
"KO_heat_up","BP","with_iea","GO:0051216",1,"cartilage development",0.0195904948165965,9,57,"angiogenesis",2.5882288412748e-07
"KO_heat_up","BP","with_iea","GO:0045766",1,"positive regulation of angiogenesis",0.0204578132469097,8,57,"angiogenesis",2.5882288412748e-07
"KO_heat_up","BP","with_iea","GO:0045453",17,"bone resorption",0.020679208244646,5,8,"negative regulation of coagulation",0.0023774621982406
"KO_heat_up","BP","with_iea","GO:0060350",1,"endochondral bone morphogenesis",0.020679208244646,5,57,"angiogenesis",2.5882288412748e-07
"KO_heat_up","BP","with_iea","GO:0061045",11,"negative regulation of wound healing",0.020679208244646,5,13,"regulation of inflammatory response",0.0004241973774196
"KO_heat_up","BP","with_iea","GO:0007188",7,"adenylate cyclase-modulating G protein-coupled receptor signaling pathway",0.0209345934036632,9,24,"phospholipase C-activating G protein-coupled receptor signaling pathway",6.02659803085206e-05
"KO_heat_up","BP","with_iea","GO:0031349",11,"positive regulation of defense response",0.0212164016783895,18,13,"regulation of inflammatory response",0.0004241973774196
"KO_heat_up","BP","with_iea","GO:0002526",9,"acute inflammatory response",0.0214707212548648,6,6,"response to wounding",0.0004241973774196
"KO_heat_up","BP","with_iea","GO:0050829",14,"defense response to Gram-negative bacterium",0.0215840088059581,5,7,"humoral immune response",0.000996988947512225
"KO_heat_up","BP","with_iea","GO:0048144",10,"fibroblast proliferation",0.0215840088059581,7,14,"leukocyte proliferation",0.0004241973774196
"KO_heat_up","BP","with_iea","GO:0050920",2,"regulation of chemotaxis",0.0215840088059581,9,4,"chemotaxis",1.95142033550533e-06
"KO_heat_up","BP","with_iea","GO:0050866",8,"negative regulation of cell activation",0.0215840088059581,10,19,"regulation of leukocyte activation",0.000103048231253322
"KO_heat_up","BP","with_iea","GO:0010562",21,"positive regulation of phosphorus metabolic process",0.0215840088059581,12,10,"positive regulation of phosphorylation",0.00802662667574779
"KO_heat_up","BP","with_iea","GO:0045937",21,"positive regulation of phosphate metabolic process",0.0215840088059581,12,10,"positive regulation of phosphorylation",0.00802662667574779
"KO_heat_up","BP","with_iea","GO:1902105",12,"regulation of leukocyte differentiation",0.0215840088059581,13,24,"osteoclast differentiation",0.000971767070963237
"KO_heat_up","BP","with_iea","GO:0002920",25,"regulation of humoral immune response",0.0215840088059581,4,2,"regulation of humoral immune response",0.0215840088059581
"KO_heat_up","BP","with_iea","GO:1904018",1,"positive regulation of vasculature development",0.0215840088059581,8,57,"angiogenesis",2.5882288412748e-07
"KO_heat_up","BP","with_iea","GO:0002922",25,"positive regulation of humoral immune response",0.0215840088059581,3,2,"regulation of humoral immune response",0.0215840088059581
"KO_heat_up","BP","with_iea","GO:0035809",3,"regulation of urine volume",0.0215840088059581,3,15,"tissue remodeling",5.3939541571968e-06
"KO_heat_up","BP","with_iea","GO:0042730",11,"fibrinolysis",0.0215840088059581,3,13,"regulation of inflammatory response",0.0004241973774196
"KO_heat_up","BP","with_iea","GO:0061029",1,"eyelid development in camera-type eye",0.0215840088059581,3,57,"angiogenesis",2.5882288412748e-07
"KO_heat_up","BP","with_iea","GO:1904754",4,"positive regulation of vascular associated smooth muscle cell migration",0.0215840088059581,3,27,"positive regulation of cell motility",1.0225870084457e-05
"KO_heat_up","BP","with_iea","GO:0007596",11,"blood coagulation",0.0225755616422775,10,13,"regulation of inflammatory response",0.0004241973774196
"KO_heat_up","BP","with_iea","GO:0010001",12,"glial cell differentiation",0.0225755616422775,10,24,"osteoclast differentiation",0.000971767070963237
"KO_heat_up","BP","with_iea","GO:0014910",4,"regulation of smooth muscle cell migration",0.0225755616422775,5,27,"positive regulation of cell motility",1.0225870084457e-05
"KO_heat_up","BP","with_iea","GO:0050817",3,"coagulation",0.0233546816515662,10,15,"tissue remodeling",5.3939541571968e-06
"KO_heat_up","BP","with_iea","GO:0044706",3,"multi-multicellular organism process",0.0235264026317948,9,15,"tissue remodeling",5.3939541571968e-06
"KO_heat_up","BP","with_iea","GO:0019220",21,"regulation of phosphate metabolic process",0.0235264026317948,18,10,"positive regulation of phosphorylation",0.00802662667574779
"KO_heat_up","BP","with_iea","GO:0051174",21,"regulation of phosphorus metabolic process",0.0239634366862659,18,10,"positive regulation of phosphorylation",0.00802662667574779
"KO_heat_up","BP","with_iea","GO:1902895",26,"positive regulation of miRNA transcription",0.0240626736026001,5,2,"positive regulation of miRNA transcription",0.0240626736026001
"KO_heat_up","BP","with_iea","GO:1903317",6,"regulation of protein maturation",0.0240626736026001,5,9,"positive regulation of cytokine production",1.9887449437322e-05
"KO_heat_up","BP","with_iea","GO:0001932",21,"regulation of protein phosphorylation",0.0243828885232318,14,10,"positive regulation of phosphorylation",0.00802662667574779
"KO_heat_up","BP","with_iea","GO:0060349",1,"bone morphogenesis",0.0250582735132179,6,57,"angiogenesis",2.5882288412748e-07
"KO_heat_up","BP","with_iea","GO:0150076",9,"neuroinflammatory response",0.0250582735132179,6,6,"response to wounding",0.0004241973774196
"KO_heat_up","BP","with_iea","GO:0009190",27,"cyclic nucleotide biosynthetic process",0.0250582735132179,3,3,"cyclic nucleotide biosynthetic process",0.0250582735132179
"KO_heat_up","BP","with_iea","GO:0010755",6,"regulation of plasminogen activation",0.0250582735132179,3,9,"positive regulation of cytokine production",1.9887449437322e-05
"KO_heat_up","BP","with_iea","GO:0140131",4,"positive regulation of lymphocyte chemotaxis",0.0250582735132179,3,27,"positive regulation of cell motility",1.0225870084457e-05
"KO_heat_up","BP","with_iea","GO:1901739",16,"regulation of myoblast fusion",0.0250582735132179,3,8,"positive regulation of cell development",0.00149590558416219
"KO_heat_up","BP","with_iea","GO:0046632",12,"alpha-beta T cell differentiation",0.025489313067279,8,24,"osteoclast differentiation",0.000971767070963237
"KO_heat_up","BP","with_iea","GO:0043410",7,"positive regulation of MAPK cascade",0.025489313067279,14,24,"phospholipase C-activating G protein-coupled receptor signaling pathway",6.02659803085206e-05
"KO_heat_up","BP","with_iea","GO:0052652",27,"cyclic purine nucleotide metabolic process",0.025489313067279,4,3,"cyclic nucleotide biosynthetic process",0.0250582735132179
"KO_heat_up","BP","with_iea","GO:0003012",3,"muscle system process",0.0263444102117623,13,15,"tissue remodeling",5.3939541571968e-06
"KO_heat_up","BP","with_iea","GO:0061138",1,"morphogenesis of a branching epithelium",0.0263523767399963,8,57,"angiogenesis",2.5882288412748e-07
"KO_heat_up","BP","with_iea","GO:0035296",13,"regulation of tube diameter",0.0266364869926258,7,9,"regulation of body fluid levels",0.000971767070963237
"KO_heat_up","BP","with_iea","GO:0043534",4,"blood vessel endothelial cell migration",0.0266364869926258,7,27,"positive regulation of cell motility",1.0225870084457e-05
"KO_heat_up","BP","with_iea","GO:0097746",3,"blood vessel diameter maintenance",0.0266364869926258,7,15,"tissue remodeling",5.3939541571968e-06
"KO_heat_up","BP","with_iea","GO:0003018",3,"vascular process in circulatory system",0.0266364869926258,10,15,"tissue remodeling",5.3939541571968e-06
"KO_heat_up","BP","with_iea","GO:0007599",13,"hemostasis",0.0266364869926258,10,9,"regulation of body fluid levels",0.000971767070963237
"KO_heat_up","BP","with_iea","GO:0070374",7,"positive regulation of ERK1 and ERK2 cascade",0.026863013283553,8,24,"phospholipase C-activating G protein-coupled receptor signaling pathway",6.02659803085206e-05
"KO_heat_up","BP","with_iea","GO:0071677",4,"positive regulation of mononuclear cell migration",0.026863013283553,6,27,"positive regulation of cell motility",1.0225870084457e-05
"KO_heat_up","BP","with_iea","GO:0007622",28,"rhythmic behavior",0.027361811271321,4,1,"rhythmic behavior",0.027361811271321
"KO_heat_up","BP","with_iea","GO:0009187",27,"cyclic nucleotide metabolic process",0.027361811271321,4,3,"cyclic nucleotide biosynthetic process",0.0250582735132179
"KO_heat_up","BP","with_iea","GO:0035150",13,"regulation of tube size",0.027361811271321,7,9,"regulation of body fluid levels",0.000971767070963237
"KO_heat_up","BP","with_iea","GO:0060143",16,"positive regulation of syncytium formation by plasma membrane fusion",0.0287394083013821,3,8,"positive regulation of cell development",0.00149590558416219
"KO_heat_up","BP","with_iea","GO:0008630",7,"intrinsic apoptotic signaling pathway in response to DNA damage",0.0299987048064633,7,24,"phospholipase C-activating G protein-coupled receptor signaling pathway",6.02659803085206e-05
"KO_heat_up","BP","with_iea","GO:0050921",2,"positive regulation of chemotaxis",0.0299987048064633,7,4,"chemotaxis",1.95142033550533e-06
"KO_heat_up","BP","with_iea","GO:0040008",5,"regulation of growth",0.0299987048064633,17,6,"positive regulation of locomotion",1.37844085896314e-05
"KO_heat_up","BP","with_iea","GO:0045596",16,"negative regulation of cell differentiation",0.0299987048064633,18,8,"positive regulation of cell development",0.00149590558416219
"KO_heat_up","BP","with_iea","GO:0003013",3,"circulatory system process",0.0299987048064633,16,15,"tissue remodeling",5.3939541571968e-06
"KO_heat_up","BP","with_iea","GO:0021537",1,"telencephalon development",0.0305307417729915,10,57,"angiogenesis",2.5882288412748e-07
"KO_heat_up","BP","with_iea","GO:0002761",12,"regulation of myeloid leukocyte differentiation",0.0311604719621309,7,24,"osteoclast differentiation",0.000971767070963237
"KO_heat_up","BP","with_iea","GO:0043500",3,"muscle adaptation",0.0311604719621309,6,15,"tissue remodeling",5.3939541571968e-06
"KO_heat_up","BP","with_iea","GO:0032496",14,"response to lipopolysaccharide",0.0313656133506038,12,7,"humoral immune response",0.000996988947512225
"KO_heat_up","BP","with_iea","GO:0060541",1,"respiratory system development",0.0315014970445865,9,57,"angiogenesis",2.5882288412748e-07
"KO_heat_up","BP","with_iea","GO:0043524",23,"negative regulation of neuron apoptotic process",0.0315014970445865,8,3,"regulation of neuron apoptotic process",0.016036335567282
"KO_heat_up","BP","with_iea","GO:0002437",9,"inflammatory response to antigenic stimulus",0.0315014970445865,5,6,"response to wounding",0.0004241973774196
"KO_heat_up","BP","with_iea","GO:0014909",4,"smooth muscle cell migration",0.0315014970445865,5,27,"positive regulation of cell motility",1.0225870084457e-05
"KO_heat_up","BP","with_iea","GO:0061180",1,"mammary gland epithelium development",0.0315014970445865,5,57,"angiogenesis",2.5882288412748e-07
"KO_heat_up","BP","with_iea","GO:1903530",19,"regulation of secretion by cell",0.0323895570514842,16,6,"positive regulation of secretion by cell",0.00541644963191126
"KO_heat_up","BP","with_iea","GO:0035115",29,"embryonic forelimb morphogenesis",0.0323895570514842,3,2,"embryonic forelimb morphogenesis",0.0323895570514842
"KO_heat_up","BP","with_iea","GO:0035795",13,"negative regulation of mitochondrial membrane permeability",0.0323895570514842,3,9,"regulation of body fluid levels",0.000971767070963237
"KO_heat_up","BP","with_iea","GO:0050679",10,"positive regulation of epithelial cell proliferation",0.0323895570514842,8,14,"leukocyte proliferation",0.0004241973774196
"KO_heat_up","BP","with_iea","GO:0002040",1,"sprouting angiogenesis",0.0330272375597134,7,57,"angiogenesis",2.5882288412748e-07
"KO_heat_up","BP","with_iea","GO:0055006",12,"cardiac cell development",0.0332081328344159,5,24,"osteoclast differentiation",0.000971767070963237
"KO_heat_up","BP","with_iea","GO:2000630",26,"positive regulation of miRNA metabolic process",0.0332081328344159,5,2,"positive regulation of miRNA transcription",0.0240626736026001
"KO_heat_up","BP","with_iea","GO:0030099",12,"myeloid cell differentiation",0.0337620602830541,15,24,"osteoclast differentiation",0.000971767070963237
"KO_heat_up","BP","with_iea","GO:0010721",16,"negative regulation of cell development",0.0341538012991358,10,8,"positive regulation of cell development",0.00149590558416219
"KO_heat_up","BP","with_iea","GO:0001763",1,"morphogenesis of a branching structure",0.0346204143578205,8,57,"angiogenesis",2.5882288412748e-07
"KO_heat_up","BP","with_iea","GO:0048660",10,"regulation of smooth muscle cell proliferation",0.0357972906058523,7,14,"leukocyte proliferation",0.0004241973774196
"KO_heat_up","BP","with_iea","GO:0007369",1,"gastrulation",0.0359188561495129,8,57,"angiogenesis",2.5882288412748e-07
"KO_heat_up","BP","with_iea","GO:0008015",3,"blood circulation",0.0359362223853347,14,15,"tissue remodeling",5.3939541571968e-06
"KO_heat_up","BP","with_iea","GO:0051962",1,"positive regulation of nervous system development",0.0359573515850815,10,57,"angiogenesis",2.5882288412748e-07
"KO_heat_up","BP","with_iea","GO:0045582",8,"positive regulation of T cell differentiation",0.0368278196364018,7,19,"regulation of leukocyte activation",0.000103048231253322
"KO_heat_up","BP","with_iea","GO:0051146",12,"striated muscle cell differentiation",0.0368278196364018,10,24,"osteoclast differentiation",0.000971767070963237
"KO_heat_up","BP","with_iea","GO:0031639",6,"plasminogen activation",0.0368278196364018,3,9,"positive regulation of cytokine production",1.9887449437322e-05
"KO_heat_up","BP","with_iea","GO:0001935",10,"endothelial cell proliferation",0.038575557246775,7,14,"leukocyte proliferation",0.0004241973774196
"KO_heat_up","BP","with_iea","GO:0030225",12,"macrophage differentiation",0.0400236593238746,5,24,"osteoclast differentiation",0.000971767070963237
"KO_heat_up","BP","with_iea","GO:0001558",5,"regulation of cell growth",0.0412326310322067,13,6,"positive regulation of locomotion",1.37844085896314e-05
"KO_heat_up","BP","with_iea","GO:0048659",10,"smooth muscle cell proliferation",0.0412326310322067,7,14,"leukocyte proliferation",0.0004241973774196
"KO_heat_up","BP","with_iea","GO:0071675",4,"regulation of mononuclear cell migration",0.0412326310322067,7,27,"positive regulation of cell motility",1.0225870084457e-05
"KO_heat_up","BP","with_iea","GO:0043542",4,"endothelial cell migration",0.0412326310322067,9,27,"positive regulation of cell motility",1.0225870084457e-05
"KO_heat_up","BP","with_iea","GO:0045670",12,"regulation of osteoclast differentiation",0.0412326310322067,5,24,"osteoclast differentiation",0.000971767070963237
"KO_heat_up","BP","with_iea","GO:0038128",7,"ERBB2 signaling pathway",0.0412326310322067,3,24,"phospholipase C-activating G protein-coupled receptor signaling pathway",6.02659803085206e-05
"KO_heat_up","BP","with_iea","GO:0048670",15,"regulation of collateral sprouting",0.0412326310322067,3,8,"axonogenesis",0.00149439510071441
"KO_heat_up","BP","with_iea","GO:0060142",16,"regulation of syncytium formation by plasma membrane fusion",0.0412326310322067,3,8,"positive regulation of cell development",0.00149590558416219
"KO_heat_up","BP","with_iea","GO:0072012",1,"glomerulus vasculature development",0.0412326310322067,3,57,"angiogenesis",2.5882288412748e-07
"KO_heat_up","BP","with_iea","GO:0072210",1,"metanephric nephron development",0.0412326310322067,3,57,"angiogenesis",2.5882288412748e-07
"KO_heat_up","BP","with_iea","GO:0120255",24,"olefinic compound biosynthetic process",0.0412326310322067,3,2,"regulation of lipid biosynthetic process",0.0168603290914731
"KO_heat_up","BP","with_iea","GO:1901623",4,"regulation of lymphocyte chemotaxis",0.0412326310322067,3,27,"positive regulation of cell motility",1.0225870084457e-05
"KO_heat_up","BP","with_iea","GO:1905709",13,"negative regulation of membrane permeability",0.0412326310322067,3,9,"regulation of body fluid levels",0.000971767070963237
"KO_heat_up","BP","with_iea","GO:0002460",22,"adaptive immune response based on somatic recombination of immune receptors built from immunoglobulin superfamily domains",0.0421548638524604,12,4,"leukocyte mediated immunity",0.0154524154948208
"KO_heat_up","BP","with_iea","GO:0001666",9,"response to hypoxia",0.0421548638524604,11,6,"response to wounding",0.0004241973774196
"KO_heat_up","BP","with_iea","GO:0051402",23,"neuron apoptotic process",0.0421548638524604,11,3,"regulation of neuron apoptotic process",0.016036335567282
"KO_heat_up","BP","with_iea","GO:0002237",14,"response to molecule of bacterial origin",0.042583723403666,12,7,"humoral immune response",0.000996988947512225
"KO_heat_up","BP","with_iea","GO:0014706",1,"striated muscle tissue development",0.042583723403666,12,57,"angiogenesis",2.5882288412748e-07
"KO_heat_up","BP","with_iea","GO:0150077",11,"regulation of neuroinflammatory response",0.042583723403666,4,13,"regulation of inflammatory response",0.0004241973774196
"KO_heat_up","BP","with_iea","GO:0002287",18,"alpha-beta T cell activation involved in immune response",0.042583723403666,6,8,"T cell activation",0.00510319766534785
"KO_heat_up","BP","with_iea","GO:0002293",18,"alpha-beta T cell differentiation involved in immune response",0.042583723403666,6,8,"T cell activation",0.00510319766534785
"KO_heat_up","BP","with_iea","GO:1903706",12,"regulation of hemopoiesis",0.0427857735468093,14,24,"osteoclast differentiation",0.000971767070963237
"KO_heat_up","BP","with_iea","GO:0008217",3,"regulation of blood pressure",0.0429955608675411,7,15,"tissue remodeling",5.3939541571968e-06
"KO_heat_up","BP","with_iea","GO:0002687",4,"positive regulation of leukocyte migration",0.0447894624336245,7,27,"positive regulation of cell motility",1.0225870084457e-05
"KO_heat_up","BP","with_iea","GO:0016064",22,"immunoglobulin mediated immune response",0.0447894624336245,7,4,"leukocyte mediated immunity",0.0154524154948208
"KO_heat_up","BP","with_iea","GO:0071396",20,"cellular response to lipid",0.0448401472517373,17,3,"response to leukemia inhibitory factor",0.00673125352903629
"KO_heat_up","BP","with_iea","GO:0048286",1,"lung alveolus development",0.0453492142066251,4,57,"angiogenesis",2.5882288412748e-07
"KO_heat_up","BP","with_iea","GO:0003417",1,"growth plate cartilage development",0.0453492142066251,3,57,"angiogenesis",2.5882288412748e-07
"KO_heat_up","BP","with_iea","GO:0035136",29,"forelimb morphogenesis",0.0453492142066251,3,2,"embryonic forelimb morphogenesis",0.0323895570514842
"KO_heat_up","BP","with_iea","GO:0060713",1,"labyrinthine layer morphogenesis",0.0453492142066251,3,57,"angiogenesis",2.5882288412748e-07
"KO_heat_up","BP","with_iea","GO:0071800",30,"podosome assembly",0.0453492142066251,3,1,"podosome assembly",0.0453492142066251
"KO_heat_up","BP","with_iea","GO:0032612",6,"interleukin-1 production",0.0457611529656243,6,9,"positive regulation of cytokine production",1.9887449437322e-05
"KO_heat_up","BP","with_iea","GO:0032652",6,"regulation of interleukin-1 production",0.0457611529656243,6,9,"positive regulation of cytokine production",1.9887449437322e-05
"KO_heat_up","BP","with_iea","GO:0010563",21,"negative regulation of phosphorus metabolic process",0.0467801752474898,8,10,"positive regulation of phosphorylation",0.00802662667574779
"KO_heat_up","BP","with_iea","GO:0044703",31,"multi-organism reproductive process",0.0467801752474898,8,1,"multi-organism reproductive process",0.0467801752474898
"KO_heat_up","BP","with_iea","GO:0045936",21,"negative regulation of phosphate metabolic process",0.0467801752474898,8,10,"positive regulation of phosphorylation",0.00802662667574779
"KO_heat_up","BP","with_iea","GO:0042098",18,"T cell proliferation",0.0467801752474898,9,8,"T cell activation",0.00510319766534785
"KO_heat_up","BP","with_iea","GO:0050769",16,"positive regulation of neurogenesis",0.0467801752474898,9,8,"positive regulation of cell development",0.00149590558416219
"KO_heat_up","BP","with_iea","GO:0007517",1,"muscle organ development",0.0495053303953302,11,57,"angiogenesis",2.5882288412748e-07
"KO_heat_up","BP","with_iea","GO:0051960",1,"regulation of nervous system development",0.0499293876822938,13,57,"angiogenesis",2.5882288412748e-07
"KO_heat_up","BP","with_iea","GO:0010818",4,"T cell chemotaxis",0.0499293876822938,3,27,"positive regulation of cell motility",1.0225870084457e-05
"KO_heat_up","BP","with_iea","GO:0042104",8,"positive regulation of activated T cell proliferation",0.0499293876822938,3,19,"regulation of leukocyte activation",0.000103048231253322
"KO_heat_up","BP","with_iea","GO:0045649",12,"regulation of macrophage differentiation",0.0499293876822938,3,24,"osteoclast differentiation",0.000971767070963237
"KO_heat_up","BP","with_iea","GO:0048333",1,"mesodermal cell differentiation",0.0499293876822938,3,57,"angiogenesis",2.5882288412748e-07
"KO_heat_up","BP","with_iea","GO:0061437",1,"renal system vasculature development",0.0499293876822938,3,57,"angiogenesis",2.5882288412748e-07
"KO_heat_up","BP","with_iea","GO:0061440",1,"kidney vasculature development",0.0499293876822938,3,57,"angiogenesis",2.5882288412748e-07
"KO_heat_up","BP","with_iea","GO:1904752",4,"regulation of vascular associated smooth muscle cell migration",0.0499293876822938,3,27,"positive regulation of cell motility",1.0225870084457e-05
"Interaction_up","BP","with_iea","GO:0051607",1,"defense response to virus",1.35986326952671e-07,6,3,"defense response to virus",1.35986326952671e-07
"Interaction_up","BP","with_iea","GO:0009615",1,"response to virus",3.80686316285934e-07,6,3,"defense response to virus",1.35986326952671e-07
"Interaction_up","BP","with_iea","GO:1903900",2,"regulation of viral life cycle",0.000728675507212398,3,12,"regulation of viral life cycle",0.000728675507212398
"Interaction_up","BP","with_iea","GO:0016032",2,"viral process",0.000728675507212398,4,12,"regulation of viral life cycle",0.000728675507212398
"Interaction_up","BP","with_iea","GO:0050792",2,"regulation of viral process",0.00105836703363034,3,12,"regulation of viral life cycle",0.000728675507212398
"Interaction_up","BP","with_iea","GO:0030224",3,"monocyte differentiation",0.00346343477015727,2,3,"monocyte differentiation",0.00346343477015727
"Interaction_up","BP","with_iea","GO:0035456",4,"response to interferon-beta",0.00409631689747793,2,2,"response to interferon-beta",0.00409631689747793
"Interaction_up","BP","with_iea","GO:0045071",2,"negative regulation of viral genome replication",0.00497518262412884,2,12,"regulation of viral life cycle",0.000728675507212398
"Interaction_up","BP","with_iea","GO:0019058",2,"viral life cycle",0.00524262455570612,3,12,"regulation of viral life cycle",0.000728675507212398
"Interaction_up","BP","with_iea","GO:0048525",2,"negative regulation of viral process",0.00839182838347477,2,12,"regulation of viral life cycle",0.000728675507212398
"Interaction_up","BP","with_iea","GO:0002218",5,"activation of innate immune response",0.00839182838347477,3,8,"activation of innate immune response",0.00839182838347477
"Interaction_up","BP","with_iea","GO:0045069",2,"regulation of viral genome replication",0.009055457203206,2,12,"regulation of viral life cycle",0.000728675507212398
"Interaction_up","BP","with_iea","GO:0045089",5,"positive regulation of innate immune response",0.0115083949771647,3,8,"activation of innate immune response",0.00839182838347477
"Interaction_up","BP","with_iea","GO:0034340",4,"response to type I interferon",0.0115083949771647,2,2,"response to interferon-beta",0.00409631689747793
"Interaction_up","BP","with_iea","GO:0002833",5,"positive regulation of response to biotic stimulus",0.0115083949771647,3,8,"activation of innate immune response",0.00839182838347477
"Interaction_up","BP","with_iea","GO:0032481",6,"positive regulation of type I interferon production",0.0115083949771647,2,4,"positive regulation of type I interferon production",0.0115083949771647
"Interaction_up","BP","with_iea","GO:0019079",2,"viral genome replication",0.0126529842146797,2,12,"regulation of viral life cycle",0.000728675507212398
"Interaction_up","BP","with_iea","GO:0001819",6,"positive regulation of cytokine production",0.0129090313559343,3,4,"positive regulation of type I interferon production",0.0115083949771647
"Interaction_up","BP","with_iea","GO:0045088",5,"regulation of innate immune response",0.0129090313559343,3,8,"activation of innate immune response",0.00839182838347477
"Interaction_up","BP","with_iea","GO:0031349",5,"positive regulation of defense response",0.0161070745921984,3,8,"activation of innate immune response",0.00839182838347477
"Interaction_up","BP","with_iea","GO:0002831",5,"regulation of response to biotic stimulus",0.0167920736854125,3,8,"activation of innate immune response",0.00839182838347477
"Interaction_up","BP","with_iea","GO:0032479",6,"regulation of type I interferon production",0.0167920736854125,2,4,"positive regulation of type I interferon production",0.0115083949771647
"Interaction_up","BP","with_iea","GO:0032606",6,"type I interferon production",0.0167920736854125,2,4,"positive regulation of type I interferon production",0.0115083949771647
"Interaction_up","BP","with_iea","GO:0062207",7,"regulation of pattern recognition receptor signaling pathway",0.0284464753999848,2,6,"regulation of pattern recognition receptor signaling pathway",0.0284464753999848
"Interaction_up","BP","with_iea","GO:0002753",7,"cytoplasmic pattern recognition receptor signaling pathway",0.0373466079563713,2,6,"regulation of pattern recognition receptor signaling pathway",0.0284464753999848
"Interaction_up","BP","with_iea","GO:0039530",1,"MDA-5 signaling pathway",0.0381325935191178,1,3,"defense response to virus",1.35986326952671e-07
"Interaction_up","BP","with_iea","GO:0071888",8,"macrophage apoptotic process",0.0381325935191178,1,3,"macrophage apoptotic process",0.0381325935191178
"Interaction_up","BP","with_iea","GO:0002573",3,"myeloid leukocyte differentiation",0.0384968511609432,2,3,"monocyte differentiation",0.00346343477015727
"Interaction_up","BP","with_iea","GO:0070142",9,"synaptic vesicle budding",0.0390432794978739,1,1,"synaptic vesicle budding",0.0390432794978739
"Interaction_up","BP","with_iea","GO:0033033",8,"negative regulation of myeloid cell apoptotic process",0.0451108277129936,1,3,"macrophage apoptotic process",0.0381325935191178
"Interaction_up","BP","with_iea","GO:0002756",7,"MyD88-independent toll-like receptor signaling pathway",0.0451108277129936,1,6,"regulation of pattern recognition receptor signaling pathway",0.0284464753999848
"Interaction_up","BP","with_iea","GO:0043392",10,"negative regulation of DNA binding",0.0451108277129936,1,1,"negative regulation of DNA binding",0.0451108277129936
"Interaction_up","BP","with_iea","GO:0141086",11,"negative regulation of inflammasome-mediated signaling pathway",0.0451108277129936,1,1,"negative regulation of inflammasome-mediated signaling pathway",0.0451108277129936
"Interaction_up","BP","with_iea","GO:0045655",3,"regulation of monocyte differentiation",0.0451108277129936,1,3,"monocyte differentiation",0.00346343477015727
"Interaction_up","BP","with_iea","GO:0046597",2,"host-mediated suppression of symbiont invasion",0.0451108277129936,1,12,"regulation of viral life cycle",0.000728675507212398
"Interaction_up","BP","with_iea","GO:0044790",2,"suppression of viral release by host",0.0451108277129936,1,12,"regulation of viral life cycle",0.000728675507212398
"Interaction_up","BP","with_iea","GO:0046596",2,"regulation of viral entry into host cell",0.0451108277129936,1,12,"regulation of viral life cycle",0.000728675507212398
"Interaction_up","BP","with_iea","GO:0002221",7,"pattern recognition receptor signaling pathway",0.0451108277129936,2,6,"regulation of pattern recognition receptor signaling pathway",0.0284464753999848
"Interaction_up","BP","with_iea","GO:0002755",7,"MyD88-dependent toll-like receptor signaling pathway",0.0451108277129936,1,6,"regulation of pattern recognition receptor signaling pathway",0.0284464753999848
"Interaction_up","BP","with_iea","GO:0006925",8,"inflammatory cell apoptotic process",0.0451108277129936,1,3,"macrophage apoptotic process",0.0381325935191178
"Interaction_up","BP","with_iea","GO:0060340",5,"positive regulation of type I interferon-mediated signaling pathway",0.0451108277129936,1,8,"activation of innate immune response",0.00839182838347477
"Interaction_up","BP","with_iea","GO:0002758",5,"innate immune response-activating signaling pathway",0.0453909018226798,2,8,"activation of innate immune response",0.00839182838347477
"Interaction_up","BP","with_iea","GO:0050907",12,"detection of chemical stimulus involved in sensory perception",0.0453909018226798,1,2,"detection of chemical stimulus involved in sensory perception",0.0453909018226798
"Interaction_up","BP","with_iea","GO:0050909",12,"sensory perception of taste",0.0490042030271783,1,2,"detection of chemical stimulus involved in sensory perception",0.0453909018226798
"Interaction_up","BP","with_iea","GO:0031664",7,"regulation of lipopolysaccharide-mediated signaling pathway",0.0490933975775231,1,6,"regulation of pattern recognition receptor signaling pathway",0.0284464753999848
"Interaction_up","BP","with_iea","GO:0052372",2,"modulation by symbiont of entry into host",0.0490933975775231,1,12,"regulation of viral life cycle",0.000728675507212398
"Interaction_fdrOnly_up","BP","with_iea","GO:0009615",1,"response to virus",3.13673729836134e-12,12,9,"response to virus",3.13673729836134e-12
"Interaction_fdrOnly_up","BP","with_iea","GO:0051607",1,"defense response to virus",3.93330920032771e-12,11,9,"response to virus",3.13673729836134e-12
"Interaction_fdrOnly_up","BP","with_iea","GO:0050792",2,"regulation of viral process",2.2182994920077e-06,6,11,"regulation of viral process",2.2182994920077e-06
"Interaction_fdrOnly_up","BP","with_iea","GO:1903900",2,"regulation of viral life cycle",2.49396763103873e-05,5,11,"regulation of viral process",2.2182994920077e-06
"Interaction_fdrOnly_up","BP","with_iea","GO:0016032",2,"viral process",2.49396763103873e-05,7,11,"regulation of viral process",2.2182994920077e-06
"Interaction_fdrOnly_up","BP","with_iea","GO:0001819",3,"positive regulation of cytokine production",0.000112884070928501,7,25,"positive regulation of cytokine production",0.000112884070928501
"Interaction_fdrOnly_up","BP","with_iea","GO:0045088",4,"regulation of innate immune response",0.000112884070928501,7,11,"regulation of innate immune response",0.000112884070928501
"Interaction_fdrOnly_up","BP","with_iea","GO:0048525",2,"negative regulation of viral process",0.000112884070928501,4,11,"regulation of viral process",2.2182994920077e-06
"Interaction_fdrOnly_up","BP","with_iea","GO:0140374",1,"antiviral innate immune response",0.000166328158887219,4,9,"response to virus",3.13673729836134e-12
"Interaction_fdrOnly_up","BP","with_iea","GO:0002218",4,"activation of innate immune response",0.000198769685421056,6,11,"regulation of innate immune response",0.000112884070928501
"Interaction_fdrOnly_up","BP","with_iea","GO:0002831",4,"regulation of response to biotic stimulus",0.000208508284727394,7,11,"regulation of innate immune response",0.000112884070928501
"Interaction_fdrOnly_up","BP","with_iea","GO:0034340",1,"response to type I interferon",0.000251768300555465,4,9,"response to virus",3.13673729836134e-12
"Interaction_fdrOnly_up","BP","with_iea","GO:0032481",3,"positive regulation of type I interferon production",0.000295246690961704,4,25,"positive regulation of cytokine production",0.000112884070928501
"Interaction_fdrOnly_up","BP","with_iea","GO:0002753",5,"cytoplasmic pattern recognition receptor signaling pathway",0.000313040785769322,5,12,"cytoplasmic pattern recognition receptor signaling pathway",0.000313040785769322
"Interaction_fdrOnly_up","BP","with_iea","GO:0045089",4,"positive regulation of innate immune response",0.00034518817134585,6,11,"regulation of innate immune response",0.000112884070928501
"Interaction_fdrOnly_up","BP","with_iea","GO:0030522",5,"intracellular receptor signaling pathway",0.000361442933443294,6,12,"cytoplasmic pattern recognition receptor signaling pathway",0.000313040785769322
"Interaction_fdrOnly_up","BP","with_iea","GO:0002833",4,"positive regulation of response to biotic stimulus",0.000421569686455312,6,11,"regulation of innate immune response",0.000112884070928501
"Interaction_fdrOnly_up","BP","with_iea","GO:0019058",2,"viral life cycle",0.000676565208904795,5,11,"regulation of viral process",2.2182994920077e-06
"Interaction_fdrOnly_up","BP","with_iea","GO:0045071",2,"negative regulation of viral genome replication",0.00078437032275413,3,11,"regulation of viral process",2.2182994920077e-06
"Interaction_fdrOnly_up","BP","with_iea","GO:0032479",3,"regulation of type I interferon production",0.000804213721556177,4,25,"positive regulation of cytokine production",0.000112884070928501
"Interaction_fdrOnly_up","BP","with_iea","GO:0032606",3,"type I interferon production",0.000804213721556177,4,25,"positive regulation of cytokine production",0.000112884070928501
"Interaction_fdrOnly_up","BP","with_iea","GO:0002221",5,"pattern recognition receptor signaling pathway",0.00100200393708188,5,12,"cytoplasmic pattern recognition receptor signaling pathway",0.000313040785769322
"Interaction_fdrOnly_up","BP","with_iea","GO:0031349",4,"positive regulation of defense response",0.00100200393708188,6,11,"regulation of innate immune response",0.000112884070928501
"Interaction_fdrOnly_up","BP","with_iea","GO:0002758",4,"innate immune response-activating signaling pathway",0.00109372432673299,5,11,"regulation of innate immune response",0.000112884070928501
"Interaction_fdrOnly_up","BP","with_iea","GO:0039530",5,"MDA-5 signaling pathway",0.00201406580354392,2,12,"cytoplasmic pattern recognition receptor signaling pathway",0.000313040785769322
"Interaction_fdrOnly_up","BP","with_iea","GO:0062207",5,"regulation of pattern recognition receptor signaling pathway",0.00201406580354392,4,12,"cytoplasmic pattern recognition receptor signaling pathway",0.000313040785769322
"Interaction_fdrOnly_up","BP","with_iea","GO:0045069",2,"regulation of viral genome replication",0.00249488698231539,3,11,"regulation of viral process",2.2182994920077e-06
"Interaction_fdrOnly_up","BP","with_iea","GO:0051092",6,"positive regulation of NF-kappaB transcription factor activity",0.00299080677429124,3,3,"positive regulation of NF-kappaB transcription factor activity",0.00299080677429124
"Interaction_fdrOnly_up","BP","with_iea","GO:0060337",1,"type I interferon-mediated signaling pathway",0.00326593918572274,3,9,"response to virus",3.13673729836134e-12
"Interaction_fdrOnly_up","BP","with_iea","GO:0071357",1,"cellular response to type I interferon",0.0032855365612482,3,9,"response to virus",3.13673729836134e-12
"Interaction_fdrOnly_up","BP","with_iea","GO:0045824",4,"negative regulation of innate immune response",0.00460737203965076,3,11,"regulation of innate immune response",0.000112884070928501
"Interaction_fdrOnly_up","BP","with_iea","GO:0046596",2,"regulation of viral entry into host cell",0.00491391696573088,2,11,"regulation of viral process",2.2182994920077e-06
"Interaction_fdrOnly_up","BP","with_iea","GO:0019079",2,"viral genome replication",0.00547789151904861,3,11,"regulation of viral process",2.2182994920077e-06
"Interaction_fdrOnly_up","BP","with_iea","GO:0051091",6,"positive regulation of DNA-binding transcription factor activity",0.00547789151904861,3,3,"positive regulation of NF-kappaB transcription factor activity",0.00299080677429124
"Interaction_fdrOnly_up","BP","with_iea","GO:0140888",7,"interferon-mediated signaling pathway",0.00584269041720462,3,1,"interferon-mediated signaling pathway",0.00584269041720462
"Interaction_fdrOnly_up","BP","with_iea","GO:0052372",2,"modulation by symbiont of entry into host",0.00738617719590634,2,11,"regulation of viral process",2.2182994920077e-06
"Interaction_fdrOnly_up","BP","with_iea","GO:0002757",5,"immune response-activating signaling pathway",0.00765705024592348,5,12,"cytoplasmic pattern recognition receptor signaling pathway",0.000313040785769322
"Interaction_fdrOnly_up","BP","with_iea","GO:0032727",3,"positive regulation of interferon-alpha production",0.00765705024592348,2,25,"positive regulation of cytokine production",0.000112884070928501
"Interaction_fdrOnly_up","BP","with_iea","GO:0002764",5,"immune response-regulating signaling pathway",0.00867841120388829,5,12,"cytoplasmic pattern recognition receptor signaling pathway",0.000313040785769322
"Interaction_fdrOnly_up","BP","with_iea","GO:0002832",4,"negative regulation of response to biotic stimulus",0.00867841120388829,3,11,"regulation of innate immune response",0.000112884070928501
"Interaction_fdrOnly_up","BP","with_iea","GO:0039531",5,"regulation of cytoplasmic pattern recognition receptor signaling pathway",0.00935450332004595,3,12,"cytoplasmic pattern recognition receptor signaling pathway",0.000313040785769322
"Interaction_fdrOnly_up","BP","with_iea","GO:0039529",5,"RIG-I signaling pathway",0.00957722978168152,2,12,"cytoplasmic pattern recognition receptor signaling pathway",0.000313040785769322
"Interaction_fdrOnly_up","BP","with_iea","GO:0032607",3,"interferon-alpha production",0.00983638751479512,2,25,"positive regulation of cytokine production",0.000112884070928501
"Interaction_fdrOnly_up","BP","with_iea","GO:0032647",3,"regulation of interferon-alpha production",0.00983638751479512,2,25,"positive regulation of cytokine production",0.000112884070928501
"Interaction_fdrOnly_up","BP","with_iea","GO:0030224",8,"monocyte differentiation",0.0103210639942689,2,1,"monocyte differentiation",0.0103210639942689
"Interaction_fdrOnly_up","BP","with_iea","GO:0043903",2,"regulation of biological process involved in symbiotic interaction",0.010808286297749,2,11,"regulation of viral process",2.2182994920077e-06
"Interaction_fdrOnly_up","BP","with_iea","GO:0035456",9,"response to interferon-beta",0.0133108284636868,2,2,"response to interferon-beta",0.0133108284636868
"Interaction_fdrOnly_up","BP","with_iea","GO:0046825",10,"regulation of protein export from nucleus",0.0133108284636868,2,2,"regulation of protein export from nucleus",0.0133108284636868
"Interaction_fdrOnly_up","BP","with_iea","GO:0051090",6,"regulation of DNA-binding transcription factor activity",0.0162052665832956,3,3,"positive regulation of NF-kappaB transcription factor activity",0.00299080677429124
"Interaction_fdrOnly_up","BP","with_iea","GO:0032728",3,"positive regulation of interferon-beta production",0.0168036900449888,2,25,"positive regulation of cytokine production",0.000112884070928501
"Interaction_fdrOnly_up","BP","with_iea","GO:0032480",3,"negative regulation of type I interferon production",0.0209387571688326,2,25,"positive regulation of cytokine production",0.000112884070928501
"Interaction_fdrOnly_up","BP","with_iea","GO:0141085",11,"regulation of inflammasome-mediated signaling pathway",0.0224283061350527,2,1,"regulation of inflammasome-mediated signaling pathway",0.0224283061350527
"Interaction_fdrOnly_up","BP","with_iea","GO:0050777",4,"negative regulation of immune response",0.0234965671505282,3,11,"regulation of innate immune response",0.000112884070928501
"Interaction_fdrOnly_up","BP","with_iea","GO:0002886",12,"regulation of myeloid leukocyte mediated immunity",0.0234965671505282,2,3,"regulation of myeloid leukocyte mediated immunity",0.0234965671505282
"Interaction_fdrOnly_up","BP","with_iea","GO:0032731",3,"positive regulation of interleukin-1 beta production",0.023600608708833,2,25,"positive regulation of cytokine production",0.000112884070928501
"Interaction_fdrOnly_up","BP","with_iea","GO:0032757",3,"positive regulation of interleukin-8 production",0.023600608708833,2,25,"positive regulation of cytokine production",0.000112884070928501
"Interaction_fdrOnly_up","BP","with_iea","GO:1901224",5,"positive regulation of non-canonical NF-kappaB signal transduction",0.0270730883379589,2,12,"cytoplasmic pattern recognition receptor signaling pathway",0.000313040785769322
"Interaction_fdrOnly_up","BP","with_iea","GO:0039532",5,"negative regulation of cytoplasmic pattern recognition receptor signaling pathway",0.027605143557543,2,12,"cytoplasmic pattern recognition receptor signaling pathway",0.000313040785769322
"Interaction_fdrOnly_up","BP","with_iea","GO:0032732",3,"positive regulation of interleukin-1 production",0.0287252938188737,2,25,"positive regulation of cytokine production",0.000112884070928501
"Interaction_fdrOnly_up","BP","with_iea","GO:0019221",1,"cytokine-mediated signaling pathway",0.0287252938188737,4,9,"response to virus",3.13673729836134e-12
"Interaction_fdrOnly_up","BP","with_iea","GO:0032608",3,"interferon-beta production",0.0287252938188737,2,25,"positive regulation of cytokine production",0.000112884070928501
"Interaction_fdrOnly_up","BP","with_iea","GO:0032648",3,"regulation of interferon-beta production",0.0287252938188737,2,25,"positive regulation of cytokine production",0.000112884070928501
"Interaction_fdrOnly_up","BP","with_iea","GO:0006611",10,"protein export from nucleus",0.0303059764817276,2,2,"regulation of protein export from nucleus",0.0133108284636868
"Interaction_fdrOnly_up","BP","with_iea","GO:0032722",3,"positive regulation of chemokine production",0.0303059764817276,2,25,"positive regulation of cytokine production",0.000112884070928501
"Interaction_fdrOnly_up","BP","with_iea","GO:0060760",9,"positive regulation of response to cytokine stimulus",0.0303059764817276,2,2,"response to interferon-beta",0.0133108284636868
"Interaction_fdrOnly_up","BP","with_iea","GO:0031348",4,"negative regulation of defense response",0.0319686598864235,3,11,"regulation of innate immune response",0.000112884070928501
"Interaction_fdrOnly_up","BP","with_iea","GO:0141084",13,"inflammasome-mediated signaling pathway",0.0319686598864235,2,1,"inflammasome-mediated signaling pathway",0.0319686598864235
"Interaction_fdrOnly_up","BP","with_iea","GO:0002699",12,"positive regulation of immune effector process",0.0319686598864235,3,3,"regulation of myeloid leukocyte mediated immunity",0.0234965671505282
"Interaction_fdrOnly_up","BP","with_iea","GO:0032637",3,"interleukin-8 production",0.0349353403711197,2,25,"positive regulation of cytokine production",0.000112884070928501
"Interaction_fdrOnly_up","BP","with_iea","GO:0032677",3,"regulation of interleukin-8 production",0.0349353403711197,2,25,"positive regulation of cytokine production",0.000112884070928501
"Interaction_fdrOnly_up","BP","with_iea","GO:0009617",1,"response to bacterium",0.0406130877372146,4,9,"response to virus",3.13673729836134e-12
"Interaction_fdrOnly_up","BP","with_iea","GO:0070534",14,"protein K63-linked ubiquitination",0.0406130877372146,2,2,"protein K63-linked ubiquitination",0.0406130877372146
"Interaction_fdrOnly_up","BP","with_iea","GO:0032611",3,"interleukin-1 beta production",0.0406130877372146,2,25,"positive regulation of cytokine production",0.000112884070928501
"Interaction_fdrOnly_up","BP","with_iea","GO:0032651",3,"regulation of interleukin-1 beta production",0.0406130877372146,2,25,"positive regulation of cytokine production",0.000112884070928501
"Interaction_fdrOnly_up","BP","with_iea","GO:0001818",3,"negative regulation of cytokine production",0.0406130877372146,3,25,"positive regulation of cytokine production",0.000112884070928501
"Interaction_fdrOnly_up","BP","with_iea","GO:0032602",3,"chemokine production",0.0406130877372146,2,25,"positive regulation of cytokine production",0.000112884070928501
"Interaction_fdrOnly_up","BP","with_iea","GO:0032642",3,"regulation of chemokine production",0.0406130877372146,2,25,"positive regulation of cytokine production",0.000112884070928501
"Interaction_fdrOnly_up","BP","with_iea","GO:2000106",15,"regulation of leukocyte apoptotic process",0.0432270100560472,2,1,"regulation of leukocyte apoptotic process",0.0432270100560472
"Interaction_fdrOnly_up","BP","with_iea","GO:1901222",5,"regulation of non-canonical NF-kappaB signal transduction",0.0448029838863074,2,12,"cytoplasmic pattern recognition receptor signaling pathway",0.000313040785769322
"Interaction_fdrOnly_up","BP","with_iea","GO:0032755",3,"positive regulation of interleukin-6 production",0.0453088874511639,2,25,"positive regulation of cytokine production",0.000112884070928501
"Interaction_fdrOnly_up","BP","with_iea","GO:0071346",1,"cellular response to type II interferon",0.0488934716528232,2,9,"response to virus",3.13673729836134e-12
"Interaction_fdrOnly_up","BP","with_iea","GO:0000209",14,"protein polyubiquitination",0.0488934716528232,3,2,"protein K63-linked ubiquitination",0.0406130877372146
"Interaction_fdrOnly_up","BP","with_iea","GO:0002444",12,"myeloid leukocyte mediated immunity",0.0488934716528232,2,3,"regulation of myeloid leukocyte mediated immunity",0.0234965671505282
"Interaction_fdrOnly_up","BP","with_iea","GO:0032612",3,"interleukin-1 production",0.0488934716528232,2,25,"positive regulation of cytokine production",0.000112884070928501
"Interaction_fdrOnly_up","BP","with_iea","GO:0032652",3,"regulation of interleukin-1 production",0.0488934716528232,2,25,"positive regulation of cytokine production",0.000112884070928501
"WT_heat_up","BP","no_iea","GO:0008284",1,"positive regulation of cell population proliferation",2.38792096437758e-08,32,24,"positive regulation of cell population proliferation",2.38792096437758e-08
"WT_heat_up","BP","no_iea","GO:0001944",2,"vasculature development",1.65882817751664e-07,27,24,"vasculature development",1.65882817751664e-07
"WT_heat_up","BP","no_iea","GO:0035295",2,"tube development",2.61363480347542e-07,29,24,"vasculature development",1.65882817751664e-07
"WT_heat_up","BP","no_iea","GO:0001568",2,"blood vessel development",6.59658061583465e-07,25,24,"vasculature development",1.65882817751664e-07
"WT_heat_up","BP","no_iea","GO:0006954",3,"inflammatory response",6.59658061583465e-07,29,19,"inflammatory response",6.59658061583465e-07
"WT_heat_up","BP","no_iea","GO:0048514",2,"blood vessel morphogenesis",6.73442899284925e-07,24,24,"vasculature development",1.65882817751664e-07
"WT_heat_up","BP","no_iea","GO:0035239",2,"tube morphogenesis",1.34965030091075e-06,26,24,"vasculature development",1.65882817751664e-07
"WT_heat_up","BP","no_iea","GO:0001525",2,"angiogenesis",2.63255787210952e-06,22,24,"vasculature development",1.65882817751664e-07
"WT_heat_up","BP","no_iea","GO:0001819",4,"positive regulation of cytokine production",4.38638825706053e-06,23,10,"positive regulation of cytokine production",4.38638825706053e-06
"WT_heat_up","BP","no_iea","GO:0006935",5,"chemotaxis",1.56409450046996e-05,19,2,"chemotaxis",1.56409450046996e-05
"WT_heat_up","BP","no_iea","GO:0042330",5,"taxis",1.56409450046996e-05,19,2,"chemotaxis",1.56409450046996e-05
"WT_heat_up","BP","no_iea","GO:0007186",6,"G protein-coupled receptor signaling pathway",3.54813511037446e-05,24,23,"G protein-coupled receptor signaling pathway",3.54813511037446e-05
"WT_heat_up","BP","no_iea","GO:0030335",7,"positive regulation of cell migration",3.66731693221114e-05,22,18,"positive regulation of cell migration",3.66731693221114e-05
"WT_heat_up","BP","no_iea","GO:0050865",1,"regulation of cell activation",3.66731693221114e-05,23,24,"positive regulation of cell population proliferation",2.38792096437758e-08
"WT_heat_up","BP","no_iea","GO:2000147",7,"positive regulation of cell motility",5.56181079638187e-05,22,18,"positive regulation of cell migration",3.66731693221114e-05
"WT_heat_up","BP","no_iea","GO:0040017",8,"positive regulation of locomotion",6.50336148886334e-05,22,10,"positive regulation of locomotion",6.50336148886334e-05
"WT_heat_up","BP","no_iea","GO:0060326",7,"cell chemotaxis",8.24950979333159e-05,15,18,"positive regulation of cell migration",3.66731693221114e-05
"WT_heat_up","BP","no_iea","GO:2001236",6,"regulation of extrinsic apoptotic signaling pathway",0.000108742565223001,11,23,"G protein-coupled receptor signaling pathway",3.54813511037446e-05
"WT_heat_up","BP","no_iea","GO:0050867",1,"positive regulation of cell activation",0.000122001808068106,17,24,"positive regulation of cell population proliferation",2.38792096437758e-08
"WT_heat_up","BP","no_iea","GO:0045765",2,"regulation of angiogenesis",0.000218001686771328,14,24,"vasculature development",1.65882817751664e-07
"WT_heat_up","BP","no_iea","GO:2001238",6,"positive regulation of extrinsic apoptotic signaling pathway",0.000240444097198737,7,23,"G protein-coupled receptor signaling pathway",3.54813511037446e-05
"WT_heat_up","BP","no_iea","GO:1901342",2,"regulation of vasculature development",0.000251722626210668,14,24,"vasculature development",1.65882817751664e-07
"WT_heat_up","BP","no_iea","GO:0002696",1,"positive regulation of leukocyte activation",0.000251722626210668,16,24,"positive regulation of cell population proliferation",2.38792096437758e-08
"WT_heat_up","BP","no_iea","GO:0002694",1,"regulation of leukocyte activation",0.000258654582280962,20,24,"positive regulation of cell population proliferation",2.38792096437758e-08
"WT_heat_up","BP","no_iea","GO:0045597",9,"positive regulation of cell differentiation",0.000324775505718834,23,15,"positive regulation of cell differentiation",0.000324775505718834
"WT_heat_up","BP","no_iea","GO:0045744",6,"negative regulation of G protein-coupled receptor signaling pathway",0.000467430684807803,7,23,"G protein-coupled receptor signaling pathway",3.54813511037446e-05
"WT_heat_up","BP","no_iea","GO:0008277",6,"regulation of G protein-coupled receptor signaling pathway",0.000467430684807803,10,23,"G protein-coupled receptor signaling pathway",3.54813511037446e-05
"WT_heat_up","BP","no_iea","GO:0070661",1,"leukocyte proliferation",0.000544554232277699,13,24,"positive regulation of cell population proliferation",2.38792096437758e-08
"WT_heat_up","BP","no_iea","GO:0060429",2,"epithelium development",0.000569914655836583,22,24,"vasculature development",1.65882817751664e-07
"WT_heat_up","BP","no_iea","GO:0097191",6,"extrinsic apoptotic signaling pathway",0.000630044498708864,12,23,"G protein-coupled receptor signaling pathway",3.54813511037446e-05
"WT_heat_up","BP","no_iea","GO:0006897",10,"endocytosis",0.000712098354973246,21,16,"endocytosis",0.000712098354973246
"WT_heat_up","BP","no_iea","GO:0030316",9,"osteoclast differentiation",0.000739814820833388,8,15,"positive regulation of cell differentiation",0.000324775505718834
"WT_heat_up","BP","no_iea","GO:0071674",7,"mononuclear cell migration",0.00103146481148932,11,18,"positive regulation of cell migration",3.66731693221114e-05
"WT_heat_up","BP","no_iea","GO:0050679",1,"positive regulation of epithelial cell proliferation",0.00111105019032649,9,24,"positive regulation of cell population proliferation",2.38792096437758e-08
"WT_heat_up","BP","no_iea","GO:0022409",11,"positive regulation of cell-cell adhesion",0.0011128279455554,14,7,"positive regulation of cell-cell adhesion",0.0011128279455554
"WT_heat_up","BP","no_iea","GO:0019221",12,"cytokine-mediated signaling pathway",0.0011128279455554,18,5,"cytokine-mediated signaling pathway",0.0011128279455554
"WT_heat_up","BP","no_iea","GO:0050900",7,"leukocyte migration",0.00124335229151343,14,18,"positive regulation of cell migration",3.66731693221114e-05
"WT_heat_up","BP","no_iea","GO:0048260",10,"positive regulation of receptor-mediated endocytosis",0.00135013554847079,6,16,"endocytosis",0.000712098354973246
"WT_heat_up","BP","no_iea","GO:0002573",9,"myeloid leukocyte differentiation",0.00147334313155569,11,15,"positive regulation of cell differentiation",0.000324775505718834
"WT_heat_up","BP","no_iea","GO:0070665",1,"positive regulation of leukocyte proliferation",0.00147334313155569,9,24,"positive regulation of cell population proliferation",2.38792096437758e-08
"WT_heat_up","BP","no_iea","GO:0022407",11,"regulation of cell-cell adhesion",0.00159272301957645,17,7,"positive regulation of cell-cell adhesion",0.0011128279455554
"WT_heat_up","BP","no_iea","GO:2001233",6,"regulation of apoptotic signaling pathway",0.00170443679659799,14,23,"G protein-coupled receptor signaling pathway",3.54813511037446e-05
"WT_heat_up","BP","no_iea","GO:0006959",13,"humoral immune response",0.0018690316261222,10,5,"humoral immune response",0.0018690316261222
"WT_heat_up","BP","no_iea","GO:0072677",7,"eosinophil migration",0.0018690316261222,4,18,"positive regulation of cell migration",3.66731693221114e-05
"WT_heat_up","BP","no_iea","GO:0007189",6,"adenylate cyclase-activating G protein-coupled receptor signaling pathway",0.00272384591603576,9,23,"G protein-coupled receptor signaling pathway",3.54813511037446e-05
"WT_heat_up","BP","no_iea","GO:0007159",11,"leukocyte cell-cell adhesion",0.00281520161823014,15,7,"positive regulation of cell-cell adhesion",0.0011128279455554
"WT_heat_up","BP","no_iea","GO:0050671",1,"positive regulation of lymphocyte proliferation",0.00281520161823014,8,24,"positive regulation of cell population proliferation",2.38792096437758e-08
"WT_heat_up","BP","no_iea","GO:2001235",6,"positive regulation of apoptotic signaling pathway",0.00281520161823014,8,23,"G protein-coupled receptor signaling pathway",3.54813511037446e-05
"WT_heat_up","BP","no_iea","GO:0042102",1,"positive regulation of T cell proliferation",0.00281520161823014,7,24,"positive regulation of cell population proliferation",2.38792096437758e-08
"WT_heat_up","BP","no_iea","GO:0032946",1,"positive regulation of mononuclear cell proliferation",0.0029678300032089,8,24,"positive regulation of cell population proliferation",2.38792096437758e-08
"WT_heat_up","BP","no_iea","GO:0002521",9,"leukocyte differentiation",0.0029983518376019,18,15,"positive regulation of cell differentiation",0.000324775505718834
"WT_heat_up","BP","no_iea","GO:0050818",14,"regulation of coagulation",0.00332463595744378,6,13,"regulation of coagulation",0.00332463595744378
"WT_heat_up","BP","no_iea","GO:0042098",15,"T cell proliferation",0.00335981584022294,9,9,"T cell proliferation",0.00335981584022294
"WT_heat_up","BP","no_iea","GO:0050727",3,"regulation of inflammatory response",0.00335981584022294,14,19,"inflammatory response",6.59658061583465e-07
"WT_heat_up","BP","no_iea","GO:1903039",11,"positive regulation of leukocyte cell-cell adhesion",0.00335981584022294,12,7,"positive regulation of cell-cell adhesion",0.0011128279455554
"WT_heat_up","BP","no_iea","GO:0045785",11,"positive regulation of cell adhesion",0.0033651518323844,16,7,"positive regulation of cell-cell adhesion",0.0011128279455554
"WT_heat_up","BP","no_iea","GO:0007200",6,"phospholipase C-activating G protein-coupled receptor signaling pathway",0.00368436359030612,7,23,"G protein-coupled receptor signaling pathway",3.54813511037446e-05
"WT_heat_up","BP","no_iea","GO:0002274",15,"myeloid leukocyte activation",0.00374818605172078,10,9,"T cell proliferation",0.00335981584022294
"WT_heat_up","BP","no_iea","GO:0030595",7,"leukocyte chemotaxis",0.00416164495885493,10,18,"positive regulation of cell migration",3.66731693221114e-05
"WT_heat_up","BP","no_iea","GO:0034103",14,"regulation of tissue remodeling",0.00419900029062948,6,13,"regulation of coagulation",0.00332463595744378
"WT_heat_up","BP","no_iea","GO:0048259",10,"regulation of receptor-mediated endocytosis",0.00419900029062948,7,16,"endocytosis",0.000712098354973246
"WT_heat_up","BP","no_iea","GO:0022603",2,"regulation of anatomical structure morphogenesis",0.0044654615319441,20,24,"vasculature development",1.65882817751664e-07
"WT_heat_up","BP","no_iea","GO:0097190",6,"apoptotic signaling pathway",0.00464322422186314,18,23,"G protein-coupled receptor signaling pathway",3.54813511037446e-05
"WT_heat_up","BP","no_iea","GO:0008217",16,"regulation of blood pressure",0.00478940637619219,7,6,"regulation of blood pressure",0.00478940637619219
"WT_heat_up","BP","no_iea","GO:0033993",12,"response to lipid",0.00478940637619219,18,5,"cytokine-mediated signaling pathway",0.0011128279455554
"WT_heat_up","BP","no_iea","GO:0050870",1,"positive regulation of T cell activation",0.00506482166975327,11,24,"positive regulation of cell population proliferation",2.38792096437758e-08
"WT_heat_up","BP","no_iea","GO:0061844",13,"antimicrobial humoral immune response mediated by antimicrobial peptide",0.00534365636300983,6,5,"humoral immune response",0.0018690316261222
"WT_heat_up","BP","no_iea","GO:0150076",3,"neuroinflammatory response",0.00534365636300983,6,19,"inflammatory response",6.59658061583465e-07
"WT_heat_up","BP","no_iea","GO:0060284",9,"regulation of cell development",0.00534365636300983,19,15,"positive regulation of cell differentiation",0.000324775505718834
"WT_heat_up","BP","no_iea","GO:0008015",16,"blood circulation",0.00547550064494346,13,6,"regulation of blood pressure",0.00478940637619219
"WT_heat_up","BP","no_iea","GO:0045766",2,"positive regulation of angiogenesis",0.00552547238178015,8,24,"vasculature development",1.65882817751664e-07
"WT_heat_up","BP","no_iea","GO:0006898",10,"receptor-mediated endocytosis",0.00552626672891454,11,16,"endocytosis",0.000712098354973246
"WT_heat_up","BP","no_iea","GO:0070663",1,"regulation of leukocyte proliferation",0.00552626672891454,10,24,"positive regulation of cell population proliferation",2.38792096437758e-08
"WT_heat_up","BP","no_iea","GO:0071345",12,"cellular response to cytokine stimulus",0.00552626672891454,19,5,"cytokine-mediated signaling pathway",0.0011128279455554
"WT_heat_up","BP","no_iea","GO:0002548",7,"monocyte chemotaxis",0.00552626672891454,5,18,"positive regulation of cell migration",3.66731693221114e-05
"WT_heat_up","BP","no_iea","GO:0048771",14,"tissue remodeling",0.00587066544976004,7,13,"regulation of coagulation",0.00332463595744378
"WT_heat_up","BP","no_iea","GO:1903532",10,"positive regulation of secretion by cell",0.00618443203225717,10,16,"endocytosis",0.000712098354973246
"WT_heat_up","BP","no_iea","GO:0042129",1,"regulation of T cell proliferation",0.00618443203225717,8,24,"positive regulation of cell population proliferation",2.38792096437758e-08
"WT_heat_up","BP","no_iea","GO:1904018",2,"positive regulation of vasculature development",0.00618443203225717,8,24,"vasculature development",1.65882817751664e-07
"WT_heat_up","BP","no_iea","GO:0046651",15,"lymphocyte proliferation",0.00643384633510755,10,9,"T cell proliferation",0.00335981584022294
"WT_heat_up","BP","no_iea","GO:0032943",1,"mononuclear cell proliferation",0.00670386807271651,10,24,"positive regulation of cell population proliferation",2.38792096437758e-08
"WT_heat_up","BP","no_iea","GO:0150077",3,"regulation of neuroinflammatory response",0.00680174382637979,5,19,"inflammatory response",6.59658061583465e-07
"WT_heat_up","BP","no_iea","GO:1903037",11,"regulation of leukocyte cell-cell adhesion",0.00685867435228694,13,7,"positive regulation of cell-cell adhesion",0.0011128279455554
"WT_heat_up","BP","no_iea","GO:0009187",17,"cyclic nucleotide metabolic process",0.00685867435228694,4,8,"cyclic nucleotide metabolic process",0.00685867435228694
"WT_heat_up","BP","no_iea","GO:0052652",17,"cyclic purine nucleotide metabolic process",0.00685867435228694,4,8,"cyclic nucleotide metabolic process",0.00685867435228694
"WT_heat_up","BP","no_iea","GO:0044057",14,"regulation of system process",0.00685867435228694,13,13,"regulation of coagulation",0.00332463595744378
"WT_heat_up","BP","no_iea","GO:0050878",8,"regulation of body fluid levels",0.00685867435228694,11,10,"positive regulation of locomotion",6.50336148886334e-05
"WT_heat_up","BP","no_iea","GO:0007610",8,"behavior",0.00685867435228694,10,10,"positive regulation of locomotion",6.50336148886334e-05
"WT_heat_up","BP","no_iea","GO:0097529",7,"myeloid leukocyte migration",0.00694235827153072,9,18,"positive regulation of cell migration",3.66731693221114e-05
"WT_heat_up","BP","no_iea","GO:1903557",4,"positive regulation of tumor necrosis factor superfamily cytokine production",0.00694235827153072,7,10,"positive regulation of cytokine production",4.38638825706053e-06
"WT_heat_up","BP","no_iea","GO:0050673",1,"epithelial cell proliferation",0.00694235827153072,11,24,"positive regulation of cell population proliferation",2.38792096437758e-08
"WT_heat_up","BP","no_iea","GO:0051249",1,"regulation of lymphocyte activation",0.00745181913158431,15,24,"positive regulation of cell population proliferation",2.38792096437758e-08
"WT_heat_up","BP","no_iea","GO:0050670",1,"regulation of lymphocyte proliferation",0.00745181913158431,9,24,"positive regulation of cell population proliferation",2.38792096437758e-08
"WT_heat_up","BP","no_iea","GO:0051251",1,"positive regulation of lymphocyte activation",0.00745181913158431,12,24,"positive regulation of cell population proliferation",2.38792096437758e-08
"WT_heat_up","BP","no_iea","GO:0032944",1,"regulation of mononuclear cell proliferation",0.00775828719142808,9,24,"positive regulation of cell population proliferation",2.38792096437758e-08
"WT_heat_up","BP","no_iea","GO:0051047",10,"positive regulation of secretion",0.00812692713481193,10,16,"endocytosis",0.000712098354973246
"WT_heat_up","BP","no_iea","GO:0090303",3,"positive regulation of wound healing",0.00858406938976185,5,19,"inflammatory response",6.59658061583465e-07
"WT_heat_up","BP","no_iea","GO:0043066",18,"negative regulation of apoptotic process",0.00858406938976185,19,5,"negative regulation of apoptotic process",0.00858406938976185
"WT_heat_up","BP","no_iea","GO:0061041",3,"regulation of wound healing",0.0087086961930575,7,19,"inflammatory response",6.59658061583465e-07
"WT_heat_up","BP","no_iea","GO:0003013",16,"circulatory system process",0.0112659946570364,14,6,"regulation of blood pressure",0.00478940637619219
"WT_heat_up","BP","no_iea","GO:0007188",6,"adenylate cyclase-modulating G protein-coupled receptor signaling pathway",0.0119729199901168,9,23,"G protein-coupled receptor signaling pathway",3.54813511037446e-05
"WT_heat_up","BP","no_iea","GO:0032940",10,"secretion by cell",0.0119729199901168,18,16,"endocytosis",0.000712098354973246
"WT_heat_up","BP","no_iea","GO:0045780",14,"positive regulation of bone resorption",0.0120154686432042,3,13,"regulation of coagulation",0.00332463595744378
"WT_heat_up","BP","no_iea","GO:0048245",7,"eosinophil chemotaxis",0.0120154686432042,3,18,"positive regulation of cell migration",3.66731693221114e-05
"WT_heat_up","BP","no_iea","GO:0048520",8,"positive regulation of behavior",0.0120154686432042,3,10,"positive regulation of locomotion",6.50336148886334e-05
"WT_heat_up","BP","no_iea","GO:2001239",6,"regulation of extrinsic apoptotic signaling pathway in absence of ligand",0.0120550148847438,4,23,"G protein-coupled receptor signaling pathway",3.54813511037446e-05
"WT_heat_up","BP","no_iea","GO:0046903",10,"secretion",0.012416743375319,19,16,"endocytosis",0.000712098354973246
"WT_heat_up","BP","no_iea","GO:0046849",14,"bone remodeling",0.0125633040772351,5,13,"regulation of coagulation",0.00332463595744378
"WT_heat_up","BP","no_iea","GO:1903036",3,"positive regulation of response to wounding",0.0125633040772351,5,19,"inflammatory response",6.59658061583465e-07
"WT_heat_up","BP","no_iea","GO:0042060",3,"wound healing",0.0131758683241792,13,19,"inflammatory response",6.59658061583465e-07
"WT_heat_up","BP","no_iea","GO:0002526",3,"acute inflammatory response",0.0134568197908809,5,19,"inflammatory response",6.59658061583465e-07
"WT_heat_up","BP","no_iea","GO:0030193",3,"regulation of blood coagulation",0.0134568197908809,5,19,"inflammatory response",6.59658061583465e-07
"WT_heat_up","BP","no_iea","GO:0045670",9,"regulation of osteoclast differentiation",0.0134568197908809,5,15,"positive regulation of cell differentiation",0.000324775505718834
"WT_heat_up","BP","no_iea","GO:1902895",17,"positive regulation of miRNA transcription",0.0134568197908809,5,8,"cyclic nucleotide metabolic process",0.00685867435228694
"WT_heat_up","BP","no_iea","GO:0050729",3,"positive regulation of inflammatory response",0.0135507278481795,8,19,"inflammatory response",6.59658061583465e-07
"WT_heat_up","BP","no_iea","GO:0006909",10,"phagocytosis",0.0141738239848933,9,16,"endocytosis",0.000712098354973246
"WT_heat_up","BP","no_iea","GO:0051093",2,"negative regulation of developmental process",0.0141738239848933,18,24,"vasculature development",1.65882817751664e-07
"WT_heat_up","BP","no_iea","GO:1900046",8,"regulation of hemostasis",0.0141738239848933,5,10,"positive regulation of locomotion",6.50336148886334e-05
"WT_heat_up","BP","no_iea","GO:0032604",4,"granulocyte macrophage colony-stimulating factor production",0.0141738239848933,3,10,"positive regulation of cytokine production",4.38638825706053e-06
"WT_heat_up","BP","no_iea","GO:0032645",4,"regulation of granulocyte macrophage colony-stimulating factor production",0.0141738239848933,3,10,"positive regulation of cytokine production",4.38638825706053e-06
"WT_heat_up","BP","no_iea","GO:0070848",12,"response to growth factor",0.0141738239848933,16,5,"cytokine-mediated signaling pathway",0.0011128279455554
"WT_heat_up","BP","no_iea","GO:0050817",14,"coagulation",0.0141775134088662,9,13,"regulation of coagulation",0.00332463595744378
"WT_heat_up","BP","no_iea","GO:0042110",15,"T cell activation",0.0147591273551838,15,9,"T cell proliferation",0.00335981584022294
"WT_heat_up","BP","no_iea","GO:0050863",1,"regulation of T cell activation",0.0154364046702154,12,24,"positive regulation of cell population proliferation",2.38792096437758e-08
"WT_heat_up","BP","no_iea","GO:0019730",13,"antimicrobial humoral response",0.0163491734947785,6,5,"humoral immune response",0.0018690316261222
"WT_heat_up","BP","no_iea","GO:0045124",14,"regulation of bone resorption",0.0163491734947785,4,13,"regulation of coagulation",0.00332463595744378
"WT_heat_up","BP","no_iea","GO:0048247",7,"lymphocyte chemotaxis",0.0163491734947785,4,18,"positive regulation of cell migration",3.66731693221114e-05
"WT_heat_up","BP","no_iea","GO:0009611",3,"response to wounding",0.0171300436478805,14,19,"inflammatory response",6.59658061583465e-07
"WT_heat_up","BP","no_iea","GO:0071800",19,"podosome assembly",0.0175023133714621,3,1,"podosome assembly",0.0175023133714621
"WT_heat_up","BP","no_iea","GO:0002252",15,"immune effector process",0.017773159472016,16,9,"T cell proliferation",0.00335981584022294
"WT_heat_up","BP","no_iea","GO:0043500",16,"muscle adaptation",0.017900846009046,5,6,"regulation of blood pressure",0.00478940637619219
"WT_heat_up","BP","no_iea","GO:0030099",9,"myeloid cell differentiation",0.0179059383498915,12,15,"positive regulation of cell differentiation",0.000324775505718834
"WT_heat_up","BP","no_iea","GO:0072676",7,"lymphocyte migration",0.0179903547162118,6,18,"positive regulation of cell migration",3.66731693221114e-05
"WT_heat_up","BP","no_iea","GO:0032103",3,"positive regulation of response to external stimulus",0.0191840106025348,18,19,"inflammatory response",6.59658061583465e-07
"WT_heat_up","BP","no_iea","GO:2000401",7,"regulation of lymphocyte migration",0.0191840106025348,5,18,"positive regulation of cell migration",3.66731693221114e-05
"WT_heat_up","BP","no_iea","GO:1903034",3,"regulation of response to wounding",0.02023444887832,7,19,"inflammatory response",6.59658061583465e-07
"WT_heat_up","BP","no_iea","GO:0050795",8,"regulation of behavior",0.02023444887832,4,10,"positive regulation of locomotion",6.50336148886334e-05
"WT_heat_up","BP","no_iea","GO:0072678",7,"T cell migration",0.0205264106573376,5,18,"positive regulation of cell migration",3.66731693221114e-05
"WT_heat_up","BP","no_iea","GO:2000630",17,"positive regulation of miRNA metabolic process",0.0205264106573376,5,8,"cyclic nucleotide metabolic process",0.00685867435228694
"WT_heat_up","BP","no_iea","GO:0007369",2,"gastrulation",0.021092305610429,6,24,"vasculature development",1.65882817751664e-07
"WT_heat_up","BP","no_iea","GO:0016525",2,"negative regulation of angiogenesis",0.021092305610429,6,24,"vasculature development",1.65882817751664e-07
"WT_heat_up","BP","no_iea","GO:2000181",2,"negative regulation of blood vessel morphogenesis",0.021092305610429,6,24,"vasculature development",1.65882817751664e-07
"WT_heat_up","BP","no_iea","GO:0031349",3,"positive regulation of defense response",0.0218963170400819,16,19,"inflammatory response",6.59658061583465e-07
"WT_heat_up","BP","no_iea","GO:0002762",9,"negative regulation of myeloid leukocyte differentiation",0.0218963170400819,4,15,"positive regulation of cell differentiation",0.000324775505718834
"WT_heat_up","BP","no_iea","GO:2000403",7,"positive regulation of lymphocyte migration",0.0218963170400819,4,18,"positive regulation of cell migration",3.66731693221114e-05
"WT_heat_up","BP","no_iea","GO:1901343",2,"negative regulation of vasculature development",0.022052980312929,6,24,"vasculature development",1.65882817751664e-07
"WT_heat_up","BP","no_iea","GO:0070372",6,"regulation of ERK1 and ERK2 cascade",0.0225732874549141,9,23,"G protein-coupled receptor signaling pathway",3.54813511037446e-05
"WT_heat_up","BP","no_iea","GO:0071363",12,"cellular response to growth factor stimulus",0.0232177503464028,15,5,"cytokine-mediated signaling pathway",0.0011128279455554
"WT_heat_up","BP","no_iea","GO:0140352",10,"export from cell",0.0232270558380792,18,16,"endocytosis",0.000712098354973246
"WT_heat_up","BP","no_iea","GO:0007507",2,"heart development",0.0232270558380792,11,24,"vasculature development",1.65882817751664e-07
"WT_heat_up","BP","no_iea","GO:0046850",14,"regulation of bone remodeling",0.0232270558380792,4,13,"regulation of coagulation",0.00332463595744378
"WT_heat_up","BP","no_iea","GO:0070613",4,"regulation of protein processing",0.0232270558380792,4,10,"positive regulation of cytokine production",4.38638825706053e-06
"WT_heat_up","BP","no_iea","GO:0050678",1,"regulation of epithelial cell proliferation",0.0232270558380792,9,24,"positive regulation of cell population proliferation",2.38792096437758e-08
"WT_heat_up","BP","no_iea","GO:0002366",15,"leukocyte activation involved in immune response",0.0232270558380792,10,9,"T cell proliferation",0.00335981584022294
"WT_heat_up","BP","no_iea","GO:0009190",17,"cyclic nucleotide biosynthetic process",0.0232270558380792,3,8,"cyclic nucleotide metabolic process",0.00685867435228694
"WT_heat_up","BP","no_iea","GO:0010755",4,"regulation of plasminogen activation",0.0232270558380792,3,10,"positive regulation of cytokine production",4.38638825706053e-06
"WT_heat_up","BP","no_iea","GO:0034112",11,"positive regulation of homotypic cell-cell adhesion",0.0232270558380792,3,7,"positive regulation of cell-cell adhesion",0.0011128279455554
"WT_heat_up","BP","no_iea","GO:0048871",14,"multicellular organismal-level homeostasis",0.0243577955336422,16,13,"regulation of coagulation",0.00332463595744378
"WT_heat_up","BP","no_iea","GO:0003073",16,"regulation of systemic arterial blood pressure",0.0253618035292835,4,6,"regulation of blood pressure",0.00478940637619219
"WT_heat_up","BP","no_iea","GO:0045453",14,"bone resorption",0.0253618035292835,4,13,"regulation of coagulation",0.00332463595744378
"WT_heat_up","BP","no_iea","GO:0035051",2,"cardiocyte differentiation",0.0253618035292835,5,24,"vasculature development",1.65882817751664e-07
"WT_heat_up","BP","no_iea","GO:1905954",8,"positive regulation of lipid localization",0.0253618035292835,5,10,"positive regulation of locomotion",6.50336148886334e-05
"WT_heat_up","BP","no_iea","GO:0002263",15,"cell activation involved in immune response",0.025981452095659,10,9,"T cell proliferation",0.00335981584022294
"WT_heat_up","BP","no_iea","GO:0051897",6,"positive regulation of phosphatidylinositol 3-kinase/protein kinase B signal transduction",0.026968603076067,8,23,"G protein-coupled receptor signaling pathway",3.54813511037446e-05
"WT_heat_up","BP","no_iea","GO:0030194",3,"positive regulation of blood coagulation",0.026968603076067,3,19,"inflammatory response",6.59658061583465e-07
"WT_heat_up","BP","no_iea","GO:0042104",1,"positive regulation of activated T cell proliferation",0.026968603076067,3,24,"positive regulation of cell population proliferation",2.38792096437758e-08
"WT_heat_up","BP","no_iea","GO:1900048",8,"positive regulation of hemostasis",0.026968603076067,3,10,"positive regulation of locomotion",6.50336148886334e-05
"WT_heat_up","BP","no_iea","GO:0002761",9,"regulation of myeloid leukocyte differentiation",0.027038258642938,6,15,"positive regulation of cell differentiation",0.000324775505718834
"WT_heat_up","BP","no_iea","GO:0050819",14,"negative regulation of coagulation",0.0272177745782586,4,13,"regulation of coagulation",0.00332463595744378
"WT_heat_up","BP","no_iea","GO:1903317",4,"regulation of protein maturation",0.0272177745782586,4,10,"positive regulation of cytokine production",4.38638825706053e-06
"WT_heat_up","BP","no_iea","GO:0048858",20,"cell projection morphogenesis",0.0290944946932299,14,3,"cell projection morphogenesis",0.0290944946932299
"WT_heat_up","BP","no_iea","GO:0002443",15,"leukocyte mediated immunity",0.0303529406276516,11,9,"T cell proliferation",0.00335981584022294
"WT_heat_up","BP","no_iea","GO:0046887",10,"positive regulation of hormone secretion",0.0305603239055236,5,16,"endocytosis",0.000712098354973246
"WT_heat_up","BP","no_iea","GO:1902105",9,"regulation of leukocyte differentiation",0.0309718885771884,10,15,"positive regulation of cell differentiation",0.000324775505718834
"WT_heat_up","BP","no_iea","GO:0031639",4,"plasminogen activation",0.0309718885771884,3,10,"positive regulation of cytokine production",4.38638825706053e-06
"WT_heat_up","BP","no_iea","GO:0140353",10,"lipid export from cell",0.0309718885771884,3,16,"endocytosis",0.000712098354973246
"WT_heat_up","BP","no_iea","GO:1903131",9,"mononuclear cell differentiation",0.0309718885771884,13,15,"positive regulation of cell differentiation",0.000324775505718834
"WT_heat_up","BP","no_iea","GO:0007229",6,"integrin-mediated signaling pathway",0.0309718885771884,6,23,"G protein-coupled receptor signaling pathway",3.54813511037446e-05
"WT_heat_up","BP","no_iea","GO:1902893",17,"regulation of miRNA transcription",0.0320086848285871,5,8,"cyclic nucleotide metabolic process",0.00685867435228694
"WT_heat_up","BP","no_iea","GO:0097192",6,"extrinsic apoptotic signaling pathway in absence of ligand",0.0323196687401851,4,23,"G protein-coupled receptor signaling pathway",3.54813511037446e-05
"WT_heat_up","BP","no_iea","GO:0030100",10,"regulation of endocytosis",0.0340101401590142,9,16,"endocytosis",0.000712098354973246
"WT_heat_up","BP","no_iea","GO:0061614",17,"miRNA transcription",0.0340582328977443,5,8,"cyclic nucleotide metabolic process",0.00685867435228694
"WT_heat_up","BP","no_iea","GO:0071706",4,"tumor necrosis factor superfamily cytokine production",0.0344027818630142,7,10,"positive regulation of cytokine production",4.38638825706053e-06
"WT_heat_up","BP","no_iea","GO:1903555",4,"regulation of tumor necrosis factor superfamily cytokine production",0.0344027818630142,7,10,"positive regulation of cytokine production",4.38638825706053e-06
"WT_heat_up","BP","no_iea","GO:0043491",6,"phosphatidylinositol 3-kinase/protein kinase B signal transduction",0.0344027818630142,10,23,"G protein-coupled receptor signaling pathway",3.54813511037446e-05
"WT_heat_up","BP","no_iea","GO:0001707",2,"mesoderm formation",0.0344027818630142,3,24,"vasculature development",1.65882817751664e-07
"WT_heat_up","BP","no_iea","GO:0002675",3,"positive regulation of acute inflammatory response",0.0344027818630142,3,19,"inflammatory response",6.59658061583465e-07
"WT_heat_up","BP","no_iea","GO:0006953",3,"acute-phase response",0.0344027818630142,3,19,"inflammatory response",6.59658061583465e-07
"WT_heat_up","BP","no_iea","GO:0045671",9,"negative regulation of osteoclast differentiation",0.0344027818630142,3,15,"positive regulation of cell differentiation",0.000324775505718834
"WT_heat_up","BP","no_iea","GO:0048332",2,"mesoderm morphogenesis",0.0344027818630142,3,24,"vasculature development",1.65882817751664e-07
"WT_heat_up","BP","no_iea","GO:0050820",14,"positive regulation of coagulation",0.0344027818630142,3,13,"regulation of coagulation",0.00332463595744378
"WT_heat_up","BP","no_iea","GO:0070371",6,"ERK1 and ERK2 cascade",0.0359301407278422,9,23,"G protein-coupled receptor signaling pathway",3.54813511037446e-05
"WT_heat_up","BP","no_iea","GO:0007596",3,"blood coagulation",0.0359301407278422,8,19,"inflammatory response",6.59658061583465e-07
"WT_heat_up","BP","no_iea","GO:0030855",9,"epithelial cell differentiation",0.0365759396035517,12,15,"positive regulation of cell differentiation",0.000324775505718834
"WT_heat_up","BP","no_iea","GO:0038034",6,"signal transduction in absence of ligand",0.0365895793050607,4,23,"G protein-coupled receptor signaling pathway",3.54813511037446e-05
"WT_heat_up","BP","no_iea","GO:2000351",18,"regulation of endothelial cell apoptotic process",0.0365895793050607,4,5,"negative regulation of apoptotic process",0.00858406938976185
"WT_heat_up","BP","no_iea","GO:0007409",20,"axonogenesis",0.0365895793050607,10,3,"cell projection morphogenesis",0.0290944946932299
"WT_heat_up","BP","no_iea","GO:0007417",2,"central nervous system development",0.0365895793050607,15,24,"vasculature development",1.65882817751664e-07
"WT_heat_up","BP","no_iea","GO:0003014",16,"renal system process",0.0388668122915027,5,6,"regulation of blood pressure",0.00478940637619219
"WT_heat_up","BP","no_iea","GO:0071677",7,"positive regulation of mononuclear cell migration",0.0388668122915027,5,18,"positive regulation of cell migration",3.66731693221114e-05
"WT_heat_up","BP","no_iea","GO:0046890",21,"regulation of lipid biosynthetic process",0.0404068138405641,7,1,"regulation of lipid biosynthetic process",0.0404068138405641
"WT_heat_up","BP","no_iea","GO:0009617",13,"response to bacterium",0.0412948800950328,12,5,"humoral immune response",0.0018690316261222
"WT_heat_up","BP","no_iea","GO:1903530",10,"regulation of secretion by cell",0.0412948800950328,12,16,"endocytosis",0.000712098354973246
"WT_heat_up","BP","no_iea","GO:0048812",20,"neuron projection morphogenesis",0.0412948800950328,13,3,"cell projection morphogenesis",0.0290944946932299
"WT_heat_up","BP","no_iea","GO:0006887",10,"exocytosis",0.0415603303133227,10,16,"endocytosis",0.000712098354973246
"WT_heat_up","BP","no_iea","GO:0046649",15,"lymphocyte activation",0.0415603303133227,17,9,"T cell proliferation",0.00335981584022294
"WT_heat_up","BP","no_iea","GO:0050829",13,"defense response to Gram-negative bacterium",0.0425190989035232,4,5,"humoral immune response",0.0018690316261222
"WT_heat_up","BP","no_iea","GO:0060627",10,"regulation of vesicle-mediated transport",0.042593941094522,13,16,"endocytosis",0.000712098354973246
"WT_heat_up","BP","no_iea","GO:0007599",8,"hemostasis",0.042593941094522,8,10,"positive regulation of locomotion",6.50336148886334e-05
"WT_heat_up","BP","no_iea","GO:0048146",1,"positive regulation of fibroblast proliferation",0.0427168287397308,3,24,"positive regulation of cell population proliferation",2.38792096437758e-08
"WT_heat_up","BP","no_iea","GO:0061180",2,"mammary gland epithelium development",0.0427168287397308,3,24,"vasculature development",1.65882817751664e-07
"WT_heat_up","BP","no_iea","GO:1901099",6,"negative regulation of signal transduction in absence of ligand",0.0427168287397308,3,23,"G protein-coupled receptor signaling pathway",3.54813511037446e-05
"WT_heat_up","BP","no_iea","GO:2000353",18,"positive regulation of endothelial cell apoptotic process",0.0427168287397308,3,5,"negative regulation of apoptotic process",0.00858406938976185
"WT_heat_up","BP","no_iea","GO:2001240",6,"negative regulation of extrinsic apoptotic signaling pathway in absence of ligand",0.0427168287397308,3,23,"G protein-coupled receptor signaling pathway",3.54813511037446e-05
"WT_heat_up","BP","no_iea","GO:0045444",9,"fat cell differentiation",0.0434025951302779,7,15,"positive regulation of cell differentiation",0.000324775505718834
"WT_heat_up","BP","no_iea","GO:0043534",7,"blood vessel endothelial cell migration",0.0434025951302779,6,18,"positive regulation of cell migration",3.66731693221114e-05
"WT_heat_up","BP","no_iea","GO:0043065",18,"positive regulation of apoptotic process",0.0440865839061716,13,5,"negative regulation of apoptotic process",0.00858406938976185
"WT_heat_up","BP","no_iea","GO:0071675",7,"regulation of mononuclear cell migration",0.0451847096267836,6,18,"positive regulation of cell migration",3.66731693221114e-05
"WT_heat_up","BP","no_iea","GO:0001934",22,"positive regulation of protein phosphorylation",0.0451847096267836,9,1,"positive regulation of protein phosphorylation",0.0451847096267836
"WT_heat_up","BP","no_iea","GO:0051896",6,"regulation of phosphatidylinositol 3-kinase/protein kinase B signal transduction",0.0451847096267836,9,23,"G protein-coupled receptor signaling pathway",3.54813511037446e-05
"WT_heat_up","BP","no_iea","GO:0061061",2,"muscle structure development",0.0458696426085557,12,24,"vasculature development",1.65882817751664e-07
"WT_heat_up","BP","no_iea","GO:0044093",8,"positive regulation of molecular function",0.0458696426085557,15,10,"positive regulation of locomotion",6.50336148886334e-05
"WT_heat_up","BP","no_iea","GO:0010720",9,"positive regulation of cell development",0.0463185898504419,10,15,"positive regulation of cell differentiation",0.000324775505718834
"WT_heat_up","BP","no_iea","GO:0072577",18,"endothelial cell apoptotic process",0.0474307487464714,4,5,"negative regulation of apoptotic process",0.00858406938976185
"WT_heat_up","BP","no_iea","GO:0051091",17,"positive regulation of DNA-binding transcription factor activity",0.0490046044690828,6,8,"cyclic nucleotide metabolic process",0.00685867435228694
"KO_heat_up","BP","no_iea","GO:0008284",1,"positive regulation of cell population proliferation",3.54181505661033e-08,33,12,"positive regulation of cell population proliferation",3.54181505661033e-08
"KO_heat_up","BP","no_iea","GO:0006954",2,"inflammatory response",2.14153712188979e-06,30,9,"inflammatory response",2.14153712188979e-06
"KO_heat_up","BP","no_iea","GO:0035295",3,"tube development",6.26032358030719e-06,28,23,"tube development",6.26032358030719e-06
"KO_heat_up","BP","no_iea","GO:0001944",3,"vasculature development",9.29118385727476e-06,25,23,"tube development",6.26032358030719e-06
"KO_heat_up","BP","no_iea","GO:0006935",4,"chemotaxis",1.53878935578828e-05,20,2,"chemotaxis",1.53878935578828e-05
"KO_heat_up","BP","no_iea","GO:0042330",4,"taxis",1.53878935578828e-05,20,2,"chemotaxis",1.53878935578828e-05
"KO_heat_up","BP","no_iea","GO:0007186",5,"G protein-coupled receptor signaling pathway",1.53878935578828e-05,26,23,"G protein-coupled receptor signaling pathway",1.53878935578828e-05
"KO_heat_up","BP","no_iea","GO:0001568",3,"blood vessel development",3.01998259419146e-05,23,23,"tube development",6.26032358030719e-06
"KO_heat_up","BP","no_iea","GO:0048514",3,"blood vessel morphogenesis",3.99382380070919e-05,22,23,"tube development",6.26032358030719e-06
"KO_heat_up","BP","no_iea","GO:0050865",6,"regulation of cell activation",4.79676610316781e-05,24,18,"regulation of cell activation",4.79676610316781e-05
"KO_heat_up","BP","no_iea","GO:0001819",7,"positive regulation of cytokine production",5.95847674337426e-05,22,8,"positive regulation of cytokine production",5.95847674337426e-05
"KO_heat_up","BP","no_iea","GO:0035239",3,"tube morphogenesis",5.98562936980459e-05,24,23,"tube development",6.26032358030719e-06
"KO_heat_up","BP","no_iea","GO:0001525",3,"angiogenesis",0.000123779675222059,20,23,"tube development",6.26032358030719e-06
"KO_heat_up","BP","no_iea","GO:2000147",8,"positive regulation of cell motility",0.00020446119781434,22,18,"positive regulation of cell motility",0.00020446119781434
"KO_heat_up","BP","no_iea","GO:0060326",8,"cell chemotaxis",0.000220917457865586,15,18,"positive regulation of cell motility",0.00020446119781434
"KO_heat_up","BP","no_iea","GO:0040017",9,"positive regulation of locomotion",0.000220917457865586,22,5,"positive regulation of locomotion",0.000220917457865586
"KO_heat_up","BP","no_iea","GO:2001236",5,"regulation of extrinsic apoptotic signaling pathway",0.000220917457865586,11,23,"G protein-coupled receptor signaling pathway",1.53878935578828e-05
"KO_heat_up","BP","no_iea","GO:0007200",5,"phospholipase C-activating G protein-coupled receptor signaling pathway",0.000220917457865586,9,23,"G protein-coupled receptor signaling pathway",1.53878935578828e-05
"KO_heat_up","BP","no_iea","GO:0030316",10,"osteoclast differentiation",0.000220917457865586,9,15,"osteoclast differentiation",0.000220917457865586
"KO_heat_up","BP","no_iea","GO:0002694",6,"regulation of leukocyte activation",0.000249828031882606,21,18,"regulation of cell activation",4.79676610316781e-05
"KO_heat_up","BP","no_iea","GO:0050867",6,"positive regulation of cell activation",0.000281118839534188,17,18,"regulation of cell activation",4.79676610316781e-05
"KO_heat_up","BP","no_iea","GO:0070661",1,"leukocyte proliferation",0.000281118839534188,14,12,"positive regulation of cell population proliferation",3.54181505661033e-08
"KO_heat_up","BP","no_iea","GO:0030335",8,"positive regulation of cell migration",0.000281118839534188,21,18,"positive regulation of cell motility",0.00020446119781434
"KO_heat_up","BP","no_iea","GO:2001238",5,"positive regulation of extrinsic apoptotic signaling pathway",0.000336542831648653,7,23,"G protein-coupled receptor signaling pathway",1.53878935578828e-05
"KO_heat_up","BP","no_iea","GO:0071674",8,"mononuclear cell migration",0.000458428251442285,12,18,"positive regulation of cell motility",0.00020446119781434
"KO_heat_up","BP","no_iea","GO:0002696",6,"positive regulation of leukocyte activation",0.000561814716169147,16,18,"regulation of cell activation",4.79676610316781e-05
"KO_heat_up","BP","no_iea","GO:0045744",5,"negative regulation of G protein-coupled receptor signaling pathway",0.000727710617806039,7,23,"G protein-coupled receptor signaling pathway",1.53878935578828e-05
"KO_heat_up","BP","no_iea","GO:0002573",10,"myeloid leukocyte differentiation",0.000743676052025097,12,15,"osteoclast differentiation",0.000220917457865586
"KO_heat_up","BP","no_iea","GO:0050900",8,"leukocyte migration",0.00078795402012297,15,18,"positive regulation of cell motility",0.00020446119781434
"KO_heat_up","BP","no_iea","GO:0008277",5,"regulation of G protein-coupled receptor signaling pathway",0.00078795402012297,10,23,"G protein-coupled receptor signaling pathway",1.53878935578828e-05
"KO_heat_up","BP","no_iea","GO:0097191",5,"extrinsic apoptotic signaling pathway",0.00125280682789422,12,23,"G protein-coupled receptor signaling pathway",1.53878935578828e-05
"KO_heat_up","BP","no_iea","GO:0097190",5,"apoptotic signaling pathway",0.00234927108654525,20,23,"G protein-coupled receptor signaling pathway",1.53878935578828e-05
"KO_heat_up","BP","no_iea","GO:0048771",11,"tissue remodeling",0.00288109648792928,8,8,"tissue remodeling",0.00288109648792928
"KO_heat_up","BP","no_iea","GO:0070665",1,"positive regulation of leukocyte proliferation",0.00302802833724023,9,12,"positive regulation of cell population proliferation",3.54181505661033e-08
"KO_heat_up","BP","no_iea","GO:0072677",8,"eosinophil migration",0.00303259433240055,4,18,"positive regulation of cell motility",0.00020446119781434
"KO_heat_up","BP","no_iea","GO:2001239",5,"regulation of extrinsic apoptotic signaling pathway in absence of ligand",0.00303259433240055,5,23,"G protein-coupled receptor signaling pathway",1.53878935578828e-05
"KO_heat_up","BP","no_iea","GO:0002521",10,"leukocyte differentiation",0.00327053643669497,19,15,"osteoclast differentiation",0.000220917457865586
"KO_heat_up","BP","no_iea","GO:0001656",3,"metanephros development",0.00357753191871194,5,23,"tube development",6.26032358030719e-06
"KO_heat_up","BP","no_iea","GO:0006959",12,"humoral immune response",0.00377960105164424,10,3,"humoral immune response",0.00377960105164424
"KO_heat_up","BP","no_iea","GO:0070663",1,"regulation of leukocyte proliferation",0.00378951915354778,11,12,"positive regulation of cell population proliferation",3.54181505661033e-08
"KO_heat_up","BP","no_iea","GO:2001233",5,"regulation of apoptotic signaling pathway",0.00378951915354778,14,23,"G protein-coupled receptor signaling pathway",1.53878935578828e-05
"KO_heat_up","BP","no_iea","GO:0060429",3,"epithelium development",0.00378951915354778,21,23,"tube development",6.26032358030719e-06
"KO_heat_up","BP","no_iea","GO:0046849",11,"bone remodeling",0.00448042508667691,6,8,"tissue remodeling",0.00288109648792928
"KO_heat_up","BP","no_iea","GO:0046651",6,"lymphocyte proliferation",0.00448042508667691,11,18,"regulation of cell activation",4.79676610316781e-05
"KO_heat_up","BP","no_iea","GO:0032943",1,"mononuclear cell proliferation",0.00455644510365473,11,12,"positive regulation of cell population proliferation",3.54181505661033e-08
"KO_heat_up","BP","no_iea","GO:0007189",5,"adenylate cyclase-activating G protein-coupled receptor signaling pathway",0.00455644510365473,9,23,"G protein-coupled receptor signaling pathway",1.53878935578828e-05
"KO_heat_up","BP","no_iea","GO:0042102",6,"positive regulation of T cell proliferation",0.00455644510365473,7,18,"regulation of cell activation",4.79676610316781e-05
"KO_heat_up","BP","no_iea","GO:0050671",6,"positive regulation of lymphocyte proliferation",0.00455644510365473,8,18,"regulation of cell activation",4.79676610316781e-05
"KO_heat_up","BP","no_iea","GO:2001235",5,"positive regulation of apoptotic signaling pathway",0.00455644510365473,8,23,"G protein-coupled receptor signaling pathway",1.53878935578828e-05
"KO_heat_up","BP","no_iea","GO:0050670",6,"regulation of lymphocyte proliferation",0.00472440956403068,10,18,"regulation of cell activation",4.79676610316781e-05
"KO_heat_up","BP","no_iea","GO:0032946",1,"positive regulation of mononuclear cell proliferation",0.00472440956403068,8,12,"positive regulation of cell population proliferation",3.54181505661033e-08
"KO_heat_up","BP","no_iea","GO:0045597",10,"positive regulation of cell differentiation",0.00472440956403068,21,15,"osteoclast differentiation",0.000220917457865586
"KO_heat_up","BP","no_iea","GO:0032944",1,"regulation of mononuclear cell proliferation",0.00472440956403068,10,12,"positive regulation of cell population proliferation",3.54181505661033e-08
"KO_heat_up","BP","no_iea","GO:0050818",13,"regulation of coagulation",0.00472440956403068,6,8,"regulation of coagulation",0.00472440956403068
"KO_heat_up","BP","no_iea","GO:0007159",14,"leukocyte cell-cell adhesion",0.0052970774543379,15,6,"leukocyte cell-cell adhesion",0.0052970774543379
"KO_heat_up","BP","no_iea","GO:0042098",6,"T cell proliferation",0.00547249079869942,9,18,"regulation of cell activation",4.79676610316781e-05
"KO_heat_up","BP","no_iea","GO:0044057",13,"regulation of system process",0.00585378404681962,14,8,"regulation of coagulation",0.00472440956403068
"KO_heat_up","BP","no_iea","GO:0019221",15,"cytokine-mediated signaling pathway",0.00598191474428033,17,5,"cytokine-mediated signaling pathway",0.00598191474428033
"KO_heat_up","BP","no_iea","GO:0022409",14,"positive regulation of cell-cell adhesion",0.00603116741239361,13,6,"leukocyte cell-cell adhesion",0.0052970774543379
"KO_heat_up","BP","no_iea","GO:1903039",14,"positive regulation of leukocyte cell-cell adhesion",0.00605914845248437,12,6,"leukocyte cell-cell adhesion",0.0052970774543379
"KO_heat_up","BP","no_iea","GO:0034103",13,"regulation of tissue remodeling",0.00615073595362888,6,8,"regulation of coagulation",0.00472440956403068
"KO_heat_up","BP","no_iea","GO:0050727",2,"regulation of inflammatory response",0.00636394191357237,14,9,"inflammatory response",2.14153712188979e-06
"KO_heat_up","BP","no_iea","GO:0045785",14,"positive regulation of cell adhesion",0.00677163089133311,16,6,"leukocyte cell-cell adhesion",0.0052970774543379
"KO_heat_up","BP","no_iea","GO:0050679",1,"positive regulation of epithelial cell proliferation",0.00677163089133311,8,12,"positive regulation of cell population proliferation",3.54181505661033e-08
"KO_heat_up","BP","no_iea","GO:0030595",8,"leukocyte chemotaxis",0.00677163089133311,10,18,"positive regulation of cell motility",0.00020446119781434
"KO_heat_up","BP","no_iea","GO:0051249",6,"regulation of lymphocyte activation",0.00707619462619836,16,18,"regulation of cell activation",4.79676610316781e-05
"KO_heat_up","BP","no_iea","GO:0072676",8,"lymphocyte migration",0.0077906278439293,7,18,"positive regulation of cell motility",0.00020446119781434
"KO_heat_up","BP","no_iea","GO:0061844",12,"antimicrobial humoral immune response mediated by antimicrobial peptide",0.0077906278439293,6,3,"humoral immune response",0.00377960105164424
"KO_heat_up","BP","no_iea","GO:0022407",14,"regulation of cell-cell adhesion",0.0077906278439293,16,6,"leukocyte cell-cell adhesion",0.0052970774543379
"KO_heat_up","BP","no_iea","GO:0002548",8,"monocyte chemotaxis",0.00809303072274552,5,18,"positive regulation of cell motility",0.00020446119781434
"KO_heat_up","BP","no_iea","GO:0050819",13,"negative regulation of coagulation",0.00809303072274552,5,8,"regulation of coagulation",0.00472440956403068
"KO_heat_up","BP","no_iea","GO:0050870",6,"positive regulation of T cell activation",0.00864216860235682,11,18,"regulation of cell activation",4.79676610316781e-05
"KO_heat_up","BP","no_iea","GO:0009187",16,"cyclic nucleotide metabolic process",0.0101536541748204,4,7,"cyclic nucleotide metabolic process",0.0101536541748204
"KO_heat_up","BP","no_iea","GO:0048146",1,"positive regulation of fibroblast proliferation",0.0101536541748204,4,12,"positive regulation of cell population proliferation",3.54181505661033e-08
"KO_heat_up","BP","no_iea","GO:0052652",16,"cyclic purine nucleotide metabolic process",0.0101536541748204,4,7,"cyclic nucleotide metabolic process",0.0101536541748204
"KO_heat_up","BP","no_iea","GO:0097192",5,"extrinsic apoptotic signaling pathway in absence of ligand",0.0101536541748204,5,23,"G protein-coupled receptor signaling pathway",1.53878935578828e-05
"KO_heat_up","BP","no_iea","GO:0042129",6,"regulation of T cell proliferation",0.010256019593718,8,18,"regulation of cell activation",4.79676610316781e-05
"KO_heat_up","BP","no_iea","GO:1903532",17,"positive regulation of secretion by cell",0.0109527262355037,10,9,"positive regulation of secretion by cell",0.0109527262355037
"KO_heat_up","BP","no_iea","GO:0042060",2,"wound healing",0.0109527262355037,14,9,"inflammatory response",2.14153712188979e-06
"KO_heat_up","BP","no_iea","GO:0048260",17,"positive regulation of receptor-mediated endocytosis",0.0110945867231626,5,9,"positive regulation of secretion by cell",0.0109527262355037
"KO_heat_up","BP","no_iea","GO:0045765",3,"regulation of angiogenesis",0.0118949586693296,11,23,"tube development",6.26032358030719e-06
"KO_heat_up","BP","no_iea","GO:0038034",5,"signal transduction in absence of ligand",0.0122696603478639,5,23,"G protein-coupled receptor signaling pathway",1.53878935578828e-05
"KO_heat_up","BP","no_iea","GO:0071345",15,"cellular response to cytokine stimulus",0.0122696603478639,19,5,"cytokine-mediated signaling pathway",0.00598191474428033
"KO_heat_up","BP","no_iea","GO:0007409",18,"axonogenesis",0.0122696603478639,12,8,"axonogenesis",0.0122696603478639
"KO_heat_up","BP","no_iea","GO:0097529",8,"myeloid leukocyte migration",0.0122696603478639,9,18,"positive regulation of cell motility",0.00020446119781434
"KO_heat_up","BP","no_iea","GO:0007610",9,"behavior",0.0123640118762465,10,5,"positive regulation of locomotion",0.000220917457865586
"KO_heat_up","BP","no_iea","GO:0050878",19,"regulation of body fluid levels",0.0127298669937357,11,5,"regulation of body fluid levels",0.0127298669937357
"KO_heat_up","BP","no_iea","GO:1903037",14,"regulation of leukocyte cell-cell adhesion",0.0130263251827082,13,6,"leukocyte cell-cell adhesion",0.0052970774543379
"KO_heat_up","BP","no_iea","GO:1901342",3,"regulation of vasculature development",0.0130263251827082,11,23,"tube development",6.26032358030719e-06
"KO_heat_up","BP","no_iea","GO:0048858",18,"cell projection morphogenesis",0.0136189280580985,16,8,"axonogenesis",0.0122696603478639
"KO_heat_up","BP","no_iea","GO:0048667",18,"cell morphogenesis involved in neuron differentiation",0.013660334027702,14,8,"axonogenesis",0.0122696603478639
"KO_heat_up","BP","no_iea","GO:0001934",20,"positive regulation of protein phosphorylation",0.0137951730033575,11,6,"positive regulation of protein phosphorylation",0.0137951730033575
"KO_heat_up","BP","no_iea","GO:0061041",2,"regulation of wound healing",0.0140486541901626,7,9,"inflammatory response",2.14153712188979e-06
"KO_heat_up","BP","no_iea","GO:0030099",10,"myeloid cell differentiation",0.0140486541901626,13,15,"osteoclast differentiation",0.000220917457865586
"KO_heat_up","BP","no_iea","GO:0051251",6,"positive regulation of lymphocyte activation",0.0140486541901626,12,18,"regulation of cell activation",4.79676610316781e-05
"KO_heat_up","BP","no_iea","GO:0051047",17,"positive regulation of secretion",0.0140931645050938,10,9,"positive regulation of secretion by cell",0.0109527262355037
"KO_heat_up","BP","no_iea","GO:0070372",5,"regulation of ERK1 and ERK2 cascade",0.0140931645050938,10,23,"G protein-coupled receptor signaling pathway",1.53878935578828e-05
"KO_heat_up","BP","no_iea","GO:0009611",2,"response to wounding",0.0150302008376914,15,9,"inflammatory response",2.14153712188979e-06
"KO_heat_up","BP","no_iea","GO:0045780",13,"positive regulation of bone resorption",0.0151295878591414,3,8,"regulation of coagulation",0.00472440956403068
"KO_heat_up","BP","no_iea","GO:0048245",8,"eosinophil chemotaxis",0.0151295878591414,3,18,"positive regulation of cell motility",0.00020446119781434
"KO_heat_up","BP","no_iea","GO:0048520",9,"positive regulation of behavior",0.0151295878591414,3,5,"positive regulation of locomotion",0.000220917457865586
"KO_heat_up","BP","no_iea","GO:0072497",10,"mesenchymal stem cell differentiation",0.0151295878591414,3,15,"osteoclast differentiation",0.000220917457865586
"KO_heat_up","BP","no_iea","GO:0051897",5,"positive regulation of phosphatidylinositol 3-kinase/protein kinase B signal transduction",0.0158330513820947,9,23,"G protein-coupled receptor signaling pathway",1.53878935578828e-05
"KO_heat_up","BP","no_iea","GO:0006897",17,"endocytosis",0.0161557767353795,18,9,"positive regulation of secretion by cell",0.0109527262355037
"KO_heat_up","BP","no_iea","GO:0002274",6,"myeloid leukocyte activation",0.0172745045181264,9,18,"regulation of cell activation",4.79676610316781e-05
"KO_heat_up","BP","no_iea","GO:0007188",5,"adenylate cyclase-modulating G protein-coupled receptor signaling pathway",0.0186332020640912,9,23,"G protein-coupled receptor signaling pathway",1.53878935578828e-05
"KO_heat_up","BP","no_iea","GO:0048812",18,"neuron projection morphogenesis",0.0186332020640912,15,8,"axonogenesis",0.0122696603478639
"KO_heat_up","BP","no_iea","GO:0032604",7,"granulocyte macrophage colony-stimulating factor production",0.0186332020640912,3,8,"positive regulation of cytokine production",5.95847674337426e-05
"KO_heat_up","BP","no_iea","GO:0032645",7,"regulation of granulocyte macrophage colony-stimulating factor production",0.0186332020640912,3,8,"positive regulation of cytokine production",5.95847674337426e-05
"KO_heat_up","BP","no_iea","GO:0072210",3,"metanephric nephron development",0.0186332020640912,3,23,"tube development",6.26032358030719e-06
"KO_heat_up","BP","no_iea","GO:0030193",19,"regulation of blood coagulation",0.0186332020640912,5,5,"regulation of body fluid levels",0.0127298669937357
"KO_heat_up","BP","no_iea","GO:0045670",10,"regulation of osteoclast differentiation",0.0186332020640912,5,15,"osteoclast differentiation",0.000220917457865586
"KO_heat_up","BP","no_iea","GO:1902895",16,"positive regulation of miRNA transcription",0.0186332020640912,5,7,"cyclic nucleotide metabolic process",0.0101536541748204
"KO_heat_up","BP","no_iea","GO:0033993",15,"response to lipid",0.0187588785694732,17,5,"cytokine-mediated signaling pathway",0.00598191474428033
"KO_heat_up","BP","no_iea","GO:0014910",8,"regulation of smooth muscle cell migration",0.0200752333503396,4,18,"positive regulation of cell motility",0.00020446119781434
"KO_heat_up","BP","no_iea","GO:1900046",19,"regulation of hemostasis",0.0202502582230333,5,5,"regulation of body fluid levels",0.0127298669937357
"KO_heat_up","BP","no_iea","GO:0042327",20,"positive regulation of phosphorylation",0.0205487299251631,11,6,"positive regulation of protein phosphorylation",0.0137951730033575
"KO_heat_up","BP","no_iea","GO:0050729",2,"positive regulation of inflammatory response",0.0209033863615048,8,9,"inflammatory response",2.14153712188979e-06
"KO_heat_up","BP","no_iea","GO:0060284",10,"regulation of cell development",0.0209033863615048,18,15,"osteoclast differentiation",0.000220917457865586
"KO_heat_up","BP","no_iea","GO:0045124",13,"regulation of bone resorption",0.0222415775495032,4,8,"regulation of coagulation",0.00472440956403068
"KO_heat_up","BP","no_iea","GO:0048247",8,"lymphocyte chemotaxis",0.0222415775495032,4,18,"positive regulation of cell motility",0.00020446119781434
"KO_heat_up","BP","no_iea","GO:0048259",17,"regulation of receptor-mediated endocytosis",0.0223060988489974,6,9,"positive regulation of secretion by cell",0.0109527262355037
"KO_heat_up","BP","no_iea","GO:0071800",21,"podosome assembly",0.0223094146499983,3,1,"podosome assembly",0.0223094146499983
"KO_heat_up","BP","no_iea","GO:0061564",18,"axon development",0.0223094146499983,12,8,"axonogenesis",0.0122696603478639
"KO_heat_up","BP","no_iea","GO:0050817",11,"coagulation",0.0228567594288369,9,8,"tissue remodeling",0.00288109648792928
"KO_heat_up","BP","no_iea","GO:0019730",12,"antimicrobial humoral response",0.0233810993549343,6,3,"humoral immune response",0.00377960105164424
"KO_heat_up","BP","no_iea","GO:0120039",18,"plasma membrane bounded cell projection morphogenesis",0.0241346896338834,15,8,"axonogenesis",0.0122696603478639
"KO_heat_up","BP","no_iea","GO:0070371",5,"ERK1 and ERK2 cascade",0.0243355085095055,10,23,"G protein-coupled receptor signaling pathway",1.53878935578828e-05
"KO_heat_up","BP","no_iea","GO:0043500",11,"muscle adaptation",0.0248508654779734,5,8,"tissue remodeling",0.00288109648792928
"KO_heat_up","BP","no_iea","GO:2000401",8,"regulation of lymphocyte migration",0.0270571731056652,5,18,"positive regulation of cell motility",0.00020446119781434
"KO_heat_up","BP","no_iea","GO:0050863",6,"regulation of T cell activation",0.0270571731056652,12,18,"regulation of cell activation",4.79676610316781e-05
"KO_heat_up","BP","no_iea","GO:0050795",9,"regulation of behavior",0.0271677386855867,4,5,"positive regulation of locomotion",0.000220917457865586
"KO_heat_up","BP","no_iea","GO:0070848",15,"response to growth factor",0.0275267016853882,16,5,"cytokine-mediated signaling pathway",0.00598191474428033
"KO_heat_up","BP","no_iea","GO:0042110",6,"T cell activation",0.0279138516538198,15,18,"regulation of cell activation",4.79676610316781e-05
"KO_heat_up","BP","no_iea","GO:0072678",8,"T cell migration",0.0285172063121675,5,18,"positive regulation of cell motility",0.00020446119781434
"KO_heat_up","BP","no_iea","GO:2000630",16,"positive regulation of miRNA metabolic process",0.0285172063121675,5,7,"cyclic nucleotide metabolic process",0.0101536541748204
"KO_heat_up","BP","no_iea","GO:0001822",3,"kidney development",0.0285172063121675,7,23,"tube development",6.26032358030719e-06
"KO_heat_up","BP","no_iea","GO:0000165",5,"MAPK cascade",0.0293095600217059,18,23,"G protein-coupled receptor signaling pathway",1.53878935578828e-05
"KO_heat_up","BP","no_iea","GO:0002762",10,"negative regulation of myeloid leukocyte differentiation",0.0293095600217059,4,15,"osteoclast differentiation",0.000220917457865586
"KO_heat_up","BP","no_iea","GO:2000403",8,"positive regulation of lymphocyte migration",0.0293095600217059,4,18,"positive regulation of cell motility",0.00020446119781434
"KO_heat_up","BP","no_iea","GO:1903034",2,"regulation of response to wounding",0.0294043366567044,7,9,"inflammatory response",2.14153712188979e-06
"KO_heat_up","BP","no_iea","GO:0043408",5,"regulation of MAPK cascade",0.0294043366567044,16,23,"G protein-coupled receptor signaling pathway",1.53878935578828e-05
"KO_heat_up","BP","no_iea","GO:0150076",2,"neuroinflammatory response",0.0296275484391581,5,9,"inflammatory response",2.14153712188979e-06
"KO_heat_up","BP","no_iea","GO:0007369",3,"gastrulation",0.0296275484391581,6,23,"tube development",6.26032358030719e-06
"KO_heat_up","BP","no_iea","GO:0042325",20,"regulation of phosphorylation",0.0296275484391581,15,6,"positive regulation of protein phosphorylation",0.0137951730033575
"KO_heat_up","BP","no_iea","GO:0050673",1,"epithelial cell proliferation",0.0296812751004112,10,12,"positive regulation of cell population proliferation",3.54181505661033e-08
"KO_heat_up","BP","no_iea","GO:0072001",3,"renal system development",0.0298277837956632,7,23,"tube development",6.26032358030719e-06
"KO_heat_up","BP","no_iea","GO:0009190",16,"cyclic nucleotide biosynthetic process",0.0298277837956632,3,7,"cyclic nucleotide metabolic process",0.0101536541748204
"KO_heat_up","BP","no_iea","GO:0010755",7,"regulation of plasminogen activation",0.0298277837956632,3,8,"positive regulation of cytokine production",5.95847674337426e-05
"KO_heat_up","BP","no_iea","GO:0014909",8,"smooth muscle cell migration",0.0307253585431978,4,18,"positive regulation of cell motility",0.00020446119781434
"KO_heat_up","BP","no_iea","GO:0046850",13,"regulation of bone remodeling",0.0307253585431978,4,8,"regulation of coagulation",0.00472440956403068
"KO_heat_up","BP","no_iea","GO:0070613",7,"regulation of protein processing",0.0307253585431978,4,8,"positive regulation of cytokine production",5.95847674337426e-05
"KO_heat_up","BP","no_iea","GO:0001932",20,"regulation of protein phosphorylation",0.0318059411815374,14,6,"positive regulation of protein phosphorylation",0.0137951730033575
"KO_heat_up","BP","no_iea","GO:0022603",10,"regulation of anatomical structure morphogenesis",0.0318096633034247,18,15,"osteoclast differentiation",0.000220917457865586
"KO_heat_up","BP","no_iea","GO:0043588",3,"skin development",0.0330580472110098,7,23,"tube development",6.26032358030719e-06
"KO_heat_up","BP","no_iea","GO:0007169",5,"cell surface receptor protein tyrosine kinase signaling pathway",0.0330580472110098,16,23,"G protein-coupled receptor signaling pathway",1.53878935578828e-05
"KO_heat_up","BP","no_iea","GO:0003073",11,"regulation of systemic arterial blood pressure",0.0330580472110098,4,8,"tissue remodeling",0.00288109648792928
"KO_heat_up","BP","no_iea","GO:0030195",19,"negative regulation of blood coagulation",0.0330580472110098,4,5,"regulation of body fluid levels",0.0127298669937357
"KO_heat_up","BP","no_iea","GO:0045453",13,"bone resorption",0.0330580472110098,4,8,"regulation of coagulation",0.00472440956403068
"KO_heat_up","BP","no_iea","GO:1900047",19,"negative regulation of hemostasis",0.0330580472110098,4,5,"regulation of body fluid levels",0.0127298669937357
"KO_heat_up","BP","no_iea","GO:0008544",3,"epidermis development",0.0337245746829312,8,23,"tube development",6.26032358030719e-06
"KO_heat_up","BP","no_iea","GO:0042104",6,"positive regulation of activated T cell proliferation",0.0338515930838596,3,18,"regulation of cell activation",4.79676610316781e-05
"KO_heat_up","BP","no_iea","GO:0035051",3,"cardiocyte differentiation",0.0340448364277125,5,23,"tube development",6.26032358030719e-06
"KO_heat_up","BP","no_iea","GO:1905954",9,"positive regulation of lipid localization",0.0340448364277125,5,5,"positive regulation of locomotion",0.000220917457865586
"KO_heat_up","BP","no_iea","GO:1903557",7,"positive regulation of tumor necrosis factor superfamily cytokine production",0.0343382089927835,6,8,"positive regulation of cytokine production",5.95847674337426e-05
"KO_heat_up","BP","no_iea","GO:0048008",5,"platelet-derived growth factor receptor signaling pathway",0.0357054707004086,4,23,"G protein-coupled receptor signaling pathway",1.53878935578828e-05
"KO_heat_up","BP","no_iea","GO:1903317",7,"regulation of protein maturation",0.0357054707004086,4,8,"positive regulation of cytokine production",5.95847674337426e-05
"KO_heat_up","BP","no_iea","GO:0048729",3,"tissue morphogenesis",0.0362357261763432,11,23,"tube development",6.26032358030719e-06
"KO_heat_up","BP","no_iea","GO:0007507",3,"heart development",0.0372700238856202,11,23,"tube development",6.26032358030719e-06
"KO_heat_up","BP","no_iea","GO:0002761",10,"regulation of myeloid leukocyte differentiation",0.0380326850889394,6,15,"osteoclast differentiation",0.000220917457865586
"KO_heat_up","BP","no_iea","GO:0061061",10,"muscle structure development",0.0380326850889394,13,15,"osteoclast differentiation",0.000220917457865586
"KO_heat_up","BP","no_iea","GO:0031639",7,"plasminogen activation",0.0384723857432902,3,8,"positive regulation of cytokine production",5.95847674337426e-05
"KO_heat_up","BP","no_iea","GO:0140353",17,"lipid export from cell",0.0384723857432902,3,9,"positive regulation of secretion by cell",0.0109527262355037
"KO_heat_up","BP","no_iea","GO:0003013",11,"circulatory system process",0.0384723857432902,13,8,"tissue remodeling",0.00288109648792928
"KO_heat_up","BP","no_iea","GO:0071363",15,"cellular response to growth factor stimulus",0.0393967621013654,15,5,"cytokine-mediated signaling pathway",0.00598191474428033
"KO_heat_up","BP","no_iea","GO:0042692",10,"muscle cell differentiation",0.0393967621013654,9,15,"osteoclast differentiation",0.000220917457865586
"KO_heat_up","BP","no_iea","GO:0032940",17,"secretion by cell",0.0399842370239755,17,9,"positive regulation of secretion by cell",0.0109527262355037
"KO_heat_up","BP","no_iea","GO:0046887",17,"positive regulation of hormone secretion",0.0402435510607383,5,9,"positive regulation of secretion by cell",0.0109527262355037
"KO_heat_up","BP","no_iea","GO:0150077",2,"regulation of neuroinflammatory response",0.0418028889746637,4,9,"inflammatory response",2.14153712188979e-06
"KO_heat_up","BP","no_iea","GO:0046649",6,"lymphocyte activation",0.042204760832553,18,18,"regulation of cell activation",4.79676610316781e-05
"KO_heat_up","BP","no_iea","GO:0046903",17,"secretion",0.042204760832553,18,9,"positive regulation of secretion by cell",0.0109527262355037
"KO_heat_up","BP","no_iea","GO:1902893",16,"regulation of miRNA transcription",0.0424817011501849,5,7,"cyclic nucleotide metabolic process",0.0101536541748204
"KO_heat_up","BP","no_iea","GO:0007229",5,"integrin-mediated signaling pathway",0.0424817011501849,6,23,"G protein-coupled receptor signaling pathway",1.53878935578828e-05
"KO_heat_up","BP","no_iea","GO:0010562",20,"positive regulation of phosphorus metabolic process",0.0424817011501849,11,6,"positive regulation of protein phosphorylation",0.0137951730033575
"KO_heat_up","BP","no_iea","GO:0045937",20,"positive regulation of phosphate metabolic process",0.0424817011501849,11,6,"positive regulation of protein phosphorylation",0.0137951730033575
"KO_heat_up","BP","no_iea","GO:0001707",3,"mesoderm formation",0.0424817011501849,3,23,"tube development",6.26032358030719e-06
"KO_heat_up","BP","no_iea","GO:0045671",10,"negative regulation of osteoclast differentiation",0.0424817011501849,3,15,"osteoclast differentiation",0.000220917457865586
"KO_heat_up","BP","no_iea","GO:0048332",3,"mesoderm morphogenesis",0.0424817011501849,3,23,"tube development",6.26032358030719e-06
"KO_heat_up","BP","no_iea","GO:0030324",3,"lung development",0.0440801370654506,4,23,"tube development",6.26032358030719e-06
"KO_heat_up","BP","no_iea","GO:0061614",16,"miRNA transcription",0.0440801370654506,5,7,"cyclic nucleotide metabolic process",0.0101536541748204
"KO_heat_up","BP","no_iea","GO:0008015",11,"blood circulation",0.0440801370654506,11,8,"tissue remodeling",0.00288109648792928
"KO_heat_up","BP","no_iea","GO:0007411",18,"axon guidance",0.0440801370654506,7,8,"axonogenesis",0.0122696603478639
"KO_heat_up","BP","no_iea","GO:0003012",11,"muscle system process",0.0440801370654506,10,8,"tissue remodeling",0.00288109648792928
"KO_heat_up","BP","no_iea","GO:0097485",18,"neuron projection guidance",0.0460500900020243,7,8,"axonogenesis",0.0122696603478639
"KO_heat_up","BP","no_iea","GO:1902105",10,"regulation of leukocyte differentiation",0.0462419855351243,10,15,"osteoclast differentiation",0.000220917457865586
"KO_heat_up","BP","no_iea","GO:0014812",8,"muscle cell migration",0.0462419855351243,4,18,"positive regulation of cell motility",0.00020446119781434
"KO_heat_up","BP","no_iea","GO:0030323",3,"respiratory tube development",0.0462419855351243,4,23,"tube development",6.26032358030719e-06
"KO_heat_up","BP","no_iea","GO:0048144",1,"fibroblast proliferation",0.0462419855351243,4,12,"positive regulation of cell population proliferation",3.54181505661033e-08
"KO_heat_up","BP","no_iea","GO:0048145",1,"regulation of fibroblast proliferation",0.0462419855351243,4,12,"positive regulation of cell population proliferation",3.54181505661033e-08
"KO_heat_up","BP","no_iea","GO:2000351",22,"regulation of endothelial cell apoptotic process",0.0462419855351243,4,1,"regulation of endothelial cell apoptotic process",0.0462419855351243
"Interaction_up","BP","no_iea","GO:0051607",1,"defense response to virus",3.05969700632595e-08,6,3,"defense response to virus",3.05969700632595e-08
"Interaction_up","BP","no_iea","GO:0009615",1,"response to virus",1.25915096018152e-07,6,3,"defense response to virus",3.05969700632595e-08
"Interaction_up","BP","no_iea","GO:0016032",2,"viral process",0.000451001652486345,4,12,"viral process",0.000451001652486345
"Interaction_up","BP","no_iea","GO:1903900",2,"regulation of viral life cycle",0.000682450249653629,3,12,"viral process",0.000451001652486345
"Interaction_up","BP","no_iea","GO:0050792",2,"regulation of viral process",0.00103185797163963,3,12,"viral process",0.000451001652486345
"Interaction_up","BP","no_iea","GO:0030224",3,"monocyte differentiation",0.00196782407547294,2,5,"monocyte differentiation",0.00196782407547294
"Interaction_up","BP","no_iea","GO:0019058",2,"viral life cycle",0.00284672971876809,3,12,"viral process",0.000451001652486345
"Interaction_up","BP","no_iea","GO:0035456",4,"response to interferon-beta",0.00284672971876809,2,2,"response to interferon-beta",0.00284672971876809
"Interaction_up","BP","no_iea","GO:0045071",2,"negative regulation of viral genome replication",0.00460495631143336,2,12,"viral process",0.000451001652486345
"Interaction_up","BP","no_iea","GO:0002218",5,"activation of innate immune response",0.00801589883334708,3,9,"activation of innate immune response",0.00801589883334708
"Interaction_up","BP","no_iea","GO:0048525",2,"negative regulation of viral process",0.00835861411887878,2,12,"viral process",0.000451001652486345
"Interaction_up","BP","no_iea","GO:0045069",2,"regulation of viral genome replication",0.00875507487147518,2,12,"viral process",0.000451001652486345
"Interaction_up","BP","no_iea","GO:0045089",5,"positive regulation of innate immune response",0.00958558285487803,3,9,"activation of innate immune response",0.00801589883334708
"Interaction_up","BP","no_iea","GO:0002833",5,"positive regulation of response to biotic stimulus",0.0103792565870299,3,9,"activation of innate immune response",0.00801589883334708
"Interaction_up","BP","no_iea","GO:0001819",6,"positive regulation of cytokine production",0.0103792565870299,3,7,"positive regulation of cytokine production",0.0103792565870299
"Interaction_up","BP","no_iea","GO:0032481",6,"positive regulation of type I interferon production",0.0103792565870299,2,7,"positive regulation of cytokine production",0.0103792565870299
"Interaction_up","BP","no_iea","GO:0019079",2,"viral genome replication",0.0113201482884096,2,12,"viral process",0.000451001652486345
"Interaction_up","BP","no_iea","GO:0045088",5,"regulation of innate immune response",0.0113926618025172,3,9,"activation of innate immune response",0.00801589883334708
"Interaction_up","BP","no_iea","GO:0031349",5,"positive regulation of defense response",0.0134407749422415,3,9,"activation of innate immune response",0.00801589883334708
"Interaction_up","BP","no_iea","GO:0002831",5,"regulation of response to biotic stimulus",0.0148435475799567,3,9,"activation of innate immune response",0.00801589883334708
"Interaction_up","BP","no_iea","GO:0002253",5,"activation of immune response",0.0150608834784901,3,9,"activation of innate immune response",0.00801589883334708
"Interaction_up","BP","no_iea","GO:0032479",6,"regulation of type I interferon production",0.0150608834784901,2,7,"positive regulation of cytokine production",0.0103792565870299
"Interaction_up","BP","no_iea","GO:0032606",6,"type I interferon production",0.0150608834784901,2,7,"positive regulation of cytokine production",0.0103792565870299
"Interaction_up","BP","no_iea","GO:0032103",5,"positive regulation of response to external stimulus",0.0169406960953291,3,9,"activation of innate immune response",0.00801589883334708
"Interaction_up","BP","no_iea","GO:0002573",3,"myeloid leukocyte differentiation",0.0220381384269772,2,5,"monocyte differentiation",0.00196782407547294
"Interaction_up","BP","no_iea","GO:0062207",7,"regulation of pattern recognition receptor signaling pathway",0.0245097224722939,2,8,"regulation of pattern recognition receptor signaling pathway",0.0245097224722939
"Interaction_up","BP","no_iea","GO:0002753",7,"cytoplasmic pattern recognition receptor signaling pathway",0.032379560228876,2,8,"regulation of pattern recognition receptor signaling pathway",0.0245097224722939
"Interaction_up","BP","no_iea","GO:0033032",8,"regulation of myeloid cell apoptotic process",0.0372736954983393,1,4,"regulation of myeloid cell apoptotic process",0.0372736954983393
"Interaction_up","BP","no_iea","GO:0039530",1,"MDA-5 signaling pathway",0.0372736954983393,1,3,"defense response to virus",3.05969700632595e-08
"Interaction_up","BP","no_iea","GO:0006925",8,"inflammatory cell apoptotic process",0.039245337797516,1,4,"regulation of myeloid cell apoptotic process",0.0372736954983393
"Interaction_up","BP","no_iea","GO:0050907",9,"detection of chemical stimulus involved in sensory perception",0.039245337797516,1,2,"detection of chemical stimulus involved in sensory perception",0.039245337797516
"Interaction_up","BP","no_iea","GO:0050909",9,"sensory perception of taste",0.039245337797516,1,2,"detection of chemical stimulus involved in sensory perception",0.039245337797516
"Interaction_up","BP","no_iea","GO:0033028",8,"myeloid cell apoptotic process",0.039245337797516,1,4,"regulation of myeloid cell apoptotic process",0.0372736954983393
"Interaction_up","BP","no_iea","GO:0045655",3,"regulation of monocyte differentiation",0.039245337797516,1,5,"monocyte differentiation",0.00196782407547294
"Interaction_up","BP","no_iea","GO:0046597",2,"host-mediated suppression of symbiont invasion",0.039245337797516,1,12,"viral process",0.000451001652486345
"Interaction_up","BP","no_iea","GO:0002756",7,"MyD88-independent toll-like receptor signaling pathway",0.039245337797516,1,8,"regulation of pattern recognition receptor signaling pathway",0.0245097224722939
"Interaction_up","BP","no_iea","GO:0141086",10,"negative regulation of inflammasome-mediated signaling pathway",0.039245337797516,1,1,"negative regulation of inflammasome-mediated signaling pathway",0.039245337797516
"Interaction_up","BP","no_iea","GO:0043392",11,"negative regulation of DNA binding",0.039245337797516,1,1,"negative regulation of DNA binding",0.039245337797516
"Interaction_up","BP","no_iea","GO:0044790",2,"suppression of viral release by host",0.039245337797516,1,12,"viral process",0.000451001652486345
"Interaction_up","BP","no_iea","GO:0002221",7,"pattern recognition receptor signaling pathway",0.039245337797516,2,8,"regulation of pattern recognition receptor signaling pathway",0.0245097224722939
"Interaction_up","BP","no_iea","GO:0030099",3,"myeloid cell differentiation",0.039245337797516,2,5,"monocyte differentiation",0.00196782407547294
"Interaction_up","BP","no_iea","GO:0002758",5,"innate immune response-activating signaling pathway",0.039245337797516,2,9,"activation of innate immune response",0.00801589883334708
"Interaction_up","BP","no_iea","GO:0002755",7,"MyD88-dependent toll-like receptor signaling pathway",0.039245337797516,1,8,"regulation of pattern recognition receptor signaling pathway",0.0245097224722939
"Interaction_up","BP","no_iea","GO:0046596",2,"regulation of viral entry into host cell",0.039245337797516,1,12,"viral process",0.000451001652486345
"Interaction_up","BP","no_iea","GO:0031664",7,"regulation of lipopolysaccharide-mediated signaling pathway",0.0431473593137593,1,8,"regulation of pattern recognition receptor signaling pathway",0.0245097224722939
"Interaction_up","BP","no_iea","GO:0032727",6,"positive regulation of interferon-alpha production",0.0458775107524034,1,7,"positive regulation of cytokine production",0.0103792565870299
"Interaction_up","BP","no_iea","GO:2000107",8,"negative regulation of leukocyte apoptotic process",0.0458775107524034,1,4,"regulation of myeloid cell apoptotic process",0.0372736954983393
"Interaction_up","BP","no_iea","GO:0052372",2,"modulation by symbiont of entry into host",0.0471555168418438,1,12,"viral process",0.000451001652486345
"Interaction_up","BP","no_iea","GO:0035458",4,"cellular response to interferon-beta",0.0483802156592296,1,2,"response to interferon-beta",0.00284672971876809
"Interaction_up","BP","no_iea","GO:0030522",7,"intracellular receptor signaling pathway",0.0487696990619017,2,8,"regulation of pattern recognition receptor signaling pathway",0.0245097224722939
"Interaction_up","BP","no_iea","GO:1903131",3,"mononuclear cell differentiation",0.0487696990619017,2,5,"monocyte differentiation",0.00196782407547294
"Interaction_up","BP","no_iea","GO:0032607",6,"interferon-alpha production",0.0487696990619017,1,7,"positive regulation of cytokine production",0.0103792565870299
"Interaction_up","BP","no_iea","GO:0032647",6,"regulation of interferon-alpha production",0.0487696990619017,1,7,"positive regulation of cytokine production",0.0103792565870299
"Interaction_up","BP","no_iea","GO:0034121",7,"regulation of toll-like receptor signaling pathway",0.0498479967253243,1,8,"regulation of pattern recognition receptor signaling pathway",0.0245097224722939
"Interaction_fdrOnly_up","BP","no_iea","GO:0009615",1,"response to virus",2.08975840573322e-11,11,10,"response to virus",2.08975840573322e-11
"Interaction_fdrOnly_up","BP","no_iea","GO:0051607",1,"defense response to virus",2.08975840573322e-11,10,10,"response to virus",2.08975840573322e-11
"Interaction_fdrOnly_up","BP","no_iea","GO:0050792",2,"regulation of viral process",2.11085360047821e-06,6,16,"regulation of viral process",2.11085360047821e-06
"Interaction_fdrOnly_up","BP","no_iea","GO:0016032",2,"viral process",8.33360335275275e-06,7,16,"regulation of viral process",2.11085360047821e-06
"Interaction_fdrOnly_up","BP","no_iea","GO:1903900",2,"regulation of viral life cycle",2.20092493130029e-05,5,16,"regulation of viral process",2.11085360047821e-06
"Interaction_fdrOnly_up","BP","no_iea","GO:0001819",3,"positive regulation of cytokine production",5.37778606991448e-05,7,29,"positive regulation of cytokine production",5.37778606991448e-05
"Interaction_fdrOnly_up","BP","no_iea","GO:0045088",4,"regulation of innate immune response",7.84989530410155e-05,7,16,"regulation of innate immune response",7.84989530410155e-05
"Interaction_fdrOnly_up","BP","no_iea","GO:0048525",2,"negative regulation of viral process",0.000118578173238742,4,16,"regulation of viral process",2.11085360047821e-06
"Interaction_fdrOnly_up","BP","no_iea","GO:0002831",4,"regulation of response to biotic stimulus",0.000143609284144074,7,16,"regulation of innate immune response",7.84989530410155e-05
"Interaction_fdrOnly_up","BP","no_iea","GO:0002218",4,"activation of innate immune response",0.000145356222250925,6,16,"regulation of innate immune response",7.84989530410155e-05
"Interaction_fdrOnly_up","BP","no_iea","GO:0140374",1,"antiviral innate immune response",0.000145356222250925,4,10,"response to virus",2.08975840573322e-11
"Interaction_fdrOnly_up","BP","no_iea","GO:0032103",4,"positive regulation of response to external stimulus",0.000218831848323486,7,16,"regulation of innate immune response",7.84989530410155e-05
"Interaction_fdrOnly_up","BP","no_iea","GO:0030522",5,"intracellular receptor signaling pathway",0.000218831848323486,6,14,"intracellular receptor signaling pathway",0.000218831848323486
"Interaction_fdrOnly_up","BP","no_iea","GO:0032481",3,"positive regulation of type I interferon production",0.000218831848323486,4,29,"positive regulation of cytokine production",5.37778606991448e-05
"Interaction_fdrOnly_up","BP","no_iea","GO:0019058",2,"viral life cycle",0.000218831848323486,5,16,"regulation of viral process",2.11085360047821e-06
"Interaction_fdrOnly_up","BP","no_iea","GO:0045089",4,"positive regulation of innate immune response",0.000218831848323486,6,16,"regulation of innate immune response",7.84989530410155e-05
"Interaction_fdrOnly_up","BP","no_iea","GO:0002753",5,"cytoplasmic pattern recognition receptor signaling pathway",0.000218831848323486,5,14,"intracellular receptor signaling pathway",0.000218831848323486
"Interaction_fdrOnly_up","BP","no_iea","GO:0002833",4,"positive regulation of response to biotic stimulus",0.000273679226150247,6,16,"regulation of innate immune response",7.84989530410155e-05
"Interaction_fdrOnly_up","BP","no_iea","GO:0032479",3,"regulation of type I interferon production",0.000682152916298325,4,29,"positive regulation of cytokine production",5.37778606991448e-05
"Interaction_fdrOnly_up","BP","no_iea","GO:0032606",3,"type I interferon production",0.000682152916298325,4,29,"positive regulation of cytokine production",5.37778606991448e-05
"Interaction_fdrOnly_up","BP","no_iea","GO:0031349",4,"positive regulation of defense response",0.000700802970670756,6,16,"regulation of innate immune response",7.84989530410155e-05
"Interaction_fdrOnly_up","BP","no_iea","GO:0045071",2,"negative regulation of viral genome replication",0.000724423927868573,3,16,"regulation of viral process",2.11085360047821e-06
"Interaction_fdrOnly_up","BP","no_iea","GO:0002221",5,"pattern recognition receptor signaling pathway",0.000773255362666347,5,14,"intracellular receptor signaling pathway",0.000218831848323486
"Interaction_fdrOnly_up","BP","no_iea","GO:0002758",4,"innate immune response-activating signaling pathway",0.000846026730121857,5,16,"regulation of innate immune response",7.84989530410155e-05
"Interaction_fdrOnly_up","BP","no_iea","GO:0002253",4,"activation of immune response",0.00104301483658897,6,16,"regulation of innate immune response",7.84989530410155e-05
"Interaction_fdrOnly_up","BP","no_iea","GO:0062207",5,"regulation of pattern recognition receptor signaling pathway",0.00176414173191326,4,14,"intracellular receptor signaling pathway",0.000218831848323486
"Interaction_fdrOnly_up","BP","no_iea","GO:0039530",5,"MDA-5 signaling pathway",0.00214758840750456,2,14,"intracellular receptor signaling pathway",0.000218831848323486
"Interaction_fdrOnly_up","BP","no_iea","GO:0045069",2,"regulation of viral genome replication",0.00230303030071461,3,16,"regulation of viral process",2.11085360047821e-06
"Interaction_fdrOnly_up","BP","no_iea","GO:0051092",6,"positive regulation of NF-kappaB transcription factor activity",0.00333092622553595,3,3,"positive regulation of NF-kappaB transcription factor activity",0.00333092622553595
"Interaction_fdrOnly_up","BP","no_iea","GO:0034340",1,"response to type I interferon",0.0034970306855492,3,10,"response to virus",2.08975840573322e-11
"Interaction_fdrOnly_up","BP","no_iea","GO:0045824",4,"negative regulation of innate immune response",0.00411924717049122,3,16,"regulation of innate immune response",7.84989530410155e-05
"Interaction_fdrOnly_up","BP","no_iea","GO:0046596",2,"regulation of viral entry into host cell",0.00480525436493356,2,16,"regulation of viral process",2.11085360047821e-06
"Interaction_fdrOnly_up","BP","no_iea","GO:0019079",2,"viral genome replication",0.00481821577431619,3,16,"regulation of viral process",2.11085360047821e-06
"Interaction_fdrOnly_up","BP","no_iea","GO:0002757",4,"immune response-activating signaling pathway",0.00591495236109555,5,16,"regulation of innate immune response",7.84989530410155e-05
"Interaction_fdrOnly_up","BP","no_iea","GO:0051091",6,"positive regulation of DNA-binding transcription factor activity",0.00613261233094158,3,3,"positive regulation of NF-kappaB transcription factor activity",0.00333092622553595
"Interaction_fdrOnly_up","BP","no_iea","GO:0002764",4,"immune response-regulating signaling pathway",0.00655580380491259,5,16,"regulation of innate immune response",7.84989530410155e-05
"Interaction_fdrOnly_up","BP","no_iea","GO:0032727",3,"positive regulation of interferon-alpha production",0.00655580380491259,2,29,"positive regulation of cytokine production",5.37778606991448e-05
"Interaction_fdrOnly_up","BP","no_iea","GO:0030224",7,"monocyte differentiation",0.00686793300576039,2,1,"monocyte differentiation",0.00686793300576039
"Interaction_fdrOnly_up","BP","no_iea","GO:0052372",2,"modulation by symbiont of entry into host",0.00686793300576039,2,16,"regulation of viral process",2.11085360047821e-06
"Interaction_fdrOnly_up","BP","no_iea","GO:0071345",1,"cellular response to cytokine stimulus",0.00726791846102919,5,10,"response to virus",2.08975840573322e-11
"Interaction_fdrOnly_up","BP","no_iea","GO:0002832",4,"negative regulation of response to biotic stimulus",0.00726791846102919,3,16,"regulation of innate immune response",7.84989530410155e-05
"Interaction_fdrOnly_up","BP","no_iea","GO:0032607",3,"interferon-alpha production",0.00797847277076057,2,29,"positive regulation of cytokine production",5.37778606991448e-05
"Interaction_fdrOnly_up","BP","no_iea","GO:0032647",3,"regulation of interferon-alpha production",0.00797847277076057,2,29,"positive regulation of cytokine production",5.37778606991448e-05
"Interaction_fdrOnly_up","BP","no_iea","GO:0046825",8,"regulation of protein export from nucleus",0.00797847277076057,2,3,"regulation of protein export from nucleus",0.00797847277076057
"Interaction_fdrOnly_up","BP","no_iea","GO:0039531",5,"regulation of cytoplasmic pattern recognition receptor signaling pathway",0.00822322073046316,3,14,"intracellular receptor signaling pathway",0.000218831848323486
"Interaction_fdrOnly_up","BP","no_iea","GO:0039529",5,"RIG-I signaling pathway",0.00828751179586874,2,14,"intracellular receptor signaling pathway",0.000218831848323486
"Interaction_fdrOnly_up","BP","no_iea","GO:0035456",1,"response to interferon-beta",0.0107086627626349,2,10,"response to virus",2.08975840573322e-11
"Interaction_fdrOnly_up","BP","no_iea","GO:0043903",2,"regulation of biological process involved in symbiotic interaction",0.0107086627626349,2,16,"regulation of viral process",2.11085360047821e-06
"Interaction_fdrOnly_up","BP","no_iea","GO:0002886",9,"regulation of myeloid leukocyte mediated immunity",0.011992294892276,2,4,"regulation of myeloid leukocyte mediated immunity",0.011992294892276
"Interaction_fdrOnly_up","BP","no_iea","GO:0032728",3,"positive regulation of interferon-beta production",0.0149824418993936,2,29,"positive regulation of cytokine production",5.37778606991448e-05
"Interaction_fdrOnly_up","BP","no_iea","GO:0050777",4,"negative regulation of immune response",0.0165874450000516,3,16,"regulation of innate immune response",7.84989530410155e-05
"Interaction_fdrOnly_up","BP","no_iea","GO:0051090",6,"regulation of DNA-binding transcription factor activity",0.0175546316929743,3,3,"positive regulation of NF-kappaB transcription factor activity",0.00333092622553595
"Interaction_fdrOnly_up","BP","no_iea","GO:0032480",3,"negative regulation of type I interferon production",0.0184434693252781,2,29,"positive regulation of cytokine production",5.37778606991448e-05
"Interaction_fdrOnly_up","BP","no_iea","GO:1901224",5,"positive regulation of non-canonical NF-kappaB signal transduction",0.0190126078070708,2,14,"intracellular receptor signaling pathway",0.000218831848323486
"Interaction_fdrOnly_up","BP","no_iea","GO:0002699",9,"positive regulation of immune effector process",0.0192070596166476,3,4,"regulation of myeloid leukocyte mediated immunity",0.011992294892276
"Interaction_fdrOnly_up","BP","no_iea","GO:0141085",10,"regulation of inflammasome-mediated signaling pathway",0.0210920101379174,2,1,"regulation of inflammasome-mediated signaling pathway",0.0210920101379174
"Interaction_fdrOnly_up","BP","no_iea","GO:0032731",3,"positive regulation of interleukin-1 beta production",0.0212921668450394,2,29,"positive regulation of cytokine production",5.37778606991448e-05
"Interaction_fdrOnly_up","BP","no_iea","GO:2000106",11,"regulation of leukocyte apoptotic process",0.0212921668450394,2,2,"regulation of leukocyte apoptotic process",0.0212921668450394
"Interaction_fdrOnly_up","BP","no_iea","GO:0032722",3,"positive regulation of chemokine production",0.0218624493680889,2,29,"positive regulation of cytokine production",5.37778606991448e-05
"Interaction_fdrOnly_up","BP","no_iea","GO:0031348",4,"negative regulation of defense response",0.0222727955593295,3,16,"regulation of innate immune response",7.84989530410155e-05
"Interaction_fdrOnly_up","BP","no_iea","GO:0006611",8,"protein export from nucleus",0.0222727955593295,2,3,"regulation of protein export from nucleus",0.00797847277076057
"Interaction_fdrOnly_up","BP","no_iea","GO:0032608",3,"interferon-beta production",0.0222727955593295,2,29,"positive regulation of cytokine production",5.37778606991448e-05
"Interaction_fdrOnly_up","BP","no_iea","GO:0032648",3,"regulation of interferon-beta production",0.0222727955593295,2,29,"positive regulation of cytokine production",5.37778606991448e-05
"Interaction_fdrOnly_up","BP","no_iea","GO:0032757",3,"positive regulation of interleukin-8 production",0.0228365982332019,2,29,"positive regulation of cytokine production",5.37778606991448e-05
"Interaction_fdrOnly_up","BP","no_iea","GO:0046718",2,"symbiont entry into host cell",0.0234004764576889,2,16,"regulation of viral process",2.11085360047821e-06
"Interaction_fdrOnly_up","BP","no_iea","GO:0032732",3,"positive regulation of interleukin-1 production",0.0236066997394034,2,29,"positive regulation of cytokine production",5.37778606991448e-05
"Interaction_fdrOnly_up","BP","no_iea","GO:0039532",5,"negative regulation of cytoplasmic pattern recognition receptor signaling pathway",0.0236066997394034,2,14,"intracellular receptor signaling pathway",0.000218831848323486
"Interaction_fdrOnly_up","BP","no_iea","GO:0044409",2,"symbiont entry into host",0.0250920483235861,2,16,"regulation of viral process",2.11085360047821e-06
"Interaction_fdrOnly_up","BP","no_iea","GO:0097190",5,"apoptotic signaling pathway",0.0252339784668399,4,14,"intracellular receptor signaling pathway",0.000218831848323486
"Interaction_fdrOnly_up","BP","no_iea","GO:0071346",1,"cellular response to type II interferon",0.0252892176711001,2,10,"response to virus",2.08975840573322e-11
"Interaction_fdrOnly_up","BP","no_iea","GO:0001818",3,"negative regulation of cytokine production",0.0254909352568516,3,29,"positive regulation of cytokine production",5.37778606991448e-05
"Interaction_fdrOnly_up","BP","no_iea","GO:0002444",9,"myeloid leukocyte mediated immunity",0.0254909352568516,2,4,"regulation of myeloid leukocyte mediated immunity",0.011992294892276
"Interaction_fdrOnly_up","BP","no_iea","GO:0032602",3,"chemokine production",0.0256967883373034,2,29,"positive regulation of cytokine production",5.37778606991448e-05
"Interaction_fdrOnly_up","BP","no_iea","GO:0032642",3,"regulation of chemokine production",0.0256967883373034,2,29,"positive regulation of cytokine production",5.37778606991448e-05
"Interaction_fdrOnly_up","BP","no_iea","GO:0071887",11,"leukocyte apoptotic process",0.0271642405704929,2,2,"regulation of leukocyte apoptotic process",0.0212921668450394
"Interaction_fdrOnly_up","BP","no_iea","GO:0141084",12,"inflammasome-mediated signaling pathway",0.0277217404649848,2,1,"inflammasome-mediated signaling pathway",0.0277217404649848
"Interaction_fdrOnly_up","BP","no_iea","GO:1901222",5,"regulation of non-canonical NF-kappaB signal transduction",0.0301563867298296,2,14,"intracellular receptor signaling pathway",0.000218831848323486
"Interaction_fdrOnly_up","BP","no_iea","GO:0032611",3,"interleukin-1 beta production",0.0303285632664075,2,29,"positive regulation of cytokine production",5.37778606991448e-05
"Interaction_fdrOnly_up","BP","no_iea","GO:0032651",3,"regulation of interleukin-1 beta production",0.0303285632664075,2,29,"positive regulation of cytokine production",5.37778606991448e-05
"Interaction_fdrOnly_up","BP","no_iea","GO:0097193",5,"intrinsic apoptotic signaling pathway",0.030755687354522,3,14,"intracellular receptor signaling pathway",0.000218831848323486
"Interaction_fdrOnly_up","BP","no_iea","GO:0032755",3,"positive regulation of interleukin-6 production",0.0314449882018632,2,29,"positive regulation of cytokine production",5.37778606991448e-05
"Interaction_fdrOnly_up","BP","no_iea","GO:0060337",1,"type I interferon-mediated signaling pathway",0.031793581889458,2,10,"response to virus",2.08975840573322e-11
"Interaction_fdrOnly_up","BP","no_iea","GO:0032637",3,"interleukin-8 production",0.031793581889458,2,29,"positive regulation of cytokine production",5.37778606991448e-05
"Interaction_fdrOnly_up","BP","no_iea","GO:0032677",3,"regulation of interleukin-8 production",0.031793581889458,2,29,"positive regulation of cytokine production",5.37778606991448e-05
"Interaction_fdrOnly_up","BP","no_iea","GO:0071357",1,"cellular response to type I interferon",0.031793581889458,2,10,"response to virus",2.08975840573322e-11
"Interaction_fdrOnly_up","BP","no_iea","GO:0034341",1,"response to type II interferon",0.0342281377874152,2,10,"response to virus",2.08975840573322e-11
"Interaction_fdrOnly_up","BP","no_iea","GO:0032612",3,"interleukin-1 production",0.0349407457839301,2,29,"positive regulation of cytokine production",5.37778606991448e-05
"Interaction_fdrOnly_up","BP","no_iea","GO:0032652",3,"regulation of interleukin-1 production",0.0349407457839301,2,29,"positive regulation of cytokine production",5.37778606991448e-05
"Interaction_fdrOnly_up","BP","no_iea","GO:0032760",3,"positive regulation of tumor necrosis factor production",0.0349407457839301,2,29,"positive regulation of cytokine production",5.37778606991448e-05
"Interaction_fdrOnly_up","BP","no_iea","GO:0002697",9,"regulation of immune effector process",0.0349658047899746,3,4,"regulation of myeloid leukocyte mediated immunity",0.011992294892276
"Interaction_fdrOnly_up","BP","no_iea","GO:0070534",13,"protein K63-linked ubiquitination",0.0360446943214872,2,2,"protein K63-linked ubiquitination",0.0360446943214872
"Interaction_fdrOnly_up","BP","no_iea","GO:0032102",4,"negative regulation of response to external stimulus",0.0362482709689429,3,16,"regulation of innate immune response",7.84989530410155e-05
"Interaction_fdrOnly_up","BP","no_iea","GO:0006954",14,"inflammatory response",0.0362505537320151,4,1,"inflammatory response",0.0362505537320151
"Interaction_fdrOnly_up","BP","no_iea","GO:1903557",3,"positive regulation of tumor necrosis factor superfamily cytokine production",0.0367512467270918,2,29,"positive regulation of cytokine production",5.37778606991448e-05
"Interaction_fdrOnly_up","BP","no_iea","GO:0046822",8,"regulation of nucleocytoplasmic transport",0.040170999825697,2,3,"regulation of protein export from nucleus",0.00797847277076057
"Interaction_fdrOnly_up","BP","no_iea","GO:0000209",13,"protein polyubiquitination",0.0414714184549531,3,2,"protein K63-linked ubiquitination",0.0360446943214872
"Interaction_fdrOnly_up","BP","no_iea","GO:0043410",5,"positive regulation of MAPK cascade",0.0419273984734766,3,14,"intracellular receptor signaling pathway",0.000218831848323486
"Interaction_fdrOnly_up","BP","no_iea","GO:0051701",2,"biological process involved in interaction with host",0.04291513600652,2,16,"regulation of viral process",2.11085360047821e-06
"Interaction_fdrOnly_up","BP","no_iea","GO:0051851",2,"host-mediated perturbation of symbiont process",0.04291513600652,2,16,"regulation of viral process",2.11085360047821e-06
"Interaction_fdrOnly_up","BP","no_iea","GO:0140888",15,"interferon-mediated signaling pathway",0.04291513600652,2,1,"interferon-mediated signaling pathway",0.04291513600652
"Interaction_fdrOnly_up","BP","no_iea","GO:0035821",2,"modulation of process of another organism",0.0484693590021135,2,16,"regulation of viral process",2.11085360047821e-06
"Interaction_fdrOnly_up","BP","no_iea","GO:0032635",3,"interleukin-6 production",0.048539529859707,2,29,"positive regulation of cytokine production",5.37778606991448e-05
"Interaction_fdrOnly_up","BP","no_iea","GO:0032675",3,"regulation of interleukin-6 production",0.048539529859707,2,29,"positive regulation of cytokine production",5.37778606991448e-05
"Interaction_fdrOnly_up","BP","no_iea","GO:0038061",5,"non-canonical NF-kappaB signal transduction",0.049083989186704,2,14,"intracellular receptor signaling pathway",0.000218831848323486
"WT_heat_up","MF","with_iea","GO:0048018",1,"receptor ligand activity",5.27863902107299e-22,38,15,"receptor ligand activity",5.27863902107299e-22
"WT_heat_up","MF","with_iea","GO:0030546",1,"signaling receptor activator activity",8.18736654135145e-22,38,15,"receptor ligand activity",5.27863902107299e-22
"WT_heat_up","MF","with_iea","GO:0005125",1,"cytokine activity",3.3037670439158e-21,27,15,"receptor ligand activity",5.27863902107299e-22
"WT_heat_up","MF","with_iea","GO:0030545",1,"signaling receptor regulator activity",4.9443905512413e-21,38,15,"receptor ligand activity",5.27863902107299e-22
"WT_heat_up","MF","with_iea","GO:0005126",1,"cytokine receptor binding",1.80365619439158e-10,21,15,"receptor ligand activity",5.27863902107299e-22
"WT_heat_up","MF","with_iea","GO:0005164",1,"tumor necrosis factor receptor binding",1.01711666229215e-05,7,15,"receptor ligand activity",5.27863902107299e-22
"WT_heat_up","MF","with_iea","GO:0032813",1,"tumor necrosis factor receptor superfamily binding",1.75534892299781e-05,8,15,"receptor ligand activity",5.27863902107299e-22
"WT_heat_up","MF","with_iea","GO:0001664",1,"G protein-coupled receptor binding",4.78132254406871e-05,14,15,"receptor ligand activity",5.27863902107299e-22
"WT_heat_up","MF","with_iea","GO:0008083",1,"growth factor activity",5.89309600036826e-05,10,15,"receptor ligand activity",5.27863902107299e-22
"WT_heat_up","MF","with_iea","GO:0005544",2,"calcium-dependent phospholipid binding",0.000655071177290373,6,5,"calcium-dependent phospholipid binding",0.000655071177290373
"WT_heat_up","MF","with_iea","GO:0070851",1,"growth factor receptor binding",0.000681622066868617,9,15,"receptor ligand activity",5.27863902107299e-22
"WT_heat_up","MF","with_iea","GO:0008009",1,"chemokine activity",0.00281010433922531,5,15,"receptor ligand activity",5.27863902107299e-22
"WT_heat_up","MF","with_iea","GO:0001228",3,"DNA-binding transcription activator activity, RNA polymerase II-specific",0.00792437802760722,13,2,"DNA-binding transcription activator activity, RNA polymerase II-specific",0.00792437802760722
"WT_heat_up","MF","with_iea","GO:0001786",2,"phosphatidylserine binding",0.00856258088855016,5,5,"calcium-dependent phospholipid binding",0.000655071177290373
"WT_heat_up","MF","with_iea","GO:0001216",3,"DNA-binding transcription activator activity",0.00856258088855016,13,2,"DNA-binding transcription activator activity, RNA polymerase II-specific",0.00792437802760722
"WT_heat_up","MF","with_iea","GO:0048020",1,"CCR chemokine receptor binding",0.00919728907884988,4,15,"receptor ligand activity",5.27863902107299e-22
"WT_heat_up","MF","with_iea","GO:0005543",2,"phospholipid binding",0.00934404515070801,16,5,"calcium-dependent phospholipid binding",0.000655071177290373
"WT_heat_up","MF","with_iea","GO:0042379",1,"chemokine receptor binding",0.00992207083216431,5,15,"receptor ligand activity",5.27863902107299e-22
"WT_heat_up","MF","with_iea","GO:0050839",1,"cell adhesion molecule binding",0.00992207083216431,18,15,"receptor ligand activity",5.27863902107299e-22
"WT_heat_up","MF","with_iea","GO:0005179",1,"hormone activity",0.0191046062710802,5,15,"receptor ligand activity",5.27863902107299e-22
"WT_heat_up","MF","with_iea","GO:0030414",4,"peptidase inhibitor activity",0.019978421077514,6,1,"peptidase inhibitor activity",0.019978421077514
"WT_heat_up","MF","with_iea","GO:0004888",5,"transmembrane signaling receptor activity",0.0211871232672551,17,1,"transmembrane signaling receptor activity",0.0211871232672551
"WT_heat_up","MF","with_iea","GO:0035259",6,"nuclear glucocorticoid receptor binding",0.0226473532819227,3,1,"nuclear glucocorticoid receptor binding",0.0226473532819227
"WT_heat_up","MF","with_iea","GO:0072341",2,"modified amino acid binding",0.0375521119200216,5,5,"calcium-dependent phospholipid binding",0.000655071177290373
"WT_heat_up","MF","with_iea","GO:0005501",2,"retinoid binding",0.0446005491754737,3,5,"calcium-dependent phospholipid binding",0.000655071177290373
"KO_heat_up","MF","with_iea","GO:0048018",1,"receptor ligand activity",1.2068176390789e-21,39,15,"receptor ligand activity",1.2068176390789e-21
"KO_heat_up","MF","with_iea","GO:0030546",1,"signaling receptor activator activity",1.91617551304985e-21,39,15,"receptor ligand activity",1.2068176390789e-21
"KO_heat_up","MF","with_iea","GO:0030545",1,"signaling receptor regulator activity",1.62217611053808e-20,39,15,"receptor ligand activity",1.2068176390789e-21
"KO_heat_up","MF","with_iea","GO:0005125",1,"cytokine activity",2.50000566450106e-20,27,15,"receptor ligand activity",1.2068176390789e-21
"KO_heat_up","MF","with_iea","GO:0005126",1,"cytokine receptor binding",9.38531082344574e-10,21,15,"receptor ligand activity",1.2068176390789e-21
"KO_heat_up","MF","with_iea","GO:0005164",1,"tumor necrosis factor receptor binding",1.83692437243262e-05,7,15,"receptor ligand activity",1.2068176390789e-21
"KO_heat_up","MF","with_iea","GO:0008083",1,"growth factor activity",1.94634298063439e-05,11,15,"receptor ligand activity",1.2068176390789e-21
"KO_heat_up","MF","with_iea","GO:0032813",1,"tumor necrosis factor receptor superfamily binding",2.96955293362154e-05,8,15,"receptor ligand activity",1.2068176390789e-21
"KO_heat_up","MF","with_iea","GO:0001664",1,"G protein-coupled receptor binding",0.0001177680253671,14,15,"receptor ligand activity",1.2068176390789e-21
"KO_heat_up","MF","with_iea","GO:0070851",1,"growth factor receptor binding",0.00021001859826021,10,15,"receptor ligand activity",1.2068176390789e-21
"KO_heat_up","MF","with_iea","GO:0008009",1,"chemokine activity",0.00464288466599154,5,15,"receptor ligand activity",1.2068176390789e-21
"KO_heat_up","MF","with_iea","GO:0004888",2,"transmembrane signaling receptor activity",0.0052446765942584,20,2,"transmembrane signaling receptor activity",0.0052446765942584
"KO_heat_up","MF","with_iea","GO:0019838",1,"growth factor binding",0.0142318052661561,8,15,"receptor ligand activity",1.2068176390789e-21
"KO_heat_up","MF","with_iea","GO:0048020",1,"CCR chemokine receptor binding",0.014725879782825,4,15,"receptor ligand activity",1.2068176390789e-21
"KO_heat_up","MF","with_iea","GO:0042379",1,"chemokine receptor binding",0.0181991637866911,5,15,"receptor ligand activity",1.2068176390789e-21
"KO_heat_up","MF","with_iea","GO:0005179",1,"hormone activity",0.0343658689948445,5,15,"receptor ligand activity",1.2068176390789e-21
"KO_heat_up","MF","with_iea","GO:0061134",3,"peptidase regulator activity",0.0343658689948445,8,2,"peptidase regulator activity",0.0343658689948445
"KO_heat_up","MF","with_iea","GO:0030414",3,"peptidase inhibitor activity",0.0355694209075639,6,2,"peptidase regulator activity",0.0343658689948445
"KO_heat_up","MF","with_iea","GO:0035259",4,"nuclear glucocorticoid receptor binding",0.0355694209075639,3,1,"nuclear glucocorticoid receptor binding",0.0355694209075639
"KO_heat_up","MF","with_iea","GO:0004930",2,"G protein-coupled receptor activity",0.0461220028549305,10,2,"transmembrane signaling receptor activity",0.0052446765942584
"Interaction_fdrOnly_up","MF","with_iea","GO:0003724",1,"RNA helicase activity",0.00319878586270479,3,4,"RNA helicase activity",0.00319878586270479
"Interaction_fdrOnly_up","MF","with_iea","GO:0003725",2,"double-stranded RNA binding",0.00319878586270479,3,2,"double-stranded RNA binding",0.00319878586270479
"Interaction_fdrOnly_up","MF","with_iea","GO:0008186",1,"ATP-dependent activity, acting on RNA",0.00319878586270479,3,4,"RNA helicase activity",0.00319878586270479
"Interaction_fdrOnly_up","MF","with_iea","GO:0038187",3,"pattern recognition receptor activity",0.011550397179497,2,1,"pattern recognition receptor activity",0.011550397179497
"Interaction_fdrOnly_up","MF","with_iea","GO:0004386",1,"helicase activity",0.0124361766180238,3,4,"RNA helicase activity",0.00319878586270479
"Interaction_fdrOnly_up","MF","with_iea","GO:0016887",1,"ATP hydrolysis activity",0.0124361766180238,4,4,"RNA helicase activity",0.00319878586270479
"Interaction_fdrOnly_up","MF","with_iea","GO:0120545",4,"nucleic acid conformation isomerase activity",0.0124361766180238,3,1,"nucleic acid conformation isomerase activity",0.0124361766180238
"Interaction_fdrOnly_up","MF","with_iea","GO:0003727",2,"single-stranded RNA binding",0.0329357727841874,2,2,"double-stranded RNA binding",0.00319878586270479
"Interaction_fdrOnly_up","MF","with_iea","GO:0140657",5,"ATP-dependent activity",0.0329357727841874,4,1,"ATP-dependent activity",0.0329357727841874
"Interaction_fdrOnly_up","MF","with_iea","GO:0120543",6,"macromolecular conformation isomerase activity",0.0329357727841874,3,1,"macromolecular conformation isomerase activity",0.0329357727841874
"WT_heat_up","MF","no_iea","GO:0048018",1,"receptor ligand activity",1.20379373011836e-20,34,14,"receptor ligand activity",1.20379373011836e-20
"WT_heat_up","MF","no_iea","GO:0030546",1,"signaling receptor activator activity",1.44976036126415e-20,34,14,"receptor ligand activity",1.20379373011836e-20
"WT_heat_up","MF","no_iea","GO:0030545",1,"signaling receptor regulator activity",1.44976036126415e-20,35,14,"receptor ligand activity",1.20379373011836e-20
"WT_heat_up","MF","no_iea","GO:0005125",1,"cytokine activity",6.78236746030036e-17,22,14,"receptor ligand activity",1.20379373011836e-20
"WT_heat_up","MF","no_iea","GO:0005126",1,"cytokine receptor binding",3.19771719569188e-06,15,14,"receptor ligand activity",1.20379373011836e-20
"WT_heat_up","MF","no_iea","GO:0005544",2,"calcium-dependent phospholipid binding",0.000914241588523013,6,5,"calcium-dependent phospholipid binding",0.000914241588523013
"WT_heat_up","MF","no_iea","GO:0070851",1,"growth factor receptor binding",0.00147587977308758,8,14,"receptor ligand activity",1.20379373011836e-20
"WT_heat_up","MF","no_iea","GO:0008289",2,"lipid binding",0.0018919938020487,21,5,"calcium-dependent phospholipid binding",0.000914241588523013
"WT_heat_up","MF","no_iea","GO:0001664",1,"G protein-coupled receptor binding",0.00234046908535273,11,14,"receptor ligand activity",1.20379373011836e-20
"WT_heat_up","MF","no_iea","GO:0008009",1,"chemokine activity",0.00334564104592655,5,14,"receptor ligand activity",1.20379373011836e-20
"WT_heat_up","MF","no_iea","GO:0048020",1,"CCR chemokine receptor binding",0.00705864412491388,4,14,"receptor ligand activity",1.20379373011836e-20
"WT_heat_up","MF","no_iea","GO:0001786",2,"phosphatidylserine binding",0.00705864412491388,5,5,"calcium-dependent phospholipid binding",0.000914241588523013
"WT_heat_up","MF","no_iea","GO:0042379",1,"chemokine receptor binding",0.00969590892902539,5,14,"receptor ligand activity",1.20379373011836e-20
"WT_heat_up","MF","no_iea","GO:0005179",1,"hormone activity",0.0101964508951229,5,14,"receptor ligand activity",1.20379373011836e-20
"WT_heat_up","MF","no_iea","GO:0004888",3,"transmembrane signaling receptor activity",0.0169438880925161,17,2,"transmembrane signaling receptor activity",0.0169438880925161
"WT_heat_up","MF","no_iea","GO:0005543",2,"phospholipid binding",0.0187216472027205,14,5,"calcium-dependent phospholipid binding",0.000914241588523013
"WT_heat_up","MF","no_iea","GO:0032813",1,"tumor necrosis factor receptor superfamily binding",0.0222075202143012,4,14,"receptor ligand activity",1.20379373011836e-20
"WT_heat_up","MF","no_iea","GO:0008083",1,"growth factor activity",0.0263113244916796,5,14,"receptor ligand activity",1.20379373011836e-20
"WT_heat_up","MF","no_iea","GO:0072341",2,"modified amino acid binding",0.0263113244916796,5,5,"calcium-dependent phospholipid binding",0.000914241588523013
"WT_heat_up","MF","no_iea","GO:0004930",3,"G protein-coupled receptor activity",0.0272766553432074,9,2,"transmembrane signaling receptor activity",0.0169438880925161
"WT_heat_up","MF","no_iea","GO:0001228",4,"DNA-binding transcription activator activity, RNA polymerase II-specific",0.0301684587102704,10,2,"DNA-binding transcription activator activity, RNA polymerase II-specific",0.0301684587102704
"WT_heat_up","MF","no_iea","GO:0001216",4,"DNA-binding transcription activator activity",0.0368451353480929,10,2,"DNA-binding transcription activator activity, RNA polymerase II-specific",0.0301684587102704
"WT_heat_up","MF","no_iea","GO:0050839",1,"cell adhesion molecule binding",0.0368451353480929,16,14,"receptor ligand activity",1.20379373011836e-20
"KO_heat_up","MF","no_iea","GO:0048018",1,"receptor ligand activity",1.57342014328378e-20,35,14,"receptor ligand activity",1.57342014328378e-20
"KO_heat_up","MF","no_iea","GO:0030546",1,"signaling receptor activator activity",2.20966883338361e-20,35,14,"receptor ligand activity",1.57342014328378e-20
"KO_heat_up","MF","no_iea","GO:0030545",1,"signaling receptor regulator activity",2.20966883338361e-20,36,14,"receptor ligand activity",1.57342014328378e-20
"KO_heat_up","MF","no_iea","GO:0005125",1,"cytokine activity",3.98217518347538e-16,22,14,"receptor ligand activity",1.57342014328378e-20
"KO_heat_up","MF","no_iea","GO:0005126",1,"cytokine receptor binding",9.40056263556918e-06,15,14,"receptor ligand activity",1.57342014328378e-20
"KO_heat_up","MF","no_iea","GO:0070851",1,"growth factor receptor binding",0.000387815890415248,9,14,"receptor ligand activity",1.57342014328378e-20
"KO_heat_up","MF","no_iea","GO:0004888",2,"transmembrane signaling receptor activity",0.00406107713572265,20,2,"transmembrane signaling receptor activity",0.00406107713572265
"KO_heat_up","MF","no_iea","GO:0001664",1,"G protein-coupled receptor binding",0.00550552109889214,11,14,"receptor ligand activity",1.57342014328378e-20
"KO_heat_up","MF","no_iea","GO:0008009",1,"chemokine activity",0.00551609591178497,5,14,"receptor ligand activity",1.57342014328378e-20
"KO_heat_up","MF","no_iea","GO:0008083",1,"growth factor activity",0.00924359990109197,6,14,"receptor ligand activity",1.57342014328378e-20
"KO_heat_up","MF","no_iea","GO:0048020",1,"CCR chemokine receptor binding",0.0100326980559108,4,14,"receptor ligand activity",1.57342014328378e-20
"KO_heat_up","MF","no_iea","GO:0008289",1,"lipid binding",0.0114130256483229,20,14,"receptor ligand activity",1.57342014328378e-20
"KO_heat_up","MF","no_iea","GO:0042379",1,"chemokine receptor binding",0.0142473367989207,5,14,"receptor ligand activity",1.57342014328378e-20
"KO_heat_up","MF","no_iea","GO:0005179",1,"hormone activity",0.0149666282036903,5,14,"receptor ligand activity",1.57342014328378e-20
"KO_heat_up","MF","no_iea","GO:0004930",2,"G protein-coupled receptor activity",0.0165184650203332,10,2,"transmembrane signaling receptor activity",0.00406107713572265
"KO_heat_up","MF","no_iea","GO:0032813",1,"tumor necrosis factor receptor superfamily binding",0.0323042314663272,4,14,"receptor ligand activity",1.57342014328378e-20
"Interaction_fdrOnly_up","MF","no_iea","GO:0003724",1,"RNA helicase activity",0.00230269708031258,3,9,"RNA helicase activity",0.00230269708031258
"Interaction_fdrOnly_up","MF","no_iea","GO:0008186",1,"ATP-dependent activity, acting on RNA",0.00230269708031258,3,9,"RNA helicase activity",0.00230269708031258
"Interaction_fdrOnly_up","MF","no_iea","GO:0003725",2,"double-stranded RNA binding",0.00270081108015753,3,2,"double-stranded RNA binding",0.00270081108015753
"Interaction_fdrOnly_up","MF","no_iea","GO:0004386",1,"helicase activity",0.00939589391667807,3,9,"RNA helicase activity",0.00230269708031258
"Interaction_fdrOnly_up","MF","no_iea","GO:0038187",3,"pattern recognition receptor activity",0.00939589391667807,2,1,"pattern recognition receptor activity",0.00939589391667807
"Interaction_fdrOnly_up","MF","no_iea","GO:0120545",4,"nucleic acid conformation isomerase activity",0.00992397398919824,3,1,"nucleic acid conformation isomerase activity",0.00992397398919824
"Interaction_fdrOnly_up","MF","no_iea","GO:0016887",1,"ATP hydrolysis activity",0.0132762946914589,3,9,"RNA helicase activity",0.00230269708031258
"Interaction_fdrOnly_up","MF","no_iea","GO:0017111",1,"ribonucleoside triphosphate phosphatase activity",0.0200929766516356,4,9,"RNA helicase activity",0.00230269708031258
"Interaction_fdrOnly_up","MF","no_iea","GO:0140657",5,"ATP-dependent activity",0.0200929766516356,4,1,"ATP-dependent activity",0.0200929766516356
"Interaction_fdrOnly_up","MF","no_iea","GO:0016462",1,"pyrophosphatase activity",0.0200929766516356,4,9,"RNA helicase activity",0.00230269708031258
"Interaction_fdrOnly_up","MF","no_iea","GO:0016817",1,"hydrolase activity, acting on acid anhydrides",0.0200929766516356,4,9,"RNA helicase activity",0.00230269708031258
"Interaction_fdrOnly_up","MF","no_iea","GO:0016818",1,"hydrolase activity, acting on acid anhydrides, in phosphorus-containing anhydrides",0.0200929766516356,4,9,"RNA helicase activity",0.00230269708031258
"Interaction_fdrOnly_up","MF","no_iea","GO:0120543",6,"macromolecular conformation isomerase activity",0.0200929766516356,3,1,"macromolecular conformation isomerase activity",0.0200929766516356
"Interaction_fdrOnly_up","MF","no_iea","GO:0003727",2,"single-stranded RNA binding",0.0200929766516356,2,2,"double-stranded RNA binding",0.00270081108015753
"Interaction_fdrOnly_up","MF","no_iea","GO:0061630",7,"ubiquitin protein ligase activity",0.0296463361527456,3,2,"ubiquitin protein ligase activity",0.0296463361527456
"Interaction_fdrOnly_up","MF","no_iea","GO:0061659",7,"ubiquitin-like protein ligase activity",0.0328382357412555,3,2,"ubiquitin protein ligase activity",0.0296463361527456
"Interaction_fdrOnly_up","MF","no_iea","GO:0016853",1,"isomerase activity",0.0488942177713171,3,9,"RNA helicase activity",0.00230269708031258
