mouse_symbol	mouse_ensembl	human_symbol	mapping_type	matrix_symbol_normalised_to	normalisation_source	babelgene_version
0610009B22Rik	ENSMUSG00000007777	TRAPPC2	many2one	NA		22.9
0610010F05Rik	ENSMUSG00000042208	SANBR	one2one	Sanbr	org.Mm.eg.db	22.9
0610010K14Rik	ENSMUSG00000020831	C17orf49	one2one	NA		22.9
0610012G03Rik	ENSMUSG00000107002	NCBP2AS2	one2one	NA		22.9
0610030E20Rik	ENSMUSG00000058706	C2orf68	one2one	NA		22.9
1110002E22Rik	ENSMUSG00000090066	C4orf54	one2one	NA		22.9
1110004F10Rik	ENSMUSG00000030663	C11orf58	one2one	NA		22.9
1110008P14Rik	ENSMUSG00000039195	BBLN	one2one	Bbln	org.Mm.eg.db	22.9
1110012L19Rik	ENSMUSG00000045237	EOLA1	one2one	Eola1	org.Mm.eg.db	22.9
1110032A03Rik	ENSMUSG00000037971	C11orf1	one2one	NA		22.9
1110032F04Rik	ENSMUSG00000046999	C3orf80	one2one	NA		22.9
1110038F14Rik	ENSMUSG00000063236	C8orf33	one2one	NA		22.9
1110051M20Rik	ENSMUSG00000040591	CSTPP1	one2one	Cstpp1	org.Mm.eg.db	22.9
1110059E24Rik	ENSMUSG00000035171	C9orf85	one2one	NA		22.9
1110059G10Rik	ENSMUSG00000032551	KIAA1143	one2one	NA		22.9
1110065P20Rik	ENSMUSG00000078570	C1orf122	one2one	NA		22.9
1190007I07Rik	ENSMUSG00000063320	C12orf73	one2one	NA		22.9
1500009L16Rik	ENSMUSG00000087651	C12orf75	one2one	NA		22.9
1520401A03Rik	ENSMUSG00000043747	GREP1	one2one	NA		22.9
1600012H06Rik	ENSMUSG00000050088	C6orf120	one2one	NA		22.9
1600014C10Rik	ENSMUSG00000054676	C19orf12	one2one	NA		22.9
1700001O22Rik	ENSMUSG00000044320	C9orf50	one2one	NA		22.9
1700001P01Rik	ENSMUSG00000018543	C17orf98	one2one	NA		22.9
1700003F12Rik	ENSMUSG00000038523	C20orf144	one2one	NA		22.9
1700007K13Rik	ENSMUSG00000026831	PIERCE1	one2one	Pierce1	org.Mm.eg.db	22.9
1700010I14Rik	ENSMUSG00000023873	C6orf118	one2one	NA		22.9
1700012B09Rik	ENSMUSG00000031927	C11orf97	one2one	NA		22.9
1700017B05Rik	ENSMUSG00000032300	C15orf39	one2one	NA		22.9
1700019D03Rik	ENSMUSG00000043629	C2orf88	one2one	NA		22.9
1700020D05Rik	ENSMUSG00000100937	NSMCE3	many2one	Nscme3l	org.Mm.eg.db	22.9
1700020L24Rik	ENSMUSG00000035085	C17orf50	one2one	NA		22.9
1700022I11Rik	ENSMUSG00000028451	C9orf131	one2one	NA		22.9
1700025G04Rik	ENSMUSG00000032666	C1orf21	one2one	NA		22.9
1700029I15Rik	ENSMUSG00000044916	FREY1	one2one	NA		22.9
1700029J07Rik	ENSMUSG00000071103	C4orf47	one2one	NA		22.9
1700030J22Rik	ENSMUSG00000031847	C16orf46	one2one	NA		22.9
1700030K09Rik	ENSMUSG00000052794	C19orf44	one2one	NA		22.9
1700034I23Rik	ENSMUSG00000074619	FUNDC2	many2one	Fundc2b	org.Mm.eg.db	22.9
1700037C18Rik	ENSMUSG00000005983	C16orf90	one2one	NA		22.9
1700037H04Rik	ENSMUSG00000027327	C20orf27	one2one	NA		22.9
1700066B19Rik	ENSMUSG00000073598	SMIM33	one2one	Smim33	org.Mm.eg.db	22.9
1700066M21Rik	ENSMUSG00000038323	C2orf69	one2one	NA		22.9
1700067K01Rik	ENSMUSG00000046408	C19orf67	one2one	NA		22.9
1700086L19Rik	ENSMUSG00000071265	SERTAD4BP	one2one	NA		22.9
1700088E04Rik	ENSMUSG00000033029	C22orf23	one2one	NA		22.9
1700092M07Rik	ENSMUSG00000090840	TEX54	one2one	Tex54	org.Mm.eg.db	22.9
1700094D03Rik	ENSMUSG00000118506	CFAP141	one2one	Cfap141	org.Mm.eg.db	22.9
1700102P08Rik	ENSMUSG00000032611	C3orf62	one2one	NA		22.9
1700123O20Rik	ENSMUSG00000040822	C14orf119	one2one	NA		22.9
1810009A15Rik	ENSMUSG00000071653	C11orf98	one2one	NA		22.9
1810010H24Rik	ENSMUSG00000078607	C17orf58	one2one	NA		22.9
1810013L24Rik	ENSMUSG00000022507	HAPSTR1	one2one	NA		22.9
1810020O05Rik	ENSMUSG00000089997	CFAP92	one2one	NA		22.9
1810030O07Rik	ENSMUSG00000044148	CXorf38	one2one	NA		22.9
1810037I17Rik	ENSMUSG00000054091	C4orf3	one2one	NA		22.9
1810055G02Rik	ENSMUSG00000035372	C11orf24	one2one	NA		22.9
1810058I24Rik	ENSMUSG00000073155	STMP1	one2one	NA		22.9
2010003K11Rik	ENSMUSG00000042041	C11orf86	one2one	NA		22.9
2010300C02Rik	ENSMUSG00000026090	CRACDL	one2one	Cracdl	org.Mm.eg.db	22.9
2200002D01Rik	ENSMUSG00000030587	C19orf33	one2one	NA		22.9
2210016F16Rik	ENSMUSG00000021550	C9orf64	one2one	NA		22.9
2210016L21Rik	ENSMUSG00000029559	C12orf43	one2one	NA		22.9
2210408I21Rik	ENSMUSG00000071252	KIAA0825	one2one	NA		22.9
2300009A05Rik	ENSMUSG00000032403	C15orf61	one2one	NA		22.9
2310009B15Rik	ENSMUSG00000079283	C1orf53	one2one	NA		22.9
2310011J03Rik	ENSMUSG00000020133	C19orf25	one2one	NA		22.9
2310022A10Rik	ENSMUSG00000049643	C19orf47	one2one	NA		22.9
2310022B05Rik	ENSMUSG00000031983	C1orf198	one2one	NA		22.9
2310033P09Rik	ENSMUSG00000020441	C1orf35	one2one	NA		22.9
2310039H08Rik	ENSMUSG00000062619	C6orf226	one2one	NA		22.9
2310057M21Rik	ENSMUSG00000040177	C10orf88	one2one	NA		22.9
2310061I04Rik	ENSMUSG00000050705	C6orf136	one2one	NA		22.9
2410004B18Rik	ENSMUSG00000036873	C1orf52	one2one	NA		22.9
2410004P03Rik	ENSMUSG00000071398	C2orf50	one2one	NA		22.9
2410131K14Rik	ENSMUSG00000032840	SPRING1	one2one	Spring1	org.Mm.eg.db	22.9
2510002D24Rik	ENSMUSG00000071632	C22orf39	one2one	NA		22.9
2510009E07Rik	ENSMUSG00000043391	C3orf70	one2one	NA		22.9
2510039O18Rik	ENSMUSG00000044496	KIAA2013	one2one	NA		22.9
2610001J05Rik	ENSMUSG00000052419	SMIM30	one2one	Smim30	org.Mm.eg.db	22.9
2610002M06Rik	ENSMUSG00000031242	CHMP1B	many2one	Chmp1b2	org.Mm.eg.db	22.9
2610301B20Rik	ENSMUSG00000059482	CFAP418	one2one	Cfap418	org.Mm.eg.db	22.9
2610507B11Rik	ENSMUSG00000010277	BLTP2	one2one	Bltp2	org.Mm.eg.db	22.9
2610528A11Rik	ENSMUSG00000096001	GPR15LG	one2one	NA		22.9
2700049A03Rik	ENSMUSG00000034601	KIAA0586	one2one	NA		22.9
2700062C07Rik	ENSMUSG00000024273	C18orf21	one2one	NA		22.9
2700081O15Rik	ENSMUSG00000053080	ZFTA	one2one	Zfta	org.Mm.eg.db	22.9
2810004N23Rik	ENSMUSG00000031984	C1orf131	one2one	NA		22.9
2810006K23Rik	ENSMUSG00000047635	MTRFR	one2one	Mtrfr	org.Mm.eg.db	22.9
2900026A02Rik	ENSMUSG00000051339	KIAA1671	one2one	NA		22.9
3110009E18Rik	ENSMUSG00000026388	C2orf76	one2one	NA		22.9
3110040N11Rik	ENSMUSG00000025102	C15orf40	one2one	NA		22.9
3110082I17Rik	ENSMUSG00000053553	C7orf50	one2one	NA		22.9
3830403N18Rik	ENSMUSG00000031125	SYCP3	many2one	NA		22.9
3830406C13Rik	ENSMUSG00000033111	C3orf14	one2one	NA		22.9
4430402I18Rik	ENSMUSG00000064202	SPATA6L	one2one	Spata6l	org.Mm.eg.db	22.9
4833420G17Rik	ENSMUSG00000062822	C5orf34	one2one	NA		22.9
4833439L19Rik	ENSMUSG00000025871	KIAA1191	one2one	NA		22.9
4921507P07Rik	ENSMUSG00000029828	C7orf31	one2one	NA		22.9
4921524J17Rik	ENSMUSG00000036934	C16orf87	one2one	NA		22.9
4930402H24Rik	ENSMUSG00000027309	DNAAF9	one2one	Dnaaf9	org.Mm.eg.db	22.9
4930404N11Rik	ENSMUSG00000020234	TEKTIP1	one2one	Tektip1	org.Mm.eg.db	22.9
4930430F08Rik	ENSMUSG00000046567	C12orf29	one2one	NA		22.9
4930432K21Rik	ENSMUSG00000008129	BRME1	one2one	Brme1	org.Mm.eg.db	22.9
4930451G09Rik	ENSMUSG00000022543	DNAAF8	one2one	Dnaaf8	org.Mm.eg.db	22.9
4930452B06Rik	ENSMUSG00000021747	CFAP20DC	one2one	Cfap20dc	org.Mm.eg.db	22.9
4930453N24Rik	ENSMUSG00000059920	C3orf38	one2one	NA		22.9
4930503L19Rik	ENSMUSG00000044906	C18orf54	one2one	NA		22.9
4930523C07Rik	ENSMUSG00000090394	KIAA0040	one2one	NA		22.9
4930550C14Rik	ENSMUSG00000005131	C11orf65	one2one	NA		22.9
4930562C15Rik	ENSMUSG00000022518	C16orf96	one2one	NA		22.9
4930563E22Rik	ENSMUSG00000053574	C17orf100	one2one	NA		22.9
4930579G24Rik	ENSMUSG00000027811	C4orf46	one2one	NA		22.9
4930590J08Rik	ENSMUSG00000034063	C3orf20	one2one	NA		22.9
4931406C07Rik	ENSMUSG00000031938	C11orf54	one2one	NA		22.9
4931406P16Rik	ENSMUSG00000066571	GARRE1	one2one	Garre1	org.Mm.eg.db	22.9
4931414P19Rik	ENSMUSG00000022179	C14orf93	one2one	NA		22.9
4931428F04Rik	ENSMUSG00000014837	MATCAP1	one2one	NA		22.9
4932438A13Rik	ENSMUSG00000037270	BLTP1	one2one	Bltp1	org.Mm.eg.db	22.9
4932438H23Rik	ENSMUSG00000039851	C21orf62	one2one	NA		22.9
4933424G06Rik	ENSMUSG00000102416	C2orf92	one2one	NA		22.9
4933427D14Rik	ENSMUSG00000020807	KIAA0753	one2one	NA		22.9
4933430I17Rik	ENSMUSG00000058046	C9orf43	one2one	NA		22.9
4933434E20Rik	ENSMUSG00000027942	C1orf43	one2one	NA		22.9
5031439G07Rik	ENSMUSG00000036046	KIAA0930	one2one	NA		22.9
5330417C22Rik	ENSMUSG00000040412	ELAPOR1	one2one	Elapor1	org.Mm.eg.db	22.9
5430427O19Rik	ENSMUSG00000025058	TASL	one2one	Tasl	org.Mm.eg.db	22.9
5730409E04Rik	ENSMUSG00000073755	C1orf216	one2one	NA		22.9
5730455P16Rik	ENSMUSG00000057181	C17orf75	one2one	NA		22.9
5730480H06Rik	ENSMUSG00000029089	PACRGL	one2one	NA		22.9
6030458C11Rik	ENSMUSG00000022195	C5orf22	one2one	NA		22.9
6030468B19Rik	ENSMUSG00000025573	C17orf99	one2one	NA		22.9
6330403K07Rik	ENSMUSG00000018451	LOC728392	one2one	NA		22.9
6430548M08Rik	ENSMUSG00000031824	KIAA0513	one2one	NA		22.9
6430550D23Rik	ENSMUSG00000074646	C20orf173	one2one	NA		22.9
6430571L13Rik	ENSMUSG00000037977	C3orf18	one2one	NA		22.9
8030462N17Rik	ENSMUSG00000047466	C18orf25	one2one	NA		22.9
8030474K03Rik	ENSMUSG00000046774	CXorf49	many2one	NA		22.9
9030025P20Rik	ENSMUSG00000116953	ERMARD	many2one	NA		22.9
9130401M01Rik	ENSMUSG00000101892	C8orf76	one2one	NA		22.9
9330182L06Rik	ENSMUSG00000056004	ELAPOR2	one2one	Elapor2	org.Mm.eg.db	22.9
9430015G10Rik	ENSMUSG00000059939	C1orf159	one2one	NA		22.9
9430038I01Rik	ENSMUSG00000040139	C10orf143	one2one	NA		22.9
9530053A07Rik	ENSMUSG00000078776	FCGBP	one2one	NA		22.9
9530068E07Rik	ENSMUSG00000036275	C5orf15	one2one	NA		22.9
9530077C05Rik	ENSMUSG00000036411	MATCAP2	one2one	NA		22.9
9930012K11Rik	ENSMUSG00000044551	C8orf58	one2one	NA		22.9
9930021J03Rik	ENSMUSG00000046138	KIAA2026	one2one	NA		22.9
9930104L06Rik	ENSMUSG00000044730	C1orf109	one2one	NA		22.9
a	ENSMUSG00000027596	ASIP	one2one	NA		22.9
A130010J15Rik	ENSMUSG00000079144	C1orf74	one2one	NA		22.9
A1cf	ENSMUSG00000052595	A1CF	one2one	NA		22.9
A3galt2	ENSMUSG00000028794	A3GALT2	one2one	NA		22.9
A430005L14Rik	ENSMUSG00000047613	C1orf174	one2one	NA		22.9
AA467197	ENSMUSG00000033213	C15orf48	one2one	NA		22.9
AA986860	ENSMUSG00000042510	C1orf116	one2one	NA		22.9
Aaas	ENSMUSG00000036678	AAAS	one2one	NA		22.9
Aacs	ENSMUSG00000029482	AACS	one2one	NA		22.9
Aagab	ENSMUSG00000037257	AAGAB	one2one	NA		22.9
Aak1	ENSMUSG00000057230	AAK1	one2one	NA		22.9
Aamdc	ENSMUSG00000035642	AAMDC	one2one	NA		22.9
Aamp	ENSMUSG00000006299	AAMP	one2one	NA		22.9
Aanat	ENSMUSG00000020804	AANAT	one2one	NA		22.9
Aar2	ENSMUSG00000027628	AAR2	one2one	NA		22.9
Aard	ENSMUSG00000068522	AARD	one2one	NA		22.9
Aars	ENSMUSG00000031960	AARS1	one2one	NA		22.9
Aars2	ENSMUSG00000023938	AARS2	one2one	NA		22.9
Aarsd1	ENSMUSG00000075528	AARSD1	one2one	NA		22.9
Aasdh	ENSMUSG00000055923	AASDH	one2one	NA		22.9
Aasdhppt	ENSMUSG00000025894	AASDHPPT	one2one	NA		22.9
Aatf	ENSMUSG00000018697	AATF	one2one	NA		22.9
AB124611	ENSMUSG00000057191	C19orf38	one2one	NA		22.9
Abat	ENSMUSG00000057880	ABAT	one2one	NA		22.9
Abca1	ENSMUSG00000015243	ABCA1	one2one	NA		22.9
Abca2	ENSMUSG00000026944	ABCA2	one2one	NA		22.9
Abca3	ENSMUSG00000024130	ABCA3	one2one	NA		22.9
Abca4	ENSMUSG00000028125	ABCA4	one2one	NA		22.9
Abca5	ENSMUSG00000018800	ABCA5	one2one	NA		22.9
Abca7	ENSMUSG00000035722	ABCA7	one2one	NA		22.9
Abcb10	ENSMUSG00000031974	ABCB10	one2one	NA		22.9
Abcb11	ENSMUSG00000027048	ABCB11	one2one	NA		22.9
Abcb1a	ENSMUSG00000040584	ABCB1	many2one	NA		22.9
Abcb1b	ENSMUSG00000028970	ABCB1	many2one	NA		22.9
Abcb4	ENSMUSG00000042476	ABCB4	one2one	NA		22.9
Abcb6	ENSMUSG00000026198	ABCB6	one2one	NA		22.9
Abcb7	ENSMUSG00000031333	ABCB7	one2one	NA		22.9
Abcb8	ENSMUSG00000028973	ABCB8	one2one	NA		22.9
Abcb9	ENSMUSG00000029408	ABCB9	one2one	NA		22.9
Abcc1	ENSMUSG00000023088	ABCC1	one2one	NA		22.9
Abcc10	ENSMUSG00000032842	ABCC10	one2one	NA		22.9
Abcc3	ENSMUSG00000020865	ABCC3	one2one	NA		22.9
Abcc4	ENSMUSG00000032849	ABCC4	one2one	NA		22.9
Abcc5	ENSMUSG00000022822	ABCC5	one2one	NA		22.9
Abcc8	ENSMUSG00000040136	ABCC8	one2one	NA		22.9
Abcc9	ENSMUSG00000030249	ABCC9	one2one	NA		22.9
Abcd1	ENSMUSG00000031378	ABCD1	one2one	NA		22.9
Abcd3	ENSMUSG00000028127	ABCD3	one2one	NA		22.9
Abcd4	ENSMUSG00000021240	ABCD4	one2one	NA		22.9
Abce1	ENSMUSG00000058355	ABCE1	one2one	NA		22.9
Abcf1	ENSMUSG00000038762	ABCF1	one2one	NA		22.9
Abcf2	ENSMUSG00000028953	ABCF2	one2one	NA		22.9
Abcf3	ENSMUSG00000003234	ABCF3	one2one	NA		22.9
Abcg1	ENSMUSG00000024030	ABCG1	one2one	NA		22.9
Abcg2	ENSMUSG00000029802	ABCG2	many2one	NA		22.9
Abcg3	ENSMUSG00000029299	ABCG2	many2one	NA		22.9
Abcg4	ENSMUSG00000032131	ABCG4	one2one	NA		22.9
Abhd1	ENSMUSG00000006638	ABHD1	one2one	NA		22.9
Abhd10	ENSMUSG00000033157	ABHD10	one2one	NA		22.9
Abhd11	ENSMUSG00000040532	ABHD11	one2one	NA		22.9
Abhd12	ENSMUSG00000032046	ABHD12	one2one	NA		22.9
Abhd13	ENSMUSG00000040396	ABHD13	one2one	NA		22.9
Abhd14a	ENSMUSG00000042210	ABHD14A	one2one	NA		22.9
Abhd14b	ENSMUSG00000042073	ABHD14B	one2one	NA		22.9
Abhd15	ENSMUSG00000000686	ABHD15	one2one	NA		22.9
Abhd16a	ENSMUSG00000007036	ABHD16A	one2one	NA		22.9
Abhd16b	ENSMUSG00000055882	ABHD16B	one2one	NA		22.9
Abhd17a	ENSMUSG00000003346	ABHD17A	one2one	NA		22.9
Abhd17b	ENSMUSG00000047368	ABHD17B	one2one	NA		22.9
Abhd17c	ENSMUSG00000038459	ABHD17C	one2one	NA		22.9
Abhd18	ENSMUSG00000037818	ABHD18	one2one	NA		22.9
Abhd2	ENSMUSG00000039202	ABHD2	one2one	NA		22.9
Abhd4	ENSMUSG00000040997	ABHD4	one2one	NA		22.9
Abhd5	ENSMUSG00000032540	ABHD5	one2one	NA		22.9
Abhd6	ENSMUSG00000025277	ABHD6	one2one	NA		22.9
Abhd8	ENSMUSG00000007950	ABHD8	one2one	NA		22.9
Abi1	ENSMUSG00000058835	ABI1	one2one	NA		22.9
Abi2	ENSMUSG00000026782	ABI2	one2one	NA		22.9
Abi3	ENSMUSG00000018381	ABI3	one2one	NA		22.9
Abi3bp	ENSMUSG00000035258	ABI3BP	one2one	NA		22.9
Abitram	ENSMUSG00000038827	ABITRAM	one2one	NA		22.9
Abl1	ENSMUSG00000026842	ABL1	one2one	NA		22.9
Abl2	ENSMUSG00000026596	ABL2	one2one	NA		22.9
Ablim1	ENSMUSG00000025085	ABLIM1	one2one	NA		22.9
Ablim2	ENSMUSG00000029095	ABLIM2	one2one	NA		22.9
Ablim3	ENSMUSG00000032735	ABLIM3	one2one	NA		22.9
Abr	ENSMUSG00000017631	ABR	one2one	NA		22.9
Abracl	ENSMUSG00000078453	ABRACL	one2one	NA		22.9
Abraxas1	ENSMUSG00000035234	ABRAXAS1	one2one	NA		22.9
Abraxas2	ENSMUSG00000030965	ABRAXAS2	one2one	NA		22.9
Abt1	ENSMUSG00000036376	ABT1	one2one	NA		22.9
Abtb1	ENSMUSG00000030083	ABTB1	one2one	NA		22.9
Abtb2	ENSMUSG00000032724	ABTB2	one2one	NA		22.9
Acaa1a	ENSMUSG00000036138	ACAA1	many2one	NA		22.9
Acaa1b	ENSMUSG00000010651	ACAA1	many2one	NA		22.9
Acaa2	ENSMUSG00000036880	ACAA2	one2one	NA		22.9
Acaca	ENSMUSG00000020532	ACACA	one2one	NA		22.9
Acacb	ENSMUSG00000042010	ACACB	one2one	NA		22.9
Acad10	ENSMUSG00000029456	ACAD10	many2one	NA		22.9
Acad11	ENSMUSG00000090150	ACAD11	one2one	NA		22.9
Acad12	ENSMUSG00000042647	ACAD10	many2one	NA		22.9
Acad8	ENSMUSG00000031969	ACAD8	one2one	NA		22.9
Acad9	ENSMUSG00000027710	ACAD9	one2one	NA		22.9
Acadl	ENSMUSG00000026003	ACADL	one2one	NA		22.9
Acadm	ENSMUSG00000062908	ACADM	one2one	NA		22.9
Acads	ENSMUSG00000029545	ACADS	one2one	NA		22.9
Acadsb	ENSMUSG00000030861	ACADSB	one2one	NA		22.9
Acadvl	ENSMUSG00000018574	ACADVL	one2one	NA		22.9
Acap1	ENSMUSG00000001588	ACAP1	one2one	NA		22.9
Acap2	ENSMUSG00000049076	ACAP2	one2one	NA		22.9
Acap3	ENSMUSG00000029033	ACAP3	one2one	NA		22.9
Acat1	ENSMUSG00000032047	ACAT1	one2one	NA		22.9
Acat2	ENSMUSG00000023832	ACAT2	many2one	NA		22.9
Acat3	ENSMUSG00000062480	ACAT2	many2one	NA		22.9
Acbd3	ENSMUSG00000026499	ACBD3	one2one	NA		22.9
Acbd4	ENSMUSG00000056938	ACBD4	one2one	NA		22.9
Acbd5	ENSMUSG00000026781	ACBD5	one2one	NA		22.9
Acbd6	ENSMUSG00000033701	LHX4-AS1	one2one	NA		22.9
Acbd7	ENSMUSG00000026644	ACBD7	one2one	NA		22.9
Accs	ENSMUSG00000040272	ACCS	one2one	NA		22.9
Acd	ENSMUSG00000038000	ACD	one2one	NA		22.9
Acer2	ENSMUSG00000038007	ACER2	one2one	NA		22.9
Acer3	ENSMUSG00000030760	ACER3	one2one	NA		22.9
Ache	ENSMUSG00000023328	ACHE	one2one	NA		22.9
Acin1	ENSMUSG00000022185	ACIN1	one2one	NA		22.9
Ackr4	ENSMUSG00000079355	ACKR4	one2one	NA		22.9
Acly	ENSMUSG00000020917	ACLY	one2one	NA		22.9
Acmsd	ENSMUSG00000026348	ACMSD	one2one	NA		22.9
Aco1	ENSMUSG00000028405	ACO1	one2one	NA		22.9
Aco2	ENSMUSG00000022477	ACO2	one2one	NA		22.9
Acod1	ENSMUSG00000022126	ACOD1	one2one	NA		22.9
Acot1	ENSMUSG00000072949	ACOT1	one2one	NA		22.9
Acot10	ENSMUSG00000047565	ACOT9	many2one	NA		22.9
Acot11	ENSMUSG00000034853	ACOT11	one2one	NA		22.9
Acot12	ENSMUSG00000021620	ACOT12	one2one	NA		22.9
Acot13	ENSMUSG00000006717	ACOT13	one2one	NA		22.9
Acot2	ENSMUSG00000021226	ACOT2	one2one	NA		22.9
Acot4	ENSMUSG00000052392	ACOT4	one2one	NA		22.9
Acot6	ENSMUSG00000043487	ACOT6	one2one	NA		22.9
Acot7	ENSMUSG00000028937	ACOT7	one2one	NA		22.9
Acot8	ENSMUSG00000017307	ACOT8	one2one	NA		22.9
Acot9	ENSMUSG00000025287	ACOT9	many2one	NA		22.9
Acox1	ENSMUSG00000020777	ACOX1	one2one	NA		22.9
Acox2	ENSMUSG00000021751	ACOX2	one2one	NA		22.9
Acox3	ENSMUSG00000029098	ACOX3	one2one	NA		22.9
Acoxl	ENSMUSG00000027380	ACOXL	one2one	NA		22.9
Acp1	ENSMUSG00000044573	ACP1	one2one	NA		22.9
Acp2	ENSMUSG00000002103	ACP2	one2one	NA		22.9
Acp5	ENSMUSG00000001348	ACP5	one2one	NA		22.9
Acp6	ENSMUSG00000028093	ACP6	one2one	NA		22.9
Acpp	ENSMUSG00000032561	ACP3	one2one	NA		22.9
Acrbp	ENSMUSG00000072770	ACRBP	one2one	NA		22.9
Acsbg1	ENSMUSG00000032281	ACSBG1	one2one	NA		22.9
Acsf2	ENSMUSG00000076435	ACSF2	one2one	NA		22.9
Acsf3	ENSMUSG00000015016	ACSF3	one2one	NA		22.9
Acsl1	ENSMUSG00000018796	ACSL1	one2one	NA		22.9
Acsl3	ENSMUSG00000032883	ACSL3	one2one	NA		22.9
Acsl4	ENSMUSG00000031278	ACSL4	one2one	NA		22.9
Acsl5	ENSMUSG00000024981	ACSL5	one2one	NA		22.9
Acsl6	ENSMUSG00000020333	ACSL6	one2one	NA		22.9
Acsm3	ENSMUSG00000030935	ACSM3	one2one	NA		22.9
Acss1	ENSMUSG00000027452	ACSS1	one2one	NA		22.9
Acss2	ENSMUSG00000027605	ACSS2	one2one	NA		22.9
Acta2	ENSMUSG00000035783	ACTA2	one2one	NA		22.9
Actb	ENSMUSG00000029580	ACTB	one2one	NA		22.9
Actbl2	ENSMUSG00000055194	ACTBL2	one2one	NA		22.9
Actg1	ENSMUSG00000062825	ACTG1	one2one	NA		22.9
Actl10	ENSMUSG00000078129	ACTL10	one2one	NA		22.9
Actl6a	ENSMUSG00000027671	ACTL6A	one2one	NA		22.9
Actn1	ENSMUSG00000015143	ACTN1	one2one	NA		22.9
Actn2	ENSMUSG00000052374	ACTN2	one2one	NA		22.9
Actn3	ENSMUSG00000006457	ACTN3	one2one	NA		22.9
Actn4	ENSMUSG00000054808	ACTN4	one2one	NA		22.9
Actr10	ENSMUSG00000021076	ACTR10	one2one	NA		22.9
Actr1a	ENSMUSG00000025228	ACTR1A	one2one	NA		22.9
Actr1b	ENSMUSG00000037351	ACTR1B	one2one	NA		22.9
Actr2	ENSMUSG00000020152	ACTR2	one2one	NA		22.9
Actr3	ENSMUSG00000026341	ACTR3	one2one	NA		22.9
Actr3b	ENSMUSG00000056367	ACTR3B	one2one	NA		22.9
Actr5	ENSMUSG00000037761	ACTR5	one2one	NA		22.9
Actr6	ENSMUSG00000019948	ACTR6	one2one	NA		22.9
Actr8	ENSMUSG00000015971	ACTR8	one2one	NA		22.9
Acvr1	ENSMUSG00000026836	ACVR1	one2one	NA		22.9
Acvr1b	ENSMUSG00000000532	ACVR1B	one2one	NA		22.9
Acvr1c	ENSMUSG00000026834	ACVR1C	one2one	NA		22.9
Acvr2a	ENSMUSG00000052155	ACVR2A	one2one	NA		22.9
Acvr2b	ENSMUSG00000061393	ACVR2B	one2one	NA		22.9
Acvrl1	ENSMUSG00000000530	ACVRL1	one2one	NA		22.9
Acy1	ENSMUSG00000023262	ACY1	one2one	NA		22.9
Acy3	ENSMUSG00000024866	ACY3	one2one	NA		22.9
Acyp1	ENSMUSG00000008822	ACYP1	one2one	NA		22.9
Acyp2	ENSMUSG00000060923	ACYP2	one2one	NA		22.9
Ada	ENSMUSG00000017697	ADA	one2one	NA		22.9
Adad1	ENSMUSG00000027719	ADAD1	one2one	NA		22.9
Adal	ENSMUSG00000027259	ADAL	one2one	NA		22.9
Adam10	ENSMUSG00000054693	ADAM10	one2one	NA		22.9
Adam12	ENSMUSG00000054555	ADAM12	one2one	NA		22.9
Adam15	ENSMUSG00000028041	ADAM15	one2one	NA		22.9
Adam17	ENSMUSG00000052593	ADAM17	one2one	NA		22.9
Adam19	ENSMUSG00000011256	ADAM19	one2one	NA		22.9
Adam22	ENSMUSG00000040537	ADAM22	one2one	NA		22.9
Adam33	ENSMUSG00000027318	ADAM33	one2one	NA		22.9
Adam8	ENSMUSG00000025473	ADAM8	one2one	NA		22.9
Adam9	ENSMUSG00000031555	ADAM9	one2one	NA		22.9
Adamts10	ENSMUSG00000024299	ADAMTS10	one2one	NA		22.9
Adamts14	ENSMUSG00000059901	ADAMTS14	one2one	NA		22.9
Adamts17	ENSMUSG00000058145	ADAMTS17	one2one	NA		22.9
Adamts18	ENSMUSG00000053399	ADAMTS18	one2one	NA		22.9
Adamts20	ENSMUSG00000022449	ADAMTS20	one2one	NA		22.9
Adamts3	ENSMUSG00000043635	ADAMTS3	one2one	NA		22.9
Adamts4	ENSMUSG00000006403	ADAMTS4	one2one	NA		22.9
Adamts6	ENSMUSG00000046169	ADAMTS6	one2one	NA		22.9
Adamts7	ENSMUSG00000032363	ADAMTS7	one2one	NA		22.9
Adamtsl2	ENSMUSG00000036040	ADAMTSL2	one2one	NA		22.9
Adamtsl4	ENSMUSG00000015850	ADAMTSL4	one2one	NA		22.9
Adamtsl5	ENSMUSG00000043822	ADAMTSL5	one2one	NA		22.9
Adap1	ENSMUSG00000056413	ADAP1	one2one	NA		22.9
Adap2	ENSMUSG00000020709	ADAP2	one2one	NA		22.9
Adar	ENSMUSG00000027951	ADAR	one2one	NA		22.9
Adarb1	ENSMUSG00000020262	ADARB1	one2one	NA		22.9
Adat1	ENSMUSG00000031949	ADAT1	one2one	NA		22.9
Adat2	ENSMUSG00000019808	ADAT2	one2one	NA		22.9
Adck1	ENSMUSG00000021044	ADCK1	one2one	NA		22.9
Adck2	ENSMUSG00000046947	ADCK2	one2one	NA		22.9
Adck5	ENSMUSG00000022550	ADCK5	one2one	NA		22.9
Adcy3	ENSMUSG00000020654	ADCY3	one2one	NA		22.9
Adcy4	ENSMUSG00000022220	ADCY4	one2one	NA		22.9
Adcy5	ENSMUSG00000022840	ADCY5	one2one	NA		22.9
Adcy6	ENSMUSG00000022994	ADCY6	one2one	NA		22.9
Adcy7	ENSMUSG00000031659	ADCY7	one2one	NA		22.9
Adcy9	ENSMUSG00000005580	ADCY9	one2one	NA		22.9
Add1	ENSMUSG00000029106	ADD1	one2one	NA		22.9
Add3	ENSMUSG00000025026	ADD3	one2one	NA		22.9
Adgra2	ENSMUSG00000031486	ADGRA2	one2one	NA		22.9
Adgra3	ENSMUSG00000029090	ADGRA3	one2one	NA		22.9
Adgrd1	ENSMUSG00000044017	ADGRD1	one2one	NA		22.9
Adgre1	ENSMUSG00000004730	ADGRE1	one2one	NA		22.9
Adgre4	ENSMUSG00000032915	ADGRE4P	one2one	NA		22.9
Adgre5	ENSMUSG00000002885	ADGRE5	one2one	NA		22.9
Adgrf3	ENSMUSG00000067642	ADGRF3	one2one	NA		22.9
Adgrg1	ENSMUSG00000031785	ADGRG1	one2one	NA		22.9
Adgrg3	ENSMUSG00000060470	ADGRG3	one2one	NA		22.9
Adgrg5	ENSMUSG00000061577	ADGRG5	one2one	NA		22.9
Adgrg6	ENSMUSG00000039116	ADGRG6	one2one	NA		22.9
Adgrl1	ENSMUSG00000013033	ADGRL1	one2one	NA		22.9
Adgrl2	ENSMUSG00000028184	ADGRL2	one2one	NA		22.9
Adgrv1	ENSMUSG00000069170	ADGRV1	one2one	NA		22.9
Adh1	ENSMUSG00000074207	ADH1A	one2many	NA		22.9
Adh1	ENSMUSG00000074207	ADH1C	one2many	NA		22.9
Adh4	ENSMUSG00000037797	ADH4	one2one	NA		22.9
Adh5	ENSMUSG00000028138	ADH5	one2one	NA		22.9
Adhfe1	ENSMUSG00000025911	ADHFE1	one2one	NA		22.9
Adi1	ENSMUSG00000020629	ADI1	one2one	NA		22.9
Adipor1	ENSMUSG00000026457	ADIPOR1	one2one	NA		22.9
Adipor2	ENSMUSG00000030168	ADIPOR2	one2one	NA		22.9
Adk	ENSMUSG00000039197	ADK	one2one	NA		22.9
Adm	ENSMUSG00000030790	ADM	one2one	NA		22.9
Adnp	ENSMUSG00000051149	ADNP	one2one	NA		22.9
Adnp2	ENSMUSG00000053950	ADNP2	one2one	NA		22.9
Ado	ENSMUSG00000057134	ADO	one2one	NA		22.9
Adora2a	ENSMUSG00000020178	ADORA2A	one2one	NA		22.9
Adora2b	ENSMUSG00000018500	ADORA2B	one2one	NA		22.9
Adora3	ENSMUSG00000000562	ADORA3	one2one	NA		22.9
Adpgk	ENSMUSG00000025236	ADPGK	one2one	NA		22.9
Adprh	ENSMUSG00000002844	ADPRH	one2one	NA		22.9
Adprhl2	ENSMUSG00000042558	ADPRS	one2one	Adprs	org.Mm.eg.db	22.9
Adprm	ENSMUSG00000020910	ADPRM	one2one	NA		22.9
Adra2a	ENSMUSG00000033717	ADRA2A	one2one	NA		22.9
Adrb2	ENSMUSG00000045730	ADRB2	one2one	NA		22.9
Adrm1	ENSMUSG00000039041	ADRM1	many2one	NA		22.9
Adsl	ENSMUSG00000022407	ADSL	one2one	NA		22.9
Adss	ENSMUSG00000015961	ADSS2	one2one	NA		22.9
Adssl1	ENSMUSG00000011148	ADSS1	one2one	NA		22.9
Adtrp	ENSMUSG00000058022	ADTRP	one2one	NA		22.9
Aebp1	ENSMUSG00000020473	AEBP1	one2one	NA		22.9
Aebp2	ENSMUSG00000030232	AEBP2	one2one	NA		22.9
Aen	ENSMUSG00000030609	AEN	one2one	NA		22.9
Afap1	ENSMUSG00000029094	AFAP1	one2one	NA		22.9
Afdn	ENSMUSG00000068036	AFDN	one2one	NA		22.9
Aff1	ENSMUSG00000029313	AFF1	one2one	NA		22.9
Aff3	ENSMUSG00000037138	AFF3	one2one	NA		22.9
Aff4	ENSMUSG00000049470	AFF4	one2one	NA		22.9
Afg1l	ENSMUSG00000038302	AFG1L	one2one	NA		22.9
Afg3l2	ENSMUSG00000024527	AFG3L2	one2one	NA		22.9
Afmid	ENSMUSG00000017718	AFMID	one2one	NA		22.9
Afp	ENSMUSG00000054932	AFP	one2one	NA		22.9
Aftph	ENSMUSG00000049659	AFTPH	one2one	NA		22.9
Aga	ENSMUSG00000031521	AGA	one2one	NA		22.9
Agap1	ENSMUSG00000055013	AGAP1	one2one	NA		22.9
Agap2	ENSMUSG00000025422	AGAP2	one2one	NA		22.9
Agap3	ENSMUSG00000023353	AGAP3	one2one	NA		22.9
Agbl3	ENSMUSG00000038836	AGBL3	one2one	NA		22.9
Agbl5	ENSMUSG00000029165	AGBL5	one2one	NA		22.9
Ager	ENSMUSG00000015452	AGER	one2one	NA		22.9
Agfg1	ENSMUSG00000026159	AGFG1	one2one	NA		22.9
Agfg2	ENSMUSG00000029722	AGFG2	one2one	NA		22.9
Aggf1	ENSMUSG00000021681	AGGF1	one2one	NA		22.9
Agk	ENSMUSG00000029916	AGK	one2one	NA		22.9
Agl	ENSMUSG00000033400	AGL	one2one	NA		22.9
Ago1	ENSMUSG00000041530	AGO1	one2one	NA		22.9
Ago2	ENSMUSG00000036698	AGO2	one2one	NA		22.9
Ago3	ENSMUSG00000028842	AGO3	one2one	NA		22.9
Ago4	ENSMUSG00000042500	AGO4	one2one	NA		22.9
Agpat1	ENSMUSG00000034254	AGPAT1	one2one	NA		22.9
Agpat2	ENSMUSG00000026922	AGPAT2	one2one	NA		22.9
Agpat3	ENSMUSG00000001211	AGPAT3	one2one	NA		22.9
Agpat4	ENSMUSG00000023827	AGPAT4	one2one	NA		22.9
Agpat5	ENSMUSG00000031467	AGPAT5	one2one	NA		22.9
Agps	ENSMUSG00000042410	AGPS	one2one	NA		22.9
Agrn	ENSMUSG00000041936	AGRN	one2one	NA		22.9
Agrp	ENSMUSG00000005705	AGRP	one2one	NA		22.9
Agtpbp1	ENSMUSG00000021557	AGTPBP1	one2one	NA		22.9
Agtrap	ENSMUSG00000029007	AGTRAP	one2one	NA		22.9
Ahctf1	ENSMUSG00000026491	AHCTF1	one2one	NA		22.9
Ahcy	ENSMUSG00000027597	AHCY	many2one	NA		22.9
Ahcyl1	ENSMUSG00000027893	AHCYL1	one2one	NA		22.9
Ahcyl2	ENSMUSG00000029772	AHCYL2	one2one	NA		22.9
Ahdc1	ENSMUSG00000037692	AHDC1	one2one	NA		22.9
Ahi1	ENSMUSG00000019986	AHI1	one2one	NA		22.9
Ahnak	ENSMUSG00000069833	AHNAK	one2one	NA		22.9
Ahnak2	ENSMUSG00000118667	AHNAK2	one2one	NA		22.9
Ahr	ENSMUSG00000019256	AHR	one2one	NA		22.9
Ahrr	ENSMUSG00000021575	AHRR	one2one	NA		22.9
Ahsa1	ENSMUSG00000021037	AHSA1	one2one	NA		22.9
Ahsa2	ENSMUSG00000020288	AHSA2P	one2one	NA		22.9
AI429214	ENSMUSG00000074384	C8orf48	one2one	NA		22.9
AI467606	ENSMUSG00000045165	C16orf54	one2one	NA		22.9
AI597479	ENSMUSG00000010290	C2orf49	one2one	NA		22.9
AI661453	ENSMUSG00000034382	C6orf132	one2one	NA		22.9
AI837181	ENSMUSG00000047423	C11orf68	one2one	NA		22.9
AI854703	ENSMUSG00000053297	LOC728743	one2one	NA		22.9
Aicda	ENSMUSG00000040627	AICDA	one2one	NA		22.9
Aida	ENSMUSG00000042901	AIDA	one2one	NA		22.9
Aif1	ENSMUSG00000024397	AIF1	one2one	NA		22.9
Aif1l	ENSMUSG00000001864	AIF1L	one2one	NA		22.9
Aifm1	ENSMUSG00000036932	AIFM1	one2one	NA		22.9
Aifm2	ENSMUSG00000020085	AIFM2	one2one	NA		22.9
Aig1	ENSMUSG00000019806	AIG1	one2one	NA		22.9
Aim2	ENSMUSG00000037860	AIM2	one2one	NA		22.9
Aimp1	ENSMUSG00000028029	AIMP1	one2one	NA		22.9
Aimp2	ENSMUSG00000029610	AIMP2	one2one	NA		22.9
Aip	ENSMUSG00000024847	AIP	one2one	NA		22.9
Aipl1	ENSMUSG00000040554	AIPL1	one2one	NA		22.9
Aire	ENSMUSG00000000731	AIRE	one2one	NA		22.9
Ajm1	ENSMUSG00000029419	AJM1	one2one	NA		22.9
Ajuba	ENSMUSG00000022178	AJUBA	one2one	NA		22.9
Ak1	ENSMUSG00000026817	AK1	one2one	NA		22.9
AK157302	ENSMUSG00000078139	ISCA1	many2one	NA		22.9
Ak2	ENSMUSG00000028792	AK2	one2one	NA		22.9
Ak3	ENSMUSG00000024782	AK3	one2one	NA		22.9
Ak4	ENSMUSG00000028527	AK4	one2one	NA		22.9
Ak5	ENSMUSG00000039058	AK5	one2one	NA		22.9
Ak6	ENSMUSG00000078941	AK6	one2one	NA		22.9
Ak7	ENSMUSG00000041323	AK7	one2one	NA		22.9
Akap1	ENSMUSG00000018428	AKAP1	one2one	NA		22.9
Akap10	ENSMUSG00000047804	AKAP10	one2one	NA		22.9
Akap11	ENSMUSG00000022016	AKAP11	one2one	NA		22.9
Akap12	ENSMUSG00000038587	AKAP12	one2one	NA		22.9
Akap13	ENSMUSG00000066406	AKAP13	one2one	NA		22.9
Akap14	ENSMUSG00000036551	AKAP14	one2one	NA		22.9
Akap5	ENSMUSG00000021057	AKAP5	one2one	NA		22.9
Akap6	ENSMUSG00000061603	AKAP6	one2one	NA		22.9
Akap7	ENSMUSG00000039166	AKAP7	one2one	NA		22.9
Akap8	ENSMUSG00000024045	AKAP8	one2one	NA		22.9
Akap8l	ENSMUSG00000002625	AKAP8L	one2one	NA		22.9
Akap9	ENSMUSG00000040407	AKAP9	one2one	NA		22.9
Akip1	ENSMUSG00000031023	AKIP1	one2one	NA		22.9
Akirin1	ENSMUSG00000023075	AKIRIN1	one2one	NA		22.9
Akirin2	ENSMUSG00000028291	AKIRIN2	one2one	NA		22.9
Akna	ENSMUSG00000039158	AKNA	one2one	NA		22.9
Akr1a1	ENSMUSG00000028692	AKR1A1	one2one	NA		22.9
Akr1b10	ENSMUSG00000061758	AKR1B10	many2one	NA		22.9
Akr1b3	ENSMUSG00000001642	AKR1B1	one2one	NA		22.9
Akr1b8	ENSMUSG00000029762	AKR1B10	many2one	NA		22.9
Akr1c12	ENSMUSG00000021211	AKR1C2	one2many	NA		22.9
Akr1c12	ENSMUSG00000021211	AKR1C3	one2many	NA		22.9
Akr1c12	ENSMUSG00000021211	AKR1C4	one2many	NA		22.9
Akr1c18	ENSMUSG00000021214	AKR1C3	many2one	NA		22.9
Akr1e1	ENSMUSG00000045410	AKR1E2	one2one	NA		22.9
Akr7a5	ENSMUSG00000028743	AKR7A2	one2one	NA		22.9
Akt1	ENSMUSG00000001729	AKT1	one2one	NA		22.9
Akt1s1	ENSMUSG00000011096	AKT1S1	one2one	NA		22.9
Akt2	ENSMUSG00000004056	AKT2	one2one	NA		22.9
Akt3	ENSMUSG00000019699	AKT3	one2one	NA		22.9
Aktip	ENSMUSG00000031667	AKTIP	one2one	NA		22.9
Alad	ENSMUSG00000028393	ALAD	one2one	NA		22.9
Alas1	ENSMUSG00000032786	ALAS1	one2one	NA		22.9
Alas2	ENSMUSG00000025270	ALAS2	one2one	NA		22.9
Alcam	ENSMUSG00000022636	ALCAM	one2one	NA		22.9
Aldh16a1	ENSMUSG00000007833	ALDH16A1	one2one	NA		22.9
Aldh18a1	ENSMUSG00000025007	ALDH18A1	one2one	NA		22.9
Aldh1a2	ENSMUSG00000013584	ALDH1A2	one2one	NA		22.9
Aldh1a3	ENSMUSG00000015134	ALDH1A3	one2one	NA		22.9
Aldh1b1	ENSMUSG00000035561	ALDH1B1	one2one	NA		22.9
Aldh1l1	ENSMUSG00000030088	ALDH1L1	one2one	NA		22.9
Aldh1l2	ENSMUSG00000020256	ALDH1L2	one2one	NA		22.9
Aldh2	ENSMUSG00000029455	ALDH2	one2one	NA		22.9
Aldh3a2	ENSMUSG00000010025	ALDH3A2	one2one	NA		22.9
Aldh3b1	ENSMUSG00000024885	ALDH3B1	one2one	NA		22.9
Aldh4a1	ENSMUSG00000028737	ALDH4A1	one2one	NA		22.9
Aldh5a1	ENSMUSG00000035936	ALDH5A1	one2one	NA		22.9
Aldh6a1	ENSMUSG00000021238	ALDH6A1	one2one	NA		22.9
Aldh7a1	ENSMUSG00000053644	ALDH7A1	one2one	NA		22.9
Aldh9a1	ENSMUSG00000026687	ALDH9A1	one2one	NA		22.9
Aldoa	ENSMUSG00000030695	ALDOA	many2one	NA		22.9
Aldoart1	ENSMUSG00000059343	ALDOA	many2one	NA		22.9
Aldoart2	ENSMUSG00000063129	ALDOA	many2one	NA		22.9
Aldoc	ENSMUSG00000017390	ALDOC	one2one	NA		22.9
Alg1	ENSMUSG00000039427	ALG1	one2one	NA		22.9
Alg10b	ENSMUSG00000075470	ALG10B	one2one	NA		22.9
Alg11	ENSMUSG00000063362	ALG11	one2one	NA		22.9
Alg12	ENSMUSG00000035845	ALG12	one2one	NA		22.9
Alg13	ENSMUSG00000041718	ALG13	one2one	NA		22.9
Alg14	ENSMUSG00000039887	ALG14	one2one	NA		22.9
Alg2	ENSMUSG00000039740	ALG2	one2one	NA		22.9
Alg3	ENSMUSG00000033809	ALG3	one2one	NA		22.9
Alg5	ENSMUSG00000036632	ALG5	one2one	NA		22.9
Alg6	ENSMUSG00000073792	ALG6	one2one	NA		22.9
Alg8	ENSMUSG00000035704	ALG8	one2one	NA		22.9
Alg9	ENSMUSG00000032059	ALG9	one2one	NA		22.9
Alkbh1	ENSMUSG00000079036	ALKBH1	one2one	NA		22.9
Alkbh2	ENSMUSG00000044339	ALKBH2	one2one	NA		22.9
Alkbh3	ENSMUSG00000040174	ALKBH3	one2one	NA		22.9
Alkbh4	ENSMUSG00000039754	ALKBH4	one2one	NA		22.9
Alkbh5	ENSMUSG00000042650	ALKBH5	one2one	NA		22.9
Alkbh6	ENSMUSG00000042831	ALKBH6	one2one	NA		22.9
Alkbh7	ENSMUSG00000002661	ALKBH7	one2one	NA		22.9
Alkbh8	ENSMUSG00000025899	ALKBH8	one2one	NA		22.9
Alms1	ENSMUSG00000063810	ALMS1	one2one	NA		22.9
Alox12	ENSMUSG00000000320	ALOX12	one2one	NA		22.9
Alox12b	ENSMUSG00000032807	ALOX12B	one2one	NA		22.9
Alox15	ENSMUSG00000018924	ALOX15	one2one	NA		22.9
Alox5	ENSMUSG00000025701	ALOX5	one2one	NA		22.9
Alox8	ENSMUSG00000020891	ALOX15B	one2one	NA		22.9
Aloxe3	ENSMUSG00000020892	ALOXE3	one2one	NA		22.9
Alpk1	ENSMUSG00000028028	ALPK1	one2one	NA		22.9
Alpk2	ENSMUSG00000032845	ALPK2	one2one	NA		22.9
Alpk3	ENSMUSG00000038763	ALPK3	one2one	NA		22.9
Alpl	ENSMUSG00000028766	ALPL	one2one	NA		22.9
Als2	ENSMUSG00000026024	ALS2	one2one	NA		22.9
Als2cl	ENSMUSG00000044037	ALS2CL	one2one	NA		22.9
Alyref	ENSMUSG00000025134	ALYREF	many2one	NA		22.9
Alyref2	ENSMUSG00000060244	ALYREF	many2one	NA		22.9
Amacr	ENSMUSG00000022244	AMACR	one2one	NA		22.9
Ambra1	ENSMUSG00000040506	AMBRA1	one2one	NA		22.9
Amd1	ENSMUSG00000075232	AMD1	many2one	NA		22.9
Amd2	ENSMUSG00000063953	AMD1	many2one	NA		22.9
Amdhd1	ENSMUSG00000015890	AMDHD1	one2one	NA		22.9
Amdhd2	ENSMUSG00000036820	AMDHD2	one2one	NA		22.9
Amer1	ENSMUSG00000050332	AMER1	one2one	NA		22.9
Amfr	ENSMUSG00000031751	AMFR	one2one	NA		22.9
Amh	ENSMUSG00000035262	AMH	one2one	NA		22.9
Amigo1	ENSMUSG00000050947	AMIGO1	one2one	NA		22.9
Amigo2	ENSMUSG00000048218	AMIGO2	one2one	NA		22.9
Amigo3	ENSMUSG00000032593	AMIGO3	one2one	NA		22.9
Ammecr1	ENSMUSG00000042225	AMMECR1	one2one	NA		22.9
Ammecr1l	ENSMUSG00000041915	AMMECR1L	one2one	NA		22.9
Amn	ENSMUSG00000021278	AMN	one2one	NA		22.9
Amn1	ENSMUSG00000068250	AMN1	one2one	NA		22.9
Amot	ENSMUSG00000041688	AMOT	one2one	NA		22.9
Amotl1	ENSMUSG00000013076	AMOTL1	one2one	NA		22.9
Amotl2	ENSMUSG00000032531	AMOTL2	one2one	NA		22.9
Ampd1	ENSMUSG00000070385	AMPD1	one2one	NA		22.9
Ampd2	ENSMUSG00000027889	AMPD2	one2one	NA		22.9
Ampd3	ENSMUSG00000005686	AMPD3	one2one	NA		22.9
Amph	ENSMUSG00000021314	AMPH	one2one	NA		22.9
Amt	ENSMUSG00000032607	AMT	one2one	NA		22.9
Amz1	ENSMUSG00000050022	AMZ1	one2one	NA		22.9
Amz2	ENSMUSG00000020610	AMZ2	one2one	NA		22.9
Anapc1	ENSMUSG00000014355	ANAPC1	one2one	NA		22.9
Anapc10	ENSMUSG00000036977	ANAPC10	one2one	NA		22.9
Anapc11	ENSMUSG00000025135	ANAPC11	one2one	NA		22.9
Anapc13	ENSMUSG00000035048	ANAPC13	one2one	NA		22.9
Anapc15	ENSMUSG00000030649	ANAPC15	many2one	NA		22.9
Anapc15-ps	ENSMUSG00000074780	ANAPC15	many2one	NA		22.9
Anapc16	ENSMUSG00000020107	ANAPC16	one2one	NA		22.9
Anapc2	ENSMUSG00000026965	ANAPC2	one2one	NA		22.9
Anapc4	ENSMUSG00000029176	ANAPC4	one2one	NA		22.9
Anapc5	ENSMUSG00000029472	ANAPC5	one2one	NA		22.9
Anapc7	ENSMUSG00000029466	ANAPC7	one2one	NA		22.9
Ang	ENSMUSG00000072115	ANG	one2one	NA		22.9
Angel1	ENSMUSG00000021257	ANGEL1	one2one	NA		22.9
Angel2	ENSMUSG00000026634	ANGEL2	one2one	NA		22.9
Angpt1	ENSMUSG00000022309	ANGPT1	one2one	NA		22.9
Angpt2	ENSMUSG00000031465	ANGPT2	one2one	NA		22.9
Angptl1	ENSMUSG00000033544	ANGPTL1	one2one	NA		22.9
Angptl2	ENSMUSG00000004105	ANGPTL2	one2one	NA		22.9
Angptl4	ENSMUSG00000002289	ANGPTL4	one2one	NA		22.9
Angptl6	ENSMUSG00000038742	ANGPTL6	one2one	NA		22.9
Angptl7	ENSMUSG00000028989	ANGPTL7	one2one	NA		22.9
Ank	ENSMUSG00000022265	ANKH	one2one	NA		22.9
Ank1	ENSMUSG00000031543	ANK1	one2one	NA		22.9
Ank2	ENSMUSG00000032826	ANK2	one2one	NA		22.9
Ankfy1	ENSMUSG00000020790	ANKFY1	one2one	NA		22.9
Ankhd1	ENSMUSG00000024483	ANKHD1	one2one	NA		22.9
Ankib1	ENSMUSG00000040351	ANKIB1	one2one	NA		22.9
Ankle1	ENSMUSG00000046295	ANKLE1	one2one	NA		22.9
Ankle2	ENSMUSG00000029501	ANKLE2	one2one	NA		22.9
Ankmy1	ENSMUSG00000034212	ANKMY1	one2one	NA		22.9
Ankmy2	ENSMUSG00000036188	ANKMY2	one2one	NA		22.9
Ankra2	ENSMUSG00000021661	ANKRA2	one2one	NA		22.9
Ankrd10	ENSMUSG00000031508	ANKRD10	one2one	NA		22.9
Ankrd11	ENSMUSG00000035569	ANKRD11	one2one	NA		22.9
Ankrd12	ENSMUSG00000034647	ANKRD12	one2one	NA		22.9
Ankrd13a	ENSMUSG00000041870	ANKRD13A	one2one	NA		22.9
Ankrd13b	ENSMUSG00000037907	ANKRD13B	one2one	NA		22.9
Ankrd13c	ENSMUSG00000039988	ANKRD13C	one2one	NA		22.9
Ankrd13d	ENSMUSG00000005986	ANKRD13D	one2one	NA		22.9
Ankrd16	ENSMUSG00000047909	ANKRD16	one2one	NA		22.9
Ankrd17	ENSMUSG00000055204	ANKRD17	one2one	NA		22.9
Ankrd23	ENSMUSG00000067653	ANKRD23	one2one	NA		22.9
Ankrd24	ENSMUSG00000054708	ANKRD24	one2one	NA		22.9
Ankrd26	ENSMUSG00000007827	ANKRD26	one2one	NA		22.9
Ankrd27	ENSMUSG00000034867	ANKRD27	one2one	NA		22.9
Ankrd28	ENSMUSG00000014496	ANKRD28	one2one	NA		22.9
Ankrd29	ENSMUSG00000057766	ANKRD29	one2one	NA		22.9
Ankrd33b	ENSMUSG00000022237	ANKRD33B	one2one	NA		22.9
Ankrd34a	ENSMUSG00000049097	ANKRD34A	one2one	NA		22.9
Ankrd34b	ENSMUSG00000045034	ANKRD34B	one2one	NA		22.9
Ankrd37	ENSMUSG00000050914	ANKRD37	one2one	NA		22.9
Ankrd39	ENSMUSG00000079610	ANKRD39	one2one	NA		22.9
Ankrd40	ENSMUSG00000020864	ANKRD40	one2one	NA		22.9
Ankrd42	ENSMUSG00000041343	ANKRD42	one2one	NA		22.9
Ankrd44	ENSMUSG00000052331	ANKRD44	one2one	NA		22.9
Ankrd46	ENSMUSG00000048307	ANKRD46	one2one	NA		22.9
Ankrd49	ENSMUSG00000031931	ANKRD49	one2one	NA		22.9
Ankrd50	ENSMUSG00000044864	ANKRD50	one2one	NA		22.9
Ankrd52	ENSMUSG00000014498	ANKRD52	one2one	NA		22.9
Ankrd53	ENSMUSG00000014747	ANKRD53	one2one	NA		22.9
Ankrd54	ENSMUSG00000033055	ANKRD54	one2one	NA		22.9
Ankrd55	ENSMUSG00000049985	ANKRD55	one2one	NA		22.9
Ankrd6	ENSMUSG00000040183	ANKRD6	one2one	NA		22.9
Ankrd61	ENSMUSG00000029607	ANKRD61	one2one	NA		22.9
Ankrd9	ENSMUSG00000037904	ANKRD9	one2one	NA		22.9
Anks1	ENSMUSG00000024219	ANKS1A	one2one	NA		22.9
Anks1b	ENSMUSG00000058589	ANKS1B	one2one	NA		22.9
Anks3	ENSMUSG00000022515	ANKS3	one2one	NA		22.9
Anks6	ENSMUSG00000066191	ANKS6	one2one	NA		22.9
Ankzf1	ENSMUSG00000026199	ANKZF1	one2one	NA		22.9
Anln	ENSMUSG00000036777	ANLN	one2one	NA		22.9
Ano1	ENSMUSG00000031075	ANO1	one2one	NA		22.9
Ano10	ENSMUSG00000037949	ANO10	one2one	NA		22.9
Ano6	ENSMUSG00000064210	ANO6	one2one	NA		22.9
Ano7	ENSMUSG00000034107	ANO7	one2one	NA		22.9
Ano8	ENSMUSG00000034863	ANO8	one2one	NA		22.9
Anp32a	ENSMUSG00000032249	ANP32A	one2one	NA		22.9
Anp32b	ENSMUSG00000028333	ANP32B	one2one	NA		22.9
Anp32e	ENSMUSG00000015749	ANP32E	one2one	NA		22.9
Anpep	ENSMUSG00000039062	ANPEP	one2one	NA		22.9
Antxr1	ENSMUSG00000033420	ANTXR1	one2one	NA		22.9
Antxr2	ENSMUSG00000029338	ANTXR2	one2one	NA		22.9
Anxa1	ENSMUSG00000024659	ANXA1	one2one	NA		22.9
Anxa11	ENSMUSG00000021866	ANXA11	one2one	NA		22.9
Anxa13	ENSMUSG00000055114	ANXA13	one2one	NA		22.9
Anxa2	ENSMUSG00000032231	ANXA2	one2one	NA		22.9
Anxa3	ENSMUSG00000029484	ANXA3	one2one	NA		22.9
Anxa4	ENSMUSG00000029994	ANXA4	one2one	NA		22.9
Anxa5	ENSMUSG00000027712	ANXA5	one2one	NA		22.9
Anxa6	ENSMUSG00000018340	ANXA6	one2one	NA		22.9
Anxa7	ENSMUSG00000021814	ANXA7	one2one	NA		22.9
Anxa8	ENSMUSG00000021950	ANXA8L1	one2one	NA		22.9
Anxa9	ENSMUSG00000015702	ANXA9	one2one	NA		22.9
Aoc1	ENSMUSG00000029811	AOC1	one2one	NA		22.9
Aoc2	ENSMUSG00000078651	AOC2	one2one	NA		22.9
Aoc3	ENSMUSG00000019326	AOC3	one2one	NA		22.9
Aopep	ENSMUSG00000021458	AOPEP	one2one	NA		22.9
Ap1ar	ENSMUSG00000074238	AP1AR	one2one	NA		22.9
Ap1b1	ENSMUSG00000009090	AP1B1	one2one	NA		22.9
Ap1g1	ENSMUSG00000031731	AP1G1	one2one	NA		22.9
Ap1g2	ENSMUSG00000040701	AP1G2	one2one	NA		22.9
Ap1m1	ENSMUSG00000003033	AP1M1	one2one	NA		22.9
Ap1m2	ENSMUSG00000003309	AP1M2	one2one	NA		22.9
Ap1s1	ENSMUSG00000004849	AP1S1	one2one	NA		22.9
Ap1s2	ENSMUSG00000031367	AP1S2	one2one	NA		22.9
Ap1s3	ENSMUSG00000054702	AP1S3	one2one	NA		22.9
Ap2a1	ENSMUSG00000060279	AP2A1	one2one	NA		22.9
Ap2a2	ENSMUSG00000002957	AP2A2	one2one	NA		22.9
Ap2b1	ENSMUSG00000035152	AP2B1	one2one	NA		22.9
Ap2m1	ENSMUSG00000022841	AP2M1	one2one	NA		22.9
Ap2s1	ENSMUSG00000008036	AP2S1	one2one	NA		22.9
Ap3b1	ENSMUSG00000021686	AP3B1	one2one	NA		22.9
Ap3d1	ENSMUSG00000020198	AP3D1	one2one	NA		22.9
Ap3m1	ENSMUSG00000021824	AP3M1	one2one	NA		22.9
Ap3m2	ENSMUSG00000031539	AP3M2	one2one	NA		22.9
Ap3s1	ENSMUSG00000024480	AP3S1	one2one	NA		22.9
Ap3s2	ENSMUSG00000063801	AP3S2	one2one	NA		22.9
Ap4b1	ENSMUSG00000032952	AP4B1	one2one	NA		22.9
Ap4e1	ENSMUSG00000001998	AP4E1	one2one	NA		22.9
Ap4m1	ENSMUSG00000019518	AP4M1	one2one	NA		22.9
Ap4s1	ENSMUSG00000020955	AP4S1	one2one	NA		22.9
Ap5b1	ENSMUSG00000049562	AP5B1	one2one	NA		22.9
Ap5m1	ENSMUSG00000036291	AP5M1	one2one	NA		22.9
Ap5s1	ENSMUSG00000068264	AP5S1	one2one	NA		22.9
Ap5z1	ENSMUSG00000039623	AP5Z1	one2one	NA		22.9
Apaf1	ENSMUSG00000019979	APAF1	one2one	NA		22.9
Apba1	ENSMUSG00000024897	APBA1	one2one	NA		22.9
Apba3	ENSMUSG00000004931	APBA3	one2one	NA		22.9
Apbb1	ENSMUSG00000037032	APBB1	one2one	NA		22.9
Apbb1ip	ENSMUSG00000026786	APBB1IP	one2one	NA		22.9
Apbb2	ENSMUSG00000029207	APBB2	one2one	NA		22.9
Apbb3	ENSMUSG00000117679	APBB3	one2one	NA		22.9
Apc	ENSMUSG00000005871	APC	one2one	NA		22.9
Apc2	ENSMUSG00000020135	APC2	one2one	NA		22.9
Apcdd1	ENSMUSG00000071847	APCDD1	one2one	NA		22.9
Apeh	ENSMUSG00000032590	APEH	one2one	NA		22.9
Apex1	ENSMUSG00000035960	APEX1	one2one	NA		22.9
Apex2	ENSMUSG00000025269	APEX2	one2one	NA		22.9
Aph1a	ENSMUSG00000015750	APH1A	one2one	NA		22.9
Aph1b	ENSMUSG00000032375	APH1B	many2one	NA		22.9
Aph1c	ENSMUSG00000053040	APH1B	many2one	NA		22.9
Api5	ENSMUSG00000027193	API5	one2one	NA		22.9
Apip	ENSMUSG00000010911	APIP	one2one	NA		22.9
Aplf	ENSMUSG00000030051	APLF	one2one	NA		22.9
Apln	ENSMUSG00000037010	APLN	one2one	NA		22.9
Aplp1	ENSMUSG00000006651	APLP1	one2one	NA		22.9
Aplp2	ENSMUSG00000031996	APLP2	one2one	NA		22.9
Apmap	ENSMUSG00000033096	APMAP	one2one	NA		22.9
Apoa2	ENSMUSG00000005681	APOA2	one2one	NA		22.9
Apobec1	ENSMUSG00000040613	APOBEC1	one2one	NA		22.9
Apobec2	ENSMUSG00000040694	APOBEC2	one2one	NA		22.9
Apobec3	ENSMUSG00000009585	APOBEC3H	one2one	NA		22.9
Apobr	ENSMUSG00000042759	APOBR	one2one	NA		22.9
Apoc4	ENSMUSG00000074336	APOC4	one2one	NA		22.9
Apoe	ENSMUSG00000002985	APOE	one2one	NA		22.9
Apol10b	ENSMUSG00000050014	APOL1	one2many	NA		22.9
Apol10b	ENSMUSG00000050014	APOL2	one2many	NA		22.9
Apol10b	ENSMUSG00000050014	APOL3	one2many	NA		22.9
Apol10b	ENSMUSG00000050014	APOL4	one2many	NA		22.9
Apol7e	ENSMUSG00000071716	APOL2	one2many	NA		22.9
Apol7e	ENSMUSG00000071716	APOL3	one2many	NA		22.9
Apol8	ENSMUSG00000056656	APOL2	one2many	NA		22.9
Apol8	ENSMUSG00000056656	APOL3	one2many	NA		22.9
Apol9a	ENSMUSG00000057346	APOL1	one2many	NA		22.9
Apol9a	ENSMUSG00000057346	APOL2	one2many	NA		22.9
Apol9a	ENSMUSG00000057346	APOL3	one2many	NA		22.9
Apol9a	ENSMUSG00000057346	APOL4	one2many	NA		22.9
Apol9b	ENSMUSG00000068246	APOL1	one2many	NA		22.9
Apol9b	ENSMUSG00000068246	APOL2	one2many	NA		22.9
Apol9b	ENSMUSG00000068246	APOL3	one2many	NA		22.9
Apol9b	ENSMUSG00000068246	APOL4	one2many	NA		22.9
Apold1	ENSMUSG00000090698	APOLD1	one2one	NA		22.9
Apom	ENSMUSG00000024391	APOM	one2one	NA		22.9
Apoo	ENSMUSG00000079508	APOO	one2one	NA		22.9
Apool	ENSMUSG00000025525	APOOL	one2one	NA		22.9
Apopt1	ENSMUSG00000037787	COA8	one2one	Coa8	org.Mm.eg.db	22.9
App	ENSMUSG00000022892	APP	one2one	NA		22.9
Appbp2	ENSMUSG00000018481	APPBP2	one2one	NA		22.9
Appl1	ENSMUSG00000040760	APPL1	one2one	NA		22.9
Appl2	ENSMUSG00000020263	APPL2	one2one	NA		22.9
Aprt	ENSMUSG00000006589	APRT	one2one	NA		22.9
Aptx	ENSMUSG00000028411	APTX	one2one	NA		22.9
Aqp1	ENSMUSG00000004655	AQP1	one2one	NA		22.9
Aqp11	ENSMUSG00000042797	AQP11	one2one	NA		22.9
Aqp3	ENSMUSG00000028435	AQP3	one2one	NA		22.9
Aqp4	ENSMUSG00000024411	AQP4	one2one	NA		22.9
Aqp7	ENSMUSG00000028427	AQP7	one2one	NA		22.9
Aqp9	ENSMUSG00000032204	AQP9	one2one	NA		22.9
Aqr	ENSMUSG00000040383	AQR	one2one	NA		22.9
Ar	ENSMUSG00000046532	AR	one2one	NA		22.9
Araf	ENSMUSG00000001127	ARAF	one2one	NA		22.9
Arap1	ENSMUSG00000032812	ARAP1	one2one	NA		22.9
Arap2	ENSMUSG00000037999	ARAP2	one2one	NA		22.9
Arap3	ENSMUSG00000024451	ARAP3	one2one	NA		22.9
Arc	ENSMUSG00000022602	ARC	one2one	NA		22.9
Arcn1	ENSMUSG00000032096	ARCN1	one2one	NA		22.9
Areg	ENSMUSG00000029378	AREG	one2one	NA		22.9
Arel1	ENSMUSG00000042350	AREL1	one2one	NA		22.9
Arf1	ENSMUSG00000048076	ARF1	one2one	NA		22.9
Arf3	ENSMUSG00000051853	ARF3	one2one	NA		22.9
Arf4	ENSMUSG00000021877	ARF4	one2one	NA		22.9
Arf5	ENSMUSG00000020440	ARF5	one2one	NA		22.9
Arf6	ENSMUSG00000044147	ARF6	one2one	NA		22.9
Arfgap1	ENSMUSG00000027575	ARFGAP1	one2one	NA		22.9
Arfgap2	ENSMUSG00000027255	ARFGAP2	one2one	NA		22.9
Arfgap3	ENSMUSG00000054277	ARFGAP3	one2one	NA		22.9
Arfgef1	ENSMUSG00000067851	ARFGEF1	one2one	NA		22.9
Arfgef2	ENSMUSG00000074582	ARFGEF2	one2one	NA		22.9
Arfgef3	ENSMUSG00000019852	ARFGEF3	one2one	NA		22.9
Arfip1	ENSMUSG00000074513	ARFIP1	one2one	NA		22.9
Arfip2	ENSMUSG00000030881	ARFIP2	one2one	NA		22.9
Arfrp1	ENSMUSG00000038671	ARFRP1	one2one	NA		22.9
Arg1	ENSMUSG00000019987	ARG1	one2one	NA		22.9
Arg2	ENSMUSG00000021125	ARG2	one2one	NA		22.9
Arglu1	ENSMUSG00000040459	ARGLU1	one2one	NA		22.9
Arhgap1	ENSMUSG00000027247	ARHGAP1	one2one	NA		22.9
Arhgap10	ENSMUSG00000037148	ARHGAP10	one2one	NA		22.9
Arhgap11a	ENSMUSG00000041219	ARHGAP11A	one2one	NA		22.9
Arhgap12	ENSMUSG00000041225	ARHGAP12	one2one	NA		22.9
Arhgap15	ENSMUSG00000049744	ARHGAP15	one2one	NA		22.9
Arhgap17	ENSMUSG00000030766	ARHGAP17	one2one	NA		22.9
Arhgap18	ENSMUSG00000039031	ARHGAP18	one2one	NA		22.9
Arhgap19	ENSMUSG00000025154	ARHGAP19	one2one	NA		22.9
Arhgap20	ENSMUSG00000053199	ARHGAP20	one2one	NA		22.9
Arhgap21	ENSMUSG00000036591	ARHGAP21	one2one	NA		22.9
Arhgap23	ENSMUSG00000049807	ARHGAP23	one2one	NA		22.9
Arhgap24	ENSMUSG00000057315	ARHGAP24	one2one	NA		22.9
Arhgap25	ENSMUSG00000030047	ARHGAP25	one2one	NA		22.9
Arhgap26	ENSMUSG00000036452	ARHGAP26	one2one	NA		22.9
Arhgap27	ENSMUSG00000034255	ARHGAP27	one2one	NA		22.9
Arhgap29	ENSMUSG00000039831	ARHGAP29	one2one	NA		22.9
Arhgap30	ENSMUSG00000048865	ARHGAP30	one2one	NA		22.9
Arhgap31	ENSMUSG00000022799	ARHGAP31	one2one	NA		22.9
Arhgap32	ENSMUSG00000041444	ARHGAP32	one2one	NA		22.9
Arhgap33	ENSMUSG00000036882	ARHGAP33	one2one	NA		22.9
Arhgap35	ENSMUSG00000058230	ARHGAP35	one2one	NA		22.9
Arhgap39	ENSMUSG00000033697	ARHGAP39	one2one	NA		22.9
Arhgap4	ENSMUSG00000031389	ARHGAP4	one2one	NA		22.9
Arhgap44	ENSMUSG00000033389	ARHGAP44	one2one	NA		22.9
Arhgap45	ENSMUSG00000035697	ARHGAP45	one2one	NA		22.9
Arhgap5	ENSMUSG00000035133	ARHGAP5	one2one	NA		22.9
Arhgap6	ENSMUSG00000031355	ARHGAP6	one2one	NA		22.9
Arhgap8	ENSMUSG00000078954	ARHGAP8	one2one	NA		22.9
Arhgap9	ENSMUSG00000040345	ARHGAP9	one2one	NA		22.9
Arhgdia	ENSMUSG00000025132	ARHGDIA	one2one	NA		22.9
Arhgdib	ENSMUSG00000030220	ARHGDIB	one2one	NA		22.9
Arhgdig	ENSMUSG00000073433	ARHGDIG	one2one	NA		22.9
Arhgef1	ENSMUSG00000040940	ARHGEF1	one2one	NA		22.9
Arhgef10	ENSMUSG00000071176	ARHGEF10	one2one	NA		22.9
Arhgef10l	ENSMUSG00000040964	ARHGEF10L	one2one	NA		22.9
Arhgef11	ENSMUSG00000041977	ARHGEF11	one2one	NA		22.9
Arhgef12	ENSMUSG00000059495	ARHGEF12	one2one	NA		22.9
Arhgef16	ENSMUSG00000029032	ARHGEF16	one2one	NA		22.9
Arhgef17	ENSMUSG00000032875	ARHGEF17	one2one	NA		22.9
Arhgef18	ENSMUSG00000004568	ARHGEF18	one2one	NA		22.9
Arhgef19	ENSMUSG00000028919	ARHGEF19	one2one	NA		22.9
Arhgef2	ENSMUSG00000028059	ARHGEF2	one2one	NA		22.9
Arhgef25	ENSMUSG00000019467	ARHGEF25	one2one	NA		22.9
Arhgef26	ENSMUSG00000036885	ARHGEF26	one2one	NA		22.9
Arhgef3	ENSMUSG00000021895	ARHGEF3	one2one	NA		22.9
Arhgef33	ENSMUSG00000054901	ARHGEF33	one2one	NA		22.9
Arhgef39	ENSMUSG00000051517	ARHGEF39	one2one	NA		22.9
Arhgef4	ENSMUSG00000037509	ARHGEF4	one2one	NA		22.9
Arhgef40	ENSMUSG00000004562	ARHGEF40	one2one	NA		22.9
Arhgef5	ENSMUSG00000033542	ARHGEF5	one2one	NA		22.9
Arhgef6	ENSMUSG00000031133	ARHGEF6	one2one	NA		22.9
Arhgef7	ENSMUSG00000031511	ARHGEF7	one2one	NA		22.9
Arhgef9	ENSMUSG00000025656	ARHGEF9	one2one	NA		22.9
Arid1a	ENSMUSG00000007880	ARID1A	one2one	NA		22.9
Arid1b	ENSMUSG00000069729	ARID1B	one2one	NA		22.9
Arid2	ENSMUSG00000033237	ARID2	one2one	NA		22.9
Arid3a	ENSMUSG00000019564	ARID3A	one2one	NA		22.9
Arid3b	ENSMUSG00000004661	ARID3B	one2one	NA		22.9
Arid4a	ENSMUSG00000048118	ARID4A	one2one	NA		22.9
Arid4b	ENSMUSG00000039219	ARID4B	one2one	NA		22.9
Arid5a	ENSMUSG00000037447	ARID5A	one2one	NA		22.9
Arid5b	ENSMUSG00000019947	ARID5B	one2one	NA		22.9
Arih1	ENSMUSG00000025234	ARIH1	one2one	NA		22.9
Arih2	ENSMUSG00000064145	ARIH2	one2one	NA		22.9
Arl1	ENSMUSG00000060904	ARL1	one2one	NA		22.9
Arl10	ENSMUSG00000025870	ARL10	one2one	NA		22.9
Arl11	ENSMUSG00000043157	ARL11	one2one	NA		22.9
Arl13b	ENSMUSG00000022911	ARL13B	one2one	NA		22.9
Arl14	ENSMUSG00000098207	ARL14	one2one	NA		22.9
Arl14ep	ENSMUSG00000027122	ARL14EP	one2one	NA		22.9
Arl15	ENSMUSG00000042348	ARL15	one2one	NA		22.9
Arl16	ENSMUSG00000057594	ARL16	one2one	NA		22.9
Arl2	ENSMUSG00000024944	ARL2	one2one	NA		22.9
Arl2bp	ENSMUSG00000031776	ARL2BP	one2one	NA		22.9
Arl3	ENSMUSG00000025035	ARL3	one2one	NA		22.9
Arl4a	ENSMUSG00000047446	ARL4A	one2one	NA		22.9
Arl4c	ENSMUSG00000049866	ARL4C	one2one	NA		22.9
Arl4d	ENSMUSG00000034936	ARL4D	one2one	NA		22.9
Arl5a	ENSMUSG00000036093	ARL5A	one2one	NA		22.9
Arl5b	ENSMUSG00000017418	ARL5B	one2one	NA		22.9
Arl5c	ENSMUSG00000038352	ARL5C	one2one	NA		22.9
Arl6	ENSMUSG00000022722	ARL6	one2one	NA		22.9
Arl6ip1	ENSMUSG00000030654	ARL6IP1	one2one	NA		22.9
Arl6ip4	ENSMUSG00000029404	ARL6IP4	one2one	NA		22.9
Arl6ip5	ENSMUSG00000035199	ARL6IP5	one2one	NA		22.9
Arl6ip6	ENSMUSG00000026960	ARL6IP6	one2one	NA		22.9
Arl8a	ENSMUSG00000026426	ARL8A	one2one	NA		22.9
Arl8b	ENSMUSG00000030105	ARL8B	one2one	NA		22.9
Arl9	ENSMUSG00000063820	ARL9	one2one	NA		22.9
Armc1	ENSMUSG00000027599	ARMC1	one2one	NA		22.9
Armc10	ENSMUSG00000038525	ARMC10	one2one	NA		22.9
Armc2	ENSMUSG00000071324	ARMC2	one2one	NA		22.9
Armc3	ENSMUSG00000037683	ARMC3	one2one	NA		22.9
Armc5	ENSMUSG00000042178	ARMC5	one2one	NA		22.9
Armc6	ENSMUSG00000002343	ARMC6	one2one	NA		22.9
Armc7	ENSMUSG00000057219	ARMC7	one2one	NA		22.9
Armc8	ENSMUSG00000032468	ARMC8	one2one	NA		22.9
Armc9	ENSMUSG00000062590	ARMC9	one2one	NA		22.9
Armcx1	ENSMUSG00000033460	ARMCX1	one2one	NA		22.9
Armcx2	ENSMUSG00000033436	ARMCX2	one2one	NA		22.9
Armcx3	ENSMUSG00000049047	ARMCX3	one2one	NA		22.9
Armcx4	ENSMUSG00000049804	ARMCX4	one2one	NA		22.9
Armcx5	ENSMUSG00000072969	ARMCX5	one2one	NA		22.9
Armcx6	ENSMUSG00000050394	ARMCX6	one2one	NA		22.9
Armh2	ENSMUSG00000085861	ARMH2	one2one	NA		22.9
Armh3	ENSMUSG00000039901	ARMH3	one2one	NA		22.9
Armt1	ENSMUSG00000061759	ARMT1	one2one	NA		22.9
Arnt	ENSMUSG00000015522	ARNT	one2one	NA		22.9
Arnt2	ENSMUSG00000015709	ARNT2	one2one	NA		22.9
Arntl	ENSMUSG00000055116	BMAL1	one2one	NA		22.9
Arntl2	ENSMUSG00000040187	BMAL2	one2one	NA		22.9
Arpc1a	ENSMUSG00000029621	ARPC1A	one2one	NA		22.9
Arpc1b	ENSMUSG00000029622	ARPC1B	one2one	NA		22.9
Arpc2	ENSMUSG00000006304	ARPC2	one2one	NA		22.9
Arpc3	ENSMUSG00000029465	ARPC3	one2one	NA		22.9
Arpc4	ENSMUSG00000079426	ARPC4	one2one	NA		22.9
Arpc5	ENSMUSG00000008475	ARPC5	one2one	NA		22.9
Arpc5l	ENSMUSG00000026755	ARPC5L	one2one	NA		22.9
Arpin	ENSMUSG00000039043	ARPIN	one2one	NA		22.9
Arpp19	ENSMUSG00000007656	ARPP19	one2one	NA		22.9
Arrb1	ENSMUSG00000018909	ARRB1	one2one	NA		22.9
Arrb2	ENSMUSG00000060216	ARRB2	one2one	NA		22.9
Arrdc1	ENSMUSG00000026972	ARRDC1	one2one	NA		22.9
Arrdc2	ENSMUSG00000002910	ARRDC2	one2one	NA		22.9
Arrdc3	ENSMUSG00000074794	ARRDC3	one2one	NA		22.9
Arrdc4	ENSMUSG00000042659	ARRDC4	one2one	NA		22.9
Arsa	ENSMUSG00000022620	ARSA	one2one	NA		22.9
Arsb	ENSMUSG00000042082	ARSB	one2one	NA		22.9
Arsg	ENSMUSG00000020604	ARSG	one2one	NA		22.9
Arsk	ENSMUSG00000021592	ARSK	one2one	NA		22.9
Art3	ENSMUSG00000034842	ART3	one2one	NA		22.9
Art4	ENSMUSG00000030217	ART4	one2one	NA		22.9
Arv1	ENSMUSG00000031982	ARV1	one2one	NA		22.9
Arvcf	ENSMUSG00000118669	ARVCF	one2one	NA		22.9
Arxes1	ENSMUSG00000048355	SPCS3	many2one	NA		22.9
Arxes2	ENSMUSG00000048040	SPCS3	many2one	NA		22.9
As3mt	ENSMUSG00000003559	AS3MT	one2one	NA		22.9
Asah1	ENSMUSG00000031591	ASAH1	one2one	NA		22.9
Asah2	ENSMUSG00000024887	ASAH2	one2one	NA		22.9
Asap1	ENSMUSG00000022377	ASAP1	one2one	NA		22.9
Asap2	ENSMUSG00000052632	ASAP2	one2one	NA		22.9
Asap3	ENSMUSG00000036995	ASAP3	one2one	NA		22.9
Asb1	ENSMUSG00000026311	ASB1	one2one	NA		22.9
Asb13	ENSMUSG00000033781	ASB13	one2one	NA		22.9
Asb14	ENSMUSG00000021898	ASB14	one2one	NA		22.9
Asb16	ENSMUSG00000034768	ASB16	one2one	NA		22.9
Asb2	ENSMUSG00000021200	ASB2	one2one	NA		22.9
Asb3	ENSMUSG00000020305	ASB3	one2one	NA		22.9
Asb4	ENSMUSG00000042607	ASB4	one2one	NA		22.9
Asb5	ENSMUSG00000031519	ASB5	one2one	NA		22.9
Asb6	ENSMUSG00000039483	ASB6	one2one	NA		22.9
Asb7	ENSMUSG00000030509	ASB7	one2one	NA		22.9
Asb8	ENSMUSG00000048175	ASB8	one2one	NA		22.9
Ascc1	ENSMUSG00000044475	ASCC1	one2one	NA		22.9
Ascc2	ENSMUSG00000020412	ASCC2	one2one	NA		22.9
Ascc3	ENSMUSG00000038774	ASCC3	one2one	NA		22.9
Ascl4	ENSMUSG00000085111	ASCL4	one2one	NA		22.9
Asf1a	ENSMUSG00000019857	ASF1A	one2one	NA		22.9
Asf1b	ENSMUSG00000005470	ASF1B	one2one	NA		22.9
Asgr2	ENSMUSG00000040963	ASGR2	one2one	NA		22.9
Ash1l	ENSMUSG00000028053	ASH1L	one2one	NA		22.9
Ash2l	ENSMUSG00000031575	ASH2L	one2one	NA		22.9
Asic1	ENSMUSG00000023017	ASIC1	one2one	NA		22.9
Asic3	ENSMUSG00000038276	ASIC3	one2one	NA		22.9
Asl	ENSMUSG00000025533	ASL	one2one	NA		22.9
Asna1	ENSMUSG00000052456	GET3	one2one	Get3	org.Mm.eg.db	22.9
Asns	ENSMUSG00000029752	ASNS	one2one	NA		22.9
Asnsd1	ENSMUSG00000026095	ASNSD1	one2one	NA		22.9
Asph	ENSMUSG00000028207	ASPH	one2one	NA		22.9
Asphd1	ENSMUSG00000046378	ASPHD1	one2one	NA		22.9
Aspm	ENSMUSG00000033952	ASPM	one2one	NA		22.9
Aspn	ENSMUSG00000021388	ASPN	one2one	NA		22.9
Asprv1	ENSMUSG00000033508	ASPRV1	one2one	NA		22.9
Aspscr1	ENSMUSG00000025142	ASPSCR1	one2one	NA		22.9
Asrgl1	ENSMUSG00000024654	ASRGL1	one2one	NA		22.9
Ass1	ENSMUSG00000076441	ASS1	one2one	NA		22.9
Aste1	ENSMUSG00000032567	ASTE1	one2one	NA		22.9
Astl	ENSMUSG00000050468	ASTL	one2one	NA		22.9
Asxl1	ENSMUSG00000042548	ASXL1	one2one	NA		22.9
Asxl2	ENSMUSG00000037486	ASXL2	one2one	NA		22.9
Atad1	ENSMUSG00000013662	ATAD1	one2one	NA		22.9
Atad2	ENSMUSG00000022360	ATAD2	one2one	NA		22.9
Atad2b	ENSMUSG00000052812	ATAD2B	one2one	NA		22.9
Atad3a	ENSMUSG00000029036	ATAD3A	one2one	NA		22.9
Atad5	ENSMUSG00000017550	ATAD5	one2one	NA		22.9
Atat1	ENSMUSG00000024426	ATAT1	one2one	NA		22.9
Atcay	ENSMUSG00000034958	ATCAY	one2one	NA		22.9
Ate1	ENSMUSG00000030850	ATE1	one2one	NA		22.9
Atf1	ENSMUSG00000023027	ATF1	one2one	NA		22.9
Atf2	ENSMUSG00000027104	ATF2	one2one	NA		22.9
Atf3	ENSMUSG00000026628	ATF3	one2one	NA		22.9
Atf4	ENSMUSG00000042406	ATF4	one2one	NA		22.9
Atf5	ENSMUSG00000038539	ATF5	one2one	NA		22.9
Atf6	ENSMUSG00000026663	ATF6	one2one	NA		22.9
Atf6b	ENSMUSG00000015461	ATF6B	one2one	NA		22.9
Atf7	ENSMUSG00000099083	ATF7	one2one	NA		22.9
Atf7ip	ENSMUSG00000030213	ATF7IP	one2one	NA		22.9
Atg10	ENSMUSG00000021619	ATG10	one2one	NA		22.9
Atg101	ENSMUSG00000037204	ATG101	one2one	NA		22.9
Atg12	ENSMUSG00000032905	ATG12	one2one	NA		22.9
Atg13	ENSMUSG00000027244	ATG13	one2one	NA		22.9
Atg14	ENSMUSG00000037526	ATG14	one2one	NA		22.9
Atg16l1	ENSMUSG00000026289	ATG16L1	one2one	NA		22.9
Atg16l2	ENSMUSG00000047767	ATG16L2	one2one	NA		22.9
Atg2a	ENSMUSG00000024773	ATG2A	one2one	NA		22.9
Atg2b	ENSMUSG00000041341	ATG2B	one2one	NA		22.9
Atg3	ENSMUSG00000022663	ATG3	one2one	NA		22.9
Atg4a	ENSMUSG00000079418	ATG4A	many2one	NA		22.9
Atg4a-ps	ENSMUSG00000087119	ATG4A	many2one	NA		22.9
Atg4b	ENSMUSG00000026280	ATG4B	one2one	NA		22.9
Atg4c	ENSMUSG00000028550	ATG4C	one2one	NA		22.9
Atg4d	ENSMUSG00000002820	ATG4D	one2one	NA		22.9
Atg5	ENSMUSG00000038160	ATG5	one2one	NA		22.9
Atg7	ENSMUSG00000030314	ATG7	one2one	NA		22.9
Atg9a	ENSMUSG00000033124	ATG9A	one2one	NA		22.9
Atg9b	ENSMUSG00000038295	ATG9B	one2one	NA		22.9
Atic	ENSMUSG00000026192	ATIC	one2one	NA		22.9
Atl1	ENSMUSG00000021066	ATL1	one2one	NA		22.9
Atl2	ENSMUSG00000059811	ATL2	one2one	NA		22.9
Atl3	ENSMUSG00000024759	ATL3	one2one	NA		22.9
Atm	ENSMUSG00000034218	ATM	one2one	NA		22.9
Atmin	ENSMUSG00000047388	ATMIN	one2one	NA		22.9
Atn1	ENSMUSG00000004263	ATN1	one2one	NA		22.9
Atoh8	ENSMUSG00000037621	ATOH8	one2one	NA		22.9
Atox1	ENSMUSG00000018585	ATOX1	one2one	NA		22.9
Atp10a	ENSMUSG00000025324	ATP10A	one2one	NA		22.9
Atp10d	ENSMUSG00000046808	ATP10D	one2one	NA		22.9
Atp11a	ENSMUSG00000031441	ATP11A	one2one	NA		22.9
Atp11b	ENSMUSG00000037400	ATP11B	one2one	NA		22.9
Atp11c	ENSMUSG00000062949	ATP11C	one2one	NA		22.9
Atp13a1	ENSMUSG00000031862	ATP13A1	one2one	NA		22.9
Atp13a2	ENSMUSG00000036622	ATP13A2	one2one	NA		22.9
Atp13a3	ENSMUSG00000022533	ATP13A3	one2one	NA		22.9
Atp1a1	ENSMUSG00000033161	ATP1A1	one2one	NA		22.9
Atp1a2	ENSMUSG00000007097	ATP1A2	one2one	NA		22.9
Atp1a3	ENSMUSG00000040907	ATP1A3	one2one	NA		22.9
Atp1b1	ENSMUSG00000026576	ATP1B1	one2one	NA		22.9
Atp1b2	ENSMUSG00000041329	ATP1B2	one2one	NA		22.9
Atp1b3	ENSMUSG00000032412	ATP1B3	one2one	NA		22.9
Atp23	ENSMUSG00000025436	ATP23	one2one	NA		22.9
Atp2a1	ENSMUSG00000030730	ATP2A1	one2one	NA		22.9
Atp2a2	ENSMUSG00000029467	ATP2A2	one2one	NA		22.9
Atp2a3	ENSMUSG00000020788	ATP2A3	one2one	NA		22.9
Atp2b1	ENSMUSG00000019943	ATP2B1	one2one	NA		22.9
Atp2b4	ENSMUSG00000026463	ATP2B4	one2one	NA		22.9
Atp2c1	ENSMUSG00000032570	ATP2C1	one2one	NA		22.9
Atp5a1	ENSMUSG00000025428	ATP5F1A	one2one	NA		22.9
Atp5b	ENSMUSG00000025393	ATP5F1B	one2one	NA		22.9
Atp5c1	ENSMUSG00000025781	ATP5F1C	one2one	NA		22.9
Atp5d	ENSMUSG00000003072	ATP5F1D	one2one	NA		22.9
Atp5e	ENSMUSG00000016252	ATP5F1E	one2one	NA		22.9
Atp5g1	ENSMUSG00000006057	ATP5MC1	one2one	NA		22.9
Atp5g2	ENSMUSG00000062683	ATP5MC2	one2one	NA		22.9
Atp5g3	ENSMUSG00000018770	ATP5MC3	one2one	NA		22.9
Atp5h	ENSMUSG00000034566	ATP5PD	one2one	NA		22.9
Atp5j	ENSMUSG00000022890	ATP5PF	one2one	NA		22.9
Atp5j2	ENSMUSG00000038690	ATP5MF	one2one	NA		22.9
Atp5k	ENSMUSG00000050856	ATP5ME	one2one	NA		22.9
Atp5l	ENSMUSG00000038717	ATP5MG	one2one	NA		22.9
Atp5md	ENSMUSG00000071528	ATP5MK	one2one	NA		22.9
Atp5mpl	ENSMUSG00000021290	ATP5MJ	one2one	NA		22.9
Atp5o	ENSMUSG00000022956	ATP5PO	one2one	NA		22.9
Atp5pb	ENSMUSG00000000563	ATP5PB	one2one	NA		22.9
Atp6ap1	ENSMUSG00000019087	ATP6AP1	one2one	NA		22.9
Atp6ap2	ENSMUSG00000031007	ATP6AP2	one2one	NA		22.9
Atp6v0a1	ENSMUSG00000019302	ATP6V0A1	one2one	NA		22.9
Atp6v0a2	ENSMUSG00000038023	ATP6V0A2	one2one	NA		22.9
Atp6v0b	ENSMUSG00000033379	ATP6V0B	one2one	NA		22.9
Atp6v0c	ENSMUSG00000024121	ATP6V0C	one2one	NA		22.9
Atp6v0d1	ENSMUSG00000013160	ATP6V0D1	one2one	NA		22.9
Atp6v0d2	ENSMUSG00000028238	ATP6V0D2	one2one	NA		22.9
Atp6v0e	ENSMUSG00000015575	ATP6V0E1	one2one	NA		22.9
Atp6v0e2	ENSMUSG00000039347	ATP6V0E2	one2one	NA		22.9
Atp6v1a	ENSMUSG00000052459	ATP6V1A	one2one	NA		22.9
Atp6v1b2	ENSMUSG00000006273	ATP6V1B2	one2one	NA		22.9
Atp6v1c1	ENSMUSG00000022295	ATP6V1C1	one2one	NA		22.9
Atp6v1d	ENSMUSG00000021114	ATP6V1D	one2one	NA		22.9
Atp6v1e1	ENSMUSG00000019210	ATP6V1E1	one2one	NA		22.9
Atp6v1f	ENSMUSG00000004285	ATP6V1F	one2one	NA		22.9
Atp6v1g1	ENSMUSG00000039105	ATP6V1G1	one2one	NA		22.9
Atp6v1g2	ENSMUSG00000024403	ATP6V1G2	one2one	NA		22.9
Atp6v1g3	ENSMUSG00000026394	ATP6V1G3	one2one	NA		22.9
Atp6v1h	ENSMUSG00000033793	ATP6V1H	one2one	NA		22.9
Atp7a	ENSMUSG00000033792	ATP7A	one2one	NA		22.9
Atp7b	ENSMUSG00000006567	ATP7B	one2one	NA		22.9
Atp8a1	ENSMUSG00000037685	ATP8A1	one2one	NA		22.9
Atp8a2	ENSMUSG00000021983	ATP8A2	one2one	NA		22.9
Atp8b2	ENSMUSG00000060671	ATP8B2	one2one	NA		22.9
Atp8b3	ENSMUSG00000003341	ATP8B3	one2one	NA		22.9
Atp8b4	ENSMUSG00000060131	ATP8B4	one2one	NA		22.9
Atp9a	ENSMUSG00000027546	ATP9A	one2one	NA		22.9
Atp9b	ENSMUSG00000024566	ATP9B	one2one	NA		22.9
Atpaf1	ENSMUSG00000028710	ATPAF1	one2one	NA		22.9
Atpaf2	ENSMUSG00000042709	ATPAF2	one2one	NA		22.9
Atpif1	ENSMUSG00000054428	ATP5IF1	one2one	NA		22.9
Atpsckmt	ENSMUSG00000039065	ATPSCKMT	one2one	NA		22.9
Atr	ENSMUSG00000032409	ATR	one2one	NA		22.9
Atraid	ENSMUSG00000013622	ATRAID	one2one	NA		22.9
Atrip	ENSMUSG00000025646	ATRIP	one2one	NA		22.9
Atrn	ENSMUSG00000027312	ATRN	one2one	NA		22.9
Atrnl1	ENSMUSG00000054843	ATRNL1	one2one	NA		22.9
Atrx	ENSMUSG00000031229	ATRX	one2one	NA		22.9
Atxn1	ENSMUSG00000046876	ATXN1	one2one	NA		22.9
Atxn10	ENSMUSG00000016541	ATXN10	one2one	NA		22.9
Atxn1l	ENSMUSG00000069895	ATXN1L	one2one	NA		22.9
Atxn2	ENSMUSG00000042605	ATXN2	one2one	NA		22.9
Atxn2l	ENSMUSG00000032637	ATXN2L	one2one	NA		22.9
Atxn3	ENSMUSG00000021189	ATXN3	one2one	NA		22.9
Atxn7	ENSMUSG00000021738	ATXN7	one2one	NA		22.9
Atxn7l1	ENSMUSG00000020564	ATXN7L1	one2one	NA		22.9
Atxn7l2	ENSMUSG00000048997	ATXN7L2	one2one	NA		22.9
Atxn7l3	ENSMUSG00000059995	ATXN7L3	one2one	NA		22.9
Atxn7l3b	ENSMUSG00000074748	ATXN7L3B	one2one	NA		22.9
AU022252	ENSMUSG00000078584	C1orf50	one2one	NA		22.9
AU040320	ENSMUSG00000028830	KIAA0319L	one2one	NA		22.9
Auh	ENSMUSG00000021460	AUH	one2one	NA		22.9
Aunip	ENSMUSG00000078521	AUNIP	one2one	NA		22.9
Aup1	ENSMUSG00000068328	AUP1	one2one	NA		22.9
Aurka	ENSMUSG00000027496	AURKA	one2one	NA		22.9
Aurkaip1	ENSMUSG00000065990	AURKAIP1	one2one	NA		22.9
Aurkb	ENSMUSG00000020897	AURKB	one2one	NA		22.9
Auts2	ENSMUSG00000029673	AUTS2	one2one	NA		22.9
Aven	ENSMUSG00000003604	AVEN	one2one	NA		22.9
Avil	ENSMUSG00000025432	AVIL	one2one	NA		22.9
Avl9	ENSMUSG00000029787	AVL9	one2one	NA		22.9
Avpi1	ENSMUSG00000018821	AVPI1	one2one	NA		22.9
Avpr1a	ENSMUSG00000020123	AVPR1A	one2one	NA		22.9
Avpr2	ENSMUSG00000031390	AVPR2	one2one	NA		22.9
AW209491	ENSMUSG00000039182	C7orf25	one2one	NA		22.9
AW554918	ENSMUSG00000033632	KIAA1328	one2one	NA		22.9
Awat2	ENSMUSG00000031220	AWAT2	one2one	NA		22.9
Axdnd1	ENSMUSG00000026601	AXDND1	one2one	NA		22.9
Axin1	ENSMUSG00000024182	AXIN1	one2one	NA		22.9
Axin2	ENSMUSG00000000142	AXIN2	one2one	NA		22.9
Axl	ENSMUSG00000002602	AXL	one2one	NA		22.9
Azi2	ENSMUSG00000039285	AZI2	one2one	NA		22.9
Azin1	ENSMUSG00000037458	AZIN1	one2one	NA		22.9
Azin2	ENSMUSG00000028789	AZIN2	one2one	NA		22.9
B230118H07Rik	ENSMUSG00000027165	IFTAP	one2one	Iftap	org.Mm.eg.db	22.9
B230219D22Rik	ENSMUSG00000045767	C5orf24	one2one	NA		22.9
B230334C09Rik	ENSMUSG00000028176	LRRC7	one2one	Lrrc7	org.Mm.eg.db	22.9
B2m	ENSMUSG00000060802	B2M	one2one	NA		22.9
B3galnt1	ENSMUSG00000043300	B3GALNT1	one2one	NA		22.9
B3galnt2	ENSMUSG00000039242	B3GALNT2	one2one	NA		22.9
B3galt2	ENSMUSG00000033849	B3GALT2	one2one	NA		22.9
B3galt4	ENSMUSG00000067370	B3GALT4	one2one	NA		22.9
B3galt5	ENSMUSG00000074892	B3GALT5	one2one	NA		22.9
B3galt6	ENSMUSG00000050796	B3GALT6	one2one	NA		22.9
B3gat2	ENSMUSG00000026156	B3GAT2	one2one	NA		22.9
B3gat3	ENSMUSG00000071649	B3GAT3	one2one	NA		22.9
B3glct	ENSMUSG00000051950	B3GLCT	one2one	NA		22.9
B3gnt2	ENSMUSG00000051650	B3GNT2	one2one	NA		22.9
B3gnt3	ENSMUSG00000031803	B3GNT3	one2one	NA		22.9
B3gnt5	ENSMUSG00000022686	B3GNT5	one2one	NA		22.9
B3gnt8	ENSMUSG00000059479	B3GNT8	one2one	NA		22.9
B3gnt9	ENSMUSG00000069920	B3GNT9	one2one	NA		22.9
B3gntl1	ENSMUSG00000046605	B3GNTL1	one2one	NA		22.9
B4galnt1	ENSMUSG00000006731	B4GALNT1	one2one	NA		22.9
B4galnt2	ENSMUSG00000013418	B4GALNT2	one2one	NA		22.9
B4galnt4	ENSMUSG00000055629	B4GALNT4	one2one	NA		22.9
B4galt1	ENSMUSG00000028413	B4GALT1	one2one	NA		22.9
B4galt2	ENSMUSG00000028541	B4GALT2	one2one	NA		22.9
B4galt3	ENSMUSG00000052423	B4GALT3	one2one	NA		22.9
B4galt4	ENSMUSG00000022793	B4GALT4	one2one	NA		22.9
B4galt5	ENSMUSG00000017929	B4GALT5	one2one	NA		22.9
B4galt7	ENSMUSG00000021504	B4GALT7	one2one	NA		22.9
B4gat1	ENSMUSG00000047379	B4GAT1	one2one	NA		22.9
B9d1	ENSMUSG00000001039	B9D1	one2one	NA		22.9
B9d2	ENSMUSG00000063439	B9D2	one2one	NA		22.9
Baalc	ENSMUSG00000022296	BAALC	one2one	NA		22.9
Babam1	ENSMUSG00000031820	BABAM1	one2one	NA		22.9
Babam2	ENSMUSG00000052139	BABAM2	one2one	NA		22.9
Bace1	ENSMUSG00000032086	BACE1	one2one	NA		22.9
Bace2	ENSMUSG00000040605	BACE2	one2one	NA		22.9
Bach1	ENSMUSG00000025612	BACH1	one2one	NA		22.9
Bach2	ENSMUSG00000040270	BACH2	one2one	NA		22.9
Bad	ENSMUSG00000024959	BAD	one2one	NA		22.9
Bag1	ENSMUSG00000028416	BAG1	one2one	NA		22.9
Bag2	ENSMUSG00000042215	BAG2	one2one	NA		22.9
Bag3	ENSMUSG00000030847	BAG3	one2one	NA		22.9
Bag4	ENSMUSG00000037316	BAG4	one2one	NA		22.9
Bag5	ENSMUSG00000049792	BAG5	one2one	NA		22.9
Bag6	ENSMUSG00000024392	BAG6	one2one	NA		22.9
Bahcc1	ENSMUSG00000039741	BAHCC1	one2one	NA		22.9
Bahd1	ENSMUSG00000040007	BAHD1	one2one	NA		22.9
Baiap2	ENSMUSG00000025372	BAIAP2	one2one	NA		22.9
Baiap2l1	ENSMUSG00000038859	BAIAP2L1	one2one	NA		22.9
Baiap2l2	ENSMUSG00000018126	BAIAP2L2	one2one	NA		22.9
Baiap3	ENSMUSG00000047507	BAIAP3	one2one	NA		22.9
Bak1	ENSMUSG00000057789	BAK1	one2one	NA		22.9
Bambi	ENSMUSG00000024232	BAMBI	one2one	NA		22.9
Banf1	ENSMUSG00000024844	BANF1	one2one	NA		22.9
Bank1	ENSMUSG00000037922	BANK1	one2one	NA		22.9
Banp	ENSMUSG00000025316	BANP	one2one	NA		22.9
Bap1	ENSMUSG00000021901	BAP1	one2one	NA		22.9
Bard1	ENSMUSG00000026196	BARD1	one2one	NA		22.9
Barhl1	ENSMUSG00000026805	BARHL1	one2one	NA		22.9
Barx1	ENSMUSG00000021381	BARX1	one2one	NA		22.9
Barx2	ENSMUSG00000032033	BARX2	one2one	NA		22.9
Basp1	ENSMUSG00000045763	BASP1	one2one	NA		22.9
Batf	ENSMUSG00000034266	BATF	one2one	NA		22.9
Batf2	ENSMUSG00000039699	BATF2	one2one	NA		22.9
Batf3	ENSMUSG00000026630	BATF3	one2one	NA		22.9
Bax	ENSMUSG00000003873	BAX	one2one	NA		22.9
Baz1a	ENSMUSG00000035021	BAZ1A	one2one	NA		22.9
Baz1b	ENSMUSG00000002748	BAZ1B	one2one	NA		22.9
Baz2a	ENSMUSG00000040054	BAZ2A	one2one	NA		22.9
Baz2b	ENSMUSG00000026987	BAZ2B	one2one	NA		22.9
Bbc3	ENSMUSG00000002083	BBC3	one2one	NA		22.9
Bbip1	ENSMUSG00000084957	BBIP1	one2one	NA		22.9
Bbof1	ENSMUSG00000057265	BBOF1	one2one	NA		22.9
Bbs1	ENSMUSG00000006464	BBS1	one2one	NA		22.9
Bbs10	ENSMUSG00000035759	BBS10	one2one	NA		22.9
Bbs12	ENSMUSG00000051444	BBS12	one2one	NA		22.9
Bbs2	ENSMUSG00000031755	BBS2	one2one	NA		22.9
Bbs4	ENSMUSG00000025235	BBS4	one2one	NA		22.9
Bbs5	ENSMUSG00000063145	BBS5	one2one	NA		22.9
Bbs7	ENSMUSG00000037325	BBS7	one2one	NA		22.9
Bbs9	ENSMUSG00000035919	BBS9	one2one	NA		22.9
Bbx	ENSMUSG00000022641	BBX	one2one	NA		22.9
BC003965	ENSMUSG00000067722	UQCC4	one2one	NA		22.9
BC004004	ENSMUSG00000052712	C6orf89	one2one	NA		22.9
BC005537	ENSMUSG00000019132	C6orf62	one2one	NA		22.9
BC005624	ENSMUSG00000026851	C9orf78	one2one	NA		22.9
BC024978	ENSMUSG00000078786	C19orf54	one2one	NA		22.9
BC028528	ENSMUSG00000038543	C1orf54	one2one	NA		22.9
BC029722	ENSMUSG00000074649	MMP24OS	one2one	NA		22.9
BC031181	ENSMUSG00000036299	C18orf32	one2one	NA		22.9
BC034090	ENSMUSG00000033722	KIAA1614	one2one	NA		22.9
BC049715	ENSMUSG00000047515	C12orf60	one2one	NA		22.9
BC051019	ENSMUSG00000031022	C11orf16	one2one	NA		22.9
BC053393	ENSMUSG00000046974	HAVCR1	many2one	NA		22.9
BC055324	ENSMUSG00000041406	C1orf112	one2one	NA		22.9
Bcam	ENSMUSG00000002980	BCAM	one2one	NA		22.9
Bcap29	ENSMUSG00000020650	BCAP29	one2one	NA		22.9
Bcap31	ENSMUSG00000002015	BCAP31	one2one	NA		22.9
Bcar1	ENSMUSG00000031955	BCAR1	one2one	NA		22.9
Bcar3	ENSMUSG00000028121	BCAR3	one2one	NA		22.9
Bcas1	ENSMUSG00000013523	BCAS1	one2one	NA		22.9
Bcas2	ENSMUSG00000005687	BCAS2	one2one	NA		22.9
Bcas3	ENSMUSG00000059439	BCAS3	one2one	NA		22.9
Bcat1	ENSMUSG00000030268	BCAT1	one2one	NA		22.9
Bcat2	ENSMUSG00000030826	BCAT2	one2one	NA		22.9
Bccip	ENSMUSG00000030983	BCCIP	one2one	NA		22.9
Bcdin3d	ENSMUSG00000037525	BCDIN3D	one2one	NA		22.9
Bckdha	ENSMUSG00000060376	BCKDHA	one2one	NA		22.9
Bckdhb	ENSMUSG00000032263	BCKDHB	one2one	NA		22.9
Bckdk	ENSMUSG00000030802	BCKDK	one2one	NA		22.9
Bcl10	ENSMUSG00000028191	BCL10	one2one	NA		22.9
Bcl11a	ENSMUSG00000000861	BCL11A	one2one	NA		22.9
Bcl11b	ENSMUSG00000048251	BCL11B	one2one	NA		22.9
Bcl2	ENSMUSG00000057329	BCL2	one2one	NA		22.9
Bcl2a1a	ENSMUSG00000102037	BCL2A1	many2one	NA		22.9
Bcl2a1b	ENSMUSG00000089929	BCL2A1	many2one	NA		22.9
Bcl2a1d	ENSMUSG00000099974	BCL2A1	many2one	NA		22.9
Bcl2l1	ENSMUSG00000007659	BCL2L1	one2one	NA		22.9
Bcl2l10	ENSMUSG00000032191	BCL2L10	one2one	NA		22.9
Bcl2l11	ENSMUSG00000027381	BCL2L11	one2one	NA		22.9
Bcl2l12	ENSMUSG00000003190	BCL2L12	one2one	NA		22.9
Bcl2l13	ENSMUSG00000009112	BCL2L13	one2one	NA		22.9
Bcl2l14	ENSMUSG00000030200	BCL2L14	one2one	NA		22.9
Bcl2l15	ENSMUSG00000044165	BCL2L15	one2one	NA		22.9
Bcl2l2	ENSMUSG00000089682	BCL2L2	one2one	NA		22.9
Bcl3	ENSMUSG00000053175	BCL3	one2one	NA		22.9
Bcl6	ENSMUSG00000022508	BCL6	one2one	NA		22.9
Bcl6b	ENSMUSG00000000317	BCL6B	one2one	NA		22.9
Bcl7a	ENSMUSG00000029438	BCL7A	one2one	NA		22.9
Bcl7b	ENSMUSG00000029681	BCL7B	one2one	NA		22.9
Bcl7c	ENSMUSG00000030814	BCL7C	one2one	NA		22.9
Bcl9	ENSMUSG00000038256	BCL9	one2one	NA		22.9
Bcl9l	ENSMUSG00000063382	BCL9L	one2one	NA		22.9
Bclaf1	ENSMUSG00000037608	BCLAF1	one2one	NA		22.9
Bclaf3	ENSMUSG00000044150	BCLAF3	one2one	NA		22.9
Bco2	ENSMUSG00000032066	BCO2	one2one	NA		22.9
Bcor	ENSMUSG00000040363	BCOR	one2one	NA		22.9
Bcorl1	ENSMUSG00000036959	BCORL1	one2one	NA		22.9
Bcr	ENSMUSG00000009681	BCR	one2one	NA		22.9
Bcs1l	ENSMUSG00000026172	BCS1L	one2one	NA		22.9
Bdh1	ENSMUSG00000046598	BDH1	one2one	NA		22.9
Bdh2	ENSMUSG00000028167	BDH2	one2one	NA		22.9
Bdkrb1	ENSMUSG00000041347	BDKRB1	one2one	NA		22.9
Bdp1	ENSMUSG00000049658	BDP1	one2one	NA		22.9
Becn1	ENSMUSG00000035086	BECN1	one2one	NA		22.9
Begain	ENSMUSG00000040867	BEGAIN	one2one	NA		22.9
Bend3	ENSMUSG00000038214	BEND3	one2one	NA		22.9
Bend4	ENSMUSG00000092060	BEND4	one2one	NA		22.9
Bend5	ENSMUSG00000028545	BEND5	one2one	NA		22.9
Bend6	ENSMUSG00000042182	BEND6	one2one	NA		22.9
Bet1	ENSMUSG00000032757	BET1	one2one	NA		22.9
Bet1l	ENSMUSG00000025484	BET1L	one2one	NA		22.9
Bex1	ENSMUSG00000050071	BEX1	one2many	NA		22.9
Bex1	ENSMUSG00000050071	BEX2	one2many	NA		22.9
Bex2	ENSMUSG00000042750	BEX1	many2one	NA		22.9
Bex3	ENSMUSG00000046432	BEX3	one2one	NA		22.9
Bfar	ENSMUSG00000022684	BFAR	one2one	NA		22.9
Bfsp2	ENSMUSG00000032556	BFSP2	one2one	NA		22.9
Bglap3	ENSMUSG00000074489	BGLAP	one2one	NA		22.9
Bhlha15	ENSMUSG00000052271	BHLHA15	one2one	NA		22.9
Bhlhb9	ENSMUSG00000072964	GPRASP3	one2one	NA		22.9
Bhlhe40	ENSMUSG00000030103	BHLHE40	one2one	NA		22.9
Bhlhe41	ENSMUSG00000030256	BHLHE41	one2one	NA		22.9
Bicd1	ENSMUSG00000003452	BICD1	one2one	NA		22.9
Bicd2	ENSMUSG00000037933	BICD2	one2one	NA		22.9
Bicdl1	ENSMUSG00000041609	BICDL1	one2one	NA		22.9
Bicdl2	ENSMUSG00000043782	BICDL2	one2one	NA		22.9
Bicra	ENSMUSG00000070808	BICRA	one2one	NA		22.9
Bicral	ENSMUSG00000036568	BICRAL	one2one	NA		22.9
Bid	ENSMUSG00000004446	BID	one2one	NA		22.9
Bik	ENSMUSG00000016758	BIK	one2one	NA		22.9
Bin1	ENSMUSG00000024381	BIN1	one2one	NA		22.9
Bin2	ENSMUSG00000098112	BIN2	one2one	NA		22.9
Bin3	ENSMUSG00000022089	BIN3	one2one	NA		22.9
Birc2	ENSMUSG00000057367	BIRC2	one2one	NA		22.9
Birc3	ENSMUSG00000032000	BIRC3	one2one	NA		22.9
Birc5	ENSMUSG00000017716	BIRC5	one2one	NA		22.9
Birc6	ENSMUSG00000024073	BIRC6	one2one	NA		22.9
Bivm	ENSMUSG00000041684	BIVM	one2one	NA		22.9
Blcap	ENSMUSG00000067787	BLCAP	one2one	NA		22.9
Blk	ENSMUSG00000014453	BLK	one2one	NA		22.9
Blm	ENSMUSG00000030528	BLM	one2one	NA		22.9
Blmh	ENSMUSG00000020840	BLMH	one2one	NA		22.9
Blnk	ENSMUSG00000061132	BLNK	one2one	NA		22.9
Bloc1s1	ENSMUSG00000090247	BLOC1S1	one2one	NA		22.9
Bloc1s2	ENSMUSG00000057506	BLOC1S2	one2one	NA		22.9
Bloc1s3	ENSMUSG00000057667	BLOC1S3	one2one	NA		22.9
Bloc1s4	ENSMUSG00000060708	BLOC1S4	one2one	NA		22.9
Bloc1s5	ENSMUSG00000038982	BLOC1S5	one2one	NA		22.9
Bloc1s6	ENSMUSG00000005804	BLOC1S6	one2one	NA		22.9
Blvra	ENSMUSG00000001999	BLVRA	one2one	NA		22.9
Blvrb	ENSMUSG00000040466	BLVRB	one2one	NA		22.9
Blzf1	ENSMUSG00000026577	BLZF1	one2one	NA		22.9
Bmerb1	ENSMUSG00000044117	BMERB1	one2one	NA		22.9
Bmf	ENSMUSG00000040093	BMF	one2one	NA		22.9
Bmi1	ENSMUSG00000026739	BMI1	one2one	NA		22.9
Bmp1	ENSMUSG00000022098	BMP1	one2one	NA		22.9
Bmp2	ENSMUSG00000027358	BMP2	one2one	NA		22.9
Bmp2k	ENSMUSG00000034663	BMP2K	one2one	NA		22.9
Bmp7	ENSMUSG00000008999	BMP7	one2one	NA		22.9
Bmp8b	ENSMUSG00000002384	BMP8B	one2one	NA		22.9
Bmpr1a	ENSMUSG00000021796	BMPR1A	one2one	NA		22.9
Bmpr2	ENSMUSG00000067336	BMPR2	one2one	NA		22.9
Bms1	ENSMUSG00000030138	BMS1	one2one	NA		22.9
Bmt2	ENSMUSG00000042742	BMT2	one2one	NA		22.9
Bnip1	ENSMUSG00000024191	BNIP1	one2one	NA		22.9
Bnip2	ENSMUSG00000011958	BNIP2	one2one	NA		22.9
Bnip3	ENSMUSG00000078566	BNIP3	one2one	NA		22.9
Bnip3l	ENSMUSG00000022051	BNIP3L	one2one	NA		22.9
Bnip5	ENSMUSG00000048905	BNIP5	one2one	NA		22.9
Bnipl	ENSMUSG00000028115	BNIPL	one2one	NA		22.9
Boc	ENSMUSG00000022687	BOC	one2one	NA		22.9
Bod1	ENSMUSG00000044502	BOD1	one2one	NA		22.9
Bod1l	ENSMUSG00000061755	BOD1L1	one2one	NA		22.9
Bok	ENSMUSG00000026278	BOK	one2one	NA		22.9
Bola1	ENSMUSG00000015943	BOLA1	one2one	NA		22.9
Bola2	ENSMUSG00000047721	BOLA2	one2one	NA		22.9
Bola3	ENSMUSG00000045160	BOLA3	one2one	NA		22.9
Boll	ENSMUSG00000025977	BOLL	one2one	NA		22.9
Bop1	ENSMUSG00000022557	BOP1	one2one	NA		22.9
Bora	ENSMUSG00000022070	BORA	one2one	NA		22.9
Borcs5	ENSMUSG00000042992	BORCS5	one2one	NA		22.9
Borcs6	ENSMUSG00000045176	BORCS6	one2one	NA		22.9
Borcs7	ENSMUSG00000062376	BORCS7	one2one	NA		22.9
Borcs8	ENSMUSG00000002345	BORCS8	one2one	NA		22.9
Bpgm	ENSMUSG00000038871	BPGM	one2one	NA		22.9
Bphl	ENSMUSG00000038286	BPHL	one2one	NA		22.9
Bpifc	ENSMUSG00000050108	BPIFC	one2one	NA		22.9
Bpnt1	ENSMUSG00000026617	BPNT1	one2one	NA		22.9
Bptf	ENSMUSG00000040481	BPTF	one2one	NA		22.9
Braf	ENSMUSG00000002413	BRAF	one2one	NA		22.9
Brap	ENSMUSG00000029458	BRAP	one2one	NA		22.9
Brat1	ENSMUSG00000000148	BRAT1	one2one	NA		22.9
Brca1	ENSMUSG00000017146	BRCA1	one2one	NA		22.9
Brca2	ENSMUSG00000041147	BRCA2	one2one	NA		22.9
Brcc3	ENSMUSG00000031201	BRCC3	one2one	NA		22.9
Brd1	ENSMUSG00000022387	BRD1	one2one	NA		22.9
Brd2	ENSMUSG00000024335	BRD2	one2one	NA		22.9
Brd3	ENSMUSG00000026918	BRD3	one2one	NA		22.9
Brd3os	ENSMUSG00000109946	BRD3OS	one2one	NA		22.9
Brd4	ENSMUSG00000024002	BRD4	one2one	NA		22.9
Brd7	ENSMUSG00000031660	BRD7	one2one	NA		22.9
Brd8	ENSMUSG00000003778	BRD8	one2one	NA		22.9
Brd9	ENSMUSG00000057649	BRD9	one2one	NA		22.9
Brdt	ENSMUSG00000029279	BRDT	one2one	NA		22.9
Brf1	ENSMUSG00000011158	BRF1	one2one	NA		22.9
Brf2	ENSMUSG00000031487	BRF2	one2one	NA		22.9
Bri3	ENSMUSG00000047843	BRI3	one2one	NA		22.9
Bri3bp	ENSMUSG00000037905	BRI3BP	one2one	NA		22.9
Brip1	ENSMUSG00000034329	BRIP1	one2one	NA		22.9
Brix1	ENSMUSG00000022247	BRIX1	one2one	NA		22.9
Brk1	ENSMUSG00000033940	BRK1	one2one	NA		22.9
Brms1	ENSMUSG00000080268	BRMS1	one2one	NA		22.9
Brms1l	ENSMUSG00000012076	BRMS1L	one2one	NA		22.9
Brox	ENSMUSG00000046836	BROX	one2one	NA		22.9
Brpf1	ENSMUSG00000001632	BRPF1	one2one	NA		22.9
Brpf3	ENSMUSG00000063952	BRPF3	one2one	NA		22.9
Brsk1	ENSMUSG00000035390	BRSK1	one2one	NA		22.9
Brwd1	ENSMUSG00000022914	BRWD1	one2one	NA		22.9
Brwd3	ENSMUSG00000063663	BRWD3	one2one	NA		22.9
Bscl2	ENSMUSG00000071657	BSCL2	one2one	NA		22.9
Bsdc1	ENSMUSG00000040859	BSDC1	one2one	NA		22.9
Bsg	ENSMUSG00000023175	BSG	one2one	NA		22.9
Bsn	ENSMUSG00000032589	BSN	one2one	NA		22.9
Bspry	ENSMUSG00000028392	BSPRY	one2one	NA		22.9
Bst1	ENSMUSG00000029082	BST1	one2one	NA		22.9
Bst2	ENSMUSG00000046718	BST2	one2one	NA		22.9
Btaf1	ENSMUSG00000040565	BTAF1	one2one	NA		22.9
Btbd1	ENSMUSG00000025103	BTBD1	one2one	NA		22.9
Btbd10	ENSMUSG00000038187	BTBD10	one2one	NA		22.9
Btbd11	ENSMUSG00000020042	ABTB3	one2one	Abtb3	org.Mm.eg.db	22.9
Btbd18	ENSMUSG00000086598	BTBD18	one2one	NA		22.9
Btbd19	ENSMUSG00000073771	BTBD19	one2one	NA		22.9
Btbd2	ENSMUSG00000003344	BTBD2	one2one	NA		22.9
Btbd3	ENSMUSG00000062098	BTBD3	one2one	NA		22.9
Btbd6	ENSMUSG00000002803	BTBD6	one2one	NA		22.9
Btbd7	ENSMUSG00000041702	BTBD7	one2one	NA		22.9
Btbd8	ENSMUSG00000111375	BTBD8	one2one	NA		22.9
Btbd9	ENSMUSG00000062202	BTBD9	one2one	NA		22.9
Btc	ENSMUSG00000082361	BTC	one2one	NA		22.9
Btd	ENSMUSG00000021900	BTD	one2one	NA		22.9
Btf3	ENSMUSG00000021660	BTF3	one2one	NA		22.9
Btf3l4	ENSMUSG00000028568	BTF3L4	one2one	NA		22.9
Btg1	ENSMUSG00000036478	BTG1	one2one	NA		22.9
Btg2	ENSMUSG00000020423	BTG2	one2one	NA		22.9
Btg3	ENSMUSG00000022863	BTG3	one2one	NA		22.9
Btk	ENSMUSG00000031264	BTK	one2one	NA		22.9
Btla	ENSMUSG00000052013	BTLA	one2one	NA		22.9
Btnl9	ENSMUSG00000040283	BTNL9	one2one	NA		22.9
Btrc	ENSMUSG00000025217	BTRC	one2one	NA		22.9
Bub1	ENSMUSG00000027379	BUB1	one2one	NA		22.9
Bub1b	ENSMUSG00000040084	BUB1B	one2one	NA		22.9
Bub3	ENSMUSG00000066979	BUB3	one2one	NA		22.9
Bud13	ENSMUSG00000032077	BUD13	one2one	NA		22.9
Bud23	ENSMUSG00000005378	BUD23	one2one	NA		22.9
Bud31	ENSMUSG00000038722	BUD31	one2one	NA		22.9
Bysl	ENSMUSG00000023988	BYSL	one2one	NA		22.9
Bzw1	ENSMUSG00000051223	BZW1	one2one	NA		22.9
Bzw2	ENSMUSG00000020547	BZW2	one2one	NA		22.9
C030006K11Rik	ENSMUSG00000116138	C8orf82	one2one	NA		22.9
C1d	ENSMUSG00000000581	C1D	one2one	NA		22.9
C1galt1	ENSMUSG00000042460	C1GALT1	one2one	NA		22.9
C1galt1c1	ENSMUSG00000048970	C1GALT1C1	one2one	NA		22.9
C1qbp	ENSMUSG00000018446	C1QBP	one2one	NA		22.9
C1ql3	ENSMUSG00000049630	C1QL3	one2one	NA		22.9
C1qtnf1	ENSMUSG00000017446	C1QTNF1	one2one	NA		22.9
C1qtnf12	ENSMUSG00000023571	C1QTNF12	one2one	NA		22.9
C1qtnf3	ENSMUSG00000058914	C1QTNF3	one2one	NA		22.9
C1qtnf4	ENSMUSG00000040794	C1QTNF4	one2one	NA		22.9
C1qtnf6	ENSMUSG00000022440	C1QTNF6	one2one	NA		22.9
C1ra	ENSMUSG00000055172	C1R	one2one	NA		22.9
C1rl	ENSMUSG00000038527	C1RL	one2one	NA		22.9
C1s1	ENSMUSG00000038521	C1S	many2one	NA		22.9
C1s2	ENSMUSG00000079343	C1S	many2one	NA		22.9
C2	ENSMUSG00000024371	C2	one2one	NA		22.9
C2cd2	ENSMUSG00000045975	C2CD2	one2one	NA		22.9
C2cd2l	ENSMUSG00000032120	C2CD2L	one2one	NA		22.9
C2cd3	ENSMUSG00000047248	C2CD3	one2one	NA		22.9
C2cd4b	ENSMUSG00000091956	C2CD4B	one2one	NA		22.9
C2cd4d	ENSMUSG00000091648	C2CD4D	one2one	NA		22.9
C2cd5	ENSMUSG00000030279	C2CD5	one2one	NA		22.9
C3	ENSMUSG00000024164	C3	one2one	NA		22.9
C330007P06Rik	ENSMUSG00000006423	STEEP1	one2one	Steep1	org.Mm.eg.db	22.9
C330018D20Rik	ENSMUSG00000024592	C5orf63	one2one	NA		22.9
C4a	ENSMUSG00000015451	C4A	one2many	NA		22.9
C4a	ENSMUSG00000015451	C4B	one2many	NA		22.9
C530008M17Rik	ENSMUSG00000036377	CRACD	one2one	Cracd	org.Mm.eg.db	22.9
C5ar2	ENSMUSG00000074361	C5AR2	one2one	NA		22.9
C77080	ENSMUSG00000050390	KIAA1522	one2one	NA		22.9
C87436	ENSMUSG00000046679	C2orf42	one2one	NA		22.9
C8g	ENSMUSG00000015083	C8G	one2one	NA		22.9
C9orf72	ENSMUSG00000028300	C9orf72	one2one	NA		22.9
Caap1	ENSMUSG00000028578	CAAP1	one2one	NA		22.9
Cab39	ENSMUSG00000036707	CAB39	one2one	NA		22.9
Cab39l	ENSMUSG00000021981	CAB39L	one2one	NA		22.9
Cabcoco1	ENSMUSG00000019945	CABCOCO1	one2one	NA		22.9
Cabin1	ENSMUSG00000020196	CABIN1	one2one	NA		22.9
Cables1	ENSMUSG00000040957	CABLES1	one2one	NA		22.9
Cables2	ENSMUSG00000038990	CABLES2	one2one	NA		22.9
Cabp1	ENSMUSG00000029544	CABP1	one2one	NA		22.9
Cabp4	ENSMUSG00000024842	CABP4	one2one	NA		22.9
Cabp7	ENSMUSG00000009075	CABP7	one2one	NA		22.9
Cabyr	ENSMUSG00000024430	CABYR	one2one	NA		22.9
Cacfd1	ENSMUSG00000015488	CACFD1	one2one	NA		22.9
Cacna1a	ENSMUSG00000034656	CACNA1A	one2one	NA		22.9
Cacna1b	ENSMUSG00000004113	CACNA1B	one2one	NA		22.9
Cacna1c	ENSMUSG00000051331	CACNA1C	one2one	NA		22.9
Cacna1d	ENSMUSG00000015968	CACNA1D	one2one	NA		22.9
Cacna1f	ENSMUSG00000031142	CACNA1F	one2one	NA		22.9
Cacna1g	ENSMUSG00000020866	CACNA1G	one2one	NA		22.9
Cacna1i	ENSMUSG00000022416	CACNA1I	one2one	NA		22.9
Cacna2d1	ENSMUSG00000040118	CACNA2D1	one2one	NA		22.9
Cacna2d2	ENSMUSG00000010066	CACNA2D2	one2one	NA		22.9
Cacna2d4	ENSMUSG00000041460	CACNA2D4	one2one	NA		22.9
Cacnb1	ENSMUSG00000020882	CACNB1	one2one	NA		22.9
Cacnb2	ENSMUSG00000057914	CACNB2	one2one	NA		22.9
Cacnb3	ENSMUSG00000003352	CACNB3	one2one	NA		22.9
Cacnb4	ENSMUSG00000017412	CACNB4	one2one	NA		22.9
Cacng4	ENSMUSG00000020723	CACNG4	one2one	NA		22.9
Cacng8	ENSMUSG00000053395	CACNG8	one2one	NA		22.9
Cactin	ENSMUSG00000034889	CACTIN	one2one	NA		22.9
Cacul1	ENSMUSG00000033417	CACUL1	one2one	NA		22.9
Cacybp	ENSMUSG00000014226	CACYBP	one2one	NA		22.9
Cad	ENSMUSG00000013629	CAD	one2one	NA		22.9
Cadm1	ENSMUSG00000032076	CADM1	one2one	NA		22.9
Cadm4	ENSMUSG00000054793	CADM4	one2one	NA		22.9
Cage1	ENSMUSG00000044566	CAGE1	one2one	NA		22.9
Calca	ENSMUSG00000030669	CALCA	one2one	NA		22.9
Calcb	ENSMUSG00000030666	CALCB	one2one	NA		22.9
Calcoco1	ENSMUSG00000023055	CALCOCO1	one2one	NA		22.9
Calcrl	ENSMUSG00000059588	CALCRL	one2one	NA		22.9
Calhm1	ENSMUSG00000079258	CALHM1	one2one	NA		22.9
Calhm2	ENSMUSG00000033033	CALHM2	one2one	NA		22.9
Calhm4	ENSMUSG00000039508	CALHM4	one2one	NA		22.9
Calhm6	ENSMUSG00000046031	CALHM6	one2one	NA		22.9
Calm1	ENSMUSG00000001175	CALM1	one2one	NA		22.9
Calm2	ENSMUSG00000036438	CALM2	one2one	NA		22.9
Calm3	ENSMUSG00000019370	CALM3	one2one	NA		22.9
Calr	ENSMUSG00000003814	CALR	one2one	NA		22.9
Calr3	ENSMUSG00000019732	CALR3	one2one	NA		22.9
Calu	ENSMUSG00000029767	CALU	one2one	NA		22.9
Camk1	ENSMUSG00000030272	CAMK1	one2one	NA		22.9
Camk1d	ENSMUSG00000039145	CAMK1D	one2one	NA		22.9
Camk2a	ENSMUSG00000024617	CAMK2A	one2one	NA		22.9
Camk2b	ENSMUSG00000057897	CAMK2B	one2one	NA		22.9
Camk2d	ENSMUSG00000053819	CAMK2D	one2one	NA		22.9
Camk2g	ENSMUSG00000021820	CAMK2G	one2one	NA		22.9
Camk2n1	ENSMUSG00000046447	CAMK2N1	one2one	NA		22.9
Camk2n2	ENSMUSG00000051146	CAMK2N2	one2one	NA		22.9
Camk4	ENSMUSG00000038128	CAMK4	one2one	NA		22.9
Camkk1	ENSMUSG00000020785	CAMKK1	one2one	NA		22.9
Camkk2	ENSMUSG00000029471	CAMKK2	one2one	NA		22.9
Camkmt	ENSMUSG00000071037	CAMKMT	one2one	NA		22.9
Camkv	ENSMUSG00000032936	CAMKV	one2one	NA		22.9
Caml	ENSMUSG00000021501	CAMLG	one2one	NA		22.9
Camsap1	ENSMUSG00000026933	CAMSAP1	one2one	NA		22.9
Camsap2	ENSMUSG00000041570	CAMSAP2	one2one	NA		22.9
Camsap3	ENSMUSG00000044433	CAMSAP3	one2one	NA		22.9
Camta1	ENSMUSG00000014592	CAMTA1	one2one	NA		22.9
Camta2	ENSMUSG00000040712	CAMTA2	one2one	NA		22.9
Cand1	ENSMUSG00000020114	CAND1	one2one	NA		22.9
Cand2	ENSMUSG00000030319	CAND2	one2one	NA		22.9
Cant1	ENSMUSG00000025575	CANT1	one2one	NA		22.9
Canx	ENSMUSG00000020368	CANX	one2one	NA		22.9
Cap1	ENSMUSG00000028656	CAP1	one2one	NA		22.9
Cap2	ENSMUSG00000021373	CAP2	one2one	NA		22.9
Capg	ENSMUSG00000056737	CAPG	one2one	NA		22.9
Capn1	ENSMUSG00000024942	CAPN1	one2one	NA		22.9
Capn10	ENSMUSG00000026270	CAPN10	one2one	NA		22.9
Capn11	ENSMUSG00000058626	CAPN11	one2one	NA		22.9
Capn12	ENSMUSG00000054083	CAPN12	one2one	NA		22.9
Capn13	ENSMUSG00000043705	CAPN13	one2one	NA		22.9
Capn15	ENSMUSG00000037326	CAPN15	one2one	NA		22.9
Capn2	ENSMUSG00000026509	CAPN2	one2one	NA		22.9
Capn3	ENSMUSG00000079110	CAPN3	one2one	NA		22.9
Capn5	ENSMUSG00000035547	CAPN5	one2one	NA		22.9
Capn7	ENSMUSG00000021893	CAPN7	one2one	NA		22.9
Capns1	ENSMUSG00000001794	CAPNS1	one2one	NA		22.9
Caprin1	ENSMUSG00000027184	CAPRIN1	one2one	NA		22.9
Caprin2	ENSMUSG00000030309	CAPRIN2	one2one	NA		22.9
Capsl	ENSMUSG00000039676	CAPSL	one2one	NA		22.9
Capza1	ENSMUSG00000070372	CAPZA1	one2one	NA		22.9
Capza2	ENSMUSG00000015733	CAPZA2	one2one	NA		22.9
Capzb	ENSMUSG00000028745	CAPZB	one2one	NA		22.9
Car11	ENSMUSG00000003273	CA11	one2one	NA		22.9
Car12	ENSMUSG00000032373	CA12	one2one	NA		22.9
Car13	ENSMUSG00000027555	CA13	one2one	NA		22.9
Car14	ENSMUSG00000038526	CA14	one2one	NA		22.9
Car2	ENSMUSG00000027562	CA2	one2one	NA		22.9
Car5b	ENSMUSG00000031373	CA5B	one2one	NA		22.9
Car7	ENSMUSG00000031883	CA7	one2one	NA		22.9
Car8	ENSMUSG00000041261	CA8	one2one	NA		22.9
Car9	ENSMUSG00000028463	CA9	one2one	NA		22.9
Card10	ENSMUSG00000033170	CARD10	one2one	NA		22.9
Card11	ENSMUSG00000036526	CARD11	one2one	NA		22.9
Card14	ENSMUSG00000013483	CARD14	one2one	NA		22.9
Card19	ENSMUSG00000037960	CARD19	one2one	NA		22.9
Card6	ENSMUSG00000041849	CARD6	one2one	NA		22.9
Card9	ENSMUSG00000026928	CARD9	one2one	NA		22.9
Carf	ENSMUSG00000026017	CARF	one2one	NA		22.9
Carhsp1	ENSMUSG00000008393	CARHSP1	one2one	NA		22.9
Carm1	ENSMUSG00000032185	CARM1	one2one	NA		22.9
Carmil1	ENSMUSG00000021338	CARMIL1	one2one	NA		22.9
Carmil2	ENSMUSG00000050357	CARMIL2	one2one	NA		22.9
Carmil3	ENSMUSG00000022211	CARMIL3	one2one	NA		22.9
Carnmt1	ENSMUSG00000024726	CARNMT1	one2one	NA		22.9
Carns1	ENSMUSG00000075289	CARNS1	one2one	NA		22.9
Cars	ENSMUSG00000010755	CARS1	one2one	NA		22.9
Cars2	ENSMUSG00000056228	CARS2	one2one	NA		22.9
Casc1	ENSMUSG00000043541	DNAI7	one2one	NA		22.9
Casc3	ENSMUSG00000078676	CASC3	one2one	NA		22.9
Casc4	ENSMUSG00000060227	GOLM2	one2one	Golm2	org.Mm.eg.db	22.9
Casd1	ENSMUSG00000015189	CASD1	one2one	NA		22.9
Cask	ENSMUSG00000031012	CASK	one2one	NA		22.9
Caskin1	ENSMUSG00000033597	CASKIN1	one2one	NA		22.9
Caskin2	ENSMUSG00000034471	CASKIN2	one2one	NA		22.9
Casp1	ENSMUSG00000025888	CASP1	one2one	NA		22.9
Casp2	ENSMUSG00000029863	CASP2	one2one	NA		22.9
Casp3	ENSMUSG00000031628	CASP3	one2one	NA		22.9
Casp4	ENSMUSG00000033538	CASP4	one2one	NA		22.9
Casp6	ENSMUSG00000027997	CASP6	one2one	NA		22.9
Casp7	ENSMUSG00000025076	CASP7	one2one	NA		22.9
Casp8	ENSMUSG00000026029	CASP8	one2one	NA		22.9
Casp8ap2	ENSMUSG00000028282	CASP8AP2	one2one	NA		22.9
Casp9	ENSMUSG00000028914	CASP9	one2one	NA		22.9
Casq1	ENSMUSG00000007122	CASQ1	one2one	NA		22.9
Casr	ENSMUSG00000051980	CASR	one2one	NA		22.9
Cass4	ENSMUSG00000074570	CASS4	one2one	NA		22.9
Cast	ENSMUSG00000021585	CAST	one2one	NA		22.9
Castor1	ENSMUSG00000020424	CASTOR1	one2one	NA		22.9
Castor2	ENSMUSG00000015944	CASTOR2	one2one	NA		22.9
Casz1	ENSMUSG00000028977	CASZ1	one2one	NA		22.9
Cat	ENSMUSG00000027187	CAT	one2one	NA		22.9
Catsper2	ENSMUSG00000033486	CATSPER2	one2one	NA		22.9
Catsperd	ENSMUSG00000040828	CATSPERD	one2one	NA		22.9
Catsperg1	ENSMUSG00000049676	CATSPERG	one2one	NA		22.9
Cav1	ENSMUSG00000007655	CAV1	one2one	NA		22.9
Cav2	ENSMUSG00000000058	CAV2	one2one	NA		22.9
Cavin1	ENSMUSG00000004044	CAVIN1	one2one	NA		22.9
Cavin3	ENSMUSG00000037060	CAVIN3	one2one	NA		22.9
Cavin4	ENSMUSG00000028348	CAVIN4	one2one	NA		22.9
Cbarp	ENSMUSG00000035640	CBARP	one2one	NA		22.9
Cbfa2t2	ENSMUSG00000038533	CBFA2T2	one2one	NA		22.9
Cbfa2t3	ENSMUSG00000006362	CBFA2T3	one2one	NA		22.9
Cbfb	ENSMUSG00000031885	CBFB	one2one	NA		22.9
Cbl	ENSMUSG00000034342	CBL	one2one	NA		22.9
Cblb	ENSMUSG00000022637	CBLB	one2one	NA		22.9
Cbll1	ENSMUSG00000020659	CBLL1	one2one	NA		22.9
Cbln3	ENSMUSG00000040380	CBLN3	one2one	NA		22.9
Cbr1	ENSMUSG00000051483	CBR1	one2one	NA		22.9
Cbr3	ENSMUSG00000022947	CBR3	one2one	NA		22.9
Cbr4	ENSMUSG00000031641	CBR4	one2one	NA		22.9
Cbs	ENSMUSG00000024039	CBS	one2one	NA		22.9
Cbwd1	ENSMUSG00000024878	ZNG1A	one2one	NA		22.9
Cbx1	ENSMUSG00000018666	CBX1	one2one	NA		22.9
Cbx2	ENSMUSG00000025577	CBX2	one2one	NA		22.9
Cbx3	ENSMUSG00000029836	CBX3	one2one	NA		22.9
Cbx4	ENSMUSG00000039989	CBX4	one2one	NA		22.9
Cbx5	ENSMUSG00000009575	CBX5	one2one	NA		22.9
Cbx6	ENSMUSG00000089715	CBX6	one2one	NA		22.9
Cbx7	ENSMUSG00000053411	CBX7	one2one	NA		22.9
Cbx8	ENSMUSG00000025578	CBX8	one2one	NA		22.9
Cby1	ENSMUSG00000022428	CBY1	one2one	NA		22.9
Cc2d1a	ENSMUSG00000036686	CC2D1A	one2one	NA		22.9
Cc2d1b	ENSMUSG00000028582	CC2D1B	one2one	NA		22.9
Cc2d2a	ENSMUSG00000039765	CC2D2A	one2one	NA		22.9
Cc2d2b	ENSMUSG00000108929	CC2D2B	one2one	NA		22.9
Ccar1	ENSMUSG00000020074	CCAR1	one2one	NA		22.9
Ccar2	ENSMUSG00000033712	CCAR2	one2one	NA		22.9
Ccdc102a	ENSMUSG00000063605	CCDC102A	one2one	NA		22.9
Ccdc106	ENSMUSG00000035228	CCDC106	one2one	NA		22.9
Ccdc107	ENSMUSG00000028461	CCDC107	one2one	NA		22.9
Ccdc112	ENSMUSG00000071855	CCDC112	one2one	NA		22.9
Ccdc114	ENSMUSG00000040189	ODAD1	one2one	Odad1	org.Mm.eg.db	22.9
Ccdc115	ENSMUSG00000042111	CCDC115	one2one	NA		22.9
Ccdc116	ENSMUSG00000022768	CCDC116	one2one	NA		22.9
Ccdc117	ENSMUSG00000020482	CCDC117	one2one	NA		22.9
Ccdc12	ENSMUSG00000019659	CCDC12	one2one	NA		22.9
Ccdc120	ENSMUSG00000031150	CCDC120	one2one	NA		22.9
Ccdc122	ENSMUSG00000034795	CCDC122	one2one	NA		22.9
Ccdc124	ENSMUSG00000007721	CCDC124	one2one	NA		22.9
Ccdc125	ENSMUSG00000048924	CCDC125	one2one	NA		22.9
Ccdc126	ENSMUSG00000050786	CCDC126	one2one	NA		22.9
Ccdc127	ENSMUSG00000021578	CCDC127	one2one	NA		22.9
Ccdc130	ENSMUSG00000004994	YJU2B	one2one	NA		22.9
Ccdc134	ENSMUSG00000068114	CCDC134	one2one	NA		22.9
Ccdc136	ENSMUSG00000029769	CCDC136	one2one	NA		22.9
Ccdc137	ENSMUSG00000049957	CCDC137	one2one	NA		22.9
Ccdc138	ENSMUSG00000038010	CCDC138	one2one	NA		22.9
Ccdc14	ENSMUSG00000022833	CCDC14	one2one	NA		22.9
Ccdc141	ENSMUSG00000044033	CCDC141	one2one	NA		22.9
Ccdc142	ENSMUSG00000107499	CCDC142	one2one	NA		22.9
Ccdc146	ENSMUSG00000064280	CCDC146	one2one	NA		22.9
Ccdc148	ENSMUSG00000036641	CCDC148	one2one	NA		22.9
Ccdc15	ENSMUSG00000034303	CCDC15	one2one	NA		22.9
Ccdc150	ENSMUSG00000025983	CCDC150	one2one	NA		22.9
Ccdc152	ENSMUSG00000091119	CCDC152	one2one	NA		22.9
Ccdc155	ENSMUSG00000038292	KASH5	one2one	Kash5	org.Mm.eg.db	22.9
Ccdc157	ENSMUSG00000051427	CCDC157	one2one	NA		22.9
Ccdc159	ENSMUSG00000006241	CCDC159	one2one	NA		22.9
Ccdc163	ENSMUSG00000028689	CCDC163	one2one	NA		22.9
Ccdc166	ENSMUSG00000098176	CCDC166	one2one	NA		22.9
Ccdc167	ENSMUSG00000024018	CCDC167	one2one	NA		22.9
Ccdc17	ENSMUSG00000034035	CCDC17	one2one	NA		22.9
Ccdc171	ENSMUSG00000052407	CCDC171	one2one	NA		22.9
Ccdc173	ENSMUSG00000070883	CFAP210	one2one	NA		22.9
Ccdc174	ENSMUSG00000034083	CCDC174	one2one	NA		22.9
Ccdc18	ENSMUSG00000056531	CCDC18	one2one	NA		22.9
Ccdc181	ENSMUSG00000026578	CCDC181	one2one	NA		22.9
Ccdc183	ENSMUSG00000026940	CCDC183	one2one	NA		22.9
Ccdc184	ENSMUSG00000029875	CCDC184	one2one	NA		22.9
Ccdc186	ENSMUSG00000035173	CCDC186	one2one	NA		22.9
Ccdc188	ENSMUSG00000090777	CCDC188	one2one	NA		22.9
Ccdc189	ENSMUSG00000057176	CFAP119	one2one	NA		22.9
Ccdc191	ENSMUSG00000022701	CCDC191	one2one	NA		22.9
Ccdc25	ENSMUSG00000022035	CCDC25	one2one	NA		22.9
Ccdc28a	ENSMUSG00000059554	CCDC28A	one2one	NA		22.9
Ccdc28b	ENSMUSG00000028795	CCDC28B	one2one	NA		22.9
Ccdc30	ENSMUSG00000028637	CCDC30	one2one	NA		22.9
Ccdc32	ENSMUSG00000039983	CCDC32	one2one	NA		22.9
Ccdc33	ENSMUSG00000037716	CCDC33	one2one	NA		22.9
Ccdc34	ENSMUSG00000027160	CCDC34	one2one	NA		22.9
Ccdc38	ENSMUSG00000036168	CCDC38	one2one	NA		22.9
Ccdc39	ENSMUSG00000027676	CCDC39	one2one	NA		22.9
Ccdc40	ENSMUSG00000039963	CCDC40	one2one	NA		22.9
Ccdc43	ENSMUSG00000020925	CCDC43	one2one	NA		22.9
Ccdc47	ENSMUSG00000078622	CCDC47	one2one	NA		22.9
Ccdc50	ENSMUSG00000038127	CCDC50	one2one	NA		22.9
Ccdc51	ENSMUSG00000025645	CCDC51	one2one	NA		22.9
Ccdc57	ENSMUSG00000048445	CCDC57	one2one	NA		22.9
Ccdc58	ENSMUSG00000075229	MIX23	one2one	NA		22.9
Ccdc59	ENSMUSG00000019897	CCDC59	one2one	NA		22.9
Ccdc6	ENSMUSG00000048701	CCDC6	one2one	NA		22.9
Ccdc61	ENSMUSG00000074358	CCDC61	one2one	NA		22.9
Ccdc62	ENSMUSG00000061882	CCDC62	one2one	NA		22.9
Ccdc63	ENSMUSG00000043036	CCDC63	one2one	NA		22.9
Ccdc66	ENSMUSG00000046753	CCDC66	one2one	NA		22.9
Ccdc69	ENSMUSG00000049588	CCDC69	one2one	NA		22.9
Ccdc71	ENSMUSG00000049305	CCDC71	one2one	NA		22.9
Ccdc71l	ENSMUSG00000090946	CCDC71L	one2one	NA		22.9
Ccdc73	ENSMUSG00000045106	CCDC73	one2one	NA		22.9
Ccdc74a	ENSMUSG00000041617	CCDC74B	one2one	NA		22.9
Ccdc77	ENSMUSG00000030177	CCDC77	one2one	NA		22.9
Ccdc78	ENSMUSG00000071202	CCDC78	one2one	NA		22.9
Ccdc7a	ENSMUSG00000025808	CCDC7	one2one	NA		22.9
Ccdc8	ENSMUSG00000041117	CCDC8	one2one	NA		22.9
Ccdc80	ENSMUSG00000022665	CCDC80	one2one	NA		22.9
Ccdc82	ENSMUSG00000079084	CCDC82	one2one	NA		22.9
Ccdc84	ENSMUSG00000043923	CENATAC	one2one	NA		22.9
Ccdc85b	ENSMUSG00000095098	CCDC85B	one2one	NA		22.9
Ccdc85c	ENSMUSG00000084883	CCDC85C	one2one	NA		22.9
Ccdc86	ENSMUSG00000024732	CCDC86	one2one	NA		22.9
Ccdc87	ENSMUSG00000067872	CCDC87	one2one	NA		22.9
Ccdc88a	ENSMUSG00000032740	CCDC88A	one2one	NA		22.9
Ccdc88b	ENSMUSG00000047810	CCDC88B	one2one	NA		22.9
Ccdc88c	ENSMUSG00000021182	CCDC88C	one2one	NA		22.9
Ccdc9	ENSMUSG00000041375	CCDC9	one2one	NA		22.9
Ccdc90b	ENSMUSG00000030613	CCDC90B	one2one	NA		22.9
Ccdc91	ENSMUSG00000030301	CCDC91	one2one	NA		22.9
Ccdc92	ENSMUSG00000037979	CCDC92	one2one	NA		22.9
Ccdc93	ENSMUSG00000026339	CCDC93	one2one	NA		22.9
Ccdc96	ENSMUSG00000050677	CCDC96	one2one	NA		22.9
Ccdc97	ENSMUSG00000002608	CCDC97	one2one	NA		22.9
Cchcr1	ENSMUSG00000040312	CCHCR1	one2one	NA		22.9
Ccin	ENSMUSG00000070999	CCIN	one2one	NA		22.9
Ccl1	ENSMUSG00000020702	CCL1	one2one	NA		22.9
Ccl17	ENSMUSG00000031780	CCL17	one2one	NA		22.9
Ccl20	ENSMUSG00000026166	CCL20	one2one	NA		22.9
Ccl22	ENSMUSG00000031779	CCL22	one2one	NA		22.9
Ccl25	ENSMUSG00000023235	CCL25	one2one	NA		22.9
Ccl27a	ENSMUSG00000073888	CCL27	one2one	NA		22.9
Ccl28	ENSMUSG00000074715	CCL28	one2one	NA		22.9
Ccl3	ENSMUSG00000000982	CCL3	one2one	NA		22.9
Ccl4	ENSMUSG00000018930	CCL4	one2one	NA		22.9
Ccl5	ENSMUSG00000035042	CCL5	one2one	NA		22.9
Ccl6	ENSMUSG00000018927	CCL15	one2many	NA		22.9
Ccl6	ENSMUSG00000018927	CCL23	one2many	NA		22.9
Ccl9	ENSMUSG00000019122	CCL23	many2one	NA		22.9
Ccm2	ENSMUSG00000000378	CCM2	one2one	NA		22.9
Ccn1	ENSMUSG00000028195	CCN1	one2one	NA		22.9
Ccn3	ENSMUSG00000037362	CCN3	one2one	NA		22.9
Ccn4	ENSMUSG00000005124	CCN4	one2one	NA		22.9
Ccn6	ENSMUSG00000062074	CCN6	one2one	NA		22.9
Ccna2	ENSMUSG00000027715	CCNA2	one2one	NA		22.9
Ccnb1	ENSMUSG00000041431	CCNB1	one2one	NA		22.9
Ccnb2	ENSMUSG00000032218	CCNB2	one2one	NA		22.9
Ccnc	ENSMUSG00000028252	CCNC	one2one	NA		22.9
Ccnd1	ENSMUSG00000070348	CCND1	one2one	NA		22.9
Ccnd2	ENSMUSG00000000184	CCND2	one2one	NA		22.9
Ccnd3	ENSMUSG00000034165	CCND3	one2one	NA		22.9
Ccndbp1	ENSMUSG00000023572	CCNDBP1	one2one	NA		22.9
Ccne1	ENSMUSG00000002068	CCNE1	one2one	NA		22.9
Ccne2	ENSMUSG00000028212	CCNE2	one2one	NA		22.9
Ccnf	ENSMUSG00000072082	CCNF	one2one	NA		22.9
Ccng1	ENSMUSG00000020326	CCNG1	one2one	NA		22.9
Ccng2	ENSMUSG00000029385	CCNG2	one2one	NA		22.9
Ccnh	ENSMUSG00000021548	CCNH	one2one	NA		22.9
Ccni	ENSMUSG00000063015	CCNI	one2one	NA		22.9
Ccnj	ENSMUSG00000025010	CCNJ	one2one	NA		22.9
Ccnjl	ENSMUSG00000044707	CCNJL	one2one	NA		22.9
Ccnk	ENSMUSG00000021258	CCNK	one2one	NA		22.9
Ccnl1	ENSMUSG00000027829	CCNL1	one2one	NA		22.9
Ccnl2	ENSMUSG00000029068	CCNL2	one2one	NA		22.9
Ccno	ENSMUSG00000042417	CCNO	one2one	NA		22.9
Ccnq	ENSMUSG00000049489	CCNQ	one2one	NA		22.9
Ccnt1	ENSMUSG00000011960	CCNT1	one2one	NA		22.9
Ccnt2	ENSMUSG00000026349	CCNT2	one2one	NA		22.9
Ccny	ENSMUSG00000024286	CCNY	one2one	NA		22.9
Ccnyl1	ENSMUSG00000070871	CCNYL1	one2one	NA		22.9
Ccp110	ENSMUSG00000033904	CCP110	one2one	NA		22.9
Ccpg1	ENSMUSG00000034563	CCPG1	one2one	NA		22.9
Ccpg1os	ENSMUSG00000086158	PIERCE2	one2one	Pierce2	org.Mm.eg.db	22.9
Ccr1	ENSMUSG00000025804	CCR1	many2one	NA		22.9
Ccr1l1	ENSMUSG00000064039	CCR1	many2one	NA		22.9
Ccr2	ENSMUSG00000049103	CCR2	one2one	NA		22.9
Ccr3	ENSMUSG00000035448	CCR3	one2one	NA		22.9
Ccr4	ENSMUSG00000047898	CCR4	one2one	NA		22.9
Ccr5	ENSMUSG00000079227	CCR5	one2one	NA		22.9
Ccr6	ENSMUSG00000040899	CCR6	one2one	NA		22.9
Ccr7	ENSMUSG00000037944	CCR7	one2one	NA		22.9
Ccr8	ENSMUSG00000042262	CCR8	one2one	NA		22.9
Ccr9	ENSMUSG00000029530	CCR9	one2one	NA		22.9
Ccrl2	ENSMUSG00000043953	CCRL2	one2one	NA		22.9
Ccs	ENSMUSG00000034108	CCS	one2one	NA		22.9
Ccsap	ENSMUSG00000031971	CCSAP	one2one	NA		22.9
Ccser1	ENSMUSG00000039578	CCSER1	one2one	NA		22.9
Ccser2	ENSMUSG00000058690	CCSER2	one2one	NA		22.9
Cct2	ENSMUSG00000034024	CCT2	one2one	NA		22.9
Cct3	ENSMUSG00000001416	CCT3	one2one	NA		22.9
Cct4	ENSMUSG00000007739	CCT4	one2one	NA		22.9
Cct5	ENSMUSG00000022234	CCT5	one2one	NA		22.9
Cct6a	ENSMUSG00000029447	CCT6A	one2one	NA		22.9
Cct6b	ENSMUSG00000020698	CCT6B	one2one	NA		22.9
Cct7	ENSMUSG00000030007	CCT7	one2one	NA		22.9
Cct8	ENSMUSG00000025613	CCT8	one2one	NA		22.9
Ccz1	ENSMUSG00000029617	CCZ1	one2many	NA		22.9
Ccz1	ENSMUSG00000029617	CCZ1B	one2many	NA		22.9
Cd101	ENSMUSG00000086564	CD101	one2one	NA		22.9
Cd109	ENSMUSG00000046186	CD109	one2one	NA		22.9
Cd14	ENSMUSG00000051439	CD14	one2one	NA		22.9
Cd151	ENSMUSG00000025510	CD151	one2one	NA		22.9
Cd160	ENSMUSG00000038304	CD160	one2one	NA		22.9
Cd163l1	ENSMUSG00000025461	SCART1	one2one	Scart1	org.Mm.eg.db	22.9
Cd164	ENSMUSG00000019818	CD164	one2one	NA		22.9
Cd19	ENSMUSG00000030724	CD19	one2one	NA		22.9
Cd1d1	ENSMUSG00000028076	CD1D	many2one	NA		22.9
Cd1d2	ENSMUSG00000041750	CD1D	many2one	NA		22.9
Cd2	ENSMUSG00000027863	CD2	one2one	NA		22.9
Cd200	ENSMUSG00000022661	CD200	one2one	NA		22.9
Cd200r1	ENSMUSG00000022667	CD200R1	one2one	NA		22.9
Cd200r4	ENSMUSG00000062082	CD200R1L	one2one	NA		22.9
Cd22	ENSMUSG00000030577	CD22	one2one	NA		22.9
Cd226	ENSMUSG00000034028	CD226	one2one	NA		22.9
Cd244a	ENSMUSG00000004709	CD244	one2one	NA		22.9
Cd247	ENSMUSG00000005763	CD247	one2one	NA		22.9
Cd248	ENSMUSG00000056481	CD248	one2one	NA		22.9
Cd24a	ENSMUSG00000047139	CD24	one2one	NA		22.9
Cd27	ENSMUSG00000030336	CD27	one2one	NA		22.9
Cd274	ENSMUSG00000016496	CD274	one2one	NA		22.9
Cd276	ENSMUSG00000035914	CD276	one2one	NA		22.9
Cd28	ENSMUSG00000026012	CD28	one2one	NA		22.9
Cd2ap	ENSMUSG00000061665	CD2AP	one2one	NA		22.9
Cd2bp2	ENSMUSG00000042502	CD2BP2	one2one	NA		22.9
Cd302	ENSMUSG00000060703	CD302	one2one	NA		22.9
Cd320	ENSMUSG00000002308	CD320	one2one	NA		22.9
Cd33	ENSMUSG00000004609	CD33	one2one	NA		22.9
Cd36	ENSMUSG00000002944	CD36	one2one	NA		22.9
Cd37	ENSMUSG00000030798	CD37	one2one	NA		22.9
Cd38	ENSMUSG00000029084	CD38	one2one	NA		22.9
Cd3d	ENSMUSG00000032094	CD3D	one2one	NA		22.9
Cd3e	ENSMUSG00000032093	CD3E	one2one	NA		22.9
Cd3eap	ENSMUSG00000047649	POLR1G	one2one	NA		22.9
Cd3g	ENSMUSG00000002033	CD3G	one2one	NA		22.9
Cd4	ENSMUSG00000023274	CD4	one2one	NA		22.9
Cd40	ENSMUSG00000017652	CD40	one2one	NA		22.9
Cd40lg	ENSMUSG00000031132	CD40LG	one2one	NA		22.9
Cd44	ENSMUSG00000005087	CD44	one2one	NA		22.9
Cd46	ENSMUSG00000016493	CD46	one2one	NA		22.9
Cd47	ENSMUSG00000055447	CD47	one2one	NA		22.9
Cd48	ENSMUSG00000015355	CD48	one2one	NA		22.9
Cd5	ENSMUSG00000024669	CD5	one2one	NA		22.9
Cd52	ENSMUSG00000000682	CD52	one2one	NA		22.9
Cd53	ENSMUSG00000040747	CD53	one2one	NA		22.9
Cd55	ENSMUSG00000026399	CD55	one2one	NA		22.9
Cd59a	ENSMUSG00000032679	CD59	one2one	NA		22.9
Cd5l	ENSMUSG00000015854	CD5L	one2one	NA		22.9
Cd6	ENSMUSG00000024670	CD6	one2one	NA		22.9
Cd63	ENSMUSG00000025351	CD63	one2one	NA		22.9
Cd68	ENSMUSG00000018774	CD68	one2one	NA		22.9
Cd69	ENSMUSG00000030156	CD69	one2one	NA		22.9
Cd7	ENSMUSG00000025163	CD7	one2one	NA		22.9
Cd70	ENSMUSG00000019489	CD70	one2one	NA		22.9
Cd72	ENSMUSG00000028459	CD72	one2one	NA		22.9
Cd74	ENSMUSG00000024610	CD74	one2one	NA		22.9
Cd79a	ENSMUSG00000003379	CD79A	one2one	NA		22.9
Cd79b	ENSMUSG00000040592	CD79B	one2one	NA		22.9
Cd80	ENSMUSG00000075122	CD80	one2one	NA		22.9
Cd81	ENSMUSG00000037706	CD81	one2one	NA		22.9
Cd82	ENSMUSG00000027215	CD82	one2one	NA		22.9
Cd83	ENSMUSG00000015396	CD83	one2one	NA		22.9
Cd84	ENSMUSG00000038147	CD84	one2one	NA		22.9
Cd86	ENSMUSG00000022901	CD86	one2one	NA		22.9
Cd8a	ENSMUSG00000053977	CD8A	one2one	NA		22.9
Cd8b1	ENSMUSG00000053044	CD8B	one2one	NA		22.9
Cd9	ENSMUSG00000030342	CD9	one2one	NA		22.9
Cd93	ENSMUSG00000027435	CD93	one2one	NA		22.9
Cd96	ENSMUSG00000022657	CD96	one2one	NA		22.9
Cd99l2	ENSMUSG00000035776	CD99L2	one2one	NA		22.9
Cdadc1	ENSMUSG00000021982	CDADC1	one2one	NA		22.9
Cdan1	ENSMUSG00000027284	CDAN1	one2one	NA		22.9
Cdc123	ENSMUSG00000039128	CDC123	one2one	NA		22.9
Cdc14a	ENSMUSG00000033502	CDC14A	one2one	NA		22.9
Cdc14b	ENSMUSG00000033102	CDC14B	one2one	NA		22.9
Cdc16	ENSMUSG00000038416	CDC16	one2one	NA		22.9
Cdc20	ENSMUSG00000006398	CDC20	one2one	NA		22.9
Cdc20b	ENSMUSG00000078926	CDC20B	one2one	NA		22.9
Cdc23	ENSMUSG00000024370	CDC23	one2one	NA		22.9
Cdc25a	ENSMUSG00000032477	CDC25A	one2one	NA		22.9
Cdc25b	ENSMUSG00000027330	CDC25B	one2one	NA		22.9
Cdc25c	ENSMUSG00000044201	CDC25C	one2one	NA		22.9
Cdc26	ENSMUSG00000066149	CDC26	one2one	NA		22.9
Cdc27	ENSMUSG00000020687	CDC27	one2one	NA		22.9
Cdc34	ENSMUSG00000020307	CDC34	many2one	NA		22.9
Cdc34b	ENSMUSG00000020870	CDC34	many2one	NA		22.9
Cdc37	ENSMUSG00000019471	CDC37	one2one	NA		22.9
Cdc37l1	ENSMUSG00000024780	CDC37L1	one2one	NA		22.9
Cdc40	ENSMUSG00000038446	CDC40	one2one	NA		22.9
Cdc42	ENSMUSG00000006699	CDC42	one2one	NA		22.9
Cdc42bpa	ENSMUSG00000026490	CDC42BPA	one2one	NA		22.9
Cdc42bpb	ENSMUSG00000021279	CDC42BPB	one2one	NA		22.9
Cdc42bpg	ENSMUSG00000024769	CDC42BPG	one2one	NA		22.9
Cdc42ep2	ENSMUSG00000045664	CDC42EP2	one2one	NA		22.9
Cdc42ep3	ENSMUSG00000036533	CDC42EP3	one2one	NA		22.9
Cdc42ep4	ENSMUSG00000041598	CDC42EP4	one2one	NA		22.9
Cdc42se1	ENSMUSG00000046722	CDC42SE1	one2one	NA		22.9
Cdc42se2	ENSMUSG00000052298	CDC42SE2	one2one	NA		22.9
Cdc45	ENSMUSG00000000028	CDC45	one2one	NA		22.9
Cdc5l	ENSMUSG00000023932	CDC5L	one2one	NA		22.9
Cdc6	ENSMUSG00000017499	CDC6	one2one	NA		22.9
Cdc7	ENSMUSG00000029283	CDC7	one2one	NA		22.9
Cdc73	ENSMUSG00000026361	CDC73	one2one	NA		22.9
Cdca2	ENSMUSG00000048922	CDCA2	one2one	NA		22.9
Cdca3	ENSMUSG00000023505	CDCA3	one2one	NA		22.9
Cdca4	ENSMUSG00000047832	CDCA4	one2one	NA		22.9
Cdca5	ENSMUSG00000024791	CDCA5	one2one	NA		22.9
Cdca7	ENSMUSG00000055612	CDCA7	one2one	NA		22.9
Cdca7l	ENSMUSG00000021175	CDCA7L	one2one	NA		22.9
Cdca8	ENSMUSG00000028873	CDCA8	one2one	NA		22.9
Cdcp1	ENSMUSG00000035498	CDCP1	one2one	NA		22.9
Cdh1	ENSMUSG00000000303	CDH1	one2one	NA		22.9
Cdh10	ENSMUSG00000022321	CDH10	one2one	NA		22.9
Cdh11	ENSMUSG00000031673	CDH11	one2one	NA		22.9
Cdh15	ENSMUSG00000031962	CDH15	one2one	NA		22.9
Cdh17	ENSMUSG00000028217	CDH17	one2one	NA		22.9
Cdh2	ENSMUSG00000024304	CDH2	one2one	NA		22.9
Cdh23	ENSMUSG00000012819	CDH23	one2one	NA		22.9
Cdh24	ENSMUSG00000059674	CDH24	one2one	NA		22.9
Cdhr1	ENSMUSG00000021803	CDHR1	one2one	NA		22.9
Cdhr3	ENSMUSG00000035860	CDHR3	one2one	NA		22.9
Cdhr4	ENSMUSG00000032595	CDHR4	one2one	NA		22.9
Cdip1	ENSMUSG00000004071	CDIP1	one2one	NA		22.9
Cdipt	ENSMUSG00000030682	CDIPT	one2one	NA		22.9
Cdk1	ENSMUSG00000019942	CDK1	one2one	NA		22.9
Cdk10	ENSMUSG00000033862	CDK10	one2one	NA		22.9
Cdk11b	ENSMUSG00000029062	CDK11B	one2one	NA		22.9
Cdk12	ENSMUSG00000003119	CDK12	one2one	NA		22.9
Cdk13	ENSMUSG00000041297	CDK13	one2one	NA		22.9
Cdk14	ENSMUSG00000028926	CDK14	one2one	NA		22.9
Cdk16	ENSMUSG00000031065	CDK16	one2one	NA		22.9
Cdk17	ENSMUSG00000020015	CDK17	one2one	NA		22.9
Cdk19	ENSMUSG00000038481	CDK19	one2one	NA		22.9
Cdk2	ENSMUSG00000025358	CDK2	one2one	NA		22.9
Cdk20	ENSMUSG00000021483	CDK20	one2one	NA		22.9
Cdk2ap1	ENSMUSG00000029394	CDK2AP1	many2one	NA		22.9
Cdk2ap2	ENSMUSG00000024856	CDK2AP2	one2one	NA		22.9
Cdk3	ENSMUSG00000092300	CDK3	one2one	NA		22.9
Cdk4	ENSMUSG00000006728	CDK4	one2one	NA		22.9
Cdk5	ENSMUSG00000028969	CDK5	one2one	NA		22.9
Cdk5r1	ENSMUSG00000048895	CDK5R1	one2one	NA		22.9
Cdk5rap1	ENSMUSG00000027487	CDK5RAP1	one2one	NA		22.9
Cdk5rap2	ENSMUSG00000039298	CDK5RAP2	one2one	NA		22.9
Cdk5rap3	ENSMUSG00000018669	CDK5RAP3	one2one	NA		22.9
Cdk6	ENSMUSG00000040274	CDK6	one2one	NA		22.9
Cdk7	ENSMUSG00000069089	CDK7	one2one	NA		22.9
Cdk8	ENSMUSG00000029635	CDK8	one2one	NA		22.9
Cdk9	ENSMUSG00000009555	CDK9	one2one	NA		22.9
Cdkal1	ENSMUSG00000006191	CDKAL1	one2one	NA		22.9
Cdkl2	ENSMUSG00000029403	CDKL2	one2one	NA		22.9
Cdkl3	ENSMUSG00000020389	CDKL3	one2one	NA		22.9
Cdkl4	ENSMUSG00000033966	CDKL4	one2one	NA		22.9
Cdkl5	ENSMUSG00000031292	CDKL5	one2one	NA		22.9
Cdkn1a	ENSMUSG00000023067	CDKN1A	one2one	NA		22.9
Cdkn1b	ENSMUSG00000003031	CDKN1B	one2one	NA		22.9
Cdkn1c	ENSMUSG00000037664	CDKN1C	one2one	NA		22.9
Cdkn2a	ENSMUSG00000044303	CDKN2A	one2one	NA		22.9
Cdkn2aip	ENSMUSG00000038069	CDKN2AIP	one2one	NA		22.9
Cdkn2aipnl	ENSMUSG00000020392	CDKN2AIPNL	one2one	NA		22.9
Cdkn2b	ENSMUSG00000073802	CDKN2B	one2one	NA		22.9
Cdkn2c	ENSMUSG00000028551	CDKN2C	one2one	NA		22.9
Cdkn2d	ENSMUSG00000096472	CDKN2D	one2one	NA		22.9
Cdkn3	ENSMUSG00000037628	CDKN3	one2one	NA		22.9
Cdnf	ENSMUSG00000039496	CDNF	one2one	NA		22.9
Cdo1	ENSMUSG00000033022	CDO1	one2one	NA		22.9
Cdon	ENSMUSG00000038119	CDON	one2one	NA		22.9
Cdpf1	ENSMUSG00000064284	CDPF1	one2one	NA		22.9
Cdr2	ENSMUSG00000030878	CDR2	one2one	NA		22.9
Cdr2l	ENSMUSG00000050910	CDR2L	one2one	NA		22.9
Cds2	ENSMUSG00000058793	CDS2	one2one	NA		22.9
Cdt1	ENSMUSG00000006585	CDT1	one2one	NA		22.9
Cdv3	ENSMUSG00000032803	CDV3	one2one	NA		22.9
Cdyl	ENSMUSG00000059288	CDYL	one2one	NA		22.9
Cdyl2	ENSMUSG00000031758	CDYL2	one2one	NA		22.9
Ceacam1	ENSMUSG00000074272	CEACAM1	many2one	NA		22.9
Ceacam15	ENSMUSG00000078795	CEACAM21	one2one	NA		22.9
Ceacam16	ENSMUSG00000014686	CEACAM16	one2one	NA		22.9
Ceacam2	ENSMUSG00000054385	CEACAM1	many2one	NA		22.9
Cebpb	ENSMUSG00000056501	CEBPB	one2one	NA		22.9
Cebpd	ENSMUSG00000071637	CEBPD	one2one	NA		22.9
Cebpg	ENSMUSG00000056216	CEBPG	one2one	NA		22.9
Cebpz	ENSMUSG00000024081	CEBPZ	one2one	NA		22.9
Cebpzos	ENSMUSG00000062691	CEBPZOS	one2one	NA		22.9
Cecr2	ENSMUSG00000071226	CECR2	one2one	NA		22.9
Cela1	ENSMUSG00000023031	CELA1	one2one	NA		22.9
Celf1	ENSMUSG00000005506	CELF1	one2one	NA		22.9
Celf2	ENSMUSG00000002107	CELF2	one2one	NA		22.9
Celf3	ENSMUSG00000028137	CELF3	one2one	NA		22.9
Celf4	ENSMUSG00000024268	CELF4	one2one	NA		22.9
Celf5	ENSMUSG00000034818	CELF5	one2one	NA		22.9
Celsr1	ENSMUSG00000016028	CELSR1	one2one	NA		22.9
Celsr2	ENSMUSG00000068740	CELSR2	one2one	NA		22.9
Celsr3	ENSMUSG00000023473	CELSR3	one2one	NA		22.9
Cemip2	ENSMUSG00000024754	CEMIP2	one2one	NA		22.9
Cend1	ENSMUSG00000060240	CEND1	one2one	NA		22.9
Cenpa	ENSMUSG00000029177	CENPA	one2one	NA		22.9
Cenpb	ENSMUSG00000068267	CENPB	one2one	NA		22.9
Cenpc1	ENSMUSG00000029253	CENPC	one2one	NA		22.9
Cenpe	ENSMUSG00000045328	CENPE	one2one	NA		22.9
Cenpf	ENSMUSG00000026605	CENPF	one2one	NA		22.9
Cenph	ENSMUSG00000045273	CENPH	one2one	NA		22.9
Cenpi	ENSMUSG00000031262	CENPI	one2one	NA		22.9
Cenpj	ENSMUSG00000064128	CENPJ	one2one	NA		22.9
Cenpk	ENSMUSG00000021714	CENPK	one2one	NA		22.9
Cenpl	ENSMUSG00000026708	CENPL	one2one	NA		22.9
Cenpm	ENSMUSG00000068101	CENPM	one2one	NA		22.9
Cenpn	ENSMUSG00000031756	CENPN	one2one	NA		22.9
Cenpo	ENSMUSG00000020652	CENPO	one2one	NA		22.9
Cenpp	ENSMUSG00000021391	CENPP	one2one	NA		22.9
Cenpq	ENSMUSG00000023919	CENPQ	one2one	NA		22.9
Cenps	ENSMUSG00000073705	CENPS	one2one	NA		22.9
Cenpt	ENSMUSG00000036672	CENPT	one2one	NA		22.9
Cenpu	ENSMUSG00000031629	CENPU	one2one	NA		22.9
Cenpv	ENSMUSG00000018509	CENPV	one2one	NA		22.9
Cenpw	ENSMUSG00000075266	CENPW	one2one	NA		22.9
Cenpx	ENSMUSG00000025144	CENPX	one2one	NA		22.9
Cep104	ENSMUSG00000039523	CEP104	one2one	NA		22.9
Cep112	ENSMUSG00000020728	CEP112	one2one	NA		22.9
Cep120	ENSMUSG00000048799	CEP120	one2one	NA		22.9
Cep126	ENSMUSG00000040729	CEP126	one2one	NA		22.9
Cep128	ENSMUSG00000061533	CEP128	one2one	NA		22.9
Cep131	ENSMUSG00000039781	CEP131	one2one	NA		22.9
Cep135	ENSMUSG00000036403	CEP135	one2one	NA		22.9
Cep152	ENSMUSG00000068394	CEP152	one2one	NA		22.9
Cep162	ENSMUSG00000056919	CEP162	one2one	NA		22.9
Cep164	ENSMUSG00000043987	CEP164	one2one	NA		22.9
Cep170	ENSMUSG00000057335	CEP170	one2one	NA		22.9
Cep170b	ENSMUSG00000072825	CEP170B	one2one	NA		22.9
Cep19	ENSMUSG00000035790	CEP19	one2one	NA		22.9
Cep192	ENSMUSG00000024542	CEP192	one2one	NA		22.9
Cep250	ENSMUSG00000038241	CEP250	one2one	NA		22.9
Cep290	ENSMUSG00000019971	CEP290	one2one	NA		22.9
Cep295	ENSMUSG00000046111	CEP295	one2one	NA		22.9
Cep295nl	ENSMUSG00000076433	CEP295NL	one2one	NA		22.9
Cep350	ENSMUSG00000033671	CEP350	one2one	NA		22.9
Cep41	ENSMUSG00000029790	CEP41	one2one	NA		22.9
Cep44	ENSMUSG00000038215	CEP44	one2one	NA		22.9
Cep55	ENSMUSG00000024989	CEP55	one2one	NA		22.9
Cep57	ENSMUSG00000031922	CEP57	one2one	NA		22.9
Cep57l1	ENSMUSG00000019813	CEP57L1	one2one	NA		22.9
Cep63	ENSMUSG00000032534	CEP63	one2one	NA		22.9
Cep68	ENSMUSG00000044066	CEP68	one2one	NA		22.9
Cep70	ENSMUSG00000056267	CEP70	one2one	NA		22.9
Cep72	ENSMUSG00000021572	CEP72	one2one	NA		22.9
Cep76	ENSMUSG00000073542	CEP76	one2one	NA		22.9
Cep78	ENSMUSG00000041491	CEP78	one2one	NA		22.9
Cep83	ENSMUSG00000020024	CEP83	one2one	NA		22.9
Cep85	ENSMUSG00000037443	CEP85	one2one	NA		22.9
Cep85l	ENSMUSG00000038594	CEP85L	one2one	NA		22.9
Cep89	ENSMUSG00000023072	CEP89	one2one	NA		22.9
Cep95	ENSMUSG00000018372	CEP95	one2one	NA		22.9
Cep97	ENSMUSG00000022604	CEP97	one2one	NA		22.9
Cept1	ENSMUSG00000040774	CEPT1	one2one	NA		22.9
Cercam	ENSMUSG00000039787	CERCAM	one2one	NA		22.9
Cerk	ENSMUSG00000035891	CERK	one2one	NA		22.9
Cerkl	ENSMUSG00000075256	CERKL	one2one	NA		22.9
Cers2	ENSMUSG00000015714	CERS2	one2one	NA		22.9
Cers3	ENSMUSG00000030510	CERS3	one2one	NA		22.9
Cers4	ENSMUSG00000008206	CERS4	one2one	NA		22.9
Cers5	ENSMUSG00000023021	CERS5	one2one	NA		22.9
Cers6	ENSMUSG00000027035	CERS6	one2one	NA		22.9
Cetn2	ENSMUSG00000031347	CETN2	one2one	NA		22.9
Cetn3	ENSMUSG00000021537	CETN3	one2one	NA		22.9
Cfap100	ENSMUSG00000048794	CFAP100	one2one	NA		22.9
Cfap126	ENSMUSG00000026649	CFAP126	one2one	NA		22.9
Cfap157	ENSMUSG00000038987	CFAP157	one2one	NA		22.9
Cfap20	ENSMUSG00000031796	CFAP20	one2one	NA		22.9
Cfap298	ENSMUSG00000022972	CFAP298	one2one	NA		22.9
Cfap300	ENSMUSG00000053070	CFAP300	one2one	NA		22.9
Cfap36	ENSMUSG00000020462	CFAP36	one2one	NA		22.9
Cfap410	ENSMUSG00000020284	CFAP410	one2one	NA		22.9
Cfap43	ENSMUSG00000044948	CFAP43	one2one	NA		22.9
Cfap45	ENSMUSG00000026546	CFAP45	one2one	NA		22.9
Cfap46	ENSMUSG00000049571	CFAP46	one2one	NA		22.9
Cfap53	ENSMUSG00000035394	CFAP53	one2one	NA		22.9
Cfap54	ENSMUSG00000020014	CFAP54	one2one	NA		22.9
Cfap58	ENSMUSG00000046585	CFAP58	one2one	NA		22.9
Cfap74	ENSMUSG00000078490	CFAP74	one2one	NA		22.9
Cfap77	ENSMUSG00000079502	CFAP77	one2one	NA		22.9
Cfap97	ENSMUSG00000031631	CFAP97	one2one	NA		22.9
Cfdp1	ENSMUSG00000031954	CFDP1	one2one	NA		22.9
Cfi	ENSMUSG00000058952	CFI	one2one	NA		22.9
Cfl1	ENSMUSG00000056201	CFL1	one2one	NA		22.9
Cfl2	ENSMUSG00000062929	CFL2	one2one	NA		22.9
Cflar	ENSMUSG00000026031	CFLAR	one2one	NA		22.9
Cfp	ENSMUSG00000001128	CFP	one2one	NA		22.9
Cgas	ENSMUSG00000032344	CGAS	one2one	NA		22.9
Cggbp1	ENSMUSG00000054604	CGGBP1	one2one	NA		22.9
Cgnl1	ENSMUSG00000032232	CGNL1	one2one	NA		22.9
Cgref1	ENSMUSG00000029161	CGREF1	one2one	NA		22.9
Cgrrf1	ENSMUSG00000055128	CGRRF1	one2one	NA		22.9
Ch25h	ENSMUSG00000050370	CH25H	one2one	NA		22.9
Chac1	ENSMUSG00000027313	CHAC1	one2one	NA		22.9
Chac2	ENSMUSG00000020309	CHAC2	one2one	NA		22.9
Chad	ENSMUSG00000039084	CHAD	one2one	NA		22.9
Chadl	ENSMUSG00000063765	CHADL	one2one	NA		22.9
Chaf1a	ENSMUSG00000002835	CHAF1A	one2one	NA		22.9
Chaf1b	ENSMUSG00000022945	CHAF1B	one2one	NA		22.9
Champ1	ENSMUSG00000047710	CHAMP1	one2one	NA		22.9
Chchd1	ENSMUSG00000063787	CHCHD1	one2one	NA		22.9
Chchd10	ENSMUSG00000049422	CHCHD10	one2one	NA		22.9
Chchd2	ENSMUSG00000070493	CHCHD2	one2one	NA		22.9
Chchd3	ENSMUSG00000053768	CHCHD3	one2one	NA		22.9
Chchd4	ENSMUSG00000034203	CHCHD4	one2one	NA		22.9
Chchd5	ENSMUSG00000037938	CHCHD5	one2one	NA		22.9
Chchd6	ENSMUSG00000030086	CHCHD6	one2one	NA		22.9
Chchd7	ENSMUSG00000042198	CHCHD7	one2one	NA		22.9
Chd1	ENSMUSG00000023852	CHD1	one2one	NA		22.9
Chd1l	ENSMUSG00000028089	CHD1L	one2one	NA		22.9
Chd2	ENSMUSG00000078671	CHD2	one2one	NA		22.9
Chd3	ENSMUSG00000018474	CHD3	one2one	NA		22.9
Chd4	ENSMUSG00000063870	CHD4	one2one	NA		22.9
Chd5	ENSMUSG00000005045	CHD5	one2one	NA		22.9
Chd6	ENSMUSG00000057133	CHD6	one2one	NA		22.9
Chd7	ENSMUSG00000041235	CHD7	one2one	NA		22.9
Chd8	ENSMUSG00000053754	CHD8	one2one	NA		22.9
Chd9	ENSMUSG00000056608	CHD9	one2one	NA		22.9
Chdh	ENSMUSG00000015970	CHDH	one2one	NA		22.9
Chek1	ENSMUSG00000032113	CHEK1	one2one	NA		22.9
Chek2	ENSMUSG00000029521	CHEK2	one2one	NA		22.9
Cherp	ENSMUSG00000052488	CHERP	one2one	NA		22.9
Chfr	ENSMUSG00000014668	CHFR	one2one	NA		22.9
Chga	ENSMUSG00000021194	CHGA	one2one	NA		22.9
Chia1	ENSMUSG00000062778	CHIA	many2one	NA		22.9
Chic1	ENSMUSG00000031327	CHIC1	one2one	NA		22.9
Chic2	ENSMUSG00000029229	CHIC2	one2one	NA		22.9
Chid1	ENSMUSG00000025512	CHID1	one2one	NA		22.9
Chil1	ENSMUSG00000064246	CHI3L1	one2one	NA		22.9
Chil5	ENSMUSG00000043873	CHIA	many2one	NA		22.9
Chil6	ENSMUSG00000027902	CHIA	many2one	NA		22.9
Chit1	ENSMUSG00000026450	CHIT1	one2one	NA		22.9
Chka	ENSMUSG00000024843	CHKA	one2one	NA		22.9
Chkb	ENSMUSG00000022617	CHKB	one2one	NA		22.9
Chl1	ENSMUSG00000030077	CHL1	one2one	NA		22.9
Chm	ENSMUSG00000025531	CHM	one2one	NA		22.9
Chml	ENSMUSG00000078185	CHML	one2one	NA		22.9
Chmp1a	ENSMUSG00000000743	CHMP1A	one2one	NA		22.9
Chmp1b	ENSMUSG00000109901	CHMP1B	many2one	NA		22.9
Chmp2a	ENSMUSG00000033916	CHMP2A	one2one	NA		22.9
Chmp2b	ENSMUSG00000004843	CHMP2B	one2one	NA		22.9
Chmp3	ENSMUSG00000053119	CHMP3	one2one	NA		22.9
Chmp4b	ENSMUSG00000038467	CHMP4B	one2one	NA		22.9
Chmp4c	ENSMUSG00000027536	CHMP4C	one2one	NA		22.9
Chmp5	ENSMUSG00000028419	CHMP5	one2one	NA		22.9
Chmp6	ENSMUSG00000025371	CHMP6	one2one	NA		22.9
Chmp7	ENSMUSG00000034190	CHMP7	one2one	NA		22.9
Chn1	ENSMUSG00000056486	CHN1	one2one	NA		22.9
Chn2	ENSMUSG00000004633	CHN2	one2one	NA		22.9
Chordc1	ENSMUSG00000001774	CHORDC1	one2one	NA		22.9
Chp1	ENSMUSG00000014077	CHP1	one2one	NA		22.9
Chpf	ENSMUSG00000032997	CHPF	one2one	NA		22.9
Chpf2	ENSMUSG00000038181	CHPF2	one2one	NA		22.9
Chpt1	ENSMUSG00000060002	CHPT1	one2one	NA		22.9
Chrac1	ENSMUSG00000068391	CHRAC1	one2one	NA		22.9
Chrm4	ENSMUSG00000040495	CHRM4	one2one	NA		22.9
Chrna2	ENSMUSG00000022041	CHRNA2	one2one	NA		22.9
Chrna9	ENSMUSG00000029205	CHRNA9	one2one	NA		22.9
Chrnb1	ENSMUSG00000041189	CHRNB1	one2one	NA		22.9
Chrnb2	ENSMUSG00000027950	CHRNB2	one2one	NA		22.9
Chrne	ENSMUSG00000014609	CHRNE	one2one	NA		22.9
Chst1	ENSMUSG00000027221	CHST1	one2one	NA		22.9
Chst10	ENSMUSG00000026080	CHST10	one2one	NA		22.9
Chst11	ENSMUSG00000034612	CHST11	one2one	NA		22.9
Chst12	ENSMUSG00000036599	CHST12	one2one	NA		22.9
Chst14	ENSMUSG00000074916	CHST14	one2one	NA		22.9
Chst15	ENSMUSG00000030930	CHST15	one2one	NA		22.9
Chst2	ENSMUSG00000033350	CHST2	one2one	NA		22.9
Chst3	ENSMUSG00000057337	CHST3	one2one	NA		22.9
Chsy1	ENSMUSG00000032640	CHSY1	one2one	NA		22.9
Chtf18	ENSMUSG00000019214	CHTF18	one2one	NA		22.9
Chtf8	ENSMUSG00000046691	CHTF8	one2one	NA		22.9
Chtop	ENSMUSG00000001017	CHTOP	one2one	NA		22.9
Chuk	ENSMUSG00000025199	CHUK	one2one	NA		22.9
Churc1	ENSMUSG00000090258	CHURC1	one2one	NA		22.9
Ciao1	ENSMUSG00000003662	CIAO1	one2one	NA		22.9
Ciao2a	ENSMUSG00000032381	CIAO2A	one2one	NA		22.9
Ciao2b	ENSMUSG00000031879	CIAO2B	one2one	NA		22.9
Ciao3	ENSMUSG00000002280	CIAO3	one2one	NA		22.9
Ciapin1	ENSMUSG00000031781	CIAPIN1	one2one	NA		22.9
Ciart	ENSMUSG00000038550	CIART	one2one	NA		22.9
Cib1	ENSMUSG00000030538	CIB1	one2one	NA		22.9
Cib2	ENSMUSG00000037493	CIB2	one2one	NA		22.9
Cib3	ENSMUSG00000074240	CIB3	one2one	NA		22.9
Cic	ENSMUSG00000005442	CIC	one2one	NA		22.9
Cideb	ENSMUSG00000022219	CIDEB	one2one	NA		22.9
Ciita	ENSMUSG00000022504	CIITA	one2one	NA		22.9
Cilk1	ENSMUSG00000009828	CILK1	one2one	NA		22.9
Cilp2	ENSMUSG00000044006	CILP2	one2one	NA		22.9
Cinp	ENSMUSG00000021276	CINP	one2one	NA		22.9
Cip2a	ENSMUSG00000033031	CIP2A	one2one	NA		22.9
Cipc	ENSMUSG00000034157	CIPC	one2one	NA		22.9
Cir1	ENSMUSG00000041777	CIR1	one2one	NA		22.9
Cirbp	ENSMUSG00000045193	CIRBP	one2one	NA		22.9
Cisd1	ENSMUSG00000037710	CISD1	one2one	NA		22.9
Cisd2	ENSMUSG00000028165	CISD2	one2one	NA		22.9
Cisd3	ENSMUSG00000078695	CISD3	one2one	NA		22.9
Cish	ENSMUSG00000032578	CISH	one2one	NA		22.9
Cit	ENSMUSG00000029516	CIT	one2one	NA		22.9
Cited2	ENSMUSG00000039910	CITED2	one2one	NA		22.9
Cited4	ENSMUSG00000070803	CITED4	one2one	NA		22.9
Ciz1	ENSMUSG00000039205	CIZ1	one2one	NA		22.9
Ckap2	ENSMUSG00000037725	CKAP2	one2one	NA		22.9
Ckap2l	ENSMUSG00000048327	CKAP2L	one2one	NA		22.9
Ckap4	ENSMUSG00000046841	CKAP4	one2one	NA		22.9
Ckap5	ENSMUSG00000040549	CKAP5	one2one	NA		22.9
Ckb	ENSMUSG00000001270	CKB	one2one	NA		22.9
Cklf	ENSMUSG00000054400	CKLF	one2one	NA		22.9
Ckmt1	ENSMUSG00000000308	CKMT1A	one2many	NA		22.9
Ckmt1	ENSMUSG00000000308	CKMT1B	one2many	NA		22.9
Cks1b	ENSMUSG00000028044	CKS1B	one2one	NA		22.9
Cks2	ENSMUSG00000062248	CKS2	one2one	NA		22.9
Clasp1	ENSMUSG00000064302	CLASP1	one2one	NA		22.9
Clasp2	ENSMUSG00000033392	CLASP2	one2one	NA		22.9
Clasrp	ENSMUSG00000061028	CLASRP	one2one	NA		22.9
Clba1	ENSMUSG00000037594	CLBA1	one2one	NA		22.9
Clcc1	ENSMUSG00000027884	CLCC1	one2one	NA		22.9
Clcf1	ENSMUSG00000040663	CLCF1	one2one	NA		22.9
Clcn1	ENSMUSG00000029862	CLCN1	one2one	NA		22.9
Clcn2	ENSMUSG00000022843	CLCN2	one2one	NA		22.9
Clcn3	ENSMUSG00000004319	CLCN3	one2one	NA		22.9
Clcn4	ENSMUSG00000000605	CLCN4	one2one	NA		22.9
Clcn5	ENSMUSG00000004317	CLCN5	one2one	NA		22.9
Clcn6	ENSMUSG00000029016	CLCN6	one2one	NA		22.9
Clcn7	ENSMUSG00000036636	CLCN7	one2one	NA		22.9
Clcnkb	ENSMUSG00000006216	CLCNKA	one2many	NA		22.9
Clcnkb	ENSMUSG00000006216	CLCNKB	one2many	NA		22.9
Cldn10	ENSMUSG00000022132	CLDN10	one2one	NA		22.9
Cldn12	ENSMUSG00000046798	CLDN12	one2one	NA		22.9
Cldn15	ENSMUSG00000001739	CLDN15	one2one	NA		22.9
Cldn2	ENSMUSG00000047230	CLDN2	one2one	NA		22.9
Cldn20	ENSMUSG00000091530	CLDN20	one2one	NA		22.9
Cldn34c1	ENSMUSG00000079450	CLDN34	one2one	NA		22.9
Cldn4	ENSMUSG00000047501	CLDN4	one2one	NA		22.9
Cldn7	ENSMUSG00000018569	CLDN7	one2one	NA		22.9
Cldnd1	ENSMUSG00000022744	CLDND1	one2one	NA		22.9
Cldnd2	ENSMUSG00000038973	CLDND2	one2one	NA		22.9
Clec11a	ENSMUSG00000004473	CLEC11A	one2one	NA		22.9
Clec12a	ENSMUSG00000053063	CLEC12A	one2one	NA		22.9
Clec16a	ENSMUSG00000068663	CLEC16A	one2one	NA		22.9
Clec2d	ENSMUSG00000030157	CLEC2D	many2one	NA		22.9
Clec2g	ENSMUSG00000000248	CLEC2D	many2one	NA		22.9
Clec2i	ENSMUSG00000030365	CLEC2D	many2one	NA		22.9
Clec2l	ENSMUSG00000079598	CLEC2L	one2one	NA		22.9
Clec4e	ENSMUSG00000030142	CLEC4E	one2one	NA		22.9
Clec7a	ENSMUSG00000079293	CLEC7A	one2one	NA		22.9
Clgn	ENSMUSG00000002190	CLGN	one2one	NA		22.9
Clhc1	ENSMUSG00000020461	CLHC1	one2one	NA		22.9
Clic1	ENSMUSG00000007041	CLIC1	one2one	NA		22.9
Clic3	ENSMUSG00000015093	CLIC3	one2one	NA		22.9
Clic4	ENSMUSG00000037242	CLIC4	one2one	NA		22.9
Clic5	ENSMUSG00000023959	CLIC5	one2one	NA		22.9
Clint1	ENSMUSG00000006169	CLINT1	one2one	NA		22.9
Clip1	ENSMUSG00000049550	CLIP1	one2one	NA		22.9
Clip2	ENSMUSG00000063146	CLIP2	one2one	NA		22.9
Clip3	ENSMUSG00000013921	CLIP3	one2one	NA		22.9
Clk1	ENSMUSG00000026034	CLK1	one2one	NA		22.9
Clk2	ENSMUSG00000068917	CLK2	one2one	NA		22.9
Clk3	ENSMUSG00000032316	CLK3	one2one	NA		22.9
Clk4	ENSMUSG00000020385	CLK4	one2one	NA		22.9
Clmn	ENSMUSG00000021097	CLMN	one2one	NA		22.9
Clmp	ENSMUSG00000032024	CLMP	one2one	NA		22.9
Cln3	ENSMUSG00000030720	CLN3	one2one	NA		22.9
Cln5	ENSMUSG00000022125	CLN5	one2one	NA		22.9
Cln6	ENSMUSG00000032245	CLN6	one2one	NA		22.9
Cln8	ENSMUSG00000026317	CLN8	one2one	NA		22.9
Clnk	ENSMUSG00000039315	CLNK	one2one	NA		22.9
Clns1a	ENSMUSG00000025439	CLNS1A	one2one	NA		22.9
Clock	ENSMUSG00000029238	CLOCK	one2one	NA		22.9
Clp1	ENSMUSG00000027079	CLP1	one2one	NA		22.9
Clpb	ENSMUSG00000001829	CLPB	one2one	NA		22.9
Clpp	ENSMUSG00000002660	CLPP	one2one	NA		22.9
Clptm1	ENSMUSG00000002981	CLPTM1	one2one	NA		22.9
Clptm1l	ENSMUSG00000021610	CLPTM1L	one2one	NA		22.9
Clpx	ENSMUSG00000015357	CLPX	one2one	NA		22.9
Clspn	ENSMUSG00000042489	CLSPN	one2one	NA		22.9
Clstn1	ENSMUSG00000039953	CLSTN1	one2one	NA		22.9
Clstn3	ENSMUSG00000008153	CLSTN3	one2one	NA		22.9
Clta	ENSMUSG00000028478	CLTA	one2one	NA		22.9
Cltb	ENSMUSG00000047547	CLTB	one2one	NA		22.9
Cltc	ENSMUSG00000047126	CLTC	one2one	NA		22.9
Clu	ENSMUSG00000022037	CLU	one2one	NA		22.9
Cluap1	ENSMUSG00000014232	CLUAP1	one2one	NA		22.9
Cluh	ENSMUSG00000020741	CLUH	one2one	NA		22.9
Clybl	ENSMUSG00000025545	CLYBL	one2one	NA		22.9
Cmas	ENSMUSG00000030282	CMAS	one2one	NA		22.9
Cmc1	ENSMUSG00000039163	CMC1	one2one	NA		22.9
Cmc2	ENSMUSG00000014633	CMC2	one2one	NA		22.9
Cmc4	ENSMUSG00000090110	CMC4	one2one	NA		22.9
Cmip	ENSMUSG00000034390	CMIP	one2one	NA		22.9
Cmklr1	ENSMUSG00000042190	CMKLR1	one2one	NA		22.9
Cmpk1	ENSMUSG00000028719	CMPK1	one2one	NA		22.9
Cmpk2	ENSMUSG00000020638	CMPK2	one2one	NA		22.9
Cmss1	ENSMUSG00000022748	CMSS1	one2one	NA		22.9
Cmtm3	ENSMUSG00000031875	CMTM3	one2one	NA		22.9
Cmtm4	ENSMUSG00000096188	CMTM4	one2one	NA		22.9
Cmtm6	ENSMUSG00000032434	CMTM6	one2one	NA		22.9
Cmtm7	ENSMUSG00000032436	CMTM7	one2one	NA		22.9
Cmtm8	ENSMUSG00000041012	CMTM8	one2one	NA		22.9
Cmtr1	ENSMUSG00000024019	CMTR1	one2one	NA		22.9
Cmtr2	ENSMUSG00000046441	CMTR2	one2one	NA		22.9
Cmya5	ENSMUSG00000047419	CMYA5	one2one	NA		22.9
Cnbd2	ENSMUSG00000038085	CNBD2	one2one	NA		22.9
Cnbp	ENSMUSG00000030057	CNBP	one2one	NA		22.9
Cndp2	ENSMUSG00000024644	CNDP2	one2one	NA		22.9
Cnep1r1	ENSMUSG00000036810	CNEP1R1	one2one	NA		22.9
Cnga1	ENSMUSG00000067220	CNGA1	one2one	NA		22.9
Cnga3	ENSMUSG00000026114	CNGA3	one2one	NA		22.9
Cnih1	ENSMUSG00000015759	CNIH1	one2one	NA		22.9
Cnih2	ENSMUSG00000024873	CNIH2	one2one	NA		22.9
Cnih3	ENSMUSG00000026514	CNIH3	one2one	NA		22.9
Cnih4	ENSMUSG00000062169	CNIH4	one2one	NA		22.9
Cnksr1	ENSMUSG00000028841	CNKSR1	one2one	NA		22.9
Cnksr3	ENSMUSG00000015202	CNKSR3	one2one	NA		22.9
Cnn2	ENSMUSG00000004665	CNN2	one2one	NA		22.9
Cnn3	ENSMUSG00000053931	CNN3	one2one	NA		22.9
Cnnm1	ENSMUSG00000025189	CNNM1	one2one	NA		22.9
Cnnm2	ENSMUSG00000064105	CNNM2	one2one	NA		22.9
Cnnm3	ENSMUSG00000001138	CNNM3	one2one	NA		22.9
Cnnm4	ENSMUSG00000037408	CNNM4	one2one	NA		22.9
Cnot1	ENSMUSG00000036550	CNOT1	one2one	NA		22.9
Cnot10	ENSMUSG00000056167	CNOT10	one2one	NA		22.9
Cnot11	ENSMUSG00000003135	CNOT11	one2one	NA		22.9
Cnot2	ENSMUSG00000020166	CNOT2	one2one	NA		22.9
Cnot3	ENSMUSG00000035632	CNOT3	one2one	NA		22.9
Cnot4	ENSMUSG00000038784	CNOT4	one2one	NA		22.9
Cnot6	ENSMUSG00000020362	CNOT6	one2one	NA		22.9
Cnot6l	ENSMUSG00000034724	CNOT6L	one2one	NA		22.9
Cnot7	ENSMUSG00000031601	CNOT7	one2one	NA		22.9
Cnot8	ENSMUSG00000020515	CNOT8	one2one	NA		22.9
Cnot9	ENSMUSG00000026174	CNOT9	one2one	NA		22.9
Cnp	ENSMUSG00000006782	CNP	one2one	NA		22.9
Cnppd1	ENSMUSG00000033159	CNPPD1	one2one	NA		22.9
Cnpy2	ENSMUSG00000025381	CNPY2	one2one	NA		22.9
Cnpy3	ENSMUSG00000023973	CNPY3	one2one	NA		22.9
Cnpy4	ENSMUSG00000036968	CNPY4	one2one	NA		22.9
Cnr1	ENSMUSG00000044288	CNR1	one2one	NA		22.9
Cnr2	ENSMUSG00000062585	CNR2	one2one	NA		22.9
Cnrip1	ENSMUSG00000044629	CNRIP1	one2one	NA		22.9
Cnst	ENSMUSG00000038949	CNST	one2one	NA		22.9
Cntd1	ENSMUSG00000078653	CNTD1	one2one	NA		22.9
Cntf	ENSMUSG00000079415	CNTF	one2one	NA		22.9
Cntln	ENSMUSG00000038070	CNTLN	one2one	NA		22.9
Cntnap1	ENSMUSG00000017167	CNTNAP1	one2one	NA		22.9
Cntrl	ENSMUSG00000057110	CNTRL	one2one	NA		22.9
Cntrob	ENSMUSG00000032782	CNTROB	one2one	NA		22.9
Coa3	ENSMUSG00000017188	COA3	one2one	NA		22.9
Coa4	ENSMUSG00000044881	COA4	one2one	NA		22.9
Coa5	ENSMUSG00000026112	COA5	one2one	NA		22.9
Coa6	ENSMUSG00000051671	COA6	one2one	NA		22.9
Coa7	ENSMUSG00000048351	COA7	one2one	NA		22.9
Coasy	ENSMUSG00000001755	COASY	one2one	NA		22.9
Cobl	ENSMUSG00000020173	COBL	one2one	NA		22.9
Cobll1	ENSMUSG00000034903	COBLL1	one2one	NA		22.9
Coch	ENSMUSG00000020953	COCH	one2one	NA		22.9
Cog1	ENSMUSG00000018661	COG1	one2one	NA		22.9
Cog2	ENSMUSG00000031979	COG2	one2one	NA		22.9
Cog3	ENSMUSG00000034893	COG3	one2one	NA		22.9
Cog4	ENSMUSG00000031753	COG4	one2one	NA		22.9
Cog5	ENSMUSG00000035933	COG5	one2one	NA		22.9
Cog6	ENSMUSG00000027742	COG6	one2one	NA		22.9
Cog7	ENSMUSG00000034951	COG7	one2one	NA		22.9
Cog8	ENSMUSG00000031916	COG8	one2one	NA		22.9
Coil	ENSMUSG00000033983	COIL	one2one	NA		22.9
Col10a1	ENSMUSG00000039462	COL10A1	one2one	NA		22.9
Col11a2	ENSMUSG00000024330	COL11A2	one2one	NA		22.9
Col15a1	ENSMUSG00000028339	COL15A1	one2one	NA		22.9
Col18a1	ENSMUSG00000001435	COL18A1	one2one	NA		22.9
Col1a1	ENSMUSG00000001506	COL1A1	one2one	NA		22.9
Col1a2	ENSMUSG00000029661	COL1A2	one2one	NA		22.9
Col20a1	ENSMUSG00000016356	COL20A1	one2one	NA		22.9
Col23a1	ENSMUSG00000063564	COL23A1	one2one	NA		22.9
Col27a1	ENSMUSG00000045672	COL27A1	one2one	NA		22.9
Col2a1	ENSMUSG00000022483	COL2A1	one2one	NA		22.9
Col4a2	ENSMUSG00000031503	COL4A2	one2one	NA		22.9
Col4a3bp	ENSMUSG00000021669	CERT1	one2one	Cert1	org.Mm.eg.db	22.9
Col4a4	ENSMUSG00000067158	COL4A4	one2one	NA		22.9
Col5a1	ENSMUSG00000026837	COL5A1	one2one	NA		22.9
Col5a2	ENSMUSG00000026042	COL5A2	one2one	NA		22.9
Col5a3	ENSMUSG00000004098	COL5A3	one2one	NA		22.9
Col6a1	ENSMUSG00000001119	COL6A1	one2one	NA		22.9
Col6a2	ENSMUSG00000020241	COL6A2	one2one	NA		22.9
Col6a3	ENSMUSG00000048126	COL6A3	one2one	NA		22.9
Col7a1	ENSMUSG00000025650	COL7A1	one2one	NA		22.9
Col8a2	ENSMUSG00000056174	COL8A2	one2one	NA		22.9
Col9a3	ENSMUSG00000027570	COL9A3	one2one	NA		22.9
Colca2	ENSMUSG00000079559	POU2AF3	one2one	Pou2af3	org.Mm.eg.db	22.9
Colgalt1	ENSMUSG00000034807	COLGALT1	one2one	NA		22.9
Colq	ENSMUSG00000057606	COLQ	one2one	NA		22.9
Commd1	ENSMUSG00000051355	COMMD1	one2one	NA		22.9
Commd10	ENSMUSG00000042705	COMMD10	one2one	NA		22.9
Commd2	ENSMUSG00000036513	COMMD2	one2one	NA		22.9
Commd3	ENSMUSG00000051154	COMMD3	one2one	NA		22.9
Commd4	ENSMUSG00000032299	COMMD4	one2one	NA		22.9
Commd5	ENSMUSG00000055041	COMMD5	one2one	NA		22.9
Commd6	ENSMUSG00000075486	COMMD6	one2one	NA		22.9
Commd7	ENSMUSG00000056941	COMMD7	one2one	NA		22.9
Commd8	ENSMUSG00000029213	COMMD8	one2one	NA		22.9
Commd9	ENSMUSG00000027163	COMMD9	one2one	NA		22.9
Comp	ENSMUSG00000031849	COMP	one2one	NA		22.9
Comt	ENSMUSG00000000326	COMT	one2one	NA		22.9
Comtd1	ENSMUSG00000021773	COMTD1	one2one	NA		22.9
Cop1	ENSMUSG00000040782	COP1	one2one	NA		22.9
Copa	ENSMUSG00000026553	COPA	one2one	NA		22.9
Copb1	ENSMUSG00000030754	COPB1	one2one	NA		22.9
Copb2	ENSMUSG00000032458	COPB2	one2one	NA		22.9
Cope	ENSMUSG00000055681	COPE	one2one	NA		22.9
Copg1	ENSMUSG00000030058	COPG1	one2one	NA		22.9
Copg2	ENSMUSG00000025607	COPG2	one2one	NA		22.9
Coprs	ENSMUSG00000031458	COPRS	one2one	NA		22.9
Cops2	ENSMUSG00000027206	COPS2	one2one	NA		22.9
Cops3	ENSMUSG00000019373	COPS3	one2one	NA		22.9
Cops4	ENSMUSG00000035297	COPS4	one2one	NA		22.9
Cops5	ENSMUSG00000025917	COPS5	one2one	NA		22.9
Cops6	ENSMUSG00000019494	COPS6	one2one	NA		22.9
Cops7a	ENSMUSG00000030127	COPS7A	one2one	NA		22.9
Cops7b	ENSMUSG00000026240	COPS7B	one2one	NA		22.9
Cops8	ENSMUSG00000034432	COPS8	one2one	NA		22.9
Cops9	ENSMUSG00000073616	COPS9	one2one	NA		22.9
Copz1	ENSMUSG00000060992	COPZ1	one2one	NA		22.9
Copz2	ENSMUSG00000018672	COPZ2	one2one	NA		22.9
Coq10a	ENSMUSG00000039914	COQ10A	one2one	NA		22.9
Coq10b	ENSMUSG00000025981	COQ10B	one2one	NA		22.9
Coq2	ENSMUSG00000029319	COQ2	one2one	NA		22.9
Coq3	ENSMUSG00000028247	COQ3	one2one	NA		22.9
Coq4	ENSMUSG00000026798	COQ4	one2one	NA		22.9
Coq5	ENSMUSG00000041733	COQ5	one2one	NA		22.9
Coq6	ENSMUSG00000021235	COQ6	one2one	NA		22.9
Coq7	ENSMUSG00000030652	COQ7	one2one	NA		22.9
Coq8a	ENSMUSG00000026489	COQ8A	one2one	NA		22.9
Coq8b	ENSMUSG00000003762	COQ8B	one2one	NA		22.9
Coq9	ENSMUSG00000031782	COQ9	one2one	NA		22.9
Corin	ENSMUSG00000005220	CORIN	one2one	NA		22.9
Coro1a	ENSMUSG00000030707	CORO1A	one2one	NA		22.9
Coro1b	ENSMUSG00000024835	CORO1B	one2one	NA		22.9
Coro1c	ENSMUSG00000004530	CORO1C	one2one	NA		22.9
Coro2a	ENSMUSG00000028337	CORO2A	one2one	NA		22.9
Coro2b	ENSMUSG00000041729	CORO2B	one2one	NA		22.9
Coro6	ENSMUSG00000020836	CORO6	one2one	NA		22.9
Coro7	ENSMUSG00000039637	CORO7	one2one	NA		22.9
Cort	ENSMUSG00000028971	CORT	one2one	NA		22.9
Cotl1	ENSMUSG00000031827	COTL1	one2one	NA		22.9
Cox10	ENSMUSG00000042148	COX10	one2one	NA		22.9
Cox11	ENSMUSG00000020544	COX11	one2one	NA		22.9
Cox14	ENSMUSG00000023020	COX14	one2one	NA		22.9
Cox15	ENSMUSG00000040018	COX15	one2one	NA		22.9
Cox16	ENSMUSG00000091803	COX16	one2one	NA		22.9
Cox17	ENSMUSG00000046516	COX17	one2one	NA		22.9
Cox18	ENSMUSG00000035505	COX18	one2one	NA		22.9
Cox19	ENSMUSG00000045438	COX19	one2one	NA		22.9
Cox20	ENSMUSG00000026500	COX20	one2one	NA		22.9
Cox4i1	ENSMUSG00000031818	COX4I1	one2one	NA		22.9
Cox4i2	ENSMUSG00000009876	COX4I2	one2one	NA		22.9
Cox5a	ENSMUSG00000000088	COX5A	one2one	NA		22.9
Cox5b	ENSMUSG00000061518	COX5B	many2one	NA		22.9
Cox5b-ps	ENSMUSG00000079941	COX5B	many2one	NA		22.9
Cox6a1	ENSMUSG00000041697	COX6A1	one2one	NA		22.9
Cox6b1	ENSMUSG00000036751	COX6B1	one2one	NA		22.9
Cox6b2	ENSMUSG00000051811	COX6B2	one2one	NA		22.9
Cox6c	ENSMUSG00000014313	COX6C	one2one	NA		22.9
Cox7a1	ENSMUSG00000074218	COX7A1	one2one	NA		22.9
Cox7a2	ENSMUSG00000032330	COX7A2	one2one	NA		22.9
Cox7a2l	ENSMUSG00000024248	COX7A2L	one2one	NA		22.9
Cox7b	ENSMUSG00000031231	COX7B	one2one	NA		22.9
Cox7c	ENSMUSG00000017778	COX7C	one2one	NA		22.9
Cox8a	ENSMUSG00000035885	COX8A	one2one	NA		22.9
Cp	ENSMUSG00000003617	CP	one2one	NA		22.9
Cpa2	ENSMUSG00000071553	CPA2	one2one	NA		22.9
Cpd	ENSMUSG00000020841	CPD	one2one	NA		22.9
Cpe	ENSMUSG00000037852	CPE	one2one	NA		22.9
Cpeb1	ENSMUSG00000025586	CPEB1	one2one	NA		22.9
Cpeb2	ENSMUSG00000039782	CPEB2	one2one	NA		22.9
Cpeb3	ENSMUSG00000039652	CPEB3	one2one	NA		22.9
Cpeb4	ENSMUSG00000020300	CPEB4	one2one	NA		22.9
Cplane1	ENSMUSG00000039801	CPLANE1	one2one	NA		22.9
Cplane2	ENSMUSG00000073733	CPLANE2	one2one	NA		22.9
Cpm	ENSMUSG00000020183	CPM	one2one	NA		22.9
Cpne1	ENSMUSG00000074643	CPNE1	one2one	NA		22.9
Cpne2	ENSMUSG00000034361	CPNE2	one2one	NA		22.9
Cpne3	ENSMUSG00000028228	CPNE3	one2one	NA		22.9
Cpne5	ENSMUSG00000024008	CPNE5	one2one	NA		22.9
Cpne6	ENSMUSG00000022212	CPNE6	one2one	NA		22.9
Cpne9	ENSMUSG00000030270	CPNE9	one2one	NA		22.9
Cpox	ENSMUSG00000022742	CPOX	one2one	NA		22.9
Cpped1	ENSMUSG00000065979	CPPED1	one2one	NA		22.9
Cpq	ENSMUSG00000039007	CPQ	one2one	NA		22.9
Cpsf1	ENSMUSG00000034022	CPSF1	one2one	NA		22.9
Cpsf2	ENSMUSG00000041781	CPSF2	one2one	NA		22.9
Cpsf3	ENSMUSG00000054309	CPSF3	one2one	NA		22.9
Cpsf4	ENSMUSG00000029625	CPSF4	one2one	NA		22.9
Cpsf4l	ENSMUSG00000018727	CPSF4L	one2one	NA		22.9
Cpsf6	ENSMUSG00000055531	CPSF6	one2one	NA		22.9
Cpsf7	ENSMUSG00000034820	CPSF7	one2one	NA		22.9
Cpt1a	ENSMUSG00000024900	CPT1A	one2one	NA		22.9
Cpt1b	ENSMUSG00000078937	CPT1B	one2one	NA		22.9
Cpt1c	ENSMUSG00000007783	CPT1C	one2one	NA		22.9
Cpt2	ENSMUSG00000028607	CPT2	one2one	NA		22.9
Cptp	ENSMUSG00000029073	CPTP	one2one	NA		22.9
Cpxm1	ENSMUSG00000027408	CPXM1	one2one	NA		22.9
Cr1l	ENSMUSG00000016481	CR1L	one2one	NA		22.9
Cr2	ENSMUSG00000026616	CR2	one2one	NA		22.9
Crabp2	ENSMUSG00000004885	CRABP2	one2one	NA		22.9
Cracr2a	ENSMUSG00000061414	CRACR2A	one2one	NA		22.9
Cradd	ENSMUSG00000045867	CRADD	one2one	NA		22.9
Cramp1l	ENSMUSG00000038002	CRAMP1	one2one	Cramp1	org.Mm.eg.db	22.9
Crat	ENSMUSG00000026853	CRAT	one2one	NA		22.9
Crb3	ENSMUSG00000044279	CRB3	one2one	NA		22.9
Crbn	ENSMUSG00000005362	CRBN	one2one	NA		22.9
Crcp	ENSMUSG00000025532	CRCP	one2one	NA		22.9
Creb1	ENSMUSG00000025958	CREB1	one2one	NA		22.9
Creb3	ENSMUSG00000028466	CREB3	one2one	NA		22.9
Creb3l1	ENSMUSG00000027230	CREB3L1	one2one	NA		22.9
Creb3l2	ENSMUSG00000038648	CREB3L2	one2one	NA		22.9
Creb3l4	ENSMUSG00000027938	CREB3L4	one2one	NA		22.9
Creb5	ENSMUSG00000053007	CREB5	one2one	NA		22.9
Crebbp	ENSMUSG00000022521	CREBBP	one2one	NA		22.9
Crebl2	ENSMUSG00000032652	CREBL2	one2one	NA		22.9
Crebrf	ENSMUSG00000048249	CREBRF	one2one	NA		22.9
Crebzf	ENSMUSG00000051451	CREBZF	one2one	NA		22.9
Creg1	ENSMUSG00000040713	CREG1	one2one	NA		22.9
Creld1	ENSMUSG00000030284	CRELD1	one2one	NA		22.9
Creld2	ENSMUSG00000023272	CRELD2	one2one	NA		22.9
Crem	ENSMUSG00000063889	CREM	one2one	NA		22.9
Crim1	ENSMUSG00000024074	CRIM1	one2one	NA		22.9
Crip1	ENSMUSG00000006360	CRIP1	one2one	NA		22.9
Crip2	ENSMUSG00000006356	CRIP2	one2one	NA		22.9
Crip3	ENSMUSG00000023968	CRIP3	one2one	NA		22.9
Cript	ENSMUSG00000024146	CRIPT	one2one	NA		22.9
Crispld2	ENSMUSG00000031825	CRISPLD2	one2one	NA		22.9
Crk	ENSMUSG00000017776	CRK	one2one	NA		22.9
Crkl	ENSMUSG00000006134	CRKL	one2one	NA		22.9
Crlf1	ENSMUSG00000007888	CRLF1	one2one	NA		22.9
Crlf2	ENSMUSG00000033467	CRLF2	one2one	NA		22.9
Crlf3	ENSMUSG00000017561	CRLF3	one2one	NA		22.9
Crls1	ENSMUSG00000027357	CRLS1	one2one	NA		22.9
Crmp1	ENSMUSG00000029121	CRMP1	one2one	NA		22.9
Crnkl1	ENSMUSG00000001767	CRNKL1	one2one	NA		22.9
Crocc	ENSMUSG00000040860	CROCC	one2one	NA		22.9
Crocc2	ENSMUSG00000084989	CROCC2	one2one	NA		22.9
Crot	ENSMUSG00000003623	CROT	one2one	NA		22.9
Crppa	ENSMUSG00000043153	CRPPA	one2one	NA		22.9
Crtam	ENSMUSG00000032021	CRTAM	one2one	NA		22.9
Crtap	ENSMUSG00000032431	CRTAP	one2one	NA		22.9
Crtc1	ENSMUSG00000003575	CRTC1	one2one	NA		22.9
Crtc2	ENSMUSG00000027936	CRTC2	one2one	NA		22.9
Crtc3	ENSMUSG00000030527	CRTC3	one2one	NA		22.9
Cry1	ENSMUSG00000020038	CRY1	one2one	NA		22.9
Cry2	ENSMUSG00000068742	CRY2	one2one	NA		22.9
Crybb3	ENSMUSG00000029352	CRYBB3	one2one	NA		22.9
Crybg1	ENSMUSG00000019866	CRYBG1	one2one	NA		22.9
Crybg2	ENSMUSG00000012123	CRYBG2	one2one	NA		22.9
Crybg3	ENSMUSG00000022723	CRYBG3	one2one	NA		22.9
Crygn	ENSMUSG00000038135	CRYGN	one2one	NA		22.9
Cryl1	ENSMUSG00000021947	CRYL1	one2one	NA		22.9
Cryz	ENSMUSG00000028199	CRYZ	one2one	NA		22.9
Cryzl1	ENSMUSG00000058240	CRYZL1	one2one	NA		22.9
Cs	ENSMUSG00000005683	CS	many2one	NA		22.9
Csad	ENSMUSG00000023044	CSAD	one2one	NA		22.9
Csde1	ENSMUSG00000068823	CSDE1	one2one	NA		22.9
Cse1l	ENSMUSG00000002718	CSE1L	one2one	NA		22.9
Csf1	ENSMUSG00000014599	CSF1	one2one	NA		22.9
Csf2	ENSMUSG00000018916	CSF2	one2one	NA		22.9
Csf2ra	ENSMUSG00000059326	CSF2RA	one2one	NA		22.9
Csf2rb	ENSMUSG00000071713	CSF2RB	many2one	NA		22.9
Csf2rb2	ENSMUSG00000071714	CSF2RB	many2one	NA		22.9
Csgalnact1	ENSMUSG00000036356	CSGALNACT1	one2one	NA		22.9
Csgalnact2	ENSMUSG00000042042	CSGALNACT2	one2one	NA		22.9
Csk	ENSMUSG00000032312	CSK	one2one	NA		22.9
Csl	ENSMUSG00000046934	CS	many2one	NA		22.9
Csn1s1	ENSMUSG00000070702	CSN1S1	one2one	NA		22.9
Csn2	ENSMUSG00000063157	CSN2	one2one	NA		22.9
Csnk1a1	ENSMUSG00000024576	CSNK1A1	one2one	NA		22.9
Csnk1d	ENSMUSG00000025162	CSNK1D	one2one	NA		22.9
Csnk1e	ENSMUSG00000022433	CSNK1E	one2one	NA		22.9
Csnk1g1	ENSMUSG00000032384	CSNK1G1	one2one	NA		22.9
Csnk1g2	ENSMUSG00000003345	CSNK1G2	one2one	NA		22.9
Csnk1g3	ENSMUSG00000073563	CSNK1G3	one2one	NA		22.9
Csnk2a1	ENSMUSG00000074698	CSNK2A1	one2one	NA		22.9
Csnk2a2	ENSMUSG00000046707	CSNK2A2	one2one	NA		22.9
Csnk2b	ENSMUSG00000024387	CSNK2B	one2one	NA		22.9
Cspg5	ENSMUSG00000032482	CSPG5	one2one	NA		22.9
Cspp1	ENSMUSG00000056763	CSPP1	one2one	NA		22.9
Csrnp1	ENSMUSG00000032515	CSRNP1	one2one	NA		22.9
Csrnp2	ENSMUSG00000044636	CSRNP2	one2one	NA		22.9
Csrp1	ENSMUSG00000026421	CSRP1	one2one	NA		22.9
Csrp2	ENSMUSG00000020186	CSRP2	one2one	NA		22.9
Cst3	ENSMUSG00000027447	CST3	one2one	NA		22.9
Cst6	ENSMUSG00000024846	CST6	one2one	NA		22.9
Cst7	ENSMUSG00000068129	CST7	one2one	NA		22.9
Csta2	ENSMUSG00000095620	CSTA	many2one	NA		22.9
Cstb	ENSMUSG00000005054	CSTB	one2one	NA		22.9
Cstdc4	ENSMUSG00000079597	CSTA	many2one	NA		22.9
Cstf1	ENSMUSG00000027498	CSTF1	one2one	NA		22.9
Cstf2	ENSMUSG00000031256	CSTF2	one2one	NA		22.9
Cstf2t	ENSMUSG00000053536	CSTF2T	one2one	NA		22.9
Cstf3	ENSMUSG00000027176	CSTF3	one2one	NA		22.9
Ctbp1	ENSMUSG00000037373	CTBP1	one2one	NA		22.9
Ctbp2	ENSMUSG00000030970	CTBP2	one2one	NA		22.9
Ctbs	ENSMUSG00000028189	CTBS	one2one	NA		22.9
Ctc1	ENSMUSG00000020898	CTC1	one2one	NA		22.9
Ctcf	ENSMUSG00000005698	CTCF	one2one	NA		22.9
Ctcfl	ENSMUSG00000070495	CTCFL	one2one	NA		22.9
Ctdnep1	ENSMUSG00000018559	CTDNEP1	one2one	NA		22.9
Ctdp1	ENSMUSG00000033323	CTDP1	one2one	NA		22.9
Ctdsp1	ENSMUSG00000026176	CTDSP1	one2one	NA		22.9
Ctdsp2	ENSMUSG00000078429	CTDSP2	one2one	NA		22.9
Ctdspl	ENSMUSG00000047409	CTDSPL	one2one	NA		22.9
Ctdspl2	ENSMUSG00000033411	CTDSPL2	one2one	NA		22.9
Ctf1	ENSMUSG00000042340	CTF1	one2one	NA		22.9
Cth	ENSMUSG00000028179	CTH	one2one	NA		22.9
Ctif	ENSMUSG00000052928	CTIF	one2one	NA		22.9
Ctla4	ENSMUSG00000026011	CTLA4	one2one	NA		22.9
Ctnna1	ENSMUSG00000037815	CTNNA1	one2one	NA		22.9
Ctnnal1	ENSMUSG00000038816	CTNNAL1	one2one	NA		22.9
Ctnnb1	ENSMUSG00000006932	CTNNB1	one2one	NA		22.9
Ctnnbip1	ENSMUSG00000028988	CTNNBIP1	one2one	NA		22.9
Ctnnbl1	ENSMUSG00000027649	CTNNBL1	one2one	NA		22.9
Ctnnd1	ENSMUSG00000034101	CTNND1	one2one	NA		22.9
Ctns	ENSMUSG00000005949	CTNS	one2one	NA		22.9
Ctps	ENSMUSG00000028633	CTPS1	one2one	NA		22.9
Ctps2	ENSMUSG00000031360	CTPS2	one2one	NA		22.9
Ctr9	ENSMUSG00000005609	CTR9	one2one	NA		22.9
Ctrl	ENSMUSG00000031896	CTRL	one2one	NA		22.9
Ctsa	ENSMUSG00000017760	CTSA	one2one	NA		22.9
Ctsb	ENSMUSG00000021939	CTSB	one2one	NA		22.9
Ctsc	ENSMUSG00000030560	CTSC	one2one	NA		22.9
Ctsd	ENSMUSG00000007891	CTSD	one2one	NA		22.9
Ctse	ENSMUSG00000004552	CTSE	one2one	NA		22.9
Ctsf	ENSMUSG00000083282	CTSF	one2one	NA		22.9
Ctsh	ENSMUSG00000032359	CTSH	one2one	NA		22.9
Ctsk	ENSMUSG00000028111	CTSK	one2one	NA		22.9
Ctsl	ENSMUSG00000021477	CTSV	one2one	NA		22.9
Ctso	ENSMUSG00000028015	CTSO	one2one	NA		22.9
Ctss	ENSMUSG00000038642	CTSS	one2one	NA		22.9
Ctsw	ENSMUSG00000024910	CTSW	one2one	NA		22.9
Ctsz	ENSMUSG00000016256	CTSZ	one2one	NA		22.9
Cttn	ENSMUSG00000031078	CTTN	one2one	NA		22.9
Cttnbp2	ENSMUSG00000000416	CTTNBP2	one2one	NA		22.9
Cttnbp2nl	ENSMUSG00000062127	CTTNBP2NL	one2one	NA		22.9
Ctu1	ENSMUSG00000038888	CTU1	one2one	NA		22.9
Ctu2	ENSMUSG00000049482	CTU2	one2one	NA		22.9
Ctxn1	ENSMUSG00000048644	CTXN1	one2one	NA		22.9
Cubn	ENSMUSG00000026726	CUBN	one2one	NA		22.9
Cuedc1	ENSMUSG00000018378	CUEDC1	one2one	NA		22.9
Cuedc2	ENSMUSG00000036748	CUEDC2	one2one	NA		22.9
Cul1	ENSMUSG00000029686	CUL1	one2one	NA		22.9
Cul2	ENSMUSG00000024231	CUL2	one2one	NA		22.9
Cul3	ENSMUSG00000004364	CUL3	one2one	NA		22.9
Cul4a	ENSMUSG00000031446	CUL4A	one2one	NA		22.9
Cul4b	ENSMUSG00000031095	CUL4B	one2one	NA		22.9
Cul5	ENSMUSG00000032030	CUL5	one2one	NA		22.9
Cul7	ENSMUSG00000038545	CUL7	one2one	NA		22.9
Cul9	ENSMUSG00000040327	CUL9	one2one	NA		22.9
Cuta	ENSMUSG00000024194	CUTA	one2one	NA		22.9
Cutc	ENSMUSG00000025193	CUTC	one2one	NA		22.9
Cux1	ENSMUSG00000029705	CUX1	one2one	NA		22.9
Cux2	ENSMUSG00000042589	CUX2	one2one	NA		22.9
Cuzd1	ENSMUSG00000040205	CUZD1	one2one	NA		22.9
Cwc15	ENSMUSG00000004096	CWC15	one2one	NA		22.9
Cwc22	ENSMUSG00000027014	CWC22	one2one	NA		22.9
Cwc25	ENSMUSG00000018541	CWC25	one2one	NA		22.9
Cwc27	ENSMUSG00000021715	CWC27	one2one	NA		22.9
Cwf19l1	ENSMUSG00000025200	CWF19L1	one2one	NA		22.9
Cwf19l2	ENSMUSG00000025898	CWF19L2	one2one	NA		22.9
Cwh43	ENSMUSG00000029154	CWH43	one2one	NA		22.9
Cx3cl1	ENSMUSG00000031778	CX3CL1	one2one	NA		22.9
Cx3cr1	ENSMUSG00000052336	CX3CR1	one2one	NA		22.9
Cxadr	ENSMUSG00000022865	CXADR	one2one	NA		22.9
Cxcl10	ENSMUSG00000034855	CXCL10	one2one	NA		22.9
Cxcl11	ENSMUSG00000060183	CXCL11	one2one	NA		22.9
Cxcl13	ENSMUSG00000023078	CXCL13	one2one	NA		22.9
Cxcl14	ENSMUSG00000021508	CXCL14	one2one	NA		22.9
Cxcl16	ENSMUSG00000018920	CXCL16	one2one	NA		22.9
Cxcl2	ENSMUSG00000058427	CXCL2	one2many	NA		22.9
Cxcl2	ENSMUSG00000058427	CXCL3	one2many	NA		22.9
Cxcl3	ENSMUSG00000029379	CXCL1	one2one	NA		22.9
Cxcl9	ENSMUSG00000029417	CXCL9	one2one	NA		22.9
Cxcr1	ENSMUSG00000048480	CXCR1	one2one	NA		22.9
Cxcr2	ENSMUSG00000026180	CXCR2	one2one	NA		22.9
Cxcr3	ENSMUSG00000050232	CXCR3	one2one	NA		22.9
Cxcr4	ENSMUSG00000045382	CXCR4	one2one	NA		22.9
Cxcr5	ENSMUSG00000047880	CXCR5	one2one	NA		22.9
Cxcr6	ENSMUSG00000048521	CXCR6	one2one	NA		22.9
Cxxc1	ENSMUSG00000024560	CXXC1	one2one	NA		22.9
Cxxc5	ENSMUSG00000046668	CXXC5	one2one	NA		22.9
Cyb561	ENSMUSG00000019590	CYB561	one2one	NA		22.9
Cyb561a3	ENSMUSG00000034445	CYB561A3	one2one	NA		22.9
Cyb561d1	ENSMUSG00000048796	CYB561D1	one2one	NA		22.9
Cyb561d2	ENSMUSG00000037190	CYB561D2	one2one	NA		22.9
Cyb5a	ENSMUSG00000024646	CYB5A	one2one	NA		22.9
Cyb5b	ENSMUSG00000031924	CYB5B	one2one	NA		22.9
Cyb5d1	ENSMUSG00000044795	CYB5D1	one2one	NA		22.9
Cyb5d2	ENSMUSG00000057778	CYB5D2	one2one	NA		22.9
Cyb5r1	ENSMUSG00000026456	CYB5R1	one2one	NA		22.9
Cyb5r3	ENSMUSG00000018042	CYB5R3	one2one	NA		22.9
Cyb5r4	ENSMUSG00000032872	CYB5R4	one2one	NA		22.9
Cyb5rl	ENSMUSG00000028621	CYB5RL	one2one	NA		22.9
Cyba	ENSMUSG00000006519	CYBA	one2one	NA		22.9
Cybb	ENSMUSG00000015340	CYBB	one2one	NA		22.9
Cybc1	ENSMUSG00000039294	CYBC1	one2one	NA		22.9
Cybrd1	ENSMUSG00000027015	CYBRD1	one2one	NA		22.9
Cyc1	ENSMUSG00000022551	CYC1	one2one	NA		22.9
Cycs	ENSMUSG00000063694	CYCS	many2one	NA		22.9
Cyfip1	ENSMUSG00000030447	CYFIP1	one2one	NA		22.9
Cyfip2	ENSMUSG00000020340	CYFIP2	one2one	NA		22.9
Cyhr1	ENSMUSG00000053929	ZFTRAF1	one2one	NA		22.9
Cyld	ENSMUSG00000036712	CYLD	one2one	NA		22.9
Cyp11a1	ENSMUSG00000032323	CYP11A1	one2one	NA		22.9
Cyp1a1	ENSMUSG00000032315	CYP1A1	one2one	NA		22.9
Cyp1b1	ENSMUSG00000024087	CYP1B1	one2one	NA		22.9
Cyp20a1	ENSMUSG00000049439	CYP20A1	one2one	NA		22.9
Cyp26a1	ENSMUSG00000024987	CYP26A1	one2one	NA		22.9
Cyp26b1	ENSMUSG00000063415	CYP26B1	one2one	NA		22.9
Cyp26c1	ENSMUSG00000062432	CYP26C1	one2one	NA		22.9
Cyp27b1	ENSMUSG00000006724	CYP27B1	one2one	NA		22.9
Cyp2d22	ENSMUSG00000061740	CYP2D6	one2one	NA		22.9
Cyp2r1	ENSMUSG00000030670	CYP2R1	one2one	NA		22.9
Cyp2s1	ENSMUSG00000040703	CYP2S1	one2one	NA		22.9
Cyp2u1	ENSMUSG00000027983	CYP2U1	one2one	NA		22.9
Cyp39a1	ENSMUSG00000023963	CYP39A1	one2one	NA		22.9
Cyp3a13	ENSMUSG00000029727	CYP3A7	one2one	NA		22.9
Cyp4f13	ENSMUSG00000024055	CYP4F3	many2one	NA		22.9
Cyp4f16	ENSMUSG00000048440	CYP4F8	many2one	NA		22.9
Cyp4f17	ENSMUSG00000091586	CYP4F3	one2many	NA		22.9
Cyp4f17	ENSMUSG00000091586	CYP4F8	one2many	NA		22.9
Cyp4f18	ENSMUSG00000003484	CYP4F3	many2one	NA		22.9
Cyp4f39	ENSMUSG00000061126	CYP4F22	one2one	NA		22.9
Cyp4v3	ENSMUSG00000079057	CYP4V2	one2one	NA		22.9
Cyp51	ENSMUSG00000001467	CYP51A1	one2one	NA		22.9
Cyren	ENSMUSG00000046806	CYREN	one2one	NA		22.9
Cysltr1	ENSMUSG00000052821	CYSLTR1	one2one	NA		22.9
Cysltr2	ENSMUSG00000033470	CYSLTR2	one2one	NA		22.9
Cysrt1	ENSMUSG00000036731	CYSRT1	one2one	NA		22.9
Cystm1	ENSMUSG00000046727	CYSTM1	one2one	NA		22.9
Cyth1	ENSMUSG00000017132	CYTH1	one2one	NA		22.9
Cyth2	ENSMUSG00000003269	CYTH2	one2one	NA		22.9
Cyth3	ENSMUSG00000018001	CYTH3	one2one	NA		22.9
Cyth4	ENSMUSG00000018008	CYTH4	one2one	NA		22.9
Cytip	ENSMUSG00000026832	CYTIP	one2one	NA		22.9
Czib	ENSMUSG00000028608	CZIB	one2one	NA		22.9
D030056L22Rik	ENSMUSG00000047044	C9orf40	one2one	NA		22.9
D10Wsu102e	ENSMUSG00000020255	NOPCHAP1	one2one	Nopchap1	org.Mm.eg.db	22.9
D11Wsu47e	ENSMUSG00000041623	C17orf80	one2one	NA		22.9
D130043K22Rik	ENSMUSG00000006711	KIAA0319	one2one	NA		22.9
D130058E05Rik	ENSMUSG00000034486	GBX2	one2one	Gbx2	org.Mm.eg.db	22.9
D16Ertd472e	ENSMUSG00000022864	C21orf91	one2one	NA		22.9
D17H6S53E	ENSMUSG00000043311	C6orf47	one2one	NA		22.9
D1Ertd622e	ENSMUSG00000044768	MACIR	one2one	Macir	org.Mm.eg.db	22.9
D230025D16Rik	ENSMUSG00000031889	PHAF1	one2one	Phaf1	org.Mm.eg.db	22.9
D2hgdh	ENSMUSG00000073609	D2HGDH	one2one	NA		22.9
D3Ertd751e	ENSMUSG00000025766	C4orf33	one2one	NA		22.9
D430019H16Rik	ENSMUSG00000094910	C14orf132	one2one	NA		22.9
D430042O09Rik	ENSMUSG00000032743	KATNIP	one2one	Katnip	org.Mm.eg.db	22.9
D5Ertd579e	ENSMUSG00000029190	KIAA0232	one2one	NA		22.9
D630023F18Rik	ENSMUSG00000044816	C2orf80	one2one	NA		22.9
D630039A03Rik	ENSMUSG00000052117	C9orf152	one2one	NA		22.9
D630045J12Rik	ENSMUSG00000063455	KIAA1549	one2one	NA		22.9
D6Wsu163e	ENSMUSG00000030347	C12orf4	one2one	NA		22.9
D8Ertd738e	ENSMUSG00000019362	C19orf53	one2one	NA		22.9
D930020B18Rik	ENSMUSG00000047642	C12orf56	one2one	NA		22.9
Daam1	ENSMUSG00000034574	DAAM1	one2one	NA		22.9
Daam2	ENSMUSG00000040260	DAAM2	one2one	NA		22.9
Dab2	ENSMUSG00000022150	DAB2	one2one	NA		22.9
Dab2ip	ENSMUSG00000026883	DAB2IP	one2one	NA		22.9
Dach2	ENSMUSG00000025592	DACH2	one2one	NA		22.9
Dact1	ENSMUSG00000044548	DACT1	one2one	NA		22.9
Dact3	ENSMUSG00000078794	DACT3	one2one	NA		22.9
Dad1	ENSMUSG00000022174	DAD1	one2one	NA		22.9
Dag1	ENSMUSG00000039952	DAG1	one2one	NA		22.9
Dagla	ENSMUSG00000035735	DAGLA	one2one	NA		22.9
Daglb	ENSMUSG00000039206	DAGLB	one2one	NA		22.9
Dalrd3	ENSMUSG00000019039	DALRD3	one2one	NA		22.9
Dand5	ENSMUSG00000053226	DAND5	one2one	NA		22.9
Dap	ENSMUSG00000039168	DAP	one2one	NA		22.9
Dap3	ENSMUSG00000068921	DAP3	one2one	NA		22.9
Dapk1	ENSMUSG00000021559	DAPK1	one2one	NA		22.9
Dapk2	ENSMUSG00000032380	DAPK2	one2one	NA		22.9
Dapk3	ENSMUSG00000034974	DAPK3	one2one	NA		22.9
Dapl1	ENSMUSG00000026989	DAPL1	one2one	NA		22.9
Dapp1	ENSMUSG00000028159	DAPP1	one2one	NA		22.9
Dars	ENSMUSG00000026356	DARS1	one2one	NA		22.9
Dars2	ENSMUSG00000026709	DARS2	one2one	NA		22.9
Daw1	ENSMUSG00000053161	DAW1	one2one	NA		22.9
Daxx	ENSMUSG00000002307	DAXX	one2one	NA		22.9
Dazap1	ENSMUSG00000069565	DAZAP1	one2one	NA		22.9
Dazap2	ENSMUSG00000000346	DAZAP2	one2one	NA		22.9
Dazl	ENSMUSG00000010592	DAZL	one2one	NA		22.9
Dbf4	ENSMUSG00000002297	DBF4	one2one	NA		22.9
Dbi	ENSMUSG00000026385	DBI	one2one	NA		22.9
Dbn1	ENSMUSG00000034675	DBN1	one2one	NA		22.9
Dbndd1	ENSMUSG00000031970	DBNDD1	one2one	NA		22.9
Dbndd2	ENSMUSG00000017734	DBNDD2	one2one	NA		22.9
Dbnl	ENSMUSG00000020476	DBNL	one2one	NA		22.9
Dbp	ENSMUSG00000059824	DBP	one2one	NA		22.9
Dbr1	ENSMUSG00000032469	DBR1	one2one	NA		22.9
Dbt	ENSMUSG00000000340	DBT	one2one	NA		22.9
Dcaf1	ENSMUSG00000040325	DCAF1	one2one	NA		22.9
Dcaf10	ENSMUSG00000035572	DCAF10	one2one	NA		22.9
Dcaf11	ENSMUSG00000022214	DCAF11	one2one	NA		22.9
Dcaf12	ENSMUSG00000028436	DCAF12	one2one	NA		22.9
Dcaf13	ENSMUSG00000022300	DCAF13	one2one	NA		22.9
Dcaf15	ENSMUSG00000037103	DCAF15	one2one	NA		22.9
Dcaf17	ENSMUSG00000041966	DCAF17	one2one	NA		22.9
Dcaf4	ENSMUSG00000021222	DCAF4	one2one	NA		22.9
Dcaf5	ENSMUSG00000049106	DCAF5	one2one	NA		22.9
Dcaf6	ENSMUSG00000026571	DCAF6	one2one	NA		22.9
Dcaf7	ENSMUSG00000049354	DCAF7	one2one	NA		22.9
Dcaf8	ENSMUSG00000026554	DCAF8	one2one	NA		22.9
Dcakd	ENSMUSG00000020935	DCAKD	one2one	NA		22.9
Dcbld1	ENSMUSG00000019891	DCBLD1	one2one	NA		22.9
Dcbld2	ENSMUSG00000035107	DCBLD2	one2one	NA		22.9
Dcdc2a	ENSMUSG00000035910	DCDC2	one2one	NA		22.9
Dcdc2b	ENSMUSG00000078552	DCDC2B	one2one	NA		22.9
Dck	ENSMUSG00000029366	DCK	one2one	NA		22.9
Dclk1	ENSMUSG00000027797	DCLK1	one2one	NA		22.9
Dclk2	ENSMUSG00000028078	DCLK2	one2one	NA		22.9
Dclre1a	ENSMUSG00000025077	DCLRE1A	one2one	NA		22.9
Dclre1b	ENSMUSG00000027845	DCLRE1B	one2one	NA		22.9
Dclre1c	ENSMUSG00000026648	DCLRE1C	one2one	NA		22.9
Dcn	ENSMUSG00000019929	DCN	one2one	NA		22.9
Dcp1a	ENSMUSG00000021962	DCP1A	one2one	NA		22.9
Dcp1b	ENSMUSG00000041477	DCP1B	one2one	NA		22.9
Dcp2	ENSMUSG00000024472	DCP2	one2one	NA		22.9
Dcps	ENSMUSG00000032040	DCPS	one2one	NA		22.9
Dcst1	ENSMUSG00000042672	DCST1	one2one	NA		22.9
Dcst2	ENSMUSG00000109293	DCST2	one2one	NA		22.9
Dctd	ENSMUSG00000031562	DCTD	one2one	NA		22.9
Dctn1	ENSMUSG00000031865	DCTN1	one2one	NA		22.9
Dctn2	ENSMUSG00000025410	DCTN2	one2one	NA		22.9
Dctn3	ENSMUSG00000028447	DCTN3	one2one	NA		22.9
Dctn4	ENSMUSG00000024603	DCTN4	one2one	NA		22.9
Dctn5	ENSMUSG00000030868	DCTN5	one2one	NA		22.9
Dctn6	ENSMUSG00000031516	DCTN6	one2one	NA		22.9
Dctpp1	ENSMUSG00000042462	DCTPP1	one2one	NA		22.9
Dcun1d1	ENSMUSG00000027708	DCUN1D1	many2one	NA		22.9
Dcun1d2	ENSMUSG00000038506	DCUN1D2	one2one	NA		22.9
Dcun1d3	ENSMUSG00000048787	DCUN1D3	one2one	NA		22.9
Dcun1d4	ENSMUSG00000051674	DCUN1D4	one2one	NA		22.9
Dcun1d5	ENSMUSG00000032002	DCUN1D5	one2one	NA		22.9
Dcxr	ENSMUSG00000039450	DCXR	one2one	NA		22.9
Dda1	ENSMUSG00000074247	DDA1	one2one	NA		22.9
Ddah2	ENSMUSG00000007039	DDAH2	one2one	NA		22.9
Ddb1	ENSMUSG00000024740	DDB1	one2one	NA		22.9
Ddb2	ENSMUSG00000002109	DDB2	one2one	NA		22.9
Ddc	ENSMUSG00000020182	DDC	one2one	NA		22.9
Ddhd1	ENSMUSG00000037697	DDHD1	one2one	NA		22.9
Ddhd2	ENSMUSG00000061313	DDHD2	one2one	NA		22.9
Ddi2	ENSMUSG00000078515	DDI2	one2one	NA		22.9
Ddias	ENSMUSG00000030641	DDIAS	one2one	NA		22.9
Ddit3	ENSMUSG00000025408	DDIT3	one2one	NA		22.9
Ddit4	ENSMUSG00000020108	DDIT4	one2one	NA		22.9
Ddit4l	ENSMUSG00000046818	DDIT4L	one2one	NA		22.9
Ddn	ENSMUSG00000059213	DDN	one2one	NA		22.9
Ddost	ENSMUSG00000028757	DDOST	one2one	NA		22.9
Ddr1	ENSMUSG00000003534	DDR1	one2one	NA		22.9
Ddr2	ENSMUSG00000026674	DDR2	one2one	NA		22.9
Ddrgk1	ENSMUSG00000068290	DDRGK1	one2one	NA		22.9
Ddt	ENSMUSG00000001666	DDT	one2many	NA		22.9
Ddt	ENSMUSG00000001666	DDTL	one2many	NA		22.9
Ddx1	ENSMUSG00000037149	DDX1	one2one	NA		22.9
Ddx10	ENSMUSG00000053289	DDX10	one2one	NA		22.9
Ddx11	ENSMUSG00000035842	DDX11	one2one	NA		22.9
Ddx17	ENSMUSG00000055065	DDX17	one2one	NA		22.9
Ddx18	ENSMUSG00000001674	DDX18	one2one	NA		22.9
Ddx19a	ENSMUSG00000015023	DDX19A	one2one	NA		22.9
Ddx19b	ENSMUSG00000033658	DDX19B	one2one	NA		22.9
Ddx20	ENSMUSG00000027905	DDX20	one2one	NA		22.9
Ddx21	ENSMUSG00000020075	DDX21	one2one	NA		22.9
Ddx23	ENSMUSG00000003360	DDX23	one2one	NA		22.9
Ddx24	ENSMUSG00000041645	DDX24	one2one	NA		22.9
Ddx25	ENSMUSG00000032101	DDX25	one2one	NA		22.9
Ddx27	ENSMUSG00000017999	DDX27	one2one	NA		22.9
Ddx28	ENSMUSG00000045538	DDX28	one2one	NA		22.9
Ddx31	ENSMUSG00000026806	DDX31	one2one	NA		22.9
Ddx39	ENSMUSG00000005481	DDX39A	one2one	Ddx39a	org.Mm.eg.db	22.9
Ddx39b	ENSMUSG00000019432	DDX39B	one2one	NA		22.9
Ddx3x	ENSMUSG00000000787	DDX3X	one2one	NA		22.9
Ddx3y	ENSMUSG00000069045	DDX3Y	one2one	NA		22.9
Ddx4	ENSMUSG00000021758	DDX4	one2one	NA		22.9
Ddx41	ENSMUSG00000021494	DDX41	one2one	NA		22.9
Ddx42	ENSMUSG00000020705	DDX42	one2one	NA		22.9
Ddx43	ENSMUSG00000070291	DDX43	one2one	NA		22.9
Ddx46	ENSMUSG00000021500	DDX46	one2one	NA		22.9
Ddx47	ENSMUSG00000030204	DDX47	one2one	NA		22.9
Ddx49	ENSMUSG00000057788	DDX49	one2one	NA		22.9
Ddx5	ENSMUSG00000020719	DDX5	one2one	NA		22.9
Ddx50	ENSMUSG00000020076	DDX50	one2one	NA		22.9
Ddx51	ENSMUSG00000029504	DDX51	one2one	NA		22.9
Ddx52	ENSMUSG00000020677	DDX52	one2one	NA		22.9
Ddx54	ENSMUSG00000029599	DDX54	one2one	NA		22.9
Ddx55	ENSMUSG00000029389	DDX55	one2one	NA		22.9
Ddx56	ENSMUSG00000004393	DDX56	one2one	NA		22.9
Ddx58	ENSMUSG00000040296	RIGI	one2one	Rigi	org.Mm.eg.db	22.9
Ddx59	ENSMUSG00000026404	DDX59	one2one	NA		22.9
Ddx6	ENSMUSG00000032097	DDX6	one2one	NA		22.9
Ddx60	ENSMUSG00000037921	DDX60	one2one	NA		22.9
Deaf1	ENSMUSG00000058886	DEAF1	one2one	NA		22.9
Decr1	ENSMUSG00000028223	DECR1	one2one	NA		22.9
Decr2	ENSMUSG00000036775	DECR2	one2one	NA		22.9
Dedd	ENSMUSG00000013973	DEDD	one2one	NA		22.9
Dedd2	ENSMUSG00000054499	DEDD2	one2one	NA		22.9
Def6	ENSMUSG00000002257	DEF6	one2one	NA		22.9
Def8	ENSMUSG00000001482	DEF8	one2one	NA		22.9
Degs1	ENSMUSG00000038633	DEGS1	one2one	NA		22.9
Degs2	ENSMUSG00000021263	DEGS2	one2one	NA		22.9
Dek	ENSMUSG00000021377	DEK	one2one	NA		22.9
Dele1	ENSMUSG00000024442	DELE1	one2one	NA		22.9
Denn2b	ENSMUSG00000031024	DENND2B	one2one	NA		22.9
Dennd11	ENSMUSG00000037172	DENND11	one2one	NA		22.9
Dennd1a	ENSMUSG00000035392	DENND1A	one2one	NA		22.9
Dennd1b	ENSMUSG00000056268	DENND1B	one2one	NA		22.9
Dennd1c	ENSMUSG00000002668	DENND1C	one2one	NA		22.9
Dennd2a	ENSMUSG00000038456	DENND2A	one2one	NA		22.9
Dennd2c	ENSMUSG00000007379	DENND2C	one2one	NA		22.9
Dennd2d	ENSMUSG00000027901	DENND2D	one2one	NA		22.9
Dennd3	ENSMUSG00000036661	DENND3	one2one	NA		22.9
Dennd4a	ENSMUSG00000053641	DENND4A	one2one	NA		22.9
Dennd4b	ENSMUSG00000042404	DENND4B	one2one	NA		22.9
Dennd4c	ENSMUSG00000038024	DENND4C	one2one	NA		22.9
Dennd5a	ENSMUSG00000035901	DENND5A	one2one	NA		22.9
Dennd5b	ENSMUSG00000030313	DENND5B	one2one	NA		22.9
Dennd6a	ENSMUSG00000040818	DENND6A	one2one	NA		22.9
Dennd6b	ENSMUSG00000015377	DENND6B	one2one	NA		22.9
Denr	ENSMUSG00000023106	DENR	one2one	NA		22.9
Depdc1a	ENSMUSG00000028175	DEPDC1	one2one	NA		22.9
Depdc1b	ENSMUSG00000021697	DEPDC1B	one2one	NA		22.9
Depdc5	ENSMUSG00000037426	DEPDC5	one2one	NA		22.9
Depdc7	ENSMUSG00000027173	DEPDC7	one2one	NA		22.9
Deptor	ENSMUSG00000022419	DEPTOR	one2one	NA		22.9
Dera	ENSMUSG00000030225	DERA	one2one	NA		22.9
Derl1	ENSMUSG00000022365	DERL1	one2one	NA		22.9
Derl2	ENSMUSG00000018442	DERL2	one2one	NA		22.9
Derl3	ENSMUSG00000009092	DERL3	one2one	NA		22.9
Desi1	ENSMUSG00000022472	DESI1	one2one	NA		22.9
Desi2	ENSMUSG00000026502	DESI2	one2one	NA		22.9
Det1	ENSMUSG00000030610	DET1	one2one	NA		22.9
Dexi	ENSMUSG00000038055	DEXI	one2one	NA		22.9
Dffa	ENSMUSG00000028974	DFFA	one2one	NA		22.9
Dffb	ENSMUSG00000029027	DFFB	one2one	NA		22.9
Dgat1	ENSMUSG00000022555	DGAT1	one2one	NA		22.9
Dgat2	ENSMUSG00000030747	DGAT2	one2one	NA		22.9
Dgcr2	ENSMUSG00000003166	DGCR2	many2one	NA		22.9
Dgcr6	ENSMUSG00000003531	DGCR6L	one2one	NA		22.9
Dgcr8	ENSMUSG00000022718	DGCR8	one2one	NA		22.9
Dgka	ENSMUSG00000025357	DGKA	one2one	NA		22.9
Dgkd	ENSMUSG00000070738	DGKD	one2one	NA		22.9
Dgke	ENSMUSG00000000276	DGKE	one2one	NA		22.9
Dgkg	ENSMUSG00000022861	DGKG	one2one	NA		22.9
Dgkh	ENSMUSG00000034731	DGKH	one2one	NA		22.9
Dgki	ENSMUSG00000038665	DGKI	one2one	NA		22.9
Dgkk	ENSMUSG00000062393	DGKK	one2one	NA		22.9
Dgkq	ENSMUSG00000004815	DGKQ	one2one	NA		22.9
Dgkz	ENSMUSG00000040479	DGKZ	one2one	NA		22.9
Dglucy	ENSMUSG00000021185	DGLUCY	one2one	NA		22.9
Dguok	ENSMUSG00000014554	DGUOK	one2one	NA		22.9
Dhcr24	ENSMUSG00000034926	DHCR24	one2one	NA		22.9
Dhcr7	ENSMUSG00000058454	DHCR7	one2one	NA		22.9
Dhdds	ENSMUSG00000012117	DHDDS	one2one	NA		22.9
Dhdh	ENSMUSG00000011382	DHDH	one2one	NA		22.9
Dhfr	ENSMUSG00000021707	DHFR	one2one	NA		22.9
Dhh	ENSMUSG00000023000	DHH	one2one	NA		22.9
Dhodh	ENSMUSG00000031730	DHODH	one2one	NA		22.9
Dhps	ENSMUSG00000060038	DHPS	one2one	NA		22.9
Dhrs1	ENSMUSG00000002332	DHRS1	one2one	NA		22.9
Dhrs11	ENSMUSG00000034449	DHRS11	one2one	NA		22.9
Dhrs13	ENSMUSG00000020834	DHRS13	one2one	NA		22.9
Dhrs3	ENSMUSG00000066026	DHRS3	one2one	NA		22.9
Dhrs4	ENSMUSG00000022210	DHRS4	one2one	NA		22.9
Dhrs7	ENSMUSG00000021094	DHRS7	one2one	NA		22.9
Dhrs7b	ENSMUSG00000042569	DHRS7B	one2one	NA		22.9
Dhrs7c	ENSMUSG00000033044	DHRS7C	one2one	NA		22.9
Dhrs9	ENSMUSG00000027068	DHRS9	one2one	NA		22.9
Dhtkd1	ENSMUSG00000025815	DHTKD1	one2one	NA		22.9
Dhx15	ENSMUSG00000029169	DHX15	one2one	NA		22.9
Dhx16	ENSMUSG00000024422	DHX16	one2one	NA		22.9
Dhx29	ENSMUSG00000042426	DHX29	one2one	NA		22.9
Dhx30	ENSMUSG00000032480	DHX30	one2one	NA		22.9
Dhx32	ENSMUSG00000030986	DHX32	one2one	NA		22.9
Dhx33	ENSMUSG00000040620	DHX33	one2one	NA		22.9
Dhx34	ENSMUSG00000006019	DHX34	one2one	NA		22.9
Dhx35	ENSMUSG00000027655	DHX35	one2one	NA		22.9
Dhx36	ENSMUSG00000027770	DHX36	one2one	NA		22.9
Dhx37	ENSMUSG00000029480	DHX37	one2one	NA		22.9
Dhx38	ENSMUSG00000037993	DHX38	one2one	NA		22.9
Dhx40	ENSMUSG00000018425	DHX40	one2one	NA		22.9
Dhx57	ENSMUSG00000035051	DHX57	one2one	NA		22.9
Dhx58	ENSMUSG00000017830	DHX58	one2one	NA		22.9
Dhx8	ENSMUSG00000034931	DHX8	one2one	NA		22.9
Dhx9	ENSMUSG00000042699	DHX9	one2one	NA		22.9
Diablo	ENSMUSG00000029433	DIABLO	one2one	NA		22.9
Diaph1	ENSMUSG00000024456	DIAPH1	one2one	NA		22.9
Diaph2	ENSMUSG00000034480	DIAPH2	one2one	NA		22.9
Diaph3	ENSMUSG00000022021	DIAPH3	one2one	NA		22.9
Dicer1	ENSMUSG00000041415	DICER1	one2one	NA		22.9
Dido1	ENSMUSG00000038914	DIDO1	one2one	NA		22.9
Dimt1	ENSMUSG00000021692	DIMT1	one2one	NA		22.9
Dio2	ENSMUSG00000007682	DIO2	one2one	NA		22.9
Dio3	ENSMUSG00000075707	DIO3	one2one	NA		22.9
Dip2a	ENSMUSG00000020231	DIP2A	one2one	NA		22.9
Dip2b	ENSMUSG00000023026	DIP2B	one2one	NA		22.9
Dip2c	ENSMUSG00000048264	DIP2C	one2one	NA		22.9
Dipk1a	ENSMUSG00000029270	DIPK1A	one2one	NA		22.9
Dipk1b	ENSMUSG00000036186	DIPK1B	one2one	NA		22.9
Dipk2a	ENSMUSG00000045414	DIPK2A	one2one	NA		22.9
Diras2	ENSMUSG00000047842	DIRAS2	one2one	NA		22.9
Dis3	ENSMUSG00000033166	DIS3	one2one	NA		22.9
Dis3l	ENSMUSG00000032396	DIS3L	one2one	NA		22.9
Dis3l2	ENSMUSG00000053333	DIS3L2	one2one	NA		22.9
Disc1	ENSMUSG00000043051	DISC1	one2one	NA		22.9
Disp1	ENSMUSG00000030768	DISP1	one2one	NA		22.9
Dixdc1	ENSMUSG00000032064	DIXDC1	one2one	NA		22.9
Dkc1	ENSMUSG00000031403	DKC1	one2one	NA		22.9
Dkk3	ENSMUSG00000030772	DKK3	one2one	NA		22.9
Dkkl1	ENSMUSG00000030792	DKKL1	one2one	NA		22.9
Dlat	ENSMUSG00000000168	DLAT	one2one	NA		22.9
Dlc1	ENSMUSG00000031523	DLC1	one2one	NA		22.9
Dld	ENSMUSG00000020664	DLD	one2one	NA		22.9
Dleu7	ENSMUSG00000048281	DLEU7	one2one	NA		22.9
Dlg1	ENSMUSG00000022770	DLG1	one2one	NA		22.9
Dlg2	ENSMUSG00000052572	DLG2	one2one	NA		22.9
Dlg3	ENSMUSG00000000881	DLG3	one2one	NA		22.9
Dlg4	ENSMUSG00000020886	DLG4	one2one	NA		22.9
Dlg5	ENSMUSG00000021782	DLG5	one2one	NA		22.9
Dlgap3	ENSMUSG00000042388	DLGAP3	one2one	NA		22.9
Dlgap4	ENSMUSG00000061689	DLGAP4	one2one	NA		22.9
Dlgap5	ENSMUSG00000037544	DLGAP5	one2one	NA		22.9
Dlk1	ENSMUSG00000040856	DLK1	one2one	NA		22.9
Dlk2	ENSMUSG00000047428	DLK2	one2one	NA		22.9
Dll1	ENSMUSG00000014773	DLL1	one2one	NA		22.9
Dll4	ENSMUSG00000027314	DLL4	one2one	NA		22.9
Dlst	ENSMUSG00000004789	DLST	one2one	NA		22.9
Dmac1	ENSMUSG00000028398	DMAC1	one2one	NA		22.9
Dmac2	ENSMUSG00000057229	DMAC2	one2one	NA		22.9
Dmac2l	ENSMUSG00000054894	DMAC2L	one2one	NA		22.9
Dmap1	ENSMUSG00000009640	DMAP1	one2one	NA		22.9
Dmc1	ENSMUSG00000022429	DMC1	one2one	NA		22.9
Dmd	ENSMUSG00000045103	DMD	one2one	NA		22.9
Dmpk	ENSMUSG00000030409	DMPK	one2one	NA		22.9
Dmrt2	ENSMUSG00000048138	DMRT2	one2one	NA		22.9
Dmrta2	ENSMUSG00000047143	DMRTA2	one2one	NA		22.9
Dmtf1	ENSMUSG00000042508	DMTF1	one2one	NA		22.9
Dmtn	ENSMUSG00000022099	DMTN	one2one	NA		22.9
Dmwd	ENSMUSG00000030410	DMWD	one2one	NA		22.9
Dmxl1	ENSMUSG00000037416	DMXL1	one2one	NA		22.9
Dmxl2	ENSMUSG00000041268	DMXL2	one2one	NA		22.9
Dna2	ENSMUSG00000036875	DNA2	one2one	NA		22.9
Dnaaf2	ENSMUSG00000020973	DNAAF2	one2one	NA		22.9
Dnaaf3	ENSMUSG00000055809	DNAAF3	one2one	NA		22.9
Dnaaf4	ENSMUSG00000092192	DNAAF4	one2one	NA		22.9
Dnaaf5	ENSMUSG00000025857	DNAAF5	one2one	NA		22.9
Dnah1	ENSMUSG00000019027	DNAH1	one2one	NA		22.9
Dnah10	ENSMUSG00000038011	DNAH10	one2one	NA		22.9
Dnah11	ENSMUSG00000018581	DNAH11	one2one	NA		22.9
Dnah12	ENSMUSG00000021879	DNAH12	one2one	NA		22.9
Dnah14	ENSMUSG00000047369	DNAH14	one2one	NA		22.9
Dnah17	ENSMUSG00000033987	DNAH17	one2one	NA		22.9
Dnah2	ENSMUSG00000005237	DNAH2	one2one	NA		22.9
Dnah3	ENSMUSG00000052273	DNAH3	one2one	NA		22.9
Dnah7a	ENSMUSG00000096141	DNAH7	many2one	NA		22.9
Dnah7c	ENSMUSG00000101337	DNAH7	many2one	NA		22.9
Dnah8	ENSMUSG00000033826	DNAH8	one2one	NA		22.9
Dnah9	ENSMUSG00000056752	DNAH9	one2one	NA		22.9
Dnaja1	ENSMUSG00000028410	DNAJA1	one2one	NA		22.9
Dnaja2	ENSMUSG00000031701	DNAJA2	one2one	NA		22.9
Dnaja3	ENSMUSG00000004069	DNAJA3	one2one	NA		22.9
Dnaja4	ENSMUSG00000032285	DNAJA4	one2one	NA		22.9
Dnajb1	ENSMUSG00000005483	DNAJB1	one2one	NA		22.9
Dnajb11	ENSMUSG00000004460	DNAJB11	one2one	NA		22.9
Dnajb12	ENSMUSG00000020109	DNAJB12	one2one	NA		22.9
Dnajb13	ENSMUSG00000030708	DNAJB13	one2one	NA		22.9
Dnajb14	ENSMUSG00000074212	DNAJB14	one2one	NA		22.9
Dnajb2	ENSMUSG00000026203	DNAJB2	one2one	NA		22.9
Dnajb4	ENSMUSG00000028035	DNAJB4	one2one	NA		22.9
Dnajb5	ENSMUSG00000036052	DNAJB5	one2one	NA		22.9
Dnajb6	ENSMUSG00000029131	DNAJB6	one2one	NA		22.9
Dnajb7	ENSMUSG00000047108	DNAJB7	one2one	NA		22.9
Dnajb9	ENSMUSG00000014905	DNAJB9	one2one	NA		22.9
Dnajc1	ENSMUSG00000026740	DNAJC1	one2one	NA		22.9
Dnajc10	ENSMUSG00000027006	DNAJC10	one2one	NA		22.9
Dnajc11	ENSMUSG00000039768	DNAJC11	one2one	NA		22.9
Dnajc12	ENSMUSG00000036764	DNAJC12	one2one	NA		22.9
Dnajc13	ENSMUSG00000032560	DNAJC13	one2one	NA		22.9
Dnajc14	ENSMUSG00000025354	DNAJC14	one2one	NA		22.9
Dnajc15	ENSMUSG00000022013	DNAJC15	one2one	NA		22.9
Dnajc16	ENSMUSG00000040697	DNAJC16	one2one	NA		22.9
Dnajc17	ENSMUSG00000034278	DNAJC17	one2one	NA		22.9
Dnajc18	ENSMUSG00000024350	DNAJC18	one2one	NA		22.9
Dnajc19	ENSMUSG00000027679	DNAJC19	one2one	NA		22.9
Dnajc2	ENSMUSG00000029014	DNAJC2	one2one	NA		22.9
Dnajc21	ENSMUSG00000044224	DNAJC21	one2one	NA		22.9
Dnajc22	ENSMUSG00000038009	DNAJC22	one2one	NA		22.9
Dnajc24	ENSMUSG00000027166	DNAJC24	one2one	NA		22.9
Dnajc25	ENSMUSG00000070972	DNAJC25	one2one	NA		22.9
Dnajc27	ENSMUSG00000020657	DNAJC27	one2one	NA		22.9
Dnajc28	ENSMUSG00000039763	DNAJC28	one2one	NA		22.9
Dnajc3	ENSMUSG00000022136	DNAJC3	one2one	NA		22.9
Dnajc30	ENSMUSG00000061118	DNAJC30	one2one	NA		22.9
Dnajc4	ENSMUSG00000024963	DNAJC4	one2one	NA		22.9
Dnajc5	ENSMUSG00000000826	DNAJC5	one2one	NA		22.9
Dnajc5b	ENSMUSG00000027606	DNAJC5B	one2one	NA		22.9
Dnajc6	ENSMUSG00000028528	DNAJC6	one2one	NA		22.9
Dnajc7	ENSMUSG00000014195	DNAJC7	one2one	NA		22.9
Dnajc8	ENSMUSG00000054405	DNAJC8	one2one	NA		22.9
Dnajc9	ENSMUSG00000021811	DNAJC9	one2one	NA		22.9
Dnal1	ENSMUSG00000042523	DNAL1	one2one	NA		22.9
Dnal4	ENSMUSG00000022420	DNAL4	one2one	NA		22.9
Dnali1	ENSMUSG00000042707	DNALI1	one2one	NA		22.9
Dnase1	ENSMUSG00000005980	DNASE1	one2one	NA		22.9
Dnase1l1	ENSMUSG00000019088	DNASE1L1	one2one	NA		22.9
Dnase1l2	ENSMUSG00000024136	DNASE1L2	one2one	NA		22.9
Dnase1l3	ENSMUSG00000025279	DNASE1L3	one2one	NA		22.9
Dnase2a	ENSMUSG00000003812	DNASE2	one2one	NA		22.9
Dnd1	ENSMUSG00000044595	DND1	one2one	NA		22.9
Dnhd1	ENSMUSG00000030882	DNHD1	one2one	NA		22.9
Dnlz	ENSMUSG00000075467	DNLZ	one2one	NA		22.9
Dnm1	ENSMUSG00000026825	DNM1	one2one	NA		22.9
Dnm1l	ENSMUSG00000022789	DNM1L	one2one	NA		22.9
Dnm2	ENSMUSG00000033335	DNM2	one2one	NA		22.9
Dnm3	ENSMUSG00000040265	DNM3	one2one	NA		22.9
Dnmbp	ENSMUSG00000025195	DNMBP	one2one	NA		22.9
Dnmt1	ENSMUSG00000004099	DNMT1	one2one	NA		22.9
Dnmt3a	ENSMUSG00000020661	DNMT3A	one2one	NA		22.9
Dnmt3b	ENSMUSG00000027478	DNMT3B	one2one	NA		22.9
Dnpep	ENSMUSG00000026209	DNPEP	one2one	NA		22.9
Dnph1	ENSMUSG00000040658	DNPH1	one2one	NA		22.9
Dntt	ENSMUSG00000025014	DNTT	one2one	NA		22.9
Dnttip1	ENSMUSG00000017299	DNTTIP1	one2one	NA		22.9
Dnttip2	ENSMUSG00000039756	DNTTIP2	one2one	NA		22.9
Dock1	ENSMUSG00000058325	DOCK1	one2one	NA		22.9
Dock10	ENSMUSG00000038608	DOCK10	one2one	NA		22.9
Dock11	ENSMUSG00000031093	DOCK11	one2one	NA		22.9
Dock2	ENSMUSG00000020143	DOCK2	one2one	NA		22.9
Dock3	ENSMUSG00000039716	DOCK3	one2one	NA		22.9
Dock4	ENSMUSG00000035954	DOCK4	one2one	NA		22.9
Dock5	ENSMUSG00000044447	DOCK5	one2one	NA		22.9
Dock6	ENSMUSG00000032198	DOCK6	one2one	NA		22.9
Dock7	ENSMUSG00000028556	DOCK7	one2one	NA		22.9
Dock8	ENSMUSG00000052085	DOCK8	one2one	NA		22.9
Dock9	ENSMUSG00000025558	DOCK9	one2one	NA		22.9
Dohh	ENSMUSG00000078440	DOHH	one2one	NA		22.9
Dok1	ENSMUSG00000068335	DOK1	one2one	NA		22.9
Dok2	ENSMUSG00000022102	DOK2	one2one	NA		22.9
Dok3	ENSMUSG00000035711	DOK3	one2one	NA		22.9
Dok4	ENSMUSG00000040631	DOK4	one2one	NA		22.9
Dok6	ENSMUSG00000073514	DOK6	one2one	NA		22.9
Dok7	ENSMUSG00000044716	DOK7	one2one	NA		22.9
Dolk	ENSMUSG00000075419	DOLK	one2one	NA		22.9
Dolpp1	ENSMUSG00000026856	DOLPP1	one2one	NA		22.9
Donson	ENSMUSG00000022960	DONSON	one2one	NA		22.9
Dop1a	ENSMUSG00000034973	DOP1A	one2one	NA		22.9
Dop1b	ENSMUSG00000022946	DOP1B	one2one	NA		22.9
Dot1l	ENSMUSG00000061589	DOT1L	one2one	NA		22.9
Dpagt1	ENSMUSG00000032123	DPAGT1	one2one	NA		22.9
Dpep2	ENSMUSG00000115067	DPEP2	one2one	NA		22.9
Dpf1	ENSMUSG00000030584	DPF1	one2one	NA		22.9
Dpf2	ENSMUSG00000024826	DPF2	one2one	NA		22.9
Dpf3	ENSMUSG00000021221	DPF3	one2one	NA		22.9
Dph1	ENSMUSG00000078789	DPH1	one2one	NA		22.9
Dph2	ENSMUSG00000028540	DPH2	one2one	NA		22.9
Dph3	ENSMUSG00000021905	DPH3	one2one	NA		22.9
Dph5	ENSMUSG00000033554	DPH5	one2one	NA		22.9
Dph6	ENSMUSG00000057147	DPH6	one2one	NA		22.9
Dph7	ENSMUSG00000026975	DPH7	one2one	NA		22.9
Dpm1	ENSMUSG00000078919	DPM1	one2one	NA		22.9
Dpm2	ENSMUSG00000026810	DPM2	one2one	NA		22.9
Dpm3	ENSMUSG00000042737	DPM3	one2one	NA		22.9
Dpp3	ENSMUSG00000063904	DPP3	one2one	NA		22.9
Dpp4	ENSMUSG00000035000	DPP4	one2one	NA		22.9
Dpp7	ENSMUSG00000026958	DPP7	one2one	NA		22.9
Dpp8	ENSMUSG00000032393	DPP8	one2one	NA		22.9
Dpp9	ENSMUSG00000001229	DPP9	one2one	NA		22.9
Dpt	ENSMUSG00000026574	DPT	one2one	NA		22.9
Dpy19l1	ENSMUSG00000043067	DPY19L1	one2one	NA		22.9
Dpy19l3	ENSMUSG00000043671	DPY19L3	one2one	NA		22.9
Dpy19l4	ENSMUSG00000045205	DPY19L4	one2one	NA		22.9
Dpy30	ENSMUSG00000024067	DPY30	one2one	NA		22.9
Dpysl2	ENSMUSG00000022048	DPYSL2	one2one	NA		22.9
Dpysl3	ENSMUSG00000024501	DPYSL3	one2one	NA		22.9
Dpysl5	ENSMUSG00000029168	DPYSL5	one2one	NA		22.9
Dqx1	ENSMUSG00000009145	DQX1	one2one	NA		22.9
Dr1	ENSMUSG00000029265	DR1	one2one	NA		22.9
Dram1	ENSMUSG00000020057	DRAM1	one2one	NA		22.9
Dram2	ENSMUSG00000027900	DRAM2	one2one	NA		22.9
Drap1	ENSMUSG00000024914	DRAP1	one2one	NA		22.9
Drc1	ENSMUSG00000073102	DRC1	one2one	NA		22.9
Drc3	ENSMUSG00000056598	DRC3	one2one	NA		22.9
Drd5	ENSMUSG00000039358	DRD5	one2one	NA		22.9
Drg1	ENSMUSG00000020457	DRG1	one2one	NA		22.9
Drg2	ENSMUSG00000020537	DRG2	one2one	NA		22.9
Drosha	ENSMUSG00000022191	DROSHA	one2one	NA		22.9
Drp2	ENSMUSG00000000223	DRP2	one2one	NA		22.9
Dscam	ENSMUSG00000050272	DSCAM	one2one	NA		22.9
Dscc1	ENSMUSG00000022422	DSCC1	one2one	NA		22.9
Dse	ENSMUSG00000039497	DSE	one2one	NA		22.9
Dsel	ENSMUSG00000038702	DSEL	one2one	NA		22.9
Dsg2	ENSMUSG00000044393	DSG2	one2one	NA		22.9
Dsn1	ENSMUSG00000027635	DSN1	one2one	NA		22.9
Dsp	ENSMUSG00000054889	DSP	one2one	NA		22.9
Dst	ENSMUSG00000026131	DST	one2one	NA		22.9
Dstn	ENSMUSG00000015932	DSTN	one2one	NA		22.9
Dstyk	ENSMUSG00000042046	DSTYK	one2one	NA		22.9
Dtd1	ENSMUSG00000027430	DTD1	one2one	NA		22.9
Dtd2	ENSMUSG00000020956	DTD2	one2one	NA		22.9
Dthd1	ENSMUSG00000090326	DTHD1	one2one	NA		22.9
Dtl	ENSMUSG00000037474	DTL	one2one	NA		22.9
Dtnb	ENSMUSG00000071454	DTNB	one2one	NA		22.9
Dtnbp1	ENSMUSG00000057531	DTNBP1	one2one	NA		22.9
Dtwd1	ENSMUSG00000023330	DTWD1	one2one	NA		22.9
Dtwd2	ENSMUSG00000024505	DTWD2	one2one	NA		22.9
Dtx1	ENSMUSG00000029603	DTX1	one2one	NA		22.9
Dtx2	ENSMUSG00000004947	DTX2	one2one	NA		22.9
Dtx3	ENSMUSG00000040415	DTX3	one2one	NA		22.9
Dtx3l	ENSMUSG00000049502	DTX3L	one2one	NA		22.9
Dtx4	ENSMUSG00000039982	DTX4	one2one	NA		22.9
Dtymk	ENSMUSG00000026281	DTYMK	one2one	NA		22.9
Dus1l	ENSMUSG00000025155	DUS1L	one2one	NA		22.9
Dus2	ENSMUSG00000031901	DUS2	one2one	NA		22.9
Dus3l	ENSMUSG00000007603	DUS3L	one2one	NA		22.9
Dus4l	ENSMUSG00000020648	DUS4L	one2one	NA		22.9
Dusp1	ENSMUSG00000024190	DUSP1	one2one	NA		22.9
Dusp10	ENSMUSG00000039384	DUSP10	one2one	NA		22.9
Dusp11	ENSMUSG00000030002	DUSP11	one2one	NA		22.9
Dusp12	ENSMUSG00000026659	DUSP12	one2one	NA		22.9
Dusp14	ENSMUSG00000018648	DUSP14	one2one	NA		22.9
Dusp15	ENSMUSG00000042662	DUSP15	one2one	NA		22.9
Dusp16	ENSMUSG00000030203	DUSP16	one2one	NA		22.9
Dusp18	ENSMUSG00000047205	DUSP18	one2one	NA		22.9
Dusp19	ENSMUSG00000027001	DUSP19	one2one	NA		22.9
Dusp2	ENSMUSG00000027368	DUSP2	one2one	NA		22.9
Dusp22	ENSMUSG00000069255	DUSP22	one2one	NA		22.9
Dusp23	ENSMUSG00000026544	DUSP23	one2one	NA		22.9
Dusp28	ENSMUSG00000047067	DUSP28	one2one	NA		22.9
Dusp3	ENSMUSG00000003518	DUSP3	one2one	NA		22.9
Dusp4	ENSMUSG00000031530	DUSP4	one2one	NA		22.9
Dusp5	ENSMUSG00000034765	DUSP5	one2one	NA		22.9
Dusp6	ENSMUSG00000019960	DUSP6	one2one	NA		22.9
Dusp7	ENSMUSG00000053716	DUSP7	one2one	NA		22.9
Dusp8	ENSMUSG00000037887	DUSP8	one2one	NA		22.9
Dusp9	ENSMUSG00000031383	DUSP9	one2one	NA		22.9
Dut	ENSMUSG00000027203	DUT	one2one	NA		22.9
Dvl1	ENSMUSG00000029071	DVL1	one2one	NA		22.9
Dvl2	ENSMUSG00000020888	DVL2	one2one	NA		22.9
Dvl3	ENSMUSG00000003233	DVL3	one2one	NA		22.9
Dxo	ENSMUSG00000040482	DXO	one2one	NA		22.9
Dym	ENSMUSG00000035765	DYM	one2one	NA		22.9
Dync1h1	ENSMUSG00000018707	DYNC1H1	one2one	NA		22.9
Dync1i2	ENSMUSG00000027012	DYNC1I2	one2one	NA		22.9
Dync1li1	ENSMUSG00000032435	DYNC1LI1	one2one	NA		22.9
Dync1li2	ENSMUSG00000035770	DYNC1LI2	one2one	NA		22.9
Dync2h1	ENSMUSG00000047193	DYNC2H1	one2one	NA		22.9
Dync2li1	ENSMUSG00000024253	DYNC2LI1	one2one	NA		22.9
Dynll1	ENSMUSG00000009013	DYNLL1	one2one	NA		22.9
Dynll2	ENSMUSG00000020483	DYNLL2	one2one	NA		22.9
Dynlrb1	ENSMUSG00000047459	DYNLRB1	one2one	NA		22.9
Dynlt1a	ENSMUSG00000092074	DYNLT1	many2one	NA		22.9
Dynlt1b	ENSMUSG00000096255	DYNLT1	many2one	NA		22.9
Dynlt1c	ENSMUSG00000000579	DYNLT1	many2one	NA		22.9
Dynlt1f	ENSMUSG00000095677	DYNLT1	many2one	NA		22.9
Dynlt3	ENSMUSG00000031176	DYNLT3	one2one	NA		22.9
Dyrk1a	ENSMUSG00000022897	DYRK1A	one2one	NA		22.9
Dyrk1b	ENSMUSG00000002409	DYRK1B	one2one	NA		22.9
Dyrk2	ENSMUSG00000028630	DYRK2	one2one	NA		22.9
Dyrk3	ENSMUSG00000016526	DYRK3	one2one	NA		22.9
Dyrk4	ENSMUSG00000030345	DYRK4	one2one	NA		22.9
Dysf	ENSMUSG00000033788	DYSF	one2one	NA		22.9
Dzank1	ENSMUSG00000037259	DZANK1	one2one	NA		22.9
Dzip1	ENSMUSG00000042156	DZIP1	one2one	NA		22.9
Dzip3	ENSMUSG00000064061	DZIP3	one2one	NA		22.9
E130308A19Rik	ENSMUSG00000045071	KIAA1958	one2one	NA		22.9
E130309D02Rik	ENSMUSG00000039244	INTS15	one2one	Ints15	org.Mm.eg.db	22.9
E130311K13Rik	ENSMUSG00000048581	C3orf33	one2one	NA		22.9
E2f1	ENSMUSG00000027490	E2F1	one2one	NA		22.9
E2f2	ENSMUSG00000018983	E2F2	one2one	NA		22.9
E2f3	ENSMUSG00000016477	E2F3	one2one	NA		22.9
E2f4	ENSMUSG00000014859	E2F4	one2one	NA		22.9
E2f5	ENSMUSG00000027552	E2F5	one2one	NA		22.9
E2f6	ENSMUSG00000057469	E2F6	one2one	NA		22.9
E2f7	ENSMUSG00000020185	E2F7	one2one	NA		22.9
E2f8	ENSMUSG00000046179	E2F8	one2one	NA		22.9
E430018J23Rik	ENSMUSG00000078580	ZNF764	many2one	NA		22.9
E4f1	ENSMUSG00000024137	E4F1	one2one	NA		22.9
Eaf1	ENSMUSG00000021890	EAF1	one2one	NA		22.9
Eaf2	ENSMUSG00000022838	EAF2	one2one	NA		22.9
Eapp	ENSMUSG00000054302	EAPP	one2one	NA		22.9
Ears2	ENSMUSG00000030871	EARS2	one2one	NA		22.9
Ebag9	ENSMUSG00000022339	EBAG9	one2one	NA		22.9
Ebf1	ENSMUSG00000057098	EBF1	one2one	NA		22.9
Ebi3	ENSMUSG00000003206	EBI3	one2one	NA		22.9
Ebna1bp2	ENSMUSG00000028729	EBNA1BP2	one2one	NA		22.9
Ebp	ENSMUSG00000031168	EBP	one2one	NA		22.9
Ebpl	ENSMUSG00000021928	EBPL	one2one	NA		22.9
Ecd	ENSMUSG00000021810	ECD	one2one	NA		22.9
Ece1	ENSMUSG00000057530	ECE1	one2one	NA		22.9
Ecel1	ENSMUSG00000026247	ECEL1	one2one	NA		22.9
Ech1	ENSMUSG00000053898	ECH1	one2one	NA		22.9
Echdc1	ENSMUSG00000019883	ECHDC1	one2one	NA		22.9
Echdc2	ENSMUSG00000028601	ECHDC2	one2one	NA		22.9
Echs1	ENSMUSG00000025465	ECHS1	one2one	NA		22.9
Eci1	ENSMUSG00000024132	ECI1	one2one	NA		22.9
Eci2	ENSMUSG00000021417	ECI2	one2one	NA		22.9
Ecm1	ENSMUSG00000028108	ECM1	one2one	NA		22.9
Ecm2	ENSMUSG00000043631	ECM2	one2one	NA		22.9
Ecpas	ENSMUSG00000050812	ECPAS	one2one	NA		22.9
Ecrg4	ENSMUSG00000026051	ECRG4	one2one	NA		22.9
Ecscr	ENSMUSG00000073599	ECSCR	one2one	NA		22.9
Ecsit	ENSMUSG00000066839	ECSIT	one2one	NA		22.9
Ect2	ENSMUSG00000027699	ECT2	one2one	NA		22.9
Ect2l	ENSMUSG00000071392	ECT2L	one2one	NA		22.9
Eda2r	ENSMUSG00000034457	EDA2R	one2one	NA		22.9
Edaradd	ENSMUSG00000095105	EDARADD	one2one	NA		22.9
Edc3	ENSMUSG00000038957	EDC3	one2one	NA		22.9
Edc4	ENSMUSG00000036270	EDC4	one2one	NA		22.9
Edem1	ENSMUSG00000030104	EDEM1	one2one	NA		22.9
Edem2	ENSMUSG00000038312	EDEM2	one2one	NA		22.9
Edem3	ENSMUSG00000043019	EDEM3	one2one	NA		22.9
Edf1	ENSMUSG00000015092	EDF1	one2one	NA		22.9
Edn1	ENSMUSG00000021367	EDN1	one2one	NA		22.9
Edn3	ENSMUSG00000027524	EDN3	one2one	NA		22.9
Edrf1	ENSMUSG00000039990	EDRF1	one2one	NA		22.9
Eea1	ENSMUSG00000036499	EEA1	one2one	NA		22.9
Eed	ENSMUSG00000030619	EED	one2one	NA		22.9
Eef1a1	ENSMUSG00000037742	EEF1A1	one2one	NA		22.9
Eef1akmt1	ENSMUSG00000021951	EEF1AKMT1	one2one	NA		22.9
Eef1akmt2	ENSMUSG00000030960	EEF1AKMT2	one2one	NA		22.9
Eef1akmt3	ENSMUSG00000080115	EEF1AKMT3	one2one	NA		22.9
Eef1akmt4	ENSMUSG00000115219	EEF1AKMT4	one2one	NA		22.9
Eef1aknmt	ENSMUSG00000026694	METTL13	one2one	NA		22.9
Eef1b2	ENSMUSG00000025967	EEF1B2	one2one	NA		22.9
Eef1d	ENSMUSG00000055762	EEF1D	one2one	NA		22.9
Eef1e1	ENSMUSG00000001707	EEF1E1	one2one	NA		22.9
Eef1g	ENSMUSG00000071644	EEF1G	one2one	NA		22.9
Eef2	ENSMUSG00000034994	EEF2	one2one	NA		22.9
Eef2k	ENSMUSG00000035064	EEF2K	one2one	NA		22.9
Eef2kmt	ENSMUSG00000022544	EEF2KMT	one2one	NA		22.9
Eefsec	ENSMUSG00000033216	EEFSEC	one2one	NA		22.9
Eepd1	ENSMUSG00000036611	EEPD1	one2one	NA		22.9
Efcab11	ENSMUSG00000021176	EFCAB11	one2one	NA		22.9
Efcab12	ENSMUSG00000030321	EFCAB12	one2one	NA		22.9
Efcab14	ENSMUSG00000034210	EFCAB14	one2one	NA		22.9
Efcab2	ENSMUSG00000026495	EFCAB2	one2one	NA		22.9
Efcab5	ENSMUSG00000050944	EFCAB5	one2one	NA		22.9
Efcab7	ENSMUSG00000073791	EFCAB7	one2one	NA		22.9
Efcab8	ENSMUSG00000044083	EFCAB8	one2one	NA		22.9
Efcab9	ENSMUSG00000044056	EFCAB9	one2one	NA		22.9
Efcc1	ENSMUSG00000068263	EFCC1	one2one	NA		22.9
Efemp2	ENSMUSG00000024909	EFEMP2	one2one	NA		22.9
Efhc1	ENSMUSG00000041809	EFHC1	one2one	NA		22.9
Efhd2	ENSMUSG00000040659	EFHD2	one2one	NA		22.9
Efl1	ENSMUSG00000038563	EFL1	one2one	NA		22.9
Efna1	ENSMUSG00000027954	EFNA1	one2one	NA		22.9
Efna2	ENSMUSG00000003070	EFNA2	one2one	NA		22.9
Efna3	ENSMUSG00000028039	EFNA3	one2one	NA		22.9
Efna4	ENSMUSG00000028040	EFNA4	one2one	NA		22.9
Efna5	ENSMUSG00000048915	EFNA5	one2one	NA		22.9
Efnb1	ENSMUSG00000031217	EFNB1	one2one	NA		22.9
Efnb2	ENSMUSG00000001300	EFNB2	one2one	NA		22.9
Efnb3	ENSMUSG00000003934	EFNB3	one2one	NA		22.9
Efr3a	ENSMUSG00000015002	EFR3A	one2one	NA		22.9
Efr3b	ENSMUSG00000020658	EFR3B	one2one	NA		22.9
Eftud2	ENSMUSG00000020929	EFTUD2	one2one	NA		22.9
Egf	ENSMUSG00000028017	EGF	one2one	NA		22.9
Egfl7	ENSMUSG00000026921	EGFL7	one2one	NA		22.9
Egfl8	ENSMUSG00000015467	EGFL8	one2one	NA		22.9
Egfr	ENSMUSG00000020122	EGFR	one2one	NA		22.9
Egln1	ENSMUSG00000031987	EGLN1	one2one	NA		22.9
Egln2	ENSMUSG00000058709	EGLN2	one2one	NA		22.9
Egln3	ENSMUSG00000035105	EGLN3	one2one	NA		22.9
Egr1	ENSMUSG00000038418	EGR1	one2one	NA		22.9
Egr2	ENSMUSG00000037868	EGR2	one2one	NA		22.9
Egr3	ENSMUSG00000033730	EGR3	one2one	NA		22.9
Egr4	ENSMUSG00000071341	EGR4	one2one	NA		22.9
Ehbp1	ENSMUSG00000042302	EHBP1	one2one	NA		22.9
Ehbp1l1	ENSMUSG00000024937	EHBP1L1	one2one	NA		22.9
Ehd1	ENSMUSG00000024772	EHD1	one2one	NA		22.9
Ehd2	ENSMUSG00000074364	EHD2	one2one	NA		22.9
Ehd3	ENSMUSG00000024065	EHD3	one2one	NA		22.9
Ehd4	ENSMUSG00000027293	EHD4	one2one	NA		22.9
Ehhadh	ENSMUSG00000022853	EHHADH	one2one	NA		22.9
Ehmt1	ENSMUSG00000036893	EHMT1	one2one	NA		22.9
Ehmt2	ENSMUSG00000013787	EHMT2	one2one	NA		22.9
Ei24	ENSMUSG00000062762	EI24	one2one	NA		22.9
Eid1	ENSMUSG00000091337	EID1	one2one	NA		22.9
Eid2	ENSMUSG00000046058	EID2	one2one	NA		22.9
Eid2b	ENSMUSG00000070705	EID2B	one2one	NA		22.9
Eid3	ENSMUSG00000109864	EID3	one2one	NA		22.9
Eif1	ENSMUSG00000035530	EIF1	one2one	NA		22.9
Eif1a	ENSMUSG00000057561	EIF1AX	many2one	NA		22.9
Eif1ad	ENSMUSG00000024841	EIF1AD	one2one	NA		22.9
Eif1ax	ENSMUSG00000067194	EIF1AX	many2one	NA		22.9
Eif1b	ENSMUSG00000006941	EIF1B	one2one	NA		22.9
Eif2a	ENSMUSG00000027810	EIF2A	one2one	NA		22.9
Eif2ak1	ENSMUSG00000029613	EIF2AK1	one2one	NA		22.9
Eif2ak2	ENSMUSG00000024079	EIF2AK2	one2one	NA		22.9
Eif2ak3	ENSMUSG00000031668	EIF2AK3	one2one	NA		22.9
Eif2ak4	ENSMUSG00000005102	EIF2AK4	one2one	NA		22.9
Eif2b1	ENSMUSG00000029388	EIF2B1	one2one	NA		22.9
Eif2b2	ENSMUSG00000004788	EIF2B2	one2one	NA		22.9
Eif2b3	ENSMUSG00000028683	EIF2B3	one2one	NA		22.9
Eif2b4	ENSMUSG00000029145	EIF2B4	one2one	NA		22.9
Eif2b5	ENSMUSG00000003235	EIF2B5	one2one	NA		22.9
Eif2d	ENSMUSG00000026427	EIF2D	one2one	NA		22.9
Eif2s1	ENSMUSG00000021116	EIF2S1	one2one	NA		22.9
Eif2s2	ENSMUSG00000074656	EIF2S2	one2one	NA		22.9
Eif2s3x	ENSMUSG00000035150	EIF2S3	one2one	NA		22.9
Eif2s3y	ENSMUSG00000069049	EIF2S3B	one2one	NA		22.9
Eif3a	ENSMUSG00000024991	EIF3A	one2one	NA		22.9
Eif3b	ENSMUSG00000056076	EIF3B	one2one	NA		22.9
Eif3c	ENSMUSG00000030738	EIF3C	one2one	NA		22.9
Eif3d	ENSMUSG00000016554	EIF3D	one2one	NA		22.9
Eif3e	ENSMUSG00000022336	EIF3E	one2one	NA		22.9
Eif3f	ENSMUSG00000031029	EIF3F	one2one	NA		22.9
Eif3g	ENSMUSG00000070319	EIF3G	one2one	NA		22.9
Eif3h	ENSMUSG00000022312	EIF3H	one2one	NA		22.9
Eif3i	ENSMUSG00000028798	EIF3I	one2one	NA		22.9
Eif3j1	ENSMUSG00000027236	EIF3J	many2one	NA		22.9
Eif3j2	ENSMUSG00000043424	EIF3J	many2one	NA		22.9
Eif3k	ENSMUSG00000053565	EIF3K	one2one	NA		22.9
Eif3l	ENSMUSG00000033047	EIF3L	one2one	NA		22.9
Eif3m	ENSMUSG00000027170	EIF3M	one2one	NA		22.9
Eif4a1	ENSMUSG00000059796	EIF4A1	one2one	NA		22.9
Eif4a2	ENSMUSG00000022884	EIF4A2	one2one	NA		22.9
Eif4a3	ENSMUSG00000025580	EIF4A3	many2one	NA		22.9
Eif4a3l1	ENSMUSG00000094973	EIF4A3	many2one	NA		22.9
Eif4a3l2	ENSMUSG00000107906	EIF4A3	many2one	NA		22.9
Eif4b	ENSMUSG00000058655	EIF4B	one2one	NA		22.9
Eif4e	ENSMUSG00000028156	EIF4E	one2one	NA		22.9
Eif4e2	ENSMUSG00000026254	EIF4E2	one2one	NA		22.9
Eif4e3	ENSMUSG00000093661	EIF4E3	one2one	NA		22.9
Eif4ebp1	ENSMUSG00000031490	EIF4EBP1	one2one	NA		22.9
Eif4ebp2	ENSMUSG00000020091	EIF4EBP2	one2one	NA		22.9
Eif4ebp3	ENSMUSG00000090264	EIF4EBP3	one2one	NA		22.9
Eif4enif1	ENSMUSG00000020454	EIF4ENIF1	one2one	NA		22.9
Eif4g1	ENSMUSG00000045983	EIF4G1	one2one	NA		22.9
Eif4g2	ENSMUSG00000005610	EIF4G2	one2one	NA		22.9
Eif4g3	ENSMUSG00000028760	EIF4G3	one2one	NA		22.9
Eif4h	ENSMUSG00000040731	EIF4H	one2one	NA		22.9
Eif5	ENSMUSG00000021282	EIF5	one2one	NA		22.9
Eif5a	ENSMUSG00000078812	EIF5A	one2one	NA		22.9
Eif5a2	ENSMUSG00000050192	EIF5A2	one2one	NA		22.9
Eif5b	ENSMUSG00000026083	EIF5B	one2one	NA		22.9
Eif6	ENSMUSG00000027613	EIF6	one2one	NA		22.9
Eipr1	ENSMUSG00000036613	EIPR1	one2one	NA		22.9
Elac1	ENSMUSG00000036941	ELAC1	one2one	NA		22.9
Elac2	ENSMUSG00000020549	ELAC2	one2one	NA		22.9
Elavl1	ENSMUSG00000040028	ELAVL1	one2one	NA		22.9
Elavl3	ENSMUSG00000003410	ELAVL3	one2one	NA		22.9
Elf1	ENSMUSG00000036461	ELF1	one2one	NA		22.9
Elf2	ENSMUSG00000037174	ELF2	one2one	NA		22.9
Elf4	ENSMUSG00000031103	ELF4	one2one	NA		22.9
Elfn1	ENSMUSG00000048988	ELFN1	one2one	NA		22.9
Elfn2	ENSMUSG00000043460	ELFN2	one2one	NA		22.9
Elk1	ENSMUSG00000009406	ELK1	one2one	NA		22.9
Elk3	ENSMUSG00000008398	ELK3	one2one	NA		22.9
Elk4	ENSMUSG00000026436	ELK4	one2one	NA		22.9
Ell	ENSMUSG00000070002	ELL	one2one	NA		22.9
Ell2	ENSMUSG00000001542	ELL2	one2one	NA		22.9
Elmo1	ENSMUSG00000041112	ELMO1	one2one	NA		22.9
Elmo2	ENSMUSG00000017670	ELMO2	one2one	NA		22.9
Elmo3	ENSMUSG00000014791	ELMO3	one2one	NA		22.9
Elmod2	ENSMUSG00000035151	ELMOD2	one2one	NA		22.9
Elmod3	ENSMUSG00000056698	ELMOD3	one2one	NA		22.9
Elmsan1	ENSMUSG00000042507	MIDEAS	one2one	Mideas	org.Mm.eg.db	22.9
Eln	ENSMUSG00000029675	ELN	one2one	NA		22.9
Eloa	ENSMUSG00000028668	ELOA	one2one	NA		22.9
Elob	ENSMUSG00000055839	ELOB	one2one	NA		22.9
Eloc	ENSMUSG00000079658	ELOC	one2one	NA		22.9
Elof1	ENSMUSG00000013822	ELOF1	one2one	NA		22.9
Elovl1	ENSMUSG00000006390	ELOVL1	one2one	NA		22.9
Elovl2	ENSMUSG00000021364	ELOVL2	one2one	NA		22.9
Elovl4	ENSMUSG00000032262	ELOVL4	one2one	NA		22.9
Elovl5	ENSMUSG00000032349	ELOVL5	one2one	NA		22.9
Elovl6	ENSMUSG00000041220	ELOVL6	one2one	NA		22.9
Elovl7	ENSMUSG00000021696	ELOVL7	one2one	NA		22.9
Elp1	ENSMUSG00000028431	ELP1	one2one	NA		22.9
Elp2	ENSMUSG00000024271	ELP2	one2one	NA		22.9
Elp3	ENSMUSG00000022031	ELP3	one2one	NA		22.9
Elp4	ENSMUSG00000027167	ELP4	one2one	NA		22.9
Elp5	ENSMUSG00000018565	ELP5	one2one	NA		22.9
Elp6	ENSMUSG00000054836	ELP6	one2one	NA		22.9
Emb	ENSMUSG00000021728	EMB	one2one	NA		22.9
Emc1	ENSMUSG00000078517	EMC1	one2one	NA		22.9
Emc10	ENSMUSG00000008140	EMC10	one2one	NA		22.9
Emc2	ENSMUSG00000022337	EMC2	one2one	NA		22.9
Emc3	ENSMUSG00000030286	EMC3	one2one	NA		22.9
Emc4	ENSMUSG00000027131	EMC4	one2one	NA		22.9
Emc6	ENSMUSG00000047260	EMC6	one2one	NA		22.9
Emc7	ENSMUSG00000055943	EMC7	one2one	NA		22.9
Emc8	ENSMUSG00000031819	EMC8	one2one	NA		22.9
Emc9	ENSMUSG00000022217	EMC9	one2one	NA		22.9
Emd	ENSMUSG00000001964	EMD	one2one	NA		22.9
Eme1	ENSMUSG00000039055	EME1	one2one	NA		22.9
Eme2	ENSMUSG00000073436	EME2	one2one	NA		22.9
Emg1	ENSMUSG00000004268	EMG1	one2one	NA		22.9
Emid1	ENSMUSG00000034164	EMID1	one2one	NA		22.9
Emilin1	ENSMUSG00000029163	EMILIN1	one2one	NA		22.9
Emilin2	ENSMUSG00000024053	EMILIN2	one2one	NA		22.9
Eml1	ENSMUSG00000058070	EML1	one2one	NA		22.9
Eml2	ENSMUSG00000040811	EML2	one2one	NA		22.9
Eml3	ENSMUSG00000071647	EML3	one2one	NA		22.9
Eml4	ENSMUSG00000032624	EML4	one2one	NA		22.9
Eml5	ENSMUSG00000051166	EML5	one2one	NA		22.9
Eml6	ENSMUSG00000044072	EML6	one2one	NA		22.9
Emp1	ENSMUSG00000030208	EMP1	one2one	NA		22.9
Emp2	ENSMUSG00000022505	EMP2	one2one	NA		22.9
Emp3	ENSMUSG00000040212	EMP3	one2one	NA		22.9
Emsy	ENSMUSG00000035401	EMSY	one2one	NA		22.9
En2	ENSMUSG00000039095	EN2	one2one	NA		22.9
Enah	ENSMUSG00000022995	ENAH	one2one	NA		22.9
Enam	ENSMUSG00000029286	ENAM	one2one	NA		22.9
Enc1	ENSMUSG00000041773	ENC1	one2one	NA		22.9
Endod1	ENSMUSG00000037419	ENDOD1	one2one	NA		22.9
Endog	ENSMUSG00000015337	ENDOG	one2one	NA		22.9
Endou	ENSMUSG00000022468	ENDOU	one2one	NA		22.9
Endov	ENSMUSG00000039850	ENDOV	one2one	NA		22.9
Eng	ENSMUSG00000026814	ENG	one2one	NA		22.9
Engase	ENSMUSG00000033857	ENGASE	one2one	NA		22.9
Enkd1	ENSMUSG00000013155	ENKD1	one2one	NA		22.9
Enkur	ENSMUSG00000026679	ENKUR	one2one	NA		22.9
Eno1	ENSMUSG00000063524	ENO1	many2one	NA		22.9
Eno1b	ENSMUSG00000059040	ENO1	many2one	NA		22.9
Eno2	ENSMUSG00000004267	ENO2	one2one	NA		22.9
Eno3	ENSMUSG00000060600	ENO3	one2one	NA		22.9
Eno4	ENSMUSG00000048029	ENO4	one2one	NA		22.9
Enoph1	ENSMUSG00000029326	ENOPH1	one2one	NA		22.9
Enox1	ENSMUSG00000022012	ENOX1	one2one	NA		22.9
Enox2	ENSMUSG00000031109	ENOX2	one2one	NA		22.9
Enpep	ENSMUSG00000028024	ENPEP	one2one	NA		22.9
Enpp1	ENSMUSG00000037370	ENPP1	one2one	NA		22.9
Enpp2	ENSMUSG00000022425	ENPP2	one2one	NA		22.9
Enpp3	ENSMUSG00000019989	ENPP3	one2one	NA		22.9
Enpp4	ENSMUSG00000023961	ENPP4	one2one	NA		22.9
Enpp5	ENSMUSG00000023960	ENPP5	one2one	NA		22.9
Enpp6	ENSMUSG00000038173	ENPP6	one2one	NA		22.9
Ensa	ENSMUSG00000038619	ENSA	one2one	NA		22.9
Enthd1	ENSMUSG00000050439	ENTHD1	one2one	NA		22.9
Entpd1	ENSMUSG00000048120	ENTPD1	one2one	NA		22.9
Entpd2	ENSMUSG00000015085	ENTPD2	one2one	NA		22.9
Entpd5	ENSMUSG00000021236	ENTPD5	one2one	NA		22.9
Entpd6	ENSMUSG00000033068	ENTPD6	one2one	NA		22.9
Entpd7	ENSMUSG00000025192	ENTPD7	one2one	NA		22.9
Entr1	ENSMUSG00000026927	ENTR1	one2one	NA		22.9
Eny2	ENSMUSG00000022338	ENY2	one2one	NA		22.9
Eogt	ENSMUSG00000035245	EOGT	one2one	NA		22.9
Eomes	ENSMUSG00000032446	EOMES	one2one	NA		22.9
Ep300	ENSMUSG00000055024	EP300	one2one	NA		22.9
Ep400	ENSMUSG00000029505	EP400	one2one	NA		22.9
Epas1	ENSMUSG00000024140	EPAS1	one2one	NA		22.9
Epb41	ENSMUSG00000028906	EPB41	one2one	NA		22.9
Epb41l1	ENSMUSG00000027624	EPB41L1	one2one	NA		22.9
Epb41l2	ENSMUSG00000019978	EPB41L2	one2one	NA		22.9
Epb41l4a	ENSMUSG00000024376	EPB41L4A	one2one	NA		22.9
Epb41l4b	ENSMUSG00000028434	EPB41L4B	one2one	NA		22.9
Epb41l5	ENSMUSG00000026383	EPB41L5	one2one	NA		22.9
Epc1	ENSMUSG00000024240	EPC1	one2one	NA		22.9
Epc2	ENSMUSG00000069495	EPC2	one2one	NA		22.9
Epcam	ENSMUSG00000045394	EPCAM	one2one	NA		22.9
Epdr1	ENSMUSG00000002808	EPDR1	one2one	NA		22.9
Epg5	ENSMUSG00000039840	EPG5	one2one	NA		22.9
Epha1	ENSMUSG00000029859	EPHA1	one2one	NA		22.9
Epha2	ENSMUSG00000006445	EPHA2	one2one	NA		22.9
Epha3	ENSMUSG00000052504	EPHA3	one2one	NA		22.9
Epha7	ENSMUSG00000028289	EPHA7	one2one	NA		22.9
Ephb2	ENSMUSG00000028664	EPHB2	one2one	NA		22.9
Ephb6	ENSMUSG00000029869	EPHB6	one2one	NA		22.9
Ephx1	ENSMUSG00000038776	EPHX1	one2one	NA		22.9
Ephx3	ENSMUSG00000037577	EPHX3	one2one	NA		22.9
Ephx4	ENSMUSG00000033805	EPHX4	one2one	NA		22.9
Epm2a	ENSMUSG00000055493	EPM2A	one2one	NA		22.9
Epm2aip1	ENSMUSG00000046785	EPM2AIP1	one2one	NA		22.9
Epn1	ENSMUSG00000035203	EPN1	one2one	NA		22.9
Epn2	ENSMUSG00000001036	EPN2	one2one	NA		22.9
Epop	ENSMUSG00000043439	EPOP	one2one	NA		22.9
Epor	ENSMUSG00000006235	EPOR	one2one	NA		22.9
Eprs	ENSMUSG00000026615	EPRS1	one2one	NA		22.9
Eps15	ENSMUSG00000028552	EPS15	one2one	NA		22.9
Eps15l1	ENSMUSG00000006276	EPS15L1	one2one	NA		22.9
Eps8	ENSMUSG00000015766	EPS8	one2one	NA		22.9
Eps8l1	ENSMUSG00000006154	EPS8L1	one2one	NA		22.9
Epsti1	ENSMUSG00000022014	EPSTI1	one2one	NA		22.9
Eqtn	ENSMUSG00000028575	EQTN	one2one	NA		22.9
Eral1	ENSMUSG00000020832	ERAL1	one2one	NA		22.9
Erap1	ENSMUSG00000021583	ERAP1	one2one	NA		22.9
Erbb2	ENSMUSG00000062312	ERBB2	one2one	NA		22.9
Erbb3	ENSMUSG00000018166	ERBB3	one2one	NA		22.9
Erbin	ENSMUSG00000021709	ERBIN	one2one	NA		22.9
Erc1	ENSMUSG00000030172	ERC1	one2one	NA		22.9
Ercc1	ENSMUSG00000003549	ERCC1	one2one	NA		22.9
Ercc2	ENSMUSG00000030400	ERCC2	one2one	NA		22.9
Ercc3	ENSMUSG00000024382	ERCC3	one2one	NA		22.9
Ercc4	ENSMUSG00000022545	ERCC4	one2one	NA		22.9
Ercc5	ENSMUSG00000026048	ERCC5	one2one	NA		22.9
Ercc6	ENSMUSG00000054051	ERCC6	one2one	NA		22.9
Ercc6l	ENSMUSG00000051220	ERCC6L	one2one	NA		22.9
Ercc6l2	ENSMUSG00000021470	ERCC6L2	one2one	NA		22.9
Ercc8	ENSMUSG00000021694	ERCC8	one2one	NA		22.9
Erf	ENSMUSG00000040857	ERF	one2one	NA		22.9
Erfe	ENSMUSG00000047443	ERFE	one2one	NA		22.9
Erfl	ENSMUSG00000108367	ERFL	one2one	NA		22.9
Erg	ENSMUSG00000040732	ERG	one2one	NA		22.9
Erg28	ENSMUSG00000021252	ERG28	one2one	NA		22.9
Ergic1	ENSMUSG00000001576	ERGIC1	one2one	NA		22.9
Ergic2	ENSMUSG00000030304	ERGIC2	one2one	NA		22.9
Ergic3	ENSMUSG00000005881	ERGIC3	one2one	NA		22.9
Erh	ENSMUSG00000021131	ERH	one2one	NA		22.9
Eri1	ENSMUSG00000031527	ERI1	one2one	NA		22.9
Eri2	ENSMUSG00000030929	ERI2	one2one	NA		22.9
Eri3	ENSMUSG00000033423	ERI3	one2one	NA		22.9
Erich1	ENSMUSG00000051978	ERICH1	one2one	NA		22.9
Erich6	ENSMUSG00000070471	ERICH6	one2one	NA		22.9
Erlec1	ENSMUSG00000020311	ERLEC1	one2one	NA		22.9
Erlin1	ENSMUSG00000025198	ERLIN1	one2one	NA		22.9
Erlin2	ENSMUSG00000031483	ERLIN2	one2one	NA		22.9
Ermard	ENSMUSG00000036552	ERMARD	many2one	NA		22.9
Ermn	ENSMUSG00000026830	ERMN	one2one	NA		22.9
Ermp1	ENSMUSG00000046324	ERMP1	one2one	NA		22.9
Ern1	ENSMUSG00000020715	ERN1	one2one	NA		22.9
Ero1l	ENSMUSG00000021831	ERO1A	one2one	Ero1a	org.Mm.eg.db	22.9
Ero1lb	ENSMUSG00000057069	ERO1B	one2one	Ero1b	org.Mm.eg.db	22.9
Erp27	ENSMUSG00000030219	ERP27	one2one	NA		22.9
Erp29	ENSMUSG00000029616	ERP29	one2one	NA		22.9
Erp44	ENSMUSG00000028343	ERP44	one2one	NA		22.9
Errfi1	ENSMUSG00000028967	ERRFI1	one2one	NA		22.9
Esco1	ENSMUSG00000024293	ESCO1	one2one	NA		22.9
Esco2	ENSMUSG00000022034	ESCO2	one2one	NA		22.9
Esd	ENSMUSG00000021996	ESD	one2one	NA		22.9
Esf1	ENSMUSG00000045624	ESF1	one2one	NA		22.9
Esm1	ENSMUSG00000042379	ESM1	one2one	NA		22.9
Espl1	ENSMUSG00000058290	ESPL1	one2one	NA		22.9
Espn	ENSMUSG00000028943	ESPN	one2one	NA		22.9
Espnl	ENSMUSG00000049515	ESPNL	one2one	NA		22.9
Esr1	ENSMUSG00000019768	ESR1	one2one	NA		22.9
Esrp1	ENSMUSG00000040728	ESRP1	one2one	NA		22.9
Esrp2	ENSMUSG00000084128	ESRP2	one2one	NA		22.9
Esrra	ENSMUSG00000024955	ESRRA	one2one	NA		22.9
Ess2	ENSMUSG00000003527	ESS2	one2one	NA		22.9
Esyt1	ENSMUSG00000025366	ESYT1	one2one	NA		22.9
Esyt2	ENSMUSG00000021171	ESYT2	one2one	NA		22.9
Esyt3	ENSMUSG00000037681	ESYT3	one2one	NA		22.9
Etaa1	ENSMUSG00000016984	ETAA1	one2one	NA		22.9
Etf1	ENSMUSG00000024360	ETF1	one2one	NA		22.9
Etfa	ENSMUSG00000032314	ETFA	one2one	NA		22.9
Etfb	ENSMUSG00000004610	ETFB	one2one	NA		22.9
Etfbkmt	ENSMUSG00000039958	ETFBKMT	one2one	NA		22.9
Etfdh	ENSMUSG00000027809	ETFDH	one2one	NA		22.9
Etfrf1	ENSMUSG00000040370	ETFRF1	one2one	NA		22.9
Ethe1	ENSMUSG00000064254	ETHE1	one2one	NA		22.9
Etnk1	ENSMUSG00000030275	ETNK1	one2one	NA		22.9
Etnk2	ENSMUSG00000070644	ETNK2	one2one	NA		22.9
Ets1	ENSMUSG00000032035	ETS1	one2one	NA		22.9
Ets2	ENSMUSG00000022895	ETS2	one2one	NA		22.9
Etv1	ENSMUSG00000004151	ETV1	one2one	NA		22.9
Etv3	ENSMUSG00000003382	ETV3	one2one	NA		22.9
Etv4	ENSMUSG00000017724	ETV4	one2one	NA		22.9
Etv5	ENSMUSG00000013089	ETV5	one2one	NA		22.9
Etv6	ENSMUSG00000030199	ETV6	one2one	NA		22.9
Eva1b	ENSMUSG00000050212	EVA1B	one2one	NA		22.9
Evc	ENSMUSG00000029122	EVC	one2one	NA		22.9
Evi2	ENSMUSG00000070354	EVI2B	one2one	NA		22.9
Evi2a	ENSMUSG00000078771	EVI2A	one2one	NA		22.9
Evi5	ENSMUSG00000011831	EVI5	one2one	NA		22.9
Evi5l	ENSMUSG00000011832	EVI5L	one2one	NA		22.9
Evl	ENSMUSG00000021262	EVL	one2one	NA		22.9
Evpl	ENSMUSG00000034282	EVPL	one2one	NA		22.9
Evx1	ENSMUSG00000005503	EVX1	one2one	NA		22.9
Ewsr1	ENSMUSG00000009079	EWSR1	one2one	NA		22.9
Exd1	ENSMUSG00000048647	EXD1	one2one	NA		22.9
Exd2	ENSMUSG00000032705	EXD2	one2one	NA		22.9
Exo1	ENSMUSG00000039748	EXO1	one2one	NA		22.9
Exo5	ENSMUSG00000028629	EXO5	one2one	NA		22.9
Exoc1	ENSMUSG00000036435	EXOC1	one2one	NA		22.9
Exoc2	ENSMUSG00000021357	EXOC2	one2one	NA		22.9
Exoc3	ENSMUSG00000034152	EXOC3	one2one	NA		22.9
Exoc3l	ENSMUSG00000043251	EXOC3L1	one2one	NA		22.9
Exoc4	ENSMUSG00000029763	EXOC4	one2one	NA		22.9
Exoc5	ENSMUSG00000061244	EXOC5	one2one	NA		22.9
Exoc6	ENSMUSG00000053799	EXOC6	one2one	NA		22.9
Exoc6b	ENSMUSG00000033769	EXOC6B	one2one	NA		22.9
Exoc7	ENSMUSG00000020792	EXOC7	one2one	NA		22.9
Exoc8	ENSMUSG00000074030	EXOC8	one2one	NA		22.9
Exog	ENSMUSG00000042787	EXOG	one2one	NA		22.9
Exosc1	ENSMUSG00000034321	EXOSC1	one2one	NA		22.9
Exosc10	ENSMUSG00000017264	EXOSC10	one2one	NA		22.9
Exosc2	ENSMUSG00000039356	EXOSC2	one2one	NA		22.9
Exosc3	ENSMUSG00000028322	EXOSC3	one2one	NA		22.9
Exosc4	ENSMUSG00000034259	EXOSC4	one2one	NA		22.9
Exosc5	ENSMUSG00000061286	EXOSC5	one2one	NA		22.9
Exosc7	ENSMUSG00000025785	EXOSC7	one2one	NA		22.9
Exosc8	ENSMUSG00000027752	EXOSC8	one2one	NA		22.9
Exosc9	ENSMUSG00000027714	EXOSC9	one2one	NA		22.9
Exph5	ENSMUSG00000034584	EXPH5	one2one	NA		22.9
Ext1	ENSMUSG00000061731	EXT1	one2one	NA		22.9
Ext2	ENSMUSG00000027198	EXT2	one2one	NA		22.9
Extl1	ENSMUSG00000028838	EXTL1	one2one	NA		22.9
Extl2	ENSMUSG00000027963	EXTL2	one2one	NA		22.9
Extl3	ENSMUSG00000021978	EXTL3	one2one	NA		22.9
Eya2	ENSMUSG00000017897	EYA2	one2one	NA		22.9
Eya3	ENSMUSG00000028886	EYA3	one2one	NA		22.9
Ezh1	ENSMUSG00000006920	EZH1	one2one	NA		22.9
Ezh2	ENSMUSG00000029687	EZH2	one2one	NA		22.9
Ezr	ENSMUSG00000052397	EZR	one2one	NA		22.9
F11r	ENSMUSG00000038235	F11R	one2one	NA		22.9
F13a1	ENSMUSG00000039109	F13A1	one2one	NA		22.9
F2r	ENSMUSG00000048376	F2R	one2one	NA		22.9
F2rl1	ENSMUSG00000021678	F2RL1	one2one	NA		22.9
F2rl2	ENSMUSG00000021675	F2RL2	one2one	NA		22.9
F2rl3	ENSMUSG00000050147	F2RL3	one2one	NA		22.9
F3	ENSMUSG00000028128	F3	one2one	NA		22.9
F5	ENSMUSG00000026579	F5	one2one	NA		22.9
F8	ENSMUSG00000031196	F8	one2one	NA		22.9
F8a	ENSMUSG00000078317	F8A1	one2many	NA		22.9
F8a	ENSMUSG00000078317	F8A2	one2many	NA		22.9
F8a	ENSMUSG00000078317	F8A3	one2many	NA		22.9
Faah	ENSMUSG00000034171	FAAH	one2one	NA		22.9
Faap100	ENSMUSG00000025384	FAAP100	one2one	NA		22.9
Faap20	ENSMUSG00000073684	FAAP20	one2one	NA		22.9
Faap24	ENSMUSG00000030493	FAAP24	one2one	NA		22.9
Fabp12	ENSMUSG00000027530	FABP12	one2one	NA		22.9
Fabp5	ENSMUSG00000027533	FABP5	one2one	NA		22.9
Fadd	ENSMUSG00000031077	FADD	one2one	NA		22.9
Fads1	ENSMUSG00000010663	FADS1	one2one	NA		22.9
Fads2	ENSMUSG00000024665	FADS2	one2one	NA		22.9
Fads3	ENSMUSG00000024664	FADS3	one2one	NA		22.9
Fads6	ENSMUSG00000044788	FADS6	one2one	NA		22.9
Faf1	ENSMUSG00000010517	FAF1	one2one	NA		22.9
Faf2	ENSMUSG00000025873	FAF2	one2one	NA		22.9
Fah	ENSMUSG00000030630	FAH	one2one	NA		22.9
Fahd1	ENSMUSG00000045316	FAHD1	one2one	NA		22.9
Fahd2a	ENSMUSG00000027371	FAHD2A	one2many	NA		22.9
Fahd2a	ENSMUSG00000027371	FAHD2B	one2many	NA		22.9
Faim	ENSMUSG00000032463	FAIM	one2one	NA		22.9
Fam102a	ENSMUSG00000039157	EEIG1	one2one	NA		22.9
Fam102b	ENSMUSG00000040339	EEIG2	one2one	NA		22.9
Fam104a	ENSMUSG00000041629	FAM104A	one2one	NA		22.9
Fam107b	ENSMUSG00000026655	FAM107B	one2one	NA		22.9
Fam110a	ENSMUSG00000027459	FAM110A	one2one	NA		22.9
Fam110b	ENSMUSG00000049119	FAM110B	one2one	NA		22.9
Fam110c	ENSMUSG00000036136	FAM110C	one2one	NA		22.9
Fam111a	ENSMUSG00000024691	FAM111A	one2one	NA		22.9
Fam114a1	ENSMUSG00000029185	FAM114A1	one2one	NA		22.9
Fam114a2	ENSMUSG00000020523	FAM114A2	one2one	NA		22.9
Fam117a	ENSMUSG00000038893	FAM117A	one2one	NA		22.9
Fam117b	ENSMUSG00000041040	FAM117B	one2one	NA		22.9
Fam118a	ENSMUSG00000022434	FAM118A	one2one	NA		22.9
Fam118b	ENSMUSG00000050471	FAM118B	one2one	NA		22.9
Fam120a	ENSMUSG00000038014	FAM120A	one2one	NA		22.9
Fam120b	ENSMUSG00000014763	FAM120B	one2one	NA		22.9
Fam120c	ENSMUSG00000025262	FAM120C	one2one	NA		22.9
Fam122a	ENSMUSG00000074922	PABIR1	one2one	NA		22.9
Fam122b	ENSMUSG00000036022	PABIR2	one2one	NA		22.9
Fam124a	ENSMUSG00000035184	FAM124A	one2one	NA		22.9
Fam124b	ENSMUSG00000043230	FAM124B	one2one	NA		22.9
Fam126a	ENSMUSG00000028995	HYCC1	one2one	Hycc1	org.Mm.eg.db	22.9
Fam126b	ENSMUSG00000038174	HYCC2	one2one	Hycc2	org.Mm.eg.db	22.9
Fam129a	ENSMUSG00000026483	NIBAN1	one2one	Niban1	org.Mm.eg.db	22.9
Fam129b	ENSMUSG00000026796	NIBAN2	one2one	Niban2	org.Mm.eg.db	22.9
Fam129c	ENSMUSG00000043243	NIBAN3	one2one	Niban3	org.Mm.eg.db	22.9
Fam131a	ENSMUSG00000050821	FAM131A	one2one	NA		22.9
Fam131b	ENSMUSG00000029861	FAM131B	one2one	NA		22.9
Fam133b	ENSMUSG00000058503	FAM133B	one2one	NA		22.9
Fam135a	ENSMUSG00000026153	FAM135A	one2one	NA		22.9
Fam135b	ENSMUSG00000036800	FAM135B	one2one	NA		22.9
Fam136a	ENSMUSG00000057497	FAM136A	one2one	NA		22.9
Fam13a	ENSMUSG00000037709	FAM13A	one2one	NA		22.9
Fam13b	ENSMUSG00000036501	FAM13B	one2one	NA		22.9
Fam149b	ENSMUSG00000039599	FAM149B1	one2one	NA		22.9
Fam151b	ENSMUSG00000034334	FAM151B	one2one	NA		22.9
Fam155a	ENSMUSG00000079157	NALF1	one2one	Nalf1	org.Mm.eg.db	22.9
Fam160a1	ENSMUSG00000051000	FHIP1A	one2one	Fhip1a	org.Mm.eg.db	22.9
Fam160a2	ENSMUSG00000044465	FHIP1B	one2one	Fhip1b	org.Mm.eg.db	22.9
Fam160b1	ENSMUSG00000033478	FHIP2A	one2one	Fhip2a	org.Mm.eg.db	22.9
Fam160b2	ENSMUSG00000022095	FHIP2B	one2one	Fhip2b	org.Mm.eg.db	22.9
Fam161a	ENSMUSG00000049811	FAM161A	one2one	NA		22.9
Fam161b	ENSMUSG00000021234	FAM161B	one2one	NA		22.9
Fam162a	ENSMUSG00000003955	FAM162A	one2one	NA		22.9
Fam167a	ENSMUSG00000035095	FAM167A	one2one	NA		22.9
Fam167b	ENSMUSG00000050493	FAM167B	one2one	NA		22.9
Fam168a	ENSMUSG00000029461	FAM168A	one2one	NA		22.9
Fam168b	ENSMUSG00000037503	FAM168B	one2one	NA		22.9
Fam169a	ENSMUSG00000041817	FAM169A	one2one	NA		22.9
Fam169b	ENSMUSG00000074071	FAM169BP	one2one	NA		22.9
Fam171a1	ENSMUSG00000050530	FAM171A1	one2one	NA		22.9
Fam171a2	ENSMUSG00000034685	FAM171A2	one2one	NA		22.9
Fam171b	ENSMUSG00000048388	FAM171B	one2one	NA		22.9
Fam172a	ENSMUSG00000064138	FAM172A	one2one	NA		22.9
Fam173a	ENSMUSG00000057411	ANTKMT	one2one	Antkmt	org.Mm.eg.db	22.9
Fam174a	ENSMUSG00000051185	FAM174A	one2one	NA		22.9
Fam174b	ENSMUSG00000078670	FAM174B	one2one	NA		22.9
Fam174c	ENSMUSG00000035595	FAM174C	one2one	NA		22.9
Fam178b	ENSMUSG00000046337	FAM178B	one2one	NA		22.9
Fam183b	ENSMUSG00000049154	FAM183A	one2one	NA		22.9
Fam184a	ENSMUSG00000019856	FAM184A	one2one	NA		22.9
Fam184b	ENSMUSG00000015879	FAM184B	one2one	NA		22.9
Fam185a	ENSMUSG00000047221	FAM185A	one2one	NA		22.9
Fam187b	ENSMUSG00000046826	FAM187B	one2one	NA		22.9
Fam189b	ENSMUSG00000032657	ENTREP3	one2one	Entrep3	org.Mm.eg.db	22.9
Fam192a	ENSMUSG00000031774	PSME3IP1	one2one	Psme3ip1	org.Mm.eg.db	22.9
Fam193a	ENSMUSG00000037210	FAM193A	one2one	NA		22.9
Fam193b	ENSMUSG00000021495	FAM193B	one2one	NA		22.9
Fam199x	ENSMUSG00000042595	FAM199X	one2one	NA		22.9
Fam204a	ENSMUSG00000057858	FAM204A	one2one	NA		22.9
Fam207a	ENSMUSG00000032977	SLX9	one2one	NA		22.9
Fam209	ENSMUSG00000027505	FAM209B	one2one	NA		22.9
Fam20a	ENSMUSG00000020614	FAM20A	one2one	NA		22.9
Fam20b	ENSMUSG00000033557	FAM20B	one2one	NA		22.9
Fam20c	ENSMUSG00000025854	FAM20C	one2one	NA		22.9
Fam210a	ENSMUSG00000038121	FAM210A	one2one	NA		22.9
Fam210b	ENSMUSG00000027495	FAM210B	one2one	NA		22.9
Fam214a	ENSMUSG00000034858	ATOSA	one2one	Atosa	org.Mm.eg.db	22.9
Fam214b	ENSMUSG00000036002	ATOSB	one2one	Atosb	org.Mm.eg.db	22.9
Fam216a	ENSMUSG00000029463	FAM216A	one2one	NA		22.9
Fam217b	ENSMUSG00000070476	FAM217B	one2one	NA		22.9
Fam219a	ENSMUSG00000028439	FAM219A	one2one	NA		22.9
Fam219b	ENSMUSG00000032305	FAM219B	one2one	NA		22.9
Fam220a	ENSMUSG00000118332	FAM220A	one2one	NA		22.9
Fam221a	ENSMUSG00000047115	FAM221A	one2one	NA		22.9
Fam221b	ENSMUSG00000043633	FAM221B	one2one	NA		22.9
Fam222a	ENSMUSG00000041930	FAM222A	one2one	NA		22.9
Fam222b	ENSMUSG00000037750	FAM222B	one2one	NA		22.9
Fam227a	ENSMUSG00000042564	FAM227A	one2one	NA		22.9
Fam228a	ENSMUSG00000079177	FAM228A	one2one	NA		22.9
Fam228b	ENSMUSG00000050545	FAM228B	one2one	NA		22.9
Fam229b	ENSMUSG00000051736	FAM229B	one2one	NA		22.9
Fam234a	ENSMUSG00000024187	FAM234A	one2one	NA		22.9
Fam234b	ENSMUSG00000030207	FAM234B	one2one	NA		22.9
Fam241a	ENSMUSG00000050549	FAM241A	one2one	NA		22.9
Fam241b	ENSMUSG00000020083	FAM241B	one2one	NA		22.9
Fam24a	ENSMUSG00000030859	FAM24A	one2many	NA		22.9
Fam24a	ENSMUSG00000030859	FAM24B	one2many	NA		22.9
Fam24b	ENSMUSG00000030858	FAM24A	one2many	NA		22.9
Fam24b	ENSMUSG00000030858	FAM24B	one2many	NA		22.9
Fam32a	ENSMUSG00000003039	FAM32A	one2one	NA		22.9
Fam3a	ENSMUSG00000031399	FAM3A	one2one	NA		22.9
Fam3b	ENSMUSG00000022938	FAM3B	one2one	NA		22.9
Fam3c	ENSMUSG00000029672	FAM3C	one2one	NA		22.9
Fam43a	ENSMUSG00000046546	FAM43A	one2one	NA		22.9
Fam45a	ENSMUSG00000024993	DENND10	one2one	Dennd10	org.Mm.eg.db	22.9
Fam49a	ENSMUSG00000020589	CYRIA	one2one	Cyria	org.Mm.eg.db	22.9
Fam49b	ENSMUSG00000022378	CYRIB	one2one	Cyrib	org.Mm.eg.db	22.9
Fam50a	ENSMUSG00000001962	FAM50A	one2one	NA		22.9
Fam53a	ENSMUSG00000037339	FAM53A	one2one	NA		22.9
Fam53b	ENSMUSG00000030956	FAM53B	one2one	NA		22.9
Fam53c	ENSMUSG00000034300	FAM53C	one2one	NA		22.9
Fam57a	ENSMUSG00000069808	TLCD3A	one2one	Tlcd3a	org.Mm.eg.db	22.9
Fam71b	ENSMUSG00000020401	GARIN3	one2one	Garin3	org.Mm.eg.db	22.9
Fam71e1	ENSMUSG00000051113	GARIN5A	one2one	Garin5a	org.Mm.eg.db	22.9
Fam71f2	ENSMUSG00000079652	GARIN1A	one2one	Garin1a	org.Mm.eg.db	22.9
Fam72a	ENSMUSG00000055184	FAM72A	one2one	NA		22.9
Fam76a	ENSMUSG00000028878	FAM76A	one2one	NA		22.9
Fam76b	ENSMUSG00000037808	FAM76B	one2one	NA		22.9
Fam78a	ENSMUSG00000050592	FAM78A	one2one	NA		22.9
Fam78b	ENSMUSG00000060568	FAM78B	one2one	NA		22.9
Fam81a	ENSMUSG00000032224	FAM81A	one2one	NA		22.9
Fam83c	ENSMUSG00000074647	FAM83C	one2one	NA		22.9
Fam83d	ENSMUSG00000027654	FAM83D	one2one	NA		22.9
Fam83e	ENSMUSG00000054161	FAM83E	one2one	NA		22.9
Fam83f	ENSMUSG00000022408	FAM83F	one2one	NA		22.9
Fam83g	ENSMUSG00000042377	FAM83G	one2one	NA		22.9
Fam83h	ENSMUSG00000046761	FAM83H	one2one	NA		22.9
Fam89a	ENSMUSG00000043068	FAM89A	one2one	NA		22.9
Fam8a1	ENSMUSG00000069237	FAM8A1	one2one	NA		22.9
Fam91a1	ENSMUSG00000037119	FAM91A1	one2one	NA		22.9
Fam92a	ENSMUSG00000028218	CIBAR1	one2one	Cibar1	org.Mm.eg.db	22.9
Fam98a	ENSMUSG00000002017	FAM98A	one2one	NA		22.9
Fam98b	ENSMUSG00000027349	FAM98B	one2one	NA		22.9
Fam98c	ENSMUSG00000030590	FAM98C	one2one	NA		22.9
Fan1	ENSMUSG00000033458	FAN1	one2one	NA		22.9
Fanca	ENSMUSG00000032815	FANCA	one2one	NA		22.9
Fancb	ENSMUSG00000047757	FANCB	one2one	NA		22.9
Fancc	ENSMUSG00000021461	FANCC	one2one	NA		22.9
Fancd2	ENSMUSG00000034023	FANCD2	one2one	NA		22.9
Fancd2os	ENSMUSG00000033963	FANCD2OS	one2one	NA		22.9
Fance	ENSMUSG00000007570	FANCE	one2one	NA		22.9
Fancf	ENSMUSG00000092118	FANCF	one2one	NA		22.9
Fancg	ENSMUSG00000028453	FANCG	one2one	NA		22.9
Fanci	ENSMUSG00000039187	FANCI	one2one	NA		22.9
Fancl	ENSMUSG00000004018	FANCL	one2one	NA		22.9
Fancm	ENSMUSG00000055884	FANCM	one2one	NA		22.9
Fank1	ENSMUSG00000053111	FANK1	one2one	NA		22.9
Fap	ENSMUSG00000000392	FAP	one2one	NA		22.9
Far1	ENSMUSG00000030759	FAR1	one2one	NA		22.9
Far2	ENSMUSG00000030303	FAR2	one2one	NA		22.9
Farp1	ENSMUSG00000025555	FARP1	one2one	NA		22.9
Farp2	ENSMUSG00000034066	FARP2	one2one	NA		22.9
Fars2	ENSMUSG00000021420	FARS2	one2one	NA		22.9
Farsa	ENSMUSG00000003808	FARSA	one2one	NA		22.9
Farsb	ENSMUSG00000026245	FARSB	one2one	NA		22.9
Fas	ENSMUSG00000024778	FAS	one2one	NA		22.9
Fasl	ENSMUSG00000000817	FASLG	one2one	NA		22.9
Fasn	ENSMUSG00000025153	FASN	one2one	NA		22.9
Fastk	ENSMUSG00000028959	FASTK	one2one	NA		22.9
Fastkd1	ENSMUSG00000027086	FASTKD1	one2one	NA		22.9
Fastkd2	ENSMUSG00000025962	FASTKD2	one2one	NA		22.9
Fastkd3	ENSMUSG00000021532	FASTKD3	one2one	NA		22.9
Fastkd5	ENSMUSG00000079043	FASTKD5	one2one	NA		22.9
Fat1	ENSMUSG00000070047	FAT1	one2one	NA		22.9
Fat2	ENSMUSG00000055333	FAT2	one2one	NA		22.9
Fat4	ENSMUSG00000046743	FAT4	one2one	NA		22.9
Fau	ENSMUSG00000038274	FAU	one2one	NA		22.9
Faxc	ENSMUSG00000028246	FAXC	one2one	NA		22.9
Fbf1	ENSMUSG00000020776	FBF1	one2one	NA		22.9
Fbh1	ENSMUSG00000058594	FBH1	one2one	NA		22.9
Fbl	ENSMUSG00000046865	FBL	one2one	NA		22.9
Fbln1	ENSMUSG00000006369	FBLN1	one2one	NA		22.9
Fbln2	ENSMUSG00000064080	FBLN2	one2one	NA		22.9
Fbln5	ENSMUSG00000021186	FBLN5	one2one	NA		22.9
Fbn1	ENSMUSG00000027204	FBN1	one2one	NA		22.9
Fbrs	ENSMUSG00000042423	FBRS	one2one	NA		22.9
Fbrsl1	ENSMUSG00000043323	FBRSL1	one2one	NA		22.9
Fbxl12	ENSMUSG00000066892	FBXL12	one2one	NA		22.9
Fbxl13	ENSMUSG00000048520	FBXL13	one2one	NA		22.9
Fbxl14	ENSMUSG00000030019	FBXL14	one2one	NA		22.9
Fbxl15	ENSMUSG00000025226	FBXL15	one2one	NA		22.9
Fbxl16	ENSMUSG00000025738	FBXL16	one2one	NA		22.9
Fbxl17	ENSMUSG00000023965	FBXL17	one2one	NA		22.9
Fbxl18	ENSMUSG00000066640	FBXL18	one2one	NA		22.9
Fbxl19	ENSMUSG00000030811	FBXL19	one2one	NA		22.9
Fbxl2	ENSMUSG00000032507	FBXL2	one2one	NA		22.9
Fbxl20	ENSMUSG00000020883	FBXL20	one2one	NA		22.9
Fbxl21	ENSMUSG00000035509	FBXL21P	one2one	NA		22.9
Fbxl22	ENSMUSG00000050503	FBXL22	one2one	NA		22.9
Fbxl3	ENSMUSG00000022124	FBXL3	one2one	NA		22.9
Fbxl4	ENSMUSG00000040410	FBXL4	one2one	NA		22.9
Fbxl5	ENSMUSG00000039753	FBXL5	one2one	NA		22.9
Fbxl6	ENSMUSG00000022559	FBXL6	one2one	NA		22.9
Fbxl8	ENSMUSG00000033313	FBXL8	one2one	NA		22.9
Fbxo10	ENSMUSG00000048232	FBXO10	one2one	NA		22.9
Fbxo11	ENSMUSG00000005371	FBXO11	one2one	NA		22.9
Fbxo15	ENSMUSG00000034391	FBXO15	one2one	NA		22.9
Fbxo17	ENSMUSG00000030598	FBXO17	one2one	NA		22.9
Fbxo2	ENSMUSG00000041556	FBXO2	one2one	NA		22.9
Fbxo21	ENSMUSG00000032898	FBXO21	one2one	NA		22.9
Fbxo22	ENSMUSG00000032309	FBXO22	one2one	NA		22.9
Fbxo24	ENSMUSG00000089984	FBXO24	one2one	NA		22.9
Fbxo25	ENSMUSG00000038365	FBXO25	one2one	NA		22.9
Fbxo27	ENSMUSG00000037463	FBXO27	one2one	NA		22.9
Fbxo28	ENSMUSG00000047539	FBXO28	one2one	NA		22.9
Fbxo3	ENSMUSG00000027180	FBXO3	one2one	NA		22.9
Fbxo30	ENSMUSG00000047648	FBXO30	one2one	NA		22.9
Fbxo31	ENSMUSG00000052934	FBXO31	one2one	NA		22.9
Fbxo32	ENSMUSG00000022358	FBXO32	one2one	NA		22.9
Fbxo33	ENSMUSG00000035329	FBXO33	one2one	NA		22.9
Fbxo34	ENSMUSG00000037536	FBXO34	one2one	NA		22.9
Fbxo36	ENSMUSG00000073633	FBXO36	one2one	NA		22.9
Fbxo38	ENSMUSG00000042211	FBXO38	one2one	NA		22.9
Fbxo4	ENSMUSG00000022184	FBXO4	one2one	NA		22.9
Fbxo40	ENSMUSG00000047746	FBXO40	one2one	NA		22.9
Fbxo42	ENSMUSG00000028920	FBXO42	one2one	NA		22.9
Fbxo44	ENSMUSG00000029001	FBXO44	one2one	NA		22.9
Fbxo45	ENSMUSG00000035764	FBXO45	one2one	NA		22.9
Fbxo46	ENSMUSG00000050428	FBXO46	one2one	NA		22.9
Fbxo47	ENSMUSG00000070336	FBXO47	one2one	NA		22.9
Fbxo48	ENSMUSG00000044966	FBXO48	one2one	NA		22.9
Fbxo5	ENSMUSG00000019773	FBXO5	one2one	NA		22.9
Fbxo6	ENSMUSG00000055401	FBXO6	one2one	NA		22.9
Fbxo7	ENSMUSG00000001786	FBXO7	one2one	NA		22.9
Fbxo8	ENSMUSG00000038206	FBXO8	one2one	NA		22.9
Fbxo9	ENSMUSG00000001366	FBXO9	one2one	NA		22.9
Fbxw10	ENSMUSG00000090173	FBXW10	one2many	NA		22.9
Fbxw10	ENSMUSG00000090173	FBXW10B	one2many	NA		22.9
Fbxw11	ENSMUSG00000020271	FBXW11	one2one	NA		22.9
Fbxw2	ENSMUSG00000035949	FBXW2	one2one	NA		22.9
Fbxw4	ENSMUSG00000040913	FBXW4	one2one	NA		22.9
Fbxw5	ENSMUSG00000015095	FBXW5	one2one	NA		22.9
Fbxw7	ENSMUSG00000028086	FBXW7	one2one	NA		22.9
Fbxw8	ENSMUSG00000032867	FBXW8	one2one	NA		22.9
Fbxw9	ENSMUSG00000008167	FBXW9	one2one	NA		22.9
Fcamr	ENSMUSG00000026415	FCAMR	one2one	NA		22.9
Fcer1g	ENSMUSG00000058715	FCER1G	one2one	NA		22.9
Fcer2a	ENSMUSG00000005540	FCER2	one2one	NA		22.9
Fcf1	ENSMUSG00000021243	FCF1	one2one	NA		22.9
Fcgr2b	ENSMUSG00000026656	FCGR2B	one2one	NA		22.9
Fcgr3	ENSMUSG00000059498	FCGR2A	one2one	NA		22.9
Fcgrt	ENSMUSG00000003420	FCGRT	one2one	NA		22.9
Fcho1	ENSMUSG00000070000	FCHO1	one2one	NA		22.9
Fcho2	ENSMUSG00000041685	FCHO2	one2one	NA		22.9
Fchsd1	ENSMUSG00000038524	FCHSD1	one2one	NA		22.9
Fchsd2	ENSMUSG00000030691	FCHSD2	one2one	NA		22.9
Fcmr	ENSMUSG00000042474	FCMR	one2one	NA		22.9
Fcrl1	ENSMUSG00000059994	FCRL1	one2one	NA		22.9
Fcrlb	ENSMUSG00000070524	FCRLB	one2one	NA		22.9
Fcsk	ENSMUSG00000033703	FCSK	one2one	NA		22.9
Fdft1	ENSMUSG00000021273	FDFT1	one2one	NA		22.9
Fdps	ENSMUSG00000059743	FDPS	one2one	NA		22.9
Fdx1	ENSMUSG00000032051	FDX1	one2one	NA		22.9
Fdx2	ENSMUSG00000079677	FDX2	one2one	NA		22.9
Fdxacb1	ENSMUSG00000037845	FDXACB1	one2one	NA		22.9
Fdxr	ENSMUSG00000018861	FDXR	one2one	NA		22.9
Fech	ENSMUSG00000024588	FECH	one2one	NA		22.9
Fem1a	ENSMUSG00000043683	FEM1A	one2one	NA		22.9
Fem1b	ENSMUSG00000032244	FEM1B	one2one	NA		22.9
Fem1c	ENSMUSG00000033319	FEM1C	one2one	NA		22.9
Fen1	ENSMUSG00000024742	FEN1	one2one	NA		22.9
Fer	ENSMUSG00000000127	FER	one2one	NA		22.9
Fer1l5	ENSMUSG00000037432	FER1L5	one2one	NA		22.9
Fer1l6	ENSMUSG00000037106	FER1L6	one2one	NA		22.9
Fermt1	ENSMUSG00000027356	FERMT1	one2one	NA		22.9
Fermt2	ENSMUSG00000037712	FERMT2	one2one	NA		22.9
Fermt3	ENSMUSG00000024965	FERMT3	one2one	NA		22.9
Fes	ENSMUSG00000053158	FES	one2one	NA		22.9
Fez2	ENSMUSG00000056121	FEZ2	one2one	NA		22.9
Ffar1	ENSMUSG00000044453	FFAR1	one2one	NA		22.9
Ffar2	ENSMUSG00000051314	FFAR2	one2one	NA		22.9
Ffar3	ENSMUSG00000019429	FFAR3	one2one	NA		22.9
Ffar4	ENSMUSG00000054200	FFAR4	one2one	NA		22.9
Fgd1	ENSMUSG00000025265	FGD1	one2one	NA		22.9
Fgd2	ENSMUSG00000024013	FGD2	one2one	NA		22.9
Fgd3	ENSMUSG00000037946	FGD3	one2one	NA		22.9
Fgd4	ENSMUSG00000022788	FGD4	one2one	NA		22.9
Fgd5	ENSMUSG00000034037	FGD5	one2one	NA		22.9
Fgd6	ENSMUSG00000020021	FGD6	one2one	NA		22.9
Fgf1	ENSMUSG00000036585	FGF1	one2one	NA		22.9
Fgf11	ENSMUSG00000042826	FGF11	one2one	NA		22.9
Fgf13	ENSMUSG00000031137	FGF13	one2one	NA		22.9
Fgf18	ENSMUSG00000057967	FGF18	one2one	NA		22.9
Fgf2	ENSMUSG00000037225	FGF2	one2one	NA		22.9
Fgf6	ENSMUSG00000000183	FGF6	one2one	NA		22.9
Fgf7	ENSMUSG00000027208	FGF7	one2one	NA		22.9
Fgfbp3	ENSMUSG00000047632	FGFBP3	one2one	NA		22.9
Fgfr1	ENSMUSG00000031565	FGFR1	one2one	NA		22.9
Fgfr1op	ENSMUSG00000069135	CEP43	one2one	Cep43	org.Mm.eg.db	22.9
Fgfr1op2	ENSMUSG00000040242	FGFR1OP2	one2one	NA		22.9
Fgfr2	ENSMUSG00000030849	FGFR2	one2one	NA		22.9
Fgfr3	ENSMUSG00000054252	FGFR3	one2one	NA		22.9
Fgfrl1	ENSMUSG00000008090	FGFRL1	one2one	NA		22.9
Fggy	ENSMUSG00000028573	FGGY	one2one	NA		22.9
Fgl2	ENSMUSG00000039899	FGL2	one2one	NA		22.9
Fgr	ENSMUSG00000028874	FGR	one2one	NA		22.9
Fh1	ENSMUSG00000026526	FH	one2one	NA		22.9
Fhad1	ENSMUSG00000051435	FHAD1	one2one	NA		22.9
Fhdc1	ENSMUSG00000041842	FHDC1	one2one	NA		22.9
Fhit	ENSMUSG00000060579	FHIT	one2one	NA		22.9
Fhl2	ENSMUSG00000008136	FHL2	one2one	NA		22.9
Fhl3	ENSMUSG00000032643	FHL3	one2one	NA		22.9
Fhl4	ENSMUSG00000050035	FHL1	one2one	NA		22.9
Fhod1	ENSMUSG00000014778	FHOD1	one2one	NA		22.9
Fhod3	ENSMUSG00000034295	FHOD3	one2one	NA		22.9
Fibcd1	ENSMUSG00000026841	FIBCD1	one2one	NA		22.9
Fibp	ENSMUSG00000024911	FIBP	one2one	NA		22.9
Ficd	ENSMUSG00000053334	FICD	one2one	NA		22.9
Fig4	ENSMUSG00000038417	FIG4	one2one	NA		22.9
Fignl1	ENSMUSG00000035455	FIGNL1	one2one	NA		22.9
Filip1	ENSMUSG00000034898	FILIP1	one2one	NA		22.9
Filip1l	ENSMUSG00000043336	FILIP1L	one2one	NA		22.9
Fip1l1	ENSMUSG00000029227	FIP1L1	one2one	NA		22.9
Fis1	ENSMUSG00000019054	FIS1	one2one	NA		22.9
Fitm2	ENSMUSG00000048486	FITM2	one2one	NA		22.9
Fiz1	ENSMUSG00000061374	FIZ1	one2one	NA		22.9
Fjx1	ENSMUSG00000075012	FJX1	one2one	NA		22.9
Fkbp10	ENSMUSG00000001555	FKBP10	one2one	NA		22.9
Fkbp11	ENSMUSG00000003355	FKBP11	one2one	NA		22.9
Fkbp15	ENSMUSG00000066151	FKBP15	one2one	NA		22.9
Fkbp1a	ENSMUSG00000032966	FKBP1A	one2one	NA		22.9
Fkbp1b	ENSMUSG00000020635	FKBP1B	one2one	NA		22.9
Fkbp2	ENSMUSG00000056629	FKBP2	one2one	NA		22.9
Fkbp3	ENSMUSG00000020949	FKBP3	one2one	NA		22.9
Fkbp4	ENSMUSG00000030357	FKBP4	one2one	NA		22.9
Fkbp5	ENSMUSG00000024222	FKBP5	one2one	NA		22.9
Fkbp7	ENSMUSG00000002732	FKBP7	one2one	NA		22.9
Fkbp8	ENSMUSG00000019428	FKBP8	one2one	NA		22.9
Fkbp9	ENSMUSG00000029781	FKBP9	one2one	NA		22.9
Fkbpl	ENSMUSG00000033739	FKBPL	one2one	NA		22.9
Fkrp	ENSMUSG00000048920	FKRP	one2one	NA		22.9
Fktn	ENSMUSG00000028414	FKTN	one2one	NA		22.9
Flacc1	ENSMUSG00000047528	FLACC1	one2one	NA		22.9
Flad1	ENSMUSG00000042642	FLAD1	one2one	NA		22.9
Flcn	ENSMUSG00000032633	FLCN	one2one	NA		22.9
Fli1	ENSMUSG00000016087	FLI1	one2one	NA		22.9
Flii	ENSMUSG00000002812	FLII	one2one	NA		22.9
Flna	ENSMUSG00000031328	FLNA	one2one	NA		22.9
Flnb	ENSMUSG00000025278	FLNB	one2one	NA		22.9
Flot1	ENSMUSG00000059714	FLOT1	one2one	NA		22.9
Flot2	ENSMUSG00000061981	FLOT2	one2one	NA		22.9
Flrt1	ENSMUSG00000047787	FLRT1	one2one	NA		22.9
Flrt2	ENSMUSG00000047414	FLRT2	one2one	NA		22.9
Flt1	ENSMUSG00000029648	FLT1	one2one	NA		22.9
Flt3	ENSMUSG00000042817	FLT3	one2one	NA		22.9
Flt3l	ENSMUSG00000110206	FLT3LG	one2one	NA		22.9
Flt4	ENSMUSG00000020357	FLT4	one2one	NA		22.9
Flvcr1	ENSMUSG00000066595	FLVCR1	one2one	NA		22.9
Flvcr2	ENSMUSG00000034258	FLVCR2	one2one	NA		22.9
Flywch1	ENSMUSG00000040097	FLYWCH1	one2one	NA		22.9
Flywch2	ENSMUSG00000023911	FLYWCH2	one2one	NA		22.9
Fmc1	ENSMUSG00000019689	FMC1	one2one	NA		22.9
Fmnl1	ENSMUSG00000055805	FMNL1	one2one	NA		22.9
Fmnl2	ENSMUSG00000036053	FMNL2	one2one	NA		22.9
Fmnl3	ENSMUSG00000023008	FMNL3	one2one	NA		22.9
Fmo5	ENSMUSG00000028088	FMO5	one2one	NA		22.9
Fmr1	ENSMUSG00000000838	FMR1	one2one	NA		22.9
Fmr1nb	ENSMUSG00000062170	FMR1NB	one2one	NA		22.9
Fn1	ENSMUSG00000026193	FN1	one2one	NA		22.9
Fn3k	ENSMUSG00000025175	FN3K	one2one	NA		22.9
Fn3krp	ENSMUSG00000039253	FN3KRP	one2one	NA		22.9
Fnbp1	ENSMUSG00000075415	FNBP1	one2one	NA		22.9
Fnbp1l	ENSMUSG00000039735	FNBP1L	one2one	NA		22.9
Fnbp4	ENSMUSG00000008200	FNBP4	one2one	NA		22.9
Fndc10	ENSMUSG00000074738	FNDC10	one2one	NA		22.9
Fndc3a	ENSMUSG00000033487	FNDC3A	one2one	NA		22.9
Fndc3b	ENSMUSG00000039286	FNDC3B	one2one	NA		22.9
Fndc4	ENSMUSG00000038552	FNDC4	one2one	NA		22.9
Fndc7	ENSMUSG00000045326	FNDC7	one2one	NA		22.9
Fndc8	ENSMUSG00000018844	FNDC8	one2one	NA		22.9
Fndc9	ENSMUSG00000048721	FNDC9	one2one	NA		22.9
Fnip1	ENSMUSG00000035992	FNIP1	one2one	NA		22.9
Fnip2	ENSMUSG00000061175	FNIP2	one2one	NA		22.9
Fnta	ENSMUSG00000015994	FNTA	one2one	NA		22.9
Fntb	ENSMUSG00000033373	FNTB	one2one	NA		22.9
Focad	ENSMUSG00000038368	FOCAD	one2one	NA		22.9
Fopnl	ENSMUSG00000022677	CEP20	one2one	Cep20	org.Mm.eg.db	22.9
Fos	ENSMUSG00000021250	FOS	one2one	NA		22.9
Fosb	ENSMUSG00000003545	FOSB	one2one	NA		22.9
Fosl1	ENSMUSG00000024912	FOSL1	one2one	NA		22.9
Fosl2	ENSMUSG00000029135	FOSL2	one2one	NA		22.9
Foxc1	ENSMUSG00000050295	FOXC1	one2one	NA		22.9
Foxd2	ENSMUSG00000055210	FOXD2	one2one	NA		22.9
Foxf1	ENSMUSG00000042812	FOXF1	one2one	NA		22.9
Foxf2	ENSMUSG00000038402	FOXF2	one2one	NA		22.9
Foxj1	ENSMUSG00000034227	FOXJ1	one2one	NA		22.9
Foxj2	ENSMUSG00000003154	FOXJ2	one2one	NA		22.9
Foxj3	ENSMUSG00000032998	FOXJ3	one2one	NA		22.9
Foxk1	ENSMUSG00000056493	FOXK1	one2one	NA		22.9
Foxk2	ENSMUSG00000039275	FOXK2	one2one	NA		22.9
Foxm1	ENSMUSG00000001517	FOXM1	one2one	NA		22.9
Foxn2	ENSMUSG00000034998	FOXN2	one2one	NA		22.9
Foxn3	ENSMUSG00000033713	FOXN3	one2one	NA		22.9
Foxo1	ENSMUSG00000044167	FOXO1	one2one	NA		22.9
Foxo3	ENSMUSG00000048756	FOXO3	one2one	NA		22.9
Foxo4	ENSMUSG00000042903	FOXO4	one2one	NA		22.9
Foxo6	ENSMUSG00000052135	FOXO6	one2one	NA		22.9
Foxp1	ENSMUSG00000030067	FOXP1	one2one	NA		22.9
Foxp3	ENSMUSG00000039521	FOXP3	one2one	NA		22.9
Foxp4	ENSMUSG00000023991	FOXP4	one2one	NA		22.9
Foxq1	ENSMUSG00000038415	FOXQ1	one2one	NA		22.9
Foxred1	ENSMUSG00000039048	FOXRED1	one2one	NA		22.9
Foxred2	ENSMUSG00000016552	FOXRED2	one2one	NA		22.9
Foxs1	ENSMUSG00000074676	FOXS1	one2one	NA		22.9
Fpgs	ENSMUSG00000009566	FPGS	one2one	NA		22.9
Fpgt	ENSMUSG00000053870	FPGT	one2one	NA		22.9
Fra10ac1	ENSMUSG00000054237	FRA10AC1	one2one	NA		22.9
Frat1	ENSMUSG00000067199	FRAT1	one2one	NA		22.9
Frat2	ENSMUSG00000047604	FRAT2	one2one	NA		22.9
Frem2	ENSMUSG00000037016	FREM2	one2one	NA		22.9
Frg1	ENSMUSG00000031590	FRG1	one2one	NA		22.9
Frg2f1	ENSMUSG00000087385	FRG2B	one2one	NA		22.9
Frmd4a	ENSMUSG00000026657	FRMD4A	one2one	NA		22.9
Frmd4b	ENSMUSG00000030064	FRMD4B	one2one	NA		22.9
Frmd5	ENSMUSG00000027238	FRMD5	one2one	NA		22.9
Frmd6	ENSMUSG00000048285	FRMD6	one2one	NA		22.9
Frmd8	ENSMUSG00000024816	FRMD8	one2one	NA		22.9
Frmpd1	ENSMUSG00000035615	FRMPD1	one2one	NA		22.9
Frrs1	ENSMUSG00000033386	FRRS1	one2one	NA		22.9
Frrs1l	ENSMUSG00000045589	FRRS1L	one2one	NA		22.9
Frs2	ENSMUSG00000020170	FRS2	one2one	NA		22.9
Frs3	ENSMUSG00000023266	FRS3	one2one	NA		22.9
Fry	ENSMUSG00000056602	FRY	one2one	NA		22.9
Fryl	ENSMUSG00000070733	FRYL	one2one	NA		22.9
Fsbp	ENSMUSG00000094595	FSBP	one2one	NA		22.9
Fscn1	ENSMUSG00000029581	FSCN1	one2one	NA		22.9
Fscn2	ENSMUSG00000025380	FSCN2	one2one	NA		22.9
Fsd1l	ENSMUSG00000054752	FSD1L	one2one	NA		22.9
Fsd2	ENSMUSG00000038663	FSD2	one2one	NA		22.9
Fsip1	ENSMUSG00000027344	FSIP1	one2one	NA		22.9
Fst	ENSMUSG00000021765	FST	one2one	NA		22.9
Fstl4	ENSMUSG00000036264	FSTL4	one2one	NA		22.9
Fth1	ENSMUSG00000024661	FTH1	one2one	NA		22.9
Ftl1	ENSMUSG00000050708	FTL	many2one	NA		22.9
Ftl1-ps1	ENSMUSG00000062382	FTL	many2one	NA		22.9
Fto	ENSMUSG00000055932	FTO	one2one	NA		22.9
Ftsj1	ENSMUSG00000031171	FTSJ1	one2one	NA		22.9
Ftsj3	ENSMUSG00000020706	FTSJ3	one2one	NA		22.9
Fubp1	ENSMUSG00000028034	FUBP1	one2one	NA		22.9
Fubp3	ENSMUSG00000026843	FUBP3	one2one	NA		22.9
Fuca1	ENSMUSG00000028673	FUCA1	one2one	NA		22.9
Fuca2	ENSMUSG00000019810	FUCA2	one2one	NA		22.9
Fundc1	ENSMUSG00000025040	FUNDC1	one2one	NA		22.9
Fundc2	ENSMUSG00000031198	FUNDC2	many2one	NA		22.9
Fuom	ENSMUSG00000025466	FUOM	one2one	NA		22.9
Furin	ENSMUSG00000030530	FURIN	one2one	NA		22.9
Fus	ENSMUSG00000030795	FUS	one2one	NA		22.9
Fut10	ENSMUSG00000046152	FUT10	one2one	NA		22.9
Fut11	ENSMUSG00000039357	FUT11	one2one	NA		22.9
Fut2	ENSMUSG00000055978	FUT2	many2one	NA		22.9
Fut4	ENSMUSG00000049307	FUT4	one2one	NA		22.9
Fut7	ENSMUSG00000036587	FUT7	one2one	NA		22.9
Fut8	ENSMUSG00000021065	FUT8	one2one	NA		22.9
Fuz	ENSMUSG00000011658	FUZ	one2one	NA		22.9
Fxn	ENSMUSG00000059363	FXN	one2one	NA		22.9
Fxr1	ENSMUSG00000027680	FXR1	one2one	NA		22.9
Fxr2	ENSMUSG00000018765	FXR2	one2one	NA		22.9
Fxyd4	ENSMUSG00000004988	FXYD4	one2one	NA		22.9
Fxyd5	ENSMUSG00000009687	FXYD5	one2one	NA		22.9
Fxyd7	ENSMUSG00000036578	FXYD7	one2one	NA		22.9
Fyb	ENSMUSG00000022148	FYB1	one2one	NA		22.9
Fyco1	ENSMUSG00000025241	FYCO1	one2one	NA		22.9
Fyn	ENSMUSG00000019843	FYN	one2one	NA		22.9
Fyttd1	ENSMUSG00000022800	FYTTD1	one2one	NA		22.9
Fzd10	ENSMUSG00000081683	FZD10	one2one	NA		22.9
Fzd3	ENSMUSG00000007989	FZD3	one2one	NA		22.9
Fzd4	ENSMUSG00000049791	FZD4	one2one	NA		22.9
Fzd5	ENSMUSG00000045005	FZD5	one2one	NA		22.9
Fzd6	ENSMUSG00000022297	FZD6	one2one	NA		22.9
Fzd7	ENSMUSG00000041075	FZD7	one2one	NA		22.9
Fzd9	ENSMUSG00000049551	FZD9	one2one	NA		22.9
Fzr1	ENSMUSG00000020235	FZR1	one2one	NA		22.9
G2e3	ENSMUSG00000035293	G2E3	one2one	NA		22.9
G3bp1	ENSMUSG00000018583	G3BP1	one2one	NA		22.9
G3bp2	ENSMUSG00000029405	G3BP2	one2one	NA		22.9
G6pc3	ENSMUSG00000034793	G6PC3	one2one	NA		22.9
G6pd2	ENSMUSG00000089992	G6PD	many2one	NA		22.9
G6pdx	ENSMUSG00000031400	G6PD	many2one	NA		22.9
Gaa	ENSMUSG00000025579	GAA	one2one	NA		22.9
Gab1	ENSMUSG00000031714	GAB1	one2one	NA		22.9
Gab2	ENSMUSG00000004508	GAB2	one2one	NA		22.9
Gab3	ENSMUSG00000032750	GAB3	one2one	NA		22.9
Gabarap	ENSMUSG00000018567	GABARAP	one2one	NA		22.9
Gabarapl1	ENSMUSG00000030161	GABARAPL1	one2one	NA		22.9
Gabarapl2	ENSMUSG00000031950	GABARAPL2	one2one	NA		22.9
Gabbr1	ENSMUSG00000024462	GABBR1	one2one	NA		22.9
Gabpa	ENSMUSG00000008976	GABPA	one2one	NA		22.9
Gabpb1	ENSMUSG00000027361	GABPB1	one2one	NA		22.9
Gabpb2	ENSMUSG00000038766	GABPB2	one2one	NA		22.9
Gabra4	ENSMUSG00000029211	GABRA4	one2one	NA		22.9
Gabrb1	ENSMUSG00000029212	GABRB1	one2one	NA		22.9
Gabrd	ENSMUSG00000029054	GABRD	one2one	NA		22.9
Gabrr2	ENSMUSG00000023267	GABRR2	one2one	NA		22.9
Gad2	ENSMUSG00000026787	GAD2	one2one	NA		22.9
Gadd45a	ENSMUSG00000036390	GADD45A	one2one	NA		22.9
Gadd45b	ENSMUSG00000015312	GADD45B	one2one	NA		22.9
Gadd45g	ENSMUSG00000021453	GADD45G	one2one	NA		22.9
Gadd45gip1	ENSMUSG00000033751	GADD45GIP1	one2one	NA		22.9
Gak	ENSMUSG00000062234	GAK	one2one	NA		22.9
Gal	ENSMUSG00000024907	GAL	one2one	NA		22.9
Galc	ENSMUSG00000021003	GALC	one2one	NA		22.9
Gale	ENSMUSG00000028671	GALE	one2one	NA		22.9
Galk1	ENSMUSG00000020766	GALK1	one2one	NA		22.9
Galk2	ENSMUSG00000027207	GALK2	one2one	NA		22.9
Galm	ENSMUSG00000035473	GALM	one2one	NA		22.9
Galns	ENSMUSG00000015027	GALNS	one2one	NA		22.9
Galnt1	ENSMUSG00000000420	GALNT1	one2one	NA		22.9
Galnt10	ENSMUSG00000020520	GALNT10	one2one	NA		22.9
Galnt11	ENSMUSG00000038072	GALNT11	one2one	NA		22.9
Galnt12	ENSMUSG00000039774	GALNT12	one2one	NA		22.9
Galnt14	ENSMUSG00000024064	GALNT14	one2one	NA		22.9
Galnt2	ENSMUSG00000089704	GALNT2	one2one	NA		22.9
Galnt3	ENSMUSG00000026994	GALNT3	one2one	NA		22.9
Galnt4	ENSMUSG00000090035	GALNT4	one2one	NA		22.9
Galnt5	ENSMUSG00000026828	GALNT5	one2one	NA		22.9
Galnt6	ENSMUSG00000037280	GALNT6	one2one	NA		22.9
Galnt7	ENSMUSG00000031608	GALNT7	one2one	NA		22.9
Galnt9	ENSMUSG00000033316	GALNT9	one2one	NA		22.9
Galr2	ENSMUSG00000020793	GALR2	one2one	NA		22.9
Galr3	ENSMUSG00000114755	GALR3	one2one	NA		22.9
Galt	ENSMUSG00000036073	GALT	one2one	NA		22.9
Gamt	ENSMUSG00000020150	GAMT	one2one	NA		22.9
Gan	ENSMUSG00000052557	GAN	one2one	NA		22.9
Ganab	ENSMUSG00000071650	GANAB	one2one	NA		22.9
Ganc	ENSMUSG00000062646	GANC	one2one	NA		22.9
Gap43	ENSMUSG00000047261	GAP43	one2one	NA		22.9
Gapdh	ENSMUSG00000057666	GAPDH	many2one	NA		22.9
Gapdhs	ENSMUSG00000061099	GAPDHS	one2one	NA		22.9
Gapvd1	ENSMUSG00000026867	GAPVD1	one2one	NA		22.9
Gar1	ENSMUSG00000028010	GAR1	one2one	NA		22.9
Garem2	ENSMUSG00000044576	GAREM2	one2one	NA		22.9
Garnl3	ENSMUSG00000038860	GARNL3	one2one	NA		22.9
Gars	ENSMUSG00000029777	GARS1	one2one	NA		22.9
Gart	ENSMUSG00000022962	GART	one2one	NA		22.9
Gas2	ENSMUSG00000030498	GAS2	one2one	NA		22.9
Gas2l1	ENSMUSG00000034201	GAS2L1	one2one	NA		22.9
Gas2l3	ENSMUSG00000074802	GAS2L3	one2one	NA		22.9
Gas7	ENSMUSG00000033066	GAS7	one2one	NA		22.9
Gas8	ENSMUSG00000040220	GAS8	one2one	NA		22.9
Gask1a	ENSMUSG00000038233	GASK1A	one2one	NA		22.9
Gata1	ENSMUSG00000031162	GATA1	one2one	NA		22.9
Gata3	ENSMUSG00000015619	GATA3	one2one	NA		22.9
Gatad1	ENSMUSG00000007415	GATAD1	one2one	NA		22.9
Gatad2a	ENSMUSG00000036180	GATAD2A	one2one	NA		22.9
Gatad2b	ENSMUSG00000042390	GATAD2B	one2one	NA		22.9
Gatb	ENSMUSG00000028085	GATB	one2one	NA		22.9
Gatc	ENSMUSG00000029536	GATC	one2one	NA		22.9
Gatd1	ENSMUSG00000051007	GATD1	one2one	NA		22.9
Gatd3a	ENSMUSG00000053329	GATD3	one2one	NA		22.9
Gatm	ENSMUSG00000027199	GATM	one2one	NA		22.9
Gba	ENSMUSG00000028048	GBA1	one2one	NA		22.9
Gba2	ENSMUSG00000028467	GBA2	one2one	NA		22.9
Gbe1	ENSMUSG00000022707	GBE1	one2one	NA		22.9
Gbf1	ENSMUSG00000025224	GBF1	one2one	NA		22.9
Gbp10	ENSMUSG00000105096	GBP6	many2one	NA		22.9
Gbp11	ENSMUSG00000092021	GBP6	many2one	NA		22.9
Gbp2	ENSMUSG00000028270	GBP2	many2one	NA		22.9
Gbp2b	ENSMUSG00000040264	GBP2	many2one	NA		22.9
Gbp3	ENSMUSG00000028268	GBP4	one2one	NA		22.9
Gbp4	ENSMUSG00000079363	GBP6	many2one	NA		22.9
Gbp5	ENSMUSG00000105504	GBP5	one2one	NA		22.9
Gbp6	ENSMUSG00000104713	GBP6	many2one	NA		22.9
Gbp7	ENSMUSG00000040253	GBP7	one2one	NA		22.9
Gbp8	ENSMUSG00000034438	GBP6	many2one	NA		22.9
Gbp9	ENSMUSG00000029298	GBP6	many2one	NA		22.9
Gbx1	ENSMUSG00000067724	GBX1	one2one	NA		22.9
Gca	ENSMUSG00000026893	GCA	one2one	NA		22.9
Gcat	ENSMUSG00000006378	GCAT	one2one	NA		22.9
Gcc1	ENSMUSG00000029708	GCC1	one2one	NA		22.9
Gcc2	ENSMUSG00000038039	GCC2	one2one	NA		22.9
Gcdh	ENSMUSG00000003809	GCDH	one2one	NA		22.9
Gcfc2	ENSMUSG00000035125	GCFC2	one2one	NA		22.9
Gch1	ENSMUSG00000037580	GCH1	one2one	NA		22.9
Gclc	ENSMUSG00000032350	GCLC	one2one	NA		22.9
Gclm	ENSMUSG00000028124	GCLM	one2one	NA		22.9
Gcm2	ENSMUSG00000021362	GCM2	one2one	NA		22.9
Gcn1	ENSMUSG00000041638	GCN1	one2one	NA		22.9
Gcnt1	ENSMUSG00000038843	GCNT1	one2one	NA		22.9
Gcnt2	ENSMUSG00000021360	GCNT2	one2one	NA		22.9
Gcnt3	ENSMUSG00000032226	GCNT3	one2one	NA		22.9
Gcnt4	ENSMUSG00000091387	GCNT4	one2one	NA		22.9
Gcnt7	ENSMUSG00000074569	GCNT7	one2one	NA		22.9
Gcsh	ENSMUSG00000034424	GCSH	one2one	NA		22.9
Gda	ENSMUSG00000058624	GDA	one2one	NA		22.9
Gdap2	ENSMUSG00000027865	GDAP2	one2one	NA		22.9
Gde1	ENSMUSG00000033917	GDE1	one2one	NA		22.9
Gdf11	ENSMUSG00000025352	GDF11	one2one	NA		22.9
Gdf6	ENSMUSG00000051279	GDF6	one2one	NA		22.9
Gdf9	ENSMUSG00000018238	GDF9	one2one	NA		22.9
Gdi1	ENSMUSG00000015291	GDI1	one2one	NA		22.9
Gdi2	ENSMUSG00000021218	GDI2	one2one	NA		22.9
Gdpd1	ENSMUSG00000061666	GDPD1	one2one	NA		22.9
Gdpd3	ENSMUSG00000030703	GDPD3	one2one	NA		22.9
Gdpd5	ENSMUSG00000035314	GDPD5	one2one	NA		22.9
Gdpgp1	ENSMUSG00000050973	GDPGP1	one2one	NA		22.9
Gem	ENSMUSG00000028214	GEM	one2one	NA		22.9
Gemin2	ENSMUSG00000060121	GEMIN2	one2one	NA		22.9
Gemin4	ENSMUSG00000049396	GEMIN4	one2one	NA		22.9
Gemin5	ENSMUSG00000037275	GEMIN5	one2one	NA		22.9
Gemin6	ENSMUSG00000055760	GEMIN6	one2one	NA		22.9
Gemin7	ENSMUSG00000044709	GEMIN7	one2one	NA		22.9
Gemin8	ENSMUSG00000040621	GEMIN8	one2one	NA		22.9
Gen1	ENSMUSG00000051235	GEN1	one2one	NA		22.9
Get1	ENSMUSG00000023147	GET1	one2one	NA		22.9
Get4	ENSMUSG00000025858	GET4	one2one	NA		22.9
Gfap	ENSMUSG00000020932	GFAP	one2one	NA		22.9
Gfer	ENSMUSG00000040888	GFER	one2one	NA		22.9
Gfi1	ENSMUSG00000029275	GFI1	one2one	NA		22.9
Gfm1	ENSMUSG00000027774	GFM1	one2one	NA		22.9
Gfm2	ENSMUSG00000021666	GFM2	one2one	NA		22.9
Gfod1	ENSMUSG00000051335	GFOD1	one2one	NA		22.9
Gfod2	ENSMUSG00000013150	GFOD2	one2one	NA		22.9
Gfpt1	ENSMUSG00000029992	GFPT1	one2one	NA		22.9
Gfpt2	ENSMUSG00000020363	GFPT2	one2one	NA		22.9
Gfra1	ENSMUSG00000025089	GFRA1	one2one	NA		22.9
Gfra2	ENSMUSG00000022103	GFRA2	one2one	NA		22.9
Gfra4	ENSMUSG00000027316	GFRA4	one2one	NA		22.9
Gga1	ENSMUSG00000033128	GGA1	one2one	NA		22.9
Gga2	ENSMUSG00000030872	GGA2	one2one	NA		22.9
Gga3	ENSMUSG00000020740	GGA3	one2one	NA		22.9
Ggact	ENSMUSG00000041625	GGACT	one2one	NA		22.9
Ggct	ENSMUSG00000002797	GGCT	one2one	NA		22.9
Ggcx	ENSMUSG00000053460	GGCX	one2one	NA		22.9
Ggh	ENSMUSG00000073987	GGH	one2one	NA		22.9
Ggn	ENSMUSG00000031493	GGN	one2one	NA		22.9
Ggnbp2	ENSMUSG00000020530	GGNBP2	one2one	NA		22.9
Ggps1	ENSMUSG00000021302	GGPS1	one2one	NA		22.9
Ggt1	ENSMUSG00000006345	GGT2P	one2one	NA		22.9
Ggt5	ENSMUSG00000006344	GGT5	one2one	NA		22.9
Ggt7	ENSMUSG00000027603	GGT7	one2one	NA		22.9
Ghdc	ENSMUSG00000017747	GHDC	one2one	NA		22.9
Ghitm	ENSMUSG00000041028	GHITM	one2one	NA		22.9
Ghr	ENSMUSG00000055737	GHR	one2one	NA		22.9
Ghrl	ENSMUSG00000064177	GHRL	one2one	NA		22.9
Gid4	ENSMUSG00000018415	GID4	one2one	NA		22.9
Gid8	ENSMUSG00000027573	GID8	one2one	NA		22.9
Gigyf1	ENSMUSG00000029714	GIGYF1	one2one	NA		22.9
Gigyf2	ENSMUSG00000048000	GIGYF2	one2one	NA		22.9
Gimap1	ENSMUSG00000090019	GIMAP1	one2one	NA		22.9
Gimap3	ENSMUSG00000039264	GIMAP5	many2one	NA		22.9
Gimap4	ENSMUSG00000054435	GIMAP4	one2one	NA		22.9
Gimap5	ENSMUSG00000043505	GIMAP5	many2one	NA		22.9
Gimap6	ENSMUSG00000047867	GIMAP6	one2one	NA		22.9
Gimap7	ENSMUSG00000043931	GIMAP7	one2one	NA		22.9
Gimap8	ENSMUSG00000064262	GIMAP8	one2one	NA		22.9
Gin1	ENSMUSG00000026333	GIN1	one2one	NA		22.9
Ginm1	ENSMUSG00000040006	GINM1	one2one	NA		22.9
Gins1	ENSMUSG00000027454	GINS1	one2one	NA		22.9
Gins2	ENSMUSG00000031821	GINS2	one2one	NA		22.9
Gins3	ENSMUSG00000031669	GINS3	one2one	NA		22.9
Gins4	ENSMUSG00000031546	GINS4	one2one	NA		22.9
Gipc1	ENSMUSG00000019433	GIPC1	one2one	NA		22.9
Gipc3	ENSMUSG00000034872	GIPC3	one2one	NA		22.9
Gipr	ENSMUSG00000030406	GIPR	one2one	NA		22.9
Git1	ENSMUSG00000011877	GIT1	one2one	NA		22.9
Git2	ENSMUSG00000041890	GIT2	one2one	NA		22.9
Gja1	ENSMUSG00000050953	GJA1	many2one	NA		22.9
Gja5	ENSMUSG00000057123	GJA5	one2one	NA		22.9
Gja6	ENSMUSG00000055691	GJA1	many2one	NA		22.9
Gja8	ENSMUSG00000049908	GJA8	one2one	NA		22.9
Gjb2	ENSMUSG00000046352	GJB2	one2one	NA		22.9
Gjc1	ENSMUSG00000034520	GJC1	one2one	NA		22.9
Gjc2	ENSMUSG00000043448	GJC2	one2one	NA		22.9
Gjd3	ENSMUSG00000047197	GJD3	one2one	NA		22.9
Gk	ENSMUSG00000025059	GK	one2one	NA		22.9
Gk5	ENSMUSG00000041440	GK5	one2one	NA		22.9
Gkap1	ENSMUSG00000021552	GKAP1	one2one	NA		22.9
Gla	ENSMUSG00000031266	GLA	one2one	NA		22.9
Glb1	ENSMUSG00000045594	GLB1	one2one	NA		22.9
Glb1l	ENSMUSG00000026200	GLB1L	one2one	NA		22.9
Glcci1	ENSMUSG00000029638	GLCCI1	one2one	NA		22.9
Glce	ENSMUSG00000032252	GLCE	one2one	NA		22.9
Gldc	ENSMUSG00000024827	GLDC	one2one	NA		22.9
Gle1	ENSMUSG00000019715	GLE1	one2one	NA		22.9
Glg1	ENSMUSG00000003316	GLG1	one2one	NA		22.9
Gli1	ENSMUSG00000025407	GLI1	one2one	NA		22.9
Gli3	ENSMUSG00000021318	GLI3	one2one	NA		22.9
Glipr1	ENSMUSG00000056888	GLIPR1	one2one	NA		22.9
Glipr2	ENSMUSG00000028480	GLIPR2	one2one	NA		22.9
Glis1	ENSMUSG00000034762	GLIS1	one2one	NA		22.9
Glis2	ENSMUSG00000014303	GLIS2	one2one	NA		22.9
Glis3	ENSMUSG00000052942	GLIS3	one2one	NA		22.9
Glmn	ENSMUSG00000029276	GLMN	one2one	NA		22.9
Glmp	ENSMUSG00000001418	GLMP	one2one	NA		22.9
Glo1	ENSMUSG00000024026	GLO1	one2one	NA		22.9
Glod4	ENSMUSG00000017286	GLOD4	one2one	NA		22.9
Glp1r	ENSMUSG00000024027	GLP1R	one2one	NA		22.9
Glra4	ENSMUSG00000018595	GLRA4	one2one	NA		22.9
Glrb	ENSMUSG00000028020	GLRB	one2one	NA		22.9
Glrx	ENSMUSG00000021591	GLRX	one2one	NA		22.9
Glrx2	ENSMUSG00000018196	GLRX2	one2one	NA		22.9
Glrx3	ENSMUSG00000031068	GLRX3	one2one	NA		22.9
Glrx5	ENSMUSG00000021102	GLRX5	one2one	NA		22.9
Gls	ENSMUSG00000026103	GLS	one2one	NA		22.9
Gls2	ENSMUSG00000044005	GLS2	one2one	NA		22.9
Glt8d1	ENSMUSG00000021916	GLT8D1	one2one	NA		22.9
Glt8d2	ENSMUSG00000020251	GLT8D2	one2one	NA		22.9
Gltp	ENSMUSG00000011884	GLTP	one2one	NA		22.9
Glud1	ENSMUSG00000021794	GLUD1	one2one	NA		22.9
Glul	ENSMUSG00000026473	GLUL	one2one	NA		22.9
Glyctk	ENSMUSG00000020258	GLYCTK	one2one	NA		22.9
Glyr1	ENSMUSG00000022536	GLYR1	one2one	NA		22.9
Gm10037	ENSMUSG00000058246	ZNF738	one2one	NA		22.9
Gm10053	ENSMUSG00000058927	CYCS	many2one	NA		22.9
Gm10184	ENSMUSG00000066878	KPNA2	many2one	NA		22.9
Gm10282	ENSMUSG00000070713	HMGN2	many2one	Hmgn2-ps	org.Mm.eg.db	22.9
Gm10320	ENSMUSG00000092116	SEC61B	many2one	NA		22.9
Gm1043	ENSMUSG00000117286	C4orf50	one2one	NA		22.9
Gm10767	ENSMUSG00000074826	RAMAC	many2one	NA		22.9
Gm11100	ENSMUSG00000079357	C3orf49	one2one	NA		22.9
Gm11639	ENSMUSG00000040838	EFCAB13	one2one	NA		22.9
Gm11808	ENSMUSG00000068240	UBA52	many2one	NA		22.9
Gm11992	ENSMUSG00000040978	C7orf57	one2one	NA		22.9
Gm12166	ENSMUSG00000069899	SFT2D1	many2one	NA		22.9
Gm12184	ENSMUSG00000078154	CDK2AP1	many2one	NA		22.9
Gm12248	ENSMUSG00000086962	FAXDC2	one2one	NA		22.9
Gm128	ENSMUSG00000068860	C1orf56	one2one	NA		22.9
Gm13212	ENSMUSG00000078502	ZNF616	one2many	Zfp268	org.Mm.eg.db	22.9
Gm13212	ENSMUSG00000078502	ZNF841	one2many	Zfp268	org.Mm.eg.db	22.9
Gm13889	ENSMUSG00000087006	C11orf96	one2one	NA		22.9
Gm14137	ENSMUSG00000055926	C15orf62	one2one	NA		22.9
Gm14295	ENSMUSG00000078877	ZNF14	one2many	NA		22.9
Gm14295	ENSMUSG00000078877	ZNF433	one2many	NA		22.9
Gm14295	ENSMUSG00000078877	ZNF441	one2many	NA		22.9
Gm14295	ENSMUSG00000078877	ZNF443	one2many	NA		22.9
Gm14295	ENSMUSG00000078877	ZNF709	one2many	NA		22.9
Gm14597	ENSMUSG00000079593	CT55	one2one	4933416I08Rik	org.Mm.eg.db	22.9
Gm14698	ENSMUSG00000071748	STYX	many2one	Styx-ps	org.Mm.eg.db	22.9
Gm16286	ENSMUSG00000024571	NAA11	one2one	Naa12	org.Mm.eg.db	22.9
Gm1673	ENSMUSG00000070858	C4orf48	one2one	NA		22.9
Gm17018	ENSMUSG00000041035	DPCD	one2one	Dpcd	org.Mm.eg.db	22.9
Gm17455	ENSMUSG00000090439	C10orf105	one2one	NA		22.9
Gm2000	ENSMUSG00000078193	RPL35	many2one	NA		22.9
Gm20219	ENSMUSG00000110218	TINCR	one2one	Tincr	org.Mm.eg.db	22.9
Gm20498	ENSMUSG00000021139	SYNJ2BP-COX16	one2one	NA		22.9
Gm20518	ENSMUSG00000092470	DGCR2	many2one	NA		22.9
Gm20605	ENSMUSG00000029720	LRCH4	many2one	NA		22.9
Gm2115	ENSMUSG00000097789	CTXND1	one2one	Ctxnd1	org.Mm.eg.db	22.9
Gm21188	ENSMUSG00000095609	ANXA2R	one2one	NA		22.9
Gm21885	ENSMUSG00000094091	ANKRD40CL	one2one	Ankrd40cl	org.Mm.eg.db	22.9
Gm21988	ENSMUSG00000040904	RNASEK	many2one	NA		22.9
Gm27029	ENSMUSG00000097239	PTGES3L-AARSD1	one2one	NA		22.9
Gm29609	ENSMUSG00000101678	GTF3C2	many2one	NA		22.9
Gm2a	ENSMUSG00000000594	GM2A	one2one	NA		22.9
Gm3435	ENSMUSG00000116895	ERMARD	many2one	NA		22.9
Gm35060	ENSMUSG00000109238	TEX51	one2one	Tex51	org.Mm.eg.db	22.9
Gm35339	ENSMUSG00000109179	WDR97	one2one	NA		22.9
Gm3550	ENSMUSG00000078240	RPL29	many2one	NA		22.9
Gm36210	ENSMUSG00000110221	C19orf85	one2one	NA		22.9
Gm3839	ENSMUSG00000097148	GAPDH	many2one	NA		22.9
Gm38394	ENSMUSG00000094410	ZBED6	one2one	Zbed6	org.Mm.eg.db	22.9
Gm3854	ENSMUSG00000109398	ZNF582	one2one	NA		22.9
Gm42372	ENSMUSG00000108348	PNMA8C	one2one	Pnma8c	org.Mm.eg.db	22.9
Gm42742	ENSMUSG00000107068	PAGR1	one2one	NA		22.9
Gm45902	ENSMUSG00000051396	MSANTD7	one2one	NA		22.9
Gm4737	ENSMUSG00000048087	AHCY	many2one	Ahcyl	org.Mm.eg.db	22.9
Gm4779	ENSMUSG00000045010	CXorf49	many2one	NA		22.9
Gm48552	ENSMUSG00000114004	SMIM44	one2one	NA		22.9
Gm49322	ENSMUSG00000035370	ADAT3	one2one	NA		22.9
Gm49336	ENSMUSG00000114797	NUP58	one2one	NA		22.9
Gm49405	ENSMUSG00000024869	NUDT8	one2one	NA		22.9
Gm4969	ENSMUSG00000085601	MEIOSIN	one2one	Meiosin	org.Mm.eg.db	22.9
Gm50092	ENSMUSG00000117477	SRRM5	one2one	NA		22.9
Gm527	ENSMUSG00000047227	C14orf28	one2one	NA		22.9
Gm5617	ENSMUSG00000042293	C11orf71	one2one	NA		22.9
Gm5741	ENSMUSG00000095845	GNG14	one2one	Gng14	org.Mm.eg.db	22.9
Gm5751	ENSMUSG00000079697	SSX1	one2one	NA		22.9
Gm614	ENSMUSG00000090141	CXorf65	one2one	NA		22.9
Gm6169	ENSMUSG00000057762	PLP2	many2one	NA		22.9
Gm6583	ENSMUSG00000051503	CCDC121	one2one	Ccdc121rt3	org.Mm.eg.db	22.9
Gm7102	ENSMUSG00000094649	MPLKIP	many2one	NA		22.9
Gm8251	ENSMUSG00000091844	CCDC168	one2one	NA		22.9
Gm867	ENSMUSG00000050157	C22orf15	one2one	NA		22.9
Gm8773	ENSMUSG00000073234	FAM237B	one2one	NA		22.9
Gm960	ENSMUSG00000071691	C11orf80	one2one	NA		22.9
Gm973	ENSMUSG00000047361	KIAA2012	one2one	NA		22.9
Gm9745	ENSMUSG00000021148	IDI2	many2one	NA		22.9
Gm9774	ENSMUSG00000042165	ADRM1	many2one	Adrm1b	org.Mm.eg.db	22.9
Gm9803	ENSMUSG00000045886	PAM16	many2one	Pam16l	org.Mm.eg.db	22.9
Gm9833	ENSMUSG00000049230	MYEF2	many2one	Myef2l	org.Mm.eg.db	22.9
Gmcl1	ENSMUSG00000001157	GMCL1	one2one	NA		22.9
Gmds	ENSMUSG00000038372	GMDS	one2one	NA		22.9
Gmeb1	ENSMUSG00000028901	GMEB1	one2one	NA		22.9
Gmeb2	ENSMUSG00000038705	GMEB2	one2one	NA		22.9
Gmfb	ENSMUSG00000062014	GMFB	one2one	NA		22.9
Gmfg	ENSMUSG00000060791	GMFG	one2one	NA		22.9
Gmip	ENSMUSG00000036246	GMIP	one2one	NA		22.9
Gmnn	ENSMUSG00000006715	GMNN	one2one	NA		22.9
Gmppa	ENSMUSG00000033021	GMPPA	one2one	NA		22.9
Gmppb	ENSMUSG00000070284	GMPPB	one2one	NA		22.9
Gmpr	ENSMUSG00000000253	GMPR	one2one	NA		22.9
Gmpr2	ENSMUSG00000002326	GMPR2	one2one	NA		22.9
Gmps	ENSMUSG00000027823	GMPS	one2one	NA		22.9
Gna11	ENSMUSG00000034781	GNA11	one2one	NA		22.9
Gna12	ENSMUSG00000000149	GNA12	one2one	NA		22.9
Gna13	ENSMUSG00000020611	GNA13	one2one	NA		22.9
Gna14	ENSMUSG00000024697	GNA14	one2one	NA		22.9
Gna15	ENSMUSG00000034792	GNA15	one2one	NA		22.9
Gnai1	ENSMUSG00000057614	GNAI1	one2one	NA		22.9
Gnai2	ENSMUSG00000032562	GNAI2	one2one	NA		22.9
Gnai3	ENSMUSG00000000001	GNAI3	one2one	NA		22.9
Gnal	ENSMUSG00000024524	GNAL	one2one	NA		22.9
Gnaq	ENSMUSG00000024639	GNAQ	one2one	NA		22.9
Gnas	ENSMUSG00000027523	GNAS	one2one	NA		22.9
Gnat1	ENSMUSG00000034837	GNAT1	one2one	NA		22.9
Gnat2	ENSMUSG00000009108	GNAT2	one2one	NA		22.9
Gnaz	ENSMUSG00000040009	GNAZ	one2one	NA		22.9
Gnb1	ENSMUSG00000029064	GNB1	one2one	NA		22.9
Gnb1l	ENSMUSG00000000884	GNB1L	one2one	NA		22.9
Gnb2	ENSMUSG00000029713	GNB2	one2one	NA		22.9
Gnb4	ENSMUSG00000027669	GNB4	one2one	NA		22.9
Gnb5	ENSMUSG00000032192	GNB5	one2one	NA		22.9
Gne	ENSMUSG00000028479	GNE	one2one	NA		22.9
Gng10	ENSMUSG00000038607	GNG10	one2one	NA		22.9
Gng11	ENSMUSG00000032766	GNG11	one2one	NA		22.9
Gng12	ENSMUSG00000036402	GNG12	one2one	NA		22.9
Gng2	ENSMUSG00000043004	GNG2	one2one	NA		22.9
Gng3	ENSMUSG00000071658	GNG3	one2one	NA		22.9
Gng4	ENSMUSG00000021303	GNG4	one2one	NA		22.9
Gng5	ENSMUSG00000068523	GNG5	one2one	NA		22.9
Gng7	ENSMUSG00000048240	GNG7	one2one	NA		22.9
Gngt2	ENSMUSG00000038811	GNGT2	one2one	NA		22.9
Gnl1	ENSMUSG00000024429	GNL1	one2one	NA		22.9
Gnl2	ENSMUSG00000028869	GNL2	one2one	NA		22.9
Gnl3	ENSMUSG00000042354	GNL3	one2one	NA		22.9
Gnl3l	ENSMUSG00000025266	GNL3L	one2one	NA		22.9
Gnmt	ENSMUSG00000002769	GNMT	one2one	NA		22.9
Gnpat	ENSMUSG00000031985	GNPAT	one2one	NA		22.9
Gnpda1	ENSMUSG00000052102	GNPDA1	one2one	NA		22.9
Gnpda2	ENSMUSG00000029209	GNPDA2	one2one	NA		22.9
Gnpnat1	ENSMUSG00000037722	GNPNAT1	one2one	NA		22.9
Gnptab	ENSMUSG00000035311	GNPTAB	one2one	NA		22.9
Gnptg	ENSMUSG00000035521	GNPTG	one2one	NA		22.9
Gnrh1	ENSMUSG00000015812	GNRH1	one2one	NA		22.9
Gns	ENSMUSG00000034707	GNS	one2one	NA		22.9
Golga1	ENSMUSG00000026754	GOLGA1	one2one	NA		22.9
Golga2	ENSMUSG00000002546	GOLGA2	one2one	NA		22.9
Golga3	ENSMUSG00000029502	GOLGA3	one2one	NA		22.9
Golga4	ENSMUSG00000038708	GOLGA4	one2one	NA		22.9
Golga5	ENSMUSG00000021192	GOLGA5	one2one	NA		22.9
Golga7	ENSMUSG00000015341	GOLGA7	one2one	NA		22.9
Golgb1	ENSMUSG00000034243	GOLGB1	one2one	NA		22.9
Golim4	ENSMUSG00000034109	GOLIM4	one2one	NA		22.9
Golm1	ENSMUSG00000021556	GOLM1	one2one	NA		22.9
Golph3	ENSMUSG00000022200	GOLPH3	one2one	NA		22.9
Golph3l	ENSMUSG00000046519	GOLPH3L	one2one	NA		22.9
Golt1b	ENSMUSG00000030245	GOLT1B	one2one	NA		22.9
Gon4l	ENSMUSG00000054199	GON4L	one2one	NA		22.9
Gon7	ENSMUSG00000091931	GON7	one2one	NA		22.9
Gopc	ENSMUSG00000019861	GOPC	one2one	NA		22.9
Gorab	ENSMUSG00000040124	GORAB	one2one	NA		22.9
Gorasp1	ENSMUSG00000032513	GORASP1	one2one	NA		22.9
Gorasp2	ENSMUSG00000014959	GORASP2	one2one	NA		22.9
Gosr1	ENSMUSG00000010392	GOSR1	one2one	NA		22.9
Gosr2	ENSMUSG00000020946	GOSR2	one2one	NA		22.9
Got1	ENSMUSG00000025190	GOT1	one2one	NA		22.9
Got1l1	ENSMUSG00000039720	GOT1L1	one2one	NA		22.9
Got2	ENSMUSG00000031672	GOT2	one2one	NA		22.9
Gp1ba	ENSMUSG00000050675	GP1BA	one2one	NA		22.9
Gp5	ENSMUSG00000047953	GP5	one2one	NA		22.9
Gpaa1	ENSMUSG00000022561	GPAA1	one2one	NA		22.9
Gpalpp1	ENSMUSG00000022008	GPALPP1	one2one	NA		22.9
Gpam	ENSMUSG00000024978	GPAM	one2one	NA		22.9
Gpank1	ENSMUSG00000092417	GPANK1	one2one	NA		22.9
Gpat2	ENSMUSG00000046338	GPAT2	one2one	NA		22.9
Gpat3	ENSMUSG00000029314	GPAT3	one2one	NA		22.9
Gpat4	ENSMUSG00000031545	GPAT4	one2one	NA		22.9
Gpatch1	ENSMUSG00000063808	GPATCH1	one2one	NA		22.9
Gpatch11	ENSMUSG00000050668	GPATCH11	one2one	NA		22.9
Gpatch2	ENSMUSG00000039210	GPATCH2	one2one	NA		22.9
Gpatch2l	ENSMUSG00000021254	GPATCH2L	one2one	NA		22.9
Gpatch3	ENSMUSG00000028850	GPATCH3	one2one	NA		22.9
Gpatch4	ENSMUSG00000028069	GPATCH4	one2one	NA		22.9
Gpatch8	ENSMUSG00000034621	GPATCH8	one2one	NA		22.9
Gpbar1	ENSMUSG00000064272	GPBAR1	one2one	NA		22.9
Gpbp1	ENSMUSG00000032745	GPBP1	one2one	NA		22.9
Gpbp1l1	ENSMUSG00000034042	GPBP1L1	one2one	NA		22.9
Gpc1	ENSMUSG00000034220	GPC1	one2one	NA		22.9
Gpc2	ENSMUSG00000029510	GPC2	one2one	NA		22.9
Gpcpd1	ENSMUSG00000027346	GPCPD1	one2one	NA		22.9
Gpd1	ENSMUSG00000023019	GPD1	one2one	NA		22.9
Gpd1l	ENSMUSG00000050627	GPD1L	one2one	NA		22.9
Gpd2	ENSMUSG00000026827	GPD2	one2one	NA		22.9
Gper1	ENSMUSG00000053647	GPER1	one2one	NA		22.9
Gphn	ENSMUSG00000047454	GPHN	one2one	NA		22.9
Gpi1	ENSMUSG00000036427	GPI	one2one	NA		22.9
Gpkow	ENSMUSG00000031148	GPKOW	one2one	NA		22.9
Gpld1	ENSMUSG00000021340	GPLD1	one2one	NA		22.9
Gpm6b	ENSMUSG00000031342	GPM6B	one2one	NA		22.9
Gpn1	ENSMUSG00000064037	GPN1	one2one	NA		22.9
Gpn2	ENSMUSG00000028848	GPN2	one2one	NA		22.9
Gpn3	ENSMUSG00000029464	GPN3	one2one	NA		22.9
Gpnmb	ENSMUSG00000029816	GPNMB	one2one	NA		22.9
Gpr107	ENSMUSG00000000194	GPR107	one2one	NA		22.9
Gpr108	ENSMUSG00000005823	GPR108	one2one	NA		22.9
Gpr132	ENSMUSG00000021298	GPR132	one2one	NA		22.9
Gpr137	ENSMUSG00000024958	GPR137	one2one	NA		22.9
Gpr137b	ENSMUSG00000021306	GPR137B	one2one	NA		22.9
Gpr137c	ENSMUSG00000049092	GPR137C	one2one	NA		22.9
Gpr141	ENSMUSG00000053101	GPR141	one2one	NA		22.9
Gpr146	ENSMUSG00000044197	GPR146	one2one	NA		22.9
Gpr15	ENSMUSG00000047293	GPR15	one2one	NA		22.9
Gpr151	ENSMUSG00000042816	GPR151	one2one	NA		22.9
Gpr152	ENSMUSG00000044724	GPR152	one2one	NA		22.9
Gpr153	ENSMUSG00000042804	GPR153	one2one	NA		22.9
Gpr155	ENSMUSG00000041762	GPR155	one2one	NA		22.9
Gpr157	ENSMUSG00000047875	GPR157	one2one	NA		22.9
Gpr160	ENSMUSG00000037661	GPR160	one2one	NA		22.9
Gpr161	ENSMUSG00000040836	GPR161	one2one	NA		22.9
Gpr162	ENSMUSG00000038390	GPR162	one2one	NA		22.9
Gpr171	ENSMUSG00000050075	GPR171	one2one	NA		22.9
Gpr174	ENSMUSG00000073008	GPR174	one2one	NA		22.9
Gpr176	ENSMUSG00000040133	GPR176	one2one	NA		22.9
Gpr179	ENSMUSG00000070337	GPR179	one2one	NA		22.9
Gpr18	ENSMUSG00000050350	GPR18	one2one	NA		22.9
Gpr180	ENSMUSG00000022131	GPR180	one2one	NA		22.9
Gpr182	ENSMUSG00000058396	GPR182	one2one	NA		22.9
Gpr183	ENSMUSG00000051212	GPR183	one2one	NA		22.9
Gpr19	ENSMUSG00000032641	GPR19	one2one	NA		22.9
Gpr21	ENSMUSG00000053164	GPR21	one2one	NA		22.9
Gpr22	ENSMUSG00000044067	GPR22	one2one	NA		22.9
Gpr25	ENSMUSG00000052759	GPR25	one2one	NA		22.9
Gpr3	ENSMUSG00000049649	GPR3	one2one	NA		22.9
Gpr34	ENSMUSG00000040229	GPR34	one2one	NA		22.9
Gpr35	ENSMUSG00000026271	GPR35	one2one	NA		22.9
Gpr4	ENSMUSG00000044317	GPR4	one2one	NA		22.9
Gpr45	ENSMUSG00000041907	GPR45	one2one	NA		22.9
Gpr52	ENSMUSG00000118401	GPR52	one2one	NA		22.9
Gpr55	ENSMUSG00000049608	GPR55	one2one	NA		22.9
Gpr61	ENSMUSG00000046793	GPR61	one2one	NA		22.9
Gpr62	ENSMUSG00000091735	GPR62	one2one	NA		22.9
Gpr65	ENSMUSG00000021886	GPR65	one2one	NA		22.9
Gpr68	ENSMUSG00000047415	GPR68	one2one	NA		22.9
Gpr82	ENSMUSG00000047678	GPR82	one2one	NA		22.9
Gpr83	ENSMUSG00000031932	GPR83	one2one	NA		22.9
Gpr87	ENSMUSG00000051431	GPR87	one2one	NA		22.9
Gpr89	ENSMUSG00000028096	GPR89B	one2one	NA		22.9
Gprasp1	ENSMUSG00000043384	GPRASP1	one2one	NA		22.9
Gprasp2	ENSMUSG00000072966	GPRASP2	one2one	NA		22.9
Gprc5a	ENSMUSG00000046733	GPRC5A	one2one	NA		22.9
Gprc5b	ENSMUSG00000008734	GPRC5B	one2one	NA		22.9
Gprin2	ENSMUSG00000071531	GPRIN2	one2one	NA		22.9
Gprin3	ENSMUSG00000045441	GPRIN3	one2one	NA		22.9
Gps1	ENSMUSG00000025156	GPS1	one2one	NA		22.9
Gps2	ENSMUSG00000023170	GPS2	one2one	NA		22.9
Gpsm1	ENSMUSG00000026930	GPSM1	one2one	NA		22.9
Gpsm2	ENSMUSG00000027883	GPSM2	one2one	NA		22.9
Gpsm3	ENSMUSG00000034786	GPSM3	one2one	NA		22.9
Gpt	ENSMUSG00000022546	GPT	one2one	NA		22.9
Gpt2	ENSMUSG00000031700	GPT2	one2one	NA		22.9
Gpx1	ENSMUSG00000063856	GPX1	one2one	NA		22.9
Gpx3	ENSMUSG00000018339	GPX3	one2one	NA		22.9
Gpx4	ENSMUSG00000075706	GPX4	one2one	NA		22.9
Gpx7	ENSMUSG00000028597	GPX7	one2one	NA		22.9
Gpx8	ENSMUSG00000021760	GPX8	one2one	NA		22.9
Gramd1a	ENSMUSG00000001248	GRAMD1A	one2one	NA		22.9
Gramd1b	ENSMUSG00000040111	GRAMD1B	one2one	NA		22.9
Gramd1c	ENSMUSG00000036292	GRAMD1C	one2one	NA		22.9
Gramd3	ENSMUSG00000001700	GRAMD2B	one2one	NA		22.9
Gramd4	ENSMUSG00000035900	GRAMD4	one2one	NA		22.9
Grap	ENSMUSG00000004837	GRAP	one2one	NA		22.9
Grap2	ENSMUSG00000042351	GRAP2	one2one	NA		22.9
Grasp	ENSMUSG00000000531	TAMALIN	one2one	Tamalin	org.Mm.eg.db	22.9
Grb10	ENSMUSG00000020176	GRB10	one2one	NA		22.9
Grb2	ENSMUSG00000059923	GRB2	one2one	NA		22.9
Grb7	ENSMUSG00000019312	GRB7	one2one	NA		22.9
Grcc10	ENSMUSG00000072772	C12orf57	one2one	NA		22.9
Greb1l	ENSMUSG00000042942	GREB1L	one2one	NA		22.9
Grhl1	ENSMUSG00000020656	GRHL1	one2one	NA		22.9
Grhl2	ENSMUSG00000022286	GRHL2	one2one	NA		22.9
Grhl3	ENSMUSG00000037188	GRHL3	one2one	NA		22.9
Grhpr	ENSMUSG00000035637	GRHPR	one2one	NA		22.9
Gria2	ENSMUSG00000033981	GRIA2	one2one	NA		22.9
Gria3	ENSMUSG00000001986	GRIA3	one2one	NA		22.9
Grifin	ENSMUSG00000036586	GRIFIN	one2one	NA		22.9
Grik5	ENSMUSG00000003378	GRIK5	one2one	NA		22.9
Grin1	ENSMUSG00000026959	GRIN1	one2one	NA		22.9
Grin2d	ENSMUSG00000002771	GRIN2D	one2one	NA		22.9
Grin3a	ENSMUSG00000039579	GRIN3A	one2one	NA		22.9
Grin3b	ENSMUSG00000035745	GRIN3B	one2one	NA		22.9
Grina	ENSMUSG00000022564	GRINA	one2one	NA		22.9
Grip1	ENSMUSG00000034813	GRIP1	one2one	NA		22.9
Grip2	ENSMUSG00000030098	GRIP2	one2one	NA		22.9
Gripap1	ENSMUSG00000031153	GRIPAP1	one2one	NA		22.9
Grk2	ENSMUSG00000024858	GRK2	one2one	NA		22.9
Grk3	ENSMUSG00000042249	GRK3	one2one	NA		22.9
Grk4	ENSMUSG00000052783	GRK4	one2one	NA		22.9
Grk5	ENSMUSG00000003228	GRK5	one2one	NA		22.9
Grk6	ENSMUSG00000074886	GRK6	one2one	NA		22.9
Grn	ENSMUSG00000034708	GRN	one2one	NA		22.9
Grp	ENSMUSG00000024517	GRP	one2one	NA		22.9
Grpel1	ENSMUSG00000029198	GRPEL1	one2one	NA		22.9
Grpel2	ENSMUSG00000024580	GRPEL2	one2one	NA		22.9
Grsf1	ENSMUSG00000044221	GRSF1	one2one	NA		22.9
Grtp1	ENSMUSG00000038515	GRTP1	one2one	NA		22.9
Grwd1	ENSMUSG00000053801	GRWD1	one2one	NA		22.9
Gsap	ENSMUSG00000039934	GSAP	one2one	NA		22.9
Gsdmd	ENSMUSG00000022575	GSDMD	one2one	NA		22.9
Gsdme	ENSMUSG00000029821	GSDME	one2one	NA		22.9
Gse1	ENSMUSG00000031822	GSE1	one2one	NA		22.9
Gsk3a	ENSMUSG00000057177	GSK3A	one2one	NA		22.9
Gsk3b	ENSMUSG00000022812	GSK3B	one2one	NA		22.9
Gskip	ENSMUSG00000044715	GSKIP	one2one	NA		22.9
Gsn	ENSMUSG00000026879	GSN	one2one	NA		22.9
Gspt1	ENSMUSG00000062203	GSPT1	one2one	NA		22.9
Gspt2	ENSMUSG00000071723	GSPT2	one2one	NA		22.9
Gsr	ENSMUSG00000031584	GSR	one2one	NA		22.9
Gss	ENSMUSG00000027610	GSS	one2one	NA		22.9
Gstcd	ENSMUSG00000028018	GSTCD	one2one	NA		22.9
Gstk1	ENSMUSG00000029864	GSTK1	one2one	NA		22.9
Gstm1	ENSMUSG00000058135	GSTM1	one2many	NA		22.9
Gstm1	ENSMUSG00000058135	GSTM5	one2many	NA		22.9
Gstm4	ENSMUSG00000027890	GSTM4	one2one	NA		22.9
Gstm5	ENSMUSG00000004032	GSTM3	one2one	NA		22.9
Gsto1	ENSMUSG00000025068	GSTO1	one2one	NA		22.9
Gsto2	ENSMUSG00000025069	GSTO2	one2one	NA		22.9
Gstp1	ENSMUSG00000060803	GSTP1	many2one	NA		22.9
Gstp2	ENSMUSG00000038155	GSTP1	many2one	NA		22.9
Gstp3	ENSMUSG00000058216	GSTP1	many2one	NA		22.9
Gstt2	ENSMUSG00000033318	GSTT2B	one2one	NA		22.9
Gstt4	ENSMUSG00000009093	GSTT4	one2one	NA		22.9
Gstz1	ENSMUSG00000021033	GSTZ1	one2one	NA		22.9
Gtdc1	ENSMUSG00000036890	GTDC1	one2one	NA		22.9
Gtf2a1	ENSMUSG00000020962	GTF2A1	one2one	NA		22.9
Gtf2a2	ENSMUSG00000033543	GTF2A2	one2one	NA		22.9
Gtf2b	ENSMUSG00000028271	GTF2B	one2one	NA		22.9
Gtf2e1	ENSMUSG00000022828	GTF2E1	one2one	NA		22.9
Gtf2e2	ENSMUSG00000031585	GTF2E2	one2one	NA		22.9
Gtf2f1	ENSMUSG00000002658	GTF2F1	one2one	NA		22.9
Gtf2f2	ENSMUSG00000067995	GTF2F2	one2one	NA		22.9
Gtf2h1	ENSMUSG00000006599	GTF2H1	one2one	NA		22.9
Gtf2h2	ENSMUSG00000021639	GTF2H2C	one2one	NA		22.9
Gtf2h3	ENSMUSG00000029387	GTF2H3	one2one	NA		22.9
Gtf2h4	ENSMUSG00000001524	GTF2H4	one2one	NA		22.9
Gtf2h5	ENSMUSG00000034345	GTF2H5	one2one	NA		22.9
Gtf2i	ENSMUSG00000060261	GTF2I	one2one	NA		22.9
Gtf2ird1	ENSMUSG00000023079	GTF2IRD1	one2one	NA		22.9
Gtf2ird2	ENSMUSG00000015942	GTF2IRD2	one2one	NA		22.9
Gtf3a	ENSMUSG00000016503	GTF3A	one2one	NA		22.9
Gtf3c1	ENSMUSG00000032777	GTF3C1	one2one	NA		22.9
Gtf3c2	ENSMUSG00000106864	GTF3C2	many2one	NA		22.9
Gtf3c3	ENSMUSG00000041303	GTF3C3	one2one	NA		22.9
Gtf3c4	ENSMUSG00000035666	GTF3C4	one2one	NA		22.9
Gtf3c5	ENSMUSG00000026816	GTF3C5	one2one	NA		22.9
Gtf3c6	ENSMUSG00000019837	GTF3C6	one2one	NA		22.9
Gtpbp1	ENSMUSG00000042535	GTPBP1	one2one	NA		22.9
Gtpbp10	ENSMUSG00000040464	GTPBP10	one2one	NA		22.9
Gtpbp2	ENSMUSG00000023952	GTPBP2	one2one	NA		22.9
Gtpbp3	ENSMUSG00000007610	GTPBP3	one2one	NA		22.9
Gtpbp4	ENSMUSG00000021149	GTPBP4	one2one	NA		22.9
Gtpbp6	ENSMUSG00000033434	GTPBP6	one2one	NA		22.9
Gtpbp8	ENSMUSG00000022668	GTPBP8	one2one	NA		22.9
Gtse1	ENSMUSG00000022385	GTSE1	one2one	NA		22.9
Guca1b	ENSMUSG00000023979	GUCA1B	one2one	NA		22.9
Gucd1	ENSMUSG00000033416	GUCD1	one2one	NA		22.9
Gucy1a1	ENSMUSG00000033910	GUCY1A1	one2one	NA		22.9
Gucy1b1	ENSMUSG00000028005	GUCY1B1	one2one	NA		22.9
Gucy2c	ENSMUSG00000042638	GUCY2C	one2one	NA		22.9
Gucy2e	ENSMUSG00000020890	GUCY2D	one2one	NA		22.9
Guf1	ENSMUSG00000029208	GUF1	one2one	NA		22.9
Guk1	ENSMUSG00000020444	GUK1	one2one	NA		22.9
Gusb	ENSMUSG00000025534	GUSB	one2one	NA		22.9
Gxylt1	ENSMUSG00000036197	GXYLT1	one2one	NA		22.9
Gyg	ENSMUSG00000019528	GYG1	one2one	NA		22.9
Gypc	ENSMUSG00000090523	GYPC	one2one	NA		22.9
Gys1	ENSMUSG00000003865	GYS1	one2one	NA		22.9
Gzf1	ENSMUSG00000027439	GZF1	one2one	NA		22.9
Gzma	ENSMUSG00000023132	GZMA	one2one	NA		22.9
Gzmb	ENSMUSG00000015437	GZMB	many2one	NA		22.9
Gzmc	ENSMUSG00000079186	GZMB	one2many	NA		22.9
Gzmc	ENSMUSG00000079186	GZMH	one2many	NA		22.9
Gzmd	ENSMUSG00000059256	GZMH	many2one	NA		22.9
Gzme	ENSMUSG00000022156	GZMH	many2one	NA		22.9
Gzmf	ENSMUSG00000015441	GZMH	many2one	NA		22.9
Gzmk	ENSMUSG00000042385	GZMK	one2one	NA		22.9
Gzmm	ENSMUSG00000054206	GZMM	one2one	NA		22.9
H13	ENSMUSG00000019188	HM13	one2one	NA		22.9
H1f0	ENSMUSG00000096210	H1-0	one2one	NA		22.9
H1f1	ENSMUSG00000049539	H1-1	one2one	NA		22.9
H1f10	ENSMUSG00000044927	H1-10	one2one	NA		22.9
H1f2	ENSMUSG00000036181	H1-2	one2one	NA		22.9
H1f3	ENSMUSG00000052565	H1-3	one2one	NA		22.9
H1f4	ENSMUSG00000051627	H1-4	one2one	NA		22.9
H1f5	ENSMUSG00000058773	H1-5	one2one	NA		22.9
H1f8	ENSMUSG00000042279	H1-8	one2one	NA		22.9
H2-Aa	ENSMUSG00000036594	HLA-DQA1	one2one	NA		22.9
H2-Ab1	ENSMUSG00000073421	HLA-DQB1	one2one	NA		22.9
H2-Bl	ENSMUSG00000073406	HLA-A	many2one	NA		22.9
H2-D1	ENSMUSG00000073411	HLA-A	many2one	NA		22.9
H2-DMa	ENSMUSG00000037649	HLA-DMA	one2one	NA		22.9
H2-DMb1	ENSMUSG00000079547	HLA-DMB	many2one	NA		22.9
H2-DMb2	ENSMUSG00000037548	HLA-DMB	many2one	NA		22.9
H2-Eb1	ENSMUSG00000060586	HLA-DRB5	many2one	NA		22.9
H2-Eb2	ENSMUSG00000067341	HLA-DRB1	one2many	NA		22.9
H2-Eb2	ENSMUSG00000067341	HLA-DRB5	one2many	NA		22.9
H2-K1	ENSMUSG00000061232	HLA-A	many2one	NA		22.9
H2-Ke6	ENSMUSG00000073422	HSD17B8	one2one	NA		22.9
H2-M3	ENSMUSG00000016206	HLA-F	one2many	NA		22.9
H2-M3	ENSMUSG00000016206	HLA-G	one2many	NA		22.9
H2-Oa	ENSMUSG00000024334	HLA-DOA	one2one	NA		22.9
H2-Ob	ENSMUSG00000041538	HLA-DOB	one2one	NA		22.9
H2-Q1	ENSMUSG00000079507	HLA-A	one2many	NA		22.9
H2-Q1	ENSMUSG00000079507	HLA-F	one2many	NA		22.9
H2-Q10	ENSMUSG00000067235	HLA-A	many2one	NA		22.9
H2-Q2	ENSMUSG00000091705	HLA-A	one2many	NA		22.9
H2-Q2	ENSMUSG00000091705	HLA-F	one2many	NA		22.9
H2-Q4	ENSMUSG00000035929	HLA-A	many2one	NA		22.9
H2-Q6	ENSMUSG00000073409	HLA-A	one2many	NA		22.9
H2-Q6	ENSMUSG00000073409	HLA-F	one2many	NA		22.9
H2-Q7	ENSMUSG00000060550	HLA-A	many2one	NA		22.9
H2-T23	ENSMUSG00000067212	HLA-E	one2one	NA		22.9
H2ac11	ENSMUSG00000069301	H2AC8	many2one	NA		22.9
H2ac12	ENSMUSG00000069302	H2AC8	many2one	NA		22.9
H2ac13	ENSMUSG00000071516	H2AC8	many2one	NA		22.9
H2ac15	ENSMUSG00000063021	H2AC8	many2one	NA		22.9
H2ac4	ENSMUSG00000061615	H2AC4	one2many	NA		22.9
H2ac4	ENSMUSG00000061615	H2AC8	one2many	NA		22.9
H2ac6	ENSMUSG00000069270	H2AC8	many2one	NA		22.9
H2ac8	ENSMUSG00000069272	H2AC8	many2one	NA		22.9
H2aj	ENSMUSG00000060032	H2AJ	one2one	NA		22.9
H2ax	ENSMUSG00000049932	H2AX	one2one	NA		22.9
H2az1	ENSMUSG00000037894	H2AZ1	one2one	NA		22.9
H2az2	ENSMUSG00000041126	H2AZ2	one2one	NA		22.9
H2bc11	ENSMUSG00000069300	H2BC13	many2one	NA		22.9
H2bc12	ENSMUSG00000062727	H2BC13	many2one	NA		22.9
H2bc13	ENSMUSG00000094338	H2BC13	many2one	NA		22.9
H2bc14	ENSMUSG00000114279	H2BC5	one2one	NA		22.9
H2bc15	ENSMUSG00000095217	H2BC13	many2one	NA		22.9
H2bc21	ENSMUSG00000068854	H2BC11	one2one	NA		22.9
H2bc3	ENSMUSG00000075031	H2BC3	one2one	NA		22.9
H2bc4	ENSMUSG00000018102	H2BC10	one2one	NA		22.9
H2bc6	ENSMUSG00000047246	H2BC6	one2many	NA		22.9
H2bc6	ENSMUSG00000047246	H2BC7	one2many	NA		22.9
H2bc8	ENSMUSG00000058385	H2BC4	one2one	NA		22.9
H2bu2	ENSMUSG00000056895	H2BC26	one2one	H2bc27	org.Mm.eg.db	22.9
H3c1	ENSMUSG00000069265	H3C1	one2one	NA		22.9
H3c10	ENSMUSG00000101355	H3C6	one2one	NA		22.9
H3c11	ENSMUSG00000101972	H3C10	one2many	NA		22.9
H3c11	ENSMUSG00000101972	H3C7	one2many	NA		22.9
H3c2	ENSMUSG00000069267	H3C13	one2many	NA		22.9
H3c2	ENSMUSG00000069267	H3C14	one2many	NA		22.9
H3c3	ENSMUSG00000069310	H3C13	many2one	NA		22.9
H3c4	ENSMUSG00000099583	H3C14	many2one	NA		22.9
H3c6	ENSMUSG00000069273	H3C13	one2many	NA		22.9
H3c6	ENSMUSG00000069273	H3C14	one2many	NA		22.9
H3c6	ENSMUSG00000069273	H3C15	one2many	NA		22.9
H3c7	ENSMUSG00000100210	H3C15	many2one	NA		22.9
H3c8	ENSMUSG00000099517	H3C12	one2one	NA		22.9
H3f3a	ENSMUSG00000060743	H3-3A	one2one	NA		22.9
H3f3b	ENSMUSG00000016559	H3-3B	one2one	NA		22.9
H4c1	ENSMUSG00000060093	H4C15	one2one	NA		22.9
H4c11	ENSMUSG00000067455	H4C12	one2many	NA		22.9
H4c11	ENSMUSG00000067455	H4C16	one2many	NA		22.9
H4c12	ENSMUSG00000064288	H4C8	one2one	NA		22.9
H4c14	ENSMUSG00000091405	H4C16	one2many	NA		22.9
H4c14	ENSMUSG00000091405	H4C3	one2many	NA		22.9
H4c3	ENSMUSG00000060678	H4C3	one2many	NA		22.9
H4c3	ENSMUSG00000060678	H4C6	one2many	NA		22.9
H4c4	ENSMUSG00000061482	H4C1	one2one	NA		22.9
H4c6	ENSMUSG00000069274	H4C11	one2one	NA		22.9
H4c8	ENSMUSG00000060981	H4C9	one2one	NA		22.9
H4c9	ENSMUSG00000060639	H4C16	many2one	NA		22.9
H6pd	ENSMUSG00000028980	H6PD	one2one	NA		22.9
Haao	ENSMUSG00000000673	HAAO	one2one	NA		22.9
Habp4	ENSMUSG00000021476	HABP4	one2one	NA		22.9
Hacd1	ENSMUSG00000063275	HACD1	one2one	NA		22.9
Hacd2	ENSMUSG00000035376	HACD2	one2one	NA		22.9
Hacd3	ENSMUSG00000033629	HACD3	one2one	NA		22.9
Hacd4	ENSMUSG00000028497	HACD4	one2one	NA		22.9
Hace1	ENSMUSG00000038822	HACE1	one2one	NA		22.9
Hacl1	ENSMUSG00000021884	HACL1	one2one	NA		22.9
Hadh	ENSMUSG00000027984	HADH	one2one	NA		22.9
Hadha	ENSMUSG00000025745	HADHA	one2one	NA		22.9
Hadhb	ENSMUSG00000059447	HADHB	one2one	NA		22.9
Hagh	ENSMUSG00000024158	HAGH	one2one	NA		22.9
Haghl	ENSMUSG00000061046	HAGHL	one2one	NA		22.9
Hal	ENSMUSG00000020017	HAL	one2one	NA		22.9
Hao1	ENSMUSG00000027261	HAO1	one2one	NA		22.9
Hap1	ENSMUSG00000006930	HAP1	one2one	NA		22.9
Hapln4	ENSMUSG00000007594	HAPLN4	one2one	NA		22.9
Harbi1	ENSMUSG00000027243	HARBI1	one2one	NA		22.9
Hars	ENSMUSG00000001380	HARS1	one2one	NA		22.9
Hars2	ENSMUSG00000019143	HARS2	one2one	NA		22.9
Has1	ENSMUSG00000003665	HAS1	one2one	NA		22.9
Has3	ENSMUSG00000031910	HAS3	one2one	NA		22.9
Haspin	ENSMUSG00000050107	HASPIN	one2one	NA		22.9
Hat1	ENSMUSG00000027018	HAT1	one2one	NA		22.9
Haus1	ENSMUSG00000041840	HAUS1	one2one	NA		22.9
Haus2	ENSMUSG00000027285	HAUS2	one2one	NA		22.9
Haus3	ENSMUSG00000079555	HAUS3	one2one	NA		22.9
Haus4	ENSMUSG00000022177	HAUS4	one2one	NA		22.9
Haus5	ENSMUSG00000078762	HAUS5	one2one	NA		22.9
Haus6	ENSMUSG00000038047	HAUS6	one2one	NA		22.9
Haus7	ENSMUSG00000031371	HAUS7	one2one	NA		22.9
Haus8	ENSMUSG00000035439	HAUS8	one2one	NA		22.9
Havcr2	ENSMUSG00000020399	HAVCR2	one2one	NA		22.9
Hax1	ENSMUSG00000027944	HAX1	one2one	NA		22.9
Hbegf	ENSMUSG00000024486	HBEGF	one2one	NA		22.9
Hbp1	ENSMUSG00000002996	HBP1	one2one	NA		22.9
Hbs1l	ENSMUSG00000019977	HBS1L	one2one	NA		22.9
Hc	ENSMUSG00000026874	C5	one2one	NA		22.9
Hccs	ENSMUSG00000031352	HCCS	one2one	NA		22.9
Hcfc1	ENSMUSG00000031386	HCFC1	one2one	NA		22.9
Hcfc1r1	ENSMUSG00000023904	HCFC1R1	one2one	NA		22.9
Hcfc2	ENSMUSG00000020246	HCFC2	one2one	NA		22.9
Hcls1	ENSMUSG00000022831	HCLS1	one2one	NA		22.9
Hcn1	ENSMUSG00000021730	HCN1	one2one	NA		22.9
Hcn2	ENSMUSG00000020331	HCN2	one2one	NA		22.9
Hcn3	ENSMUSG00000028051	HCN3	one2one	NA		22.9
Hcrt	ENSMUSG00000045471	HCRT	one2one	NA		22.9
Hcst	ENSMUSG00000064109	HCST	one2one	NA		22.9
Hdac1	ENSMUSG00000028800	HDAC1	one2one	NA		22.9
Hdac10	ENSMUSG00000062906	HDAC10	one2one	NA		22.9
Hdac11	ENSMUSG00000034245	HDAC11	one2one	NA		22.9
Hdac2	ENSMUSG00000019777	HDAC2	one2one	NA		22.9
Hdac3	ENSMUSG00000024454	HDAC3	one2one	NA		22.9
Hdac4	ENSMUSG00000026313	HDAC4	one2one	NA		22.9
Hdac5	ENSMUSG00000008855	HDAC5	one2one	NA		22.9
Hdac6	ENSMUSG00000031161	HDAC6	one2one	NA		22.9
Hdac7	ENSMUSG00000022475	HDAC7	one2one	NA		22.9
Hdac8	ENSMUSG00000067567	HDAC8	one2one	NA		22.9
Hdac9	ENSMUSG00000004698	HDAC9	one2one	NA		22.9
Hdc	ENSMUSG00000027360	HDC	one2one	NA		22.9
Hddc2	ENSMUSG00000000295	HDDC2	one2one	NA		22.9
Hddc3	ENSMUSG00000030532	HDDC3	one2one	NA		22.9
Hdgf	ENSMUSG00000004897	HDGF	one2one	NA		22.9
Hdgfl2	ENSMUSG00000002833	HDGFL2	one2one	NA		22.9
Hdgfl3	ENSMUSG00000025104	HDGFL3	one2one	NA		22.9
Hdhd2	ENSMUSG00000025421	HDHD2	one2one	NA		22.9
Hdhd3	ENSMUSG00000038422	HDHD3	one2one	NA		22.9
Hdhd5	ENSMUSG00000058979	HDHD5	one2one	NA		22.9
Hdlbp	ENSMUSG00000034088	HDLBP	one2one	NA		22.9
Heatr1	ENSMUSG00000050244	HEATR1	one2one	NA		22.9
Heatr3	ENSMUSG00000031657	HEATR3	one2one	NA		22.9
Heatr4	ENSMUSG00000090843	HEATR4	one2one	NA		22.9
Heatr5a	ENSMUSG00000035181	HEATR5A	one2one	NA		22.9
Heatr5b	ENSMUSG00000039414	HEATR5B	one2one	NA		22.9
Heatr6	ENSMUSG00000000976	HEATR6	one2one	NA		22.9
Heatr9	ENSMUSG00000018925	HEATR9	one2one	NA		22.9
Hebp1	ENSMUSG00000042770	HEBP1	one2one	NA		22.9
Heca	ENSMUSG00000039879	HECA	one2one	NA		22.9
Hectd1	ENSMUSG00000035247	HECTD1	one2one	NA		22.9
Hectd2	ENSMUSG00000041180	HECTD2	one2one	NA		22.9
Hectd3	ENSMUSG00000046861	HECTD3	one2one	NA		22.9
Hectd4	ENSMUSG00000042744	HECTD4	one2one	NA		22.9
Hecw2	ENSMUSG00000042807	HECW2	one2one	NA		22.9
Heg1	ENSMUSG00000075254	HEG1	one2one	NA		22.9
Helb	ENSMUSG00000020228	HELB	one2one	NA		22.9
Hells	ENSMUSG00000025001	HELLS	one2one	NA		22.9
Helq	ENSMUSG00000035266	HELQ	one2one	NA		22.9
Helz	ENSMUSG00000020721	HELZ	one2one	NA		22.9
Helz2	ENSMUSG00000027580	HELZ2	one2one	NA		22.9
Hemgn	ENSMUSG00000028332	HEMGN	one2one	NA		22.9
Hemk1	ENSMUSG00000032579	HEMK1	one2one	NA		22.9
Henmt1	ENSMUSG00000045662	HENMT1	one2one	NA		22.9
Hepacam2	ENSMUSG00000044156	HEPACAM2	one2one	NA		22.9
Herc1	ENSMUSG00000038664	HERC1	one2one	NA		22.9
Herc2	ENSMUSG00000030451	HERC2	one2one	NA		22.9
Herc3	ENSMUSG00000029804	HERC3	one2one	NA		22.9
Herc4	ENSMUSG00000020064	HERC4	one2one	NA		22.9
Herc6	ENSMUSG00000029798	HERC6	one2one	NA		22.9
Herpud1	ENSMUSG00000031770	HERPUD1	one2one	NA		22.9
Herpud2	ENSMUSG00000008429	HERPUD2	one2one	NA		22.9
Hes1	ENSMUSG00000022528	HES1	one2one	NA		22.9
Hes6	ENSMUSG00000067071	HES6	one2one	NA		22.9
Hes7	ENSMUSG00000023781	HES7	one2one	NA		22.9
Hesx1	ENSMUSG00000040726	HESX1	one2one	NA		22.9
Hexa	ENSMUSG00000025232	HEXA	one2one	NA		22.9
Hexb	ENSMUSG00000021665	HEXB	one2one	NA		22.9
Hexdc	ENSMUSG00000039307	HEXD	one2one	NA		22.9
Hexim1	ENSMUSG00000048878	HEXIM1	one2one	NA		22.9
Hexim2	ENSMUSG00000043372	HEXIM2	one2one	NA		22.9
Hey1	ENSMUSG00000040289	HEY1	one2one	NA		22.9
Hey2	ENSMUSG00000019789	HEY2	one2one	NA		22.9
Hfm1	ENSMUSG00000043410	HFM1	one2one	NA		22.9
Hgf	ENSMUSG00000028864	HGF	one2one	NA		22.9
Hgfac	ENSMUSG00000029102	HGFAC	one2one	NA		22.9
Hgh1	ENSMUSG00000022554	HGH1	one2one	NA		22.9
Hgs	ENSMUSG00000025793	HGS	one2one	NA		22.9
Hgsnat	ENSMUSG00000037260	HGSNAT	one2one	NA		22.9
Hhat	ENSMUSG00000037375	HHAT	one2one	NA		22.9
Hhex	ENSMUSG00000024986	HHEX	one2one	NA		22.9
Hhip	ENSMUSG00000064325	HHIP	one2one	NA		22.9
Hhipl2	ENSMUSG00000053461	HHIPL2	one2one	NA		22.9
Hibadh	ENSMUSG00000029776	HIBADH	one2one	NA		22.9
Hibch	ENSMUSG00000041426	HIBCH	one2one	NA		22.9
Hic1	ENSMUSG00000043099	HIC1	one2one	NA		22.9
Hic2	ENSMUSG00000050240	HIC2	one2one	NA		22.9
Hid1	ENSMUSG00000034586	HID1	one2one	NA		22.9
Hif1a	ENSMUSG00000021109	HIF1A	one2one	NA		22.9
Hif1an	ENSMUSG00000036450	HIF1AN	one2one	NA		22.9
Hif3a	ENSMUSG00000004328	HIF3A	one2one	NA		22.9
Higd1a	ENSMUSG00000038412	HIGD1A	one2one	NA		22.9
Higd2a	ENSMUSG00000025868	HIGD2A	one2one	NA		22.9
Hikeshi	ENSMUSG00000062797	HIKESHI	one2one	NA		22.9
Hilpda	ENSMUSG00000043421	HILPDA	one2one	NA		22.9
Hinfp	ENSMUSG00000032119	HINFP	one2one	NA		22.9
Hint1	ENSMUSG00000020267	HINT1	one2one	NA		22.9
Hint2	ENSMUSG00000028470	HINT2	one2one	NA		22.9
Hint3	ENSMUSG00000019791	HINT3	one2one	NA		22.9
Hip1	ENSMUSG00000039959	HIP1	one2one	NA		22.9
Hip1r	ENSMUSG00000000915	HIP1R	one2one	NA		22.9
Hipk1	ENSMUSG00000008730	HIPK1	one2one	NA		22.9
Hipk2	ENSMUSG00000061436	HIPK2	one2one	NA		22.9
Hipk3	ENSMUSG00000027177	HIPK3	one2one	NA		22.9
Hipk4	ENSMUSG00000040424	HIPK4	one2one	NA		22.9
Hira	ENSMUSG00000022702	HIRA	one2one	NA		22.9
Hirip3	ENSMUSG00000042606	HIRIP3	one2one	NA		22.9
Hist1h2ao	ENSMUSG00000094248	H2AC8	many2one	H2ac23	org.Mm.eg.db	22.9
Hivep1	ENSMUSG00000021366	HIVEP1	one2one	NA		22.9
Hivep2	ENSMUSG00000015501	HIVEP2	one2one	NA		22.9
Hivep3	ENSMUSG00000028634	HIVEP3	one2one	NA		22.9
Hjurp	ENSMUSG00000044783	HJURP	one2one	NA		22.9
Hk1	ENSMUSG00000037012	HK1	one2one	NA		22.9
Hk2	ENSMUSG00000000628	HK2	one2one	NA		22.9
Hk3	ENSMUSG00000025877	HK3	one2one	NA		22.9
Hlcs	ENSMUSG00000040820	HLCS	one2one	NA		22.9
Hlf	ENSMUSG00000003949	HLF	one2one	NA		22.9
Hltf	ENSMUSG00000002428	HLTF	one2one	NA		22.9
Hlx	ENSMUSG00000039377	HLX	one2one	NA		22.9
Hmbox1	ENSMUSG00000021972	HMBOX1	one2one	NA		22.9
Hmbs	ENSMUSG00000032126	HMBS	one2one	NA		22.9
Hmces	ENSMUSG00000030060	HMCES	one2one	NA		22.9
Hmcn1	ENSMUSG00000066842	HMCN1	one2one	NA		22.9
Hmcn2	ENSMUSG00000055632	HMCN2	one2one	NA		22.9
Hmg20a	ENSMUSG00000032329	HMG20A	one2one	NA		22.9
Hmg20b	ENSMUSG00000020232	HMG20B	one2one	NA		22.9
Hmga1	ENSMUSG00000046711	HMGA1	many2one	NA		22.9
Hmga1b	ENSMUSG00000078249	HMGA1	many2one	NA		22.9
Hmga2	ENSMUSG00000056758	HMGA2	one2one	NA		22.9
Hmgb1	ENSMUSG00000066551	HMGB1	one2one	NA		22.9
Hmgb2	ENSMUSG00000054717	HMGB2	one2one	NA		22.9
Hmgb3	ENSMUSG00000015217	HMGB3	one2one	NA		22.9
Hmgcl	ENSMUSG00000028672	HMGCL	one2one	NA		22.9
Hmgcr	ENSMUSG00000021670	HMGCR	one2one	NA		22.9
Hmgcs1	ENSMUSG00000093930	HMGCS1	one2one	NA		22.9
Hmgn1	ENSMUSG00000040681	HMGN1	one2one	NA		22.9
Hmgn2	ENSMUSG00000003038	HMGN2	many2one	NA		22.9
Hmgn3	ENSMUSG00000066456	HMGN3	one2one	NA		22.9
Hmgn5	ENSMUSG00000031245	HMGN5	one2one	NA		22.9
Hmgxb3	ENSMUSG00000024622	HMGXB3	one2one	NA		22.9
Hmgxb4	ENSMUSG00000034518	HMGXB4	one2one	NA		22.9
Hmmr	ENSMUSG00000020330	HMMR	one2one	NA		22.9
Hmox1	ENSMUSG00000005413	HMOX1	one2one	NA		22.9
Hmox2	ENSMUSG00000004070	HMOX2	one2one	NA		22.9
Hnrnpa0	ENSMUSG00000007836	HNRNPA0	one2one	NA		22.9
Hnrnpa1	ENSMUSG00000046434	HNRNPA1	one2one	NA		22.9
Hnrnpa2b1	ENSMUSG00000004980	HNRNPA2B1	one2one	NA		22.9
Hnrnpa3	ENSMUSG00000059005	HNRNPA3	one2one	NA		22.9
Hnrnpab	ENSMUSG00000020358	HNRNPAB	one2one	NA		22.9
Hnrnpc	ENSMUSG00000060373	HNRNPC	one2one	NA		22.9
Hnrnpd	ENSMUSG00000000568	HNRNPD	one2one	NA		22.9
Hnrnpdl	ENSMUSG00000029328	HNRNPDL	one2one	NA		22.9
Hnrnpf	ENSMUSG00000042079	HNRNPF	one2one	NA		22.9
Hnrnph1	ENSMUSG00000007850	HNRNPH1	one2one	NA		22.9
Hnrnph2	ENSMUSG00000045427	HNRNPH2	one2one	NA		22.9
Hnrnph3	ENSMUSG00000020069	HNRNPH3	one2one	NA		22.9
Hnrnpk	ENSMUSG00000021546	HNRNPK	one2one	NA		22.9
Hnrnpl	ENSMUSG00000015165	HNRNPL	one2one	NA		22.9
Hnrnpll	ENSMUSG00000024095	HNRNPLL	one2one	NA		22.9
Hnrnpm	ENSMUSG00000059208	HNRNPM	one2one	NA		22.9
Hnrnpr	ENSMUSG00000066037	HNRNPR	one2one	NA		22.9
Hnrnpu	ENSMUSG00000039630	HNRNPU	one2one	NA		22.9
Hnrnpul1	ENSMUSG00000040725	HNRNPUL1	one2one	NA		22.9
Hnrnpul2	ENSMUSG00000071659	HNRNPUL2	one2one	NA		22.9
Hoga1	ENSMUSG00000025176	HOGA1	one2one	NA		22.9
Homer1	ENSMUSG00000007617	HOMER1	one2one	NA		22.9
Homer2	ENSMUSG00000025813	HOMER2	one2one	NA		22.9
Homer3	ENSMUSG00000003573	HOMER3	one2one	NA		22.9
Homez	ENSMUSG00000057156	HOMEZ	one2one	NA		22.9
Hook1	ENSMUSG00000028572	HOOK1	one2one	NA		22.9
Hook2	ENSMUSG00000052566	HOOK2	one2one	NA		22.9
Hook3	ENSMUSG00000037234	HOOK3	one2one	NA		22.9
Hopx	ENSMUSG00000059325	HOPX	one2one	NA		22.9
Hormad2	ENSMUSG00000020419	HORMAD2	one2one	NA		22.9
Hoxb4	ENSMUSG00000038692	HOXB4	one2one	NA		22.9
Hoxb9	ENSMUSG00000020875	HOXB9	one2one	NA		22.9
Hp1bp3	ENSMUSG00000028759	HP1BP3	one2one	NA		22.9
Hpcal1	ENSMUSG00000071379	HPCAL1	one2one	NA		22.9
Hpcal4	ENSMUSG00000046093	HPCAL4	one2one	NA		22.9
Hpdl	ENSMUSG00000043155	HPDL	one2one	NA		22.9
Hpf1	ENSMUSG00000038005	HPF1	one2one	NA		22.9
Hpgds	ENSMUSG00000029919	HPGDS	one2one	NA		22.9
Hpn	ENSMUSG00000001249	HPN	one2one	NA		22.9
Hprt	ENSMUSG00000025630	HPRT1	one2one	NA		22.9
Hps1	ENSMUSG00000025188	HPS1	one2one	NA		22.9
Hps3	ENSMUSG00000027615	HPS3	one2one	NA		22.9
Hps4	ENSMUSG00000042328	HPS4	one2one	NA		22.9
Hps5	ENSMUSG00000014418	HPS5	one2one	NA		22.9
Hps6	ENSMUSG00000074811	HPS6	one2one	NA		22.9
Hpse	ENSMUSG00000035273	HPSE	one2one	NA		22.9
Hr	ENSMUSG00000022096	HR	one2one	NA		22.9
Hras	ENSMUSG00000025499	HRAS	one2one	NA		22.9
Hrh2	ENSMUSG00000034987	HRH2	one2one	NA		22.9
Hrh3	ENSMUSG00000039059	HRH3	one2one	NA		22.9
Hrob	ENSMUSG00000034773	HROB	one2one	NA		22.9
Hs1bp3	ENSMUSG00000020605	HS1BP3	one2one	NA		22.9
Hs2st1	ENSMUSG00000040151	HS2ST1	one2one	NA		22.9
Hs3st1	ENSMUSG00000051022	HS3ST1	one2one	NA		22.9
Hs3st3b1	ENSMUSG00000070407	HS3ST3B1	one2one	NA		22.9
Hs6st1	ENSMUSG00000045216	HS6ST1	one2one	NA		22.9
Hsbp1	ENSMUSG00000031839	HSBP1	one2one	NA		22.9
Hsbp1l1	ENSMUSG00000078963	HSBP1L1	one2one	NA		22.9
Hscb	ENSMUSG00000043510	HSCB	one2one	NA		22.9
Hsd11b1	ENSMUSG00000016194	HSD11B1	one2one	NA		22.9
Hsd11b2	ENSMUSG00000031891	HSD11B2	one2one	NA		22.9
Hsd17b10	ENSMUSG00000025260	HSD17B10	one2one	NA		22.9
Hsd17b11	ENSMUSG00000029311	HSD17B11	one2one	NA		22.9
Hsd17b12	ENSMUSG00000027195	HSD17B12	one2one	NA		22.9
Hsd17b14	ENSMUSG00000030825	HSD17B14	one2one	NA		22.9
Hsd17b4	ENSMUSG00000024507	HSD17B4	one2one	NA		22.9
Hsd17b7	ENSMUSG00000026675	HSD17B7	one2one	NA		22.9
Hsdl1	ENSMUSG00000034189	HSDL1	one2one	NA		22.9
Hsdl2	ENSMUSG00000028383	HSDL2	one2one	NA		22.9
Hsf1	ENSMUSG00000022556	HSF1	one2one	NA		22.9
Hsf2	ENSMUSG00000019878	HSF2	one2one	NA		22.9
Hsf2bp	ENSMUSG00000002076	HSF2BP	one2one	NA		22.9
Hsf4	ENSMUSG00000033249	HSF4	one2one	NA		22.9
Hsh2d	ENSMUSG00000062007	HSH2D	one2one	NA		22.9
Hsp90aa1	ENSMUSG00000021270	HSP90AA1	one2one	NA		22.9
Hsp90ab1	ENSMUSG00000023944	HSP90AB1	one2one	NA		22.9
Hsp90b1	ENSMUSG00000020048	HSP90B1	one2one	NA		22.9
Hspa12a	ENSMUSG00000025092	HSPA12A	one2one	NA		22.9
Hspa12b	ENSMUSG00000074793	HSPA12B	one2one	NA		22.9
Hspa13	ENSMUSG00000032932	HSPA13	one2one	NA		22.9
Hspa14	ENSMUSG00000109865	HSPA14	one2one	NA		22.9
Hspa1a	ENSMUSG00000091971	HSPA1A	many2one	NA		22.9
Hspa1b	ENSMUSG00000090877	HSPA1A	many2one	NA		22.9
Hspa1l	ENSMUSG00000007033	HSPA1L	one2one	NA		22.9
Hspa2	ENSMUSG00000059970	HSPA2	one2one	NA		22.9
Hspa4	ENSMUSG00000020361	HSPA4	one2one	NA		22.9
Hspa4l	ENSMUSG00000025757	HSPA4L	one2one	NA		22.9
Hspa5	ENSMUSG00000026864	HSPA5	one2one	NA		22.9
Hspa8	ENSMUSG00000015656	HSPA8	one2one	NA		22.9
Hspa9	ENSMUSG00000024359	HSPA9	one2one	NA		22.9
Hspb1	ENSMUSG00000004951	HSPB1	one2one	NA		22.9
Hspb11	ENSMUSG00000063172	HSPB11	one2one	NA		22.9
Hspb6	ENSMUSG00000036854	HSPB6	one2one	NA		22.9
Hspb7	ENSMUSG00000006221	HSPB7	one2one	NA		22.9
Hspb9	ENSMUSG00000017832	HSPB9	one2one	NA		22.9
Hspbap1	ENSMUSG00000022849	HSPBAP1	one2one	NA		22.9
Hspbp1	ENSMUSG00000063802	HSPBP1	one2one	NA		22.9
Hspd1	ENSMUSG00000025980	HSPD1	one2one	NA		22.9
Hspe1	ENSMUSG00000073676	HSPE1	many2one	NA		22.9
Hspe1-rs1	ENSMUSG00000117621	HSPE1	many2one	NA		22.9
Hspg2	ENSMUSG00000028763	HSPG2	one2one	NA		22.9
Hsph1	ENSMUSG00000029657	HSPH1	one2one	NA		22.9
Htatip2	ENSMUSG00000039745	HTATIP2	one2one	NA		22.9
Htatsf1	ENSMUSG00000067873	HTATSF1	one2one	NA		22.9
Htr1b	ENSMUSG00000049511	HTR1B	one2one	NA		22.9
Htr2a	ENSMUSG00000034997	HTR2A	one2one	NA		22.9
Htr2b	ENSMUSG00000026228	HTR2B	one2one	NA		22.9
Htr7	ENSMUSG00000024798	HTR7	one2one	NA		22.9
Htra2	ENSMUSG00000068329	HTRA2	one2one	NA		22.9
Htt	ENSMUSG00000029104	HTT	one2one	NA		22.9
Hunk	ENSMUSG00000053414	HUNK	one2one	NA		22.9
Hus1	ENSMUSG00000020413	HUS1	one2one	NA		22.9
Hus1b	ENSMUSG00000076430	HUS1B	one2one	NA		22.9
Huwe1	ENSMUSG00000025261	HUWE1	one2one	NA		22.9
Hvcn1	ENSMUSG00000064267	HVCN1	one2one	NA		22.9
Hyal1	ENSMUSG00000010051	HYAL1	one2one	NA		22.9
Hyal2	ENSMUSG00000010047	HYAL2	one2one	NA		22.9
Hyal3	ENSMUSG00000036091	HYAL3	one2one	NA		22.9
Hydin	ENSMUSG00000059854	HYDIN	one2one	NA		22.9
Hyi	ENSMUSG00000006395	HYI	one2one	NA		22.9
Hykk	ENSMUSG00000035878	HYKK	one2one	NA		22.9
Hyls1	ENSMUSG00000050555	HYLS1	one2one	NA		22.9
Hyou1	ENSMUSG00000032115	HYOU1	one2one	NA		22.9
Hypk	ENSMUSG00000027245	HYPK	one2one	NA		22.9
I830077J02Rik	ENSMUSG00000074342	C1orf162	one2one	NA		22.9
Iah1	ENSMUSG00000062054	IAH1	one2one	NA		22.9
Iars	ENSMUSG00000037851	IARS1	one2one	NA		22.9
Iars2	ENSMUSG00000026618	IARS2	one2one	NA		22.9
Iba57	ENSMUSG00000049287	IBA57	one2one	NA		22.9
Ibtk	ENSMUSG00000035941	IBTK	one2one	NA		22.9
Ica1	ENSMUSG00000062995	ICA1	one2one	NA		22.9
Ica1l	ENSMUSG00000026018	ICA1L	one2one	NA		22.9
Icam1	ENSMUSG00000037405	ICAM1	one2one	NA		22.9
Icam2	ENSMUSG00000001029	ICAM2	one2one	NA		22.9
Icam5	ENSMUSG00000032174	ICAM5	one2one	NA		22.9
Ice1	ENSMUSG00000034525	ICE1	one2one	NA		22.9
Ice2	ENSMUSG00000032235	ICE2	one2one	NA		22.9
Icmt	ENSMUSG00000039662	ICMT	one2one	NA		22.9
Icos	ENSMUSG00000026009	ICOS	one2one	NA		22.9
Icosl	ENSMUSG00000000732	ICOSLG	one2one	NA		22.9
Id1	ENSMUSG00000042745	ID1	one2one	NA		22.9
Id2	ENSMUSG00000020644	ID2	one2one	NA		22.9
Id3	ENSMUSG00000007872	ID3	one2one	NA		22.9
Ide	ENSMUSG00000056999	IDE	one2one	NA		22.9
Idh1	ENSMUSG00000025950	IDH1	one2one	NA		22.9
Idh2	ENSMUSG00000030541	IDH2	one2one	NA		22.9
Idh3a	ENSMUSG00000032279	IDH3A	one2one	NA		22.9
Idh3b	ENSMUSG00000027406	IDH3B	one2one	NA		22.9
Idh3g	ENSMUSG00000002010	IDH3G	one2one	NA		22.9
Idi1	ENSMUSG00000058258	IDI1	one2one	NA		22.9
Idi2	ENSMUSG00000033520	IDI2	many2one	NA		22.9
Idnk	ENSMUSG00000050002	IDNK	one2one	NA		22.9
Ido1	ENSMUSG00000031551	IDO1	one2one	NA		22.9
Ido2	ENSMUSG00000031549	IDO2	one2one	NA		22.9
Ids	ENSMUSG00000035847	IDS	one2one	NA		22.9
Idua	ENSMUSG00000033540	IDUA	one2one	NA		22.9
Ier2	ENSMUSG00000053560	IER2	one2one	NA		22.9
Ier3	ENSMUSG00000003541	IER3	one2one	NA		22.9
Ier3ip1	ENSMUSG00000090000	IER3IP1	one2one	NA		22.9
Ier5	ENSMUSG00000056708	IER5	one2one	NA		22.9
Ier5l	ENSMUSG00000089762	IER5L	one2one	NA		22.9
Iffo1	ENSMUSG00000038271	IFFO1	one2one	NA		22.9
Iffo2	ENSMUSG00000041025	IFFO2	one2one	NA		22.9
Ifi203	ENSMUSG00000039997	IFI16	many2one	NA		22.9
Ifi204	ENSMUSG00000073489	IFI16	one2many	NA		22.9
Ifi204	ENSMUSG00000073489	MNDA	one2many	NA		22.9
Ifi206	ENSMUSG00000037849	IFI16	many2one	NA		22.9
Ifi207	ENSMUSG00000073490	IFI16	many2one	NA		22.9
Ifi208	ENSMUSG00000066677	IFI16	many2one	NA		22.9
Ifi209	ENSMUSG00000043263	IFI16	many2one	NA		22.9
Ifi211	ENSMUSG00000026536	IFI16	many2one	NA		22.9
Ifi213	ENSMUSG00000073491	IFI16	many2one	NA		22.9
Ifi214	ENSMUSG00000070501	IFI16	many2one	NA		22.9
Ifi27	ENSMUSG00000064215	IFI27	one2many	NA		22.9
Ifi27	ENSMUSG00000064215	IFI27L1	one2many	NA		22.9
Ifi27l2a	ENSMUSG00000079017	IFI27L2	one2one	NA		22.9
Ifi30	ENSMUSG00000031838	IFI30	one2one	NA		22.9
Ifi35	ENSMUSG00000010358	IFI35	one2one	NA		22.9
Ifi44	ENSMUSG00000028037	IFI44	one2one	NA		22.9
Ifih1	ENSMUSG00000026896	IFIH1	one2one	NA		22.9
Ifit1	ENSMUSG00000034459	IFIT1B	many2one	NA		22.9
Ifit1bl1	ENSMUSG00000079339	IFIT1	one2many	NA		22.9
Ifit1bl1	ENSMUSG00000079339	IFIT1B	one2many	NA		22.9
Ifit1bl2	ENSMUSG00000067297	IFIT1B	many2one	NA		22.9
Ifit2	ENSMUSG00000045932	IFIT2	one2one	NA		22.9
Ifit3	ENSMUSG00000074896	IFIT3	many2one	NA		22.9
Ifit3b	ENSMUSG00000062488	IFIT3	many2one	NA		22.9
Ifitm1	ENSMUSG00000025491	IFITM1	many2one	NA		22.9
Ifitm2	ENSMUSG00000060591	IFITM2	one2one	NA		22.9
Ifitm3	ENSMUSG00000025492	IFITM3	one2one	NA		22.9
Ifitm5	ENSMUSG00000025489	IFITM5	one2one	NA		22.9
Ifitm7	ENSMUSG00000065968	IFITM1	many2one	NA		22.9
Ifnar1	ENSMUSG00000022967	IFNAR1	one2one	NA		22.9
Ifnar2	ENSMUSG00000022971	IFNAR2	one2one	NA		22.9
Ifnb1	ENSMUSG00000048806	IFNB1	one2one	NA		22.9
Ifng	ENSMUSG00000055170	IFNG	one2one	NA		22.9
Ifngr1	ENSMUSG00000020009	IFNGR1	one2one	NA		22.9
Ifngr2	ENSMUSG00000022965	IFNGR2	one2one	NA		22.9
Ifnk	ENSMUSG00000042993	IFNK	one2one	NA		22.9
Ifnlr1	ENSMUSG00000062157	IFNLR1	one2one	NA		22.9
Ifrd1	ENSMUSG00000001627	IFRD1	one2one	NA		22.9
Ifrd2	ENSMUSG00000010048	IFRD2	one2one	NA		22.9
Ift122	ENSMUSG00000030323	IFT122	one2one	NA		22.9
Ift140	ENSMUSG00000024169	IFT140	one2one	NA		22.9
Ift172	ENSMUSG00000038564	IFT172	one2one	NA		22.9
Ift20	ENSMUSG00000001105	IFT20	one2one	NA		22.9
Ift22	ENSMUSG00000007987	IFT22	one2one	NA		22.9
Ift27	ENSMUSG00000016637	IFT27	one2one	NA		22.9
Ift43	ENSMUSG00000007867	IFT43	one2one	NA		22.9
Ift46	ENSMUSG00000002031	IFT46	one2one	NA		22.9
Ift52	ENSMUSG00000017858	IFT52	one2one	NA		22.9
Ift57	ENSMUSG00000032965	IFT57	one2one	NA		22.9
Ift74	ENSMUSG00000028576	IFT74	one2one	NA		22.9
Ift80	ENSMUSG00000027778	IFT80	one2one	NA		22.9
Ift81	ENSMUSG00000029469	IFT81	one2one	NA		22.9
Ift88	ENSMUSG00000040040	IFT88	one2one	NA		22.9
Igbp1	ENSMUSG00000031221	IGBP1	one2one	NA		22.9
Igdcc4	ENSMUSG00000032816	IGDCC4	one2one	NA		22.9
Igf1r	ENSMUSG00000005533	IGF1R	one2one	NA		22.9
Igf2bp1	ENSMUSG00000013415	IGF2BP1	one2one	NA		22.9
Igf2bp2	ENSMUSG00000033581	IGF2BP2	one2one	NA		22.9
Igf2bp3	ENSMUSG00000029814	IGF2BP3	one2one	NA		22.9
Igf2r	ENSMUSG00000023830	IGF2R	one2one	NA		22.9
Igfals	ENSMUSG00000046070	IGFALS	one2one	NA		22.9
Igfbp2	ENSMUSG00000039323	IGFBP2	one2one	NA		22.9
Igfbp4	ENSMUSG00000017493	IGFBP4	one2one	NA		22.9
Igfbp7	ENSMUSG00000036256	IGFBP7	one2one	NA		22.9
Igha	ENSMUSG00000095079	IGHA1	one2many	NA		22.9
Igha	ENSMUSG00000095079	IGHA2	one2many	NA		22.9
Ighg1	ENSMUSG00000076614	IGHG1	one2many	NA		22.9
Ighg1	ENSMUSG00000076614	IGHG2	one2many	NA		22.9
Ighg1	ENSMUSG00000076614	IGHG3	one2many	NA		22.9
Ighg1	ENSMUSG00000076614	IGHG4	one2many	NA		22.9
Ighg2b	ENSMUSG00000076613	IGHG1	one2many	NA		22.9
Ighg2b	ENSMUSG00000076613	IGHG2	one2many	NA		22.9
Ighg2b	ENSMUSG00000076613	IGHG3	one2many	NA		22.9
Ighg2b	ENSMUSG00000076613	IGHG4	one2many	NA		22.9
Ighg2c	ENSMUSG00000076612	IGHG1	one2many	NA		22.9
Ighg2c	ENSMUSG00000076612	IGHG2	one2many	NA		22.9
Ighg2c	ENSMUSG00000076612	IGHG3	one2many	NA		22.9
Ighg2c	ENSMUSG00000076612	IGHG4	one2many	NA		22.9
Ighg3	ENSMUSG00000076615	IGHG1	one2many	NA		22.9
Ighg3	ENSMUSG00000076615	IGHG2	one2many	NA		22.9
Ighg3	ENSMUSG00000076615	IGHG3	one2many	NA		22.9
Ighg3	ENSMUSG00000076615	IGHG4	one2many	NA		22.9
Ighm	ENSMUSG00000076617	IGHM	one2one	NA		22.9
Ighmbp2	ENSMUSG00000024831	IGHMBP2	one2one	NA		22.9
Ighv6-3	ENSMUSG00000076677	IGHV3-72	one2one	NA		22.9
Igip	ENSMUSG00000110185	IGIP	one2one	NA		22.9
Igkc	ENSMUSG00000076609	IGKC	one2one	NA		22.9
Igkv1-117	ENSMUSG00000094335	IGKV2-28	one2many	NA		22.9
Igkv1-117	ENSMUSG00000094335	IGKV2D-28	one2many	NA		22.9
Igkv1-117	ENSMUSG00000094335	IGKV2D-40	one2many	NA		22.9
Igkv10-96	ENSMUSG00000094420	IGKV1-27	one2many	NA		22.9
Igkv10-96	ENSMUSG00000094420	IGKV1-37	one2many	NA		22.9
Igkv10-96	ENSMUSG00000094420	IGKV1-8	one2many	NA		22.9
Igkv10-96	ENSMUSG00000094420	IGKV1-9	one2many	NA		22.9
Igkv10-96	ENSMUSG00000094420	IGKV1D-37	one2many	NA		22.9
Igkv10-96	ENSMUSG00000094420	IGKV1D-43	one2many	NA		22.9
Igkv10-96	ENSMUSG00000094420	IGKV1D-8	one2many	NA		22.9
Igkv14-111	ENSMUSG00000095771	IGKV1-16	one2many	NA		22.9
Igkv14-111	ENSMUSG00000095771	IGKV1-17	one2many	NA		22.9
Igkv14-111	ENSMUSG00000095771	IGKV1-6	one2many	NA		22.9
Igkv14-111	ENSMUSG00000095771	IGKV1D-17	one2many	NA		22.9
Iglc2	ENSMUSG00000076937	IGLC1	one2many	NA		22.9
Iglc2	ENSMUSG00000076937	IGLC2	one2many	NA		22.9
Iglc2	ENSMUSG00000076937	IGLC3	one2many	NA		22.9
Iglc2	ENSMUSG00000076937	IGLC7	one2many	NA		22.9
Iglon5	ENSMUSG00000013367	IGLON5	one2one	NA		22.9
Igsf10	ENSMUSG00000036334	IGSF10	one2one	NA		22.9
Igsf23	ENSMUSG00000040498	IGSF23	one2one	NA		22.9
Igsf3	ENSMUSG00000042035	IGSF3	one2one	NA		22.9
Igsf6	ENSMUSG00000035004	IGSF6	one2one	NA		22.9
Igsf8	ENSMUSG00000038034	IGSF8	one2one	NA		22.9
Igsf9	ENSMUSG00000037995	IGSF9	one2one	NA		22.9
Igsf9b	ENSMUSG00000034275	IGSF9B	one2one	NA		22.9
Igtp	ENSMUSG00000078853	IRGM	many2one	NA		22.9
Ik	ENSMUSG00000024474	IK	one2one	NA		22.9
Ikbip	ENSMUSG00000019975	IKBIP	one2one	NA		22.9
Ikbkb	ENSMUSG00000031537	IKBKB	one2one	NA		22.9
Ikbke	ENSMUSG00000042349	IKBKE	one2one	NA		22.9
Ikbkg	ENSMUSG00000004221	IKBKG	one2one	NA		22.9
Ikzf1	ENSMUSG00000018654	IKZF1	one2one	NA		22.9
Ikzf2	ENSMUSG00000025997	IKZF2	one2one	NA		22.9
Ikzf3	ENSMUSG00000018168	IKZF3	one2one	NA		22.9
Ikzf4	ENSMUSG00000002578	IKZF4	one2one	NA		22.9
Ikzf5	ENSMUSG00000040167	IKZF5	one2one	NA		22.9
Il10	ENSMUSG00000016529	IL10	one2one	NA		22.9
Il10ra	ENSMUSG00000032089	IL10RA	one2one	NA		22.9
Il10rb	ENSMUSG00000022969	IL10RB	one2one	NA		22.9
Il11	ENSMUSG00000004371	IL11	one2one	NA		22.9
Il11ra1	ENSMUSG00000073889	IL11RA	one2one	NA		22.9
Il12rb1	ENSMUSG00000000791	IL12RB1	one2one	NA		22.9
Il12rb2	ENSMUSG00000018341	IL12RB2	one2one	NA		22.9
Il13	ENSMUSG00000020383	IL13	one2one	NA		22.9
Il13ra1	ENSMUSG00000017057	IL13RA1	one2one	NA		22.9
Il15	ENSMUSG00000031712	IL15	one2one	NA		22.9
Il15ra	ENSMUSG00000023206	IL15RA	one2one	NA		22.9
Il16	ENSMUSG00000001741	IL16	one2one	NA		22.9
Il17a	ENSMUSG00000025929	IL17A	one2one	NA		22.9
Il17c	ENSMUSG00000046108	IL17C	one2one	NA		22.9
Il17d	ENSMUSG00000050222	IL17D	one2one	NA		22.9
Il17f	ENSMUSG00000041872	IL17F	one2one	NA		22.9
Il17ra	ENSMUSG00000002897	IL17RA	one2one	NA		22.9
Il17rb	ENSMUSG00000015966	IL17RB	one2one	NA		22.9
Il17rd	ENSMUSG00000040717	IL17RD	one2one	NA		22.9
Il17re	ENSMUSG00000043088	IL17RE	one2one	NA		22.9
Il18	ENSMUSG00000039217	IL18	one2one	NA		22.9
Il18bp	ENSMUSG00000070427	IL18BP	one2one	NA		22.9
Il18r1	ENSMUSG00000026070	IL18R1	one2one	NA		22.9
Il18rap	ENSMUSG00000026068	IL18RAP	one2one	NA		22.9
Il1a	ENSMUSG00000027399	IL1A	one2one	NA		22.9
Il1b	ENSMUSG00000027398	IL1B	one2one	NA		22.9
Il1r1	ENSMUSG00000026072	IL1R1	one2one	NA		22.9
Il1r2	ENSMUSG00000026073	IL1R2	one2one	NA		22.9
Il1rap	ENSMUSG00000022514	IL1RAP	one2one	NA		22.9
Il1rl1	ENSMUSG00000026069	IL1RL1	one2one	NA		22.9
Il1rl2	ENSMUSG00000070942	IL1RL2	one2one	NA		22.9
Il1rn	ENSMUSG00000026981	IL1RN	one2one	NA		22.9
Il2	ENSMUSG00000027720	IL2	one2one	NA		22.9
Il20rb	ENSMUSG00000044244	IL20RB	one2one	NA		22.9
Il21	ENSMUSG00000027718	IL21	one2one	NA		22.9
Il21r	ENSMUSG00000030745	IL21R	one2one	NA		22.9
Il22	ENSMUSG00000074695	IL22	one2one	NA		22.9
Il23a	ENSMUSG00000025383	IL23A	one2one	NA		22.9
Il23r	ENSMUSG00000049093	IL23R	one2one	NA		22.9
Il24	ENSMUSG00000026420	IL24	one2one	NA		22.9
Il27	ENSMUSG00000044701	IL27	one2one	NA		22.9
Il27ra	ENSMUSG00000005465	IL27RA	one2one	NA		22.9
Il2ra	ENSMUSG00000026770	IL2RA	one2one	NA		22.9
Il2rb	ENSMUSG00000068227	IL2RB	one2one	NA		22.9
Il2rg	ENSMUSG00000031304	IL2RG	one2one	NA		22.9
Il3	ENSMUSG00000018914	IL3	one2one	NA		22.9
Il31	ENSMUSG00000029437	IL31	one2one	NA		22.9
Il33	ENSMUSG00000024810	IL33	one2one	NA		22.9
Il34	ENSMUSG00000031750	IL34	one2one	NA		22.9
Il3ra	ENSMUSG00000068758	IL3RA	one2one	NA		22.9
Il4	ENSMUSG00000000869	IL4	one2one	NA		22.9
Il4i1	ENSMUSG00000074141	IL4I1	one2one	NA		22.9
Il4ra	ENSMUSG00000030748	IL4R	one2one	NA		22.9
Il5	ENSMUSG00000036117	IL5	one2one	NA		22.9
Il5ra	ENSMUSG00000005364	IL5RA	one2one	NA		22.9
Il6	ENSMUSG00000025746	IL6	one2one	NA		22.9
Il6ra	ENSMUSG00000027947	IL6R	one2one	NA		22.9
Il6st	ENSMUSG00000021756	IL6ST	one2one	NA		22.9
Il7r	ENSMUSG00000003882	IL7R	one2one	NA		22.9
Il9	ENSMUSG00000021538	IL9	one2one	NA		22.9
Il9r	ENSMUSG00000020279	IL9R	one2one	NA		22.9
Ildr1	ENSMUSG00000022900	ILDR1	one2one	NA		22.9
Ilf2	ENSMUSG00000001016	ILF2	one2one	NA		22.9
Ilf3	ENSMUSG00000032178	ILF3	one2one	NA		22.9
Ilk	ENSMUSG00000030890	ILK	one2one	NA		22.9
Ilkap	ENSMUSG00000026309	ILKAP	one2one	NA		22.9
Ilrun	ENSMUSG00000056692	ILRUN	one2one	NA		22.9
Ilvbl	ENSMUSG00000032763	ILVBL	one2one	NA		22.9
Immp1l	ENSMUSG00000042670	IMMP1L	one2one	NA		22.9
Immp2l	ENSMUSG00000056899	IMMP2L	one2one	NA		22.9
Immt	ENSMUSG00000052337	IMMT	one2one	NA		22.9
Imp3	ENSMUSG00000032288	IMP3	one2one	NA		22.9
Imp4	ENSMUSG00000026127	IMP4	one2one	NA		22.9
Impa1	ENSMUSG00000027531	IMPA1	one2one	NA		22.9
Impa2	ENSMUSG00000024525	IMPA2	one2one	NA		22.9
Impact	ENSMUSG00000024423	IMPACT	one2one	NA		22.9
Impad1	ENSMUSG00000066324	BPNT2	one2one	Bpnt2	org.Mm.eg.db	22.9
Impdh1	ENSMUSG00000003500	IMPDH1	one2one	NA		22.9
Impdh2	ENSMUSG00000062867	IMPDH2	one2one	NA		22.9
Impg2	ENSMUSG00000035270	IMPG2	one2one	NA		22.9
Ina	ENSMUSG00000034336	INA	one2one	NA		22.9
Inafm1	ENSMUSG00000091811	INAFM1	one2one	NA		22.9
Inafm2	ENSMUSG00000074918	INAFM2	one2one	NA		22.9
Inava	ENSMUSG00000041605	INAVA	one2one	NA		22.9
Inca1	ENSMUSG00000057054	INCA1	one2one	NA		22.9
Incenp	ENSMUSG00000024660	INCENP	one2one	NA		22.9
Inf2	ENSMUSG00000037679	INF2	one2one	NA		22.9
Ing1	ENSMUSG00000045969	ING1	one2one	NA		22.9
Ing2	ENSMUSG00000063049	ING2	one2one	NA		22.9
Ing3	ENSMUSG00000029670	ING3	one2one	NA		22.9
Ing4	ENSMUSG00000030330	ING4	one2one	NA		22.9
Ing5	ENSMUSG00000026283	ING5	one2one	NA		22.9
Inha	ENSMUSG00000032968	INHA	one2one	NA		22.9
Inhba	ENSMUSG00000041324	INHBA	one2one	NA		22.9
Inhbb	ENSMUSG00000037035	INHBB	one2one	NA		22.9
Inip	ENSMUSG00000038544	INIP	one2one	NA		22.9
Inka1	ENSMUSG00000042106	INKA1	one2one	NA		22.9
Inka2	ENSMUSG00000048458	INKA2	one2one	NA		22.9
Ino80	ENSMUSG00000034154	INO80	one2one	NA		22.9
Ino80b	ENSMUSG00000030034	INO80B	one2one	NA		22.9
Ino80c	ENSMUSG00000047989	INO80C	one2one	NA		22.9
Ino80d	ENSMUSG00000040865	INO80D	one2one	NA		22.9
Ino80e	ENSMUSG00000030689	INO80E	one2one	NA		22.9
Inpp1	ENSMUSG00000026102	INPP1	one2one	NA		22.9
Inpp4a	ENSMUSG00000026113	INPP4A	one2one	NA		22.9
Inpp4b	ENSMUSG00000037940	INPP4B	one2one	NA		22.9
Inpp5a	ENSMUSG00000025477	INPP5A	one2one	NA		22.9
Inpp5b	ENSMUSG00000028894	INPP5B	one2one	NA		22.9
Inpp5d	ENSMUSG00000026288	INPP5D	one2one	NA		22.9
Inpp5e	ENSMUSG00000026925	INPP5E	one2one	NA		22.9
Inpp5f	ENSMUSG00000042105	INPP5F	one2one	NA		22.9
Inpp5k	ENSMUSG00000006127	INPP5K	one2one	NA		22.9
Inppl1	ENSMUSG00000032737	INPPL1	one2one	NA		22.9
Insig1	ENSMUSG00000045294	INSIG1	one2one	NA		22.9
Insig2	ENSMUSG00000003721	INSIG2	one2one	NA		22.9
Insl3	ENSMUSG00000079019	INSL3	one2one	NA		22.9
Insl5	ENSMUSG00000066090	INSL5	one2one	NA		22.9
Insl6	ENSMUSG00000050957	INSL6	one2one	NA		22.9
Insm1	ENSMUSG00000068154	INSM1	one2one	NA		22.9
Insr	ENSMUSG00000005534	INSR	one2one	NA		22.9
Insrr	ENSMUSG00000005640	INSRR	one2one	NA		22.9
Insyn2b	ENSMUSG00000069911	INSYN2B	one2one	NA		22.9
Ints1	ENSMUSG00000029547	INTS1	one2one	NA		22.9
Ints10	ENSMUSG00000031864	INTS10	one2one	NA		22.9
Ints11	ENSMUSG00000029034	INTS11	one2one	NA		22.9
Ints12	ENSMUSG00000028016	INTS12	one2one	NA		22.9
Ints13	ENSMUSG00000040250	INTS13	one2one	NA		22.9
Ints14	ENSMUSG00000034263	INTS14	one2one	NA		22.9
Ints2	ENSMUSG00000018068	INTS2	one2one	NA		22.9
Ints3	ENSMUSG00000027933	INTS3	one2one	NA		22.9
Ints4	ENSMUSG00000025133	INTS4	one2one	NA		22.9
Ints5	ENSMUSG00000071652	INTS5	one2one	NA		22.9
Ints6	ENSMUSG00000035161	INTS6	one2one	NA		22.9
Ints6l	ENSMUSG00000035967	INTS6L	one2one	NA		22.9
Ints7	ENSMUSG00000037461	INTS7	one2one	NA		22.9
Ints8	ENSMUSG00000040738	INTS8	one2one	NA		22.9
Ints9	ENSMUSG00000021975	INTS9	one2one	NA		22.9
Intu	ENSMUSG00000060798	INTU	one2one	NA		22.9
Invs	ENSMUSG00000028344	INVS	one2one	NA		22.9
Ip6k1	ENSMUSG00000032594	IP6K1	one2one	NA		22.9
Ip6k2	ENSMUSG00000032599	IP6K2	one2one	NA		22.9
Ipcef1	ENSMUSG00000064065	IPCEF1	one2one	NA		22.9
Ipmk	ENSMUSG00000060733	IPMK	one2one	NA		22.9
Ipo11	ENSMUSG00000042590	IPO11	one2one	NA		22.9
Ipo13	ENSMUSG00000033365	IPO13	one2one	NA		22.9
Ipo4	ENSMUSG00000002319	IPO4	one2one	NA		22.9
Ipo5	ENSMUSG00000030662	IPO5	one2one	NA		22.9
Ipo7	ENSMUSG00000066232	IPO7	one2one	NA		22.9
Ipo8	ENSMUSG00000040029	IPO8	one2one	NA		22.9
Ipo9	ENSMUSG00000041879	IPO9	one2one	NA		22.9
Ipp	ENSMUSG00000028696	IPP	one2one	NA		22.9
Ippk	ENSMUSG00000021385	IPPK	one2one	NA		22.9
Iqank1	ENSMUSG00000102018	IQANK1	one2one	NA		22.9
Iqcb1	ENSMUSG00000022837	IQCB1	one2one	NA		22.9
Iqcc	ENSMUSG00000040795	IQCC	one2one	NA		22.9
Iqcd	ENSMUSG00000029601	IQCD	one2one	NA		22.9
Iqce	ENSMUSG00000036555	IQCE	one2one	NA		22.9
Iqcg	ENSMUSG00000035578	IQCG	one2one	NA		22.9
Iqck	ENSMUSG00000073856	IQCK	one2one	NA		22.9
Iqgap1	ENSMUSG00000030536	IQGAP1	one2one	NA		22.9
Iqgap2	ENSMUSG00000021676	IQGAP2	one2one	NA		22.9
Iqgap3	ENSMUSG00000028068	IQGAP3	one2one	NA		22.9
Iqsec1	ENSMUSG00000034312	IQSEC1	one2one	NA		22.9
Iqsec2	ENSMUSG00000041115	IQSEC2	one2one	NA		22.9
Irak1	ENSMUSG00000031392	IRAK1	one2one	NA		22.9
Irak1bp1	ENSMUSG00000032251	IRAK1BP1	one2one	NA		22.9
Irak2	ENSMUSG00000060477	IRAK2	one2one	NA		22.9
Irak3	ENSMUSG00000020227	IRAK3	one2one	NA		22.9
Irak4	ENSMUSG00000059883	IRAK4	one2one	NA		22.9
Ireb2	ENSMUSG00000032293	IREB2	one2one	NA		22.9
Irf1	ENSMUSG00000018899	IRF1	one2one	NA		22.9
Irf2	ENSMUSG00000031627	IRF2	one2one	NA		22.9
Irf2bp1	ENSMUSG00000044030	IRF2BP1	one2one	NA		22.9
Irf2bp2	ENSMUSG00000051495	IRF2BP2	one2one	NA		22.9
Irf2bpl	ENSMUSG00000034168	IRF2BPL	one2one	NA		22.9
Irf3	ENSMUSG00000003184	IRF3	one2one	NA		22.9
Irf4	ENSMUSG00000021356	IRF4	one2one	NA		22.9
Irf5	ENSMUSG00000029771	IRF5	one2one	NA		22.9
Irf6	ENSMUSG00000026638	IRF6	one2one	NA		22.9
Irf7	ENSMUSG00000025498	IRF7	one2one	NA		22.9
Irf8	ENSMUSG00000041515	IRF8	one2one	NA		22.9
Irf9	ENSMUSG00000002325	IRF9	one2one	NA		22.9
Irgc1	ENSMUSG00000062028	IRGC	one2one	NA		22.9
Irgm1	ENSMUSG00000046879	IRGM	many2one	NA		22.9
Irgm2	ENSMUSG00000069874	IRGM	many2one	NA		22.9
Irgq	ENSMUSG00000041037	IRGQ	one2one	NA		22.9
Irs2	ENSMUSG00000038894	IRS2	one2one	NA		22.9
Irx3	ENSMUSG00000031734	IRX3	one2one	NA		22.9
Isca1	ENSMUSG00000044792	ISCA1	many2one	NA		22.9
Isca2	ENSMUSG00000021241	ISCA2	one2one	NA		22.9
Iscu	ENSMUSG00000025825	ISCU	one2one	NA		22.9
Isg15	ENSMUSG00000035692	ISG15	one2one	NA		22.9
Isg20	ENSMUSG00000039236	ISG20	one2one	NA		22.9
Isg20l2	ENSMUSG00000048039	ISG20L2	one2one	NA		22.9
Islr	ENSMUSG00000037206	ISLR	one2one	NA		22.9
Islr2	ENSMUSG00000051243	ISLR2	one2one	NA		22.9
Ism1	ENSMUSG00000074766	ISM1	one2one	NA		22.9
Isoc1	ENSMUSG00000024601	ISOC1	one2one	NA		22.9
Isoc2a	ENSMUSG00000086784	ISOC2	many2one	NA		22.9
Isoc2b	ENSMUSG00000052605	ISOC2	many2one	NA		22.9
Ist1	ENSMUSG00000031729	IST1	one2one	NA		22.9
Isy1	ENSMUSG00000030056	ISY1	one2one	NA		22.9
Isyna1	ENSMUSG00000019139	ISYNA1	one2one	NA		22.9
Itch	ENSMUSG00000027598	ITCH	one2one	NA		22.9
Itfg1	ENSMUSG00000031703	ITFG1	one2one	NA		22.9
Itfg2	ENSMUSG00000001518	ITFG2	one2one	NA		22.9
Itga1	ENSMUSG00000042284	ITGA1	one2one	NA		22.9
Itga10	ENSMUSG00000090210	ITGA10	one2one	NA		22.9
Itga11	ENSMUSG00000032243	ITGA11	one2one	NA		22.9
Itga2	ENSMUSG00000015533	ITGA2	one2one	NA		22.9
Itga2b	ENSMUSG00000034664	ITGA2B	one2one	NA		22.9
Itga3	ENSMUSG00000001507	ITGA3	one2one	NA		22.9
Itga4	ENSMUSG00000027009	ITGA4	one2one	NA		22.9
Itga5	ENSMUSG00000000555	ITGA5	one2one	NA		22.9
Itga6	ENSMUSG00000027111	ITGA6	one2one	NA		22.9
Itga7	ENSMUSG00000025348	ITGA7	one2one	NA		22.9
Itga9	ENSMUSG00000039115	ITGA9	one2one	NA		22.9
Itgae	ENSMUSG00000005947	ITGAE	one2one	NA		22.9
Itgal	ENSMUSG00000030830	ITGAL	one2one	NA		22.9
Itgam	ENSMUSG00000030786	ITGAM	one2one	NA		22.9
Itgav	ENSMUSG00000027087	ITGAV	one2one	NA		22.9
Itgax	ENSMUSG00000030789	ITGAX	one2one	NA		22.9
Itgb1	ENSMUSG00000025809	ITGB1	one2one	NA		22.9
Itgb1bp1	ENSMUSG00000062352	ITGB1BP1	one2one	NA		22.9
Itgb1bp2	ENSMUSG00000031312	ITGB1BP2	one2one	NA		22.9
Itgb2	ENSMUSG00000000290	ITGB2	one2one	NA		22.9
Itgb3	ENSMUSG00000020689	ITGB3	one2one	NA		22.9
Itgb3bp	ENSMUSG00000028549	ITGB3BP	one2one	NA		22.9
Itgb4	ENSMUSG00000020758	ITGB4	one2one	NA		22.9
Itgb5	ENSMUSG00000022817	ITGB5	one2one	NA		22.9
Itgb7	ENSMUSG00000001281	ITGB7	one2one	NA		22.9
Itgb8	ENSMUSG00000025321	ITGB8	one2one	NA		22.9
Itih5	ENSMUSG00000025780	ITIH5	one2one	NA		22.9
Itk	ENSMUSG00000020395	ITK	one2one	NA		22.9
Itm2a	ENSMUSG00000031239	ITM2A	one2one	NA		22.9
Itm2b	ENSMUSG00000022108	ITM2B	one2one	NA		22.9
Itm2c	ENSMUSG00000026223	ITM2C	one2one	NA		22.9
Itpa	ENSMUSG00000074797	ITPA	one2one	NA		22.9
Itpk1	ENSMUSG00000057963	ITPK1	one2one	NA		22.9
Itpka	ENSMUSG00000027296	ITPKA	one2one	NA		22.9
Itpkb	ENSMUSG00000038855	ITPKB	one2one	NA		22.9
Itpkc	ENSMUSG00000003752	ITPKC	one2one	NA		22.9
Itpr1	ENSMUSG00000030102	ITPR1	one2one	NA		22.9
Itpr2	ENSMUSG00000030287	ITPR2	one2one	NA		22.9
Itpr3	ENSMUSG00000042644	ITPR3	one2one	NA		22.9
Itprid2	ENSMUSG00000027007	ITPRID2	one2one	NA		22.9
Itprip	ENSMUSG00000117975	ITPRIP	one2one	NA		22.9
Itpripl1	ENSMUSG00000074825	ITPRIPL1	one2one	NA		22.9
Itpripl2	ENSMUSG00000095115	ITPRIPL2	one2one	NA		22.9
Itsn1	ENSMUSG00000022957	ITSN1	one2one	NA		22.9
Itsn2	ENSMUSG00000020640	ITSN2	one2one	NA		22.9
Ivd	ENSMUSG00000027332	IVD	one2one	NA		22.9
Ivns1abp	ENSMUSG00000023150	IVNS1ABP	one2one	NA		22.9
Iws1	ENSMUSG00000024384	IWS1	one2one	NA		22.9
Iyd	ENSMUSG00000019762	IYD	one2one	NA		22.9
Izumo1	ENSMUSG00000064158	IZUMO1	one2one	NA		22.9
Izumo1r	ENSMUSG00000031933	IZUMO1R	one2one	NA		22.9
Izumo4	ENSMUSG00000055862	IZUMO4	one2one	NA		22.9
Jade1	ENSMUSG00000025764	JADE1	one2one	NA		22.9
Jade2	ENSMUSG00000020387	JADE2	one2one	NA		22.9
Jade3	ENSMUSG00000037315	JADE3	one2one	NA		22.9
Jag1	ENSMUSG00000027276	JAG1	one2one	NA		22.9
Jag2	ENSMUSG00000002799	JAG2	one2one	NA		22.9
Jagn1	ENSMUSG00000051256	JAGN1	one2one	NA		22.9
Jak1	ENSMUSG00000028530	JAK1	one2one	NA		22.9
Jak2	ENSMUSG00000024789	JAK2	one2one	NA		22.9
Jak3	ENSMUSG00000031805	JAK3	one2one	NA		22.9
Jakmip1	ENSMUSG00000063646	JAKMIP1	one2one	NA		22.9
Jam2	ENSMUSG00000053062	JAM2	one2one	NA		22.9
Jam3	ENSMUSG00000031990	JAM3	one2one	NA		22.9
Jaml	ENSMUSG00000048534	JAML	one2one	NA		22.9
Jarid2	ENSMUSG00000038518	JARID2	one2one	NA		22.9
Jazf1	ENSMUSG00000063568	JAZF1	one2one	NA		22.9
Jcad	ENSMUSG00000033960	JCAD	one2one	NA		22.9
Jchain	ENSMUSG00000067149	JCHAIN	one2one	NA		22.9
Jdp2	ENSMUSG00000034271	JDP2	one2one	NA		22.9
Jkamp	ENSMUSG00000005078	JKAMP	one2one	NA		22.9
Jmjd1c	ENSMUSG00000037876	JMJD1C	one2one	NA		22.9
Jmjd4	ENSMUSG00000036819	JMJD4	one2one	NA		22.9
Jmjd6	ENSMUSG00000056962	JMJD6	one2one	NA		22.9
Jmjd7	ENSMUSG00000098789	JMJD7	one2one	NA		22.9
Jmjd8	ENSMUSG00000025736	JMJD8	one2one	NA		22.9
Jmy	ENSMUSG00000021690	JMY	one2one	NA		22.9
Josd1	ENSMUSG00000022426	JOSD1	one2one	NA		22.9
Josd2	ENSMUSG00000038695	JOSD2	one2one	NA		22.9
Jph3	ENSMUSG00000025318	JPH3	one2one	NA		22.9
Jph4	ENSMUSG00000022208	JPH4	one2one	NA		22.9
Jpt1	ENSMUSG00000020737	JPT1	one2one	NA		22.9
Jpt2	ENSMUSG00000024165	JPT2	one2one	NA		22.9
Jrk	ENSMUSG00000046380	JRK	one2one	NA		22.9
Jrkl	ENSMUSG00000079083	JRKL	one2one	NA		22.9
Jsrp1	ENSMUSG00000020216	JSRP1	one2one	NA		22.9
Jtb	ENSMUSG00000027937	JTB	one2one	NA		22.9
Jun	ENSMUSG00000052684	JUN	one2one	NA		22.9
Junb	ENSMUSG00000052837	JUNB	one2one	NA		22.9
Jund	ENSMUSG00000071076	JUND	one2one	NA		22.9
Jup	ENSMUSG00000001552	JUP	one2one	NA		22.9
Kalrn	ENSMUSG00000061751	KALRN	one2one	NA		22.9
Kank2	ENSMUSG00000032194	KANK2	one2one	NA		22.9
Kank3	ENSMUSG00000042099	KANK3	one2one	NA		22.9
Kansl1	ENSMUSG00000018412	KANSL1	one2one	NA		22.9
Kansl1l	ENSMUSG00000026004	KANSL1L	one2one	NA		22.9
Kansl2	ENSMUSG00000022992	KANSL2	one2one	NA		22.9
Kansl3	ENSMUSG00000010453	KANSL3	one2one	NA		22.9
Kantr	ENSMUSG00000087403	KANTR	one2one	NA		22.9
Kars	ENSMUSG00000031948	KARS1	one2one	NA		22.9
Kat14	ENSMUSG00000027425	KAT14	one2one	NA		22.9
Kat2a	ENSMUSG00000020918	KAT2A	one2one	NA		22.9
Kat2b	ENSMUSG00000000708	KAT2B	one2one	NA		22.9
Kat5	ENSMUSG00000024926	KAT5	one2one	NA		22.9
Kat6a	ENSMUSG00000031540	KAT6A	one2one	NA		22.9
Kat6b	ENSMUSG00000021767	KAT6B	one2one	NA		22.9
Kat7	ENSMUSG00000038909	KAT7	one2one	NA		22.9
Kat8	ENSMUSG00000030801	KAT8	one2one	NA		22.9
Katna1	ENSMUSG00000019794	KATNA1	one2one	NA		22.9
Katnal1	ENSMUSG00000041298	KATNAL1	one2one	NA		22.9
Katnal2	ENSMUSG00000025420	KATNAL2	one2one	NA		22.9
Katnb1	ENSMUSG00000031787	KATNB1	one2one	NA		22.9
Katnbl1	ENSMUSG00000027132	KATNBL1	one2one	NA		22.9
Kazald1	ENSMUSG00000025213	KAZALD1	one2one	NA		22.9
Kazn	ENSMUSG00000040606	KAZN	one2one	NA		22.9
Kbtbd11	ENSMUSG00000055675	KBTBD11	one2one	NA		22.9
Kbtbd13	ENSMUSG00000054978	KBTBD13	one2one	NA		22.9
Kbtbd2	ENSMUSG00000059486	KBTBD2	one2one	NA		22.9
Kbtbd3	ENSMUSG00000025893	KBTBD3	one2one	NA		22.9
Kbtbd4	ENSMUSG00000005505	KBTBD4	one2one	NA		22.9
Kbtbd6	ENSMUSG00000075502	KBTBD6	one2many	NA		22.9
Kbtbd6	ENSMUSG00000075502	KBTBD7	one2many	NA		22.9
Kbtbd7	ENSMUSG00000043881	KBTBD7	many2one	NA		22.9
Kbtbd8	ENSMUSG00000030031	KBTBD8	one2one	NA		22.9
Kcmf1	ENSMUSG00000055239	KCMF1	one2one	NA		22.9
Kcna2	ENSMUSG00000040724	KCNA2	one2one	NA		22.9
Kcna3	ENSMUSG00000047959	KCNA3	one2one	NA		22.9
Kcna4	ENSMUSG00000042604	KCNA4	one2one	NA		22.9
Kcnab1	ENSMUSG00000027827	KCNAB1	one2one	NA		22.9
Kcnab2	ENSMUSG00000028931	KCNAB2	one2one	NA		22.9
Kcnab3	ENSMUSG00000018470	KCNAB3	one2one	NA		22.9
Kcnb1	ENSMUSG00000050556	KCNB1	one2one	NA		22.9
Kcnc3	ENSMUSG00000062785	KCNC3	one2one	NA		22.9
Kcnd1	ENSMUSG00000009731	KCND1	one2one	NA		22.9
Kcnd3	ENSMUSG00000040896	KCND3	one2one	NA		22.9
Kcnf1	ENSMUSG00000051726	KCNF1	one2one	NA		22.9
Kcnh2	ENSMUSG00000038319	KCNH2	one2one	NA		22.9
Kcnh3	ENSMUSG00000037579	KCNH3	one2one	NA		22.9
Kcnh4	ENSMUSG00000035355	KCNH4	one2one	NA		22.9
Kcnh5	ENSMUSG00000034402	KCNH5	one2one	NA		22.9
Kcnh6	ENSMUSG00000001901	KCNH6	one2one	NA		22.9
Kcnh7	ENSMUSG00000059742	KCNH7	one2one	NA		22.9
Kcnip2	ENSMUSG00000025221	KCNIP2	one2one	NA		22.9
Kcnip3	ENSMUSG00000079056	KCNIP3	one2one	NA		22.9
Kcnip4	ENSMUSG00000029088	KCNIP4	one2one	NA		22.9
Kcnj10	ENSMUSG00000044708	KCNJ10	one2one	NA		22.9
Kcnj14	ENSMUSG00000058743	KCNJ14	one2one	NA		22.9
Kcnj15	ENSMUSG00000062609	KCNJ15	one2one	NA		22.9
Kcnj2	ENSMUSG00000041695	KCNJ2	one2one	NA		22.9
Kcnj8	ENSMUSG00000030247	KCNJ8	one2one	NA		22.9
Kcnj9	ENSMUSG00000038026	KCNJ9	one2one	NA		22.9
Kcnk10	ENSMUSG00000033854	KCNK10	one2one	NA		22.9
Kcnk12	ENSMUSG00000050138	KCNK12	one2one	NA		22.9
Kcnk4	ENSMUSG00000024957	KCNK4	one2one	NA		22.9
Kcnk5	ENSMUSG00000023243	KCNK5	one2one	NA		22.9
Kcnk6	ENSMUSG00000046410	KCNK6	one2one	NA		22.9
Kcnk7	ENSMUSG00000024936	KCNK7	one2one	NA		22.9
Kcnmb1	ENSMUSG00000020155	KCNMB1	one2one	NA		22.9
Kcnmb4	ENSMUSG00000054934	KCNMB4	one2one	NA		22.9
Kcnn1	ENSMUSG00000002908	KCNN1	one2one	NA		22.9
Kcnn4	ENSMUSG00000054342	KCNN4	one2one	NA		22.9
Kcnq2	ENSMUSG00000016346	KCNQ2	one2one	NA		22.9
Kcnq4	ENSMUSG00000028631	KCNQ4	one2one	NA		22.9
Kcnq5	ENSMUSG00000028033	KCNQ5	one2one	NA		22.9
Kcnrg	ENSMUSG00000046168	KCNRG	one2one	NA		22.9
Kcns1	ENSMUSG00000040164	KCNS1	one2one	NA		22.9
Kcnv1	ENSMUSG00000022342	KCNV1	one2one	NA		22.9
Kctd1	ENSMUSG00000036225	KCTD1	one2one	NA		22.9
Kctd10	ENSMUSG00000001098	KCTD10	one2one	NA		22.9
Kctd11	ENSMUSG00000046731	KCTD11	one2one	NA		22.9
Kctd12	ENSMUSG00000098557	KCTD12	one2one	NA		22.9
Kctd13	ENSMUSG00000030685	KCTD13	one2one	NA		22.9
Kctd14	ENSMUSG00000051727	KCTD14	one2one	NA		22.9
Kctd15	ENSMUSG00000030499	KCTD15	one2one	NA		22.9
Kctd17	ENSMUSG00000033287	KCTD17	one2one	NA		22.9
Kctd18	ENSMUSG00000054770	KCTD18	one2one	NA		22.9
Kctd2	ENSMUSG00000016940	KCTD2	one2one	NA		22.9
Kctd20	ENSMUSG00000005936	KCTD20	one2one	NA		22.9
Kctd21	ENSMUSG00000044952	KCTD21	one2one	NA		22.9
Kctd3	ENSMUSG00000026608	KCTD3	one2one	NA		22.9
Kctd4	ENSMUSG00000046523	KCTD4	one2one	NA		22.9
Kctd5	ENSMUSG00000016946	KCTD5	one2one	NA		22.9
Kctd6	ENSMUSG00000021752	KCTD6	one2one	NA		22.9
Kctd7	ENSMUSG00000034110	KCTD7	one2one	NA		22.9
Kctd9	ENSMUSG00000034327	KCTD9	one2one	NA		22.9
Kdelr1	ENSMUSG00000002778	KDELR1	one2one	NA		22.9
Kdelr2	ENSMUSG00000079111	KDELR2	one2one	NA		22.9
Kdelr3	ENSMUSG00000010830	KDELR3	one2one	NA		22.9
Kdf1	ENSMUSG00000037600	KDF1	one2one	NA		22.9
Kdm1a	ENSMUSG00000036940	KDM1A	one2one	NA		22.9
Kdm1b	ENSMUSG00000038080	KDM1B	one2one	NA		22.9
Kdm2a	ENSMUSG00000054611	KDM2A	one2one	NA		22.9
Kdm2b	ENSMUSG00000029475	KDM2B	one2one	NA		22.9
Kdm3a	ENSMUSG00000053470	KDM3A	one2one	NA		22.9
Kdm3b	ENSMUSG00000038773	KDM3B	one2one	NA		22.9
Kdm4a	ENSMUSG00000033326	KDM4A	one2one	NA		22.9
Kdm4b	ENSMUSG00000024201	KDM4B	one2one	NA		22.9
Kdm4c	ENSMUSG00000028397	KDM4C	one2one	NA		22.9
Kdm4d	ENSMUSG00000053914	KDM4D	one2one	NA		22.9
Kdm5a	ENSMUSG00000030180	KDM5A	one2one	NA		22.9
Kdm5b	ENSMUSG00000042207	KDM5B	one2one	NA		22.9
Kdm5c	ENSMUSG00000025332	KDM5C	one2one	NA		22.9
Kdm5d	ENSMUSG00000056673	KDM5D	one2one	NA		22.9
Kdm6a	ENSMUSG00000037369	KDM6A	one2one	NA		22.9
Kdm6b	ENSMUSG00000018476	KDM6B	one2one	NA		22.9
Kdm7a	ENSMUSG00000042599	KDM7A	one2one	NA		22.9
Kdm8	ENSMUSG00000030752	KDM8	one2one	NA		22.9
Kdr	ENSMUSG00000062960	KDR	one2one	NA		22.9
Kdsr	ENSMUSG00000009905	KDSR	one2one	NA		22.9
Keap1	ENSMUSG00000003308	KEAP1	one2one	NA		22.9
Khdc3	ENSMUSG00000092622	KHDC3L	one2one	NA		22.9
Khdc4	ENSMUSG00000028060	KHDC4	one2one	NA		22.9
Khdrbs1	ENSMUSG00000028790	KHDRBS1	one2one	NA		22.9
Khdrbs3	ENSMUSG00000022332	KHDRBS3	one2one	NA		22.9
Khk	ENSMUSG00000029162	KHK	one2one	NA		22.9
Khnyn	ENSMUSG00000047153	KHNYN	one2one	NA		22.9
Khsrp	ENSMUSG00000007670	KHSRP	one2one	NA		22.9
Kidins220	ENSMUSG00000036333	KIDINS220	one2one	NA		22.9
Kif11	ENSMUSG00000012443	KIF11	one2one	NA		22.9
Kif13a	ENSMUSG00000021375	KIF13A	one2one	NA		22.9
Kif13b	ENSMUSG00000060012	KIF13B	one2one	NA		22.9
Kif14	ENSMUSG00000041498	KIF14	one2one	NA		22.9
Kif15	ENSMUSG00000036768	KIF15	one2one	NA		22.9
Kif16b	ENSMUSG00000038844	KIF16B	one2one	NA		22.9
Kif18a	ENSMUSG00000027115	KIF18A	one2one	NA		22.9
Kif18b	ENSMUSG00000051378	KIF18B	one2one	NA		22.9
Kif1a	ENSMUSG00000014602	KIF1A	one2one	NA		22.9
Kif1b	ENSMUSG00000063077	KIF1B	one2one	NA		22.9
Kif1c	ENSMUSG00000020821	KIF1C	one2one	NA		22.9
Kif20a	ENSMUSG00000003779	KIF20A	one2one	NA		22.9
Kif20b	ENSMUSG00000024795	KIF20B	one2one	NA		22.9
Kif21b	ENSMUSG00000041642	KIF21B	one2one	NA		22.9
Kif22	ENSMUSG00000030677	KIF22	one2one	NA		22.9
Kif23	ENSMUSG00000032254	KIF23	one2one	NA		22.9
Kif24	ENSMUSG00000028438	KIF24	one2one	NA		22.9
Kif26b	ENSMUSG00000026494	KIF26B	one2one	NA		22.9
Kif2a	ENSMUSG00000021693	KIF2A	one2one	NA		22.9
Kif2c	ENSMUSG00000028678	KIF2C	one2one	NA		22.9
Kif3a	ENSMUSG00000018395	KIF3A	one2one	NA		22.9
Kif3b	ENSMUSG00000027475	KIF3B	one2one	NA		22.9
Kif3c	ENSMUSG00000020668	KIF3C	one2one	NA		22.9
Kif4	ENSMUSG00000034311	KIF4A	one2one	NA		22.9
Kif5a	ENSMUSG00000074657	KIF5A	one2one	NA		22.9
Kif5b	ENSMUSG00000006740	KIF5B	one2one	NA		22.9
Kif5c	ENSMUSG00000026764	KIF5C	one2one	NA		22.9
Kif7	ENSMUSG00000050382	KIF7	one2one	NA		22.9
Kif9	ENSMUSG00000032489	KIF9	one2one	NA		22.9
Kifap3	ENSMUSG00000026585	KIFAP3	one2one	NA		22.9
Kifbp	ENSMUSG00000036955	KIFBP	one2one	NA		22.9
Kifc1	ENSMUSG00000079553	KIFC1	many2one	NA		22.9
Kifc2	ENSMUSG00000004187	KIFC2	one2one	NA		22.9
Kifc3	ENSMUSG00000031788	KIFC3	one2one	NA		22.9
Kifc5b	ENSMUSG00000024301	KIFC1	many2one	NA		22.9
Kin	ENSMUSG00000037262	KIN	one2one	NA		22.9
Kirrel	ENSMUSG00000041734	KIRREL1	one2one	NA		22.9
Kirrel3	ENSMUSG00000032036	KIRREL3	one2one	NA		22.9
Kiss1r	ENSMUSG00000035773	KISS1R	one2one	NA		22.9
Kit	ENSMUSG00000005672	KIT	one2one	NA		22.9
Kitl	ENSMUSG00000019966	KITLG	one2one	NA		22.9
Kiz	ENSMUSG00000074749	KIZ	one2one	NA		22.9
Klc1	ENSMUSG00000021288	KLC1	one2one	NA		22.9
Klc2	ENSMUSG00000024862	KLC2	one2one	NA		22.9
Klc3	ENSMUSG00000040714	KLC3	one2one	NA		22.9
Klc4	ENSMUSG00000003546	KLC4	one2one	NA		22.9
Klf1	ENSMUSG00000054191	KLF1	one2one	NA		22.9
Klf10	ENSMUSG00000037465	KLF10	one2one	NA		22.9
Klf11	ENSMUSG00000020653	KLF11	one2one	NA		22.9
Klf12	ENSMUSG00000072294	KLF12	one2one	NA		22.9
Klf13	ENSMUSG00000052040	KLF13	one2one	NA		22.9
Klf16	ENSMUSG00000035397	KLF16	one2one	NA		22.9
Klf2	ENSMUSG00000055148	KLF2	one2one	NA		22.9
Klf3	ENSMUSG00000029178	KLF3	one2one	NA		22.9
Klf4	ENSMUSG00000003032	KLF4	one2one	NA		22.9
Klf5	ENSMUSG00000005148	KLF5	one2one	NA		22.9
Klf6	ENSMUSG00000000078	KLF6	one2one	NA		22.9
Klf7	ENSMUSG00000025959	KLF7	one2one	NA		22.9
Klf8	ENSMUSG00000041649	KLF8	one2one	NA		22.9
Klf9	ENSMUSG00000033863	KLF9	one2one	NA		22.9
Klhdc1	ENSMUSG00000051890	KLHDC1	one2one	NA		22.9
Klhdc10	ENSMUSG00000029775	KLHDC10	one2one	NA		22.9
Klhdc2	ENSMUSG00000020978	KLHDC2	one2one	NA		22.9
Klhdc3	ENSMUSG00000063576	KLHDC3	one2one	NA		22.9
Klhdc4	ENSMUSG00000040263	KLHDC4	one2one	NA		22.9
Klhdc8b	ENSMUSG00000032609	KLHDC8B	one2one	NA		22.9
Klhdc9	ENSMUSG00000045259	KLHDC9	one2one	NA		22.9
Klhl10	ENSMUSG00000001558	KLHL10	one2one	NA		22.9
Klhl11	ENSMUSG00000048732	KLHL11	one2one	NA		22.9
Klhl12	ENSMUSG00000026455	KLHL12	one2one	NA		22.9
Klhl15	ENSMUSG00000043929	KLHL15	one2one	NA		22.9
Klhl18	ENSMUSG00000054792	KLHL18	one2one	NA		22.9
Klhl2	ENSMUSG00000031605	KLHL2	one2one	NA		22.9
Klhl20	ENSMUSG00000026705	KLHL20	one2one	NA		22.9
Klhl21	ENSMUSG00000073700	KLHL21	one2one	NA		22.9
Klhl22	ENSMUSG00000022750	KLHL22	one2one	NA		22.9
Klhl23	ENSMUSG00000042155	KLHL23	one2one	NA		22.9
Klhl24	ENSMUSG00000062901	KLHL24	one2one	NA		22.9
Klhl25	ENSMUSG00000055652	KLHL25	one2one	NA		22.9
Klhl26	ENSMUSG00000055707	KLHL26	one2one	NA		22.9
Klhl28	ENSMUSG00000020948	KLHL28	one2one	NA		22.9
Klhl3	ENSMUSG00000014164	KLHL3	one2one	NA		22.9
Klhl30	ENSMUSG00000026308	KLHL30	one2one	NA		22.9
Klhl32	ENSMUSG00000040387	KLHL32	one2one	NA		22.9
Klhl35	ENSMUSG00000035298	KLHL35	one2one	NA		22.9
Klhl36	ENSMUSG00000031828	KLHL36	one2one	NA		22.9
Klhl41	ENSMUSG00000075307	KLHL41	one2one	NA		22.9
Klhl42	ENSMUSG00000040102	KLHL42	one2one	NA		22.9
Klhl5	ENSMUSG00000054920	KLHL5	one2one	NA		22.9
Klhl6	ENSMUSG00000043008	KLHL6	one2one	NA		22.9
Klhl7	ENSMUSG00000028986	KLHL7	one2one	NA		22.9
Klhl8	ENSMUSG00000029312	KLHL8	one2one	NA		22.9
Klhl9	ENSMUSG00000070923	KLHL9	one2one	NA		22.9
Klk10	ENSMUSG00000030693	KLK10	one2one	NA		22.9
Klk8	ENSMUSG00000064023	KLK8	one2one	NA		22.9
Klk9	ENSMUSG00000047884	KLK9	one2one	NA		22.9
Klrb1f	ENSMUSG00000030154	KLRB1	one2one	NA		22.9
Klrc1	ENSMUSG00000030167	KLRC1	many2one	NA		22.9
Klrc2	ENSMUSG00000052736	KLRC1	many2one	NA		22.9
Klrc3	ENSMUSG00000033027	KLRC1	many2one	NA		22.9
Klrd1	ENSMUSG00000030165	KLRD1	one2one	NA		22.9
Klrg1	ENSMUSG00000030114	KLRG1	one2one	NA		22.9
Klrg2	ENSMUSG00000071537	KLRG2	one2one	NA		22.9
Klrk1	ENSMUSG00000030149	KLRK1	one2one	NA		22.9
Kmo	ENSMUSG00000039783	KMO	one2one	NA		22.9
Kmt2a	ENSMUSG00000002028	KMT2A	one2one	NA		22.9
Kmt2b	ENSMUSG00000006307	KMT2B	one2one	NA		22.9
Kmt2c	ENSMUSG00000038056	KMT2C	one2one	NA		22.9
Kmt2d	ENSMUSG00000048154	KMT2D	one2one	NA		22.9
Kmt2e	ENSMUSG00000029004	KMT2E	one2one	NA		22.9
Kmt5a	ENSMUSG00000049327	KMT5A	one2one	NA		22.9
Kmt5b	ENSMUSG00000045098	KMT5B	one2one	NA		22.9
Kmt5c	ENSMUSG00000059851	KMT5C	one2one	NA		22.9
Knl1	ENSMUSG00000027326	KNL1	one2one	NA		22.9
Knop1	ENSMUSG00000030980	KNOP1	one2one	NA		22.9
Knstrn	ENSMUSG00000027331	KNSTRN	one2one	NA		22.9
Kntc1	ENSMUSG00000029414	KNTC1	one2one	NA		22.9
Kpna1	ENSMUSG00000022905	KPNA1	one2one	NA		22.9
Kpna2	ENSMUSG00000018362	KPNA2	many2one	NA		22.9
Kpna3	ENSMUSG00000021929	KPNA3	one2one	NA		22.9
Kpna4	ENSMUSG00000027782	KPNA4	one2one	NA		22.9
Kpna6	ENSMUSG00000003731	KPNA6	one2one	NA		22.9
Kpnb1	ENSMUSG00000001440	KPNB1	one2one	NA		22.9
Kptn	ENSMUSG00000006021	KPTN	one2one	NA		22.9
Kras	ENSMUSG00000030265	KRAS	one2one	NA		22.9
Krba1	ENSMUSG00000042810	KRBA1	one2one	NA		22.9
Krcc1	ENSMUSG00000053012	KRCC1	one2one	NA		22.9
Kremen1	ENSMUSG00000020393	KREMEN1	one2one	NA		22.9
Kremen2	ENSMUSG00000040680	KREMEN2	one2one	NA		22.9
Kri1	ENSMUSG00000035047	KRI1	one2one	NA		22.9
Krit1	ENSMUSG00000000600	KRIT1	one2one	NA		22.9
Krr1	ENSMUSG00000063334	KRR1	one2one	NA		22.9
Krt10	ENSMUSG00000019761	KRT10	one2one	NA		22.9
Krt16	ENSMUSG00000053797	KRT16	one2one	NA		22.9
Krt17	ENSMUSG00000035557	KRT17	one2one	NA		22.9
Krt18	ENSMUSG00000023043	KRT18	one2one	NA		22.9
Krt222	ENSMUSG00000035849	KRT222	one2one	NA		22.9
Krt6b	ENSMUSG00000023041	KRT6B	one2one	NA		22.9
Krt81	ENSMUSG00000067615	KRT81	many2one	NA		22.9
Krt83	ENSMUSG00000067613	KRT83	many2one	NA		22.9
Krt86	ENSMUSG00000067614	KRT86	many2one	NA		22.9
Krt87	ENSMUSG00000047641	KRT81	one2many	NA		22.9
Krt87	ENSMUSG00000047641	KRT83	one2many	NA		22.9
Krt87	ENSMUSG00000047641	KRT85	one2many	NA		22.9
Krt87	ENSMUSG00000047641	KRT86	one2many	NA		22.9
Krtcap2	ENSMUSG00000042747	KRTCAP2	one2one	NA		22.9
Krtcap3	ENSMUSG00000029149	KRTCAP3	one2one	NA		22.9
Ksr1	ENSMUSG00000018334	KSR1	one2one	NA		22.9
Ksr2	ENSMUSG00000061578	KSR2	one2one	NA		22.9
Kti12	ENSMUSG00000073775	KTI12	one2one	NA		22.9
Ktn1	ENSMUSG00000021843	KTN1	one2one	NA		22.9
Kxd1	ENSMUSG00000055553	KXD1	one2one	NA		22.9
Kyat1	ENSMUSG00000039648	KYAT1	one2one	NA		22.9
Kyat3	ENSMUSG00000040213	KYAT3	one2one	NA		22.9
Kynu	ENSMUSG00000026866	KYNU	one2one	NA		22.9
L1cam	ENSMUSG00000031391	L1CAM	one2one	NA		22.9
L2hgdh	ENSMUSG00000020988	L2HGDH	one2one	NA		22.9
L3hypdh	ENSMUSG00000019718	L3HYPDH	one2one	NA		22.9
L3mbtl1	ENSMUSG00000035576	L3MBTL1	one2one	NA		22.9
L3mbtl2	ENSMUSG00000022394	L3MBTL2	one2one	NA		22.9
L3mbtl3	ENSMUSG00000039089	L3MBTL3	one2one	NA		22.9
Lacc1	ENSMUSG00000044350	LACC1	one2one	NA		22.9
Lactb	ENSMUSG00000032370	LACTB	one2one	NA		22.9
Lactb2	ENSMUSG00000025937	LACTB2	one2one	NA		22.9
Lad1	ENSMUSG00000041782	LAD1	one2one	NA		22.9
Lag3	ENSMUSG00000030124	LAG3	one2one	NA		22.9
Lage3	ENSMUSG00000015289	LAGE3	one2one	NA		22.9
Lair1	ENSMUSG00000055541	LAIR1	one2one	NA		22.9
Lama3	ENSMUSG00000024421	LAMA3	one2one	NA		22.9
Lama5	ENSMUSG00000015647	LAMA5	one2one	NA		22.9
Lamb1	ENSMUSG00000002900	LAMB1	one2one	NA		22.9
Lamb2	ENSMUSG00000052911	LAMB2	one2one	NA		22.9
Lamb3	ENSMUSG00000026639	LAMB3	one2one	NA		22.9
Lamc1	ENSMUSG00000026478	LAMC1	one2one	NA		22.9
Lamc2	ENSMUSG00000026479	LAMC2	one2one	NA		22.9
Lamc3	ENSMUSG00000026840	LAMC3	one2one	NA		22.9
Lamp1	ENSMUSG00000031447	LAMP1	one2one	NA		22.9
Lamp2	ENSMUSG00000016534	LAMP2	one2one	NA		22.9
Lamp3	ENSMUSG00000041247	LAMP3	one2one	NA		22.9
Lamtor1	ENSMUSG00000030842	LAMTOR1	one2one	NA		22.9
Lamtor2	ENSMUSG00000028062	LAMTOR2	one2one	NA		22.9
Lamtor3	ENSMUSG00000091512	LAMTOR3	one2one	NA		22.9
Lamtor4	ENSMUSG00000050552	LAMTOR4	one2one	NA		22.9
Lamtor5	ENSMUSG00000087260	LAMTOR5	one2one	NA		22.9
Lancl1	ENSMUSG00000026000	LANCL1	one2one	NA		22.9
Lancl2	ENSMUSG00000062190	LANCL2	one2one	NA		22.9
Lancl3	ENSMUSG00000047344	LANCL3	one2one	NA		22.9
Lap3	ENSMUSG00000039682	LAP3	one2one	NA		22.9
Laptm4a	ENSMUSG00000020585	LAPTM4A	one2one	NA		22.9
Laptm4b	ENSMUSG00000022257	LAPTM4B	one2one	NA		22.9
Laptm5	ENSMUSG00000028581	LAPTM5	one2one	NA		22.9
Large1	ENSMUSG00000004383	LARGE1	one2one	NA		22.9
Large2	ENSMUSG00000040434	LARGE2	one2one	NA		22.9
Larp1	ENSMUSG00000037331	LARP1	one2one	NA		22.9
Larp1b	ENSMUSG00000025762	LARP1B	one2one	NA		22.9
Larp4	ENSMUSG00000023025	LARP4	one2one	NA		22.9
Larp4b	ENSMUSG00000033499	LARP4B	one2one	NA		22.9
Larp6	ENSMUSG00000034839	LARP6	one2one	NA		22.9
Larp7	ENSMUSG00000027968	LARP7	one2one	NA		22.9
Lars	ENSMUSG00000024493	LARS1	one2one	NA		22.9
Lars2	ENSMUSG00000035202	LARS2	one2one	NA		22.9
Las1l	ENSMUSG00000057421	LAS1L	one2one	NA		22.9
Lasp1	ENSMUSG00000038366	LASP1	one2one	NA		22.9
Lat	ENSMUSG00000030742	LAT	one2one	NA		22.9
Lat2	ENSMUSG00000040751	LAT2	one2one	NA		22.9
Lats1	ENSMUSG00000040021	LATS1	one2one	NA		22.9
Lats2	ENSMUSG00000021959	LATS2	one2one	NA		22.9
Lax1	ENSMUSG00000051998	LAX1	one2one	NA		22.9
Layn	ENSMUSG00000060594	LAYN	one2one	NA		22.9
Lbh	ENSMUSG00000024063	LBH	one2one	NA		22.9
Lbhd1	ENSMUSG00000096740	LBHD1	one2one	NA		22.9
Lbhd2	ENSMUSG00000087075	LBHD2	one2one	NA		22.9
Lbp	ENSMUSG00000016024	LBP	one2one	NA		22.9
Lbr	ENSMUSG00000004880	LBR	one2one	NA		22.9
Lbx2	ENSMUSG00000034968	LBX2	one2one	NA		22.9
Lca5	ENSMUSG00000032258	LCA5	one2one	NA		22.9
Lca5l	ENSMUSG00000045275	LCA5L	one2one	NA		22.9
Lcat	ENSMUSG00000035237	LCAT	one2one	NA		22.9
Lck	ENSMUSG00000000409	LCK	one2one	NA		22.9
Lclat1	ENSMUSG00000054469	LCLAT1	one2one	NA		22.9
Lcmt1	ENSMUSG00000030763	LCMT1	one2one	NA		22.9
Lcmt2	ENSMUSG00000074890	LCMT2	one2one	NA		22.9
Lcn12	ENSMUSG00000026943	LCN12	one2one	NA		22.9
Lcn4	ENSMUSG00000026919	OBP2B	many2one	NA		22.9
Lcor	ENSMUSG00000025019	LCOR	one2one	NA		22.9
Lcorl	ENSMUSG00000015882	LCORL	one2one	NA		22.9
Lcp1	ENSMUSG00000021998	LCP1	one2one	NA		22.9
Lcp2	ENSMUSG00000002699	LCP2	one2one	NA		22.9
Lct	ENSMUSG00000026354	LCT	one2one	NA		22.9
Lctl	ENSMUSG00000032401	LCTL	one2one	NA		22.9
Ldah	ENSMUSG00000037669	LDAH	one2one	NA		22.9
Ldb1	ENSMUSG00000025223	LDB1	one2one	NA		22.9
Ldb3	ENSMUSG00000021798	LDB3	one2one	NA		22.9
Ldha	ENSMUSG00000063229	LDHA	one2one	NA		22.9
Ldhb	ENSMUSG00000030246	LDHB	one2one	NA		22.9
Ldhd	ENSMUSG00000031958	LDHD	one2one	NA		22.9
Ldlr	ENSMUSG00000032193	LDLR	one2one	NA		22.9
Ldlrad3	ENSMUSG00000048058	LDLRAD3	one2one	NA		22.9
Ldlrad4	ENSMUSG00000024544	LDLRAD4	one2one	NA		22.9
Ldlrap1	ENSMUSG00000037295	LDLRAP1	one2one	NA		22.9
Lef1	ENSMUSG00000027985	LEF1	one2one	NA		22.9
Lekr1	ENSMUSG00000074579	LEKR1	one2one	NA		22.9
Lemd2	ENSMUSG00000044857	LEMD2	one2one	NA		22.9
Lemd3	ENSMUSG00000048661	LEMD3	one2one	NA		22.9
Leng1	ENSMUSG00000078813	LENG1	one2one	NA		22.9
Leng8	ENSMUSG00000035545	LENG8	one2one	NA		22.9
Leng9	ENSMUSG00000043432	LENG9	one2one	NA		22.9
Leo1	ENSMUSG00000042487	LEO1	one2one	NA		22.9
Leprot	ENSMUSG00000035212	LEPROT	one2one	NA		22.9
Leprotl1	ENSMUSG00000031513	LEPROTL1	one2one	NA		22.9
Letm1	ENSMUSG00000005299	LETM1	one2one	NA		22.9
Letm2	ENSMUSG00000037363	LETM2	one2one	NA		22.9
Letmd1	ENSMUSG00000037353	LETMD1	one2one	NA		22.9
Lexm	ENSMUSG00000054362	LEXM	one2one	NA		22.9
Lfng	ENSMUSG00000029570	LFNG	one2one	NA		22.9
Lgals1	ENSMUSG00000068220	LGALS1	one2one	NA		22.9
Lgals3	ENSMUSG00000050335	LGALS3	one2one	NA		22.9
Lgals3bp	ENSMUSG00000033880	LGALS3BP	one2one	NA		22.9
Lgals4	ENSMUSG00000053964	LGALS4	one2one	NA		22.9
Lgals7	ENSMUSG00000053522	LGALS7	one2one	NA		22.9
Lgals8	ENSMUSG00000057554	LGALS8	one2one	NA		22.9
Lgals9	ENSMUSG00000001123	LGALS9	one2one	NA		22.9
Lgalsl	ENSMUSG00000042363	LGALSL	one2one	NA		22.9
Lgi1	ENSMUSG00000067242	LGI1	one2one	NA		22.9
Lgi2	ENSMUSG00000039252	LGI2	one2one	NA		22.9
Lgi4	ENSMUSG00000036560	LGI4	one2one	NA		22.9
Lgmn	ENSMUSG00000021190	LGMN	one2one	NA		22.9
Lgr4	ENSMUSG00000050199	LGR4	one2one	NA		22.9
Lgr5	ENSMUSG00000020140	LGR5	one2one	NA		22.9
Lgr6	ENSMUSG00000042793	LGR6	one2one	NA		22.9
Lhfp	ENSMUSG00000048332	LHFPL6	one2one	NA		22.9
Lhfpl2	ENSMUSG00000045312	LHFPL2	one2one	NA		22.9
Lhfpl5	ENSMUSG00000062252	LHFPL5	one2one	NA		22.9
Lhpp	ENSMUSG00000030946	LHPP	one2one	NA		22.9
Lhx2	ENSMUSG00000000247	LHX2	one2one	NA		22.9
Lhx6	ENSMUSG00000026890	LHX6	one2one	NA		22.9
Lhx9	ENSMUSG00000019230	LHX9	one2one	NA		22.9
Lias	ENSMUSG00000029199	LIAS	one2one	NA		22.9
Lif	ENSMUSG00000034394	LIF	one2one	NA		22.9
Lifr	ENSMUSG00000054263	LIFR	one2one	NA		22.9
Lig1	ENSMUSG00000056394	LIG1	one2one	NA		22.9
Lig3	ENSMUSG00000020697	LIG3	one2one	NA		22.9
Lig4	ENSMUSG00000049717	LIG4	one2one	NA		22.9
Lilr4b	ENSMUSG00000112023	LILRB4	many2one	Lilrb4b	org.Mm.eg.db	22.9
Lilrb4a	ENSMUSG00000112148	LILRB4	many2one	NA		22.9
Lima1	ENSMUSG00000023022	LIMA1	one2one	NA		22.9
Limch1	ENSMUSG00000037736	LIMCH1	one2one	NA		22.9
Limd1	ENSMUSG00000025239	LIMD1	one2one	NA		22.9
Limd2	ENSMUSG00000040699	LIMD2	one2one	NA		22.9
Lime1	ENSMUSG00000090077	LIME1	one2one	NA		22.9
Limk1	ENSMUSG00000029674	LIMK1	one2one	NA		22.9
Limk2	ENSMUSG00000020451	LIMK2	one2one	NA		22.9
Lims1	ENSMUSG00000019920	LIMS1	one2one	NA		22.9
Lin28b	ENSMUSG00000063804	LIN28B	one2one	NA		22.9
Lin37	ENSMUSG00000036845	LIN37	one2one	NA		22.9
Lin52	ENSMUSG00000085793	LIN52	one2one	NA		22.9
Lin54	ENSMUSG00000118665	LIN54	one2one	NA		22.9
Lin7b	ENSMUSG00000003872	LIN7B	one2one	NA		22.9
Lin7c	ENSMUSG00000027162	LIN7C	one2one	NA		22.9
Lin9	ENSMUSG00000058729	LIN9	one2one	NA		22.9
Lingo3	ENSMUSG00000051067	LINGO3	one2one	NA		22.9
Lingo4	ENSMUSG00000044505	LINGO4	one2one	NA		22.9
Lins1	ENSMUSG00000053091	LINS1	one2one	NA		22.9
Lipa	ENSMUSG00000024781	LIPA	one2one	NA		22.9
Lipc	ENSMUSG00000032207	LIPC	one2one	NA		22.9
Lipe	ENSMUSG00000003123	LIPE	one2one	NA		22.9
Lipg	ENSMUSG00000053846	LIPG	one2one	NA		22.9
Liph	ENSMUSG00000044626	LIPH	one2one	NA		22.9
Lipt1	ENSMUSG00000037216	LIPT1	one2one	NA		22.9
Lipt2	ENSMUSG00000030725	LIPT2	one2one	NA		22.9
Litaf	ENSMUSG00000022500	LITAF	one2one	NA		22.9
Lix1l	ENSMUSG00000049288	LIX1L	one2one	NA		22.9
Llgl1	ENSMUSG00000020536	LLGL1	one2one	NA		22.9
Llgl2	ENSMUSG00000020782	LLGL2	one2one	NA		22.9
Llph	ENSMUSG00000020224	LLPH	one2one	NA		22.9
Lman1	ENSMUSG00000041891	LMAN1	one2one	NA		22.9
Lman1l	ENSMUSG00000056271	LMAN1L	one2one	NA		22.9
Lman2	ENSMUSG00000021484	LMAN2	one2one	NA		22.9
Lman2l	ENSMUSG00000001143	LMAN2L	one2one	NA		22.9
Lmbr1	ENSMUSG00000010721	LMBR1	one2one	NA		22.9
Lmbr1l	ENSMUSG00000022999	LMBR1L	one2one	NA		22.9
Lmbrd1	ENSMUSG00000073725	LMBRD1	one2one	NA		22.9
Lmbrd2	ENSMUSG00000039704	LMBRD2	one2one	NA		22.9
Lmf1	ENSMUSG00000002279	LMF1	one2one	NA		22.9
Lmf2	ENSMUSG00000022614	LMF2	one2one	NA		22.9
Lmln	ENSMUSG00000022802	LMLN	one2one	NA		22.9
Lmna	ENSMUSG00000028063	LMNA	one2one	NA		22.9
Lmnb1	ENSMUSG00000024590	LMNB1	one2one	NA		22.9
Lmnb2	ENSMUSG00000062075	LMNB2	one2one	NA		22.9
Lmntd2	ENSMUSG00000025500	LMNTD2	one2one	NA		22.9
Lmo1	ENSMUSG00000036111	LMO1	one2one	NA		22.9
Lmo2	ENSMUSG00000032698	LMO2	one2one	NA		22.9
Lmo4	ENSMUSG00000028266	LMO4	one2one	NA		22.9
Lmo7	ENSMUSG00000033060	LMO7	one2one	NA		22.9
Lmtk2	ENSMUSG00000038970	LMTK2	one2one	NA		22.9
Lmtk3	ENSMUSG00000062044	LMTK3	one2one	NA		22.9
Lnpep	ENSMUSG00000023845	LNPEP	one2one	NA		22.9
Lnpk	ENSMUSG00000009207	LNPK	one2one	NA		22.9
Lnx1	ENSMUSG00000029228	LNX1	one2one	NA		22.9
Lnx2	ENSMUSG00000016520	LNX2	one2one	NA		22.9
Lonp1	ENSMUSG00000041168	LONP1	one2one	NA		22.9
Lonp2	ENSMUSG00000047866	LONP2	one2one	NA		22.9
Lonrf1	ENSMUSG00000039633	LONRF1	one2one	NA		22.9
Lonrf3	ENSMUSG00000016239	LONRF3	one2one	NA		22.9
Loxl1	ENSMUSG00000032334	LOXL1	one2one	NA		22.9
Loxl2	ENSMUSG00000034205	LOXL2	one2one	NA		22.9
Loxl3	ENSMUSG00000000693	LOXL3	one2one	NA		22.9
Loxl4	ENSMUSG00000025185	LOXL4	one2one	NA		22.9
Lpar1	ENSMUSG00000038668	LPAR1	one2one	NA		22.9
Lpar2	ENSMUSG00000031861	LPAR2	one2one	NA		22.9
Lpar3	ENSMUSG00000036832	LPAR3	one2one	NA		22.9
Lpar5	ENSMUSG00000067714	LPAR5	one2one	NA		22.9
Lpar6	ENSMUSG00000033446	LPAR6	one2one	NA		22.9
Lpcat1	ENSMUSG00000021608	LPCAT1	one2one	NA		22.9
Lpcat3	ENSMUSG00000004270	LPCAT3	one2one	NA		22.9
Lpcat4	ENSMUSG00000027134	LPCAT4	one2one	NA		22.9
Lpgat1	ENSMUSG00000026623	LPGAT1	one2one	NA		22.9
Lpin1	ENSMUSG00000020593	LPIN1	one2one	NA		22.9
Lpin2	ENSMUSG00000024052	LPIN2	one2one	NA		22.9
Lpin3	ENSMUSG00000027412	LPIN3	one2one	NA		22.9
Lpl	ENSMUSG00000015568	LPL	one2one	NA		22.9
Lpp	ENSMUSG00000033306	LPP	one2one	NA		22.9
Lpxn	ENSMUSG00000024696	LPXN	one2one	NA		22.9
Lratd1	ENSMUSG00000020607	LRATD1	one2one	NA		22.9
Lratd2	ENSMUSG00000072568	LRATD2	one2one	NA		22.9
Lrba	ENSMUSG00000028080	LRBA	one2one	NA		22.9
Lrch1	ENSMUSG00000068015	LRCH1	one2one	NA		22.9
Lrch3	ENSMUSG00000022801	LRCH3	one2one	NA		22.9
Lrch4	ENSMUSG00000093445	LRCH4	many2one	NA		22.9
Lrfn1	ENSMUSG00000030600	LRFN1	one2one	NA		22.9
Lrfn3	ENSMUSG00000036957	LRFN3	one2one	NA		22.9
Lrfn4	ENSMUSG00000045045	LRFN4	one2one	NA		22.9
Lrguk	ENSMUSG00000056215	LRGUK	one2one	NA		22.9
Lrif1	ENSMUSG00000056260	LRIF1	one2one	NA		22.9
Lrig1	ENSMUSG00000030029	LRIG1	one2one	NA		22.9
Lrig2	ENSMUSG00000032913	LRIG2	one2one	NA		22.9
Lrig3	ENSMUSG00000020105	LRIG3	one2one	NA		22.9
Lrmp	ENSMUSG00000030263	IRAG2	one2one	Irag2	org.Mm.eg.db	22.9
Lrp1	ENSMUSG00000040249	LRP1	one2one	NA		22.9
Lrp10	ENSMUSG00000022175	LRP10	one2one	NA		22.9
Lrp11	ENSMUSG00000019796	LRP11	one2one	NA		22.9
Lrp12	ENSMUSG00000022305	LRP12	one2one	NA		22.9
Lrp2bp	ENSMUSG00000031637	LRP2BP	one2one	NA		22.9
Lrp4	ENSMUSG00000027253	LRP4	one2one	NA		22.9
Lrp5	ENSMUSG00000024913	LRP5	one2one	NA		22.9
Lrp6	ENSMUSG00000030201	LRP6	one2one	NA		22.9
Lrp8	ENSMUSG00000028613	LRP8	one2one	NA		22.9
Lrpap1	ENSMUSG00000029103	LRPAP1	one2one	NA		22.9
Lrpprc	ENSMUSG00000024120	LRPPRC	one2one	NA		22.9
Lrr1	ENSMUSG00000034883	LRR1	one2one	NA		22.9
Lrrc1	ENSMUSG00000032352	LRRC1	one2one	NA		22.9
Lrrc14	ENSMUSG00000033728	LRRC14	one2one	NA		22.9
Lrrc19	ENSMUSG00000049799	LRRC19	one2one	NA		22.9
Lrrc20	ENSMUSG00000037151	LRRC20	one2one	NA		22.9
Lrrc23	ENSMUSG00000030125	LRRC23	one2one	NA		22.9
Lrrc24	ENSMUSG00000033707	LRRC24	one2one	NA		22.9
Lrrc27	ENSMUSG00000015980	LRRC27	one2one	NA		22.9
Lrrc28	ENSMUSG00000030556	LRRC28	one2one	NA		22.9
Lrrc29	ENSMUSG00000041679	FBXL9P	one2one	Fbxl9	org.Mm.eg.db	22.9
Lrrc32	ENSMUSG00000090958	LRRC32	one2one	NA		22.9
Lrrc39	ENSMUSG00000027961	LRRC39	one2one	NA		22.9
Lrrc3b	ENSMUSG00000045201	LRRC3B	one2one	NA		22.9
Lrrc4	ENSMUSG00000049939	LRRC4	one2one	NA		22.9
Lrrc40	ENSMUSG00000063052	LRRC40	one2one	NA		22.9
Lrrc41	ENSMUSG00000028703	LRRC41	one2one	NA		22.9
Lrrc42	ENSMUSG00000028617	LRRC42	one2one	NA		22.9
Lrrc45	ENSMUSG00000025145	LRRC45	one2one	NA		22.9
Lrrc46	ENSMUSG00000020878	LRRC46	one2one	NA		22.9
Lrrc47	ENSMUSG00000029028	LRRC47	one2one	NA		22.9
Lrrc49	ENSMUSG00000047766	LRRC49	one2one	NA		22.9
Lrrc51	ENSMUSG00000064307	LRRC51	one2one	NA		22.9
Lrrc56	ENSMUSG00000038637	LRRC56	one2one	NA		22.9
Lrrc57	ENSMUSG00000027286	LRRC57	one2one	NA		22.9
Lrrc58	ENSMUSG00000034158	LRRC58	one2one	NA		22.9
Lrrc59	ENSMUSG00000020869	LRRC59	one2one	NA		22.9
Lrrc61	ENSMUSG00000073096	LRRC61	one2one	NA		22.9
Lrrc63	ENSMUSG00000021997	LRRC63	one2one	NA		22.9
Lrrc66	ENSMUSG00000067206	LRRC66	one2one	NA		22.9
Lrrc71	ENSMUSG00000023084	LRRC71	one2one	NA		22.9
Lrrc73	ENSMUSG00000071073	LRRC73	one2one	NA		22.9
Lrrc75a	ENSMUSG00000046417	LRRC75A	one2one	NA		22.9
Lrrc8a	ENSMUSG00000007476	LRRC8A	one2one	NA		22.9
Lrrc8b	ENSMUSG00000070639	LRRC8B	one2one	NA		22.9
Lrrc8c	ENSMUSG00000054720	LRRC8C	one2one	NA		22.9
Lrrc8d	ENSMUSG00000046079	LRRC8D	one2one	NA		22.9
Lrrc8e	ENSMUSG00000046589	LRRC8E	one2one	NA		22.9
Lrrcc1	ENSMUSG00000027550	LRRCC1	one2one	NA		22.9
Lrrd1	ENSMUSG00000040367	LRRD1	one2one	NA		22.9
Lrrfip1	ENSMUSG00000026305	LRRFIP1	one2one	NA		22.9
Lrrfip2	ENSMUSG00000032497	LRRFIP2	one2one	NA		22.9
Lrriq3	ENSMUSG00000028182	LRRIQ3	one2one	NA		22.9
Lrrk1	ENSMUSG00000015133	LRRK1	one2one	NA		22.9
Lrrk2	ENSMUSG00000036273	LRRK2	one2one	NA		22.9
Lrrn3	ENSMUSG00000036295	LRRN3	one2one	NA		22.9
Lrrn4cl	ENSMUSG00000071656	LRRN4CL	one2one	NA		22.9
Lrrtm2	ENSMUSG00000071862	LRRTM2	one2one	NA		22.9
Lrsam1	ENSMUSG00000026792	LRSAM1	one2one	NA		22.9
Lrtm2	ENSMUSG00000055003	LRTM2	one2one	NA		22.9
Lrwd1	ENSMUSG00000029703	LRWD1	one2one	NA		22.9
Lsg1	ENSMUSG00000022538	LSG1	one2one	NA		22.9
Lsm1	ENSMUSG00000037296	LSM1	one2one	NA		22.9
Lsm10	ENSMUSG00000050188	LSM10	one2one	NA		22.9
Lsm11	ENSMUSG00000044847	LSM11	one2one	NA		22.9
Lsm12	ENSMUSG00000020922	LSM12	one2one	NA		22.9
Lsm14a	ENSMUSG00000066568	LSM14A	one2one	NA		22.9
Lsm14b	ENSMUSG00000039108	LSM14B	one2one	NA		22.9
Lsm2	ENSMUSG00000007050	LSM2	one2one	NA		22.9
Lsm3	ENSMUSG00000034192	LSM3	one2one	NA		22.9
Lsm4	ENSMUSG00000031848	LSM4	one2one	NA		22.9
Lsm5	ENSMUSG00000091625	LSM5	one2one	NA		22.9
Lsm6	ENSMUSG00000031683	LSM6	one2one	NA		22.9
Lsm7	ENSMUSG00000035215	LSM7	one2one	NA		22.9
Lsm8	ENSMUSG00000044155	LSM8	one2one	NA		22.9
Lsmem2	ENSMUSG00000103409	LSMEM2	one2one	NA		22.9
Lsp1	ENSMUSG00000018819	LSP1	one2one	NA		22.9
Lsr	ENSMUSG00000001247	LSR	one2one	NA		22.9
Lss	ENSMUSG00000033105	LSS	one2one	NA		22.9
Lst1	ENSMUSG00000073412	LST1	one2one	NA		22.9
Lta	ENSMUSG00000024402	LTA	one2one	NA		22.9
Lta4h	ENSMUSG00000015889	LTA4H	one2one	NA		22.9
Ltb	ENSMUSG00000024399	LTB	one2one	NA		22.9
Ltb4r1	ENSMUSG00000046908	LTB4R	one2one	NA		22.9
Ltb4r2	ENSMUSG00000040432	LTB4R2	one2one	NA		22.9
Ltbp1	ENSMUSG00000001870	LTBP1	one2one	NA		22.9
Ltbp2	ENSMUSG00000002020	LTBP2	one2one	NA		22.9
Ltbp3	ENSMUSG00000024940	LTBP3	one2one	NA		22.9
Ltbp4	ENSMUSG00000040488	LTBP4	one2one	NA		22.9
Ltbr	ENSMUSG00000030339	LTBR	one2one	NA		22.9
Ltf	ENSMUSG00000032496	LTF	one2one	NA		22.9
Ltk	ENSMUSG00000027297	LTK	one2one	NA		22.9
Ltn1	ENSMUSG00000052299	LTN1	one2one	NA		22.9
LTO1	ENSMUSG00000031072	LTO1	one2one	NA		22.9
Ltv1	ENSMUSG00000019814	LTV1	one2one	NA		22.9
Luc7l	ENSMUSG00000024188	LUC7L	one2one	NA		22.9
Luc7l2	ENSMUSG00000029823	LUC7L2	one2one	NA		22.9
Luc7l3	ENSMUSG00000020863	LUC7L3	one2one	NA		22.9
Lum	ENSMUSG00000036446	LUM	one2one	NA		22.9
Lurap1	ENSMUSG00000028701	LURAP1	one2one	NA		22.9
Luzp1	ENSMUSG00000001089	LUZP1	one2one	NA		22.9
Lxn	ENSMUSG00000047557	LXN	one2one	NA		22.9
Ly6e	ENSMUSG00000022587	LY6E	one2one	NA		22.9
Ly6g5b	ENSMUSG00000043807	LY6G5B	one2one	NA		22.9
Ly6k	ENSMUSG00000044678	LY6K	one2one	NA		22.9
Ly75	ENSMUSG00000026980	LY75	one2one	NA		22.9
Ly86	ENSMUSG00000021423	LY86	one2one	NA		22.9
Ly9	ENSMUSG00000004707	LY9	one2one	NA		22.9
Ly96	ENSMUSG00000025779	LY96	one2one	NA		22.9
Lyar	ENSMUSG00000067367	LYAR	one2one	NA		22.9
Lyl1	ENSMUSG00000034041	LYL1	one2one	NA		22.9
Lyn	ENSMUSG00000042228	LYN	one2one	NA		22.9
Lynx1	ENSMUSG00000022594	LYNX1	one2one	NA		22.9
Lypd6b	ENSMUSG00000026765	LYPD6B	one2one	NA		22.9
Lypd8	ENSMUSG00000013643	LYPD8	one2one	NA		22.9
Lypla1	ENSMUSG00000025903	LYPLA1	one2one	NA		22.9
Lypla2	ENSMUSG00000028670	LYPLA2	one2one	NA		22.9
Lyplal1	ENSMUSG00000039246	LYPLAL1	one2one	NA		22.9
Lyrm1	ENSMUSG00000030922	LYRM1	one2one	NA		22.9
Lyrm2	ENSMUSG00000045854	LYRM2	one2one	NA		22.9
Lyrm4	ENSMUSG00000046573	LYRM4	one2one	NA		22.9
Lyrm7	ENSMUSG00000020268	LYRM7	one2one	NA		22.9
Lyrm9	ENSMUSG00000072640	LYRM9	one2one	NA		22.9
Lysmd1	ENSMUSG00000053769	LYSMD1	one2one	NA		22.9
Lysmd2	ENSMUSG00000032184	LYSMD2	one2one	NA		22.9
Lysmd3	ENSMUSG00000035840	LYSMD3	one2one	NA		22.9
Lysmd4	ENSMUSG00000043831	LYSMD4	one2one	NA		22.9
Lyst	ENSMUSG00000019726	LYST	one2one	NA		22.9
Lyz2	ENSMUSG00000069516	LYZ	one2one	NA		22.9
Lzic	ENSMUSG00000028990	LZIC	one2one	NA		22.9
Lztfl1	ENSMUSG00000025245	LZTFL1	one2one	NA		22.9
Lztr1	ENSMUSG00000022761	LZTR1	one2one	NA		22.9
Lzts1	ENSMUSG00000036306	LZTS1	one2one	NA		22.9
Lzts2	ENSMUSG00000035342	LZTS2	one2one	NA		22.9
Lzts3	ENSMUSG00000037703	LZTS3	one2one	NA		22.9
M1ap	ENSMUSG00000030041	M1AP	one2one	NA		22.9
M6pr	ENSMUSG00000007458	M6PR	one2one	NA		22.9
Maats1	ENSMUSG00000022805	CFAP91	one2one	Cfap91	org.Mm.eg.db	22.9
Mab21l2	ENSMUSG00000057777	MAB21L2	one2one	NA		22.9
Mab21l3	ENSMUSG00000044313	MAB21L3	one2one	NA		22.9
Macc1	ENSMUSG00000041886	MACC1	one2one	NA		22.9
Macf1	ENSMUSG00000028649	MACF1	one2one	NA		22.9
Maco1	ENSMUSG00000028826	MACO1	one2one	NA		22.9
Macrod1	ENSMUSG00000036278	MACROD1	one2one	NA		22.9
Macrod2	ENSMUSG00000068205	MACROD2	one2one	NA		22.9
Macroh2a1	ENSMUSG00000015937	MACROH2A1	one2one	NA		22.9
Macroh2a2	ENSMUSG00000020086	MACROH2A2	one2one	NA		22.9
Mad1l1	ENSMUSG00000029554	MAD1L1	one2one	NA		22.9
Mad2l1	ENSMUSG00000029910	MAD2L1	one2one	NA		22.9
Mad2l1bp	ENSMUSG00000034509	MAD2L1BP	one2one	NA		22.9
Mad2l2	ENSMUSG00000029003	MAD2L2	one2one	NA		22.9
Madcam1	ENSMUSG00000020310	MADCAM1	one2one	NA		22.9
Madd	ENSMUSG00000040687	MADD	one2one	NA		22.9
Maea	ENSMUSG00000079562	MAEA	one2one	NA		22.9
Maf	ENSMUSG00000055435	MAF	one2one	NA		22.9
Maf1	ENSMUSG00000022553	MAF1	one2one	NA		22.9
Mafa	ENSMUSG00000047591	MAFA	one2one	NA		22.9
Mafb	ENSMUSG00000074622	MAFB	one2one	NA		22.9
Maff	ENSMUSG00000042622	MAFF	one2one	NA		22.9
Mafg	ENSMUSG00000051510	MAFG	one2one	NA		22.9
Mafk	ENSMUSG00000018143	MAFK	one2one	NA		22.9
Maged1	ENSMUSG00000025151	MAGED1	one2one	NA		22.9
Maged2	ENSMUSG00000025268	MAGED2	one2one	NA		22.9
Magee1	ENSMUSG00000031227	MAGEE1	one2one	NA		22.9
Magee2	ENSMUSG00000031224	MAGEE2	one2one	NA		22.9
Mageh1	ENSMUSG00000047238	MAGEH1	one2one	NA		22.9
Magi1	ENSMUSG00000045095	MAGI1	one2one	NA		22.9
Magi2	ENSMUSG00000040003	MAGI2	one2one	NA		22.9
Magi3	ENSMUSG00000052539	MAGI3	one2one	NA		22.9
Magix	ENSMUSG00000031147	MAGIX	one2one	NA		22.9
Magoh	ENSMUSG00000028609	MAGOH	one2one	NA		22.9
Magohb	ENSMUSG00000030188	MAGOHB	one2one	NA		22.9
Magt1	ENSMUSG00000031232	MAGT1	one2one	NA		22.9
Maip1	ENSMUSG00000025971	MAIP1	one2one	NA		22.9
Mak16	ENSMUSG00000031578	MAK16	one2one	NA		22.9
Malsu1	ENSMUSG00000029815	MALSU1	one2one	NA		22.9
Malt1	ENSMUSG00000032688	MALT1	one2one	NA		22.9
Mamdc2	ENSMUSG00000033207	MAMDC2	one2one	NA		22.9
Mamdc4	ENSMUSG00000026941	MAMDC4	one2one	NA		22.9
Maml1	ENSMUSG00000050567	MAML1	one2one	NA		22.9
Maml2	ENSMUSG00000031925	MAML2	one2one	NA		22.9
Maml3	ENSMUSG00000061143	MAML3	one2one	NA		22.9
Man1a	ENSMUSG00000003746	MAN1A1	one2one	NA		22.9
Man1a2	ENSMUSG00000008763	MAN1A2	one2one	NA		22.9
Man1b1	ENSMUSG00000036646	MAN1B1	one2one	NA		22.9
Man1c1	ENSMUSG00000037306	MAN1C1	one2one	NA		22.9
Man2a1	ENSMUSG00000024085	MAN2A1	one2one	NA		22.9
Man2a2	ENSMUSG00000038886	MAN2A2	one2one	NA		22.9
Man2b1	ENSMUSG00000005142	MAN2B1	one2one	NA		22.9
Man2b2	ENSMUSG00000029119	MAN2B2	one2one	NA		22.9
Man2c1	ENSMUSG00000032295	MAN2C1	one2one	NA		22.9
Manba	ENSMUSG00000028164	MANBA	one2one	NA		22.9
Manbal	ENSMUSG00000063019	MANBAL	one2one	NA		22.9
Manea	ENSMUSG00000040520	MANEA	one2one	NA		22.9
Maneal	ENSMUSG00000042763	MANEAL	one2one	NA		22.9
Manf	ENSMUSG00000032575	MANF	one2one	NA		22.9
Mansc1	ENSMUSG00000032718	MANSC1	one2one	NA		22.9
Mansc4	ENSMUSG00000072662	MANSC4	one2one	NA		22.9
Maoa	ENSMUSG00000025037	MAOA	one2one	NA		22.9
Map10	ENSMUSG00000050930	MAP10	one2one	NA		22.9
Map11	ENSMUSG00000036948	TRAPPC14	one2one	Trappc14	org.Mm.eg.db	22.9
Map1a	ENSMUSG00000027254	MAP1A	one2one	NA		22.9
Map1b	ENSMUSG00000052727	MAP1B	one2one	NA		22.9
Map1lc3a	ENSMUSG00000027602	MAP1LC3A	one2one	NA		22.9
Map1lc3b	ENSMUSG00000031812	MAP1LC3B	one2one	NA		22.9
Map1s	ENSMUSG00000019261	MAP1S	one2one	NA		22.9
Map2	ENSMUSG00000015222	MAP2	one2one	NA		22.9
Map2k1	ENSMUSG00000004936	MAP2K1	one2one	NA		22.9
Map2k2	ENSMUSG00000035027	MAP2K2	one2one	NA		22.9
Map2k3	ENSMUSG00000018932	MAP2K3	one2one	NA		22.9
Map2k4	ENSMUSG00000033352	MAP2K4	one2one	NA		22.9
Map2k5	ENSMUSG00000058444	MAP2K5	one2one	NA		22.9
Map2k6	ENSMUSG00000020623	MAP2K6	one2one	NA		22.9
Map2k7	ENSMUSG00000002948	MAP2K7	one2one	NA		22.9
Map3k1	ENSMUSG00000021754	MAP3K1	one2one	NA		22.9
Map3k10	ENSMUSG00000040390	MAP3K10	one2one	NA		22.9
Map3k11	ENSMUSG00000004054	MAP3K11	one2one	NA		22.9
Map3k12	ENSMUSG00000023050	MAP3K12	one2one	NA		22.9
Map3k13	ENSMUSG00000033618	MAP3K13	one2one	NA		22.9
Map3k14	ENSMUSG00000020941	MAP3K14	one2one	NA		22.9
Map3k15	ENSMUSG00000031303	MAP3K15	one2one	NA		22.9
Map3k19	ENSMUSG00000051590	MAP3K19	one2one	NA		22.9
Map3k2	ENSMUSG00000024383	MAP3K2	one2one	NA		22.9
Map3k20	ENSMUSG00000004085	MAP3K20	one2one	NA		22.9
Map3k3	ENSMUSG00000020700	MAP3K3	one2one	NA		22.9
Map3k4	ENSMUSG00000014426	MAP3K4	one2one	NA		22.9
Map3k5	ENSMUSG00000071369	MAP3K5	one2one	NA		22.9
Map3k6	ENSMUSG00000028862	MAP3K6	one2one	NA		22.9
Map3k7	ENSMUSG00000028284	MAP3K7	one2one	NA		22.9
Map3k8	ENSMUSG00000024235	MAP3K8	one2one	NA		22.9
Map3k9	ENSMUSG00000042724	MAP3K9	one2one	NA		22.9
Map4	ENSMUSG00000032479	MAP4	one2one	NA		22.9
Map4k1	ENSMUSG00000037337	MAP4K1	one2one	NA		22.9
Map4k2	ENSMUSG00000024948	MAP4K2	one2one	NA		22.9
Map4k3	ENSMUSG00000024242	MAP4K3	one2one	NA		22.9
Map4k4	ENSMUSG00000026074	MAP4K4	one2one	NA		22.9
Map4k5	ENSMUSG00000034761	MAP4K5	one2one	NA		22.9
Map6	ENSMUSG00000055407	MAP6	one2one	NA		22.9
Map6d1	ENSMUSG00000041205	MAP6D1	one2one	NA		22.9
Map7	ENSMUSG00000019996	MAP7	one2one	NA		22.9
Map7d1	ENSMUSG00000028849	MAP7D1	one2one	NA		22.9
Map7d2	ENSMUSG00000041020	MAP7D2	one2one	NA		22.9
Map7d3	ENSMUSG00000067878	MAP7D3	one2one	NA		22.9
Map9	ENSMUSG00000033900	MAP9	one2one	NA		22.9
Mapk1	ENSMUSG00000063358	MAPK1	one2one	NA		22.9
Mapk11	ENSMUSG00000053137	MAPK11	one2one	NA		22.9
Mapk12	ENSMUSG00000022610	MAPK12	one2one	NA		22.9
Mapk13	ENSMUSG00000004864	MAPK13	one2one	NA		22.9
Mapk14	ENSMUSG00000053436	MAPK14	one2one	NA		22.9
Mapk1ip1l	ENSMUSG00000021840	MAPK1IP1L	one2one	NA		22.9
Mapk3	ENSMUSG00000063065	MAPK3	one2one	NA		22.9
Mapk6	ENSMUSG00000042688	MAPK6	one2one	NA		22.9
Mapk7	ENSMUSG00000001034	MAPK7	one2one	NA		22.9
Mapk8	ENSMUSG00000021936	MAPK8	one2one	NA		22.9
Mapk8ip1	ENSMUSG00000027223	MAPK8IP1	one2one	NA		22.9
Mapk8ip2	ENSMUSG00000022619	MAPK8IP2	one2one	NA		22.9
Mapk8ip3	ENSMUSG00000024163	MAPK8IP3	one2one	NA		22.9
Mapk9	ENSMUSG00000020366	MAPK9	one2one	NA		22.9
Mapkap1	ENSMUSG00000038696	MAPKAP1	one2one	NA		22.9
Mapkapk2	ENSMUSG00000016528	MAPKAPK2	one2one	NA		22.9
Mapkapk3	ENSMUSG00000032577	MAPKAPK3	one2one	NA		22.9
Mapkapk5	ENSMUSG00000029454	MAPKAPK5	one2one	NA		22.9
Mapkbp1	ENSMUSG00000033902	MAPKBP1	one2one	NA		22.9
Mapre1	ENSMUSG00000027479	MAPRE1	one2one	NA		22.9
Mapre2	ENSMUSG00000024277	MAPRE2	one2one	NA		22.9
Mapre3	ENSMUSG00000029166	MAPRE3	one2one	NA		22.9
Mapt	ENSMUSG00000018411	MAPT	one2one	NA		22.9
Marchf1	ENSMUSG00000036469	MARCHF1	one2one	NA		22.9
Marchf2	ENSMUSG00000079557	MARCHF2	one2one	NA		22.9
Marchf3	ENSMUSG00000032656	MARCHF3	one2one	NA		22.9
Marchf5	ENSMUSG00000023307	MARCHF5	one2one	NA		22.9
Marchf6	ENSMUSG00000039100	MARCHF6	one2one	NA		22.9
Marchf7	ENSMUSG00000026977	MARCHF7	one2one	NA		22.9
Marchf8	ENSMUSG00000025702	MARCHF8	one2one	NA		22.9
Marchf9	ENSMUSG00000040502	MARCHF9	one2one	NA		22.9
Marcks	ENSMUSG00000069662	MARCKS	one2one	NA		22.9
Marcksl1	ENSMUSG00000047945	MARCKSL1	one2one	NA		22.9
Marf1	ENSMUSG00000060657	MARF1	one2one	NA		22.9
Mark2	ENSMUSG00000024969	MARK2	one2one	NA		22.9
Mark3	ENSMUSG00000007411	MARK3	one2one	NA		22.9
Mark4	ENSMUSG00000030397	MARK4	one2one	NA		22.9
Mars1	ENSMUSG00000040354	MARS1	one2one	NA		22.9
Mars2	ENSMUSG00000046994	MARS2	one2one	NA		22.9
Marveld1	ENSMUSG00000044345	MARVELD1	one2one	NA		22.9
Marveld2	ENSMUSG00000021636	MARVELD2	one2one	NA		22.9
Mas1	ENSMUSG00000068037	MAS1	one2one	NA		22.9
Masp2	ENSMUSG00000028979	MASP2	one2one	NA		22.9
Mast1	ENSMUSG00000053693	MAST1	one2one	NA		22.9
Mast2	ENSMUSG00000003810	MAST2	one2one	NA		22.9
Mast3	ENSMUSG00000031833	MAST3	one2one	NA		22.9
Mast4	ENSMUSG00000034751	MAST4	one2one	NA		22.9
Mastl	ENSMUSG00000026779	MASTL	one2one	NA		22.9
Mat2a	ENSMUSG00000053907	MAT2A	one2one	NA		22.9
Mat2b	ENSMUSG00000042032	MAT2B	one2one	NA		22.9
Matk	ENSMUSG00000004933	MATK	one2one	NA		22.9
Matn1	ENSMUSG00000040533	MATN1	one2one	NA		22.9
Matn2	ENSMUSG00000022324	MATN2	one2one	NA		22.9
Matr3	ENSMUSG00000037236	MATR3	one2one	NA		22.9
Mau2	ENSMUSG00000031858	MAU2	one2one	NA		22.9
Mavs	ENSMUSG00000037523	MAVS	one2one	NA		22.9
Max	ENSMUSG00000059436	MAX	one2one	NA		22.9
Maz	ENSMUSG00000030678	MAZ	one2one	NA		22.9
Mb21d2	ENSMUSG00000051065	MB21D2	one2one	NA		22.9
Mbd1	ENSMUSG00000024561	MBD1	one2one	NA		22.9
Mbd2	ENSMUSG00000024513	MBD2	one2one	NA		22.9
Mbd3	ENSMUSG00000035478	MBD3	one2one	NA		22.9
Mbd4	ENSMUSG00000030322	MBD4	one2one	NA		22.9
Mbd5	ENSMUSG00000036792	MBD5	one2one	NA		22.9
Mbd6	ENSMUSG00000025409	MBD6	one2one	NA		22.9
Mbip	ENSMUSG00000021028	MBIP	one2one	NA		22.9
Mblac1	ENSMUSG00000049285	MBLAC1	one2one	NA		22.9
Mblac2	ENSMUSG00000051098	MBLAC2	one2one	NA		22.9
Mbnl1	ENSMUSG00000027763	MBNL1	one2one	NA		22.9
Mbnl2	ENSMUSG00000022139	MBNL2	one2one	NA		22.9
Mbnl3	ENSMUSG00000036109	MBNL3	one2one	NA		22.9
Mboat1	ENSMUSG00000038732	MBOAT1	one2one	NA		22.9
Mboat2	ENSMUSG00000020646	MBOAT2	one2one	NA		22.9
Mboat4	ENSMUSG00000071113	MBOAT4	one2one	NA		22.9
Mboat7	ENSMUSG00000035596	MBOAT7	one2one	NA		22.9
Mbp	ENSMUSG00000041607	MBP	one2one	NA		22.9
Mbtd1	ENSMUSG00000059474	MBTD1	one2one	NA		22.9
Mbtps1	ENSMUSG00000031835	MBTPS1	one2one	NA		22.9
Mbtps2	ENSMUSG00000046873	MBTPS2	one2one	NA		22.9
Mcam	ENSMUSG00000032135	MCAM	one2one	NA		22.9
Mcat	ENSMUSG00000048755	MCAT	one2one	NA		22.9
Mcc	ENSMUSG00000071856	MCC	one2one	NA		22.9
Mccc1	ENSMUSG00000027709	MCCC1	one2one	NA		22.9
Mccc2	ENSMUSG00000021646	MCCC2	one2one	NA		22.9
Mcee	ENSMUSG00000033429	MCEE	one2one	NA		22.9
Mcf2l	ENSMUSG00000031442	MCF2L	one2one	NA		22.9
Mcfd2	ENSMUSG00000024150	MCFD2	one2one	NA		22.9
Mcidas	ENSMUSG00000074651	MCIDAS	one2one	NA		22.9
Mcl1	ENSMUSG00000038612	MCL1	one2one	NA		22.9
Mcm10	ENSMUSG00000026669	MCM10	one2one	NA		22.9
Mcm2	ENSMUSG00000002870	MCM2	one2one	NA		22.9
Mcm3	ENSMUSG00000041859	MCM3	one2one	NA		22.9
Mcm3ap	ENSMUSG00000001150	MCM3AP	one2one	NA		22.9
Mcm4	ENSMUSG00000022673	MCM4	one2one	NA		22.9
Mcm5	ENSMUSG00000005410	MCM5	one2one	NA		22.9
Mcm6	ENSMUSG00000026355	MCM6	one2one	NA		22.9
Mcm7	ENSMUSG00000029730	MCM7	one2one	NA		22.9
Mcm8	ENSMUSG00000027353	MCM8	one2one	NA		22.9
Mcm9	ENSMUSG00000058298	MCM9	one2one	NA		22.9
Mcmbp	ENSMUSG00000048170	MCMBP	one2one	NA		22.9
Mcmdc2	ENSMUSG00000046101	MCMDC2	one2one	NA		22.9
Mcoln1	ENSMUSG00000004567	MCOLN1	one2one	NA		22.9
Mcoln2	ENSMUSG00000011008	MCOLN2	one2one	NA		22.9
Mcoln3	ENSMUSG00000036853	MCOLN3	one2one	NA		22.9
Mcph1	ENSMUSG00000039842	MCPH1	one2one	NA		22.9
Mcrip1	ENSMUSG00000061111	MCRIP1	one2one	NA		22.9
Mcrip2	ENSMUSG00000025732	MCRIP2	one2one	NA		22.9
Mcrs1	ENSMUSG00000037570	MCRS1	one2one	NA		22.9
Mctp1	ENSMUSG00000021596	MCTP1	one2one	NA		22.9
Mctp2	ENSMUSG00000032776	MCTP2	one2one	NA		22.9
Mcts1	ENSMUSG00000000355	MCTS1	one2one	NA		22.9
Mcts2	ENSMUSG00000042814	MCTS2	one2one	NA		22.9
Mcu	ENSMUSG00000009647	MCU	one2one	NA		22.9
Mcub	ENSMUSG00000027994	MCUB	one2one	NA		22.9
Mcur1	ENSMUSG00000021371	MCUR1	one2one	NA		22.9
Mdc1	ENSMUSG00000061607	MDC1	one2one	NA		22.9
Mdfi	ENSMUSG00000032717	MDFI	one2one	NA		22.9
Mdfic	ENSMUSG00000041390	MDFIC	one2one	NA		22.9
Mdga1	ENSMUSG00000043557	MDGA1	one2one	NA		22.9
Mdh1	ENSMUSG00000020321	MDH1	one2one	NA		22.9
Mdh2	ENSMUSG00000019179	MDH2	one2one	NA		22.9
Mdk	ENSMUSG00000027239	MDK	one2one	NA		22.9
Mdm1	ENSMUSG00000020212	MDM1	one2one	NA		22.9
Mdm2	ENSMUSG00000020184	MDM2	one2one	NA		22.9
Mdm4	ENSMUSG00000054387	MDM4	one2one	NA		22.9
Mdn1	ENSMUSG00000058006	MDN1	one2one	NA		22.9
Mdp1	ENSMUSG00000002329	MDP1	one2one	NA		22.9
Me1	ENSMUSG00000032418	ME1	one2one	NA		22.9
Me2	ENSMUSG00000024556	ME2	one2one	NA		22.9
Mea1	ENSMUSG00000002768	MEA1	one2one	NA		22.9
Meaf6	ENSMUSG00000028863	MEAF6	one2one	NA		22.9
Meak7	ENSMUSG00000034105	MEAK7	one2one	NA		22.9
Mecom	ENSMUSG00000027684	MECOM	one2one	NA		22.9
Mecp2	ENSMUSG00000031393	MECP2	one2one	NA		22.9
Mecr	ENSMUSG00000028910	MECR	one2one	NA		22.9
Med1	ENSMUSG00000018160	MED1	one2one	NA		22.9
Med10	ENSMUSG00000021598	MED10	one2one	NA		22.9
Med11	ENSMUSG00000018923	MED11	one2one	NA		22.9
Med12	ENSMUSG00000079487	MED12	one2one	NA		22.9
Med12l	ENSMUSG00000056476	MED12L	one2one	NA		22.9
Med13	ENSMUSG00000034297	MED13	one2one	NA		22.9
Med13l	ENSMUSG00000018076	MED13L	one2one	NA		22.9
Med14	ENSMUSG00000064127	MED14	one2one	NA		22.9
Med15	ENSMUSG00000012114	MED15	one2one	NA		22.9
Med16	ENSMUSG00000013833	MED16	one2one	NA		22.9
Med17	ENSMUSG00000031935	MED17	one2one	NA		22.9
Med18	ENSMUSG00000066042	MED18	one2one	NA		22.9
Med19	ENSMUSG00000027080	MED19	one2one	NA		22.9
Med20	ENSMUSG00000092558	MED20	one2one	NA		22.9
Med21	ENSMUSG00000030291	MED21	one2one	NA		22.9
Med22	ENSMUSG00000015776	MED22	one2one	NA		22.9
Med23	ENSMUSG00000019984	MED23	one2one	NA		22.9
Med24	ENSMUSG00000017210	MED24	one2one	NA		22.9
Med25	ENSMUSG00000002968	MED25	one2one	NA		22.9
Med26	ENSMUSG00000045248	MED26	one2one	NA		22.9
Med27	ENSMUSG00000026799	MED27	one2one	NA		22.9
Med28	ENSMUSG00000015804	MED28	one2one	NA		22.9
Med29	ENSMUSG00000003444	MED29	one2one	NA		22.9
Med30	ENSMUSG00000038622	MED30	one2one	NA		22.9
Med31	ENSMUSG00000020801	MED31	one2one	NA		22.9
Med4	ENSMUSG00000022109	MED4	one2one	NA		22.9
Med6	ENSMUSG00000002679	MED6	one2one	NA		22.9
Med7	ENSMUSG00000020397	MED7	one2one	NA		22.9
Med8	ENSMUSG00000006392	MED8	one2one	NA		22.9
Med9	ENSMUSG00000061650	MED9	one2one	NA		22.9
Medag	ENSMUSG00000029659	MEDAG	one2one	NA		22.9
Mef2a	ENSMUSG00000030557	MEF2A	one2one	NA		22.9
Mef2b	ENSMUSG00000079033	MEF2B	one2one	NA		22.9
Mef2c	ENSMUSG00000005583	MEF2C	one2one	NA		22.9
Mef2d	ENSMUSG00000001419	MEF2D	one2one	NA		22.9
Megf11	ENSMUSG00000036466	MEGF11	one2one	NA		22.9
Megf8	ENSMUSG00000045039	MEGF8	one2one	NA		22.9
Megf9	ENSMUSG00000039270	MEGF9	one2one	NA		22.9
Mei1	ENSMUSG00000068117	MEI1	one2one	NA		22.9
Mei4	ENSMUSG00000043289	MEI4	one2one	NA		22.9
Meis2	ENSMUSG00000027210	MEIS2	one2one	NA		22.9
Meis3	ENSMUSG00000041420	MEIS3	one2one	NA		22.9
Melk	ENSMUSG00000035683	MELK	one2one	NA		22.9
Memo1	ENSMUSG00000058704	MEMO1	one2one	NA		22.9
Men1	ENSMUSG00000024947	MEN1	one2one	NA		22.9
Mepce	ENSMUSG00000029726	MEPCE	one2one	NA		22.9
Mesd	ENSMUSG00000038503	MESD	one2one	NA		22.9
Mest	ENSMUSG00000051855	MEST	one2one	NA		22.9
Met	ENSMUSG00000009376	MET	one2one	NA		22.9
Metap1	ENSMUSG00000005813	METAP1	one2one	NA		22.9
Metap1d	ENSMUSG00000041921	METAP1D	one2one	NA		22.9
Metap2	ENSMUSG00000036112	METAP2	one2one	NA		22.9
Metrn	ENSMUSG00000002274	METRN	one2one	NA		22.9
Metrnl	ENSMUSG00000039208	METRNL	one2one	NA		22.9
Mettl1	ENSMUSG00000006732	METTL1	one2one	NA		22.9
Mettl14	ENSMUSG00000028114	METTL14	one2one	NA		22.9
Mettl15	ENSMUSG00000057234	METTL15	one2one	NA		22.9
Mettl16	ENSMUSG00000010554	METTL16	one2one	NA		22.9
Mettl17	ENSMUSG00000004561	METTL17	one2one	NA		22.9
Mettl18	ENSMUSG00000041396	METTL18	one2one	NA		22.9
Mettl2	ENSMUSG00000020691	METTL2A	one2one	NA		22.9
Mettl21a	ENSMUSG00000025956	METTL21A	one2one	NA		22.9
Mettl21c	ENSMUSG00000047343	METTL21C	one2one	NA		22.9
Mettl22	ENSMUSG00000039345	METTL22	one2one	NA		22.9
Mettl23	ENSMUSG00000090266	METTL23	one2one	NA		22.9
Mettl25	ENSMUSG00000036009	METTL25	one2one	NA		22.9
Mettl26	ENSMUSG00000025731	METTL26	one2one	NA		22.9
Mettl27	ENSMUSG00000040557	METTL27	one2one	NA		22.9
Mettl3	ENSMUSG00000022160	METTL3	one2one	NA		22.9
Mettl4	ENSMUSG00000055660	METTL4	one2one	NA		22.9
Mettl5	ENSMUSG00000051730	METTL5	one2one	NA		22.9
Mettl6	ENSMUSG00000021891	METTL6	one2one	NA		22.9
Mettl7a1	ENSMUSG00000054619	METTL7A	one2one	NA		22.9
Mettl8	ENSMUSG00000041975	METTL8	one2one	NA		22.9
Mettl9	ENSMUSG00000030876	METTL9	one2one	NA		22.9
Mex3a	ENSMUSG00000074480	MEX3A	one2one	NA		22.9
Mex3b	ENSMUSG00000057706	MEX3B	one2one	NA		22.9
Mex3c	ENSMUSG00000037253	MEX3C	one2one	NA		22.9
Mex3d	ENSMUSG00000048696	MEX3D	one2one	NA		22.9
Mfap1a	ENSMUSG00000068479	MFAP1	many2one	NA		22.9
Mfap1b	ENSMUSG00000048222	MFAP1	many2one	NA		22.9
Mfap3	ENSMUSG00000020522	MFAP3	one2one	NA		22.9
Mff	ENSMUSG00000026150	MFF	one2one	NA		22.9
Mfge8	ENSMUSG00000030605	MFGE8	one2one	NA		22.9
Mfhas1	ENSMUSG00000070056	MFHAS1	one2one	NA		22.9
Mfn1	ENSMUSG00000027668	MFN1	one2one	NA		22.9
Mfn2	ENSMUSG00000029020	MFN2	one2one	NA		22.9
Mfng	ENSMUSG00000018169	MFNG	one2one	NA		22.9
Mfrp	ENSMUSG00000034739	MFRP	one2one	NA		22.9
Mfsd1	ENSMUSG00000027775	MFSD1	one2one	NA		22.9
Mfsd10	ENSMUSG00000001082	MFSD10	one2one	NA		22.9
Mfsd11	ENSMUSG00000020818	MFSD11	one2one	NA		22.9
Mfsd12	ENSMUSG00000034854	MFSD12	one2one	NA		22.9
Mfsd13a	ENSMUSG00000025227	MFSD13A	one2one	NA		22.9
Mfsd14a	ENSMUSG00000089911	MFSD14A	one2one	NA		22.9
Mfsd14b	ENSMUSG00000038212	MFSD14B	one2one	NA		22.9
Mfsd2a	ENSMUSG00000028655	MFSD2A	one2one	NA		22.9
Mfsd2b	ENSMUSG00000037336	MFSD2B	one2one	NA		22.9
Mfsd3	ENSMUSG00000019080	MFSD3	one2one	NA		22.9
Mfsd4a	ENSMUSG00000059149	MFSD4A	one2one	NA		22.9
Mfsd4b4	ENSMUSG00000096687	MFSD4B	one2one	NA		22.9
Mfsd5	ENSMUSG00000045665	MFSD5	one2one	NA		22.9
Mfsd6	ENSMUSG00000041439	MFSD6	one2one	NA		22.9
Mfsd6l	ENSMUSG00000048329	MFSD6L	one2one	NA		22.9
Mfsd8	ENSMUSG00000025759	MFSD8	one2one	NA		22.9
Mfsd9	ENSMUSG00000041945	MFSD9	one2one	NA		22.9
Mga	ENSMUSG00000033943	MGA	one2one	NA		22.9
Mgarp	ENSMUSG00000037161	MGARP	one2one	NA		22.9
Mgat1	ENSMUSG00000020346	MGAT1	one2one	NA		22.9
Mgat2	ENSMUSG00000043998	MGAT2	one2one	NA		22.9
Mgat4a	ENSMUSG00000026110	MGAT4A	one2one	NA		22.9
Mgat4b	ENSMUSG00000036620	MGAT4B	one2one	NA		22.9
Mgat5	ENSMUSG00000036155	MGAT5	one2one	NA		22.9
Mgll	ENSMUSG00000033174	MGLL	one2one	NA		22.9
Mgme1	ENSMUSG00000027424	MGME1	one2one	NA		22.9
Mgmt	ENSMUSG00000054612	MGMT	one2one	NA		22.9
Mgrn1	ENSMUSG00000022517	MGRN1	one2one	NA		22.9
Mgst2	ENSMUSG00000074604	MGST2	one2one	NA		22.9
Mgst3	ENSMUSG00000026688	MGST3	one2one	NA		22.9
Mia2	ENSMUSG00000021000	MIA2	one2one	NA		22.9
Mia3	ENSMUSG00000056050	MIA3	one2one	NA		22.9
Mib1	ENSMUSG00000024294	MIB1	one2one	NA		22.9
Mib2	ENSMUSG00000029060	MIB2	one2one	NA		22.9
Mical1	ENSMUSG00000019823	MICAL1	one2one	NA		22.9
Mical2	ENSMUSG00000038244	MICAL2	one2one	NA		22.9
Mical3	ENSMUSG00000051586	MICAL3	one2one	NA		22.9
Micall1	ENSMUSG00000033039	MICALL1	one2one	NA		22.9
Micall2	ENSMUSG00000036718	MICALL2	one2one	NA		22.9
Micos10	ENSMUSG00000050608	MICOS10	one2one	NA		22.9
Micos13	ENSMUSG00000049760	MICOS13	one2one	NA		22.9
Micu1	ENSMUSG00000020111	MICU1	one2one	NA		22.9
Micu2	ENSMUSG00000021973	MICU2	one2one	NA		22.9
Micu3	ENSMUSG00000039478	MICU3	one2one	NA		22.9
Mid1	ENSMUSG00000035299	MID1	one2one	NA		22.9
Mid1ip1	ENSMUSG00000008035	MID1IP1	one2one	NA		22.9
Mid2	ENSMUSG00000000266	MID2	one2one	NA		22.9
Midn	ENSMUSG00000035621	MIDN	one2one	NA		22.9
Mief1	ENSMUSG00000022412	MIEF1	one2one	NA		22.9
Mief2	ENSMUSG00000018599	MIEF2	one2one	NA		22.9
Mien1	ENSMUSG00000002580	MIEN1	one2one	NA		22.9
Mier1	ENSMUSG00000028522	MIER1	one2one	NA		22.9
Mier2	ENSMUSG00000042570	MIER2	one2one	NA		22.9
Mier3	ENSMUSG00000032727	MIER3	one2one	NA		22.9
Mif	ENSMUSG00000033307	MIF	one2one	NA		22.9
Mif4gd	ENSMUSG00000020743	MIF4GD	one2one	NA		22.9
Miga1	ENSMUSG00000054942	MIGA1	one2one	NA		22.9
Miga2	ENSMUSG00000026858	MIGA2	one2one	NA		22.9
Miip	ENSMUSG00000029022	MIIP	one2one	NA		22.9
Milr1	ENSMUSG00000040528	MILR1	one2one	NA		22.9
Mindy1	ENSMUSG00000038712	MINDY1	one2one	NA		22.9
Mindy2	ENSMUSG00000042444	MINDY2	one2one	NA		22.9
Mindy3	ENSMUSG00000026767	MINDY3	one2one	NA		22.9
Mindy4	ENSMUSG00000038022	MINDY4	one2one	NA		22.9
Mink1	ENSMUSG00000020827	MINK1	one2one	NA		22.9
Minpp1	ENSMUSG00000024896	MINPP1	one2one	NA		22.9
Mios	ENSMUSG00000042447	MIOS	one2one	NA		22.9
Mip	ENSMUSG00000025389	MIP	one2one	NA		22.9
Mipep	ENSMUSG00000021993	MIPEP	one2one	NA		22.9
Mipol1	ENSMUSG00000047022	MIPOL1	one2one	NA		22.9
Mis12	ENSMUSG00000040599	MIS12	one2one	NA		22.9
Mis18a	ENSMUSG00000022978	MIS18A	one2one	NA		22.9
Mis18bp1	ENSMUSG00000047534	MIS18BP1	one2one	NA		22.9
Misp3	ENSMUSG00000074217	MISP3	one2one	NA		22.9
Mitd1	ENSMUSG00000026088	MITD1	one2one	NA		22.9
Mitf	ENSMUSG00000035158	MITF	one2one	NA		22.9
Mki67	ENSMUSG00000031004	MKI67	one2one	NA		22.9
Mkks	ENSMUSG00000027274	MKKS	one2one	NA		22.9
Mkln1	ENSMUSG00000025609	MKLN1	one2one	NA		22.9
Mknk1	ENSMUSG00000028708	MKNK1	one2one	NA		22.9
Mknk2	ENSMUSG00000020190	MKNK2	one2one	NA		22.9
Mkrn1	ENSMUSG00000029922	MKRN1	one2one	NA		22.9
Mkrn2	ENSMUSG00000000439	MKRN2	one2one	NA		22.9
Mkrn2os	ENSMUSG00000068011	MKRN2OS	one2one	NA		22.9
Mkrn3	ENSMUSG00000070527	MKRN3	one2one	NA		22.9
Mks1	ENSMUSG00000034121	MKS1	one2one	NA		22.9
Mlec	ENSMUSG00000048578	MLEC	one2one	NA		22.9
Mlf1	ENSMUSG00000048416	MLF1	one2one	NA		22.9
Mlf2	ENSMUSG00000030120	MLF2	one2one	NA		22.9
Mlh1	ENSMUSG00000032498	MLH1	one2one	NA		22.9
Mlh3	ENSMUSG00000021245	MLH3	one2one	NA		22.9
Mlkl	ENSMUSG00000012519	MLKL	one2one	NA		22.9
Mllt1	ENSMUSG00000024212	MLLT1	one2one	NA		22.9
Mllt10	ENSMUSG00000026743	MLLT10	one2one	NA		22.9
Mllt11	ENSMUSG00000053192	MLLT11	one2one	NA		22.9
Mllt3	ENSMUSG00000028496	MLLT3	one2one	NA		22.9
Mllt6	ENSMUSG00000038437	MLLT6	one2one	NA		22.9
Mlst8	ENSMUSG00000024142	MLST8	one2one	NA		22.9
Mlx	ENSMUSG00000017801	MLX	one2one	NA		22.9
Mlxip	ENSMUSG00000038342	MLXIP	one2one	NA		22.9
Mlxipl	ENSMUSG00000005373	MLXIPL	one2one	NA		22.9
Mlycd	ENSMUSG00000074064	MLYCD	one2one	NA		22.9
Mmaa	ENSMUSG00000037022	MMAA	one2one	NA		22.9
Mmab	ENSMUSG00000029575	MMAB	one2one	NA		22.9
Mmachc	ENSMUSG00000028690	MMACHC	one2one	NA		22.9
Mmadhc	ENSMUSG00000026766	MMADHC	one2one	NA		22.9
Mmd	ENSMUSG00000003948	MMD	one2one	NA		22.9
Mmgt1	ENSMUSG00000061273	MMGT1	many2one	NA		22.9
Mmgt2	ENSMUSG00000048497	MMGT1	many2one	NA		22.9
Mmp10	ENSMUSG00000047562	MMP10	one2one	NA		22.9
Mmp11	ENSMUSG00000000901	MMP11	one2one	NA		22.9
Mmp12	ENSMUSG00000049723	MMP12	one2one	NA		22.9
Mmp13	ENSMUSG00000050578	MMP13	one2one	NA		22.9
Mmp14	ENSMUSG00000000957	MMP14	one2one	NA		22.9
Mmp15	ENSMUSG00000031790	MMP15	one2one	NA		22.9
Mmp17	ENSMUSG00000029436	MMP17	one2one	NA		22.9
Mmp19	ENSMUSG00000025355	MMP19	one2one	NA		22.9
Mmp20	ENSMUSG00000018620	MMP20	one2one	NA		22.9
Mmp21	ENSMUSG00000030981	MMP21	one2one	NA		22.9
Mmp23	ENSMUSG00000029061	MMP23B	one2one	NA		22.9
Mmp28	ENSMUSG00000020682	MMP28	one2one	NA		22.9
Mmp7	ENSMUSG00000018623	MMP7	one2one	NA		22.9
Mmp8	ENSMUSG00000005800	MMP8	one2one	NA		22.9
Mmp9	ENSMUSG00000017737	MMP9	one2one	NA		22.9
Mmrn2	ENSMUSG00000041445	MMRN2	one2one	NA		22.9
Mms19	ENSMUSG00000025159	MMS19	one2one	NA		22.9
Mms22l	ENSMUSG00000045751	MMS22L	one2one	NA		22.9
Mmut	ENSMUSG00000023921	MMUT	one2one	NA		22.9
Mnat1	ENSMUSG00000021103	MNAT1	one2one	NA		22.9
Mnd1	ENSMUSG00000033752	MND1	one2one	NA		22.9
Mndal	ENSMUSG00000090272	IFI16	one2many	NA		22.9
Mndal	ENSMUSG00000090272	MNDA	one2many	NA		22.9
Mndal	ENSMUSG00000090272	PYHIN1	one2many	NA		22.9
Mns1	ENSMUSG00000032221	MNS1	one2one	NA		22.9
Mnt	ENSMUSG00000000282	MNT	one2one	NA		22.9
Mob1a	ENSMUSG00000043131	MOB1A	one2one	NA		22.9
Mob1b	ENSMUSG00000006262	MOB1B	one2one	NA		22.9
Mob2	ENSMUSG00000025147	MOB2	one2one	NA		22.9
Mob3a	ENSMUSG00000003348	MOB3A	one2one	NA		22.9
Mob3b	ENSMUSG00000073910	MOB3B	one2one	NA		22.9
Mob3c	ENSMUSG00000028709	MOB3C	one2one	NA		22.9
Mob4	ENSMUSG00000025979	MOB4	one2one	NA		22.9
Mocos	ENSMUSG00000039616	MOCOS	one2one	NA		22.9
Mocs1	ENSMUSG00000064120	MOCS1	one2one	NA		22.9
Mocs2	ENSMUSG00000015536	MOCS2	one2one	NA		22.9
Mocs3	ENSMUSG00000074576	MOCS3	one2one	NA		22.9
Mogs	ENSMUSG00000030036	MOGS	one2one	NA		22.9
Mok	ENSMUSG00000056458	MOK	one2one	NA		22.9
Mon1a	ENSMUSG00000032583	MON1A	one2one	NA		22.9
Mon1b	ENSMUSG00000078908	MON1B	one2one	NA		22.9
Mon2	ENSMUSG00000034602	MON2	one2one	NA		22.9
Morc1	ENSMUSG00000022652	MORC1	one2one	NA		22.9
Morc2a	ENSMUSG00000034543	MORC2	one2one	NA		22.9
Morc3	ENSMUSG00000039456	MORC3	one2one	NA		22.9
Morc4	ENSMUSG00000031434	MORC4	one2one	NA		22.9
Morf4l1	ENSMUSG00000062270	MORF4L1	one2one	NA		22.9
Morf4l2	ENSMUSG00000031422	MORF4L2	one2one	NA		22.9
Morn1	ENSMUSG00000029049	MORN1	one2one	NA		22.9
Morn2	ENSMUSG00000045257	MORN2	one2one	NA		22.9
Morn3	ENSMUSG00000029477	MORN3	one2one	NA		22.9
Morn4	ENSMUSG00000049670	MORN4	one2one	NA		22.9
Mosmo	ENSMUSG00000046096	MOSMO	one2one	NA		22.9
Mospd1	ENSMUSG00000023074	MOSPD1	one2one	NA		22.9
Mospd2	ENSMUSG00000061778	MOSPD2	one2one	NA		22.9
Mospd3	ENSMUSG00000037221	MOSPD3	one2one	NA		22.9
Mov10	ENSMUSG00000002227	MOV10	one2one	NA		22.9
Moxd1	ENSMUSG00000020000	MOXD1	one2one	NA		22.9
Moxd2	ENSMUSG00000029885	MOXD2P	one2one	NA		22.9
Mpc1	ENSMUSG00000023861	MPC1	one2one	NA		22.9
Mpc2	ENSMUSG00000026568	MPC2	one2one	NA		22.9
Mpdu1	ENSMUSG00000018761	MPDU1	one2one	NA		22.9
Mpeg1	ENSMUSG00000046805	MPEG1	one2one	NA		22.9
Mpg	ENSMUSG00000020287	MPG	one2one	NA		22.9
Mphosph10	ENSMUSG00000030521	MPHOSPH10	one2one	NA		22.9
Mphosph6	ENSMUSG00000031843	MPHOSPH6	one2one	NA		22.9
Mphosph8	ENSMUSG00000079184	MPHOSPH8	one2one	NA		22.9
Mphosph9	ENSMUSG00000038126	MPHOSPH9	one2one	NA		22.9
Mpi	ENSMUSG00000032306	MPI	one2one	NA		22.9
Mplkip	ENSMUSG00000012429	MPLKIP	many2one	NA		22.9
Mpnd	ENSMUSG00000003199	MPND	one2one	NA		22.9
Mpp1	ENSMUSG00000031402	MPP1	one2one	NA		22.9
Mpp2	ENSMUSG00000017314	MPP2	one2one	NA		22.9
Mpp3	ENSMUSG00000052373	MPP3	one2one	NA		22.9
Mpp4	ENSMUSG00000079550	MPP4	one2one	NA		22.9
Mpp5	ENSMUSG00000021112	PALS1	one2one	Pals1	org.Mm.eg.db	22.9
Mpp6	ENSMUSG00000038388	PALS2	one2one	Pals2	org.Mm.eg.db	22.9
Mpp7	ENSMUSG00000057440	MPP7	one2one	NA		22.9
Mppe1	ENSMUSG00000062526	MPPE1	one2one	NA		22.9
Mprip	ENSMUSG00000005417	MPRIP	one2one	NA		22.9
Mpst	ENSMUSG00000071711	MPST	one2one	NA		22.9
Mpv17	ENSMUSG00000107283	MPV17	one2one	NA		22.9
Mpv17l	ENSMUSG00000022679	MPV17L	one2one	NA		22.9
Mpv17l2	ENSMUSG00000035559	MPV17L2	one2one	NA		22.9
Mpzl1	ENSMUSG00000026566	MPZL1	one2one	NA		22.9
Mpzl2	ENSMUSG00000032092	MPZL2	one2one	NA		22.9
Mpzl3	ENSMUSG00000070305	MPZL3	one2one	NA		22.9
Mr1	ENSMUSG00000026471	MR1	one2one	NA		22.9
Mrap2	ENSMUSG00000042761	MRAP2	one2one	NA		22.9
Mras	ENSMUSG00000032470	MRAS	one2one	NA		22.9
Mrc1	ENSMUSG00000026712	MRC1	one2one	NA		22.9
Mrc2	ENSMUSG00000020695	MRC2	one2one	NA		22.9
Mre11a	ENSMUSG00000031928	MRE11	one2one	NA		22.9
Mreg	ENSMUSG00000039395	MREG	one2one	NA		22.9
Mrfap1	ENSMUSG00000055302	MRFAP1	one2one	NA		22.9
Mrgbp	ENSMUSG00000027569	MRGBP	one2one	NA		22.9
Mrgpre	ENSMUSG00000048965	MRGPRE	one2one	NA		22.9
Mri1	ENSMUSG00000004996	MRI1	one2one	NA		22.9
Mrm1	ENSMUSG00000018405	MRM1	one2one	NA		22.9
Mrm2	ENSMUSG00000029557	MRM2	one2one	NA		22.9
Mrm3	ENSMUSG00000038046	MRM3	one2one	NA		22.9
Mrnip	ENSMUSG00000020381	MRNIP	one2one	NA		22.9
Mroh1	ENSMUSG00000022558	MROH1	one2one	NA		22.9
Mroh2a	ENSMUSG00000079429	MROH2A	one2one	NA		22.9
Mroh6	ENSMUSG00000098678	MROH6	one2one	NA		22.9
Mroh8	ENSMUSG00000074627	MROH8	one2one	NA		22.9
Mrpl1	ENSMUSG00000029486	MRPL1	one2one	NA		22.9
Mrpl10	ENSMUSG00000001445	MRPL10	one2one	NA		22.9
Mrpl11	ENSMUSG00000024902	MRPL11	one2one	NA		22.9
Mrpl12	ENSMUSG00000039640	MRPL12	one2one	NA		22.9
Mrpl13	ENSMUSG00000022370	MRPL13	one2one	NA		22.9
Mrpl14	ENSMUSG00000023939	MRPL14	one2one	NA		22.9
Mrpl15	ENSMUSG00000033845	MRPL15	one2one	NA		22.9
Mrpl16	ENSMUSG00000024683	MRPL16	one2one	NA		22.9
Mrpl17	ENSMUSG00000030879	MRPL17	one2one	NA		22.9
Mrpl18	ENSMUSG00000057388	MRPL18	one2one	NA		22.9
Mrpl19	ENSMUSG00000030045	MRPL19	one2one	NA		22.9
Mrpl2	ENSMUSG00000002767	MRPL2	one2one	NA		22.9
Mrpl20	ENSMUSG00000029066	MRPL20	one2one	NA		22.9
Mrpl21	ENSMUSG00000024829	MRPL21	one2one	NA		22.9
Mrpl22	ENSMUSG00000020514	MRPL22	one2one	NA		22.9
Mrpl23	ENSMUSG00000037772	MRPL23	one2one	NA		22.9
Mrpl24	ENSMUSG00000019710	MRPL24	one2one	NA		22.9
Mrpl27	ENSMUSG00000024414	MRPL27	one2one	NA		22.9
Mrpl28	ENSMUSG00000024181	MRPL28	one2one	NA		22.9
Mrpl3	ENSMUSG00000032563	MRPL3	one2one	NA		22.9
Mrpl30	ENSMUSG00000026087	MRPL30	one2one	NA		22.9
Mrpl32	ENSMUSG00000015672	MRPL32	one2one	NA		22.9
Mrpl33	ENSMUSG00000106918	MRPL33	one2one	NA		22.9
Mrpl34	ENSMUSG00000034880	MRPL34	one2one	NA		22.9
Mrpl35	ENSMUSG00000052962	MRPL35	one2one	NA		22.9
Mrpl36	ENSMUSG00000021607	MRPL36	one2one	NA		22.9
Mrpl37	ENSMUSG00000028622	MRPL37	one2one	NA		22.9
Mrpl38	ENSMUSG00000020775	MRPL38	one2one	NA		22.9
Mrpl39	ENSMUSG00000022889	MRPL39	one2one	NA		22.9
Mrpl4	ENSMUSG00000003299	MRPL4	one2one	NA		22.9
Mrpl40	ENSMUSG00000022706	MRPL40	one2one	NA		22.9
Mrpl41	ENSMUSG00000036850	MRPL41	one2one	NA		22.9
Mrpl42	ENSMUSG00000062981	MRPL42	one2one	NA		22.9
Mrpl43	ENSMUSG00000025208	MRPL43	one2one	NA		22.9
Mrpl44	ENSMUSG00000026248	MRPL44	one2one	NA		22.9
Mrpl45	ENSMUSG00000018882	MRPL45	one2one	NA		22.9
Mrpl46	ENSMUSG00000030612	MRPL46	one2one	NA		22.9
Mrpl47	ENSMUSG00000037531	MRPL47	one2one	NA		22.9
Mrpl48	ENSMUSG00000030706	MRPL48	one2one	NA		22.9
Mrpl49	ENSMUSG00000007338	MRPL49	one2one	NA		22.9
Mrpl50	ENSMUSG00000044018	MRPL50	one2one	NA		22.9
Mrpl51	ENSMUSG00000030335	MRPL51	one2one	NA		22.9
Mrpl52	ENSMUSG00000010406	MRPL52	one2one	NA		22.9
Mrpl54	ENSMUSG00000034932	MRPL54	one2one	NA		22.9
Mrpl55	ENSMUSG00000036860	MRPL55	one2one	NA		22.9
Mrpl57	ENSMUSG00000021967	MRPL57	one2one	NA		22.9
Mrpl58	ENSMUSG00000018858	MRPL58	one2one	NA		22.9
Mrpl9	ENSMUSG00000028140	MRPL9	one2one	NA		22.9
Mrps10	ENSMUSG00000034729	MRPS10	one2one	NA		22.9
Mrps11	ENSMUSG00000030611	MRPS11	one2one	NA		22.9
Mrps12	ENSMUSG00000045948	MRPS12	one2one	NA		22.9
Mrps14	ENSMUSG00000058267	MRPS14	one2one	NA		22.9
Mrps15	ENSMUSG00000028861	MRPS15	one2one	NA		22.9
Mrps16	ENSMUSG00000049960	MRPS16	one2one	NA		22.9
Mrps17	ENSMUSG00000034211	MRPS17	one2one	NA		22.9
Mrps18a	ENSMUSG00000023967	MRPS18A	one2one	NA		22.9
Mrps18b	ENSMUSG00000024436	MRPS18B	one2one	NA		22.9
Mrps18c	ENSMUSG00000016833	MRPS18C	one2one	NA		22.9
Mrps2	ENSMUSG00000035772	MRPS2	one2one	NA		22.9
Mrps21	ENSMUSG00000054312	MRPS21	one2one	NA		22.9
Mrps22	ENSMUSG00000032459	MRPS22	one2one	NA		22.9
Mrps23	ENSMUSG00000023723	MRPS23	one2one	NA		22.9
Mrps24	ENSMUSG00000020477	MRPS24	one2one	NA		22.9
Mrps25	ENSMUSG00000014551	MRPS25	one2one	NA		22.9
Mrps26	ENSMUSG00000037740	MRPS26	one2one	NA		22.9
Mrps27	ENSMUSG00000041632	MRPS27	one2one	NA		22.9
Mrps28	ENSMUSG00000040269	MRPS28	one2one	NA		22.9
Mrps30	ENSMUSG00000021731	MRPS30	one2one	NA		22.9
Mrps31	ENSMUSG00000031533	MRPS31	one2one	NA		22.9
Mrps33	ENSMUSG00000029918	MRPS33	one2one	NA		22.9
Mrps34	ENSMUSG00000038880	MRPS34	one2one	NA		22.9
Mrps35	ENSMUSG00000040112	MRPS35	one2one	NA		22.9
Mrps36	ENSMUSG00000061474	MRPS36	one2one	NA		22.9
Mrps5	ENSMUSG00000027374	MRPS5	one2one	NA		22.9
Mrps6	ENSMUSG00000039680	MRPS6	one2one	NA		22.9
Mrps7	ENSMUSG00000046756	MRPS7	one2one	NA		22.9
Mrps9	ENSMUSG00000060679	MRPS9	one2one	NA		22.9
Mrrf	ENSMUSG00000026887	MRRF	one2one	NA		22.9
Mrs2	ENSMUSG00000021339	MRS2	one2one	NA		22.9
Mrtfa	ENSMUSG00000042292	MRTFA	one2one	NA		22.9
Mrtfb	ENSMUSG00000009569	MRTFB	one2one	NA		22.9
Mrto4	ENSMUSG00000028741	MRTO4	one2one	NA		22.9
Mrvi1	ENSMUSG00000005611	IRAG1	one2one	Irag1	org.Mm.eg.db	22.9
Ms4a1	ENSMUSG00000024673	MS4A1	one2one	NA		22.9
Ms4a4a	ENSMUSG00000101389	MS4A4A	many2one	NA		22.9
Ms4a4b	ENSMUSG00000056290	MS4A4A	many2one	NA		22.9
Ms4a4c	ENSMUSG00000024675	MS4A4A	many2one	NA		22.9
Ms4a4d	ENSMUSG00000024678	MS4A4A	many2one	NA		22.9
Ms4a6b	ENSMUSG00000024677	MS4A6A	many2one	NA		22.9
Ms4a6c	ENSMUSG00000079419	MS4A6A	many2one	NA		22.9
Ms4a6d	ENSMUSG00000024679	MS4A6A	many2one	NA		22.9
Ms4a8a	ENSMUSG00000024730	MS4A8	one2one	NA		22.9
Msantd1	ENSMUSG00000051246	MSANTD1	one2one	NA		22.9
Msantd2	ENSMUSG00000042138	MSANTD2	one2one	NA		22.9
Msantd3	ENSMUSG00000039693	MSANTD3	one2one	NA		22.9
Msantd4	ENSMUSG00000041124	MSANTD4	one2one	NA		22.9
Msc	ENSMUSG00000025930	MSC	one2one	NA		22.9
Msh2	ENSMUSG00000024151	MSH2	one2one	NA		22.9
Msh3	ENSMUSG00000014850	MSH3	one2one	NA		22.9
Msh4	ENSMUSG00000005493	MSH4	one2one	NA		22.9
Msh5	ENSMUSG00000007035	MSH5	one2one	NA		22.9
Msh6	ENSMUSG00000005370	MSH6	one2one	NA		22.9
Msi1	ENSMUSG00000054256	MSI1	one2one	NA		22.9
Msi2	ENSMUSG00000069769	MSI2	one2one	NA		22.9
Msl1	ENSMUSG00000052915	MSL1	one2one	NA		22.9
Msl2	ENSMUSG00000066415	MSL2	one2one	NA		22.9
Msl3	ENSMUSG00000031358	MSL3	one2one	NA		22.9
Msmo1	ENSMUSG00000031604	MSMO1	one2one	NA		22.9
Msn	ENSMUSG00000031207	MSN	one2one	NA		22.9
Msra	ENSMUSG00000054733	MSRA	one2one	NA		22.9
Msrb1	ENSMUSG00000075705	MSRB1	one2one	NA		22.9
Msrb2	ENSMUSG00000023094	MSRB2	one2one	NA		22.9
Msrb3	ENSMUSG00000051236	MSRB3	one2one	NA		22.9
Mss51	ENSMUSG00000021815	MSS51	one2one	NA		22.9
Mst1	ENSMUSG00000032591	MST1	one2one	NA		22.9
Mst1r	ENSMUSG00000032584	MST1R	one2one	NA		22.9
Mstn	ENSMUSG00000026100	MSTN	one2one	NA		22.9
Msto1	ENSMUSG00000068922	MSTO1	one2one	NA		22.9
mt-Atp6	ENSMUSG00000064357	MT-ATP6	one2one	NA		22.9
mt-Co1	ENSMUSG00000064351	MT-CO1	one2one	NA		22.9
mt-Co2	ENSMUSG00000064354	MT-CO2	one2one	NA		22.9
mt-Co3	ENSMUSG00000064358	MT-CO3	one2one	NA		22.9
mt-Cytb	ENSMUSG00000064370	MT-CYB	one2one	NA		22.9
mt-Nd1	ENSMUSG00000064341	MT-ND1	one2one	NA		22.9
mt-Nd2	ENSMUSG00000064345	MT-ND2	one2one	NA		22.9
mt-Nd3	ENSMUSG00000064360	MT-ND3	one2one	NA		22.9
mt-Nd4	ENSMUSG00000064363	MT-ND4	one2one	NA		22.9
mt-Nd4l	ENSMUSG00000065947	MT-ND4L	one2one	NA		22.9
mt-Nd5	ENSMUSG00000064367	MT-ND5	one2one	NA		22.9
mt-Nd6	ENSMUSG00000064368	MT-ND6	one2one	NA		22.9
Mt1	ENSMUSG00000031765	MT1F	one2one	NA		22.9
Mt2	ENSMUSG00000031762	MT2A	one2one	NA		22.9
Mt3	ENSMUSG00000031760	MT3	one2one	NA		22.9
Mt4	ENSMUSG00000031757	MT4	one2one	NA		22.9
Mta1	ENSMUSG00000021144	MTA1	one2one	NA		22.9
Mta2	ENSMUSG00000071646	MTA2	one2one	NA		22.9
Mta3	ENSMUSG00000055817	MTA3	one2one	NA		22.9
Mtap	ENSMUSG00000062937	MTAP	one2one	NA		22.9
Mtarc2	ENSMUSG00000073481	MTARC2	one2one	NA		22.9
Mtbp	ENSMUSG00000022369	MTBP	one2one	NA		22.9
Mtch1	ENSMUSG00000024012	MTCH1	one2one	NA		22.9
Mtch2	ENSMUSG00000027282	MTCH2	one2one	NA		22.9
Mtcl1	ENSMUSG00000052105	MTCL1	one2one	NA		22.9
Mtcp1	ENSMUSG00000031200	MTCP1	one2one	NA		22.9
Mtdh	ENSMUSG00000022255	MTDH	one2one	NA		22.9
Mterf1a	ENSMUSG00000040429	MTERF1	many2one	NA		22.9
Mterf1b	ENSMUSG00000053178	MTERF1	many2one	NA		22.9
Mterf2	ENSMUSG00000049038	MTERF2	one2one	NA		22.9
Mterf3	ENSMUSG00000021519	MTERF3	one2one	NA		22.9
Mterf4	ENSMUSG00000026273	MTERF4	one2one	NA		22.9
Mtf1	ENSMUSG00000028890	MTF1	one2one	NA		22.9
Mtf2	ENSMUSG00000029267	MTF2	one2one	NA		22.9
Mtfmt	ENSMUSG00000059183	MTFMT	one2one	NA		22.9
Mtfp1	ENSMUSG00000004748	MTFP1	one2one	NA		22.9
Mtfr1	ENSMUSG00000027601	MTFR1	one2one	NA		22.9
Mtfr1l	ENSMUSG00000046671	MTFR1L	one2one	NA		22.9
Mtfr2	ENSMUSG00000019992	MTFR2	one2one	NA		22.9
Mtg1	ENSMUSG00000039018	MTG1	one2one	NA		22.9
Mtg2	ENSMUSG00000039069	MTG2	one2one	NA		22.9
Mthfd1	ENSMUSG00000021048	MTHFD1	one2one	NA		22.9
Mthfd1l	ENSMUSG00000040675	MTHFD1L	one2one	NA		22.9
Mthfd2	ENSMUSG00000005667	MTHFD2	one2one	NA		22.9
Mthfd2l	ENSMUSG00000029376	MTHFD2L	one2one	NA		22.9
Mthfr	ENSMUSG00000029009	MTHFR	one2one	NA		22.9
Mthfs	ENSMUSG00000066442	MTHFS	many2one	NA		22.9
Mthfsd	ENSMUSG00000031816	MTHFSD	one2one	NA		22.9
Mthfsl	ENSMUSG00000079427	MTHFS	many2one	NA		22.9
Mtif2	ENSMUSG00000020459	MTIF2	one2one	NA		22.9
Mtif3	ENSMUSG00000016510	MTIF3	one2one	NA		22.9
Mtln	ENSMUSG00000051319	MTLN	one2one	NA		22.9
Mtm1	ENSMUSG00000031337	MTM1	one2one	NA		22.9
Mtmr1	ENSMUSG00000015214	MTMR1	one2one	NA		22.9
Mtmr10	ENSMUSG00000030522	MTMR10	one2one	NA		22.9
Mtmr11	ENSMUSG00000045934	MTMR11	one2one	NA		22.9
Mtmr12	ENSMUSG00000039458	MTMR12	one2one	NA		22.9
Mtmr14	ENSMUSG00000030269	MTMR14	one2one	NA		22.9
Mtmr2	ENSMUSG00000031918	MTMR2	one2one	NA		22.9
Mtmr3	ENSMUSG00000034354	MTMR3	one2one	NA		22.9
Mtmr4	ENSMUSG00000018401	MTMR4	one2one	NA		22.9
Mtmr6	ENSMUSG00000021987	MTMR6	one2one	NA		22.9
Mtmr7	ENSMUSG00000039431	MTMR7	one2one	NA		22.9
Mtmr9	ENSMUSG00000035078	MTMR9	one2one	NA		22.9
Mto1	ENSMUSG00000032342	MTO1	one2one	NA		22.9
Mtor	ENSMUSG00000028991	MTOR	one2one	NA		22.9
Mtpap	ENSMUSG00000024234	MTPAP	one2one	NA		22.9
Mtpn	ENSMUSG00000029840	MTPN	one2one	NA		22.9
Mtr	ENSMUSG00000021311	MTR	one2one	NA		22.9
Mtres1	ENSMUSG00000019797	MTRES1	one2one	NA		22.9
Mtrex	ENSMUSG00000016018	MTREX	one2one	NA		22.9
Mtrf1	ENSMUSG00000022022	MTRF1	one2one	NA		22.9
Mtrf1l	ENSMUSG00000019774	MTRF1L	one2one	NA		22.9
Mtrr	ENSMUSG00000034617	MTRR	one2one	NA		22.9
Mtss1	ENSMUSG00000022353	MTSS1	one2one	NA		22.9
Mtss2	ENSMUSG00000033763	MTSS2	one2one	NA		22.9
Mttp	ENSMUSG00000028158	MTTP	one2one	NA		22.9
Mturn	ENSMUSG00000038065	MTURN	one2one	NA		22.9
Mtus1	ENSMUSG00000045636	MTUS1	one2one	NA		22.9
Mtus2	ENSMUSG00000029651	MTUS2	one2one	NA		22.9
Mtx1	ENSMUSG00000064068	MTX1	one2one	NA		22.9
Mtx2	ENSMUSG00000027099	MTX2	one2one	NA		22.9
Mtx3	ENSMUSG00000021704	MTX3	one2one	NA		22.9
Muc1	ENSMUSG00000042784	MUC1	one2one	NA		22.9
Muc13	ENSMUSG00000022824	MUC13	one2one	NA		22.9
Muc16	ENSMUSG00000109564	MUC16	one2one	NA		22.9
Muc2	ENSMUSG00000025515	MUC2	one2one	NA		22.9
Muc3a	ENSMUSG00000094840	MUC3A	one2one	NA		22.9
Muc4	ENSMUSG00000118672	MUC4	one2one	NA		22.9
Muc6	ENSMUSG00000118661	MUC6	one2one	NA		22.9
Mucl3	ENSMUSG00000073408	MUCL3	one2one	NA		22.9
Mul1	ENSMUSG00000041241	MUL1	one2one	NA		22.9
Mus81	ENSMUSG00000024906	MUS81	one2one	NA		22.9
Mustn1	ENSMUSG00000042485	MUSTN1	one2one	NA		22.9
Mutyh	ENSMUSG00000028687	MUTYH	one2one	NA		22.9
Mvb12a	ENSMUSG00000031813	MVB12A	one2one	NA		22.9
Mvb12b	ENSMUSG00000038740	MVB12B	one2one	NA		22.9
Mvd	ENSMUSG00000006517	MVD	one2one	NA		22.9
Mvk	ENSMUSG00000041939	MVK	one2one	NA		22.9
Mvp	ENSMUSG00000030681	MVP	one2one	NA		22.9
Mx1	ENSMUSG00000000386	MX1	many2one	NA		22.9
Mx2	ENSMUSG00000023341	MX1	many2one	NA		22.9
Mxd1	ENSMUSG00000001156	MXD1	one2one	NA		22.9
Mxd3	ENSMUSG00000021485	MXD3	one2one	NA		22.9
Mxd4	ENSMUSG00000037235	MXD4	one2one	NA		22.9
Mxi1	ENSMUSG00000025025	MXI1	one2one	NA		22.9
Mxra8	ENSMUSG00000029070	MXRA8	one2one	NA		22.9
Myadm	ENSMUSG00000068566	MYADM	one2one	NA		22.9
Myb	ENSMUSG00000019982	MYB	one2one	NA		22.9
Mybbp1a	ENSMUSG00000040463	MYBBP1A	one2one	NA		22.9
Mybl1	ENSMUSG00000025912	MYBL1	one2one	NA		22.9
Mybl2	ENSMUSG00000017861	MYBL2	one2one	NA		22.9
Myc	ENSMUSG00000022346	MYC	one2one	NA		22.9
Mycbp	ENSMUSG00000028647	MYCBP	one2one	NA		22.9
Mycbp2	ENSMUSG00000033004	MYCBP2	one2one	NA		22.9
Mycl	ENSMUSG00000028654	MYCL	one2one	NA		22.9
Mycn	ENSMUSG00000037169	MYCN	one2one	NA		22.9
Myd88	ENSMUSG00000032508	MYD88	one2one	NA		22.9
Mydgf	ENSMUSG00000019579	MYDGF	one2one	NA		22.9
Myef2	ENSMUSG00000027201	MYEF2	many2one	NA		22.9
Myg1	ENSMUSG00000001285	MYG1	one2one	NA		22.9
Myh10	ENSMUSG00000020900	MYH10	one2one	NA		22.9
Myh11	ENSMUSG00000018830	MYH11	one2one	NA		22.9
Myh15	ENSMUSG00000092009	MYH15	one2one	NA		22.9
Myh3	ENSMUSG00000020908	MYH3	one2one	NA		22.9
Myh7	ENSMUSG00000053093	MYH7	one2one	NA		22.9
Myh7b	ENSMUSG00000074652	MYH7B	one2one	NA		22.9
Myh9	ENSMUSG00000022443	MYH9	one2one	NA		22.9
Myl10	ENSMUSG00000005474	MYL10	one2one	NA		22.9
Myl12a	ENSMUSG00000024048	MYL12A	one2one	NA		22.9
Myl12b	ENSMUSG00000034868	MYL12B	one2one	NA		22.9
Myl2	ENSMUSG00000013936	MYL2	one2one	NA		22.9
Myl4	ENSMUSG00000061086	MYL4	one2one	NA		22.9
Myl6	ENSMUSG00000090841	MYL6	one2one	NA		22.9
Myl6b	ENSMUSG00000039824	MYL6B	one2one	NA		22.9
Mylip	ENSMUSG00000038175	MYLIP	one2one	NA		22.9
Mylk	ENSMUSG00000022836	MYLK	one2one	NA		22.9
Mylk2	ENSMUSG00000027470	MYLK2	one2one	NA		22.9
Mylpf	ENSMUSG00000030672	MYL11	one2one	NA		22.9
Mynn	ENSMUSG00000037730	MYNN	one2one	NA		22.9
Myo10	ENSMUSG00000022272	MYO10	one2one	NA		22.9
Myo15	ENSMUSG00000042678	MYO15A	one2one	Myo15a	org.Mm.eg.db	22.9
Myo15b	ENSMUSG00000034427	MYO15B	one2one	NA		22.9
Myo16	ENSMUSG00000039057	MYO16	one2one	NA		22.9
Myo18a	ENSMUSG00000000631	MYO18A	one2one	NA		22.9
Myo19	ENSMUSG00000020527	MYO19	one2one	NA		22.9
Myo1a	ENSMUSG00000025401	MYO1A	one2one	NA		22.9
Myo1b	ENSMUSG00000018417	MYO1B	one2one	NA		22.9
Myo1c	ENSMUSG00000017774	MYO1C	one2one	NA		22.9
Myo1d	ENSMUSG00000035441	MYO1D	one2one	NA		22.9
Myo1e	ENSMUSG00000032220	MYO1E	one2one	NA		22.9
Myo1f	ENSMUSG00000024300	MYO1F	one2one	NA		22.9
Myo1g	ENSMUSG00000020437	MYO1G	one2one	NA		22.9
Myo1h	ENSMUSG00000066952	MYO1H	one2one	NA		22.9
Myo3b	ENSMUSG00000042064	MYO3B	one2one	NA		22.9
Myo5a	ENSMUSG00000034593	MYO5A	one2one	NA		22.9
Myo5b	ENSMUSG00000025885	MYO5B	one2one	NA		22.9
Myo5c	ENSMUSG00000033590	MYO5C	one2one	NA		22.9
Myo6	ENSMUSG00000033577	MYO6	one2one	NA		22.9
Myo7a	ENSMUSG00000030761	MYO7A	one2one	NA		22.9
Myo9a	ENSMUSG00000039585	MYO9A	one2one	NA		22.9
Myo9b	ENSMUSG00000004677	MYO9B	one2one	NA		22.9
Myof	ENSMUSG00000048612	MYOF	one2one	NA		22.9
Myom1	ENSMUSG00000024049	MYOM1	one2one	NA		22.9
Myorg	ENSMUSG00000046312	MYORG	one2one	NA		22.9
Mypop	ENSMUSG00000048481	MYPOP	one2one	NA		22.9
Myrf	ENSMUSG00000036098	MYRF	one2one	NA		22.9
Myrfl	ENSMUSG00000034057	MYRFL	one2one	NA		22.9
Myrip	ENSMUSG00000041794	MYRIP	one2one	NA		22.9
Mysm1	ENSMUSG00000062627	MYSM1	one2one	NA		22.9
Myzap	ENSMUSG00000041361	MYZAP	one2one	NA		22.9
Mzb1	ENSMUSG00000024353	MZB1	one2one	NA		22.9
Mzf1	ENSMUSG00000030380	MZF1	one2one	NA		22.9
Mzt1	ENSMUSG00000033186	MZT1	one2one	NA		22.9
Mzt2	ENSMUSG00000022671	MZT2A	one2one	NA		22.9
N4bp1	ENSMUSG00000031652	N4BP1	one2one	NA		22.9
N4bp2	ENSMUSG00000037795	N4BP2	one2one	NA		22.9
N4bp2l1	ENSMUSG00000041132	N4BP2L1	one2one	NA		22.9
N4bp2l2	ENSMUSG00000029655	N4BP2L2	one2one	NA		22.9
N4bp3	ENSMUSG00000001053	N4BP3	one2one	NA		22.9
N6amt1	ENSMUSG00000044442	N6AMT1	one2one	NA		22.9
Naa10	ENSMUSG00000031388	NAA10	one2one	NA		22.9
Naa15	ENSMUSG00000063273	NAA15	one2one	NA		22.9
Naa16	ENSMUSG00000022020	NAA16	one2one	NA		22.9
Naa20	ENSMUSG00000002728	NAA20	one2one	NA		22.9
Naa25	ENSMUSG00000042719	NAA25	one2one	NA		22.9
Naa30	ENSMUSG00000036282	NAA30	one2one	NA		22.9
Naa35	ENSMUSG00000021555	NAA35	one2one	NA		22.9
Naa38	ENSMUSG00000059278	NAA38	one2one	NA		22.9
Naa40	ENSMUSG00000024764	NAA40	one2one	NA		22.9
Naa50	ENSMUSG00000022698	NAA50	one2one	NA		22.9
Naa60	ENSMUSG00000005982	NAA60	one2one	NA		22.9
Naa80	ENSMUSG00000079334	NAA80	one2one	NA		22.9
Naaa	ENSMUSG00000029413	NAAA	one2one	NA		22.9
Naalad2	ENSMUSG00000043943	NAALAD2	one2one	NA		22.9
Naaladl1	ENSMUSG00000054999	NAALADL1	one2one	NA		22.9
Nab1	ENSMUSG00000002881	NAB1	one2one	NA		22.9
Nab2	ENSMUSG00000025402	NAB2	one2one	NA		22.9
Nabp1	ENSMUSG00000026107	NABP1	one2one	NA		22.9
Nabp2	ENSMUSG00000025374	NABP2	one2one	NA		22.9
Naca	ENSMUSG00000061315	NACA	one2one	NA		22.9
Nacad	ENSMUSG00000041073	NACAD	one2one	NA		22.9
Nacc1	ENSMUSG00000001910	NACC1	one2one	NA		22.9
Nacc2	ENSMUSG00000026932	NACC2	one2one	NA		22.9
Nadk	ENSMUSG00000029063	NADK	one2one	NA		22.9
Nadk2	ENSMUSG00000022253	NADK2	one2one	NA		22.9
Nadsyn1	ENSMUSG00000031090	NADSYN1	one2one	NA		22.9
Nae1	ENSMUSG00000031878	NAE1	one2one	NA		22.9
Naf1	ENSMUSG00000014907	NAF1	one2one	NA		22.9
Naga	ENSMUSG00000022453	NAGA	one2one	NA		22.9
Nagk	ENSMUSG00000034744	NAGK	one2one	NA		22.9
Naglu	ENSMUSG00000001751	NAGLU	one2one	NA		22.9
Nagpa	ENSMUSG00000023143	NAGPA	one2one	NA		22.9
Naif1	ENSMUSG00000039164	NAIF1	one2one	NA		22.9
Naip2	ENSMUSG00000078945	NAIP	many2one	NA		22.9
Naip5	ENSMUSG00000071203	NAIP	many2one	NA		22.9
Naip6	ENSMUSG00000078942	NAIP	many2one	NA		22.9
Nampt	ENSMUSG00000020572	NAMPT	one2one	NA		22.9
Nanos1	ENSMUSG00000072437	NANOS1	one2one	NA		22.9
Nanos3	ENSMUSG00000056155	NANOS3	one2one	NA		22.9
Nanp	ENSMUSG00000053916	NANP	one2one	NA		22.9
Nans	ENSMUSG00000028334	NANS	one2one	NA		22.9
Nap1l1	ENSMUSG00000058799	NAP1L1	one2one	NA		22.9
Nap1l4	ENSMUSG00000059119	NAP1L4	one2one	NA		22.9
Nap1l5	ENSMUSG00000055430	NAP1L5	one2one	NA		22.9
Napa	ENSMUSG00000006024	NAPA	one2one	NA		22.9
Napb	ENSMUSG00000027438	NAPB	one2one	NA		22.9
Napepld	ENSMUSG00000044968	NAPEPLD	one2one	NA		22.9
Napg	ENSMUSG00000024581	NAPG	one2one	NA		22.9
Naprt	ENSMUSG00000022574	NAPRT	one2one	NA		22.9
Napsa	ENSMUSG00000002204	NAPSA	one2one	NA		22.9
Narf	ENSMUSG00000000056	NARF	one2one	NA		22.9
Nars	ENSMUSG00000024587	NARS1	one2one	NA		22.9
Nars2	ENSMUSG00000018995	NARS2	one2one	NA		22.9
Nasp	ENSMUSG00000028693	NASP	one2one	NA		22.9
Nat10	ENSMUSG00000027185	NAT10	one2one	NA		22.9
Nat14	ENSMUSG00000035285	NAT14	one2one	NA		22.9
Nat2	ENSMUSG00000051147	NAT1	one2one	NA		22.9
Nat8f1	ENSMUSG00000057103	NAT8	many2one	NA		22.9
Nat8f4	ENSMUSG00000068299	NAT8	many2one	NA		22.9
Nat8l	ENSMUSG00000048142	NAT8L	one2one	NA		22.9
Nat9	ENSMUSG00000015542	NAT9	one2one	NA		22.9
Natd1	ENSMUSG00000018931	NATD1	one2one	NA		22.9
Nav1	ENSMUSG00000009418	NAV1	one2one	NA		22.9
Nav2	ENSMUSG00000052512	NAV2	one2one	NA		22.9
Naxd	ENSMUSG00000031505	NAXD	one2one	NA		22.9
Naxe	ENSMUSG00000028070	NAXE	one2one	NA		22.9
Nbas	ENSMUSG00000020576	NBAS	one2one	NA		22.9
Nbdy	ENSMUSG00000086316	NBDY	one2one	NA		22.9
Nbea	ENSMUSG00000027799	NBEA	one2one	NA		22.9
Nbeal1	ENSMUSG00000073664	NBEAL1	one2one	NA		22.9
Nbeal2	ENSMUSG00000056724	NBEAL2	one2one	NA		22.9
Nbl1	ENSMUSG00000041120	NBL1	one2one	NA		22.9
Nbn	ENSMUSG00000028224	NBN	one2one	NA		22.9
Nbr1	ENSMUSG00000017119	NBR1	one2one	NA		22.9
Ncald	ENSMUSG00000051359	NCALD	one2one	NA		22.9
Ncam1	ENSMUSG00000039542	NCAM1	one2one	NA		22.9
Ncapd2	ENSMUSG00000038252	NCAPD2	one2one	NA		22.9
Ncapd3	ENSMUSG00000035024	NCAPD3	one2one	NA		22.9
Ncapg	ENSMUSG00000015880	NCAPG	one2one	NA		22.9
Ncapg2	ENSMUSG00000042029	NCAPG2	one2one	NA		22.9
Ncaph	ENSMUSG00000034906	NCAPH	one2one	NA		22.9
Ncaph2	ENSMUSG00000008690	NCAPH2	one2one	NA		22.9
Ncbp1	ENSMUSG00000028330	NCBP1	one2one	NA		22.9
Ncbp2	ENSMUSG00000022774	NCBP2	one2one	NA		22.9
Ncbp3	ENSMUSG00000020783	NCBP3	one2one	NA		22.9
Ncdn	ENSMUSG00000028833	NCDN	one2one	NA		22.9
Nceh1	ENSMUSG00000027698	NCEH1	one2one	NA		22.9
Ncf1	ENSMUSG00000015950	NCF1	one2one	NA		22.9
Ncf2	ENSMUSG00000026480	NCF2	one2one	NA		22.9
Ncf4	ENSMUSG00000071715	NCF4	one2one	NA		22.9
Nck1	ENSMUSG00000032475	NCK1	one2one	NA		22.9
Nck2	ENSMUSG00000066877	NCK2	one2one	NA		22.9
Nckap1	ENSMUSG00000027002	NCKAP1	one2one	NA		22.9
Nckap1l	ENSMUSG00000022488	NCKAP1L	one2one	NA		22.9
Nckap5l	ENSMUSG00000023009	NCKAP5L	one2one	NA		22.9
Nckipsd	ENSMUSG00000032598	NCKIPSD	one2one	NA		22.9
Ncl	ENSMUSG00000026234	NCL	one2one	NA		22.9
Ncln	ENSMUSG00000020238	NCLN	one2one	NA		22.9
Ncmap	ENSMUSG00000043924	NCMAP	one2one	NA		22.9
Ncoa1	ENSMUSG00000020647	NCOA1	one2one	NA		22.9
Ncoa2	ENSMUSG00000005886	NCOA2	one2one	NA		22.9
Ncoa3	ENSMUSG00000027678	NCOA3	one2one	NA		22.9
Ncoa4	ENSMUSG00000056234	NCOA4	one2one	NA		22.9
Ncoa5	ENSMUSG00000039804	NCOA5	one2one	NA		22.9
Ncoa6	ENSMUSG00000038369	NCOA6	one2one	NA		22.9
Ncoa7	ENSMUSG00000039697	NCOA7	one2one	NA		22.9
Ncor1	ENSMUSG00000018501	NCOR1	one2one	NA		22.9
Ncor2	ENSMUSG00000029478	NCOR2	one2one	NA		22.9
Ncs1	ENSMUSG00000062661	NCS1	one2one	NA		22.9
Ncstn	ENSMUSG00000003458	NCSTN	one2one	NA		22.9
Ndc1	ENSMUSG00000028614	NDC1	one2one	NA		22.9
Ndc80	ENSMUSG00000024056	NDC80	one2one	NA		22.9
Nde1	ENSMUSG00000022678	NDE1	one2one	NA		22.9
Ndel1	ENSMUSG00000018736	NDEL1	one2one	NA		22.9
Ndfip1	ENSMUSG00000024425	NDFIP1	one2one	NA		22.9
Ndfip2	ENSMUSG00000053253	NDFIP2	one2one	NA		22.9
Ndnf	ENSMUSG00000049001	NDNF	one2one	NA		22.9
Ndor1	ENSMUSG00000006471	NDOR1	one2one	NA		22.9
Ndrg1	ENSMUSG00000005125	NDRG1	one2one	NA		22.9
Ndrg2	ENSMUSG00000004558	NDRG2	one2one	NA		22.9
Ndrg3	ENSMUSG00000027634	NDRG3	one2one	NA		22.9
Ndrg4	ENSMUSG00000036564	NDRG4	one2one	NA		22.9
Ndst1	ENSMUSG00000054008	NDST1	one2one	NA		22.9
Ndst2	ENSMUSG00000039308	NDST2	one2one	NA		22.9
Ndst3	ENSMUSG00000027977	NDST3	one2one	NA		22.9
Ndufa1	ENSMUSG00000016427	NDUFA1	one2one	NA		22.9
Ndufa10	ENSMUSG00000026260	NDUFA10	one2one	NA		22.9
Ndufa11	ENSMUSG00000002379	NDUFA11	one2one	NA		22.9
Ndufa12	ENSMUSG00000020022	NDUFA12	one2one	NA		22.9
Ndufa13	ENSMUSG00000036199	NDUFA13	one2one	NA		22.9
Ndufa2	ENSMUSG00000014294	NDUFA2	one2one	NA		22.9
Ndufa3	ENSMUSG00000035674	NDUFA3	one2one	NA		22.9
Ndufa4	ENSMUSG00000029632	NDUFA4	one2one	NA		22.9
Ndufa5	ENSMUSG00000023089	NDUFA5	one2one	NA		22.9
Ndufa6	ENSMUSG00000022450	NDUFA6	one2one	NA		22.9
Ndufa7	ENSMUSG00000041881	NDUFA7	one2one	NA		22.9
Ndufa8	ENSMUSG00000026895	NDUFA8	one2one	NA		22.9
Ndufa9	ENSMUSG00000000399	NDUFA9	one2one	NA		22.9
Ndufab1	ENSMUSG00000030869	NDUFAB1	one2one	NA		22.9
Ndufaf1	ENSMUSG00000027305	NDUFAF1	one2one	NA		22.9
Ndufaf2	ENSMUSG00000068184	NDUFAF2	one2one	NA		22.9
Ndufaf3	ENSMUSG00000070283	NDUFAF3	one2one	NA		22.9
Ndufaf4	ENSMUSG00000028261	NDUFAF4	one2one	NA		22.9
Ndufaf5	ENSMUSG00000027384	NDUFAF5	one2one	NA		22.9
Ndufaf6	ENSMUSG00000050323	NDUFAF6	one2one	NA		22.9
Ndufaf7	ENSMUSG00000024082	NDUFAF7	one2one	NA		22.9
Ndufaf8	ENSMUSG00000078572	NDUFAF8	one2one	NA		22.9
Ndufb10	ENSMUSG00000040048	NDUFB10	one2one	NA		22.9
Ndufb11	ENSMUSG00000031059	NDUFB11	one2one	NA		22.9
Ndufb2	ENSMUSG00000002416	NDUFB2	one2one	NA		22.9
Ndufb3	ENSMUSG00000026032	NDUFB3	one2one	NA		22.9
Ndufb4	ENSMUSG00000022820	NDUFB4	one2one	NA		22.9
Ndufb5	ENSMUSG00000027673	NDUFB5	one2one	NA		22.9
Ndufb6	ENSMUSG00000071014	NDUFB6	one2one	NA		22.9
Ndufb7	ENSMUSG00000033938	NDUFB7	one2one	NA		22.9
Ndufb8	ENSMUSG00000025204	NDUFB8	one2one	NA		22.9
Ndufb9	ENSMUSG00000022354	NDUFB9	one2one	NA		22.9
Ndufc1	ENSMUSG00000037152	NDUFC1	one2one	NA		22.9
Ndufc2	ENSMUSG00000030647	NDUFC2	one2one	NA		22.9
Ndufs1	ENSMUSG00000025968	NDUFS1	one2one	NA		22.9
Ndufs2	ENSMUSG00000013593	NDUFS2	one2one	NA		22.9
Ndufs3	ENSMUSG00000005510	NDUFS3	one2one	NA		22.9
Ndufs4	ENSMUSG00000021764	NDUFS4	one2one	NA		22.9
Ndufs5	ENSMUSG00000028648	NDUFS5	one2one	NA		22.9
Ndufs6	ENSMUSG00000021606	NDUFS6	one2one	NA		22.9
Ndufs7	ENSMUSG00000020153	NDUFS7	one2one	NA		22.9
Ndufs8	ENSMUSG00000059734	NDUFS8	one2one	NA		22.9
Ndufv1	ENSMUSG00000037916	NDUFV1	one2one	NA		22.9
Ndufv2	ENSMUSG00000024099	NDUFV2	one2one	NA		22.9
Ndufv3	ENSMUSG00000024038	NDUFV3	one2one	NA		22.9
Neb	ENSMUSG00000026950	NEB	one2one	NA		22.9
Nebl	ENSMUSG00000053702	NEBL	one2one	NA		22.9
Necab3	ENSMUSG00000027489	NECAB3	one2one	NA		22.9
Necap1	ENSMUSG00000030327	NECAP1	one2one	NA		22.9
Necap2	ENSMUSG00000028923	NECAP2	one2one	NA		22.9
Nectin1	ENSMUSG00000032012	NECTIN1	one2one	NA		22.9
Nectin2	ENSMUSG00000062300	NECTIN2	one2one	NA		22.9
Nectin3	ENSMUSG00000022656	NECTIN3	one2one	NA		22.9
Nectin4	ENSMUSG00000006411	NECTIN4	one2one	NA		22.9
Nedd1	ENSMUSG00000019988	NEDD1	one2one	NA		22.9
Nedd4	ENSMUSG00000032216	NEDD4	one2one	NA		22.9
Nedd4l	ENSMUSG00000024589	NEDD4L	one2one	NA		22.9
Nedd8	ENSMUSG00000010376	NEDD8	one2one	NA		22.9
Nedd9	ENSMUSG00000021365	NEDD9	one2one	NA		22.9
Nefh	ENSMUSG00000020396	NEFH	one2one	NA		22.9
Neil1	ENSMUSG00000032298	NEIL1	one2one	NA		22.9
Neil2	ENSMUSG00000035121	NEIL2	one2one	NA		22.9
Neil3	ENSMUSG00000039396	NEIL3	one2one	NA		22.9
Nek1	ENSMUSG00000031644	NEK1	one2one	NA		22.9
Nek10	ENSMUSG00000042567	NEK10	one2one	NA		22.9
Nek11	ENSMUSG00000035032	NEK11	one2one	NA		22.9
Nek2	ENSMUSG00000026622	NEK2	one2one	NA		22.9
Nek3	ENSMUSG00000031478	NEK3	one2one	NA		22.9
Nek4	ENSMUSG00000021918	NEK4	one2one	NA		22.9
Nek6	ENSMUSG00000026749	NEK6	one2one	NA		22.9
Nek7	ENSMUSG00000026393	NEK7	one2one	NA		22.9
Nek8	ENSMUSG00000017405	NEK8	one2one	NA		22.9
Nek9	ENSMUSG00000034290	NEK9	one2one	NA		22.9
Nelfa	ENSMUSG00000029111	NELFA	one2one	NA		22.9
Nelfb	ENSMUSG00000013465	NELFB	one2one	NA		22.9
Nelfcd	ENSMUSG00000016253	NELFCD	one2one	NA		22.9
Nelfe	ENSMUSG00000024369	NELFE	one2one	NA		22.9
Nemf	ENSMUSG00000020982	NEMF	one2one	NA		22.9
Nemp1	ENSMUSG00000040195	NEMP1	one2one	NA		22.9
Nemp2	ENSMUSG00000043015	NEMP2	one2one	NA		22.9
Nenf	ENSMUSG00000037499	NENF	one2one	NA		22.9
Neo1	ENSMUSG00000032340	NEO1	one2one	NA		22.9
Nepro	ENSMUSG00000036208	NEPRO	one2one	NA		22.9
Nes	ENSMUSG00000004891	NES	one2one	NA		22.9
Net1	ENSMUSG00000021215	NET1	one2one	NA		22.9
Neto1	ENSMUSG00000050321	NETO1	one2one	NA		22.9
Neto2	ENSMUSG00000036902	NETO2	one2one	NA		22.9
Neu1	ENSMUSG00000007038	NEU1	one2one	NA		22.9
Neu3	ENSMUSG00000035239	NEU3	one2one	NA		22.9
Neurl1a	ENSMUSG00000006435	NEURL1	one2one	NA		22.9
Neurl1b	ENSMUSG00000034413	NEURL1B	one2one	NA		22.9
Neurl2	ENSMUSG00000039873	NEURL2	one2one	NA		22.9
Neurl3	ENSMUSG00000047180	NEURL3	one2one	NA		22.9
Neurl4	ENSMUSG00000047284	NEURL4	one2one	NA		22.9
Nexmif	ENSMUSG00000046449	NEXMIF	one2one	NA		22.9
Nexn	ENSMUSG00000039103	NEXN	one2one	NA		22.9
Nf1	ENSMUSG00000020716	NF1	one2one	NA		22.9
Nf2	ENSMUSG00000009073	NF2	one2one	NA		22.9
Nfat5	ENSMUSG00000003847	NFAT5	one2one	NA		22.9
Nfatc1	ENSMUSG00000033016	NFATC1	one2one	NA		22.9
Nfatc2	ENSMUSG00000027544	NFATC2	one2one	NA		22.9
Nfatc2ip	ENSMUSG00000030722	NFATC2IP	one2one	NA		22.9
Nfatc3	ENSMUSG00000031902	NFATC3	one2one	NA		22.9
Nfatc4	ENSMUSG00000023411	NFATC4	one2one	NA		22.9
Nfe2	ENSMUSG00000058794	NFE2	one2one	NA		22.9
Nfe2l1	ENSMUSG00000038615	NFE2L1	one2one	NA		22.9
Nfe2l2	ENSMUSG00000015839	NFE2L2	one2one	NA		22.9
Nfe2l3	ENSMUSG00000029832	NFE2L3	one2one	NA		22.9
Nfia	ENSMUSG00000028565	NFIA	one2one	NA		22.9
Nfic	ENSMUSG00000055053	NFIC	one2one	NA		22.9
Nfil3	ENSMUSG00000056749	NFIL3	one2one	NA		22.9
Nfix	ENSMUSG00000001911	NFIX	one2one	NA		22.9
Nfkb1	ENSMUSG00000028163	NFKB1	one2one	NA		22.9
Nfkb2	ENSMUSG00000025225	NFKB2	one2one	NA		22.9
Nfkbia	ENSMUSG00000021025	NFKBIA	one2one	NA		22.9
Nfkbib	ENSMUSG00000030595	NFKBIB	one2one	NA		22.9
Nfkbid	ENSMUSG00000036931	NFKBID	one2one	NA		22.9
Nfkbie	ENSMUSG00000023947	NFKBIE	one2one	NA		22.9
Nfkbil1	ENSMUSG00000042419	NFKBIL1	one2one	NA		22.9
Nfkbiz	ENSMUSG00000035356	NFKBIZ	one2one	NA		22.9
Nfrkb	ENSMUSG00000042185	NFRKB	one2one	NA		22.9
Nfs1	ENSMUSG00000027618	NFS1	one2one	NA		22.9
Nfu1	ENSMUSG00000029993	NFU1	one2one	NA		22.9
Nfx1	ENSMUSG00000028423	NFX1	one2one	NA		22.9
Nfxl1	ENSMUSG00000072889	NFXL1	one2one	NA		22.9
Nfya	ENSMUSG00000023994	NFYA	one2one	NA		22.9
Nfyb	ENSMUSG00000020248	NFYB	one2one	NA		22.9
Nfyc	ENSMUSG00000032897	NFYC	one2one	NA		22.9
Ngb	ENSMUSG00000021032	NGB	one2one	NA		22.9
Ngdn	ENSMUSG00000022204	NGDN	one2one	NA		22.9
Ngef	ENSMUSG00000026259	NGEF	one2one	NA		22.9
Ngf	ENSMUSG00000027859	NGF	one2one	NA		22.9
Ngfr	ENSMUSG00000000120	NGFR	one2one	NA		22.9
Ngly1	ENSMUSG00000021785	NGLY1	one2one	NA		22.9
Ngrn	ENSMUSG00000047084	NGRN	one2one	NA		22.9
Nhej1	ENSMUSG00000026162	NHEJ1	one2one	NA		22.9
Nhlrc1	ENSMUSG00000044231	NHLRC1	one2one	NA		22.9
Nhlrc2	ENSMUSG00000025078	NHLRC2	one2one	NA		22.9
Nhlrc3	ENSMUSG00000042997	NHLRC3	one2one	NA		22.9
Nhp2	ENSMUSG00000001056	NHP2	one2one	NA		22.9
Nhs	ENSMUSG00000059493	NHS	one2one	NA		22.9
Nhsl1	ENSMUSG00000039835	NHSL1	one2one	NA		22.9
Nhsl2	ENSMUSG00000079481	NHSL2	one2one	NA		22.9
Nicn1	ENSMUSG00000032606	NICN1	one2one	NA		22.9
Nid1	ENSMUSG00000005397	NID1	one2one	NA		22.9
Nid2	ENSMUSG00000021806	NID2	one2one	NA		22.9
Nif3l1	ENSMUSG00000026036	NIF3L1	one2one	NA		22.9
Nifk	ENSMUSG00000026377	NIFK	one2one	NA		22.9
Nim1k	ENSMUSG00000095930	NIM1K	one2one	NA		22.9
Nin	ENSMUSG00000021068	NIN	one2one	NA		22.9
Ninj1	ENSMUSG00000037966	NINJ1	one2one	NA		22.9
Ninj2	ENSMUSG00000041377	NINJ2	one2one	NA		22.9
Ninl	ENSMUSG00000068115	NINL	one2one	NA		22.9
Nip7	ENSMUSG00000031917	NIP7	one2one	NA		22.9
Nipa1	ENSMUSG00000047037	NIPA1	one2one	NA		22.9
Nipa2	ENSMUSG00000030452	NIPA2	one2one	NA		22.9
Nipal1	ENSMUSG00000067219	NIPAL1	one2one	NA		22.9
Nipal3	ENSMUSG00000028803	NIPAL3	one2one	NA		22.9
Nipal4	ENSMUSG00000020411	NIPAL4	one2one	NA		22.9
Nipbl	ENSMUSG00000022141	NIPBL	one2one	NA		22.9
Nipsnap1	ENSMUSG00000034285	NIPSNAP1	one2one	NA		22.9
Nipsnap2	ENSMUSG00000029432	NIPSNAP2	one2one	NA		22.9
Nipsnap3b	ENSMUSG00000015247	NIPSNAP3A	one2one	NA		22.9
Nisch	ENSMUSG00000021910	NISCH	one2one	NA		22.9
Nit1	ENSMUSG00000013997	NIT1	one2one	NA		22.9
Nit2	ENSMUSG00000022751	NIT2	one2one	NA		22.9
Nkain1	ENSMUSG00000078532	NKAIN1	one2one	NA		22.9
Nkap	ENSMUSG00000016409	NKAP	one2one	NA		22.9
Nkapd1	ENSMUSG00000059820	NKAPD1	one2one	NA		22.9
Nkapl	ENSMUSG00000059395	NKAPL	one2one	NA		22.9
Nkd1	ENSMUSG00000031661	NKD1	one2one	NA		22.9
Nkd2	ENSMUSG00000021567	NKD2	one2one	NA		22.9
Nkg7	ENSMUSG00000004612	NKG7	one2one	NA		22.9
Nkiras1	ENSMUSG00000021772	NKIRAS1	one2one	NA		22.9
Nkiras2	ENSMUSG00000017837	NKIRAS2	one2one	NA		22.9
Nkpd1	ENSMUSG00000060621	NKPD1	one2one	NA		22.9
Nkrf	ENSMUSG00000044149	NKRF	one2one	NA		22.9
Nktr	ENSMUSG00000032525	NKTR	one2one	NA		22.9
Nkx3-2	ENSMUSG00000049691	NKX3-2	one2one	NA		22.9
Nle1	ENSMUSG00000020692	NLE1	one2one	NA		22.9
Nlgn2	ENSMUSG00000051790	NLGN2	one2one	NA		22.9
Nlgn3	ENSMUSG00000031302	NLGN3	one2one	NA		22.9
Nlk	ENSMUSG00000017376	NLK	one2one	NA		22.9
Nln	ENSMUSG00000021710	NLN	one2one	NA		22.9
Nlrc3	ENSMUSG00000049871	NLRC3	one2one	NA		22.9
Nlrc4	ENSMUSG00000039193	NLRC4	one2one	NA		22.9
Nlrc5	ENSMUSG00000074151	NLRC5	one2one	NA		22.9
Nlrp10	ENSMUSG00000049709	NLRP10	one2one	NA		22.9
Nlrp1a	ENSMUSG00000069830	NLRP1	many2one	NA		22.9
Nlrp1b	ENSMUSG00000070390	NLRP1	many2one	NA		22.9
Nlrp3	ENSMUSG00000032691	NLRP3	one2one	NA		22.9
Nlrp6	ENSMUSG00000038745	NLRP6	one2one	NA		22.9
Nlrx1	ENSMUSG00000032109	NLRX1	one2one	NA		22.9
Nmb	ENSMUSG00000025723	NMB	one2one	NA		22.9
Nmd3	ENSMUSG00000027787	NMD3	one2one	NA		22.9
Nme1	ENSMUSG00000037601	NME1	one2one	NA		22.9
Nme2	ENSMUSG00000020857	NME2	one2one	NA		22.9
Nme4	ENSMUSG00000024177	NME4	one2one	NA		22.9
Nme6	ENSMUSG00000032478	NME6	one2one	NA		22.9
Nme7	ENSMUSG00000026575	NME7	one2one	NA		22.9
Nmi	ENSMUSG00000026946	NMI	one2one	NA		22.9
Nmnat1	ENSMUSG00000028992	NMNAT1	one2one	NA		22.9
Nmnat2	ENSMUSG00000042751	NMNAT2	one2one	NA		22.9
Nmnat3	ENSMUSG00000032456	NMNAT3	one2one	NA		22.9
Nmral1	ENSMUSG00000063445	NMRAL1	one2one	NA		22.9
Nmrk1	ENSMUSG00000037847	NMRK1	one2one	NA		22.9
Nmt1	ENSMUSG00000020936	NMT1	one2one	NA		22.9
Nmt2	ENSMUSG00000026643	NMT2	one2one	NA		22.9
Nnat	ENSMUSG00000067786	NNAT	one2one	NA		22.9
Nnt	ENSMUSG00000025453	NNT	one2one	NA		22.9
Noa1	ENSMUSG00000036285	NOA1	one2one	NA		22.9
Nob1	ENSMUSG00000003848	NOB1	one2one	NA		22.9
Noc2l	ENSMUSG00000095567	NOC2L	one2one	NA		22.9
Noc3l	ENSMUSG00000024999	NOC3L	one2one	NA		22.9
Noc4l	ENSMUSG00000033294	NOC4L	one2one	NA		22.9
Noct	ENSMUSG00000023087	NOCT	one2one	NA		22.9
Nod1	ENSMUSG00000038058	NOD1	one2one	NA		22.9
Nod2	ENSMUSG00000055994	NOD2	one2one	NA		22.9
Nol10	ENSMUSG00000061458	NOL10	one2one	NA		22.9
Nol11	ENSMUSG00000018433	NOL11	one2one	NA		22.9
Nol12	ENSMUSG00000033099	NOL12	one2one	NA		22.9
Nol3	ENSMUSG00000014776	NOL3	one2one	NA		22.9
Nol4l	ENSMUSG00000061411	NOL4L	one2one	NA		22.9
Nol6	ENSMUSG00000028430	NOL6	one2one	NA		22.9
Nol7	ENSMUSG00000063200	NOL7	one2one	NA		22.9
Nol8	ENSMUSG00000021392	NOL8	one2one	NA		22.9
Nol9	ENSMUSG00000028948	NOL9	one2one	NA		22.9
Nolc1	ENSMUSG00000015176	NOLC1	one2one	NA		22.9
Nom1	ENSMUSG00000001569	NOM1	one2one	NA		22.9
Nomo1	ENSMUSG00000030835	NOMO1	one2many	NA		22.9
Nomo1	ENSMUSG00000030835	NOMO2	one2many	NA		22.9
Nono	ENSMUSG00000031311	NONO	one2one	NA		22.9
Nop10	ENSMUSG00000027133	NOP10	one2one	NA		22.9
Nop14	ENSMUSG00000036693	NOP14	one2one	NA		22.9
Nop16	ENSMUSG00000025869	NOP16	one2one	NA		22.9
Nop2	ENSMUSG00000038279	NOP2	one2one	NA		22.9
Nop53	ENSMUSG00000041560	NOP53	one2one	NA		22.9
Nop56	ENSMUSG00000027405	NOP56	one2one	NA		22.9
Nop58	ENSMUSG00000026020	NOP58	one2one	NA		22.9
Nop9	ENSMUSG00000019297	NOP9	one2one	NA		22.9
Nos1	ENSMUSG00000029361	NOS1	one2one	NA		22.9
Nos2	ENSMUSG00000020826	NOS2	one2one	NA		22.9
Nos3	ENSMUSG00000028978	NOS3	one2one	NA		22.9
Nosip	ENSMUSG00000003421	NOSIP	one2one	NA		22.9
Nostrin	ENSMUSG00000034738	NOSTRIN	one2one	NA		22.9
Notch1	ENSMUSG00000026923	NOTCH1	one2one	NA		22.9
Notch2	ENSMUSG00000027878	NOTCH2	one2one	NA		22.9
Notch3	ENSMUSG00000038146	NOTCH3	one2one	NA		22.9
Notch4	ENSMUSG00000015468	NOTCH4	one2one	NA		22.9
Nova2	ENSMUSG00000030411	NOVA2	one2one	NA		22.9
Nox1	ENSMUSG00000031257	NOX1	one2one	NA		22.9
Noxo1	ENSMUSG00000019320	NOXO1	one2one	NA		22.9
Noxred1	ENSMUSG00000072919	NOXRED1	one2one	NA		22.9
Npas1	ENSMUSG00000001988	NPAS1	one2one	NA		22.9
Npas2	ENSMUSG00000026077	NPAS2	one2one	NA		22.9
Npas4	ENSMUSG00000045903	NPAS4	one2one	NA		22.9
Npat	ENSMUSG00000033054	NPAT	one2one	NA		22.9
Npb	ENSMUSG00000044034	NPB	one2one	NA		22.9
Npc1	ENSMUSG00000024413	NPC1	one2one	NA		22.9
Npc2	ENSMUSG00000021242	NPC2	one2one	NA		22.9
Npdc1	ENSMUSG00000015094	NPDC1	one2one	NA		22.9
Npepl1	ENSMUSG00000039263	NPEPL1	one2one	NA		22.9
Npepps	ENSMUSG00000001441	NPEPPS	one2one	NA		22.9
Npff	ENSMUSG00000023052	NPFF	one2one	NA		22.9
Nphp1	ENSMUSG00000027378	NPHP1	one2one	NA		22.9
Nphp3	ENSMUSG00000032558	NPHP3	one2one	NA		22.9
Nphp4	ENSMUSG00000039577	NPHP4	one2one	NA		22.9
Npl	ENSMUSG00000042684	NPL	one2one	NA		22.9
Nploc4	ENSMUSG00000039703	NPLOC4	one2one	NA		22.9
Npm1	ENSMUSG00000057113	NPM1	one2one	NA		22.9
Npm2	ENSMUSG00000047911	NPM2	one2one	NA		22.9
Npm3	ENSMUSG00000056209	NPM3	one2one	NA		22.9
Npnt	ENSMUSG00000040998	NPNT	one2one	NA		22.9
Nppc	ENSMUSG00000026241	NPPC	one2one	NA		22.9
Npr1	ENSMUSG00000027931	NPR1	one2one	NA		22.9
Npr2	ENSMUSG00000028469	NPR2	one2one	NA		22.9
Npr3	ENSMUSG00000022206	NPR3	one2one	NA		22.9
Nprl2	ENSMUSG00000010057	NPRL2	one2one	NA		22.9
Nprl3	ENSMUSG00000020289	NPRL3	one2one	NA		22.9
Npsr1	ENSMUSG00000043659	NPSR1	one2one	NA		22.9
Nptn	ENSMUSG00000032336	NPTN	one2one	NA		22.9
Nptxr	ENSMUSG00000022421	NPTXR	one2one	NA		22.9
Npw	ENSMUSG00000071230	NPW	one2one	NA		22.9
Nqo1	ENSMUSG00000003849	NQO1	one2one	NA		22.9
Nqo2	ENSMUSG00000046949	NQO2	one2one	NA		22.9
Nr1d1	ENSMUSG00000020889	NR1D1	one2one	NA		22.9
Nr1d2	ENSMUSG00000021775	NR1D2	one2one	NA		22.9
Nr1h2	ENSMUSG00000060601	NR1H2	one2one	NA		22.9
Nr1h3	ENSMUSG00000002108	NR1H3	one2one	NA		22.9
Nr1h4	ENSMUSG00000047638	NR1H4	one2one	NA		22.9
Nr2c1	ENSMUSG00000005897	NR2C1	one2one	NA		22.9
Nr2c2	ENSMUSG00000005893	NR2C2	one2one	NA		22.9
Nr2c2ap	ENSMUSG00000071078	NR2C2AP	one2one	NA		22.9
Nr2f1	ENSMUSG00000069171	NR2F1	one2one	NA		22.9
Nr2f6	ENSMUSG00000002393	NR2F6	one2one	NA		22.9
Nr3c1	ENSMUSG00000024431	NR3C1	one2one	NA		22.9
Nr3c2	ENSMUSG00000031618	NR3C2	one2one	NA		22.9
Nr4a1	ENSMUSG00000023034	NR4A1	one2one	NA		22.9
Nr4a2	ENSMUSG00000026826	NR4A2	one2one	NA		22.9
Nr4a3	ENSMUSG00000028341	NR4A3	one2one	NA		22.9
Nr6a1	ENSMUSG00000063972	NR6A1	one2one	NA		22.9
Nrap	ENSMUSG00000049134	NRAP	one2one	NA		22.9
Nrarp	ENSMUSG00000078202	NRARP	one2one	NA		22.9
Nras	ENSMUSG00000027852	NRAS	one2one	NA		22.9
Nrbf2	ENSMUSG00000075000	NRBF2	one2one	NA		22.9
Nrbp1	ENSMUSG00000029148	NRBP1	one2one	NA		22.9
Nrbp2	ENSMUSG00000075590	NRBP2	one2one	NA		22.9
Nrcam	ENSMUSG00000020598	NRCAM	one2one	NA		22.9
Nrd1	ENSMUSG00000053510	NRDC	one2one	NA		22.9
Nrde2	ENSMUSG00000021179	NRDE2	one2one	NA		22.9
Nrep	ENSMUSG00000042834	NREP	one2one	NA		22.9
Nrf1	ENSMUSG00000058440	NRF1	one2one	NA		22.9
Nrg1	ENSMUSG00000062991	NRG1	one2one	NA		22.9
Nrg4	ENSMUSG00000032311	NRG4	one2one	NA		22.9
Nrgn	ENSMUSG00000053310	NRGN	one2one	NA		22.9
Nrip1	ENSMUSG00000048490	NRIP1	one2one	NA		22.9
Nrip2	ENSMUSG00000001520	NRIP2	one2one	NA		22.9
Nrip3	ENSMUSG00000034825	NRIP3	one2one	NA		22.9
Nrm	ENSMUSG00000059791	NRM	one2one	NA		22.9
Nrn1	ENSMUSG00000039114	NRN1	one2one	NA		22.9
Nrp1	ENSMUSG00000025810	NRP1	one2one	NA		22.9
Nrp2	ENSMUSG00000025969	NRP2	one2one	NA		22.9
Nrros	ENSMUSG00000052384	NRROS	one2one	NA		22.9
Nrtn	ENSMUSG00000039481	NRTN	one2one	NA		22.9
Nrxn2	ENSMUSG00000033768	NRXN2	one2one	NA		22.9
Nrxn3	ENSMUSG00000066392	NRXN3	one2one	NA		22.9
Nsa2	ENSMUSG00000060739	NSA2	one2one	NA		22.9
Nsd1	ENSMUSG00000021488	NSD1	one2one	NA		22.9
Nsd2	ENSMUSG00000057406	NSD2	one2one	NA		22.9
Nsd3	ENSMUSG00000054823	NSD3	one2one	NA		22.9
Nsdhl	ENSMUSG00000031349	NSDHL	one2one	NA		22.9
Nsf	ENSMUSG00000034187	NSF	one2one	NA		22.9
Nsfl1c	ENSMUSG00000027455	NSFL1C	one2one	NA		22.9
Nsg1	ENSMUSG00000029126	NSG1	one2one	NA		22.9
Nsg2	ENSMUSG00000020297	NSG2	one2one	NA		22.9
Nsl1	ENSMUSG00000062510	NSL1	one2one	NA		22.9
Nsmaf	ENSMUSG00000028245	NSMAF	one2one	NA		22.9
Nsmce1	ENSMUSG00000030750	NSMCE1	one2one	NA		22.9
Nsmce2	ENSMUSG00000059586	NSMCE2	one2one	NA		22.9
Nsmce3	ENSMUSG00000070520	NSMCE3	many2one	NA		22.9
Nsmce4a	ENSMUSG00000040331	NSMCE4A	one2one	NA		22.9
Nsmf	ENSMUSG00000006476	NSMF	one2one	NA		22.9
Nsrp1	ENSMUSG00000037958	NSRP1	one2one	NA		22.9
Nsun2	ENSMUSG00000021595	NSUN2	one2one	NA		22.9
Nsun3	ENSMUSG00000050312	NSUN3	one2one	NA		22.9
Nsun4	ENSMUSG00000028706	NSUN4	one2one	NA		22.9
Nsun5	ENSMUSG00000000916	NSUN5	one2one	NA		22.9
Nsun6	ENSMUSG00000026707	NSUN6	one2one	NA		22.9
Nsun7	ENSMUSG00000029206	NSUN7	one2one	NA		22.9
Nt5c	ENSMUSG00000020736	NT5C	one2one	NA		22.9
Nt5c1a	ENSMUSG00000054958	NT5C1A	one2one	NA		22.9
Nt5c2	ENSMUSG00000025041	NT5C2	one2one	NA		22.9
Nt5c3	ENSMUSG00000029780	NT5C3A	one2one	NA		22.9
Nt5c3b	ENSMUSG00000017176	NT5C3B	one2one	NA		22.9
Nt5dc1	ENSMUSG00000039480	NT5DC1	one2one	NA		22.9
Nt5dc2	ENSMUSG00000071547	NT5DC2	one2one	NA		22.9
Nt5dc3	ENSMUSG00000054027	NT5DC3	one2one	NA		22.9
Nt5e	ENSMUSG00000032420	NT5E	one2one	NA		22.9
Nt5m	ENSMUSG00000032615	NT5M	one2one	NA		22.9
Ntan1	ENSMUSG00000022681	NTAN1	one2one	NA		22.9
Ntf5	ENSMUSG00000074121	NTF4	one2one	NA		22.9
Nthl1	ENSMUSG00000041429	NTHL1	one2one	NA		22.9
Ntmt1	ENSMUSG00000026857	NTMT1	one2one	NA		22.9
Ntn1	ENSMUSG00000020902	NTN1	one2one	NA		22.9
Ntn3	ENSMUSG00000117406	NTN3	one2one	NA		22.9
Ntn4	ENSMUSG00000020019	NTN4	one2one	NA		22.9
Ntn5	ENSMUSG00000070564	NTN5	one2one	NA		22.9
Ntng2	ENSMUSG00000035513	NTNG2	one2one	NA		22.9
Ntpcr	ENSMUSG00000031851	NTPCR	one2one	NA		22.9
Ntrk3	ENSMUSG00000059146	NTRK3	one2one	NA		22.9
Nts	ENSMUSG00000019890	NTS	one2one	NA		22.9
Nuak1	ENSMUSG00000020032	NUAK1	one2one	NA		22.9
Nuak2	ENSMUSG00000009772	NUAK2	one2one	NA		22.9
Nub1	ENSMUSG00000028954	NUB1	one2one	NA		22.9
Nubp1	ENSMUSG00000022503	NUBP1	one2one	NA		22.9
Nubp2	ENSMUSG00000039183	NUBP2	one2one	NA		22.9
Nubpl	ENSMUSG00000035142	NUBPL	one2one	NA		22.9
Nucb1	ENSMUSG00000030824	NUCB1	one2one	NA		22.9
Nucb2	ENSMUSG00000030659	NUCB2	one2one	NA		22.9
Nucks1	ENSMUSG00000026434	NUCKS1	one2one	NA		22.9
Nudc	ENSMUSG00000028851	NUDC	one2one	NA		22.9
Nudcd1	ENSMUSG00000038736	NUDCD1	one2one	NA		22.9
Nudcd2	ENSMUSG00000020328	NUDCD2	one2one	NA		22.9
Nudcd3	ENSMUSG00000053838	NUDCD3	one2one	NA		22.9
Nudt1	ENSMUSG00000036639	NUDT1	one2one	NA		22.9
Nudt12	ENSMUSG00000024228	NUDT12	one2one	NA		22.9
Nudt13	ENSMUSG00000021809	NUDT13	one2one	NA		22.9
Nudt14	ENSMUSG00000002804	NUDT14	one2one	NA		22.9
Nudt15	ENSMUSG00000033405	NUDT15	one2one	NA		22.9
Nudt16	ENSMUSG00000032565	NUDT16	one2one	NA		22.9
Nudt16l1	ENSMUSG00000022516	NUDT16L1	one2one	NA		22.9
Nudt17	ENSMUSG00000028100	NUDT17	one2one	NA		22.9
Nudt18	ENSMUSG00000045211	NUDT18	one2one	NA		22.9
Nudt19	ENSMUSG00000034875	NUDT19	one2one	NA		22.9
Nudt2	ENSMUSG00000028443	NUDT2	one2one	NA		22.9
Nudt21	ENSMUSG00000031754	NUDT21	one2one	NA		22.9
Nudt22	ENSMUSG00000037349	NUDT22	one2one	NA		22.9
Nudt3	ENSMUSG00000024213	NUDT3	one2one	NA		22.9
Nudt4	ENSMUSG00000020029	NUDT4	one2one	NA		22.9
Nudt5	ENSMUSG00000025817	NUDT5	one2one	NA		22.9
Nudt6	ENSMUSG00000050174	NUDT6	one2one	NA		22.9
Nudt7	ENSMUSG00000031767	NUDT7	one2one	NA		22.9
Nudt9	ENSMUSG00000029310	NUDT9	one2one	NA		22.9
Nuf2	ENSMUSG00000026683	NUF2	one2one	NA		22.9
Nufip1	ENSMUSG00000022009	NUFIP1	one2one	NA		22.9
Nufip2	ENSMUSG00000037857	NUFIP2	one2one	NA		22.9
Numa1	ENSMUSG00000066306	NUMA1	one2one	NA		22.9
Numb	ENSMUSG00000021224	NUMB	one2one	NA		22.9
Numbl	ENSMUSG00000063160	NUMBL	one2one	NA		22.9
Nup107	ENSMUSG00000052798	NUP107	one2one	NA		22.9
Nup133	ENSMUSG00000039509	NUP133	one2one	NA		22.9
Nup153	ENSMUSG00000021374	NUP153	one2one	NA		22.9
Nup155	ENSMUSG00000022142	NUP155	one2one	NA		22.9
Nup160	ENSMUSG00000051329	NUP160	one2one	NA		22.9
Nup188	ENSMUSG00000052533	NUP188	one2one	NA		22.9
Nup205	ENSMUSG00000038759	NUP205	one2one	NA		22.9
Nup210	ENSMUSG00000030091	NUP210	one2one	NA		22.9
Nup210l	ENSMUSG00000027939	NUP210L	one2one	NA		22.9
Nup214	ENSMUSG00000001855	NUP214	one2one	NA		22.9
Nup35	ENSMUSG00000026999	NUP35	one2one	NA		22.9
Nup37	ENSMUSG00000035351	NUP37	one2one	NA		22.9
Nup43	ENSMUSG00000040034	NUP43	one2one	NA		22.9
Nup50	ENSMUSG00000016619	NUP50	one2one	NA		22.9
Nup54	ENSMUSG00000034826	NUP54	one2one	NA		22.9
Nup62	ENSMUSG00000109511	NUP62	one2one	NA		22.9
Nup85	ENSMUSG00000020739	NUP85	one2one	NA		22.9
Nup88	ENSMUSG00000040667	NUP88	one2one	NA		22.9
Nup93	ENSMUSG00000032939	NUP93	one2one	NA		22.9
Nup98	ENSMUSG00000063550	NUP98	one2one	NA		22.9
Nupl2	ENSMUSG00000048439	NUP42	one2one	NA		22.9
Nupr1	ENSMUSG00000030717	NUPR1	one2one	NA		22.9
Nupr1l	ENSMUSG00000095789	NUPR2	one2one	NA		22.9
Nus1	ENSMUSG00000023068	NUS1	one2one	NA		22.9
Nusap1	ENSMUSG00000027306	NUSAP1	one2one	NA		22.9
Nutf2	ENSMUSG00000008450	NUTF2	many2one	NA		22.9
Nutf2-ps1	ENSMUSG00000071497	NUTF2	many2one	NA		22.9
Nvl	ENSMUSG00000026516	NVL	one2one	NA		22.9
Nxf1	ENSMUSG00000010097	NXF1	one2one	NA		22.9
Nxf2	ENSMUSG00000009941	NXF2B	many2one	NA		22.9
Nxf7	ENSMUSG00000031410	NXF2B	many2one	NA		22.9
Nxn	ENSMUSG00000020844	NXN	one2one	NA		22.9
Nxnl1	ENSMUSG00000034829	NXNL1	one2one	NA		22.9
Nxnl2	ENSMUSG00000021396	NXNL2	one2one	NA		22.9
Nxpe3	ENSMUSG00000075033	NXPE3	one2one	NA		22.9
Nxpe4	ENSMUSG00000044229	NXPE4	one2one	NA		22.9
Nxph4	ENSMUSG00000040258	NXPH4	one2one	NA		22.9
Nxt1	ENSMUSG00000036992	NXT1	one2one	NA		22.9
Nxt2	ENSMUSG00000042271	NXT2	one2one	NA		22.9
Nyap1	ENSMUSG00000045348	NYAP1	one2one	NA		22.9
Nynrin	ENSMUSG00000075592	NYNRIN	one2one	NA		22.9
Nyx	ENSMUSG00000051228	NYX	one2one	NA		22.9
Oaf	ENSMUSG00000032014	OAF	one2one	NA		22.9
Oard1	ENSMUSG00000040771	OARD1	one2one	NA		22.9
Oas1a	ENSMUSG00000052776	OAS1	many2one	NA		22.9
Oas1b	ENSMUSG00000029605	OAS1	many2one	NA		22.9
Oas1c	ENSMUSG00000001166	OAS1	many2one	NA		22.9
Oas2	ENSMUSG00000032690	OAS2	one2one	NA		22.9
Oas3	ENSMUSG00000032661	OAS3	one2one	NA		22.9
Oasl1	ENSMUSG00000041827	OASL	one2one	NA		22.9
Oat	ENSMUSG00000030934	OAT	one2one	NA		22.9
Oaz1	ENSMUSG00000035242	OAZ1	one2one	NA		22.9
Oaz2	ENSMUSG00000040652	OAZ2	one2one	NA		22.9
Oaz3	ENSMUSG00000028141	OAZ3	one2one	NA		22.9
Obp2a	ENSMUSG00000062061	OBP2A	one2many	NA		22.9
Obp2a	ENSMUSG00000062061	OBP2B	one2many	NA		22.9
Obscn	ENSMUSG00000061462	OBSCN	one2one	NA		22.9
Obsl1	ENSMUSG00000026211	OBSL1	one2one	NA		22.9
Ocel1	ENSMUSG00000002396	OCEL1	one2one	NA		22.9
Ociad1	ENSMUSG00000029152	OCIAD1	one2one	NA		22.9
Ociad2	ENSMUSG00000029153	OCIAD2	one2one	NA		22.9
Ocln	ENSMUSG00000021638	OCLN	one2one	NA		22.9
Ocrl	ENSMUSG00000001173	OCRL	one2one	NA		22.9
Ocstamp	ENSMUSG00000027670	OCSTAMP	one2one	NA		22.9
Odaph	ENSMUSG00000096035	ODAPH	one2one	NA		22.9
Odc1	ENSMUSG00000011179	ODC1	one2one	NA		22.9
Odf2	ENSMUSG00000026790	ODF2	one2one	NA		22.9
Odf2l	ENSMUSG00000028256	ODF2L	one2one	NA		22.9
Odf3b	ENSMUSG00000047394	ODF3B	one2one	NA		22.9
Odr4	ENSMUSG00000006010	ODR4	one2one	NA		22.9
Ofd1	ENSMUSG00000040586	OFD1	one2one	NA		22.9
Oga	ENSMUSG00000025220	OGA	one2one	NA		22.9
Ogdh	ENSMUSG00000020456	OGDH	one2one	NA		22.9
Ogdhl	ENSMUSG00000021913	OGDHL	one2one	NA		22.9
Ogfod1	ENSMUSG00000033009	OGFOD1	one2one	NA		22.9
Ogfod2	ENSMUSG00000023707	OGFOD2	one2one	NA		22.9
Ogfod3	ENSMUSG00000025169	OGFOD3	one2one	NA		22.9
Ogfr	ENSMUSG00000049401	OGFR	one2one	NA		22.9
Ogfrl1	ENSMUSG00000026158	OGFRL1	one2one	NA		22.9
Ogg1	ENSMUSG00000030271	OGG1	one2one	NA		22.9
Ogn	ENSMUSG00000021390	OGN	one2one	NA		22.9
Ogt	ENSMUSG00000034160	OGT	one2one	NA		22.9
Oip5	ENSMUSG00000072980	OIP5	one2one	NA		22.9
Oit3	ENSMUSG00000009654	OIT3	one2one	NA		22.9
Ola1	ENSMUSG00000027108	OLA1	one2one	NA		22.9
Olfm1	ENSMUSG00000026833	OLFM1	one2one	NA		22.9
Olfm2	ENSMUSG00000032172	OLFM2	one2one	NA		22.9
Olfml2a	ENSMUSG00000046618	OLFML2A	one2one	NA		22.9
Olfml3	ENSMUSG00000027848	OLFML3	one2one	NA		22.9
Olfr1393	ENSMUSG00000059864	OR2Y1	one2one	Or2y1g	org.Mm.eg.db	22.9
Olfr1396	ENSMUSG00000047511	OR2V2	one2one	Or2v2	org.Mm.eg.db	22.9
Olfr1420	ENSMUSG00000060878	OR10V1	one2one	Or10v1	org.Mm.eg.db	22.9
Olfr1444	ENSMUSG00000046272	OR5B21	one2one	Or5b21	org.Mm.eg.db	22.9
Olfr173	ENSMUSG00000049362	OR5K1	one2one	Or5k1	org.Mm.eg.db	22.9
Olfr267	ENSMUSG00000043385	OR2K2	one2one	Or2k2	org.Mm.eg.db	22.9
Olfr372	ENSMUSG00000069998	OR2Z1	many2one	Or2z8	org.Mm.eg.db	22.9
Olfr373	ENSMUSG00000061561	OR2Z1	many2one	Or2z9	org.Mm.eg.db	22.9
Olfr56	ENSMUSG00000040328	OR2V1	one2one	Or2v1	org.Mm.eg.db	22.9
Olfr90	ENSMUSG00000056600	OR2H2	one2one	Or2h2	org.Mm.eg.db	22.9
Olr1	ENSMUSG00000030162	OLR1	one2one	NA		22.9
Oma1	ENSMUSG00000035069	OMA1	one2one	NA		22.9
Omd	ENSMUSG00000048368	OMD	one2one	NA		22.9
Omg	ENSMUSG00000049612	OMG	one2one	NA		22.9
Omp	ENSMUSG00000074006	OMP	one2one	NA		22.9
Onecut2	ENSMUSG00000045991	ONECUT2	one2one	NA		22.9
Opa1	ENSMUSG00000038084	OPA1	one2one	NA		22.9
Opa3	ENSMUSG00000052214	OPA3	one2one	NA		22.9
Ophn1	ENSMUSG00000031214	OPHN1	one2one	NA		22.9
Oplah	ENSMUSG00000022562	OPLAH	one2one	NA		22.9
Opn3	ENSMUSG00000026525	OPN3	one2one	NA		22.9
Oprd1	ENSMUSG00000050511	OPRD1	one2one	NA		22.9
Oprm1	ENSMUSG00000000766	OPRM1	one2one	NA		22.9
Optc	ENSMUSG00000010311	OPTC	one2one	NA		22.9
Optn	ENSMUSG00000026672	OPTN	one2one	NA		22.9
Orai1	ENSMUSG00000049686	ORAI1	one2one	NA		22.9
Orai2	ENSMUSG00000039747	ORAI2	one2one	NA		22.9
Orai3	ENSMUSG00000043964	ORAI3	one2one	NA		22.9
Orc1	ENSMUSG00000028587	ORC1	one2one	NA		22.9
Orc2	ENSMUSG00000026037	ORC2	one2one	NA		22.9
Orc3	ENSMUSG00000040044	ORC3	one2one	NA		22.9
Orc4	ENSMUSG00000026761	ORC4	one2one	NA		22.9
Orc5	ENSMUSG00000029012	ORC5	one2one	NA		22.9
Orc6	ENSMUSG00000031697	ORC6	one2one	NA		22.9
Orm2	ENSMUSG00000061540	ORM2	many2one	NA		22.9
Orm3	ENSMUSG00000028359	ORM2	many2one	NA		22.9
Ormdl1	ENSMUSG00000026097	ORMDL1	one2one	NA		22.9
Ormdl2	ENSMUSG00000025353	ORMDL2	one2one	NA		22.9
Ormdl3	ENSMUSG00000038150	ORMDL3	one2one	NA		22.9
Os9	ENSMUSG00000040462	OS9	one2one	NA		22.9
Osbp	ENSMUSG00000024687	OSBP	one2one	NA		22.9
Osbpl10	ENSMUSG00000040875	OSBPL10	one2one	NA		22.9
Osbpl11	ENSMUSG00000022807	OSBPL11	one2one	NA		22.9
Osbpl1a	ENSMUSG00000044252	OSBPL1A	one2one	NA		22.9
Osbpl2	ENSMUSG00000039050	OSBPL2	one2one	NA		22.9
Osbpl3	ENSMUSG00000029822	OSBPL3	one2one	NA		22.9
Osbpl5	ENSMUSG00000037606	OSBPL5	one2one	NA		22.9
Osbpl6	ENSMUSG00000042359	OSBPL6	one2one	NA		22.9
Osbpl7	ENSMUSG00000038534	OSBPL7	one2one	NA		22.9
Osbpl8	ENSMUSG00000020189	OSBPL8	one2one	NA		22.9
Osbpl9	ENSMUSG00000028559	OSBPL9	one2one	NA		22.9
Oscar	ENSMUSG00000054594	OSCAR	one2one	NA		22.9
Oscp1	ENSMUSG00000042616	OSCP1	one2one	NA		22.9
Oser1	ENSMUSG00000035399	OSER1	one2one	NA		22.9
Osgep	ENSMUSG00000006289	OSGEP	one2one	NA		22.9
Osgepl1	ENSMUSG00000026096	OSGEPL1	one2one	NA		22.9
Osgin1	ENSMUSG00000074063	OSGIN1	one2one	NA		22.9
Osgin2	ENSMUSG00000041153	OSGIN2	one2one	NA		22.9
Osm	ENSMUSG00000058755	OSM	one2one	NA		22.9
Osmr	ENSMUSG00000022146	OSMR	one2one	NA		22.9
Osr2	ENSMUSG00000022330	OSR2	one2one	NA		22.9
Ost4	ENSMUSG00000038803	OST4	one2one	NA		22.9
Ostc	ENSMUSG00000041084	OSTC	one2one	NA		22.9
Ostf1	ENSMUSG00000024725	OSTF1	one2one	NA		22.9
Ostm1	ENSMUSG00000038280	OSTM1	one2one	NA		22.9
Otoa	ENSMUSG00000034990	OTOA	one2one	NA		22.9
Otof	ENSMUSG00000062372	OTOF	one2one	NA		22.9
Otogl	ENSMUSG00000091455	OTOGL	one2one	NA		22.9
Otos	ENSMUSG00000044055	OTOS	one2one	NA		22.9
Otub1	ENSMUSG00000024767	OTUB1	one2one	NA		22.9
Otub2	ENSMUSG00000021203	OTUB2	one2one	NA		22.9
Otud1	ENSMUSG00000043415	OTUD1	one2one	NA		22.9
Otud3	ENSMUSG00000041161	OTUD3	one2one	NA		22.9
Otud4	ENSMUSG00000036990	OTUD4	one2one	NA		22.9
Otud5	ENSMUSG00000031154	OTUD5	one2one	NA		22.9
Otud6b	ENSMUSG00000040550	OTUD6B	one2one	NA		22.9
Otud7b	ENSMUSG00000038495	OTUD7B	one2one	NA		22.9
Otulin	ENSMUSG00000046034	OTULIN	one2one	NA		22.9
Otulinl	ENSMUSG00000056069	OTULINL	one2one	NA		22.9
Otx1	ENSMUSG00000005917	OTX1	one2one	NA		22.9
Ovca2	ENSMUSG00000038268	OVCA2	one2one	NA		22.9
Ovgp1	ENSMUSG00000074340	OVGP1	one2one	NA		22.9
Ovol1	ENSMUSG00000024922	OVOL1	one2one	NA		22.9
Ovol2	ENSMUSG00000037279	OVOL2	one2one	NA		22.9
Oxa1l	ENSMUSG00000000959	OXA1L	one2one	NA		22.9
Oxct1	ENSMUSG00000022186	OXCT1	one2one	NA		22.9
Oxld1	ENSMUSG00000039670	OXLD1	one2one	NA		22.9
Oxnad1	ENSMUSG00000021906	OXNAD1	one2one	NA		22.9
Oxr1	ENSMUSG00000022307	OXR1	one2one	NA		22.9
Oxsm	ENSMUSG00000021786	OXSM	one2one	NA		22.9
Oxsr1	ENSMUSG00000036737	OXSR1	one2one	NA		22.9
Oxtr	ENSMUSG00000049112	OXTR	one2one	NA		22.9
P2rx1	ENSMUSG00000020787	P2RX1	one2one	NA		22.9
P2rx2	ENSMUSG00000029503	P2RX2	one2one	NA		22.9
P2rx3	ENSMUSG00000027071	P2RX3	one2one	NA		22.9
P2rx4	ENSMUSG00000029470	P2RX4	one2one	NA		22.9
P2rx5	ENSMUSG00000005950	P2RX5	one2one	NA		22.9
P2rx6	ENSMUSG00000022758	P2RX6	one2one	NA		22.9
P2rx7	ENSMUSG00000029468	P2RX7	one2one	NA		22.9
P2ry1	ENSMUSG00000027765	P2RY1	one2one	NA		22.9
P2ry10	ENSMUSG00000050921	P2RY10	one2one	NA		22.9
P2ry12	ENSMUSG00000036353	P2RY12	one2one	NA		22.9
P2ry13	ENSMUSG00000036362	P2RY13	one2one	NA		22.9
P2ry14	ENSMUSG00000036381	P2RY14	one2one	NA		22.9
P2ry2	ENSMUSG00000032860	P2RY2	one2one	NA		22.9
P3h1	ENSMUSG00000028641	P3H1	one2one	NA		22.9
P3h2	ENSMUSG00000038168	P3H2	one2one	NA		22.9
P3h3	ENSMUSG00000023191	P3H3	one2one	NA		22.9
P3h4	ENSMUSG00000006931	P3H4	one2one	NA		22.9
P4ha1	ENSMUSG00000019916	P4HA1	one2one	NA		22.9
P4ha2	ENSMUSG00000018906	P4HA2	one2one	NA		22.9
P4hb	ENSMUSG00000025130	P4HB	one2one	NA		22.9
P4htm	ENSMUSG00000006675	P4HTM	one2one	NA		22.9
Pa2g4	ENSMUSG00000025364	PA2G4	one2one	NA		22.9
Pabpc1	ENSMUSG00000022283	PABPC1	one2one	NA		22.9
Pabpc1l	ENSMUSG00000054582	PABPC1L	one2one	NA		22.9
Pabpc4	ENSMUSG00000011257	PABPC4	one2one	NA		22.9
Pabpn1	ENSMUSG00000022194	PABPN1	one2one	NA		22.9
Pacc1	ENSMUSG00000026627	PACC1	one2one	NA		22.9
Pacs1	ENSMUSG00000024855	PACS1	one2one	NA		22.9
Pacs2	ENSMUSG00000021143	PACS2	one2one	NA		22.9
Pacsin1	ENSMUSG00000040276	PACSIN1	one2one	NA		22.9
Pacsin2	ENSMUSG00000016664	PACSIN2	one2one	NA		22.9
Pacsin3	ENSMUSG00000027257	PACSIN3	one2one	NA		22.9
Padi1	ENSMUSG00000025329	PADI1	one2one	NA		22.9
Padi2	ENSMUSG00000028927	PADI2	one2one	NA		22.9
Padi3	ENSMUSG00000025328	PADI3	one2one	NA		22.9
Padi4	ENSMUSG00000025330	PADI4	one2one	NA		22.9
Paf1	ENSMUSG00000003437	PAF1	one2one	NA		22.9
Pafah1b1	ENSMUSG00000020745	PAFAH1B1	one2one	NA		22.9
Pafah1b2	ENSMUSG00000003131	PAFAH1B2	one2one	NA		22.9
Pafah1b3	ENSMUSG00000005447	PAFAH1B3	one2one	NA		22.9
Pafah2	ENSMUSG00000037366	PAFAH2	one2one	NA		22.9
Pag1	ENSMUSG00000027508	PAG1	one2one	NA		22.9
Paics	ENSMUSG00000029247	PAICS	one2one	NA		22.9
Paip1	ENSMUSG00000025451	PAIP1	one2one	NA		22.9
Paip2	ENSMUSG00000037058	PAIP2	one2one	NA		22.9
Paip2b	ENSMUSG00000045896	PAIP2B	one2one	NA		22.9
Pak1	ENSMUSG00000030774	PAK1	one2one	NA		22.9
Pak1ip1	ENSMUSG00000038683	PAK1IP1	one2one	NA		22.9
Pak2	ENSMUSG00000022781	PAK2	one2one	NA		22.9
Pak4	ENSMUSG00000030602	PAK4	one2one	NA		22.9
Pak6	ENSMUSG00000074923	PAK6	one2one	NA		22.9
Palb2	ENSMUSG00000044702	PALB2	one2one	NA		22.9
Pald1	ENSMUSG00000020092	PALD1	one2one	NA		22.9
Palld	ENSMUSG00000058056	PALLD	one2one	NA		22.9
Palm	ENSMUSG00000035863	PALM	one2one	NA		22.9
Palm3	ENSMUSG00000047986	PALM3	one2one	NA		22.9
Pam	ENSMUSG00000026335	PAM	one2one	NA		22.9
Pam16	ENSMUSG00000014301	PAM16	many2one	NA		22.9
Pan2	ENSMUSG00000005682	PAN2	one2one	NA		22.9
Pan3	ENSMUSG00000029647	PAN3	one2one	NA		22.9
Pank1	ENSMUSG00000033610	PANK1	one2one	NA		22.9
Pank2	ENSMUSG00000037514	PANK2	one2one	NA		22.9
Pank3	ENSMUSG00000018846	PANK3	one2one	NA		22.9
Pank4	ENSMUSG00000029056	PANK4	one2one	NA		22.9
Panx1	ENSMUSG00000031934	PANX1	one2one	NA		22.9
Paox	ENSMUSG00000025464	PAOX	one2one	NA		22.9
Papln	ENSMUSG00000021223	PAPLN	one2one	NA		22.9
Papola	ENSMUSG00000021111	PAPOLA	one2one	NA		22.9
Papolg	ENSMUSG00000020273	PAPOLG	one2one	NA		22.9
Papss1	ENSMUSG00000028032	PAPSS1	one2one	NA		22.9
Papss2	ENSMUSG00000024899	PAPSS2	one2one	NA		22.9
Paqr3	ENSMUSG00000055725	PAQR3	one2one	NA		22.9
Paqr4	ENSMUSG00000023909	PAQR4	one2one	NA		22.9
Paqr5	ENSMUSG00000032278	PAQR5	one2one	NA		22.9
Paqr6	ENSMUSG00000041423	PAQR6	one2one	NA		22.9
Paqr7	ENSMUSG00000037348	PAQR7	one2one	NA		22.9
Paqr8	ENSMUSG00000025931	PAQR8	one2one	NA		22.9
Pard3	ENSMUSG00000025812	PARD3	one2one	NA		22.9
Pard3b	ENSMUSG00000052062	PARD3B	one2one	NA		22.9
Pard6a	ENSMUSG00000005699	PARD6A	one2one	NA		22.9
Pard6b	ENSMUSG00000044641	PARD6B	one2one	NA		22.9
Pard6g	ENSMUSG00000056214	PARD6G	one2one	NA		22.9
Parg	ENSMUSG00000021911	PARG	one2one	NA		22.9
Park7	ENSMUSG00000028964	PARK7	one2one	NA		22.9
Parl	ENSMUSG00000033918	PARL	one2one	NA		22.9
Parn	ENSMUSG00000022685	PARN	one2one	NA		22.9
Parp1	ENSMUSG00000026496	PARP1	one2one	NA		22.9
Parp10	ENSMUSG00000063268	PARP10	one2one	NA		22.9
Parp11	ENSMUSG00000037997	PARP11	one2one	NA		22.9
Parp12	ENSMUSG00000038507	PARP12	one2one	NA		22.9
Parp14	ENSMUSG00000034422	PARP14	one2one	NA		22.9
Parp16	ENSMUSG00000032392	PARP16	one2one	NA		22.9
Parp2	ENSMUSG00000036023	PARP2	one2one	NA		22.9
Parp3	ENSMUSG00000023249	PARP3	one2one	NA		22.9
Parp4	ENSMUSG00000054509	PARP4	one2one	NA		22.9
Parp6	ENSMUSG00000025237	PARP6	one2one	NA		22.9
Parp8	ENSMUSG00000021725	PARP8	one2one	NA		22.9
Parp9	ENSMUSG00000022906	PARP9	one2one	NA		22.9
Parpbp	ENSMUSG00000035365	PARPBP	one2one	NA		22.9
Pars2	ENSMUSG00000043572	PARS2	one2one	NA		22.9
Parvb	ENSMUSG00000022438	PARVB	one2one	NA		22.9
Parvg	ENSMUSG00000022439	PARVG	one2one	NA		22.9
Pask	ENSMUSG00000026274	PASK	one2one	NA		22.9
Pate2	ENSMUSG00000074452	PATE2	one2one	NA		22.9
Patj	ENSMUSG00000061859	PATJ	one2one	NA		22.9
Patl1	ENSMUSG00000046139	PATL1	one2one	NA		22.9
Patz1	ENSMUSG00000020453	PATZ1	one2one	NA		22.9
Pawr	ENSMUSG00000035873	PAWR	one2one	NA		22.9
Pax4	ENSMUSG00000029706	PAX4	one2one	NA		22.9
Pax5	ENSMUSG00000014030	PAX5	one2one	NA		22.9
Pax8	ENSMUSG00000026976	PAX8	one2one	NA		22.9
Paxbp1	ENSMUSG00000022974	PAXBP1	one2one	NA		22.9
Paxip1	ENSMUSG00000002221	PAXIP1	one2one	NA		22.9
Paxx	ENSMUSG00000047617	PAXX	one2one	NA		22.9
Pbdc1	ENSMUSG00000031226	PBDC1	one2one	NA		22.9
Pbk	ENSMUSG00000022033	PBK	one2one	NA		22.9
Pbld2	ENSMUSG00000020072	PBLD	one2one	NA		22.9
Pbrm1	ENSMUSG00000042323	PBRM1	one2one	NA		22.9
Pbx2	ENSMUSG00000034673	PBX2	one2one	NA		22.9
Pbx3	ENSMUSG00000038718	PBX3	one2one	NA		22.9
Pbx4	ENSMUSG00000031860	PBX4	one2one	NA		22.9
Pbxip1	ENSMUSG00000042613	PBXIP1	one2one	NA		22.9
Pcbd2	ENSMUSG00000021496	PCBD2	one2one	NA		22.9
Pcbp1	ENSMUSG00000051695	PCBP1	one2one	NA		22.9
Pcbp2	ENSMUSG00000056851	PCBP2	one2one	NA		22.9
Pcbp3	ENSMUSG00000001120	PCBP3	one2one	NA		22.9
Pcbp4	ENSMUSG00000023495	PCBP4	one2one	NA		22.9
Pcca	ENSMUSG00000041650	PCCA	one2one	NA		22.9
Pccb	ENSMUSG00000032527	PCCB	one2one	NA		22.9
Pcdh1	ENSMUSG00000051375	PCDH1	one2one	NA		22.9
Pcdh17	ENSMUSG00000035566	PCDH17	one2one	NA		22.9
Pcdh19	ENSMUSG00000051323	PCDH19	one2one	NA		22.9
Pcdh7	ENSMUSG00000029108	PCDH7	one2one	NA		22.9
Pcdhga11	ENSMUSG00000102742	PCDHGA11	one2one	NA		22.9
Pcdhga12	ENSMUSG00000102428	PCDHGA12	one2one	NA		22.9
Pcdhga8	ENSMUSG00000103897	PCDHGA8	one2one	NA		22.9
Pcdhgb2	ENSMUSG00000102748	PCDHGB2	one2one	NA		22.9
Pcdhgb4	ENSMUSG00000103585	PCDHGB4	one2one	NA		22.9
Pcdhgb5	ENSMUSG00000103749	PCDHGB5	one2one	NA		22.9
Pcdhgb6	ENSMUSG00000103088	PCDHGB6	one2one	NA		22.9
Pcdhgb7	ENSMUSG00000104063	PCDHGB7	one2one	NA		22.9
Pcdhgc3	ENSMUSG00000102918	PCDHGC3	one2one	NA		22.9
Pcdhgc4	ENSMUSG00000023036	PCDHGC4	one2one	NA		22.9
Pcdhgc5	ENSMUSG00000102543	PCDHGC5	one2one	NA		22.9
Pced1a	ENSMUSG00000037773	PCED1A	one2one	NA		22.9
Pced1b	ENSMUSG00000044250	PCED1B	one2one	NA		22.9
Pcf11	ENSMUSG00000041328	PCF11	one2one	NA		22.9
Pcgf1	ENSMUSG00000069678	PCGF1	one2one	NA		22.9
Pcgf2	ENSMUSG00000018537	PCGF2	one2one	NA		22.9
Pcgf3	ENSMUSG00000033623	PCGF3	one2one	NA		22.9
Pcgf5	ENSMUSG00000024805	PCGF5	one2one	NA		22.9
Pcgf6	ENSMUSG00000025050	PCGF6	one2one	NA		22.9
Pcid2	ENSMUSG00000038542	PCID2	one2one	NA		22.9
Pcif1	ENSMUSG00000039849	PCIF1	one2one	NA		22.9
Pck2	ENSMUSG00000040618	PCK2	one2one	NA		22.9
Pclaf	ENSMUSG00000040204	PCLAF	one2one	NA		22.9
Pcm1	ENSMUSG00000031592	PCM1	one2one	NA		22.9
Pcmt1	ENSMUSG00000019795	PCMT1	one2one	NA		22.9
Pcmtd1	ENSMUSG00000051285	PCMTD1	one2one	NA		22.9
Pcmtd2	ENSMUSG00000027589	PCMTD2	one2one	NA		22.9
Pcna	ENSMUSG00000027342	PCNA	one2one	NA		22.9
Pcnp	ENSMUSG00000071533	PCNP	one2one	NA		22.9
Pcnt	ENSMUSG00000001151	PCNT	one2one	NA		22.9
Pcnx	ENSMUSG00000021140	PCNX1	one2one	NA		22.9
Pcnx3	ENSMUSG00000054874	PCNX3	one2one	NA		22.9
Pcnx4	ENSMUSG00000034501	PCNX4	one2one	NA		22.9
Pcolce	ENSMUSG00000029718	PCOLCE	one2one	NA		22.9
Pcp2	ENSMUSG00000004630	PCP2	one2one	NA		22.9
Pcp4	ENSMUSG00000090223	PCP4	one2one	NA		22.9
Pcsk1	ENSMUSG00000021587	PCSK1	one2one	NA		22.9
Pcsk4	ENSMUSG00000020131	PCSK4	one2one	NA		22.9
Pcsk6	ENSMUSG00000030513	PCSK6	one2one	NA		22.9
Pcsk7	ENSMUSG00000035382	PCSK7	one2one	NA		22.9
Pcsk9	ENSMUSG00000044254	PCSK9	one2one	NA		22.9
Pctp	ENSMUSG00000020553	PCTP	one2one	NA		22.9
Pcx	ENSMUSG00000024892	PC	one2one	NA		22.9
Pcyox1	ENSMUSG00000029998	PCYOX1	one2one	NA		22.9
Pcyox1l	ENSMUSG00000024579	PCYOX1L	one2one	NA		22.9
Pcyt1a	ENSMUSG00000005615	PCYT1A	one2one	NA		22.9
Pcyt1b	ENSMUSG00000035246	PCYT1B	one2one	NA		22.9
Pcyt2	ENSMUSG00000025137	PCYT2	one2one	NA		22.9
Pdap1	ENSMUSG00000029623	PDAP1	one2one	NA		22.9
Pdcd1	ENSMUSG00000026285	PDCD1	one2one	NA		22.9
Pdcd10	ENSMUSG00000027835	PDCD10	one2one	NA		22.9
Pdcd11	ENSMUSG00000025047	PDCD11	one2one	NA		22.9
Pdcd1lg2	ENSMUSG00000016498	PDCD1LG2	one2one	NA		22.9
Pdcd2l	ENSMUSG00000002635	PDCD2L	one2one	NA		22.9
Pdcd4	ENSMUSG00000024975	PDCD4	one2one	NA		22.9
Pdcd5	ENSMUSG00000030417	PDCD5	one2one	NA		22.9
Pdcd6	ENSMUSG00000021576	PDCD6	one2one	NA		22.9
Pdcd6ip	ENSMUSG00000032504	PDCD6IP	one2one	NA		22.9
Pdcd7	ENSMUSG00000041837	PDCD7	one2one	NA		22.9
Pdcl	ENSMUSG00000009030	PDCL	one2one	NA		22.9
Pdcl3	ENSMUSG00000026078	PDCL3	one2one	NA		22.9
Pde10a	ENSMUSG00000023868	PDE10A	one2one	NA		22.9
Pde11a	ENSMUSG00000075270	PDE11A	one2one	NA		22.9
Pde12	ENSMUSG00000043702	PDE12	one2one	NA		22.9
Pde1a	ENSMUSG00000059173	PDE1A	one2one	NA		22.9
Pde1b	ENSMUSG00000022489	PDE1B	one2one	NA		22.9
Pde2a	ENSMUSG00000110195	PDE2A	one2one	NA		22.9
Pde3b	ENSMUSG00000030671	PDE3B	one2one	NA		22.9
Pde4a	ENSMUSG00000032177	PDE4A	one2one	NA		22.9
Pde4b	ENSMUSG00000028525	PDE4B	one2one	NA		22.9
Pde4c	ENSMUSG00000031842	PDE4C	one2one	NA		22.9
Pde4d	ENSMUSG00000021699	PDE4D	one2one	NA		22.9
Pde4dip	ENSMUSG00000038170	PDE4DIP	one2one	NA		22.9
Pde5a	ENSMUSG00000053965	PDE5A	one2one	NA		22.9
Pde6a	ENSMUSG00000024575	PDE6A	one2one	NA		22.9
Pde6b	ENSMUSG00000029491	PDE6B	one2one	NA		22.9
Pde6c	ENSMUSG00000024992	PDE6C	one2one	NA		22.9
Pde6d	ENSMUSG00000026239	PDE6D	one2one	NA		22.9
Pde6g	ENSMUSG00000025386	PDE6G	one2one	NA		22.9
Pde7a	ENSMUSG00000069094	PDE7A	one2one	NA		22.9
Pde8a	ENSMUSG00000025584	PDE8A	one2one	NA		22.9
Pde8b	ENSMUSG00000021684	PDE8B	one2one	NA		22.9
Pdf	ENSMUSG00000078931	PDF	one2one	NA		22.9
Pdgfa	ENSMUSG00000025856	PDGFA	one2one	NA		22.9
Pdgfb	ENSMUSG00000000489	PDGFB	one2one	NA		22.9
Pdgfc	ENSMUSG00000028019	PDGFC	one2one	NA		22.9
Pdgfrb	ENSMUSG00000024620	PDGFRB	one2one	NA		22.9
Pdgfrl	ENSMUSG00000031595	PDGFRL	one2one	NA		22.9
Pdha1	ENSMUSG00000031299	PDHA1	one2one	NA		22.9
Pdhb	ENSMUSG00000021748	PDHB	one2one	NA		22.9
Pdhx	ENSMUSG00000010914	PDHX	one2one	NA		22.9
Pdia2	ENSMUSG00000024184	PDIA2	one2one	NA		22.9
Pdia3	ENSMUSG00000027248	PDIA3	one2one	NA		22.9
Pdia4	ENSMUSG00000025823	PDIA4	one2one	NA		22.9
Pdia5	ENSMUSG00000022844	PDIA5	one2one	NA		22.9
Pdia6	ENSMUSG00000020571	PDIA6	one2one	NA		22.9
Pdik1l	ENSMUSG00000050890	PDIK1L	one2one	NA		22.9
Pdk1	ENSMUSG00000006494	PDK1	one2one	NA		22.9
Pdk2	ENSMUSG00000038967	PDK2	one2one	NA		22.9
Pdk3	ENSMUSG00000035232	PDK3	one2one	NA		22.9
Pdlim1	ENSMUSG00000055044	PDLIM1	one2one	NA		22.9
Pdlim2	ENSMUSG00000022090	PDLIM2	one2one	NA		22.9
Pdlim4	ENSMUSG00000020388	PDLIM4	one2one	NA		22.9
Pdlim5	ENSMUSG00000028273	PDLIM5	one2one	NA		22.9
Pdlim7	ENSMUSG00000021493	PDLIM7	one2one	NA		22.9
Pdp1	ENSMUSG00000049225	PDP1	one2one	NA		22.9
Pdp2	ENSMUSG00000048371	PDP2	one2one	NA		22.9
Pdpk1	ENSMUSG00000024122	PDPK1	one2one	NA		22.9
Pdpn	ENSMUSG00000028583	PDPN	one2one	NA		22.9
Pdpr	ENSMUSG00000033624	PDPR	one2one	NA		22.9
Pdrg1	ENSMUSG00000027472	PDRG1	one2one	NA		22.9
Pds5a	ENSMUSG00000029202	PDS5A	one2one	NA		22.9
Pds5b	ENSMUSG00000034021	PDS5B	one2one	NA		22.9
Pdss1	ENSMUSG00000026784	PDSS1	one2one	NA		22.9
Pdss2	ENSMUSG00000038240	PDSS2	one2one	NA		22.9
Pdxdc1	ENSMUSG00000022680	PDXDC1	one2one	NA		22.9
Pdxk	ENSMUSG00000032788	PDXK	one2one	NA		22.9
Pdxp	ENSMUSG00000116165	PDXP	one2one	NA		22.9
Pdyn	ENSMUSG00000027400	PDYN	one2one	NA		22.9
Pdzd11	ENSMUSG00000015668	PDZD11	one2one	NA		22.9
Pdzd2	ENSMUSG00000022197	PDZD2	one2one	NA		22.9
Pdzd4	ENSMUSG00000002006	PDZD4	one2one	NA		22.9
Pdzd7	ENSMUSG00000074818	PDZD7	one2one	NA		22.9
Pdzd8	ENSMUSG00000074746	PDZD8	one2one	NA		22.9
Pdzd9	ENSMUSG00000030887	PDZD9	one2one	NA		22.9
Pdzk1	ENSMUSG00000038298	PDZK1	one2one	NA		22.9
Pdzk1ip1	ENSMUSG00000028716	PDZK1IP1	one2one	NA		22.9
Pdzrn3	ENSMUSG00000035357	PDZRN3	one2one	NA		22.9
Pea15a	ENSMUSG00000013698	PEA15	one2one	NA		22.9
Peak1	ENSMUSG00000074305	PEAK1	one2one	NA		22.9
Pear1	ENSMUSG00000028073	PEAR1	one2one	NA		22.9
Pebp1	ENSMUSG00000032959	PEBP1	one2one	NA		22.9
Pecam1	ENSMUSG00000020717	PECAM1	one2one	NA		22.9
Pecr	ENSMUSG00000026189	PECR	one2one	NA		22.9
Pef1	ENSMUSG00000028779	PEF1	one2one	NA		22.9
Peg10	ENSMUSG00000092035	PEG10	one2one	NA		22.9
Peg3	ENSMUSG00000002265	PEG3	one2one	NA		22.9
Peli1	ENSMUSG00000020134	PELI1	one2one	NA		22.9
Peli2	ENSMUSG00000021846	PELI2	one2one	NA		22.9
Peli3	ENSMUSG00000024901	PELI3	one2one	NA		22.9
Pelo	ENSMUSG00000042275	PELO	one2one	NA		22.9
Pelp1	ENSMUSG00000018921	PELP1	one2one	NA		22.9
Pemt	ENSMUSG00000000301	PEMT	one2one	NA		22.9
Penk	ENSMUSG00000045573	PENK	one2one	NA		22.9
Pepd	ENSMUSG00000063931	PEPD	one2one	NA		22.9
Per1	ENSMUSG00000020893	PER1	one2one	NA		22.9
Per2	ENSMUSG00000055866	PER2	one2one	NA		22.9
Per3	ENSMUSG00000028957	PER3	one2one	NA		22.9
Perm1	ENSMUSG00000078486	PERM1	one2one	NA		22.9
Perp	ENSMUSG00000019851	PERP	one2one	NA		22.9
Pes1	ENSMUSG00000020430	PES1	one2one	NA		22.9
Pet100	ENSMUSG00000087687	PET100	one2one	NA		22.9
Pex1	ENSMUSG00000005907	PEX1	one2one	NA		22.9
Pex10	ENSMUSG00000029047	PEX10	one2one	NA		22.9
Pex11a	ENSMUSG00000030545	PEX11A	one2one	NA		22.9
Pex11b	ENSMUSG00000028102	PEX11B	one2one	NA		22.9
Pex11g	ENSMUSG00000069633	PEX11G	one2one	NA		22.9
Pex12	ENSMUSG00000018733	PEX12	one2one	NA		22.9
Pex13	ENSMUSG00000020283	PEX13	one2one	NA		22.9
Pex14	ENSMUSG00000028975	PEX14	one2one	NA		22.9
Pex16	ENSMUSG00000027222	PEX16	one2one	NA		22.9
Pex19	ENSMUSG00000003464	PEX19	one2one	NA		22.9
Pex2	ENSMUSG00000040374	PEX2	one2one	NA		22.9
Pex26	ENSMUSG00000067825	PEX26	one2one	NA		22.9
Pex3	ENSMUSG00000019809	PEX3	one2one	NA		22.9
Pex5	ENSMUSG00000005069	PEX5	one2one	NA		22.9
Pex6	ENSMUSG00000002763	PEX6	one2one	NA		22.9
Pex7	ENSMUSG00000020003	PEX7	one2one	NA		22.9
Pf4	ENSMUSG00000029373	PF4	one2one	NA		22.9
Pfas	ENSMUSG00000020899	PFAS	one2one	NA		22.9
Pfdn1	ENSMUSG00000024346	PFDN1	one2one	NA		22.9
Pfdn2	ENSMUSG00000006412	PFDN2	one2one	NA		22.9
Pfdn4	ENSMUSG00000052033	PFDN4	one2one	NA		22.9
Pfdn5	ENSMUSG00000001289	PFDN5	one2one	NA		22.9
Pfdn6	ENSMUSG00000024309	PFDN6	one2one	NA		22.9
Pfkfb1	ENSMUSG00000025271	PFKFB1	one2one	NA		22.9
Pfkfb2	ENSMUSG00000026409	PFKFB2	one2one	NA		22.9
Pfkfb3	ENSMUSG00000026773	PFKFB3	one2one	NA		22.9
Pfkfb4	ENSMUSG00000025648	PFKFB4	one2one	NA		22.9
Pfkl	ENSMUSG00000020277	PFKL	one2one	NA		22.9
Pfkm	ENSMUSG00000033065	PFKM	one2one	NA		22.9
Pfkp	ENSMUSG00000021196	PFKP	one2one	NA		22.9
Pfn1	ENSMUSG00000018293	PFN1	one2one	NA		22.9
Pfn2	ENSMUSG00000027805	PFN2	one2one	NA		22.9
Pfn4	ENSMUSG00000020639	PFN4	one2one	NA		22.9
Pgam1	ENSMUSG00000011752	PGAM1	one2one	NA		22.9
Pgam2	ENSMUSG00000020475	PGAM2	one2one	NA		22.9
Pgam5	ENSMUSG00000029500	PGAM5	one2one	NA		22.9
Pgap1	ENSMUSG00000073678	PGAP1	one2one	NA		22.9
Pgap2	ENSMUSG00000030990	PGAP2	one2one	NA		22.9
Pgap3	ENSMUSG00000038208	PGAP3	one2one	NA		22.9
Pgbd1	ENSMUSG00000055313	PGBD1	one2one	NA		22.9
Pgd	ENSMUSG00000028961	PGD	one2one	NA		22.9
Pgf	ENSMUSG00000004791	PGF	one2one	NA		22.9
Pgghg	ENSMUSG00000062031	PGGHG	one2one	NA		22.9
Pggt1b	ENSMUSG00000024477	PGGT1B	one2one	NA		22.9
Pgk1	ENSMUSG00000062070	PGK1	one2one	NA		22.9
Pgls	ENSMUSG00000031807	PGLS	one2one	NA		22.9
Pglyrp1	ENSMUSG00000030413	PGLYRP1	one2one	NA		22.9
Pglyrp2	ENSMUSG00000079563	PGLYRP2	one2one	NA		22.9
Pgm1	ENSMUSG00000025791	PGM1	one2one	NA		22.9
Pgm2	ENSMUSG00000029171	PGM2	one2one	NA		22.9
Pgm2l1	ENSMUSG00000030729	PGM2L1	one2one	NA		22.9
Pgm3	ENSMUSG00000056131	PGM3	one2one	NA		22.9
Pgp	ENSMUSG00000043445	PGP	one2one	NA		22.9
Pgpep1	ENSMUSG00000056204	PGPEP1	one2one	NA		22.9
Pgpep1l	ENSMUSG00000030553	PGPEP1L	one2one	NA		22.9
Pgrmc1	ENSMUSG00000006373	PGRMC1	one2one	NA		22.9
Pgrmc2	ENSMUSG00000049940	PGRMC2	one2one	NA		22.9
Pgs1	ENSMUSG00000017715	PGS1	one2one	NA		22.9
Phactr2	ENSMUSG00000062866	PHACTR2	one2one	NA		22.9
Phactr4	ENSMUSG00000066043	PHACTR4	one2one	NA		22.9
Phax	ENSMUSG00000008301	PHAX	one2one	NA		22.9
Phb	ENSMUSG00000038845	PHB1	one2one	NA		22.9
Phb2	ENSMUSG00000004264	PHB2	one2one	NA		22.9
Phc1	ENSMUSG00000040669	PHC1	one2one	NA		22.9
Phc2	ENSMUSG00000028796	PHC2	one2one	NA		22.9
Phc3	ENSMUSG00000037652	PHC3	one2one	NA		22.9
Pheta1	ENSMUSG00000044134	PHETA1	one2one	NA		22.9
Pheta2	ENSMUSG00000049687	PHETA2	one2one	NA		22.9
Phex	ENSMUSG00000057457	PHEX	one2one	NA		22.9
Phf1	ENSMUSG00000024193	PHF1	one2one	NA		22.9
Phf10	ENSMUSG00000023883	PHF10	one2one	NA		22.9
Phf11a	ENSMUSG00000044703	PHF11	many2one	NA		22.9
Phf11b	ENSMUSG00000091649	PHF11	many2one	NA		22.9
Phf11c	ENSMUSG00000091144	PHF11	many2one	NA		22.9
Phf11d	ENSMUSG00000068245	PHF11	many2one	NA		22.9
Phf12	ENSMUSG00000037791	PHF12	one2one	NA		22.9
Phf13	ENSMUSG00000047777	PHF13	one2one	NA		22.9
Phf14	ENSMUSG00000029629	PHF14	one2one	NA		22.9
Phf19	ENSMUSG00000026873	PHF19	one2one	NA		22.9
Phf2	ENSMUSG00000038025	PHF2	one2one	NA		22.9
Phf20	ENSMUSG00000038116	PHF20	one2one	NA		22.9
Phf20l1	ENSMUSG00000072501	PHF20L1	one2one	NA		22.9
Phf21a	ENSMUSG00000058318	PHF21A	one2one	NA		22.9
Phf21b	ENSMUSG00000016624	PHF21B	one2one	NA		22.9
Phf23	ENSMUSG00000018572	PHF23	one2one	NA		22.9
Phf3	ENSMUSG00000048874	PHF3	one2one	NA		22.9
Phf5a	ENSMUSG00000061360	PHF5A	one2one	NA		22.9
Phf6	ENSMUSG00000025626	PHF6	one2one	NA		22.9
Phf7	ENSMUSG00000021902	PHF7	one2one	NA		22.9
Phf8	ENSMUSG00000041229	PHF8	one2one	NA		22.9
Phgdh	ENSMUSG00000053398	PHGDH	one2one	NA		22.9
Phip	ENSMUSG00000032253	PHIP	one2one	NA		22.9
Phka2	ENSMUSG00000031295	PHKA2	one2one	NA		22.9
Phkb	ENSMUSG00000036879	PHKB	one2one	NA		22.9
Phkg1	ENSMUSG00000025537	PHKG1	one2one	NA		22.9
Phkg2	ENSMUSG00000030815	PHKG2	one2one	NA		22.9
Phlda1	ENSMUSG00000020205	PHLDA1	one2one	NA		22.9
Phlda3	ENSMUSG00000041801	PHLDA3	one2one	NA		22.9
Phldb1	ENSMUSG00000048537	PHLDB1	one2one	NA		22.9
Phldb2	ENSMUSG00000033149	PHLDB2	one2one	NA		22.9
Phldb3	ENSMUSG00000074277	PHLDB3	one2one	NA		22.9
Phlpp1	ENSMUSG00000044340	PHLPP1	one2one	NA		22.9
Phlpp2	ENSMUSG00000031732	PHLPP2	one2one	NA		22.9
Phospho1	ENSMUSG00000050860	PHOSPHO1	one2one	NA		22.9
Phospho2	ENSMUSG00000027088	PHOSPHO2	one2one	NA		22.9
Phpt1	ENSMUSG00000036504	PHPT1	one2one	NA		22.9
Phrf1	ENSMUSG00000038611	PHRF1	one2one	NA		22.9
Phtf1	ENSMUSG00000058388	PHTF1	one2one	NA		22.9
Phtf2	ENSMUSG00000039987	PHTF2	one2one	NA		22.9
Phyh	ENSMUSG00000026664	PHYH	one2one	NA		22.9
Phyhd1	ENSMUSG00000079484	PHYHD1	one2one	NA		22.9
Phykpl	ENSMUSG00000020359	PHYKPL	one2one	NA		22.9
Pi4k2a	ENSMUSG00000025178	PI4K2A	one2one	NA		22.9
Pi4k2b	ENSMUSG00000029186	PI4K2B	one2one	NA		22.9
Pi4ka	ENSMUSG00000041720	PI4KA	one2one	NA		22.9
Pi4kb	ENSMUSG00000038861	PI4KB	one2one	NA		22.9
Pianp	ENSMUSG00000030329	PIANP	one2one	NA		22.9
Pias1	ENSMUSG00000032405	PIAS1	one2one	NA		22.9
Pias2	ENSMUSG00000025423	PIAS2	one2one	NA		22.9
Pias3	ENSMUSG00000028101	PIAS3	one2one	NA		22.9
Pias4	ENSMUSG00000004934	PIAS4	one2one	NA		22.9
Pibf1	ENSMUSG00000022064	PIBF1	one2one	NA		22.9
Picalm	ENSMUSG00000039361	PICALM	one2one	NA		22.9
Pick1	ENSMUSG00000068206	PICK1	one2one	NA		22.9
Pid1	ENSMUSG00000045658	PID1	one2one	NA		22.9
Pidd1	ENSMUSG00000025507	PIDD1	one2one	NA		22.9
Piezo1	ENSMUSG00000014444	PIEZO1	one2one	NA		22.9
Pif1	ENSMUSG00000041064	PIF1	one2one	NA		22.9
Piga	ENSMUSG00000031381	PIGA	one2one	NA		22.9
Pigb	ENSMUSG00000079469	PIGB	one2one	NA		22.9
Pigbos1	ENSMUSG00000098332	PIGBOS1	one2one	NA		22.9
Pigc	ENSMUSG00000026698	PIGC	one2one	NA		22.9
Pigf	ENSMUSG00000024145	PIGF	one2one	NA		22.9
Pigg	ENSMUSG00000029263	PIGG	one2one	NA		22.9
Pigh	ENSMUSG00000021120	PIGH	one2one	NA		22.9
Pigk	ENSMUSG00000039047	PIGK	one2one	NA		22.9
Pigl	ENSMUSG00000014245	PIGL	one2one	NA		22.9
Pigm	ENSMUSG00000050229	PIGM	one2one	NA		22.9
Pign	ENSMUSG00000056536	PIGN	one2one	NA		22.9
Pigo	ENSMUSG00000028454	PIGO	one2one	NA		22.9
Pigp	ENSMUSG00000022940	PIGP	one2one	NA		22.9
Pigq	ENSMUSG00000025728	PIGQ	one2one	NA		22.9
Pigr	ENSMUSG00000026417	PIGR	one2one	NA		22.9
Pigs	ENSMUSG00000041958	PIGS	one2one	NA		22.9
Pigt	ENSMUSG00000017721	PIGT	one2one	NA		22.9
Pigu	ENSMUSG00000038383	PIGU	one2one	NA		22.9
Pigv	ENSMUSG00000043257	PIGV	one2one	NA		22.9
Pigw	ENSMUSG00000045140	PIGW	one2one	NA		22.9
Pigx	ENSMUSG00000023791	PIGX	one2one	NA		22.9
Pigyl	ENSMUSG00000010607	PIGY	one2one	NA		22.9
Pigz	ENSMUSG00000045625	PIGZ	one2one	NA		22.9
Pih1d1	ENSMUSG00000003423	PIH1D1	one2one	NA		22.9
Pih1d2	ENSMUSG00000000167	PIH1D2	one2one	NA		22.9
Pik3ap1	ENSMUSG00000025017	PIK3AP1	one2one	NA		22.9
Pik3c2a	ENSMUSG00000030660	PIK3C2A	one2one	NA		22.9
Pik3c2b	ENSMUSG00000026447	PIK3C2B	one2one	NA		22.9
Pik3c3	ENSMUSG00000033628	PIK3C3	one2one	NA		22.9
Pik3ca	ENSMUSG00000027665	PIK3CA	one2one	NA		22.9
Pik3cb	ENSMUSG00000032462	PIK3CB	one2one	NA		22.9
Pik3cd	ENSMUSG00000039936	PIK3CD	one2one	NA		22.9
Pik3cg	ENSMUSG00000020573	PIK3CG	one2one	NA		22.9
Pik3ip1	ENSMUSG00000034614	PIK3IP1	one2one	NA		22.9
Pik3r1	ENSMUSG00000041417	PIK3R1	one2one	NA		22.9
Pik3r2	ENSMUSG00000031834	PIK3R2	one2one	NA		22.9
Pik3r3	ENSMUSG00000028698	PIK3R3	one2one	NA		22.9
Pik3r4	ENSMUSG00000032571	PIK3R4	one2one	NA		22.9
Pik3r5	ENSMUSG00000020901	PIK3R5	one2one	NA		22.9
Pik3r6	ENSMUSG00000046207	PIK3R6	one2one	NA		22.9
Pikfyve	ENSMUSG00000025949	PIKFYVE	one2one	NA		22.9
Pilrb1	ENSMUSG00000066684	PILRA	one2many	NA		22.9
Pilrb1	ENSMUSG00000066684	PILRB	one2many	NA		22.9
Pilrb2	ENSMUSG00000066682	PILRA	one2many	NA		22.9
Pilrb2	ENSMUSG00000066682	PILRB	one2many	NA		22.9
Pim1	ENSMUSG00000024014	PIM1	one2one	NA		22.9
Pim2	ENSMUSG00000031155	PIM2	one2one	NA		22.9
Pim3	ENSMUSG00000035828	PIM3	one2one	NA		22.9
Pimreg	ENSMUSG00000020808	PIMREG	one2one	NA		22.9
Pin1	ENSMUSG00000032171	PIN1	one2one	NA		22.9
Pin4	ENSMUSG00000079480	PIN4	one2one	NA		22.9
Pink1	ENSMUSG00000028756	PINK1	one2one	NA		22.9
Pinx1	ENSMUSG00000021958	PINX1	one2one	NA		22.9
Pip4k2a	ENSMUSG00000026737	PIP4K2A	one2one	NA		22.9
Pip4k2b	ENSMUSG00000018547	PIP4K2B	one2one	NA		22.9
Pip4k2c	ENSMUSG00000025417	PIP4K2C	one2one	NA		22.9
Pip4p1	ENSMUSG00000035953	PIP4P1	one2one	NA		22.9
Pip4p2	ENSMUSG00000028221	PIP4P2	one2one	NA		22.9
Pip5k1a	ENSMUSG00000028126	PIP5K1A	one2one	NA		22.9
Pip5k1b	ENSMUSG00000024867	PIP5K1B	one2one	NA		22.9
Pip5k1c	ENSMUSG00000034902	PIP5K1C	one2one	NA		22.9
Pip5kl1	ENSMUSG00000046854	PIP5KL1	one2one	NA		22.9
Pipox	ENSMUSG00000017453	PIPOX	one2one	NA		22.9
Pisd	ENSMUSG00000023452	PISD	one2one	NA		22.9
Pithd1	ENSMUSG00000028669	PITHD1	one2one	NA		22.9
Pitpna	ENSMUSG00000017781	PITPNA	one2one	NA		22.9
Pitpnb	ENSMUSG00000050017	PITPNB	one2one	NA		22.9
Pitpnc1	ENSMUSG00000040430	PITPNC1	one2one	NA		22.9
Pitpnm1	ENSMUSG00000024851	PITPNM1	one2one	NA		22.9
Pitpnm2	ENSMUSG00000029406	PITPNM2	one2one	NA		22.9
Pitrm1	ENSMUSG00000021193	PITRM1	one2one	NA		22.9
Piwil2	ENSMUSG00000033644	PIWIL2	one2one	NA		22.9
Piwil4	ENSMUSG00000036912	PIWIL4	one2one	NA		22.9
Pja1	ENSMUSG00000034403	PJA1	one2one	NA		22.9
Pja2	ENSMUSG00000024083	PJA2	one2one	NA		22.9
Pkd1	ENSMUSG00000032855	PKD1	one2one	NA		22.9
Pkd1l2	ENSMUSG00000034416	PKD1L2	one2one	NA		22.9
Pkd1l3	ENSMUSG00000048827	PKD1L3	one2one	NA		22.9
Pkd2	ENSMUSG00000034462	PKD2	one2one	NA		22.9
Pkd2l2	ENSMUSG00000014503	PKD2L2	one2one	NA		22.9
Pkdcc	ENSMUSG00000024247	PKDCC	one2one	NA		22.9
Pkhd1l1	ENSMUSG00000038725	PKHD1L1	one2one	NA		22.9
Pkib	ENSMUSG00000019876	PKIB	one2one	NA		22.9
Pkig	ENSMUSG00000035268	PKIG	one2one	NA		22.9
Pkm	ENSMUSG00000032294	PKM	one2one	NA		22.9
Pkmyt1	ENSMUSG00000023908	PKMYT1	one2one	NA		22.9
Pkn1	ENSMUSG00000057672	PKN1	one2one	NA		22.9
Pkn2	ENSMUSG00000004591	PKN2	one2one	NA		22.9
Pkn3	ENSMUSG00000026785	PKN3	one2one	NA		22.9
Pknox1	ENSMUSG00000006705	PKNOX1	one2one	NA		22.9
Pkp2	ENSMUSG00000041957	PKP2	one2one	NA		22.9
Pkp3	ENSMUSG00000054065	PKP3	one2one	NA		22.9
Pkp4	ENSMUSG00000026991	PKP4	one2one	NA		22.9
Pla1a	ENSMUSG00000002847	PLA1A	one2one	NA		22.9
Pla2g12a	ENSMUSG00000027999	PLA2G12A	one2one	NA		22.9
Pla2g15	ENSMUSG00000031903	PLA2G15	one2one	NA		22.9
Pla2g3	ENSMUSG00000034579	PLA2G3	one2one	NA		22.9
Pla2g4a	ENSMUSG00000056220	PLA2G4A	one2one	NA		22.9
Pla2g4b	ENSMUSG00000098488	PLA2G4B	one2one	NA		22.9
Pla2g4c	ENSMUSG00000033847	PLA2G4C	one2one	NA		22.9
Pla2g4f	ENSMUSG00000046971	PLA2G4F	one2one	NA		22.9
Pla2g6	ENSMUSG00000042632	PLA2G6	one2one	NA		22.9
Pla2r1	ENSMUSG00000054580	PLA2R1	one2one	NA		22.9
Plaa	ENSMUSG00000028577	PLAA	one2one	NA		22.9
Plaat3	ENSMUSG00000060675	PLAAT3	one2one	NA		22.9
Plac8	ENSMUSG00000029322	PLAC8	one2one	NA		22.9
Plag1	ENSMUSG00000003282	PLAG1	one2one	NA		22.9
Plagl1	ENSMUSG00000019817	PLAGL1	one2one	NA		22.9
Plagl2	ENSMUSG00000051413	PLAGL2	one2one	NA		22.9
Plat	ENSMUSG00000031538	PLAT	one2one	NA		22.9
Plau	ENSMUSG00000021822	PLAU	one2one	NA		22.9
Plaur	ENSMUSG00000046223	PLAUR	one2one	NA		22.9
Plbd2	ENSMUSG00000029598	PLBD2	one2one	NA		22.9
Plcb2	ENSMUSG00000040061	PLCB2	one2one	NA		22.9
Plcb3	ENSMUSG00000024960	PLCB3	one2one	NA		22.9
Plcb4	ENSMUSG00000039943	PLCB4	one2one	NA		22.9
Plcd1	ENSMUSG00000010660	PLCD1	one2one	NA		22.9
Plcd3	ENSMUSG00000020937	PLCD3	one2one	NA		22.9
Plcd4	ENSMUSG00000026173	PLCD4	one2one	NA		22.9
Plce1	ENSMUSG00000024998	PLCE1	one2one	NA		22.9
Plcg1	ENSMUSG00000016933	PLCG1	one2one	NA		22.9
Plcg2	ENSMUSG00000034330	PLCG2	one2one	NA		22.9
Plch1	ENSMUSG00000036834	PLCH1	one2one	NA		22.9
Plch2	ENSMUSG00000029055	PLCH2	one2one	NA		22.9
Plcl1	ENSMUSG00000038349	PLCL1	one2one	NA		22.9
Plcl2	ENSMUSG00000038910	PLCL2	one2one	NA		22.9
Plcxd1	ENSMUSG00000064247	PLCXD1	one2one	NA		22.9
Plcxd2	ENSMUSG00000087141	PLCXD2	one2one	NA		22.9
Pld1	ENSMUSG00000027695	PLD1	one2one	NA		22.9
Pld2	ENSMUSG00000020828	PLD2	one2one	NA		22.9
Pld3	ENSMUSG00000003363	PLD3	one2one	NA		22.9
Pld4	ENSMUSG00000052160	PLD4	one2one	NA		22.9
Pld6	ENSMUSG00000043648	PLD6	one2one	NA		22.9
Plec	ENSMUSG00000022565	PLEC	one2one	NA		22.9
Plek	ENSMUSG00000020120	PLEK	one2one	NA		22.9
Plek2	ENSMUSG00000021118	PLEK2	one2one	NA		22.9
Plekha1	ENSMUSG00000040268	PLEKHA1	one2one	NA		22.9
Plekha2	ENSMUSG00000031557	PLEKHA2	one2one	NA		22.9
Plekha3	ENSMUSG00000002733	PLEKHA3	one2one	NA		22.9
Plekha4	ENSMUSG00000040428	PLEKHA4	one2one	NA		22.9
Plekha5	ENSMUSG00000030231	PLEKHA5	one2one	NA		22.9
Plekha6	ENSMUSG00000041757	PLEKHA6	one2one	NA		22.9
Plekha7	ENSMUSG00000045659	PLEKHA7	one2one	NA		22.9
Plekha8	ENSMUSG00000005225	PLEKHA8	one2one	NA		22.9
Plekhb1	ENSMUSG00000030701	PLEKHB1	one2one	NA		22.9
Plekhb2	ENSMUSG00000026123	PLEKHB2	one2one	NA		22.9
Plekhd1	ENSMUSG00000066438	PLEKHD1	one2one	NA		22.9
Plekhf1	ENSMUSG00000074170	PLEKHF1	one2one	NA		22.9
Plekhf2	ENSMUSG00000049969	PLEKHF2	one2one	NA		22.9
Plekhg1	ENSMUSG00000040624	PLEKHG1	one2one	NA		22.9
Plekhg2	ENSMUSG00000037552	PLEKHG2	one2one	NA		22.9
Plekhg3	ENSMUSG00000052609	PLEKHG3	one2one	NA		22.9
Plekhg4	ENSMUSG00000014782	PLEKHG4	one2one	NA		22.9
Plekhg5	ENSMUSG00000039713	PLEKHG5	one2one	NA		22.9
Plekhg6	ENSMUSG00000038167	PLEKHG6	one2one	NA		22.9
Plekhh1	ENSMUSG00000060716	PLEKHH1	one2one	NA		22.9
Plekhh3	ENSMUSG00000035172	PLEKHH3	one2one	NA		22.9
Plekhj1	ENSMUSG00000035278	PLEKHJ1	one2one	NA		22.9
Plekhm1	ENSMUSG00000034247	PLEKHM1	one2one	NA		22.9
Plekhm2	ENSMUSG00000028917	PLEKHM2	one2one	NA		22.9
Plekhm3	ENSMUSG00000051344	PLEKHM3	one2one	NA		22.9
Plekhn1	ENSMUSG00000078485	PLEKHN1	one2one	NA		22.9
Plekho1	ENSMUSG00000015745	PLEKHO1	one2one	NA		22.9
Plekho2	ENSMUSG00000050721	PLEKHO2	one2one	NA		22.9
Plgrkt	ENSMUSG00000016495	PLGRKT	one2one	NA		22.9
Plin2	ENSMUSG00000028494	PLIN2	one2one	NA		22.9
Plin3	ENSMUSG00000024197	PLIN3	one2one	NA		22.9
Plin4	ENSMUSG00000002831	PLIN4	one2one	NA		22.9
Plk1	ENSMUSG00000030867	PLK1	one2one	NA		22.9
Plk2	ENSMUSG00000021701	PLK2	one2one	NA		22.9
Plk3	ENSMUSG00000028680	PLK3	one2one	NA		22.9
Plk4	ENSMUSG00000025758	PLK4	one2one	NA		22.9
Plod1	ENSMUSG00000019055	PLOD1	one2one	NA		22.9
Plod2	ENSMUSG00000032374	PLOD2	one2one	NA		22.9
Plod3	ENSMUSG00000004846	PLOD3	one2one	NA		22.9
Plp1	ENSMUSG00000031425	PLP1	one2one	NA		22.9
Plp2	ENSMUSG00000031146	PLP2	many2one	NA		22.9
Plpbp	ENSMUSG00000031485	PLPBP	one2one	NA		22.9
Plpp1	ENSMUSG00000021759	PLPP1	one2one	NA		22.9
Plpp2	ENSMUSG00000052151	PLPP2	one2one	NA		22.9
Plpp5	ENSMUSG00000031570	PLPP5	one2one	NA		22.9
Plpp6	ENSMUSG00000040105	PLPP6	one2one	NA		22.9
Plppr2	ENSMUSG00000040563	PLPPR2	one2one	NA		22.9
Plppr3	ENSMUSG00000035835	PLPPR3	one2one	NA		22.9
Plrg1	ENSMUSG00000027998	PLRG1	one2one	NA		22.9
Pls1	ENSMUSG00000049493	PLS1	one2one	NA		22.9
Pls3	ENSMUSG00000016382	PLS3	one2one	NA		22.9
Plscr1	ENSMUSG00000032369	PLSCR1	many2one	NA		22.9
Plscr2	ENSMUSG00000032372	PLSCR1	many2one	NA		22.9
Plscr3	ENSMUSG00000019461	PLSCR3	one2one	NA		22.9
Plscr4	ENSMUSG00000032377	PLSCR4	one2one	NA		22.9
Pltp	ENSMUSG00000017754	PLTP	one2one	NA		22.9
Plvap	ENSMUSG00000034845	PLVAP	one2one	NA		22.9
Plxdc1	ENSMUSG00000017417	PLXDC1	one2one	NA		22.9
Plxdc2	ENSMUSG00000026748	PLXDC2	one2one	NA		22.9
Plxna1	ENSMUSG00000030084	PLXNA1	one2one	NA		22.9
Plxna3	ENSMUSG00000031398	PLXNA3	one2one	NA		22.9
Plxnb1	ENSMUSG00000053646	PLXNB1	one2one	NA		22.9
Plxnb2	ENSMUSG00000036606	PLXNB2	one2one	NA		22.9
Plxnc1	ENSMUSG00000074785	PLXNC1	one2one	NA		22.9
Plxnd1	ENSMUSG00000030123	PLXND1	one2one	NA		22.9
Pm20d2	ENSMUSG00000054659	PM20D2	one2one	NA		22.9
Pmaip1	ENSMUSG00000024521	PMAIP1	one2one	NA		22.9
Pmch	ENSMUSG00000035383	PMCH	one2one	NA		22.9
Pmel	ENSMUSG00000025359	PMEL	one2one	NA		22.9
Pmepa1	ENSMUSG00000038400	PMEPA1	one2one	NA		22.9
Pmf1	ENSMUSG00000028066	PMF1	one2one	NA		22.9
Pml	ENSMUSG00000036986	PML	one2one	NA		22.9
Pmm1	ENSMUSG00000022474	PMM1	one2one	NA		22.9
Pmm2	ENSMUSG00000022711	PMM2	one2one	NA		22.9
Pmp22	ENSMUSG00000018217	PMP22	one2one	NA		22.9
Pmpca	ENSMUSG00000026926	PMPCA	one2one	NA		22.9
Pmpcb	ENSMUSG00000029017	PMPCB	one2one	NA		22.9
Pms1	ENSMUSG00000026098	PMS1	one2one	NA		22.9
Pms2	ENSMUSG00000079109	PMS2	one2one	NA		22.9
Pmvk	ENSMUSG00000027952	PMVK	one2one	NA		22.9
Pnisr	ENSMUSG00000028248	PNISR	one2one	NA		22.9
Pnkd	ENSMUSG00000026179	PNKD	one2one	NA		22.9
Pnkp	ENSMUSG00000002963	PNKP	one2one	NA		22.9
Pnldc1	ENSMUSG00000073460	PNLDC1	one2one	NA		22.9
Pnma1	ENSMUSG00000054383	PNMA1	one2one	NA		22.9
Pnma2	ENSMUSG00000046204	PNMA2	one2one	NA		22.9
Pnn	ENSMUSG00000020994	PNN	one2one	NA		22.9
Pno1	ENSMUSG00000020116	PNO1	one2one	NA		22.9
Pnp	ENSMUSG00000115338	PNP	many2one	NA		22.9
Pnp2	ENSMUSG00000068417	PNP	many2one	NA		22.9
Pnpla2	ENSMUSG00000025509	PNPLA2	one2one	NA		22.9
Pnpla6	ENSMUSG00000004565	PNPLA6	one2one	NA		22.9
Pnpla7	ENSMUSG00000036833	PNPLA7	one2one	NA		22.9
Pnpla8	ENSMUSG00000036257	PNPLA8	one2one	NA		22.9
Pnpo	ENSMUSG00000018659	PNPO	one2one	NA		22.9
Pnpt1	ENSMUSG00000020464	PNPT1	one2one	NA		22.9
Pnrc1	ENSMUSG00000040128	PNRC1	one2one	NA		22.9
Pnrc2	ENSMUSG00000028675	PNRC2	one2one	NA		22.9
Poc1a	ENSMUSG00000023345	POC1A	one2one	NA		22.9
Poc1b	ENSMUSG00000019952	POC1B	one2one	NA		22.9
Poc5	ENSMUSG00000021671	POC5	one2one	NA		22.9
Podn	ENSMUSG00000028600	PODN	one2one	NA		22.9
Podnl1	ENSMUSG00000012889	PODNL1	one2one	NA		22.9
Podxl	ENSMUSG00000025608	PODXL	one2one	NA		22.9
Pofut1	ENSMUSG00000046020	POFUT1	one2one	NA		22.9
Pofut2	ENSMUSG00000020260	POFUT2	one2one	NA		22.9
Pogk	ENSMUSG00000040596	POGK	one2one	NA		22.9
Poglut1	ENSMUSG00000034064	POGLUT1	one2one	NA		22.9
Poglut2	ENSMUSG00000026047	POGLUT2	one2one	NA		22.9
Poglut3	ENSMUSG00000034487	POGLUT3	one2one	NA		22.9
Pogz	ENSMUSG00000038902	POGZ	one2one	NA		22.9
Pola1	ENSMUSG00000006678	POLA1	one2one	NA		22.9
Pola2	ENSMUSG00000024833	POLA2	one2one	NA		22.9
Polb	ENSMUSG00000031536	POLB	one2one	NA		22.9
Pold1	ENSMUSG00000038644	POLD1	one2one	NA		22.9
Pold2	ENSMUSG00000020471	POLD2	one2one	NA		22.9
Pold3	ENSMUSG00000030726	POLD3	one2one	NA		22.9
Pold4	ENSMUSG00000024854	POLD4	one2one	NA		22.9
Poldip2	ENSMUSG00000001100	POLDIP2	one2one	NA		22.9
Poldip3	ENSMUSG00000041815	POLDIP3	one2one	NA		22.9
Pole	ENSMUSG00000007080	POLE	one2one	NA		22.9
Pole2	ENSMUSG00000020974	POLE2	one2one	NA		22.9
Pole3	ENSMUSG00000028394	POLE3	one2one	NA		22.9
Pole4	ENSMUSG00000030042	POLE4	one2one	NA		22.9
Polg	ENSMUSG00000039176	POLG	one2one	NA		22.9
Polg2	ENSMUSG00000020718	POLG2	one2one	NA		22.9
Polh	ENSMUSG00000023953	POLH	one2one	NA		22.9
Poli	ENSMUSG00000038425	POLI	one2one	NA		22.9
Polk	ENSMUSG00000021668	POLK	one2one	NA		22.9
Poll	ENSMUSG00000025218	POLL	one2one	NA		22.9
Polm	ENSMUSG00000020474	POLM	one2one	NA		22.9
Poln	ENSMUSG00000045102	POLN	one2one	NA		22.9
Polq	ENSMUSG00000034206	POLQ	one2one	NA		22.9
Polr1a	ENSMUSG00000049553	POLR1A	one2one	NA		22.9
Polr1b	ENSMUSG00000027395	POLR1B	one2one	NA		22.9
Polr1c	ENSMUSG00000067148	POLR1C	one2one	NA		22.9
Polr1d	ENSMUSG00000029642	POLR1D	one2one	NA		22.9
Polr1e	ENSMUSG00000028318	POLR1E	one2one	NA		22.9
Polr2a	ENSMUSG00000005198	POLR2A	one2one	NA		22.9
Polr2b	ENSMUSG00000029250	POLR2B	one2one	NA		22.9
Polr2c	ENSMUSG00000031783	POLR2C	one2one	NA		22.9
Polr2d	ENSMUSG00000024258	POLR2D	one2one	NA		22.9
Polr2e	ENSMUSG00000004667	POLR2E	one2one	NA		22.9
Polr2f	ENSMUSG00000033020	POLR2F	one2one	NA		22.9
Polr2g	ENSMUSG00000071662	POLR2G	one2one	NA		22.9
Polr2h	ENSMUSG00000021018	POLR2H	one2one	NA		22.9
Polr2i	ENSMUSG00000019738	POLR2I	one2one	NA		22.9
Polr2j	ENSMUSG00000039771	POLR2J	one2one	NA		22.9
Polr2k	ENSMUSG00000045996	POLR2K	one2one	NA		22.9
Polr2l	ENSMUSG00000038489	POLR2L	one2one	NA		22.9
Polr2m	ENSMUSG00000032199	POLR2M	one2one	NA		22.9
Polr3a	ENSMUSG00000025280	POLR3A	one2one	NA		22.9
Polr3b	ENSMUSG00000034453	POLR3B	one2one	NA		22.9
Polr3c	ENSMUSG00000028099	POLR3C	one2one	NA		22.9
Polr3d	ENSMUSG00000000776	POLR3D	one2one	NA		22.9
Polr3e	ENSMUSG00000030880	POLR3E	one2one	NA		22.9
Polr3f	ENSMUSG00000027427	POLR3F	one2one	NA		22.9
Polr3g	ENSMUSG00000035834	POLR3G	one2one	NA		22.9
Polr3gl	ENSMUSG00000028104	POLR3GL	one2one	NA		22.9
Polr3h	ENSMUSG00000022476	POLR3H	one2one	NA		22.9
Polr3k	ENSMUSG00000038628	POLR3K	one2one	NA		22.9
Polrmt	ENSMUSG00000020329	POLRMT	one2one	NA		22.9
Pom121	ENSMUSG00000053293	POM121	one2many	NA		22.9
Pom121	ENSMUSG00000053293	POM121C	one2many	NA		22.9
Pom121l2	ENSMUSG00000016982	POM121L2	one2one	NA		22.9
Pomc	ENSMUSG00000020660	POMC	one2one	NA		22.9
Pomgnt1	ENSMUSG00000028700	POMGNT1	one2one	NA		22.9
Pomgnt2	ENSMUSG00000066235	POMGNT2	one2one	NA		22.9
Pomk	ENSMUSG00000037251	POMK	one2one	NA		22.9
Pomp	ENSMUSG00000029649	POMP	one2one	NA		22.9
Pomt1	ENSMUSG00000039254	POMT1	one2one	NA		22.9
Pomt2	ENSMUSG00000034126	POMT2	one2one	NA		22.9
Pon2	ENSMUSG00000032667	PON2	one2one	NA		22.9
Pon3	ENSMUSG00000029759	PON3	one2one	NA		22.9
Pop1	ENSMUSG00000022325	POP1	one2one	NA		22.9
Pop4	ENSMUSG00000030423	POP4	one2one	NA		22.9
Pop5	ENSMUSG00000060152	POP5	one2one	NA		22.9
Pop7	ENSMUSG00000029715	POP7	one2one	NA		22.9
Popdc2	ENSMUSG00000022803	POPDC2	one2one	NA		22.9
Por	ENSMUSG00000005514	POR	one2one	NA		22.9
Porcn	ENSMUSG00000031169	PORCN	one2one	NA		22.9
Pot1a	ENSMUSG00000029676	POT1	many2one	NA		22.9
Pot1b	ENSMUSG00000024174	POT1	many2one	NA		22.9
Pou2af1	ENSMUSG00000032053	POU2AF1	one2one	NA		22.9
Pou2f1	ENSMUSG00000026565	POU2F1	one2one	NA		22.9
Pou2f2	ENSMUSG00000008496	POU2F2	one2one	NA		22.9
Pou4f1	ENSMUSG00000048349	POU4F1	one2one	NA		22.9
Pou5f2	ENSMUSG00000093668	POU5F2	one2one	NA		22.9
Pou6f1	ENSMUSG00000009739	POU6F1	one2one	NA		22.9
Pp2d1	ENSMUSG00000044957	PP2D1	one2one	NA		22.9
Ppa1	ENSMUSG00000020089	PPA1	one2one	NA		22.9
Ppa2	ENSMUSG00000028013	PPA2	one2one	NA		22.9
Ppan	ENSMUSG00000004100	PPAN	one2one	NA		22.9
Ppard	ENSMUSG00000002250	PPARD	one2one	NA		22.9
Pparg	ENSMUSG00000000440	PPARG	one2one	NA		22.9
Ppargc1b	ENSMUSG00000033871	PPARGC1B	one2one	NA		22.9
Ppat	ENSMUSG00000029246	PPAT	one2one	NA		22.9
Ppbp	ENSMUSG00000029372	PPBP	one2one	NA		22.9
Ppcdc	ENSMUSG00000063849	PPCDC	one2one	NA		22.9
Ppcs	ENSMUSG00000028636	PPCS	one2one	NA		22.9
Ppdpf	ENSMUSG00000016344	PPDPF	one2one	NA		22.9
Ppef1	ENSMUSG00000062168	PPEF1	one2one	NA		22.9
Ppfia1	ENSMUSG00000037519	PPFIA1	one2one	NA		22.9
Ppfia3	ENSMUSG00000003863	PPFIA3	one2one	NA		22.9
Ppfia4	ENSMUSG00000026458	PPFIA4	one2one	NA		22.9
Ppfibp1	ENSMUSG00000016487	PPFIBP1	one2one	NA		22.9
Ppfibp2	ENSMUSG00000036528	PPFIBP2	one2one	NA		22.9
Pphln1	ENSMUSG00000036167	PPHLN1	one2one	NA		22.9
Ppia	ENSMUSG00000071866	PPIA	one2one	NA		22.9
Ppib	ENSMUSG00000032383	PPIB	one2one	NA		22.9
Ppic	ENSMUSG00000024538	PPIC	one2one	NA		22.9
Ppid	ENSMUSG00000027804	PPID	one2one	NA		22.9
Ppie	ENSMUSG00000028651	PPIE	one2one	NA		22.9
Ppif	ENSMUSG00000021868	PPIF	one2one	NA		22.9
Ppig	ENSMUSG00000042133	PPIG	one2one	NA		22.9
Ppih	ENSMUSG00000060288	PPIH	one2one	NA		22.9
Ppil1	ENSMUSG00000024007	PPIL1	one2one	NA		22.9
Ppil2	ENSMUSG00000022771	PPIL2	one2one	NA		22.9
Ppil3	ENSMUSG00000026035	PPIL3	one2one	NA		22.9
Ppil4	ENSMUSG00000015757	PPIL4	one2one	NA		22.9
Ppip5k1	ENSMUSG00000033526	PPIP5K1	one2one	NA		22.9
Ppip5k2	ENSMUSG00000040648	PPIP5K2	one2one	NA		22.9
Ppl	ENSMUSG00000039457	PPL	one2one	NA		22.9
Ppm1a	ENSMUSG00000021096	PPM1A	one2one	NA		22.9
Ppm1b	ENSMUSG00000061130	PPM1B	one2one	NA		22.9
Ppm1d	ENSMUSG00000020525	PPM1D	one2one	NA		22.9
Ppm1e	ENSMUSG00000046442	PPM1E	one2one	NA		22.9
Ppm1f	ENSMUSG00000026181	PPM1F	one2one	NA		22.9
Ppm1g	ENSMUSG00000029147	PPM1G	one2one	NA		22.9
Ppm1h	ENSMUSG00000034613	PPM1H	one2one	NA		22.9
Ppm1j	ENSMUSG00000002228	PPM1J	one2one	NA		22.9
Ppm1k	ENSMUSG00000037826	PPM1K	one2one	NA		22.9
Ppm1l	ENSMUSG00000027784	PPM1L	one2one	NA		22.9
Ppm1m	ENSMUSG00000020253	PPM1M	one2one	NA		22.9
Ppme1	ENSMUSG00000030718	PPME1	one2one	NA		22.9
Ppox	ENSMUSG00000062729	PPOX	one2one	NA		22.9
Ppp1ca	ENSMUSG00000040385	PPP1CA	one2one	NA		22.9
Ppp1cb	ENSMUSG00000014956	PPP1CB	one2one	NA		22.9
Ppp1cc	ENSMUSG00000004455	PPP1CC	many2one	NA		22.9
Ppp1ccb	ENSMUSG00000100153	PPP1CC	many2one	NA		22.9
Ppp1r10	ENSMUSG00000039220	PPP1R10	one2one	NA		22.9
Ppp1r11	ENSMUSG00000036398	PPP1R11	one2one	NA		22.9
Ppp1r12a	ENSMUSG00000019907	PPP1R12A	one2one	NA		22.9
Ppp1r12b	ENSMUSG00000073557	PPP1R12B	one2one	NA		22.9
Ppp1r12c	ENSMUSG00000019254	PPP1R12C	one2one	NA		22.9
Ppp1r13b	ENSMUSG00000021285	PPP1R13B	one2one	NA		22.9
Ppp1r13l	ENSMUSG00000040734	PPP1R13L	one2one	NA		22.9
Ppp1r14b	ENSMUSG00000056612	PPP1R14B	one2one	NA		22.9
Ppp1r14c	ENSMUSG00000040653	PPP1R14C	one2one	NA		22.9
Ppp1r15a	ENSMUSG00000040435	PPP1R15A	one2one	NA		22.9
Ppp1r15b	ENSMUSG00000046062	PPP1R15B	one2one	NA		22.9
Ppp1r16a	ENSMUSG00000033819	PPP1R16A	one2one	NA		22.9
Ppp1r16b	ENSMUSG00000037754	PPP1R16B	one2one	NA		22.9
Ppp1r18	ENSMUSG00000034595	PPP1R18	one2one	NA		22.9
Ppp1r1a	ENSMUSG00000022490	PPP1R1A	one2one	NA		22.9
Ppp1r1b	ENSMUSG00000061718	PPP1R1B	one2one	NA		22.9
Ppp1r2	ENSMUSG00000047714	PPP1R2	one2one	NA		22.9
Ppp1r21	ENSMUSG00000034709	PPP1R21	one2one	NA		22.9
Ppp1r26	ENSMUSG00000035829	PPP1R26	one2one	NA		22.9
Ppp1r27	ENSMUSG00000025129	PPP1R27	one2one	NA		22.9
Ppp1r32	ENSMUSG00000035179	PPP1R32	one2one	NA		22.9
Ppp1r35	ENSMUSG00000029725	PPP1R35	one2one	NA		22.9
Ppp1r37	ENSMUSG00000051403	PPP1R37	one2one	NA		22.9
Ppp1r3b	ENSMUSG00000046794	PPP1R3B	one2one	NA		22.9
Ppp1r3c	ENSMUSG00000067279	PPP1R3C	one2one	NA		22.9
Ppp1r3d	ENSMUSG00000049999	PPP1R3D	one2one	NA		22.9
Ppp1r3e	ENSMUSG00000072494	PPP1R3E	one2one	NA		22.9
Ppp1r3f	ENSMUSG00000039556	PPP1R3F	one2one	NA		22.9
Ppp1r3g	ENSMUSG00000050423	PPP1R3G	one2one	NA		22.9
Ppp1r7	ENSMUSG00000026275	PPP1R7	one2one	NA		22.9
Ppp1r8	ENSMUSG00000028882	PPP1R8	one2one	NA		22.9
Ppp1r9b	ENSMUSG00000038976	PPP1R9B	one2one	NA		22.9
Ppp2ca	ENSMUSG00000020349	PPP2CA	one2one	NA		22.9
Ppp2cb	ENSMUSG00000009630	PPP2CB	one2one	NA		22.9
Ppp2r1a	ENSMUSG00000007564	PPP2R1A	one2one	NA		22.9
Ppp2r1b	ENSMUSG00000032058	PPP2R1B	one2one	NA		22.9
Ppp2r2a	ENSMUSG00000022052	PPP2R2A	one2one	NA		22.9
Ppp2r2c	ENSMUSG00000029120	PPP2R2C	one2one	NA		22.9
Ppp2r2d	ENSMUSG00000041769	PPP2R2D	one2one	NA		22.9
Ppp2r3a	ENSMUSG00000043154	PPP2R3A	one2one	NA		22.9
Ppp2r3c	ENSMUSG00000021022	PPP2R3C	one2one	NA		22.9
Ppp2r3d	ENSMUSG00000093803	PPP2R3B	one2one	NA		22.9
Ppp2r5a	ENSMUSG00000026626	PPP2R5A	one2one	NA		22.9
Ppp2r5b	ENSMUSG00000024777	PPP2R5B	one2one	NA		22.9
Ppp2r5c	ENSMUSG00000017843	PPP2R5C	one2one	NA		22.9
Ppp2r5d	ENSMUSG00000059409	PPP2R5D	one2one	NA		22.9
Ppp2r5e	ENSMUSG00000021051	PPP2R5E	one2one	NA		22.9
Ppp3ca	ENSMUSG00000028161	PPP3CA	one2one	NA		22.9
Ppp3cb	ENSMUSG00000021816	PPP3CB	one2one	NA		22.9
Ppp3cc	ENSMUSG00000022092	PPP3CC	one2one	NA		22.9
Ppp3r1	ENSMUSG00000033953	PPP3R1	one2one	NA		22.9
Ppp4c	ENSMUSG00000030697	PPP4C	one2one	NA		22.9
Ppp4r1	ENSMUSG00000061950	PPP4R1	one2one	NA		22.9
Ppp4r2	ENSMUSG00000052144	PPP4R2	one2one	NA		22.9
Ppp4r3a	ENSMUSG00000041846	PPP4R3A	one2one	NA		22.9
Ppp4r3b	ENSMUSG00000020463	PPP4R3B	one2one	NA		22.9
Ppp4r4	ENSMUSG00000021209	PPP4R4	one2one	NA		22.9
Ppp5c	ENSMUSG00000003099	PPP5C	one2one	NA		22.9
Ppp6c	ENSMUSG00000026753	PPP6C	one2one	NA		22.9
Ppp6r1	ENSMUSG00000052296	PPP6R1	one2one	NA		22.9
Ppp6r2	ENSMUSG00000036561	PPP6R2	one2one	NA		22.9
Ppp6r3	ENSMUSG00000024908	PPP6R3	one2one	NA		22.9
Pprc1	ENSMUSG00000055491	PPRC1	one2one	NA		22.9
Ppt1	ENSMUSG00000028657	PPT1	one2one	NA		22.9
Ppt2	ENSMUSG00000015474	PPT2	one2one	NA		22.9
Pptc7	ENSMUSG00000038582	PPTC7	one2one	NA		22.9
Ppwd1	ENSMUSG00000021713	PPWD1	one2one	NA		22.9
Pqbp1	ENSMUSG00000031157	PQBP1	one2one	NA		22.9
Pqlc2	ENSMUSG00000028744	SLC66A1	one2one	Slc66a1	org.Mm.eg.db	22.9
Pqlc3	ENSMUSG00000045679	SLC66A3	one2one	NA		22.9
Pradc1	ENSMUSG00000030008	PRADC1	one2one	NA		22.9
Praf2	ENSMUSG00000031149	PRAF2	one2one	NA		22.9
Prag1	ENSMUSG00000050271	PRAG1	one2one	NA		22.9
Pram1	ENSMUSG00000032739	PRAM1	one2one	NA		22.9
Pramef8	ENSMUSG00000046862	PRAMEF1	one2many	Pramel12	org.Mm.eg.db	22.9
Pramef8	ENSMUSG00000046862	PRAMEF10	one2many	Pramel12	org.Mm.eg.db	22.9
Pramef8	ENSMUSG00000046862	PRAMEF12	one2many	Pramel12	org.Mm.eg.db	22.9
Pramef8	ENSMUSG00000046862	PRAMEF17	one2many	Pramel12	org.Mm.eg.db	22.9
Pramef8	ENSMUSG00000046862	PRAMEF2	one2many	Pramel12	org.Mm.eg.db	22.9
Pramef8	ENSMUSG00000046862	PRAMEF20	one2many	Pramel12	org.Mm.eg.db	22.9
Pramef8	ENSMUSG00000046862	PRAMEF4	one2many	Pramel12	org.Mm.eg.db	22.9
Pramef8	ENSMUSG00000046862	PRAMEF6	one2many	Pramel12	org.Mm.eg.db	22.9
Pramef8	ENSMUSG00000046862	PRAMEF7	one2many	Pramel12	org.Mm.eg.db	22.9
Pramef8	ENSMUSG00000046862	PRAMEF8	one2many	Pramel12	org.Mm.eg.db	22.9
Prc1	ENSMUSG00000038943	PRC1	one2one	NA		22.9
Prcc	ENSMUSG00000004895	PRCC	one2one	NA		22.9
Prcp	ENSMUSG00000061119	PRCP	one2one	NA		22.9
Prdm1	ENSMUSG00000038151	PRDM1	one2one	NA		22.9
Prdm10	ENSMUSG00000042496	PRDM10	one2one	NA		22.9
Prdm11	ENSMUSG00000075028	PRDM11	one2one	NA		22.9
Prdm15	ENSMUSG00000014039	PRDM15	one2one	NA		22.9
Prdm16	ENSMUSG00000039410	PRDM16	one2one	NA		22.9
Prdm2	ENSMUSG00000057637	PRDM2	one2one	NA		22.9
Prdm4	ENSMUSG00000035529	PRDM4	one2one	NA		22.9
Prdm5	ENSMUSG00000029913	PRDM5	one2one	NA		22.9
Prdm8	ENSMUSG00000035456	PRDM8	one2one	NA		22.9
Prdm9	ENSMUSG00000051977	PRDM9	one2one	NA		22.9
Prdx1	ENSMUSG00000028691	PRDX1	one2one	NA		22.9
Prdx2	ENSMUSG00000005161	PRDX2	one2one	NA		22.9
Prdx3	ENSMUSG00000024997	PRDX3	one2one	NA		22.9
Prdx4	ENSMUSG00000025289	PRDX4	one2one	NA		22.9
Prdx5	ENSMUSG00000024953	PRDX5	one2one	NA		22.9
Prdx6	ENSMUSG00000026701	PRDX6	one2one	NA		22.9
Preb	ENSMUSG00000045302	PREB	one2one	NA		22.9
Prelid1	ENSMUSG00000021486	PRELID1	one2one	NA		22.9
Prelid2	ENSMUSG00000056671	PRELID2	one2one	NA		22.9
Prelid3a	ENSMUSG00000024530	PRELID3A	one2one	NA		22.9
Prelid3b	ENSMUSG00000016257	PRELID3B	one2one	NA		22.9
Prep	ENSMUSG00000019849	PREP	one2one	NA		22.9
Prepl	ENSMUSG00000024127	PREPL	one2one	NA		22.9
Prex1	ENSMUSG00000039621	PREX1	one2one	NA		22.9
Prex2	ENSMUSG00000048960	PREX2	one2one	NA		22.9
Prf1	ENSMUSG00000037202	PRF1	one2one	NA		22.9
Prg4	ENSMUSG00000006014	PRG4	one2one	NA		22.9
Prickle1	ENSMUSG00000036158	PRICKLE1	one2one	NA		22.9
Prickle3	ENSMUSG00000031145	PRICKLE3	one2one	NA		22.9
Prim1	ENSMUSG00000025395	PRIM1	one2one	NA		22.9
Prim2	ENSMUSG00000026134	PRIM2	one2one	NA		22.9
Primpol	ENSMUSG00000038225	PRIMPOL	one2one	NA		22.9
Prkaa1	ENSMUSG00000050697	PRKAA1	one2one	NA		22.9
Prkaa2	ENSMUSG00000028518	PRKAA2	one2one	NA		22.9
Prkab1	ENSMUSG00000029513	PRKAB1	one2one	NA		22.9
Prkab2	ENSMUSG00000038205	PRKAB2	one2one	NA		22.9
Prkaca	ENSMUSG00000005469	PRKACA	one2one	NA		22.9
Prkacb	ENSMUSG00000005034	PRKACB	one2one	NA		22.9
Prkag1	ENSMUSG00000067713	PRKAG1	one2one	NA		22.9
Prkag2	ENSMUSG00000028944	PRKAG2	one2one	NA		22.9
Prkar1a	ENSMUSG00000020612	PRKAR1A	one2one	NA		22.9
Prkar1b	ENSMUSG00000025855	PRKAR1B	one2one	NA		22.9
Prkar2a	ENSMUSG00000032601	PRKAR2A	one2one	NA		22.9
Prkar2b	ENSMUSG00000002997	PRKAR2B	one2one	NA		22.9
Prkca	ENSMUSG00000050965	PRKCA	one2one	NA		22.9
Prkcb	ENSMUSG00000052889	PRKCB	one2one	NA		22.9
Prkcd	ENSMUSG00000021948	PRKCD	one2one	NA		22.9
Prkce	ENSMUSG00000045038	PRKCE	one2one	NA		22.9
Prkcg	ENSMUSG00000078816	PRKCG	one2one	NA		22.9
Prkch	ENSMUSG00000021108	PRKCH	one2one	NA		22.9
Prkci	ENSMUSG00000037643	PRKCI	one2one	NA		22.9
Prkcq	ENSMUSG00000026778	PRKCQ	one2one	NA		22.9
Prkcsh	ENSMUSG00000003402	PRKCSH	one2one	NA		22.9
Prkcz	ENSMUSG00000029053	PRKCZ	one2one	NA		22.9
Prkd2	ENSMUSG00000041187	PRKD2	one2one	NA		22.9
Prkd3	ENSMUSG00000024070	PRKD3	one2one	NA		22.9
Prkdc	ENSMUSG00000022672	PRKDC	one2one	NA		22.9
Prkg1	ENSMUSG00000052920	PRKG1	one2one	NA		22.9
Prkra	ENSMUSG00000002731	PRKRA	one2one	NA		22.9
Prkrip1	ENSMUSG00000039737	PRKRIP1	one2one	NA		22.9
Prkx	ENSMUSG00000035725	PRKX	one2one	NA		22.9
Prlr	ENSMUSG00000005268	PRLR	one2one	NA		22.9
Prm1	ENSMUSG00000022501	PRM1	one2one	NA		22.9
Prm2	ENSMUSG00000038015	PRM2	one2one	NA		22.9
Prmt1	ENSMUSG00000109324	PRMT1	one2one	NA		22.9
Prmt2	ENSMUSG00000020230	PRMT2	one2one	NA		22.9
Prmt3	ENSMUSG00000030505	PRMT3	one2one	NA		22.9
Prmt5	ENSMUSG00000023110	PRMT5	one2one	NA		22.9
Prmt6	ENSMUSG00000049300	PRMT6	one2one	NA		22.9
Prmt7	ENSMUSG00000060098	PRMT7	one2one	NA		22.9
Prmt9	ENSMUSG00000037134	PRMT9	one2one	NA		22.9
Prnp	ENSMUSG00000079037	PRNP	one2one	NA		22.9
Prob1	ENSMUSG00000073600	PROB1	one2one	NA		22.9
Proca1	ENSMUSG00000044122	PROCA1	one2one	NA		22.9
Procr	ENSMUSG00000027611	PROCR	one2one	NA		22.9
Prodh	ENSMUSG00000003526	PRODH	one2one	NA		22.9
Prok1	ENSMUSG00000070368	PROK1	one2one	NA		22.9
Prokr1	ENSMUSG00000049409	PROKR1	one2one	NA		22.9
Prorp	ENSMUSG00000021023	PRORP	one2one	NA		22.9
Prorsd1	ENSMUSG00000032673	PRORSD1P	one2one	NA		22.9
Pros1	ENSMUSG00000022912	PROS1	one2one	NA		22.9
Proser1	ENSMUSG00000049504	PROSER1	one2one	NA		22.9
Proser2	ENSMUSG00000045319	PROSER2	one2one	NA		22.9
Proser3	ENSMUSG00000036864	PROSER3	one2one	NA		22.9
Prox2	ENSMUSG00000042320	PROX2	one2one	NA		22.9
Proz	ENSMUSG00000031445	PROZ	one2one	NA		22.9
Prpf18	ENSMUSG00000039449	PRPF18	one2one	NA		22.9
Prpf19	ENSMUSG00000024735	PRPF19	one2one	NA		22.9
Prpf3	ENSMUSG00000015748	PRPF3	one2one	NA		22.9
Prpf31	ENSMUSG00000008373	PRPF31	one2one	NA		22.9
Prpf38a	ENSMUSG00000063800	PRPF38A	one2one	NA		22.9
Prpf38b	ENSMUSG00000027881	PRPF38B	one2one	NA		22.9
Prpf39	ENSMUSG00000035597	PRPF39	one2one	NA		22.9
Prpf4	ENSMUSG00000066148	PRPF4	one2one	NA		22.9
Prpf40a	ENSMUSG00000061136	PRPF40A	one2one	NA		22.9
Prpf40b	ENSMUSG00000023007	PRPF40B	one2one	NA		22.9
Prpf4b	ENSMUSG00000021413	PRPF4B	one2one	NA		22.9
Prpf6	ENSMUSG00000002455	PRPF6	one2one	NA		22.9
Prpf8	ENSMUSG00000020850	PRPF8	one2one	NA		22.9
Prph	ENSMUSG00000023484	PRPH	one2one	NA		22.9
Prps1	ENSMUSG00000031432	PRPS1	many2one	NA		22.9
Prps1l3	ENSMUSG00000079104	PRPS1	many2one	NA		22.9
Prps2	ENSMUSG00000025742	PRPS2	one2one	NA		22.9
Prpsap1	ENSMUSG00000015869	PRPSAP1	one2one	NA		22.9
Prpsap2	ENSMUSG00000020528	PRPSAP2	one2one	NA		22.9
Prr11	ENSMUSG00000020493	PRR11	one2one	NA		22.9
Prr12	ENSMUSG00000046574	PRR12	one2one	NA		22.9
Prr13	ENSMUSG00000023048	PRR13	one2one	NA		22.9
Prr14	ENSMUSG00000030822	PRR14	one2one	NA		22.9
Prr14l	ENSMUSG00000054280	PRR14L	one2one	NA		22.9
Prr15	ENSMUSG00000045725	PRR15	one2one	NA		22.9
Prr18	ENSMUSG00000055945	PRR18	one2one	NA		22.9
Prr22	ENSMUSG00000090273	PRR22	one2one	NA		22.9
Prr29	ENSMUSG00000009210	PRR29	one2one	NA		22.9
Prr3	ENSMUSG00000038500	PRR3	one2one	NA		22.9
Prr33	ENSMUSG00000043795	PRR33	one2one	NA		22.9
Prr36	ENSMUSG00000064125	PRR36	one2one	NA		22.9
Prr5	ENSMUSG00000036106	PRR5	one2one	NA		22.9
Prr5l	ENSMUSG00000032841	PRR5L	one2one	NA		22.9
Prr7	ENSMUSG00000034686	PRR7	one2one	NA		22.9
Prrc1	ENSMUSG00000024594	PRRC1	one2one	NA		22.9
Prrc2a	ENSMUSG00000024393	PRRC2A	one2one	NA		22.9
Prrc2b	ENSMUSG00000039262	PRRC2B	one2one	NA		22.9
Prrc2c	ENSMUSG00000040225	PRRC2C	one2one	NA		22.9
Prrg1	ENSMUSG00000047996	PRRG1	one2one	NA		22.9
Prrg2	ENSMUSG00000007837	PRRG2	one2one	NA		22.9
Prrg4	ENSMUSG00000027171	PRRG4	one2one	NA		22.9
Prrt1	ENSMUSG00000015476	PRRT1	one2one	NA		22.9
Prrt2	ENSMUSG00000045114	PRRT2	one2one	NA		22.9
Prrt4	ENSMUSG00000079654	PRRT4	one2one	NA		22.9
Prss12	ENSMUSG00000027978	PRSS12	one2one	NA		22.9
Prss16	ENSMUSG00000006179	PRSS16	one2one	NA		22.9
Prss2	ENSMUSG00000057163	PRSS3	many2one	NA		22.9
Prss35	ENSMUSG00000033491	PRSS35	one2one	NA		22.9
Prss36	ENSMUSG00000070371	PRSS36	one2one	NA		22.9
Prss41	ENSMUSG00000024114	PRSS41	one2one	NA		22.9
Prss42	ENSMUSG00000044664	PRSS42P	one2one	NA		22.9
Prss46	ENSMUSG00000049719	PRSS46P	one2one	NA		22.9
Prss50	ENSMUSG00000048752	PRSS50	one2one	NA		22.9
Prss53	ENSMUSG00000044139	PRSS53	one2one	NA		22.9
Prss56	ENSMUSG00000036480	PRSS56	one2one	NA		22.9
Prss57	ENSMUSG00000020323	PRSS57	one2one	NA		22.9
Prtg	ENSMUSG00000036030	PRTG	one2one	NA		22.9
Prune1	ENSMUSG00000015711	PRUNE1	one2one	NA		22.9
Prx	ENSMUSG00000053198	PRX	one2one	NA		22.9
Prxl2a	ENSMUSG00000021792	PRXL2A	one2one	NA		22.9
Prxl2b	ENSMUSG00000029059	PRXL2B	one2one	NA		22.9
Prxl2c	ENSMUSG00000021482	PRXL2C	one2one	NA		22.9
Psap	ENSMUSG00000004207	PSAP	one2one	NA		22.9
Psat1	ENSMUSG00000024640	PSAT1	one2one	NA		22.9
Psd	ENSMUSG00000037126	PSD	one2one	NA		22.9
Psd2	ENSMUSG00000024347	PSD2	one2one	NA		22.9
Psd3	ENSMUSG00000030465	PSD3	one2one	NA		22.9
Psd4	ENSMUSG00000026979	PSD4	one2one	NA		22.9
Psen1	ENSMUSG00000019969	PSEN1	one2one	NA		22.9
Psen2	ENSMUSG00000010609	PSEN2	one2one	NA		22.9
Psenen	ENSMUSG00000036835	PSENEN	one2one	NA		22.9
Psip1	ENSMUSG00000028484	PSIP1	one2one	NA		22.9
Pskh1	ENSMUSG00000048310	PSKH1	one2one	NA		22.9
Psma1	ENSMUSG00000030751	PSMA1	one2one	NA		22.9
Psma2	ENSMUSG00000015671	PSMA2	one2one	NA		22.9
Psma3	ENSMUSG00000060073	PSMA3	one2one	NA		22.9
Psma4	ENSMUSG00000032301	PSMA4	one2one	NA		22.9
Psma5	ENSMUSG00000068749	PSMA5	one2one	NA		22.9
Psma6	ENSMUSG00000021024	PSMA6	one2one	NA		22.9
Psma7	ENSMUSG00000027566	PSMA7	one2one	NA		22.9
Psma8	ENSMUSG00000036743	PSMA8	one2one	NA		22.9
Psmb1	ENSMUSG00000014769	PSMB1	one2one	NA		22.9
Psmb10	ENSMUSG00000031897	PSMB10	one2one	NA		22.9
Psmb2	ENSMUSG00000028837	PSMB2	one2one	NA		22.9
Psmb3	ENSMUSG00000069744	PSMB3	one2one	NA		22.9
Psmb4	ENSMUSG00000005779	PSMB4	one2one	NA		22.9
Psmb5	ENSMUSG00000022193	PSMB5	one2one	NA		22.9
Psmb6	ENSMUSG00000018286	PSMB6	one2one	NA		22.9
Psmb7	ENSMUSG00000026750	PSMB7	one2one	NA		22.9
Psmb8	ENSMUSG00000024338	PSMB8	one2one	NA		22.9
Psmb9	ENSMUSG00000096727	PSMB9	one2one	NA		22.9
Psmc1	ENSMUSG00000021178	PSMC1	one2one	NA		22.9
Psmc2	ENSMUSG00000028932	PSMC2	one2one	NA		22.9
Psmc3	ENSMUSG00000002102	PSMC3	one2one	NA		22.9
Psmc3ip	ENSMUSG00000019303	PSMC3IP	one2one	NA		22.9
Psmc4	ENSMUSG00000030603	PSMC4	one2one	NA		22.9
Psmc5	ENSMUSG00000020708	PSMC5	one2one	NA		22.9
Psmc6	ENSMUSG00000021832	PSMC6	one2one	NA		22.9
Psmd1	ENSMUSG00000026229	PSMD1	one2one	NA		22.9
Psmd10	ENSMUSG00000031429	PSMD10	one2one	NA		22.9
Psmd11	ENSMUSG00000017428	PSMD11	one2one	NA		22.9
Psmd12	ENSMUSG00000020720	PSMD12	one2one	NA		22.9
Psmd13	ENSMUSG00000025487	PSMD13	one2one	NA		22.9
Psmd14	ENSMUSG00000026914	PSMD14	one2one	NA		22.9
Psmd2	ENSMUSG00000006998	PSMD2	one2one	NA		22.9
Psmd3	ENSMUSG00000017221	PSMD3	one2one	NA		22.9
Psmd4	ENSMUSG00000005625	PSMD4	one2one	NA		22.9
Psmd5	ENSMUSG00000026869	PSMD5	one2one	NA		22.9
Psmd6	ENSMUSG00000021737	PSMD6	one2one	NA		22.9
Psmd7	ENSMUSG00000039067	PSMD7	one2one	NA		22.9
Psmd8	ENSMUSG00000030591	PSMD8	one2one	NA		22.9
Psmd9	ENSMUSG00000029440	PSMD9	one2one	NA		22.9
Psme1	ENSMUSG00000022216	PSME1	one2one	NA		22.9
Psme2	ENSMUSG00000079197	PSME2	many2one	NA		22.9
Psme2b	ENSMUSG00000078153	PSME2	many2one	NA		22.9
Psme3	ENSMUSG00000078652	PSME3	one2one	NA		22.9
Psme4	ENSMUSG00000040850	PSME4	one2one	NA		22.9
Psmf1	ENSMUSG00000032869	PSMF1	one2one	NA		22.9
Psmg1	ENSMUSG00000022913	PSMG1	one2one	NA		22.9
Psmg2	ENSMUSG00000024537	PSMG2	one2one	NA		22.9
Psmg3	ENSMUSG00000029551	PSMG3	one2one	NA		22.9
Psmg4	ENSMUSG00000071451	PSMG4	one2one	NA		22.9
Psors1c2	ENSMUSG00000024409	PSORS1C2	one2one	NA		22.9
Pspc1	ENSMUSG00000021938	PSPC1	one2one	NA		22.9
Psph	ENSMUSG00000029446	PSPH	one2one	NA		22.9
Pspn	ENSMUSG00000002664	PSPN	one2one	NA		22.9
Psrc1	ENSMUSG00000068744	PSRC1	one2one	NA		22.9
Pstk	ENSMUSG00000063179	PSTK	one2one	NA		22.9
Pstpip1	ENSMUSG00000032322	PSTPIP1	one2one	NA		22.9
Pstpip2	ENSMUSG00000025429	PSTPIP2	one2one	NA		22.9
Ptafr	ENSMUSG00000056529	PTAFR	one2one	NA		22.9
Ptar1	ENSMUSG00000074925	PTAR1	one2one	NA		22.9
Ptbp1	ENSMUSG00000006498	PTBP1	one2one	NA		22.9
Ptbp2	ENSMUSG00000028134	PTBP2	one2one	NA		22.9
Ptbp3	ENSMUSG00000028382	PTBP3	one2one	NA		22.9
Ptcd1	ENSMUSG00000029624	PTCD1	one2one	NA		22.9
Ptcd2	ENSMUSG00000021650	PTCD2	one2one	NA		22.9
Ptcd3	ENSMUSG00000063884	PTCD3	one2one	NA		22.9
Ptch1	ENSMUSG00000021466	PTCH1	one2one	NA		22.9
Ptch2	ENSMUSG00000028681	PTCH2	one2one	NA		22.9
Ptdss1	ENSMUSG00000021518	PTDSS1	one2one	NA		22.9
Ptdss2	ENSMUSG00000025495	PTDSS2	one2one	NA		22.9
Pten	ENSMUSG00000013663	PTEN	one2one	NA		22.9
Pter	ENSMUSG00000026730	PTER	one2one	NA		22.9
Ptger1	ENSMUSG00000019464	PTGER1	one2one	NA		22.9
Ptger2	ENSMUSG00000037759	PTGER2	one2one	NA		22.9
Ptger3	ENSMUSG00000040016	PTGER3	one2one	NA		22.9
Ptger4	ENSMUSG00000039942	PTGER4	one2one	NA		22.9
Ptges	ENSMUSG00000050737	PTGES	one2one	NA		22.9
Ptges2	ENSMUSG00000026820	PTGES2	one2one	NA		22.9
Ptges3	ENSMUSG00000071072	PTGES3	one2one	NA		22.9
Ptges3l	ENSMUSG00000097487	PTGES3L	one2one	NA		22.9
Ptgfrn	ENSMUSG00000027864	PTGFRN	one2one	NA		22.9
Ptgir	ENSMUSG00000043017	PTGIR	one2one	NA		22.9
Ptgr1	ENSMUSG00000028378	PTGR1	one2one	NA		22.9
Ptgr2	ENSMUSG00000072946	PTGR2	one2one	NA		22.9
Ptgs1	ENSMUSG00000047250	PTGS1	one2one	NA		22.9
Ptgs2	ENSMUSG00000032487	PTGS2	one2one	NA		22.9
Pthlh	ENSMUSG00000048776	PTHLH	one2one	NA		22.9
Ptk2	ENSMUSG00000022607	PTK2	one2one	NA		22.9
Ptk2b	ENSMUSG00000059456	PTK2B	one2one	NA		22.9
Ptk7	ENSMUSG00000023972	PTK7	one2one	NA		22.9
Ptma	ENSMUSG00000026238	PTMA	one2one	NA		22.9
Ptms	ENSMUSG00000030122	PTMS	one2one	NA		22.9
Ptov1	ENSMUSG00000038502	PTOV1	one2one	NA		22.9
Ptp4a1	ENSMUSG00000117310	PTP4A1	one2one	NA		22.9
Ptp4a2	ENSMUSG00000028788	PTP4A2	one2one	NA		22.9
Ptp4a3	ENSMUSG00000059895	PTP4A3	one2one	NA		22.9
Ptpa	ENSMUSG00000039515	PTPA	one2one	NA		22.9
Ptpdc1	ENSMUSG00000038042	PTPDC1	one2one	NA		22.9
Ptpmt1	ENSMUSG00000063235	PTPMT1	one2one	NA		22.9
Ptpn1	ENSMUSG00000027540	PTPN1	one2one	NA		22.9
Ptpn11	ENSMUSG00000043733	PTPN11	one2one	NA		22.9
Ptpn12	ENSMUSG00000028771	PTPN12	one2one	NA		22.9
Ptpn13	ENSMUSG00000034573	PTPN13	one2one	NA		22.9
Ptpn14	ENSMUSG00000026604	PTPN14	one2one	NA		22.9
Ptpn18	ENSMUSG00000026126	PTPN18	one2one	NA		22.9
Ptpn2	ENSMUSG00000024539	PTPN2	one2one	NA		22.9
Ptpn21	ENSMUSG00000021009	PTPN21	one2one	NA		22.9
Ptpn22	ENSMUSG00000027843	PTPN22	one2one	NA		22.9
Ptpn23	ENSMUSG00000036057	PTPN23	one2one	NA		22.9
Ptpn3	ENSMUSG00000038764	PTPN3	one2one	NA		22.9
Ptpn4	ENSMUSG00000026384	PTPN4	one2one	NA		22.9
Ptpn5	ENSMUSG00000030854	PTPN5	one2one	NA		22.9
Ptpn6	ENSMUSG00000004266	PTPN6	one2one	NA		22.9
Ptpn7	ENSMUSG00000031506	PTPN7	one2one	NA		22.9
Ptpn9	ENSMUSG00000032290	PTPN9	one2one	NA		22.9
Ptpra	ENSMUSG00000027303	PTPRA	one2one	NA		22.9
Ptprc	ENSMUSG00000026395	PTPRC	one2one	NA		22.9
Ptpre	ENSMUSG00000041836	PTPRE	one2one	NA		22.9
Ptprf	ENSMUSG00000033295	PTPRF	one2one	NA		22.9
Ptprg	NA	PTPRG	one2one	NA		22.9
Ptprj	ENSMUSG00000025314	PTPRJ	one2one	NA		22.9
Ptprk	ENSMUSG00000019889	PTPRK	one2one	NA		22.9
Ptprn	ENSMUSG00000026204	PTPRN	one2one	NA		22.9
Ptprr	ENSMUSG00000020151	PTPRR	one2one	NA		22.9
Ptprs	ENSMUSG00000013236	PTPRS	one2one	NA		22.9
Ptpru	ENSMUSG00000028909	PTPRU	one2one	NA		22.9
Ptrh1	ENSMUSG00000053746	PTRH1	one2one	NA		22.9
Ptrh2	ENSMUSG00000072582	PTRH2	one2one	NA		22.9
Ptrhd1	ENSMUSG00000096199	PTRHD1	one2one	NA		22.9
Pts	ENSMUSG00000032067	PTS	one2one	NA		22.9
Pttg1	ENSMUSG00000020415	PTTG1	one2one	NA		22.9
Pttg1ip	ENSMUSG00000009291	PTTG1IP	one2one	NA		22.9
Puf60	ENSMUSG00000002524	PUF60	one2one	NA		22.9
Pum1	ENSMUSG00000028580	PUM1	one2one	NA		22.9
Pum2	ENSMUSG00000020594	PUM2	one2one	NA		22.9
Pum3	ENSMUSG00000041360	PUM3	one2one	NA		22.9
Pura	ENSMUSG00000043991	PURA	one2one	NA		22.9
Purb	ENSMUSG00000094483	PURB	one2one	NA		22.9
Purg	ENSMUSG00000049184	PURG	one2one	NA		22.9
Pus1	ENSMUSG00000029507	PUS1	one2one	NA		22.9
Pus10	ENSMUSG00000020280	PUS10	one2one	NA		22.9
Pus7	ENSMUSG00000057541	PUS7	one2one	NA		22.9
Pus7l	ENSMUSG00000033356	PUS7L	one2one	NA		22.9
Pusl1	ENSMUSG00000051557	PUSL1	one2one	NA		22.9
Pvr	ENSMUSG00000040511	PVR	one2one	NA		22.9
Pwp1	ENSMUSG00000001785	PWP1	one2one	NA		22.9
Pwp2	ENSMUSG00000032834	PWP2	one2one	NA		22.9
Pwwp2a	ENSMUSG00000044950	PWWP2A	one2one	NA		22.9
Pwwp2b	ENSMUSG00000060260	PWWP2B	one2one	NA		22.9
Pwwp3a	ENSMUSG00000020156	PWWP3A	one2one	NA		22.9
Pxdc1	ENSMUSG00000021411	PXDC1	one2one	NA		22.9
Pxk	ENSMUSG00000033885	PXK	one2one	NA		22.9
Pxmp2	ENSMUSG00000029499	PXMP2	one2one	NA		22.9
Pxmp4	ENSMUSG00000000876	PXMP4	one2one	NA		22.9
Pxn	ENSMUSG00000029528	PXN	one2one	NA		22.9
Pxylp1	ENSMUSG00000043587	PXYLP1	one2one	NA		22.9
Pycard	ENSMUSG00000030793	PYCARD	one2one	NA		22.9
Pycr1	ENSMUSG00000025140	PYCR1	one2one	NA		22.9
Pycr2	ENSMUSG00000026520	PYCR2	one2one	NA		22.9
Pycrl	ENSMUSG00000022571	PYCR3	one2one	NA		22.9
Pygb	ENSMUSG00000033059	PYGB	one2one	NA		22.9
Pygl	ENSMUSG00000021069	PYGL	one2one	NA		22.9
Pygm	ENSMUSG00000032648	PYGM	one2one	NA		22.9
Pygo2	ENSMUSG00000047824	PYGO2	one2one	NA		22.9
Pym1	ENSMUSG00000064030	PYM1	one2one	NA		22.9
Pyroxd1	ENSMUSG00000041671	PYROXD1	one2one	NA		22.9
Pyroxd2	ENSMUSG00000060224	PYROXD2	one2one	NA		22.9
Pyurf	ENSMUSG00000043162	PYURF	one2one	NA		22.9
Qars	ENSMUSG00000032604	QARS1	one2one	NA		22.9
Qdpr	ENSMUSG00000015806	QDPR	one2one	NA		22.9
Qk	ENSMUSG00000062078	QKI	one2one	Qki	org.Mm.eg.db	22.9
Qpct	ENSMUSG00000024084	QPCT	one2one	NA		22.9
Qpctl	ENSMUSG00000030407	QPCTL	one2one	NA		22.9
Qprt	ENSMUSG00000030674	QPRT	one2one	NA		22.9
Qrfp	ENSMUSG00000043102	QRFP	one2one	NA		22.9
Qrich1	ENSMUSG00000006673	QRICH1	one2one	NA		22.9
Qrich2	ENSMUSG00000070331	QRICH2	one2one	NA		22.9
Qrsl1	ENSMUSG00000019863	QRSL1	one2one	NA		22.9
Qser1	ENSMUSG00000074994	QSER1	one2one	NA		22.9
Qsox1	ENSMUSG00000033684	QSOX1	one2one	NA		22.9
Qsox2	ENSMUSG00000036327	QSOX2	one2one	NA		22.9
Qtrt1	ENSMUSG00000002825	QTRT1	one2one	NA		22.9
Qtrt2	ENSMUSG00000022704	QTRT2	one2one	NA		22.9
R3hcc1	ENSMUSG00000034194	R3HCC1	one2one	NA		22.9
R3hcc1l	ENSMUSG00000025184	R3HCC1L	one2one	NA		22.9
R3hdm1	ENSMUSG00000056211	R3HDM1	one2one	NA		22.9
R3hdm2	ENSMUSG00000025404	R3HDM2	one2one	NA		22.9
R3hdm4	ENSMUSG00000035781	R3HDM4	one2one	NA		22.9
Rab10	ENSMUSG00000020671	RAB10	one2one	NA		22.9
Rab11a	ENSMUSG00000004771	RAB11A	one2one	NA		22.9
Rab11b	ENSMUSG00000077450	RAB11B	one2one	NA		22.9
Rab11fip1	ENSMUSG00000031488	RAB11FIP1	one2one	NA		22.9
Rab11fip2	ENSMUSG00000040022	RAB11FIP2	one2one	NA		22.9
Rab11fip3	ENSMUSG00000037098	RAB11FIP3	one2one	NA		22.9
Rab11fip4	ENSMUSG00000017639	RAB11FIP4	one2one	NA		22.9
Rab11fip5	ENSMUSG00000051343	RAB11FIP5	one2one	NA		22.9
Rab12	ENSMUSG00000023460	RAB12	one2one	NA		22.9
Rab13	ENSMUSG00000027935	RAB13	one2one	NA		22.9
Rab14	ENSMUSG00000026878	RAB14	one2one	NA		22.9
Rab15	ENSMUSG00000021062	RAB15	one2one	NA		22.9
Rab18	ENSMUSG00000073639	RAB18	one2one	NA		22.9
Rab19	ENSMUSG00000029923	RAB19	one2one	NA		22.9
Rab1a	ENSMUSG00000020149	RAB1A	one2one	NA		22.9
Rab1b	ENSMUSG00000024870	RAB1B	one2one	NA		22.9
Rab20	ENSMUSG00000031504	RAB20	one2one	NA		22.9
Rab21	ENSMUSG00000020132	RAB21	one2one	NA		22.9
Rab22a	ENSMUSG00000027519	RAB22A	one2one	NA		22.9
Rab23	ENSMUSG00000004768	RAB23	one2one	NA		22.9
Rab24	ENSMUSG00000034789	RAB24	one2one	NA		22.9
Rab25	ENSMUSG00000008601	RAB25	one2one	NA		22.9
Rab26	ENSMUSG00000079657	RAB26	one2one	NA		22.9
Rab27a	ENSMUSG00000032202	RAB27A	one2one	NA		22.9
Rab27b	ENSMUSG00000024511	RAB27B	one2one	NA		22.9
Rab28	ENSMUSG00000029128	RAB28	one2one	NA		22.9
Rab29	ENSMUSG00000026433	RAB29	one2one	NA		22.9
Rab2a	ENSMUSG00000047187	RAB2A	one2one	NA		22.9
Rab2b	ENSMUSG00000022159	RAB2B	one2one	NA		22.9
Rab30	ENSMUSG00000030643	RAB30	one2one	NA		22.9
Rab31	ENSMUSG00000056515	RAB31	one2one	NA		22.9
Rab32	ENSMUSG00000019832	RAB32	one2one	NA		22.9
Rab33a	ENSMUSG00000031104	RAB33A	one2one	NA		22.9
Rab33b	ENSMUSG00000027739	RAB33B	one2one	NA		22.9
Rab34	ENSMUSG00000002059	RAB34	one2one	NA		22.9
Rab35	ENSMUSG00000029518	RAB35	one2one	NA		22.9
Rab36	ENSMUSG00000020175	RAB36	one2one	NA		22.9
Rab37	ENSMUSG00000020732	RAB37	one2one	NA		22.9
Rab39	ENSMUSG00000055069	RAB39A	one2one	NA		22.9
Rab39b	ENSMUSG00000031202	RAB39B	one2one	NA		22.9
Rab3a	ENSMUSG00000031840	RAB3A	one2one	NA		22.9
Rab3d	ENSMUSG00000019066	RAB3D	one2one	NA		22.9
Rab3gap1	ENSMUSG00000036104	RAB3GAP1	one2one	NA		22.9
Rab3gap2	ENSMUSG00000039318	RAB3GAP2	one2one	NA		22.9
Rab3ip	ENSMUSG00000064181	RAB3IP	one2one	NA		22.9
Rab40c	ENSMUSG00000025730	RAB40C	one2one	NA		22.9
Rab42	ENSMUSG00000089687	RAB42	one2one	NA		22.9
Rab43	ENSMUSG00000030055	RAB43	one2one	NA		22.9
Rab4a	ENSMUSG00000019478	RAB4A	one2one	NA		22.9
Rab4b	ENSMUSG00000053291	RAB4B	one2one	NA		22.9
Rab5a	ENSMUSG00000017831	RAB5A	one2one	NA		22.9
Rab5b	ENSMUSG00000000711	RAB5B	one2one	NA		22.9
Rab5c	ENSMUSG00000019173	RAB5C	one2one	NA		22.9
Rab5if	ENSMUSG00000027637	RAB5IF	one2one	NA		22.9
Rab6a	ENSMUSG00000030704	RAB6A	one2one	NA		22.9
Rab6b	ENSMUSG00000032549	RAB6B	one2one	NA		22.9
Rab7	ENSMUSG00000079477	RAB7A	one2one	NA		22.9
Rab8a	ENSMUSG00000003037	RAB8A	one2one	NA		22.9
Rab8b	ENSMUSG00000036943	RAB8B	one2one	NA		22.9
Rab9	ENSMUSG00000079316	RAB9A	one2one	NA		22.9
Rabac1	ENSMUSG00000003380	RABAC1	one2one	NA		22.9
Rabep1	ENSMUSG00000020817	RABEP1	one2one	NA		22.9
Rabep2	ENSMUSG00000030727	RABEP2	one2one	NA		22.9
Rabepk	ENSMUSG00000070953	RABEPK	one2one	NA		22.9
Rabgap1	ENSMUSG00000035437	RABGAP1	one2one	NA		22.9
Rabgap1l	ENSMUSG00000026721	RABGAP1L	one2one	NA		22.9
Rabgef1	ENSMUSG00000025340	RABGEF1	one2one	NA		22.9
Rabggta	ENSMUSG00000040472	RABGGTA	one2one	NA		22.9
Rabggtb	ENSMUSG00000038975	RABGGTB	one2one	NA		22.9
Rabif	ENSMUSG00000042229	RABIF	one2one	NA		22.9
Rabl2	ENSMUSG00000022621	RABL2B	one2one	NA		22.9
Rabl3	ENSMUSG00000022827	RABL3	one2one	NA		22.9
Rabl6	ENSMUSG00000015087	RABL6	one2one	NA		22.9
Rac1	ENSMUSG00000001847	RAC1	one2one	NA		22.9
Rac2	ENSMUSG00000033220	RAC2	one2one	NA		22.9
Rac3	ENSMUSG00000018012	RAC3	one2one	NA		22.9
Racgap1	ENSMUSG00000023015	RACGAP1	one2one	NA		22.9
Rack1	ENSMUSG00000020372	RACK1	one2one	NA		22.9
Rad1	ENSMUSG00000022248	RAD1	one2one	NA		22.9
Rad17	ENSMUSG00000021635	RAD17	one2one	NA		22.9
Rad18	ENSMUSG00000030254	RAD18	one2one	NA		22.9
Rad21	ENSMUSG00000022314	RAD21	one2one	NA		22.9
Rad23a	ENSMUSG00000003813	RAD23A	one2one	NA		22.9
Rad23b	ENSMUSG00000028426	RAD23B	one2one	NA		22.9
Rad50	ENSMUSG00000020380	RAD50	one2one	NA		22.9
Rad51	ENSMUSG00000027323	RAD51	one2one	NA		22.9
Rad51ap1	ENSMUSG00000030346	RAD51AP1	one2one	NA		22.9
Rad51b	ENSMUSG00000059060	RAD51B	one2one	NA		22.9
Rad51c	ENSMUSG00000007646	RAD51C	one2one	NA		22.9
Rad51d	ENSMUSG00000018841	RAD51D	one2one	NA		22.9
Rad52	ENSMUSG00000030166	RAD52	one2one	NA		22.9
Rad54b	ENSMUSG00000078773	RAD54B	one2one	NA		22.9
Rad54l	ENSMUSG00000028702	RAD54L	one2one	NA		22.9
Rad54l2	ENSMUSG00000040661	RAD54L2	one2one	NA		22.9
Rad9a	ENSMUSG00000024824	RAD9A	one2one	NA		22.9
Rad9b	ENSMUSG00000038569	RAD9B	one2one	NA		22.9
Rae1	ENSMUSG00000027509	RAE1	one2one	NA		22.9
Raet1d	ENSMUSG00000078452	RAET1E	one2many	NA		22.9
Raet1d	ENSMUSG00000078452	RAET1L	one2many	NA		22.9
Raf1	ENSMUSG00000000441	RAF1	one2one	NA		22.9
Rag1	ENSMUSG00000061311	RAG1	one2one	NA		22.9
Rai1	ENSMUSG00000062115	RAI1	one2one	NA		22.9
Rai14	ENSMUSG00000022246	RAI14	one2one	NA		22.9
Rala	ENSMUSG00000008859	RALA	one2one	NA		22.9
Ralb	ENSMUSG00000004451	RALB	one2one	NA		22.9
Ralbp1	ENSMUSG00000024096	RALBP1	one2one	NA		22.9
Ralgapa1	ENSMUSG00000021027	RALGAPA1	one2one	NA		22.9
Ralgapa2	ENSMUSG00000037110	RALGAPA2	one2one	NA		22.9
Ralgapb	ENSMUSG00000027652	RALGAPB	one2one	NA		22.9
Ralgds	ENSMUSG00000026821	RALGDS	one2one	NA		22.9
Ralgps1	ENSMUSG00000038831	RALGPS1	one2one	NA		22.9
Ralgps2	ENSMUSG00000026594	RALGPS2	one2one	NA		22.9
Raly	ENSMUSG00000027593	RALY	one2one	NA		22.9
Ralyl	ENSMUSG00000039717	RALYL	one2one	NA		22.9
Ramac	ENSMUSG00000038646	RAMAC	many2one	NA		22.9
Ramp1	ENSMUSG00000034353	RAMP1	one2one	NA		22.9
Ramp3	ENSMUSG00000041046	RAMP3	one2one	NA		22.9
Ran	ENSMUSG00000029430	RAN	one2one	NA		22.9
Ranbp1	ENSMUSG00000005732	RANBP1	one2one	NA		22.9
Ranbp10	ENSMUSG00000037415	RANBP10	one2one	NA		22.9
Ranbp17	ENSMUSG00000040594	RANBP17	one2one	NA		22.9
Ranbp2	ENSMUSG00000003226	RANBP2	one2one	NA		22.9
Ranbp3	ENSMUSG00000002372	RANBP3	one2one	NA		22.9
Ranbp3l	ENSMUSG00000048424	RANBP3L	one2one	NA		22.9
Ranbp6	ENSMUSG00000074909	RANBP6	one2one	NA		22.9
Ranbp9	ENSMUSG00000038546	RANBP9	one2one	NA		22.9
Rangap1	ENSMUSG00000022391	RANGAP1	one2one	NA		22.9
Rap1a	ENSMUSG00000068798	RAP1A	one2one	NA		22.9
Rap1b	ENSMUSG00000052681	RAP1B	one2one	NA		22.9
Rap1gap	ENSMUSG00000041351	RAP1GAP	one2one	NA		22.9
Rap1gap2	ENSMUSG00000038807	RAP1GAP2	one2one	NA		22.9
Rap1gds1	ENSMUSG00000028149	RAP1GDS1	one2one	NA		22.9
Rap2a	ENSMUSG00000051615	RAP2A	one2one	NA		22.9
Rap2b	ENSMUSG00000036894	RAP2B	one2one	NA		22.9
Rap2c	ENSMUSG00000050029	RAP2C	one2one	NA		22.9
Rapgef1	ENSMUSG00000039844	RAPGEF1	one2one	NA		22.9
Rapgef2	ENSMUSG00000062232	RAPGEF2	one2one	NA		22.9
Rapgef3	ENSMUSG00000022469	RAPGEF3	one2one	NA		22.9
Rapgef4	ENSMUSG00000049044	RAPGEF4	one2one	NA		22.9
Rapgef5	ENSMUSG00000041992	RAPGEF5	one2one	NA		22.9
Rapgef6	ENSMUSG00000037533	RAPGEF6	one2one	NA		22.9
Rapgefl1	ENSMUSG00000038020	RAPGEFL1	one2one	NA		22.9
Raph1	ENSMUSG00000026014	RAPH1	one2one	NA		22.9
Rapsn	ENSMUSG00000002104	RAPSN	one2one	NA		22.9
Rara	ENSMUSG00000037992	RARA	one2one	NA		22.9
Rarg	ENSMUSG00000001288	RARG	one2one	NA		22.9
Rars	ENSMUSG00000018848	RARS1	one2one	NA		22.9
Rars2	ENSMUSG00000028292	RARS2	one2one	NA		22.9
Rasa1	ENSMUSG00000021549	RASA1	one2one	NA		22.9
Rasa2	ENSMUSG00000032413	RASA2	one2one	NA		22.9
Rasa3	ENSMUSG00000031453	RASA3	one2one	NA		22.9
Rasa4	ENSMUSG00000004952	RASA4B	one2one	NA		22.9
Rasal1	ENSMUSG00000029602	RASAL1	one2one	NA		22.9
Rasal2	ENSMUSG00000070565	RASAL2	one2one	NA		22.9
Rasal3	ENSMUSG00000052142	RASAL3	one2one	NA		22.9
Rasd1	ENSMUSG00000049892	RASD1	one2one	NA		22.9
Rasd2	ENSMUSG00000034472	RASD2	one2one	NA		22.9
Rasgef1a	ENSMUSG00000030134	RASGEF1A	one2one	NA		22.9
Rasgef1b	ENSMUSG00000089809	RASGEF1B	one2one	NA		22.9
Rasgrf1	ENSMUSG00000032356	RASGRF1	one2one	NA		22.9
Rasgrf2	ENSMUSG00000021708	RASGRF2	one2one	NA		22.9
Rasgrp1	ENSMUSG00000027347	RASGRP1	one2one	NA		22.9
Rasgrp2	ENSMUSG00000032946	RASGRP2	one2one	NA		22.9
Rasgrp3	ENSMUSG00000071042	RASGRP3	one2one	NA		22.9
Rasgrp4	ENSMUSG00000030589	RASGRP4	one2one	NA		22.9
Rasip1	ENSMUSG00000044562	RASIP1	one2one	NA		22.9
Rasl10a	ENSMUSG00000034209	RASL10A	one2one	NA		22.9
Rasl11a	ENSMUSG00000029641	RASL11A	one2one	NA		22.9
Rasl11b	ENSMUSG00000049907	RASL11B	one2one	NA		22.9
Rassf1	ENSMUSG00000010067	RASSF1	one2one	NA		22.9
Rassf2	ENSMUSG00000027339	RASSF2	one2one	NA		22.9
Rassf3	ENSMUSG00000025795	RASSF3	one2one	NA		22.9
Rassf4	ENSMUSG00000042129	RASSF4	one2one	NA		22.9
Rassf5	ENSMUSG00000026430	RASSF5	one2one	NA		22.9
Rassf7	ENSMUSG00000038618	RASSF7	one2one	NA		22.9
Rassf8	ENSMUSG00000030259	RASSF8	one2one	NA		22.9
Raver2	ENSMUSG00000035275	RAVER2	one2one	NA		22.9
Rb1	ENSMUSG00000022105	RB1	one2one	NA		22.9
Rb1cc1	ENSMUSG00000025907	RB1CC1	one2one	NA		22.9
Rbak	ENSMUSG00000061898	RBAK	one2one	NA		22.9
Rbbp4	ENSMUSG00000057236	RBBP4	one2one	NA		22.9
Rbbp5	ENSMUSG00000026439	RBBP5	one2one	NA		22.9
Rbbp6	ENSMUSG00000030779	RBBP6	one2one	NA		22.9
Rbbp7	ENSMUSG00000031353	RBBP7	one2one	NA		22.9
Rbbp8	ENSMUSG00000041238	RBBP8	one2one	NA		22.9
Rbbp9	ENSMUSG00000027428	RBBP9	one2one	NA		22.9
Rbck1	ENSMUSG00000027466	RBCK1	one2one	NA		22.9
Rbfa	ENSMUSG00000024570	RBFA	one2one	NA		22.9
Rbfox2	ENSMUSG00000033565	RBFOX2	one2one	NA		22.9
Rbis	ENSMUSG00000078784	RBIS	one2one	NA		22.9
Rbks	ENSMUSG00000029136	RBKS	one2one	NA		22.9
Rbl1	ENSMUSG00000027641	RBL1	one2one	NA		22.9
Rbl2	ENSMUSG00000031666	RBL2	one2one	NA		22.9
Rbm10	ENSMUSG00000031060	RBM10	one2one	NA		22.9
Rbm11	ENSMUSG00000032940	RBM11	one2one	NA		22.9
Rbm12	ENSMUSG00000089824	RBM12	one2one	NA		22.9
Rbm12b1	ENSMUSG00000046667	RBM12B	many2one	NA		22.9
Rbm12b2	ENSMUSG00000052137	RBM12B	many2one	NA		22.9
Rbm14	ENSMUSG00000006456	RBM14	one2one	NA		22.9
Rbm15	ENSMUSG00000048109	RBM15	one2one	NA		22.9
Rbm15b	ENSMUSG00000074102	RBM15B	one2one	NA		22.9
Rbm17	ENSMUSG00000037197	RBM17	one2one	NA		22.9
Rbm18	ENSMUSG00000026889	RBM18	one2one	NA		22.9
Rbm19	ENSMUSG00000029594	RBM19	one2one	NA		22.9
Rbm20	ENSMUSG00000043639	RBM20	one2one	NA		22.9
Rbm22	ENSMUSG00000024604	RBM22	one2one	NA		22.9
Rbm24	ENSMUSG00000038132	RBM24	one2one	NA		22.9
Rbm25	ENSMUSG00000010608	RBM25	one2one	NA		22.9
Rbm26	ENSMUSG00000022119	RBM26	one2one	NA		22.9
Rbm27	ENSMUSG00000024491	RBM27	one2one	NA		22.9
Rbm28	ENSMUSG00000029701	RBM28	one2one	NA		22.9
Rbm3	ENSMUSG00000031167	RBM3	one2one	NA		22.9
Rbm33	ENSMUSG00000048271	RBM33	one2one	NA		22.9
Rbm34	ENSMUSG00000033931	RBM34	one2one	NA		22.9
Rbm38	ENSMUSG00000027510	RBM38	one2one	NA		22.9
Rbm39	ENSMUSG00000027620	RBM39	one2one	NA		22.9
Rbm4	ENSMUSG00000094936	RBM4	one2one	NA		22.9
Rbm41	ENSMUSG00000031433	RBM41	one2one	NA		22.9
Rbm42	ENSMUSG00000036733	RBM42	one2one	NA		22.9
Rbm43	ENSMUSG00000036249	RBM43	one2one	NA		22.9
Rbm44	ENSMUSG00000070732	RBM44	one2one	NA		22.9
Rbm45	ENSMUSG00000042369	RBM45	one2one	NA		22.9
Rbm47	ENSMUSG00000070780	RBM47	one2one	NA		22.9
Rbm48	ENSMUSG00000040302	RBM48	one2one	NA		22.9
Rbm4b	ENSMUSG00000033760	RBM4B	one2one	NA		22.9
Rbm5	ENSMUSG00000032580	RBM5	one2one	NA		22.9
Rbm6	ENSMUSG00000032582	RBM6	one2one	NA		22.9
Rbm7	ENSMUSG00000042396	RBM7	one2one	NA		22.9
Rbm8a	ENSMUSG00000038374	RBM8A	many2one	NA		22.9
Rbm8a2	ENSMUSG00000078184	RBM8A	many2one	NA		22.9
Rbms1	ENSMUSG00000026970	RBMS1	one2one	NA		22.9
Rbms2	ENSMUSG00000040043	RBMS2	one2one	NA		22.9
Rbmx	ENSMUSG00000031134	RBMX	one2one	NA		22.9
Rbmx2	ENSMUSG00000031107	RBMX2	one2one	NA		22.9
Rbmxl1	ENSMUSG00000037070	RBMXL1	one2one	NA		22.9
Rbp1	ENSMUSG00000046402	RBP1	one2one	NA		22.9
Rbp4	ENSMUSG00000024990	RBP4	one2one	NA		22.9
Rbpj	ENSMUSG00000039191	RBPJ	one2one	NA		22.9
Rbpms	ENSMUSG00000031586	RBPMS	one2one	NA		22.9
Rbpms2	ENSMUSG00000032387	RBPMS2	one2one	NA		22.9
Rbsn	ENSMUSG00000014550	RBSN	one2one	NA		22.9
Rbx1	ENSMUSG00000022400	RBX1	one2one	NA		22.9
Rc3h1	ENSMUSG00000040423	RC3H1	one2one	NA		22.9
Rc3h2	ENSMUSG00000075376	RC3H2	one2one	NA		22.9
Rcan1	ENSMUSG00000022951	RCAN1	one2one	NA		22.9
Rcan3	ENSMUSG00000059713	RCAN3	one2one	NA		22.9
Rcbtb1	ENSMUSG00000035469	RCBTB1	one2one	NA		22.9
Rcbtb2	ENSMUSG00000022106	RCBTB2	one2one	NA		22.9
Rcc1	ENSMUSG00000028896	RCC1	one2one	NA		22.9
Rcc1l	ENSMUSG00000061979	RCC1L	one2one	NA		22.9
Rcc2	ENSMUSG00000040945	RCC2	one2one	NA		22.9
Rccd1	ENSMUSG00000038930	RCCD1	one2one	NA		22.9
Rce1	ENSMUSG00000024889	RCE1	one2one	NA		22.9
Rchy1	ENSMUSG00000029397	RCHY1	one2one	NA		22.9
Rcl1	ENSMUSG00000024785	RCL1	one2one	NA		22.9
Rcn1	ENSMUSG00000005973	RCN1	one2one	NA		22.9
Rcn2	ENSMUSG00000032320	RCN2	one2one	NA		22.9
Rcn3	ENSMUSG00000019539	RCN3	one2one	NA		22.9
Rcor1	ENSMUSG00000037896	RCOR1	one2one	NA		22.9
Rcor2	ENSMUSG00000024968	RCOR2	one2one	NA		22.9
Rcor3	ENSMUSG00000037395	RCOR3	one2one	NA		22.9
Rcsd1	ENSMUSG00000040723	RCSD1	one2one	NA		22.9
Rd3	ENSMUSG00000049353	RD3	one2one	NA		22.9
Rdh1	ENSMUSG00000089789	RDH16	one2one	NA		22.9
Rdh10	ENSMUSG00000025921	RDH10	one2one	NA		22.9
Rdh11	ENSMUSG00000066441	RDH11	one2one	NA		22.9
Rdh12	ENSMUSG00000021123	RDH12	one2one	NA		22.9
Rdh13	ENSMUSG00000008435	RDH13	one2one	NA		22.9
Rdh14	ENSMUSG00000020621	RDH14	one2one	NA		22.9
Rdh5	ENSMUSG00000025350	RDH5	one2one	NA		22.9
Rdm1	ENSMUSG00000010362	RDM1	one2one	NA		22.9
Rdx	ENSMUSG00000032050	RDX	one2one	NA		22.9
Rec114	ENSMUSG00000074269	REC114	one2one	NA		22.9
Rec8	ENSMUSG00000002324	REC8	one2one	NA		22.9
Reck	ENSMUSG00000028476	RECK	one2one	NA		22.9
Recql	ENSMUSG00000030243	RECQL	one2one	NA		22.9
Recql4	ENSMUSG00000033762	RECQL4	one2one	NA		22.9
Recql5	ENSMUSG00000020752	RECQL5	one2one	NA		22.9
Reep1	ENSMUSG00000052852	REEP1	one2one	NA		22.9
Reep2	ENSMUSG00000038555	REEP2	one2one	NA		22.9
Reep3	ENSMUSG00000019873	REEP3	one2one	NA		22.9
Reep4	ENSMUSG00000033589	REEP4	one2one	NA		22.9
Reep5	ENSMUSG00000005873	REEP5	one2one	NA		22.9
Reep6	ENSMUSG00000035504	REEP6	one2one	NA		22.9
Rel	ENSMUSG00000020275	REL	one2one	NA		22.9
Rela	ENSMUSG00000024927	RELA	one2one	NA		22.9
Relb	ENSMUSG00000002983	RELB	one2one	NA		22.9
Relch	ENSMUSG00000026319	RELCH	one2one	NA		22.9
Rell1	ENSMUSG00000047881	RELL1	one2one	NA		22.9
Rell2	ENSMUSG00000044024	RELL2	one2one	NA		22.9
Relt	ENSMUSG00000008318	RELT	one2one	NA		22.9
Rem2	ENSMUSG00000022176	REM2	one2one	NA		22.9
Renbp	ENSMUSG00000031387	RENBP	one2one	NA		22.9
Repin1	ENSMUSG00000052751	REPIN1	one2one	NA		22.9
Reps1	ENSMUSG00000019854	REPS1	one2one	NA		22.9
Reps2	ENSMUSG00000040855	REPS2	one2one	NA		22.9
Rer1	ENSMUSG00000029048	RER1	one2one	NA		22.9
Rere	ENSMUSG00000039852	RERE	one2one	NA		22.9
Resf1	ENSMUSG00000032712	RESF1	one2one	NA		22.9
Rest	ENSMUSG00000029249	REST	one2one	NA		22.9
Ret	ENSMUSG00000030110	RET	one2one	NA		22.9
Retreg1	ENSMUSG00000022270	RETREG1	one2one	NA		22.9
Retreg2	ENSMUSG00000049339	RETREG2	one2one	NA		22.9
Retreg3	ENSMUSG00000017802	RETREG3	one2one	NA		22.9
Retsat	ENSMUSG00000056666	RETSAT	one2one	NA		22.9
Rev1	ENSMUSG00000026082	REV1	one2one	NA		22.9
Rev3l	ENSMUSG00000019841	REV3L	one2one	NA		22.9
Rex1bd	ENSMUSG00000058833	REX1BD	one2one	NA		22.9
Rexo1	ENSMUSG00000047417	REXO1	one2one	NA		22.9
Rexo2	ENSMUSG00000032026	REXO2	one2one	NA		22.9
Rexo4	ENSMUSG00000052406	REXO4	one2one	NA		22.9
Rexo5	ENSMUSG00000030924	REXO5	one2one	NA		22.9
Rfc1	ENSMUSG00000029191	RFC1	one2one	NA		22.9
Rfc2	ENSMUSG00000023104	RFC2	one2one	NA		22.9
Rfc3	ENSMUSG00000033970	RFC3	one2one	NA		22.9
Rfc4	ENSMUSG00000022881	RFC4	one2one	NA		22.9
Rfc5	ENSMUSG00000029363	RFC5	one2one	NA		22.9
Rfesd	ENSMUSG00000043190	RFESD	one2one	NA		22.9
Rffl	ENSMUSG00000020696	RFFL	one2one	NA		22.9
Rfk	ENSMUSG00000024712	RFK	one2one	NA		22.9
Rflna	ENSMUSG00000037962	RFLNA	one2one	NA		22.9
Rflnb	ENSMUSG00000020846	RFLNB	one2one	NA		22.9
Rfng	ENSMUSG00000025158	RFNG	one2one	NA		22.9
Rft1	ENSMUSG00000052395	RFT1	one2one	NA		22.9
Rftn1	ENSMUSG00000039316	RFTN1	one2one	NA		22.9
Rftn2	ENSMUSG00000025978	RFTN2	one2one	NA		22.9
Rfwd3	ENSMUSG00000033596	RFWD3	one2one	NA		22.9
Rfx1	ENSMUSG00000031706	RFX1	one2one	NA		22.9
Rfx2	ENSMUSG00000024206	RFX2	one2one	NA		22.9
Rfx3	ENSMUSG00000040929	RFX3	one2one	NA		22.9
Rfx5	ENSMUSG00000005774	RFX5	one2one	NA		22.9
Rfx7	ENSMUSG00000037674	RFX7	one2one	NA		22.9
Rfx8	ENSMUSG00000057173	RFX8	one2one	NA		22.9
Rfxank	ENSMUSG00000036120	RFXANK	one2one	NA		22.9
Rfxap	ENSMUSG00000036615	RFXAP	one2one	NA		22.9
Rgcc	ENSMUSG00000022018	RGCC	one2one	NA		22.9
Rgl1	ENSMUSG00000026482	RGL1	one2one	NA		22.9
Rgl2	ENSMUSG00000041354	RGL2	one2one	NA		22.9
Rgmb	ENSMUSG00000048027	RGMB	one2one	NA		22.9
Rgp1	ENSMUSG00000028468	RGP1	one2one	NA		22.9
Rgs1	ENSMUSG00000026358	RGS1	one2one	NA		22.9
Rgs10	ENSMUSG00000030844	RGS10	one2one	NA		22.9
Rgs11	ENSMUSG00000024186	RGS11	one2one	NA		22.9
Rgs12	ENSMUSG00000029101	RGS12	one2one	NA		22.9
Rgs13	ENSMUSG00000051079	RGS13	one2one	NA		22.9
Rgs14	ENSMUSG00000052087	RGS14	one2one	NA		22.9
Rgs16	ENSMUSG00000026475	RGS16	one2one	NA		22.9
Rgs19	ENSMUSG00000002458	RGS19	one2one	NA		22.9
Rgs2	ENSMUSG00000026360	RGS2	one2one	NA		22.9
Rgs3	ENSMUSG00000059810	RGS3	one2one	NA		22.9
Rgs7bp	ENSMUSG00000021719	RGS7BP	one2one	NA		22.9
Rgs8	ENSMUSG00000042671	RGS8	one2one	NA		22.9
Rgs9	ENSMUSG00000020599	RGS9	one2one	NA		22.9
Rgs9bp	ENSMUSG00000056043	RGS9BP	one2one	NA		22.9
Rhbdd1	ENSMUSG00000026142	RHBDD1	one2one	NA		22.9
Rhbdd2	ENSMUSG00000039917	RHBDD2	one2one	NA		22.9
Rhbdd3	ENSMUSG00000034175	RHBDD3	one2one	NA		22.9
Rhbdf1	ENSMUSG00000020282	RHBDF1	one2one	NA		22.9
Rhbdf2	ENSMUSG00000020806	RHBDF2	one2one	NA		22.9
Rhbdl1	ENSMUSG00000025735	RHBDL1	one2one	NA		22.9
Rhbdl3	ENSMUSG00000017692	RHBDL3	one2one	NA		22.9
Rhcg	ENSMUSG00000030549	RHCG	one2one	NA		22.9
Rhd	ENSMUSG00000028825	RHD	one2one	NA		22.9
Rheb	ENSMUSG00000028945	RHEB	one2one	NA		22.9
Rhebl1	ENSMUSG00000023755	RHEBL1	one2one	NA		22.9
Rhno1	ENSMUSG00000048668	RHNO1	one2one	NA		22.9
Rhoa	ENSMUSG00000007815	RHOA	one2one	NA		22.9
Rhob	ENSMUSG00000054364	RHOB	one2one	NA		22.9
Rhobtb1	ENSMUSG00000019944	RHOBTB1	one2one	NA		22.9
Rhobtb2	ENSMUSG00000022075	RHOBTB2	one2one	NA		22.9
Rhobtb3	ENSMUSG00000021589	RHOBTB3	one2one	NA		22.9
Rhoc	ENSMUSG00000002233	RHOC	one2one	NA		22.9
Rhod	ENSMUSG00000041845	RHOD	one2one	NA		22.9
Rhof	ENSMUSG00000029449	RHOF	one2one	NA		22.9
Rhog	ENSMUSG00000073982	RHOG	one2one	NA		22.9
Rhoh	ENSMUSG00000029204	RHOH	one2one	NA		22.9
Rhoj	ENSMUSG00000046768	RHOJ	one2one	NA		22.9
Rhoq	ENSMUSG00000024143	RHOQ	one2one	NA		22.9
Rhot1	ENSMUSG00000017686	RHOT1	one2one	NA		22.9
Rhot2	ENSMUSG00000025733	RHOT2	one2one	NA		22.9
Rhov	ENSMUSG00000034226	RHOV	one2one	NA		22.9
Rhpn2	ENSMUSG00000030494	RHPN2	one2one	NA		22.9
Ribc1	ENSMUSG00000025257	RIBC1	one2one	NA		22.9
Ric1	ENSMUSG00000038658	RIC1	one2one	NA		22.9
Ric3	ENSMUSG00000048330	RIC3	one2one	NA		22.9
Ric8a	ENSMUSG00000025485	RIC8A	one2one	NA		22.9
Ric8b	ENSMUSG00000035620	RIC8B	one2one	NA		22.9
Rictor	ENSMUSG00000050310	RICTOR	one2one	NA		22.9
Rida	ENSMUSG00000022323	RIDA	one2one	NA		22.9
Rif1	ENSMUSG00000036202	RIF1	one2one	NA		22.9
Riiad1	ENSMUSG00000028139	RIIAD1	one2one	NA		22.9
Rilp	ENSMUSG00000038195	RILP	one2one	NA		22.9
Rilpl1	ENSMUSG00000029392	RILPL1	one2one	NA		22.9
Rilpl2	ENSMUSG00000029401	RILPL2	one2one	NA		22.9
Rimkla	ENSMUSG00000048899	RIMKLA	one2one	NA		22.9
Rims2	ENSMUSG00000037386	RIMS2	one2one	NA		22.9
Rims3	ENSMUSG00000032890	RIMS3	one2one	NA		22.9
Rin1	ENSMUSG00000024883	RIN1	one2one	NA		22.9
Rin2	ENSMUSG00000001768	RIN2	one2one	NA		22.9
Rin3	ENSMUSG00000044456	RIN3	one2one	NA		22.9
Ring1	ENSMUSG00000024325	RING1	one2one	NA		22.9
Rinl	ENSMUSG00000051735	RINL	one2one	NA		22.9
Rint1	ENSMUSG00000028999	RINT1	one2one	NA		22.9
Riok1	ENSMUSG00000021428	RIOK1	one2one	NA		22.9
Riok2	ENSMUSG00000116564	RIOK2	one2one	NA		22.9
Riok3	ENSMUSG00000024404	RIOK3	one2one	NA		22.9
Riox1	ENSMUSG00000046791	RIOX1	one2one	NA		22.9
Riox2	ENSMUSG00000022724	RIOX2	one2one	NA		22.9
Ripk1	ENSMUSG00000021408	RIPK1	one2one	NA		22.9
Ripk2	ENSMUSG00000041135	RIPK2	one2one	NA		22.9
Ripk3	ENSMUSG00000022221	RIPK3	one2one	NA		22.9
Ripk4	ENSMUSG00000005251	RIPK4	one2one	NA		22.9
Ripor1	ENSMUSG00000038604	RIPOR1	one2one	NA		22.9
Ripor2	ENSMUSG00000036006	RIPOR2	one2one	NA		22.9
Ripor3	ENSMUSG00000074577	RIPOR3	one2one	NA		22.9
Ripply3	ENSMUSG00000022941	RIPPLY3	one2one	NA		22.9
Rit1	ENSMUSG00000028057	RIT1	one2one	NA		22.9
Rita1	ENSMUSG00000029600	RITA1	one2one	NA		22.9
Rlf	ENSMUSG00000049878	RLF	one2one	NA		22.9
Rlim	ENSMUSG00000056537	RLIM	one2one	NA		22.9
Rln3	ENSMUSG00000045232	RLN3	one2one	NA		22.9
Rmc1	ENSMUSG00000024410	RMC1	one2one	NA		22.9
Rmdn1	ENSMUSG00000028229	RMDN1	one2one	NA		22.9
Rmdn2	ENSMUSG00000036368	RMDN2	one2one	NA		22.9
Rmdn3	ENSMUSG00000070730	RMDN3	one2one	NA		22.9
Rmi1	ENSMUSG00000035367	RMI1	one2one	NA		22.9
Rmi2	ENSMUSG00000037991	RMI2	one2one	NA		22.9
Rmnd1	ENSMUSG00000019763	RMND1	one2one	NA		22.9
Rmnd5a	ENSMUSG00000002222	RMND5A	one2one	NA		22.9
Rmnd5b	ENSMUSG00000001054	RMND5B	one2one	NA		22.9
Rnase10	ENSMUSG00000021872	RNASE10	one2one	NA		22.9
Rnase4	ENSMUSG00000021876	RNASE4	one2one	NA		22.9
Rnaseh1	ENSMUSG00000020630	RNASEH1	one2one	NA		22.9
Rnaseh2a	ENSMUSG00000052926	RNASEH2A	one2one	NA		22.9
Rnaseh2b	ENSMUSG00000021932	RNASEH2B	one2one	NA		22.9
Rnaseh2c	ENSMUSG00000024925	RNASEH2C	one2one	NA		22.9
Rnasek	ENSMUSG00000093989	RNASEK	many2one	NA		22.9
Rnasel	ENSMUSG00000066800	RNASEL	one2one	NA		22.9
Rnaset2a	ENSMUSG00000095687	RNASET2	many2one	NA		22.9
Rnaset2b	ENSMUSG00000094724	RNASET2	many2one	NA		22.9
Rnd1	ENSMUSG00000054855	RND1	one2one	NA		22.9
Rnd2	ENSMUSG00000001313	RND2	one2one	NA		22.9
Rnd3	ENSMUSG00000017144	RND3	one2one	NA		22.9
Rnf10	ENSMUSG00000041740	RNF10	one2one	NA		22.9
Rnf103	ENSMUSG00000052656	RNF103	one2one	NA		22.9
Rnf11	ENSMUSG00000028557	RNF11	one2one	NA		22.9
Rnf111	ENSMUSG00000032217	RNF111	one2one	NA		22.9
Rnf113a1	ENSMUSG00000036537	RNF113A	many2one	NA		22.9
Rnf113a2	ENSMUSG00000098134	RNF113A	many2one	NA		22.9
Rnf114	ENSMUSG00000006418	RNF114	one2one	NA		22.9
Rnf115	ENSMUSG00000028098	RNF115	one2one	NA		22.9
Rnf121	ENSMUSG00000070426	RNF121	one2one	NA		22.9
Rnf122	ENSMUSG00000039328	RNF122	one2one	NA		22.9
Rnf123	ENSMUSG00000041528	RNF123	one2one	NA		22.9
Rnf125	ENSMUSG00000033107	RNF125	one2one	NA		22.9
Rnf126	ENSMUSG00000035890	RNF126	one2one	NA		22.9
Rnf128	ENSMUSG00000031438	RNF128	one2one	NA		22.9
Rnf13	ENSMUSG00000036503	RNF13	one2one	NA		22.9
Rnf130	ENSMUSG00000020376	RNF130	one2one	NA		22.9
Rnf135	ENSMUSG00000020707	RNF135	one2one	NA		22.9
Rnf138	ENSMUSG00000024317	RNF138	one2one	NA		22.9
Rnf139	ENSMUSG00000037075	RNF139	one2one	NA		22.9
Rnf14	ENSMUSG00000060450	RNF14	one2one	NA		22.9
Rnf141	ENSMUSG00000030788	RNF141	one2one	NA		22.9
Rnf144a	ENSMUSG00000020642	RNF144A	one2one	NA		22.9
Rnf144b	ENSMUSG00000038068	RNF144B	one2one	NA		22.9
Rnf145	ENSMUSG00000019189	RNF145	one2one	NA		22.9
Rnf146	ENSMUSG00000038876	RNF146	one2one	NA		22.9
Rnf149	ENSMUSG00000048234	RNF149	one2one	NA		22.9
Rnf151	ENSMUSG00000008482	RNF151	one2one	NA		22.9
Rnf152	ENSMUSG00000047496	RNF152	one2one	NA		22.9
Rnf157	ENSMUSG00000052949	RNF157	one2one	NA		22.9
Rnf166	ENSMUSG00000014470	RNF166	one2one	NA		22.9
Rnf167	ENSMUSG00000040746	RNF167	one2one	NA		22.9
Rnf168	ENSMUSG00000014074	RNF168	one2one	NA		22.9
Rnf169	ENSMUSG00000058761	RNF169	one2one	NA		22.9
Rnf17	ENSMUSG00000000365	RNF17	one2one	NA		22.9
Rnf170	ENSMUSG00000013878	RNF170	one2one	NA		22.9
Rnf180	ENSMUSG00000021720	RNF180	one2one	NA		22.9
Rnf181	ENSMUSG00000055850	RNF181	one2one	NA		22.9
Rnf185	ENSMUSG00000020448	RNF185	one2one	NA		22.9
Rnf187	ENSMUSG00000020496	RNF187	one2one	NA		22.9
Rnf19a	ENSMUSG00000022280	RNF19A	one2one	NA		22.9
Rnf19b	ENSMUSG00000028793	RNF19B	one2one	NA		22.9
Rnf2	ENSMUSG00000026484	RNF2	one2one	NA		22.9
Rnf20	ENSMUSG00000028309	RNF20	one2one	NA		22.9
Rnf207	ENSMUSG00000058498	RNF207	one2one	NA		22.9
Rnf208	ENSMUSG00000044628	RNF208	one2one	NA		22.9
Rnf213	ENSMUSG00000070327	RNF213	one2one	NA		22.9
Rnf214	ENSMUSG00000042790	RNF214	one2one	NA		22.9
Rnf215	ENSMUSG00000003581	RNF215	one2one	NA		22.9
Rnf216	ENSMUSG00000045078	RNF216	one2one	NA		22.9
Rnf217	ENSMUSG00000063760	RNF217	one2one	NA		22.9
Rnf219	ENSMUSG00000022120	OBI1	one2one	Obi1	org.Mm.eg.db	22.9
Rnf220	ENSMUSG00000028677	RNF220	one2one	NA		22.9
Rnf222	ENSMUSG00000046490	RNF222	one2one	NA		22.9
Rnf223	ENSMUSG00000110404	RNF223	one2one	NA		22.9
Rnf224	ENSMUSG00000089953	RNF224	one2one	NA		22.9
Rnf225	ENSMUSG00000033967	RNF225	one2one	NA		22.9
Rnf227	ENSMUSG00000043419	RNF227	one2one	NA		22.9
Rnf24	ENSMUSG00000048911	RNF24	one2one	NA		22.9
Rnf25	ENSMUSG00000026171	RNF25	one2one	NA		22.9
Rnf26	ENSMUSG00000053128	RNF26	one2one	NA		22.9
Rnf31	ENSMUSG00000047098	RNF31	one2one	NA		22.9
Rnf32	ENSMUSG00000029130	RNF32	one2one	NA		22.9
Rnf34	ENSMUSG00000029474	RNF34	one2one	NA		22.9
Rnf38	ENSMUSG00000035696	RNF38	one2one	NA		22.9
Rnf39	ENSMUSG00000036492	RNF39	one2one	NA		22.9
Rnf4	ENSMUSG00000029110	RNF4	one2one	NA		22.9
Rnf40	ENSMUSG00000030816	RNF40	one2one	NA		22.9
Rnf41	ENSMUSG00000025373	RNF41	one2one	NA		22.9
Rnf43	ENSMUSG00000034177	RNF43	one2one	NA		22.9
Rnf44	ENSMUSG00000034928	RNF44	one2one	NA		22.9
Rnf5	ENSMUSG00000015478	RNF5	one2one	NA		22.9
Rnf6	ENSMUSG00000029634	RNF6	one2one	NA		22.9
Rnf7	ENSMUSG00000051234	RNF7	one2one	NA		22.9
Rnf8	ENSMUSG00000090083	RNF8	one2one	NA		22.9
Rnft1	ENSMUSG00000020521	RNFT1	one2one	NA		22.9
Rnft2	ENSMUSG00000032850	RNFT2	one2one	NA		22.9
Rngtt	ENSMUSG00000028274	RNGTT	one2one	NA		22.9
Rnh1	ENSMUSG00000038650	RNH1	one2one	NA		22.9
Rnls	ENSMUSG00000071573	RNLS	one2one	NA		22.9
Rnmt	ENSMUSG00000009535	RNMT	one2one	NA		22.9
Rnpc3	ENSMUSG00000027981	RNPC3	one2one	NA		22.9
Rnpep	ENSMUSG00000041926	RNPEP	one2one	NA		22.9
Rnpepl1	ENSMUSG00000026269	RNPEPL1	one2one	NA		22.9
Rnps1	ENSMUSG00000034681	RNPS1	one2one	NA		22.9
Ro60	ENSMUSG00000018199	RO60	one2one	NA		22.9
Robo1	ENSMUSG00000022883	ROBO1	one2one	NA		22.9
Robo3	ENSMUSG00000032128	ROBO3	one2one	NA		22.9
Rock1	ENSMUSG00000024290	ROCK1	one2one	NA		22.9
Rock2	ENSMUSG00000020580	ROCK2	one2one	NA		22.9
Rogdi	ENSMUSG00000022540	ROGDI	one2one	NA		22.9
Rom1	ENSMUSG00000071648	ROM1	one2one	NA		22.9
Romo1	ENSMUSG00000067847	ROMO1	one2one	NA		22.9
Ropn1l	ENSMUSG00000022236	ROPN1L	one2one	NA		22.9
Ror1	ENSMUSG00000035305	ROR1	one2one	NA		22.9
Rora	ENSMUSG00000032238	RORA	one2one	NA		22.9
Rorc	ENSMUSG00000028150	RORC	one2one	NA		22.9
Rp2	ENSMUSG00000060090	RP2	one2one	NA		22.9
Rp9	ENSMUSG00000032239	RP9	one2one	NA		22.9
Rpa1	ENSMUSG00000000751	RPA1	one2one	NA		22.9
Rpa2	ENSMUSG00000028884	RPA2	one2one	NA		22.9
Rpa3	ENSMUSG00000012483	RPA3	one2one	NA		22.9
Rpain	ENSMUSG00000018449	RPAIN	one2one	NA		22.9
Rpap1	ENSMUSG00000034032	RPAP1	one2one	NA		22.9
Rpap2	ENSMUSG00000033773	RPAP2	one2one	NA		22.9
Rpap3	ENSMUSG00000022466	RPAP3	one2one	NA		22.9
Rpe	ENSMUSG00000026005	RPE	one2one	NA		22.9
Rpf1	ENSMUSG00000028187	RPF1	one2one	NA		22.9
Rpf2	ENSMUSG00000038510	RPF2	one2one	NA		22.9
Rpgr	ENSMUSG00000031174	RPGR	one2one	NA		22.9
Rpgrip1	ENSMUSG00000057132	RPGRIP1	one2one	NA		22.9
Rpgrip1l	ENSMUSG00000033282	RPGRIP1L	one2one	NA		22.9
Rph3a	ENSMUSG00000029608	RPH3A	one2one	NA		22.9
Rph3al	ENSMUSG00000020847	RPH3AL	one2one	NA		22.9
Rpia	ENSMUSG00000053604	RPIA	one2one	NA		22.9
Rpl10	ENSMUSG00000008682	RPL10	many2one	NA		22.9
Rpl10-ps3	ENSMUSG00000058443	RPL10	many2one	NA		22.9
Rpl10a	ENSMUSG00000037805	RPL10A	one2one	NA		22.9
Rpl11	ENSMUSG00000059291	RPL11	one2one	NA		22.9
Rpl12	ENSMUSG00000038900	RPL12	one2one	NA		22.9
Rpl13	ENSMUSG00000000740	RPL13	one2one	NA		22.9
Rpl13a	ENSMUSG00000074129	RPL13A	one2one	NA		22.9
Rpl14	ENSMUSG00000025794	RPL14	one2one	NA		22.9
Rpl15	ENSMUSG00000012405	RPL15	one2one	NA		22.9
Rpl17	ENSMUSG00000062328	RPL17	one2one	NA		22.9
Rpl18	ENSMUSG00000059070	RPL18	one2one	NA		22.9
Rpl18a	ENSMUSG00000045128	RPL18A	one2one	NA		22.9
Rpl19	ENSMUSG00000017404	RPL19	one2one	NA		22.9
Rpl21	ENSMUSG00000041453	RPL21	one2one	NA		22.9
Rpl22	ENSMUSG00000028936	RPL22	one2one	NA		22.9
Rpl22l1	ENSMUSG00000039221	RPL22L1	one2one	NA		22.9
Rpl23	ENSMUSG00000071415	RPL23	one2one	NA		22.9
Rpl23a	ENSMUSG00000058546	RPL23A	one2one	NA		22.9
Rpl24	ENSMUSG00000098274	RPL24	one2one	NA		22.9
Rpl26	ENSMUSG00000060938	RPL26	one2one	NA		22.9
Rpl27	ENSMUSG00000063316	RPL27	one2one	NA		22.9
Rpl27a	ENSMUSG00000046364	RPL27A	one2one	NA		22.9
Rpl28	ENSMUSG00000030432	RPL28	one2one	NA		22.9
Rpl29	ENSMUSG00000048758	RPL29	many2one	NA		22.9
Rpl3	ENSMUSG00000060036	RPL3	one2one	NA		22.9
Rpl30	ENSMUSG00000058600	RPL30	one2one	NA		22.9
Rpl31	ENSMUSG00000073702	RPL31	one2one	NA		22.9
Rpl32	ENSMUSG00000057841	RPL32	one2one	NA		22.9
Rpl34	ENSMUSG00000062006	RPL34	one2one	NA		22.9
Rpl35	ENSMUSG00000062997	RPL35	many2one	NA		22.9
Rpl35a	ENSMUSG00000060636	RPL35A	one2one	NA		22.9
Rpl36	ENSMUSG00000057863	RPL36	one2one	NA		22.9
Rpl36a	ENSMUSG00000079435	RPL36A	one2one	NA		22.9
Rpl36al	ENSMUSG00000049751	RPL36AL	one2one	NA		22.9
Rpl37	ENSMUSG00000041841	RPL37	one2one	NA		22.9
Rpl37a	ENSMUSG00000046330	RPL37A	one2one	NA		22.9
Rpl38	ENSMUSG00000057322	RPL38	one2one	NA		22.9
Rpl39	ENSMUSG00000079641	RPL39	one2one	NA		22.9
Rpl39l	ENSMUSG00000039209	RPL39L	one2one	NA		22.9
Rpl4	ENSMUSG00000032399	RPL4	one2one	NA		22.9
Rpl5	ENSMUSG00000058558	RPL5	one2one	NA		22.9
Rpl6	ENSMUSG00000029614	RPL6	one2one	NA		22.9
Rpl7	ENSMUSG00000043716	RPL7	one2one	NA		22.9
Rpl7a	ENSMUSG00000062647	RPL7A	one2one	NA		22.9
Rpl7l1	ENSMUSG00000063888	RPL7L1	one2one	NA		22.9
Rpl8	ENSMUSG00000003970	RPL8	one2one	NA		22.9
Rpl9	ENSMUSG00000047215	RPL9	many2one	NA		22.9
Rpl9-ps6	ENSMUSG00000062456	RPL9	many2one	NA		22.9
Rplp0	ENSMUSG00000067274	RPLP0	one2one	NA		22.9
Rplp1	ENSMUSG00000007892	RPLP1	one2one	NA		22.9
Rplp2	ENSMUSG00000025508	RPLP2	one2one	NA		22.9
Rpn1	ENSMUSG00000030062	RPN1	one2one	NA		22.9
Rpn2	ENSMUSG00000027642	RPN2	one2one	NA		22.9
Rpp14	ENSMUSG00000023156	RPP14	one2one	NA		22.9
Rpp21	ENSMUSG00000024446	RPP21	one2one	NA		22.9
Rpp25	ENSMUSG00000062309	RPP25	one2one	NA		22.9
Rpp25l	ENSMUSG00000036114	RPP25L	one2one	NA		22.9
Rpp30	ENSMUSG00000024800	RPP30	one2one	NA		22.9
Rpp38	ENSMUSG00000049950	RPP38	one2one	NA		22.9
Rpp40	ENSMUSG00000021418	RPP40	one2one	NA		22.9
Rprd1a	ENSMUSG00000040446	RPRD1A	one2one	NA		22.9
Rprd1b	ENSMUSG00000027651	RPRD1B	one2one	NA		22.9
Rprd2	ENSMUSG00000028106	RPRD2	one2one	NA		22.9
Rps10	ENSMUSG00000052146	RPS10	one2one	NA		22.9
Rps11	ENSMUSG00000003429	RPS11	one2one	NA		22.9
Rps12	ENSMUSG00000061983	RPS12	one2one	NA		22.9
Rps13	ENSMUSG00000090862	RPS13	one2one	NA		22.9
Rps14	ENSMUSG00000024608	RPS14	one2one	NA		22.9
Rps15	ENSMUSG00000063457	RPS15	one2one	NA		22.9
Rps15a	ENSMUSG00000008683	RPS15A	one2one	NA		22.9
Rps16	ENSMUSG00000037563	RPS16	one2one	NA		22.9
Rps17	ENSMUSG00000061787	RPS17	one2one	NA		22.9
Rps18	ENSMUSG00000008668	RPS18	one2one	NA		22.9
Rps19	ENSMUSG00000040952	RPS19	one2one	NA		22.9
Rps19bp1	ENSMUSG00000051518	RPS19BP1	one2one	NA		22.9
Rps2	ENSMUSG00000044533	RPS2	one2one	NA		22.9
Rps20	ENSMUSG00000028234	RPS20	one2one	NA		22.9
Rps21	ENSMUSG00000039001	RPS21	one2one	NA		22.9
Rps23	ENSMUSG00000049517	RPS23	one2one	NA		22.9
Rps24	ENSMUSG00000025290	RPS24	one2one	NA		22.9
Rps25	ENSMUSG00000009927	RPS25	one2one	NA		22.9
Rps26	ENSMUSG00000025362	RPS26	one2one	NA		22.9
Rps27	ENSMUSG00000090733	RPS27	many2one	NA		22.9
Rps27a	ENSMUSG00000020460	RPS27A	one2one	NA		22.9
Rps27l	ENSMUSG00000036781	RPS27L	one2one	NA		22.9
Rps27rt	ENSMUSG00000050621	RPS27	many2one	NA		22.9
Rps28	ENSMUSG00000067288	RPS28	one2one	NA		22.9
Rps29	ENSMUSG00000034892	RPS29	one2one	NA		22.9
Rps3	ENSMUSG00000030744	RPS3	one2one	NA		22.9
Rps3a1	ENSMUSG00000028081	RPS3A	one2one	NA		22.9
Rps4x	ENSMUSG00000031320	RPS4X	one2one	NA		22.9
Rps5	ENSMUSG00000012848	RPS5	one2one	NA		22.9
Rps6	ENSMUSG00000028495	RPS6	one2one	NA		22.9
Rps6ka1	ENSMUSG00000003644	RPS6KA1	one2one	NA		22.9
Rps6ka2	ENSMUSG00000023809	RPS6KA2	one2one	NA		22.9
Rps6ka3	ENSMUSG00000031309	RPS6KA3	one2one	NA		22.9
Rps6ka4	ENSMUSG00000118668	RPS6KA4	one2one	NA		22.9
Rps6ka5	ENSMUSG00000021180	RPS6KA5	one2one	NA		22.9
Rps6ka6	ENSMUSG00000025665	RPS6KA6	one2one	NA		22.9
Rps6kb1	ENSMUSG00000020516	RPS6KB1	one2one	NA		22.9
Rps6kb2	ENSMUSG00000024830	RPS6KB2	one2one	NA		22.9
Rps6kc1	ENSMUSG00000089872	RPS6KC1	one2one	NA		22.9
Rps6kl1	ENSMUSG00000019235	RPS6KL1	one2one	NA		22.9
Rps7	ENSMUSG00000061477	RPS7	one2one	NA		22.9
Rps8	ENSMUSG00000047675	RPS8	one2one	NA		22.9
Rps9	ENSMUSG00000006333	RPS9	one2one	NA		22.9
Rpsa	ENSMUSG00000032518	RPSA	one2one	NA		22.9
Rptor	ENSMUSG00000025583	RPTOR	one2one	NA		22.9
Rpusd1	ENSMUSG00000041199	RPUSD1	one2one	NA		22.9
Rpusd2	ENSMUSG00000027324	RPUSD2	one2one	NA		22.9
Rpusd3	ENSMUSG00000051169	RPUSD3	one2one	NA		22.9
Rpusd4	ENSMUSG00000032044	RPUSD4	one2one	NA		22.9
Rrad	ENSMUSG00000031880	RRAD	one2one	NA		22.9
Rraga	ENSMUSG00000070934	RRAGA	one2one	NA		22.9
Rragb	ENSMUSG00000041658	RRAGB	one2one	NA		22.9
Rragc	ENSMUSG00000028646	RRAGC	one2one	NA		22.9
Rragd	ENSMUSG00000028278	RRAGD	one2one	NA		22.9
Rras	ENSMUSG00000038387	RRAS	one2one	NA		22.9
Rras2	ENSMUSG00000055723	RRAS2	one2one	NA		22.9
Rrbp1	ENSMUSG00000027422	RRBP1	one2one	NA		22.9
Rreb1	ENSMUSG00000039087	RREB1	one2one	NA		22.9
Rrh	ENSMUSG00000028012	RRH	one2one	NA		22.9
Rrm1	ENSMUSG00000030978	RRM1	one2one	NA		22.9
Rrm2	ENSMUSG00000020649	RRM2	one2one	NA		22.9
Rrm2b	ENSMUSG00000022292	RRM2B	one2one	NA		22.9
Rrn3	ENSMUSG00000022682	RRN3	one2one	NA		22.9
Rrnad1	ENSMUSG00000004896	METTL25B	one2one	NA		22.9
Rrp1	ENSMUSG00000061032	RRP1	one2one	NA		22.9
Rrp12	ENSMUSG00000035049	RRP12	one2one	NA		22.9
Rrp15	ENSMUSG00000001305	RRP15	one2one	NA		22.9
Rrp1b	ENSMUSG00000058392	RRP1B	one2one	NA		22.9
Rrp36	ENSMUSG00000023971	RRP36	one2one	NA		22.9
Rrp7a	ENSMUSG00000018040	RRP7A	one2one	NA		22.9
Rrp8	ENSMUSG00000030888	RRP8	one2one	NA		22.9
Rrp9	ENSMUSG00000041506	RRP9	one2one	NA		22.9
Rrs1	ENSMUSG00000061024	RRS1	one2one	NA		22.9
Rs1	ENSMUSG00000031293	RS1	one2one	NA		22.9
Rsad1	ENSMUSG00000039096	RSAD1	one2one	NA		22.9
Rsad2	ENSMUSG00000020641	RSAD2	one2one	NA		22.9
Rsbn1	ENSMUSG00000044098	RSBN1	one2one	NA		22.9
Rsbn1l	ENSMUSG00000039968	RSBN1L	one2one	NA		22.9
Rsf1	ENSMUSG00000035623	RSF1	one2one	NA		22.9
Rskr	ENSMUSG00000037593	RSKR	one2one	NA		22.9
Rsl1d1	ENSMUSG00000005846	RSL1D1	one2one	NA		22.9
Rsl24d1	ENSMUSG00000032215	RSL24D1	one2one	NA		22.9
Rsph1	ENSMUSG00000024033	RSPH1	one2one	NA		22.9
Rsph10b	ENSMUSG00000075569	RSPH10B	one2one	NA		22.9
Rsph3a	ENSMUSG00000073471	RSPH3	many2one	NA		22.9
Rsph3b	ENSMUSG00000023806	RSPH3	many2one	NA		22.9
Rsph9	ENSMUSG00000023966	RSPH9	one2one	NA		22.9
Rspo3	ENSMUSG00000019880	RSPO3	one2one	NA		22.9
Rspry1	ENSMUSG00000050079	RSPRY1	one2one	NA		22.9
Rsrc1	ENSMUSG00000034544	RSRC1	one2one	NA		22.9
Rsrc2	ENSMUSG00000029422	RSRC2	one2one	NA		22.9
Rsrp1	ENSMUSG00000037266	RSRP1	one2one	NA		22.9
Rsu1	ENSMUSG00000026727	RSU1	one2one	NA		22.9
Rtbdn	ENSMUSG00000048617	RTBDN	one2one	NA		22.9
Rtca	ENSMUSG00000000339	RTCA	one2one	NA		22.9
Rtcb	ENSMUSG00000001783	RTCB	one2one	NA		22.9
Rtel1	ENSMUSG00000038685	RTEL1	one2one	NA		22.9
Rtf1	ENSMUSG00000027304	RTF1	one2one	NA		22.9
Rtf2	ENSMUSG00000027502	RTF2	one2one	NA		22.9
Rtkn	ENSMUSG00000034930	RTKN	one2one	NA		22.9
Rtkn2	ENSMUSG00000037846	RTKN2	one2one	NA		22.9
Rtl1	ENSMUSG00000085925	RTL1	one2one	NA		22.9
Rtl5	ENSMUSG00000049191	RTL5	one2one	NA		22.9
Rtl6	ENSMUSG00000055745	RTL6	one2one	NA		22.9
Rtl8a	ENSMUSG00000067925	RTL8B	one2many	NA		22.9
Rtl8a	ENSMUSG00000067925	RTL8C	one2many	NA		22.9
Rtl8b	ENSMUSG00000067924	RTL8C	many2one	NA		22.9
Rtl8c	ENSMUSG00000051851	RTL8C	many2one	NA		22.9
Rtn2	ENSMUSG00000030401	RTN2	one2one	NA		22.9
Rtn3	ENSMUSG00000024758	RTN3	one2one	NA		22.9
Rtn4	ENSMUSG00000020458	RTN4	one2one	NA		22.9
Rtn4ip1	ENSMUSG00000019864	RTN4IP1	one2one	NA		22.9
Rtn4r	ENSMUSG00000043811	RTN4R	one2one	NA		22.9
Rtn4rl1	ENSMUSG00000045287	RTN4RL1	one2one	NA		22.9
Rtp4	ENSMUSG00000033355	RTP4	one2one	NA		22.9
Rtraf	ENSMUSG00000021807	RTRAF	one2one	NA		22.9
Rttn	ENSMUSG00000023066	RTTN	one2one	NA		22.9
Rubcn	ENSMUSG00000035629	RUBCN	one2one	NA		22.9
Rubcnl	ENSMUSG00000034959	RUBCNL	one2one	NA		22.9
Rufy1	ENSMUSG00000020375	RUFY1	one2one	NA		22.9
Rufy2	ENSMUSG00000020070	RUFY2	one2one	NA		22.9
Rufy3	ENSMUSG00000029291	RUFY3	one2one	NA		22.9
Rufy4	ENSMUSG00000061815	RUFY4	one2one	NA		22.9
Rundc1	ENSMUSG00000035007	RUNDC1	one2one	NA		22.9
Rundc3a	ENSMUSG00000006575	RUNDC3A	one2one	NA		22.9
Rundc3b	ENSMUSG00000040570	RUNDC3B	one2one	NA		22.9
Runx1	ENSMUSG00000022952	RUNX1	one2one	NA		22.9
Runx2	ENSMUSG00000039153	RUNX2	one2one	NA		22.9
Runx3	ENSMUSG00000070691	RUNX3	one2one	NA		22.9
Rusc1	ENSMUSG00000041263	RUSC1	one2one	NA		22.9
Ruvbl1	ENSMUSG00000030079	RUVBL1	one2one	NA		22.9
Ruvbl2	ENSMUSG00000003868	RUVBL2	one2one	NA		22.9
Rwdd1	ENSMUSG00000019782	RWDD1	one2one	NA		22.9
Rwdd2a	ENSMUSG00000032417	RWDD2A	one2one	NA		22.9
Rwdd2b	ENSMUSG00000041079	RWDD2B	one2one	NA		22.9
Rwdd3	ENSMUSG00000028133	RWDD3	one2one	NA		22.9
Rwdd4a	ENSMUSG00000031568	RWDD4	one2one	NA		22.9
Rxra	ENSMUSG00000015846	RXRA	one2one	NA		22.9
Rxrb	ENSMUSG00000039656	RXRB	one2one	NA		22.9
Rxylt1	ENSMUSG00000034620	RXYLT1	one2one	NA		22.9
Rybp	ENSMUSG00000072872	RYBP	one2one	NA		22.9
Ryk	ENSMUSG00000032547	RYK	one2one	NA		22.9
Ryr1	ENSMUSG00000030592	RYR1	one2one	NA		22.9
Ryr3	ENSMUSG00000057378	RYR3	one2one	NA		22.9
S100a1	ENSMUSG00000044080	S100A1	one2one	NA		22.9
S100a10	ENSMUSG00000041959	S100A10	one2one	NA		22.9
S100a11	ENSMUSG00000027907	S100A11	one2one	NA		22.9
S100a13	ENSMUSG00000042312	S100A13	one2one	NA		22.9
S100a3	ENSMUSG00000001021	S100A3	one2one	NA		22.9
S100a4	ENSMUSG00000001020	S100A4	one2one	NA		22.9
S100a5	ENSMUSG00000001023	S100A5	one2one	NA		22.9
S100a6	ENSMUSG00000001025	S100A6	one2one	NA		22.9
S100pbp	ENSMUSG00000040928	S100PBP	one2one	NA		22.9
S1pr1	ENSMUSG00000045092	S1PR1	one2one	NA		22.9
S1pr2	ENSMUSG00000043895	S1PR2	one2one	NA		22.9
S1pr3	ENSMUSG00000067586	S1PR3	one2one	NA		22.9
S1pr4	ENSMUSG00000044199	S1PR4	one2one	NA		22.9
Saal1	ENSMUSG00000006763	SAAL1	one2one	NA		22.9
Sac3d1	ENSMUSG00000024790	SAC3D1	one2one	NA		22.9
Sacm1l	ENSMUSG00000025240	SACM1L	one2one	NA		22.9
Sacs	ENSMUSG00000048279	SACS	one2one	NA		22.9
Sae1	ENSMUSG00000052833	SAE1	one2one	NA		22.9
Safb	ENSMUSG00000071054	SAFB	one2one	NA		22.9
Safb2	ENSMUSG00000042625	SAFB2	one2one	NA		22.9
Sag	ENSMUSG00000056055	SAG	one2one	NA		22.9
Sall2	ENSMUSG00000049532	SALL2	one2one	NA		22.9
Samd1	ENSMUSG00000079003	SAMD1	one2one	NA		22.9
Samd10	ENSMUSG00000038605	SAMD10	one2one	NA		22.9
Samd11	ENSMUSG00000096351	SAMD11	one2one	NA		22.9
Samd14	ENSMUSG00000047181	SAMD14	one2one	NA		22.9
Samd15	ENSMUSG00000090812	SAMD15	one2one	NA		22.9
Samd3	ENSMUSG00000051354	SAMD3	one2one	NA		22.9
Samd4	ENSMUSG00000021838	SAMD4A	one2one	NA		22.9
Samd4b	ENSMUSG00000109336	SAMD4B	one2one	NA		22.9
Samd8	ENSMUSG00000021770	SAMD8	one2one	NA		22.9
Samd9l	ENSMUSG00000047735	SAMD9L	one2one	NA		22.9
Samhd1	ENSMUSG00000027639	SAMHD1	one2one	NA		22.9
Samm50	ENSMUSG00000022437	SAMM50	one2one	NA		22.9
Samsn1	ENSMUSG00000022876	SAMSN1	one2one	NA		22.9
Sap130	ENSMUSG00000024260	SAP130	one2one	NA		22.9
Sap18	ENSMUSG00000021963	SAP18	many2one	NA		22.9
Sap18b	ENSMUSG00000061104	SAP18	many2one	NA		22.9
Sap30	ENSMUSG00000031609	SAP30	one2one	NA		22.9
Sap30bp	ENSMUSG00000020755	SAP30BP	one2one	NA		22.9
Sap30l	ENSMUSG00000020519	SAP30L	one2one	NA		22.9
Sapcd1	ENSMUSG00000036185	SAPCD1	one2one	NA		22.9
Sapcd2	ENSMUSG00000026955	SAPCD2	one2one	NA		22.9
Sar1a	ENSMUSG00000020088	SAR1A	one2one	NA		22.9
Sar1b	ENSMUSG00000020386	SAR1B	one2one	NA		22.9
Saraf	ENSMUSG00000031532	SARAF	one2one	NA		22.9
Sardh	ENSMUSG00000009614	SARDH	one2one	NA		22.9
Sarm1	ENSMUSG00000050132	SARM1	one2one	NA		22.9
Sarnp	ENSMUSG00000078427	SARNP	one2one	NA		22.9
Sars	ENSMUSG00000068739	SARS1	one2one	NA		22.9
Sars2	ENSMUSG00000070699	SARS2	one2one	NA		22.9
Sart1	ENSMUSG00000039148	SART1	one2one	NA		22.9
Sart3	ENSMUSG00000018974	SART3	one2one	NA		22.9
Sash3	ENSMUSG00000031101	SASH3	one2one	NA		22.9
Sass6	ENSMUSG00000027959	SASS6	one2one	NA		22.9
Sat1	ENSMUSG00000025283	SAT1	one2one	NA		22.9
Satb1	ENSMUSG00000023927	SATB1	one2one	NA		22.9
Satb2	ENSMUSG00000038331	SATB2	one2one	NA		22.9
Sav1	ENSMUSG00000021067	SAV1	one2one	NA		22.9
Saxo2	ENSMUSG00000038570	SAXO2	one2one	NA		22.9
Saysd1	ENSMUSG00000045107	SAYSD1	one2one	NA		22.9
Sbds	ENSMUSG00000025337	SBDS	one2one	NA		22.9
Sbf1	ENSMUSG00000036529	SBF1	one2one	NA		22.9
Sbf2	ENSMUSG00000038371	SBF2	one2one	NA		22.9
Sbk1	ENSMUSG00000042978	SBK1	one2one	NA		22.9
Sbk2	ENSMUSG00000030433	SBK2	one2one	NA		22.9
Sbk3	ENSMUSG00000085272	SBK3	one2one	NA		22.9
Sbno1	ENSMUSG00000038095	SBNO1	one2one	NA		22.9
Sbno2	ENSMUSG00000035673	SBNO2	one2one	NA		22.9
Sbsn	ENSMUSG00000046056	SBSN	one2one	NA		22.9
Sc5d	ENSMUSG00000032018	SC5D	one2one	NA		22.9
Scaf1	ENSMUSG00000038406	SCAF1	one2one	NA		22.9
Scaf11	ENSMUSG00000033228	SCAF11	one2one	NA		22.9
Scaf4	ENSMUSG00000022983	SCAF4	one2one	NA		22.9
Scaf8	ENSMUSG00000046201	SCAF8	one2one	NA		22.9
Scai	ENSMUSG00000035236	SCAI	one2one	NA		22.9
Scamp1	ENSMUSG00000021687	SCAMP1	one2one	NA		22.9
Scamp2	ENSMUSG00000040188	SCAMP2	one2one	NA		22.9
Scamp3	ENSMUSG00000028049	SCAMP3	one2one	NA		22.9
Scamp4	ENSMUSG00000113949	SCAMP4	one2one	NA		22.9
Scamp5	ENSMUSG00000040722	SCAMP5	one2one	NA		22.9
Scand1	ENSMUSG00000046229	SCAND1	one2one	NA		22.9
Scap	ENSMUSG00000032485	SCAP	one2one	NA		22.9
Scaper	ENSMUSG00000034007	SCAPER	one2one	NA		22.9
Scarb1	ENSMUSG00000037936	SCARB1	one2one	NA		22.9
Scarb2	ENSMUSG00000029426	SCARB2	one2one	NA		22.9
Scarf1	ENSMUSG00000038188	SCARF1	one2one	NA		22.9
Scarf2	ENSMUSG00000012017	SCARF2	one2one	NA		22.9
Sccpdh	ENSMUSG00000038936	SCCPDH	one2one	NA		22.9
Scd1	ENSMUSG00000037071	SCD	many2one	NA		22.9
Scd2	ENSMUSG00000025203	SCD	many2one	NA		22.9
Scd3	ENSMUSG00000025202	SCD	many2one	NA		22.9
Scd4	ENSMUSG00000050195	SCD	many2one	NA		22.9
Scel	ENSMUSG00000022123	SCEL	one2one	NA		22.9
Scfd1	ENSMUSG00000020952	SCFD1	one2one	NA		22.9
Scfd2	ENSMUSG00000062110	SCFD2	one2one	NA		22.9
Scg2	ENSMUSG00000050711	SCG2	one2one	NA		22.9
Scimp	ENSMUSG00000057135	SCIMP	one2one	NA		22.9
Scin	ENSMUSG00000002565	SCIN	one2one	NA		22.9
Sclt1	ENSMUSG00000059834	SCLT1	one2one	NA		22.9
Scly	ENSMUSG00000026307	SCLY	one2one	NA		22.9
Scmh1	ENSMUSG00000000085	SCMH1	one2one	NA		22.9
Scml2	ENSMUSG00000000037	SCML2	one2one	NA		22.9
Scml4	ENSMUSG00000044770	SCML4	one2one	NA		22.9
Scn11a	ENSMUSG00000034115	SCN11A	one2one	NA		22.9
Scn1a	ENSMUSG00000064329	SCN1A	one2one	NA		22.9
Scn1b	ENSMUSG00000019194	SCN1B	one2one	NA		22.9
Scn2b	ENSMUSG00000070304	SCN2B	one2one	NA		22.9
Scn3a	ENSMUSG00000057182	SCN3A	one2one	NA		22.9
Scn3b	ENSMUSG00000049281	SCN3B	one2one	NA		22.9
Scn4b	ENSMUSG00000046480	SCN4B	one2one	NA		22.9
Scn5a	ENSMUSG00000032511	SCN5A	one2one	NA		22.9
Scn9a	ENSMUSG00000075316	SCN9A	one2one	NA		22.9
Scnm1	ENSMUSG00000092607	SCNM1	one2one	NA		22.9
Scnn1g	ENSMUSG00000000216	SCNN1G	one2one	NA		22.9
Sco1	ENSMUSG00000069844	SCO1	one2one	NA		22.9
Scoc	ENSMUSG00000063253	SCOC	one2one	NA		22.9
Scp2	ENSMUSG00000028603	SCP2	one2one	NA		22.9
Scpep1	ENSMUSG00000000278	SCPEP1	one2one	NA		22.9
Scrib	ENSMUSG00000022568	SCRIB	one2one	NA		22.9
Scrn2	ENSMUSG00000020877	SCRN2	one2one	NA		22.9
Scrn3	ENSMUSG00000008226	SCRN3	one2one	NA		22.9
Scrt1	ENSMUSG00000048385	SCRT1	one2one	NA		22.9
Scx	ENSMUSG00000034161	SCX	one2one	NA		22.9
Scyl1	ENSMUSG00000024941	SCYL1	one2one	NA		22.9
Scyl2	ENSMUSG00000069539	SCYL2	one2one	NA		22.9
Scyl3	ENSMUSG00000026584	SCYL3	one2one	NA		22.9
Sdad1	ENSMUSG00000029415	SDAD1	one2one	NA		22.9
Sdc1	ENSMUSG00000020592	SDC1	one2one	NA		22.9
Sdc2	ENSMUSG00000022261	SDC2	one2one	NA		22.9
Sdc3	ENSMUSG00000025743	SDC3	one2one	NA		22.9
Sdc4	ENSMUSG00000017009	SDC4	one2one	NA		22.9
Sdcbp	ENSMUSG00000028249	SDCBP	one2one	NA		22.9
Sdcbp2	ENSMUSG00000027456	SDCBP2	one2one	NA		22.9
Sdccag8	ENSMUSG00000026504	SDCCAG8	one2one	NA		22.9
Sde2	ENSMUSG00000038806	SDE2	one2one	NA		22.9
Sdf2	ENSMUSG00000002064	SDF2	one2one	NA		22.9
Sdf2l1	ENSMUSG00000022769	SDF2L1	one2one	NA		22.9
Sdf4	ENSMUSG00000029076	SDF4	one2one	NA		22.9
Sdha	ENSMUSG00000021577	SDHA	one2one	NA		22.9
Sdhaf1	ENSMUSG00000074211	SDHAF1	one2one	NA		22.9
Sdhaf2	ENSMUSG00000024668	SDHAF2	one2one	NA		22.9
Sdhaf3	ENSMUSG00000042505	SDHAF3	one2one	NA		22.9
Sdhaf4	ENSMUSG00000026154	SDHAF4	one2one	NA		22.9
Sdhb	ENSMUSG00000009863	SDHB	one2one	NA		22.9
Sdhc	ENSMUSG00000058076	SDHC	one2one	NA		22.9
Sdhd	ENSMUSG00000000171	SDHD	one2one	NA		22.9
Sdr39u1	ENSMUSG00000022223	SDR39U1	one2one	NA		22.9
Sdr42e1	ENSMUSG00000034308	SDR42E1	one2one	NA		22.9
Sds	ENSMUSG00000029597	SDS	one2one	NA		22.9
Sec1	ENSMUSG00000040364	FUT2	many2one	NA		22.9
Sec11a	ENSMUSG00000025724	SEC11A	one2one	NA		22.9
Sec11c	ENSMUSG00000024516	SEC11C	one2one	NA		22.9
Sec13	ENSMUSG00000030298	SEC13	one2one	NA		22.9
Sec14l1	ENSMUSG00000020823	SEC14L1	one2one	NA		22.9
Sec14l2	ENSMUSG00000003585	SEC14L2	one2one	NA		22.9
Sec14l5	ENSMUSG00000091712	SEC14L5	one2one	NA		22.9
Sec16a	ENSMUSG00000026924	SEC16A	one2one	NA		22.9
Sec16b	ENSMUSG00000026589	SEC16B	one2one	NA		22.9
Sec22a	ENSMUSG00000034473	SEC22A	one2one	NA		22.9
Sec22b	ENSMUSG00000027879	SEC22B	one2one	NA		22.9
Sec22c	ENSMUSG00000061536	SEC22C	one2one	NA		22.9
Sec23a	ENSMUSG00000020986	SEC23A	one2one	NA		22.9
Sec23b	ENSMUSG00000027429	SEC23B	one2one	NA		22.9
Sec23ip	ENSMUSG00000055319	SEC23IP	one2one	NA		22.9
Sec24a	ENSMUSG00000036391	SEC24A	one2one	NA		22.9
Sec24b	ENSMUSG00000001052	SEC24B	one2one	NA		22.9
Sec24c	ENSMUSG00000039367	SEC24C	one2one	NA		22.9
Sec24d	ENSMUSG00000039234	SEC24D	one2one	NA		22.9
Sec31a	ENSMUSG00000035325	SEC31A	one2one	NA		22.9
Sec31b	ENSMUSG00000051984	SEC31B	one2one	NA		22.9
Sec61a1	ENSMUSG00000030082	SEC61A1	one2one	NA		22.9
Sec61a2	ENSMUSG00000025816	SEC61A2	one2one	NA		22.9
Sec61b	ENSMUSG00000053317	SEC61B	many2one	NA		22.9
Sec61g	ENSMUSG00000078974	SEC61G	one2one	NA		22.9
Sec62	ENSMUSG00000027706	SEC62	one2one	NA		22.9
Sec63	ENSMUSG00000019802	SEC63	one2one	NA		22.9
Secisbp2	ENSMUSG00000035139	SECISBP2	one2one	NA		22.9
Secisbp2l	ENSMUSG00000035093	SECISBP2L	one2one	NA		22.9
Seh1l	ENSMUSG00000079614	SEH1L	one2one	NA		22.9
Sel1l	ENSMUSG00000020964	SEL1L	one2one	NA		22.9
Sel1l3	ENSMUSG00000029189	SEL1L3	one2one	NA		22.9
Sele	ENSMUSG00000026582	SELE	one2one	NA		22.9
Selenbp1	ENSMUSG00000068874	SELENBP1	one2one	NA		22.9
Selenof	ENSMUSG00000037072	SELENOF	one2one	NA		22.9
Selenoh	ENSMUSG00000076437	SELENOH	one2one	NA		22.9
Selenoi	ENSMUSG00000075703	SELENOI	one2one	NA		22.9
Selenok	ENSMUSG00000042682	SELENOK	one2one	NA		22.9
Selenom	ENSMUSG00000075702	SELENOM	one2one	NA		22.9
Selenon	ENSMUSG00000050989	SELENON	one2one	NA		22.9
Selenoo	ENSMUSG00000035757	SELENOO	one2one	NA		22.9
Selenop	ENSMUSG00000064373	SELENOP	one2one	NA		22.9
Selenos	ENSMUSG00000075701	SELENOS	one2one	NA		22.9
Selenot	ENSMUSG00000075700	SELENOT	one2one	NA		22.9
Selenow	ENSMUSG00000041571	SELENOW	one2one	NA		22.9
Sell	ENSMUSG00000026581	SELL	one2one	NA		22.9
Selp	ENSMUSG00000026580	SELP	one2one	NA		22.9
Selplg	ENSMUSG00000048163	SELPLG	one2one	NA		22.9
Sem1	ENSMUSG00000042541	SEM1	one2one	NA		22.9
Sema3a	ENSMUSG00000028883	SEMA3A	one2one	NA		22.9
Sema3b	ENSMUSG00000057969	SEMA3B	one2one	NA		22.9
Sema3c	ENSMUSG00000028780	SEMA3C	one2one	NA		22.9
Sema3d	ENSMUSG00000040254	SEMA3D	one2one	NA		22.9
Sema3f	ENSMUSG00000034684	SEMA3F	one2one	NA		22.9
Sema4a	ENSMUSG00000028064	SEMA4A	one2one	NA		22.9
Sema4b	ENSMUSG00000030539	SEMA4B	one2one	NA		22.9
Sema4c	ENSMUSG00000026121	SEMA4C	one2one	NA		22.9
Sema4d	ENSMUSG00000021451	SEMA4D	one2one	NA		22.9
Sema4f	ENSMUSG00000000627	SEMA4F	one2one	NA		22.9
Sema4g	ENSMUSG00000025207	SEMA4G	one2one	NA		22.9
Sema6a	ENSMUSG00000019647	SEMA6A	one2one	NA		22.9
Sema6b	ENSMUSG00000001227	SEMA6B	one2one	NA		22.9
Sema6c	ENSMUSG00000038777	SEMA6C	one2one	NA		22.9
Sema6d	ENSMUSG00000027200	SEMA6D	one2one	NA		22.9
Sema7a	ENSMUSG00000038264	SEMA7A	one2one	NA		22.9
Senp1	ENSMUSG00000033075	SENP1	one2one	NA		22.9
Senp2	ENSMUSG00000022855	SENP2	one2one	NA		22.9
Senp3	ENSMUSG00000005204	SENP3	one2one	NA		22.9
Senp5	ENSMUSG00000022772	SENP5	one2one	NA		22.9
Senp6	ENSMUSG00000034252	SENP6	one2one	NA		22.9
Senp7	ENSMUSG00000052917	SENP7	one2one	NA		22.9
Senp8	ENSMUSG00000051705	SENP8	one2one	NA		22.9
Sephs1	ENSMUSG00000026662	SEPHS1	one2one	NA		22.9
Sephs2	ENSMUSG00000049091	SEPHS2	one2one	NA		22.9
Sepsecs	ENSMUSG00000029173	SEPSECS	one2one	NA		22.9
Septin1	ENSMUSG00000000486	SEPTIN1	one2one	NA		22.9
Septin10	ENSMUSG00000019917	SEPTIN10	one2one	NA		22.9
Septin11	ENSMUSG00000058013	SEPTIN11	one2one	NA		22.9
Septin2	ENSMUSG00000026276	SEPTIN2	one2one	NA		22.9
Septin3	ENSMUSG00000022456	SEPTIN3	one2one	NA		22.9
Septin4	ENSMUSG00000020486	SEPTIN4	one2one	NA		22.9
Septin5	ENSMUSG00000072214	SEPTIN5	one2one	NA		22.9
Septin6	ENSMUSG00000050379	SEPTIN6	one2one	NA		22.9
Septin7	ENSMUSG00000001833	SEPTIN7	one2one	NA		22.9
Septin8	ENSMUSG00000018398	SEPTIN8	one2one	NA		22.9
Septin9	ENSMUSG00000059248	SEPTIN9	one2one	NA		22.9
Serac1	ENSMUSG00000015659	SERAC1	one2one	NA		22.9
Serbp1	ENSMUSG00000036371	SERBP1	one2one	NA		22.9
Serf1	ENSMUSG00000021643	SERF1A	one2one	NA		22.9
Serf2	ENSMUSG00000074884	SERF2	one2one	NA		22.9
Sergef	ENSMUSG00000030839	SERGEF	one2one	NA		22.9
Serhl	ENSMUSG00000058586	SERHL2	one2one	NA		22.9
Serinc1	ENSMUSG00000019877	SERINC1	one2one	NA		22.9
Serinc3	ENSMUSG00000017707	SERINC3	one2one	NA		22.9
Serinc5	ENSMUSG00000021703	SERINC5	one2one	NA		22.9
Serp1	ENSMUSG00000027808	SERP1	one2one	NA		22.9
Serp2	ENSMUSG00000052584	SERP2	one2one	NA		22.9
Serpina3f	ENSMUSG00000066363	SERPINA3	many2one	NA		22.9
Serpina3g	ENSMUSG00000041481	SERPINA3	many2one	NA		22.9
Serpina3i	ENSMUSG00000079014	SERPINA3	many2one	NA		22.9
Serpinb1a	ENSMUSG00000044734	SERPINB1	many2one	NA		22.9
Serpinb1b	ENSMUSG00000051029	SERPINB1	many2one	NA		22.9
Serpinb2	ENSMUSG00000062345	SERPINB2	one2one	NA		22.9
Serpinb5	ENSMUSG00000067006	SERPINB5	one2one	NA		22.9
Serpinb6a	ENSMUSG00000060147	SERPINB6	many2one	NA		22.9
Serpinb6b	ENSMUSG00000042842	SERPINB6	many2one	NA		22.9
Serpinb8	ENSMUSG00000026315	SERPINB8	one2one	NA		22.9
Serpinb9	ENSMUSG00000045827	SERPINB9	many2one	NA		22.9
Serpinb9b	ENSMUSG00000021403	SERPINB9	many2one	NA		22.9
Serpinc1	ENSMUSG00000026715	SERPINC1	one2one	NA		22.9
Serpind1	ENSMUSG00000022766	SERPIND1	one2one	NA		22.9
Serpine1	ENSMUSG00000037411	SERPINE1	one2one	NA		22.9
Serpine2	ENSMUSG00000026249	SERPINE2	one2one	NA		22.9
Serpinf1	ENSMUSG00000000753	SERPINF1	one2one	NA		22.9
Serpinf2	ENSMUSG00000038224	SERPINF2	one2one	NA		22.9
Serpini1	ENSMUSG00000027834	SERPINI1	one2one	NA		22.9
Sertad1	ENSMUSG00000008384	SERTAD1	one2one	NA		22.9
Sertad2	ENSMUSG00000049800	SERTAD2	one2one	NA		22.9
Sertad3	ENSMUSG00000055200	SERTAD3	one2one	NA		22.9
Sesn1	ENSMUSG00000038332	SESN1	one2one	NA		22.9
Sesn2	ENSMUSG00000028893	SESN2	one2one	NA		22.9
Sesn3	ENSMUSG00000032009	SESN3	one2one	NA		22.9
Sestd1	ENSMUSG00000042272	SESTD1	one2one	NA		22.9
Set	ENSMUSG00000054766	SET	one2one	NA		22.9
Setbp1	ENSMUSG00000024548	SETBP1	one2one	NA		22.9
Setd1a	ENSMUSG00000042308	SETD1A	one2one	NA		22.9
Setd1b	ENSMUSG00000038384	SETD1B	one2one	NA		22.9
Setd2	ENSMUSG00000044791	SETD2	one2one	NA		22.9
Setd3	ENSMUSG00000056770	SETD3	one2one	NA		22.9
Setd4	ENSMUSG00000022948	SETD4	one2one	NA		22.9
Setd5	ENSMUSG00000034269	SETD5	one2one	NA		22.9
Setd6	ENSMUSG00000031671	SETD6	one2one	NA		22.9
Setd7	ENSMUSG00000037111	SETD7	one2one	NA		22.9
Setdb1	ENSMUSG00000015697	SETDB1	one2one	NA		22.9
Setdb2	ENSMUSG00000071350	SETDB2	one2one	NA		22.9
Setmar	ENSMUSG00000034639	SETMAR	one2one	NA		22.9
Setx	ENSMUSG00000043535	SETX	one2one	NA		22.9
Sez6l2	ENSMUSG00000030683	SEZ6L2	one2one	NA		22.9
Sf1	ENSMUSG00000024949	SF1	one2one	NA		22.9
Sf3a1	ENSMUSG00000002129	SF3A1	one2one	NA		22.9
Sf3a2	ENSMUSG00000020211	SF3A2	one2one	NA		22.9
Sf3a3	ENSMUSG00000028902	SF3A3	one2one	NA		22.9
Sf3b1	ENSMUSG00000025982	SF3B1	one2one	NA		22.9
Sf3b2	ENSMUSG00000024853	SF3B2	one2one	NA		22.9
Sf3b3	ENSMUSG00000033732	SF3B3	one2one	NA		22.9
Sf3b4	ENSMUSG00000068856	SF3B4	one2one	NA		22.9
Sf3b5	ENSMUSG00000078348	SF3B5	one2one	NA		22.9
Sf3b6	ENSMUSG00000037361	SF3B6	one2one	NA		22.9
Sfi1	ENSMUSG00000023764	SFI1	one2one	NA		22.9
Sfmbt1	ENSMUSG00000006527	SFMBT1	one2one	NA		22.9
Sfmbt2	ENSMUSG00000061186	SFMBT2	one2one	NA		22.9
Sfn	ENSMUSG00000047281	SFN	one2one	NA		22.9
Sfpq	ENSMUSG00000028820	SFPQ	one2one	NA		22.9
Sfr1	ENSMUSG00000025066	SFR1	one2one	NA		22.9
Sfrp1	ENSMUSG00000031548	SFRP1	one2one	NA		22.9
Sfrp2	ENSMUSG00000027996	SFRP2	one2one	NA		22.9
Sfswap	ENSMUSG00000029439	SFSWAP	one2one	NA		22.9
Sft2d1	ENSMUSG00000073468	SFT2D1	many2one	NA		22.9
Sft2d2	ENSMUSG00000040848	SFT2D2	one2one	NA		22.9
Sft2d3	ENSMUSG00000044982	SFT2D3	one2one	NA		22.9
Sfxn1	ENSMUSG00000021474	SFXN1	one2one	NA		22.9
Sfxn2	ENSMUSG00000025036	SFXN2	one2one	NA		22.9
Sfxn3	ENSMUSG00000025212	SFXN3	one2one	NA		22.9
Sfxn4	ENSMUSG00000063698	SFXN4	one2one	NA		22.9
Sfxn5	ENSMUSG00000033720	SFXN5	one2one	NA		22.9
Sgcb	ENSMUSG00000029156	SGCB	one2one	NA		22.9
Sgce	ENSMUSG00000004631	SGCE	one2one	NA		22.9
Sgf29	ENSMUSG00000030714	SGF29	one2one	NA		22.9
Sgip1	ENSMUSG00000028524	SGIP1	one2one	NA		22.9
Sgk1	ENSMUSG00000019970	SGK1	one2one	NA		22.9
Sgk3	ENSMUSG00000025915	SGK3	one2one	NA		22.9
Sgms1	ENSMUSG00000040451	SGMS1	one2one	NA		22.9
Sgms2	ENSMUSG00000050931	SGMS2	one2one	NA		22.9
Sgo1	ENSMUSG00000023940	SGO1	one2one	NA		22.9
Sgo2a	ENSMUSG00000026039	SGO2	one2one	NA		22.9
Sgpl1	ENSMUSG00000020097	SGPL1	one2one	NA		22.9
Sgpp1	ENSMUSG00000021054	SGPP1	one2one	NA		22.9
Sgpp2	ENSMUSG00000032908	SGPP2	one2one	NA		22.9
Sgsh	ENSMUSG00000005043	SGSH	one2one	NA		22.9
Sgsm2	ENSMUSG00000038351	SGSM2	one2one	NA		22.9
Sgsm3	ENSMUSG00000042303	SGSM3	one2one	NA		22.9
Sgta	ENSMUSG00000004937	SGTA	one2one	NA		22.9
Sgtb	ENSMUSG00000042743	SGTB	one2one	NA		22.9
Sh2b1	ENSMUSG00000030733	SH2B1	one2one	NA		22.9
Sh2b2	ENSMUSG00000005057	SH2B2	one2one	NA		22.9
Sh2b3	ENSMUSG00000042594	SH2B3	one2one	NA		22.9
Sh2d1a	ENSMUSG00000005696	SH2D1A	one2one	NA		22.9
Sh2d2a	ENSMUSG00000028071	SH2D2A	one2one	NA		22.9
Sh2d3c	ENSMUSG00000059013	SH2D3C	one2one	NA		22.9
Sh2d4b	ENSMUSG00000037833	SH2D4B	one2one	NA		22.9
Sh2d5	ENSMUSG00000045349	SH2D5	one2one	NA		22.9
Sh3bgrl	ENSMUSG00000031246	SH3BGRL	one2one	NA		22.9
Sh3bgrl2	ENSMUSG00000032261	SH3BGRL2	one2one	NA		22.9
Sh3bgrl3	ENSMUSG00000028843	SH3BGRL3	one2one	NA		22.9
Sh3bp1	ENSMUSG00000022436	SH3BP1	one2one	NA		22.9
Sh3bp2	ENSMUSG00000054520	SH3BP2	one2one	NA		22.9
Sh3bp4	ENSMUSG00000036206	SH3BP4	one2one	NA		22.9
Sh3bp5	ENSMUSG00000021892	SH3BP5	one2one	NA		22.9
Sh3bp5l	ENSMUSG00000013646	SH3BP5L	one2one	NA		22.9
Sh3d19	ENSMUSG00000028082	SH3D19	one2one	NA		22.9
Sh3d21	ENSMUSG00000073758	SH3D21	one2one	NA		22.9
Sh3gl1	ENSMUSG00000003200	SH3GL1	one2one	NA		22.9
Sh3gl3	ENSMUSG00000030638	SH3GL3	one2one	NA		22.9
Sh3glb1	ENSMUSG00000037062	SH3GLB1	one2one	NA		22.9
Sh3glb2	ENSMUSG00000026860	SH3GLB2	one2one	NA		22.9
Sh3kbp1	ENSMUSG00000040990	SH3KBP1	one2one	NA		22.9
Sh3pxd2a	ENSMUSG00000053617	SH3PXD2A	one2one	NA		22.9
Sh3pxd2b	ENSMUSG00000040711	SH3PXD2B	one2one	NA		22.9
Sh3rf1	ENSMUSG00000031642	SH3RF1	one2one	NA		22.9
Sh3tc1	ENSMUSG00000036553	SH3TC1	one2one	NA		22.9
Sh3yl1	ENSMUSG00000020669	SH3YL1	one2one	NA		22.9
Shank1	ENSMUSG00000038738	SHANK1	one2one	NA		22.9
Sharpin	ENSMUSG00000022552	SHARPIN	one2one	NA		22.9
Shb	ENSMUSG00000044813	SHB	one2one	NA		22.9
Shc1	ENSMUSG00000042626	SHC1	one2one	NA		22.9
Shc4	ENSMUSG00000035109	SHC4	one2one	NA		22.9
Shcbp1	ENSMUSG00000022322	SHCBP1	one2one	NA		22.9
Shcbp1l	ENSMUSG00000042708	SHCBP1L	one2one	NA		22.9
Shd	ENSMUSG00000039154	SHD	one2one	NA		22.9
She	ENSMUSG00000046280	SHE	one2one	NA		22.9
Shf	ENSMUSG00000033256	SHF	one2one	NA		22.9
Shfl	ENSMUSG00000038884	SHFL	one2one	NA		22.9
Shisa2	ENSMUSG00000044461	SHISA2	one2one	NA		22.9
Shisa3	ENSMUSG00000050010	SHISA3	one2one	NA		22.9
Shisa5	ENSMUSG00000025647	SHISA5	one2one	NA		22.9
Shisa7	ENSMUSG00000053550	SHISA7	one2one	NA		22.9
Shisa8	ENSMUSG00000096883	SHISA8	one2one	NA		22.9
Shisal2b	ENSMUSG00000042655	SHISAL2B	one2one	NA		22.9
Shkbp1	ENSMUSG00000089832	SHKBP1	one2one	NA		22.9
Shld1	ENSMUSG00000044991	SHLD1	one2one	NA		22.9
Shld2	ENSMUSG00000041471	SHLD2	one2one	NA		22.9
Shld3	ENSMUSG00000118537	SHLD3	one2one	NA		22.9
Shmt1	ENSMUSG00000020534	SHMT1	one2one	NA		22.9
Shmt2	ENSMUSG00000025403	SHMT2	one2one	NA		22.9
Shoc1	ENSMUSG00000038598	SHOC1	one2one	NA		22.9
Shoc2	ENSMUSG00000024976	SHOC2	one2one	NA		22.9
Shpk	ENSMUSG00000005951	SHPK	one2one	NA		22.9
Shprh	ENSMUSG00000090112	SHPRH	one2one	NA		22.9
Shq1	ENSMUSG00000035378	SHQ1	one2one	NA		22.9
Shroom3	ENSMUSG00000029381	SHROOM3	one2one	NA		22.9
Shroom4	ENSMUSG00000068270	SHROOM4	one2one	NA		22.9
Shtn1	ENSMUSG00000041362	SHTN1	one2one	NA		22.9
Siae	ENSMUSG00000001942	SIAE	one2one	NA		22.9
Siah1a	ENSMUSG00000036840	SIAH1	many2one	NA		22.9
Siah1b	ENSMUSG00000040749	SIAH1	many2one	NA		22.9
Siah2	ENSMUSG00000036432	SIAH2	one2one	NA		22.9
Siah3	ENSMUSG00000091722	SIAH3	one2one	NA		22.9
Sidt1	ENSMUSG00000022696	SIDT1	one2one	NA		22.9
Sidt2	ENSMUSG00000034908	SIDT2	one2one	NA		22.9
Sigirr	ENSMUSG00000025494	SIGIRR	one2one	NA		22.9
Siglec15	ENSMUSG00000091055	SIGLEC15	one2one	NA		22.9
Siglece	ENSMUSG00000030474	SIGLEC9	one2one	NA		22.9
Siglecf	ENSMUSG00000039013	SIGLEC5	one2many	NA		22.9
Siglecf	ENSMUSG00000039013	SIGLEC6	one2many	NA		22.9
Siglecg	ENSMUSG00000030468	SIGLEC11	one2one	NA		22.9
Sigmar1	ENSMUSG00000036078	SIGMAR1	one2one	NA		22.9
Sik1	ENSMUSG00000024042	SIK1	one2one	NA		22.9
Sik2	ENSMUSG00000037112	SIK2	one2one	NA		22.9
Sik3	ENSMUSG00000034135	SIK3	one2one	NA		22.9
Sike1	ENSMUSG00000027854	SIKE1	one2one	NA		22.9
Sil1	ENSMUSG00000024357	SIL1	one2one	NA		22.9
Simc1	ENSMUSG00000043183	SIMC1	one2one	NA		22.9
Sin3a	ENSMUSG00000042557	SIN3A	one2one	NA		22.9
Sin3b	ENSMUSG00000031622	SIN3B	one2one	NA		22.9
Sinhcaf	ENSMUSG00000039985	SINHCAF	one2one	NA		22.9
Sipa1	ENSMUSG00000056917	SIPA1	one2one	NA		22.9
Sipa1l1	ENSMUSG00000042700	SIPA1L1	one2one	NA		22.9
Sipa1l2	ENSMUSG00000001995	SIPA1L2	one2one	NA		22.9
Sipa1l3	ENSMUSG00000030583	SIPA1L3	one2one	NA		22.9
Sirpa	ENSMUSG00000037902	SIRPA	one2one	NA		22.9
Sirt1	ENSMUSG00000020063	SIRT1	one2one	NA		22.9
Sirt2	ENSMUSG00000015149	SIRT2	one2one	NA		22.9
Sirt3	ENSMUSG00000025486	SIRT3	one2one	NA		22.9
Sirt4	ENSMUSG00000029524	SIRT4	one2one	NA		22.9
Sirt5	ENSMUSG00000054021	SIRT5	one2one	NA		22.9
Sirt6	ENSMUSG00000034748	SIRT6	one2one	NA		22.9
Sirt7	ENSMUSG00000025138	SIRT7	one2one	NA		22.9
Sit1	ENSMUSG00000028460	SIT1	one2one	NA		22.9
Siva1	ENSMUSG00000064326	SIVA1	one2one	NA		22.9
Six1	ENSMUSG00000051367	SIX1	one2one	NA		22.9
Six4	ENSMUSG00000034460	SIX4	one2one	NA		22.9
Six5	ENSMUSG00000040841	SIX5	one2one	NA		22.9
Ska1	ENSMUSG00000036223	SKA1	one2one	NA		22.9
Ska2	ENSMUSG00000020492	SKA2	one2one	NA		22.9
Ska3	ENSMUSG00000021965	SKA3	one2one	NA		22.9
Skap1	ENSMUSG00000057058	SKAP1	one2one	NA		22.9
Skap2	ENSMUSG00000059182	SKAP2	one2one	NA		22.9
Ski	ENSMUSG00000029050	SKI	one2one	NA		22.9
Skida1	ENSMUSG00000054074	SKIDA1	one2one	NA		22.9
Skil	ENSMUSG00000027660	SKIL	one2one	NA		22.9
Skiv2l	ENSMUSG00000040356	SKIC2	one2one	NA		22.9
Skp1a	ENSMUSG00000036309	SKP1	one2one	Skp1	org.Mm.eg.db	22.9
Skp2	ENSMUSG00000054115	SKP2	one2one	NA		22.9
Sla	ENSMUSG00000022372	SLA	one2one	NA		22.9
Sla2	ENSMUSG00000027636	SLA2	one2one	NA		22.9
Slain1	ENSMUSG00000055717	SLAIN1	one2one	NA		22.9
Slain2	ENSMUSG00000036087	SLAIN2	one2one	NA		22.9
Slamf1	ENSMUSG00000015316	SLAMF1	one2one	NA		22.9
Slamf6	ENSMUSG00000015314	SLAMF6	one2one	NA		22.9
Slamf7	ENSMUSG00000038179	SLAMF7	one2one	NA		22.9
Slamf8	ENSMUSG00000053318	SLAMF8	one2one	NA		22.9
Slamf9	ENSMUSG00000026548	SLAMF9	one2one	NA		22.9
Slbp	ENSMUSG00000004642	SLBP	one2one	NA		22.9
Slc10a1	ENSMUSG00000021135	SLC10A1	one2one	NA		22.9
Slc10a3	ENSMUSG00000032806	SLC10A3	one2one	NA		22.9
Slc10a7	ENSMUSG00000031684	SLC10A7	one2one	NA		22.9
Slc11a1	ENSMUSG00000026177	SLC11A1	one2one	NA		22.9
Slc11a2	ENSMUSG00000023030	SLC11A2	one2one	NA		22.9
Slc12a2	ENSMUSG00000024597	SLC12A2	one2one	NA		22.9
Slc12a3	ENSMUSG00000031766	SLC12A3	one2one	NA		22.9
Slc12a4	ENSMUSG00000017765	SLC12A4	one2one	NA		22.9
Slc12a5	ENSMUSG00000017740	SLC12A5	one2one	NA		22.9
Slc12a6	ENSMUSG00000027130	SLC12A6	one2one	NA		22.9
Slc12a7	ENSMUSG00000017756	SLC12A7	one2one	NA		22.9
Slc12a8	ENSMUSG00000035506	SLC12A8	one2one	NA		22.9
Slc12a9	ENSMUSG00000037344	SLC12A9	one2one	NA		22.9
Slc13a3	ENSMUSG00000018459	SLC13A3	one2one	NA		22.9
Slc14a1	ENSMUSG00000059336	SLC14A1	one2one	NA		22.9
Slc15a1	ENSMUSG00000025557	SLC15A1	one2one	NA		22.9
Slc15a2	ENSMUSG00000022899	SLC15A2	one2one	NA		22.9
Slc15a3	ENSMUSG00000024737	SLC15A3	one2one	NA		22.9
Slc15a4	ENSMUSG00000029416	SLC15A4	one2one	NA		22.9
Slc16a1	ENSMUSG00000032902	SLC16A1	one2one	NA		22.9
Slc16a10	ENSMUSG00000019838	SLC16A10	one2one	NA		22.9
Slc16a11	ENSMUSG00000040938	SLC16A11	one2one	NA		22.9
Slc16a13	ENSMUSG00000044367	SLC16A13	one2one	NA		22.9
Slc16a2	ENSMUSG00000033965	SLC16A2	one2one	NA		22.9
Slc16a3	ENSMUSG00000025161	SLC16A3	one2one	NA		22.9
Slc16a4	ENSMUSG00000027896	SLC16A4	one2one	NA		22.9
Slc16a5	ENSMUSG00000045775	SLC16A5	one2one	NA		22.9
Slc16a6	ENSMUSG00000041920	SLC16A6	one2one	NA		22.9
Slc16a8	ENSMUSG00000032988	SLC16A8	one2one	NA		22.9
Slc17a5	ENSMUSG00000049624	SLC17A5	one2one	NA		22.9
Slc17a6	ENSMUSG00000030500	SLC17A6	one2one	NA		22.9
Slc17a7	ENSMUSG00000070570	SLC17A7	one2one	NA		22.9
Slc17a8	ENSMUSG00000019935	SLC17A8	one2one	NA		22.9
Slc17a9	ENSMUSG00000023393	SLC17A9	one2one	NA		22.9
Slc18a2	ENSMUSG00000025094	SLC18A2	one2one	NA		22.9
Slc18b1	ENSMUSG00000037455	SLC18B1	one2one	NA		22.9
Slc19a1	ENSMUSG00000001436	SLC19A1	one2one	NA		22.9
Slc19a2	ENSMUSG00000040918	SLC19A2	one2one	NA		22.9
Slc19a3	ENSMUSG00000038496	SLC19A3	one2one	NA		22.9
Slc1a1	ENSMUSG00000024935	SLC1A1	one2one	NA		22.9
Slc1a2	ENSMUSG00000005089	SLC1A2	one2one	NA		22.9
Slc1a3	ENSMUSG00000005360	SLC1A3	one2one	NA		22.9
Slc1a4	ENSMUSG00000020142	SLC1A4	one2one	NA		22.9
Slc1a5	ENSMUSG00000001918	SLC1A5	one2one	NA		22.9
Slc20a1	ENSMUSG00000027397	SLC20A1	one2one	NA		22.9
Slc20a2	ENSMUSG00000037656	SLC20A2	one2one	NA		22.9
Slc22a15	ENSMUSG00000033147	SLC22A15	one2one	NA		22.9
Slc22a17	ENSMUSG00000022199	SLC22A17	one2one	NA		22.9
Slc22a21	ENSMUSG00000063652	SLC22A5	many2one	NA		22.9
Slc22a23	ENSMUSG00000038267	SLC22A23	one2one	NA		22.9
Slc22a5	ENSMUSG00000018900	SLC22A5	many2one	NA		22.9
Slc23a1	ENSMUSG00000024354	SLC23A1	one2one	NA		22.9
Slc23a2	ENSMUSG00000027340	SLC23A2	one2one	NA		22.9
Slc23a3	ENSMUSG00000026205	SLC23A3	one2one	NA		22.9
Slc24a1	ENSMUSG00000034452	SLC24A1	one2one	NA		22.9
Slc24a3	ENSMUSG00000063873	SLC24A3	one2one	NA		22.9
Slc24a5	ENSMUSG00000035183	SLC24A5	one2one	NA		22.9
Slc25a1	ENSMUSG00000003528	SLC25A1	one2one	NA		22.9
Slc25a10	ENSMUSG00000025792	SLC25A10	one2one	NA		22.9
Slc25a11	ENSMUSG00000014606	SLC25A11	one2one	NA		22.9
Slc25a12	ENSMUSG00000027010	SLC25A12	one2one	NA		22.9
Slc25a13	ENSMUSG00000015112	SLC25A13	one2one	NA		22.9
Slc25a14	ENSMUSG00000031105	SLC25A14	one2one	NA		22.9
Slc25a15	ENSMUSG00000031482	SLC25A15	one2one	NA		22.9
Slc25a16	ENSMUSG00000071253	SLC25A16	one2one	NA		22.9
Slc25a17	ENSMUSG00000022404	SLC25A17	one2one	NA		22.9
Slc25a18	ENSMUSG00000004902	SLC25A18	one2one	NA		22.9
Slc25a19	ENSMUSG00000020744	SLC25A19	one2one	NA		22.9
Slc25a2	ENSMUSG00000050304	SLC25A2	one2one	NA		22.9
Slc25a20	ENSMUSG00000032602	SLC25A20	one2one	NA		22.9
Slc25a22	ENSMUSG00000019082	SLC25A22	one2one	NA		22.9
Slc25a23	ENSMUSG00000046329	SLC25A23	one2one	NA		22.9
Slc25a24	ENSMUSG00000040322	SLC25A24	one2one	NA		22.9
Slc25a25	ENSMUSG00000026819	SLC25A25	one2one	NA		22.9
Slc25a26	ENSMUSG00000045100	SLC25A26	one2one	NA		22.9
Slc25a27	ENSMUSG00000023912	SLC25A27	one2one	NA		22.9
Slc25a28	ENSMUSG00000040414	SLC25A28	one2one	NA		22.9
Slc25a29	ENSMUSG00000021265	SLC25A29	one2one	NA		22.9
Slc25a3	ENSMUSG00000061904	SLC25A3	one2one	NA		22.9
Slc25a30	ENSMUSG00000022003	SLC25A30	one2one	NA		22.9
Slc25a32	ENSMUSG00000022299	SLC25A32	one2one	NA		22.9
Slc25a33	ENSMUSG00000028982	SLC25A33	one2one	NA		22.9
Slc25a35	ENSMUSG00000018740	SLC25A35	one2one	NA		22.9
Slc25a36	ENSMUSG00000032449	SLC25A36	one2one	NA		22.9
Slc25a37	ENSMUSG00000034248	SLC25A37	one2one	NA		22.9
Slc25a38	ENSMUSG00000032519	SLC25A38	one2one	NA		22.9
Slc25a39	ENSMUSG00000018677	SLC25A39	one2one	NA		22.9
Slc25a4	ENSMUSG00000031633	SLC25A4	one2one	NA		22.9
Slc25a40	ENSMUSG00000054099	SLC25A40	one2one	NA		22.9
Slc25a42	ENSMUSG00000002346	SLC25A42	one2one	NA		22.9
Slc25a43	ENSMUSG00000037636	SLC25A43	one2one	NA		22.9
Slc25a44	ENSMUSG00000050144	SLC25A44	one2one	NA		22.9
Slc25a45	ENSMUSG00000024818	SLC25A45	one2one	NA		22.9
Slc25a46	ENSMUSG00000024259	SLC25A46	one2one	NA		22.9
Slc25a47	ENSMUSG00000048856	SLC25A47	one2one	NA		22.9
Slc25a48	ENSMUSG00000021509	SLC25A48	one2one	NA		22.9
Slc25a5	ENSMUSG00000016319	SLC25A5	one2one	NA		22.9
Slc25a51	ENSMUSG00000045973	SLC25A51	one2one	NA		22.9
Slc25a53	ENSMUSG00000044348	SLC25A53	one2one	NA		22.9
Slc26a1	ENSMUSG00000046959	SLC26A1	one2one	NA		22.9
Slc26a10	ENSMUSG00000040441	SLC26A10P	one2one	NA		22.9
Slc26a11	ENSMUSG00000039908	SLC26A11	one2one	NA		22.9
Slc26a2	ENSMUSG00000034320	SLC26A2	one2one	NA		22.9
Slc26a6	ENSMUSG00000023259	SLC26A6	one2one	NA		22.9
Slc26a8	ENSMUSG00000036196	SLC26A8	one2one	NA		22.9
Slc26a9	ENSMUSG00000042268	SLC26A9	one2one	NA		22.9
Slc27a1	ENSMUSG00000031808	SLC27A1	one2one	NA		22.9
Slc27a3	ENSMUSG00000027932	SLC27A3	one2one	NA		22.9
Slc27a4	ENSMUSG00000059316	SLC27A4	one2one	NA		22.9
Slc27a5	ENSMUSG00000030382	SLC27A5	one2one	NA		22.9
Slc27a6	ENSMUSG00000024600	SLC27A6	one2one	NA		22.9
Slc28a2	ENSMUSG00000027219	SLC28A2	many2one	NA		22.9
Slc28a2b	ENSMUSG00000079071	SLC28A2	many2one	NA		22.9
Slc29a1	ENSMUSG00000023942	SLC29A1	one2one	NA		22.9
Slc29a2	ENSMUSG00000024891	SLC29A2	one2one	NA		22.9
Slc29a3	ENSMUSG00000020100	SLC29A3	one2one	NA		22.9
Slc29a4	ENSMUSG00000050822	SLC29A4	one2one	NA		22.9
Slc2a1	ENSMUSG00000028645	SLC2A1	one2one	NA		22.9
Slc2a10	ENSMUSG00000027661	SLC2A10	one2one	NA		22.9
Slc2a2	ENSMUSG00000027690	SLC2A2	one2one	NA		22.9
Slc2a3	ENSMUSG00000003153	SLC2A14	one2many	NA		22.9
Slc2a3	ENSMUSG00000003153	SLC2A3	one2many	NA		22.9
Slc2a4	ENSMUSG00000018566	SLC2A4	one2one	NA		22.9
Slc2a6	ENSMUSG00000036067	SLC2A6	one2one	NA		22.9
Slc2a8	ENSMUSG00000026791	SLC2A8	one2one	NA		22.9
Slc2a9	ENSMUSG00000005107	SLC2A9	one2one	NA		22.9
Slc30a1	ENSMUSG00000037434	SLC30A1	one2one	NA		22.9
Slc30a2	ENSMUSG00000028836	SLC30A2	one2one	NA		22.9
Slc30a3	ENSMUSG00000029151	SLC30A3	one2one	NA		22.9
Slc30a4	ENSMUSG00000005802	SLC30A4	one2one	NA		22.9
Slc30a5	ENSMUSG00000021629	SLC30A5	one2one	NA		22.9
Slc30a6	ENSMUSG00000024069	SLC30A6	one2one	NA		22.9
Slc30a7	ENSMUSG00000054414	SLC30A7	one2one	NA		22.9
Slc30a9	ENSMUSG00000029221	SLC30A9	one2one	NA		22.9
Slc31a1	ENSMUSG00000066150	SLC31A1	one2one	NA		22.9
Slc31a2	ENSMUSG00000066152	SLC31A2	one2one	NA		22.9
Slc33a1	ENSMUSG00000027822	SLC33A1	one2one	NA		22.9
Slc34a3	ENSMUSG00000006469	SLC34A3	one2one	NA		22.9
Slc35a1	ENSMUSG00000028293	SLC35A1	one2one	NA		22.9
Slc35a2	ENSMUSG00000031156	SLC35A2	one2one	NA		22.9
Slc35a3	ENSMUSG00000027957	SLC35A3	one2one	NA		22.9
Slc35a4	ENSMUSG00000033272	SLC35A4	one2one	NA		22.9
Slc35a5	ENSMUSG00000022664	SLC35A5	one2one	NA		22.9
Slc35b1	ENSMUSG00000020873	SLC35B1	one2one	NA		22.9
Slc35b2	ENSMUSG00000037089	SLC35B2	one2one	NA		22.9
Slc35b3	ENSMUSG00000021432	SLC35B3	one2one	NA		22.9
Slc35b4	ENSMUSG00000018999	SLC35B4	one2one	NA		22.9
Slc35c1	ENSMUSG00000049922	SLC35C1	one2one	NA		22.9
Slc35c2	ENSMUSG00000017664	SLC35C2	one2one	NA		22.9
Slc35d1	ENSMUSG00000028521	SLC35D1	one2one	NA		22.9
Slc35d2	ENSMUSG00000033114	SLC35D2	one2one	NA		22.9
Slc35d3	ENSMUSG00000050473	SLC35D3	one2one	NA		22.9
Slc35e1	ENSMUSG00000019731	SLC35E1	one2one	NA		22.9
Slc35e2	ENSMUSG00000042202	SLC35E2B	one2one	NA		22.9
Slc35e3	ENSMUSG00000060181	SLC35E3	one2one	NA		22.9
Slc35e4	ENSMUSG00000048807	SLC35E4	one2one	NA		22.9
Slc35f2	ENSMUSG00000042195	SLC35F2	one2one	NA		22.9
Slc35f5	ENSMUSG00000026342	SLC35F5	one2one	NA		22.9
Slc35f6	ENSMUSG00000029175	SLC35F6	one2one	NA		22.9
Slc35g1	ENSMUSG00000044026	SLC35G1	one2one	NA		22.9
Slc35g2	ENSMUSG00000070287	SLC35G2	one2one	NA		22.9
Slc36a1	ENSMUSG00000020261	SLC36A1	one2one	NA		22.9
Slc36a3	ENSMUSG00000049491	SLC36A3	one2one	NA		22.9
Slc36a4	ENSMUSG00000043885	SLC36A4	one2one	NA		22.9
Slc37a1	ENSMUSG00000024036	SLC37A1	one2one	NA		22.9
Slc37a2	ENSMUSG00000032122	SLC37A2	one2one	NA		22.9
Slc37a3	ENSMUSG00000029924	SLC37A3	one2one	NA		22.9
Slc37a4	ENSMUSG00000032114	SLC37A4	one2one	NA		22.9
Slc38a1	ENSMUSG00000023169	SLC38A1	one2one	NA		22.9
Slc38a10	ENSMUSG00000061306	SLC38A10	one2one	NA		22.9
Slc38a2	ENSMUSG00000022462	SLC38A2	one2one	NA		22.9
Slc38a3	ENSMUSG00000010064	SLC38A3	one2one	NA		22.9
Slc38a5	ENSMUSG00000031170	SLC38A5	one2one	NA		22.9
Slc38a6	ENSMUSG00000044712	SLC38A6	one2one	NA		22.9
Slc38a7	ENSMUSG00000036534	SLC38A7	one2one	NA		22.9
Slc38a9	ENSMUSG00000047789	SLC38A9	one2one	NA		22.9
Slc39a1	ENSMUSG00000052310	SLC39A1	one2one	NA		22.9
Slc39a10	ENSMUSG00000025986	SLC39A10	one2one	NA		22.9
Slc39a11	ENSMUSG00000041654	SLC39A11	one2one	NA		22.9
Slc39a12	ENSMUSG00000036949	SLC39A12	one2one	NA		22.9
Slc39a13	ENSMUSG00000002105	SLC39A13	one2one	NA		22.9
Slc39a14	ENSMUSG00000022094	SLC39A14	one2one	NA		22.9
Slc39a2	ENSMUSG00000072572	SLC39A2	one2one	NA		22.9
Slc39a3	ENSMUSG00000046822	SLC39A3	one2one	NA		22.9
Slc39a4	ENSMUSG00000063354	SLC39A4	one2one	NA		22.9
Slc39a5	ENSMUSG00000039878	SLC39A5	one2one	NA		22.9
Slc39a6	ENSMUSG00000024270	SLC39A6	one2one	NA		22.9
Slc39a7	ENSMUSG00000024327	SLC39A7	one2one	NA		22.9
Slc39a8	ENSMUSG00000053897	SLC39A8	one2one	NA		22.9
Slc39a9	ENSMUSG00000048833	SLC39A9	one2one	NA		22.9
Slc3a1	ENSMUSG00000024131	SLC3A1	one2one	NA		22.9
Slc3a2	ENSMUSG00000010095	SLC3A2	one2one	NA		22.9
Slc41a1	ENSMUSG00000013275	SLC41A1	one2one	NA		22.9
Slc41a2	ENSMUSG00000034591	SLC41A2	one2one	NA		22.9
Slc41a3	ENSMUSG00000030089	SLC41A3	one2one	NA		22.9
Slc43a1	ENSMUSG00000027075	SLC43A1	one2one	NA		22.9
Slc43a2	ENSMUSG00000038178	SLC43A2	one2one	NA		22.9
Slc43a3	ENSMUSG00000027074	SLC43A3	one2one	NA		22.9
Slc44a1	ENSMUSG00000028412	SLC44A1	one2one	NA		22.9
Slc44a2	ENSMUSG00000057193	SLC44A2	one2one	NA		22.9
Slc44a3	ENSMUSG00000039865	SLC44A3	one2one	NA		22.9
Slc44a5	ENSMUSG00000028360	SLC44A5	one2one	NA		22.9
Slc45a3	ENSMUSG00000026435	SLC45A3	one2one	NA		22.9
Slc45a4	ENSMUSG00000079020	SLC45A4	one2one	NA		22.9
Slc46a1	ENSMUSG00000020829	SLC46A1	one2one	NA		22.9
Slc46a3	ENSMUSG00000029650	SLC46A3	one2one	NA		22.9
Slc48a1	ENSMUSG00000081534	SLC48A1	one2one	NA		22.9
Slc49a4	ENSMUSG00000022848	SLC49A4	one2one	NA		22.9
Slc4a10	ENSMUSG00000026904	SLC4A10	one2one	NA		22.9
Slc4a11	ENSMUSG00000074796	SLC4A11	one2one	NA		22.9
Slc4a1ap	ENSMUSG00000029141	SLC4A1AP	one2one	NA		22.9
Slc4a2	ENSMUSG00000028962	SLC4A2	one2one	NA		22.9
Slc4a4	ENSMUSG00000060961	SLC4A4	one2one	NA		22.9
Slc4a5	ENSMUSG00000068323	SLC4A5	one2one	NA		22.9
Slc4a7	ENSMUSG00000021733	SLC4A7	one2one	NA		22.9
Slc4a8	ENSMUSG00000023032	SLC4A8	one2one	NA		22.9
Slc50a1	ENSMUSG00000027953	SLC50A1	one2one	NA		22.9
Slc52a2	ENSMUSG00000022560	SLC52A2	one2one	NA		22.9
Slc52a3	ENSMUSG00000027463	SLC52A3	one2one	NA		22.9
Slc5a10	ENSMUSG00000042371	SLC5A10	one2one	NA		22.9
Slc5a11	ENSMUSG00000030769	SLC5A11	one2one	NA		22.9
Slc5a3	ENSMUSG00000089774	SLC5A3	one2one	NA		22.9
Slc5a5	ENSMUSG00000000792	SLC5A5	one2one	NA		22.9
Slc5a6	ENSMUSG00000006641	SLC5A6	one2one	NA		22.9
Slc66a2	ENSMUSG00000034006	SLC66A2	one2one	NA		22.9
Slc6a12	ENSMUSG00000030109	SLC6A12	one2one	NA		22.9
Slc6a13	ENSMUSG00000030108	SLC6A13	one2one	NA		22.9
Slc6a17	ENSMUSG00000027894	SLC6A17	one2one	NA		22.9
Slc6a20b	ENSMUSG00000025243	SLC6A20	one2one	NA		22.9
Slc6a6	ENSMUSG00000030096	SLC6A6	one2one	NA		22.9
Slc6a7	ENSMUSG00000052026	SLC6A7	one2one	NA		22.9
Slc6a8	ENSMUSG00000019558	SLC6A8	one2one	NA		22.9
Slc6a9	ENSMUSG00000028542	SLC6A9	one2one	NA		22.9
Slc7a1	ENSMUSG00000041313	SLC7A1	one2one	NA		22.9
Slc7a11	ENSMUSG00000027737	SLC7A11	one2one	NA		22.9
Slc7a2	ENSMUSG00000031596	SLC7A2	one2one	NA		22.9
Slc7a3	ENSMUSG00000031297	SLC7A3	one2one	NA		22.9
Slc7a4	ENSMUSG00000022756	SLC7A4	one2one	NA		22.9
Slc7a5	ENSMUSG00000040010	SLC7A5	one2one	NA		22.9
Slc7a6	ENSMUSG00000031904	SLC7A6	one2one	NA		22.9
Slc7a6os	ENSMUSG00000033106	SLC7A6OS	one2one	NA		22.9
Slc7a7	ENSMUSG00000000958	SLC7A7	one2one	NA		22.9
Slc7a8	ENSMUSG00000022180	SLC7A8	one2one	NA		22.9
Slc8a2	ENSMUSG00000030376	SLC8A2	one2one	NA		22.9
Slc8b1	ENSMUSG00000032754	SLC8B1	one2one	NA		22.9
Slc9a1	ENSMUSG00000028854	SLC9A1	one2one	NA		22.9
Slc9a2	ENSMUSG00000026062	SLC9A2	one2one	NA		22.9
Slc9a3r1	ENSMUSG00000020733	SLC9A3R1	one2one	NA		22.9
Slc9a3r2	ENSMUSG00000002504	SLC9A3R2	one2one	NA		22.9
Slc9a5	ENSMUSG00000014786	SLC9A5	one2one	NA		22.9
Slc9a6	ENSMUSG00000060681	SLC9A6	one2one	NA		22.9
Slc9a7	ENSMUSG00000037341	SLC9A7	one2one	NA		22.9
Slc9a8	ENSMUSG00000039463	SLC9A8	one2one	NA		22.9
Slc9a9	ENSMUSG00000031129	SLC9A9	one2one	NA		22.9
Slc9b1	ENSMUSG00000050150	SLC9B1	one2one	NA		22.9
Slc9b2	ENSMUSG00000037994	SLC9B2	one2one	NA		22.9
Slco3a1	ENSMUSG00000025790	SLCO3A1	one2one	NA		22.9
Slco4a1	ENSMUSG00000038963	SLCO4A1	one2one	NA		22.9
Slco4c1	ENSMUSG00000040693	SLCO4C1	one2one	NA		22.9
Slco5a1	ENSMUSG00000025938	SLCO5A1	one2one	NA		22.9
Slf1	ENSMUSG00000021597	SLF1	one2one	NA		22.9
Slf2	ENSMUSG00000036097	SLF2	one2one	NA		22.9
Slfn10-ps	ENSMUSG00000072621	SLFN11	one2one	NA		22.9
Slfn2	ENSMUSG00000072620	SLFN12	many2one	NA		22.9
Slfn3	ENSMUSG00000018986	SLFN12	many2one	NA		22.9
Slfn4	ENSMUSG00000000204	SLFN12	one2many	NA		22.9
Slfn4	ENSMUSG00000000204	SLFN12L	one2many	NA		22.9
Slfn5	ENSMUSG00000054404	SLFN5	one2one	NA		22.9
Slfn8	ENSMUSG00000035208	SLFN13	many2one	NA		22.9
Slfn9	ENSMUSG00000069793	SLFN13	many2one	NA		22.9
Slirp	ENSMUSG00000021040	SLIRP	one2one	NA		22.9
Slit1	ENSMUSG00000025020	SLIT1	one2one	NA		22.9
Slit3	ENSMUSG00000056427	SLIT3	one2one	NA		22.9
Slk	ENSMUSG00000025060	SLK	one2one	NA		22.9
Slmap	ENSMUSG00000021870	SLMAP	one2one	NA		22.9
Slpi	ENSMUSG00000017002	SLPI	one2one	NA		22.9
Sltm	ENSMUSG00000032212	SLTM	one2one	NA		22.9
Slu7	ENSMUSG00000020409	SLU7	one2one	NA		22.9
Slx1b	ENSMUSG00000059772	SLX1A	one2one	NA		22.9
Slx4	ENSMUSG00000039738	SLX4	one2one	NA		22.9
Slx4ip	ENSMUSG00000027281	SLX4IP	one2one	NA		22.9
Smad1	ENSMUSG00000031681	SMAD1	one2one	NA		22.9
Smad2	ENSMUSG00000024563	SMAD2	one2one	NA		22.9
Smad3	ENSMUSG00000032402	SMAD3	one2one	NA		22.9
Smad4	ENSMUSG00000024515	SMAD4	one2one	NA		22.9
Smad5	ENSMUSG00000021540	SMAD5	one2one	NA		22.9
Smad6	ENSMUSG00000036867	SMAD6	one2one	NA		22.9
Smad7	ENSMUSG00000025880	SMAD7	one2one	NA		22.9
Smagp	ENSMUSG00000053559	SMAGP	one2one	NA		22.9
Smap1	ENSMUSG00000026155	SMAP1	one2one	NA		22.9
Smap2	ENSMUSG00000032870	SMAP2	one2one	NA		22.9
Smarca2	ENSMUSG00000024921	SMARCA2	one2one	NA		22.9
Smarca4	ENSMUSG00000032187	SMARCA4	one2one	NA		22.9
Smarca5	ENSMUSG00000031715	SMARCA5	one2one	NA		22.9
Smarcad1	ENSMUSG00000029920	SMARCAD1	one2one	NA		22.9
Smarcal1	ENSMUSG00000039354	SMARCAL1	one2one	NA		22.9
Smarcb1	ENSMUSG00000000902	SMARCB1	one2one	NA		22.9
Smarcc1	ENSMUSG00000032481	SMARCC1	one2one	NA		22.9
Smarcc2	ENSMUSG00000025369	SMARCC2	one2one	NA		22.9
Smarcd1	ENSMUSG00000023018	SMARCD1	one2one	NA		22.9
Smarcd2	ENSMUSG00000078619	SMARCD2	one2one	NA		22.9
Smarcd3	ENSMUSG00000028949	SMARCD3	one2one	NA		22.9
Smarce1	ENSMUSG00000037935	SMARCE1	one2one	NA		22.9
Smc1a	ENSMUSG00000041133	SMC1A	one2one	NA		22.9
Smc1b	ENSMUSG00000022432	SMC1B	one2one	NA		22.9
Smc2	ENSMUSG00000028312	SMC2	one2one	NA		22.9
Smc3	ENSMUSG00000024974	SMC3	one2one	NA		22.9
Smc4	ENSMUSG00000034349	SMC4	one2one	NA		22.9
Smc5	ENSMUSG00000024943	SMC5	one2one	NA		22.9
Smc6	ENSMUSG00000020608	SMC6	one2one	NA		22.9
Smchd1	ENSMUSG00000024054	SMCHD1	one2one	NA		22.9
Smco4	ENSMUSG00000058173	SMCO4	one2one	NA		22.9
Smcr8	ENSMUSG00000049323	SMCR8	one2one	NA		22.9
Smdt1	ENSMUSG00000022452	SMDT1	one2one	NA		22.9
Smg1	ENSMUSG00000030655	SMG1	one2one	NA		22.9
Smg5	ENSMUSG00000001415	SMG5	one2one	NA		22.9
Smg6	ENSMUSG00000038290	SMG6	one2one	NA		22.9
Smg7	ENSMUSG00000042772	SMG7	one2one	NA		22.9
Smg8	ENSMUSG00000020495	SMG8	one2one	NA		22.9
Smg9	ENSMUSG00000002210	SMG9	one2one	NA		22.9
Smim10l1	ENSMUSG00000072704	SMIM10L1	one2one	NA		22.9
Smim10l2a	ENSMUSG00000054850	SMIM10L2A	one2one	NA		22.9
Smim11	ENSMUSG00000051989	SMIM11	one2one	NA		22.9
Smim12	ENSMUSG00000042380	SMIM12	one2one	NA		22.9
Smim13	ENSMUSG00000091264	SMIM13	one2one	NA		22.9
Smim14	ENSMUSG00000037822	SMIM14	one2one	NA		22.9
Smim15	ENSMUSG00000071180	SMIM15	one2one	NA		22.9
Smim17	ENSMUSG00000093536	SMIM17	one2one	NA		22.9
Smim18	ENSMUSG00000094500	SMIM18	one2one	NA		22.9
Smim19	ENSMUSG00000031534	SMIM19	one2one	NA		22.9
Smim20	ENSMUSG00000061461	SMIM20	one2one	NA		22.9
Smim24	ENSMUSG00000078439	SMIM24	one2one	NA		22.9
Smim26	ENSMUSG00000074754	SMIM26	one2one	NA		22.9
Smim3	ENSMUSG00000038059	SMIM3	one2one	NA		22.9
Smim38	ENSMUSG00000109305	SMIM38	one2one	NA		22.9
Smim4	ENSMUSG00000058351	SMIM4	one2one	NA		22.9
Smim40	ENSMUSG00000092349	SMIM40	one2one	NA		22.9
Smim5	ENSMUSG00000048442	SMIM5	one2one	NA		22.9
Smim6	ENSMUSG00000075420	SMIM6	one2one	NA		22.9
Smim7	ENSMUSG00000044600	SMIM7	one2one	NA		22.9
Smim8	ENSMUSG00000028295	SMIM8	one2one	NA		22.9
Smn1	ENSMUSG00000021645	SMN1	one2one	NA		22.9
Smndc1	ENSMUSG00000025024	SMNDC1	one2one	NA		22.9
Smo	ENSMUSG00000001761	SMO	one2one	NA		22.9
Smoc1	ENSMUSG00000021136	SMOC1	one2one	NA		22.9
Smox	ENSMUSG00000027333	SMOX	one2one	NA		22.9
Smpd1	ENSMUSG00000037049	SMPD1	one2one	NA		22.9
Smpd2	ENSMUSG00000019822	SMPD2	one2one	NA		22.9
Smpd3	ENSMUSG00000031906	SMPD3	one2one	NA		22.9
Smpd4	ENSMUSG00000005899	SMPD4	one2one	NA		22.9
Smpdl3a	ENSMUSG00000019872	SMPDL3A	one2one	NA		22.9
Smpdl3b	ENSMUSG00000028885	SMPDL3B	one2one	NA		22.9
Sms	ENSMUSG00000071708	SMS	one2one	NA		22.9
Smtn	ENSMUSG00000020439	SMTN	one2one	NA		22.9
Smtnl2	ENSMUSG00000045667	SMTNL2	one2one	NA		22.9
Smu1	ENSMUSG00000028409	SMU1	one2one	NA		22.9
Smug1	ENSMUSG00000036061	SMUG1	one2one	NA		22.9
Smurf1	ENSMUSG00000038780	SMURF1	one2one	NA		22.9
Smurf2	ENSMUSG00000018363	SMURF2	one2one	NA		22.9
Smyd1	ENSMUSG00000055027	SMYD1	one2one	NA		22.9
Smyd2	ENSMUSG00000026603	SMYD2	one2one	NA		22.9
Smyd3	ENSMUSG00000055067	SMYD3	one2one	NA		22.9
Smyd4	ENSMUSG00000018809	SMYD4	one2one	NA		22.9
Smyd5	ENSMUSG00000033706	SMYD5	one2one	NA		22.9
Snai1	ENSMUSG00000042821	SNAI1	one2one	NA		22.9
Snai3	ENSMUSG00000006587	SNAI3	one2one	NA		22.9
Snap23	ENSMUSG00000027287	SNAP23	one2one	NA		22.9
Snap25	ENSMUSG00000027273	SNAP25	one2one	NA		22.9
Snap29	ENSMUSG00000022765	SNAP29	one2one	NA		22.9
Snap47	ENSMUSG00000009894	SNAP47	one2one	NA		22.9
Snapc1	ENSMUSG00000021113	SNAPC1	one2one	NA		22.9
Snapc2	ENSMUSG00000011837	SNAPC2	one2one	NA		22.9
Snapc3	ENSMUSG00000028483	SNAPC3	one2one	NA		22.9
Snapc4	ENSMUSG00000036281	SNAPC4	one2one	NA		22.9
Snapc5	ENSMUSG00000032398	SNAPC5	one2one	NA		22.9
Snapin	ENSMUSG00000001018	SNAPIN	one2one	NA		22.9
Sncg	ENSMUSG00000023064	SNCG	one2one	NA		22.9
Snd1	ENSMUSG00000001424	SND1	one2one	NA		22.9
Sned1	ENSMUSG00000047793	SNED1	one2one	NA		22.9
Snf8	ENSMUSG00000006058	SNF8	one2one	NA		22.9
Snip1	ENSMUSG00000050213	SNIP1	one2one	NA		22.9
Snn	ENSMUSG00000037972	SNN	one2one	NA		22.9
Snph	ENSMUSG00000027457	SNPH	one2one	NA		22.9
Snrk	ENSMUSG00000038145	SNRK	one2one	NA		22.9
Snrnp200	ENSMUSG00000003660	SNRNP200	one2one	NA		22.9
Snrnp25	ENSMUSG00000040767	SNRNP25	one2one	NA		22.9
Snrnp27	ENSMUSG00000001158	SNRNP27	one2one	NA		22.9
Snrnp35	ENSMUSG00000029402	SNRNP35	one2one	NA		22.9
Snrnp40	ENSMUSG00000074088	SNRNP40	one2one	NA		22.9
Snrnp48	ENSMUSG00000021431	SNRNP48	one2one	NA		22.9
Snrnp70	ENSMUSG00000063511	SNRNP70	one2one	NA		22.9
Snrpa	ENSMUSG00000061479	SNRPA	one2one	NA		22.9
Snrpa1	ENSMUSG00000030512	SNRPA1	one2one	NA		22.9
Snrpb	ENSMUSG00000027404	SNRPB	one2one	NA		22.9
Snrpb2	ENSMUSG00000008333	SNRPB2	one2one	NA		22.9
Snrpc	ENSMUSG00000024217	SNRPC	one2one	NA		22.9
Snrpd1	ENSMUSG00000002477	SNRPD1	one2one	NA		22.9
Snrpd2	ENSMUSG00000040824	SNRPD2	one2one	NA		22.9
Snrpd3	ENSMUSG00000020180	SNRPD3	one2one	NA		22.9
Snrpe	ENSMUSG00000090553	SNRPE	one2one	NA		22.9
Snrpf	ENSMUSG00000020018	SNRPF	one2one	NA		22.9
Snrpg	ENSMUSG00000057278	SNRPG	one2one	NA		22.9
Snta1	ENSMUSG00000027488	SNTA1	one2one	NA		22.9
Sntb1	ENSMUSG00000060429	SNTB1	one2one	NA		22.9
Sntb2	ENSMUSG00000041308	SNTB2	one2one	NA		22.9
Sntg2	ENSMUSG00000020672	SNTG2	one2one	NA		22.9
Snu13	ENSMUSG00000063480	SNU13	one2one	NA		22.9
Snupn	ENSMUSG00000055334	SNUPN	one2one	NA		22.9
Snw1	ENSMUSG00000021039	SNW1	one2one	NA		22.9
Snx1	ENSMUSG00000032382	SNX1	one2one	NA		22.9
Snx10	ENSMUSG00000038301	SNX10	one2one	NA		22.9
Snx11	ENSMUSG00000020876	SNX11	one2one	NA		22.9
Snx12	ENSMUSG00000046032	SNX12	one2one	NA		22.9
Snx13	ENSMUSG00000020590	SNX13	one2one	NA		22.9
Snx14	ENSMUSG00000032422	SNX14	one2one	NA		22.9
Snx15	ENSMUSG00000024787	SNX15	one2one	NA		22.9
Snx16	ENSMUSG00000027534	SNX16	one2one	NA		22.9
Snx17	ENSMUSG00000029146	SNX17	one2one	NA		22.9
Snx18	ENSMUSG00000042364	SNX18	one2one	NA		22.9
Snx19	ENSMUSG00000031993	SNX19	one2one	NA		22.9
Snx2	ENSMUSG00000034484	SNX2	one2one	NA		22.9
Snx20	ENSMUSG00000031662	SNX20	one2one	NA		22.9
Snx21	ENSMUSG00000050373	SNX21	one2one	NA		22.9
Snx22	ENSMUSG00000039452	SNX22	one2one	NA		22.9
Snx24	ENSMUSG00000024535	SNX24	one2one	NA		22.9
Snx25	ENSMUSG00000038291	SNX25	one2one	NA		22.9
Snx27	ENSMUSG00000028136	SNX27	one2one	NA		22.9
Snx29	ENSMUSG00000071669	SNX29	one2one	NA		22.9
Snx3	ENSMUSG00000019804	SNX3	one2one	NA		22.9
Snx30	ENSMUSG00000028385	SNX30	one2one	NA		22.9
Snx31	ENSMUSG00000013611	SNX31	one2one	NA		22.9
Snx32	ENSMUSG00000056185	SNX32	one2one	NA		22.9
Snx33	ENSMUSG00000032733	SNX33	one2one	NA		22.9
Snx4	ENSMUSG00000022808	SNX4	one2one	NA		22.9
Snx5	ENSMUSG00000027423	SNX5	one2one	NA		22.9
Snx6	ENSMUSG00000005656	SNX6	one2one	NA		22.9
Snx8	ENSMUSG00000029560	SNX8	one2one	NA		22.9
Snx9	ENSMUSG00000002365	SNX9	one2one	NA		22.9
Soat1	ENSMUSG00000026600	SOAT1	one2one	NA		22.9
Soat2	ENSMUSG00000023045	SOAT2	one2one	NA		22.9
Sobp	ENSMUSG00000038248	SOBP	one2one	NA		22.9
Socs1	ENSMUSG00000038037	SOCS1	one2one	NA		22.9
Socs2	ENSMUSG00000020027	SOCS2	one2one	NA		22.9
Socs3	ENSMUSG00000053113	SOCS3	one2one	NA		22.9
Socs4	ENSMUSG00000048379	SOCS4	one2one	NA		22.9
Socs5	ENSMUSG00000037104	SOCS5	one2one	NA		22.9
Socs6	ENSMUSG00000056153	SOCS6	one2one	NA		22.9
Socs7	ENSMUSG00000038485	SOCS7	one2one	NA		22.9
Sod1	ENSMUSG00000022982	SOD1	one2one	NA		22.9
Sod2	ENSMUSG00000006818	SOD2	one2one	NA		22.9
Soga1	ENSMUSG00000055485	SOGA1	one2one	NA		22.9
Son	ENSMUSG00000022961	SON	one2one	NA		22.9
Sorbs1	ENSMUSG00000025006	SORBS1	one2one	NA		22.9
Sorbs3	ENSMUSG00000022091	SORBS3	one2one	NA		22.9
Sorcs1	ENSMUSG00000043531	SORCS1	one2one	NA		22.9
Sorcs2	ENSMUSG00000029093	SORCS2	one2one	NA		22.9
Sord	ENSMUSG00000027227	SORD	one2one	NA		22.9
Sorl1	ENSMUSG00000049313	SORL1	one2one	NA		22.9
Sort1	ENSMUSG00000068747	SORT1	one2one	NA		22.9
Sos1	ENSMUSG00000024241	SOS1	one2one	NA		22.9
Sos2	ENSMUSG00000034801	SOS2	one2one	NA		22.9
Sowahc	ENSMUSG00000098188	SOWAHC	one2one	NA		22.9
Sox10	ENSMUSG00000033006	SOX10	one2one	NA		22.9
Sox12	ENSMUSG00000051817	SOX12	one2one	NA		22.9
Sox13	ENSMUSG00000070643	SOX13	one2one	NA		22.9
Sox15	ENSMUSG00000041287	SOX15	one2one	NA		22.9
Sox21	ENSMUSG00000061517	SOX21	one2one	NA		22.9
Sox4	ENSMUSG00000076431	SOX4	one2one	NA		22.9
Sox5	ENSMUSG00000041540	SOX5	one2one	NA		22.9
Sox6	ENSMUSG00000051910	SOX6	one2one	NA		22.9
Sox9	ENSMUSG00000000567	SOX9	one2one	NA		22.9
Sp1	ENSMUSG00000001280	SP1	one2one	NA		22.9
Sp100	ENSMUSG00000026222	SP100	one2one	NA		22.9
Sp110	ENSMUSG00000070034	SP110	one2one	NA		22.9
Sp140	ENSMUSG00000070031	SP140L	one2one	NA		22.9
Sp2	ENSMUSG00000018678	SP2	one2one	NA		22.9
Sp3	ENSMUSG00000027109	SP3	one2one	NA		22.9
Sp4	ENSMUSG00000025323	SP4	one2one	NA		22.9
Sp7	ENSMUSG00000060284	SP7	one2one	NA		22.9
Spa17	ENSMUSG00000001948	SPA17	one2one	NA		22.9
Spaca1	ENSMUSG00000028264	SPACA1	one2one	NA		22.9
Spaca4	ENSMUSG00000070563	SPACA4	one2one	NA		22.9
Spaca6	ENSMUSG00000080316	SPACA6	one2one	NA		22.9
Spag1	ENSMUSG00000037617	SPAG1	one2one	NA		22.9
Spag4	ENSMUSG00000038180	SPAG4	one2one	NA		22.9
Spag5	ENSMUSG00000002055	SPAG5	one2one	NA		22.9
Spag6l	ENSMUSG00000022783	SPAG6	one2one	NA		22.9
Spag7	ENSMUSG00000018287	SPAG7	one2one	NA		22.9
Spag9	ENSMUSG00000020859	SPAG9	one2one	NA		22.9
Sparc	ENSMUSG00000018593	SPARC	one2one	NA		22.9
Spast	ENSMUSG00000024068	SPAST	one2one	NA		22.9
Spata1	ENSMUSG00000028188	SPATA1	one2one	NA		22.9
Spata13	ENSMUSG00000021990	SPATA13	one2one	NA		22.9
Spata2	ENSMUSG00000047030	SPATA2	one2one	NA		22.9
Spata21	ENSMUSG00000045004	SPATA21	one2one	NA		22.9
Spata24	ENSMUSG00000024352	SPATA24	one2one	NA		22.9
Spata2l	ENSMUSG00000033594	SPATA2L	one2one	NA		22.9
Spata33	ENSMUSG00000048478	SPATA33	one2one	NA		22.9
Spata45	ENSMUSG00000057072	SPATA45	one2one	NA		22.9
Spata48	ENSMUSG00000020191	SPATA48	one2one	NA		22.9
Spata5	ENSMUSG00000027722	SPATA5	one2one	NA		22.9
Spata5l1	ENSMUSG00000118663	SPATA5L1	one2one	NA		22.9
Spata6	ENSMUSG00000034401	SPATA6	one2one	NA		22.9
Spata7	ENSMUSG00000021007	SPATA7	one2one	NA		22.9
Spata9	ENSMUSG00000021590	SPATA9	one2one	NA		22.9
Spatc1	ENSMUSG00000049653	SPATC1	one2one	NA		22.9
Spatc1l	ENSMUSG00000009115	SPATC1L	one2one	NA		22.9
Spats1	ENSMUSG00000023935	SPATS1	one2one	NA		22.9
Spats2	ENSMUSG00000051934	SPATS2	one2one	NA		22.9
Spats2l	ENSMUSG00000038305	SPATS2L	one2one	NA		22.9
Spc24	ENSMUSG00000074476	SPC24	one2one	NA		22.9
Spc25	ENSMUSG00000005233	SPC25	one2one	NA		22.9
Spcs1	ENSMUSG00000021917	SPCS1	one2one	NA		22.9
Spcs2	ENSMUSG00000035227	SPCS2	one2one	NA		22.9
Spcs3	ENSMUSG00000054408	SPCS3	many2one	NA		22.9
Spdl1	ENSMUSG00000069910	SPDL1	one2one	NA		22.9
Spdya	ENSMUSG00000052525	SPDYA	one2one	NA		22.9
Specc1	ENSMUSG00000042331	SPECC1	one2one	NA		22.9
Specc1l	ENSMUSG00000033444	SPECC1L	one2one	NA		22.9
Spef1	ENSMUSG00000027329	SPEF1	one2one	NA		22.9
Spef2	ENSMUSG00000072663	SPEF2	one2one	NA		22.9
Spem1	ENSMUSG00000041165	SPEM1	one2one	NA		22.9
Spen	ENSMUSG00000040761	SPEN	one2one	NA		22.9
Spg11	ENSMUSG00000033396	SPG11	one2one	NA		22.9
Spg20	ENSMUSG00000036580	SPART	one2one	NA		22.9
Spg21	ENSMUSG00000032388	SPG21	one2one	NA		22.9
Spg7	ENSMUSG00000000738	SPG7	one2one	NA		22.9
Sphk1	ENSMUSG00000061878	SPHK1	one2one	NA		22.9
Sphk2	ENSMUSG00000057342	SPHK2	one2one	NA		22.9
Sphkap	ENSMUSG00000026163	SPHKAP	one2one	NA		22.9
Spi1	ENSMUSG00000002111	SPI1	one2one	NA		22.9
Spib	ENSMUSG00000008193	SPIB	one2one	NA		22.9
Spice1	ENSMUSG00000043065	SPICE1	one2one	NA		22.9
Spidr	ENSMUSG00000041974	SPIDR	one2one	NA		22.9
Spin1	ENSMUSG00000021395	SPIN1	one2one	NA		22.9
Spin2c	ENSMUSG00000046550	SPIN2A	one2one	NA		22.9
Spin4	ENSMUSG00000071722	SPIN4	one2one	NA		22.9
Spindoc	ENSMUSG00000024970	SPINDOC	one2one	NA		22.9
Spink2	ENSMUSG00000053030	SPINK2	one2one	NA		22.9
Spint1	ENSMUSG00000027315	SPINT1	one2one	NA		22.9
Spint2	ENSMUSG00000074227	SPINT2	one2one	NA		22.9
Spire1	ENSMUSG00000024533	SPIRE1	one2one	NA		22.9
Spire2	ENSMUSG00000010154	SPIRE2	one2one	NA		22.9
Spn	ENSMUSG00000051457	SPN	one2one	NA		22.9
Spns1	ENSMUSG00000030741	SPNS1	one2one	NA		22.9
Spo11	ENSMUSG00000005883	SPO11	one2one	NA		22.9
Spock2	ENSMUSG00000058297	SPOCK2	one2one	NA		22.9
Spon1	ENSMUSG00000038156	SPON1	one2one	NA		22.9
Spop	ENSMUSG00000057522	SPOP	one2one	NA		22.9
Spopl	ENSMUSG00000026771	SPOPL	one2one	NA		22.9
Spout1	ENSMUSG00000039660	SPOUT1	one2one	NA		22.9
Spp1	ENSMUSG00000029304	SPP1	one2one	NA		22.9
Sppl2a	ENSMUSG00000027366	SPPL2A	one2one	NA		22.9
Sppl2b	ENSMUSG00000035206	SPPL2B	one2one	NA		22.9
Sppl3	ENSMUSG00000029550	SPPL3	one2one	NA		22.9
Spr	ENSMUSG00000033735	SPR	one2one	NA		22.9
Spred1	ENSMUSG00000027351	SPRED1	one2one	NA		22.9
Spred2	ENSMUSG00000045671	SPRED2	one2one	NA		22.9
Spred3	ENSMUSG00000037239	SPRED3	one2one	NA		22.9
Sprn	ENSMUSG00000045733	SPRN	one2one	NA		22.9
Sprtn	ENSMUSG00000031986	SPRTN	one2one	NA		22.9
Spry1	ENSMUSG00000037211	SPRY1	one2one	NA		22.9
Spry2	ENSMUSG00000022114	SPRY2	one2one	NA		22.9
Spry4	ENSMUSG00000024427	SPRY4	one2one	NA		22.9
Spryd3	ENSMUSG00000036966	SPRYD3	one2one	NA		22.9
Spryd4	ENSMUSG00000051346	SPRYD4	one2one	NA		22.9
Spryd7	ENSMUSG00000021930	SPRYD7	one2one	NA		22.9
Spsb1	ENSMUSG00000039911	SPSB1	one2one	NA		22.9
Spsb2	ENSMUSG00000038451	SPSB2	one2one	NA		22.9
Spsb3	ENSMUSG00000024160	SPSB3	one2one	NA		22.9
Spsb4	ENSMUSG00000046997	SPSB4	one2one	NA		22.9
Spta1	ENSMUSG00000026532	SPTA1	one2one	NA		22.9
Sptan1	ENSMUSG00000057738	SPTAN1	one2one	NA		22.9
Sptb	ENSMUSG00000021061	SPTB	one2one	NA		22.9
Sptbn1	ENSMUSG00000020315	SPTBN1	one2one	NA		22.9
Sptbn2	ENSMUSG00000067889	SPTBN2	one2one	NA		22.9
Sptbn4	ENSMUSG00000011751	SPTBN4	one2one	NA		22.9
Sptbn5	ENSMUSG00000074899	SPTBN5	one2one	NA		22.9
Sptlc1	ENSMUSG00000021468	SPTLC1	one2one	NA		22.9
Sptlc2	ENSMUSG00000021036	SPTLC2	one2one	NA		22.9
Sptssa	ENSMUSG00000044408	SPTSSA	one2one	NA		22.9
Spty2d1	ENSMUSG00000049516	SPTY2D1	one2one	NA		22.9
Spx	ENSMUSG00000071112	SPX	one2one	NA		22.9
Sqle	ENSMUSG00000022351	SQLE	one2one	NA		22.9
Sqor	ENSMUSG00000005803	SQOR	one2one	NA		22.9
Sqstm1	ENSMUSG00000015837	SQSTM1	one2one	NA		22.9
Sra1	ENSMUSG00000006050	SRA1	one2one	NA		22.9
Srbd1	ENSMUSG00000024135	SRBD1	one2one	NA		22.9
Src	ENSMUSG00000027646	SRC	one2one	NA		22.9
Srcap	ENSMUSG00000053877	SRCAP	one2one	NA		22.9
Srcin1	ENSMUSG00000038453	SRCIN1	one2one	NA		22.9
Srd5a1	ENSMUSG00000021594	SRD5A1	one2one	NA		22.9
Srd5a3	ENSMUSG00000029233	SRD5A3	one2one	NA		22.9
Srebf1	ENSMUSG00000020538	SREBF1	one2one	NA		22.9
Srebf2	ENSMUSG00000022463	SREBF2	one2one	NA		22.9
Srek1	ENSMUSG00000032621	SREK1	one2one	NA		22.9
Srek1ip1	ENSMUSG00000021716	SREK1IP1	one2one	NA		22.9
Srf	ENSMUSG00000015605	SRF	one2one	NA		22.9
Srfbp1	ENSMUSG00000024528	SRFBP1	one2one	NA		22.9
Srgap1	ENSMUSG00000020121	SRGAP1	one2one	NA		22.9
Srgap2	ENSMUSG00000026425	SRGAP2	one2one	NA		22.9
Srgap3	ENSMUSG00000030257	SRGAP3	one2one	NA		22.9
Srgn	ENSMUSG00000020077	SRGN	one2one	NA		22.9
Sri	ENSMUSG00000003161	SRI	one2one	NA		22.9
Srl	ENSMUSG00000022519	SRL	one2one	NA		22.9
Srm	ENSMUSG00000006442	SRM	one2one	NA		22.9
Srp14	ENSMUSG00000009549	SRP14	one2one	NA		22.9
Srp19	ENSMUSG00000014504	SRP19	one2one	NA		22.9
Srp54a	ENSMUSG00000073079	SRP54	many2one	NA		22.9
Srp54b	ENSMUSG00000112449	SRP54	many2one	NA		22.9
Srp54c	ENSMUSG00000079108	SRP54	many2one	NA		22.9
Srp68	ENSMUSG00000020780	SRP68	one2one	NA		22.9
Srp72	ENSMUSG00000036323	SRP72	one2one	NA		22.9
Srp9	ENSMUSG00000026511	SRP9	one2one	NA		22.9
Srpk1	ENSMUSG00000004865	SRPK1	one2one	NA		22.9
Srpk2	ENSMUSG00000062604	SRPK2	one2one	NA		22.9
Srpk3	ENSMUSG00000002007	SRPK3	one2one	NA		22.9
Srpr	ENSMUSG00000032042	SRPRA	one2one	NA		22.9
Srprb	ENSMUSG00000032553	SRPRB	one2one	NA		22.9
Srr	ENSMUSG00000001323	SRR	one2one	NA		22.9
Srrd	ENSMUSG00000029346	SRRD	one2one	NA		22.9
Srrm1	ENSMUSG00000028809	SRRM1	one2one	NA		22.9
Srrm2	ENSMUSG00000039218	SRRM2	one2one	NA		22.9
Srrt	ENSMUSG00000037364	SRRT	one2one	NA		22.9
Srsf1	ENSMUSG00000018379	SRSF1	one2one	NA		22.9
Srsf10	ENSMUSG00000028676	SRSF10	one2one	NA		22.9
Srsf11	ENSMUSG00000055436	SRSF11	one2one	NA		22.9
Srsf12	ENSMUSG00000054679	SRSF12	one2one	NA		22.9
Srsf2	ENSMUSG00000034120	SRSF2	one2one	NA		22.9
Srsf3	ENSMUSG00000071172	SRSF3	one2one	NA		22.9
Srsf4	ENSMUSG00000028911	SRSF4	one2one	NA		22.9
Srsf5	ENSMUSG00000021134	SRSF5	one2one	NA		22.9
Srsf6	ENSMUSG00000016921	SRSF6	one2one	NA		22.9
Srsf7	ENSMUSG00000024097	SRSF7	one2one	NA		22.9
Srsf9	ENSMUSG00000029538	SRSF9	one2one	NA		22.9
Srxn1	ENSMUSG00000032802	SRXN1	one2one	NA		22.9
Ss18	ENSMUSG00000037013	SS18	one2one	NA		22.9
Ss18l1	ENSMUSG00000039086	SS18L1	one2one	NA		22.9
Ss18l2	ENSMUSG00000032526	SS18L2	one2one	NA		22.9
Ssb	ENSMUSG00000068882	SSB	one2one	NA		22.9
Ssbp1	ENSMUSG00000029911	SSBP1	one2one	NA		22.9
Ssbp2	ENSMUSG00000003992	SSBP2	one2one	NA		22.9
Ssbp3	ENSMUSG00000061887	SSBP3	one2one	NA		22.9
Ssbp4	ENSMUSG00000070003	SSBP4	one2one	NA		22.9
Ssc4d	ENSMUSG00000029699	SSC4D	one2one	NA		22.9
Ssc5d	ENSMUSG00000035279	SSC5D	one2one	NA		22.9
Ssh1	ENSMUSG00000042121	SSH1	one2one	NA		22.9
Ssh2	ENSMUSG00000037926	SSH2	one2one	NA		22.9
Ssh3	ENSMUSG00000034616	SSH3	one2one	NA		22.9
Ssna1	ENSMUSG00000026966	SSNA1	one2one	NA		22.9
Sspo	ENSMUSG00000029797	SSPOP	one2one	NA		22.9
Ssr1	ENSMUSG00000021427	SSR1	one2one	NA		22.9
Ssr2	ENSMUSG00000041355	SSR2	one2one	NA		22.9
Ssr3	ENSMUSG00000027828	SSR3	one2one	NA		22.9
Ssr4	ENSMUSG00000002014	SSR4	one2one	NA		22.9
Ssrp1	ENSMUSG00000027067	SSRP1	one2one	NA		22.9
Sstr2	ENSMUSG00000047904	SSTR2	one2one	NA		22.9
Ssu72	ENSMUSG00000029038	SSU72	one2one	NA		22.9
Ssx2ip	ENSMUSG00000036825	SSX2IP	one2one	NA		22.9
St13	ENSMUSG00000022403	ST13	one2one	NA		22.9
St14	ENSMUSG00000031995	ST14	one2one	NA		22.9
St18	ENSMUSG00000033740	ST18	one2one	NA		22.9
St3gal1	ENSMUSG00000013846	ST3GAL1	one2one	NA		22.9
St3gal2	ENSMUSG00000031749	ST3GAL2	one2one	NA		22.9
St3gal3	ENSMUSG00000028538	ST3GAL3	one2one	NA		22.9
St3gal4	ENSMUSG00000032038	ST3GAL4	one2one	NA		22.9
St3gal5	ENSMUSG00000056091	ST3GAL5	one2one	NA		22.9
St3gal6	ENSMUSG00000022747	ST3GAL6	one2one	NA		22.9
St6gal1	ENSMUSG00000022885	ST6GAL1	one2one	NA		22.9
St6galnac2	ENSMUSG00000057286	ST6GALNAC2	one2one	NA		22.9
St6galnac3	ENSMUSG00000052544	ST6GALNAC3	one2one	NA		22.9
St6galnac4	ENSMUSG00000079442	ST6GALNAC4	one2one	NA		22.9
St6galnac6	ENSMUSG00000026811	ST6GALNAC6	one2one	NA		22.9
St7	ENSMUSG00000029534	ST7	one2one	NA		22.9
St7l	ENSMUSG00000045576	ST7L	one2one	NA		22.9
St8sia1	ENSMUSG00000030283	ST8SIA1	one2one	NA		22.9
St8sia4	ENSMUSG00000040710	ST8SIA4	one2one	NA		22.9
St8sia6	ENSMUSG00000003418	ST8SIA6	one2one	NA		22.9
Stab1	ENSMUSG00000042286	STAB1	one2one	NA		22.9
Stab2	ENSMUSG00000035459	STAB2	one2one	NA		22.9
Stac	ENSMUSG00000032502	STAC	one2one	NA		22.9
Stac2	ENSMUSG00000017400	STAC2	one2one	NA		22.9
Stac3	ENSMUSG00000040287	STAC3	one2one	NA		22.9
Stag1	ENSMUSG00000037286	STAG1	one2one	NA		22.9
Stag2	ENSMUSG00000025862	STAG2	one2one	NA		22.9
Stag3	ENSMUSG00000036928	STAG3	one2one	NA		22.9
Stam	ENSMUSG00000026718	STAM	one2one	NA		22.9
Stam2	ENSMUSG00000055371	STAM2	one2one	NA		22.9
Stambp	ENSMUSG00000006906	STAMBP	one2one	NA		22.9
Stambpl1	ENSMUSG00000024776	STAMBPL1	one2one	NA		22.9
Stap1	ENSMUSG00000029254	STAP1	one2one	NA		22.9
Stap2	ENSMUSG00000038781	STAP2	one2one	NA		22.9
Star	ENSMUSG00000031574	STAR	one2one	NA		22.9
Stard10	ENSMUSG00000030688	STARD10	one2one	NA		22.9
Stard13	ENSMUSG00000016128	STARD13	one2one	NA		22.9
Stard3	ENSMUSG00000018167	STARD3	one2one	NA		22.9
Stard3nl	ENSMUSG00000003062	STARD3NL	one2one	NA		22.9
Stard4	ENSMUSG00000024378	STARD4	one2one	NA		22.9
Stard5	ENSMUSG00000046027	STARD5	one2one	NA		22.9
Stard6	ENSMUSG00000079608	STARD6	one2one	NA		22.9
Stard7	ENSMUSG00000027367	STARD7	one2one	NA		22.9
Stard8	ENSMUSG00000031216	STARD8	one2one	NA		22.9
Stard9	ENSMUSG00000033705	STARD9	one2one	NA		22.9
Stat1	ENSMUSG00000026104	STAT1	one2one	NA		22.9
Stat2	ENSMUSG00000040033	STAT2	one2one	NA		22.9
Stat3	ENSMUSG00000004040	STAT3	one2one	NA		22.9
Stat4	ENSMUSG00000062939	STAT4	one2one	NA		22.9
Stat5a	ENSMUSG00000004043	STAT5A	one2one	NA		22.9
Stat5b	ENSMUSG00000020919	STAT5B	one2one	NA		22.9
Stat6	ENSMUSG00000002147	STAT6	one2one	NA		22.9
Stau1	ENSMUSG00000039536	STAU1	one2one	NA		22.9
Stau2	ENSMUSG00000025920	STAU2	one2one	NA		22.9
Stbd1	ENSMUSG00000047963	STBD1	one2one	NA		22.9
Stc1	ENSMUSG00000014813	STC1	one2one	NA		22.9
Stc2	ENSMUSG00000020303	STC2	one2one	NA		22.9
Steap3	ENSMUSG00000026389	STEAP3	one2one	NA		22.9
Steap4	ENSMUSG00000012428	STEAP4	one2one	NA		22.9
Stfa3	ENSMUSG00000054905	CSTA	many2one	NA		22.9
Stil	ENSMUSG00000028718	STIL	one2one	NA		22.9
Stim1	ENSMUSG00000030987	STIM1	one2one	NA		22.9
Stim2	ENSMUSG00000039156	STIM2	one2one	NA		22.9
Stimate	ENSMUSG00000006526	STIMATE	one2one	NA		22.9
Sting1	ENSMUSG00000024349	STING1	one2one	NA		22.9
Stip1	ENSMUSG00000024966	STIP1	one2one	NA		22.9
Stk10	ENSMUSG00000020272	STK10	one2one	NA		22.9
Stk11	ENSMUSG00000003068	STK11	one2one	NA		22.9
Stk11ip	ENSMUSG00000026213	STK11IP	one2one	NA		22.9
Stk16	ENSMUSG00000026201	STK16	one2one	NA		22.9
Stk17b	ENSMUSG00000026094	STK17B	one2one	NA		22.9
Stk19	ENSMUSG00000061207	STK19	one2one	NA		22.9
Stk24	ENSMUSG00000063410	STK24	one2one	NA		22.9
Stk25	ENSMUSG00000026277	STK25	one2one	NA		22.9
Stk26	ENSMUSG00000031112	STK26	one2one	NA		22.9
Stk3	ENSMUSG00000022329	STK3	one2one	NA		22.9
Stk32c	ENSMUSG00000015981	STK32C	one2one	NA		22.9
Stk35	ENSMUSG00000037885	STK35	one2one	NA		22.9
Stk36	ENSMUSG00000033276	STK36	one2one	NA		22.9
Stk38	ENSMUSG00000024006	STK38	one2one	NA		22.9
Stk38l	ENSMUSG00000001630	STK38L	one2one	NA		22.9
Stk39	ENSMUSG00000027030	STK39	one2one	NA		22.9
Stk4	ENSMUSG00000018209	STK4	one2one	NA		22.9
Stk40	ENSMUSG00000042608	STK40	one2one	NA		22.9
Stkld1	ENSMUSG00000049897	STKLD1	one2one	NA		22.9
Stmn1	ENSMUSG00000028832	STMN1	one2one	NA		22.9
Stn1	ENSMUSG00000042694	STN1	one2one	NA		22.9
Stom	ENSMUSG00000026880	STOM	one2one	NA		22.9
Stoml1	ENSMUSG00000032333	STOML1	one2one	NA		22.9
Stoml2	ENSMUSG00000028455	STOML2	one2one	NA		22.9
Ston1	ENSMUSG00000033855	STON1	one2one	NA		22.9
Ston2	ENSMUSG00000020961	STON2	one2one	NA		22.9
Stox1	ENSMUSG00000036923	STOX1	one2one	NA		22.9
Stox2	ENSMUSG00000038143	STOX2	one2one	NA		22.9
Stra6	ENSMUSG00000032327	STRA6	one2one	NA		22.9
Strada	ENSMUSG00000069631	STRADA	one2one	NA		22.9
Stradb	ENSMUSG00000026027	STRADB	one2one	NA		22.9
Strap	ENSMUSG00000030224	STRAP	one2one	NA		22.9
Strbp	ENSMUSG00000026915	STRBP	one2one	NA		22.9
Strc	ENSMUSG00000033498	STRC	one2one	NA		22.9
Strip1	ENSMUSG00000014601	STRIP1	one2one	NA		22.9
Strip2	ENSMUSG00000039629	STRIP2	one2one	NA		22.9
Strn	ENSMUSG00000024077	STRN	one2one	NA		22.9
Strn3	ENSMUSG00000020954	STRN3	one2one	NA		22.9
Strn4	ENSMUSG00000030374	STRN4	one2one	NA		22.9
Stt3a	ENSMUSG00000032116	STT3A	one2one	NA		22.9
Stt3b	ENSMUSG00000032437	STT3B	one2one	NA		22.9
Stub1	ENSMUSG00000039615	STUB1	one2one	NA		22.9
Stx11	ENSMUSG00000039232	STX11	one2one	NA		22.9
Stx12	ENSMUSG00000028879	STX12	one2one	NA		22.9
Stx16	ENSMUSG00000027522	STX16	one2one	NA		22.9
Stx17	ENSMUSG00000061455	STX17	one2one	NA		22.9
Stx18	ENSMUSG00000029125	STX18	one2one	NA		22.9
Stx19	ENSMUSG00000047854	STX19	one2one	NA		22.9
Stx1a	ENSMUSG00000007207	STX1A	one2one	NA		22.9
Stx1b	ENSMUSG00000030806	STX1B	one2one	NA		22.9
Stx2	ENSMUSG00000029428	STX2	one2one	NA		22.9
Stx3	ENSMUSG00000041488	STX3	one2one	NA		22.9
Stx4a	ENSMUSG00000030805	STX4	one2one	NA		22.9
Stx5a	ENSMUSG00000010110	STX5	one2one	NA		22.9
Stx6	ENSMUSG00000026470	STX6	one2one	NA		22.9
Stx7	ENSMUSG00000019998	STX7	one2one	NA		22.9
Stx8	ENSMUSG00000020903	STX8	one2one	NA		22.9
Stxbp1	ENSMUSG00000026797	STXBP1	one2one	NA		22.9
Stxbp2	ENSMUSG00000004626	STXBP2	one2one	NA		22.9
Stxbp3	ENSMUSG00000027882	STXBP3	one2one	NA		22.9
Stxbp4	ENSMUSG00000020546	STXBP4	one2one	NA		22.9
Stxbp5	ENSMUSG00000019790	STXBP5	one2one	NA		22.9
Stxbp6	ENSMUSG00000046314	STXBP6	one2one	NA		22.9
Styk1	ENSMUSG00000032899	STYK1	one2one	NA		22.9
Styx	ENSMUSG00000053205	STYX	many2one	NA		22.9
Sub1	ENSMUSG00000022205	SUB1	one2one	NA		22.9
Sucla2	ENSMUSG00000022110	SUCLA2	one2one	NA		22.9
Suclg1	ENSMUSG00000052738	SUCLG1	one2one	NA		22.9
Suclg2	ENSMUSG00000061838	SUCLG2	one2one	NA		22.9
Suco	ENSMUSG00000040297	SUCO	one2one	NA		22.9
Suds3	ENSMUSG00000066900	SUDS3	one2one	NA		22.9
Sufu	ENSMUSG00000025231	SUFU	one2one	NA		22.9
Sugct	ENSMUSG00000055137	SUGCT	one2one	NA		22.9
Sugp1	ENSMUSG00000011306	SUGP1	one2one	NA		22.9
Sugp2	ENSMUSG00000036054	SUGP2	one2one	NA		22.9
Sugt1	ENSMUSG00000022024	SUGT1	one2one	NA		22.9
Sulf1	ENSMUSG00000016918	SULF1	one2one	NA		22.9
Sulf2	ENSMUSG00000006800	SULF2	one2one	NA		22.9
Sult1a1	ENSMUSG00000030711	SULT1A2	one2one	NA		22.9
Sult2b1	ENSMUSG00000003271	SULT2B1	one2one	NA		22.9
Sult4a1	ENSMUSG00000018865	SULT4A1	one2one	NA		22.9
Sult6b1	ENSMUSG00000038045	SULT6B1	one2one	NA		22.9
Sumf1	ENSMUSG00000030101	SUMF1	one2one	NA		22.9
Sumf2	ENSMUSG00000025538	SUMF2	one2one	NA		22.9
Sumo1	ENSMUSG00000026021	SUMO1	one2one	NA		22.9
Sumo2	ENSMUSG00000020738	SUMO2	one2one	NA		22.9
Sumo3	ENSMUSG00000020265	SUMO3	one2one	NA		22.9
Sun1	ENSMUSG00000036817	SUN1	one2one	NA		22.9
Sun2	ENSMUSG00000042524	SUN2	one2one	NA		22.9
Suox	ENSMUSG00000049858	SUOX	one2one	NA		22.9
Supt16	ENSMUSG00000035726	SUPT16H	one2one	NA		22.9
Supt20	ENSMUSG00000027751	SUPT20H	one2one	NA		22.9
Supt3	ENSMUSG00000038954	SUPT3H	one2one	NA		22.9
Supt4a	ENSMUSG00000020485	SUPT4H1	one2one	NA		22.9
Supt5	ENSMUSG00000003435	SUPT5H	one2one	NA		22.9
Supt6	ENSMUSG00000002052	SUPT6H	one2one	NA		22.9
Supt7l	ENSMUSG00000053134	SUPT7L	one2one	NA		22.9
Supv3l1	ENSMUSG00000020079	SUPV3L1	one2one	NA		22.9
Surf1	ENSMUSG00000015790	SURF1	one2one	NA		22.9
Surf2	ENSMUSG00000014873	SURF2	one2one	NA		22.9
Surf4	ENSMUSG00000014867	SURF4	one2one	NA		22.9
Surf6	ENSMUSG00000036160	SURF6	one2one	NA		22.9
Susd1	ENSMUSG00000038578	SUSD1	one2one	NA		22.9
Susd2	ENSMUSG00000006342	SUSD2	one2one	NA		22.9
Susd3	ENSMUSG00000021384	SUSD3	one2one	NA		22.9
Susd4	ENSMUSG00000038576	SUSD4	one2one	NA		22.9
Susd6	ENSMUSG00000021133	SUSD6	one2one	NA		22.9
Suv39h1	ENSMUSG00000039231	SUV39H1	one2one	NA		22.9
Suv39h2	ENSMUSG00000026646	SUV39H2	one2one	NA		22.9
Suz12	ENSMUSG00000017548	SUZ12	one2one	NA		22.9
Sv2a	ENSMUSG00000038486	SV2A	one2one	NA		22.9
Sv2c	ENSMUSG00000051111	SV2C	one2one	NA		22.9
Svbp	ENSMUSG00000028643	SVBP	one2one	NA		22.9
Svep1	ENSMUSG00000028369	SVEP1	one2one	NA		22.9
Svil	ENSMUSG00000024236	SVIL	one2one	NA		22.9
Svip	ENSMUSG00000074093	SVIP	one2one	NA		22.9
Svop	ENSMUSG00000042078	SVOP	one2one	NA		22.9
Swap70	ENSMUSG00000031015	SWAP70	one2one	NA		22.9
Swi5	ENSMUSG00000044627	SWI5	one2one	NA		22.9
Swsap1	ENSMUSG00000051238	SWSAP1	one2one	NA		22.9
Swt1	ENSMUSG00000052748	SWT1	one2one	NA		22.9
Syap1	ENSMUSG00000031357	SYAP1	one2one	NA		22.9
Syce1	ENSMUSG00000025480	SYCE1	one2one	NA		22.9
Syce2	ENSMUSG00000003824	SYCE2	one2one	NA		22.9
Sycp2l	ENSMUSG00000038651	SYCP2L	one2one	NA		22.9
Syde1	ENSMUSG00000032714	SYDE1	one2one	NA		22.9
Syde2	ENSMUSG00000036863	SYDE2	one2one	NA		22.9
Syf2	ENSMUSG00000028821	SYF2	one2one	NA		22.9
Syk	ENSMUSG00000021457	SYK	one2one	NA		22.9
Sympk	ENSMUSG00000023118	SYMPK	one2one	NA		22.9
Syn1	ENSMUSG00000037217	SYN1	one2one	NA		22.9
Syn3	ENSMUSG00000059602	SYN3	one2one	NA		22.9
Syna	ENSMUSG00000085957	ERVFRD-1	one2one	NA		22.9
Sync	ENSMUSG00000001333	SYNC	one2one	NA		22.9
Syncrip	ENSMUSG00000032423	SYNCRIP	one2one	NA		22.9
Syne1	ENSMUSG00000096054	SYNE1	one2one	NA		22.9
Syne2	ENSMUSG00000063450	SYNE2	one2one	NA		22.9
Syne3	ENSMUSG00000054150	SYNE3	one2one	NA		22.9
Syne4	ENSMUSG00000019737	SYNE4	one2one	NA		22.9
Syngap1	ENSMUSG00000067629	SYNGAP1	one2one	NA		22.9
Syngr1	ENSMUSG00000022415	SYNGR1	one2one	NA		22.9
Syngr2	ENSMUSG00000048277	SYNGR2	one2one	NA		22.9
Syngr3	ENSMUSG00000007021	SYNGR3	one2one	NA		22.9
Syngr4	ENSMUSG00000040231	SYNGR4	one2one	NA		22.9
Synj1	ENSMUSG00000022973	SYNJ1	one2one	NA		22.9
Synj2	ENSMUSG00000023805	SYNJ2	one2one	NA		22.9
Synj2bp	ENSMUSG00000090935	SYNJ2BP	one2one	NA		22.9
Synm	ENSMUSG00000030554	SYNM	one2one	NA		22.9
Synpo	ENSMUSG00000043079	SYNPO	one2one	NA		22.9
Synpo2	ENSMUSG00000050315	SYNPO2	one2one	NA		22.9
Synpo2l	ENSMUSG00000039376	SYNPO2L	one2one	NA		22.9
Synrg	ENSMUSG00000034940	SYNRG	one2one	NA		22.9
Syp	ENSMUSG00000031144	SYP	one2one	NA		22.9
Sypl	ENSMUSG00000020570	SYPL1	one2one	NA		22.9
Sys1	ENSMUSG00000045503	SYS1	one2one	NA		22.9
Syt11	ENSMUSG00000068923	SYT11	one2one	NA		22.9
Syt12	ENSMUSG00000049303	SYT12	one2one	NA		22.9
Syt14	ENSMUSG00000016200	SYT14	one2one	NA		22.9
Syt15	ENSMUSG00000041479	SYT15	one2one	NA		22.9
Syt2	ENSMUSG00000026452	SYT2	one2one	NA		22.9
Syt5	ENSMUSG00000004961	SYT5	one2one	NA		22.9
Syt6	ENSMUSG00000027849	SYT6	one2one	NA		22.9
Syt7	ENSMUSG00000024743	SYT7	one2one	NA		22.9
Sytl1	ENSMUSG00000028860	SYTL1	one2one	NA		22.9
Sytl2	ENSMUSG00000030616	SYTL2	one2one	NA		22.9
Sytl3	ENSMUSG00000041831	SYTL3	one2one	NA		22.9
Sytl4	ENSMUSG00000031255	SYTL4	one2one	NA		22.9
Syvn1	ENSMUSG00000024807	SYVN1	one2one	NA		22.9
Szrd1	ENSMUSG00000040842	SZRD1	one2one	NA		22.9
Szt2	ENSMUSG00000033253	SZT2	one2one	NA		22.9
Tab1	ENSMUSG00000022414	TAB1	one2one	NA		22.9
Tab2	ENSMUSG00000015755	TAB2	one2one	NA		22.9
Tab3	ENSMUSG00000035476	TAB3	one2one	NA		22.9
Tac1	ENSMUSG00000061762	TAC1	one2one	NA		22.9
Tac2	ENSMUSG00000025400	TAC3	one2one	NA		22.9
Tac4	ENSMUSG00000020872	TAC4	one2one	NA		22.9
Tacc1	ENSMUSG00000065954	TACC1	one2one	NA		22.9
Tacc2	ENSMUSG00000030852	TACC2	one2one	NA		22.9
Tacc3	ENSMUSG00000037313	TACC3	one2one	NA		22.9
Taco1	ENSMUSG00000001983	TACO1	one2one	NA		22.9
Tacr2	ENSMUSG00000020081	TACR2	one2one	NA		22.9
Tacstd2	ENSMUSG00000051397	TACSTD2	one2one	NA		22.9
Tada1	ENSMUSG00000026563	TADA1	one2one	NA		22.9
Tada2a	ENSMUSG00000018651	TADA2A	one2one	NA		22.9
Tada2b	ENSMUSG00000029196	TADA2B	one2one	NA		22.9
Tada3	ENSMUSG00000048930	TADA3	one2one	NA		22.9
Taf1	ENSMUSG00000031314	TAF1	one2one	NA		22.9
Taf10	ENSMUSG00000043866	TAF10	one2one	NA		22.9
Taf11	ENSMUSG00000024218	TAF11	one2one	NA		22.9
Taf12	ENSMUSG00000028899	TAF12	one2one	NA		22.9
Taf13	ENSMUSG00000048100	TAF13	one2one	NA		22.9
Taf15	ENSMUSG00000020680	TAF15	one2one	NA		22.9
Taf1a	ENSMUSG00000072258	TAF1A	one2one	NA		22.9
Taf1b	ENSMUSG00000059669	TAF1B	one2one	NA		22.9
Taf1c	ENSMUSG00000031832	TAF1C	one2one	NA		22.9
Taf1d	ENSMUSG00000031939	TAF1D	one2one	NA		22.9
Taf2	ENSMUSG00000037343	TAF2	one2one	NA		22.9
Taf3	ENSMUSG00000025782	TAF3	one2one	NA		22.9
Taf4	ENSMUSG00000039117	TAF4	one2one	NA		22.9
Taf4b	ENSMUSG00000054321	TAF4B	one2one	NA		22.9
Taf5	ENSMUSG00000025049	TAF5	one2one	NA		22.9
Taf5l	ENSMUSG00000038697	TAF5L	one2one	NA		22.9
Taf6	ENSMUSG00000036980	TAF6	one2one	NA		22.9
Taf6l	ENSMUSG00000003680	TAF6L	one2one	NA		22.9
Taf7	ENSMUSG00000051316	TAF7	one2one	NA		22.9
Taf8	ENSMUSG00000023980	TAF8	one2one	NA		22.9
Taf9	ENSMUSG00000052293	TAF9	one2one	NA		22.9
Taf9b	ENSMUSG00000047242	TAF9B	one2one	NA		22.9
Tafa3	ENSMUSG00000055865	TAFA3	one2one	NA		22.9
Tagap	ENSMUSG00000033450	TAGAP	many2one	NA		22.9
Tagap1	ENSMUSG00000052031	TAGAP	many2one	NA		22.9
Tagln	ENSMUSG00000032085	TAGLN	one2one	NA		22.9
Tagln2	ENSMUSG00000026547	TAGLN2	one2one	NA		22.9
Tagln3	ENSMUSG00000022658	TAGLN3	one2one	NA		22.9
Tal2	ENSMUSG00000028417	TAL2	one2one	NA		22.9
Taldo1	ENSMUSG00000025503	TALDO1	one2one	NA		22.9
Tamm41	ENSMUSG00000030316	TAMM41	one2one	NA		22.9
Tanc1	ENSMUSG00000035168	TANC1	one2one	NA		22.9
Tanc2	ENSMUSG00000053580	TANC2	one2one	NA		22.9
Tango2	ENSMUSG00000013539	TANGO2	one2one	NA		22.9
Tango6	ENSMUSG00000041949	TANGO6	one2one	NA		22.9
Tank	ENSMUSG00000064289	TANK	one2one	NA		22.9
Taok1	ENSMUSG00000017291	TAOK1	one2one	NA		22.9
Taok2	ENSMUSG00000059981	TAOK2	one2one	NA		22.9
Taok3	ENSMUSG00000061288	TAOK3	one2one	NA		22.9
Tap1	ENSMUSG00000037321	TAP1	one2one	NA		22.9
Tap2	ENSMUSG00000024339	TAP2	one2one	NA		22.9
Tapbp	ENSMUSG00000024308	TAPBP	one2one	NA		22.9
Tapbpl	ENSMUSG00000038213	TAPBPL	one2one	NA		22.9
Tapt1	ENSMUSG00000046985	TAPT1	one2one	NA		22.9
Tarbp1	ENSMUSG00000090290	TARBP1	one2one	NA		22.9
Tarbp2	ENSMUSG00000023051	TARBP2	one2one	NA		22.9
Tardbp	ENSMUSG00000041459	TARDBP	one2one	NA		22.9
Tars	ENSMUSG00000022241	TARS1	one2one	NA		22.9
Tars2	ENSMUSG00000028107	TARS2	one2one	NA		22.9
Tarsl2	ENSMUSG00000030515	TARS3	one2one	NA		22.9
Tas1r1	ENSMUSG00000028950	TAS1R1	one2one	NA		22.9
Tas1r3	ENSMUSG00000029072	TAS1R3	one2one	NA		22.9
Tasor	ENSMUSG00000040651	TASOR	one2one	NA		22.9
Tasor2	ENSMUSG00000033799	TASOR2	one2one	NA		22.9
Tasp1	ENSMUSG00000039033	TASP1	one2one	NA		22.9
Tatdn1	ENSMUSG00000050891	TATDN1	one2one	NA		22.9
Tatdn2	ENSMUSG00000056952	TATDN2	one2one	NA		22.9
Tatdn3	ENSMUSG00000026632	TATDN3	one2one	NA		22.9
Tax1bp1	ENSMUSG00000004535	TAX1BP1	one2one	NA		22.9
Tax1bp3	ENSMUSG00000040158	TAX1BP3	one2one	NA		22.9
Tbc1d1	ENSMUSG00000029174	TBC1D1	one2one	NA		22.9
Tbc1d10a	ENSMUSG00000034412	TBC1D10A	one2one	NA		22.9
Tbc1d10b	ENSMUSG00000042492	TBC1D10B	one2one	NA		22.9
Tbc1d10c	ENSMUSG00000040247	TBC1D10C	one2one	NA		22.9
Tbc1d12	ENSMUSG00000048720	TBC1D12	one2one	NA		22.9
Tbc1d13	ENSMUSG00000039678	TBC1D13	one2one	NA		22.9
Tbc1d14	ENSMUSG00000029192	TBC1D14	one2one	NA		22.9
Tbc1d15	ENSMUSG00000020130	TBC1D15	one2one	NA		22.9
Tbc1d16	ENSMUSG00000039976	TBC1D16	one2one	NA		22.9
Tbc1d17	ENSMUSG00000038520	TBC1D17	one2one	NA		22.9
Tbc1d19	ENSMUSG00000039178	TBC1D19	one2one	NA		22.9
Tbc1d2	ENSMUSG00000039813	TBC1D2	one2one	NA		22.9
Tbc1d20	ENSMUSG00000027465	TBC1D20	one2one	NA		22.9
Tbc1d22a	ENSMUSG00000051864	TBC1D22A	one2one	NA		22.9
Tbc1d22b	ENSMUSG00000042203	TBC1D22B	one2one	NA		22.9
Tbc1d23	ENSMUSG00000022749	TBC1D23	one2one	NA		22.9
Tbc1d24	ENSMUSG00000036473	TBC1D24	one2one	NA		22.9
Tbc1d25	ENSMUSG00000039201	TBC1D25	one2one	NA		22.9
Tbc1d2b	ENSMUSG00000037410	TBC1D2B	one2one	NA		22.9
Tbc1d30	ENSMUSG00000052302	TBC1D30	one2one	NA		22.9
Tbc1d31	ENSMUSG00000022364	TBC1D31	one2one	NA		22.9
Tbc1d32	ENSMUSG00000038122	TBC1D32	one2one	NA		22.9
Tbc1d4	ENSMUSG00000033083	TBC1D4	one2one	NA		22.9
Tbc1d5	ENSMUSG00000023923	TBC1D5	one2one	NA		22.9
Tbc1d7	ENSMUSG00000021368	TBC1D7	one2one	NA		22.9
Tbc1d8	ENSMUSG00000003134	TBC1D8	one2one	NA		22.9
Tbc1d8b	ENSMUSG00000042473	TBC1D8B	one2one	NA		22.9
Tbc1d9	ENSMUSG00000031709	TBC1D9	one2one	NA		22.9
Tbc1d9b	ENSMUSG00000036644	TBC1D9B	one2one	NA		22.9
Tbca	ENSMUSG00000042043	TBCA	one2one	NA		22.9
Tbcb	ENSMUSG00000006095	TBCB	one2one	NA		22.9
Tbcc	ENSMUSG00000036430	TBCC	one2one	NA		22.9
Tbccd1	ENSMUSG00000004462	TBCCD1	one2one	NA		22.9
Tbcd	ENSMUSG00000039230	TBCD	one2one	NA		22.9
Tbce	ENSMUSG00000039233	TBCE	one2one	NA		22.9
Tbcel	ENSMUSG00000037287	TBCEL	one2one	NA		22.9
Tbck	ENSMUSG00000028030	TBCK	one2one	NA		22.9
Tbk1	ENSMUSG00000020115	TBK1	one2one	NA		22.9
Tbkbp1	ENSMUSG00000038517	TBKBP1	one2one	NA		22.9
Tbl1x	ENSMUSG00000025246	TBL1X	one2one	NA		22.9
Tbl1xr1	ENSMUSG00000027630	TBL1XR1	one2one	NA		22.9
Tbl2	ENSMUSG00000005374	TBL2	one2one	NA		22.9
Tbl3	ENSMUSG00000040688	TBL3	one2one	NA		22.9
Tbp	ENSMUSG00000014767	TBP	one2one	NA		22.9
Tbpl1	ENSMUSG00000071359	TBPL1	one2one	NA		22.9
Tbr1	ENSMUSG00000035033	TBR1	one2one	NA		22.9
Tbrg1	ENSMUSG00000011114	TBRG1	one2one	NA		22.9
Tbrg4	ENSMUSG00000000384	TBRG4	one2one	NA		22.9
Tbx2	ENSMUSG00000000093	TBX2	one2one	NA		22.9
Tbx21	ENSMUSG00000001444	TBX21	one2one	NA		22.9
Tbx6	ENSMUSG00000030699	TBX6	one2one	NA		22.9
Tbxa2r	ENSMUSG00000034881	TBXA2R	one2one	NA		22.9
Tbxas1	ENSMUSG00000029925	TBXAS1	one2one	NA		22.9
Tcaim	ENSMUSG00000046603	TCAIM	one2one	NA		22.9
Tcea1	ENSMUSG00000033813	TCEA1	one2one	NA		22.9
Tcea2	ENSMUSG00000059540	TCEA2	one2one	NA		22.9
Tcea3	ENSMUSG00000001604	TCEA3	one2one	NA		22.9
Tceal3	ENSMUSG00000044550	TCEAL3	one2many	NA		22.9
Tceal3	ENSMUSG00000044550	TCEAL6	one2many	NA		22.9
Tceal8	ENSMUSG00000051579	TCEAL8	one2one	NA		22.9
Tceal9	ENSMUSG00000042712	TCEAL9	one2one	NA		22.9
Tceanc	ENSMUSG00000051224	TCEANC	one2one	NA		22.9
Tceanc2	ENSMUSG00000028619	TCEANC2	one2one	NA		22.9
Tcerg1	ENSMUSG00000024498	TCERG1	one2one	NA		22.9
Tcf12	ENSMUSG00000032228	TCF12	one2one	NA		22.9
Tcf19	ENSMUSG00000050410	TCF19	one2one	NA		22.9
Tcf20	ENSMUSG00000041852	TCF20	one2one	NA		22.9
Tcf24	ENSMUSG00000099032	TCF24	one2one	NA		22.9
Tcf25	ENSMUSG00000001472	TCF25	one2one	NA		22.9
Tcf3	ENSMUSG00000020167	TCF3	one2one	NA		22.9
Tcf4	ENSMUSG00000053477	TCF4	one2one	NA		22.9
Tcf7	ENSMUSG00000000782	TCF7	one2one	NA		22.9
Tcf7l1	ENSMUSG00000055799	TCF7L1	one2one	NA		22.9
Tcf7l2	ENSMUSG00000024985	TCF7L2	one2one	NA		22.9
Tchh	ENSMUSG00000052415	TCHH	one2one	NA		22.9
Tchp	ENSMUSG00000002486	TCHP	one2one	NA		22.9
Tcirg1	ENSMUSG00000001750	TCIRG1	one2one	NA		22.9
Tcn2	ENSMUSG00000020432	TCN2	one2one	NA		22.9
Tcof1	ENSMUSG00000024613	TCOF1	one2one	NA		22.9
Tcp1	ENSMUSG00000068039	TCP1	one2one	NA		22.9
Tcp11	ENSMUSG00000062859	TCP11	one2one	NA		22.9
Tcp11l1	ENSMUSG00000027175	TCP11L1	one2one	NA		22.9
Tcp11l2	ENSMUSG00000020034	TCP11L2	one2one	NA		22.9
Tcta	ENSMUSG00000039461	TCTA	one2one	NA		22.9
Tctex1d1	ENSMUSG00000028523	DYNLT5	one2one	Dynlt5	org.Mm.eg.db	22.9
Tctex1d2	ENSMUSG00000014075	DYNLT2B	one2one	Dynlt2b	org.Mm.eg.db	22.9
Tctex1d4	ENSMUSG00000047671	DYNLT4	one2one	Dynlt4	org.Mm.eg.db	22.9
Tctn1	ENSMUSG00000038593	TCTN1	one2one	NA		22.9
Tctn2	ENSMUSG00000118662	TCTN2	one2one	NA		22.9
Tctn3	ENSMUSG00000025008	TCTN3	one2one	NA		22.9
Tdg	ENSMUSG00000034674	TDG	one2one	NA		22.9
Tdgf1	ENSMUSG00000032494	TDGF1	one2one	NA		22.9
Tdo2	ENSMUSG00000028011	TDO2	one2one	NA		22.9
Tdp1	ENSMUSG00000021177	TDP1	one2one	NA		22.9
Tdp2	ENSMUSG00000035958	TDP2	one2one	NA		22.9
Tdrd3	ENSMUSG00000022019	TDRD3	one2one	NA		22.9
Tdrd5	ENSMUSG00000060985	TDRD5	one2one	NA		22.9
Tdrd7	ENSMUSG00000035517	TDRD7	one2one	NA		22.9
Tdrkh	ENSMUSG00000041912	TDRKH	one2one	NA		22.9
Tdrp	ENSMUSG00000050052	TDRP	one2one	NA		22.9
Tead1	ENSMUSG00000055320	TEAD1	one2one	NA		22.9
Tead2	ENSMUSG00000030796	TEAD2	one2one	NA		22.9
Tead3	ENSMUSG00000002249	TEAD3	one2one	NA		22.9
Tead4	ENSMUSG00000030353	TEAD4	one2one	NA		22.9
Tec	ENSMUSG00000029217	TEC	one2one	NA		22.9
Tecpr1	ENSMUSG00000066621	TECPR1	one2one	NA		22.9
Tecpr2	ENSMUSG00000021275	TECPR2	one2one	NA		22.9
Tecr	ENSMUSG00000031708	TECR	one2one	NA		22.9
Tedc1	ENSMUSG00000037466	TEDC1	one2one	NA		22.9
Tedc2	ENSMUSG00000024118	TEDC2	one2one	NA		22.9
Tef	ENSMUSG00000022389	TEF	one2one	NA		22.9
Tefm	ENSMUSG00000046909	TEFM	one2one	NA		22.9
Tekt2	ENSMUSG00000028845	TEKT2	one2one	NA		22.9
Telo2	ENSMUSG00000024170	TELO2	one2one	NA		22.9
Ten1	ENSMUSG00000020778	TEN1	one2one	NA		22.9
Tenm1	ENSMUSG00000016150	TENM1	one2one	NA		22.9
Tenm4	ENSMUSG00000048078	TENM4	one2one	NA		22.9
Tent2	ENSMUSG00000042167	TENT2	one2one	NA		22.9
Tent4a	ENSMUSG00000034575	TENT4A	one2one	NA		22.9
Tent4b	ENSMUSG00000036779	TENT4B	one2one	NA		22.9
Tent5a	ENSMUSG00000032265	TENT5A	one2one	NA		22.9
Tent5c	ENSMUSG00000044468	TENT5C	one2one	NA		22.9
Tent5d	ENSMUSG00000073007	TENT5D	one2one	NA		22.9
Tep1	ENSMUSG00000006281	TEP1	one2one	NA		22.9
Tepsin	ENSMUSG00000025377	TEPSIN	one2one	NA		22.9
Terb1	ENSMUSG00000052616	TERB1	one2one	NA		22.9
Terf1	ENSMUSG00000025925	TERF1	one2one	NA		22.9
Terf2	ENSMUSG00000031921	TERF2	one2one	NA		22.9
Terf2ip	ENSMUSG00000033430	TERF2IP	one2one	NA		22.9
Tert	ENSMUSG00000021611	TERT	one2one	NA		22.9
Tes	ENSMUSG00000029552	TES	one2one	NA		22.9
Tes3-ps	ENSMUSG00000113255	DCUN1D1	many2one	NA		22.9
Tesc	ENSMUSG00000029359	TESC	one2one	NA		22.9
Tesk1	ENSMUSG00000028458	TESK1	one2one	NA		22.9
Tesk2	ENSMUSG00000033985	TESK2	one2one	NA		22.9
Tesmin	ENSMUSG00000024905	TESMIN	one2one	NA		22.9
Tespa1	ENSMUSG00000034833	TESPA1	one2one	NA		22.9
Tet1	ENSMUSG00000047146	TET1	one2one	NA		22.9
Tet2	ENSMUSG00000040943	TET2	one2one	NA		22.9
Tet3	ENSMUSG00000034832	TET3	one2one	NA		22.9
Tex10	ENSMUSG00000028345	TEX10	one2one	NA		22.9
Tex11	ENSMUSG00000009670	TEX11	one2one	NA		22.9
Tex14	ENSMUSG00000010342	TEX14	one2one	NA		22.9
Tex15	ENSMUSG00000009628	TEX15	one2one	NA		22.9
Tex2	ENSMUSG00000040548	TEX2	one2one	NA		22.9
Tex26	ENSMUSG00000029660	TEX26	one2one	NA		22.9
Tex261	ENSMUSG00000014748	TEX261	one2one	NA		22.9
Tex264	ENSMUSG00000040813	TEX264	one2one	NA		22.9
Tex30	ENSMUSG00000026049	TEX30	one2one	NA		22.9
Tex38	ENSMUSG00000044556	TEX38	one2one	NA		22.9
Tex52	ENSMUSG00000079304	TEX52	one2one	NA		22.9
Tex9	ENSMUSG00000090626	TEX9	one2one	NA		22.9
Tfam	ENSMUSG00000003923	TFAM	one2one	NA		22.9
Tfap2a	ENSMUSG00000021359	TFAP2A	one2one	NA		22.9
Tfap4	ENSMUSG00000005718	TFAP4	one2one	NA		22.9
Tfb1m	ENSMUSG00000036983	TFB1M	one2one	NA		22.9
Tfb2m	ENSMUSG00000026492	TFB2M	one2one	NA		22.9
Tfcp2	ENSMUSG00000009733	TFCP2	one2one	NA		22.9
Tfcp2l1	ENSMUSG00000026380	TFCP2L1	one2one	NA		22.9
Tfdp1	ENSMUSG00000038482	TFDP1	one2one	NA		22.9
Tfdp2	ENSMUSG00000032411	TFDP2	one2one	NA		22.9
Tfe3	ENSMUSG00000000134	TFE3	one2one	NA		22.9
Tfeb	ENSMUSG00000023990	TFEB	one2one	NA		22.9
Tff1	ENSMUSG00000024032	TFF1	one2one	NA		22.9
Tfg	ENSMUSG00000022757	TFG	one2one	NA		22.9
Tfip11	ENSMUSG00000029345	TFIP11	one2one	NA		22.9
Tfpi	ENSMUSG00000027082	TFPI	one2one	NA		22.9
Tfpt	ENSMUSG00000006335	TFPT	one2one	NA		22.9
Tfr2	ENSMUSG00000029716	TFR2	one2one	NA		22.9
Tfrc	ENSMUSG00000022797	TFRC	one2one	NA		22.9
Tg	ENSMUSG00000053469	TG	one2one	NA		22.9
Tgds	ENSMUSG00000022130	TGDS	one2one	NA		22.9
Tgfb1	ENSMUSG00000002603	TGFB1	one2one	NA		22.9
Tgfb1i1	ENSMUSG00000030782	TGFB1I1	one2one	NA		22.9
Tgfb2	ENSMUSG00000039239	TGFB2	one2one	NA		22.9
Tgfb3	ENSMUSG00000021253	TGFB3	one2one	NA		22.9
Tgfbi	ENSMUSG00000035493	TGFBI	one2one	NA		22.9
Tgfbr1	ENSMUSG00000007613	TGFBR1	one2one	NA		22.9
Tgfbr2	ENSMUSG00000032440	TGFBR2	one2one	NA		22.9
Tgfbr3	ENSMUSG00000029287	TGFBR3	one2one	NA		22.9
Tgfbr3l	ENSMUSG00000089736	TGFBR3L	one2one	NA		22.9
Tgfbrap1	ENSMUSG00000070939	TGFBRAP1	one2one	NA		22.9
Tgif1	ENSMUSG00000047407	TGIF1	one2one	NA		22.9
Tgif2	ENSMUSG00000062175	TGIF2	one2one	NA		22.9
Tgm1	ENSMUSG00000022218	TGM1	one2one	NA		22.9
Tgm2	ENSMUSG00000037820	TGM2	one2one	NA		22.9
Tgm4	ENSMUSG00000025787	TGM4	one2one	NA		22.9
Tgoln1	ENSMUSG00000056429	TGOLN2	one2one	NA		22.9
Tgs1	ENSMUSG00000028233	TGS1	one2one	NA		22.9
Thada	ENSMUSG00000024251	THADA	one2one	NA		22.9
Thap1	ENSMUSG00000037214	THAP1	one2one	NA		22.9
Thap11	ENSMUSG00000036442	THAP11	one2one	NA		22.9
Thap12	ENSMUSG00000030753	THAP12	one2one	NA		22.9
Thap2	ENSMUSG00000020137	THAP2	one2one	NA		22.9
Thap3	ENSMUSG00000039759	THAP3	one2one	NA		22.9
Thap4	ENSMUSG00000026279	THAP4	one2one	NA		22.9
Thap7	ENSMUSG00000022760	THAP7	one2one	NA		22.9
Thbd	ENSMUSG00000074743	THBD	one2one	NA		22.9
Thbs1	ENSMUSG00000040152	THBS1	one2one	NA		22.9
Thbs3	ENSMUSG00000028047	THBS3	one2one	NA		22.9
Them4	ENSMUSG00000028145	THEM4	one2one	NA		22.9
Them6	ENSMUSG00000056665	THEM6	one2one	NA		22.9
Themis	ENSMUSG00000049109	THEMIS	one2one	NA		22.9
Themis2	ENSMUSG00000037731	THEMIS2	one2one	NA		22.9
Thg1l	ENSMUSG00000011254	THG1L	one2one	NA		22.9
Thnsl1	ENSMUSG00000048550	THNSL1	one2one	NA		22.9
Thnsl2	ENSMUSG00000054474	THNSL2	one2one	NA		22.9
Thoc1	ENSMUSG00000024287	THOC1	one2one	NA		22.9
Thoc2	ENSMUSG00000037475	THOC2	many2one	NA		22.9
Thoc2l	ENSMUSG00000097392	THOC2	many2one	NA		22.9
Thoc3	ENSMUSG00000025872	THOC3	one2one	NA		22.9
Thoc5	ENSMUSG00000034274	THOC5	one2one	NA		22.9
Thoc6	ENSMUSG00000041319	THOC6	one2one	NA		22.9
Thoc7	ENSMUSG00000053453	THOC7	one2one	NA		22.9
Thop1	ENSMUSG00000004929	THOP1	one2one	NA		22.9
Thra	ENSMUSG00000058756	THRA	one2one	NA		22.9
Thrap3	ENSMUSG00000043962	THRAP3	one2one	NA		22.9
Thrb	ENSMUSG00000021779	THRB	one2one	NA		22.9
Thsd1	ENSMUSG00000031480	THSD1	one2one	NA		22.9
Thtpa	ENSMUSG00000045691	THTPA	one2one	NA		22.9
Thumpd1	ENSMUSG00000030942	THUMPD1	one2one	NA		22.9
Thumpd2	ENSMUSG00000024246	THUMPD2	one2one	NA		22.9
Thumpd3	ENSMUSG00000030264	THUMPD3	one2one	NA		22.9
Thy1	ENSMUSG00000032011	THY1	one2one	NA		22.9
Thyn1	ENSMUSG00000035443	THYN1	one2one	NA		22.9
Tia1	ENSMUSG00000071337	TIA1	one2one	NA		22.9
Tial1	ENSMUSG00000030846	TIAL1	one2one	NA		22.9
Tiam1	ENSMUSG00000002489	TIAM1	one2one	NA		22.9
Tiam2	ENSMUSG00000023800	TIAM2	one2one	NA		22.9
Ticam1	ENSMUSG00000047123	TICAM1	one2one	NA		22.9
Ticam2	ENSMUSG00000056130	TICAM2	one2one	NA		22.9
Ticrr	ENSMUSG00000046591	TICRR	one2one	NA		22.9
Tifa	ENSMUSG00000046688	TIFA	one2one	NA		22.9
Tifab	ENSMUSG00000049625	TIFAB	one2one	NA		22.9
Tigar	ENSMUSG00000038028	TIGAR	one2one	NA		22.9
Tigd2	ENSMUSG00000049232	TIGD2	one2one	NA		22.9
Tigd3	ENSMUSG00000044390	TIGD3	one2one	NA		22.9
Tigd5	ENSMUSG00000103906	TIGD5	one2one	NA		22.9
Tigit	ENSMUSG00000071552	TIGIT	one2one	NA		22.9
Timd2	ENSMUSG00000040413	HAVCR1	many2one	NA		22.9
Timeless	ENSMUSG00000039994	TIMELESS	one2one	NA		22.9
Timm10	ENSMUSG00000027076	TIMM10	one2one	NA		22.9
Timm10b	ENSMUSG00000089847	TIMM10B	one2one	NA		22.9
Timm13	ENSMUSG00000020219	TIMM13	one2one	NA		22.9
Timm17a	ENSMUSG00000062580	TIMM17A	one2one	NA		22.9
Timm17b	ENSMUSG00000031158	TIMM17B	one2one	NA		22.9
Timm21	ENSMUSG00000024645	TIMM21	one2one	NA		22.9
Timm22	ENSMUSG00000020843	TIMM22	one2one	NA		22.9
Timm23	ENSMUSG00000013701	TIMM23	one2one	NA		22.9
Timm29	ENSMUSG00000048429	TIMM29	one2one	NA		22.9
Timm44	ENSMUSG00000002949	TIMM44	one2one	NA		22.9
Timm50	ENSMUSG00000003438	TIMM50	one2one	NA		22.9
Timm8a1	ENSMUSG00000048007	TIMM8A	one2one	NA		22.9
Timm8b	ENSMUSG00000039016	TIMM8B	one2one	NA		22.9
Timm9	ENSMUSG00000021079	TIMM9	one2one	NA		22.9
Timmdc1	ENSMUSG00000002846	TIMMDC1	one2one	NA		22.9
Timp1	ENSMUSG00000001131	TIMP1	one2one	NA		22.9
Timp2	ENSMUSG00000017466	TIMP2	one2one	NA		22.9
Timp3	ENSMUSG00000020044	TIMP3	one2one	NA		22.9
Tinf2	ENSMUSG00000007589	TINF2	one2one	NA		22.9
Tiparp	ENSMUSG00000034640	TIPARP	one2one	NA		22.9
Tipin	ENSMUSG00000032397	TIPIN	one2one	NA		22.9
Tiprl	ENSMUSG00000040843	TIPRL	one2one	NA		22.9
Tirap	ENSMUSG00000032041	TIRAP	one2one	NA		22.9
Tjap1	ENSMUSG00000012296	TJAP1	one2one	NA		22.9
Tjp1	ENSMUSG00000030516	TJP1	one2one	NA		22.9
Tjp2	ENSMUSG00000024812	TJP2	one2one	NA		22.9
Tjp3	ENSMUSG00000034917	TJP3	one2one	NA		22.9
Tk1	ENSMUSG00000025574	TK1	one2one	NA		22.9
Tk2	ENSMUSG00000035824	TK2	one2one	NA		22.9
Tkfc	ENSMUSG00000034371	TKFC	one2one	NA		22.9
Tkt	ENSMUSG00000021957	TKT	one2one	NA		22.9
Tlcd1	ENSMUSG00000019437	TLCD1	one2one	NA		22.9
Tlcd2	ENSMUSG00000038217	TLCD2	one2one	NA		22.9
Tlcd4	ENSMUSG00000028132	TLCD4	one2one	NA		22.9
Tlcd5	ENSMUSG00000048503	TLCD5	one2one	NA		22.9
Tldc2	ENSMUSG00000074628	TLDC2	one2one	NA		22.9
Tle1	ENSMUSG00000008305	TLE1	one2one	NA		22.9
Tle2	ENSMUSG00000034771	TLE2	one2one	NA		22.9
Tle3	ENSMUSG00000032280	TLE3	one2one	NA		22.9
Tle4	ENSMUSG00000024642	TLE4	one2one	NA		22.9
Tle5	ENSMUSG00000054452	TLE5	one2one	NA		22.9
Tle6	ENSMUSG00000034758	TLE6	one2one	NA		22.9
Tlk1	ENSMUSG00000041997	TLK1	one2one	NA		22.9
Tlk2	ENSMUSG00000020694	TLK2	one2one	NA		22.9
Tln1	ENSMUSG00000028465	TLN1	one2one	NA		22.9
Tln2	ENSMUSG00000052698	TLN2	one2one	NA		22.9
Tlnrd1	ENSMUSG00000070462	TLNRD1	one2one	NA		22.9
Tlr1	ENSMUSG00000044827	TLR1	one2one	NA		22.9
Tlr2	ENSMUSG00000027995	TLR2	one2one	NA		22.9
Tlr4	ENSMUSG00000039005	TLR4	one2one	NA		22.9
Tlr5	ENSMUSG00000079164	TLR5	one2one	NA		22.9
Tlr6	ENSMUSG00000051498	TLR6	one2one	NA		22.9
Tlr7	ENSMUSG00000044583	TLR7	one2one	NA		22.9
Tlr9	ENSMUSG00000045322	TLR9	one2one	NA		22.9
Tm2d1	ENSMUSG00000028563	TM2D1	one2one	NA		22.9
Tm2d2	ENSMUSG00000031556	TM2D2	one2one	NA		22.9
Tm2d3	ENSMUSG00000078681	TM2D3	one2one	NA		22.9
Tm4sf19	ENSMUSG00000079625	TM4SF19	one2one	NA		22.9
Tm4sf5	ENSMUSG00000018919	TM4SF5	one2one	NA		22.9
Tm6sf1	ENSMUSG00000038623	TM6SF1	one2one	NA		22.9
Tm6sf2	ENSMUSG00000036151	TM6SF2	one2one	NA		22.9
Tm7sf2	ENSMUSG00000024799	TM7SF2	one2one	NA		22.9
Tm7sf3	ENSMUSG00000040234	TM7SF3	one2one	NA		22.9
Tm9sf1	ENSMUSG00000002320	TM9SF1	one2one	NA		22.9
Tm9sf2	ENSMUSG00000025544	TM9SF2	one2one	NA		22.9
Tm9sf3	ENSMUSG00000025016	TM9SF3	one2one	NA		22.9
Tm9sf4	ENSMUSG00000068040	TM9SF4	one2one	NA		22.9
Tma16	ENSMUSG00000025591	TMA16	one2one	NA		22.9
Tma7	ENSMUSG00000091537	TMA7	one2one	NA		22.9
Tmbim1	ENSMUSG00000006301	TMBIM1	one2one	NA		22.9
Tmbim4	ENSMUSG00000020225	TMBIM4	one2one	NA		22.9
Tmbim6	ENSMUSG00000023010	TMBIM6	one2one	NA		22.9
Tmc4	ENSMUSG00000019734	TMC4	one2one	NA		22.9
Tmc6	ENSMUSG00000025572	TMC6	one2one	NA		22.9
Tmc8	ENSMUSG00000050106	TMC8	one2one	NA		22.9
Tmcc1	ENSMUSG00000030126	TMCC1	one2one	NA		22.9
Tmcc2	ENSMUSG00000042066	TMCC2	one2one	NA		22.9
Tmcc3	ENSMUSG00000020023	TMCC3	one2one	NA		22.9
Tmco1	ENSMUSG00000052428	TMCO1	one2one	NA		22.9
Tmco3	ENSMUSG00000038497	TMCO3	one2one	NA		22.9
Tmco4	ENSMUSG00000041143	TMCO4	one2one	NA		22.9
Tmco6	ENSMUSG00000006850	TMCO6	one2one	NA		22.9
Tmed1	ENSMUSG00000032180	TMED1	one2one	NA		22.9
Tmed10	ENSMUSG00000021248	TMED10	one2one	NA		22.9
Tmed2	ENSMUSG00000029390	TMED2	one2one	NA		22.9
Tmed3	ENSMUSG00000032353	TMED3	one2one	NA		22.9
Tmed4	ENSMUSG00000004394	TMED4	one2one	NA		22.9
Tmed5	ENSMUSG00000063406	TMED5	one2one	NA		22.9
Tmed7	ENSMUSG00000033184	TMED7	one2one	NA		22.9
Tmed8	ENSMUSG00000034111	TMED8	one2one	NA		22.9
Tmed9	ENSMUSG00000058569	TMED9	one2one	NA		22.9
Tmeff1	ENSMUSG00000028347	TMEFF1	one2one	NA		22.9
Tmeff2	ENSMUSG00000026109	TMEFF2	one2one	NA		22.9
Tmem101	ENSMUSG00000020921	TMEM101	one2one	NA		22.9
Tmem102	ENSMUSG00000089876	TMEM102	one2one	NA		22.9
Tmem104	ENSMUSG00000045980	TMEM104	one2one	NA		22.9
Tmem106a	ENSMUSG00000034947	TMEM106A	one2one	NA		22.9
Tmem106b	ENSMUSG00000029571	TMEM106B	one2one	NA		22.9
Tmem106c	ENSMUSG00000052369	TMEM106C	one2one	NA		22.9
Tmem107	ENSMUSG00000020895	TMEM107	one2one	NA		22.9
Tmem108	ENSMUSG00000042757	TMEM108	one2one	NA		22.9
Tmem109	ENSMUSG00000034659	TMEM109	one2one	NA		22.9
Tmem11	ENSMUSG00000043284	TMEM11	one2one	NA		22.9
Tmem115	ENSMUSG00000010045	TMEM115	one2one	NA		22.9
Tmem116	ENSMUSG00000029452	TMEM116	one2one	NA		22.9
Tmem120a	ENSMUSG00000039886	TMEM120A	one2one	NA		22.9
Tmem120b	ENSMUSG00000054434	TMEM120B	one2one	NA		22.9
Tmem121	ENSMUSG00000049036	TMEM121	one2one	NA		22.9
Tmem121b	ENSMUSG00000094626	TMEM121B	one2one	NA		22.9
Tmem123	ENSMUSG00000050912	TMEM123	one2one	NA		22.9
Tmem125	ENSMUSG00000050854	TMEM125	one2one	NA		22.9
Tmem126a	ENSMUSG00000030615	TMEM126A	one2one	NA		22.9
Tmem126b	ENSMUSG00000030614	TMEM126B	one2one	NA		22.9
Tmem127	ENSMUSG00000034850	TMEM127	one2one	NA		22.9
Tmem128	ENSMUSG00000067365	TMEM128	one2one	NA		22.9
Tmem129	ENSMUSG00000019295	TMEM129	one2one	NA		22.9
Tmem131	ENSMUSG00000026116	TMEM131	one2one	NA		22.9
Tmem131l	ENSMUSG00000033767	TMEM131L	one2one	NA		22.9
Tmem132a	ENSMUSG00000024736	TMEM132A	one2one	NA		22.9
Tmem134	ENSMUSG00000024845	TMEM134	one2one	NA		22.9
Tmem135	ENSMUSG00000039428	TMEM135	one2one	NA		22.9
Tmem138	ENSMUSG00000024666	TMEM138	one2one	NA		22.9
Tmem139	ENSMUSG00000071506	TMEM139	one2one	NA		22.9
Tmem140	ENSMUSG00000057137	TMEM140	one2one	NA		22.9
Tmem141	ENSMUSG00000026939	TMEM141	one2one	NA		22.9
Tmem143	ENSMUSG00000002781	TMEM143	one2one	NA		22.9
Tmem144	ENSMUSG00000027956	TMEM144	one2one	NA		22.9
Tmem147	ENSMUSG00000006315	TMEM147	one2one	NA		22.9
Tmem14a	ENSMUSG00000025933	TMEM14A	one2one	NA		22.9
Tmem14c	ENSMUSG00000021361	TMEM14C	one2one	NA		22.9
Tmem150a	ENSMUSG00000055912	TMEM150A	one2one	NA		22.9
Tmem151a	ENSMUSG00000061451	TMEM151A	one2one	NA		22.9
Tmem151b	ENSMUSG00000096847	TMEM151B	one2one	NA		22.9
Tmem154	ENSMUSG00000056498	TMEM154	one2one	NA		22.9
Tmem156	ENSMUSG00000037913	TMEM156	one2one	NA		22.9
Tmem158	ENSMUSG00000054871	TMEM158	one2one	NA		22.9
Tmem159	ENSMUSG00000030917	LDAF1	one2one	NA		22.9
Tmem160	ENSMUSG00000019158	TMEM160	one2one	NA		22.9
Tmem161a	ENSMUSG00000002342	TMEM161A	one2one	NA		22.9
Tmem161b	ENSMUSG00000035762	TMEM161B	one2one	NA		22.9
Tmem163	ENSMUSG00000026347	TMEM163	one2one	NA		22.9
Tmem164	ENSMUSG00000047045	TMEM164	one2one	NA		22.9
Tmem165	ENSMUSG00000029234	TMEM165	one2one	NA		22.9
Tmem167	ENSMUSG00000012422	TMEM167A	one2one	NA		22.9
Tmem167b	ENSMUSG00000068732	TMEM167B	one2one	NA		22.9
Tmem168	ENSMUSG00000029569	TMEM168	one2one	NA		22.9
Tmem17	ENSMUSG00000049904	TMEM17	one2one	NA		22.9
Tmem170	ENSMUSG00000031953	TMEM170A	one2one	NA		22.9
Tmem170b	ENSMUSG00000087370	TMEM170B	one2one	NA		22.9
Tmem171	ENSMUSG00000052485	TMEM171	one2one	NA		22.9
Tmem175	ENSMUSG00000013495	TMEM175	one2one	NA		22.9
Tmem176a	ENSMUSG00000023367	TMEM176A	one2one	NA		22.9
Tmem176b	ENSMUSG00000029810	TMEM176B	one2one	NA		22.9
Tmem177	ENSMUSG00000036975	TMEM177	one2one	NA		22.9
Tmem178	ENSMUSG00000024245	TMEM178A	one2one	NA		22.9
Tmem178b	ENSMUSG00000057716	TMEM178B	one2one	NA		22.9
Tmem179b	ENSMUSG00000118346	TMEM179B	one2one	NA		22.9
Tmem18	ENSMUSG00000043061	TMEM18	one2one	NA		22.9
Tmem181a	ENSMUSG00000038141	TMEM181	one2one	NA		22.9
Tmem183a	ENSMUSG00000042305	TMEM183A	one2one	NA		22.9
Tmem184b	ENSMUSG00000009035	TMEM184B	one2one	NA		22.9
Tmem184c	ENSMUSG00000031617	TMEM184C	one2one	NA		22.9
Tmem185a	ENSMUSG00000073139	TMEM185A	one2one	NA		22.9
Tmem185b	ENSMUSG00000098923	TMEM185B	one2one	NA		22.9
Tmem186	ENSMUSG00000043140	TMEM186	one2one	NA		22.9
Tmem189	ENSMUSG00000090213	PEDS1	one2one	Peds1	org.Mm.eg.db	22.9
Tmem19	ENSMUSG00000069520	TMEM19	one2one	NA		22.9
Tmem190	ENSMUSG00000013091	TMEM190	one2one	NA		22.9
Tmem191c	ENSMUSG00000055692	TMEM191B	one2many	Tmem191	org.Mm.eg.db	22.9
Tmem191c	ENSMUSG00000055692	TMEM191C	one2many	Tmem191	org.Mm.eg.db	22.9
Tmem192	ENSMUSG00000025521	TMEM192	one2one	NA		22.9
Tmem198	ENSMUSG00000051703	TMEM198	one2one	NA		22.9
Tmem199	ENSMUSG00000051232	TMEM199	one2one	NA		22.9
Tmem200b	ENSMUSG00000070720	TMEM200B	one2one	NA		22.9
Tmem201	ENSMUSG00000044700	TMEM201	one2one	NA		22.9
Tmem203	ENSMUSG00000078201	TMEM203	one2one	NA		22.9
Tmem204	ENSMUSG00000024168	TMEM204	one2one	NA		22.9
Tmem205	ENSMUSG00000040883	TMEM205	one2one	NA		22.9
Tmem208	ENSMUSG00000014856	TMEM208	one2one	NA		22.9
Tmem209	ENSMUSG00000029782	TMEM209	one2one	NA		22.9
Tmem214	ENSMUSG00000038828	TMEM214	one2one	NA		22.9
Tmem216	ENSMUSG00000024667	TMEM216	one2one	NA		22.9
Tmem217	ENSMUSG00000079580	TMEM217	one2one	NA		22.9
Tmem218	ENSMUSG00000032121	TMEM218	one2one	NA		22.9
Tmem219	ENSMUSG00000060538	TMEM219	one2one	NA		22.9
Tmem220	ENSMUSG00000050270	TMEM220	one2one	NA		22.9
Tmem221	ENSMUSG00000043664	TMEM221	one2one	NA		22.9
Tmem222	ENSMUSG00000028857	TMEM222	one2one	NA		22.9
Tmem223	ENSMUSG00000117924	TMEM223	one2one	NA		22.9
Tmem229b	ENSMUSG00000046157	TMEM229B	one2one	NA		22.9
Tmem230	ENSMUSG00000027341	TMEM230	one2one	NA		22.9
Tmem231	ENSMUSG00000031951	TMEM231	one2one	NA		22.9
Tmem234	ENSMUSG00000028797	TMEM234	one2one	NA		22.9
Tmem237	ENSMUSG00000038079	TMEM237	one2one	NA		22.9
Tmem238	ENSMUSG00000030431	TMEM238	one2one	NA		22.9
Tmem240	ENSMUSG00000084845	TMEM240	one2one	NA		22.9
Tmem241	ENSMUSG00000049411	TMEM241	one2one	NA		22.9
Tmem242	ENSMUSG00000004945	TMEM242	one2one	NA		22.9
Tmem243	ENSMUSG00000079659	TMEM243	one2one	NA		22.9
Tmem245	ENSMUSG00000055296	TMEM245	one2one	NA		22.9
Tmem248	ENSMUSG00000053094	TMEM248	one2one	NA		22.9
Tmem25	ENSMUSG00000002032	TMEM25	one2one	NA		22.9
Tmem250-ps	ENSMUSG00000087679	TMEM250	one2one	NA		22.9
Tmem251	ENSMUSG00000046675	LYSET	one2one	NA		22.9
Tmem253	ENSMUSG00000072571	TMEM253	one2one	NA		22.9
Tmem255a	ENSMUSG00000036502	TMEM255A	one2one	NA		22.9
Tmem256	ENSMUSG00000070394	TMEM256	one2one	NA		22.9
Tmem258	ENSMUSG00000036372	TMEM258	one2one	NA		22.9
Tmem259	ENSMUSG00000013858	TMEM259	one2one	NA		22.9
Tmem26	ENSMUSG00000060044	TMEM26	one2one	NA		22.9
Tmem260	ENSMUSG00000036339	TMEM260	one2one	NA		22.9
Tmem262	ENSMUSG00000047733	TMEM262	one2one	NA		22.9
Tmem263	ENSMUSG00000060935	TMEM263	one2one	NA		22.9
Tmem267	ENSMUSG00000074634	TMEM267	one2one	NA		22.9
Tmem268	ENSMUSG00000045917	TMEM268	one2one	NA		22.9
Tmem273	ENSMUSG00000041707	TMEM273	one2one	NA		22.9
Tmem29	ENSMUSG00000041353	FAM156A	one2one	NA		22.9
Tmem30a	ENSMUSG00000032328	TMEM30A	one2one	NA		22.9
Tmem30b	ENSMUSG00000034435	TMEM30B	one2one	NA		22.9
Tmem33	ENSMUSG00000037720	TMEM33	one2one	NA		22.9
Tmem35a	ENSMUSG00000033578	TMEM35A	one2one	NA		22.9
Tmem35b	ENSMUSG00000070737	TMEM35B	one2one	NA		22.9
Tmem37	ENSMUSG00000050777	TMEM37	one2one	NA		22.9
Tmem38a	ENSMUSG00000031791	TMEM38A	one2one	NA		22.9
Tmem38b	ENSMUSG00000028420	TMEM38B	one2one	NA		22.9
Tmem39a	ENSMUSG00000002845	TMEM39A	one2one	NA		22.9
Tmem39b	ENSMUSG00000053730	TMEM39B	one2one	NA		22.9
Tmem40	ENSMUSG00000059900	TMEM40	one2one	NA		22.9
Tmem41a	ENSMUSG00000022856	TMEM41A	one2one	NA		22.9
Tmem41b	ENSMUSG00000047554	TMEM41B	one2one	NA		22.9
Tmem42	ENSMUSG00000066233	TMEM42	one2one	NA		22.9
Tmem43	ENSMUSG00000030095	TMEM43	one2one	NA		22.9
Tmem44	ENSMUSG00000022537	TMEM44	one2one	NA		22.9
Tmem45a	ENSMUSG00000022754	TMEM45A	one2one	NA		22.9
Tmem50a	ENSMUSG00000028822	TMEM50A	one2one	NA		22.9
Tmem50b	ENSMUSG00000022964	TMEM50B	one2one	NA		22.9
Tmem51	ENSMUSG00000040616	TMEM51	one2one	NA		22.9
Tmem53	ENSMUSG00000048772	TMEM53	one2one	NA		22.9
Tmem59	ENSMUSG00000028618	TMEM59	one2one	NA		22.9
Tmem60	ENSMUSG00000045435	TMEM60	one2one	NA		22.9
Tmem62	ENSMUSG00000054484	TMEM62	one2one	NA		22.9
Tmem63a	ENSMUSG00000026519	TMEM63A	one2one	NA		22.9
Tmem63b	ENSMUSG00000036026	TMEM63B	one2one	NA		22.9
Tmem63c	ENSMUSG00000034145	TMEM63C	one2one	NA		22.9
Tmem64	ENSMUSG00000043252	TMEM64	one2one	NA		22.9
Tmem65	ENSMUSG00000062373	TMEM65	one2one	NA		22.9
Tmem67	ENSMUSG00000049488	TMEM67	one2one	NA		22.9
Tmem68	ENSMUSG00000028232	TMEM68	one2one	NA		22.9
Tmem69	ENSMUSG00000055900	TMEM69	one2one	NA		22.9
Tmem70	ENSMUSG00000025940	TMEM70	one2one	NA		22.9
Tmem71	ENSMUSG00000036944	TMEM71	one2one	NA		22.9
Tmem74b	ENSMUSG00000044364	TMEM74B	one2one	NA		22.9
Tmem79	ENSMUSG00000001420	TMEM79	one2one	NA		22.9
Tmem8	ENSMUSG00000024180	PGAP6	one2one	Pgap6	org.Mm.eg.db	22.9
Tmem80	ENSMUSG00000025505	TMEM80	one2one	NA		22.9
Tmem81	ENSMUSG00000048174	TMEM81	one2one	NA		22.9
Tmem86a	ENSMUSG00000010307	TMEM86A	one2one	NA		22.9
Tmem86b	ENSMUSG00000045282	TMEM86B	one2one	NA		22.9
Tmem87a	ENSMUSG00000033808	TMEM87A	one2one	NA		22.9
Tmem87b	ENSMUSG00000014353	TMEM87B	one2one	NA		22.9
Tmem88	ENSMUSG00000045377	TMEM88	one2one	NA		22.9
Tmem88b	ENSMUSG00000073680	TMEM88B	one2one	NA		22.9
Tmem8b	ENSMUSG00000078716	TMEM8B	one2one	NA		22.9
Tmem9	ENSMUSG00000026411	TMEM9	one2one	NA		22.9
Tmem91	ENSMUSG00000061702	TMEM91	one2one	NA		22.9
Tmem94	ENSMUSG00000020747	TMEM94	one2one	NA		22.9
Tmem95	ENSMUSG00000094845	TMEM95	one2one	NA		22.9
Tmem97	ENSMUSG00000037278	TMEM97	one2one	NA		22.9
Tmem98	ENSMUSG00000035413	TMEM98	one2one	NA		22.9
Tmem9b	ENSMUSG00000031021	TMEM9B	one2one	NA		22.9
Tmf1	ENSMUSG00000030059	TMF1	one2one	NA		22.9
Tmie	ENSMUSG00000049555	TMIE	one2one	NA		22.9
Tmlhe	NA	TMLHE	one2one	NA		22.9
Tmod1	ENSMUSG00000028328	TMOD1	one2one	NA		22.9
Tmod2	ENSMUSG00000032186	TMOD2	one2one	NA		22.9
Tmod3	ENSMUSG00000058587	TMOD3	one2one	NA		22.9
Tmod4	ENSMUSG00000005628	TMOD4	one2one	NA		22.9
Tmpo	ENSMUSG00000019961	TMPO	one2one	NA		22.9
Tmppe	ENSMUSG00000079260	TMPPE	one2one	NA		22.9
Tmprss3	ENSMUSG00000024034	TMPRSS3	one2one	NA		22.9
Tmprss6	ENSMUSG00000016942	TMPRSS6	one2one	NA		22.9
Tmprss9	ENSMUSG00000059406	TMPRSS9	one2one	NA		22.9
Tmsb10	ENSMUSG00000079523	TMSB10	one2one	NA		22.9
Tmsb15b1	ENSMUSG00000089768	TMSB15A	one2many	NA		22.9
Tmsb15b1	ENSMUSG00000089768	TMSB15B	one2many	NA		22.9
Tmsb4x	ENSMUSG00000049775	TMSB4X	one2one	NA		22.9
Tmtc1	ENSMUSG00000030306	TMTC1	one2one	NA		22.9
Tmtc2	ENSMUSG00000036019	TMTC2	one2one	NA		22.9
Tmtc3	ENSMUSG00000036676	TMTC3	one2one	NA		22.9
Tmtc4	ENSMUSG00000041594	TMTC4	one2one	NA		22.9
Tmub1	ENSMUSG00000028958	TMUB1	one2one	NA		22.9
Tmub2	ENSMUSG00000034757	TMUB2	one2one	NA		22.9
Tmx1	ENSMUSG00000021072	TMX1	one2one	NA		22.9
Tmx2	ENSMUSG00000050043	TMX2	one2one	NA		22.9
Tmx3	ENSMUSG00000024614	TMX3	one2one	NA		22.9
Tmx4	ENSMUSG00000034723	TMX4	one2one	NA		22.9
Tnc	ENSMUSG00000028364	TNC	one2one	NA		22.9
Tnf	ENSMUSG00000024401	TNF	one2one	NA		22.9
Tnfaip1	ENSMUSG00000017615	TNFAIP1	one2one	NA		22.9
Tnfaip2	ENSMUSG00000021281	TNFAIP2	one2one	NA		22.9
Tnfaip3	ENSMUSG00000019850	TNFAIP3	one2one	NA		22.9
Tnfaip6	ENSMUSG00000053475	TNFAIP6	one2one	NA		22.9
Tnfaip8	ENSMUSG00000062210	TNFAIP8	one2one	NA		22.9
Tnfaip8l1	ENSMUSG00000044469	TNFAIP8L1	one2one	NA		22.9
Tnfaip8l2	ENSMUSG00000013707	TNFAIP8L2	one2one	NA		22.9
Tnfrsf10b	ENSMUSG00000022074	TNFRSF10A	one2one	NA		22.9
Tnfrsf11a	ENSMUSG00000026321	TNFRSF11A	one2one	NA		22.9
Tnfrsf11b	ENSMUSG00000063727	TNFRSF11B	one2one	NA		22.9
Tnfrsf12a	ENSMUSG00000023905	TNFRSF12A	one2one	NA		22.9
Tnfrsf13b	ENSMUSG00000010142	TNFRSF13B	one2one	NA		22.9
Tnfrsf13c	ENSMUSG00000068105	TNFRSF13C	one2one	NA		22.9
Tnfrsf14	ENSMUSG00000042333	TNFRSF14	one2one	NA		22.9
Tnfrsf18	ENSMUSG00000041954	TNFRSF18	one2one	NA		22.9
Tnfrsf19	ENSMUSG00000060548	TNFRSF19	one2one	NA		22.9
Tnfrsf1a	ENSMUSG00000030341	TNFRSF1A	one2one	NA		22.9
Tnfrsf1b	ENSMUSG00000028599	TNFRSF1B	one2one	NA		22.9
Tnfrsf21	ENSMUSG00000023915	TNFRSF21	one2one	NA		22.9
Tnfrsf25	ENSMUSG00000024793	TNFRSF25	one2one	NA		22.9
Tnfrsf4	ENSMUSG00000029075	TNFRSF4	one2one	NA		22.9
Tnfrsf8	ENSMUSG00000028602	TNFRSF8	one2one	NA		22.9
Tnfrsf9	ENSMUSG00000028965	TNFRSF9	one2one	NA		22.9
Tnfsf10	ENSMUSG00000039304	TNFSF10	one2one	NA		22.9
Tnfsf11	ENSMUSG00000022015	TNFSF11	one2one	NA		22.9
Tnfsf13b	ENSMUSG00000031497	TNFSF13B	one2one	NA		22.9
Tnfsf14	ENSMUSG00000005824	TNFSF14	one2one	NA		22.9
Tnfsf15	ENSMUSG00000050395	TNFSF15	one2one	NA		22.9
Tnfsf4	ENSMUSG00000026700	TNFSF4	one2one	NA		22.9
Tnfsf8	ENSMUSG00000028362	TNFSF8	one2one	NA		22.9
Tnfsf9	ENSMUSG00000035678	TNFSF9	one2one	NA		22.9
Tnik	ENSMUSG00000027692	TNIK	one2one	NA		22.9
Tnip1	ENSMUSG00000020400	TNIP1	one2one	NA		22.9
Tnip2	ENSMUSG00000059866	TNIP2	one2one	NA		22.9
Tnip3	ENSMUSG00000044162	TNIP3	one2one	NA		22.9
Tnk1	ENSMUSG00000001583	TNK1	one2one	NA		22.9
Tnk2	ENSMUSG00000022791	TNK2	one2one	NA		22.9
Tnks	ENSMUSG00000031529	TNKS	one2one	NA		22.9
Tnks1bp1	ENSMUSG00000033955	TNKS1BP1	one2one	NA		22.9
Tnks2	ENSMUSG00000024811	TNKS2	one2one	NA		22.9
Tnn	ENSMUSG00000026725	TNN	one2one	NA		22.9
Tnnc1	ENSMUSG00000091898	TNNC1	one2one	NA		22.9
Tnni1	ENSMUSG00000026418	TNNI1	one2one	NA		22.9
Tnni3	ENSMUSG00000035458	TNNI3	one2one	NA		22.9
Tnnt1	ENSMUSG00000064179	TNNT1	one2one	NA		22.9
Tnnt2	ENSMUSG00000026414	TNNT2	one2one	NA		22.9
Tnnt3	ENSMUSG00000061723	TNNT3	one2one	NA		22.9
Tnp2	ENSMUSG00000043050	TNP2	one2one	NA		22.9
Tnpo1	ENSMUSG00000009470	TNPO1	one2one	NA		22.9
Tnpo2	ENSMUSG00000031691	TNPO2	one2one	NA		22.9
Tnpo3	ENSMUSG00000012535	TNPO3	one2one	NA		22.9
Tnrc18	ENSMUSG00000039477	TNRC18	one2one	NA		22.9
Tnrc6a	ENSMUSG00000052707	TNRC6A	one2one	NA		22.9
Tnrc6b	ENSMUSG00000047888	TNRC6B	one2one	NA		22.9
Tnrc6c	ENSMUSG00000025571	TNRC6C	one2one	NA		22.9
Tns1	ENSMUSG00000055322	TNS1	one2one	NA		22.9
Tns2	ENSMUSG00000037003	TNS2	one2one	NA		22.9
Tns3	ENSMUSG00000020422	TNS3	one2one	NA		22.9
Tns4	ENSMUSG00000017607	TNS4	one2one	NA		22.9
Tob1	ENSMUSG00000037573	TOB1	one2one	NA		22.9
Tob2	ENSMUSG00000048546	TOB2	one2one	NA		22.9
Toe1	ENSMUSG00000028688	TOE1	one2one	NA		22.9
Togaram1	ENSMUSG00000035614	TOGARAM1	one2one	NA		22.9
Togaram2	ENSMUSG00000045761	TOGARAM2	one2one	NA		22.9
Tollip	ENSMUSG00000025139	TOLLIP	one2one	NA		22.9
Tom1	ENSMUSG00000042870	TOM1	one2one	NA		22.9
Tom1l1	ENSMUSG00000020541	TOM1L1	one2one	NA		22.9
Tom1l2	ENSMUSG00000000538	TOM1L2	one2one	NA		22.9
Tomm20	ENSMUSG00000093904	TOMM20	one2one	NA		22.9
Tomm22	ENSMUSG00000022427	TOMM22	one2one	NA		22.9
Tomm34	ENSMUSG00000018322	TOMM34	one2one	NA		22.9
Tomm40	ENSMUSG00000002984	TOMM40	one2one	NA		22.9
Tomm40l	ENSMUSG00000005674	TOMM40L	one2one	NA		22.9
Tomm5	ENSMUSG00000078713	TOMM5	one2one	NA		22.9
Tomm7	ENSMUSG00000028998	TOMM7	one2one	NA		22.9
Tomm70a	ENSMUSG00000022752	TOMM70	one2one	NA		22.9
Tomt	ENSMUSG00000078630	LRTOMT	one2one	NA		22.9
Tonsl	ENSMUSG00000059323	TONSL	one2one	NA		22.9
Top1	ENSMUSG00000070544	TOP1	one2one	NA		22.9
Top1mt	ENSMUSG00000000934	TOP1MT	one2one	NA		22.9
Top2a	ENSMUSG00000020914	TOP2A	one2one	NA		22.9
Top2b	ENSMUSG00000017485	TOP2B	one2one	NA		22.9
Top3a	ENSMUSG00000002814	TOP3A	one2one	NA		22.9
Top3b	ENSMUSG00000022779	TOP3B	one2one	NA		22.9
Topbp1	ENSMUSG00000032555	TOPBP1	one2one	NA		22.9
Topors	ENSMUSG00000036822	TOPORS	one2one	NA		22.9
Tor1a	ENSMUSG00000026849	TOR1A	one2one	NA		22.9
Tor1aip1	ENSMUSG00000026466	TOR1AIP1	one2one	NA		22.9
Tor1aip2	ENSMUSG00000050565	TOR1AIP2	one2one	NA		22.9
Tor1b	ENSMUSG00000026848	TOR1B	one2one	NA		22.9
Tor2a	ENSMUSG00000009563	TOR2A	one2one	NA		22.9
Tor3a	ENSMUSG00000060519	TOR3A	one2one	NA		22.9
Tor4a	ENSMUSG00000059555	TOR4A	one2one	NA		22.9
Tox	ENSMUSG00000041272	TOX	one2one	NA		22.9
Tox2	ENSMUSG00000074607	TOX2	one2one	NA		22.9
Tox4	ENSMUSG00000016831	TOX4	one2one	NA		22.9
Tpbg	ENSMUSG00000035274	TPBG	one2one	NA		22.9
Tpbgl	ENSMUSG00000096606	TPBGL	one2one	NA		22.9
Tpcn1	ENSMUSG00000032741	TPCN1	one2one	NA		22.9
Tpcn2	ENSMUSG00000048677	TPCN2	one2one	NA		22.9
Tpd52	ENSMUSG00000027506	TPD52	one2one	NA		22.9
Tpd52l2	ENSMUSG00000000827	TPD52L2	one2one	NA		22.9
Tpgs1	ENSMUSG00000020308	TPGS1	one2one	NA		22.9
Tpgs2	ENSMUSG00000024269	TPGS2	one2one	NA		22.9
Tph1	ENSMUSG00000040046	TPH1	one2one	NA		22.9
Tpi1	ENSMUSG00000023456	TPI1	one2one	NA		22.9
Tpk1	ENSMUSG00000029735	TPK1	one2one	NA		22.9
Tpm1	ENSMUSG00000032366	TPM1	one2one	NA		22.9
Tpm2	ENSMUSG00000028464	TPM2	one2one	NA		22.9
Tpm3	ENSMUSG00000027940	TPM3	one2one	NA		22.9
Tpm4	ENSMUSG00000031799	TPM4	one2one	NA		22.9
Tpmt	ENSMUSG00000021376	TPMT	one2one	NA		22.9
Tpp1	ENSMUSG00000030894	TPP1	one2one	NA		22.9
Tpp2	ENSMUSG00000041763	TPP2	one2one	NA		22.9
Tppp	ENSMUSG00000021573	TPPP	one2one	NA		22.9
Tppp3	ENSMUSG00000014846	TPPP3	one2one	NA		22.9
Tpr	ENSMUSG00000006005	TPR	one2one	NA		22.9
Tpra1	ENSMUSG00000002871	TPRA1	one2one	NA		22.9
Tprgl	ENSMUSG00000029030	TPRG1L	one2one	NA		22.9
Tprkb	ENSMUSG00000054226	TPRKB	one2one	NA		22.9
Tprn	ENSMUSG00000048707	TPRN	one2one	NA		22.9
Tpst1	ENSMUSG00000034118	TPST1	one2one	NA		22.9
Tpst2	ENSMUSG00000029344	TPST2	one2one	NA		22.9
Tpt1	ENSMUSG00000060126	TPT1	one2one	NA		22.9
Tpte	ENSMUSG00000031481	TPTE	one2many	NA		22.9
Tpte	ENSMUSG00000031481	TPTE2	one2many	NA		22.9
Tpx2	ENSMUSG00000027469	TPX2	one2one	NA		22.9
Tra2a	ENSMUSG00000029817	TRA2A	one2one	NA		22.9
Tra2b	ENSMUSG00000022858	TRA2B	one2one	NA		22.9
Trabd	ENSMUSG00000015363	TRABD	one2one	NA		22.9
Tradd	ENSMUSG00000031887	TRADD	one2one	NA		22.9
Traf1	ENSMUSG00000026875	TRAF1	one2one	NA		22.9
Traf2	ENSMUSG00000026942	TRAF2	one2one	NA		22.9
Traf3	ENSMUSG00000021277	TRAF3	one2one	NA		22.9
Traf3ip1	ENSMUSG00000034292	TRAF3IP1	one2one	NA		22.9
Traf3ip2	ENSMUSG00000019842	TRAF3IP2	one2one	NA		22.9
Traf3ip3	ENSMUSG00000037318	TRAF3IP3	one2one	NA		22.9
Traf4	ENSMUSG00000017386	TRAF4	one2one	NA		22.9
Traf5	ENSMUSG00000026637	TRAF5	one2one	NA		22.9
Traf6	ENSMUSG00000027164	TRAF6	one2one	NA		22.9
Traf7	ENSMUSG00000052752	TRAF7	one2one	NA		22.9
Trafd1	ENSMUSG00000042726	TRAFD1	one2one	NA		22.9
Traip	ENSMUSG00000032586	TRAIP	one2one	NA		22.9
Trak1	ENSMUSG00000032536	TRAK1	one2one	NA		22.9
Trak2	ENSMUSG00000026028	TRAK2	one2one	NA		22.9
Tram1	ENSMUSG00000025935	TRAM1	one2one	NA		22.9
Tram2	ENSMUSG00000041779	TRAM2	one2one	NA		22.9
Trap1	ENSMUSG00000005981	TRAP1	one2one	NA		22.9
Trappc1	ENSMUSG00000049299	TRAPPC1	one2one	NA		22.9
Trappc10	ENSMUSG00000000374	TRAPPC10	one2one	NA		22.9
Trappc11	ENSMUSG00000038102	TRAPPC11	one2one	NA		22.9
Trappc12	ENSMUSG00000020628	TRAPPC12	one2one	NA		22.9
Trappc13	ENSMUSG00000021711	TRAPPC13	one2one	NA		22.9
Trappc2	ENSMUSG00000079317	TRAPPC2	many2one	NA		22.9
Trappc2l	ENSMUSG00000015013	TRAPPC2L	one2one	NA		22.9
Trappc3	ENSMUSG00000028847	TRAPPC3	one2one	NA		22.9
Trappc4	ENSMUSG00000032112	TRAPPC4	one2one	NA		22.9
Trappc5	ENSMUSG00000040236	TRAPPC5	one2one	NA		22.9
Trappc6a	ENSMUSG00000002043	TRAPPC6A	one2one	NA		22.9
Trappc6b	ENSMUSG00000020993	TRAPPC6B	one2one	NA		22.9
Trappc8	ENSMUSG00000033382	TRAPPC8	one2one	NA		22.9
Trappc9	ENSMUSG00000047921	TRAPPC9	one2one	NA		22.9
Trat1	ENSMUSG00000030775	TRAT1	one2one	NA		22.9
Trav1	ENSMUSG00000076758	TRAV1-1	one2many	NA		22.9
Trav1	ENSMUSG00000076758	TRAV1-2	one2many	NA		22.9
Trav10	ENSMUSG00000096551	TRAV13-1	one2many	NA		22.9
Trav10	ENSMUSG00000096551	TRAV13-2	one2many	NA		22.9
Trav10d	ENSMUSG00000094792	TRAV13-1	one2many	NA		22.9
Trav10d	ENSMUSG00000094792	TRAV13-2	one2many	NA		22.9
Trav10n	ENSMUSG00000095646	TRAV13-1	one2many	NA		22.9
Trav10n	ENSMUSG00000095646	TRAV13-2	one2many	NA		22.9
Trav12-1	ENSMUSG00000096825	TRAV18	many2one	NA		22.9
Trav12-3	ENSMUSG00000095958	TRAV18	many2one	NA		22.9
Trav13-1	ENSMUSG00000076839	TRAV22	many2one	NA		22.9
Trav13-2	ENSMUSG00000076846	TRAV22	many2one	NA		22.9
Trav13-4-dv7	ENSMUSG00000094562	TRAV22	many2one	NA		22.9
Trav13d-1	ENSMUSG00000076778	TRAV22	many2one	NA		22.9
Trav13d-4	ENSMUSG00000096329	TRAV22	many2one	NA		22.9
Trav13n-1	ENSMUSG00000104629	TRAV22	many2one	NA		22.9
Trav13n-4	ENSMUSG00000076823	TRAV22	many2one	NA		22.9
Trav14-2	ENSMUSG00000095711	TRAV23DV6	many2one	NA		22.9
Trav14-3	ENSMUSG00000094212	TRAV23DV6	many2one	NA		22.9
Trav14d-3-dv8	ENSMUSG00000094619	TRAV23DV6	many2one	NA		22.9
Trav14n-3	ENSMUSG00000076824	TRAV23DV6	many2one	NA		22.9
Trav16	ENSMUSG00000076855	TRAV19	many2one	NA		22.9
Trav16d-dv11	ENSMUSG00000076796	TRAV19	many2one	NA		22.9
Trav16n	ENSMUSG00000076822	TRAV19	many2one	NA		22.9
Trav19	ENSMUSG00000076862	TRAV29DV5	one2one	NA		22.9
Trav2	ENSMUSG00000076759	TRAV4	one2one	NA		22.9
Trav21-dv12	ENSMUSG00000076863	TRAV26-2	one2one	NA		22.9
Trav3-1	ENSMUSG00000076760	TRAV5	many2one	NA		22.9
Trav3-3	ENSMUSG00000094828	TRAV5	many2one	NA		22.9
Trav3-4	ENSMUSG00000076858	TRAV5	many2one	NA		22.9
Trav5-1	ENSMUSG00000076761	TRAV13-1	one2many	NA		22.9
Trav5-1	ENSMUSG00000076761	TRAV13-2	one2many	NA		22.9
Trav5-4	ENSMUSG00000095607	TRAV13-1	one2many	NA		22.9
Trav5-4	ENSMUSG00000095607	TRAV13-2	one2many	NA		22.9
Trav6-1	ENSMUSG00000076762	TRAV9-2	many2one	NA		22.9
Trav6-2	ENSMUSG00000076764	TRAV9-2	many2one	NA		22.9
Trav6-5	ENSMUSG00000096149	TRAV9-1	many2one	NA		22.9
Trav6d-5	ENSMUSG00000095426	TRAV9-1	many2one	NA		22.9
Trav6n-5	ENSMUSG00000076800	TRAV9-1	many2one	NA		22.9
Trav6n-6	ENSMUSG00000076802	TRAV9-2	many2one	NA		22.9
Trav7-1	ENSMUSG00000104620	TRAV12-1	one2many	NA		22.9
Trav7-1	ENSMUSG00000104620	TRAV12-2	one2many	NA		22.9
Trav7-1	ENSMUSG00000104620	TRAV12-3	one2many	NA		22.9
Trav7-3	ENSMUSG00000096908	TRAV12-1	one2many	NA		22.9
Trav7-3	ENSMUSG00000096908	TRAV12-2	one2many	NA		22.9
Trav7-3	ENSMUSG00000096908	TRAV12-3	one2many	NA		22.9
Trav7-4	ENSMUSG00000094766	TRAV12-1	one2many	NA		22.9
Trav7-4	ENSMUSG00000094766	TRAV12-2	one2many	NA		22.9
Trav7-4	ENSMUSG00000094766	TRAV12-3	one2many	NA		22.9
Trav7-5	ENSMUSG00000106620	TRAV12-1	one2many	NA		22.9
Trav7-5	ENSMUSG00000106620	TRAV12-2	one2many	NA		22.9
Trav7-5	ENSMUSG00000106620	TRAV12-3	one2many	NA		22.9
Trav7-6	ENSMUSG00000096138	TRAV12-1	one2many	NA		22.9
Trav7-6	ENSMUSG00000096138	TRAV12-2	one2many	NA		22.9
Trav7-6	ENSMUSG00000096138	TRAV12-3	one2many	NA		22.9
Trav7d-3	ENSMUSG00000096746	TRAV12-1	one2many	NA		22.9
Trav7d-3	ENSMUSG00000096746	TRAV12-2	one2many	NA		22.9
Trav7d-3	ENSMUSG00000096746	TRAV12-3	one2many	NA		22.9
Trav7d-4	ENSMUSG00000094023	TRAV12-1	one2many	NA		22.9
Trav7d-4	ENSMUSG00000094023	TRAV12-2	one2many	NA		22.9
Trav7d-4	ENSMUSG00000094023	TRAV12-3	one2many	NA		22.9
Trav7n-4	ENSMUSG00000095736	TRAV12-1	one2many	NA		22.9
Trav7n-4	ENSMUSG00000095736	TRAV12-2	one2many	NA		22.9
Trav7n-4	ENSMUSG00000095736	TRAV12-3	one2many	NA		22.9
Trav8-1	ENSMUSG00000076831	TRAV17	many2one	NA		22.9
Trav8d-1	ENSMUSG00000076770	TRAV17	many2one	NA		22.9
Trav8d-2	ENSMUSG00000076795	TRAV17	many2one	NA		22.9
Trav8n-2	ENSMUSG00000076821	TRAV17	many2one	NA		22.9
Trav9-1	ENSMUSG00000096900	TRAV8-1	one2many	NA		22.9
Trav9-1	ENSMUSG00000096900	TRAV8-3	one2many	NA		22.9
Trav9-2	ENSMUSG00000094966	TRAV8-3	many2one	NA		22.9
Trav9-4	ENSMUSG00000096678	TRAV8-3	many2one	NA		22.9
Trav9d-1	ENSMUSG00000096478	TRAV8-1	one2many	NA		22.9
Trav9d-1	ENSMUSG00000096478	TRAV8-3	one2many	NA		22.9
Trav9n-4	ENSMUSG00000094231	TRAV8-3	many2one	NA		22.9
Trbc1	ENSMUSG00000076490	TRBC2	many2one	NA		22.9
Trbc2	ENSMUSG00000076498	TRBC2	many2one	NA		22.9
Trbv12-1	ENSMUSG00000095574	TRBV13	many2one	NA		22.9
Trbv12-2	ENSMUSG00000094525	TRBV13	many2one	NA		22.9
Trbv13-1	ENSMUSG00000076467	TRBV10-1	one2many	NA		22.9
Trbv13-1	ENSMUSG00000076467	TRBV10-2	one2many	NA		22.9
Trbv13-2	ENSMUSG00000076469	TRBV10-1	one2many	NA		22.9
Trbv13-2	ENSMUSG00000076469	TRBV10-2	one2many	NA		22.9
Trbv13-3	ENSMUSG00000076470	TRBV10-1	one2many	NA		22.9
Trbv13-3	ENSMUSG00000076470	TRBV10-2	one2many	NA		22.9
Trbv14	ENSMUSG00000076471	TRBV11-1	one2one	NA		22.9
Trbv15	ENSMUSG00000076472	TRBV12-3	one2many	NA		22.9
Trbv15	ENSMUSG00000076472	TRBV12-4	one2many	NA		22.9
Trbv16	ENSMUSG00000076473	TRBV12-5	one2one	NA		22.9
Trbv17	ENSMUSG00000076474	TRBV15	one2one	NA		22.9
Trbv19	ENSMUSG00000076475	TRBV19	one2one	NA		22.9
Trbv2	ENSMUSG00000076462	TRBV4-1	one2many	NA		22.9
Trbv2	ENSMUSG00000076462	TRBV4-2	one2many	NA		22.9
Trbv20	ENSMUSG00000076476	TRBV20-1	one2one	NA		22.9
Trbv23	ENSMUSG00000076478	TRBV23-1	many2one	NA		22.9
Trbv26	ENSMUSG00000076479	TRBV23-1	many2one	NA		22.9
Trbv29	ENSMUSG00000076480	TRBV28	one2one	NA		22.9
Trbv3	ENSMUSG00000076463	TRBV2	one2one	NA		22.9
Trbv30	ENSMUSG00000076481	TRBV29-1	one2one	NA		22.9
Trbv31	ENSMUSG00000076499	TRBV30	one2one	NA		22.9
Trbv4	ENSMUSG00000107486	TRBV3-1	one2one	NA		22.9
Trbv5	ENSMUSG00000076465	TRBV4-1	one2many	NA		22.9
Trbv5	ENSMUSG00000076465	TRBV4-2	one2many	NA		22.9
Trdmt1	ENSMUSG00000026723	TRDMT1	one2one	NA		22.9
Trdv1	ENSMUSG00000076864	TRAV34	one2one	NA		22.9
Trdv5	ENSMUSG00000076873	TRDV3	one2one	NA		22.9
Trem1	ENSMUSG00000042265	TREM1	one2one	NA		22.9
Treml2	ENSMUSG00000071068	TREML2	one2one	NA		22.9
Trerf1	ENSMUSG00000064043	TRERF1	one2one	NA		22.9
Trf	ENSMUSG00000032554	TF	one2one	NA		22.9
Trgc1	ENSMUSG00000076749	TRGC1	one2many	NA		22.9
Trgc1	ENSMUSG00000076749	TRGC2	one2many	NA		22.9
Trgc2	ENSMUSG00000076752	TRGC2	many2one	NA		22.9
Trgc3	ENSMUSG00000091682	TRGC2	many2one	NA		22.9
Triap1	ENSMUSG00000029535	TRIAP1	one2one	NA		22.9
Trib1	ENSMUSG00000032501	TRIB1	one2one	NA		22.9
Trib2	ENSMUSG00000020601	TRIB2	one2one	NA		22.9
Trib3	ENSMUSG00000032715	TRIB3	one2one	NA		22.9
Trim11	ENSMUSG00000020455	TRIM11	one2one	NA		22.9
Trim12c	ENSMUSG00000057143	TRIM5	many2one	NA		22.9
Trim13	ENSMUSG00000035235	TRIM13	one2one	NA		22.9
Trim14	ENSMUSG00000039853	TRIM14	one2one	NA		22.9
Trim15	ENSMUSG00000050747	TRIM15	one2one	NA		22.9
Trim16	ENSMUSG00000047821	TRIM16	one2one	NA		22.9
Trim17	ENSMUSG00000036964	TRIM17	one2one	NA		22.9
Trim2	ENSMUSG00000027993	TRIM2	one2one	NA		22.9
Trim21	ENSMUSG00000030966	TRIM21	one2one	NA		22.9
Trim23	ENSMUSG00000021712	TRIM23	one2one	NA		22.9
Trim24	ENSMUSG00000029833	TRIM24	one2one	NA		22.9
Trim25	ENSMUSG00000000275	TRIM25	one2one	NA		22.9
Trim26	ENSMUSG00000024457	TRIM26	one2one	NA		22.9
Trim27	ENSMUSG00000021326	TRIM27	one2one	NA		22.9
Trim28	ENSMUSG00000005566	TRIM28	one2one	NA		22.9
Trim29	ENSMUSG00000032013	TRIM29	one2one	NA		22.9
Trim3	ENSMUSG00000036989	TRIM3	one2one	NA		22.9
Trim30a	ENSMUSG00000030921	TRIM5	many2one	NA		22.9
Trim30c	ENSMUSG00000078616	TRIM5	many2one	NA		22.9
Trim30d	ENSMUSG00000057596	TRIM5	many2one	NA		22.9
Trim32	ENSMUSG00000051675	TRIM32	one2one	NA		22.9
Trim33	ENSMUSG00000033014	TRIM33	one2one	NA		22.9
Trim34a	ENSMUSG00000056144	TRIM34	many2one	NA		22.9
Trim34b	ENSMUSG00000090215	TRIM34	many2one	NA		22.9
Trim35	ENSMUSG00000022043	TRIM35	one2one	NA		22.9
Trim36	ENSMUSG00000033949	TRIM36	one2one	NA		22.9
Trim37	ENSMUSG00000018548	TRIM37	one2one	NA		22.9
Trim39	ENSMUSG00000045409	TRIM39	one2one	NA		22.9
Trim41	ENSMUSG00000040365	TRIM41	one2one	NA		22.9
Trim43a	ENSMUSG00000090693	TRIM43	one2one	NA		22.9
Trim44	ENSMUSG00000027189	TRIM44	one2one	NA		22.9
Trim45	ENSMUSG00000033233	TRIM45	one2one	NA		22.9
Trim46	ENSMUSG00000042766	TRIM46	one2one	NA		22.9
Trim47	ENSMUSG00000020773	TRIM47	one2one	NA		22.9
Trim5	ENSMUSG00000060441	TRIM5	many2one	NA		22.9
Trim56	ENSMUSG00000043279	TRIM56	one2one	NA		22.9
Trim59	ENSMUSG00000034317	TRIM59	one2one	NA		22.9
Trim6	ENSMUSG00000072244	TRIM6	one2one	NA		22.9
Trim62	ENSMUSG00000041000	TRIM62	one2one	NA		22.9
Trim65	ENSMUSG00000054517	TRIM65	one2one	NA		22.9
Trim66	ENSMUSG00000031026	TRIM66	one2one	NA		22.9
Trim68	ENSMUSG00000073968	TRIM68	one2one	NA		22.9
Trim69	ENSMUSG00000033368	TRIM69	one2one	NA		22.9
Trim7	ENSMUSG00000040350	TRIM7	one2one	NA		22.9
Trim71	ENSMUSG00000079259	TRIM71	one2one	NA		22.9
Trim72	ENSMUSG00000042828	TRIM72	one2one	NA		22.9
Trim8	ENSMUSG00000025034	TRIM8	one2one	NA		22.9
Trim9	ENSMUSG00000021071	TRIM9	one2one	NA		22.9
Trio	ENSMUSG00000022263	TRIO	one2one	NA		22.9
Triobp	ENSMUSG00000033088	TRIOBP	one2one	NA		22.9
Trip10	ENSMUSG00000019487	TRIP10	one2one	NA		22.9
Trip11	ENSMUSG00000021188	TRIP11	one2one	NA		22.9
Trip12	ENSMUSG00000026219	TRIP12	one2one	NA		22.9
Trip13	ENSMUSG00000021569	TRIP13	one2one	NA		22.9
Trip4	ENSMUSG00000032386	TRIP4	one2one	NA		22.9
Trip6	ENSMUSG00000023348	TRIP6	one2one	NA		22.9
Trir	ENSMUSG00000041203	TRIR	one2one	NA		22.9
Trit1	ENSMUSG00000028653	TRIT1	one2one	NA		22.9
Trmo	ENSMUSG00000028331	TRMO	one2one	NA		22.9
Trmt1	ENSMUSG00000001909	TRMT1	one2one	NA		22.9
Trmt10a	ENSMUSG00000004127	TRMT10A	one2one	NA		22.9
Trmt10b	ENSMUSG00000035601	TRMT10B	one2one	NA		22.9
Trmt10c	ENSMUSG00000044763	TRMT10C	one2one	NA		22.9
Trmt11	ENSMUSG00000019792	TRMT11	one2one	NA		22.9
Trmt112	ENSMUSG00000038812	TRMT112	one2one	NA		22.9
Trmt12	ENSMUSG00000037085	TRMT12	one2one	NA		22.9
Trmt13	ENSMUSG00000033439	TRMT13	one2one	NA		22.9
Trmt1l	ENSMUSG00000053286	TRMT1L	one2one	NA		22.9
Trmt2a	ENSMUSG00000022721	TRMT2A	one2one	NA		22.9
Trmt2b	ENSMUSG00000067369	TRMT2B	one2one	NA		22.9
Trmt44	ENSMUSG00000029097	TRMT44	one2one	NA		22.9
Trmt5	ENSMUSG00000034442	TRMT5	one2one	NA		22.9
Trmt6	ENSMUSG00000037376	TRMT6	one2one	NA		22.9
Trmt61a	ENSMUSG00000060950	TRMT61A	one2one	NA		22.9
Trmu	ENSMUSG00000022386	TRMU	one2one	NA		22.9
Trnau1ap	ENSMUSG00000028898	TRNAU1AP	one2one	NA		22.9
Trnp1	ENSMUSG00000056596	TRNP1	one2one	NA		22.9
Trnt1	ENSMUSG00000013736	TRNT1	one2one	NA		22.9
Tro	ENSMUSG00000025272	TRO	one2one	NA		22.9
Troap	ENSMUSG00000032783	TROAP	one2one	NA		22.9
Trp53	ENSMUSG00000059552	TP53	one2one	NA		22.9
Trp53bp1	ENSMUSG00000043909	TP53BP1	one2one	NA		22.9
Trp53bp2	ENSMUSG00000026510	TP53BP2	one2one	NA		22.9
Trp53i11	ENSMUSG00000068735	TP53I11	one2one	NA		22.9
Trp53i13	ENSMUSG00000044328	TP53I13	one2one	NA		22.9
Trp53inp1	ENSMUSG00000028211	TP53INP1	one2one	NA		22.9
Trp53inp2	ENSMUSG00000038375	TP53INP2	one2one	NA		22.9
Trp53rka	ENSMUSG00000039725	TP53RK	many2one	NA		22.9
Trp53rkb	ENSMUSG00000042854	TP53RK	many2one	NA		22.9
Trp53tg5	ENSMUSG00000017720	TP53TG5	one2one	NA		22.9
Trp73	ENSMUSG00000029026	TP73	one2one	NA		22.9
Trpc1	ENSMUSG00000032839	TRPC1	one2one	NA		22.9
Trpc3	ENSMUSG00000027716	TRPC3	one2one	NA		22.9
Trpc4ap	ENSMUSG00000038324	TRPC4AP	one2one	NA		22.9
Trpm4	ENSMUSG00000038260	TRPM4	one2one	NA		22.9
Trpm5	ENSMUSG00000009246	TRPM5	one2one	NA		22.9
Trpm6	ENSMUSG00000024727	TRPM6	one2one	NA		22.9
Trpm7	ENSMUSG00000027365	TRPM7	one2one	NA		22.9
Trps1	ENSMUSG00000038679	TRPS1	one2one	NA		22.9
Trpt1	ENSMUSG00000047656	TRPT1	one2one	NA		22.9
Trpv2	ENSMUSG00000018507	TRPV2	one2one	NA		22.9
Trpv3	ENSMUSG00000043029	TRPV3	one2one	NA		22.9
Trpv4	ENSMUSG00000014158	TRPV4	one2one	NA		22.9
Trpv6	ENSMUSG00000029868	TRPV6	one2one	NA		22.9
Trrap	ENSMUSG00000045482	TRRAP	one2one	NA		22.9
Trub1	ENSMUSG00000025086	TRUB1	one2one	NA		22.9
Trub2	ENSMUSG00000039826	TRUB2	one2one	NA		22.9
Try5	ENSMUSG00000036938	PRSS3	many2one	NA		22.9
Tsacc	ENSMUSG00000010538	TSACC	one2one	NA		22.9
Tsc1	ENSMUSG00000026812	TSC1	one2one	NA		22.9
Tsc2	ENSMUSG00000002496	TSC2	one2one	NA		22.9
Tsc22d1	ENSMUSG00000022010	TSC22D1	one2one	NA		22.9
Tsc22d2	ENSMUSG00000027806	TSC22D2	one2one	NA		22.9
Tsc22d3	ENSMUSG00000031431	TSC22D3	one2one	NA		22.9
Tsen15	ENSMUSG00000014980	TSEN15	one2one	NA		22.9
Tsen2	ENSMUSG00000042389	TSEN2	one2one	NA		22.9
Tsen34	ENSMUSG00000035585	TSEN34	one2one	NA		22.9
Tsen54	ENSMUSG00000020781	TSEN54	one2one	NA		22.9
Tsfm	ENSMUSG00000040521	TSFM	one2one	NA		22.9
Tsg101	ENSMUSG00000014402	TSG101	one2one	NA		22.9
Tsga10	ENSMUSG00000060771	TSGA10	one2one	NA		22.9
Tsga10ip	ENSMUSG00000039330	TSGA10IP	one2one	NA		22.9
Tshb	ENSMUSG00000027857	TSHB	one2one	NA		22.9
Tshz1	ENSMUSG00000046982	TSHZ1	one2one	NA		22.9
Tshz2	ENSMUSG00000047907	TSHZ2	one2one	NA		22.9
Tshz3	ENSMUSG00000021217	TSHZ3	one2one	NA		22.9
Tsku	ENSMUSG00000049580	TSKU	one2one	NA		22.9
Tsn	ENSMUSG00000026374	TSN	one2one	NA		22.9
Tsnax	ENSMUSG00000056820	TSNAX	one2one	NA		22.9
Tsnaxip1	ENSMUSG00000031893	TSNAXIP1	one2one	NA		22.9
Tspan13	ENSMUSG00000020577	TSPAN13	one2one	NA		22.9
Tspan14	ENSMUSG00000037824	TSPAN14	one2one	NA		22.9
Tspan17	ENSMUSG00000025875	TSPAN17	one2one	NA		22.9
Tspan18	ENSMUSG00000027217	TSPAN18	one2one	NA		22.9
Tspan2	ENSMUSG00000027858	TSPAN2	one2one	NA		22.9
Tspan3	ENSMUSG00000032324	TSPAN3	one2one	NA		22.9
Tspan31	ENSMUSG00000006736	TSPAN31	one2one	NA		22.9
Tspan32	ENSMUSG00000000244	TSPAN32	one2one	NA		22.9
Tspan33	ENSMUSG00000001763	TSPAN33	one2one	NA		22.9
Tspan4	ENSMUSG00000025511	TSPAN4	one2one	NA		22.9
Tspan5	ENSMUSG00000028152	TSPAN5	one2one	NA		22.9
Tspan6	ENSMUSG00000067377	TSPAN6	one2one	NA		22.9
Tspan7	ENSMUSG00000058254	TSPAN7	one2one	NA		22.9
Tspan9	ENSMUSG00000030352	TSPAN9	one2one	NA		22.9
Tspear	ENSMUSG00000069581	TSPEAR	one2one	NA		22.9
Tspo	ENSMUSG00000041736	TSPO	one2one	NA		22.9
Tspoap1	ENSMUSG00000034156	TSPOAP1	one2one	NA		22.9
Tspyl1	ENSMUSG00000047514	TSPYL1	one2one	NA		22.9
Tspyl2	ENSMUSG00000041096	TSPYL2	one2one	NA		22.9
Tspyl4	ENSMUSG00000039485	TSPYL4	one2one	NA		22.9
Tsr1	ENSMUSG00000038335	TSR1	one2one	NA		22.9
Tsr2	ENSMUSG00000025264	TSR2	one2one	NA		22.9
Tsr3	ENSMUSG00000015126	TSR3	one2one	NA		22.9
Tssc4	ENSMUSG00000045752	TSSC4	one2one	NA		22.9
Tssk1	ENSMUSG00000041566	TSSK1B	one2one	NA		22.9
Tssk4	ENSMUSG00000007591	TSSK4	one2one	NA		22.9
Tssk6	ENSMUSG00000047654	TSSK6	one2one	NA		22.9
Tst	ENSMUSG00000044986	TST	one2one	NA		22.9
Tsta3	ENSMUSG00000022570	GFUS	one2one	Gfus	org.Mm.eg.db	22.9
Tstd1	ENSMUSG00000103711	TSTD1	one2one	NA		22.9
Tstd2	ENSMUSG00000035495	TSTD2	one2one	NA		22.9
Tstd3	ENSMUSG00000028251	TSTD3	one2one	NA		22.9
Ttbk1	ENSMUSG00000015599	TTBK1	one2one	NA		22.9
Ttbk2	ENSMUSG00000090100	TTBK2	one2one	NA		22.9
Ttc1	ENSMUSG00000041278	TTC1	one2one	NA		22.9
Ttc12	ENSMUSG00000040219	TTC12	one2one	NA		22.9
Ttc13	ENSMUSG00000037300	TTC13	one2one	NA		22.9
Ttc14	ENSMUSG00000027677	TTC14	one2one	NA		22.9
Ttc16	ENSMUSG00000039021	TTC16	one2one	NA		22.9
Ttc17	ENSMUSG00000027194	TTC17	one2one	NA		22.9
Ttc19	ENSMUSG00000042298	TTC19	one2one	NA		22.9
Ttc21a	ENSMUSG00000032514	TTC21A	one2one	NA		22.9
Ttc21b	ENSMUSG00000034848	TTC21B	one2one	NA		22.9
Ttc23	ENSMUSG00000030555	TTC23	one2one	NA		22.9
Ttc25	ENSMUSG00000006784	ODAD4	one2one	Odad4	org.Mm.eg.db	22.9
Ttc26	ENSMUSG00000056832	TTC26	one2one	NA		22.9
Ttc27	ENSMUSG00000024078	TTC27	one2one	NA		22.9
Ttc28	ENSMUSG00000033209	TTC28	one2one	NA		22.9
Ttc3	ENSMUSG00000040785	TTC3	one2one	NA		22.9
Ttc30a1	ENSMUSG00000075271	TTC30A	one2one	NA		22.9
Ttc30b	ENSMUSG00000075273	TTC30B	one2one	NA		22.9
Ttc32	ENSMUSG00000066637	TTC32	one2one	NA		22.9
Ttc33	ENSMUSG00000022151	TTC33	one2one	NA		22.9
Ttc37	ENSMUSG00000033991	SKIC3	one2one	NA		22.9
Ttc38	ENSMUSG00000035944	TTC38	one2one	NA		22.9
Ttc39a	ENSMUSG00000028555	TTC39A	one2one	NA		22.9
Ttc39b	ENSMUSG00000038172	TTC39B	one2one	NA		22.9
Ttc39c	ENSMUSG00000024424	TTC39C	one2one	NA		22.9
Ttc4	ENSMUSG00000025413	TTC4	one2one	NA		22.9
Ttc41	ENSMUSG00000044937	TTC41P	one2one	NA		22.9
Ttc5	ENSMUSG00000006288	TTC5	one2one	NA		22.9
Ttc7	ENSMUSG00000036918	TTC7A	one2one	NA		22.9
Ttc7b	ENSMUSG00000033530	TTC7B	one2one	NA		22.9
Ttc8	ENSMUSG00000021013	TTC8	one2one	NA		22.9
Ttc9c	ENSMUSG00000071660	TTC9C	one2one	NA		22.9
Ttf1	ENSMUSG00000026803	TTF1	one2one	NA		22.9
Ttf2	ENSMUSG00000033222	TTF2	one2one	NA		22.9
Tti1	ENSMUSG00000027650	TTI1	one2one	NA		22.9
Tti2	ENSMUSG00000031577	TTI2	one2one	NA		22.9
Ttk	ENSMUSG00000038379	TTK	one2one	NA		22.9
Ttl	ENSMUSG00000027394	TTL	one2one	NA		22.9
Ttll1	ENSMUSG00000022442	TTLL1	one2one	NA		22.9
Ttll10	ENSMUSG00000029074	TTLL10	one2one	NA		22.9
Ttll11	ENSMUSG00000026885	TTLL11	one2one	NA		22.9
Ttll12	ENSMUSG00000016757	TTLL12	one2one	NA		22.9
Ttll13	ENSMUSG00000045467	TTLL13	one2one	NA		22.9
Ttll3	ENSMUSG00000030276	TTLL3	one2one	NA		22.9
Ttll4	ENSMUSG00000033257	TTLL4	one2one	NA		22.9
Ttll5	ENSMUSG00000012609	TTLL5	one2one	NA		22.9
Ttll9	ENSMUSG00000074673	TTLL9	one2one	NA		22.9
Ttn	ENSMUSG00000051747	TTN	one2one	NA		22.9
Ttpa	ENSMUSG00000073988	TTPA	one2one	NA		22.9
Ttpal	ENSMUSG00000017679	TTPAL	one2one	NA		22.9
Ttyh1	ENSMUSG00000030428	TTYH1	one2one	NA		22.9
Ttyh2	ENSMUSG00000034714	TTYH2	one2one	NA		22.9
Ttyh3	ENSMUSG00000036565	TTYH3	one2one	NA		22.9
Tub	ENSMUSG00000031028	TUB	one2one	NA		22.9
Tuba1a	ENSMUSG00000072235	TUBA1A	one2one	NA		22.9
Tuba1b	ENSMUSG00000023004	TUBA1B	one2one	NA		22.9
Tuba1c	ENSMUSG00000043091	TUBA1C	one2one	NA		22.9
Tuba3a	ENSMUSG00000067702	TUBA3C	one2many	NA		22.9
Tuba3a	ENSMUSG00000067702	TUBA3D	one2many	NA		22.9
Tuba4a	ENSMUSG00000026202	TUBA4A	one2one	NA		22.9
Tuba8	ENSMUSG00000030137	TUBA8	one2one	NA		22.9
Tubb2a	ENSMUSG00000058672	TUBB2A	one2one	NA		22.9
Tubb2b	ENSMUSG00000045136	TUBB2B	one2one	NA		22.9
Tubb3	ENSMUSG00000062380	TUBB3	one2one	NA		22.9
Tubb4a	ENSMUSG00000062591	TUBB4A	one2one	NA		22.9
Tubb4b	ENSMUSG00000036752	TUBB4B	one2one	NA		22.9
Tubb5	ENSMUSG00000001525	TUBB	one2one	NA		22.9
Tubb6	ENSMUSG00000001473	TUBB6	one2one	NA		22.9
Tubd1	ENSMUSG00000020513	TUBD1	one2one	NA		22.9
Tube1	ENSMUSG00000019845	TUBE1	one2one	NA		22.9
Tubg1	ENSMUSG00000035198	TUBG1	one2one	NA		22.9
Tubg2	ENSMUSG00000045007	TUBG2	one2one	NA		22.9
Tubgcp2	ENSMUSG00000025474	TUBGCP2	one2one	NA		22.9
Tubgcp3	ENSMUSG00000000759	TUBGCP3	one2one	NA		22.9
Tubgcp4	ENSMUSG00000027263	TUBGCP4	one2one	NA		22.9
Tubgcp5	ENSMUSG00000033790	TUBGCP5	one2one	NA		22.9
Tubgcp6	ENSMUSG00000051786	TUBGCP6	one2one	NA		22.9
Tufm	ENSMUSG00000073838	TUFM	one2one	NA		22.9
Tuft1	ENSMUSG00000005968	TUFT1	one2one	NA		22.9
Tug1	ENSMUSG00000056579	TUG1	one2one	NA		22.9
Tulp1	ENSMUSG00000037446	TULP1	one2one	NA		22.9
Tulp2	ENSMUSG00000023467	TULP2	one2one	NA		22.9
Tulp3	ENSMUSG00000001521	TULP3	one2one	NA		22.9
Tulp4	ENSMUSG00000034377	TULP4	one2one	NA		22.9
Tusc1	ENSMUSG00000054000	TUSC1	one2one	NA		22.9
Tusc2	ENSMUSG00000010054	TUSC2	one2one	NA		22.9
Tusc3	ENSMUSG00000118664	TUSC3	one2one	NA		22.9
Tut1	ENSMUSG00000071645	TUT1	one2one	NA		22.9
Tut4	ENSMUSG00000034610	TUT4	one2one	NA		22.9
Tut7	ENSMUSG00000035248	TUT7	one2one	NA		22.9
Tvp23a	ENSMUSG00000050908	TVP23A	one2one	NA		22.9
Tvp23b	ENSMUSG00000014177	TVP23B	one2one	NA		22.9
Twf1	ENSMUSG00000022451	TWF1	one2one	NA		22.9
Twf2	ENSMUSG00000023277	TWF2	one2one	NA		22.9
Twist1	ENSMUSG00000035799	TWIST1	one2one	NA		22.9
Twistnb	ENSMUSG00000020561	POLR1F	one2one	Polr1f	org.Mm.eg.db	22.9
Twnk	ENSMUSG00000025209	TWNK	one2one	NA		22.9
Twsg1	ENSMUSG00000024098	TWSG1	one2one	NA		22.9
Txk	ENSMUSG00000054892	TXK	one2one	NA		22.9
Txlna	ENSMUSG00000053841	TXLNA	one2one	NA		22.9
Txlnb	ENSMUSG00000039891	TXLNB	one2one	NA		22.9
Txlng	ENSMUSG00000038344	TXLNG	one2one	NA		22.9
Txn1	ENSMUSG00000028367	TXN	one2one	NA		22.9
Txn2	ENSMUSG00000005354	TXN2	one2one	NA		22.9
Txndc11	ENSMUSG00000022498	TXNDC11	one2one	NA		22.9
Txndc12	ENSMUSG00000028567	TXNDC12	one2one	NA		22.9
Txndc15	ENSMUSG00000021497	TXNDC15	one2one	NA		22.9
Txndc16	ENSMUSG00000021830	TXNDC16	one2one	NA		22.9
Txndc17	ENSMUSG00000020803	TXNDC17	one2one	NA		22.9
Txndc5	ENSMUSG00000038991	TXNDC5	one2one	NA		22.9
Txndc9	ENSMUSG00000058407	TXNDC9	one2one	NA		22.9
Txnip	ENSMUSG00000038393	TXNIP	one2one	NA		22.9
Txnl1	ENSMUSG00000024583	TXNL1	one2one	NA		22.9
Txnl4a	ENSMUSG00000057130	TXNL4A	one2one	NA		22.9
Txnl4b	ENSMUSG00000031723	TXNL4B	one2one	NA		22.9
Txnrd1	ENSMUSG00000020250	TXNRD1	one2one	NA		22.9
Txnrd2	ENSMUSG00000075704	TXNRD2	one2one	NA		22.9
Txnrd3	ENSMUSG00000000811	TXNRD3	one2one	NA		22.9
Tyk2	ENSMUSG00000032175	TYK2	one2one	NA		22.9
Tymp	ENSMUSG00000022615	TYMP	one2one	NA		22.9
Tyms	ENSMUSG00000025747	TYMS	one2one	NA		22.9
Tyro3	ENSMUSG00000027298	TYRO3	one2one	NA		22.9
Tysnd1	ENSMUSG00000020087	TYSND1	one2one	NA		22.9
Tyw1	ENSMUSG00000056310	TYW1	one2one	NA		22.9
Tyw3	ENSMUSG00000047583	TYW3	one2one	NA		22.9
Tyw5	ENSMUSG00000048495	TYW5	one2one	NA		22.9
U2af1	ENSMUSG00000061613	U2AF1	one2one	NA		22.9
U2af1l4	ENSMUSG00000078765	U2AF1L4	one2one	NA		22.9
U2af2	ENSMUSG00000030435	U2AF2	one2one	NA		22.9
U2surp	ENSMUSG00000032407	U2SURP	one2one	NA		22.9
Uaca	ENSMUSG00000034485	UACA	one2one	NA		22.9
Uap1	ENSMUSG00000026670	UAP1	one2one	NA		22.9
Uap1l1	ENSMUSG00000026956	UAP1L1	one2one	NA		22.9
Uba1	ENSMUSG00000001924	UBA1	one2one	NA		22.9
Uba2	ENSMUSG00000052997	UBA2	one2one	NA		22.9
Uba3	ENSMUSG00000030061	UBA3	one2one	NA		22.9
Uba5	ENSMUSG00000032557	UBA5	one2one	NA		22.9
Uba52	ENSMUSG00000090137	UBA52	many2one	NA		22.9
Uba6	ENSMUSG00000035898	UBA6	one2one	NA		22.9
Uba7	ENSMUSG00000032596	UBA7	one2one	NA		22.9
Ubac1	ENSMUSG00000036352	UBAC1	one2one	NA		22.9
Ubac2	ENSMUSG00000041765	UBAC2	one2one	NA		22.9
Ubald1	ENSMUSG00000039568	UBALD1	one2one	NA		22.9
Ubald2	ENSMUSG00000050628	UBALD2	one2one	NA		22.9
Ubap1	ENSMUSG00000028437	UBAP1	one2one	NA		22.9
Ubap1l	ENSMUSG00000086228	UBAP1L	one2one	NA		22.9
Ubap2	ENSMUSG00000028433	UBAP2	one2one	NA		22.9
Ubap2l	ENSMUSG00000042520	UBAP2L	one2one	NA		22.9
Ubash3a	ENSMUSG00000042345	UBASH3A	one2one	NA		22.9
Ubash3b	ENSMUSG00000032020	UBASH3B	one2one	NA		22.9
Ubb	ENSMUSG00000019505	UBB	one2one	NA		22.9
Ubc	ENSMUSG00000008348	UBC	one2one	NA		22.9
Ubd	ENSMUSG00000035186	UBD	one2one	NA		22.9
Ube2a	ENSMUSG00000016308	UBE2A	one2one	NA		22.9
Ube2b	ENSMUSG00000020390	UBE2B	one2one	NA		22.9
Ube2c	ENSMUSG00000001403	UBE2C	one2one	NA		22.9
Ube2cbp	ENSMUSG00000032415	UBE3D	one2one	NA		22.9
Ube2d1	ENSMUSG00000019927	UBE2D1	one2one	NA		22.9
Ube2d2a	ENSMUSG00000091896	UBE2D2	one2one	NA		22.9
Ube2d3	ENSMUSG00000078578	UBE2D3	one2one	NA		22.9
Ube2e1	ENSMUSG00000021774	UBE2E1	one2one	NA		22.9
Ube2e2	ENSMUSG00000058317	UBE2E2	one2one	NA		22.9
Ube2e3	ENSMUSG00000027011	UBE2E3	one2one	NA		22.9
Ube2f	ENSMUSG00000034343	UBE2F	one2one	NA		22.9
Ube2g1	ENSMUSG00000020794	UBE2G1	one2one	NA		22.9
Ube2g2	ENSMUSG00000009293	UBE2G2	one2one	NA		22.9
Ube2h	ENSMUSG00000039159	UBE2H	one2one	NA		22.9
Ube2i	ENSMUSG00000015120	UBE2I	one2one	NA		22.9
Ube2j1	ENSMUSG00000028277	UBE2J1	one2one	NA		22.9
Ube2j2	ENSMUSG00000023286	UBE2J2	one2one	NA		22.9
Ube2k	ENSMUSG00000029203	UBE2K	one2one	NA		22.9
Ube2l3	ENSMUSG00000038965	UBE2L3	one2one	NA		22.9
Ube2l6	ENSMUSG00000027078	UBE2L6	one2one	NA		22.9
Ube2m	ENSMUSG00000005575	UBE2M	one2one	NA		22.9
Ube2n	ENSMUSG00000074781	UBE2N	one2one	NA		22.9
Ube2o	ENSMUSG00000020802	UBE2O	one2one	NA		22.9
Ube2q1	ENSMUSG00000042572	UBE2Q1	one2one	NA		22.9
Ube2q2	ENSMUSG00000032307	UBE2Q2	one2one	NA		22.9
Ube2ql1	ENSMUSG00000052981	UBE2QL1	one2one	NA		22.9
Ube2r2	ENSMUSG00000036241	UBE2R2	one2one	NA		22.9
Ube2s	ENSMUSG00000060860	UBE2S	one2one	NA		22.9
Ube2t	ENSMUSG00000026429	UBE2T	one2one	NA		22.9
Ube2v1	ENSMUSG00000078923	UBE2V1	one2one	NA		22.9
Ube2v2	ENSMUSG00000022674	UBE2V2	one2one	NA		22.9
Ube2w	ENSMUSG00000025939	UBE2W	one2one	NA		22.9
Ube2z	ENSMUSG00000014349	UBE2Z	one2one	NA		22.9
Ube3a	ENSMUSG00000025326	UBE3A	one2one	NA		22.9
Ube3b	ENSMUSG00000029577	UBE3B	one2one	NA		22.9
Ube3c	ENSMUSG00000039000	UBE3C	one2one	NA		22.9
Ube4a	ENSMUSG00000059890	UBE4A	one2one	NA		22.9
Ube4b	ENSMUSG00000028960	UBE4B	one2one	NA		22.9
Ubfd1	ENSMUSG00000030870	UBFD1	one2one	NA		22.9
Ubiad1	ENSMUSG00000047719	UBIAD1	one2one	NA		22.9
Ubl3	ENSMUSG00000001687	UBL3	one2one	NA		22.9
Ubl4a	ENSMUSG00000015290	UBL4A	one2one	NA		22.9
Ubl5	ENSMUSG00000084786	UBL5	one2one	NA		22.9
Ubl7	ENSMUSG00000055720	UBL7	one2one	NA		22.9
Ublcp1	ENSMUSG00000041231	UBLCP1	one2one	NA		22.9
Ubn1	ENSMUSG00000039473	UBN1	one2one	NA		22.9
Ubn2	ENSMUSG00000038538	UBN2	one2one	NA		22.9
Ubox5	ENSMUSG00000027300	UBOX5	one2one	NA		22.9
Ubp1	ENSMUSG00000009741	UBP1	one2one	NA		22.9
Ubqln1	ENSMUSG00000005312	UBQLN1	one2one	NA		22.9
Ubqln2	ENSMUSG00000050148	UBQLN2	one2one	NA		22.9
Ubqln4	ENSMUSG00000008604	UBQLN4	one2one	NA		22.9
Ubr1	ENSMUSG00000027272	UBR1	one2one	NA		22.9
Ubr2	ENSMUSG00000023977	UBR2	one2one	NA		22.9
Ubr3	ENSMUSG00000044308	UBR3	one2one	NA		22.9
Ubr4	ENSMUSG00000066036	UBR4	one2one	NA		22.9
Ubr5	ENSMUSG00000037487	UBR5	one2one	NA		22.9
Ubr7	ENSMUSG00000041712	UBR7	one2one	NA		22.9
Ubtd1	ENSMUSG00000025171	UBTD1	one2one	NA		22.9
Ubtd2	ENSMUSG00000044949	UBTD2	one2one	NA		22.9
Ubtf	ENSMUSG00000020923	UBTF	one2one	NA		22.9
Ubxn1	ENSMUSG00000071655	UBXN1	one2one	NA		22.9
Ubxn11	ENSMUSG00000012126	UBXN11	one2one	NA		22.9
Ubxn2a	ENSMUSG00000020634	UBXN2A	one2one	NA		22.9
Ubxn2b	ENSMUSG00000028243	UBXN2B	one2one	NA		22.9
Ubxn4	ENSMUSG00000026353	UBXN4	one2one	NA		22.9
Ubxn6	ENSMUSG00000019578	UBXN6	one2one	NA		22.9
Ubxn7	ENSMUSG00000053774	UBXN7	one2one	NA		22.9
Ubxn8	ENSMUSG00000052906	UBXN8	one2one	NA		22.9
Uchl1	ENSMUSG00000029223	UCHL1	one2one	NA		22.9
Uchl3	ENSMUSG00000022111	UCHL3	many2one	NA		22.9
Uchl4	ENSMUSG00000035337	UCHL3	many2one	NA		22.9
Uchl5	ENSMUSG00000018189	UCHL5	one2one	NA		22.9
Uck1	ENSMUSG00000002550	UCK1	one2one	NA		22.9
Uck2	ENSMUSG00000026558	UCK2	one2one	NA		22.9
Uckl1	ENSMUSG00000089917	UCKL1	one2one	NA		22.9
Ucp2	ENSMUSG00000033685	UCP2	one2one	NA		22.9
Ucp3	ENSMUSG00000032942	UCP3	one2one	NA		22.9
Uevld	ENSMUSG00000043262	UEVLD	one2one	NA		22.9
Ufc1	ENSMUSG00000062963	UFC1	one2one	NA		22.9
Ufd1	ENSMUSG00000005262	UFD1	one2one	NA		22.9
Ufl1	ENSMUSG00000040359	UFL1	one2one	NA		22.9
Ufm1	ENSMUSG00000027746	UFM1	one2one	NA		22.9
Ufsp1	ENSMUSG00000051502	UFSP1	one2one	NA		22.9
Ufsp2	ENSMUSG00000031634	UFSP2	one2one	NA		22.9
Ugcg	ENSMUSG00000028381	UGCG	one2one	NA		22.9
Ugdh	ENSMUSG00000029201	UGDH	one2one	NA		22.9
Uggt1	ENSMUSG00000037470	UGGT1	one2one	NA		22.9
Uggt2	ENSMUSG00000042104	UGGT2	one2one	NA		22.9
Ugp2	ENSMUSG00000001891	UGP2	one2one	NA		22.9
Ugt1a7c	ENSMUSG00000090124	UGT1A9	one2one	NA		22.9
Uhmk1	ENSMUSG00000026667	UHMK1	one2one	NA		22.9
Uhrf1	ENSMUSG00000001228	UHRF1	one2one	NA		22.9
Uhrf1bp1	ENSMUSG00000039512	BLTP3A	one2one	NA		22.9
Uhrf1bp1l	ENSMUSG00000019951	BLTP3B	one2one	NA		22.9
Uhrf2	ENSMUSG00000024817	UHRF2	one2one	NA		22.9
Uimc1	ENSMUSG00000025878	UIMC1	one2one	NA		22.9
Ulbp1	ENSMUSG00000079685	ULBP1	one2one	NA		22.9
Ulk1	ENSMUSG00000029512	ULK1	one2one	NA		22.9
Ulk2	ENSMUSG00000004798	ULK2	one2one	NA		22.9
Ulk3	ENSMUSG00000032308	ULK3	one2one	NA		22.9
Ulk4	ENSMUSG00000040936	ULK4	one2one	NA		22.9
Umad1	ENSMUSG00000089862	UMAD1	one2one	NA		22.9
Umps	ENSMUSG00000022814	UMPS	one2one	NA		22.9
Unc119	ENSMUSG00000002058	UNC119	one2one	NA		22.9
Unc119b	ENSMUSG00000046562	UNC119B	one2one	NA		22.9
Unc13a	ENSMUSG00000034799	UNC13A	one2one	NA		22.9
Unc13b	ENSMUSG00000028456	UNC13B	one2one	NA		22.9
Unc13d	ENSMUSG00000057948	UNC13D	one2one	NA		22.9
Unc45a	ENSMUSG00000030533	UNC45A	one2one	NA		22.9
Unc45b	ENSMUSG00000018845	UNC45B	one2one	NA		22.9
Unc50	ENSMUSG00000026111	UNC50	one2one	NA		22.9
Unc5a	ENSMUSG00000025876	UNC5A	one2one	NA		22.9
Unc5b	ENSMUSG00000020099	UNC5B	one2one	NA		22.9
Unc5cl	ENSMUSG00000043592	UNC5CL	one2one	NA		22.9
Unc80	ENSMUSG00000055567	UNC80	one2one	NA		22.9
Unc93a2	ENSMUSG00000056133	UNC93A	one2one	NA		22.9
Unc93b1	ENSMUSG00000036908	UNC93B1	one2one	NA		22.9
Ung	ENSMUSG00000029591	UNG	one2one	NA		22.9
Unk	ENSMUSG00000020770	UNK	one2one	NA		22.9
Unkl	ENSMUSG00000015127	UNKL	one2one	NA		22.9
Upb1	ENSMUSG00000033427	UPB1	one2one	NA		22.9
Upf1	ENSMUSG00000058301	UPF1	one2one	NA		22.9
Upf2	ENSMUSG00000043241	UPF2	one2one	NA		22.9
Upf3a	ENSMUSG00000038398	UPF3A	one2one	NA		22.9
Upf3b	ENSMUSG00000036572	UPF3B	one2one	NA		22.9
Upk1a	ENSMUSG00000006313	UPK1A	one2one	NA		22.9
Upk1b	ENSMUSG00000049436	UPK1B	one2one	NA		22.9
Upk3bl	ENSMUSG00000006143	UPK3BL1	one2one	NA		22.9
Upp1	ENSMUSG00000020407	UPP1	one2one	NA		22.9
Upp2	ENSMUSG00000026839	UPP2	one2one	NA		22.9
Uprt	ENSMUSG00000073016	UPRT	one2one	NA		22.9
Uqcc1	ENSMUSG00000005882	UQCC1	one2one	NA		22.9
Uqcc2	ENSMUSG00000024208	UQCC2	one2one	NA		22.9
Uqcc3	ENSMUSG00000071654	UQCC3	one2one	NA		22.9
Uqcr10	ENSMUSG00000059534	UQCR10	one2one	NA		22.9
Uqcr11	ENSMUSG00000020163	UQCR11	one2one	NA		22.9
Uqcrb	ENSMUSG00000021520	UQCRB	one2one	NA		22.9
Uqcrc1	ENSMUSG00000025651	UQCRC1	one2one	NA		22.9
Uqcrc2	ENSMUSG00000030884	UQCRC2	one2one	NA		22.9
Uqcrfs1	ENSMUSG00000038462	UQCRFS1	one2one	NA		22.9
Uqcrh	ENSMUSG00000063882	UQCRH	one2one	NA		22.9
Uqcrq	ENSMUSG00000044894	UQCRQ	one2one	NA		22.9
Urb1	ENSMUSG00000039929	URB1	one2one	NA		22.9
Urb2	ENSMUSG00000031976	URB2	one2one	NA		22.9
Urgcp	ENSMUSG00000049680	URGCP	one2one	NA		22.9
Uri1	ENSMUSG00000030421	URI1	one2one	NA		22.9
Urm1	ENSMUSG00000069020	URM1	one2one	NA		22.9
Urod	ENSMUSG00000028684	UROD	one2one	NA		22.9
Uros	ENSMUSG00000030979	UROS	one2one	NA		22.9
Usb1	ENSMUSG00000031792	USB1	one2one	NA		22.9
Use1	ENSMUSG00000002395	USE1	one2one	NA		22.9
Usf1	ENSMUSG00000026641	USF1	one2one	NA		22.9
Usf2	ENSMUSG00000058239	USF2	one2one	NA		22.9
Usf3	ENSMUSG00000068284	USF3	one2one	NA		22.9
Uso1	ENSMUSG00000029407	USO1	one2one	NA		22.9
Usp1	ENSMUSG00000028560	USP1	one2one	NA		22.9
Usp10	ENSMUSG00000031826	USP10	one2one	NA		22.9
Usp11	ENSMUSG00000031066	USP11	one2one	NA		22.9
Usp12	ENSMUSG00000029640	USP12	one2one	NA		22.9
Usp14	ENSMUSG00000047879	USP14	one2one	NA		22.9
Usp15	ENSMUSG00000020124	USP15	one2one	NA		22.9
Usp16	ENSMUSG00000025616	USP16	one2one	NA		22.9
Usp18	ENSMUSG00000030107	USP18	one2one	NA		22.9
Usp19	ENSMUSG00000006676	USP19	one2one	NA		22.9
Usp2	ENSMUSG00000032010	USP2	one2one	NA		22.9
Usp20	ENSMUSG00000026854	USP20	one2one	NA		22.9
Usp21	ENSMUSG00000053483	USP21	one2one	NA		22.9
Usp22	ENSMUSG00000042506	USP22	one2one	NA		22.9
Usp24	ENSMUSG00000028514	USP24	one2one	NA		22.9
Usp25	ENSMUSG00000022867	USP25	one2one	NA		22.9
Usp27x	ENSMUSG00000046269	USP27X	one2one	NA		22.9
Usp28	ENSMUSG00000032267	USP28	one2one	NA		22.9
Usp3	ENSMUSG00000032376	USP3	one2one	NA		22.9
Usp30	ENSMUSG00000029592	USP30	one2one	NA		22.9
Usp31	ENSMUSG00000063317	USP31	one2one	NA		22.9
Usp32	ENSMUSG00000000804	USP32	one2one	NA		22.9
Usp33	ENSMUSG00000025437	USP33	one2one	NA		22.9
Usp34	ENSMUSG00000056342	USP34	one2one	NA		22.9
Usp35	ENSMUSG00000035713	USP35	one2one	NA		22.9
Usp36	ENSMUSG00000033909	USP36	one2one	NA		22.9
Usp37	ENSMUSG00000033364	USP37	one2one	NA		22.9
Usp38	ENSMUSG00000038250	USP38	one2one	NA		22.9
Usp39	ENSMUSG00000056305	USP39	one2one	NA		22.9
Usp4	ENSMUSG00000032612	USP4	one2one	NA		22.9
Usp40	ENSMUSG00000005501	USP40	one2one	NA		22.9
Usp42	ENSMUSG00000051306	USP42	one2one	NA		22.9
Usp43	ENSMUSG00000020905	USP43	one2one	NA		22.9
Usp44	ENSMUSG00000020020	USP44	one2one	NA		22.9
Usp45	ENSMUSG00000040455	USP45	one2one	NA		22.9
Usp46	ENSMUSG00000054814	USP46	one2one	NA		22.9
Usp47	ENSMUSG00000059263	USP47	one2one	NA		22.9
Usp48	ENSMUSG00000043411	USP48	one2one	NA		22.9
Usp49	ENSMUSG00000090115	USP49	one2one	NA		22.9
Usp5	ENSMUSG00000038429	USP5	one2one	NA		22.9
Usp50	ENSMUSG00000027364	USP50	one2one	NA		22.9
Usp53	ENSMUSG00000039701	USP53	one2one	NA		22.9
Usp54	ENSMUSG00000034235	USP54	one2one	NA		22.9
Usp6nl	ENSMUSG00000039046	USP6NL	one2one	NA		22.9
Usp7	ENSMUSG00000022710	USP7	one2one	NA		22.9
Usp8	ENSMUSG00000027363	USP8	one2one	NA		22.9
Usp9x	ENSMUSG00000031010	USP9X	one2one	NA		22.9
Uspl1	ENSMUSG00000041264	USPL1	one2one	NA		22.9
Ust	ENSMUSG00000047712	UST	one2one	NA		22.9
Utf1	ENSMUSG00000047751	UTF1	one2one	NA		22.9
Utp11	ENSMUSG00000028907	UTP11	one2one	NA		22.9
Utp14a	ENSMUSG00000063785	UTP14A	one2one	NA		22.9
Utp14b	ENSMUSG00000079470	UTP14C	one2one	NA		22.9
Utp15	ENSMUSG00000041747	UTP15	one2one	NA		22.9
Utp18	ENSMUSG00000054079	UTP18	one2one	NA		22.9
Utp20	ENSMUSG00000004356	UTP20	one2one	NA		22.9
Utp23	ENSMUSG00000022313	UTP23	one2one	NA		22.9
Utp25	ENSMUSG00000016181	UTP25	one2one	NA		22.9
Utp3	ENSMUSG00000070697	UTP3	one2one	NA		22.9
Utp4	ENSMUSG00000041438	UTP4	one2one	NA		22.9
Utp6	ENSMUSG00000035575	UTP6	one2one	NA		22.9
Utrn	ENSMUSG00000019820	UTRN	one2one	NA		22.9
Uty	ENSMUSG00000068457	UTY	one2one	NA		22.9
Uvrag	ENSMUSG00000035354	UVRAG	one2one	NA		22.9
Uvssa	ENSMUSG00000037355	UVSSA	one2one	NA		22.9
Uxs1	ENSMUSG00000057363	UXS1	one2one	NA		22.9
Uxt	ENSMUSG00000001134	UXT	one2one	NA		22.9
Vac14	ENSMUSG00000010936	VAC14	one2one	NA		22.9
Vamp1	ENSMUSG00000030337	VAMP1	one2one	NA		22.9
Vamp2	ENSMUSG00000020894	VAMP2	one2one	NA		22.9
Vamp3	ENSMUSG00000028955	VAMP3	one2one	NA		22.9
Vamp4	ENSMUSG00000026696	VAMP4	one2one	NA		22.9
Vamp5	ENSMUSG00000073002	VAMP5	one2one	NA		22.9
Vamp7	NA	VAMP7	one2one	NA		22.9
Vamp8	ENSMUSG00000050732	VAMP8	one2one	NA		22.9
Vangl1	ENSMUSG00000027860	VANGL1	one2one	NA		22.9
Vangl2	ENSMUSG00000026556	VANGL2	one2one	NA		22.9
Vapa	ENSMUSG00000024091	VAPA	one2one	NA		22.9
Vapb	ENSMUSG00000054455	VAPB	one2one	NA		22.9
Vars	ENSMUSG00000007029	VARS1	one2one	NA		22.9
Vars2	ENSMUSG00000038838	VARS2	one2one	NA		22.9
Vash1	ENSMUSG00000021256	VASH1	one2one	NA		22.9
Vash2	ENSMUSG00000037568	VASH2	one2one	NA		22.9
Vasn	ENSMUSG00000039646	VASN	one2one	NA		22.9
Vasp	ENSMUSG00000030403	VASP	one2one	NA		22.9
Vat1	ENSMUSG00000034993	VAT1	one2one	NA		22.9
Vat1l	ENSMUSG00000046844	VAT1L	one2one	NA		22.9
Vav1	ENSMUSG00000034116	VAV1	one2one	NA		22.9
Vav2	ENSMUSG00000009621	VAV2	one2one	NA		22.9
Vav3	ENSMUSG00000033721	VAV3	one2one	NA		22.9
Vax2	ENSMUSG00000034777	VAX2	one2one	NA		22.9
Vbp1	ENSMUSG00000031197	VBP1	one2one	NA		22.9
Vcam1	ENSMUSG00000027962	VCAM1	one2one	NA		22.9
Vcan	ENSMUSG00000021614	VCAN	one2one	NA		22.9
Vcl	ENSMUSG00000021823	VCL	one2one	NA		22.9
Vcp	ENSMUSG00000028452	VCP	one2one	NA		22.9
Vcpip1	ENSMUSG00000045210	VCPIP1	one2one	NA		22.9
Vcpkmt	ENSMUSG00000049882	VCPKMT	one2one	NA		22.9
Vdac1	ENSMUSG00000020402	VDAC1	one2one	NA		22.9
Vdac2	ENSMUSG00000021771	VDAC2	one2one	NA		22.9
Vdac3	ENSMUSG00000008892	VDAC3	one2one	NA		22.9
Vdr	ENSMUSG00000022479	VDR	one2one	NA		22.9
Vegfa	ENSMUSG00000023951	VEGFA	one2one	NA		22.9
Vegfb	ENSMUSG00000024962	VEGFB	one2one	NA		22.9
Vegfc	ENSMUSG00000031520	VEGFC	one2one	NA		22.9
Vegfd	ENSMUSG00000031380	VEGFD	one2one	NA		22.9
Vezf1	ENSMUSG00000018377	VEZF1	one2one	NA		22.9
Vezt	ENSMUSG00000036099	VEZT	one2one	NA		22.9
Vgf	ENSMUSG00000037428	VGF	one2one	NA		22.9
Vgll4	ENSMUSG00000030315	VGLL4	one2one	NA		22.9
Vhl	ENSMUSG00000033933	VHL	one2one	NA		22.9
Vil1	ENSMUSG00000026175	VIL1	one2one	NA		22.9
Vill	ENSMUSG00000038775	VILL	one2one	NA		22.9
Vim	ENSMUSG00000026728	VIM	one2one	NA		22.9
Vipas39	ENSMUSG00000021038	VIPAS39	one2one	NA		22.9
Vipr1	ENSMUSG00000032528	VIPR1	one2one	NA		22.9
Vipr2	ENSMUSG00000011171	VIPR2	one2one	NA		22.9
Virma	ENSMUSG00000040720	VIRMA	one2one	NA		22.9
Vkorc1	ENSMUSG00000096145	VKORC1	one2one	NA		22.9
Vkorc1l1	ENSMUSG00000066735	VKORC1L1	one2one	NA		22.9
Vldlr	ENSMUSG00000024924	VLDLR	one2one	NA		22.9
Vma21	ENSMUSG00000073131	VMA21	one2one	NA		22.9
Vmac	ENSMUSG00000054723	VMAC	one2one	NA		22.9
Vmp1	ENSMUSG00000018171	VMP1	one2one	NA		22.9
Vopp1	ENSMUSG00000037788	VOPP1	one2one	NA		22.9
Vpreb1	ENSMUSG00000059305	VPREB1	one2one	NA		22.9
Vpreb3	ENSMUSG00000000903	VPREB3	one2one	NA		22.9
Vps11	ENSMUSG00000032127	VPS11	one2one	NA		22.9
Vps13a	ENSMUSG00000046230	VPS13A	one2one	NA		22.9
Vps13b	ENSMUSG00000037646	VPS13B	one2one	NA		22.9
Vps13c	ENSMUSG00000035284	VPS13C	one2one	NA		22.9
Vps13d	ENSMUSG00000020220	VPS13D	one2one	NA		22.9
Vps16	ENSMUSG00000027411	VPS16	one2one	NA		22.9
Vps18	ENSMUSG00000034216	VPS18	one2one	NA		22.9
Vps25	ENSMUSG00000078656	VPS25	one2one	NA		22.9
Vps26a	ENSMUSG00000020078	VPS26A	one2one	NA		22.9
Vps26b	ENSMUSG00000031988	VPS26B	one2one	NA		22.9
Vps26c	ENSMUSG00000022898	VPS26C	one2one	NA		22.9
Vps28	ENSMUSG00000115987	VPS28	one2one	NA		22.9
Vps29	ENSMUSG00000029462	VPS29	one2one	NA		22.9
Vps33a	ENSMUSG00000029434	VPS33A	one2one	NA		22.9
Vps33b	ENSMUSG00000030534	VPS33B	one2one	NA		22.9
Vps35	ENSMUSG00000031696	VPS35	one2one	NA		22.9
Vps35l	ENSMUSG00000030982	VPS35L	one2one	NA		22.9
Vps36	ENSMUSG00000031479	VPS36	one2one	NA		22.9
Vps37a	ENSMUSG00000031600	VPS37A	one2one	NA		22.9
Vps37b	ENSMUSG00000066278	VPS37B	one2one	NA		22.9
Vps37c	ENSMUSG00000048832	VPS37C	one2one	NA		22.9
Vps37d	ENSMUSG00000043614	VPS37D	one2one	NA		22.9
Vps39	ENSMUSG00000027291	VPS39	one2one	NA		22.9
Vps41	ENSMUSG00000041236	VPS41	one2one	NA		22.9
Vps45	ENSMUSG00000015747	VPS45	one2one	NA		22.9
Vps4a	ENSMUSG00000031913	VPS4A	one2one	NA		22.9
Vps4b	ENSMUSG00000009907	VPS4B	one2one	NA		22.9
Vps50	ENSMUSG00000001376	VPS50	one2one	NA		22.9
Vps51	ENSMUSG00000024797	VPS51	one2one	NA		22.9
Vps52	ENSMUSG00000024319	VPS52	one2one	NA		22.9
Vps53	ENSMUSG00000017288	VPS53	one2one	NA		22.9
Vps54	ENSMUSG00000020128	VPS54	one2one	NA		22.9
Vps72	ENSMUSG00000008958	VPS72	one2one	NA		22.9
Vps8	ENSMUSG00000033653	VPS8	one2one	NA		22.9
Vps9d1	ENSMUSG00000001062	VPS9D1	one2one	NA		22.9
Vrk1	ENSMUSG00000021115	VRK1	one2one	NA		22.9
Vrk2	ENSMUSG00000064090	VRK2	one2one	NA		22.9
Vrk3	ENSMUSG00000002205	VRK3	one2one	NA		22.9
Vsig1	ENSMUSG00000031430	VSIG1	one2one	NA		22.9
Vsig10	ENSMUSG00000066894	VSIG10	one2one	NA		22.9
Vsig10l	ENSMUSG00000070604	VSIG10L	one2one	NA		22.9
Vsir	ENSMUSG00000020101	VSIR	one2one	NA		22.9
Vta1	ENSMUSG00000019868	VTA1	one2one	NA		22.9
Vti1a	ENSMUSG00000024983	VTI1A	one2one	NA		22.9
Vti1b	ENSMUSG00000021124	VTI1B	one2one	NA		22.9
Vwa1	ENSMUSG00000042116	VWA1	one2one	NA		22.9
Vwa3b	ENSMUSG00000050122	VWA3B	one2one	NA		22.9
Vwa5a	ENSMUSG00000023186	VWA5A	one2one	NA		22.9
Vwa5b2	ENSMUSG00000046613	VWA5B2	one2one	NA		22.9
Vwa7	ENSMUSG00000007030	VWA7	one2one	NA		22.9
Vwa8	ENSMUSG00000058997	VWA8	one2one	NA		22.9
Vwce	ENSMUSG00000043789	VWCE	one2one	NA		22.9
Vwf	ENSMUSG00000001930	VWF	one2one	NA		22.9
Wac	ENSMUSG00000024283	WAC	one2one	NA		22.9
Wapl	ENSMUSG00000041408	WAPL	one2one	NA		22.9
Wars	ENSMUSG00000021266	WARS1	one2one	Wars1	org.Mm.eg.db	22.9
Wars2	ENSMUSG00000004233	WARS2	one2one	NA		22.9
Was	ENSMUSG00000031165	WAS	one2one	NA		22.9
Wasf1	ENSMUSG00000019831	WASF1	one2one	NA		22.9
Wasf2	ENSMUSG00000028868	WASF2	one2one	NA		22.9
Washc1	ENSMUSG00000024101	WASHC1	one2one	NA		22.9
Washc2	ENSMUSG00000024104	WASHC2C	one2one	NA		22.9
Washc3	ENSMUSG00000020056	WASHC3	one2one	NA		22.9
Washc4	ENSMUSG00000034560	WASHC4	one2one	NA		22.9
Washc5	ENSMUSG00000022350	WASHC5	one2one	NA		22.9
Wasl	ENSMUSG00000029684	WASL	one2one	NA		22.9
Wbp1	ENSMUSG00000030035	WBP1	one2one	NA		22.9
Wbp11	ENSMUSG00000030216	WBP11	one2one	NA		22.9
Wbp1l	ENSMUSG00000047731	WBP1L	one2one	NA		22.9
Wbp2	ENSMUSG00000034341	WBP2	one2one	NA		22.9
Wbp4	ENSMUSG00000022023	WBP4	one2one	NA		22.9
Wdcp	ENSMUSG00000051721	WDCP	one2one	NA		22.9
Wdfy1	ENSMUSG00000073643	WDFY1	one2one	NA		22.9
Wdfy2	ENSMUSG00000014547	WDFY2	one2one	NA		22.9
Wdfy3	ENSMUSG00000043940	WDFY3	one2one	NA		22.9
Wdfy4	ENSMUSG00000051506	WDFY4	one2one	NA		22.9
Wdhd1	ENSMUSG00000037572	WDHD1	one2one	NA		22.9
Wdpcp	ENSMUSG00000020319	WDPCP	one2one	NA		22.9
Wdr1	ENSMUSG00000005103	WDR1	one2one	NA		22.9
Wdr11	ENSMUSG00000042055	WDR11	one2one	NA		22.9
Wdr12	ENSMUSG00000026019	WDR12	one2one	NA		22.9
Wdr13	ENSMUSG00000031166	WDR13	one2one	NA		22.9
Wdr18	ENSMUSG00000035754	WDR18	one2one	NA		22.9
Wdr19	ENSMUSG00000037890	WDR19	one2one	NA		22.9
Wdr20	ENSMUSG00000037957	WDR20	one2one	NA		22.9
Wdr24	ENSMUSG00000025737	WDR24	one2one	NA		22.9
Wdr25	ENSMUSG00000040877	WDR25	one2one	NA		22.9
Wdr26	ENSMUSG00000038733	WDR26	one2one	NA		22.9
Wdr27	ENSMUSG00000046991	WDR27	one2one	NA		22.9
Wdr3	ENSMUSG00000033285	WDR3	one2one	NA		22.9
Wdr31	ENSMUSG00000028391	WDR31	one2one	NA		22.9
Wdr33	ENSMUSG00000024400	WDR33	one2one	NA		22.9
Wdr34	ENSMUSG00000039715	DYNC2I2	one2one	Dync2i2	org.Mm.eg.db	22.9
Wdr35	ENSMUSG00000066643	WDR35	one2one	NA		22.9
Wdr36	ENSMUSG00000038299	WDR36	one2one	NA		22.9
Wdr37	ENSMUSG00000021147	WDR37	one2one	NA		22.9
Wdr38	ENSMUSG00000035295	WDR38	one2one	NA		22.9
Wdr4	ENSMUSG00000024037	WDR4	one2one	NA		22.9
Wdr41	ENSMUSG00000042015	WDR41	one2one	NA		22.9
Wdr43	ENSMUSG00000041057	WDR43	one2one	NA		22.9
Wdr44	ENSMUSG00000036769	WDR44	one2one	NA		22.9
Wdr45	ENSMUSG00000039382	WDR45	one2one	NA		22.9
Wdr45b	ENSMUSG00000025173	WDR45B	one2one	NA		22.9
Wdr46	ENSMUSG00000024312	WDR46	one2one	NA		22.9
Wdr47	ENSMUSG00000040389	WDR47	one2one	NA		22.9
Wdr48	ENSMUSG00000032512	WDR48	one2one	NA		22.9
Wdr5	ENSMUSG00000026917	WDR5	one2one	NA		22.9
Wdr53	ENSMUSG00000022787	WDR53	one2one	NA		22.9
Wdr54	ENSMUSG00000030032	WDR54	one2one	NA		22.9
Wdr55	ENSMUSG00000042660	WDR55	one2one	NA		22.9
Wdr59	ENSMUSG00000031959	WDR59	one2one	NA		22.9
Wdr5b	ENSMUSG00000034379	WDR5B	one2one	NA		22.9
Wdr6	ENSMUSG00000066357	WDR6	one2one	NA		22.9
Wdr60	ENSMUSG00000042050	DYNC2I1	one2one	Dync2i1	org.Mm.eg.db	22.9
Wdr61	ENSMUSG00000061559	SKIC8	one2one	NA		22.9
Wdr62	ENSMUSG00000037020	WDR62	one2one	NA		22.9
Wdr63	ENSMUSG00000043020	DNAI3	one2one	Dnai3	org.Mm.eg.db	22.9
Wdr66	ENSMUSG00000029442	CFAP251	one2one	NA		22.9
Wdr7	ENSMUSG00000040560	WDR7	one2one	NA		22.9
Wdr70	ENSMUSG00000039828	WDR70	one2one	NA		22.9
Wdr73	ENSMUSG00000025722	WDR73	one2one	NA		22.9
Wdr74	ENSMUSG00000042729	WDR74	one2one	NA		22.9
Wdr75	ENSMUSG00000025995	WDR75	one2one	NA		22.9
Wdr76	ENSMUSG00000027242	WDR76	one2one	NA		22.9
Wdr77	ENSMUSG00000000561	WDR77	one2one	NA		22.9
Wdr78	ENSMUSG00000035126	DNAI4	one2one	Dnai4	org.Mm.eg.db	22.9
Wdr81	ENSMUSG00000045374	WDR81	one2one	NA		22.9
Wdr82	ENSMUSG00000020257	WDR82	one2one	NA		22.9
Wdr83	ENSMUSG00000005150	WDR83	one2one	NA		22.9
Wdr83os	ENSMUSG00000059355	WDR83OS	one2one	NA		22.9
Wdr86	ENSMUSG00000055235	WDR86	one2one	NA		22.9
Wdr89	ENSMUSG00000045690	WDR89	one2one	NA		22.9
Wdr90	ENSMUSG00000073434	WDR90	one2one	NA		22.9
Wdr91	ENSMUSG00000058486	WDR91	one2one	NA		22.9
Wdr92	ENSMUSG00000078970	DNAAF10	one2one	Dnaaf10	org.Mm.eg.db	22.9
Wdr93	ENSMUSG00000039099	WDR93	one2one	NA		22.9
Wdsub1	ENSMUSG00000026988	WDSUB1	one2one	NA		22.9
Wdtc1	ENSMUSG00000037622	WDTC1	one2one	NA		22.9
Wdyhv1	ENSMUSG00000022359	NTAQ1	one2one	NA		22.9
Wee1	ENSMUSG00000031016	WEE1	one2one	NA		22.9
Wee2	ENSMUSG00000037159	WEE2	one2one	NA		22.9
Wfikkn1	ENSMUSG00000071192	WFIKKN1	one2one	NA		22.9
Wfikkn2	ENSMUSG00000044177	WFIKKN2	one2one	NA		22.9
Wfs1	ENSMUSG00000039474	WFS1	one2one	NA		22.9
Whamm	ENSMUSG00000045795	WHAMM	one2one	NA		22.9
Whrn	ENSMUSG00000039137	WHRN	one2one	NA		22.9
Wipf1	ENSMUSG00000075284	WIPF1	one2one	NA		22.9
Wipf2	ENSMUSG00000038013	WIPF2	one2one	NA		22.9
Wipi1	ENSMUSG00000041895	WIPI1	one2one	NA		22.9
Wipi2	ENSMUSG00000029578	WIPI2	one2one	NA		22.9
Wiz	ENSMUSG00000024050	WIZ	one2one	NA		22.9
Wls	ENSMUSG00000028173	WLS	one2one	NA		22.9
Wnk1	ENSMUSG00000045962	WNK1	one2one	NA		22.9
Wnk2	ENSMUSG00000037989	WNK2	one2one	NA		22.9
Wnk3	ENSMUSG00000041245	WNK3	one2one	NA		22.9
Wnk4	ENSMUSG00000035112	WNK4	one2one	NA		22.9
Wnt10b	ENSMUSG00000022996	WNT10B	one2one	NA		22.9
Wnt11	ENSMUSG00000015957	WNT11	one2one	NA		22.9
Wnt16	ENSMUSG00000029671	WNT16	one2one	NA		22.9
Wnt2b	ENSMUSG00000027840	WNT2B	one2one	NA		22.9
Wnt3	ENSMUSG00000000125	WNT3	one2one	NA		22.9
Wnt5b	ENSMUSG00000030170	WNT5B	one2one	NA		22.9
Wnt9b	ENSMUSG00000018486	WNT9B	one2one	NA		22.9
Wrap53	ENSMUSG00000041346	WRAP53	one2one	NA		22.9
Wrap73	ENSMUSG00000029029	WRAP73	one2one	NA		22.9
Wrn	ENSMUSG00000031583	WRN	one2one	NA		22.9
Wrnip1	ENSMUSG00000021400	WRNIP1	one2one	NA		22.9
Wsb1	ENSMUSG00000017677	WSB1	one2one	NA		22.9
Wsb2	ENSMUSG00000029364	WSB2	one2one	NA		22.9
Wscd2	ENSMUSG00000063430	WSCD2	one2one	NA		22.9
Wtap	ENSMUSG00000060475	WTAP	one2one	NA		22.9
Wtip	ENSMUSG00000036459	WTIP	one2one	NA		22.9
Wwc1	ENSMUSG00000018849	WWC1	one2one	NA		22.9
Wwc2	ENSMUSG00000031563	WWC2	one2one	NA		22.9
Wwox	ENSMUSG00000004637	WWOX	one2one	NA		22.9
Wwp1	ENSMUSG00000041058	WWP1	one2one	NA		22.9
Wwp2	ENSMUSG00000031930	WWP2	one2one	NA		22.9
Wwtr1	ENSMUSG00000027803	WWTR1	one2one	NA		22.9
Xab2	ENSMUSG00000019470	XAB2	one2one	NA		22.9
Xaf1	ENSMUSG00000040483	XAF1	one2one	NA		22.9
Xbp1	ENSMUSG00000020484	XBP1	one2one	NA		22.9
Xcl1	ENSMUSG00000026573	XCL2	one2one	NA		22.9
Xcr1	ENSMUSG00000060509	XCR1	one2one	NA		22.9
Xdh	ENSMUSG00000024066	XDH	one2one	NA		22.9
Xiap	ENSMUSG00000025860	XIAP	one2one	NA		22.9
Xirp1	ENSMUSG00000079243	XIRP1	one2one	NA		22.9
Xk	ENSMUSG00000015342	XK	one2one	NA		22.9
Xkr5	ENSMUSG00000039814	XKR5	one2one	NA		22.9
Xkr6	ENSMUSG00000035067	XKR6	one2one	NA		22.9
Xkr8	ENSMUSG00000037752	XKR8	one2one	NA		22.9
Xkrx	ENSMUSG00000031258	XKRX	one2one	NA		22.9
Xlr	ENSMUSG00000054626	SYCP3	many2one	NA		22.9
Xlr3a	ENSMUSG00000057836	FAM9B	one2many	NA		22.9
Xlr3a	ENSMUSG00000057836	FAM9C	one2many	NA		22.9
Xlr4b	ENSMUSG00000067768	FAM9B	one2many	NA		22.9
Xlr4b	ENSMUSG00000067768	FAM9C	one2many	NA		22.9
Xpa	ENSMUSG00000028329	XPA	one2one	NA		22.9
Xpc	ENSMUSG00000030094	XPC	one2one	NA		22.9
Xpnpep1	ENSMUSG00000025027	XPNPEP1	one2one	NA		22.9
Xpnpep2	ENSMUSG00000037005	XPNPEP2	one2one	NA		22.9
Xpnpep3	ENSMUSG00000022401	XPNPEP3	one2one	NA		22.9
Xpo1	ENSMUSG00000020290	XPO1	one2one	NA		22.9
Xpo4	ENSMUSG00000021952	XPO4	one2one	NA		22.9
Xpo5	ENSMUSG00000067150	XPO5	one2one	NA		22.9
Xpo6	ENSMUSG00000000131	XPO6	one2one	NA		22.9
Xpo7	ENSMUSG00000022100	XPO7	one2one	NA		22.9
Xpot	ENSMUSG00000034667	XPOT	one2one	NA		22.9
Xpr1	ENSMUSG00000026469	XPR1	one2one	NA		22.9
Xrcc1	ENSMUSG00000051768	XRCC1	one2one	NA		22.9
Xrcc2	ENSMUSG00000028933	XRCC2	one2one	NA		22.9
Xrcc3	ENSMUSG00000021287	XRCC3	one2one	NA		22.9
Xrcc4	ENSMUSG00000021615	XRCC4	one2one	NA		22.9
Xrcc5	ENSMUSG00000026187	XRCC5	one2one	NA		22.9
Xrcc6	ENSMUSG00000022471	XRCC6	one2one	NA		22.9
Xrn1	ENSMUSG00000032410	XRN1	one2one	NA		22.9
Xrn2	ENSMUSG00000027433	XRN2	one2one	NA		22.9
Xrra1	ENSMUSG00000035211	XRRA1	one2one	NA		22.9
Xxylt1	ENSMUSG00000047434	XXYLT1	one2one	NA		22.9
Xylb	ENSMUSG00000035769	XYLB	one2one	NA		22.9
Xylt1	ENSMUSG00000030657	XYLT1	one2one	NA		22.9
Xylt2	ENSMUSG00000020868	XYLT2	one2one	NA		22.9
Yae1d1	ENSMUSG00000075054	YAE1	one2one	NA		22.9
Yaf2	ENSMUSG00000022634	YAF2	one2one	NA		22.9
Yap1	ENSMUSG00000053110	YAP1	one2one	NA		22.9
Yars	ENSMUSG00000028811	YARS1	one2one	NA		22.9
Yars2	ENSMUSG00000022792	YARS2	one2one	NA		22.9
Ybey	ENSMUSG00000033126	YBEY	one2one	NA		22.9
Ybx1	ENSMUSG00000028639	YBX1	one2one	NA		22.9
Ybx2	ENSMUSG00000018554	YBX2	one2one	NA		22.9
Ybx3	ENSMUSG00000030189	YBX3	one2one	NA		22.9
Ydjc	ENSMUSG00000041774	YDJC	one2one	NA		22.9
Yeats2	ENSMUSG00000041215	YEATS2	one2one	NA		22.9
Yeats4	ENSMUSG00000020171	YEATS4	one2one	NA		22.9
Yes1	ENSMUSG00000014932	YES1	one2one	NA		22.9
Yif1a	ENSMUSG00000024875	YIF1A	one2one	NA		22.9
Yif1b	ENSMUSG00000030588	YIF1B	one2one	NA		22.9
Yipf1	ENSMUSG00000057375	YIPF1	one2one	NA		22.9
Yipf2	ENSMUSG00000032182	YIPF2	one2one	NA		22.9
Yipf3	ENSMUSG00000071074	YIPF3	one2one	NA		22.9
Yipf4	ENSMUSG00000024072	YIPF4	one2one	NA		22.9
Yipf5	ENSMUSG00000024487	YIPF5	one2one	NA		22.9
Yipf6	ENSMUSG00000047694	YIPF6	one2one	NA		22.9
Yjefn3	ENSMUSG00000048967	YJEFN3	one2one	NA		22.9
Yju2	ENSMUSG00000003208	YJU2	one2one	NA		22.9
Ykt6	ENSMUSG00000002741	YKT6	one2one	NA		22.9
Ylpm1	ENSMUSG00000021244	YLPM1	one2one	NA		22.9
Yme1l1	ENSMUSG00000026775	YME1L1	one2one	NA		22.9
Yod1	ENSMUSG00000046404	YOD1	one2one	NA		22.9
Ypel1	ENSMUSG00000022773	YPEL1	one2one	NA		22.9
Ypel2	ENSMUSG00000018427	YPEL2	one2one	NA		22.9
Ypel3	ENSMUSG00000042675	YPEL3	one2one	NA		22.9
Ypel4	ENSMUSG00000034059	YPEL4	one2one	NA		22.9
Ypel5	ENSMUSG00000039770	YPEL5	one2one	NA		22.9
Yrdc	ENSMUSG00000028889	YRDC	one2one	NA		22.9
Ythdc1	ENSMUSG00000035851	YTHDC1	one2one	NA		22.9
Ythdc2	ENSMUSG00000034653	YTHDC2	one2one	NA		22.9
Ythdf1	ENSMUSG00000038848	YTHDF1	one2one	NA		22.9
Ythdf2	ENSMUSG00000040025	YTHDF2	one2one	NA		22.9
Ythdf3	ENSMUSG00000047213	YTHDF3	one2one	NA		22.9
Ywhab	ENSMUSG00000018326	YWHAB	one2one	NA		22.9
Ywhae	ENSMUSG00000020849	YWHAE	one2one	NA		22.9
Ywhag	ENSMUSG00000051391	YWHAG	one2one	NA		22.9
Ywhah	ENSMUSG00000018965	YWHAH	one2one	NA		22.9
Ywhaq	ENSMUSG00000076432	YWHAQ	one2one	NA		22.9
Ywhaz	ENSMUSG00000022285	YWHAZ	one2one	NA		22.9
Yy1	ENSMUSG00000021264	YY1	one2one	NA		22.9
Zadh2	ENSMUSG00000049090	PTGR3	one2one	NA		22.9
Zan	ENSMUSG00000079173	ZAN	one2one	NA		22.9
Zap70	ENSMUSG00000026117	ZAP70	one2one	NA		22.9
Zbed3	ENSMUSG00000041995	ZBED3	one2one	NA		22.9
Zbed4	ENSMUSG00000034333	ZBED4	one2one	NA		22.9
Zbp1	ENSMUSG00000027514	ZBP1	one2one	NA		22.9
Zbtb1	ENSMUSG00000033454	ZBTB1	one2one	NA		22.9
Zbtb10	ENSMUSG00000069114	ZBTB10	one2one	NA		22.9
Zbtb11	ENSMUSG00000022601	ZBTB11	one2one	NA		22.9
Zbtb12	ENSMUSG00000049823	ZBTB12	one2one	NA		22.9
Zbtb14	ENSMUSG00000049672	ZBTB14	one2one	NA		22.9
Zbtb16	ENSMUSG00000066687	ZBTB16	one2one	NA		22.9
Zbtb17	ENSMUSG00000006215	ZBTB17	one2one	NA		22.9
Zbtb18	ENSMUSG00000063659	ZBTB18	one2one	NA		22.9
Zbtb2	ENSMUSG00000075327	ZBTB2	one2one	NA		22.9
Zbtb20	ENSMUSG00000022708	ZBTB20	one2one	NA		22.9
Zbtb21	ENSMUSG00000046962	ZBTB21	one2one	NA		22.9
Zbtb22	ENSMUSG00000051390	ZBTB22	one2one	NA		22.9
Zbtb24	ENSMUSG00000019826	ZBTB24	one2one	NA		22.9
Zbtb25	ENSMUSG00000056459	ZBTB25	one2one	NA		22.9
Zbtb26	ENSMUSG00000050714	ZBTB26	one2one	NA		22.9
Zbtb3	ENSMUSG00000071661	ZBTB3	one2one	NA		22.9
Zbtb32	ENSMUSG00000006310	ZBTB32	one2one	NA		22.9
Zbtb33	ENSMUSG00000048047	ZBTB33	one2one	NA		22.9
Zbtb34	ENSMUSG00000068966	ZBTB34	one2one	NA		22.9
Zbtb37	ENSMUSG00000043467	ZBTB37	one2one	NA		22.9
Zbtb38	ENSMUSG00000040433	ZBTB38	one2one	NA		22.9
Zbtb39	ENSMUSG00000044617	ZBTB39	one2one	NA		22.9
Zbtb4	ENSMUSG00000018750	ZBTB4	one2one	NA		22.9
Zbtb40	ENSMUSG00000060862	ZBTB40	one2one	NA		22.9
Zbtb41	ENSMUSG00000033964	ZBTB41	one2one	NA		22.9
Zbtb42	ENSMUSG00000037638	ZBTB42	one2one	NA		22.9
Zbtb43	ENSMUSG00000026788	ZBTB43	one2one	NA		22.9
Zbtb44	ENSMUSG00000047412	ZBTB44	one2one	NA		22.9
Zbtb45	ENSMUSG00000049600	ZBTB45	one2one	NA		22.9
Zbtb46	ENSMUSG00000027583	ZBTB46	one2one	NA		22.9
Zbtb48	ENSMUSG00000028952	ZBTB48	one2one	NA		22.9
Zbtb49	ENSMUSG00000029127	ZBTB49	one2one	NA		22.9
Zbtb5	ENSMUSG00000049657	ZBTB5	one2one	NA		22.9
Zbtb6	ENSMUSG00000066798	ZBTB6	one2one	NA		22.9
Zbtb7a	ENSMUSG00000035011	ZBTB7A	one2one	NA		22.9
Zbtb7b	ENSMUSG00000028042	ZBTB7B	one2one	NA		22.9
Zbtb7c	ENSMUSG00000044646	ZBTB7C	one2one	NA		22.9
Zbtb8a	ENSMUSG00000028807	ZBTB8A	one2one	NA		22.9
Zbtb8os	ENSMUSG00000057572	ZBTB8OS	one2one	NA		22.9
Zc2hc1a	ENSMUSG00000043542	ZC2HC1A	one2one	NA		22.9
Zc2hc1c	ENSMUSG00000045064	ZC2HC1C	one2one	NA		22.9
Zc3h10	ENSMUSG00000039810	ZC3H10	one2one	NA		22.9
Zc3h11a	ENSMUSG00000102976	ZC3H11A	one2one	NA		22.9
Zc3h12a	ENSMUSG00000042677	ZC3H12A	one2one	NA		22.9
Zc3h12b	ENSMUSG00000035045	ZC3H12B	one2one	NA		22.9
Zc3h12c	ENSMUSG00000035164	ZC3H12C	one2one	NA		22.9
Zc3h12d	ENSMUSG00000039981	ZC3H12D	one2one	NA		22.9
Zc3h13	ENSMUSG00000022000	ZC3H13	one2one	NA		22.9
Zc3h14	ENSMUSG00000021012	ZC3H14	one2one	NA		22.9
Zc3h15	ENSMUSG00000027091	ZC3H15	one2one	NA		22.9
Zc3h18	ENSMUSG00000017478	ZC3H18	one2one	NA		22.9
Zc3h3	ENSMUSG00000075600	ZC3H3	one2one	NA		22.9
Zc3h4	ENSMUSG00000059273	ZC3H4	one2one	NA		22.9
Zc3h6	ENSMUSG00000042851	ZC3H6	one2one	NA		22.9
Zc3h7a	ENSMUSG00000037965	ZC3H7A	one2one	NA		22.9
Zc3h7b	ENSMUSG00000022390	ZC3H7B	one2one	NA		22.9
Zc3h8	ENSMUSG00000027387	ZC3H8	one2one	NA		22.9
Zc3hav1	ENSMUSG00000029826	ZC3HAV1	one2one	NA		22.9
Zc3hav1l	ENSMUSG00000047749	ZC3HAV1L	one2one	NA		22.9
Zc3hc1	ENSMUSG00000039130	ZC3HC1	one2one	NA		22.9
Zc4h2	ENSMUSG00000035062	ZC4H2	one2one	NA		22.9
Zcchc10	ENSMUSG00000018239	ZCCHC10	one2one	NA		22.9
Zcchc14	ENSMUSG00000061410	ZCCHC14	one2one	NA		22.9
Zcchc17	ENSMUSG00000028772	ZCCHC17	one2one	NA		22.9
Zcchc18	ENSMUSG00000031428	ZCCHC18	one2one	NA		22.9
Zcchc2	ENSMUSG00000038866	ZCCHC2	one2one	NA		22.9
Zcchc24	ENSMUSG00000055538	ZCCHC24	one2one	NA		22.9
Zcchc3	ENSMUSG00000074682	ZCCHC3	one2one	NA		22.9
Zcchc4	ENSMUSG00000029179	ZCCHC4	one2one	NA		22.9
Zcchc7	ENSMUSG00000035649	ZCCHC7	one2one	NA		22.9
Zcchc8	ENSMUSG00000029427	ZCCHC8	one2one	NA		22.9
Zcchc9	ENSMUSG00000021621	ZCCHC9	one2one	NA		22.9
Zcrb1	ENSMUSG00000022635	ZCRB1	one2one	NA		22.9
Zcwpw1	ENSMUSG00000037108	ZCWPW1	one2one	NA		22.9
Zdbf2	ENSMUSG00000027520	ZDBF2	one2one	NA		22.9
Zdhhc1	ENSMUSG00000039199	ZDHHC1	one2one	NA		22.9
Zdhhc12	ENSMUSG00000015335	ZDHHC12	one2one	NA		22.9
Zdhhc13	ENSMUSG00000030471	ZDHHC13	one2one	NA		22.9
Zdhhc14	ENSMUSG00000034265	ZDHHC14	one2one	NA		22.9
Zdhhc15	ENSMUSG00000033906	ZDHHC15	one2one	NA		22.9
Zdhhc16	ENSMUSG00000025157	ZDHHC16	one2one	NA		22.9
Zdhhc17	ENSMUSG00000035798	ZDHHC17	one2one	NA		22.9
Zdhhc18	ENSMUSG00000037553	ZDHHC18	one2one	NA		22.9
Zdhhc2	ENSMUSG00000039470	ZDHHC2	one2one	NA		22.9
Zdhhc20	ENSMUSG00000021969	ZDHHC20	one2one	NA		22.9
Zdhhc21	ENSMUSG00000028403	ZDHHC21	one2one	NA		22.9
Zdhhc23	ENSMUSG00000036304	ZDHHC23	one2one	NA		22.9
Zdhhc24	ENSMUSG00000006463	ZDHHC24	one2one	NA		22.9
Zdhhc3	ENSMUSG00000025786	ZDHHC3	one2one	NA		22.9
Zdhhc4	ENSMUSG00000001844	ZDHHC4	one2one	NA		22.9
Zdhhc5	ENSMUSG00000034075	ZDHHC5	one2one	NA		22.9
Zdhhc6	ENSMUSG00000024982	ZDHHC6	one2one	NA		22.9
Zdhhc7	ENSMUSG00000031823	ZDHHC7	one2one	NA		22.9
Zdhhc8	ENSMUSG00000060166	ZDHHC8	one2one	NA		22.9
Zdhhc9	ENSMUSG00000036985	ZDHHC9	one2one	NA		22.9
Zeb1	ENSMUSG00000024238	ZEB1	one2one	NA		22.9
Zeb2	ENSMUSG00000026872	ZEB2	one2one	NA		22.9
Zer1	ENSMUSG00000039686	ZER1	one2one	NA		22.9
Zfand1	ENSMUSG00000039795	ZFAND1	one2one	NA		22.9
Zfand2a	ENSMUSG00000053581	ZFAND2A	one2one	NA		22.9
Zfand2b	ENSMUSG00000026197	ZFAND2B	one2one	NA		22.9
Zfand3	ENSMUSG00000044477	ZFAND3	one2one	NA		22.9
Zfand4	ENSMUSG00000042213	ZFAND4	one2one	NA		22.9
Zfand5	ENSMUSG00000024750	ZFAND5	one2one	NA		22.9
Zfand6	ENSMUSG00000030629	ZFAND6	one2one	NA		22.9
Zfat	ENSMUSG00000022335	ZFAT	one2one	NA		22.9
Zfc3h1	ENSMUSG00000034163	ZFC3H1	one2one	NA		22.9
Zfhx2	ENSMUSG00000040721	ZFHX2	one2one	NA		22.9
Zfhx3	ENSMUSG00000038872	ZFHX3	one2one	NA		22.9
Zfp1	ENSMUSG00000055835	ZFP1	one2one	NA		22.9
Zfp105	ENSMUSG00000057895	ZNF35	one2one	NA		22.9
Zfp106	ENSMUSG00000027288	ZNF106	one2one	NA		22.9
Zfp108	ENSMUSG00000030486	ZNF235	many2one	NA		22.9
Zfp109	ENSMUSG00000074283	ZNF235	many2one	NA		22.9
Zfp110	ENSMUSG00000058638	ZNF274	many2one	NA		22.9
Zfp111	ENSMUSG00000087598	ZNF235	many2one	NA		22.9
Zfp112	ENSMUSG00000052675	ZNF112	one2one	NA		22.9
Zfp113	ENSMUSG00000037007	ZNF3	one2one	NA		22.9
Zfp114	ENSMUSG00000068962	ZNF235	many2one	NA		22.9
Zfp12	ENSMUSG00000029587	ZNF12	one2one	NA		22.9
Zfp128	ENSMUSG00000060397	ZNF8	one2one	NA		22.9
Zfp131	ENSMUSG00000094870	ZNF131	one2one	NA		22.9
Zfp14	ENSMUSG00000053985	ZFP14	one2one	NA		22.9
Zfp142	ENSMUSG00000026135	ZNF142	one2one	NA		22.9
Zfp143	ENSMUSG00000061079	ZNF143	one2one	NA		22.9
Zfp146	ENSMUSG00000037029	ZNF146	one2one	NA		22.9
Zfp148	ENSMUSG00000022811	ZNF148	one2one	NA		22.9
Zfp160	ENSMUSG00000067942	ZNF665	one2one	NA		22.9
Zfp169	ENSMUSG00000050954	ZNF169	one2one	NA		22.9
Zfp174	ENSMUSG00000054939	ZNF174	one2one	NA		22.9
Zfp180	ENSMUSG00000057101	ZNF180	one2one	NA		22.9
Zfp182	ENSMUSG00000054737	ZNF182	one2one	NA		22.9
Zfp184	ENSMUSG00000006720	ZNF184	one2one	NA		22.9
Zfp189	ENSMUSG00000039634	ZNF189	one2one	NA		22.9
Zfp2	ENSMUSG00000049321	ZFP2	one2one	NA		22.9
Zfp202	ENSMUSG00000025602	ZNF202	one2one	NA		22.9
Zfp207	ENSMUSG00000017421	ZNF207	one2one	NA		22.9
Zfp212	ENSMUSG00000052763	ZNF212	one2one	NA		22.9
Zfp213	ENSMUSG00000071256	ZNF213	one2one	NA		22.9
Zfp217	ENSMUSG00000052056	ZNF217	one2one	NA		22.9
Zfp219	ENSMUSG00000049295	ZNF219	one2one	NA		22.9
Zfp235	ENSMUSG00000047603	ZNF235	many2one	NA		22.9
Zfp236	ENSMUSG00000041258	ZNF236	one2one	NA		22.9
Zfp239	ENSMUSG00000042097	ZNF239	one2one	NA		22.9
Zfp24	ENSMUSG00000051469	ZNF24	one2one	NA		22.9
Zfp248	ENSMUSG00000030145	ZNF248	one2one	NA		22.9
Zfp251	ENSMUSG00000022526	ZNF251	one2one	NA		22.9
Zfp26	ENSMUSG00000063108	ZNF778	many2one	NA		22.9
Zfp260	ENSMUSG00000049421	ZNF260	one2one	NA		22.9
Zfp263	ENSMUSG00000022529	ZNF263	one2one	NA		22.9
Zfp266	ENSMUSG00000060510	ZNF562	one2one	NA		22.9
Zfp27	ENSMUSG00000062040	ZNF585A	one2many	NA		22.9
Zfp27	ENSMUSG00000062040	ZNF585B	one2many	NA		22.9
Zfp275	ENSMUSG00000031365	ZNF275	one2one	NA		22.9
Zfp276	ENSMUSG00000001065	ZNF276	one2one	NA		22.9
Zfp277	ENSMUSG00000055917	ZNF277	one2one	NA		22.9
Zfp28	ENSMUSG00000062861	ZFP28	one2one	NA		22.9
Zfp280b	ENSMUSG00000049764	ZNF280B	one2one	NA		22.9
Zfp280c	ENSMUSG00000036916	ZNF280C	one2one	NA		22.9
Zfp280d	ENSMUSG00000038535	ZNF280D	one2one	NA		22.9
Zfp281	ENSMUSG00000041483	ZNF281	one2one	NA		22.9
Zfp282	ENSMUSG00000025821	ZNF282	one2one	NA		22.9
Zfp286	ENSMUSG00000047342	ZNF286A	one2one	NA		22.9
Zfp287	ENSMUSG00000005267	ZNF287	one2one	NA		22.9
Zfp292	ENSMUSG00000039967	ZNF292	one2one	NA		22.9
Zfp296	ENSMUSG00000011267	ZNF296	one2one	NA		22.9
Zfp3	ENSMUSG00000043602	ZFP3	one2one	NA		22.9
Zfp30	ENSMUSG00000047473	ZFP30	one2one	NA		22.9
Zfp316	ENSMUSG00000046658	ZNF316	one2one	NA		22.9
Zfp317	ENSMUSG00000057551	ZNF317	one2one	NA		22.9
Zfp318	ENSMUSG00000015597	ZNF318	one2one	NA		22.9
Zfp319	ENSMUSG00000046556	ZNF319	one2one	NA		22.9
Zfp322a	ENSMUSG00000046351	ZNF322	one2one	NA		22.9
Zfp324	ENSMUSG00000004500	ZNF324	one2one	NA		22.9
Zfp326	ENSMUSG00000029290	ZNF326	one2one	NA		22.9
Zfp329	ENSMUSG00000057894	ZNF329	one2one	NA		22.9
Zfp330	ENSMUSG00000031711	ZNF330	one2one	NA		22.9
Zfp334	ENSMUSG00000017667	ZNF334	one2one	NA		22.9
Zfp335	ENSMUSG00000039834	ZNF335	one2one	NA		22.9
Zfp341	ENSMUSG00000059842	ZNF341	one2one	NA		22.9
Zfp346	ENSMUSG00000021481	ZNF346	one2one	NA		22.9
Zfp354c	ENSMUSG00000044807	ZNF354C	one2one	NA		22.9
Zfp358	ENSMUSG00000047264	ZNF358	one2one	NA		22.9
Zfp36	ENSMUSG00000044786	ZFP36	one2one	NA		22.9
Zfp362	ENSMUSG00000028799	ZNF362	one2one	NA		22.9
Zfp365	ENSMUSG00000037855	ZNF365	one2one	NA		22.9
Zfp366	ENSMUSG00000050919	ZNF366	one2one	NA		22.9
Zfp367	ENSMUSG00000044934	ZNF367	one2one	NA		22.9
Zfp369	ENSMUSG00000021514	ZNF274	many2one	NA		22.9
Zfp36l1	ENSMUSG00000021127	ZFP36L1	one2one	NA		22.9
Zfp36l2	ENSMUSG00000045817	ZFP36L2	one2one	NA		22.9
Zfp382	ENSMUSG00000074220	ZNF382	one2one	NA		22.9
Zfp383	ENSMUSG00000099689	ZNF383	one2one	NA		22.9
Zfp384	ENSMUSG00000038346	ZNF384	one2one	NA		22.9
Zfp385a	ENSMUSG00000000552	ZNF385A	one2one	NA		22.9
Zfp39	ENSMUSG00000037001	ZNF717	one2one	NA		22.9
Zfp395	ENSMUSG00000034522	ZNF395	one2one	NA		22.9
Zfp397	ENSMUSG00000024276	ZNF397	one2one	NA		22.9
Zfp398	ENSMUSG00000062519	ZNF398	one2one	NA		22.9
Zfp407	ENSMUSG00000048410	ZNF407	one2one	NA		22.9
Zfp408	ENSMUSG00000075040	ZNF408	one2one	NA		22.9
Zfp41	ENSMUSG00000047003	ZFP41	one2one	NA		22.9
Zfp410	ENSMUSG00000042472	ZNF410	one2one	NA		22.9
Zfp414	ENSMUSG00000073423	ZNF414	one2one	NA		22.9
Zfp418	ENSMUSG00000034538	ZNF416	one2one	NA		22.9
Zfp420	ENSMUSG00000058402	ZNF420	one2one	NA		22.9
Zfp422	ENSMUSG00000059878	ZNF22	one2one	NA		22.9
Zfp426	ENSMUSG00000059475	ZNF426	one2one	NA		22.9
Zfp428	ENSMUSG00000064264	ZNF428	one2one	NA		22.9
Zfp433	ENSMUSG00000096795	ZNF433	many2one	NA		22.9
Zfp438	ENSMUSG00000050945	ZNF438	one2one	NA		22.9
Zfp444	ENSMUSG00000044876	ZNF444	one2one	NA		22.9
Zfp445	ENSMUSG00000047036	ZNF445	one2one	NA		22.9
Zfp446	ENSMUSG00000033961	ZNF446	one2one	NA		22.9
Zfp449	ENSMUSG00000073176	ZNF449	one2one	NA		22.9
Zfp451	ENSMUSG00000042197	ZNF451	one2one	NA		22.9
Zfp457	ENSMUSG00000055341	ZNF208	one2many	NA		22.9
Zfp457	ENSMUSG00000055341	ZNF43	one2many	NA		22.9
Zfp457	ENSMUSG00000055341	ZNF681	one2many	NA		22.9
Zfp457	ENSMUSG00000055341	ZNF724	one2many	NA		22.9
Zfp457	ENSMUSG00000055341	ZNF728	one2many	NA		22.9
Zfp457	ENSMUSG00000055341	ZNF729	one2many	NA		22.9
Zfp457	ENSMUSG00000055341	ZNF85	one2many	NA		22.9
Zfp457	ENSMUSG00000055341	ZNF93	one2many	NA		22.9
Zfp457	ENSMUSG00000055341	ZNF99	one2many	NA		22.9
Zfp458	ENSMUSG00000055480	ZNF43	many2one	NA		22.9
Zfp46	ENSMUSG00000051351	ZNF436	one2one	NA		22.9
Zfp462	ENSMUSG00000060206	ZNF462	one2one	NA		22.9
Zfp467	ENSMUSG00000068551	ZNF467	one2one	NA		22.9
Zfp469	ENSMUSG00000043903	ZNF469	one2one	NA		22.9
Zfp473	ENSMUSG00000048012	ZNF473	one2one	NA		22.9
Zfp503	ENSMUSG00000039081	ZNF503	one2one	NA		22.9
Zfp507	ENSMUSG00000044452	ZNF507	one2one	NA		22.9
Zfp511	ENSMUSG00000025470	ZNF511	one2one	NA		22.9
Zfp512	ENSMUSG00000062761	ZNF512	one2one	NA		22.9
Zfp512b	ENSMUSG00000000823	ZNF512B	one2one	NA		22.9
Zfp513	ENSMUSG00000043059	ZNF513	one2one	NA		22.9
Zfp516	ENSMUSG00000058881	ZNF516	one2one	NA		22.9
Zfp518a	ENSMUSG00000049164	ZNF518A	one2one	NA		22.9
Zfp518b	ENSMUSG00000046572	ZNF518B	one2one	NA		22.9
Zfp523	ENSMUSG00000024220	ZNF76	one2one	NA		22.9
Zfp524	ENSMUSG00000051184	ZNF524	one2one	NA		22.9
Zfp526	ENSMUSG00000046541	ZNF526	one2one	NA		22.9
Zfp536	ENSMUSG00000043456	ZNF536	one2one	NA		22.9
Zfp551	ENSMUSG00000034071	ZNF551	one2one	NA		22.9
Zfp553	ENSMUSG00000045598	ZNF48	one2one	NA		22.9
Zfp558	ENSMUSG00000074500	ZNF558	one2one	NA		22.9
Zfp560	ENSMUSG00000045519	ZNF560	one2many	NA		22.9
Zfp560	ENSMUSG00000045519	ZNF778	one2many	NA		22.9
Zfp566	ENSMUSG00000078768	ZNF566	one2one	NA		22.9
Zfp57	ENSMUSG00000036036	ZFP57	one2one	NA		22.9
Zfp574	ENSMUSG00000045252	ZNF574	one2one	NA		22.9
Zfp575	ENSMUSG00000066721	ZNF575	one2one	NA		22.9
Zfp579	ENSMUSG00000051550	ZNF579	one2one	NA		22.9
Zfp58	ENSMUSG00000071291	ZNF429	many2one	NA		22.9
Zfp580	ENSMUSG00000055633	ZNF580	one2one	NA		22.9
Zfp583	ENSMUSG00000030443	ZNF583	one2one	NA		22.9
Zfp59	ENSMUSG00000078779	ZNF780A	many2one	NA		22.9
Zfp592	ENSMUSG00000005621	ZNF592	one2one	NA		22.9
Zfp593	ENSMUSG00000028840	ZNF593	one2one	NA		22.9
Zfp595	ENSMUSG00000057842	ZNF724	one2many	NA		22.9
Zfp595	ENSMUSG00000057842	ZNF85	one2many	NA		22.9
Zfp597	ENSMUSG00000039789	ZNF597	one2one	NA		22.9
Zfp598	ENSMUSG00000041130	ZNF598	one2one	NA		22.9
Zfp60	ENSMUSG00000037640	ZNF780A	many2one	NA		22.9
Zfp605	ENSMUSG00000023284	ZNF605	one2one	NA		22.9
Zfp606	ENSMUSG00000030386	ZNF606	one2one	NA		22.9
Zfp607a	ENSMUSG00000020420	ZNF780A	many2one	NA		22.9
Zfp607b	ENSMUSG00000057093	ZNF780A	many2one	NA		22.9
Zfp608	ENSMUSG00000052713	ZNF608	one2one	NA		22.9
Zfp609	ENSMUSG00000040524	ZNF609	one2one	NA		22.9
Zfp61	ENSMUSG00000050605	ZNF226	one2one	NA		22.9
Zfp612	ENSMUSG00000044676	ZNF23	one2one	NA		22.9
Zfp617	ENSMUSG00000066880	ZNF44	one2many	NA		22.9
Zfp617	ENSMUSG00000066880	ZNF442	one2many	NA		22.9
Zfp617	ENSMUSG00000066880	ZNF563	one2many	NA		22.9
Zfp617	ENSMUSG00000066880	ZNF799	one2many	NA		22.9
Zfp617	ENSMUSG00000066880	ZNF823	one2many	NA		22.9
Zfp617	ENSMUSG00000066880	ZNF878	one2many	NA		22.9
Zfp618	ENSMUSG00000028358	ZNF618	one2one	NA		22.9
Zfp619	ENSMUSG00000068959	ZNF208	one2many	NA		22.9
Zfp619	ENSMUSG00000068959	ZNF700	one2many	NA		22.9
Zfp619	ENSMUSG00000068959	ZNF850	one2many	NA		22.9
Zfp62	ENSMUSG00000046311	ZFP62	one2one	NA		22.9
Zfp622	ENSMUSG00000052253	ZNF622	one2one	NA		22.9
Zfp623	ENSMUSG00000050846	ZNF623	one2one	NA		22.9
Zfp626	ENSMUSG00000030604	ZNF780A	many2one	NA		22.9
Zfp628	ENSMUSG00000074406	ZNF628	one2one	NA		22.9
Zfp629	ENSMUSG00000045639	ZNF629	one2one	NA		22.9
Zfp637	ENSMUSG00000059689	ZNF32	one2one	NA		22.9
Zfp638	ENSMUSG00000030016	ZNF638	one2one	NA		22.9
Zfp639	ENSMUSG00000027667	ZNF639	one2one	NA		22.9
Zfp64	ENSMUSG00000027551	ZFP64	one2one	NA		22.9
Zfp641	ENSMUSG00000022987	ZNF641	one2one	NA		22.9
Zfp644	ENSMUSG00000049606	ZNF644	one2one	NA		22.9
Zfp646	ENSMUSG00000049739	ZNF646	one2one	NA		22.9
Zfp647	ENSMUSG00000054967	ZNF250	one2one	NA		22.9
Zfp651	ENSMUSG00000013419	ZBTB47	one2one	NA		22.9
Zfp652	ENSMUSG00000075595	ZNF652	one2one	NA		22.9
Zfp653	ENSMUSG00000038895	ZNF653	one2one	NA		22.9
Zfp654	ENSMUSG00000047141	ZNF654	one2one	NA		22.9
Zfp655	ENSMUSG00000007812	ZNF655	one2one	NA		22.9
Zfp661	ENSMUSG00000034800	ZNF2	one2one	NA		22.9
Zfp664	ENSMUSG00000079215	ZNF664	one2one	NA		22.9
Zfp667	ENSMUSG00000054893	ZNF667	one2one	NA		22.9
Zfp668	ENSMUSG00000049728	ZNF668	one2one	NA		22.9
Zfp672	ENSMUSG00000049755	ZNF672	one2one	NA		22.9
Zfp677	ENSMUSG00000062743	ZNF160	one2many	NA		22.9
Zfp677	ENSMUSG00000062743	ZNF28	one2many	NA		22.9
Zfp677	ENSMUSG00000062743	ZNF320	one2many	NA		22.9
Zfp677	ENSMUSG00000062743	ZNF415	one2many	NA		22.9
Zfp677	ENSMUSG00000062743	ZNF611	one2many	NA		22.9
Zfp677	ENSMUSG00000062743	ZNF701	one2many	NA		22.9
Zfp677	ENSMUSG00000062743	ZNF761	one2many	NA		22.9
Zfp677	ENSMUSG00000062743	ZNF765	one2many	NA		22.9
Zfp677	ENSMUSG00000062743	ZNF880	one2many	NA		22.9
Zfp683	ENSMUSG00000049410	ZNF683	one2one	NA		22.9
Zfp687	ENSMUSG00000019338	ZNF687	one2one	NA		22.9
Zfp688	ENSMUSG00000045251	ZNF688	one2one	NA		22.9
Zfp689	ENSMUSG00000048921	ZNF689	one2one	NA		22.9
Zfp69	ENSMUSG00000064141	ZFP69	one2one	NA		22.9
Zfp691	ENSMUSG00000045268	ZNF691	one2one	NA		22.9
Zfp692	ENSMUSG00000037243	ZNF692	one2one	NA		22.9
Zfp7	ENSMUSG00000033669	ZNF7	one2one	NA		22.9
Zfp703	ENSMUSG00000085795	ZNF703	one2one	NA		22.9
Zfp704	ENSMUSG00000040209	ZNF704	one2one	NA		22.9
Zfp706	ENSMUSG00000062397	ZNF706	one2one	NA		22.9
Zfp707	ENSMUSG00000034429	ZNF707	one2one	NA		22.9
Zfp709	ENSMUSG00000056019	ZNF443	many2one	NA		22.9
Zfp710	ENSMUSG00000048897	ZNF710	one2one	NA		22.9
Zfp711	ENSMUSG00000025529	ZNF711	one2one	NA		22.9
Zfp712	ENSMUSG00000090641	ZNF845	many2one	NA		22.9
Zfp729a	ENSMUSG00000021510	ZNF43	many2one	NA		22.9
Zfp729b	ENSMUSG00000058093	ZNF107	one2many	NA		22.9
Zfp729b	ENSMUSG00000058093	ZNF43	one2many	NA		22.9
Zfp729b	ENSMUSG00000058093	ZNF729	one2many	NA		22.9
Zfp729b	ENSMUSG00000058093	ZNF845	one2many	NA		22.9
Zfp729b	ENSMUSG00000058093	ZNF91	one2many	NA		22.9
Zfp738	ENSMUSG00000048280	ZNF43	one2many	NA		22.9
Zfp738	ENSMUSG00000048280	ZNF729	one2many	NA		22.9
Zfp738	ENSMUSG00000048280	ZNF99	one2many	NA		22.9
Zfp74	ENSMUSG00000059975	ZNF569	one2one	NA		22.9
Zfp740	ENSMUSG00000046897	ZNF740	one2one	NA		22.9
Zfp746	ENSMUSG00000057691	ZNF746	one2one	NA		22.9
Zfp747	ENSMUSG00000054381	ZNF764	many2one	NA		22.9
Zfp750	ENSMUSG00000039238	ZNF750	one2one	NA		22.9
Zfp764	ENSMUSG00000045757	ZNF764	many2one	NA		22.9
Zfp768	ENSMUSG00000047371	ZNF768	one2one	NA		22.9
Zfp770	ENSMUSG00000040321	ZNF770	one2one	NA		22.9
Zfp771	ENSMUSG00000054716	ZNF771	one2one	NA		22.9
Zfp772	ENSMUSG00000066838	ZNF773	one2one	NA		22.9
Zfp775	ENSMUSG00000007216	ZNF775	one2one	NA		22.9
Zfp777	ENSMUSG00000071477	ZNF777	one2one	NA		22.9
Zfp78	ENSMUSG00000055150	ZNF471	one2one	NA		22.9
Zfp780b	ENSMUSG00000063047	ZNF780B	one2one	NA		22.9
Zfp786	ENSMUSG00000051499	ZNF786	one2one	NA		22.9
Zfp787	ENSMUSG00000046792	ZNF787	one2one	NA		22.9
Zfp790	ENSMUSG00000011427	ZNF790	one2one	NA		22.9
Zfp799	ENSMUSG00000095253	ZNF799	many2one	NA		22.9
Zfp800	ENSMUSG00000039841	ZNF800	one2one	NA		22.9
Zfp82	ENSMUSG00000098022	ZFP82	one2one	NA		22.9
Zfp821	ENSMUSG00000031728	ZNF821	one2one	NA		22.9
Zfp827	ENSMUSG00000071064	ZNF827	one2one	NA		22.9
Zfp830	ENSMUSG00000046010	ZNF830	one2one	NA		22.9
Zfp831	ENSMUSG00000050600	ZNF831	one2one	NA		22.9
Zfp839	ENSMUSG00000021271	ZNF839	one2one	NA		22.9
Zfp85	ENSMUSG00000058331	ZNF429	many2one	NA		22.9
Zfp850	ENSMUSG00000096916	ZNF780A	many2one	NA		22.9
Zfp865	ENSMUSG00000074405	ZNF865	one2one	NA		22.9
Zfp867	ENSMUSG00000054519	ZNF627	one2one	NA		22.9
Zfp87	ENSMUSG00000097333	ZNF429	many2one	NA		22.9
Zfp873	ENSMUSG00000061371	ZNF700	many2one	NA		22.9
Zfp9	ENSMUSG00000072623	ZNF25	one2one	NA		22.9
Zfp90	ENSMUSG00000031907	ZFP90	one2one	NA		22.9
Zfp91	ENSMUSG00000024695	ZFP91	one2one	NA		22.9
Zfp92	ENSMUSG00000031374	ZFP92	one2one	NA		22.9
Zfp93	ENSMUSG00000055305	ZNF235	many2one	NA		22.9
Zfp94	ENSMUSG00000074282	ZNF45	one2one	NA		22.9
Zfp974	ENSMUSG00000070709	ZNF780A	many2one	NA		22.9
Zfp976	ENSMUSG00000074158	ZNF14	many2one	NA		22.9
Zfp984	ENSMUSG00000078495	ZNF415	one2many	NA		22.9
Zfp984	ENSMUSG00000078495	ZNF616	one2many	NA		22.9
Zfp985	ENSMUSG00000065999	ZNF616	many2one	NA		22.9
Zfp987	ENSMUSG00000066009	ZNF616	many2one	NA		22.9
Zfp988	ENSMUSG00000078498	ZNF880	many2one	NA		22.9
Zfp991	ENSMUSG00000067916	ZNF616	many2one	NA		22.9
Zfp992	ENSMUSG00000070605	ZNF616	many2one	NA		22.9
Zfpl1	ENSMUSG00000024792	ZFPL1	one2one	NA		22.9
Zfpm1	ENSMUSG00000049577	ZFPM1	one2one	NA		22.9
Zfr	ENSMUSG00000022201	ZFR	one2one	NA		22.9
Zfr2	ENSMUSG00000034949	ZFR2	one2one	NA		22.9
Zfx	ENSMUSG00000079509	ZFX	one2one	NA		22.9
Zfyve1	ENSMUSG00000042628	ZFYVE1	one2one	NA		22.9
Zfyve16	ENSMUSG00000021706	ZFYVE16	one2one	NA		22.9
Zfyve19	ENSMUSG00000068580	ZFYVE19	one2one	NA		22.9
Zfyve21	ENSMUSG00000021286	ZFYVE21	one2one	NA		22.9
Zfyve26	ENSMUSG00000066440	ZFYVE26	one2one	NA		22.9
Zfyve27	ENSMUSG00000018820	ZFYVE27	one2one	NA		22.9
Zfyve28	ENSMUSG00000037224	ZFYVE28	one2one	NA		22.9
Zfyve9	ENSMUSG00000034557	ZFYVE9	one2one	NA		22.9
Zg16	ENSMUSG00000049350	ZG16	one2one	NA		22.9
Zgpat	ENSMUSG00000027582	ZGPAT	one2one	NA		22.9
Zgrf1	ENSMUSG00000051278	ZGRF1	one2one	NA		22.9
Zhx1	ENSMUSG00000022361	ZHX1	one2one	NA		22.9
Zhx2	ENSMUSG00000071757	ZHX2	one2one	NA		22.9
Zhx3	ENSMUSG00000035877	ZHX3	one2one	NA		22.9
Zic5	ENSMUSG00000041703	ZIC5	one2one	NA		22.9
Zik1	ENSMUSG00000030393	ZIK1	one2one	NA		22.9
Zkscan1	ENSMUSG00000029729	ZKSCAN1	one2one	NA		22.9
Zkscan14	ENSMUSG00000029627	ZNF394	one2one	NA		22.9
Zkscan17	ENSMUSG00000020472	ZNF496	one2one	NA		22.9
Zkscan3	ENSMUSG00000021327	ZKSCAN3	one2one	NA		22.9
Zkscan5	ENSMUSG00000055991	ZKSCAN5	one2one	NA		22.9
Zkscan6	ENSMUSG00000018347	ZNF18	one2one	NA		22.9
Zkscan7	ENSMUSG00000063488	ZKSCAN7	one2one	NA		22.9
Zkscan8	ENSMUSG00000063894	ZKSCAN8	one2one	NA		22.9
Zmat1	ENSMUSG00000052676	ZMAT1	one2one	NA		22.9
Zmat2	ENSMUSG00000001383	ZMAT2	one2one	NA		22.9
Zmat3	ENSMUSG00000027663	ZMAT3	one2one	NA		22.9
Zmat5	ENSMUSG00000009076	ZMAT5	one2one	NA		22.9
Zmiz1	ENSMUSG00000007817	ZMIZ1	one2one	NA		22.9
Zmiz2	ENSMUSG00000041164	ZMIZ2	one2one	NA		22.9
Zmpste24	ENSMUSG00000043207	ZMPSTE24	one2one	NA		22.9
Zmym1	ENSMUSG00000043872	ZMYM1	one2one	NA		22.9
Zmym2	ENSMUSG00000021945	ZMYM2	one2one	NA		22.9
Zmym3	ENSMUSG00000031310	ZMYM3	one2one	NA		22.9
Zmym4	ENSMUSG00000042446	ZMYM4	one2one	NA		22.9
Zmym5	ENSMUSG00000040123	ZMYM5	one2one	NA		22.9
Zmym6	ENSMUSG00000042408	ZMYM6	one2one	NA		22.9
Zmynd10	ENSMUSG00000010044	ZMYND10	one2one	NA		22.9
Zmynd11	ENSMUSG00000021156	ZMYND11	one2one	NA		22.9
Zmynd15	ENSMUSG00000040829	ZMYND15	one2one	NA		22.9
Zmynd19	ENSMUSG00000026974	ZMYND19	one2one	NA		22.9
Zmynd8	ENSMUSG00000039671	ZMYND8	one2one	NA		22.9
Znfx1	ENSMUSG00000039501	ZNFX1	one2one	NA		22.9
Znhit1	ENSMUSG00000059518	ZNHIT1	one2one	NA		22.9
Znhit2	ENSMUSG00000075227	ZNHIT2	one2one	NA		22.9
Znhit3	ENSMUSG00000020526	ZNHIT3	one2one	NA		22.9
Znhit6	ENSMUSG00000074182	ZNHIT6	one2one	NA		22.9
Znrd1	ENSMUSG00000036315	POLR1H	one2one	Polr1h	org.Mm.eg.db	22.9
Znrd2	ENSMUSG00000079478	ZNRD2	one2one	NA		22.9
Znrf1	ENSMUSG00000033545	ZNRF1	one2one	NA		22.9
Znrf2	ENSMUSG00000058446	ZNRF2	one2one	NA		22.9
Znrf3	ENSMUSG00000041961	ZNRF3	one2one	NA		22.9
Zpbp	ENSMUSG00000020193	ZPBP	one2one	NA		22.9
Zpbp2	ENSMUSG00000017195	ZPBP2	one2one	NA		22.9
Zpr1	ENSMUSG00000032078	ZPR1	one2one	NA		22.9
Zranb1	ENSMUSG00000030967	ZRANB1	one2one	NA		22.9
Zranb2	ENSMUSG00000028180	ZRANB2	one2one	NA		22.9
Zranb3	ENSMUSG00000036086	ZRANB3	one2one	NA		22.9
Zrsr1	ENSMUSG00000044068	ZRSR2	many2one	NA		22.9
Zrsr2	ENSMUSG00000031370	ZRSR2	many2one	NA		22.9
Zscan10	ENSMUSG00000023902	ZSCAN10	one2one	NA		22.9
Zscan12	ENSMUSG00000036721	ZSCAN12	one2one	NA		22.9
Zscan18	ENSMUSG00000070822	ZSCAN18	one2one	NA		22.9
Zscan2	ENSMUSG00000038797	ZSCAN2	one2one	NA		22.9
Zscan20	ENSMUSG00000061894	ZSCAN20	one2one	NA		22.9
Zscan21	ENSMUSG00000037017	ZSCAN21	one2one	NA		22.9
Zscan22	ENSMUSG00000054715	ZSCAN22	one2one	NA		22.9
Zscan25	ENSMUSG00000070420	ZSCAN25	one2one	NA		22.9
Zscan26	ENSMUSG00000022228	ZSCAN26	one2one	NA		22.9
Zscan29	ENSMUSG00000050619	ZSCAN29	one2one	NA		22.9
Zscan30	ENSMUSG00000024274	ZSCAN30	one2one	NA		22.9
Zswim1	ENSMUSG00000017764	ZSWIM1	one2one	NA		22.9
Zswim3	ENSMUSG00000045822	ZSWIM3	one2one	NA		22.9
Zswim4	ENSMUSG00000035671	ZSWIM4	one2one	NA		22.9
Zswim5	ENSMUSG00000033948	ZSWIM5	one2one	NA		22.9
Zswim6	ENSMUSG00000032846	ZSWIM6	one2one	NA		22.9
Zswim7	ENSMUSG00000014243	ZSWIM7	one2one	NA		22.9
Zswim8	ENSMUSG00000021819	ZSWIM8	one2one	NA		22.9
Zswim9	ENSMUSG00000070814	ZSWIM9	one2one	NA		22.9
Zup1	ENSMUSG00000039531	ZUP1	one2one	NA		22.9
Zw10	ENSMUSG00000032264	ZW10	one2one	NA		22.9
Zwilch	ENSMUSG00000032400	ZWILCH	one2one	NA		22.9
Zwint	ENSMUSG00000019923	ZWINT	one2one	NA		22.9
Zxdb	ENSMUSG00000073062	ZXDB	one2one	NA		22.9
Zxdc	ENSMUSG00000034430	ZXDC	one2one	NA		22.9
Zyg11b	ENSMUSG00000034636	ZYG11B	one2one	NA		22.9
Zyx	ENSMUSG00000029860	ZYX	one2one	NA		22.9
Zzef1	ENSMUSG00000055670	ZZEF1	one2one	NA		22.9
Zzz3	ENSMUSG00000039068	ZZZ3	one2one	NA		22.9
