signature,gene_symbol,group,temperature,genotype,n_samples,mean_logcpm,sd_logcpm,se_logcpm,z_across_groups
WT_heat_up,Gja5,WT_37,37,WT,5,3.80184147,0.14606912,0.0653240965,-0.940152618
WT_heat_up,Gja5,WT_39,39,WT,5,5.60598921,0.0820077158,0.0366749654,0.840805426
WT_heat_up,Gja5,cGASKO_37,37,cGASKO,5,3.95572428,0.129606016,0.0579615726,-0.788247748
WT_heat_up,Gja5,cGASKO_39,39,cGASKO,5,5.65338796,0.0638816298,0.0285687333,0.88759494
WT_heat_up,Il1rn,WT_37,37,WT,5,4.11310403,0.225729353,0.100949235,-0.843715645
WT_heat_up,Il1rn,WT_39,39,WT,5,6.00118149,0.0545426587,0.0243922185,0.87562373
WT_heat_up,Il1rn,cGASKO_37,37,cGASKO,5,4.06447682,0.0986915653,0.0441362098,-0.887997026
WT_heat_up,Il1rn,cGASKO_39,39,cGASKO,5,5.97972954,0.0756771757,0.0338438619,0.856088941
WT_heat_up,Timp1,WT_37,37,WT,5,1.57173267,0.185439137,0.0829309031,-0.897029202
WT_heat_up,Timp1,WT_39,39,WT,5,3.70591864,0.110579279,0.0494525571,0.848264081
WT_heat_up,Timp1,cGASKO_37,37,cGASKO,5,1.64846572,0.101294754,0.0453003912,-0.834278502
WT_heat_up,Timp1,cGASKO_39,39,cGASKO,5,3.74844788,0.133809909,0.0598416107,0.88304362300000006
WT_heat_up,Sdc1,WT_37,37,WT,5,2.6694759,0.145391867,0.0650212194,-0.872066252
WT_heat_up,Sdc1,WT_39,39,WT,5,4.1626396,0.0255832484,0.0114411765,0.886605979
WT_heat_up,Sdc1,cGASKO_37,37,cGASKO,5,2.67996268,0.0861040446,0.0385068994,-0.859714755
WT_heat_up,Sdc1,cGASKO_39,39,cGASKO,5,4.12746352,0.0870782429,0.0389425741,0.845175029
WT_heat_up,Hsph1,WT_37,37,WT,5,6.90531627,0.112283297,0.0502146172,-0.767603566
WT_heat_up,Hsph1,WT_39,39,WT,5,7.92916312,0.0853360043,0.0381634213,0.876373021
WT_heat_up,Hsph1,cGASKO_37,37,cGASKO,5,6.78608576,0.0228949313,0.0102389245,-0.959050328
WT_heat_up,Hsph1,cGASKO_39,39,cGASKO,5,7.91291328,0.0786131276,0.0351568594,0.850280873
WT_heat_up,Fam83g,WT_37,37,WT,5,3.69402446,0.0695849166,0.0311193207,-0.801661807
WT_heat_up,Fam83g,WT_39,39,WT,5,5.3175331,0.202298471,0.0904706265,0.884632166
WT_heat_up,Fam83g,cGASKO_37,37,cGASKO,5,3.57252454,0.163897562,0.0732972181,-0.92786045
WT_heat_up,Fam83g,cGASKO_39,39,cGASKO,5,5.27927073,0.0836255501,0.0373984829,0.84489009
WT_heat_up,Gap43,WT_37,37,WT,5,4.6682076,0.262214727,0.117265991,-0.885664441
WT_heat_up,Gap43,WT_39,39,WT,5,6.56248162,0.129458302,0.0578955127,0.814873376
WT_heat_up,Gap43,cGASKO_37,37,cGASKO,5,4.71385863,0.0734952083,0.0328680563,-0.844682359
WT_heat_up,Gap43,cGASKO_39,39,cGASKO,5,6.67454267,0.0496271667,0.0221939437,0.915473424
WT_heat_up,Plek2,WT_37,37,WT,5,0.859123345,0.166538308,0.0744781956,-0.784598631
WT_heat_up,Plek2,WT_39,39,WT,5,2.71149842,0.0957632244,0.0428266159,0.796818564
WT_heat_up,Plek2,cGASKO_37,37,cGASKO,5,0.675494789,0.180669238,0.0807977394,-0.94136675
WT_heat_up,Plek2,cGASKO_39,39,cGASKO,5,2.86649962,0.0779540645,0.0348621175,0.929146816
WT_heat_up,C3,WT_37,37,WT,5,2.80869123,0.0296095364,0.0132417872,-0.904944715
WT_heat_up,C3,WT_39,39,WT,5,4.47559519,0.163041473,0.0729143634,0.886459514
WT_heat_up,C3,cGASKO_37,37,cGASKO,5,2.88219581,0.146580544,0.0655528123,-0.825950115
WT_heat_up,C3,cGASKO_39,39,cGASKO,5,4.43649162,0.224612211,0.100449635,0.844435315
WT_heat_up,Plek,WT_37,37,WT,5,5.7571942,0.150818347,0.0674480153,-0.849510786
WT_heat_up,Plek,WT_39,39,WT,5,6.91250123,0.094638219,0.0423234982,0.922034295
WT_heat_up,Plek,cGASKO_37,37,cGASKO,5,5.73696964,0.0685165008,0.0306415107,-0.880523075
WT_heat_up,Plek,cGASKO_39,39,cGASKO,5,6.83813387,0.0946215888,0.042316061,0.807999566
WT_heat_up,Crabp2,WT_37,37,WT,5,4.21772784,0.183211274,0.0819345726,-0.781231454
WT_heat_up,Crabp2,WT_39,39,WT,5,5.75863167,0.137058411,0.0612943846,0.874466576
WT_heat_up,Crabp2,cGASKO_37,37,cGASKO,5,4.06364318,0.136747007,0.0611551206,-0.946795107
WT_heat_up,Crabp2,cGASKO_39,39,cGASKO,5,5.73917459,0.101665868,0.0454663582,0.853559985
WT_heat_up,Ophn1,WT_37,37,WT,5,1.07344398,0.191819219,0.0857841624,-0.859398872
WT_heat_up,Ophn1,WT_39,39,WT,5,2.92304243,0.205457221,0.091883262499999993,0.935089934
WT_heat_up,Ophn1,cGASKO_37,37,cGASKO,5,1.0627608,0.07427,0.0332145538,-0.869763743
WT_heat_up,Ophn1,cGASKO_39,39,cGASKO,5,2.77769446,0.165065232,0.0738194157,0.794072682
WT_heat_up,Idi2,WT_37,37,WT,5,2.90582264,0.162681278,0.0727532793,-0.872122631
WT_heat_up,Idi2,WT_39,39,WT,5,4.89437803,0.167300352,0.0748189918,0.845376526
WT_heat_up,Idi2,cGASKO_37,37,cGASKO,5,2.92024896,0.275460266,0.123189576,-0.859662734
WT_heat_up,Idi2,cGASKO_39,39,cGASKO,5,4.94188608,0.132054924,0.0590567573,0.886408839
WT_heat_up,Fah,WT_37,37,WT,5,3.00071804,0.10309239,0.0461043185,-0.878422974
WT_heat_up,Fah,WT_39,39,WT,5,4.25331889,0.107365001,0.0480150882,0.812481385
WT_heat_up,Fah,cGASKO_37,37,cGASKO,5,3.02034912,0.160807272,0.0719151983,-0.851922682
WT_heat_up,Fah,cGASKO_39,39,cGASKO,5,4.33138521,0.121982253,0.054552122,0.917864271
WT_heat_up,Itga3,WT_37,37,WT,5,4.28945625,0.246760652,0.110354719,-0.776474535
WT_heat_up,Itga3,WT_39,39,WT,5,6.05735345,0.123682632,0.0553125544,0.944615851
WT_heat_up,Itga3,cGASKO_37,37,cGASKO,5,4.11388903,0.127060785,0.0568233105,-0.947393437
WT_heat_up,Itga3,cGASKO_39,39,cGASKO,5,5.88749249,0.164046412,0.0733637856,0.77925212
WT_heat_up,Ttc39c,WT_37,37,WT,5,3.90229619,0.118847441,0.0531501914,-0.909602922
WT_heat_up,Ttc39c,WT_39,39,WT,5,5.15220354,0.197175641,0.0881796275,0.908750873
WT_heat_up,Ttc39c,cGASKO_37,37,cGASKO,5,3.96376292,0.105383603,0.0471289802,-0.820181681
WT_heat_up,Ttc39c,cGASKO_39,39,cGASKO,5,5.09190817,0.0961394135,0.0429948528,0.82103373
WT_heat_up,Rpl10a-ps2,WT_37,37,WT,5,0.86565866,0.165400182,0.0739692101,-0.777414574
WT_heat_up,Rpl10a-ps2,WT_39,39,WT,5,2.90248608,0.25012405,0.111858876,0.894428294
WT_heat_up,Rpl10a-ps2,cGASKO_37,37,cGASKO,5,0.655649017,0.257973949,0.115369457,-0.949792028
WT_heat_up,Rpl10a-ps2,cGASKO_39,39,cGASKO,5,2.82737712,0.175525155,0.0784972357,0.832778308
WT_heat_up,Slc4a11,WT_37,37,WT,5,6.22996937,0.201816033,0.0902548738,-0.877147538
WT_heat_up,Slc4a11,WT_39,39,WT,5,7.56675989,0.122876639,0.0549521033,0.912916311
WT_heat_up,Slc4a11,cGASKO_37,37,cGASKO,5,6.24761793,0.0918132769,0.0410601457,-0.853514778
WT_heat_up,Slc4a11,cGASKO_39,39,cGASKO,5,7.49568825,0.0744149092,0.0332793591,0.817746005
WT_heat_up,Il17f,WT_37,37,WT,5,3.29267561,0.157252115,0.0703252839,-0.786195888
WT_heat_up,Il17f,WT_39,39,WT,5,4.90776077,0.118727946,0.0530967514,0.99554534
WT_heat_up,Il17f,cGASKO_37,37,cGASKO,5,3.16052643,0.203952298,0.0912102405,-0.93198117
WT_heat_up,Il17f,cGASKO_39,39,cGASKO,5,4.66037426,0.20402031,0.0912406563,0.722631718
WT_heat_up,Epcam,WT_37,37,WT,5,4.80689825,0.110995103,0.0496385189,-0.832457559
WT_heat_up,Epcam,WT_39,39,WT,5,5.93732553,0.171266623,0.0765927623,0.781957081
WT_heat_up,Epcam,cGASKO_37,37,cGASKO,5,4.7629987,0.0789740679,0.0353182769,-0.895152495
WT_heat_up,Epcam,cGASKO_39,39,cGASKO,5,6.05194683,0.113107352,0.0505831454,0.945652974
WT_heat_up,Klrc1,WT_37,37,WT,5,3.26565259,0.202757524,0.0906759212,-0.859050185
WT_heat_up,Klrc1,WT_39,39,WT,5,4.58653923,0.116157666,0.0519472876,0.892486643
WT_heat_up,Klrc1,cGASKO_37,37,cGASKO,5,3.25546198,0.128250533,0.0573553822,-0.872563242
WT_heat_up,Klrc1,cGASKO_39,39,cGASKO,5,4.54629895,0.130781079,0.0584870765,0.839126784
WT_heat_up,Adora2a,WT_37,37,WT,5,3.84696454,0.152033746,0.0679915583,-0.863360942
WT_heat_up,Adora2a,WT_39,39,WT,5,5.00230937,0.0571392257,0.0255534386,0.872872858
WT_heat_up,Adora2a,cGASKO_37,37,cGASKO,5,3.8434393,0.143260874,0.0640682106,-0.86865862
WT_heat_up,Adora2a,cGASKO_39,39,cGASKO,5,4.99317556,0.145584659,0.0651074387,0.859146704
WT_heat_up,B3gnt5,WT_37,37,WT,5,4.72327397,0.176783096,0.0790598039,-0.846561711
WT_heat_up,B3gnt5,WT_39,39,WT,5,5.81255202,0.0577910037,0.0258449226,0.841049697
WT_heat_up,B3gnt5,cGASKO_37,37,cGASKO,5,4.69851247,0.105482474,0.0471731966,-0.884924534
WT_heat_up,B3gnt5,cGASKO_39,39,cGASKO,5,5.84442903,0.116465122,0.0520847861,0.890436548
WT_heat_up,Ptpn5,WT_37,37,WT,5,3.77986431,0.207684119,0.0928791617,-0.898419629
WT_heat_up,Ptpn5,WT_39,39,WT,5,4.93904713,0.0844253829,0.037756179,0.875400146
WT_heat_up,Ptpn5,cGASKO_37,37,cGASKO,5,3.82264312,0.119625548,0.0534981715,-0.832958081
WT_heat_up,Ptpn5,cGASKO_39,39,cGASKO,5,4.92635456,0.070172145,0.0313819373,0.855977564
WT_heat_up,Upp1,WT_37,37,WT,5,3.19491583,0.226939727,0.101490531,-0.917239019
WT_heat_up,Upp1,WT_39,39,WT,5,4.67013624,0.142862736,0.0638901576,0.811134132
WT_heat_up,Upp1,cGASKO_37,37,cGASKO,5,3.28511727,0.104535039,0.0467494907,-0.811558706
WT_heat_up,Upp1,cGASKO_39,39,cGASKO,5,4.76106246,0.171923033,0.0768863179,0.917663593
WT_heat_up,Spp1,WT_37,37,WT,5,4.71632168,0.138832905,0.0620879626,-0.978119022
WT_heat_up,Spp1,WT_39,39,WT,5,6.16070102,0.0758414938,0.0339173471,0.752580286
WT_heat_up,Spp1,cGASKO_37,37,cGASKO,5,4.91577156,0.198007544,0.0885516656,-0.739132102
WT_heat_up,Spp1,cGASKO_39,39,cGASKO,5,6.33770416,0.17721574,0.0792532881,0.964670839
WT_heat_up,Plk2,WT_37,37,WT,5,3.73341428,0.303620806,0.135783352,-0.810449207
WT_heat_up,Plk2,WT_39,39,WT,5,5.6538974,0.204163999,0.0913049161,0.908673287
WT_heat_up,Plk2,cGASKO_37,37,cGASKO,5,3.6123895,0.17095696,0.0764542769,-0.918784666
WT_heat_up,Plk2,cGASKO_39,39,cGASKO,5,5.55546407,0.068344027,0.030564378,0.820560586
WT_heat_up,Gm9745,WT_37,37,WT,5,1.07456391,0.0835156188,0.0373493202,-0.768084949
WT_heat_up,Gm9745,WT_39,39,WT,5,3.05154933,0.195811568,0.0875695954,0.867286384
WT_heat_up,Gm9745,cGASKO_37,37,cGASKO,5,0.844125676,0.377482319,0.168815225,-0.9587045
WT_heat_up,Gm9745,cGASKO_39,39,cGASKO,5,3.04214015,0.187047377,0.0836501301,0.859503065
WT_heat_up,Lta,WT_37,37,WT,5,8.50609808,0.180670859,0.0807984644,-0.91159341
WT_heat_up,Lta,WT_39,39,WT,5,9.77504918,0.114409958,0.0511656885,0.870419351
WT_heat_up,Lta,cGASKO_37,37,cGASKO,5,8.57188286,0.0636701262,0.0284741461,-0.819210552
WT_heat_up,Lta,cGASKO_39,39,cGASKO,5,9.76790356,0.150082349,0.0671188671,0.860384611
WT_heat_up,Tanc2,WT_37,37,WT,5,3.44570779,0.184100306,0.08233216,-0.778692539
WT_heat_up,Tanc2,WT_39,39,WT,5,4.55082737,0.128733539,0.0575713887,0.948219506
WT_heat_up,Tanc2,cGASKO_37,37,cGASKO,5,3.33925607,0.0693546851,0.0310163581,-0.945039022
WT_heat_up,Tanc2,cGASKO_39,39,cGASKO,5,4.44030502,0.120740647,0.0539968588,0.775512055
WT_heat_up,Ptger2,WT_37,37,WT,5,4.40297371,0.115219671,0.0515278036,-0.816529736
WT_heat_up,Ptger2,WT_39,39,WT,5,5.70375231,0.176784282,0.0790603344,0.928096912
WT_heat_up,Ptger2,cGASKO_37,37,cGASKO,5,4.33190542,0.170815268,0.07639091,-0.911847749
WT_heat_up,Ptger2,cGASKO_39,39,cGASKO,5,5.60845355,0.123867694,0.0553953166,0.800280573
WT_heat_up,Dennd3,WT_37,37,WT,5,2.74787522,0.126054979,0.0563735003,-0.844685496
WT_heat_up,Dennd3,WT_39,39,WT,5,3.82184971,0.0633779716,0.0283434905,0.916296499
WT_heat_up,Dennd3,cGASKO_37,37,cGASKO,5,2.7229151,0.154353493,0.0690289805,-0.885612265
WT_heat_up,Dennd3,cGASKO_39,39,cGASKO,5,3.75946266,0.0873474334,0.0390629597,0.814001262
WT_heat_up,Pik3ap1,WT_37,37,WT,5,4.03976059,0.190263102,0.0850882458,-0.965235289
WT_heat_up,Pik3ap1,WT_39,39,WT,5,5.16979932,0.116921913,0.0522890691,0.94104251
WT_heat_up,Pik3ap1,cGASKO_37,37,cGASKO,5,4.16330841,0.132352276,0.0591897371,-0.756820767
WT_heat_up,Pik3ap1,cGASKO_39,39,cGASKO,5,5.07493438,0.0905882374,0.0405122913,0.781013546
WT_heat_up,Neb,WT_37,37,WT,5,4.89163581,0.120907918,0.0540716646,-0.816272581
WT_heat_up,Neb,WT_39,39,WT,5,5.99364413,0.133691129,0.0597884906,0.882194413
WT_heat_up,Neb,cGASKO_37,37,cGASKO,5,4.82808061,0.097852022,0.0437607546,-0.914226837
WT_heat_up,Neb,cGASKO_39,39,cGASKO,5,5.9716558300000004,0.158518731,0.0708917315,0.848305005
WT_heat_up,Rab34,WT_37,37,WT,5,2.26059141,0.127973912,0.057231673499999997,-0.75939982
WT_heat_up,Rab34,WT_39,39,WT,5,3.45765242,0.183765177,0.0821822854,0.840156012
WT_heat_up,Rab34,cGASKO_37,37,cGASKO,5,2.10584907,0.0887587277,0.0396941097,-0.966172082
WT_heat_up,Rab34,cGASKO_39,39,cGASKO,5,3.49152359,0.0884302506,0.0395472103,0.88541589
WT_heat_up,Procr,WT_37,37,WT,5,2.97749417,0.145284389,0.0649731539,-1.0024383
WT_heat_up,Procr,WT_39,39,WT,5,4.2575453,0.165527359,0.0740260855,0.826193373
WT_heat_up,Procr,cGASKO_37,37,cGASKO,5,3.17718362,0.151939678,0.0679494897,-0.717169663
WT_heat_up,Procr,cGASKO_39,39,cGASKO,5,4.30460048,0.167048136,0.0747061974,0.893414592
WT_heat_up,Trpm6,WT_37,37,WT,5,0.74073395,0.149155242,0.0667042523,-0.896878023
WT_heat_up,Trpm6,WT_39,39,WT,5,2.41063734,0.242871236,0.108615319,0.879754262
WT_heat_up,Trpm6,cGASKO_37,37,cGASKO,5,0.799367768,0.246969106,0.110447942,-0.83449673
WT_heat_up,Trpm6,cGASKO_39,39,cGASKO,5,2.38419367,0.100130044,0.0447795172,0.85162049
WT_heat_up,Aldh1a2,WT_37,37,WT,5,0.791548972,0.413967462,0.185131877,-0.804037545
WT_heat_up,Aldh1a2,WT_39,39,WT,5,2.91111282,0.162075611,0.0724824167,0.81673343
WT_heat_up,Aldh1a2,cGASKO_37,37,cGASKO,5,0.633877733,0.304500903,0.136176944,-0.924604316
WT_heat_up,Aldh1a2,cGASKO_39,39,cGASKO,5,3.03557796,0.0571288184,0.0255487843,0.911908432
WT_heat_up,1110002J07Rik,WT_37,37,WT,5,1.46508296,0.353833902,0.158239332,-0.841294411
WT_heat_up,1110002J07Rik,WT_39,39,WT,5,3.16036038,0.0859935652,0.0384574915,0.821588825
WT_heat_up,1110002J07Rik,cGASKO_37,37,cGASKO,5,1.41612238,0.154624846,0.0691503332,-0.889319427
WT_heat_up,1110002J07Rik,cGASKO_39,39,cGASKO,5,3.24949988,0.184359078,0.0824478863,0.909025013
WT_heat_up,Fosl2,WT_37,37,WT,5,4.80286509,0.276211088,0.123525354,-0.803269303
WT_heat_up,Fosl2,WT_39,39,WT,5,6.38449477,0.203989514,0.091226884,0.902990992
WT_heat_up,Fosl2,cGASKO_37,37,cGASKO,5,4.68932286,0.0424220475,0.0189717164,-0.92575852300000006
WT_heat_up,Fosl2,cGASKO_39,39,cGASKO,5,6.31316159,0.108316744,0.0484407204,0.826036834
WT_heat_up,Tmeff2,WT_37,37,WT,5,3.28358959,0.101165417,0.0452425498,-0.922470153
WT_heat_up,Tmeff2,WT_39,39,WT,5,4.33828972,0.164381545,0.0735136618,0.775734902
WT_heat_up,Tmeff2,cGASKO_37,37,cGASKO,5,3.35770393,0.0899008233,0.0402048704,-0.803136385
WT_heat_up,Tmeff2,cGASKO_39,39,cGASKO,5,4.4464404,0.162842208,0.0728252493,0.949871636
WT_heat_up,Cd200,WT_37,37,WT,5,5.23984604,0.216525379,0.0968330932,-0.853682502
WT_heat_up,Cd200,WT_39,39,WT,5,6.39603851,0.0788844175,0.035278184,0.936121025
WT_heat_up,Cd200,cGASKO_37,37,cGASKO,5,5.22585734,0.0892933909,0.0399332184,-0.875337226
WT_heat_up,Cd200,cGASKO_39,39,cGASKO,5,6.30351854,0.124326942,0.0556006989,0.792898703
WT_heat_up,Gatm,WT_37,37,WT,5,4.14816725,0.283293578,0.12669274,-0.847333984
WT_heat_up,Gatm,WT_39,39,WT,5,5.6609612,0.162969126,0.0728820087,0.910876612
WT_heat_up,Gatm,cGASKO_37,37,cGASKO,5,4.11719423,0.115684404,0.0517356383,-0.883331671
WT_heat_up,Gatm,cGASKO_39,39,cGASKO,5,5.58258793,0.0931749455,0.0416691024,0.819789043
WT_heat_up,Slc41a1,WT_37,37,WT,5,5.39084189,0.185993621,0.083178876,-0.875717486
WT_heat_up,Slc41a1,WT_39,39,WT,5,6.68613946,0.210762606,0.0942559027,0.862673032
WT_heat_up,Slc41a1,cGASKO_37,37,cGASKO,5,5.4053307,0.0441998776,0.0197667862,-0.856272374
WT_heat_up,Slc41a1,cGASKO_39,39,cGASKO,5,6.69108984,0.109469712,0.0489563435,0.869316828
WT_heat_up,A530013C23Rik,WT_37,37,WT,5,0.759390288,0.083104783,0.0371655888,-0.903923687
WT_heat_up,A530013C23Rik,WT_39,39,WT,5,2.1979231,0.123220095,0.0551057018,0.821227613
WT_heat_up,A530013C23Rik,cGASKO_37,37,cGASKO,5,0.824246857,0.251716781,0.112571167,-0.826144861
WT_heat_up,A530013C23Rik,cGASKO_39,39,cGASKO,5,2.27098025,0.115240456,0.0515370988,0.908840935
WT_heat_up,Ehd2,WT_37,37,WT,5,0.42711545,0.37512006,0.167758791,-0.928551658
WT_heat_up,Ehd2,WT_39,39,WT,5,2.14989448,0.106078694,0.0474398343,0.834188749
WT_heat_up,Ehd2,cGASKO_37,37,cGASKO,5,0.552165869,0.0963910884,0.0431074052,-0.800600584
WT_heat_up,Ehd2,cGASKO_39,39,cGASKO,5,2.20929146,0.133948699,0.0599036793,0.894963493
WT_heat_up,Tnfsf11,WT_37,37,WT,5,5.69957663,0.259130791,0.115886813,-0.858135822
WT_heat_up,Tnfsf11,WT_39,39,WT,5,7.11828019,0.13436263,0.0600887947,0.926221811
WT_heat_up,Tnfsf11,cGASKO_37,37,cGASKO,5,5.68877788,0.105966379,0.0473896051,-0.871717817
WT_heat_up,Tnfsf11,cGASKO_39,39,cGASKO,5,7.02081158,0.116011916,0.0518821062,0.803631828
WT_heat_up,Epha2,WT_37,37,WT,5,0.611578656,0.26680232,0.119317625,-0.837844184
WT_heat_up,Epha2,WT_39,39,WT,5,2.60882883,0.322908963,0.144409279,0.864284656
WT_heat_up,Epha2,cGASKO_37,37,cGASKO,5,0.545974928,0.256881709,0.114880993,-0.893754054
WT_heat_up,Epha2,cGASKO_39,39,cGASKO,5,2.61238292,0.194927982,0.0871744435,0.867313581
WT_heat_up,Srxn1,WT_37,37,WT,5,2.71508027,0.160198844,0.0716431008,-0.821628607
WT_heat_up,Srxn1,WT_39,39,WT,5,4.24944766,0.21223773,0.0949155982,0.933377548
WT_heat_up,Srxn1,cGASKO_37,37,cGASKO,5,2.64078605,0.13573434,0.0607022422,-0.906606177
WT_heat_up,Srxn1,cGASKO_39,39,cGASKO,5,4.12834207,0.260099376,0.116319977,0.794857236
WT_heat_up,Ebf1,WT_37,37,WT,5,0.258373774,0.489621431,0.218965361,-0.820021253
WT_heat_up,Ebf1,WT_39,39,WT,5,2.91816963,0.220134593,0.098447183,0.914114383
WT_heat_up,Ebf1,cGASKO_37,37,cGASKO,5,0.121185095,0.270546323,0.120991994,-0.909465628
WT_heat_up,Ebf1,cGASKO_39,39,cGASKO,5,2.76672054,0.297037887,0.132839381,0.815372498
WT_heat_up,Irf6,WT_37,37,WT,5,2.40050847,0.25094562,0.112226293,-0.735734184
WT_heat_up,Irf6,WT_39,39,WT,5,3.63534591,0.120142072,0.0537291679,0.86102873
WT_heat_up,Irf6,cGASKO_37,37,cGASKO,5,2.20606552,0.13725744,0.0613833931,-0.98716752
WT_heat_up,Irf6,cGASKO_39,39,cGASKO,5,3.63599879,0.0455404057,0.0203662886,0.861872975
WT_heat_up,Hspa1b,WT_37,37,WT,5,1.39666094,0.286100954,0.127948236,-0.814300406
WT_heat_up,Hspa1b,WT_39,39,WT,5,3.26709739,0.203355171,0.0909431972,0.960834534
WT_heat_up,Hspa1b,cGASKO_37,37,cGASKO,5,1.29496394,0.27007253,0.120780107,-0.910815786
WT_heat_up,Hspa1b,cGASKO_39,39,cGASKO,5,3.0599922,0.217044552,0.0970652744,0.764281657
WT_heat_up,Zbtb32,WT_37,37,WT,5,5.2985843,0.328014352,0.146692478,-0.794310253
WT_heat_up,Zbtb32,WT_39,39,WT,5,6.81108721,0.0621456781,0.0277923921,0.876300178
WT_heat_up,Zbtb32,cGASKO_37,37,cGASKO,5,5.17138219,0.0935540968,0.041838664,-0.934809273
WT_heat_up,Zbtb32,cGASKO_39,39,cGASKO,5,6.78982862,0.0958135142,0.0428491062,0.852819348
WT_heat_up,Asb2,WT_37,37,WT,5,2.01843193,0.211061992,0.0943897925,-0.896265356
WT_heat_up,Asb2,WT_39,39,WT,5,3.31103108,0.0473203386,0.0211622988,0.864554819
WT_heat_up,Asb2,cGASKO_37,37,cGASKO,5,2.06322475,0.204573755,0.0914881644,-0.835247134
WT_heat_up,Asb2,cGASKO_39,39,cGASKO,5,3.31279499,0.151284713,0.0676565807,0.866957671
WT_heat_up,Olr1,WT_37,37,WT,5,2.20524264,0.100685241,0.0450278088,-0.786117753
WT_heat_up,Olr1,WT_39,39,WT,5,3.52516814,0.155739686,0.0696489049,0.906808439
WT_heat_up,Olr1,cGASKO_37,37,cGASKO,5,2.08419136,0.291344165,0.130293071,-0.941377184
WT_heat_up,Olr1,cGASKO_39,39,cGASKO,5,3.45802136,0.0633335759,0.0283236362,0.820686499
WT_heat_up,Igkc,WT_37,37,WT,5,0.577097047,0.162857636,0.0728321491,-0.96385324000000006
WT_heat_up,Igkc,WT_39,39,WT,5,2.13529022,0.116757409,0.0522155009,0.935737732
WT_heat_up,Igkc,cGASKO_37,37,cGASKO,5,0.745200026,0.270251136,0.120859982,-0.75891915
WT_heat_up,Igkc,cGASKO_39,39,cGASKO,5,2.01331232,0.175082648,0.0782993404,0.787034658
WT_heat_up,Fasl,WT_37,37,WT,5,3.44439717,0.243797566,0.109029586,-0.811273615
WT_heat_up,Fasl,WT_39,39,WT,5,4.53663765,0.105388962,0.0471313766,0.949299047
WT_heat_up,Fasl,cGASKO_37,37,cGASKO,5,3.38009191,0.0492920775,0.0220440872,-0.914926698
WT_heat_up,Fasl,cGASKO_39,39,cGASKO,5,4.42968391,0.125237124,0.0560077447,0.776901267
WT_heat_up,Actbl2,WT_37,37,WT,5,-0.0887384455,0.209893815,0.0938673676,-0.842448819
WT_heat_up,Actbl2,WT_39,39,WT,5,1.38648036,0.110311313,0.049332719,0.910686075
WT_heat_up,Actbl2,cGASKO_37,37,cGASKO,5,-0.127161221,0.10874533,0.0486323902,-0.888110051
WT_heat_up,Actbl2,cGASKO_39,39,cGASKO,5,1.31006328,0.166753893,0.0745746079,0.819872794
WT_heat_up,Adora2b,WT_37,37,WT,5,2.74742134,0.197822648,0.0884689776,-0.88162078
WT_heat_up,Adora2b,WT_39,39,WT,5,4.2956821100000004,0.204240122,0.0913389593,0.88657737700000006
WT_heat_up,Adora2b,cGASKO_37,37,cGASKO,5,2.77507616,0.285179421,0.127536114,-0.850037462
WT_heat_up,Adora2b,cGASKO_39,39,cGASKO,5,4.25934714,0.0567014149,0.0253576436,0.845080865
WT_heat_up,Gfpt2,WT_37,37,WT,5,2.9298098,0.258935355,0.115799411,-0.892926059
WT_heat_up,Gfpt2,WT_39,39,WT,5,4.54973475,0.236604419,0.105812713,0.849599939
WT_heat_up,Gfpt2,cGASKO_37,37,cGASKO,5,2.98036238,0.171062262,0.0765013693,-0.838547501
WT_heat_up,Gfpt2,cGASKO_39,39,cGASKO,5,4.57973772,0.141488991,0.0632758004,0.881873622
WT_heat_up,Cystm1,WT_37,37,WT,5,2.44022645,0.149386922,0.0668078624,-0.794122403
WT_heat_up,Cystm1,WT_39,39,WT,5,3.4759766,0.125341451,0.0560544009,0.850389259
WT_heat_up,Cystm1,cGASKO_37,37,cGASKO,5,2.35153145,0.108163302,0.048372099,-0.934947835
WT_heat_up,Cystm1,cGASKO_39,39,cGASKO,5,3.49379535,0.102038957,0.0456332089,0.878680979
WT_heat_up,Ildr1,WT_37,37,WT,5,1.06613646,0.175343575,0.0784160306,-0.71970474
WT_heat_up,Ildr1,WT_39,39,WT,5,2.44233905,0.0900050706,0.0402514912,0.910121687
WT_heat_up,Ildr1,cGASKO_37,37,cGASKO,5,0.829860729,0.201467051,0.0900988044,-0.999524319
WT_heat_up,Ildr1,cGASKO_39,39,cGASKO,5,2.35704398,0.161989433,0.0724438769,0.809107371
WT_heat_up,Scn9a,WT_37,37,WT,5,0.351758882,0.206871222,0.0925156228,-0.854975653
WT_heat_up,Scn9a,WT_39,39,WT,5,1.83273371,0.0657247946,0.0293930217,0.77881014
WT_heat_up,Scn9a,cGASKO_37,37,cGASKO,5,0.335562865,0.216514586,0.0968282663,-0.872842819
WT_heat_up,Scn9a,cGASKO_39,39,cGASKO,5,1.98701296,0.146390706,0.0654679142,0.949008331
WT_heat_up,Npr3,WT_37,37,WT,5,-0.378040354,0.188992985,0.0845202321,-0.990395259
WT_heat_up,Npr3,WT_39,39,WT,5,1.386962,0.231500415,0.103530133,0.893697354
WT_heat_up,Npr3,cGASKO_37,37,cGASKO,5,-0.135334693,0.16221277,0.072543756,-0.731313484
WT_heat_up,Npr3,cGASKO_39,39,cGASKO,5,1.32542793,0.294534434,0.131719803,0.828011389
WT_heat_up,Gm44851,WT_37,37,WT,5,1.98942849,0.200891806,0.0898415468,-0.780656574
WT_heat_up,Gm44851,WT_39,39,WT,5,3.18010311,0.0924035678,0.0413241318,0.982292189
WT_heat_up,Gm44851,cGASKO_37,37,cGASKO,5,1.88243484,0.118464535,0.0529789507,-0.939074603
WT_heat_up,Gm44851,cGASKO_39,39,cGASKO,5,3.01473217,0.159316373,0.0712484478,0.737438987
WT_heat_up,Syt15,WT_37,37,WT,5,0.17315589,0.269302794,0.120435871,-0.915039816
WT_heat_up,Syt15,WT_39,39,WT,5,1.80076621,0.225022991,0.100633341,0.828959963
WT_heat_up,Syt15,cGASKO_37,37,cGASKO,5,0.266694035,0.166260171,0.0743538087,-0.814812813
WT_heat_up,Syt15,cGASKO_39,39,cGASKO,5,1.86789834,0.17747383,0.0793687097,0.900892666
WT_heat_up,Tex15,WT_37,37,WT,5,2.93627471,0.159016032,0.0711141312,-0.713231996
WT_heat_up,Tex15,WT_39,39,WT,5,4.1510221,0.0886059107,0.0396257679,0.994282463
WT_heat_up,Tex15,cGASKO_37,37,cGASKO,5,2.73520693,0.189560514,0.0847740389,-0.995863711
WT_heat_up,Tex15,cGASKO_39,39,cGASKO,5,3.95220417,0.227976761,0.101954307,0.714813244
WT_heat_up,Fam160a1,WT_37,37,WT,5,0.883284678,0.353252303,0.157979232,-0.797472284
WT_heat_up,Fam160a1,WT_39,39,WT,5,2.36367721,0.0938286917,0.0419614666,0.911826112
WT_heat_up,Fam160a1,cGASKO_37,37,cGASKO,5,0.767901644,0.0692771645,0.0309816898,-0.930696433
WT_heat_up,Fam160a1,cGASKO_39,39,cGASKO,5,2.28098066,0.129744108,0.0580233291,0.816342605
WT_heat_up,Plxnb2,WT_37,37,WT,5,2.94594657,0.260909482,0.116682268,-0.846315639
WT_heat_up,Plxnb2,WT_39,39,WT,5,4.12449228,0.11577259,0.051775076,0.89216186
WT_heat_up,Plxnb2,cGASKO_37,37,cGASKO,5,2.91964448,0.0901103898,0.0402985914,-0.885113958
WT_heat_up,Plxnb2,cGASKO_39,39,cGASKO,5,4.08863439,0.161155259,0.0720708228,0.839267737
WT_heat_up,Bcam,WT_37,37,WT,5,2.05339978,0.202498346,0.0905600133,-0.784815396
WT_heat_up,Bcam,WT_39,39,WT,5,3.68052256,0.252718695,0.113019236,0.887261269
WT_heat_up,Bcam,cGASKO_37,37,cGASKO,5,1.89918104,0.0636812613,0.0284791258,-0.943294867
WT_heat_up,Bcam,cGASKO_39,39,cGASKO,5,3.63535808,0.32136599,0.14371924,0.840848993
WT_heat_up,Pak1,WT_37,37,WT,5,2.45623688,0.21725401,0.0971589468,-0.950985729
WT_heat_up,Pak1,WT_39,39,WT,5,3.7389867,0.22748189,0.101732994,0.912537735
WT_heat_up,Pak1,cGASKO_37,37,cGASKO,5,2.57725073,0.144197357,0.0644870184,-0.775182039
WT_heat_up,Pak1,cGASKO_39,39,cGASKO,5,3.67090393,0.145634826,0.065129874200000007,0.813630034
WT_heat_up,Nab2,WT_37,37,WT,5,5.21896,0.0813673562,0.0363885879,-0.832738872
WT_heat_up,Nab2,WT_39,39,WT,5,6.2726502,0.204889427,0.0916293375,0.854953842
WT_heat_up,Nab2,cGASKO_37,37,cGASKO,5,5.17782859,0.0365676029,0.0163535292,-0.898618935
WT_heat_up,Nab2,cGASKO_39,39,cGASKO,5,6.28604232,0.173350799,0.0775248341,0.876403964
WT_heat_up,Cdkn1a,WT_37,37,WT,5,6.19975164,0.221866485,0.0992217086,-0.87059001
WT_heat_up,Cdkn1a,WT_39,39,WT,5,7.30848239,0.156934751,0.0701833544,0.776078933
WT_heat_up,Cdkn1a,cGASKO_37,37,cGASKO,5,6.20891093,0.0586896209,0.0262467964,-0.856986783
WT_heat_up,Cdkn1a,cGASKO_39,39,cGASKO,5,7.42659499,0.0854383481,0.0382091909,0.95149786
WT_heat_up,Pxdc1,WT_37,37,WT,5,0.586867823,0.127152437,0.0568642986,-0.835098545
WT_heat_up,Pxdc1,WT_39,39,WT,5,2.17373617,0.216131626,0.0966570015,0.87746828
WT_heat_up,Pxdc1,cGASKO_37,37,cGASKO,5,0.530129495,0.273067699,0.122119587,-0.89633121
WT_heat_up,Pxdc1,cGASKO_39,39,cGASKO,5,2.15195471,0.247366045,0.110625458,0.853961474
WT_heat_up,Cd80,WT_37,37,WT,5,4.38510712,0.336260036,0.15038006,-0.863728129
WT_heat_up,Cd80,WT_39,39,WT,5,5.88147204,0.135225653,0.0604747503,0.807364271
WT_heat_up,Cd80,cGASKO_37,37,cGASKO,5,4.38271598,0.133376379,0.0596477302,-0.866398479
WT_heat_up,Cd80,cGASKO_39,39,cGASKO,5,5.98480421,0.0765942211,0.034253977,0.922762337
WT_heat_up,Pla1a,WT_37,37,WT,5,1.42955789,0.284918937,0.127419622,-0.823185146
WT_heat_up,Pla1a,WT_39,39,WT,5,2.87787801,0.223480589,0.0999435575,0.873682361
WT_heat_up,Pla1a,cGASKO_37,37,cGASKO,5,1.35734263,0.182899707,0.0817952355,-0.907793327
WT_heat_up,Pla1a,cGASKO_39,39,cGASKO,5,2.86389193,0.138258772,0.0618312026,0.857296112
WT_heat_up,Sphk1,WT_37,37,WT,5,3.27841817,0.264112921,0.118114889,-0.829427644
WT_heat_up,Sphk1,WT_39,39,WT,5,4.80217555,0.204160736,0.0913034567,0.886273858
WT_heat_up,Sphk1,cGASKO_37,37,cGASKO,5,3.21430054,0.173173877,0.0774457122,-0.901622021
WT_heat_up,Sphk1,cGASKO_39,39,cGASKO,5,4.7653201,0.180964175,0.0809296394,0.844775807
WT_heat_up,Dmwd,WT_37,37,WT,5,2.60849071,0.265330714,0.118659502,-0.847189051
WT_heat_up,Dmwd,WT_39,39,WT,5,3.6818842,0.119398933,0.0533968263,0.871715655
WT_heat_up,Dmwd,cGASKO_37,37,cGASKO,5,2.58510404,0.0615941927,0.0275457604,-0.88463987
WT_heat_up,Dmwd,cGASKO_39,39,cGASKO,5,3.67463893,0.102479418,0.0458301892,0.860113266
WT_heat_up,Epn2,WT_37,37,WT,5,1.53863124,0.258713017,0.115699979,-0.836690381
WT_heat_up,Epn2,WT_39,39,WT,5,2.82271276,0.103101193,0.0461082551,0.865350191
WT_heat_up,Epn2,cGASKO_37,37,cGASKO,5,1.49473716,0.100051433,0.0447443612,-0.894871659
WT_heat_up,Epn2,cGASKO_39,39,cGASKO,5,2.82336283,0.219362739,0.0981019991,0.866211849
WT_heat_up,Dagla,WT_37,37,WT,5,0.92270845,0.293922136,0.131445975,-0.877065788
WT_heat_up,Dagla,WT_39,39,WT,5,2.4507769,0.195277657,0.0873308229,0.852290182
WT_heat_up,Dagla,cGASKO_37,37,cGASKO,5,0.942377333,0.219800205,0.0982976402,-0.854805986
WT_heat_up,Dagla,cGASKO_39,39,cGASKO,5,2.47489174,0.187922048,0.0840412947,0.879581592
WT_heat_up,Gm36070,WT_37,37,WT,5,1.27810777,0.217740255,0.0973764022,-0.858835291
WT_heat_up,Gm36070,WT_39,39,WT,5,2.47563686,0.180162667,0.0805711941,0.823584535
WT_heat_up,Gm36070,cGASKO_37,37,cGASKO,5,1.26861276,0.109208577,0.0488395603,-0.872174923
WT_heat_up,Gm36070,cGASKO_39,39,cGASKO,5,2.53531412,0.0856386593,0.0382987727,0.907425679
WT_heat_up,Batf3,WT_37,37,WT,5,1.84751617,0.425538227,0.19030648,-0.778558625
WT_heat_up,Batf3,WT_39,39,WT,5,3.99458017,0.256147734,0.114552749,0.926693656
WT_heat_up,Batf3,cGASKO_37,37,cGASKO,5,1.63540068,0.0975126788,0.0436089957,-0.947026089
WT_heat_up,Batf3,cGASKO_39,39,cGASKO,5,3.83366536,0.32892115,0.14709801,0.798891058
WT_heat_up,Slc13a3,WT_37,37,WT,5,-0.0283762811,0.294871403,0.1318705,-0.840036388
WT_heat_up,Slc13a3,WT_39,39,WT,5,1.58239728,0.19333894,0.0864638025,0.877391618
WT_heat_up,Slc13a3,cGASKO_37,37,cGASKO,5,-0.0766942465,0.285441154,0.127653165,-0.89155364
WT_heat_up,Slc13a3,cGASKO_39,39,cGASKO,5,1.5606444,0.1322316,0.0591357695,0.85419841
WT_heat_up,Inhba,WT_37,37,WT,5,3.8847163,0.314044997,0.140445192,-0.821665789
WT_heat_up,Inhba,WT_39,39,WT,5,6.11917958,0.314034832,0.140440646,0.96903499
WT_heat_up,Inhba,cGASKO_37,37,cGASKO,5,3.7834333,0.285790776,0.12780952,-0.902834068
WT_heat_up,Inhba,cGASKO_39,39,cGASKO,5,5.85268358,0.321093254,0.143597268,0.755464867
WT_heat_up,Gprc5a,WT_37,37,WT,5,1.09872777,0.232691875,0.10406297,-0.727086207
WT_heat_up,Gprc5a,WT_39,39,WT,5,2.45375995,0.152701833,0.0682903359,0.92113772
WT_heat_up,Gprc5a,cGASKO_37,37,cGASKO,5,0.880463649,0.201546912,0.0901345191,-0.992576691
WT_heat_up,Gprc5a,cGASKO_39,39,cGASKO,5,2.35295815,0.211291806,0.0944925681,0.798525179
WT_heat_up,Tnfsf14,WT_37,37,WT,5,3.15157033,0.418085977,0.186973733,-0.882169981
WT_heat_up,Tnfsf14,WT_39,39,WT,5,5.18009464,0.279677824,0.125075725,0.854894235
WT_heat_up,Tnfsf14,cGASKO_37,37,cGASKO,5,3.18953731,0.190368555,0.085135406,-0.849658133
WT_heat_up,Tnfsf14,cGASKO_39,39,cGASKO,5,5.20583229,0.175434132,0.0784565288,0.876933879
WT_heat_up,Pla2g4c,WT_37,37,WT,5,1.87635499,0.261663388,0.117019425,-0.86825309
WT_heat_up,Pla2g4c,WT_39,39,WT,5,3.03626541,0.121900416,0.0545155233,0.888608708
WT_heat_up,Pla2g4c,cGASKO_37,37,cGASKO,5,1.87949568,0.105782182,0.0473072298,-0.863496027
WT_heat_up,Pla2g4c,cGASKO_39,39,cGASKO,5,3.00624646,0.169989533,0.0760216304,0.843140409
WT_heat_up,Gprin2,WT_37,37,WT,5,3.57992259,0.0762798532,0.0341133874,-0.900196389
WT_heat_up,Gprin2,WT_39,39,WT,5,4.9027397,0.244580288,0.10937963,0.83621342
WT_heat_up,Gprin2,cGASKO_37,37,cGASKO,5,3.63289368,0.113201071,0.0506250581,-0.830663333
WT_heat_up,Gprin2,cGASKO_39,39,cGASKO,5,4.94725455,0.266930163,0.119374798,0.894646301
WT_heat_up,Il9,WT_37,37,WT,5,1.59623877,0.492648312,0.220319023,-0.862898447
WT_heat_up,Il9,WT_39,39,WT,5,3.72363046,0.233510111,0.104428897,0.891648489
WT_heat_up,Il9,cGASKO_37,37,cGASKO,5,1.58912858,0.210454832,0.0941182623,-0.86876251
WT_heat_up,Il9,cGASKO_39,39,cGASKO,5,3.66102168,0.1965492,0.0878994744,0.840012467
WT_heat_up,Tnfrsf11b,WT_37,37,WT,5,0.813303026,0.0837583553,0.0374578752,-0.815504659
WT_heat_up,Tnfrsf11b,WT_39,39,WT,5,2.08590956,0.204945631,0.0916544727,0.985414338
WT_heat_up,Tnfrsf11b,cGASKO_37,37,cGASKO,5,0.749087155,0.247035264,0.110477529,-0.906379238
WT_heat_up,Tnfrsf11b,cGASKO_39,39,cGASKO,5,1.90999451,0.129620189,0.0579679108,0.736469559
WT_heat_up,Nr4a2,WT_37,37,WT,5,4.76542126,0.158981408,0.0710986473,-0.877253749
WT_heat_up,Nr4a2,WT_39,39,WT,5,5.87777458,0.188391365,0.0842511798,0.893547315
WT_heat_up,Nr4a2,cGASKO_37,37,cGASKO,5,4.77985561,0.151991381,0.0679726121,-0.854275118
WT_heat_up,Nr4a2,cGASKO_39,39,cGASKO,5,5.84287017,0.143983684,0.0643914609,0.837981551
WT_heat_up,Oaf,WT_37,37,WT,5,0.171640072,0.203631766,0.0910668944,-0.783415465
WT_heat_up,Oaf,WT_39,39,WT,5,1.52442476,0.255369163,0.114204562,0.946986167
WT_heat_up,Oaf,cGASKO_37,37,cGASKO,5,0.0485353979,0.0977219829,0.0437025993,-0.940883635
WT_heat_up,Oaf,cGASKO_39,39,cGASKO,5,1.39177847,0.144091556,0.0644397026,0.777312932
WT_heat_up,Ccl22,WT_37,37,WT,5,0.759299041,0.466574875,0.208658628,-0.923854317
WT_heat_up,Ccl22,WT_39,39,WT,5,2.79028966,0.0726080449,0.0324713048,0.88581365
WT_heat_up,Ccl22,cGASKO_37,37,cGASKO,5,0.891639489,0.395157896,0.176719984,-0.805935372
WT_heat_up,Ccl22,cGASKO_39,39,cGASKO,5,2.7433353,0.10574202,0.047289269,0.843976039
WT_heat_up,Egfr,WT_37,37,WT,5,0.215400564,0.237953865,0.106416204,-0.899324453
WT_heat_up,Egfr,WT_39,39,WT,5,1.60327784,0.164623702,0.0736219575,0.991410568
WT_heat_up,Egfr,cGASKO_37,37,cGASKO,5,0.272192451,0.121769156,0.054456822,-0.821955645
WT_heat_up,Egfr,cGASKO_39,39,cGASKO,5,1.41129596,0.237049884,0.106011931,0.72986953
WT_heat_up,Sh3pxd2b,WT_37,37,WT,5,0.43459967,0.195894992,0.0876069039,-0.825136042
WT_heat_up,Sh3pxd2b,WT_39,39,WT,5,1.75332435,0.135430735,0.0605664658,0.976353853
WT_heat_up,Sh3pxd2b,cGASKO_37,37,cGASKO,5,0.380862341,0.152082463,0.0680133453,-0.898545796
WT_heat_up,Sh3pxd2b,cGASKO_39,39,cGASKO,5,1.58567308,0.231398223,0.103484431,0.747327986
WT_heat_up,Serpine1,WT_37,37,WT,5,0.656800273,0.241728149,0.108104114,-0.664614694
WT_heat_up,Serpine1,WT_39,39,WT,5,2.04284579,0.145373547,0.0650130265,0.904520291
WT_heat_up,Serpine1,cGASKO_37,37,cGASKO,5,0.320816107,0.234359445,0.10480873,-1.04498064
WT_heat_up,Serpine1,cGASKO_39,39,cGASKO,5,1.95500399,0.187358303,0.0837891802,0.80507504
WT_heat_up,Gdf6,WT_37,37,WT,5,-0.704646203,0.0702820781,0.0314311009,-0.834687684
WT_heat_up,Gdf6,WT_39,39,WT,5,0.501902262,0.189145211,0.0845883098,0.959301066
WT_heat_up,Gdf6,cGASKO_37,37,cGASKO,5,-0.742885906,0.140589987,0.0628737537,-0.891545404
WT_heat_up,Gdf6,cGASKO_39,39,cGASKO,5,0.372524318,0.188856365,0.084459134,0.766932022
WT_heat_up,Dab2,WT_37,37,WT,5,2.67162187,0.227126181,0.101573916,-1.02007894
WT_heat_up,Dab2,WT_39,39,WT,5,3.71767739,0.107549449,0.048097576,0.867826206
WT_heat_up,Dab2,cGASKO_37,37,cGASKO,5,2.8507638,0.0771004944,0.0344803893,-0.696766312
WT_heat_up,Dab2,cGASKO_39,39,cGASKO,5,3.70725667,0.218141475,0.0975558332,0.849019046
WT_heat_up,Il2,WT_37,37,WT,5,-0.48485345,0.137584759,0.0615297747,-0.816961636
WT_heat_up,Il2,WT_39,39,WT,5,1.3567146,0.406199311,0.181657854,0.927979226
WT_heat_up,Il2,cGASKO_37,37,cGASKO,5,-0.584572654,0.200417284,0.0896293341,-0.911448567
WT_heat_up,Il2,cGASKO_39,39,cGASKO,5,1.22210329,0.375058554,0.167731284,0.800430978
WT_heat_up,Ccl4,WT_37,37,WT,5,3.63964201,0.576527678,0.257831016,-0.896891645
WT_heat_up,Ccl4,WT_39,39,WT,5,6.43630883,0.376709784,0.168469737,0.865225919
WT_heat_up,Ccl4,cGASKO_37,37,cGASKO,5,3.73850729,0.24299308,0.108669809,-0.83459883
WT_heat_up,Ccl4,cGASKO_39,39,cGASKO,5,6.43795726,0.343276301,0.153517829,0.866264556
WT_heat_up,Cd70,WT_37,37,WT,5,-0.129837584,0.241403111,0.107958753,-0.823653998
WT_heat_up,Cd70,WT_39,39,WT,5,1.31318165,0.195472579,0.087417995,1.01070043
WT_heat_up,Cd70,cGASKO_37,37,cGASKO,5,-0.185436423,0.286712607,0.128221776,-0.894330793
WT_heat_up,Cd70,cGASKO_39,39,cGASKO,5,1.0744953800000001,0.096183655,0.0430146382,0.707284364
WT_heat_up,F3,WT_37,37,WT,5,0.101539973,0.395696112,0.176960681,-0.931367195
WT_heat_up,F3,WT_39,39,WT,5,2.24849314,0.460030723,0.205731994,0.836316875
WT_heat_up,F3,cGASKO_37,37,cGASKO,5,0.263957969,0.133295298,0.0596114697,-0.797641081
WT_heat_up,F3,cGASKO_39,39,cGASKO,5,2.31696322,0.291448099,0.130339552,0.892691401
WT_heat_up,Adam8,WT_37,37,WT,5,1.45163784,0.319363129,0.142823533,-0.953789833
WT_heat_up,Adam8,WT_39,39,WT,5,2.79398053,0.217343875,0.0971991356,0.900586628
WT_heat_up,Adam8,cGASKO_37,37,cGASKO,5,1.58271412,0.112500771,0.0503118742,-0.772714789
WT_heat_up,Adam8,cGASKO_39,39,cGASKO,5,2.73992954,0.197379706,0.0882708879,0.825917995
WT_heat_up,Grp,WT_37,37,WT,5,-0.899384806,0.0740262701,0.0331055544,-0.860352319
WT_heat_up,Grp,WT_39,39,WT,5,0.114697338,0.0992898333,0.0444037634,0.723095609
WT_heat_up,Grp,cGASKO_37,37,cGASKO,5,-0.899642708,0.0934176038,0.0417776225,-0.860755022
WT_heat_up,Grp,cGASKO_39,39,cGASKO,5,0.290760931,0.166357075,0.0743971456,0.998011733
WT_heat_up,Uap1,WT_37,37,WT,5,6.33642389,0.274072039,0.122568742,-0.824515219
WT_heat_up,Uap1,WT_39,39,WT,5,7.38139817,0.0920387203,0.041160967,0.883075957
WT_heat_up,Uap1,cGASKO_37,37,cGASKO,5,6.28632096,0.0901289905,0.0403069099,-0.906388352
WT_heat_up,Uap1,cGASKO_39,39,cGASKO,5,7.35982766,0.0681932913,0.030496967,0.847827614
WT_heat_up,Hspa1a,WT_37,37,WT,5,0.897972263,0.173693883,0.077678266,-0.734565832
WT_heat_up,Hspa1a,WT_39,39,WT,5,2.30282733,0.225065182,0.100652209,0.94955852
WT_heat_up,Hspa1a,cGASKO_37,37,cGASKO,5,0.690109016,0.33335111,0.149079148,-0.98374994
WT_heat_up,Hspa1a,cGASKO_39,39,cGASKO,5,2.15200737,0.134498922,0.0601497463,0.768757251
WT_heat_up,Nr4a3,WT_37,37,WT,5,7.80430502,0.285768496,0.127799557,-0.868470011
WT_heat_up,Nr4a3,WT_39,39,WT,5,9.00516332,0.184789617,0.082640429,0.888383166
WT_heat_up,Nr4a3,cGASKO_37,37,cGASKO,5,7.80784949,0.0335150069,0.0149883667,-0.863284452
WT_heat_up,Nr4a3,cGASKO_39,39,cGASKO,5,8.97439645,0.092208874,0.0412370621,0.843371297
WT_heat_up,Mocos,WT_37,37,WT,5,1.39131758,0.25158938,0.112514191,-0.854957325
WT_heat_up,Mocos,WT_39,39,WT,5,2.70765369,0.272585228,0.12190382,0.900055512
WT_heat_up,Mocos,cGASKO_37,37,cGASKO,5,1.37527672,0.161053427,0.0720252824,-0.876343895
WT_heat_up,Mocos,cGASKO_39,39,cGASKO,5,2.65604333,0.172990687,0.0773637873,0.831245707
WT_heat_up,Igf2bp2,WT_37,37,WT,5,4.07946746,0.206119517,0.0921794501,-0.787155011
WT_heat_up,Igf2bp2,WT_39,39,WT,5,5.09669364,0.2026609,0.0906327096,0.804706998
WT_heat_up,Igf2bp2,cGASKO_37,37,cGASKO,5,3.98208469,0.0609926305,0.0272767336,-0.939549758
WT_heat_up,Igf2bp2,cGASKO_39,39,cGASKO,5,5.17164439,0.133461502,0.0596857982,0.921997771
WT_heat_up,Tgm1,WT_37,37,WT,5,0.798000005,0.3590752,0.160583311,-0.904740119
WT_heat_up,Tgm1,WT_39,39,WT,5,2.19421818,0.193852664,0.086693547,0.859145127
WT_heat_up,Tgm1,cGASKO_37,37,cGASKO,5,0.860010146,0.167268672,0.074804824,-0.826400807
WT_heat_up,Tgm1,cGASKO_39,39,cGASKO,5,2.20439024,0.163432215,0.0730891087,0.871995799
WT_heat_up,Ankrd33b,WT_37,37,WT,5,0.455117776,0.308863511,0.138127961,-0.731866208
WT_heat_up,Ankrd33b,WT_39,39,WT,5,1.83385636,0.234822111,0.105015641,0.738179795
WT_heat_up,Ankrd33b,cGASKO_37,37,cGASKO,5,0.219760185,0.153216479,0.0685204923,-0.982810435
WT_heat_up,Ankrd33b,cGASKO_39,39,cGASKO,5,2.05737107,0.156051131,0.0697881874,0.976496848
WT_heat_up,Ier3,WT_37,37,WT,5,1.70188875,0.300143894,0.13422843,-0.669072741
WT_heat_up,Ier3,WT_39,39,WT,5,2.95520542,0.205338706,0.091830261,0.817385622
WT_heat_up,Ier3,cGASKO_37,37,cGASKO,5,1.38750033,0.213483138,0.0954725618,-1.04194362
WT_heat_up,Ier3,cGASKO_39,39,cGASKO,5,3.01949197,0.0822314715,0.036775032,0.893630741
WT_heat_up,Il23a,WT_37,37,WT,5,-0.413454094,0.288323746,0.128942299,-0.872896683
WT_heat_up,Il23a,WT_39,39,WT,5,1.1943829,0.208796556,0.0933766584,0.840232519
WT_heat_up,Il23a,cGASKO_37,37,cGASKO,5,-0.40017419,0.275156066,0.123053534,-0.85874712
WT_heat_up,Il23a,cGASKO_39,39,cGASKO,5,1.24241612,0.302859179,0.135442742,0.891411285
WT_heat_up,Nppc,WT_37,37,WT,5,0.847352403,0.601396668,0.268952766,-0.795630721
WT_heat_up,Nppc,WT_39,39,WT,5,2.92771704,0.167902826,0.0750884264,0.908808966
WT_heat_up,Nppc,cGASKO_37,37,cGASKO,5,0.680228287,0.189929941,0.084939252,-0.932555264
WT_heat_up,Nppc,cGASKO_39,39,cGASKO,5,2.81856031,0.159762804,0.071448098,0.819377019
WT_heat_up,Adcy4,WT_37,37,WT,5,0.898798411,0.22833362200000001,0.1021139,-0.74113042
WT_heat_up,Adcy4,WT_39,39,WT,5,2.11348656,0.167325461,0.0748302209,0.953897296
WT_heat_up,Adcy4,cGASKO_37,37,cGASKO,5,0.729312352,0.230472711,0.10307053,-0.977638504
WT_heat_up,Adcy4,cGASKO_39,39,cGASKO,5,1.97802728,0.117495054,0.0525453856,0.764871628
WT_heat_up,Ccl20,WT_37,37,WT,5,4.65489781,0.173255972,0.077482426,-0.778975229
WT_heat_up,Ccl20,WT_39,39,WT,5,6.01920979,0.26936939,0.120465654,1.00516952
WT_heat_up,Ccl20,cGASKO_37,37,cGASKO,5,4.53414697,0.134694771,0.0602373328,-0.936884102
WT_heat_up,Ccl20,cGASKO_39,39,cGASKO,5,5.79402503,0.239137844,0.106945695,0.710689807
WT_heat_up,Mab21l3,WT_37,37,WT,5,3.73907595,0.186763707,0.0835232688,-0.95751964
WT_heat_up,Mab21l3,WT_39,39,WT,5,4.82277764,0.0975868293,0.0436421568,0.924601571
WT_heat_up,Mab21l3,cGASKO_37,37,cGASKO,5,3.84875452,0.24555215,0.10981426,-0.76703515
WT_heat_up,Mab21l3,cGASKO_39,39,cGASKO,5,4.75100669,0.15220776,0.0680693796,0.799953219
WT_heat_up,Fam71b,WT_37,37,WT,5,3.82652366,0.366419421,0.163867747,-0.898399206
WT_heat_up,Fam71b,WT_39,39,WT,5,5.2535089,0.18853057,0.0843134343,0.793219071
WT_heat_up,Fam71b,cGASKO_37,37,cGASKO,5,3.88416996,0.166974136,0.0746731037,-0.830062452
WT_heat_up,Fam71b,cGASKO_39,39,cGASKO,5,5.37331457,0.0331577969,0.0148286175,0.935242587
WT_heat_up,Gm12708,WT_37,37,WT,5,0.112244699,0.0867650962,0.0388025306,-0.861020296
WT_heat_up,Gm12708,WT_39,39,WT,5,1.13972856,0.121764625,0.0544547958,0.79648288
WT_heat_up,Gm12708,cGASKO_37,37,cGASKO,5,0.107709902,0.058817462,0.0263039687,-0.868335681
WT_heat_up,Gm12708,cGASKO_39,39,cGASKO,5,1.22427667,0.165901835,0.0741935562,0.932873098
WT_heat_up,Anxa3,WT_37,37,WT,5,3.8670472,0.210046224,0.0939355271,-0.89743087
WT_heat_up,Anxa3,WT_39,39,WT,5,4.86997831,0.172480991,0.0771358442,0.899659314
WT_heat_up,Anxa3,cGASKO_37,37,cGASKO,5,3.90281056,0.161583065,0.0722621435,-0.833348705
WT_heat_up,Anxa3,cGASKO_39,39,cGASKO,5,4.83172761,0.117687103,0.0526312725,0.831120261
WT_heat_up,Nr4a1,WT_37,37,WT,5,6.99904973,0.404014574,0.18068081,-0.891187176
WT_heat_up,Nr4a1,WT_39,39,WT,5,8.77480603,0.278009602,0.124329674,0.85948352
WT_heat_up,Nr4a1,cGASKO_37,37,cGASKO,5,7.05049459,0.0769707974,0.0344223871,-0.840469063
WT_heat_up,Nr4a1,cGASKO_39,39,cGASKO,5,8.78767706,0.240444425,0.107530016,0.872172718
WT_heat_up,Calca,WT_37,37,WT,5,2.78565181,0.0591652656,0.0264595112,-0.910253689
WT_heat_up,Calca,WT_39,39,WT,5,3.94915414,0.328435788,0.14688095,0.749970991
WT_heat_up,Calca,cGASKO_37,37,cGASKO,5,2.85366431,0.10930186,0.048881278,-0.813205298
WT_heat_up,Calca,cGASKO_39,39,cGASKO,5,4.10579713,0.200507729,0.0896697824,0.973487996
WT_heat_up,Eomes,WT_37,37,WT,5,1.68606711,0.275260704,0.123100329,-0.83855871
WT_heat_up,Eomes,WT_39,39,WT,5,2.91735481,0.153444467,0.0686224519,0.988665888
WT_heat_up,Eomes,cGASKO_37,37,cGASKO,5,1.65559107,0.221012336,0.0988397216,-0.883784994
WT_heat_up,Eomes,cGASKO_39,39,cGASKO,5,2.74552937,0.215686137,0.0964577727,0.733677815
WT_heat_up,Neo1,WT_37,37,WT,5,0.704310556,0.188939443,0.0844962875,-0.788236925
WT_heat_up,Neo1,WT_39,39,WT,5,1.71754988,0.119719754,0.0535403015,1.01676706
WT_heat_up,Neo1,cGASKO_37,37,cGASKO,5,0.626816976,0.102789439,0.0459688345,-0.926285476
WT_heat_up,Neo1,cGASKO_39,39,cGASKO,5,1.53847259,0.100077108,0.0447558435,0.697755345
WT_heat_up,Il1a,WT_37,37,WT,5,1.35627456,0.568905833,0.254422423,-0.86244429
WT_heat_up,Il1a,WT_39,39,WT,5,4.12942478,0.400677025,0.179188213,0.964316003
WT_heat_up,Il1a,cGASKO_37,37,cGASKO,5,1.35440358,0.393433773,0.175948932,-0.863676765
WT_heat_up,Il1a,cGASKO_39,39,cGASKO,5,3.82199895,0.365671891,0.163533441,0.761805052
WT_heat_up,Arhgef25,WT_37,37,WT,5,0.374662942,0.189943152,0.0849451598,-0.904084103
WT_heat_up,Arhgef25,WT_39,39,WT,5,1.57756404,0.294923604,0.131893846,0.922703573
WT_heat_up,Arhgef25,cGASKO_37,37,cGASKO,5,0.426662379,0.0755393691,0.0337822329,-0.825115076
WT_heat_up,Arhgef25,cGASKO_39,39,cGASKO,5,1.50104355,0.132695874,0.059343399,0.806495606
WT_heat_up,Sspo,WT_37,37,WT,5,2.08792072,0.0917006356,0.041009771,-0.768495567
WT_heat_up,Sspo,WT_39,39,WT,5,3.09727147,0.200775953,0.0897897359,0.80595139
WT_heat_up,Sspo,cGASKO_37,37,cGASKO,5,1.96733922,0.0711046185,0.0317989521,-0.956585964
WT_heat_up,Sspo,cGASKO_39,39,cGASKO,5,3.16982841,0.272971181,0.122076423,0.91913014
WT_heat_up,Fosl1,WT_37,37,WT,5,0.416571008,0.232736741,0.104083035,-0.949290229
WT_heat_up,Fosl1,WT_39,39,WT,5,1.68026553,0.256925853,0.114900735,0.832328893
WT_heat_up,Fosl1,cGASKO_37,37,cGASKO,5,0.538100986,0.130877084,0.0585300111,-0.777951247
WT_heat_up,Fosl1,cGASKO_39,39,cGASKO,5,1.72465586,0.210738905,0.0942453034,0.894912583
WT_heat_up,Spint1,WT_37,37,WT,5,0.459544178,0.147263051,0.0658580384,-0.906248455
WT_heat_up,Spint1,WT_39,39,WT,5,1.65988213,0.295511833,0.132156909,0.77296477
WT_heat_up,Spint1,cGASKO_37,37,cGASKO,5,0.521178418,0.0899704491,0.040236008,-0.820025212
WT_heat_up,Spint1,cGASKO_39,39,cGASKO,5,1.78879601,0.195810852,0.0875692754,0.953308898
WT_heat_up,Plaur,WT_37,37,WT,5,0.313677967,0.636275736,0.28455116,-0.824579807
WT_heat_up,Plaur,WT_39,39,WT,5,2.56339967,0.285177005,0.127535034,0.910408781
WT_heat_up,Plaur,cGASKO_37,37,cGASKO,5,0.208963573,0.182988344,0.0818348751,-0.905335697
WT_heat_up,Plaur,cGASKO_39,39,cGASKO,5,2.44552896,0.256025291,0.114497991,0.819506722
WT_heat_up,Tmem125,WT_37,37,WT,5,0.233416951,0.168490813,0.0753513823,-0.9486687
WT_heat_up,Tmem125,WT_39,39,WT,5,1.42706849,0.191646386,0.0857068693,0.91057323
WT_heat_up,Tmem125,cGASKO_37,37,cGASKO,5,0.343070845,0.103173227,0.04614047,-0.777870849
WT_heat_up,Tmem125,cGASKO_39,39,cGASKO,5,1.36632993,0.265551869,0.118758406,0.815966319
WT_heat_up,Hk2,WT_37,37,WT,5,5.22723733,0.293154919,0.131102865,-0.774327328
WT_heat_up,Hk2,WT_39,39,WT,5,6.57744382,0.203054681,0.0908088139,0.916818214
WT_heat_up,Hk2,cGASKO_37,37,cGASKO,5,5.08578003,0.0441500365,0.0197444966,-0.95150385
WT_heat_up,Hk2,cGASKO_39,39,cGASKO,5,6.49137237,0.258324224,0.115526105,0.809012964
WT_heat_up,S1pr3,WT_37,37,WT,5,2.53840277,0.358264522,0.160220765,-0.79943422
WT_heat_up,S1pr3,WT_39,39,WT,5,3.79988947,0.125965902,0.056333664,0.942126511
WT_heat_up,S1pr3,cGASKO_37,37,cGASKO,5,2.44624805,0.175950017,0.0786872396,-0.926659544
WT_heat_up,S1pr3,cGASKO_39,39,cGASKO,5,3.68532797,0.172443352,0.0771190115,0.783967253
WT_heat_up,Samd4,WT_37,37,WT,5,1.16419598,0.148064085,0.0662162718,-0.918132827
WT_heat_up,Samd4,WT_39,39,WT,5,2.33287132,0.330500032,0.147804108,0.802258129
WT_heat_up,Samd4,cGASKO_37,37,cGASKO,5,1.23763777,0.136065303,0.0608502535,-0.810020177
WT_heat_up,Samd4,cGASKO_39,39,cGASKO,5,2.41685875,0.172876988,0.0773129392,0.925894875
WT_heat_up,Tctex1d2,WT_37,37,WT,5,0.623427917,0.297708947,0.133139489,-0.898622984
WT_heat_up,Tctex1d2,WT_39,39,WT,5,1.81219092,0.229983383,0.102851695,0.888127952
WT_heat_up,Tctex1d2,cGASKO_37,37,cGASKO,5,0.667419222,0.126719882,0.0566708538,-0.832502567
WT_heat_up,Tctex1d2,cGASKO_39,39,cGASKO,5,1.78216474,0.109975822,0.049182683,0.842997599
WT_heat_up,Aplp1,WT_37,37,WT,5,2.43138384,0.242766115,0.108568307,-0.974108878
WT_heat_up,Aplp1,WT_39,39,WT,5,3.70925552,0.254383475,0.113763749,0.829970644
WT_heat_up,Aplp1,cGASKO_37,37,cGASKO,5,2.59006563,0.217799457,0.0974028784,-0.750084368
WT_heat_up,Aplp1,cGASKO_39,39,cGASKO,5,3.75476669,0.202053612,0.0903611223,0.894222603
WT_heat_up,Ccl3,WT_37,37,WT,5,2.93154587,0.567334017,0.253719486,-0.942044465
WT_heat_up,Ccl3,WT_39,39,WT,5,5.56788689,0.46309774,0.207103606,0.86949872
WT_heat_up,Ccl3,cGASKO_37,37,cGASKO,5,3.15791772,0.312962075,0.139960895,-0.786494641
WT_heat_up,Ccl3,cGASKO_39,39,cGASKO,5,5.55266686,0.366707765,0.163996698,0.859040385
WT_heat_up,Wnt3,WT_37,37,WT,5,-0.33032715,0.18553219,0.0829725177,-0.733196559
WT_heat_up,Wnt3,WT_39,39,WT,5,0.781528,0.108156826,0.0483692029,0.954828271
WT_heat_up,Wnt3,cGASKO_37,37,cGASKO,5,-0.495762812,0.245529924,0.10980432,-0.984361925
WT_heat_up,Wnt3,cGASKO_39,39,cGASKO,5,0.654998337,0.123107149,0.0550551905,0.762730214
WT_heat_up,Notch3,WT_37,37,WT,5,0.412041994,0.10220547,0.0457076756,-0.877668517
WT_heat_up,Notch3,WT_39,39,WT,5,1.48983716,0.212115016,0.0948607189,0.814996984
WT_heat_up,Notch3,cGASKO_37,37,cGASKO,5,0.42785493,0.211955756,0.0947894956,-0.852834474
WT_heat_up,Notch3,cGASKO_39,39,cGASKO,5,1.55383571,0.139726821,0.0624877341,0.915506007
WT_heat_up,Gm7334,WT_37,37,WT,5,3.31205502,0.176365301,0.0788729603,-0.86092759
WT_heat_up,Gm7334,WT_39,39,WT,5,4.36292989,0.260203558,0.116366569,0.906661632
WT_heat_up,Gm7334,cGASKO_37,37,cGASKO,5,3.3065816,0.131550285,0.0588310757,-0.870133971
WT_heat_up,Gm7334,cGASKO_39,39,cGASKO,5,4.31402331,0.184324845,0.0824325766,0.824399929
WT_heat_up,Fam110c,WT_37,37,WT,5,1.48463936,0.194853532,0.0871411488,-0.958190027
WT_heat_up,Fam110c,WT_39,39,WT,5,2.48505486,0.16187095,0.0723908895,0.746380109
WT_heat_up,Fam110c,cGASKO_37,37,cGASKO,5,1.60048762,0.181332459,0.0810943412,-0.760800552
WT_heat_up,Fam110c,cGASKO_39,39,cGASKO,5,2.6178299,0.183346271,0.0819949449,0.97261047
WT_heat_up,Cpm,WT_37,37,WT,5,2.80055352,0.443180108,0.19819617,-0.856453155
WT_heat_up,Cpm,WT_39,39,WT,5,4.36919075,0.268007638,0.119856659,0.88103926
WT_heat_up,Cpm,cGASKO_37,37,cGASKO,5,2.78343534,0.153959365,0.0688527211,-0.87541401
WT_heat_up,Cpm,cGASKO_39,39,cGASKO,5,4.34191544,0.0631594458,0.0282457628,0.850827906
WT_heat_up,Tmem205,WT_37,37,WT,5,1.06289421,0.20521259,0.09177386,-0.907669333
WT_heat_up,Tmem205,WT_39,39,WT,5,2.23681741,0.257903294,0.115337859,0.90106703
WT_heat_up,Tmem205,cGASKO_37,37,cGASKO,5,1.11811313,0.172439831,0.0771174366,-0.822590123
WT_heat_up,Tmem205,cGASKO_39,39,cGASKO,5,2.19016868,0.244204873,0.109211739,0.829192425
WT_heat_up,Clu,WT_37,37,WT,5,-0.0313819492,0.400449323,0.179086382,-0.78371076
WT_heat_up,Clu,WT_39,39,WT,5,1.51615372,0.239606418,0.107155248,0.95890307
WT_heat_up,Clu,cGASKO_37,37,cGASKO,5,-0.16959464,0.278013852,0.124331574,-0.939346169
WT_heat_up,Clu,cGASKO_39,39,cGASKO,5,1.34320585,0.268723115,0.120176631,0.76415386
WT_heat_up,Camk2n1,WT_37,37,WT,5,3.35291373,0.256904448,0.114891162,-0.979501347
WT_heat_up,Camk2n1,WT_39,39,WT,5,4.39559227,0.233241031,0.10430856,0.758411744
WT_heat_up,Camk2n1,cGASKO_37,37,cGASKO,5,3.49764729,0.061133768,0.0273398522,-0.738262724
WT_heat_up,Camk2n1,cGASKO_39,39,cGASKO,5,4.51614861,0.155681838,0.0696230347,0.959352328
WT_heat_up,Ano1,WT_37,37,WT,5,0.426480254,0.0928925223,0.0415427989,-0.693521043
WT_heat_up,Ano1,WT_39,39,WT,5,1.7431149,0.315774634,0.14121871,0.853630717
WT_heat_up,Ano1,cGASKO_37,37,cGASKO,5,0.146264598,0.315926552,0.141286649,-1.02279701
WT_heat_up,Ano1,cGASKO_39,39,cGASKO,5,1.75082213,0.2137229,0.0955797865,0.862687336
WT_heat_up,Bcl6b,WT_37,37,WT,5,-0.181518535,0.271530752,0.121432244,-0.840720036
WT_heat_up,Bcl6b,WT_39,39,WT,5,1.06413783,0.271809087,0.121556719,0.76898453
WT_heat_up,Bcl6b,cGASKO_37,37,cGASKO,5,-0.216473964,0.195106896,0.0872544564,-0.885891333
WT_heat_up,Bcl6b,cGASKO_39,39,cGASKO,5,1.21011709,0.149306445,0.066771872,0.957626838
WT_heat_up,Avpr1a,WT_37,37,WT,5,1.34311404,0.218967078,0.0979250544,-0.614565564
WT_heat_up,Avpr1a,WT_39,39,WT,5,2.39706723,0.263601903,0.117886355,1.08044764
WT_heat_up,Avpr1a,cGASKO_37,37,cGASKO,5,1.0702269,0.146326274,0.0654390989,-1.05343449
WT_heat_up,Avpr1a,cGASKO_39,39,cGASKO,5,2.09058673,0.119799622,0.0535760198,0.587552414
WT_heat_up,Atp2b4,WT_37,37,WT,5,5.72114968,0.2888875,0.129194418,-0.83100535
WT_heat_up,Atp2b4,WT_39,39,WT,5,6.89134127,0.207273081,0.09269534,0.91278528
WT_heat_up,Atp2b4,cGASKO_37,37,cGASKO,5,5.67548127,0.115711414,0.0517477176,-0.899059285
WT_heat_up,Atp2b4,cGASKO_39,39,cGASKO,5,6.82725087,0.166916957,0.0746475325,0.817279354
WT_heat_up,Hbegf,WT_37,37,WT,5,4.69217163,0.266760559,0.119298949,-0.891938424
WT_heat_up,Hbegf,WT_39,39,WT,5,6.65471038,0.409089543,0.182950405,0.852078658
WT_heat_up,Hbegf,cGASKO_37,37,cGASKO,5,4.75105808,0.356894247,0.15960796,-0.839608774
WT_heat_up,Hbegf,cGASKO_39,39,cGASKO,5,6.68553216,0.335024839,0.149827663,0.87946854
WT_heat_up,Sgms2,WT_37,37,WT,5,1.10876737,0.228426567,0.102155466,-0.796313209
WT_heat_up,Sgms2,WT_39,39,WT,5,2.4011141,0.304966904,0.136385346,0.884776312
WT_heat_up,Sgms2,cGASKO_37,37,cGASKO,5,1.00383472,0.172713705,0.0772399171,-0.932809993
WT_heat_up,Sgms2,cGASKO_39,39,cGASKO,5,2.37003376,0.320541551,0.143350539,0.84434689
WT_heat_up,Gfi1,WT_37,37,WT,5,3.76214743,0.306034023,0.136862576,-0.627599978
WT_heat_up,Gfi1,WT_39,39,WT,5,4.77993667,0.184622019,0.0825654769,1.00067998
WT_heat_up,Gfi1,cGASKO_37,37,cGASKO,5,3.49020599,0.0958457962,0.0428635432,-1.06265743
WT_heat_up,Gfi1,cGASKO_39,39,cGASKO,5,4.58547575,0.108368143,0.0484637069,0.689577429
WT_heat_up,4930459C07Rik,WT_37,37,WT,5,-0.164967746,0.223785236,0.1000798,-0.732190482
WT_heat_up,4930459C07Rik,WT_39,39,WT,5,1.04538968,0.191818037,0.0857836341,0.954903029
WT_heat_up,4930459C07Rik,cGASKO_37,37,cGASKO,5,-0.346492752,0.221410531,0.0990177996,-0.985214633
WT_heat_up,4930459C07Rik,cGASKO_39,39,cGASKO,5,0.907357071,0.267179447,0.119486281,0.762502085
WT_heat_up,Cd40lg,WT_37,37,WT,5,3.74118892,0.269564706,0.120553001,-0.878585871
WT_heat_up,Cd40lg,WT_39,39,WT,5,5.64781948,0.430597269,0.192568953,0.869496842
WT_heat_up,Cd40lg,cGASKO_37,37,cGASKO,5,3.76869622,0.233403055,0.104381019,-0.853365972
WT_heat_up,Cd40lg,cGASKO_39,39,cGASKO,5,5.64013896,0.394406077,0.17638376,0.862455
WT_heat_up,Trp73,WT_37,37,WT,5,-0.640817006,0.271783062,0.12154508,-0.964172771
WT_heat_up,Trp73,WT_39,39,WT,5,0.605837904,0.287134391,0.128410403,0.873030642
WT_heat_up,Trp73,cGASKO_37,37,cGASKO,5,-0.503565893,0.157322579,0.0703567962,-0.761904917
WT_heat_up,Trp73,cGASKO_39,39,cGASKO,5,0.592277811,0.24313555,0.108733524,0.853047046
WT_heat_up,Rnf152,WT_37,37,WT,5,1.01666762,0.172667005,0.0772190322,-0.850787608
WT_heat_up,Rnf152,WT_39,39,WT,5,2.20390657,0.371759582,0.16625594,0.842895006
WT_heat_up,Rnf152,cGASKO_37,37,cGASKO,5,0.995608662,0.139785043,0.0625137716,-0.880829747
WT_heat_up,Rnf152,cGASKO_39,39,cGASKO,5,2.23603066,0.2182275,0.097594305,0.888722348
WT_heat_up,Kdm6b,WT_37,37,WT,5,6.55179895,0.22151239,0.0990633526,-0.876079817
WT_heat_up,Kdm6b,WT_39,39,WT,5,7.65636624,0.283682137,0.126866508,0.876924311
WT_heat_up,Kdm6b,cGASKO_37,37,cGASKO,5,6.56455049,0.0480167018,0.0214737218,-0.855842481
WT_heat_up,Kdm6b,cGASKO_39,39,cGASKO,5,7.64255047,0.173561257,0.0776189539,0.854997986
WT_heat_up,Cd53,WT_37,37,WT,5,6.98121164,0.234981528,0.105086934,-0.79831442
WT_heat_up,Cd53,WT_39,39,WT,5,7.99642305,0.237107789,0.106037827,0.93357313
WT_heat_up,Cd53,cGASKO_37,37,cGASKO,5,6.90493396,0.065064602,0.0290977746,-0.928439392
WT_heat_up,Cd53,cGASKO_39,39,cGASKO,5,7.91412671,0.145934259,0.0652637848,0.793180682
WT_heat_up,Sh3gl3,WT_37,37,WT,5,0.429504389,0.377765624,0.168941923,-0.924624986
WT_heat_up,Sh3gl3,WT_39,39,WT,5,1.73481021,0.264439733,0.118261044,0.878852341
WT_heat_up,Sh3gl3,cGASKO_37,37,cGASKO,5,0.515900234,0.109076598,0.0487805376,-0.805256066
WT_heat_up,Sh3gl3,cGASKO_39,39,cGASKO,5,1.71467226,0.261102955,0.116768791,0.851028711
WT_heat_up,AA467197,WT_37,37,WT,5,2.33119498,0.460269466,0.205838763,-0.883248263
WT_heat_up,AA467197,WT_39,39,WT,5,4.09247422,0.360606917,0.161268316,0.879295721
WT_heat_up,AA467197,cGASKO_37,37,cGASKO,5,2.36589365,0.190475932,0.0851834264,-0.848524678
WT_heat_up,AA467197,cGASKO_39,39,cGASKO,5,4.06567497,0.213465505,0.0954646762,0.852477221
WT_heat_up,Ripk4,WT_37,37,WT,5,-0.0687041938,0.169318085,0.0757213496,-0.785293152
WT_heat_up,Ripk4,WT_39,39,WT,5,0.942167244,0.202180626,0.0904179246,0.842251626
WT_heat_up,Ripk4,cGASKO_37,37,cGASKO,5,-0.16658973,0.1145242,0.0512167791,-0.94289291
WT_heat_up,Ripk4,cGASKO_39,39,cGASKO,5,0.969298728,0.180919822,0.0809098039,0.885934436
WT_heat_up,Yap1,WT_37,37,WT,5,-0.113494757,0.18134545,0.0811001508,-1.07404223
WT_heat_up,Yap1,WT_39,39,WT,5,1.10004235,0.277501521,0.124102453,1.06184721
WT_heat_up,Yap1,cGASKO_37,37,cGASKO,5,0.159578576,0.200408565,0.0896254349,-0.593418732
WT_heat_up,Yap1,cGASKO_39,39,cGASKO,5,0.840826583,0.28825997,0.128913778,0.605613753
WT_heat_up,Pdgfb,WT_37,37,WT,5,7.10238636,0.248778576,0.111257162,-0.861551024
WT_heat_up,Pdgfb,WT_39,39,WT,5,8.43793695,0.31296027,0.139960087,0.93144469
WT_heat_up,Pdgfb,cGASKO_37,37,cGASKO,5,7.09764018,0.0704666647,0.0315136505,-0.867922841
WT_heat_up,Pdgfb,cGASKO_39,39,cGASKO,5,8.33855959,0.282048858,0.126136084,0.798029175
WT_heat_up,Casz1,WT_37,37,WT,5,2.99555454,0.331879731,0.148421128,-0.808691743
WT_heat_up,Casz1,WT_39,39,WT,5,4.10375482,0.179699951,0.0803642611,0.980890956
WT_heat_up,Casz1,cGASKO_37,37,cGASKO,5,2.93067787,0.0887939505,0.0397098619,-0.913458148
WT_heat_up,Casz1,cGASKO_39,39,cGASKO,5,3.95536253,0.205530107,0.0919158581,0.741258935
WT_heat_up,Zfp583,WT_37,37,WT,5,0.595057707,0.169963511,0.0760099927,-0.748403275
WT_heat_up,Zfp583,WT_39,39,WT,5,1.6666593,0.223272478,0.0998504875,0.895182659
WT_heat_up,Zfp583,cGASKO_37,37,cGASKO,5,0.446963564,0.239990408,0.107326973,-0.975545014
WT_heat_up,Zfp583,cGASKO_39,39,cGASKO,5,1.62335606,0.190236101,0.0850761709,0.828765631
WT_heat_up,2010003K11Rik,WT_37,37,WT,5,0.65593982,0.215892026,0.0965498491,-0.806703744
WT_heat_up,2010003K11Rik,WT_39,39,WT,5,1.66606969,0.236771577,0.105887468,0.918529984
WT_heat_up,2010003K11Rik,cGASKO_37,37,cGASKO,5,0.588591335,0.100321174,0.0448649927,-0.921730417
WT_heat_up,2010003K11Rik,cGASKO_39,39,cGASKO,5,1.60246893,0.175727927,0.0785879179,0.809904177
WT_heat_up,Dnah7a,WT_37,37,WT,5,4.09038896,0.347759106,0.1555226,-0.85010716
WT_heat_up,Dnah7a,WT_39,39,WT,5,5.18700494,0.0859431241,0.0384349335,0.858234598
WT_heat_up,Dnah7a,cGASKO_37,37,cGASKO,5,4.07006738,0.164057975,0.0733689568,-0.881764739
WT_heat_up,Dnah7a,cGASKO_39,39,cGASKO,5,5.19689222,0.146699624,0.0656060665,0.873637302
WT_heat_up,Egr2,WT_37,37,WT,5,5.80166837,0.264971487,0.118498852,-0.87714088
WT_heat_up,Egr2,WT_39,39,WT,5,6.95292807,0.253410812,0.11332876,0.901815473
WT_heat_up,Egr2,cGASKO_37,37,cGASKO,5,5.81659487,0.135165324,0.0604477707,-0.854076066
WT_heat_up,Egr2,cGASKO_39,39,cGASKO,5,6.90606502,0.193344453,0.086466268,0.829401473
WT_heat_up,Hspg2,WT_37,37,WT,5,0.678730553,0.188584742,0.0843376605,-0.876062145
WT_heat_up,Hspg2,WT_39,39,WT,5,1.71611945,0.278383049,0.124496684,0.968377802
WT_heat_up,Hspg2,cGASKO_37,37,cGASKO,5,0.6937085,0.0852523595,0.0381260142,-0.849431897
WT_heat_up,Hspg2,cGASKO_39,39,cGASKO,5,1.59729726,0.217312882,0.0971852754,0.757116241
WT_heat_up,Stra6,WT_37,37,WT,5,1.9880856,0.799816512,0.357688818,-0.814886217
WT_heat_up,Stra6,WT_39,39,WT,5,4.5496232,0.377818393,0.168965522,0.910938327
WT_heat_up,Stra6,cGASKO_37,37,cGASKO,5,1.84024144,0.264503654,0.11828963,-0.914495562
WT_heat_up,Stra6,cGASKO_39,39,cGASKO,5,4.41233862,0.307942809,0.137716211,0.818443452
WT_heat_up,Csf2,WT_37,37,WT,5,-0.0412591394,0.332398959,0.148653334,-0.819874785
WT_heat_up,Csf2,WT_39,39,WT,5,1.76440864,0.457129324,0.204434449,0.883193223
WT_heat_up,Csf2,cGASKO_37,37,cGASKO,5,-0.137660079,0.475386793,0.212599437,-0.910798131
WT_heat_up,Csf2,cGASKO_39,39,cGASKO,5,1.72654358,0.120678237,0.0539689484,0.847479694
WT_heat_up,Tal2,WT_37,37,WT,5,0.617072734,0.3295516,0.147379956,-0.876131845
WT_heat_up,Tal2,WT_39,39,WT,5,1.69734375,0.165227178,0.0738918405,1.04453728
WT_heat_up,Tal2,cGASKO_37,37,cGASKO,5,0.640251801,0.123610144,0.0552801371,-0.834920596
WT_heat_up,Tal2,cGASKO_39,39,cGASKO,5,1.48472705,0.209378313,0.0936368283,0.666515161
WT_heat_up,Bicd1,WT_37,37,WT,5,0.122583117,0.266759289,0.119298381,-0.73320105
WT_heat_up,Bicd1,WT_39,39,WT,5,1.15838893,0.244417491,0.109306825,0.811652677
WT_heat_up,Bicd1,cGASKO_37,37,cGASKO,5,-0.0482942997,0.102463501,0.0458230709,-0.988056363
WT_heat_up,Bicd1,cGASKO_39,39,cGASKO,5,1.2240646,0.121959052,0.0545417462,0.909604736
WT_heat_up,Sema4a,WT_37,37,WT,5,3.57600852,0.376018195,0.168160449,-0.859133328
WT_heat_up,Sema4a,WT_39,39,WT,5,4.75788328,0.221384983,0.0990063741,0.856375628
WT_heat_up,Sema4a,cGASKO_37,37,cGASKO,5,3.56656753,0.154800935,0.0692290826,-0.872837058
WT_heat_up,Sema4a,cGASKO_39,39,cGASKO,5,4.77112402,0.0920866919,0.0411824206,0.875594757
WT_heat_up,Timd2,WT_37,37,WT,5,0.707289144,0.445550658,0.199256312,-0.727282929
WT_heat_up,Timd2,WT_39,39,WT,5,2.33168773,0.35785269,0.160036588,0.9142268
WT_heat_up,Timd2,cGASKO_37,37,cGASKO,5,0.444486751,0.192891232,0.0862635812,-0.992853638
WT_heat_up,Timd2,cGASKO_39,39,cGASKO,5,2.2244998,0.339197749,0.151693845,0.805909767
WT_heat_up,Six5,WT_37,37,WT,5,0.551508582,0.322861917,0.144388239,-0.870605521
WT_heat_up,Six5,WT_39,39,WT,5,1.71170612,0.222510357,0.0995096566,1.00209042
WT_heat_up,Six5,cGASKO_37,37,cGASKO,5,0.564452781,0.305980137,0.136838477,-0.849712054
WT_heat_up,Six5,cGASKO_39,39,cGASKO,5,1.53584337,0.179721751,0.0803740104,0.71822716
WT_heat_up,Rgs16,WT_37,37,WT,5,7.68288419,0.221318064,0.0989764471,-0.913690824
WT_heat_up,Rgs16,WT_39,39,WT,5,8.79701073,0.306049223,0.136869373,0.863247974
WT_heat_up,Rgs16,cGASKO_37,37,cGASKO,5,7.74350375,0.128390659,0.0574180483,-0.817007693
WT_heat_up,Rgs16,cGASKO_39,39,cGASKO,5,8.79964571,0.207999691,0.0930202899,0.867450542
WT_heat_up,Oas3,WT_37,37,WT,5,2.38387925,0.321033601,0.143570591,-0.29000562
WT_heat_up,Oas3,WT_39,39,WT,5,3.69663128,0.253613347,0.113419337,1.45596276
WT_heat_up,Oas3,cGASKO_37,37,cGASKO,5,1.98225804,0.158725073,0.0709840105,-0.824164337
WT_heat_up,Oas3,cGASKO_39,39,cGASKO,5,2.3449417,0.35423585,0.158419088,-0.341792804
WT_heat_up,Gpr183,WT_37,37,WT,5,2.77892447,0.150716633,0.0674025272,-0.697048657
WT_heat_up,Gpr183,WT_39,39,WT,5,3.90758279,0.259151276,0.115895974,0.9065513
WT_heat_up,Gpr183,cGASKO_37,37,cGASKO,5,2.55258776,0.259238185,0.115934841,-1.01862829
WT_heat_up,Gpr183,cGASKO_39,39,cGASKO,5,3.8390119,0.27975209,0.125108938,0.809125648
WT_heat_up,Sdc4,WT_37,37,WT,5,3.71905477,0.414275112,0.185269463,-0.746272153
WT_heat_up,Sdc4,WT_39,39,WT,5,5.01680612,0.247440206,0.110658624,0.869482727
WT_heat_up,Sdc4,cGASKO_37,37,cGASKO,5,3.53294988,0.159260037,0.0712232538,-0.977980548
WT_heat_up,Sdc4,cGASKO_39,39,cGASKO,5,5.00498904,0.167666111,0.0749825644,0.854769974
WT_heat_up,Ptgs2,WT_37,37,WT,5,-0.496689001,0.185840759,0.0831105139,-0.84884521
WT_heat_up,Ptgs2,WT_39,39,WT,5,0.508630127,0.169117937,0.0756318407,0.976922799
WT_heat_up,Ptgs2,cGASKO_37,37,cGASKO,5,-0.511356231,0.299055007,0.133741465,-0.875482483
WT_heat_up,Ptgs2,cGASKO_39,39,cGASKO,5,0.382251124,0.210116561,0.0939669828,0.747404894
WT_heat_up,Gm867,WT_37,37,WT,5,-0.315634346,0.311113503,0.139134188,-0.911215597
WT_heat_up,Gm867,WT_39,39,WT,5,0.785826284,0.17757612,0.0794144552,0.885731289
WT_heat_up,Gm867,cGASKO_37,37,cGASKO,5,-0.259340184,0.214619422,0.0959807234,-0.819376075
WT_heat_up,Gm867,cGASKO_39,39,cGASKO,5,0.760773961,0.283819965,0.126928147,0.844860383
WT_heat_up,Il3,WT_37,37,WT,5,0.991241791,0.452354891,0.202299257,-0.791320479
WT_heat_up,Il3,WT_39,39,WT,5,3.00418059,0.526035742,0.235250336,0.900083902
WT_heat_up,Il3,cGASKO_37,37,cGASKO,5,0.817964452,0.38897928,0.173956822,-0.936919565
WT_heat_up,Il3,cGASKO_39,39,cGASKO,5,2.91857943,0.317408145,0.141949238,0.828156142
WT_heat_up,Cldn4,WT_37,37,WT,5,1.11866935,0.412910499,0.184659189,-0.65550669
WT_heat_up,Cldn4,WT_39,39,WT,5,2.66652465,0.359801653,0.160908191,0.98414867
WT_heat_up,Cldn4,cGASKO_37,37,cGASKO,5,0.751902828,0.142725912,0.0638289681,-1.04402537
WT_heat_up,Cldn4,cGASKO_39,39,cGASKO,5,2.41280685,0.401682307,0.179637789,0.715383392
WT_heat_up,Emilin2,WT_37,37,WT,5,-0.033035914,0.261424846,0.116912745,-1.0388525
WT_heat_up,Emilin2,WT_39,39,WT,5,1.02472087,0.153773375,0.0687695439,0.901356275
WT_heat_up,Emilin2,cGASKO_37,37,cGASKO,5,0.166692401,0.286389762,0.128077395,-0.672497368
WT_heat_up,Emilin2,cGASKO_39,39,cGASKO,5,0.974912059,0.243823116,0.109041012,0.809993598
WT_heat_up,Egr3,WT_37,37,WT,5,6.07822711,0.303106502,0.135553348,-0.930704826
WT_heat_up,Egr3,WT_39,39,WT,5,7.18520051,0.280048071,0.125241305,0.857189781
WT_heat_up,Egr3,cGASKO_37,37,cGASKO,5,6.15989602,0.101331173,0.0453166782,-0.798799769
WT_heat_up,Egr3,cGASKO_39,39,cGASKO,5,7.19456516,0.202409216,0.0905201531,0.872314814
WT_heat_up,Slc35d3,WT_37,37,WT,5,0.141944341,0.438067205,0.19590961,-0.847829902
WT_heat_up,Slc35d3,WT_39,39,WT,5,1.24060461,0.165979975,0.0742285013,1.0562169
WT_heat_up,Slc35d3,cGASKO_37,37,cGASKO,5,0.134656664,0.138358852,0.0618759595,-0.860459902
WT_heat_up,Slc35d3,cGASKO_39,39,cGASKO,5,1.00740815,0.186812772,0.0835452114,0.652072899
WT_heat_up,Cd83,WT_37,37,WT,5,3.84778717,0.314025594,0.140436515,-0.735795102
WT_heat_up,Cd83,WT_39,39,WT,5,4.86898257,0.143536734,0.0641915789,0.918272411
WT_heat_up,Cd83,cGASKO_37,37,cGASKO,5,3.69373967,0.252420768,0.112885999,-0.98531146
WT_heat_up,Cd83,cGASKO_39,39,cGASKO,5,4.79771279,0.14460067,0.0646673855,0.802834151
WT_heat_up,Myo16,WT_37,37,WT,5,-0.115610568,0.221759079,0.0991736749,-0.875170992
WT_heat_up,Myo16,WT_39,39,WT,5,0.90692818100000006,0.20597302,0.0921139346,0.752296793
WT_heat_up,Myo16,cGASKO_37,37,cGASKO,5,-0.0996475762,0.340847103,0.152431458,-0.84976437
WT_heat_up,Myo16,cGASKO_39,39,cGASKO,5,1.04536902,0.148174195,0.0662655144,0.972638569
WT_heat_up,Mcf2l,WT_37,37,WT,5,-0.133850547,0.347683557,0.155488814,-0.853699173
WT_heat_up,Mcf2l,WT_39,39,WT,5,1.27683191,0.322306003,0.144139626,0.975331854
WT_heat_up,Mcf2l,cGASKO_37,37,cGASKO,5,-0.14713069,0.246001826,0.110015361,-0.870917643
WT_heat_up,Mcf2l,cGASKO_39,39,cGASKO,5,1.10248802,0.447255205,0.200018608,0.749284962
WT_heat_up,Vill,WT_37,37,WT,5,1.50445118,0.332467124,0.148683818,-0.802897031
WT_heat_up,Vill,WT_39,39,WT,5,2.64202075,0.303300509,0.135640111,0.817812831
WT_heat_up,Vill,cGASKO_37,37,cGASKO,5,1.41823905,0.213151142,0.0953240884,-0.925724552
WT_heat_up,Vill,cGASKO_39,39,cGASKO,5,2.7072942,0.272286224,0.121770101,0.910808753
WT_heat_up,Ppef1,WT_37,37,WT,5,1.13689791,0.472935687,0.211503269,-0.829167544
WT_heat_up,Ppef1,WT_39,39,WT,5,2.38351352,0.225640265,0.100909394,0.933627729
WT_heat_up,Ppef1,cGASKO_37,37,cGASKO,5,1.08723693,0.229292147,0.102542565,-0.899391377
WT_heat_up,Ppef1,cGASKO_39,39,cGASKO,5,2.28542994,0.249498496,0.111579119,0.794931191
WT_heat_up,Tnfsf9,WT_37,37,WT,5,2.26977318,0.536380924,0.239876842,-0.791068092
WT_heat_up,Tnfsf9,WT_39,39,WT,5,3.79993935,0.389006328,0.173968919,0.796547311
WT_heat_up,Tnfsf9,cGASKO_37,37,cGASKO,5,2.13066461,0.120182741,0.0537473557,-0.93539942
WT_heat_up,Tnfsf9,cGASKO_39,39,cGASKO,5,3.92848603,0.243452052,0.108875068,0.929920201
WT_heat_up,Mst1r,WT_37,37,WT,5,1.11782496,0.222087398,0.0993205038,-0.765460156
WT_heat_up,Mst1r,WT_39,39,WT,5,2.16312581,0.294043568,0.131500281,0.974801475
WT_heat_up,Mst1r,cGASKO_37,37,cGASKO,5,1.00471854,0.11963159,0.0535008737,-0.953764571
WT_heat_up,Mst1r,cGASKO_39,39,cGASKO,5,2.02474745,0.398683692,0.178296767,0.744423252
WT_heat_up,Spry1,WT_37,37,WT,5,5.16953859,0.247147972,0.110527933,-0.854397459
WT_heat_up,Spry1,WT_39,39,WT,5,6.21713963,0.316746499,0.141653341,0.902309325
WT_heat_up,Spry1,cGASKO_37,37,cGASKO,5,5.15617739,0.188853,0.0844576291,-0.876802663
WT_heat_up,Spry1,cGASKO_39,39,cGASKO,5,6.17335695,0.209063894,0.0934962156,0.828890797
WT_heat_up,Anxa2,WT_37,37,WT,5,7.29265647,0.462044386,0.206632531,-0.852921302
WT_heat_up,Anxa2,WT_39,39,WT,5,8.40745185,0.197639503,0.0883870727,0.815825248
WT_heat_up,Anxa2,cGASKO_37,37,cGASKO,5,7.27615068,0.0940653563,0.0420673062,-0.877628953
WT_heat_up,Anxa2,cGASKO_39,39,cGASKO,5,8.47352119,0.113041457,0.0505536764,0.914725007
WT_heat_up,Lamc2,WT_37,37,WT,5,3.10781762,0.292088887,0.130626121,-0.659697805
WT_heat_up,Lamc2,WT_39,39,WT,5,4.13225776,0.25275372,0.1130349,0.962437216
WT_heat_up,Lamc2,cGASKO_37,37,cGASKO,5,2.86527354,0.204214803,0.0913276363,-1.04375074
WT_heat_up,Lamc2,cGASKO_39,39,cGASKO,5,3.99241887,0.240382696,0.10750241,0.741011334
WT_heat_up,Gm43430,WT_37,37,WT,5,1.39332266,0.243230059,0.108775789,-0.787599795
WT_heat_up,Gm43430,WT_39,39,WT,5,2.41284548,0.237813624,0.106353486,0.957728213
WT_heat_up,Gm43430,cGASKO_37,37,cGASKO,5,1.30667196,0.322363336,0.144165267,-0.935937699
WT_heat_up,Gm43430,cGASKO_39,39,cGASKO,5,2.3007372,0.277178844,0.123958147,0.765809281
WT_heat_up,Cth,WT_37,37,WT,5,2.42105651,0.611433547,0.273441395,-0.798427107
WT_heat_up,Cth,WT_39,39,WT,5,3.87260292,0.170996179,0.076471816,0.895491052
WT_heat_up,Cth,cGASKO_37,37,cGASKO,5,2.30784123,0.252269151,0.112818194,-0.930546492
WT_heat_up,Cth,cGASKO_39,39,cGASKO,5,3.81946681,0.117113622,0.0523748038,0.833482547
WT_heat_up,Egr1,WT_37,37,WT,5,5.29068706,0.421959541,0.188706044,-0.900851037
WT_heat_up,Egr1,WT_39,39,WT,5,6.70201368,0.368931606,0.16499123,0.880255387
WT_heat_up,Egr1,cGASKO_37,37,cGASKO,5,5.34654455,0.190592694,0.0852356438,-0.830358399
WT_heat_up,Egr1,cGASKO_39,39,cGASKO,5,6.67879567,0.312360426,0.139691829,0.850954049
WT_heat_up,Ccn1,WT_37,37,WT,5,-0.466550804,0.180955994,0.0809259809,-0.775527305
WT_heat_up,Ccn1,WT_39,39,WT,5,0.907217779,0.538392573,0.240776478,0.995380201
WT_heat_up,Ccn1,cGASKO_37,37,cGASKO,5,-0.595437897,0.146030244,0.0653067103,-0.941674008
WT_heat_up,Ccn1,cGASKO_39,39,cGASKO,5,0.695006311,0.440294362,0.196905625,0.721821112
WT_heat_up,Plk3,WT_37,37,WT,5,5.15147279,0.201891381,0.0902885706,-0.96705259
WT_heat_up,Plk3,WT_39,39,WT,5,6.18445092,0.339676356,0.151907884,0.908048441
WT_heat_up,Plk3,cGASKO_37,37,cGASKO,5,5.26695353,0.130791999,0.05849196,-0.757427583
WT_heat_up,Plk3,cGASKO_39,39,cGASKO,5,6.13398001,0.297676451,0.133124956,0.816431732
WT_heat_up,Sp7,WT_37,37,WT,5,-0.479828694,0.35334876,0.158022369,-0.86952033
WT_heat_up,Sp7,WT_39,39,WT,5,0.521524099,0.301694584,0.13492192,1.04139224
WT_heat_up,Sp7,cGASKO_37,37,cGASKO,5,-0.465650211,0.169052219,0.0756024507,-0.842463093
WT_heat_up,Sp7,cGASKO_39,39,cGASKO,5,0.327217626,0.310871302,0.139025873,0.670591179
WT_heat_up,Areg,WT_37,37,WT,5,0.487820345,0.459587929,0.20553397,-0.935078085
WT_heat_up,Areg,WT_39,39,WT,5,2.33115282,0.520880266,0.232944737,0.852092981
WT_heat_up,Areg,cGASKO_37,37,cGASKO,5,0.63332324,0.390360462,0.174574506,-0.794008275
WT_heat_up,Areg,cGASKO_39,39,cGASKO,5,2.35683571,0.525625791,0.235067,0.876993378
WT_heat_up,Pkib,WT_37,37,WT,5,1.52469382,0.534404204,0.238992826,-0.804963458
WT_heat_up,Pkib,WT_39,39,WT,5,2.66437343,0.28341868,0.126748687,0.91895047
WT_heat_up,Pkib,cGASKO_37,37,cGASKO,5,1.4464437,0.124181245,0.0555355411,-0.923326971
WT_heat_up,Pkib,cGASKO_39,39,cGASKO,5,2.59190992,0.170547913,0.0762713453,0.809339959
WT_heat_up,Esyt3,WT_37,37,WT,5,0.385984232,0.37938978,0.169668268,-0.912128406
WT_heat_up,Esyt3,WT_39,39,WT,5,1.39099132,0.354289906,0.158443263,0.77731997
WT_heat_up,Esyt3,cGASKO_37,37,cGASKO,5,0.444195874,0.226335147,0.101220155,-0.814272814
WT_heat_up,Esyt3,cGASKO_39,39,cGASKO,5,1.49316745,0.309040613,0.138207164,0.94908125
WT_heat_up,Adm,WT_37,37,WT,5,0.85605172,0.616221134,0.275582469,-0.594617731
WT_heat_up,Adm,WT_39,39,WT,5,1.95664909,0.205334117,0.0918282086,0.778580666
WT_heat_up,Adm,cGASKO_37,37,cGASKO,5,0.452763088,0.188691717,0.0843855013,-1.09779475
WT_heat_up,Adm,cGASKO_39,39,cGASKO,5,2.0650508,0.225961244,0.10105294,0.913831815
WT_heat_up,Ak4,WT_37,37,WT,5,3.36227805,0.3858817,0.172571543,-0.798084421
WT_heat_up,Ak4,WT_39,39,WT,5,4.53731391,0.384949948,0.17215485,0.803100673
WT_heat_up,Ak4,cGASKO_37,37,cGASKO,5,3.26594706,0.104400999,0.0466895461,-0.92935169
WT_heat_up,Ak4,cGASKO_39,39,cGASKO,5,4.62628251,0.448507609,0.2005787,0.924335438
WT_heat_up,Il24,WT_37,37,WT,5,0.00241117799,0.594861536,0.266030166,-0.9219927
WT_heat_up,Il24,WT_39,39,WT,5,1.12073476,0.243212899,0.108768115,0.882464216
WT_heat_up,Il24,cGASKO_37,37,cGASKO,5,0.0730555355,0.232866954,0.104141268,-0.808005387
WT_heat_up,Il24,cGASKO_39,39,cGASKO,5,1.09908646,0.312679277,0.139834424,0.847533872
WT_heat_up,Tgm2,WT_37,37,WT,5,2.05498758,0.863872842,0.38633568,-0.788439146
WT_heat_up,Tgm2,WT_39,39,WT,5,3.7159532,0.623146416,0.278679549,0.908465955
WT_heat_up,Tgm2,cGASKO_37,37,cGASKO,5,1.90744425,0.186309311,0.0833200568,-0.939174967
WT_heat_up,Tgm2,cGASKO_39,39,cGASKO,5,3.6285271,0.225193658,0.100709665,0.819148158
WT_heat_up,Atf3,WT_37,37,WT,5,2.61169039,0.659095039,0.294756262,-0.687690702
WT_heat_up,Atf3,WT_39,39,WT,5,3.68342666,0.152194807,0.0680635868,1.08340941
WT_heat_up,Atf3,cGASKO_37,37,cGASKO,5,2.42494445,0.181144899,0.0810104614,-0.996298112
WT_heat_up,Atf3,cGASKO_39,39,cGASKO,5,3.39125434,0.165465847,0.0739985762,0.600579404
WT_heat_up,P4ha2,WT_37,37,WT,5,3.23325189,0.421623167,0.188555612,-0.955747861
WT_heat_up,P4ha2,WT_39,39,WT,5,4.24974233,0.462908495,0.207018972,0.759135243
WT_heat_up,P4ha2,cGASKO_37,37,cGASKO,5,3.34625931,0.0852142787,0.0381089839,-0.76509726
WT_heat_up,P4ha2,cGASKO_39,39,cGASKO,5,4.36981768,0.257283284,0.115060582,0.961709878
WT_heat_up,Cpne6,WT_37,37,WT,5,0.638863152,0.526565528,0.235487263,-0.84479944
WT_heat_up,Cpne6,WT_39,39,WT,5,1.66874019,0.33852707,0.151393908,1.08974921
WT_heat_up,Cpne6,cGASKO_37,37,cGASKO,5,0.634237701,0.261899396,0.117124971,-0.853488009
WT_heat_up,Cpne6,cGASKO_39,39,cGASKO,5,1.41256254,0.359825157,0.160918702,0.608538243
KO_heat_up,Gja5,WT_37,37,WT,5,3.80184147,0.14606912,0.0653240965,-0.940152618
KO_heat_up,Gja5,WT_39,39,WT,5,5.60598921,0.0820077158,0.0366749654,0.840805426
KO_heat_up,Gja5,cGASKO_37,37,cGASKO,5,3.95572428,0.129606016,0.0579615726,-0.788247748
KO_heat_up,Gja5,cGASKO_39,39,cGASKO,5,5.65338796,0.0638816298,0.0285687333,0.88759494
KO_heat_up,Il1rn,WT_37,37,WT,5,4.11310403,0.225729353,0.100949235,-0.843715645
KO_heat_up,Il1rn,WT_39,39,WT,5,6.00118149,0.0545426587,0.0243922185,0.87562373
KO_heat_up,Il1rn,cGASKO_37,37,cGASKO,5,4.06447682,0.0986915653,0.0441362098,-0.887997026
KO_heat_up,Il1rn,cGASKO_39,39,cGASKO,5,5.97972954,0.0756771757,0.0338438619,0.856088941
KO_heat_up,Hsph1,WT_37,37,WT,5,6.90531627,0.112283297,0.0502146172,-0.767603566
KO_heat_up,Hsph1,WT_39,39,WT,5,7.92916312,0.0853360043,0.0381634213,0.876373021
KO_heat_up,Hsph1,cGASKO_37,37,cGASKO,5,6.78608576,0.0228949313,0.0102389245,-0.959050328
KO_heat_up,Hsph1,cGASKO_39,39,cGASKO,5,7.91291328,0.0786131276,0.0351568594,0.850280873
KO_heat_up,Timp1,WT_37,37,WT,5,1.57173267,0.185439137,0.0829309031,-0.897029202
KO_heat_up,Timp1,WT_39,39,WT,5,3.70591864,0.110579279,0.0494525571,0.848264081
KO_heat_up,Timp1,cGASKO_37,37,cGASKO,5,1.64846572,0.101294754,0.0453003912,-0.834278502
KO_heat_up,Timp1,cGASKO_39,39,cGASKO,5,3.74844788,0.133809909,0.0598416107,0.88304362300000006
KO_heat_up,Plek2,WT_37,37,WT,5,0.859123345,0.166538308,0.0744781956,-0.784598631
KO_heat_up,Plek2,WT_39,39,WT,5,2.71149842,0.0957632244,0.0428266159,0.796818564
KO_heat_up,Plek2,cGASKO_37,37,cGASKO,5,0.675494789,0.180669238,0.0807977394,-0.94136675
KO_heat_up,Plek2,cGASKO_39,39,cGASKO,5,2.86649962,0.0779540645,0.0348621175,0.929146816
KO_heat_up,Sdc1,WT_37,37,WT,5,2.6694759,0.145391867,0.0650212194,-0.872066252
KO_heat_up,Sdc1,WT_39,39,WT,5,4.1626396,0.0255832484,0.0114411765,0.886605979
KO_heat_up,Sdc1,cGASKO_37,37,cGASKO,5,2.67996268,0.0861040446,0.0385068994,-0.859714755
KO_heat_up,Sdc1,cGASKO_39,39,cGASKO,5,4.12746352,0.0870782429,0.0389425741,0.845175029
KO_heat_up,Fam83g,WT_37,37,WT,5,3.69402446,0.0695849166,0.0311193207,-0.801661807
KO_heat_up,Fam83g,WT_39,39,WT,5,5.3175331,0.202298471,0.0904706265,0.884632166
KO_heat_up,Fam83g,cGASKO_37,37,cGASKO,5,3.57252454,0.163897562,0.0732972181,-0.92786045
KO_heat_up,Fam83g,cGASKO_39,39,cGASKO,5,5.27927073,0.0836255501,0.0373984829,0.84489009
KO_heat_up,Gap43,WT_37,37,WT,5,4.6682076,0.262214727,0.117265991,-0.885664441
KO_heat_up,Gap43,WT_39,39,WT,5,6.56248162,0.129458302,0.0578955127,0.814873376
KO_heat_up,Gap43,cGASKO_37,37,cGASKO,5,4.71385863,0.0734952083,0.0328680563,-0.844682359
KO_heat_up,Gap43,cGASKO_39,39,cGASKO,5,6.67454267,0.0496271667,0.0221939437,0.915473424
KO_heat_up,Csgalnact1,WT_37,37,WT,5,4.34987423,0.0962222473,0.0430318972,-0.857852727
KO_heat_up,Csgalnact1,WT_39,39,WT,5,5.26572626,0.0751871488,0.0336247151,0.758008492
KO_heat_up,Csgalnact1,cGASKO_37,37,cGASKO,5,4.34422085,0.0718564227,0.0321351692,-0.867827137
KO_heat_up,Csgalnact1,cGASKO_39,39,cGASKO,5,5.38456083,0.0757531395,0.0338778339,0.967671372
KO_heat_up,Crabp2,WT_37,37,WT,5,4.21772784,0.183211274,0.0819345726,-0.781231454
KO_heat_up,Crabp2,WT_39,39,WT,5,5.75863167,0.137058411,0.0612943846,0.874466576
KO_heat_up,Crabp2,cGASKO_37,37,cGASKO,5,4.06364318,0.136747007,0.0611551206,-0.946795107
KO_heat_up,Crabp2,cGASKO_39,39,cGASKO,5,5.73917459,0.101665868,0.0454663582,0.853559985
KO_heat_up,Epcam,WT_37,37,WT,5,4.80689825,0.110995103,0.0496385189,-0.832457559
KO_heat_up,Epcam,WT_39,39,WT,5,5.93732553,0.171266623,0.0765927623,0.781957081
KO_heat_up,Epcam,cGASKO_37,37,cGASKO,5,4.7629987,0.0789740679,0.0353182769,-0.895152495
KO_heat_up,Epcam,cGASKO_39,39,cGASKO,5,6.05194683,0.113107352,0.0505831454,0.945652974
KO_heat_up,Plek,WT_37,37,WT,5,5.7571942,0.150818347,0.0674480153,-0.849510786
KO_heat_up,Plek,WT_39,39,WT,5,6.91250123,0.094638219,0.0423234982,0.922034295
KO_heat_up,Plek,cGASKO_37,37,cGASKO,5,5.73696964,0.0685165008,0.0306415107,-0.880523075
KO_heat_up,Plek,cGASKO_39,39,cGASKO,5,6.83813387,0.0946215888,0.042316061,0.807999566
KO_heat_up,Idi2,WT_37,37,WT,5,2.90582264,0.162681278,0.0727532793,-0.872122631
KO_heat_up,Idi2,WT_39,39,WT,5,4.89437803,0.167300352,0.0748189918,0.845376526
KO_heat_up,Idi2,cGASKO_37,37,cGASKO,5,2.92024896,0.275460266,0.123189576,-0.859662734
KO_heat_up,Idi2,cGASKO_39,39,cGASKO,5,4.94188608,0.132054924,0.0590567573,0.886408839
KO_heat_up,C3,WT_37,37,WT,5,2.80869123,0.0296095364,0.0132417872,-0.904944715
KO_heat_up,C3,WT_39,39,WT,5,4.47559519,0.163041473,0.0729143634,0.886459514
KO_heat_up,C3,cGASKO_37,37,cGASKO,5,2.88219581,0.146580544,0.0655528123,-0.825950115
KO_heat_up,C3,cGASKO_39,39,cGASKO,5,4.43649162,0.224612211,0.100449635,0.844435315
KO_heat_up,Fah,WT_37,37,WT,5,3.00071804,0.10309239,0.0461043185,-0.878422974
KO_heat_up,Fah,WT_39,39,WT,5,4.25331889,0.107365001,0.0480150882,0.812481385
KO_heat_up,Fah,cGASKO_37,37,cGASKO,5,3.02034912,0.160807272,0.0719151983,-0.851922682
KO_heat_up,Fah,cGASKO_39,39,cGASKO,5,4.33138521,0.121982253,0.054552122,0.917864271
KO_heat_up,Rpl10a-ps2,WT_37,37,WT,5,0.86565866,0.165400182,0.0739692101,-0.777414574
KO_heat_up,Rpl10a-ps2,WT_39,39,WT,5,2.90248608,0.25012405,0.111858876,0.894428294
KO_heat_up,Rpl10a-ps2,cGASKO_37,37,cGASKO,5,0.655649017,0.257973949,0.115369457,-0.949792028
KO_heat_up,Rpl10a-ps2,cGASKO_39,39,cGASKO,5,2.82737712,0.175525155,0.0784972357,0.832778308
KO_heat_up,Rab34,WT_37,37,WT,5,2.26059141,0.127973912,0.057231673499999997,-0.75939982
KO_heat_up,Rab34,WT_39,39,WT,5,3.45765242,0.183765177,0.0821822854,0.840156012
KO_heat_up,Rab34,cGASKO_37,37,cGASKO,5,2.10584907,0.0887587277,0.0396941097,-0.966172082
KO_heat_up,Rab34,cGASKO_39,39,cGASKO,5,3.49152359,0.0884302506,0.0395472103,0.88541589
KO_heat_up,Gm9745,WT_37,37,WT,5,1.07456391,0.0835156188,0.0373493202,-0.768084949
KO_heat_up,Gm9745,WT_39,39,WT,5,3.05154933,0.195811568,0.0875695954,0.867286384
KO_heat_up,Gm9745,cGASKO_37,37,cGASKO,5,0.844125676,0.377482319,0.168815225,-0.9587045
KO_heat_up,Gm9745,cGASKO_39,39,cGASKO,5,3.04214015,0.187047377,0.0836501301,0.859503065
KO_heat_up,Itga3,WT_37,37,WT,5,4.28945625,0.246760652,0.110354719,-0.776474535
KO_heat_up,Itga3,WT_39,39,WT,5,6.05735345,0.123682632,0.0553125544,0.944615851
KO_heat_up,Itga3,cGASKO_37,37,cGASKO,5,4.11388903,0.127060785,0.0568233105,-0.947393437
KO_heat_up,Itga3,cGASKO_39,39,cGASKO,5,5.88749249,0.164046412,0.0733637856,0.77925212
KO_heat_up,B3gnt5,WT_37,37,WT,5,4.72327397,0.176783096,0.0790598039,-0.846561711
KO_heat_up,B3gnt5,WT_39,39,WT,5,5.81255202,0.0577910037,0.0258449226,0.841049697
KO_heat_up,B3gnt5,cGASKO_37,37,cGASKO,5,4.69851247,0.105482474,0.0471731966,-0.884924534
KO_heat_up,B3gnt5,cGASKO_39,39,cGASKO,5,5.84442903,0.116465122,0.0520847861,0.890436548
KO_heat_up,Ophn1,WT_37,37,WT,5,1.07344398,0.191819219,0.0857841624,-0.859398872
KO_heat_up,Ophn1,WT_39,39,WT,5,2.92304243,0.205457221,0.091883262499999993,0.935089934
KO_heat_up,Ophn1,cGASKO_37,37,cGASKO,5,1.0627608,0.07427,0.0332145538,-0.869763743
KO_heat_up,Ophn1,cGASKO_39,39,cGASKO,5,2.77769446,0.165065232,0.0738194157,0.794072682
KO_heat_up,Adora2a,WT_37,37,WT,5,3.84696454,0.152033746,0.0679915583,-0.863360942
KO_heat_up,Adora2a,WT_39,39,WT,5,5.00230937,0.0571392257,0.0255534386,0.872872858
KO_heat_up,Adora2a,cGASKO_37,37,cGASKO,5,3.8434393,0.143260874,0.0640682106,-0.86865862
KO_heat_up,Adora2a,cGASKO_39,39,cGASKO,5,4.99317556,0.145584659,0.0651074387,0.859146704
KO_heat_up,Aldh1a2,WT_37,37,WT,5,0.791548972,0.413967462,0.185131877,-0.804037545
KO_heat_up,Aldh1a2,WT_39,39,WT,5,2.91111282,0.162075611,0.0724824167,0.81673343
KO_heat_up,Aldh1a2,cGASKO_37,37,cGASKO,5,0.633877733,0.304500903,0.136176944,-0.924604316
KO_heat_up,Aldh1a2,cGASKO_39,39,cGASKO,5,3.03557796,0.0571288184,0.0255487843,0.911908432
KO_heat_up,Irf6,WT_37,37,WT,5,2.40050847,0.25094562,0.112226293,-0.735734184
KO_heat_up,Irf6,WT_39,39,WT,5,3.63534591,0.120142072,0.0537291679,0.86102873
KO_heat_up,Irf6,cGASKO_37,37,cGASKO,5,2.20606552,0.13725744,0.0613833931,-0.98716752
KO_heat_up,Irf6,cGASKO_39,39,cGASKO,5,3.63599879,0.0455404057,0.0203662886,0.861872975
KO_heat_up,Klrc1,WT_37,37,WT,5,3.26565259,0.202757524,0.0906759212,-0.859050185
KO_heat_up,Klrc1,WT_39,39,WT,5,4.58653923,0.116157666,0.0519472876,0.892486643
KO_heat_up,Klrc1,cGASKO_37,37,cGASKO,5,3.25546198,0.128250533,0.0573553822,-0.872563242
KO_heat_up,Klrc1,cGASKO_39,39,cGASKO,5,4.54629895,0.130781079,0.0584870765,0.839126784
KO_heat_up,Upp1,WT_37,37,WT,5,3.19491583,0.226939727,0.101490531,-0.917239019
KO_heat_up,Upp1,WT_39,39,WT,5,4.67013624,0.142862736,0.0638901576,0.811134132
KO_heat_up,Upp1,cGASKO_37,37,cGASKO,5,3.28511727,0.104535039,0.0467494907,-0.811558706
KO_heat_up,Upp1,cGASKO_39,39,cGASKO,5,4.76106246,0.171923033,0.0768863179,0.917663593
KO_heat_up,Slc4a11,WT_37,37,WT,5,6.22996937,0.201816033,0.0902548738,-0.877147538
KO_heat_up,Slc4a11,WT_39,39,WT,5,7.56675989,0.122876639,0.0549521033,0.912916311
KO_heat_up,Slc4a11,cGASKO_37,37,cGASKO,5,6.24761793,0.0918132769,0.0410601457,-0.853514778
KO_heat_up,Slc4a11,cGASKO_39,39,cGASKO,5,7.49568825,0.0744149092,0.0332793591,0.817746005
KO_heat_up,Plk2,WT_37,37,WT,5,3.73341428,0.303620806,0.135783352,-0.810449207
KO_heat_up,Plk2,WT_39,39,WT,5,5.6538974,0.204163999,0.0913049161,0.908673287
KO_heat_up,Plk2,cGASKO_37,37,cGASKO,5,3.6123895,0.17095696,0.0764542769,-0.918784666
KO_heat_up,Plk2,cGASKO_39,39,cGASKO,5,5.55546407,0.068344027,0.030564378,0.820560586
KO_heat_up,Neb,WT_37,37,WT,5,4.89163581,0.120907918,0.0540716646,-0.816272581
KO_heat_up,Neb,WT_39,39,WT,5,5.99364413,0.133691129,0.0597884906,0.882194413
KO_heat_up,Neb,cGASKO_37,37,cGASKO,5,4.82808061,0.097852022,0.0437607546,-0.914226837
KO_heat_up,Neb,cGASKO_39,39,cGASKO,5,5.9716558300000004,0.158518731,0.0708917315,0.848305005
KO_heat_up,1110002J07Rik,WT_37,37,WT,5,1.46508296,0.353833902,0.158239332,-0.841294411
KO_heat_up,1110002J07Rik,WT_39,39,WT,5,3.16036038,0.0859935652,0.0384574915,0.821588825
KO_heat_up,1110002J07Rik,cGASKO_37,37,cGASKO,5,1.41612238,0.154624846,0.0691503332,-0.889319427
KO_heat_up,1110002J07Rik,cGASKO_39,39,cGASKO,5,3.24949988,0.184359078,0.0824478863,0.909025013
KO_heat_up,Ptpn5,WT_37,37,WT,5,3.77986431,0.207684119,0.0928791617,-0.898419629
KO_heat_up,Ptpn5,WT_39,39,WT,5,4.93904713,0.0844253829,0.037756179,0.875400146
KO_heat_up,Ptpn5,cGASKO_37,37,cGASKO,5,3.82264312,0.119625548,0.0534981715,-0.832958081
KO_heat_up,Ptpn5,cGASKO_39,39,cGASKO,5,4.92635456,0.070172145,0.0313819373,0.855977564
KO_heat_up,Spp1,WT_37,37,WT,5,4.71632168,0.138832905,0.0620879626,-0.978119022
KO_heat_up,Spp1,WT_39,39,WT,5,6.16070102,0.0758414938,0.0339173471,0.752580286
KO_heat_up,Spp1,cGASKO_37,37,cGASKO,5,4.91577156,0.198007544,0.0885516656,-0.739132102
KO_heat_up,Spp1,cGASKO_39,39,cGASKO,5,6.33770416,0.17721574,0.0792532881,0.964670839
KO_heat_up,Il17f,WT_37,37,WT,5,3.29267561,0.157252115,0.0703252839,-0.786195888
KO_heat_up,Il17f,WT_39,39,WT,5,4.90776077,0.118727946,0.0530967514,0.99554534
KO_heat_up,Il17f,cGASKO_37,37,cGASKO,5,3.16052643,0.203952298,0.0912102405,-0.93198117
KO_heat_up,Il17f,cGASKO_39,39,cGASKO,5,4.66037426,0.20402031,0.0912406563,0.722631718
KO_heat_up,Ttc39c,WT_37,37,WT,5,3.90229619,0.118847441,0.0531501914,-0.909602922
KO_heat_up,Ttc39c,WT_39,39,WT,5,5.15220354,0.197175641,0.0881796275,0.908750873
KO_heat_up,Ttc39c,cGASKO_37,37,cGASKO,5,3.96376292,0.105383603,0.0471289802,-0.820181681
KO_heat_up,Ttc39c,cGASKO_39,39,cGASKO,5,5.09190817,0.0961394135,0.0429948528,0.82103373
KO_heat_up,Tanc2,WT_37,37,WT,5,3.44570779,0.184100306,0.08233216,-0.778692539
KO_heat_up,Tanc2,WT_39,39,WT,5,4.55082737,0.128733539,0.0575713887,0.948219506
KO_heat_up,Tanc2,cGASKO_37,37,cGASKO,5,3.33925607,0.0693546851,0.0310163581,-0.945039022
KO_heat_up,Tanc2,cGASKO_39,39,cGASKO,5,4.44030502,0.120740647,0.0539968588,0.775512055
KO_heat_up,Scn9a,WT_37,37,WT,5,0.351758882,0.206871222,0.0925156228,-0.854975653
KO_heat_up,Scn9a,WT_39,39,WT,5,1.83273371,0.0657247946,0.0293930217,0.77881014
KO_heat_up,Scn9a,cGASKO_37,37,cGASKO,5,0.335562865,0.216514586,0.0968282663,-0.872842819
KO_heat_up,Scn9a,cGASKO_39,39,cGASKO,5,1.98701296,0.146390706,0.0654679142,0.949008331
KO_heat_up,Ildr1,WT_37,37,WT,5,1.06613646,0.175343575,0.0784160306,-0.71970474
KO_heat_up,Ildr1,WT_39,39,WT,5,2.44233905,0.0900050706,0.0402514912,0.910121687
KO_heat_up,Ildr1,cGASKO_37,37,cGASKO,5,0.829860729,0.201467051,0.0900988044,-0.999524319
KO_heat_up,Ildr1,cGASKO_39,39,cGASKO,5,2.35704398,0.161989433,0.0724438769,0.809107371
KO_heat_up,Cystm1,WT_37,37,WT,5,2.44022645,0.149386922,0.0668078624,-0.794122403
KO_heat_up,Cystm1,WT_39,39,WT,5,3.4759766,0.125341451,0.0560544009,0.850389259
KO_heat_up,Cystm1,cGASKO_37,37,cGASKO,5,2.35153145,0.108163302,0.048372099,-0.934947835
KO_heat_up,Cystm1,cGASKO_39,39,cGASKO,5,3.49379535,0.102038957,0.0456332089,0.878680979
KO_heat_up,Ptger2,WT_37,37,WT,5,4.40297371,0.115219671,0.0515278036,-0.816529736
KO_heat_up,Ptger2,WT_39,39,WT,5,5.70375231,0.176784282,0.0790603344,0.928096912
KO_heat_up,Ptger2,cGASKO_37,37,cGASKO,5,4.33190542,0.170815268,0.07639091,-0.911847749
KO_heat_up,Ptger2,cGASKO_39,39,cGASKO,5,5.60845355,0.123867694,0.0553953166,0.800280573
KO_heat_up,Tmeff2,WT_37,37,WT,5,3.28358959,0.101165417,0.0452425498,-0.922470153
KO_heat_up,Tmeff2,WT_39,39,WT,5,4.33828972,0.164381545,0.0735136618,0.775734902
KO_heat_up,Tmeff2,cGASKO_37,37,cGASKO,5,3.35770393,0.0899008233,0.0402048704,-0.803136385
KO_heat_up,Tmeff2,cGASKO_39,39,cGASKO,5,4.4464404,0.162842208,0.0728252493,0.949871636
KO_heat_up,Fosl2,WT_37,37,WT,5,4.80286509,0.276211088,0.123525354,-0.803269303
KO_heat_up,Fosl2,WT_39,39,WT,5,6.38449477,0.203989514,0.091226884,0.902990992
KO_heat_up,Fosl2,cGASKO_37,37,cGASKO,5,4.68932286,0.0424220475,0.0189717164,-0.92575852300000006
KO_heat_up,Fosl2,cGASKO_39,39,cGASKO,5,6.31316159,0.108316744,0.0484407204,0.826036834
KO_heat_up,Zbtb32,WT_37,37,WT,5,5.2985843,0.328014352,0.146692478,-0.794310253
KO_heat_up,Zbtb32,WT_39,39,WT,5,6.81108721,0.0621456781,0.0277923921,0.876300178
KO_heat_up,Zbtb32,cGASKO_37,37,cGASKO,5,5.17138219,0.0935540968,0.041838664,-0.934809273
KO_heat_up,Zbtb32,cGASKO_39,39,cGASKO,5,6.78982862,0.0958135142,0.0428491062,0.852819348
KO_heat_up,Dennd3,WT_37,37,WT,5,2.74787522,0.126054979,0.0563735003,-0.844685496
KO_heat_up,Dennd3,WT_39,39,WT,5,3.82184971,0.0633779716,0.0283434905,0.916296499
KO_heat_up,Dennd3,cGASKO_37,37,cGASKO,5,2.7229151,0.154353493,0.0690289805,-0.885612265
KO_heat_up,Dennd3,cGASKO_39,39,cGASKO,5,3.75946266,0.0873474334,0.0390629597,0.814001262
KO_heat_up,Lta,WT_37,37,WT,5,8.50609808,0.180670859,0.0807984644,-0.91159341
KO_heat_up,Lta,WT_39,39,WT,5,9.77504918,0.114409958,0.0511656885,0.870419351
KO_heat_up,Lta,cGASKO_37,37,cGASKO,5,8.57188286,0.0636701262,0.0284741461,-0.819210552
KO_heat_up,Lta,cGASKO_39,39,cGASKO,5,9.76790356,0.150082349,0.0671188671,0.860384611
KO_heat_up,Epha2,WT_37,37,WT,5,0.611578656,0.26680232,0.119317625,-0.837844184
KO_heat_up,Epha2,WT_39,39,WT,5,2.60882883,0.322908963,0.144409279,0.864284656
KO_heat_up,Epha2,cGASKO_37,37,cGASKO,5,0.545974928,0.256881709,0.114880993,-0.893754054
KO_heat_up,Epha2,cGASKO_39,39,cGASKO,5,2.61238292,0.194927982,0.0871744435,0.867313581
KO_heat_up,Ankrd33b,WT_37,37,WT,5,0.455117776,0.308863511,0.138127961,-0.731866208
KO_heat_up,Ankrd33b,WT_39,39,WT,5,1.83385636,0.234822111,0.105015641,0.738179795
KO_heat_up,Ankrd33b,cGASKO_37,37,cGASKO,5,0.219760185,0.153216479,0.0685204923,-0.982810435
KO_heat_up,Ankrd33b,cGASKO_39,39,cGASKO,5,2.05737107,0.156051131,0.0697881874,0.976496848
KO_heat_up,Olr1,WT_37,37,WT,5,2.20524264,0.100685241,0.0450278088,-0.786117753
KO_heat_up,Olr1,WT_39,39,WT,5,3.52516814,0.155739686,0.0696489049,0.906808439
KO_heat_up,Olr1,cGASKO_37,37,cGASKO,5,2.08419136,0.291344165,0.130293071,-0.941377184
KO_heat_up,Olr1,cGASKO_39,39,cGASKO,5,3.45802136,0.0633335759,0.0283236362,0.820686499
KO_heat_up,A530013C23Rik,WT_37,37,WT,5,0.759390288,0.083104783,0.0371655888,-0.903923687
KO_heat_up,A530013C23Rik,WT_39,39,WT,5,2.1979231,0.123220095,0.0551057018,0.821227613
KO_heat_up,A530013C23Rik,cGASKO_37,37,cGASKO,5,0.824246857,0.251716781,0.112571167,-0.826144861
KO_heat_up,A530013C23Rik,cGASKO_39,39,cGASKO,5,2.27098025,0.115240456,0.0515370988,0.908840935
KO_heat_up,Ier3,WT_37,37,WT,5,1.70188875,0.300143894,0.13422843,-0.669072741
KO_heat_up,Ier3,WT_39,39,WT,5,2.95520542,0.205338706,0.091830261,0.817385622
KO_heat_up,Ier3,cGASKO_37,37,cGASKO,5,1.38750033,0.213483138,0.0954725618,-1.04194362
KO_heat_up,Ier3,cGASKO_39,39,cGASKO,5,3.01949197,0.0822314715,0.036775032,0.893630741
KO_heat_up,Slc41a1,WT_37,37,WT,5,5.39084189,0.185993621,0.083178876,-0.875717486
KO_heat_up,Slc41a1,WT_39,39,WT,5,6.68613946,0.210762606,0.0942559027,0.862673032
KO_heat_up,Slc41a1,cGASKO_37,37,cGASKO,5,5.4053307,0.0441998776,0.0197667862,-0.856272374
KO_heat_up,Slc41a1,cGASKO_39,39,cGASKO,5,6.69108984,0.109469712,0.0489563435,0.869316828
KO_heat_up,Ebf1,WT_37,37,WT,5,0.258373774,0.489621431,0.218965361,-0.820021253
KO_heat_up,Ebf1,WT_39,39,WT,5,2.91816963,0.220134593,0.098447183,0.914114383
KO_heat_up,Ebf1,cGASKO_37,37,cGASKO,5,0.121185095,0.270546323,0.120991994,-0.909465628
KO_heat_up,Ebf1,cGASKO_39,39,cGASKO,5,2.76672054,0.297037887,0.132839381,0.815372498
KO_heat_up,Lzts3,WT_37,37,WT,5,2.03346758,0.112950586,0.0505130378,-0.718757872
KO_heat_up,Lzts3,WT_39,39,WT,5,2.83884084,0.0784474777,0.0350827786,0.760959865
KO_heat_up,Lzts3,cGASKO_37,37,cGASKO,5,1.8822116,0.0814434574,0.0364226214,-0.996661528
KO_heat_up,Lzts3,cGASKO_39,39,cGASKO,5,2.94415785,0.13782447,0.0616369766,0.954459535
KO_heat_up,Trpm6,WT_37,37,WT,5,0.74073395,0.149155242,0.0667042523,-0.896878023
KO_heat_up,Trpm6,WT_39,39,WT,5,2.41063734,0.242871236,0.108615319,0.879754262
KO_heat_up,Trpm6,cGASKO_37,37,cGASKO,5,0.799367768,0.246969106,0.110447942,-0.83449673
KO_heat_up,Trpm6,cGASKO_39,39,cGASKO,5,2.38419367,0.100130044,0.0447795172,0.85162049
KO_heat_up,Cdkn1a,WT_37,37,WT,5,6.19975164,0.221866485,0.0992217086,-0.87059001
KO_heat_up,Cdkn1a,WT_39,39,WT,5,7.30848239,0.156934751,0.0701833544,0.776078933
KO_heat_up,Cdkn1a,cGASKO_37,37,cGASKO,5,6.20891093,0.0586896209,0.0262467964,-0.856986783
KO_heat_up,Cdkn1a,cGASKO_39,39,cGASKO,5,7.42659499,0.0854383481,0.0382091909,0.95149786
KO_heat_up,Gatm,WT_37,37,WT,5,4.14816725,0.283293578,0.12669274,-0.847333984
KO_heat_up,Gatm,WT_39,39,WT,5,5.6609612,0.162969126,0.0728820087,0.910876612
KO_heat_up,Gatm,cGASKO_37,37,cGASKO,5,4.11719423,0.115684404,0.0517356383,-0.883331671
KO_heat_up,Gatm,cGASKO_39,39,cGASKO,5,5.58258793,0.0931749455,0.0416691024,0.819789043
KO_heat_up,Bcam,WT_37,37,WT,5,2.05339978,0.202498346,0.0905600133,-0.784815396
KO_heat_up,Bcam,WT_39,39,WT,5,3.68052256,0.252718695,0.113019236,0.887261269
KO_heat_up,Bcam,cGASKO_37,37,cGASKO,5,1.89918104,0.0636812613,0.0284791258,-0.943294867
KO_heat_up,Bcam,cGASKO_39,39,cGASKO,5,3.63535808,0.32136599,0.14371924,0.840848993
KO_heat_up,Srxn1,WT_37,37,WT,5,2.71508027,0.160198844,0.0716431008,-0.821628607
KO_heat_up,Srxn1,WT_39,39,WT,5,4.24944766,0.21223773,0.0949155982,0.933377548
KO_heat_up,Srxn1,cGASKO_37,37,cGASKO,5,2.64078605,0.13573434,0.0607022422,-0.906606177
KO_heat_up,Srxn1,cGASKO_39,39,cGASKO,5,4.12834207,0.260099376,0.116319977,0.794857236
KO_heat_up,Ehd2,WT_37,37,WT,5,0.42711545,0.37512006,0.167758791,-0.928551658
KO_heat_up,Ehd2,WT_39,39,WT,5,2.14989448,0.106078694,0.0474398343,0.834188749
KO_heat_up,Ehd2,cGASKO_37,37,cGASKO,5,0.552165869,0.0963910884,0.0431074052,-0.800600584
KO_heat_up,Ehd2,cGASKO_39,39,cGASKO,5,2.20929146,0.133948699,0.0599036793,0.894963493
KO_heat_up,Serpine1,WT_37,37,WT,5,0.656800273,0.241728149,0.108104114,-0.664614694
KO_heat_up,Serpine1,WT_39,39,WT,5,2.04284579,0.145373547,0.0650130265,0.904520291
KO_heat_up,Serpine1,cGASKO_37,37,cGASKO,5,0.320816107,0.234359445,0.10480873,-1.04498064
KO_heat_up,Serpine1,cGASKO_39,39,cGASKO,5,1.95500399,0.187358303,0.0837891802,0.80507504
KO_heat_up,Cd80,WT_37,37,WT,5,4.38510712,0.336260036,0.15038006,-0.863728129
KO_heat_up,Cd80,WT_39,39,WT,5,5.88147204,0.135225653,0.0604747503,0.807364271
KO_heat_up,Cd80,cGASKO_37,37,cGASKO,5,4.38271598,0.133376379,0.0596477302,-0.866398479
KO_heat_up,Cd80,cGASKO_39,39,cGASKO,5,5.98480421,0.0765942211,0.034253977,0.922762337
KO_heat_up,Gfpt2,WT_37,37,WT,5,2.9298098,0.258935355,0.115799411,-0.892926059
KO_heat_up,Gfpt2,WT_39,39,WT,5,4.54973475,0.236604419,0.105812713,0.849599939
KO_heat_up,Gfpt2,cGASKO_37,37,cGASKO,5,2.98036238,0.171062262,0.0765013693,-0.838547501
KO_heat_up,Gfpt2,cGASKO_39,39,cGASKO,5,4.57973772,0.141488991,0.0632758004,0.881873622
KO_heat_up,Nab2,WT_37,37,WT,5,5.21896,0.0813673562,0.0363885879,-0.832738872
KO_heat_up,Nab2,WT_39,39,WT,5,6.2726502,0.204889427,0.0916293375,0.854953842
KO_heat_up,Nab2,cGASKO_37,37,cGASKO,5,5.17782859,0.0365676029,0.0163535292,-0.898618935
KO_heat_up,Nab2,cGASKO_39,39,cGASKO,5,6.28604232,0.173350799,0.0775248341,0.876403964
KO_heat_up,Cd200,WT_37,37,WT,5,5.23984604,0.216525379,0.0968330932,-0.853682502
KO_heat_up,Cd200,WT_39,39,WT,5,6.39603851,0.0788844175,0.035278184,0.936121025
KO_heat_up,Cd200,cGASKO_37,37,cGASKO,5,5.22585734,0.0892933909,0.0399332184,-0.875337226
KO_heat_up,Cd200,cGASKO_39,39,cGASKO,5,6.30351854,0.124326942,0.0556006989,0.792898703
KO_heat_up,Procr,WT_37,37,WT,5,2.97749417,0.145284389,0.0649731539,-1.0024383
KO_heat_up,Procr,WT_39,39,WT,5,4.2575453,0.165527359,0.0740260855,0.826193373
KO_heat_up,Procr,cGASKO_37,37,cGASKO,5,3.17718362,0.151939678,0.0679494897,-0.717169663
KO_heat_up,Procr,cGASKO_39,39,cGASKO,5,4.30460048,0.167048136,0.0747061974,0.893414592
KO_heat_up,Asb2,WT_37,37,WT,5,2.01843193,0.211061992,0.0943897925,-0.896265356
KO_heat_up,Asb2,WT_39,39,WT,5,3.31103108,0.0473203386,0.0211622988,0.864554819
KO_heat_up,Asb2,cGASKO_37,37,cGASKO,5,2.06322475,0.204573755,0.0914881644,-0.835247134
KO_heat_up,Asb2,cGASKO_39,39,cGASKO,5,3.31279499,0.151284713,0.0676565807,0.866957671
KO_heat_up,Ret,WT_37,37,WT,5,3.57900614,0.13780513,0.0616283275,-0.689087664
KO_heat_up,Ret,WT_39,39,WT,5,4.50222251,0.115071372,0.0514614819,0.92813640100000006
KO_heat_up,Ret,cGASKO_37,37,cGASKO,5,3.38797482,0.177781638,0.0795063656,-1.02372259
KO_heat_up,Ret,cGASKO_39,39,cGASKO,5,4.42032479,0.140743925,0.0629425966,0.784673858
KO_heat_up,Actbl2,WT_37,37,WT,5,-0.0887384455,0.209893815,0.0938673676,-0.842448819
KO_heat_up,Actbl2,WT_39,39,WT,5,1.38648036,0.110311313,0.049332719,0.910686075
KO_heat_up,Actbl2,cGASKO_37,37,cGASKO,5,-0.127161221,0.10874533,0.0486323902,-0.888110051
KO_heat_up,Actbl2,cGASKO_39,39,cGASKO,5,1.31006328,0.166753893,0.0745746079,0.819872794
KO_heat_up,Tnfsf11,WT_37,37,WT,5,5.69957663,0.259130791,0.115886813,-0.858135822
KO_heat_up,Tnfsf11,WT_39,39,WT,5,7.11828019,0.13436263,0.0600887947,0.926221811
KO_heat_up,Tnfsf11,cGASKO_37,37,cGASKO,5,5.68877788,0.105966379,0.0473896051,-0.871717817
KO_heat_up,Tnfsf11,cGASKO_39,39,cGASKO,5,7.02081158,0.116011916,0.0518821062,0.803631828
KO_heat_up,Fam160a1,WT_37,37,WT,5,0.883284678,0.353252303,0.157979232,-0.797472284
KO_heat_up,Fam160a1,WT_39,39,WT,5,2.36367721,0.0938286917,0.0419614666,0.911826112
KO_heat_up,Fam160a1,cGASKO_37,37,cGASKO,5,0.767901644,0.0692771645,0.0309816898,-0.930696433
KO_heat_up,Fam160a1,cGASKO_39,39,cGASKO,5,2.28098066,0.129744108,0.0580233291,0.816342605
KO_heat_up,Hspa1b,WT_37,37,WT,5,1.39666094,0.286100954,0.127948236,-0.814300406
KO_heat_up,Hspa1b,WT_39,39,WT,5,3.26709739,0.203355171,0.0909431972,0.960834534
KO_heat_up,Hspa1b,cGASKO_37,37,cGASKO,5,1.29496394,0.27007253,0.120780107,-0.910815786
KO_heat_up,Hspa1b,cGASKO_39,39,cGASKO,5,3.0599922,0.217044552,0.0970652744,0.764281657
KO_heat_up,Fasl,WT_37,37,WT,5,3.44439717,0.243797566,0.109029586,-0.811273615
KO_heat_up,Fasl,WT_39,39,WT,5,4.53663765,0.105388962,0.0471313766,0.949299047
KO_heat_up,Fasl,cGASKO_37,37,cGASKO,5,3.38009191,0.0492920775,0.0220440872,-0.914926698
KO_heat_up,Fasl,cGASKO_39,39,cGASKO,5,4.42968391,0.125237124,0.0560077447,0.776901267
KO_heat_up,Grp,WT_37,37,WT,5,-0.899384806,0.0740262701,0.0331055544,-0.860352319
KO_heat_up,Grp,WT_39,39,WT,5,0.114697338,0.0992898333,0.0444037634,0.723095609
KO_heat_up,Grp,cGASKO_37,37,cGASKO,5,-0.899642708,0.0934176038,0.0417776225,-0.860755022
KO_heat_up,Grp,cGASKO_39,39,cGASKO,5,0.290760931,0.166357075,0.0743971456,0.998011733
KO_heat_up,Adora2b,WT_37,37,WT,5,2.74742134,0.197822648,0.0884689776,-0.88162078
KO_heat_up,Adora2b,WT_39,39,WT,5,4.2956821100000004,0.204240122,0.0913389593,0.88657737700000006
KO_heat_up,Adora2b,cGASKO_37,37,cGASKO,5,2.77507616,0.285179421,0.127536114,-0.850037462
KO_heat_up,Adora2b,cGASKO_39,39,cGASKO,5,4.25934714,0.0567014149,0.0253576436,0.845080865
KO_heat_up,Tex15,WT_37,37,WT,5,2.93627471,0.159016032,0.0711141312,-0.713231996
KO_heat_up,Tex15,WT_39,39,WT,5,4.1510221,0.0886059107,0.0396257679,0.994282463
KO_heat_up,Tex15,cGASKO_37,37,cGASKO,5,2.73520693,0.189560514,0.0847740389,-0.995863711
KO_heat_up,Tex15,cGASKO_39,39,cGASKO,5,3.95220417,0.227976761,0.101954307,0.714813244
KO_heat_up,Pla1a,WT_37,37,WT,5,1.42955789,0.284918937,0.127419622,-0.823185146
KO_heat_up,Pla1a,WT_39,39,WT,5,2.87787801,0.223480589,0.0999435575,0.873682361
KO_heat_up,Pla1a,cGASKO_37,37,cGASKO,5,1.35734263,0.182899707,0.0817952355,-0.907793327
KO_heat_up,Pla1a,cGASKO_39,39,cGASKO,5,2.86389193,0.138258772,0.0618312026,0.857296112
KO_heat_up,Arid3a,WT_37,37,WT,5,4.74215939,0.156061427,0.0697927917,-0.801476221
KO_heat_up,Arid3a,WT_39,39,WT,5,5.72056662,0.162618604,0.0727252504,0.869407617
KO_heat_up,Arid3a,cGASKO_37,37,cGASKO,5,4.66793029,0.0612164465,0.0273768271,-0.928241641
KO_heat_up,Arid3a,cGASKO_39,39,cGASKO,5,5.71523954,0.161023255,0.0720117887,0.860310245
KO_heat_up,Gm36070,WT_37,37,WT,5,1.27810777,0.217740255,0.0973764022,-0.858835291
KO_heat_up,Gm36070,WT_39,39,WT,5,2.47563686,0.180162667,0.0805711941,0.823584535
KO_heat_up,Gm36070,cGASKO_37,37,cGASKO,5,1.26861276,0.109208577,0.0488395603,-0.872174923
KO_heat_up,Gm36070,cGASKO_39,39,cGASKO,5,2.53531412,0.0856386593,0.0382987727,0.907425679
KO_heat_up,Pxdc1,WT_37,37,WT,5,0.586867823,0.127152437,0.0568642986,-0.835098545
KO_heat_up,Pxdc1,WT_39,39,WT,5,2.17373617,0.216131626,0.0966570015,0.87746828
KO_heat_up,Pxdc1,cGASKO_37,37,cGASKO,5,0.530129495,0.273067699,0.122119587,-0.89633121
KO_heat_up,Pxdc1,cGASKO_39,39,cGASKO,5,2.15195471,0.247366045,0.110625458,0.853961474
KO_heat_up,Igf2bp2,WT_37,37,WT,5,4.07946746,0.206119517,0.0921794501,-0.787155011
KO_heat_up,Igf2bp2,WT_39,39,WT,5,5.09669364,0.2026609,0.0906327096,0.804706998
KO_heat_up,Igf2bp2,cGASKO_37,37,cGASKO,5,3.98208469,0.0609926305,0.0272767336,-0.939549758
KO_heat_up,Igf2bp2,cGASKO_39,39,cGASKO,5,5.17164439,0.133461502,0.0596857982,0.921997771
KO_heat_up,Syt15,WT_37,37,WT,5,0.17315589,0.269302794,0.120435871,-0.915039816
KO_heat_up,Syt15,WT_39,39,WT,5,1.80076621,0.225022991,0.100633341,0.828959963
KO_heat_up,Syt15,cGASKO_37,37,cGASKO,5,0.266694035,0.166260171,0.0743538087,-0.814812813
KO_heat_up,Syt15,cGASKO_39,39,cGASKO,5,1.86789834,0.17747383,0.0793687097,0.900892666
KO_heat_up,Gprc5a,WT_37,37,WT,5,1.09872777,0.232691875,0.10406297,-0.727086207
KO_heat_up,Gprc5a,WT_39,39,WT,5,2.45375995,0.152701833,0.0682903359,0.92113772
KO_heat_up,Gprc5a,cGASKO_37,37,cGASKO,5,0.880463649,0.201546912,0.0901345191,-0.992576691
KO_heat_up,Gprc5a,cGASKO_39,39,cGASKO,5,2.35295815,0.211291806,0.0944925681,0.798525179
KO_heat_up,Plxnb2,WT_37,37,WT,5,2.94594657,0.260909482,0.116682268,-0.846315639
KO_heat_up,Plxnb2,WT_39,39,WT,5,4.12449228,0.11577259,0.051775076,0.89216186
KO_heat_up,Plxnb2,cGASKO_37,37,cGASKO,5,2.91964448,0.0901103898,0.0402985914,-0.885113958
KO_heat_up,Plxnb2,cGASKO_39,39,cGASKO,5,4.08863439,0.161155259,0.0720708228,0.839267737
KO_heat_up,Gm44851,WT_37,37,WT,5,1.98942849,0.200891806,0.0898415468,-0.780656574
KO_heat_up,Gm44851,WT_39,39,WT,5,3.18010311,0.0924035678,0.0413241318,0.982292189
KO_heat_up,Gm44851,cGASKO_37,37,cGASKO,5,1.88243484,0.118464535,0.0529789507,-0.939074603
KO_heat_up,Gm44851,cGASKO_39,39,cGASKO,5,3.01473217,0.159316373,0.0712484478,0.737438987
KO_heat_up,Epn2,WT_37,37,WT,5,1.53863124,0.258713017,0.115699979,-0.836690381
KO_heat_up,Epn2,WT_39,39,WT,5,2.82271276,0.103101193,0.0461082551,0.865350191
KO_heat_up,Epn2,cGASKO_37,37,cGASKO,5,1.49473716,0.100051433,0.0447443612,-0.894871659
KO_heat_up,Epn2,cGASKO_39,39,cGASKO,5,2.82336283,0.219362739,0.0981019991,0.866211849
KO_heat_up,Sphk1,WT_37,37,WT,5,3.27841817,0.264112921,0.118114889,-0.829427644
KO_heat_up,Sphk1,WT_39,39,WT,5,4.80217555,0.204160736,0.0913034567,0.886273858
KO_heat_up,Sphk1,cGASKO_37,37,cGASKO,5,3.21430054,0.173173877,0.0774457122,-0.901622021
KO_heat_up,Sphk1,cGASKO_39,39,cGASKO,5,4.7653201,0.180964175,0.0809296394,0.844775807
KO_heat_up,Dmwd,WT_37,37,WT,5,2.60849071,0.265330714,0.118659502,-0.847189051
KO_heat_up,Dmwd,WT_39,39,WT,5,3.6818842,0.119398933,0.0533968263,0.871715655
KO_heat_up,Dmwd,cGASKO_37,37,cGASKO,5,2.58510404,0.0615941927,0.0275457604,-0.88463987
KO_heat_up,Dmwd,cGASKO_39,39,cGASKO,5,3.67463893,0.102479418,0.0458301892,0.860113266
KO_heat_up,Pdzk1ip1,WT_37,37,WT,5,4.59151276,0.15438798,0.0690444037,-0.896224438
KO_heat_up,Pdzk1ip1,WT_39,39,WT,5,5.56292981,0.127694436,0.0571066876,0.791222111
KO_heat_up,Pdzk1ip1,cGASKO_37,37,cGASKO,5,4.62839521,0.145464014,0.0650534847,-0.832155997
KO_heat_up,Pdzk1ip1,cGASKO_39,39,cGASKO,5,5.64694132,0.149330591,0.0667826704,0.937158324
KO_heat_up,Dagla,WT_37,37,WT,5,0.92270845,0.293922136,0.131445975,-0.877065788
KO_heat_up,Dagla,WT_39,39,WT,5,2.4507769,0.195277657,0.0873308229,0.852290182
KO_heat_up,Dagla,cGASKO_37,37,cGASKO,5,0.942377333,0.219800205,0.0982976402,-0.854805986
KO_heat_up,Dagla,cGASKO_39,39,cGASKO,5,2.47489174,0.187922048,0.0840412947,0.879581592
KO_heat_up,Batf3,WT_37,37,WT,5,1.84751617,0.425538227,0.19030648,-0.778558625
KO_heat_up,Batf3,WT_39,39,WT,5,3.99458017,0.256147734,0.114552749,0.926693656
KO_heat_up,Batf3,cGASKO_37,37,cGASKO,5,1.63540068,0.0975126788,0.0436089957,-0.947026089
KO_heat_up,Batf3,cGASKO_39,39,cGASKO,5,3.83366536,0.32892115,0.14709801,0.798891058
KO_heat_up,Slc13a3,WT_37,37,WT,5,-0.0283762811,0.294871403,0.1318705,-0.840036388
KO_heat_up,Slc13a3,WT_39,39,WT,5,1.58239728,0.19333894,0.0864638025,0.877391618
KO_heat_up,Slc13a3,cGASKO_37,37,cGASKO,5,-0.0766942465,0.285441154,0.127653165,-0.89155364
KO_heat_up,Slc13a3,cGASKO_39,39,cGASKO,5,1.5606444,0.1322316,0.0591357695,0.85419841
KO_heat_up,Sspo,WT_37,37,WT,5,2.08792072,0.0917006356,0.041009771,-0.768495567
KO_heat_up,Sspo,WT_39,39,WT,5,3.09727147,0.200775953,0.0897897359,0.80595139
KO_heat_up,Sspo,cGASKO_37,37,cGASKO,5,1.96733922,0.0711046185,0.0317989521,-0.956585964
KO_heat_up,Sspo,cGASKO_39,39,cGASKO,5,3.16982841,0.272971181,0.122076423,0.91913014
KO_heat_up,Pard3,WT_37,37,WT,5,2.36724916,0.165729208,0.0741163551,-0.803257423
KO_heat_up,Pard3,WT_39,39,WT,5,3.25368138,0.100815243,0.0450859472,0.784981026
KO_heat_up,Pard3,cGASKO_37,37,cGASKO,5,2.30032049,0.167159474,0.0747559893,-0.923174863
KO_heat_up,Pard3,cGASKO_39,39,cGASKO,5,3.34101099,0.170340705,0.0761786792,0.941451259
KO_heat_up,Tnfsf14,WT_37,37,WT,5,3.15157033,0.418085977,0.186973733,-0.882169981
KO_heat_up,Tnfsf14,WT_39,39,WT,5,5.18009464,0.279677824,0.125075725,0.854894235
KO_heat_up,Tnfsf14,cGASKO_37,37,cGASKO,5,3.18953731,0.190368555,0.085135406,-0.849658133
KO_heat_up,Tnfsf14,cGASKO_39,39,cGASKO,5,5.20583229,0.175434132,0.0784565288,0.876933879
KO_heat_up,Gprin2,WT_37,37,WT,5,3.57992259,0.0762798532,0.0341133874,-0.900196389
KO_heat_up,Gprin2,WT_39,39,WT,5,4.9027397,0.244580288,0.10937963,0.83621342
KO_heat_up,Gprin2,cGASKO_37,37,cGASKO,5,3.63289368,0.113201071,0.0506250581,-0.830663333
KO_heat_up,Gprin2,cGASKO_39,39,cGASKO,5,4.94725455,0.266930163,0.119374798,0.894646301
KO_heat_up,Ano1,WT_37,37,WT,5,0.426480254,0.0928925223,0.0415427989,-0.693521043
KO_heat_up,Ano1,WT_39,39,WT,5,1.7431149,0.315774634,0.14121871,0.853630717
KO_heat_up,Ano1,cGASKO_37,37,cGASKO,5,0.146264598,0.315926552,0.141286649,-1.02279701
KO_heat_up,Ano1,cGASKO_39,39,cGASKO,5,1.75082213,0.2137229,0.0955797865,0.862687336
KO_heat_up,Hspa1a,WT_37,37,WT,5,0.897972263,0.173693883,0.077678266,-0.734565832
KO_heat_up,Hspa1a,WT_39,39,WT,5,2.30282733,0.225065182,0.100652209,0.94955852
KO_heat_up,Hspa1a,cGASKO_37,37,cGASKO,5,0.690109016,0.33335111,0.149079148,-0.98374994
KO_heat_up,Hspa1a,cGASKO_39,39,cGASKO,5,2.15200737,0.134498922,0.0601497463,0.768757251
KO_heat_up,Oaf,WT_37,37,WT,5,0.171640072,0.203631766,0.0910668944,-0.783415465
KO_heat_up,Oaf,WT_39,39,WT,5,1.52442476,0.255369163,0.114204562,0.946986167
KO_heat_up,Oaf,cGASKO_37,37,cGASKO,5,0.0485353979,0.0977219829,0.0437025993,-0.940883635
KO_heat_up,Oaf,cGASKO_39,39,cGASKO,5,1.39177847,0.144091556,0.0644397026,0.777312932
KO_heat_up,Gm12708,WT_37,37,WT,5,0.112244699,0.0867650962,0.0388025306,-0.861020296
KO_heat_up,Gm12708,WT_39,39,WT,5,1.13972856,0.121764625,0.0544547958,0.79648288
KO_heat_up,Gm12708,cGASKO_37,37,cGASKO,5,0.107709902,0.058817462,0.0263039687,-0.868335681
KO_heat_up,Gm12708,cGASKO_39,39,cGASKO,5,1.22427667,0.165901835,0.0741935562,0.932873098
KO_heat_up,Uap1,WT_37,37,WT,5,6.33642389,0.274072039,0.122568742,-0.824515219
KO_heat_up,Uap1,WT_39,39,WT,5,7.38139817,0.0920387203,0.041160967,0.883075957
KO_heat_up,Uap1,cGASKO_37,37,cGASKO,5,6.28632096,0.0901289905,0.0403069099,-0.906388352
KO_heat_up,Uap1,cGASKO_39,39,cGASKO,5,7.35982766,0.0681932913,0.030496967,0.847827614
KO_heat_up,Nrbp2,WT_37,37,WT,5,1.46880975,0.1531463,0.0684891074,-0.757972799
KO_heat_up,Nrbp2,WT_39,39,WT,5,2.41450793,0.110231596,0.0492970686,0.884997176
KO_heat_up,Nrbp2,cGASKO_37,37,cGASKO,5,1.34823687,0.173674568,0.0776696281,-0.967445161
KO_heat_up,Nrbp2,cGASKO_39,39,cGASKO,5,2.38884963,0.101583597,0.0454295655,0.840420785
KO_heat_up,Pla2g4c,WT_37,37,WT,5,1.87635499,0.261663388,0.117019425,-0.86825309
KO_heat_up,Pla2g4c,WT_39,39,WT,5,3.03626541,0.121900416,0.0545155233,0.888608708
KO_heat_up,Pla2g4c,cGASKO_37,37,cGASKO,5,1.87949568,0.105782182,0.0473072298,-0.863496027
KO_heat_up,Pla2g4c,cGASKO_39,39,cGASKO,5,3.00624646,0.169989533,0.0760216304,0.843140409
KO_heat_up,Il9,WT_37,37,WT,5,1.59623877,0.492648312,0.220319023,-0.862898447
KO_heat_up,Il9,WT_39,39,WT,5,3.72363046,0.233510111,0.104428897,0.891648489
KO_heat_up,Il9,cGASKO_37,37,cGASKO,5,1.58912858,0.210454832,0.0941182623,-0.86876251
KO_heat_up,Il9,cGASKO_39,39,cGASKO,5,3.66102168,0.1965492,0.0878994744,0.840012467
KO_heat_up,Calca,WT_37,37,WT,5,2.78565181,0.0591652656,0.0264595112,-0.910253689
KO_heat_up,Calca,WT_39,39,WT,5,3.94915414,0.328435788,0.14688095,0.749970991
KO_heat_up,Calca,cGASKO_37,37,cGASKO,5,2.85366431,0.10930186,0.048881278,-0.813205298
KO_heat_up,Calca,cGASKO_39,39,cGASKO,5,4.10579713,0.200507729,0.0896697824,0.973487996
KO_heat_up,Igkc,WT_37,37,WT,5,0.577097047,0.162857636,0.0728321491,-0.96385324000000006
KO_heat_up,Igkc,WT_39,39,WT,5,2.13529022,0.116757409,0.0522155009,0.935737732
KO_heat_up,Igkc,cGASKO_37,37,cGASKO,5,0.745200026,0.270251136,0.120859982,-0.75891915
KO_heat_up,Igkc,cGASKO_39,39,cGASKO,5,2.01331232,0.175082648,0.0782993404,0.787034658
KO_heat_up,Il2,WT_37,37,WT,5,-0.48485345,0.137584759,0.0615297747,-0.816961636
KO_heat_up,Il2,WT_39,39,WT,5,1.3567146,0.406199311,0.181657854,0.927979226
KO_heat_up,Il2,cGASKO_37,37,cGASKO,5,-0.584572654,0.200417284,0.0896293341,-0.911448567
KO_heat_up,Il2,cGASKO_39,39,cGASKO,5,1.22210329,0.375058554,0.167731284,0.800430978
KO_heat_up,Npr3,WT_37,37,WT,5,-0.378040354,0.188992985,0.0845202321,-0.990395259
KO_heat_up,Npr3,WT_39,39,WT,5,1.386962,0.231500415,0.103530133,0.893697354
KO_heat_up,Npr3,cGASKO_37,37,cGASKO,5,-0.135334693,0.16221277,0.072543756,-0.731313484
KO_heat_up,Npr3,cGASKO_39,39,cGASKO,5,1.32542793,0.294534434,0.131719803,0.828011389
KO_heat_up,Nr4a2,WT_37,37,WT,5,4.76542126,0.158981408,0.0710986473,-0.877253749
KO_heat_up,Nr4a2,WT_39,39,WT,5,5.87777458,0.188391365,0.0842511798,0.893547315
KO_heat_up,Nr4a2,cGASKO_37,37,cGASKO,5,4.77985561,0.151991381,0.0679726121,-0.854275118
KO_heat_up,Nr4a2,cGASKO_39,39,cGASKO,5,5.84287017,0.143983684,0.0643914609,0.837981551
KO_heat_up,Il23a,WT_37,37,WT,5,-0.413454094,0.288323746,0.128942299,-0.872896683
KO_heat_up,Il23a,WT_39,39,WT,5,1.1943829,0.208796556,0.0933766584,0.840232519
KO_heat_up,Il23a,cGASKO_37,37,cGASKO,5,-0.40017419,0.275156066,0.123053534,-0.85874712
KO_heat_up,Il23a,cGASKO_39,39,cGASKO,5,1.24241612,0.302859179,0.135442742,0.891411285
KO_heat_up,Nppc,WT_37,37,WT,5,0.847352403,0.601396668,0.268952766,-0.795630721
KO_heat_up,Nppc,WT_39,39,WT,5,2.92771704,0.167902826,0.0750884264,0.908808966
KO_heat_up,Nppc,cGASKO_37,37,cGASKO,5,0.680228287,0.189929941,0.084939252,-0.932555264
KO_heat_up,Nppc,cGASKO_39,39,cGASKO,5,2.81856031,0.159762804,0.071448098,0.819377019
KO_heat_up,Fam71b,WT_37,37,WT,5,3.82652366,0.366419421,0.163867747,-0.898399206
KO_heat_up,Fam71b,WT_39,39,WT,5,5.2535089,0.18853057,0.0843134343,0.793219071
KO_heat_up,Fam71b,cGASKO_37,37,cGASKO,5,3.88416996,0.166974136,0.0746731037,-0.830062452
KO_heat_up,Fam71b,cGASKO_39,39,cGASKO,5,5.37331457,0.0331577969,0.0148286175,0.935242587
KO_heat_up,Adcy4,WT_37,37,WT,5,0.898798411,0.22833362200000001,0.1021139,-0.74113042
KO_heat_up,Adcy4,WT_39,39,WT,5,2.11348656,0.167325461,0.0748302209,0.953897296
KO_heat_up,Adcy4,cGASKO_37,37,cGASKO,5,0.729312352,0.230472711,0.10307053,-0.977638504
KO_heat_up,Adcy4,cGASKO_39,39,cGASKO,5,1.97802728,0.117495054,0.0525453856,0.764871628
KO_heat_up,Inhba,WT_37,37,WT,5,3.8847163,0.314044997,0.140445192,-0.821665789
KO_heat_up,Inhba,WT_39,39,WT,5,6.11917958,0.314034832,0.140440646,0.96903499
KO_heat_up,Inhba,cGASKO_37,37,cGASKO,5,3.7834333,0.285790776,0.12780952,-0.902834068
KO_heat_up,Inhba,cGASKO_39,39,cGASKO,5,5.85268358,0.321093254,0.143597268,0.755464867
KO_heat_up,Ccl4,WT_37,37,WT,5,3.63964201,0.576527678,0.257831016,-0.896891645
KO_heat_up,Ccl4,WT_39,39,WT,5,6.43630883,0.376709784,0.168469737,0.865225919
KO_heat_up,Ccl4,cGASKO_37,37,cGASKO,5,3.73850729,0.24299308,0.108669809,-0.83459883
KO_heat_up,Ccl4,cGASKO_39,39,cGASKO,5,6.43795726,0.343276301,0.153517829,0.866264556
KO_heat_up,Pak1,WT_37,37,WT,5,2.45623688,0.21725401,0.0971589468,-0.950985729
KO_heat_up,Pak1,WT_39,39,WT,5,3.7389867,0.22748189,0.101732994,0.912537735
KO_heat_up,Pak1,cGASKO_37,37,cGASKO,5,2.57725073,0.144197357,0.0644870184,-0.775182039
KO_heat_up,Pak1,cGASKO_39,39,cGASKO,5,3.67090393,0.145634826,0.065129874200000007,0.813630034
KO_heat_up,Nr4a3,WT_37,37,WT,5,7.80430502,0.285768496,0.127799557,-0.868470011
KO_heat_up,Nr4a3,WT_39,39,WT,5,9.00516332,0.184789617,0.082640429,0.888383166
KO_heat_up,Nr4a3,cGASKO_37,37,cGASKO,5,7.80784949,0.0335150069,0.0149883667,-0.863284452
KO_heat_up,Nr4a3,cGASKO_39,39,cGASKO,5,8.97439645,0.092208874,0.0412370621,0.843371297
KO_heat_up,Mocos,WT_37,37,WT,5,1.39131758,0.25158938,0.112514191,-0.854957325
KO_heat_up,Mocos,WT_39,39,WT,5,2.70765369,0.272585228,0.12190382,0.900055512
KO_heat_up,Mocos,cGASKO_37,37,cGASKO,5,1.37527672,0.161053427,0.0720252824,-0.876343895
KO_heat_up,Mocos,cGASKO_39,39,cGASKO,5,2.65604333,0.172990687,0.0773637873,0.831245707
KO_heat_up,Bcl6b,WT_37,37,WT,5,-0.181518535,0.271530752,0.121432244,-0.840720036
KO_heat_up,Bcl6b,WT_39,39,WT,5,1.06413783,0.271809087,0.121556719,0.76898453
KO_heat_up,Bcl6b,cGASKO_37,37,cGASKO,5,-0.216473964,0.195106896,0.0872544564,-0.885891333
KO_heat_up,Bcl6b,cGASKO_39,39,cGASKO,5,1.21011709,0.149306445,0.066771872,0.957626838
KO_heat_up,Spint1,WT_37,37,WT,5,0.459544178,0.147263051,0.0658580384,-0.906248455
KO_heat_up,Spint1,WT_39,39,WT,5,1.65988213,0.295511833,0.132156909,0.77296477
KO_heat_up,Spint1,cGASKO_37,37,cGASKO,5,0.521178418,0.0899704491,0.040236008,-0.820025212
KO_heat_up,Spint1,cGASKO_39,39,cGASKO,5,1.78879601,0.195810852,0.0875692754,0.953308898
KO_heat_up,F3,WT_37,37,WT,5,0.101539973,0.395696112,0.176960681,-0.931367195
KO_heat_up,F3,WT_39,39,WT,5,2.24849314,0.460030723,0.205731994,0.836316875
KO_heat_up,F3,cGASKO_37,37,cGASKO,5,0.263957969,0.133295298,0.0596114697,-0.797641081
KO_heat_up,F3,cGASKO_39,39,cGASKO,5,2.31696322,0.291448099,0.130339552,0.892691401
KO_heat_up,Ttyh1,WT_37,37,WT,5,1.96980574,0.255518664,0.11427142,-0.945228239
KO_heat_up,Ttyh1,WT_39,39,WT,5,2.8737148,0.107175597,0.0479303842,0.665275343
KO_heat_up,Ttyh1,cGASKO_37,37,cGASKO,5,2.07301105,0.128500265,0.0574670655,-0.761346325
KO_heat_up,Ttyh1,cGASKO_39,39,cGASKO,5,3.08476146,0.135402235,0.0605537204,1.04129922
KO_heat_up,Tnfrsf11b,WT_37,37,WT,5,0.813303026,0.0837583553,0.0374578752,-0.815504659
KO_heat_up,Tnfrsf11b,WT_39,39,WT,5,2.08590956,0.204945631,0.0916544727,0.985414338
KO_heat_up,Tnfrsf11b,cGASKO_37,37,cGASKO,5,0.749087155,0.247035264,0.110477529,-0.906379238
KO_heat_up,Tnfrsf11b,cGASKO_39,39,cGASKO,5,1.90999451,0.129620189,0.0579679108,0.736469559
KO_heat_up,Gdf6,WT_37,37,WT,5,-0.704646203,0.0702820781,0.0314311009,-0.834687684
KO_heat_up,Gdf6,WT_39,39,WT,5,0.501902262,0.189145211,0.0845883098,0.959301066
KO_heat_up,Gdf6,cGASKO_37,37,cGASKO,5,-0.742885906,0.140589987,0.0628737537,-0.891545404
KO_heat_up,Gdf6,cGASKO_39,39,cGASKO,5,0.372524318,0.188856365,0.084459134,0.766932022
KO_heat_up,Sh3pxd2b,WT_37,37,WT,5,0.43459967,0.195894992,0.0876069039,-0.825136042
KO_heat_up,Sh3pxd2b,WT_39,39,WT,5,1.75332435,0.135430735,0.0605664658,0.976353853
KO_heat_up,Sh3pxd2b,cGASKO_37,37,cGASKO,5,0.380862341,0.152082463,0.0680133453,-0.898545796
KO_heat_up,Sh3pxd2b,cGASKO_39,39,cGASKO,5,1.58567308,0.231398223,0.103484431,0.747327986
KO_heat_up,Ccl22,WT_37,37,WT,5,0.759299041,0.466574875,0.208658628,-0.923854317
KO_heat_up,Ccl22,WT_39,39,WT,5,2.79028966,0.0726080449,0.0324713048,0.88581365
KO_heat_up,Ccl22,cGASKO_37,37,cGASKO,5,0.891639489,0.395157896,0.176719984,-0.805935372
KO_heat_up,Ccl22,cGASKO_39,39,cGASKO,5,2.7433353,0.10574202,0.047289269,0.843976039
KO_heat_up,Lst1,WT_37,37,WT,5,0.89470247,0.254247319,0.113702858,-0.780409751
KO_heat_up,Lst1,WT_39,39,WT,5,1.89110886,0.177773088,0.0795025418,0.772306325
KO_heat_up,Lst1,cGASKO_37,37,cGASKO,5,0.790254068,0.100222223,0.0448207408,-0.943173373
KO_heat_up,Lst1,cGASKO_39,39,cGASKO,5,2.0059575,0.224254434,0.100289632,0.9512768
KO_heat_up,Bicd1,WT_37,37,WT,5,0.122583117,0.266759289,0.119298381,-0.73320105
KO_heat_up,Bicd1,WT_39,39,WT,5,1.15838893,0.244417491,0.109306825,0.811652677
KO_heat_up,Bicd1,cGASKO_37,37,cGASKO,5,-0.0482942997,0.102463501,0.0458230709,-0.988056363
KO_heat_up,Bicd1,cGASKO_39,39,cGASKO,5,1.2240646,0.121959052,0.0545417462,0.909604736
KO_heat_up,Tgm1,WT_37,37,WT,5,0.798000005,0.3590752,0.160583311,-0.904740119
KO_heat_up,Tgm1,WT_39,39,WT,5,2.19421818,0.193852664,0.086693547,0.859145127
KO_heat_up,Tgm1,cGASKO_37,37,cGASKO,5,0.860010146,0.167268672,0.074804824,-0.826400807
KO_heat_up,Tgm1,cGASKO_39,39,cGASKO,5,2.20439024,0.163432215,0.0730891087,0.871995799
KO_heat_up,Hk2,WT_37,37,WT,5,5.22723733,0.293154919,0.131102865,-0.774327328
KO_heat_up,Hk2,WT_39,39,WT,5,6.57744382,0.203054681,0.0908088139,0.916818214
KO_heat_up,Hk2,cGASKO_37,37,cGASKO,5,5.08578003,0.0441500365,0.0197444966,-0.95150385
KO_heat_up,Hk2,cGASKO_39,39,cGASKO,5,6.49137237,0.258324224,0.115526105,0.809012964
KO_heat_up,Nr4a1,WT_37,37,WT,5,6.99904973,0.404014574,0.18068081,-0.891187176
KO_heat_up,Nr4a1,WT_39,39,WT,5,8.77480603,0.278009602,0.124329674,0.85948352
KO_heat_up,Nr4a1,cGASKO_37,37,cGASKO,5,7.05049459,0.0769707974,0.0344223871,-0.840469063
KO_heat_up,Nr4a1,cGASKO_39,39,cGASKO,5,8.78767706,0.240444425,0.107530016,0.872172718
KO_heat_up,Mapk12,WT_37,37,WT,5,0.429744969,0.135532207,0.0606118458,-0.61177631
KO_heat_up,Mapk12,WT_39,39,WT,5,1.16138339,0.0918299544,0.0410676041,0.822841264
KO_heat_up,Mapk12,cGASKO_37,37,cGASKO,5,0.187408346,0.11224602,0.0501979463,-1.0869569
KO_heat_up,Mapk12,cGASKO_39,39,cGASKO,5,1.18843863,0.145017899,0.064853976,0.875891945
KO_heat_up,Notch3,WT_37,37,WT,5,0.412041994,0.10220547,0.0457076756,-0.877668517
KO_heat_up,Notch3,WT_39,39,WT,5,1.48983716,0.212115016,0.0948607189,0.814996984
KO_heat_up,Notch3,cGASKO_37,37,cGASKO,5,0.42785493,0.211955756,0.0947894956,-0.852834474
KO_heat_up,Notch3,cGASKO_39,39,cGASKO,5,1.55383571,0.139726821,0.0624877341,0.915506007
KO_heat_up,Wnt3,WT_37,37,WT,5,-0.33032715,0.18553219,0.0829725177,-0.733196559
KO_heat_up,Wnt3,WT_39,39,WT,5,0.781528,0.108156826,0.0483692029,0.954828271
KO_heat_up,Wnt3,cGASKO_37,37,cGASKO,5,-0.495762812,0.245529924,0.10980432,-0.984361925
KO_heat_up,Wnt3,cGASKO_39,39,cGASKO,5,0.654998337,0.123107149,0.0550551905,0.762730214
KO_heat_up,Plaur,WT_37,37,WT,5,0.313677967,0.636275736,0.28455116,-0.824579807
KO_heat_up,Plaur,WT_39,39,WT,5,2.56339967,0.285177005,0.127535034,0.910408781
KO_heat_up,Plaur,cGASKO_37,37,cGASKO,5,0.208963573,0.182988344,0.0818348751,-0.905335697
KO_heat_up,Plaur,cGASKO_39,39,cGASKO,5,2.44552896,0.256025291,0.114497991,0.819506722
KO_heat_up,Rhbdl3,WT_37,37,WT,5,1.6227023,0.216950148,0.0970230557,-0.537727469
KO_heat_up,Rhbdl3,WT_39,39,WT,5,2.40855128,0.0592451904,0.0264952546,0.913338423
KO_heat_up,Rhbdl3,cGASKO_37,37,cGASKO,5,1.2975604,0.177469744,0.0793668825,-1.13810025
KO_heat_up,Rhbdl3,cGASKO_39,39,cGASKO,5,2.32685641,0.193855561,0.0866948424,0.762489294
KO_heat_up,Samd4,WT_37,37,WT,5,1.16419598,0.148064085,0.0662162718,-0.918132827
KO_heat_up,Samd4,WT_39,39,WT,5,2.33287132,0.330500032,0.147804108,0.802258129
KO_heat_up,Samd4,cGASKO_37,37,cGASKO,5,1.23763777,0.136065303,0.0608502535,-0.810020177
KO_heat_up,Samd4,cGASKO_39,39,cGASKO,5,2.41685875,0.172876988,0.0773129392,0.925894875
KO_heat_up,Ripk4,WT_37,37,WT,5,-0.0687041938,0.169318085,0.0757213496,-0.785293152
KO_heat_up,Ripk4,WT_39,39,WT,5,0.942167244,0.202180626,0.0904179246,0.842251626
KO_heat_up,Ripk4,cGASKO_37,37,cGASKO,5,-0.16658973,0.1145242,0.0512167791,-0.94289291
KO_heat_up,Ripk4,cGASKO_39,39,cGASKO,5,0.969298728,0.180919822,0.0809098039,0.885934436
KO_heat_up,Zbtb46,WT_37,37,WT,5,1.23568579,0.31605366,0.141343494,-0.720924694
KO_heat_up,Zbtb46,WT_39,39,WT,5,2.22863904,0.138726629,0.0620404347,0.840984793
KO_heat_up,Zbtb46,cGASKO_37,37,cGASKO,5,1.05848596,0.186726847,0.0835067846,-0.999658952
KO_heat_up,Zbtb46,cGASKO_39,39,cGASKO,5,2.25318717,0.173287975,0.0774967385,0.879598853
KO_heat_up,Gfi1,WT_37,37,WT,5,3.76214743,0.306034023,0.136862576,-0.627599978
KO_heat_up,Gfi1,WT_39,39,WT,5,4.77993667,0.184622019,0.0825654769,1.00067998
KO_heat_up,Gfi1,cGASKO_37,37,cGASKO,5,3.49020599,0.0958457962,0.0428635432,-1.06265743
KO_heat_up,Gfi1,cGASKO_39,39,cGASKO,5,4.58547575,0.108368143,0.0484637069,0.689577429
KO_heat_up,Ccl20,WT_37,37,WT,5,4.65489781,0.173255972,0.077482426,-0.778975229
KO_heat_up,Ccl20,WT_39,39,WT,5,6.01920979,0.26936939,0.120465654,1.00516952
KO_heat_up,Ccl20,cGASKO_37,37,cGASKO,5,4.53414697,0.134694771,0.0602373328,-0.936884102
KO_heat_up,Ccl20,cGASKO_39,39,cGASKO,5,5.79402503,0.239137844,0.106945695,0.710689807
KO_heat_up,Bspry,WT_37,37,WT,5,1.69849401,0.248057021,0.110934472,-0.801876059
KO_heat_up,Bspry,WT_39,39,WT,5,2.68134967,0.182801638,0.0817513778,0.80086282
KO_heat_up,Bspry,cGASKO_37,37,cGASKO,5,1.6225781,0.204895856,0.0916322125,-0.925671823
KO_heat_up,Bspry,cGASKO_39,39,cGASKO,5,2.75850828,0.216781897,0.0969478115,0.926685063
KO_heat_up,Cd70,WT_37,37,WT,5,-0.129837584,0.241403111,0.107958753,-0.823653998
KO_heat_up,Cd70,WT_39,39,WT,5,1.31318165,0.195472579,0.087417995,1.01070043
KO_heat_up,Cd70,cGASKO_37,37,cGASKO,5,-0.185436423,0.286712607,0.128221776,-0.894330793
KO_heat_up,Cd70,cGASKO_39,39,cGASKO,5,1.0744953800000001,0.096183655,0.0430146382,0.707284364
KO_heat_up,S1pr3,WT_37,37,WT,5,2.53840277,0.358264522,0.160220765,-0.79943422
KO_heat_up,S1pr3,WT_39,39,WT,5,3.79988947,0.125965902,0.056333664,0.942126511
KO_heat_up,S1pr3,cGASKO_37,37,cGASKO,5,2.44624805,0.175950017,0.0786872396,-0.926659544
KO_heat_up,S1pr3,cGASKO_39,39,cGASKO,5,3.68532797,0.172443352,0.0771190115,0.783967253
KO_heat_up,Fam110c,WT_37,37,WT,5,1.48463936,0.194853532,0.0871411488,-0.958190027
KO_heat_up,Fam110c,WT_39,39,WT,5,2.48505486,0.16187095,0.0723908895,0.746380109
KO_heat_up,Fam110c,cGASKO_37,37,cGASKO,5,1.60048762,0.181332459,0.0810943412,-0.760800552
KO_heat_up,Fam110c,cGASKO_39,39,cGASKO,5,2.6178299,0.183346271,0.0819949449,0.97261047
KO_heat_up,Sgms2,WT_37,37,WT,5,1.10876737,0.228426567,0.102155466,-0.796313209
KO_heat_up,Sgms2,WT_39,39,WT,5,2.4011141,0.304966904,0.136385346,0.884776312
KO_heat_up,Sgms2,cGASKO_37,37,cGASKO,5,1.00383472,0.172713705,0.0772399171,-0.932809993
KO_heat_up,Sgms2,cGASKO_39,39,cGASKO,5,2.37003376,0.320541551,0.143350539,0.84434689
KO_heat_up,Zfp583,WT_37,37,WT,5,0.595057707,0.169963511,0.0760099927,-0.748403275
KO_heat_up,Zfp583,WT_39,39,WT,5,1.6666593,0.223272478,0.0998504875,0.895182659
KO_heat_up,Zfp583,cGASKO_37,37,cGASKO,5,0.446963564,0.239990408,0.107326973,-0.975545014
KO_heat_up,Zfp583,cGASKO_39,39,cGASKO,5,1.62335606,0.190236101,0.0850761709,0.828765631
KO_heat_up,Adam8,WT_37,37,WT,5,1.45163784,0.319363129,0.142823533,-0.953789833
KO_heat_up,Adam8,WT_39,39,WT,5,2.79398053,0.217343875,0.0971991356,0.900586628
KO_heat_up,Adam8,cGASKO_37,37,cGASKO,5,1.58271412,0.112500771,0.0503118742,-0.772714789
KO_heat_up,Adam8,cGASKO_39,39,cGASKO,5,2.73992954,0.197379706,0.0882708879,0.825917995
KO_heat_up,Fosl1,WT_37,37,WT,5,0.416571008,0.232736741,0.104083035,-0.949290229
KO_heat_up,Fosl1,WT_39,39,WT,5,1.68026553,0.256925853,0.114900735,0.832328893
KO_heat_up,Fosl1,cGASKO_37,37,cGASKO,5,0.538100986,0.130877084,0.0585300111,-0.777951247
KO_heat_up,Fosl1,cGASKO_39,39,cGASKO,5,1.72465586,0.210738905,0.0942453034,0.894912583
KO_heat_up,Cpm,WT_37,37,WT,5,2.80055352,0.443180108,0.19819617,-0.856453155
KO_heat_up,Cpm,WT_39,39,WT,5,4.36919075,0.268007638,0.119856659,0.88103926
KO_heat_up,Cpm,cGASKO_37,37,cGASKO,5,2.78343534,0.153959365,0.0688527211,-0.87541401
KO_heat_up,Cpm,cGASKO_39,39,cGASKO,5,4.34191544,0.0631594458,0.0282457628,0.850827906
KO_heat_up,Egfr,WT_37,37,WT,5,0.215400564,0.237953865,0.106416204,-0.899324453
KO_heat_up,Egfr,WT_39,39,WT,5,1.60327784,0.164623702,0.0736219575,0.991410568
KO_heat_up,Egfr,cGASKO_37,37,cGASKO,5,0.272192451,0.121769156,0.054456822,-0.821955645
KO_heat_up,Egfr,cGASKO_39,39,cGASKO,5,1.41129596,0.237049884,0.106011931,0.72986953
KO_heat_up,Rnf152,WT_37,37,WT,5,1.01666762,0.172667005,0.0772190322,-0.850787608
KO_heat_up,Rnf152,WT_39,39,WT,5,2.20390657,0.371759582,0.16625594,0.842895006
KO_heat_up,Rnf152,cGASKO_37,37,cGASKO,5,0.995608662,0.139785043,0.0625137716,-0.880829747
KO_heat_up,Rnf152,cGASKO_39,39,cGASKO,5,2.23603066,0.2182275,0.097594305,0.888722348
KO_heat_up,Pdgfa,WT_37,37,WT,5,0.244867695,0.0636075683,0.0284461693,-0.573469888
KO_heat_up,Pdgfa,WT_39,39,WT,5,1.0189663,0.176444736,0.0789084849,0.848910934
KO_heat_up,Pdgfa,cGASKO_37,37,cGASKO,5,-0.050181607,0.242082622,0.10826264,-1.11561332
KO_heat_up,Pdgfa,cGASKO_39,39,cGASKO,5,1.01421048,0.138027618,0.0617278271,0.84017227
KO_heat_up,4930459C07Rik,WT_37,37,WT,5,-0.164967746,0.223785236,0.1000798,-0.732190482
KO_heat_up,4930459C07Rik,WT_39,39,WT,5,1.04538968,0.191818037,0.0857836341,0.954903029
KO_heat_up,4930459C07Rik,cGASKO_37,37,cGASKO,5,-0.346492752,0.221410531,0.0990177996,-0.985214633
KO_heat_up,4930459C07Rik,cGASKO_39,39,cGASKO,5,0.907357071,0.267179447,0.119486281,0.762502085
KO_heat_up,Il1r2,WT_37,37,WT,5,1.24283395,0.251993812,0.112695059,-0.697196438
KO_heat_up,Il1r2,WT_39,39,WT,5,2.17853885,0.162364537,0.0726116285,0.878912845
KO_heat_up,Il1r2,cGASKO_37,37,cGASKO,5,1.0514619,0.178741024,0.0799354158,-1.01954516
KO_heat_up,Il1r2,cGASKO_39,39,cGASKO,5,2.15414803,0.229026581,0.102423801,0.837828749
KO_heat_up,Clu,WT_37,37,WT,5,-0.0313819492,0.400449323,0.179086382,-0.78371076
KO_heat_up,Clu,WT_39,39,WT,5,1.51615372,0.239606418,0.107155248,0.95890307
KO_heat_up,Clu,cGASKO_37,37,cGASKO,5,-0.16959464,0.278013852,0.124331574,-0.939346169
KO_heat_up,Clu,cGASKO_39,39,cGASKO,5,1.34320585,0.268723115,0.120176631,0.76415386
KO_heat_up,Camk2n1,WT_37,37,WT,5,3.35291373,0.256904448,0.114891162,-0.979501347
KO_heat_up,Camk2n1,WT_39,39,WT,5,4.39559227,0.233241031,0.10430856,0.758411744
KO_heat_up,Camk2n1,cGASKO_37,37,cGASKO,5,3.49764729,0.061133768,0.0273398522,-0.738262724
KO_heat_up,Camk2n1,cGASKO_39,39,cGASKO,5,4.51614861,0.155681838,0.0696230347,0.959352328
KO_heat_up,Gm26781,WT_37,37,WT,5,0.293033166,0.119202085,0.0533087931,-0.720289963
KO_heat_up,Gm26781,WT_39,39,WT,5,1.19793379,0.226321689,0.101214136,0.809143253
KO_heat_up,Gm26781,cGASKO_37,37,cGASKO,5,0.128116552,0.209218993,0.093565578,-0.99902659
KO_heat_up,Gm26781,cGASKO_39,39,cGASKO,5,1.25770897,0.220912621,0.0987951273,0.9101733
KO_heat_up,Cdcp1,WT_37,37,WT,5,1.06588352,0.267248429,0.119517131,-0.9019282
KO_heat_up,Cdcp1,WT_39,39,WT,5,2.04531606,0.0686390991,0.0306963383,0.782912573
KO_heat_up,Cdcp1,cGASKO_37,37,cGASKO,5,1.1103106,0.242554442,0.108473644,-0.825503787
KO_heat_up,Cdcp1,cGASKO_39,39,cGASKO,5,2.13926144,0.0780143607,0.0348890827,0.944519413
KO_heat_up,Klf5,WT_37,37,WT,5,0.482981477,0.196441861,0.0878514709,-0.632645641
KO_heat_up,Klf5,WT_39,39,WT,5,1.19999945,0.0731786729,0.0327264974,0.788239468
KO_heat_up,Klf5,cGASKO_37,37,cGASKO,5,0.26261113,0.149032563,0.0666493883,-1.06934452
KO_heat_up,Klf5,cGASKO_39,39,cGASKO,5,1.26333589,0.183282453,0.0819664046,0.913750693
KO_heat_up,Tctex1d2,WT_37,37,WT,5,0.623427917,0.297708947,0.133139489,-0.898622984
KO_heat_up,Tctex1d2,WT_39,39,WT,5,1.81219092,0.229983383,0.102851695,0.888127952
KO_heat_up,Tctex1d2,cGASKO_37,37,cGASKO,5,0.667419222,0.126719882,0.0566708538,-0.832502567
KO_heat_up,Tctex1d2,cGASKO_39,39,cGASKO,5,1.78216474,0.109975822,0.049182683,0.842997599
KO_heat_up,Gm7334,WT_37,37,WT,5,3.31205502,0.176365301,0.0788729603,-0.86092759
KO_heat_up,Gm7334,WT_39,39,WT,5,4.36292989,0.260203558,0.116366569,0.906661632
KO_heat_up,Gm7334,cGASKO_37,37,cGASKO,5,3.3065816,0.131550285,0.0588310757,-0.870133971
KO_heat_up,Gm7334,cGASKO_39,39,cGASKO,5,4.31402331,0.184324845,0.0824325766,0.824399929
KO_heat_up,Atp2b4,WT_37,37,WT,5,5.72114968,0.2888875,0.129194418,-0.83100535
KO_heat_up,Atp2b4,WT_39,39,WT,5,6.89134127,0.207273081,0.09269534,0.91278528
KO_heat_up,Atp2b4,cGASKO_37,37,cGASKO,5,5.67548127,0.115711414,0.0517477176,-0.899059285
KO_heat_up,Atp2b4,cGASKO_39,39,cGASKO,5,6.82725087,0.166916957,0.0746475325,0.817279354
KO_heat_up,Il1a,WT_37,37,WT,5,1.35627456,0.568905833,0.254422423,-0.86244429
KO_heat_up,Il1a,WT_39,39,WT,5,4.12942478,0.400677025,0.179188213,0.964316003
KO_heat_up,Il1a,cGASKO_37,37,cGASKO,5,1.35440358,0.393433773,0.175948932,-0.863676765
KO_heat_up,Il1a,cGASKO_39,39,cGASKO,5,3.82199895,0.365671891,0.163533441,0.761805052
KO_heat_up,Eomes,WT_37,37,WT,5,1.68606711,0.275260704,0.123100329,-0.83855871
KO_heat_up,Eomes,WT_39,39,WT,5,2.91735481,0.153444467,0.0686224519,0.988665888
KO_heat_up,Eomes,cGASKO_37,37,cGASKO,5,1.65559107,0.221012336,0.0988397216,-0.883784994
KO_heat_up,Eomes,cGASKO_39,39,cGASKO,5,2.74552937,0.215686137,0.0964577727,0.733677815
KO_heat_up,Gpr183,WT_37,37,WT,5,2.77892447,0.150716633,0.0674025272,-0.697048657
KO_heat_up,Gpr183,WT_39,39,WT,5,3.90758279,0.259151276,0.115895974,0.9065513
KO_heat_up,Gpr183,cGASKO_37,37,cGASKO,5,2.55258776,0.259238185,0.115934841,-1.01862829
KO_heat_up,Gpr183,cGASKO_39,39,cGASKO,5,3.8390119,0.27975209,0.125108938,0.809125648
KO_heat_up,Hbegf,WT_37,37,WT,5,4.69217163,0.266760559,0.119298949,-0.891938424
KO_heat_up,Hbegf,WT_39,39,WT,5,6.65471038,0.409089543,0.182950405,0.852078658
KO_heat_up,Hbegf,cGASKO_37,37,cGASKO,5,4.75105808,0.356894247,0.15960796,-0.839608774
KO_heat_up,Hbegf,cGASKO_39,39,cGASKO,5,6.68553216,0.335024839,0.149827663,0.87946854
KO_heat_up,Arhgef25,WT_37,37,WT,5,0.374662942,0.189943152,0.0849451598,-0.904084103
KO_heat_up,Arhgef25,WT_39,39,WT,5,1.57756404,0.294923604,0.131893846,0.922703573
KO_heat_up,Arhgef25,cGASKO_37,37,cGASKO,5,0.426662379,0.0755393691,0.0337822329,-0.825115076
KO_heat_up,Arhgef25,cGASKO_39,39,cGASKO,5,1.50104355,0.132695874,0.059343399,0.806495606
KO_heat_up,Gm37738,WT_37,37,WT,5,0.951977127,0.133197577,0.0595677674,-0.782470642
KO_heat_up,Gm37738,WT_39,39,WT,5,1.7089002,0.178828576,0.0799745704,0.624553698
KO_heat_up,Gm37738,cGASKO_37,37,cGASKO,5,0.879425184,0.215358655,0.0963113183,-0.917335534
KO_heat_up,Gm37738,cGASKO_39,39,cGASKO,5,1.9513582,0.258175441,0.115459567,1.07525248
KO_heat_up,Avpr1a,WT_37,37,WT,5,1.34311404,0.218967078,0.0979250544,-0.614565564
KO_heat_up,Avpr1a,WT_39,39,WT,5,2.39706723,0.263601903,0.117886355,1.08044764
KO_heat_up,Avpr1a,cGASKO_37,37,cGASKO,5,1.0702269,0.146326274,0.0654390989,-1.05343449
KO_heat_up,Avpr1a,cGASKO_39,39,cGASKO,5,2.09058673,0.119799622,0.0535760198,0.587552414
KO_heat_up,Timd2,WT_37,37,WT,5,0.707289144,0.445550658,0.199256312,-0.727282929
KO_heat_up,Timd2,WT_39,39,WT,5,2.33168773,0.35785269,0.160036588,0.9142268
KO_heat_up,Timd2,cGASKO_37,37,cGASKO,5,0.444486751,0.192891232,0.0862635812,-0.992853638
KO_heat_up,Timd2,cGASKO_39,39,cGASKO,5,2.2244998,0.339197749,0.151693845,0.805909767
KO_heat_up,Gm34680,WT_37,37,WT,5,0.272915873,0.229685288,0.102718383,-0.850583366
KO_heat_up,Gm34680,WT_39,39,WT,5,1.19473417,0.0605610433,0.0270837219,0.779195816
KO_heat_up,Gm34680,cGASKO_37,37,cGASKO,5,0.257851399,0.21756009,0.0972958303,-0.877217427
KO_heat_up,Gm34680,cGASKO_39,39,cGASKO,5,1.29055357,0.144414501,0.0645841284,0.948604978
KO_heat_up,Sdc4,WT_37,37,WT,5,3.71905477,0.414275112,0.185269463,-0.746272153
KO_heat_up,Sdc4,WT_39,39,WT,5,5.01680612,0.247440206,0.110658624,0.869482727
KO_heat_up,Sdc4,cGASKO_37,37,cGASKO,5,3.53294988,0.159260037,0.0712232538,-0.977980548
KO_heat_up,Sdc4,cGASKO_39,39,cGASKO,5,5.00498904,0.167666111,0.0749825644,0.854769974
KO_heat_up,Aplp1,WT_37,37,WT,5,2.43138384,0.242766115,0.108568307,-0.974108878
KO_heat_up,Aplp1,WT_39,39,WT,5,3.70925552,0.254383475,0.113763749,0.829970644
KO_heat_up,Aplp1,cGASKO_37,37,cGASKO,5,2.59006563,0.217799457,0.0974028784,-0.750084368
KO_heat_up,Aplp1,cGASKO_39,39,cGASKO,5,3.75476669,0.202053612,0.0903611223,0.894222603
KO_heat_up,Cd40lg,WT_37,37,WT,5,3.74118892,0.269564706,0.120553001,-0.878585871
KO_heat_up,Cd40lg,WT_39,39,WT,5,5.64781948,0.430597269,0.192568953,0.869496842
KO_heat_up,Cd40lg,cGASKO_37,37,cGASKO,5,3.76869622,0.233403055,0.104381019,-0.853365972
KO_heat_up,Cd40lg,cGASKO_39,39,cGASKO,5,5.64013896,0.394406077,0.17638376,0.862455
KO_heat_up,Ccl3,WT_37,37,WT,5,2.93154587,0.567334017,0.253719486,-0.942044465
KO_heat_up,Ccl3,WT_39,39,WT,5,5.56788689,0.46309774,0.207103606,0.86949872
KO_heat_up,Ccl3,cGASKO_37,37,cGASKO,5,3.15791772,0.312962075,0.139960895,-0.786494641
KO_heat_up,Ccl3,cGASKO_39,39,cGASKO,5,5.55266686,0.366707765,0.163996698,0.859040385
KO_heat_up,Cd53,WT_37,37,WT,5,6.98121164,0.234981528,0.105086934,-0.79831442
KO_heat_up,Cd53,WT_39,39,WT,5,7.99642305,0.237107789,0.106037827,0.93357313
KO_heat_up,Cd53,cGASKO_37,37,cGASKO,5,6.90493396,0.065064602,0.0290977746,-0.928439392
KO_heat_up,Cd53,cGASKO_39,39,cGASKO,5,7.91412671,0.145934259,0.0652637848,0.793180682
KO_heat_up,Dnah7a,WT_37,37,WT,5,4.09038896,0.347759106,0.1555226,-0.85010716
KO_heat_up,Dnah7a,WT_39,39,WT,5,5.18700494,0.0859431241,0.0384349335,0.858234598
KO_heat_up,Dnah7a,cGASKO_37,37,cGASKO,5,4.07006738,0.164057975,0.0733689568,-0.881764739
KO_heat_up,Dnah7a,cGASKO_39,39,cGASKO,5,5.19689222,0.146699624,0.0656060665,0.873637302
KO_heat_up,Col27a1,WT_37,37,WT,5,1.56061548,0.113244328,0.0506444029,-0.6945519
KO_heat_up,Col27a1,WT_39,39,WT,5,2.34719933,0.28542717,0.127646911,0.78154339
KO_heat_up,Col27a1,cGASKO_37,37,cGASKO,5,1.38775222,0.193025325,0.0863235495,-1.01894534
KO_heat_up,Col27a1,cGASKO_39,39,cGASKO,5,2.42735029,0.226543227,0.101313211,0.93195385100000006
KO_heat_up,Csf2,WT_37,37,WT,5,-0.0412591394,0.332398959,0.148653334,-0.819874785
KO_heat_up,Csf2,WT_39,39,WT,5,1.76440864,0.457129324,0.204434449,0.883193223
KO_heat_up,Csf2,cGASKO_37,37,cGASKO,5,-0.137660079,0.475386793,0.212599437,-0.910798131
KO_heat_up,Csf2,cGASKO_39,39,cGASKO,5,1.72654358,0.120678237,0.0539689484,0.847479694
KO_heat_up,Cavin1,WT_37,37,WT,5,0.0315161658,0.135886075,0.0607701002,-0.864448601
KO_heat_up,Cavin1,WT_39,39,WT,5,1.02726152,0.220949674,0.0988116981,0.789905376
KO_heat_up,Cavin1,cGASKO_37,37,cGASKO,5,0.0315493615,0.203624599,0.091063689,-0.864393449
KO_heat_up,Cavin1,cGASKO_39,39,cGASKO,5,1.11696252,0.229272165,0.102533629,0.938936674
KO_heat_up,Kdm6b,WT_37,37,WT,5,6.55179895,0.22151239,0.0990633526,-0.876079817
KO_heat_up,Kdm6b,WT_39,39,WT,5,7.65636624,0.283682137,0.126866508,0.876924311
KO_heat_up,Kdm6b,cGASKO_37,37,cGASKO,5,6.56455049,0.0480167018,0.0214737218,-0.855842481
KO_heat_up,Kdm6b,cGASKO_39,39,cGASKO,5,7.64255047,0.173561257,0.0776189539,0.854997986
KO_heat_up,2010003K11Rik,WT_37,37,WT,5,0.65593982,0.215892026,0.0965498491,-0.806703744
KO_heat_up,2010003K11Rik,WT_39,39,WT,5,1.66606969,0.236771577,0.105887468,0.918529984
KO_heat_up,2010003K11Rik,cGASKO_37,37,cGASKO,5,0.588591335,0.100321174,0.0448649927,-0.921730417
KO_heat_up,2010003K11Rik,cGASKO_39,39,cGASKO,5,1.60246893,0.175727927,0.0785879179,0.809904177
KO_heat_up,Tmem205,WT_37,37,WT,5,1.06289421,0.20521259,0.09177386,-0.907669333
KO_heat_up,Tmem205,WT_39,39,WT,5,2.23681741,0.257903294,0.115337859,0.90106703
KO_heat_up,Tmem205,cGASKO_37,37,cGASKO,5,1.11811313,0.172439831,0.0771174366,-0.822590123
KO_heat_up,Tmem205,cGASKO_39,39,cGASKO,5,2.19016868,0.244204873,0.109211739,0.829192425
KO_heat_up,Stra6,WT_37,37,WT,5,1.9880856,0.799816512,0.357688818,-0.814886217
KO_heat_up,Stra6,WT_39,39,WT,5,4.5496232,0.377818393,0.168965522,0.910938327
KO_heat_up,Stra6,cGASKO_37,37,cGASKO,5,1.84024144,0.264503654,0.11828963,-0.914495562
KO_heat_up,Stra6,cGASKO_39,39,cGASKO,5,4.41233862,0.307942809,0.137716211,0.818443452
KO_heat_up,Tmem125,WT_37,37,WT,5,0.233416951,0.168490813,0.0753513823,-0.9486687
KO_heat_up,Tmem125,WT_39,39,WT,5,1.42706849,0.191646386,0.0857068693,0.91057323
KO_heat_up,Tmem125,cGASKO_37,37,cGASKO,5,0.343070845,0.103173227,0.04614047,-0.777870849
KO_heat_up,Tmem125,cGASKO_39,39,cGASKO,5,1.36632993,0.265551869,0.118758406,0.815966319
KO_heat_up,AA467197,WT_37,37,WT,5,2.33119498,0.460269466,0.205838763,-0.883248263
KO_heat_up,AA467197,WT_39,39,WT,5,4.09247422,0.360606917,0.161268316,0.879295721
KO_heat_up,AA467197,cGASKO_37,37,cGASKO,5,2.36589365,0.190475932,0.0851834264,-0.848524678
KO_heat_up,AA467197,cGASKO_39,39,cGASKO,5,4.06567497,0.213465505,0.0954646762,0.852477221
KO_heat_up,Fam43a,WT_37,37,WT,5,0.667004731,0.28670263,0.128217314,-0.627845316
KO_heat_up,Fam43a,WT_39,39,WT,5,1.45578121,0.140779742,0.0629586145,0.84458333
KO_heat_up,Fam43a,cGASKO_37,37,cGASKO,5,0.427430322,0.197605198,0.0883717312,-1.07506482
KO_heat_up,Fam43a,cGASKO_39,39,cGASKO,5,1.46314356,0.155629541,0.0695996464,0.858326802
KO_heat_up,Sema4a,WT_37,37,WT,5,3.57600852,0.376018195,0.168160449,-0.859133328
KO_heat_up,Sema4a,WT_39,39,WT,5,4.75788328,0.221384983,0.0990063741,0.856375628
KO_heat_up,Sema4a,cGASKO_37,37,cGASKO,5,3.56656753,0.154800935,0.0692290826,-0.872837058
KO_heat_up,Sema4a,cGASKO_39,39,cGASKO,5,4.77112402,0.0920866919,0.0411824206,0.875594757
KO_heat_up,Myo16,WT_37,37,WT,5,-0.115610568,0.221759079,0.0991736749,-0.875170992
KO_heat_up,Myo16,WT_39,39,WT,5,0.90692818100000006,0.20597302,0.0921139346,0.752296793
KO_heat_up,Myo16,cGASKO_37,37,cGASKO,5,-0.0996475762,0.340847103,0.152431458,-0.84976437
KO_heat_up,Myo16,cGASKO_39,39,cGASKO,5,1.04536902,0.148174195,0.0662655144,0.972638569
KO_heat_up,Ppl,WT_37,37,WT,5,0.0845314968,0.184019816,0.0822961636,-0.752946594
KO_heat_up,Ppl,WT_39,39,WT,5,0.703385814,0.26388227399999997,0.11801174,0.480111063
KO_heat_up,Ppl,cGASKO_37,37,cGASKO,5,0.00867084256,0.159334499,0.0712565541,-0.904097775
KO_heat_up,Ppl,cGASKO_39,39,cGASKO,5,1.05311111,0.201448378,0.0900904534,1.17693331
KO_heat_up,Uaca,WT_37,37,WT,5,1.18083477,0.220400341,0.098566029,-0.859605728
KO_heat_up,Uaca,WT_39,39,WT,5,2.11025716,0.298153833,0.133338448,0.691248869
KO_heat_up,Uaca,cGASKO_37,37,cGASKO,5,1.18280288,0.211749385,0.094697204,-0.856321698
KO_heat_up,Uaca,cGASKO_39,39,cGASKO,5,2.31008054,0.27155198,0.121441737,1.02467856
KO_heat_up,Gpat3,WT_37,37,WT,5,1.36144039,0.297023137,0.132832785,-0.813372508
KO_heat_up,Gpat3,WT_39,39,WT,5,2.34287641,0.306378221,0.137016506,0.833935701
KO_heat_up,Gpat3,cGASKO_37,37,cGASKO,5,1.29994938,0.194539691,0.0870007945,-0.916583143
KO_heat_up,Gpat3,cGASKO_39,39,cGASKO,5,2.37986506,0.126767798,0.0566922829,0.89601995
KO_heat_up,Cldn4,WT_37,37,WT,5,1.11866935,0.412910499,0.184659189,-0.65550669
KO_heat_up,Cldn4,WT_39,39,WT,5,2.66652465,0.359801653,0.160908191,0.98414867
KO_heat_up,Cldn4,cGASKO_37,37,cGASKO,5,0.751902828,0.142725912,0.0638289681,-1.04402537
KO_heat_up,Cldn4,cGASKO_39,39,cGASKO,5,2.41280685,0.401682307,0.179637789,0.715383392
KO_heat_up,Mpzl2,WT_37,37,WT,5,0.14260468,0.152454658,0.0681797956,-0.780936547
KO_heat_up,Mpzl2,WT_39,39,WT,5,0.887409164,0.277099054,0.123922464,0.650780703
KO_heat_up,Mpzl2,cGASKO_37,37,cGASKO,5,0.0679699459,0.212365409,0.094972698,-0.924404851
KO_heat_up,Mpzl2,cGASKO_39,39,cGASKO,5,1.09746261,0.15098282699999999,0.0675215729,1.05456069
KO_heat_up,Tnfsf9,WT_37,37,WT,5,2.26977318,0.536380924,0.239876842,-0.791068092
KO_heat_up,Tnfsf9,WT_39,39,WT,5,3.79993935,0.389006328,0.173968919,0.796547311
KO_heat_up,Tnfsf9,cGASKO_37,37,cGASKO,5,2.13066461,0.120182741,0.0537473557,-0.93539942
KO_heat_up,Tnfsf9,cGASKO_39,39,cGASKO,5,3.92848603,0.243452052,0.108875068,0.929920201
KO_heat_up,Sh3gl3,WT_37,37,WT,5,0.429504389,0.377765624,0.168941923,-0.924624986
KO_heat_up,Sh3gl3,WT_39,39,WT,5,1.73481021,0.264439733,0.118261044,0.878852341
KO_heat_up,Sh3gl3,cGASKO_37,37,cGASKO,5,0.515900234,0.109076598,0.0487805376,-0.805256066
KO_heat_up,Sh3gl3,cGASKO_39,39,cGASKO,5,1.71467226,0.261102955,0.116768791,0.851028711
KO_heat_up,Pdgfb,WT_37,37,WT,5,7.10238636,0.248778576,0.111257162,-0.861551024
KO_heat_up,Pdgfb,WT_39,39,WT,5,8.43793695,0.31296027,0.139960087,0.93144469
KO_heat_up,Pdgfb,cGASKO_37,37,cGASKO,5,7.09764018,0.0704666647,0.0315136505,-0.867922841
KO_heat_up,Pdgfb,cGASKO_39,39,cGASKO,5,8.33855959,0.282048858,0.126136084,0.798029175
KO_heat_up,Egr2,WT_37,37,WT,5,5.80166837,0.264971487,0.118498852,-0.87714088
KO_heat_up,Egr2,WT_39,39,WT,5,6.95292807,0.253410812,0.11332876,0.901815473
KO_heat_up,Egr2,cGASKO_37,37,cGASKO,5,5.81659487,0.135165324,0.0604477707,-0.854076066
KO_heat_up,Egr2,cGASKO_39,39,cGASKO,5,6.90606502,0.193344453,0.086466268,0.829401473
KO_heat_up,Vill,WT_37,37,WT,5,1.50445118,0.332467124,0.148683818,-0.802897031
KO_heat_up,Vill,WT_39,39,WT,5,2.64202075,0.303300509,0.135640111,0.817812831
KO_heat_up,Vill,cGASKO_37,37,cGASKO,5,1.41823905,0.213151142,0.0953240884,-0.925724552
KO_heat_up,Vill,cGASKO_39,39,cGASKO,5,2.7072942,0.272286224,0.121770101,0.910808753
KO_heat_up,Casz1,WT_37,37,WT,5,2.99555454,0.331879731,0.148421128,-0.808691743
KO_heat_up,Casz1,WT_39,39,WT,5,4.10375482,0.179699951,0.0803642611,0.980890956
KO_heat_up,Casz1,cGASKO_37,37,cGASKO,5,2.93067787,0.0887939505,0.0397098619,-0.913458148
KO_heat_up,Casz1,cGASKO_39,39,cGASKO,5,3.95536253,0.205530107,0.0919158581,0.741258935
KO_heat_up,Cd83,WT_37,37,WT,5,3.84778717,0.314025594,0.140436515,-0.735795102
KO_heat_up,Cd83,WT_39,39,WT,5,4.86898257,0.143536734,0.0641915789,0.918272411
KO_heat_up,Cd83,cGASKO_37,37,cGASKO,5,3.69373967,0.252420768,0.112885999,-0.98531146
KO_heat_up,Cd83,cGASKO_39,39,cGASKO,5,4.79771279,0.14460067,0.0646673855,0.802834151
KO_heat_up,Il3,WT_37,37,WT,5,0.991241791,0.452354891,0.202299257,-0.791320479
KO_heat_up,Il3,WT_39,39,WT,5,3.00418059,0.526035742,0.235250336,0.900083902
KO_heat_up,Il3,cGASKO_37,37,cGASKO,5,0.817964452,0.38897928,0.173956822,-0.936919565
KO_heat_up,Il3,cGASKO_39,39,cGASKO,5,2.91857943,0.317408145,0.141949238,0.828156142
KO_heat_up,Ltb4r1,WT_37,37,WT,5,0.00434827614,0.190979706,0.085408721,-0.570732804
KO_heat_up,Ltb4r1,WT_39,39,WT,5,0.657307674,0.34770905,0.155500215,0.700269232
KO_heat_up,Ltb4r1,cGASKO_37,37,cGASKO,5,-0.27152138,0.154433094,0.0690645791,-1.10772009
KO_heat_up,Ltb4r1,cGASKO_39,39,cGASKO,5,0.800082298,0.167559516,0.0749348938,0.97818366
KO_heat_up,Trp73,WT_37,37,WT,5,-0.640817006,0.271783062,0.12154508,-0.964172771
KO_heat_up,Trp73,WT_39,39,WT,5,0.605837904,0.287134391,0.128410403,0.873030642
KO_heat_up,Trp73,cGASKO_37,37,cGASKO,5,-0.503565893,0.157322579,0.0703567962,-0.761904917
KO_heat_up,Trp73,cGASKO_39,39,cGASKO,5,0.592277811,0.24313555,0.108733524,0.853047046
KO_heat_up,Card10,WT_37,37,WT,5,0.662458781,0.223898405,0.100130411,-0.755376165
KO_heat_up,Card10,WT_39,39,WT,5,1.50481509,0.237595903,0.106256118,0.790501242
KO_heat_up,Card10,cGASKO_37,37,cGASKO,5,0.54699545,0.238335993,0.106587096,-0.967272429
KO_heat_up,Card10,cGASKO_39,39,cGASKO,5,1.58199876,0.216958191,0.0970266525,0.932147352
KO_heat_up,1700016P03Rik,WT_37,37,WT,5,-0.239751021,0.222128194,0.0993387485,-0.822421039
KO_heat_up,1700016P03Rik,WT_39,39,WT,5,0.7453358,0.323686673,0.144757081,0.766825631
KO_heat_up,1700016P03Rik,cGASKO_37,37,cGASKO,5,-0.289911875,0.251823399,0.112618848,-0.903345856
KO_heat_up,1700016P03Rik,cGASKO_39,39,cGASKO,5,0.864417741,0.241224593,0.107878918,0.958941265
KO_heat_up,Adm,WT_37,37,WT,5,0.85605172,0.616221134,0.275582469,-0.594617731
KO_heat_up,Adm,WT_39,39,WT,5,1.95664909,0.205334117,0.0918282086,0.778580666
KO_heat_up,Adm,cGASKO_37,37,cGASKO,5,0.452763088,0.188691717,0.0843855013,-1.09779475
KO_heat_up,Adm,cGASKO_39,39,cGASKO,5,2.0650508,0.225961244,0.10105294,0.913831815
KO_heat_up,Ccdc184,WT_37,37,WT,5,-0.442669322,0.301380356,0.134781393,-0.718230936
KO_heat_up,Ccdc184,WT_39,39,WT,5,0.521899424,0.190029646,0.0849838413,0.920185115
KO_heat_up,Ccdc184,cGASKO_37,37,cGASKO,5,-0.608638677,0.292826501,0.130955992,-1.00014641
KO_heat_up,Ccdc184,cGASKO_39,39,cGASKO,5,0.450079739,0.130765487,0.0584801034,0.79819223
KO_heat_up,Ltbp3,WT_37,37,WT,5,-0.0130295379,0.234078414,0.104683049,-0.899360638
KO_heat_up,Ltbp3,WT_39,39,WT,5,0.915519978,0.378563334,0.16929867,0.645724496
KO_heat_up,Ltbp3,cGASKO_37,37,cGASKO,5,0.0427995312,0.150907459,0.0674878675,-0.806462345
KO_heat_up,Ltbp3,cGASKO_39,39,cGASKO,5,1.16454624,0.232780204,0.104102472,1.06009849
KO_heat_up,Rgs16,WT_37,37,WT,5,7.68288419,0.221318064,0.0989764471,-0.913690824
KO_heat_up,Rgs16,WT_39,39,WT,5,8.79701073,0.306049223,0.136869373,0.863247974
KO_heat_up,Rgs16,cGASKO_37,37,cGASKO,5,7.74350375,0.128390659,0.0574180483,-0.817007693
KO_heat_up,Rgs16,cGASKO_39,39,cGASKO,5,8.79964571,0.207999691,0.0930202899,0.867450542
KO_heat_up,Lamc2,WT_37,37,WT,5,3.10781762,0.292088887,0.130626121,-0.659697805
KO_heat_up,Lamc2,WT_39,39,WT,5,4.13225776,0.25275372,0.1130349,0.962437216
KO_heat_up,Lamc2,cGASKO_37,37,cGASKO,5,2.86527354,0.204214803,0.0913276363,-1.04375074
KO_heat_up,Lamc2,cGASKO_39,39,cGASKO,5,3.99241887,0.240382696,0.10750241,0.741011334
KO_heat_up,Efna2,WT_37,37,WT,5,-0.0407430193,0.296152037,0.132443217,-0.81536543399999994
KO_heat_up,Efna2,WT_39,39,WT,5,0.853111927,0.196903856,0.0880580813,0.800415385
KO_heat_up,Efna2,cGASKO_37,37,cGASKO,5,-0.0947328455,0.240046552,0.107352082,-0.91296038
KO_heat_up,Efna2,cGASKO_39,39,cGASKO,5,0.923642579,0.194387839,0.0869328844,0.927910429
KO_heat_up,Anxa2,WT_37,37,WT,5,7.29265647,0.462044386,0.206632531,-0.852921302
KO_heat_up,Anxa2,WT_39,39,WT,5,8.40745185,0.197639503,0.0883870727,0.815825248
KO_heat_up,Anxa2,cGASKO_37,37,cGASKO,5,7.27615068,0.0940653563,0.0420673062,-0.877628953
KO_heat_up,Anxa2,cGASKO_39,39,cGASKO,5,8.47352119,0.113041457,0.0505536764,0.914725007
KO_heat_up,Gm48114,WT_37,37,WT,5,0.124280277,0.217829566,0.0974163436,-0.661165641
KO_heat_up,Gm48114,WT_39,39,WT,5,1.08371559,0.326390873,0.145966436,1.0000317
KO_heat_up,Gm48114,cGASKO_37,37,cGASKO,5,-0.0927913897,0.0930229778,0.0416011404,-1.03701055
KO_heat_up,Gm48114,cGASKO_39,39,cGASKO,5,0.909358676,0.253372072,0.113311435,0.698144489
KO_heat_up,Aldh1l2,WT_37,37,WT,5,0.691577278,0.358519517,0.160334802,-0.770074108
KO_heat_up,Aldh1l2,WT_39,39,WT,5,1.68086787,0.200121911,0.0894972395,0.804159101
KO_heat_up,Aldh1l2,cGASKO_37,37,cGASKO,5,0.575330598,0.385283153,0.172303864,-0.955054521
KO_heat_up,Aldh1l2,cGASKO_39,39,cGASKO,5,1.7542747,0.22204439,0.0993012701,0.920969528
KO_heat_up,Gm867,WT_37,37,WT,5,-0.315634346,0.311113503,0.139134188,-0.911215597
KO_heat_up,Gm867,WT_39,39,WT,5,0.785826284,0.17757612,0.0794144552,0.885731289
KO_heat_up,Gm867,cGASKO_37,37,cGASKO,5,-0.259340184,0.214619422,0.0959807234,-0.819376075
KO_heat_up,Gm867,cGASKO_39,39,cGASKO,5,0.760773961,0.283819965,0.126928147,0.844860383
KO_heat_up,Egr3,WT_37,37,WT,5,6.07822711,0.303106502,0.135553348,-0.930704826
KO_heat_up,Egr3,WT_39,39,WT,5,7.18520051,0.280048071,0.125241305,0.857189781
KO_heat_up,Egr3,cGASKO_37,37,cGASKO,5,6.15989602,0.101331173,0.0453166782,-0.798799769
KO_heat_up,Egr3,cGASKO_39,39,cGASKO,5,7.19456516,0.202409216,0.0905201531,0.872314814
KO_heat_up,Cth,WT_37,37,WT,5,2.42105651,0.611433547,0.273441395,-0.798427107
KO_heat_up,Cth,WT_39,39,WT,5,3.87260292,0.170996179,0.076471816,0.895491052
KO_heat_up,Cth,cGASKO_37,37,cGASKO,5,2.30784123,0.252269151,0.112818194,-0.930546492
KO_heat_up,Cth,cGASKO_39,39,cGASKO,5,3.81946681,0.117113622,0.0523748038,0.833482547
KO_heat_up,Slc2a1,WT_37,37,WT,5,6.01668883,0.141474046,0.0632691167,-0.891811965
KO_heat_up,Slc2a1,WT_39,39,WT,5,6.99958462,0.267625299,0.119685672,0.799487838
KO_heat_up,Slc2a1,cGASKO_37,37,cGASKO,5,6.04833246,0.0862534045,0.0385736951,-0.837361774
KO_heat_up,Slc2a1,cGASKO_39,39,cGASKO,5,7.07524899,0.360767899,0.161340309,0.929685901
KO_heat_up,Mapk13,WT_37,37,WT,5,0.358113721,0.280158117,0.125290519,-0.428467364
KO_heat_up,Mapk13,WT_39,39,WT,5,0.915379989,0.283834102,0.126934469,0.680865838
KO_heat_up,Mapk13,cGASKO_37,37,cGASKO,5,-0.0311991538,0.305461355,0.136606471,-1.2034608
KO_heat_up,Mapk13,cGASKO_39,39,cGASKO,5,1.05111142,0.284561324,0.127259693,0.951062322
KO_heat_up,Hic1,WT_37,37,WT,5,1.03231776,0.262258765,0.117285685,-0.745863511
KO_heat_up,Hic1,WT_39,39,WT,5,2.00483189,0.343021096,0.153403698,0.936661776
KO_heat_up,Hic1,cGASKO_37,37,cGASKO,5,0.899750882,0.113101524,0.0505805393,-0.975214554
KO_heat_up,Hic1,cGASKO_39,39,cGASKO,5,1.91683269,0.318084664,0.142251786,0.784416289
KO_heat_up,Ppef1,WT_37,37,WT,5,1.13689791,0.472935687,0.211503269,-0.829167544
KO_heat_up,Ppef1,WT_39,39,WT,5,2.38351352,0.225640265,0.100909394,0.933627729
KO_heat_up,Ppef1,cGASKO_37,37,cGASKO,5,1.08723693,0.229292147,0.102542565,-0.899391377
KO_heat_up,Ppef1,cGASKO_39,39,cGASKO,5,2.28542994,0.249498496,0.111579119,0.794931191
KO_heat_up,Mst1r,WT_37,37,WT,5,1.11782496,0.222087398,0.0993205038,-0.765460156
KO_heat_up,Mst1r,WT_39,39,WT,5,2.16312581,0.294043568,0.131500281,0.974801475
KO_heat_up,Mst1r,cGASKO_37,37,cGASKO,5,1.00471854,0.11963159,0.0535008737,-0.953764571
KO_heat_up,Mst1r,cGASKO_39,39,cGASKO,5,2.02474745,0.398683692,0.178296767,0.744423252
KO_heat_up,Spry1,WT_37,37,WT,5,5.16953859,0.247147972,0.110527933,-0.854397459
KO_heat_up,Spry1,WT_39,39,WT,5,6.21713963,0.316746499,0.141653341,0.902309325
KO_heat_up,Spry1,cGASKO_37,37,cGASKO,5,5.15617739,0.188853,0.0844576291,-0.876802663
KO_heat_up,Spry1,cGASKO_39,39,cGASKO,5,6.17335695,0.209063894,0.0934962156,0.828890797
KO_heat_up,Gzma,WT_37,37,WT,5,-0.198913185,0.39629395,0.177228042,-0.849844017
KO_heat_up,Gzma,WT_39,39,WT,5,0.633552205,0.513675763,0.229722785,0.38966753
KO_heat_up,Gzma,cGASKO_37,37,cGASKO,5,-0.148586966,0.226096162,0.101113278,-0.774910056
KO_heat_up,Gzma,cGASKO_39,39,cGASKO,5,1.20134205,0.232327802,0.103900152,1.23508654
KO_heat_up,4933423P22Rik,WT_37,37,WT,5,1.38351995,0.152791133,0.068330272,-0.828682751
KO_heat_up,4933423P22Rik,WT_39,39,WT,5,2.12139059,0.397197681,0.177632203,0.515313125
KO_heat_up,4933423P22Rik,cGASKO_37,37,cGASKO,5,1.37567366,0.127299893,0.0569302429,-0.842974384
KO_heat_up,4933423P22Rik,cGASKO_39,39,cGASKO,5,2.4733246,0.395325171,0.176794791,1.15634401
KO_heat_up,Ankrd37,WT_37,37,WT,5,2.06644222,0.116188181,0.0519609342,-0.743917191
KO_heat_up,Ankrd37,WT_39,39,WT,5,2.9869615,0.422907665,0.189130057,0.619363676
KO_heat_up,Ankrd37,cGASKO_37,37,cGASKO,5,1.92632199,0.172591325,0.0771851868,-0.951434015
KO_heat_up,Ankrd37,cGASKO_39,39,cGASKO,5,3.29528465,0.502720858,0.224823603,1.07598753
KO_heat_up,Mcf2l,WT_37,37,WT,5,-0.133850547,0.347683557,0.155488814,-0.853699173
KO_heat_up,Mcf2l,WT_39,39,WT,5,1.27683191,0.322306003,0.144139626,0.975331854
KO_heat_up,Mcf2l,cGASKO_37,37,cGASKO,5,-0.14713069,0.246001826,0.110015361,-0.870917643
KO_heat_up,Mcf2l,cGASKO_39,39,cGASKO,5,1.10248802,0.447255205,0.200018608,0.749284962
KO_heat_up,Egr1,WT_37,37,WT,5,5.29068706,0.421959541,0.188706044,-0.900851037
KO_heat_up,Egr1,WT_39,39,WT,5,6.70201368,0.368931606,0.16499123,0.880255387
KO_heat_up,Egr1,cGASKO_37,37,cGASKO,5,5.34654455,0.190592694,0.0852356438,-0.830358399
KO_heat_up,Egr1,cGASKO_39,39,cGASKO,5,6.67879567,0.312360426,0.139691829,0.850954049
KO_heat_up,Fat2,WT_37,37,WT,5,-0.744911932,0.181418903,0.0811329998,-0.865080881
KO_heat_up,Fat2,WT_39,39,WT,5,0.110780015,0.445004448,0.199012039,0.685137228
KO_heat_up,Fat2,cGASKO_37,37,cGASKO,5,-0.736431647,0.150119113,0.0671353083,-0.849717534
KO_heat_up,Fat2,cGASKO_39,39,cGASKO,5,0.300950918,0.331972116,0.148462443,1.02966119
KO_heat_up,Ccn1,WT_37,37,WT,5,-0.466550804,0.180955994,0.0809259809,-0.775527305
KO_heat_up,Ccn1,WT_39,39,WT,5,0.907217779,0.538392573,0.240776478,0.995380201
KO_heat_up,Ccn1,cGASKO_37,37,cGASKO,5,-0.595437897,0.146030244,0.0653067103,-0.941674008
KO_heat_up,Ccn1,cGASKO_39,39,cGASKO,5,0.695006311,0.440294362,0.196905625,0.721821112
KO_heat_up,Ak4,WT_37,37,WT,5,3.36227805,0.3858817,0.172571543,-0.798084421
KO_heat_up,Ak4,WT_39,39,WT,5,4.53731391,0.384949948,0.17215485,0.803100673
KO_heat_up,Ak4,cGASKO_37,37,cGASKO,5,3.26594706,0.104400999,0.0466895461,-0.92935169
KO_heat_up,Ak4,cGASKO_39,39,cGASKO,5,4.62628251,0.448507609,0.2005787,0.924335438
KO_heat_up,Pkib,WT_37,37,WT,5,1.52469382,0.534404204,0.238992826,-0.804963458
KO_heat_up,Pkib,WT_39,39,WT,5,2.66437343,0.28341868,0.126748687,0.91895047
KO_heat_up,Pkib,cGASKO_37,37,cGASKO,5,1.4464437,0.124181245,0.0555355411,-0.923326971
KO_heat_up,Pkib,cGASKO_39,39,cGASKO,5,2.59190992,0.170547913,0.0762713453,0.809339959
KO_heat_up,Gm12867,WT_37,37,WT,5,-0.065361332,0.151962475,0.0679596846,-0.840997253
KO_heat_up,Gm12867,WT_39,39,WT,5,0.830226639,0.387054994,0.173096255,0.721186492
KO_heat_up,Gm12867,cGASKO_37,37,cGASKO,5,-0.0875065806,0.27661422,0.12370564,-0.879625448
KO_heat_up,Gm12867,cGASKO_39,39,cGASKO,5,0.98974507,0.435940477,0.194958508,0.999436209
KO_heat_up,Esyt3,WT_37,37,WT,5,0.385984232,0.37938978,0.169668268,-0.912128406
KO_heat_up,Esyt3,WT_39,39,WT,5,1.39099132,0.354289906,0.158443263,0.77731997
KO_heat_up,Esyt3,cGASKO_37,37,cGASKO,5,0.444195874,0.226335147,0.101220155,-0.814272814
KO_heat_up,Esyt3,cGASKO_39,39,cGASKO,5,1.49316745,0.309040613,0.138207164,0.94908125
KO_heat_up,Areg,WT_37,37,WT,5,0.487820345,0.459587929,0.20553397,-0.935078085
KO_heat_up,Areg,WT_39,39,WT,5,2.33115282,0.520880266,0.232944737,0.852092981
KO_heat_up,Areg,cGASKO_37,37,cGASKO,5,0.63332324,0.390360462,0.174574506,-0.794008275
KO_heat_up,Areg,cGASKO_39,39,cGASKO,5,2.35683571,0.525625791,0.235067,0.876993378
KO_heat_up,Gm45137,WT_37,37,WT,5,0.532492934,0.165519622,0.0740226255,-0.743141374
KO_heat_up,Gm45137,WT_39,39,WT,5,1.28554609,0.454083565,0.203072344,0.703873003
KO_heat_up,Gm45137,cGASKO_37,37,cGASKO,5,0.415381424,0.281127239,0.125723923,-0.968174676
KO_heat_up,Gm45137,cGASKO_39,39,cGASKO,5,1.44352957,0.311814804,0.13944782,1.00744305
KO_heat_up,Tgm2,WT_37,37,WT,5,2.05498758,0.863872842,0.38633568,-0.788439146
KO_heat_up,Tgm2,WT_39,39,WT,5,3.7159532,0.623146416,0.278679549,0.908465955
KO_heat_up,Tgm2,cGASKO_37,37,cGASKO,5,1.90744425,0.186309311,0.0833200568,-0.939174967
KO_heat_up,Tgm2,cGASKO_39,39,cGASKO,5,3.6285271,0.225193658,0.100709665,0.819148158
KO_heat_up,P4ha2,WT_37,37,WT,5,3.23325189,0.421623167,0.188555612,-0.955747861
KO_heat_up,P4ha2,WT_39,39,WT,5,4.24974233,0.462908495,0.207018972,0.759135243
KO_heat_up,P4ha2,cGASKO_37,37,cGASKO,5,3.34625931,0.0852142787,0.0381089839,-0.76509726
KO_heat_up,P4ha2,cGASKO_39,39,cGASKO,5,4.36981768,0.257283284,0.115060582,0.961709878
KO_heat_up,Il24,WT_37,37,WT,5,0.00241117799,0.594861536,0.266030166,-0.9219927
KO_heat_up,Il24,WT_39,39,WT,5,1.12073476,0.243212899,0.108768115,0.882464216
KO_heat_up,Il24,cGASKO_37,37,cGASKO,5,0.0730555355,0.232866954,0.104141268,-0.808005387
KO_heat_up,Il24,cGASKO_39,39,cGASKO,5,1.09908646,0.312679277,0.139834424,0.847533872
Interaction_up,Irf7,WT_37,37,WT,5,2.38774704,0.226786265,0.101421901,0.623795368
Interaction_up,Irf7,WT_39,39,WT,5,2.48016494,0.246252474,0.110127454,0.760149691
Interaction_up,Irf7,cGASKO_37,37,cGASKO,5,1.99295,0.105699727,0.0472703548,0.0413077112
Interaction_up,Irf7,cGASKO_39,39,cGASKO,5,0.998948255,0.0648503771,0.0290019703,-1.42525277
Interaction_up,Trim30d,WT_37,37,WT,5,3.07534221,0.244293875,0.109251542,0.50600828
Interaction_up,Trim30d,WT_39,39,WT,5,3.08459226,0.22781479,0.101881871,0.523836547
Interaction_up,Trim30d,cGASKO_37,37,cGASKO,5,3.05654324,0.0721837191,0.0322815406,0.46977569
Interaction_up,Trim30d,cGASKO_39,39,cGASKO,5,2.03473848,0.143730501,0.0642782341,-1.49962052
Interaction_up,Oasl2,WT_37,37,WT,5,1.81790269,0.205230249,0.0917817574,0.658205099
Interaction_up,Oasl2,WT_39,39,WT,5,1.71513925,0.348953226,0.156056627,0.527015344
Interaction_up,Oasl2,cGASKO_37,37,cGASKO,5,1.53580742,0.10651754,0.0476360919,0.298076908
Interaction_up,Oasl2,cGASKO_39,39,cGASKO,5,0.140423021,0.192543193,0.0861079337,-1.48329735
Interaction_up,Rtp4,WT_37,37,WT,5,2.01112091,0.21499073,0.0961467776,0.638735071
Interaction_up,Rtp4,WT_39,39,WT,5,1.80707133,0.345048797,0.154310513,0.412226988
Interaction_up,Rtp4,cGASKO_37,37,cGASKO,5,1.83337695,0.156292145,0.0698959719,0.44142791
Interaction_up,Rtp4,cGASKO_39,39,cGASKO,5,0.0912990438,0.375168534,0.167780469,-1.49238997
Interaction_up,Ifi206,WT_37,37,WT,5,1.7502643,0.135605543,0.0606446424,0.651323913
Interaction_up,Ifi206,WT_39,39,WT,5,1.54976245,0.22414793,0.100242002,0.391501491
Interaction_up,Ifi206,cGASKO_37,37,cGASKO,5,1.59321028,0.193885031,0.086708021800000007,0.447803819
Interaction_up,Ifi206,cGASKO_39,39,cGASKO,5,0.0973447174,0.350354204,0.156683163,-1.49062922
Interaction_up,Xaf1,WT_37,37,WT,5,3.42066131,0.0919384717,0.0411161345,0.733088015
Interaction_up,Xaf1,WT_39,39,WT,5,2.98891537,0.355284521,0.158888068,0.162124693
Interaction_up,Xaf1,cGASKO_37,37,cGASKO,5,3.29072469,0.184201735,0.0823775201,0.561253064
Interaction_up,Xaf1,cGASKO_39,39,cGASKO,5,1.76498411,0.144745876,0.0647323235,-1.45646577
Interaction_up,Ifi208,WT_37,37,WT,5,1.68909886,0.146319434,0.0654360401,0.791985839
Interaction_up,Ifi208,WT_39,39,WT,5,1.12846108,0.26633662,0.119109358,0.150461198
Interaction_up,Ifi208,cGASKO_37,37,cGASKO,5,1.43829593,0.100223704,0.0448214029,0.504997934
Interaction_up,Ifi208,cGASKO_39,39,cGASKO,5,-0.267972535,0.315625894,0.141152191,-1.44744497
Interaction_up,Ifit1,WT_37,37,WT,5,0.759984249,0.170701656,0.0763401013,0.463340466
Interaction_up,Ifit1,WT_39,39,WT,5,1.25657873,0.214941001,0.0961245379,1.13091124
Interaction_up,Ifit1,cGASKO_37,37,cGASKO,5,0.0776258147,0.220018857,0.098395424,-0.453952342
Interaction_up,Ifit1,cGASKO_39,39,cGASKO,5,-0.432936,0.06813833,0.0304723876,-1.14029937
Interaction_up,Mx1,WT_37,37,WT,5,0.289633488,0.192417628,0.0860517795,0.0633611318
Interaction_up,Mx1,WT_39,39,WT,5,1.04594829,0.332011141,0.148479896,1.3532277
Interaction_up,Mx1,cGASKO_37,37,cGASKO,5,0.00374056142,0.204741179,0.0915630387,-0.424218545
Interaction_up,Mx1,cGASKO_39,39,cGASKO,5,-0.329395892,0.0782491728,0.0349940939,-0.992370287
Interaction_up_fdrOnly,Ifi27,WT_37,37,WT,5,5.11848768,0.129449523,0.0578915865,2.8727364e-4
Interaction_up_fdrOnly,Ifi27,WT_39,39,WT,5,5.70127206,0.155258737,0.069433818,1.37669438
Interaction_up_fdrOnly,Ifi27,cGASKO_37,37,cGASKO,5,4.94535906,0.0625108163,0.0279556869,-0.408604019
Interaction_up_fdrOnly,Ifi27,cGASKO_39,39,cGASKO,5,4.70834538,0.0818715386,0.0366140651,-0.968377638
Interaction_up_fdrOnly,Helz2,WT_37,37,WT,5,6.40802845,0.0433581488,0.0193903536,0.362065093
Interaction_up_fdrOnly,Helz2,WT_39,39,WT,5,6.54783102,0.0959717339,0.0429198642,0.994000492
Interaction_up_fdrOnly,Helz2,cGASKO_37,37,cGASKO,5,6.33131343,0.0342823176,0.0153315185,0.0152979195
Interaction_up_fdrOnly,Helz2,cGASKO_39,39,cGASKO,5,6.02454342,0.0886980015,0.0396669522,-1.37136351
Interaction_up_fdrOnly,Irf7,WT_37,37,WT,5,2.38774704,0.226786265,0.101421901,0.623795368
Interaction_up_fdrOnly,Irf7,WT_39,39,WT,5,2.48016494,0.246252474,0.110127454,0.760149691
Interaction_up_fdrOnly,Irf7,cGASKO_37,37,cGASKO,5,1.99295,0.105699727,0.0472703548,0.0413077112
Interaction_up_fdrOnly,Irf7,cGASKO_39,39,cGASKO,5,0.998948255,0.0648503771,0.0290019703,-1.42525277
Interaction_up_fdrOnly,Trim30d,WT_37,37,WT,5,3.07534221,0.244293875,0.109251542,0.50600828
Interaction_up_fdrOnly,Trim30d,WT_39,39,WT,5,3.08459226,0.22781479,0.101881871,0.523836547
Interaction_up_fdrOnly,Trim30d,cGASKO_37,37,cGASKO,5,3.05654324,0.0721837191,0.0322815406,0.46977569
Interaction_up_fdrOnly,Trim30d,cGASKO_39,39,cGASKO,5,2.03473848,0.143730501,0.0642782341,-1.49962052
Interaction_up_fdrOnly,Oasl2,WT_37,37,WT,5,1.81790269,0.205230249,0.0917817574,0.658205099
Interaction_up_fdrOnly,Oasl2,WT_39,39,WT,5,1.71513925,0.348953226,0.156056627,0.527015344
Interaction_up_fdrOnly,Oasl2,cGASKO_37,37,cGASKO,5,1.53580742,0.10651754,0.0476360919,0.298076908
Interaction_up_fdrOnly,Oasl2,cGASKO_39,39,cGASKO,5,0.140423021,0.192543193,0.0861079337,-1.48329735
Interaction_up_fdrOnly,Rtp4,WT_37,37,WT,5,2.01112091,0.21499073,0.0961467776,0.638735071
Interaction_up_fdrOnly,Rtp4,WT_39,39,WT,5,1.80707133,0.345048797,0.154310513,0.412226988
Interaction_up_fdrOnly,Rtp4,cGASKO_37,37,cGASKO,5,1.83337695,0.156292145,0.0698959719,0.44142791
Interaction_up_fdrOnly,Rtp4,cGASKO_39,39,cGASKO,5,0.0912990438,0.375168534,0.167780469,-1.49238997
Interaction_up_fdrOnly,Ifi206,WT_37,37,WT,5,1.7502643,0.135605543,0.0606446424,0.651323913
Interaction_up_fdrOnly,Ifi206,WT_39,39,WT,5,1.54976245,0.22414793,0.100242002,0.391501491
Interaction_up_fdrOnly,Ifi206,cGASKO_37,37,cGASKO,5,1.59321028,0.193885031,0.086708021800000007,0.447803819
Interaction_up_fdrOnly,Ifi206,cGASKO_39,39,cGASKO,5,0.0973447174,0.350354204,0.156683163,-1.49062922
Interaction_up_fdrOnly,Xaf1,WT_37,37,WT,5,3.42066131,0.0919384717,0.0411161345,0.733088015
Interaction_up_fdrOnly,Xaf1,WT_39,39,WT,5,2.98891537,0.355284521,0.158888068,0.162124693
Interaction_up_fdrOnly,Xaf1,cGASKO_37,37,cGASKO,5,3.29072469,0.184201735,0.0823775201,0.561253064
Interaction_up_fdrOnly,Xaf1,cGASKO_39,39,cGASKO,5,1.76498411,0.144745876,0.0647323235,-1.45646577
Interaction_up_fdrOnly,Ifi208,WT_37,37,WT,5,1.68909886,0.146319434,0.0654360401,0.791985839
Interaction_up_fdrOnly,Ifi208,WT_39,39,WT,5,1.12846108,0.26633662,0.119109358,0.150461198
Interaction_up_fdrOnly,Ifi208,cGASKO_37,37,cGASKO,5,1.43829593,0.100223704,0.0448214029,0.504997934
Interaction_up_fdrOnly,Ifi208,cGASKO_39,39,cGASKO,5,-0.267972535,0.315625894,0.141152191,-1.44744497
Interaction_up_fdrOnly,Ifit1,WT_37,37,WT,5,0.759984249,0.170701656,0.0763401013,0.463340466
Interaction_up_fdrOnly,Ifit1,WT_39,39,WT,5,1.25657873,0.214941001,0.0961245379,1.13091124
Interaction_up_fdrOnly,Ifit1,cGASKO_37,37,cGASKO,5,0.0776258147,0.220018857,0.098395424,-0.453952342
Interaction_up_fdrOnly,Ifit1,cGASKO_39,39,cGASKO,5,-0.432936,0.06813833,0.0304723876,-1.14029937
Interaction_up_fdrOnly,Samd9l,WT_37,37,WT,5,4.62951042,0.12442334,0.0556438093,0.882620144
Interaction_up_fdrOnly,Samd9l,WT_39,39,WT,5,3.59974564,0.163998757,0.0733424738,-0.281097785
Interaction_up_fdrOnly,Samd9l,cGASKO_37,37,cGASKO,5,4.458579,0.0692485608,0.0309688979,0.689453732
Interaction_up_fdrOnly,Samd9l,cGASKO_39,39,cGASKO,5,2.70611233,0.233996452,0.104646395,-1.29097609
Interaction_up_fdrOnly,Mx1,WT_37,37,WT,5,0.289633488,0.192417628,0.0860517795,0.0633611318
Interaction_up_fdrOnly,Mx1,WT_39,39,WT,5,1.04594829,0.332011141,0.148479896,1.3532277
Interaction_up_fdrOnly,Mx1,cGASKO_37,37,cGASKO,5,0.00374056142,0.204741179,0.0915630387,-0.424218545
Interaction_up_fdrOnly,Mx1,cGASKO_39,39,cGASKO,5,-0.329395892,0.0782491728,0.0349940939,-0.992370287
Interaction_up_fdrOnly,Rnf213,WT_37,37,WT,5,5.6299024,0.124094638,0.0554968095,0.777047552
Interaction_up_fdrOnly,Rnf213,WT_39,39,WT,5,5.44588845,0.302636081,0.13534297,0.473076506
Interaction_up_fdrOnly,Rnf213,cGASKO_37,37,cGASKO,5,5.28596576,0.0488752535,0.0218576779,0.208901592
Interaction_up_fdrOnly,Rnf213,cGASKO_39,39,cGASKO,5,4.27625814,0.056773779,0.0253900058,-1.45902565
Interaction_up_fdrOnly,Eif2ak2,WT_37,37,WT,5,5.69207288,0.0771717189,0.0345122419,0.655881196
Interaction_up_fdrOnly,Eif2ak2,WT_39,39,WT,5,5.60880008,0.120308012,0.0538033786,0.329526159
Interaction_up_fdrOnly,Eif2ak2,cGASKO_37,37,cGASKO,5,5.6526063,0.0571912302,0.0255766957,0.50120742
Interaction_up_fdrOnly,Eif2ak2,cGASKO_39,39,cGASKO,5,5.1453933,0.11928076,0.0533439776,-1.48661478
Interaction_up_fdrOnly,Sp100,WT_37,37,WT,5,7.45883617,0.050547114,0.0226053566,0.828328022
Interaction_up_fdrOnly,Sp100,WT_39,39,WT,5,6.99549832,0.0795798075,0.0355891719,-0.443491922
Interaction_up_fdrOnly,Sp100,cGASKO_37,37,cGASKO,5,7.45518612,0.0451154059,0.0201762229,0.818308963
Interaction_up_fdrOnly,Sp100,cGASKO_39,39,cGASKO,5,6.71874841,0.0379827636,0.0169864083,-1.20314506
Interaction_up_fdrOnly,Lgals3bp,WT_37,37,WT,5,4.90224211,0.148969787,0.066621314,0.425868441
Interaction_up_fdrOnly,Lgals3bp,WT_39,39,WT,5,4.94537645,0.184725115,0.0826115829,0.579923095
Interaction_up_fdrOnly,Lgals3bp,cGASKO_37,37,cGASKO,5,4.92053905,0.0990383278,0.0442912867,0.49121614
Interaction_up_fdrOnly,Lgals3bp,cGASKO_39,39,cGASKO,5,4.36384879,0.0995517978,0.0445209174,-1.49700768
Interaction_up_fdrOnly,Trim12c,WT_37,37,WT,5,5.41830772,0.0449947844,0.0201222793,0.830957985
Interaction_up_fdrOnly,Trim12c,WT_39,39,WT,5,5.28418143,0.0720813407,0.0322357555,0.274096036
Interaction_up_fdrOnly,Trim12c,cGASKO_37,37,cGASKO,5,5.3021097,0.0362562625,0.0162142935,0.348530145
Interaction_up_fdrOnly,Trim12c,cGASKO_39,39,cGASKO,5,4.86805077,0.0719916272,0.0321956345,-1.45358417
Interaction_up_fdrOnly,Trim30a,WT_37,37,WT,5,5.64864048,0.0482441526,0.0215754409,0.713405769
Interaction_up_fdrOnly,Trim30a,WT_39,39,WT,5,5.55722318,0.230243324,0.102967945,0.46218736
Interaction_up_fdrOnly,Trim30a,cGASKO_37,37,cGASKO,5,5.49923311,0.0734440871,0.0328451943,0.302828343
Interaction_up_fdrOnly,Trim30a,cGASKO_39,39,cGASKO,5,4.8510439,0.104886413,0.0469066299,-1.47842147
Interaction_up_fdrOnly,Lgals9,WT_37,37,WT,5,5.96479542,0.0714645911,0.0319599367,0.827412757
Interaction_up_fdrOnly,Lgals9,WT_39,39,WT,5,5.42254715,0.107127337,0.0479088015,-0.446607428
Interaction_up_fdrOnly,Lgals9,cGASKO_37,37,cGASKO,5,5.9618085,0.0432582033,0.0193456566,0.820394938
Interaction_up_fdrOnly,Lgals9,cGASKO_39,39,cGASKO,5,5.10137747,0.0648469915,0.0290004562,-1.20120027
Interaction_up_fdrOnly,Mx2,WT_37,37,WT,5,1.24603779,0.225291669,0.100753497,0.234137615
Interaction_up_fdrOnly,Mx2,WT_39,39,WT,5,1.62149034,0.319697692,0.142973154,1.09940717
Interaction_up_fdrOnly,Mx2,cGASKO_37,37,cGASKO,5,1.13755011,0.20696534,0.0925577138,-0.0158835368
Interaction_up_fdrOnly,Mx2,cGASKO_39,39,cGASKO,5,0.572690569,0.154381966,0.0690417142,-1.31766125
Interaction_up_fdrOnly,Ddx58,WT_37,37,WT,5,3.70004598,0.191531995,0.0856557123,0.763522134
Interaction_up_fdrOnly,Ddx58,WT_39,39,WT,5,3.10299773,0.221511821,0.0990630979,-0.219694139
Interaction_up_fdrOnly,Ddx58,cGASKO_37,37,cGASKO,5,3.71118358,0.0914815281,0.0409117831,0.781863491
Interaction_up_fdrOnly,Ddx58,cGASKO_39,39,cGASKO,5,2.4313919,0.191663202,0.0857143895,-1.32569149
Interaction_up_fdrOnly,Trim34a,WT_37,37,WT,5,3.74967768,0.0652787271,0.0291935342,0.647949345
Interaction_up_fdrOnly,Trim34a,WT_39,39,WT,5,3.60633847,0.127592759,0.0570612163,0.174209506
Interaction_up_fdrOnly,Trim34a,cGASKO_37,37,cGASKO,5,3.74743823,0.156702051,0.0700792876,0.64054791
Interaction_up_fdrOnly,Trim34a,cGASKO_39,39,cGASKO,5,3.11105759,0.112060016,0.0501147627,-1.46270676
Interaction_up_fdrOnly,Dhx58,WT_37,37,WT,5,3.1395803,0.147917555,0.0661507416,0.164738614
Interaction_up_fdrOnly,Dhx58,WT_39,39,WT,5,3.54852984,0.16555924,0.0740403432,1.3264314
Interaction_up_fdrOnly,Dhx58,cGASKO_37,37,cGASKO,5,2.89848162,0.0866247268,0.0387397555,-0.520144418
Interaction_up_fdrOnly,Dhx58,cGASKO_39,39,cGASKO,5,2.73975838,0.167749368,0.075019798100000007,-0.971025597
