pathway_id,pathway_name,database,nes,pvalue,padj,set_size,core_enrichment,contrast,direction
MITOPATHWAYS_Metabolism,Metabolism,MitoPathways,-1.61213984,4.55479286e-6,2.50513607e-4,406,Pcx/Sod1/Hadhb/Decr1/Prdx4/Iscu/Mdh2/Mlycd/Msrb3/Acsl6/Hadh/Nit2/Pcbd2/Nudt19/Aldh7a1/Hibadh/Naxe/Nt5dc2/Alas1/Coq10a/Tst/Slc25a42/Crls1/Dut/Lias/Acot10/Bdh1/Triap1/Dbi/Gcsh/Fech/Nit1/Mccc2/Ivd/Uqcrfs1/Pgs1/Slc25a25/Glyctk/Idh3b/Ldhb/Cyb5r3/Eci2/Gpt2/Slc25a29/Coq7/Dhrs1/Bckdha/Aldh18a1/Sdhd/Coasy/Scp2/Fdx1/Slc25a51/Gpx1/Slc25a4/Pank2/Sdhc/Slc25a37/Suclg1/Ogdhl/Hagh/Nudt2/Adhfe1/Phyh/Maoa/Dbt/Slc25a44/Pdp1/Cox11/Grpel2/Gpat2/Arg2/Bckdhb/Ptges2/Bola1/Idh3g/Txn2/Lipt2/Grpel1/Prdx6/Mcee/Sfxn3/Pdhb/Coq8a/Selenoo/Acat1/Slc25a5/Ehhadh/Fth1/Tspo/Hoga1/Coq4/Pdk2/Acsm3/Nudt13/Msra/Zadh2/Gstz1/Slc25a33/Ndufs8/Aldh2/Got2/Fpgs/Suclg2/Ppa2/Comt/Abhd11/Sardh/Slc25a28/Aldh6a1/Cpt1b/Acads/Pccb/Chdh/Slc25a38/Mgst3/Echs1/Hsd17b10/Rdh13/Bphl/Prdx2/Nmnat3/Rsad1/Plscr3/Msrb2/Fhit/Pdk3,Geno_at_37,Down
MITOPATHWAYS_OXPHOS.OXPHOS_subunits,OXPHOS OXPHOS Subunits,MitoPathways,-1.92328705,3.8549171e-5,7.06734802e-4,81,Ndufs2/Uqcrb/Cox5b/Ndufb8/Ndufs7/Cox4i2/Uqcr10/Atp5pb/Ndufs4/Ndufc2/Atp5g3/Ndufb6/Ndufv3/Ndufa3/Cox5a/Ndufa4/Atp5o/Atp5e/Ndufs3/Cox8a/Uqcrfs1/Uqcrq/Ndufa6/Cox7a2l/Sdhd/Ndufa1/Ndufb2/Sdhc/Ndufa5/Ndufb9/Ndufb4/Atp5g1/Atpif1/Atp5h/Ndufa10/Dmac2l/Cox6a1/Ndufb5/Ndufb10/Ndufb11/Ndufa2/Cox7b/Ndufs8/Atp5k/Atp5d,Geno_at_37,Down
MITOPATHWAYS_OXPHOS,OXPHOS,MitoPathways,-1.7674405,2.90028846e-5,7.06734802e-4,145,Ndufs2/Uqcrb/Timm21/Cox5b/Ndufb8/Ndufs7/Cox4i2/Uqcr10/Cox18/Atp5pb/Ndufs4/Ndufc2/Atp5g3/Tmem186/Ndufb6/Ndufv3/Ndufaf6/Ndufa3/Pnkd/Ndufaf3/Cox5a/Smim20/Ndufa4/Atp5o/Atp5e/Ndufs3/Surf1/Apopt1/Cox8a/Uqcrfs1/Ndufaf5/Uqcrq/Sdhaf1/Ndufa6/Cox7a2l/Sdhd/Cmc2/Ndufa1/Ndufb2/Aifm1/Pet100/Sdhc/Ndufa5/Ndufb9/Tmem126a/Ndufb4/Atp5g1/Atpif1/Cox11/Atp5h/Ndufa10/Dmac2l/Ndufaf8/Cox6a1/Dmac1/Ndufb5/Ndufb10/Ndufb11/Ndufa2/Coa3/Cmc1/Cox7b/Ndufs8/Atp5k/Atp5d/Ndufaf4,Geno_at_37,Down
MITOXPLORER_Oxidative_Phosphorylation,Oxidative Phosphorylation,MitoXplorer,-1.63280593,6.02452335e-4,0.0138564037,157,Higd2a/Atp5b/Higd1a/Cisd1/Coa5/Atp5md/Ndufa11/Ptcd2/Uqcc1/Ndufs2/Uqcrb/Cox5b/Ndufb8/Ndufs7/Ndufb1-ps/Tbrg4/Cox4i2/Uqcr10/Cox18/Ndufs4/Ndufc2/Atp5g3/Tmem186/Ndufb6/Ndufv3/Ndufaf6/Ndufa3/Ndufaf3/Cox5a/Coq10a/Ndufa4/Atp5o/Atp5e/Ndufs3/Surf1/Cox8a/Uqcrfs1/Ndufaf5/Uqcrq/Sdhaf1/Ndufa6/Cox7a2l/Sdhd/Ndufa1/Ndufb2/Uqcrh/Sdhc/Ndufa5/Ndufb9/Ndufb4/Atp5g1/Atpif1/Cox11/Atp5h/Ndufa10/Dmac2l/Ndufaf8/Coq8a/Cox6a1/Dmac1/Ndufb5/Ndufb10/Ndufb11/Nipsnap1/Ndufa2/Coa3/Cmc1/Ndufs8/Atp5k/Atp6v1e1/Atp5d/Ndufaf4,Geno_at_37,Down
TRANSPORTDB_MC,MC,TransportDB,-1.76814609,0.00214425672,0.0192983105,44,Slc25a42/Ucp3/Slc25a25/Slc25a29/Slc25a16/Slc25a51/Slc25a4/Slc25a37/Slc25a39/Slc25a44/Slc25a5/Slc25a33/Slc25a17/Mtch2/Slc25a28/Slc25a38/Ucp2,Geno_at_37,Down
HSR_sensitivity,Hsr Sensitivity,HSR_lens,1.4225713,0.0138063454,0.0276126909,148,Hsph1/Casq1/Mtor/Tpr/Tnfrsf21/Lrp11/Ano1/Nf1/Atm/Fkbp4/P2rx3/Hmox1/St13/Ranbp2/Hspa1a/Rpa3/Psip1/Mapk1/Atr/Dnaja4/Bag5/Ptges3/Nup155/Camk2d/Nup160/Nup35/Hspa4l/Chordc1/Stub1/Rpa1/Bag3/Sirt1,Geno_at_37,Up
MITOPATHWAYS_OXPHOS.Complex_I,OXPHOS Complex I,MitoPathways,-1.72432689,0.00256988611,0.035335934,57,Ndufa11/Ndufs2/Ndufb8/Ndufs7/Ndufs4/Ndufc2/Tmem186/Ndufb6/Ndufv3/Ndufaf6/Ndufa3/Ndufaf3/Ndufs3/Ndufaf5/Ndufa6/Ndufa1/Ndufb2/Aifm1/Ndufa5/Ndufb9/Tmem126a/Ndufb4/Ndufa10/Ndufaf8/Dmac1/Ndufb5/Ndufb10/Ndufb11/Ndufa2/Ndufs8/Ndufaf4,Geno_at_37,Down
MITOPATHWAYS_OXPHOS.Complex_I.CI_subunits,OXPHOS Complex I Ci Subunits,MitoPathways,-1.75561501,0.00359651588,0.0395616746,36,Ndufa11/Ndufs2/Ndufb8/Ndufs7/Ndufs4/Ndufc2/Ndufb6/Ndufv3/Ndufa3/Ndufs3/Ndufa6/Ndufa1/Ndufb2/Ndufa5/Ndufb9/Ndufb4/Ndufa10/Ndufb5/Ndufb10/Ndufb11/Ndufa2/Ndufs8,Geno_at_37,Down
MITOPATHWAYS_Small_molecule_transport.SLC25A_family,Small Molecule Transport Slc25a Family,MitoPathways,-1.68782824,0.00523550455,0.047992125,44,Slc25a42/Ucp3/Slc25a25/Slc25a29/Slc25a16/Slc25a51/Slc25a4/Slc25a37/Slc25a39/Slc25a44/Slc25a5/Slc25a33/Mtch2/Slc25a28/Slc25a38/Ucp2,Geno_at_37,Down
MITOPATHWAYS_Metabolism.Detoxification,Metabolism Detoxification,MitoPathways,-1.65875289,0.00742961418,0.0510785975,43,Prdx3/Sod1/Prdx4/Msrb3/Nit2/Aldh7a1/Tst/Nit1/Cyb5r3/Gpx1/Hagh/Maoa/Txn2/Prdx6/Selenoo/Msra/Gstz1/Aldh2/Bphl/Prdx2/Msrb2,Geno_at_37,Down
MITOPATHWAYS_Metabolism.Amino_acid_metabolism,Metabolism Amino Acid Metabolism,MitoPathways,-1.57913704,0.00672312129,0.0510785975,74,Hadh/Aldh7a1/Hibadh/Gcsh/Mccc2/Ivd/Ldhb/Gpt2/Slc25a29/Bckdha/Aldh18a1/Adhfe1/Maoa/Dbt/Slc25a44/Arg2/Bckdhb/Sfxn3/Acat1/Hoga1/Got2/Comt/Sardh/Aldh6a1/Chdh/Slc25a38/Echs1/Hsd17b10,Geno_at_37,Down
MITOPATHWAYS_Metabolism.Amino_acid_metabolism.Branched-chain_amino_acid_metabolism,Metabolism Amino Acid Metabolism Branched-Chain Amino Acid Metabolism,MitoPathways,-1.69477116,0.00871607025,0.0532648738,25,Hibadh/Mccc2/Ivd/Bckdha/Dbt/Slc25a44/Bckdhb/Acat1/Aldh6a1/Echs1/Hsd17b10,Geno_at_37,Down
TCR_activation,TCR Activation,TCR_activation,-1.35464064,0.0593805664,0.0593805664,66,Lta/Traf2/Icos/Cd247/Gab2/Grap2/Traf5/Cd226/Map3k14/Fyn/Batf/Lcp2/Il10/Cd2/Il2ra/Cd3g/Jund/Lck/Lat/Plcg1/Cd3d/Cd3e,Geno_at_37,Down
TRANSPORTDB_P-ATPase,P-ATPase,TransportDB,1.69880455,0.013462864,0.0605828882,27,Atp11a/Atp7a/Atp10a/Atp11b/Atp9b/Atp2b1/Atp8a2/Atp2c1/Atp8b2/Atp11c/Atp9a/Atp1b2/Atp2a2,Geno_at_37,Up
MITOPATHWAYS_Metabolism.Detoxification.Xenobiotic_metabolism,Metabolism Detoxification Xenobiotic Metabolism,MitoPathways,-1.68362222,0.0143204437,0.0716022183,15,Tst/Cyb5r3/Maoa/Gstz1/Aldh2/Bphl,Geno_at_37,Down
MITOPATHWAYS_Metabolism.Metals_and_cofactors,Metabolism Metals and Cofactors,MitoPathways,-1.45798547,0.0140494975,0.0716022183,109,Pcbd2/Nudt19/Naxe/Alas1/Coq10a/Slc25a42/Lias/Fech/Uqcrfs1/Coq7/Sdhd/Coasy/Fdx1/Slc25a51/Pank2/Sdhc/Slc25a37/Cox11/Grpel2/Bola1/Grpel1/Coq8a/Fth1/Coq4/Nudt13/Ndufs8/Slc25a28/Cpt1b/Slc25a38/Nmnat3/Rsad1,Geno_at_37,Down
MITOPATHWAYS_Mitochondrial_central_dogma.Translation.Mitochondrial_ribosome,Mitochondrial Central Dogma Translation Mitochondrial Ribosome,MitoPathways,-1.44849022,0.0223977474,0.0947597007,81,Mrps22/Mrpl33/Mrps16/Mrpl44/Mrpl13/Mrpl21/Gadd45gip1/Dap3/Mrpl47/Mrps6/Mrpl40/Chchd1/Mrps5/Ptcd3/Mrps30/Mrpl30/Mrpl51/Mrpl10/Mrpl46/Mrps33/Mrps28/Mrps9/Mrps25/Mrpl52/Mrpl34/Mrpl23/Mrpl12/Mrpl32/Mrps35/Mrpl54/Mrpl41/Mrpl4/Aurkaip1,Geno_at_37,Down
MITOPATHWAYS_Metabolism.Lipid_metabolism,Metabolism Lipid Metabolism,MitoPathways,-1.41764116,0.021362441,0.0947597007,109,Acot2/Cpt1a/Hadhb/Decr1/Mlycd/Acsl6/Hadh/Crls1/Lias/Acot10/Triap1/Dbi/Gcsh/Pgs1/Cyb5r3/Eci2/Dhrs1/Scp2/Fdx1/Phyh/Gpat2/Ptges2/Lipt2/Prdx6/Mcee/Acat1/Ehhadh/Tspo/Acsm3/Zadh2/Cpt1b/Acads/Pccb/Mgst3/Echs1/Hsd17b10/Plscr3,Geno_at_37,Down
MITOPATHWAYS_Metabolism.Vitamin_metabolism.Folate_and_1-C_metabolism,Metabolism Vitamin Metabolism Folate and 1-C Metabolism,MitoPathways,-1.57632857,0.0274810606,0.095361628,20,Sfxn3/Fpgs/Sardh/Chdh/Slc25a38,Geno_at_37,Down
MITOPATHWAYS_OXPHOS.Complex_IV,OXPHOS Complex IV,MitoPathways,-1.50161907,0.0294754123,0.095361628,41,Higd1a/Coa5/Timm21/Cox5b/Cox4i2/Cox18/Pnkd/Cox5a/Smim20/Ndufa4/Surf1/Apopt1/Cox8a/Cox7a2l/Cmc2/Pet100/Cox11/Cox6a1/Coa3/Cmc1/Cox7b,Geno_at_37,Down
MITOPATHWAYS_Metabolism.Carbohydrate_metabolism,Metabolism Carbohydrate Metabolism,MitoPathways,-1.45988266,0.0255602241,0.095361628,65,Slc25a11/Me2/L2hgdh/Dcxr/Pdk1/Pcx/Hadhb/Mdh2/Bdh1/Glyctk/Idh3b/Sdhd/Sdhc/Suclg1/Ogdhl/Pdp1/Idh3g/Mcee/Pdhb/Acat1/Pdk2/Got2/Suclg2/Abhd11/Pccb/Pdk3,Geno_at_37,Down
MITOPATHWAYS_Small_molecule_transport,Small Molecule Transport,MitoPathways,-1.43410273,0.027946604,0.095361628,75,Ucp3/Slc25a25/Slc25a29/Slc25a16/Slc25a51/Slc8b1/Slc25a4/Slc25a37/Slc25a39/Slc25a44/Sfxn3/Slc25a5/Vdac2/Slc25a33/Mtch2/Mpv17l/Slc25a28/Sfxn4/Slc25a38/Ucp2,Geno_at_37,Down
TRANSPORTDB_F-ATPase,F-ATPase,TransportDB,-1.4941401,0.0362738705,0.108821612,31,Tcirg1/Atp6v0e2/Atp5c1/Atp6v0b/Atp6v1c1/Atp5b/Atp6v0c/Atp6v1h/Atp6v1g2/Atp5pb/Atp5g3/Atp6v1f/Atp5o/Atp5e/Atp5g1/Atp5h/Atp6v0a1/Atp6v0e/Atp6v1e1/Atp5d/Atp6v0d1,Geno_at_37,Down
HSR_core,Hsr Core,HSR_lens,1.26540443,0.125187913,0.125187913,47,Hsph1/Fkbp4/St13/Hspa1a/Dnaja4/Bag5/Ptges3/Hspa4l/Chordc1/Stub1/Bag3/Dnaja3/Hspa8/Hsbp1/Hspa9/Hspa1b/Dnaja1/Hspb1/Dnajb1,Geno_at_37,Up
MITOPATHWAYS_OXPHOS.Complex_V.CV_subunits,OXPHOS Complex V Cv Subunits,MitoPathways,-1.52518845,0.0433292302,0.13239487,17,Atp5pb/Atp5g3/Atp5o/Atp5e/Atp5g1/Atpif1/Atp5h/Dmac2l/Atp5k/Atp5d,Geno_at_37,Down
MITOXPLORER_Mitochondrial_Carrier,Mitochondrial Carrier,MitoXplorer,-1.60900074,0.0121948959,0.140241303,39,Slc3a1/Slc25a24/Slc25a3/Slc25a23/Slc25a11/Slc25a40/Slc25a18/Slc25a45/Slc29a1/Slc25a42/Ucp3/Slc25a25/Slc25a29/Slc25a16/Slc25a51/Slc25a39/Slc25a44/Slc25a33/Slc44a1/Slc25a38/Slc27a1/Ucp2,Geno_at_37,Down
TRANSPORTDB_VIC,VIC,TransportDB,1.3306065,0.091364587,0.205570321,44,Cacna1c/Kcnk4/Kcnk6/Hcn2/Scn1a/Kcnh3/Kcna2/Kcns1/Scn3a/Kcnh6/Cacna1f/Tpcn2/Kcnd3/Kcna3/Cacna1b,Geno_at_37,Up
MITOPATHWAYS_Mitochondrial_dynamics_and_surveillance.Autophagy,Mitochondrial Dynamics and Surveillance Autophagy,MitoPathways,-1.41846287,0.0812991194,0.233739202,17,Marchf5/Snap29/Pgam5/Fundc1/Nbr1/Bcl2l13/Stx17/Usp30/Nipsnap1/Tomm7,Geno_at_37,Down
MITOPATHWAYS_OXPHOS.Complex_V,OXPHOS Complex V,MitoPathways,-1.37926706,0.0905897019,0.233739202,22,Atp5pb/Atp5g3/Atp5o/Atp5e/Atp5g1/Atpif1/Atp5h/Dmac2l/Atp5k/Atp5d,Geno_at_37,Down
MITOPATHWAYS_OXPHOS.Complex_IV.CIV_assembly_factors,OXPHOS Complex IV Civ Assembly Factors,MitoPathways,-1.37555962,0.0859853466,0.233739202,27,Higd1a/Coa5/Timm21/Cox18/Pnkd/Smim20/Surf1/Apopt1/Cmc2/Pet100/Cox11/Coa3/Cmc1,Geno_at_37,Down
MITOPATHWAYS_Metabolism.Lipid_metabolism.Fatty_acid_oxidation,Metabolism Lipid Metabolism Fatty Acid Oxidation,MitoPathways,-1.32301306,0.0977454844,0.233739202,39,Cpt1a/Hadhb/Decr1/Acsl6/Hadh/Eci2/Mcee/Acat1/Acsm3/Cpt1b/Acads/Pccb/Echs1/Hsd17b10,Geno_at_37,Down
MITOPATHWAYS_Mitochondrial_dynamics_and_surveillance,Mitochondrial Dynamics and Surveillance,MitoPathways,-1.26119188,0.0942233819,0.233739202,97,Fundc1/Nbr1/Bcl2l13/Apool/Mcl1/Fundc2/Aifm1/Stx17/Usp30/Bbc3/Mtfr1/Myo19/Mtfp1/Nipsnap1/Mtx1/Mtch2/Tomm7/Atp5k/Pmaip1/Armcx1/Bak1,Geno_at_37,Down
MITOXPLORER_Protein_Stability___Degradation,Protein Stability Degradation,MitoXplorer,1.55990084,0.0305351748,0.234103007,27,Hspd1/Hspa1a/Dnajc30/Rnf5/Dnajc11/Dnaja3/Atp23/Clpx/Hspa1b/Nrd1/Dnaja1/Lonp1/Xpnpep3,Geno_at_37,Up
MITOPATHWAYS_Mitochondrial_central_dogma.mtRNA_metabolism.mtRNA_stability_and_decay,Mitochondrial Central Dogma Mtrna Metabolism Mtrna Stability and Decay,MitoPathways,1.32502188,0.128567494,0.284560411,17,Fastkd3/Slirp/Fastk/Pnpt1/Fastkd2/Rnaseh1/Fastkd1/Lrpprc/Grsf1/Rexo2,Geno_at_37,Up
MITOPATHWAYS_Protein_import_sorting_and_homeostasis.Protein_import_and_sorting,Protein Import Sorting and Homeostasis Protein Import and Sorting,MitoPathways,-1.26573403,0.129345641,0.284560411,45,Pmpcb/Tomm20/Gfer/Tomm22/Aifm1/Grpel2/Timm23/Grpel1/Dnajc15/Dnajc19/Mtx1/Timm50/Tomm7/Timm9,Geno_at_37,Down
MITOPATHWAYS_Metabolism.Carbohydrate_metabolism.TCA_cycle,Metabolism Carbohydrate Metabolism TCA Cycle,MitoPathways,-1.27584399,0.158617424,0.315637598,20,Mdh2/Idh3b/Sdhd/Sdhc/Suclg1/Ogdhl/Idh3g/Suclg2,Geno_at_37,Down
MITOPATHWAYS_Metabolism.Detoxification.ROS_and_glutathione_metabolism,Metabolism Detoxification ROS and Glutathione Metabolism,MitoPathways,-1.26319344,0.156479585,0.315637598,26,Prdx3/Sod1/Prdx4/Msrb3/Aldh7a1/Nit1/Gpx1/Hagh/Txn2/Prdx6/Msra/Prdx2/Msrb2,Geno_at_37,Down
MITOPATHWAYS_Metabolism.Metals_and_cofactors.Fe-S-containing_proteins,Metabolism Metals and Cofactors Fe-S-Containing Proteins,MitoPathways,-1.24705691,0.163916021,0.315637598,30,Abat/Bola3/Glrx5/Isca1/Cisd3/Cisd1/Ndufs2/Ndufs7/Iscu/Lias/Fech/Uqcrfs1/Fdx1/Bola1/Ndufs8/Rsad1,Geno_at_37,Down
MITOPATHWAYS_OXPHOS.OXPHOS_assembly_factors,OXPHOS OXPHOS Assembly Factors,MitoPathways,-1.19806012,0.166427097,0.315637598,65,Cox18/Tmem186/Ndufaf6/Pnkd/Ndufaf3/Smim20/Surf1/Apopt1/Ndufaf5/Sdhaf1/Cox7a2l/Cmc2/Aifm1/Pet100/Tmem126a/Cox11/Ndufaf8/Dmac1/Coa3/Cmc1/Ndufaf4,Geno_at_37,Down
MITOPATHWAYS_OXPHOS.Complex_I.CI_assembly_factors,OXPHOS Complex I Ci Assembly Factors,MitoPathways,-1.25132971,0.174129353,0.319237148,21,Tmem186/Ndufaf6/Ndufaf3/Ndufaf5/Aifm1/Tmem126a/Ndufaf8/Dmac1/Ndufaf4,Geno_at_37,Down
MITOXPLORER_Metabolism_of_Vitamins___Co_Factors,Metabolism of Vitamins Co Factors,MitoXplorer,-1.46911292,0.0613145878,0.35255888,15,Mmab/Mmadhc/Naxe/Akr1b10/Coasy/Pank2/Rdh13/Nmnat3,Geno_at_37,Down
TRANSPORTDB_MPT,MPT,TransportDB,-1.19911094,0.220872092,0.355245781,19,Tomm20/Tomm22/Grpel2/Timm23/Grpel1/Timm50/Tomm7,Geno_at_37,Down
TRANSPORTDB_MFS,MFS,TransportDB,-1.14341246,0.236830521,0.355245781,55,Slc16a11/Slc33a1/Slc16a4/Mfsd5/Sv2a/Slc46a1/Slc37a1/Slc16a3/Slc43a1/Spns1/Slc43a2/Slc2a8/Slc17a5/Mfsd6l/Mfsd14a/Mfsd10/Slc17a9/Slc22a21/Flvcr2/Slc16a5,Geno_at_37,Down
MITOPATHWAYS_Mitochondrial_central_dogma.mtDNA_maintenance,Mitochondrial Central Dogma Mtdna Maintenance,MitoPathways,1.16483151,0.234228634,0.406003684,29,Polq/Tfb2m/Mgme1/Polg/Apex1/Mettl4/Top3a/Primpol/Ogg1/Rnaseh1/Recql4/Lig3/Mterf2/Top1mt,Geno_at_37,Up
MITOPATHWAYS_Metabolism.Nucleotide_metabolism,Metabolism Nucleotide Metabolism,MitoPathways,-1.16161867,0.236220325,0.406003684,34,Nt5dc2/Dut/Slc25a25/Slc25a4/Suclg1/Nudt2/Slc25a5/Slc25a33/Suclg2/Ppa2/Fhit,Geno_at_37,Down
MITOPATHWAYS_Metabolism.Lipid_metabolism.Cardiolipin_synthesis,Metabolism Lipid Metabolism Cardiolipin Synthesis,MitoPathways,-1.17442476,0.251609727,0.410121023,16,Hadha/Prelid1/Pnpla8/Crls1/Triap1/Pgs1/Gpat2/Plscr3,Geno_at_37,Down
MITOPATHWAYS_Mitochondrial_central_dogma.Translation,Mitochondrial Central Dogma Translation,MitoPathways,-1.09527665,0.25352936,0.410121023,153,Pdf/Mrps16/Mrpl44/Mrpl13/Mtif2/Mrpl21/Gatc/Aars2/Gadd45gip1/Dap3/Mrpl47/Mterf4/Mrps6/Lars2/Mrpl40/Chchd1/Rbfa/Cars2/Mrps5/Ptcd3/Mrps30/Mrpl30/Mrpl51/2810006K23Rik/Mrpl10/Mrpl46/Mrps33/Mrps28/Mrps9/Mrps25/Mrpl52/Mrpl34/Mrpl23/Mrpl12/Vars2/Mrpl32/Fars2/Coa3/Mrps35/Mrpl54/Mrpl41/Ppa2/Mrpl4/Aurkaip1,Geno_at_37,Down
MITOXPLORER_Pyruvate_Metabolism,Pyruvate Metabolism,MitoXplorer,-1.34121202,0.110333209,0.422943966,22,Me2/L2hgdh/Pdk1/Aldh7a1/Hagh/Adhfe1/Pdp1/Pdhb/Hoga1/Pdk2/Pdk3,Geno_at_37,Down
MITOXPLORER_Translation,Translation,MitoXplorer,-1.20553807,0.099891251,0.422943966,180,Mrpl13/Mtif2/Mrpl21/Gatc/Aars2/Gadd45gip1/Dap3/Mrpl47/Mterf4/Qtrt1/Mrps6/Prorp/Lars2/Mrpl40/Chchd1/Rbfa/Trmt2b/Cars2/Mrps5/Ptcd3/Mrps30/Mrpl30/Mrpl51/2810006K23Rik/Mrpl10/Rps19/Mrpl46/Mrps33/Mrps28/Mrps9/Mrps25/Sbds/Mrpl52/Mrpl34/Eif2ak3/Mrpl23/Mrpl12/Vars2/Mrpl32/Fars2/Mrps35/Mrpl54/Mrpl41/Ppa2/Qars/Mrpl4/Rnasel/Hsd17b10/Bphl/Aurkaip1,Geno_at_37,Down
MITOXPLORER_Mitochondrial_Dynamics,Mitochondrial Dynamics,MitoXplorer,-1.23068614,0.149084087,0.444875605,53,Fis1/Chchd6/Sh3glb1/Micos13/Arpc5/Micos10/Trak1/Sqstm1/Fundc1/Apool/Fundc2/Slc25a4/Usp30/Mtfr1/Slc25a5/Mtfp1/Mtfr1l/Arpc3,Geno_at_37,Down
MITOXPLORER_Apoptosis,Apoptosis,MitoXplorer,-1.22577672,0.154739341,0.444875605,52,Dele1/Triap1/Apopt1/Gfer/Bcl2l13/Mcl1/Aifm1/Bbc3/Bnip1/Mapk3/Tspo/Mtch2/Pmaip1/Ctsb/Bak1,Geno_at_37,Down
MITOPATHWAYS_Metabolism.Vitamin_metabolism,Metabolism Vitamin Metabolism,MitoPathways,-1.07568382,0.330125406,0.518768496,47,Txn2/Sfxn3/Fpgs/Sardh/Chdh/Slc25a38/Rdh13,Geno_at_37,Down
MITOXPLORER_Import___Sorting,Import Sorting,MitoXplorer,-1.15398773,0.231920659,0.592686129,47,Tomm22/Cmc2/Chchd5/Grpel2/Timm23/Grpel1/Dnajc15/Dnajc19/Mtx1/Timm50/Tomm7/Timm9,Geno_at_37,Down
MITOXPLORER_Amino_Acid_Metabolism,Amino Acid Metabolism,MitoXplorer,-1.03888851,0.381490213,0.821472422,67,Nit2/Hibadh/Tst/Gcsh/Nit1/Mccc2/Ivd/Gpt2/Bckdha/Aldh18a1/Maoa/Dbt/Bckdhb/Mcee/Acat1/Gstz1/Got2/Abhd11/Aldh6a1/Chdh,Geno_at_37,Down
MITOXPLORER_Fe_S_Cluster_Biosynthesis,Fe S Cluster Biosynthesis,MitoXplorer,-1.00734794,0.443140406,0.821472422,25,Fdx1/Slc25a37/Nubp1/Bola1/Mms19/Slc25a28,Geno_at_37,Down
MITOXPLORER_Tricarboxylic_Acid_Cycle,Tricarboxylic Acid Cycle,MitoXplorer,-0.999348644,0.455035567,0.821472422,22,Mdh2/Idh3b/Suclg1/Ogdhl/Idh3g/Suclg2,Geno_at_37,Down
MITOXPLORER_Replication___Transcription,Replication Transcription,MitoXplorer,0.984541177,0.470238225,0.821472422,50,Rad51/Tfb2m/Mgme1/Polg/Apex1/Dhx30/Msh5/Lig1/Top3a,Geno_at_37,Up
MITOXPLORER_Transcription__nuclear_,Transcription Nuclear,MitoXplorer,-0.947354273,0.531018345,0.821472422,22,Atf4/Esrra/Trp53/Yap1,Geno_at_37,Down
MITOXPLORER_ROS_Defense,ROS Defense,MitoXplorer,-0.946903359,0.537072067,0.821472422,31,Prdx1/Gpx1/Nudt2/Txn2/Msra/Mpv17l/Msrb2,Geno_at_37,Down
MITOXPLORER_Mitochondrial_Signaling,Mitochondrial Signaling,MitoXplorer,0.91686125,0.571459076,0.821472422,18,Mtor/Prkce/Sirt1/Akap10/Synj2bp/Gsk3b,Geno_at_37,Up
MITOXPLORER_Fatty_Acid_Biosynthesis___Elongation,Fatty Acid Biosynthesis Elongation,MitoXplorer,-0.863162756,0.653118417,0.845115767,17,Acot2/Acsl6/Acsm3/Echs1,Geno_at_37,Down
MITOXPLORER_Fatty_Acid_Degradation___Beta_oxidation,Fatty Acid Degradation beta Oxidation,MitoXplorer,-0.849739003,0.698139112,0.845115767,30,Cpt1a/Hadhb/Decr1/Acsl3/Hadh/Eci2/Acat3/Aldh2/Cpt1b/Acads,Geno_at_37,Down
MITOXPLORER_Mitophagy,Mitophagy,MitoXplorer,0.838947769,0.68618952,0.845115767,17,Optn/Becn1,Geno_at_37,Up
MITOPATHWAYS_Metabolism.Nucleotide_metabolism.Nucleotide_synthesis_and_processing,Metabolism Nucleotide Metabolism Nucleotide Synthesis and Processing,MitoPathways,-0.921702735,0.571896347,0.873730531,23,Paics/Tk2/Ak3/Nt5m/Nt5dc2/Dut/Suclg1/Nudt2/Suclg2/Fhit,Geno_at_37,Down
MITOXPLORER_Transmembrane_Transport,Transmembrane Transport,MitoXplorer,-0.778621602,0.783226897,0.874906719,19,Sfxn3/Vdac2/Sfxn4,Geno_at_37,Down
MITOXPLORER_Calcium_Signaling___Transport,Calcium Signaling Transport,MitoXplorer,0.771600577,0.798827873,0.874906719,22,Itpr1/Letm2/Pml,Geno_at_37,Up
MITOXPLORER_Metabolism_of_Lipids___Lipoproteins,Metabolism of Lipids Lipoproteins,MitoXplorer,0.716192404,0.86921987,0.908729864,22,Slc27a3/Acp6/Serac1/Opa3/Fdps,Geno_at_37,Up
MITOPATHWAYS_Protein_import_sorting_and_homeostasis,Protein Import Sorting and Homeostasis,MitoPathways,-0.91750835100000006,0.627200994,0.919313768,83,Aifm1/Usp30/Dnajc4/Grpel2/Timm23/Grpel1/Dnajc15/Dnajc19/Mtx1/Timm50/Tomm7/Ide/Timm9,Geno_at_37,Down
MITOPATHWAYS_Mitochondrial_dynamics_and_surveillance.Apoptosis,Mitochondrial Dynamics and Surveillance Apoptosis,MitoPathways,-0.889817565,0.63516224,0.919313768,31,Bcl2l13/Mcl1/Aifm1/Bbc3/Pmaip1/Bak1,Geno_at_37,Down
MITOPATHWAYS_Protein_import_sorting_and_homeostasis.Protein_homeostasis.Chaperones,Protein Import Sorting and Homeostasis Protein Homeostasis Chaperones,MitoPathways,0.859231197,0.653671766,0.921844798,16,Hspd1/Hspe1/Dnaja3/Timm13/Nrd1,Geno_at_37,Up
TRANSPORTDB_Plasmolipin,Plasmolipin,TransportDB,0.783244054,0.7617258,0.929209184,15,Cmtm4/Syngr3/Myadm,Geno_at_37,Up
TRANSPORTDB_ABC,ABC,TransportDB,-0.755939697,0.845794131,0.929209184,31,Abcc10/Abca17/Abcc8/Abca1/Abcb1a,Geno_at_37,Down
TRANSPORTDB_DMT,DMT,TransportDB,-0.658967449,0.929209184,0.929209184,23,Tmem241/Slc35c2/Slc35b3/Slc35e4/Slc35f5/Slc35b1/Slc35a4,Geno_at_37,Down
MITOPATHWAYS_Mitochondrial_central_dogma.Translation.Mitochondrial_ribosome_assembly,Mitochondrial Central Dogma Translation Mitochondrial Ribosome Assembly,MitoPathways,0.856363348,0.675802596,0.929228569,24,Dhx30/Malsu1/Mterf3/Mrm3/Fastkd2/Eral1,Geno_at_37,Up
MITOXPLORER_Glycolysis,Glycolysis,MitoXplorer,0.575823114,0.980993427,0.980993427,26,Gapdhs/Pfkm/Hk2/Hk3/Pfkp/Pkm,Geno_at_37,Up
MITOPATHWAYS_Mitochondrial_central_dogma,Mitochondrial Central Dogma,MitoPathways,-0.875814449,0.81189783,0.998748381,227,Tbrg4/Mtpap/Pdf/Mrps16/Mrpl44/Mrpl13/Mettl8/Mtif2/Mrpl21/Gatc/Aars2/Gadd45gip1/Dap3/Mrpl47/Mterf4/Qtrt1/Mrps6/Prorp/Lars2/Mrpl40/Chchd1/Rbfa/Myg1/Trmt2b/Alkbh1/Cars2/Mrps5/Ptcd3/Mrps30/Mrpl30/Mettl15/Mrpl51/2810006K23Rik/Mrpl10/Ssbp1/Mrpl46/Mrps33/Mrps28/Pif1/Mrps9/Mrps25/Mrpl52/Mrpl34/Mrpl23/Mrpl12/Vars2/Mrpl32/Fars2/Coa3/Mrps35/Tefm/Mrpl54/Poldip2/Mrpl41/Ppa2/Mrpl4/Hsd17b10/Aurkaip1,Geno_at_37,Down
MITOPATHWAYS_Mitochondrial_central_dogma.Translation.mt-tRNA_synthetases,Mitochondrial Central Dogma Translation Mt-Trna Synthetases,MitoPathways,-0.8006016,0.759132636,0.998748381,22,Gatc/Aars2/Lars2/Cars2/Vars2/Fars2,Geno_at_37,Down
MITOPATHWAYS_Protein_import_sorting_and_homeostasis.Protein_homeostasis,Protein Import Sorting and Homeostasis Protein Homeostasis,MitoPathways,0.786914953,0.84089873,0.998748381,51,Hspd1/Hspe1/Dnaja3/Yme1l1/Pmpca/Atp23/Park7/Lap3/Clpx/Timm13/Immp1l/Nrd1/Lonp1/Xpnpep3/Casp8,Geno_at_37,Up
MITOPATHWAYS_Mitochondrial_dynamics_and_surveillance.Fission,Mitochondrial Dynamics and Surveillance Fission,MitoPathways,-0.753534007,0.804584821,0.998748381,15,Fis1/Stx17/Mtfr1/Mtfp1,Geno_at_37,Down
MITOPATHWAYS_Metabolism.Metals_and_cofactors.Heme_synthesis_and_processing,Metabolism Metals and Cofactors Heme Synthesis and Processing,MitoPathways,-0.742788968,0.818069589,0.998748381,15,Alas1/Fech/Fdx1/Slc25a38,Geno_at_37,Down
MITOPATHWAYS_Metabolism.Metals_and_cofactors.Fe-S_cluster_biosynthesis,Metabolism Metals and Cofactors Fe-S Cluster Biosynthesis,MitoPathways,-0.734922423,0.850994561,0.998748381,23,Ndufab1/Bola3/Glrx5/Isca1/Cisd3/Cisd1/Iscu/Fdx1/Grpel2/Bola1/Grpel1,Geno_at_37,Down
MITOPATHWAYS_Protein_import_sorting_and_homeostasis.Protein_homeostasis.Proteases,Protein Import Sorting and Homeostasis Protein Homeostasis Proteases,MitoPathways,0.652316956,0.943589304,0.998748381,28,Yme1l1/Pmpca/Atp23/Lap3/Clpx/Immp1l/Lonp1/Xpnpep3,Geno_at_37,Up
MITOPATHWAYS_Mitochondrial_central_dogma.mtRNA_metabolism.mtRNA_granules,Mitochondrial Central Dogma Mtrna Metabolism Mtrna Granules,MitoPathways,0.627777374,0.959046049,0.998748381,28,Rpusd4/Dhx30/Pus1/Fastk/Fastkd2/Eral1/Trmt10c/Fastkd1,Geno_at_37,Up
MITOPATHWAYS_Signaling.Calcium_homeostasis,Signaling Calcium Homeostasis,MitoPathways,-0.626640806,0.946597809,0.998748381,21,Slc25a25/Slc8b1/Slc25a4/Slc25a5,Geno_at_37,Down
MITOPATHWAYS_Metabolism.Lipid_metabolism.Phospholipid_metabolism,Metabolism Lipid Metabolism Phospholipid Metabolism,MitoPathways,0.604979816,0.961654183,0.998748381,23,Agpat4/Acp6/Serac1,Geno_at_37,Up
MITOPATHWAYS_Mitochondrial_central_dogma.mtRNA_metabolism.mt-tRNA_modifications,Mitochondrial Central Dogma Mtrna Metabolism Mt-Trna Modifications,MitoPathways,0.59505078,0.965660858,0.998748381,22,Rpusd4/Pus1/Cdk5rap1/Mto1/Trmt10c/Trit1/Trmu,Geno_at_37,Up
MITOPATHWAYS_Mitochondrial_central_dogma.mtRNA_metabolism,Mitochondrial Central Dogma Mtrna Metabolism,MitoPathways,0.561542683,0.998748381,0.998748381,75,Tfb2m/Fastkd3/Rpusd4/Dhx30/Pus1/Slirp/Fastk/Pnpt1/Cdk5rap1/Mrm3/Fastkd2/Rnaseh1/Eral1/Mto1/Trmt10c/Fastkd1/Rcc1l/Trit1/Trmu,Geno_at_37,Up
MITOPATHWAYS_Signaling,Signaling,MitoPathways,0.532546131,0.996241738,0.998748381,43,Ifi27/Rhot1/Vdac3/Akap10/Slc25a13/Mrs2/Letm1/Sphkap/Mcub/Nlrx1/Bloc1s1/Sirt3/Rhot2/Pde2a,Geno_at_37,Up
MITOPATHWAYS_Mitochondrial_central_dogma.Translation.Translation_factors,Mitochondrial Central Dogma Translation Translation Factors,MitoPathways,0.510068588,0.988940209,0.998748381,16,Mtrf1/Gfm1/Mtif3/Tufm/Hemk1,Geno_at_37,Up
MITOPATHWAYS_Mitochondrial_central_dogma.mtRNA_metabolism.mt-rRNA_modifications,Mitochondrial Central Dogma Mtrna Metabolism Mt-Rrna Modifications,MitoPathways,-0.459893148,0.996794872,0.998748381,18,Rpusd3/Mtpap/Myg1/Trmt2b/Mettl15,Geno_at_37,Down
MITOPATHWAYS_OXPHOS.OXPHOS_subunits,OXPHOS OXPHOS Subunits,MitoPathways,-2.24119879,6.52126091e-8,1.79334675e-6,81,Ndufv1/Ndufs8/Atp5b/Cox6b1/Ndufs4/Atp5e/Atp5c1/Ndufb10/Ndufs7/Ndufb2/Ndufa12/Ndufb8/Ndufab1/Ndufa7/Ndufb4/Ndufs2/Uqcr11/Ndufa6/Uqcrq/Ndufa1/Uqcrc2/Ndufa4/Ndufa10/Atp5j2/Ndufb11/Atp5pb/Ndufa8/Atp5g3/Ndufa2/Ndufv3/Ndufa9/Ndufc2/Ndufb7/Ndufa13/Cox5b/Atp5k/Ndufs5/Sdhd/Atp5j/Ndufb6/Cox8a/Cox7c/Atp5o/Ndufv2/Ndufb3/Atpif1/Ndufa3/Cox7b,Geno_at_39,Down
MITOPATHWAYS_OXPHOS,OXPHOS,MitoPathways,-2.10985985,3.92182552e-8,1.79334675e-6,145,Ndufaf4/Sdhc/Ecsit/Pnkd/Ndufaf7/Ndufv1/Ndufs8/Ndufaf5/Atp5b/Lyrm7/Cox6b1/Ndufs4/Atp5e/Atp5c1/Taco1/Ndufb10/Ndufs7/Ndufb2/Ndufa12/Coa4/Ndufb8/Ndufab1/Ndufa7/Coa5/Ndufb4/Uqcc1/Ndufs2/Uqcr11/Ndufa6/Higd1a/Sdhaf1/Uqcrq/Ndufa1/Timm21/Sdhaf2/Smim20/Uqcc2/Dmac1/Uqcc3/Uqcrc2/Ndufa4/Tmem126b/Ndufa10/Atp5j2/Cox10/Higd2a/Ndufb11/Ndufaf8/Atp5pb/Ndufa8/Dmac2/Atp5g3/Ndufa2/Ndufv3/Coa3/Ndufaf2/Ndufa9/Ndufc2/Ndufb7/Ndufa13/Cox5b/Coa6/Tmem126a/Atp5k/Ndufs5/Sdhd/Atp5j/Ndufb6/Cox8a/Cox14/Cox7c/Atp5o/Ndufv2/Ndufb3/Atpif1/Ndufa3/Cox7b/Cox16,Geno_at_39,Down
MITOXPLORER_Oxidative_Phosphorylation,Oxidative Phosphorylation,MitoXplorer,-2.02672302,4.04621787e-7,9.3063011e-6,157,Sdhc/Ecsit/Nipsnap2/Ndufaf7/Ndufv1/Ndufs8/Ndufaf5/Atp5b/Lyrm7/Cox6b1/Ndufs4/Atp5e/Atp5c1/Ndufb10/Ndufs7/Ndufb2/Ndufa12/Coa4/Uqcrh/Ndufb8/Ndufab1/Etfrf1/Ndufa7/Coq8b/Coa5/Ndufb4/Uqcc1/Ndufs2/Nipsnap1/Cisd1/Uqcr11/Ndufa6/Higd1a/Sdhaf1/Uqcrq/Ndufa1/Ndufb1-ps/Sdhaf2/Coq8a/Atp5md/Etfb/Uqcc2/Dmac1/Uqcc3/Uqcrc2/Ndufa4/Tmem126b/Ndufa10/Atp5j2/Cox10/Oxa1l/Higd2a/Ndufb11/Ndufaf8/Ndufa8/Dmac2/Atp5g3/Ndufa2/Ndufv3/Coa3/Ndufaf2/Ndufa9/Ndufc2/Ndufb7/Ndufa13/Cox5b/Coa6/Atp5k/Atp6v1e1/Ndufs5/Sdhd/Atp5j/Ndufb6/Cox8a/Cox14/Cox7c/Atp5o/Ndufv2/Ndufb3/Atpif1/Ndufa3/Cox6c/Cox16,Geno_at_39,Down
MITOPATHWAYS_OXPHOS.Complex_I.CI_subunits,OXPHOS Complex I Ci Subunits,MitoPathways,-2.15978188,1.72376991e-5,3.16024483e-4,36,Ndufv1/Ndufs8/Ndufs4/Ndufb10/Ndufs7/Ndufb2/Ndufa12/Ndufb8/Ndufab1/Ndufa7/Ndufb4/Ndufs2/Ndufa6/Ndufa1/Ndufa10/Ndufb11/Ndufa8/Ndufa2/Ndufv3/Ndufa9/Ndufc2/Ndufb7/Ndufa13/Ndufs5/Ndufb6/Ndufv2/Ndufb3/Ndufa3,Geno_at_39,Down
MITOPATHWAYS_OXPHOS.Complex_I,OXPHOS Complex I,MitoPathways,-2.04911127,3.89796467e-5,5.35970143e-4,57,Ndufaf4/Ecsit/Ndufaf7/Ndufv1/Ndufs8/Ndufaf5/Ndufs4/Ndufb10/Ndufs7/Ndufb2/Ndufa12/Ndufb8/Ndufab1/Ndufa7/Ndufb4/Ndufs2/Ndufa6/Ndufa1/Dmac1/Tmem126b/Ndufa10/Ndufb11/Ndufaf8/Ndufa8/Dmac2/Ndufa2/Ndufv3/Ndufaf2/Ndufa9/Ndufc2/Ndufb7/Ndufa13/Tmem126a/Ndufs5/Ndufb6/Ndufv2/Ndufb3/Ndufa3,Geno_at_39,Down
MITOPATHWAYS_OXPHOS.Complex_V.CV_subunits,OXPHOS Complex V Cv Subunits,MitoPathways,-2.02510064,3.6488952e-4,0.00401378472,17,Atp5j2/Atp5pb/Atp5g3/Atp5k/Atp5j/Atp5o/Atpif1,Geno_at_39,Down
MITOXPLORER_Fe_S_Cluster_Biosynthesis,Fe S Cluster Biosynthesis,MitoXplorer,-1.91433217,0.00118437443,0.0136203059,25,Nubp2/Fdxr/Bola3/Ciao2b/Slc25a37/Lyrm4/Ciapin1/Isca2/Nfu1/Ciao1/Glrx5/Fdx1/Hscb/Nfs1/Narf/Ciao2a,Geno_at_39,Down
MITOPATHWAYS_Metabolism.Lipid_metabolism.Fatty_acid_oxidation,Metabolism Lipid Metabolism Fatty Acid Oxidation,MitoPathways,-1.76781109,0.00255524139,0.023423046,39,Etfb/Acat1/Hadhb/Acadm/Hadha/Cpt1a/Acadsb/Decr1/Hadh/Echs1/Hsd17b10/Pccb,Geno_at_39,Down
MITOPATHWAYS_OXPHOS.Complex_IV,OXPHOS Complex IV,MitoPathways,-1.72725341,0.00417129562,0.0286776574,41,Cox6b1/Taco1/Coa4/Coa5/Higd1a/Timm21/Smim20/Ndufa4/Cox10/Coa3/Cox5b/Coa6/Cox8a/Cox14/Cox7c/Cox7b/Cox16,Geno_at_39,Down
MITOPATHWAYS_Metabolism.Amino_acid_metabolism,Metabolism Amino Acid Metabolism,MitoPathways,-1.63742385,0.00401719185,0.0286776574,74,Ivd/Kyat3/Akr7a5/Got2/Acaa2/Amt/Kmo/Slc25a38/Hoga1/Acad8/Gcsh/Etfb/Pycr2/Dglucy/Nat8l/Acat1/Hadhb/Hadha/Grhpr/Ldhb/Maoa/Oat/Aldh4a1/Acadsb/Hadh/Bckdha/Echs1/Hsd17b10,Geno_at_39,Down
MITOPATHWAYS_Mitochondrial_central_dogma.Translation.Translation_factors,Mitochondrial Central Dogma Translation Translation Factors,MitoPathways,-1.78906662,0.00582418249,0.0333543451,16,Taco1/Mtrf1l/Mrrf/Timm21/Tsfm/Mtrf1/Coa3/Mtif3/Cox14/Mrpl58,Geno_at_39,Down
MITOPATHWAYS_Mitochondrial_central_dogma.Translation.Mitochondrial_ribosome,Mitochondrial Central Dogma Translation Mitochondrial Ribosome,MitoPathways,-1.58281211,0.00606442638,0.0333543451,81,Mrps9/Chchd1/Mrpl28/Mrpl2/Mrps24/Mrpl50/Aurkaip1/Mrpl21/Mrpl48/Mrpl1/Mrps27/Mrps14/Mrpl36/Mrpl4/Mrpl51/Mrps36/Mrpl49/Mrpl34/Mrps6/Mrpl13/Mrpl35/Mrpl43/Mrpl9/Mrps15/Mrps17/Mrpl11/Gadd45gip1/Mrpl41/Mrps21/Mrpl32/Mrpl55/Mrps25/Mrpl14/Mrps28/Mrps5/Mrpl58,Geno_at_39,Down
MITOPATHWAYS_OXPHOS.Complex_V,OXPHOS Complex V,MitoPathways,-1.71738745,0.00852389148,0.039067836,22,Atp5j2/Atp5pb/Atp5g3/Atp5k/Atp5j/Atp5o/Atpif1,Geno_at_39,Down
MITOPATHWAYS_Metabolism,Metabolism,MitoPathways,-1.31311109,0.00786450372,0.039067836,406,Ivd/Kyat3/Guk1/Coq7/Slc25a25/Acaa1a/Nudt13/Slc25a10/Ndufab1/Akr7a5/Ak2/Ogdhl/Etfrf1/Slc25a37/Pcx/Lipt1/Eci2/Coq8b/Grpel1/Got2/Pdk3/Mmut/Ndufs2/Pdhb/Acaa2/Amt/Ckmt1/Kmo/Cisd1/Mpc1/Slc25a38/Abcb6/Txn2/Prdx4/Mecr/Ldhd/Aco2/Flad1/Slc25a5/Dtymk/Nmnat3/Prdx5/Suox/Lyrm4/Gpam/Pdha1/Nt5dc2/Hoga1/Dut/Acad8/Sirt4/Hagh/Mrps36/Mgst3/Pnpo/Isca2/Qdpr/H2-Ke6/Fth1/Nfu1/Idh3b/Oxct1/Coq8a/Gcsh/Etfb/Pycr2/Dglucy/Nat8l/Suclg1/Acat1/Dbi/Rfk/Chchd7/Etfbkmt/Acot2/Lias/Hadhb/Glrx5/Fdx1/Acot10/Osbpl1a/Acadm/Hscb/Slc25a14/Hadha/Cox10/Hint1/Nfs1/Mto1/Grhpr/Gpx4/Ldhb/Maoa/Nme6/Cpt1a/Sfxn5/Cpox/Nit1/Oat/Ptges2/Scp2/Aldh2/Triap1/Slc25a4/Aldh4a1/Acot13/Acadsb/Ehhadh/Pcbd2/Decr1/Cat/Hadh/Bckdha/Fam173a/Sdhd/Prelid1/Suclg2/Echs1/Ndufv2/Prdx2/Hsd17b10/Gpx1/Pccb,Geno_at_39,Down
MITOPATHWAYS_Signaling,Signaling,MitoPathways,1.63401924,0.0149521989,0.0632593028,43,Ifi27/Vdac3/Sphkap/Nlrx1/Pptc7/Mrs2/Ppif/Dele1/Macrod1/Slc25a12/C1qbp/Mul1/Prkaca,Geno_at_39,Up
TRANSPORTDB_F-ATPase,F-ATPase,TransportDB,-1.70003605,0.0074390695,0.0669516255,31,Atp6v0d2/Atp6v1g3/Atp5b/Atp5e/Atp5c1/mt-Atp6/Atp6v0b/Atp6v1f/Atp6v1g2/Atp5pb/Tcirg1/Atp5g3/Atp6v0e/Atp6v1e1/Atp5o/Atp6v1g1/Atp6v1d,Geno_at_39,Down
TRANSPORTDB_P-ATPase,P-ATPase,TransportDB,1.60324282,0.02962456,0.0888780678,27,Atp10a/Atp9a/Atp11a/Atp2a2/Atp8a2/Atp9b/Atp11c/Atp7a/Atp10d/Atp13a1/Atp8b2/Atp8b4/Atp2a3/Atp2b1/Atp8a1/Atp1a1/Atp1a2,Geno_at_39,Up
TRANSPORTDB_ABC,ABC,TransportDB,1.58589289,0.0296260226,0.0888780678,31,Abca3/Abcd3/Abcb1b/Abcc4/Tap1/Abcc1/Abca4/Abcc3/Abcb10/Abca2/Abca5/Abca7/Abcd1/Abcb8/Abcc10/Abcb9,Geno_at_39,Up
MITOPATHWAYS_Metabolism.Metals_and_cofactors.Fe-S-containing_proteins,Metabolism Metals and Cofactors Fe-S-Containing Proteins,MitoPathways,-1.52844431,0.0310011963,0.112634985,30,Ndufv1/Ndufs8/Glrx2/Bola3/Ndufs7/Ndufs2/Cisd1/Aco2/Isca2/Nfu1/Lias/Glrx5/Fdx1/Nfs1/Ndufv2,Geno_at_39,Down
MITOPATHWAYS_Protein_import_sorting_and_homeostasis,Protein Import Sorting and Homeostasis,MitoPathways,-1.40143152,0.0327665411,0.112634985,83,Immp1l/Mtx1/Hspd1/Stoml2/Fkbp10/Timm22/Timm10b/Grpel1/Romo1/Dnlz/Timm10/Tomm7/Timm21/Dnajc15/Casp8/Tomm34/Uqcrc2/Casp3/Phb2/Nln/Timm23/Atad1/Afg1l/Oxa1l/Samm50/Ide/Dnajc19/Oma1/Tomm22/Park7/Timm8a1/Tomm5/Hspe1,Geno_at_39,Down
MITOPATHWAYS_Metabolism.Lipid_metabolism,Metabolism Lipid Metabolism,MitoPathways,-1.37216513,0.0310726353,0.112634985,109,Mgst3/H2-Ke6/Gcsh/Etfb/Acat1/Dbi/Acot2/Lias/Hadhb/Fdx1/Acot10/Osbpl1a/Acadm/Hadha/Cpt1a/Ptges2/Scp2/Triap1/Acot13/Acadsb/Ehhadh/Decr1/Hadh/Prelid1/Echs1/Hsd17b10/Pccb,Geno_at_39,Down
MITOPATHWAYS_Mitochondrial_central_dogma.Translation,Mitochondrial Central Dogma Translation,MitoPathways,-1.29863891,0.0442296887,0.143096052,153,Rbfa/Taco1/Pars2/Mrps9/Aars2/Mtg2/Chchd1/Mrpl28/Mrpl2/Mtrf1l/Mrm3/Mrps24/Hars2/Mrpl50/Exd2/Aurkaip1/Mrpl21/Ngrn/Mrrf/Mrpl48/Mrpl1/Mrps27/Mrps14/Tars2/Mrpl36/Mrpl4/Timm21/Mrpl51/Mrps36/Mrpl49/Wars2/Mrpl34/Mrps6/Tsfm/Mrpl13/Mrpl35/Kars/Mrpl43/Mrpl9/Mrps15/Mpv17l2/Oxa1l/Mtrf1/Mrps17/Mrpl11/Gadd45gip1/Mrpl41/Slirp/Mrps21/Mrpl32/Mrpl55/Coa3/Mrps25/Mrpl14/Mtif3/Mrps28/Cox14/Mrps5/Mrpl58,Geno_at_39,Down
MITOPATHWAYS_OXPHOS.OXPHOS_assembly_factors,OXPHOS OXPHOS Assembly Factors,MitoPathways,-1.38448537,0.0472891825,0.144494724,65,Ndufaf4/Ecsit/Pnkd/Ndufaf7/Ndufaf5/Lyrm7/Taco1/Coa4/Coa5/Uqcc1/Higd1a/Sdhaf1/Timm21/Sdhaf2/Smim20/Uqcc2/Dmac1/Uqcc3/Tmem126b/Cox10/Higd2a/Ndufaf8/Dmac2/Coa3/Ndufaf2/Coa6/Tmem126a/Cox14/Cox16,Geno_at_39,Down
MITOPATHWAYS_Metabolism.Amino_acid_metabolism.Branched-chain_amino_acid_metabolism,Metabolism Amino Acid Metabolism Branched-Chain Amino Acid Metabolism,MitoPathways,-1.43307827,0.0638175703,0.170711778,25,Acad8/Etfb/Acat1/Hadha/Acadsb/Bckdha/Echs1/Hsd17b10,Geno_at_39,Down
MITOPATHWAYS_Metabolism.Detoxification.ROS_and_glutathione_metabolism,Metabolism Detoxification ROS and Glutathione Metabolism,MitoPathways,-1.42347027,0.066808886,0.170711778,26,Txn2/Prdx4/Prdx5/Hagh/Gpx4/Nit1/Cat/Prdx2/Gpx1,Geno_at_39,Down
MITOPATHWAYS_Metabolism.Metals_and_cofactors,Metabolism Metals and Cofactors,MitoPathways,-1.28380095,0.068284711,0.170711778,109,Slc25a3/Ndufv1/Ppox/Ndufs8/Alas1/Glrx2/Fdxr/Bola3/Naxe/Cyp11a1/Ndufs7/Slc25a42/Kyat3/Coq7/Nudt13/Ndufab1/Slc25a37/Coq8b/Grpel1/Ndufs2/Kmo/Cisd1/Slc25a38/Abcb6/Aco2/Nmnat3/Suox/Lyrm4/Sirt4/Isca2/Qdpr/Fth1/Nfu1/Coq8a/Chchd7/Lias/Glrx5/Fdx1/Hscb/Cox10/Nfs1/Cpt1a/Cpox/Pcbd2/Sdhd/Ndufv2,Geno_at_39,Down
MITOPATHWAYS_Mitochondrial_central_dogma,Mitochondrial Central Dogma,MitoPathways,-1.21978833,0.0675110388,0.170711778,227,Polrmt/Top1mt/Tfb1m/Mutyh/Rbfa/Taco1/Pars2/Mrps9/Aars2/Mtg2/Polb/Chchd1/Mettl8/Thg1l/Mrpl28/Mrpl2/Mtrf1l/Mrm3/Mrps24/Pif1/Hars2/Mrpl50/Exd2/Aurkaip1/Mrpl21/Ngrn/Tefm/Mrrf/Mrpl48/Rpusd4/Mrpl1/Qtrt1/Mrps27/Mrps14/Tars2/Mrpl36/Mrpl4/Timm21/Mrpl51/Mrps36/Trmu/Mettl15/Mrpl49/Wars2/Mrpl34/Mrps6/Tsfm/Mrpl13/Polg2/Mrpl35/Kars/Osgepl1/Mrpl43/Mrpl9/Mrps15/Mpv17l2/Rnaseh1/Oxa1l/Mtrf1/Mrps17/Mto1/Mrpl11/Gadd45gip1/Mrpl41/Slirp/Mrps21/Mrpl32/Mrpl55/Coa3/Mrps25/Mrpl14/Mtif3/Mrps28/Exog/Rexo2/Cox14/Mrps5/Endog/Hsd17b10/Mrpl58/Apex1,Geno_at_39,Down
MITOPATHWAYS_Metabolism.Metals_and_cofactors.Fe-S_cluster_biosynthesis,Metabolism Metals and Cofactors Fe-S Cluster Biosynthesis,MitoPathways,-1.40290923,0.0795731022,0.182355026,23,Fdxr/Bola3/Ndufab1/Grpel1/Cisd1/Lyrm4/Isca2/Nfu1/Glrx5/Fdx1/Hscb/Nfs1,Geno_at_39,Down
MITOPATHWAYS_OXPHOS.Complex_IV.CIV_assembly_factors,OXPHOS Complex IV Civ Assembly Factors,MitoPathways,-1.39735855,0.0764136002,0.182355026,27,Taco1/Coa4/Coa5/Higd1a/Timm21/Smim20/Cox10/Coa3/Coa6/Cox14/Cox16,Geno_at_39,Down
MITOXPLORER_Translation,Translation,MitoXplorer,-1.32263327,0.0277966871,0.213107934,180,Rbfa/Taco1/Pars2/Mrps9/Aars2/Rida/Mtg2/Chchd1/Thg1l/Mrpl28/Rps19/Mrpl2/Mtrf1l/Mrm3/Mrps24/Sbds/Hars2/Mrpl50/Aurkaip1/Mrpl21/Mrrf/Mrpl48/Rpusd4/Mrpl1/Qtrt1/Mrps27/Mrps14/Tars2/Mrpl36/Mrpl4/Mrpl51/Mrps36/Trmu/Mrpl49/Wars2/Mrpl34/Mrps6/Tsfm/Mrpl13/Mrpl35/Kars/Osgepl1/Mrpl43/Mrpl9/Mrps15/Mpv17l2/Mtrf1/Mrps17/Ccdc58/Mto1/Mrpl11/Gadd45gip1/Mrpl41/Trmt11/Slirp/Mrps21/Mrpl32/Mrpl55/Mrps25/Mrpl14/Mtif3/Mrps28/Rexo2/Mrps5/Hsd17b10/Mrpl58,Geno_at_39,Down
TRANSPORTDB_DMT,DMT,TransportDB,1.38959223,0.099744998,0.224426246,23,Slc35a5/Slc35a3/Slc35d3/Slc35d1/Slc35a4/Slc35e1/Slc35e4,Geno_at_39,Up
TRANSPORTDB_MFS,MFS,TransportDB,1.25201684,0.145218283,0.26139291,55,Slc2a8/Slc46a1/Slc16a1/Slc16a10/Slc43a3/Slc2a10/Slc46a3/Flvcr2/Flvcr1/Mfsd14b/Slc2a6/Slc17a7/Slc17a6/Svop/Slc22a17/Slc16a8/Slc16a6/Sv2a/Mfsd6l/Slc37a1/Mfsd6,Geno_at_39,Up
MITOPATHWAYS_Mitochondrial_dynamics_and_surveillance,Mitochondrial Dynamics and Surveillance,MitoPathways,-1.20671204,0.133827366,0.294420206,97,Mgarp/Nipsnap1/Stx17/Chchd6/Tomm7/Bcl2l11/Bcl2l13/Casp8/Bnip3l/Bcl2l10/Mtfp1/Apool/Casp3/Chchd3/Nbr1/Ghitm/Fis1/Pmaip1/Armc10/Vdac1/Samm50/Micos10/Oma1/Atp5k/Bbc3/Park7/Fundc1/Fundc2/Endog/Micos13/Bax,Geno_at_39,Down
MITOXPLORER_Fatty_Acid_Biosynthesis___Elongation,Fatty Acid Biosynthesis Elongation,MitoXplorer,-1.41679722,0.0804750403,0.30639241,17,Acsl5/Mecr/H2-Ke6/Acot2/Acot13/Echs1,Geno_at_39,Down
MITOXPLORER_Fatty_Acid_Degradation___Beta_oxidation,Fatty Acid Degradation beta Oxidation,MitoXplorer,-1.38078273,0.0791163837,0.30639241,30,Acad8/Acsl3/Hadhb/Acat3/Acadm/Hadha/Cpt1a/Aldh2/Acadsb/Decr1/Hadh,Geno_at_39,Down
MITOXPLORER_Apoptosis,Apoptosis,MitoXplorer,-1.34248078,0.0735797903,0.30639241,52,Ctsb/Mapk3/Tspo/Bnip3/Fam162a/Casp7/Bcl2l11/Bcl2l13/Casp8/Bnip3l/Casp3/Ghitm/Anp32a/Pmaip1/Armc10/Triap1/Dynll1/Bbc3/Prelid1/Bax,Geno_at_39,Down
MITOXPLORER_Glycolysis,Glycolysis,MitoXplorer,-1.32091812,0.115857764,0.30639241,26,Gpi1/Eno1/Pkm/Slc2a1/Gapdhs/Aldoa/Pgk1/Pcx/Ldha/Eno3/Pfkl/Tpi1/Ldhb/Pgam1,Geno_at_39,Down
MITOXPLORER_ROS_Defense,ROS Defense,MitoXplorer,-1.30517838,0.119892682,0.30639241,31,Txn1/Gpx4/Gstp1/Cat/Park7/Gpx1/Gss,Geno_at_39,Down
MITOXPLORER_Mitochondrial_Dynamics,Mitochondrial Dynamics,MitoXplorer,-1.29751428,0.0973548089,0.30639241,53,Mtfp1/Apool/Phb2/Chchd3/Fis1/Lyrm1/Sqstm1/Micos10/Oma1/Slc25a4/Arpc3/Fundc1/Fundc2/Micos13,Geno_at_39,Down
MITOPATHWAYS_Mitochondrial_central_dogma.Translation.mt-tRNA_synthetases,Mitochondrial Central Dogma Translation Mt-Trna Synthetases,MitoPathways,1.30884443,0.145474433,0.307734377,22,Lars2/Qrsl1/Dars2/Vars2/Ears2/Gars/Yars2/Nars2,Geno_at_39,Up
MITOPATHWAYS_Protein_import_sorting_and_homeostasis.Protein_import_and_sorting,Protein Import Sorting and Homeostasis Protein Import and Sorting,MitoPathways,-1.23142109,0.154034127,0.313773221,45,Timm22/Timm10b/Grpel1/Romo1/Timm10/Tomm7/Timm21/Dnajc15/Tomm34/Uqcrc2/Timm23/Oxa1l/Samm50/Dnajc19/Tomm22/Timm8a1/Tomm5,Geno_at_39,Down
MITOPATHWAYS_Metabolism.Carbohydrate_metabolism.TCA_cycle,Metabolism Carbohydrate Metabolism TCA Cycle,MitoPathways,-1.26474588,0.167079233,0.328191351,20,Sdha/Sdhb/Sdhc/Fh1/Mdh2/Ogdhl/Aco2/Mrps36/Idh3b/Suclg1/Sdhd/Suclg2,Geno_at_39,Down
MITOPATHWAYS_Protein_import_sorting_and_homeostasis.Protein_homeostasis.Chaperones,Protein Import Sorting and Homeostasis Protein Homeostasis Chaperones,MitoPathways,-1.26107071,0.177779126,0.337167308,16,Hspd1/Fkbp10/Timm10b/Dnlz/Timm10/Phb2/Timm8a1/Hspe1,Geno_at_39,Down
TRANSPORTDB_MPT,MPT,TransportDB,-1.19363263,0.225740282,0.338610423,19,Timm22/Grpel1/Tomm7/Timm21/Tomm34/Timm23/Tomm22/Timm8a1,Geno_at_39,Down
HSR_sensitivity,Hsr Sensitivity,HSR_lens,1.15560955,0.181237251,0.362474502,148,Atr/Daxx/Nup98/Nup210/Mtor/Nf1/Cxcl10/P2rx3/Pom121/Gsk3b/Ranbp2/Ep300/Atm/Dhx36/Scn11a/Clpb/Hspa1b/Hsf1/Nup153/Nup188/Nup155/Crebbp/Eif2b5/Psip1/Fgf1/Hspa1a/Il1a/Prkaca/Hspa4l/Scn2b/Nup133/Nup205/Camk2d/Irak1/Stub1/Tpr/Hpcal4/Rae1/Map2k7/Mapk1/Tnfrsf21/Atxn3/Hspa1l/St8sia1/Thbs1,Geno_at_39,Up
MITOXPLORER_Transmembrane_Transport,Transmembrane Transport,MitoXplorer,1.25962853,0.182018152,0.368070864,19,Abcd3/Sfxn2/Vdac3/Mrs2/Abcb10/Abcb8/Abcb7/Abce1/Sfxn1,Geno_at_39,Up
MITOXPLORER_Transcription__nuclear_,Transcription Nuclear,MitoXplorer,1.23465712,0.197607382,0.368070864,22,Sp1/Yap1/Ppargc1b/Hif1a/Pprc1,Geno_at_39,Up
MITOXPLORER_Metabolism_of_Lipids___Lipoproteins,Metabolism of Lipids Lipoproteins,MitoXplorer,1.22279555,0.20687484,0.368070864,22,Gpat2/Acaca/Fdps/Cyb5r3/Nudt19/Opa3/Abcd1/Agpat5/Asah2/Serac1,Geno_at_39,Up
MITOXPLORER_Import___Sorting,Import Sorting,MitoXplorer,-1.17163907,0.208040054,0.368070864,47,Timm22/Timm10b/Grpel1/Dnlz/Timm10/Tomm7/Timm21/Dnajc15/Tomm34/Timm23/Samm50/Dnajc19/Tomm22/Timm8a1/Tomm5/Hspe1,Geno_at_39,Down
MITOXPLORER_Calcium_Signaling___Transport,Calcium Signaling Transport,MitoXplorer,1.17693152,0.245912284,0.37323001,22,Pml/Itpr1/Itpr2/Slc25a12/Mcur1,Geno_at_39,Up
MITOXPLORER_Mitochondrial_Signaling,Mitochondrial Signaling,MitoXplorer,1.16903053,0.259638267,0.37323001,18,Mtor/Shc1/Gsk3b/Nlrx1/Prkce/Prkaca/Sirt3,Geno_at_39,Up
MITOXPLORER_Amino_Acid_Metabolism,Amino Acid Metabolism,MitoXplorer,-1.13387229,0.231968852,0.37323001,67,Ivd/Kyat3/Abhd16a/Got2/Mmut/Amt/Ckmt1/Kmo/Suox/Qdpr/Oxct1/Gcsh/Pycr2/Dglucy/Acat1/Maoa/Nit1/Oat/Aldh4a1/Bckdha,Geno_at_39,Down
MITOPATHWAYS_Metabolism.Detoxification,Metabolism Detoxification,MitoPathways,-1.1774913,0.20827219,0.381832348,43,Txn2/Prdx4/Prdx5/Hagh/Gpx4/Maoa/Nit1/Aldh2/Cat/Prdx2/Gpx1,Geno_at_39,Down
MITOPATHWAYS_OXPHOS.Complex_I.CI_assembly_factors,OXPHOS Complex I Ci Assembly Factors,MitoPathways,-1.20255884,0.216511542,0.384133381,21,Ndufaf4/Ecsit/Ndufaf7/Ndufaf5/Dmac1/Tmem126b/Ndufaf8/Dmac2/Ndufaf2/Tmem126a,Geno_at_39,Down
MITOXPLORER_Protein_Stability___Degradation,Protein Stability Degradation,MitoXplorer,-1.09453908,0.321745517,0.435302758,27,Nln/Atad1/Afg1l/Fbxl4/Rnf185/Rnf5,Geno_at_39,Down
MITOPATHWAYS_Mitochondrial_dynamics_and_surveillance.Autophagy,Mitochondrial Dynamics and Surveillance Autophagy,MitoPathways,-1.14181508,0.282688019,0.458041267,17,Nipsnap2/Pgam5/Nipsnap1/Stx17/Tomm7/Bcl2l13/Nbr1/Park7/Fundc1,Geno_at_39,Down
MITOPATHWAYS_Mitochondrial_dynamics_and_surveillance.Apoptosis,Mitochondrial Dynamics and Surveillance Apoptosis,MitoPathways,1.12860437,0.282492547,0.458041267,31,Ifi27,Geno_at_39,Up
MITOPATHWAYS_Metabolism.Nucleotide_metabolism,Metabolism Nucleotide Metabolism,MitoPathways,-1.11880832,0.283152783,0.458041267,34,Fhit/Guk1/Slc25a25/Ak2/Ckmt1/Slc25a5/Dtymk/Nt5dc2/Dut/Suclg1/Hint1/Nme6/Slc25a4/Fam173a/Suclg2,Geno_at_39,Down
MITOXPLORER_Replication___Transcription,Replication Transcription,MitoXplorer,1.05144548,0.366498355,0.468303454,50,Cmpk2/Gk/Lig3/Supv3l1/Polg/Alkbh1/Top3a/Cdk5rap1/Tfam/Mterf2/Poldip2/Dhx29/Ung/Trub2/Rrm2b/Nsun2,Geno_at_39,Up
HSR_core,Hsr Core,HSR_lens,-0.9716209,0.503147293,0.503147293,47,Hsbp1l1/Bag1/Dnaja2/Hspb6/Zfand1/Dnaja1/Vcp/Dnajc7/Dnajc2/Dnajb4/Hsbp1/Hsp90aa1/Fkbp4/St13/Hikeshi,Geno_at_39,Down
MITOPATHWAYS_Metabolism.Nucleotide_metabolism.Nucleotide_synthesis_and_processing,Metabolism Nucleotide Metabolism Nucleotide Synthesis and Processing,MitoPathways,-1.08394074,0.338799043,0.532398496,23,Nudt2/Fhit/Guk1/Ak2/Dtymk/Nt5dc2/Dut/Suclg1/Hint1/Nme6/Suclg2,Geno_at_39,Down
MITOPATHWAYS_Mitochondrial_dynamics_and_surveillance.Fission,Mitochondrial Dynamics and Surveillance Fission,MitoPathways,-1.08138077,0.350279397,0.533503265,15,Stx17/Mtfp1/Fis1/Armc10/Oma1,Geno_at_39,Down
MITOPATHWAYS_Protein_import_sorting_and_homeostasis.Protein_homeostasis,Protein Import Sorting and Homeostasis Protein Homeostasis,MitoPathways,-1.05392292,0.358902196,0.533503265,51,Immp1l/Hspd1/Stoml2/Fkbp10/Timm10b/Dnlz/Timm10/Casp8/Casp3/Phb2/Nln/Atad1/Afg1l/Ide/Oma1/Park7/Timm8a1/Hspe1,Geno_at_39,Down
MITOPATHWAYS_Mitochondrial_central_dogma.mtRNA_metabolism.mt-tRNA_modifications,Mitochondrial Central Dogma Mtrna Metabolism Mt-Trna Modifications,MitoPathways,-1.03893209,0.396770756,0.574273463,22,Thg1l/Rpusd4/Qtrt1/Trmu/Osgepl1/Mto1/Hsd17b10,Geno_at_39,Down
MITOPATHWAYS_Metabolism.Carbohydrate_metabolism,Metabolism Carbohydrate Metabolism,MitoPathways,-1.0193852,0.41365703,0.583362478,65,Slc25a10/Ogdhl/Pcx/Got2/Pdk3/Mmut/Pdhb/Acaa2/Mpc1/Ldhd/Aco2/Pdha1/Mrps36/Idh3b/Oxct1/Suclg1/Acat1/Hadhb/Sfxn5/Sdhd/Suclg2/Pccb,Geno_at_39,Down
TCR_activation,TCR Activation,TCR_activation,0.902590362,0.626246699,0.626246699,66,Malt1/Cblb/Rel/Traf6/Cd28/Traf3/Atf3/Pik3cd/Lcp2/Card11/Myc/Il2/Itk/Zap70/Map3k14/Dusp5/Nfatc1/Tnfrsf4,Geno_at_39,Up
MITOPATHWAYS_Mitochondrial_central_dogma.mtRNA_metabolism.mtRNA_stability_and_decay,Mitochondrial Central Dogma Mtrna Metabolism Mtrna Stability and Decay,MitoPathways,-0.979154249,0.483417798,0.664699473,17,Rnaseh1/Slirp/Rexo2/Endog,Geno_at_39,Down
MITOPATHWAYS_Metabolism.Metals_and_cofactors.Heme_synthesis_and_processing,Metabolism Metals and Cofactors Heme Synthesis and Processing,MitoPathways,-0.958608884,0.510406544,0.684691705,15,Ppox/Alas1/Fdxr/Slc25a38/Abcb6/Fdx1/Cox10/Cpox,Geno_at_39,Down
MITOPATHWAYS_Mitochondrial_central_dogma.mtDNA_maintenance,Mitochondrial Central Dogma Mtdna Maintenance,MitoPathways,0.942019779,0.527913848,0.691315753,29,Lig3/Ppa2/Polg/Mettl4/Top3a/Polq/Tfam/Mterf2/Poldip2/Atad3a/Ung,Geno_at_39,Up
MITOXPLORER_Tricarboxylic_Acid_Cycle,Tricarboxylic Acid Cycle,MitoXplorer,-0.917341014,0.577360255,0.698909783,22,Fh1/Mdh2/Ogdhl/Aco2/Idh3b/Idh1/Suclg1/Csl/Suclg2,Geno_at_39,Down
MITOXPLORER_Mitophagy,Mitophagy,MitoXplorer,-0.870768271,0.641505636,0.737731481,17,Tbk1/Tbc1d15/Pgam5/Cited2/Atg9b/Becn1/Nbr1/Tax1bp1,Geno_at_39,Down
MITOPATHWAYS_Mitochondrial_central_dogma.mtRNA_metabolism.mtRNA_granules,Mitochondrial Central Dogma Mtrna Metabolism Mtrna Granules,MitoPathways,0.905572793,0.582168104,0.744633621,28,Supv3l1/Alkbh1/Ddx28/Trub2/Mrpl47/Fastkd1/Fastkd2/Mrps7/Prorp/Trmt10c/Grsf1/Ptcd1/Mrm2/Rmnd1/Noa1,Geno_at_39,Up
MITOPATHWAYS_Metabolism.Lipid_metabolism.Phospholipid_metabolism,Metabolism Lipid Metabolism Phospholipid Metabolism,MitoPathways,0.886063629,0.611027383,0.763784228,23,Pgs1/Sptlc2/Gpat2/Ptpmt1/Agpat4,Geno_at_39,Up
MITOPATHWAYS_Mitochondrial_central_dogma.Translation.Mitochondrial_ribosome_assembly,Mitochondrial Central Dogma Translation Mitochondrial Ribosome Assembly,MitoPathways,0.849013297,0.669649661,0.818460697,24,Mterf3/Ptcd3/Ddx28/Trmt61b/Mterf4/Gtpbp10/Mief1/Nsun4/Fastkd2,Geno_at_39,Up
MITOPATHWAYS_Signaling.Calcium_homeostasis,Signaling Calcium Homeostasis,MitoPathways,-0.832682958,0.708598139,0.843206794,21,Smdt1/Vdac1/Slc25a4/Micu2,Geno_at_39,Down
MITOPATHWAYS_Protein_import_sorting_and_homeostasis.Protein_homeostasis.Proteases,Protein Import Sorting and Homeostasis Protein Homeostasis Proteases,MitoPathways,0.818234564,0.720558533,0.843206794,28,Usp30/Pmpca/Casp9/Clpb/Immp2l,Geno_at_39,Up
MITOXPLORER_Metabolism_of_Vitamins___Co_Factors,Metabolism of Vitamins Co Factors,MitoXplorer,0.759677254,0.776936194,0.850930117,15,Mmaa/Pank2/Rdh13,Geno_at_39,Up
MITOPATHWAYS_Metabolism.Lipid_metabolism.Cardiolipin_synthesis,Metabolism Lipid Metabolism Cardiolipin Synthesis,MitoPathways,0.766610516,0.770423705,0.882777162,16,Pgs1/Gpat2/Ptpmt1/Agpat4,Geno_at_39,Up
MITOPATHWAYS_Metabolism.Vitamin_metabolism.Folate_and_1-C_metabolism,Metabolism Vitamin Metabolism Folate and 1-C Metabolism,MitoPathways,-0.751709748,0.820932469,0.921454812,20,Mthfd2l/Fpgs/Aldh1l2/Mthfs/Gtpbp3/Mthfd2/Amt/Slc25a38/Qdpr/Mto1,Geno_at_39,Down
MITOPATHWAYS_Small_molecule_transport,Small Molecule Transport,MitoPathways,0.789643909,0.845463331,0.930009664,75,Mpv17/Abcd3/Sfxn2/Vdac3/Mrs2/Slc25a22/Slc25a1/Slc25a12/Abcb10/Slc25a18/Ucp3/Slc25a46/Slc25a36,Geno_at_39,Up
MITOPATHWAYS_Mitochondrial_central_dogma.mtRNA_metabolism.mt-rRNA_modifications,Mitochondrial Central Dogma Mtrna Metabolism Mt-Rrna Modifications,MitoPathways,-0.708260715,0.867599153,0.935646145,18,Mtpap/Tfb1m/Mrm3/Ngrn/Rpusd4/Mettl15,Geno_at_39,Down
MITOXPLORER_Pyruvate_Metabolism,Pyruvate Metabolism,MitoXplorer,0.667404102,0.903311493,0.944371106,22,Pdpr/Pck2/Acss2/Pdp2/Aldh7a1/Dlat/Me1/L2hgdh/Pdk2,Geno_at_39,Up
MITOPATHWAYS_Metabolism.Detoxification.Xenobiotic_metabolism,Metabolism Detoxification Xenobiotic Metabolism,MitoPathways,0.630077406,0.918140325,0.971109959,15,Aldh1b1/Cyb5r3/Cyb5b/Gstz1/Mtarc2/Akr1b8/Tst/Cbr3,Geno_at_39,Up
MITOPATHWAYS_Mitochondrial_central_dogma.mtRNA_metabolism,Mitochondrial Central Dogma Mtrna Metabolism,MitoPathways,-0.714990956,0.954563166,0.972240261,75,Polrmt/Top1mt/Tfb1m/Mrps9/Mettl8/Thg1l/Mrm3/Ngrn/Tefm/Rpusd4/Qtrt1/Trmu/Mettl15/Osgepl1/Rnaseh1/Mto1/Slirp/Rexo2/Endog/Hsd17b10,Geno_at_39,Down
MITOPATHWAYS_Metabolism.Vitamin_metabolism,Metabolism Vitamin Metabolism,MitoPathways,-0.686941906,0.947873193,0.972240261,47,Mthfs/Gtpbp3/Mthfd2/Dhrs4/Bco2/Glrx2/Fdxr/Pcx/Mmut/Amt/Slc25a38/Txn2/Flad1/Pnpo/Qdpr/Etfb/Rfk/Fdx1/Mto1,Geno_at_39,Down
TRANSPORTDB_VIC,VIC,TransportDB,-0.759930812,0.868711759,0.98882786600000006,44,Scn1a/Kcnh3/Cacna1d/Kcnq2/Cacna1g/Cnga1,Geno_at_39,Down
TRANSPORTDB_Plasmolipin,Plasmolipin,TransportDB,-0.639922483,0.923671653,0.98882786600000006,15,Plp2/Cmtm8/Myadm/Syngr2/Cmtm6/Cmtm7/Cmtm3,Geno_at_39,Down
TRANSPORTDB_MC,MC,TransportDB,-0.58861919,0.98882786600000006,0.98882786600000006,44,Slc25a47/Ucp2/Slc25a3/Slc25a42/Slc25a25/Slc25a10/Slc25a35/Slc25a37/Slc25a38/Slc25a5/Slc25a17/Slc25a14/Slc25a4/Slc25a27,Geno_at_39,Down
MITOXPLORER_Mitochondrial_Carrier,Mitochondrial Carrier,MitoXplorer,0.557466671,0.990516842,0.990516842,39,Slc25a22/Slc25a1/Slc25a18/Ucp3/Slc25a2/Slc25a36/Slc25a44/Slc25a23,Geno_at_39,Up
MITOPATHWAYS_Small_molecule_transport.SLC25A_family,Small Molecule Transport Slc25a Family,MitoPathways,0.504228402,0.997248863,0.997248863,44,Slc25a22/Slc25a1/Slc25a12/Slc25a18/Ucp3/Slc25a46/Slc25a36,Geno_at_39,Up
MITOPATHWAYS_OXPHOS,OXPHOS,MitoPathways,-2.25537819,2.62909162e-10,1.44600039e-8,145,Taco1/Ndufa8/Atp5c1/Atp5b/Uqcc2/Cox6a1/Atp5g1/Ndufb9/Ndufs7/Uqcr11/Cmc2/Atp5j2/Cox10/Ndufb8/Coa5/Ndufs5/Ndufs4/Pnkd/Uqcc1/Cox7a2l/Ndufs2/Higd1a/Cox11/Pet100/Atp5e/Ndufaf5/Timm21/Ndufb5/Sdhc/Cmc1/Dmac2l/Ndufb2/Ndufaf2/Dmac2/Atp5d/Sdhaf1/Uqcrq/Ndufa6/Ndufb3/Smim20/Ndufb4/Higd2a/Ndufa1/Ndufa4/Ndufb10/Ndufa13/Cox7c/Ndufs8/Atp5pb/Cox14/Cox5b/Atp5g3/Ndufc2/Ndufv3/Dmac1/Ndufa10/Ndufv2/Ndufaf4/Ndufb6/Ndufaf8/Sdhd/Cox8a/Tmem126a/Ndufb11/Ndufa2/Atp5o/Coa3/Atp5k/Ndufa3/Cox16/Atpif1/Cox7b,Geno_main,Down
MITOPATHWAYS_OXPHOS.OXPHOS_subunits,OXPHOS OXPHOS Subunits,MitoPathways,-2.38373103,1.11149746e-9,3.056618e-8,81,Cox6b1/Uqcrc2/Ndufa7/Cox4i2/Ndufa5/Ndufa11/Ndufab1/Cox5a/Ndufa8/Atp5c1/Atp5b/Cox6a1/Atp5g1/Ndufb9/Ndufs7/Uqcr11/Atp5j2/Ndufb8/Ndufs5/Ndufs4/Cox7a2l/Ndufs2/Atp5e/Ndufb5/Sdhc/Dmac2l/Ndufb2/Atp5d/Uqcrq/Ndufa6/Ndufb3/Ndufb4/Ndufa1/Ndufa4/Ndufb10/Ndufa13/Cox7c/Ndufs8/Atp5pb/Cox5b/Atp5g3/Ndufc2/Ndufv3/Ndufa10/Ndufv2/Ndufb6/Sdhd/Cox8a/Ndufb11/Ndufa2/Atp5o/Atp5k/Ndufa3/Atpif1/Cox7b,Geno_main,Down
MITOXPLORER_Oxidative_Phosphorylation,Oxidative Phosphorylation,MitoXplorer,-2.17503464,4.90868219e-9,1.1289969e-7,157,Etfrf1/Ndufab1/Cox5a/Ndufa8/Atp5c1/Atp5b/Uqcc2/Cox6a1/Coq8b/Atp5g1/Ndufb9/Ndufs7/Uqcr11/Atp5j2/Cox10/Ndufb8/Coa5/Ndufs5/Ndufs4/Cisd1/Uqcc1/Cox7a2l/Ndufs2/Higd1a/Etfb/Cox11/Atp5e/Ndufaf5/Atp5md/Ndufb5/Sdhc/Cmc1/Dmac2l/Ndufb1-ps/Ndufb2/Oxa1l/Uqcrh/Ndufaf2/Dmac2/Atp5d/Sdhaf1/Uqcrq/Ndufa6/Ndufb3/Ndufb4/Higd2a/Ndufa1/Ndufa4/Ndufb10/Ndufa13/Cox7c/Ndufs8/Cox14/Cox5b/Atp5g3/Nipsnap1/Ndufc2/Ndufv3/Coq8a/Dmac1/Ndufa10/Ndufv2/Ndufaf4/Ndufb6/Ndufaf8/Sdhd/Cox8a/Ndufb11/Ndufa2/Atp5o/Coa3/Cox6c/Atp5k/Ndufa3/Atp6v1e1/Cox16/Atpif1,Geno_main,Down
MITOPATHWAYS_OXPHOS.Complex_I.CI_subunits,OXPHOS Complex I Ci Subunits,MitoPathways,-2.23165306,2.23437712e-6,3.07226854e-5,36,Ndufa7/Ndufa5/Ndufa11/Ndufab1/Ndufa8/Ndufb9/Ndufs7/Ndufb8/Ndufs5/Ndufs4/Ndufs2/Ndufb5/Ndufb2/Ndufa6/Ndufb3/Ndufb4/Ndufa1/Ndufb10/Ndufa13/Ndufs8/Ndufc2/Ndufv3/Ndufa10/Ndufv2/Ndufb6/Ndufb11/Ndufa2/Ndufa3,Geno_main,Down
MITOPATHWAYS_OXPHOS.Complex_I,OXPHOS Complex I,MitoPathways,-2.16546289,2.09032778e-6,3.07226854e-5,57,Ndufb9/Ndufs7/Ndufb8/Ndufs5/Ndufs4/Ndufs2/Ndufaf5/Ndufb5/Ndufb2/Ndufaf2/Dmac2/Ndufa6/Ndufb3/Ndufb4/Ndufa1/Ndufb10/Ndufa13/Ndufs8/Ndufc2/Ndufv3/Dmac1/Ndufa10/Ndufv2/Ndufaf4/Ndufb6/Ndufaf8/Tmem126a/Ndufb11/Ndufa2/Ndufa3,Geno_main,Down
MITOPATHWAYS_Metabolism,Metabolism,MitoPathways,-1.65168806,4.13456883e-6,4.54802572e-5,406,Paics/Akr7a5/Coq4/Pdk2/Acaa1a/Etfrf1/Ndufab1/Ldhd/Rdh13/Aldh18a1/Slc25a3/Pnpla8/Ppox/Pdk1/Acsl6/Hscb/Chchd7/Lipt1/Mccc2/Nfs1/Coq8b/Rsad1/Dglucy/Selenoo/Aldh4a1/Idh3g/Acadm/Gpx4/Slc25a51/Adhfe1/Sfxn3/Msrb3/Ndufs7/Cyp11a1/Pnpo/Oxct1/Cox10/Oat/Osbpl1a/Etfbkmt/Pdha1/Mdh2/Slc25a29/Cisd1/Cpox/Arg2/Ndufs2/Bola1/Etfb/Alas1/Cox11/Naxe/Pcx/Slc25a14/Slc25a28/Slc25a42/Comt/Prdx5/Glrx5/Prdx6/Ivd/Prdx4/Sdhc/Mcee/Chdh/Slc25a25/Hint1/Grpel2/Cpt1b/Coq7/Eci2/Hadha/Nudt2/Nt5dc2/Slc25a37/Msra/Dut/Ogdhl/Slc25a33/Acot13/Acot2/Sardh/Hadhb/Abhd11/Fpgs/Gcsh/Grhpr/Dbi/Idh3b/Grpel1/Lias/Acads/Acot10/Aldh6a1/Pdhb/Tspo/Txn2/Ndufs8/Acadsb/Hagh/Cpt1a/Cat/Nudt13/Suclg1/Fdx1/Slc25a5/Ldhb/Coq8a/Nit1/Decr1/Got2/Hoga1/Pcbd2/Fth1/Triap1/Hadh/Ndufv2/Acat1/Bphl/Scp2/Maoa/Prelid1/Slc25a4/Bckdha/Msrb2/Ptges2/Slc25a38/Sdhd/Plscr3/Mgst3/Ehhadh/Nmnat3/Aldh2/Fhit/Gpx1/Suclg2/Pdk3/Echs1/Prdx2/Hsd17b10/Pccb,Geno_main,Down
MITOPATHWAYS_Metabolism.Lipid_metabolism,Metabolism Lipid Metabolism,MitoPathways,-1.72253766,4.40685791e-4,0.00403961975,109,Prdx6/Mcee/Cpt1b/Eci2/Hadha/Acot13/Acot2/Hadhb/Gcsh/Dbi/Lias/Acads/Acot10/Tspo/Acadsb/Cpt1a/Fdx1/Decr1/Triap1/Hadh/Acat1/Scp2/Prelid1/Ptges2/Plscr3/Mgst3/Ehhadh/Echs1/Hsd17b10/Pccb,Geno_main,Down
MITOPATHWAYS_OXPHOS.Complex_V.CV_subunits,OXPHOS Complex V Cv Subunits,MitoPathways,-1.96903027,5.95072797e-4,0.00467557198,17,Atp5c1/Atp5b/Atp5g1/Atp5j2/Atp5e/Dmac2l/Atp5d/Atp5pb/Atp5g3/Atp5o/Atp5k/Atpif1,Geno_main,Down
MITOPATHWAYS_Metabolism.Lipid_metabolism.Fatty_acid_oxidation,Metabolism Lipid Metabolism Fatty Acid Oxidation,MitoPathways,-1.87266591,6.88886638e-4,0.00473609563,39,Mcee/Cpt1b/Eci2/Hadha/Hadhb/Acads/Acadsb/Cpt1a/Decr1/Hadh/Acat1/Echs1/Hsd17b10/Pccb,Geno_main,Down
MITOPATHWAYS_Metabolism.Amino_acid_metabolism,Metabolism Amino Acid Metabolism,MitoPathways,-1.75168469,7.8735263e-4,0.00481159941,74,Mccc2/Dglucy/Aldh4a1/Adhfe1/Sfxn3/Oat/Slc25a29/Arg2/Etfb/Comt/Ivd/Chdh/Hadha/Sardh/Hadhb/Gcsh/Grhpr/Aldh6a1/Acadsb/Ldhb/Got2/Hoga1/Hadh/Acat1/Maoa/Bckdha/Slc25a38/Echs1/Hsd17b10,Geno_main,Down
MITOPATHWAYS_OXPHOS.Complex_IV,OXPHOS Complex IV,MitoPathways,-1.83752961,0.00117690029,0.00647295158,41,Cox6b1/Coa6/Cox4i2/Cox5a/Taco1/Cox6a1/Cmc2/Cox10/Coa5/Pnkd/Cox7a2l/Higd1a/Cox11/Pet100/Timm21/Cmc1/Smim20/Ndufa4/Cox7c/Cox14/Cox5b/Cox8a/Coa3/Cox16/Cox7b,Geno_main,Down
MITOPATHWAYS_Mitochondrial_central_dogma.Translation.Mitochondrial_ribosome,Mitochondrial Central Dogma Translation Mitochondrial Ribosome,MitoPathways,-1.64271374,0.00282932512,0.0141466256,81,Dap3/Mrpl33/Mrps33/Mrps17/Mrpl36/Mrps21/Mrpl46/Mrpl14/Mrpl55/Mrpl9/Chchd1/Mrpl21/Mrps15/Mrps9/Mrpl12/Mrpl11/Mrpl13/Mrps6/Mrpl51/Gadd45gip1/Mrpl34/Mrpl4/Mrps25/Mrps28/Aurkaip1/Mrpl32/Mrpl41/Mrpl58/Mrps5,Geno_main,Down
TRANSPORTDB_P-ATPase,P-ATPase,TransportDB,1.90210823,0.004477552,0.020148984,27,Atp10a/Atp11a/Atp9a/Atp7a/Atp9b/Atp8a2/Atp2a2/Atp11c/Atp2b1/Atp8b2/Atp10d/Atp11b,Geno_main,Up
TRANSPORTDB_F-ATPase,F-ATPase,TransportDB,-1.78587415,0.00353978761,0.020148984,31,Atp6v1g3/Atp6v0d1/Atp6v1h/Atp5h/Atp6v0c/Atp5c1/Atp5b/Atp5g1/Atp6v0b/Atp5e/Atp6v1g1/Atp6v1f/Atp5d/Tcirg1/Atp6v1g2/Atp5pb/Atp5g3/Atp6v0e/Atp5o/Atp6v1d/Atp6v1e1,Geno_main,Down
MITOPATHWAYS_Metabolism.Amino_acid_metabolism.Branched-chain_amino_acid_metabolism,Metabolism Amino Acid Metabolism Branched-Chain Amino Acid Metabolism,MitoPathways,-1.76704603,0.00483168949,0.0221452435,25,Etfb/Ivd/Hadha/Aldh6a1/Acadsb/Acat1/Bckdha/Echs1/Hsd17b10,Geno_main,Down
MITOPATHWAYS_Metabolism.Detoxification,Metabolism Detoxification,MitoPathways,-1.69762171,0.00523783422,0.0221600678,43,Selenoo/Gpx4/Msrb3/Prdx5/Prdx6/Prdx4/Msra/Txn2/Hagh/Cat/Nit1/Bphl/Maoa/Msrb2/Aldh2/Gpx1/Prdx2,Geno_main,Down
MITOPATHWAYS_OXPHOS.OXPHOS_assembly_factors,OXPHOS OXPHOS Assembly Factors,MitoPathways,-1.61094965,0.00632767896,0.0248587388,65,Cmc2/Cox10/Coa5/Pnkd/Uqcc1/Cox7a2l/Higd1a/Cox11/Pet100/Ndufaf5/Timm21/Cmc1/Ndufaf2/Dmac2/Sdhaf1/Smim20/Higd2a/Cox14/Dmac1/Ndufaf4/Ndufaf8/Tmem126a/Coa3/Cox16,Geno_main,Down
MITOPATHWAYS_Metabolism.Metals_and_cofactors,Metabolism Metals and Cofactors,MitoPathways,-1.51448755,0.00721885296,0.0264691275,109,Coq4/Ndufab1/Slc25a3/Ppox/Hscb/Chchd7/Nfs1/Coq8b/Rsad1/Slc25a51/Ndufs7/Cyp11a1/Cox10/Cisd1/Cpox/Ndufs2/Bola1/Alas1/Cox11/Naxe/Slc25a28/Slc25a42/Glrx5/Sdhc/Grpel2/Cpt1b/Coq7/Slc25a37/Grpel1/Lias/Ndufs8/Cpt1a/Nudt13/Fdx1/Coq8a/Pcbd2/Fth1/Ndufv2/Slc25a38/Sdhd/Nmnat3,Geno_main,Down
MITOPATHWAYS_Metabolism.Detoxification.ROS_and_glutathione_metabolism,Metabolism Detoxification ROS and Glutathione Metabolism,MitoPathways,-1.71070435,0.00781218781,0.0268543956,26,Gpx4/Msrb3/Prdx5/Prdx6/Prdx4/Msra/Txn2/Hagh/Cat/Nit1/Msrb2/Gpx1/Prdx2,Geno_main,Down
MITOPATHWAYS_OXPHOS.Complex_V,OXPHOS Complex V,MitoPathways,-1.69953883,0.00965806839,0.0295107645,22,Atp5c1/Atp5b/Atp5g1/Atp5j2/Atp5e/Dmac2l/Atp5d/Atp5pb/Atp5g3/Atp5o/Atp5k/Atpif1,Geno_main,Down
MITOPATHWAYS_Metabolism.Nucleotide_metabolism,Metabolism Nucleotide Metabolism,MitoPathways,-1.66471892,0.00946912461,0.0295107645,34,Slc25a25/Hint1/Nudt2/Nt5dc2/Dut/Slc25a33/Suclg1/Slc25a5/Slc25a4/Fhit/Suclg2,Geno_main,Down
MITOPATHWAYS_Metabolism.Metals_and_cofactors.Fe-S-containing_proteins,Metabolism Metals and Cofactors Fe-S-Containing Proteins,MitoPathways,-1.65444759,0.0114829462,0.0332401075,30,Isca2/Uqcrfs1/Aco2/Iscu/Nfu1/Bola3/Nfs1/Rsad1/Ndufs7/Cisd1/Ndufs2/Bola1/Glrx5/Lias/Ndufs8/Fdx1/Ndufv2,Geno_main,Down
MITOPATHWAYS_OXPHOS.Complex_IV.CIV_assembly_factors,OXPHOS Complex IV Civ Assembly Factors,MitoPathways,-1.64629765,0.0129763502,0.0356849631,27,Cmc2/Cox10/Coa5/Pnkd/Higd1a/Cox11/Pet100/Timm21/Cmc1/Smim20/Cox14/Coa3/Cox16,Geno_main,Down
HSR_sensitivity,Hsr Sensitivity,HSR_lens,1.40326051,0.0247390654,0.0494781307,148,Mtor/Atr/Nf1/P2rx3/Atm/Ranbp2/Hsph1/Tpr/Hspa1a/Tnfrsf21/Nup155/Psip1/Nup210/Gsk3b/Nup98/Mapk1/Camk2d/Cxcl10/Hspa4l/Hspa1b/Nup188/Nup205/Ep300/Stub1/Dnaja4/Ptges3/Casq1/Ano1/Hmox1/Nup153/Lrp11/Daxx/Crebbp/Hsf1/Clpb/Nup133/Dhx36/Bag3/Hspa9,Geno_main,Up
MITOPATHWAYS_Protein_import_sorting_and_homeostasis.Protein_import_and_sorting,Protein Import Sorting and Homeostasis Protein Import and Sorting,MitoPathways,-1.52671941,0.0227087576,0.0594753176,45,Tomm34/Timm10/Samm50/Timm21/Timm8a1/Grpel2/Oxa1l/Grpel1/Timm50/Timm9/Mtx1/Dnajc15/Tomm7/Timm23/Tomm22/Dnajc19,Geno_main,Down
TRANSPORTDB_MPT,MPT,TransportDB,-1.59457275,0.0254818751,0.0603681837,19,Tomm34/Timm21/Timm8a1/Grpel2/Grpel1/Timm50/Tomm7/Timm23/Tomm22,Geno_main,Down
TRANSPORTDB_MC,MC,TransportDB,-1.50257528,0.0268303039,0.0603681837,44,Slc25a35/Slc25a3/Slc25a51/Slc25a29/Slc25a14/Slc25a28/Slc25a42/Slc25a25/Mtch2/Slc25a37/Slc25a33/Slc25a27/Slc25a5/Slc25a17/Slc25a4/Ucp2/Slc25a38,Geno_main,Down
TRANSPORTDB_ABC,ABC,TransportDB,1.4773646,0.0540210804,0.0972379448,31,Abca3/Abcb1b/Abcd3/Abcc1/Abcc5/Abca7/Abca5/Abcc4/Tap1/Abca2/Abcb10/Abcb8/Abca4,Geno_main,Up
MITOPATHWAYS_Mitochondrial_dynamics_and_surveillance.Autophagy,Mitochondrial Dynamics and Surveillance Autophagy,MitoPathways,-1.52023123,0.0452056968,0.109264401,17,Pgam5/Stx17/Bcl2l13/Nbr1/Nipsnap1/Tomm7/Fundc1,Geno_main,Down
MITOPATHWAYS_Signaling,Signaling,MitoPathways,1.47171327,0.0468420534,0.109264401,43,Ifi27/Vdac3/Sphkap/Mrs2/Nlrx1/Rhot1/Letm1/Slc25a12/Sirt3/Pptc7/Ppif/Mul1/Mcub,Geno_main,Up
MITOPATHWAYS_Small_molecule_transport.SLC25A_family,Small Molecule Transport Slc25a Family,MitoPathways,-1.41307207,0.0516522623,0.109264401,44,Slc25a35/Slc25a3/Slc25a51/Slc25a29/Slc25a14/Slc25a28/Slc25a42/Slc25a25/Mtch2/Slc25a37/Slc25a33/Slc25a27/Slc25a5/Slc25a4/Ucp2/Slc25a38,Geno_main,Down
MITOPATHWAYS_Metabolism.Carbohydrate_metabolism,Metabolism Carbohydrate Metabolism,MitoPathways,-1.37996623,0.0484572418,0.109264401,65,Me2/Dcxr/Pdp1/Pdk2/Ldhd/Pdk1/Idh3g/Oxct1/Pdha1/Mdh2/Pcx/Sdhc/Mcee/Ogdhl/Hadhb/Abhd11/Idh3b/Pdhb/Suclg1/Got2/Acat1/Sdhd/Suclg2/Pdk3/Pccb,Geno_main,Down
MITOPATHWAYS_Mitochondrial_dynamics_and_surveillance,Mitochondrial Dynamics and Surveillance,MitoPathways,-1.33518065,0.0497544666,0.109264401,97,Samm50/Chchd6/Bnip3l/Vdac1/Mtch2/Stx17/Oma1/Fis1/Bcl2l13/Armcx1/Mtx1/Apool/Nbr1/Endog/Nipsnap1/Micos10/Tomm7/Mtfp1/Bbc3/Pmaip1/Fundc1/Fundc2/Atp5k/Micos13/Bax,Geno_main,Down
MITOPATHWAYS_Metabolism.Carbohydrate_metabolism.TCA_cycle,Metabolism Carbohydrate Metabolism TCA Cycle,MitoPathways,-1.45734374,0.0607959762,0.123843655,20,Idh3g/Mdh2/Sdhc/Ogdhl/Idh3b/Suclg1/Sdhd/Suclg2,Geno_main,Down
MITOPATHWAYS_OXPHOS.Complex_I.CI_assembly_factors,OXPHOS Complex I Ci Assembly Factors,MitoPathways,-1.42126889,0.073266812,0.143916952,21,Ndufaf5/Ndufaf2/Dmac2/Dmac1/Ndufaf4/Ndufaf8/Tmem126a,Geno_main,Down
MITOPATHWAYS_Protein_import_sorting_and_homeostasis,Protein Import Sorting and Homeostasis,MitoPathways,-1.28868317,0.0807696308,0.153183783,83,Dnajc4/Tomm34/Timm10/Nln/Phb2/Samm50/Timm21/Timm8a1/Grpel2/Oxa1l/Atad1/Oma1/Grpel1/Timm50/Timm9/Mtx1/Dnajc15/Tomm7/Timm23/Tomm22/Dnajc19/Ide,Geno_main,Down
MITOPATHWAYS_Metabolism.Nucleotide_metabolism.Nucleotide_synthesis_and_processing,Metabolism Nucleotide Metabolism Nucleotide Synthesis and Processing,MitoPathways,-1.37690475,0.0914766721,0.167707232,23,Hint1/Nudt2/Nt5dc2/Dut/Suclg1/Fhit/Suclg2,Geno_main,Down
MITOPATHWAYS_Metabolism.Detoxification.Xenobiotic_metabolism,Metabolism Detoxification Xenobiotic Metabolism,MitoPathways,-1.39337232,0.0961809065,0.170643544,15,Bphl/Maoa/Aldh2,Geno_main,Down
MITOXPLORER_Mitochondrial_Dynamics,Mitochondrial Dynamics,MitoXplorer,-1.54516712,0.0150371362,0.172927067,53,Lyrm1/Oma1/Fis1/Apool/Mtfr1l/Slc25a5/Sqstm1/Micos10/Mtfp1/Slc25a4/Fundc1/Fundc2/Arpc3/Micos13,Geno_main,Down
MITOPATHWAYS_Mitochondrial_central_dogma.Translation.Translation_factors,Mitochondrial Central Dogma Translation Translation Factors,MitoPathways,-1.35764551,0.112347558,0.193097365,16,Mrrf/Gfm2/Mtrf1l/Mtif2/Mtif3/Taco1/Tsfm/2810006K23Rik/Timm21/Cox14/Coa3/Mrpl58,Geno_main,Down
MITOXPLORER_Fatty_Acid_Degradation___Beta_oxidation,Fatty Acid Degradation beta Oxidation,MitoXplorer,-1.50118555,0.0350870214,0.209441939,30,Cpt1b/Eci2/Hadha/Acsl3/Hadhb/Acads/Acadsb/Cpt1a/Acat3/Decr1/Hadh/Aldh2,Geno_main,Down
MITOXPLORER_Fe_S_Cluster_Biosynthesis,Fe S Cluster Biosynthesis,MitoXplorer,-1.48701157,0.0435525531,0.209441939,25,Lyrm4/Iscu/Nfu1/Bola3/Nubp1/Hscb/Nfs1/Bola1/Slc25a28/Glrx5/Mms19/Ciao2a/Narf/Slc25a37/Fdx1,Geno_main,Down
MITOXPLORER_Import___Sorting,Import Sorting,MitoXplorer,-1.42084382,0.0455308562,0.209441939,47,Tomm5/Timm10b/Chchd5/Cmc2/Tomm34/Timm10/Samm50/Timm21/Timm8a1/Grpel2/Grpel1/Timm50/Timm9/Mtx1/Dnajc15/Tomm7/Timm23/Tomm22/Dnajc19,Geno_main,Down
MITOXPLORER_ROS_Defense,ROS Defense,MitoXplorer,-1.39076657,0.0735586877,0.241692831,31,Romo1/Gpx4/Msrb3/Mpv17l/Prdx5/Prdx1/Nudt2/Gstp1/Msra/Txn1/Txn2/Cat/Gss/Msrb2/Gpx1,Geno_main,Down
MITOXPLORER_Apoptosis,Apoptosis,MitoXplorer,-1.34557262,0.0714676945,0.241692831,52,Bnip3/Bak1/Bnip1/Fam162a/Armc10/Dynll1/Casp7/Bnip3l/Mtch2/Bcl2l13/Mapk3/Tspo/Triap1/Ctsb/Prelid1/Bbc3/Pmaip1/Bax,Geno_main,Down
MITOXPLORER_Mitochondrial_Signaling,Mitochondrial Signaling,MitoXplorer,1.36190872,0.117002718,0.267058261,18,Mtor/Prkce/Gsk3b/Nlrx1/Shc1,Geno_main,Up
MITOXPLORER_Mitochondrial_Carrier,Mitochondrial Carrier,MitoXplorer,-1.31182602,0.103559155,0.267058261,39,Slc25a39/Slc25a11/Slc3a1/Slc25a16/Slc25a40/Slc25a35/Slc25a3/Slc25a51/Slc25a29/Slc29a1/Slc25a14/Slc25a42/Slc25a25/Slc44a1/Slc25a33/Slc25a27/Slc27a1/Ucp2/Slc25a38,Geno_main,Down
MITOXPLORER_Replication___Transcription,Replication Transcription,MitoXplorer,1.27565254,0.127723516,0.267058261,50,Cmpk2/Polg/Rad51/Lig3/Top3a/Tfb2m/Supv3l1/Cdk5rap1/Msh5/Lig1/Mgme1/Mterf2/Gk/Dhx30/Dhx29,Geno_main,Up
MITOXPLORER_Translation,Translation,MitoXplorer,-1.17940394,0.119102368,0.267058261,180,Tsfm/Mtpap/Pars2/Rnasel/Dap3/Fars2/Mrpl33/Mrps33/2810006K23Rik/Mrps17/Cars2/Mrpl36/Mrps21/Aars2/Mrpl46/Ccdc58/Rbfa/Mrpl14/Eif2ak3/Mrpl55/Mrpl9/Chchd1/Mrpl21/Rexo2/Qtrt1/Trmt11/Mrps15/Rps19/Mpv17l2/Mrps9/Mrpl12/Qars/Mrpl11/Mrpl13/Mrps6/Sbds/Mrpl51/Gadd45gip1/Mrpl34/Bphl/Mrpl4/Mrps25/Mrps28/Aurkaip1/Mrpl32/Mrpl41/Mrpl58/Mrps5/Hsd17b10,Geno_main,Down
MITOPATHWAYS_Mitochondrial_central_dogma.Translation,Mitochondrial Central Dogma Translation,MitoPathways,-1.14647378,0.170973272,0.284955453,153,Tsfm/Pars2/Dap3/Fars2/Mrpl33/Mrps33/2810006K23Rik/Mrps17/Cars2/Mrpl36/Mrps21/Aars2/Mrpl46/Rbfa/Mrpl14/Mrpl55/Mrpl9/Chchd1/Mrpl21/Timm21/Oxa1l/Mrps15/Mpv17l2/Mrps9/Mrpl12/Mrpl11/Mrpl13/Mrps6/Mrpl51/Cox14/Gadd45gip1/Mrpl34/Mrpl4/Mrps25/Mrps28/Aurkaip1/Mrpl32/Coa3/Mrpl41/Mrpl58/Mrps5,Geno_main,Down
MITOPATHWAYS_Mitochondrial_dynamics_and_surveillance.Apoptosis,Mitochondrial Dynamics and Surveillance Apoptosis,MitoPathways,1.23667068,0.178099346,0.288101883,31,Ifi27,Geno_main,Up
MITOXPLORER_Calcium_Signaling___Transport,Calcium Signaling Transport,MitoXplorer,1.2788489,0.160607529,0.292742929,22,Pml/Itpr1/Letm1/Slc25a12/Itpr2/Mcub,Geno_main,Up
MITOXPLORER_Transmembrane_Transport,Transmembrane Transport,MitoXplorer,1.27686112,0.165463395,0.292742929,19,Sfxn2/Vdac3/Abcd3/Mrs2/Abcb7/Abcb10/Abcb8/Nipsnap3b/Abce1,Geno_main,Up
MITOPATHWAYS_Metabolism.Vitamin_metabolism.Folate_and_1-C_metabolism,Metabolism Vitamin Metabolism Folate and 1-C Metabolism,MitoPathways,-1.1943152,0.227256397,0.33917617,20,Sfxn3/Chdh/Sardh/Fpgs/Slc25a38,Geno_main,Down
MITOPATHWAYS_Metabolism.Metals_and_cofactors.Fe-S_cluster_biosynthesis,Metabolism Metals and Cofactors Fe-S Cluster Biosynthesis,MitoPathways,-1.18590882,0.22817306,0.33917617,23,Lyrm4/Iscu/Nfu1/Bola3/Ndufab1/Hscb/Nfs1/Cisd1/Bola1/Glrx5/Grpel2/Grpel1/Fdx1,Geno_main,Down
MITOPATHWAYS_Mitochondrial_central_dogma.mtDNA_maintenance,Mitochondrial Central Dogma Mtdna Maintenance,MitoPathways,1.18499181,0.223774691,0.33917617,29,Polq/Polg/Mettl4/Lig3/Top3a/Tfb2m,Geno_main,Up
MITOPATHWAYS_Metabolism.Lipid_metabolism.Cardiolipin_synthesis,Metabolism Lipid Metabolism Cardiolipin Synthesis,MitoPathways,-1.09919032,0.329472457,0.476868029,16,Hadha/Triap1/Prelid1/Plscr3,Geno_main,Down
MITOPATHWAYS_Mitochondrial_central_dogma.Translation.Mitochondrial_ribosome_assembly,Mitochondrial Central Dogma Translation Mitochondrial Ribosome Assembly,MitoPathways,1.07987042,0.340451959,0.480124558,24,Mterf3/Dhx30/Fastkd2/Malsu1/Grsf1/Ddx28/Nsun4/Trmt61b/Eral1/Gtpbp10/Noa1,Geno_main,Up
MITOXPLORER_Fatty_Acid_Biosynthesis___Elongation,Fatty Acid Biosynthesis Elongation,MitoXplorer,-1.1309519,0.295285213,0.485111421,17,Ech1/Echdc2/Acsl1/Acsm3/Mecr/H2-Ke6/Acsl5/Acsl6/Acot13/Acot2/Echs1,Geno_main,Down
TRANSPORTDB_DMT,DMT,TransportDB,1.09381597,0.324192639,0.486288959,23,Slc35a3/Slc35g1/Slc35d1/Slc35d3/Tmem144/Slc35a5/Slc35e1/Slc35a1/Slc35f2,Geno_main,Up
TRANSPORTDB_VIC,VIC,TransportDB,1.04002875,0.381279307,0.490216252,44,Tpcn2/Hcn2/Kcnb1/Cacna1f/Kcnk4/Cacna1c/Kcna2/Kcnh6/Scn11a/Kcnf1/Scn3a/Kcnq5/Kcnk12/Scn5a,Geno_main,Up
MITOPATHWAYS_Mitochondrial_dynamics_and_surveillance.Fission,Mitochondrial Dynamics and Surveillance Fission,MitoPathways,-1.06344957,0.373248509,0.513216699,15,Armc10/Stx17/Oma1/Fis1/Mtfp1,Geno_main,Down
MITOXPLORER_Glycolysis,Glycolysis,MitoXplorer,-1.05895982,0.368453506,0.550828134,26,Aldoc/Pgk1/Slc2a1/Eno3/Gpi1/Aldoa/Eno2/Ldha/Eno1/Pcx/Tpi1/Pfkl/Ldhb/Pgam1,Geno_main,Down
MITOXPLORER_Pyruvate_Metabolism,Pyruvate Metabolism,MitoXplorer,-1.05209605,0.383184789,0.550828134,22,Me2/Pdp1/Pdk2/Ldhd/Pdk1/Adhfe1/Pdha1/Pdhb/Hagh/Hoga1/Pdk3,Geno_main,Down
MITOXPLORER_Tricarboxylic_Acid_Cycle,Tricarboxylic Acid Cycle,MitoXplorer,-1.02063623,0.425391167,0.575529225,22,Csl/Idh3g/Mdh2/Ogdhl/Idh3b/Suclg1/Suclg2,Geno_main,Down
MITOPATHWAYS_Mitochondrial_central_dogma.mtRNA_metabolism.mtRNA_stability_and_decay,Mitochondrial Central Dogma Mtrna Metabolism Mtrna Stability and Decay,MitoPathways,1.00882596,0.43256433,0.580269223,17,Pnpt1/Supv3l1/Lrpprc/Fastkd3/Fastkd2/Fastkd1,Geno_main,Up
TRANSPORTDB_MFS,MFS,TransportDB,0.950342028,0.525196541,0.590846108,55,Slc16a10/Slc43a3/Slc16a1/Slc2a6/Slc2a10/Slc22a17/Mfsd14b/Flvcr1/Slc16a8/Slc17a7/Slc46a1/Slc46a3/Mfsd6/Mfsd9/Slc17a6/Slc2a8/Svop,Geno_main,Up
MITOXPLORER_Metabolism_of_Vitamins___Co_Factors,Metabolism of Vitamins Co Factors,MitoXplorer,-0.978097322,0.485534417,0.616808047,15,Mmadhc/Rdh13/Naxe/Akr1b10/Cyb5a/Nmnat3,Geno_main,Down
MITOXPLORER_Transcription__nuclear_,Transcription Nuclear,MitoXplorer,0.935293867,0.535688318,0.616808047,22,Sp1/Mitf/Gabpa/Hif1a/Pprc1/Ppargc1b/E2f1/Myc,Geno_main,Up
MITOXPLORER_Metabolism_of_Lipids___Lipoproteins,Metabolism of Lipids Lipoproteins,MitoXplorer,0.93491902,0.536354823,0.616808047,22,Acaca/Opa3/Fdps/Serac1/Slc27a3/Acp6,Geno_main,Up
MITOPATHWAYS_Small_molecule_transport,Small Molecule Transport,MitoPathways,-0.988650771,0.475182603,0.622262932,75,Smdt1/Romo1/Slc25a51/Sfxn3/Slc25a29/Mpv17l/Slc25a14/Slc25a28/Slc25a42/Sfxn4/Slc25a25/Micu2/Vdac1/Mtch2/Slc25a37/Slc25a33/Slc25a27/Vdac2/Slc25a5/Slc25a4/Ucp2/Slc25a38,Geno_main,Down
MITOXPLORER_Amino_Acid_Metabolism,Amino Acid Metabolism,MitoXplorer,-0.928683286,0.596912697,0.624045092,67,Mccc2/Dglucy/Aldh4a1/Oxct1/Oat/Ivd/Mcee/Chdh/Abhd11/Gcsh/Aldh6a1/Nit1/Got2/Acat1/Maoa/Bckdha,Geno_main,Down
MITOXPLORER_Protein_Stability___Degradation,Protein Stability Degradation,MitoXplorer,0.903369501,0.589696653,0.624045092,27,Nrd1/Hspa1a/Hspa1b/Clpb/Lonp1/Mul1/Dnajc11/Clpx/Uba1/Hspd1/Dnajc30/Atp23/Dnaja3,Geno_main,Up
TRANSPORTDB_Plasmolipin,Plasmolipin,TransportDB,-0.874149508,0.632257556,0.632257556,15,Cmtm6/Cmtm3/Cmtm7/Sypl/Syngr2,Geno_main,Down
MITOPATHWAYS_Protein_import_sorting_and_homeostasis.Protein_homeostasis.Chaperones,Protein Import Sorting and Homeostasis Protein Homeostasis Chaperones,MitoPathways,-0.961641523,0.506117447,0.647359525,16,Fkbp10/Hspe1/Phb/Dnlz/Timm8b/Timm10b/Timm10/Phb2/Timm8a1/Timm9,Geno_main,Down
MITOXPLORER_Mitophagy,Mitophagy,MitoXplorer,-0.846706318,0.678105413,0.678105413,17,Cited2/Pgam5/Tax1bp1/Atg9b/Nbr1,Geno_main,Down
HSR_core,Hsr Core,HSR_lens,0.857059371,0.694607118,0.694607118,47,Hsph1/Hspa1a/Hspa4l/Hspa1b/Stub1/Dnaja4/Ptges3/Hsf1/Clpb/Bag3/Hspa9/Chordc1/Hspa8/Atxn3/Bag5/Hspb1/Hspa1l/Dnajb1/Dnaja3,Geno_main,Up
TCR_activation,TCR Activation,TCR_activation,-0.865738883,0.722095811,0.722095811,66,Gab2/Jund/Cd247/Lck/Batf/Plcg1/Cd3e/Lat/Cd226/Cd3g/Cd3d,Geno_main,Down
MITOPATHWAYS_Mitochondrial_central_dogma.Translation.mt-tRNA_synthetases,Mitochondrial Central Dogma Translation Mt-Trna Synthetases,MitoPathways,0.899782953,0.591754681,0.739693351,22,Qrsl1/Lars2/Ears2/Yars2/Gars/Mars2/Dars2/Sars2,Geno_main,Up
MITOPATHWAYS_Mitochondrial_central_dogma,Mitochondrial Central Dogma,MitoPathways,-0.946524538,0.614582432,0.751156306,227,Mrpl36/Mettl8/Mrps21/Aars2/Mrpl46/Rbfa/Mrpl14/Mrpl55/Mrpl9/Chchd1/Mrpl21/Rexo2/Timm21/Qtrt1/Oxa1l/Mrps15/Apex1/Mpv17l2/Mrps9/Mrpl12/Mrpl11/Mrpl13/Mrps6/Pif1/Mrpl51/Mettl15/Exog/Cox14/Gadd45gip1/Endog/Mrpl34/Tefm/Mrpl4/Mrps25/Mrps28/Aurkaip1/Mrpl32/Coa3/Mrpl41/Mrpl58/Mrps5/Hsd17b10,Geno_main,Down
MITOPATHWAYS_Signaling.Calcium_homeostasis,Signaling Calcium Homeostasis,MitoPathways,-0.818162076,0.731528325,0.856043784,21,Slc25a25/Micu2/Vdac1/Slc25a5/Slc25a4,Geno_main,Down
MITOPATHWAYS_Metabolism.Metals_and_cofactors.Heme_synthesis_and_processing,Metabolism Metals and Cofactors Heme Synthesis and Processing,MitoPathways,-0.806569726,0.73121668,0.856043784,15,Ppox/Cox10/Cpox/Alas1/Fdx1/Slc25a38,Geno_main,Down
MITOPATHWAYS_Mitochondrial_central_dogma.mtRNA_metabolism.mtRNA_granules,Mitochondrial Central Dogma Mtrna Metabolism Mtrna Granules,MitoPathways,0.793374822,0.764153576,0.875592639,28,Supv3l1/Dhx30/Fastkd2/Fastkd1/Pus1/Trmt10c/Trub2/Grsf1/Ddx28/Eral1/Noa1/Rpusd4/Fastk/Ptcd1/Mrm2/Mrm1/Alkbh1/Fastkd5/Rmnd1,Geno_main,Up
MITOPATHWAYS_Metabolism.Vitamin_metabolism,Metabolism Vitamin Metabolism,MitoPathways,-0.78296417,0.84285656,0.920764326,47,Mto1/Mmadhc/Rfk/Rdh13/Sfxn3/Pnpo/Etfb/Pcx/Chdh/Sardh/Fpgs/Txn2/Fdx1/Slc25a38,Geno_main,Down
MITOPATHWAYS_Protein_import_sorting_and_homeostasis.Protein_homeostasis.Proteases,Protein Import Sorting and Homeostasis Protein Homeostasis Proteases,MitoPathways,0.750657395,0.828263296,0.920764326,28,Pmpca/Yme1l1/Immp2l/Clpb/Casp9/Lonp1/Clpx/Lap3/Atp23/Usp30,Geno_main,Up
MITOPATHWAYS_Mitochondrial_central_dogma.mtRNA_metabolism.mt-rRNA_modifications,Mitochondrial Central Dogma Mtrna Metabolism Mt-Rrna Modifications,MitoPathways,-0.719915312,0.855891894,0.920764326,18,Trub2/Nsun4/Trmt61b/Rpusd4/Trit1/Mrm2/Mrm1/Mettl17/Mrm3/Mettl5/Tfb1m/Rpusd3/Ngrn/Trmt2b/Myg1/Mtpap/Mettl15,Geno_main,Down
MITOPATHWAYS_Metabolism.Lipid_metabolism.Phospholipid_metabolism,Metabolism Lipid Metabolism Phospholipid Metabolism,MitoPathways,0.706485561,0.870540817,0.920764326,23,Agpat4/Sptlc2/Serac1/Pgs1/Ptpmt1,Geno_main,Up
MITOPATHWAYS_Mitochondrial_central_dogma.mtRNA_metabolism.mt-tRNA_modifications,Mitochondrial Central Dogma Mtrna Metabolism Mt-Trna Modifications,MitoPathways,-0.700603455,0.887942412,0.921449672,22,Thg1l/Dus2/Mto1/Trmt2b/Osgepl1/Qtrt1/Hsd17b10,Geno_main,Down
MITOPATHWAYS_Protein_import_sorting_and_homeostasis.Protein_homeostasis,Protein Import Sorting and Homeostasis Protein Homeostasis,MitoPathways,-0.618603839,0.985435009,0.999294489,51,Afg3l2/Lactb/Casp8/Parl/Fkbp10/Hspe1/Phb/Dnlz/Timm8b/Casp3/Stoml2/Park7/Afg1l/Timm10b/Dnajc4/Timm10/Nln/Phb2/Timm8a1/Atad1/Oma1/Timm9/Ide,Geno_main,Down
MITOPATHWAYS_Mitochondrial_central_dogma.mtRNA_metabolism,Mitochondrial Central Dogma Mtrna Metabolism,MitoPathways,-0.546702052,0.999294489,0.999294489,75,Rexo2/Qtrt1/Mrps9/Mrpl12/Mettl15/Endog/Tefm/Hsd17b10,Geno_main,Down
HSR_core,Hsr Core,HSR_lens,-1.47618696,0.0291171984,0.0582343968,47,Ptges3/Dnaja4/Bag3/Hspa8/Hspa13/Dnajc7/Dnaja3/Chordc1/Dnaja1/Hikeshi/Bag5/Hsp90aa1/Hsph1/Hsbp1/Fkbp4/St13,Interaction,Down
TCR_activation,TCR Activation,TCR_activation,1.27308021,0.105392738,0.105392738,66,Traf6/Malt1/Lcp2/Map3k14/Cd3e/Il2ra/Fyn/Jund/Cd2/Zap70/Lck/Grap2/Traf2/Plcg1/Bcl10/Cblb/Il10/Traf5/Pik3cd/Lta/Traf3/Myc/Rel/Nfatc1/Dusp5/Lat/Nr4a2/Egr3/Atf3/Egr2/Cd69/Egr1/Cyld/Cd28/Pik3r1/Ier2/Dusp2/Icos,Interaction,Up
TRANSPORTDB_ABC,ABC,TransportDB,1.60942053,0.0166474247,0.149826822,31,Abcd3/Abcc4/Abca1/Abca17/Tap1/Abcb1b/Abcc10/Abca4/Abcc3/Abcb9/Abcb10/Abcb1a/Abca2/Abcb11/Abcb4/Abcc8/Abcd1/Abcc1/Abca3,Interaction,Up
TRANSPORTDB_MFS,MFS,TransportDB,1.44362191,0.0362676377,0.16320437,55,Slc2a8/Flvcr2/Slc46a1/Slc16a1/Slc22a21/Mfsd6l/Slc46a3/Slc43a2/Slc37a1/Sv2a/Slc16a5/Flvcr1/Slc2a10/Slc43a3/Mfsd14a/Slc16a4/Mfsd14b/Mfsd10/Slc17a7/Slc17a6/Slc43a1/Slc17a5/Slc16a6,Interaction,Up
TRANSPORTDB_MC,MC,TransportDB,1.28981353,0.114502836,0.343508508,44,Slc25a28/Ucp3/Slc25a44/Ucp2/Slc25a18/Slc25a39/Mtch2/Slc25a16/Slc25a23/Slc25a33/Slc25a22/Slc25a38/Slc25a45/Slc25a24/Slc25a12/Slc25a51/Slc25a36/Slc25a46/Slc25a1/Slc25a17/Slc25a48/Slc25a29/Mtch1,Interaction,Up
MITOXPLORER_Fe_S_Cluster_Biosynthesis,Fe S Cluster Biosynthesis,MitoXplorer,-1.62774506,0.0162477732,0.373698783,25,Glrx5/Nubp2/AK157302/Lyrm4/Fdxr/Nfu1/Isca2/Hscb/Nfs1/Ciao1/Narf/Ciapin1/Ciao2a/Ciao2b,Interaction,Down
TRANSPORTDB_DMT,DMT,TransportDB,1.19238125,0.223971149,0.425415724,23,Slc35a4/Slc35a5/Slc35e4/Slc35c2/Slc35d3/Slc35d1/Slc35e1/Slc35b1,Interaction,Up
TRANSPORTDB_VIC,VIC,TransportDB,-1.14691038,0.236342069,0.425415724,44,Kcna2/Kcnn1/Tpcn1/Cacna1b/Scn3a/Kcnk10/Kcnq2/Kcnd3/Hcn3/Kcns1/Kcna3/Cnga1/Kcnk4/Cacna1g/Cacna1d/Cacna1c/Kcnk6/Kcnh3/Scn1a,Interaction,Down
MITOPATHWAYS_Mitochondrial_central_dogma.Translation.Translation_factors,Mitochondrial Central Dogma Translation Translation Factors,MitoPathways,-1.65440655,0.0196572687,0.448915822,16,Mtrf1l/Mrrf/Tsfm/Cox14/Mrpl58/Mtrf1/Mtif3,Interaction,Down
MITOPATHWAYS_Metabolism.Detoxification.Xenobiotic_metabolism,Metabolism Detoxification Xenobiotic Metabolism,MitoPathways,1.65327636,0.0188697118,0.448915822,15,Gstz1/Aldh1b1/Cyb5r3/Bphl/Tst/Cyb5b/Akr1b8,Interaction,Up
MITOPATHWAYS_OXPHOS.Complex_I.CI_subunits,OXPHOS Complex I Ci Subunits,MitoPathways,-1.49631339,0.0326082199,0.448915822,36,Ndufb6/Ndufa13/Ndufv1/Ndufa3/Ndufa8/Ndufv2/Ndufs5/Ndufb7/Ndufa9/Ndufb3,Interaction,Down
MITOPATHWAYS_OXPHOS.OXPHOS_subunits,OXPHOS OXPHOS Subunits,MitoPathways,-1.37955084,0.0373694816,0.448915822,81,Ndufv3/Atp5g3/Sdhd/Ndufc2/Cox8a/Cox5b/Ndufb6/Ndufa13/Cox6b2/Atp5j2/Ndufv1/Sdha/Atp5o/Atpif1/Uqcrc2/Cox4i1/Cox7b/Ndufa3/Ndufa8/Ndufv2/Cox7c/Ndufs5/Ndufb7/Ndufa9/Ndufb3/Atp5j,Interaction,Down
MITOPATHWAYS_OXPHOS,OXPHOS,MitoPathways,-1.30620843,0.0408105293,0.448915822,145,Sdhaf3/Ndufv3/Atp5g3/Sdhd/Coa4/Bcs1l/Ndufc2/Higd2a/Cox8a/Cox5b/Uqcc2/Ndufb6/Dmac2/Ndufa13/Timmdc1/Cox6b2/Atp5j2/Ndufv1/Sdha/Atp5o/Ndufaf2/Atpif1/Uqcrc2/Cox10/Rab5if/Cox4i1/Cox7b/Sdhaf2/Uqcc3/Ndufa3/Ndufa8/Acad9/Ndufv2/Cox14/Cox7c/Ndufs5/Tmem126b/Coa6/Ndufb7/Ndufa9/Ndufb3/Cox16/Atp5j,Interaction,Down
MITOPATHWAYS_Mitochondrial_central_dogma.mtRNA_metabolism.mtRNA_stability_and_decay,Mitochondrial Central Dogma Mtrna Metabolism Mtrna Stability and Decay,MitoPathways,-1.44813725,0.0701313632,0.482153122,17,Fastkd3/Rnaseh1/Rexo2/Endog/Slirp,Interaction,Down
MITOPATHWAYS_Signaling,Signaling,MitoPathways,1.41198704,0.0546328272,0.482153122,43,Ifi27/Dele1/Prkaca/Macrod1/C1qbp/Pptc7/Ppif/Slc8b1/Slc25a23/Sphkap/Nlrx1/Slc25a24/Slc25a12/Mul1/Lypla1/Mrs2/Mavs/Vdac3/Acod1,Interaction,Up
MITOPATHWAYS_OXPHOS.Complex_I,OXPHOS Complex I,MitoPathways,-1.34836829,0.0639614393,0.482153122,57,Ndufb6/Dmac2/Ndufa13/Timmdc1/Ndufv1/Ndufaf2/Ndufa3/Ndufa8/Acad9/Ndufv2/Ndufs5/Tmem126b/Ndufb7/Ndufa9/Ndufb3,Interaction,Down
MITOXPLORER_Metabolism_of_Vitamins___Co_Factors,Metabolism of Vitamins Co Factors,MitoXplorer,1.44938245,0.0728491917,0.581139622,15,Rdh13/Pank2/Coasy/Nmnat3/Mmaa/Cyp27b1/Mmab/Cyb5b,Interaction,Up
MITOXPLORER_Protein_Stability___Degradation,Protein Stability Degradation,MitoXplorer,-1.36846605,0.0861884139,0.581139622,27,Dnajc11/Atad1/Atp23/Xpnpep3/Nln/Dnaja3/Dnajc30/Dnaja1/Rnf185/Afg1l/Hspd1/Rnf5,Interaction,Down
MITOXPLORER_Mitochondrial_Carrier,Mitochondrial Carrier,MitoXplorer,1.3204538,0.10106776,0.581139622,39,Ucp3/Slc25a44/Slc27a1/Ucp2/Slc25a18/Slc25a39/Slc44a1/Slc25a16/Slc25a23/Slc25a33/Slc25a22/Slc25a38/Slc25a45/Slc25a24/Slc25a51/Slc25a36/Slc25a2/Slc25a1/Slc25a48/Slc25a29,Interaction,Up
MITOXPLORER_Oxidative_Phosphorylation,Oxidative Phosphorylation,MitoXplorer,-1.16046084,0.14228476,0.654509897,157,Etfb/Sdhaf3/Ndufv3/Atp5g3/Sdhd/Coa4/Bcs1l/Ndufc2/Higd2a/Oxa1l/Cox8a/Cox5b/Uqcc2/Ndufb6/Dmac2/Ndufa13/Cox6b2/Atp5j2/Ndufv1/Sdha/Atp5o/Ndufaf2/Atpif1/Uqcrc2/Cox10/Cox4i1/Sdhaf2/Uqcc3/Ndufa3/Ndufa8/Ndufv2/Cox14/Cox7c/Cox6c/Ndufs5/Tmem126b/Coa6/Ndufb7/Ndufa9/Tstd1/Ndufb3/Cox16/Atp5j,Interaction,Down
HSR_sensitivity,Hsr Sensitivity,HSR_lens,-0.897658029,0.731779048,0.731779048,148,Ptges3/Dnaja4/Eif2b3/Bag3/Nup107/Hspa8/Eif2b1/Akt1s1/Eef1a1/Hspa13/Seh1l/Nup54/Mrpl18/Dnajc7/Tpr/Dnaja3/Nup37/Tnfrsf21/Eif2s1/Chordc1/Sirt1/Nup160/Dnaja1/Hikeshi/Hmox1/Bag5/Sumo1/Ano1/Rpa1/Hsp90aa1/Lyn/Lrp11/Hsph1/Hsbp1/Rpa2/Nos3/Rpa3/Nup35/Casq1/Fkbp4/St13,Interaction,Down
MITOXPLORER_Transcription__nuclear_,Transcription Nuclear,MitoXplorer,1.21898069,0.203134997,0.764329532,22,Yap1/Ppargc1b/Trp53/Pprc1/Sp1/Atf4/Hif1a/Myc/Rela/Arnt/Pparg/E2f1/Foxo3,Interaction,Up
MITOXPLORER_Glycolysis,Glycolysis,MitoXplorer,-1.13715673,0.270153674,0.764329532,26,Aldoa/Slc2a1/Ldha/Hk2/Ldhb/Pfkm/Pgk1/Pfkp/Eno3/Pkm/Tpi1/Pgam1/Gapdhs,Interaction,Down
MITOXPLORER_Fatty_Acid_Biosynthesis___Elongation,Fatty Acid Biosynthesis Elongation,MitoXplorer,-1.12908094,0.294148667,0.764329532,17,Acot2/Cbr4/Acsl5/Mecr/H2-Ke6/Mcat/Echdc1/Acot13,Interaction,Down
MITOXPLORER_ROS_Defense,ROS Defense,MitoXplorer,-1.09915198,0.308645167,0.764329532,31,Txn1/Ogg1/Cat/Sod2/Gpx1/Gstp1/Gpx4/Glrx2/Park7/Gss,Interaction,Down
MITOXPLORER_Pyruvate_Metabolism,Pyruvate Metabolism,MitoXplorer,1.08966572,0.33788717,0.764329532,22,Pdk3/Pdk2/Aldh7a1/Pdp1/L2hgdh/Adhfe1/Pdp2/Pck2,Interaction,Up
MITOXPLORER_Metabolism_of_Lipids___Lipoproteins,Metabolism of Lipids Lipoproteins,MitoXplorer,1.06663294,0.365548907,0.764329532,22,Gpat2/Cyb5r3/Sardh/Nudt19/Asah2/Cds2/Agpat5/Acaca/Abcd1,Interaction,Up
MITOXPLORER_Translation,Translation,MitoXplorer,-1.01646971,0.405067551,0.776379473,180,Fastk/Mrrf/Tars2/Tsfm/Mrps24/Trmt11/Mrps34/Ccdc58/Mrpl49/Pus1/Mrpl2/Mrpl48/Mrps17/Mars2/Mrm3/Mrps5/Trmu/Osgepl1/Rida/Mrpl1/Mrps36/Fastkd3/Mrpl55/Wars2/Mrps21/Mrpl50/Mto1/Mrpl14/Kars/Mrpl35/Rexo2/Mrpl24/Rpusd4/Mrpl58/Mrpl43/Mtrf1/Mtif3/Slirp,Interaction,Down
MITOPATHWAYS_Protein_import_sorting_and_homeostasis.Protein_homeostasis.Chaperones,Protein Import Sorting and Homeostasis Protein Homeostasis Chaperones,MitoPathways,-1.28791364,0.156283759,0.810524123,16,Fkbp10/Phb2/Timm13/Dnlz/Dnaja3/Hspd1/Timm8a1/Hspe1,Interaction,Down
MITOPATHWAYS_Small_molecule_transport.SLC25A_family,Small Molecule Transport Slc25a Family,MitoPathways,1.26119808,0.137133152,0.810524123,44,Slc25a28/Ucp3/Slc25a44/Ucp2/Slc25a18/Slc25a39/Mtch2/Slc25a16/Slc25a23/Slc25a33/Slc25a22/Slc25a38/Slc25a45/Slc25a24/Slc25a12/Slc25a51/Slc25a36/Slc25a46,Interaction,Up
MITOPATHWAYS_Metabolism.Detoxification,Metabolism Detoxification,MitoPathways,1.21650629,0.176122348,0.810524123,43,Msrb2/Gstz1/Aldh1b1/Cyb5r3/Bphl/Aldh7a1/Selenoo/Gsr/Msra/Tst/Sod1/Aifm2/Prdx6/Nit2/Prdx3/Cyb5b,Interaction,Up
MITOPATHWAYS_Metabolism.Amino_acid_metabolism.Branched-chain_amino_acid_metabolism,Metabolism Amino Acid Metabolism Branched-Chain Amino Acid Metabolism,MitoPathways,1.16607693,0.247883647,0.810524123,25,Bckdhb/Slc25a44/Dbt/Bcat2/Aldh6a1/Hibadh,Interaction,Up
MITOPATHWAYS_Small_molecule_transport,Small Molecule Transport,MitoPathways,1.15260967,0.214830388,0.810524123,75,Sfxn4/Slc25a28/Abcd3/Ucp3/Slc25a44/Mpv17l/Ucp2/Slc25a18/Slc25a39/Mtch2/Slc8b1/Sfxn3/Slc25a16/Slc25a23/Mpv17/Slc25a33/Slc25a22/Abcb10/Sfxn2/Slc25a38/Slc30a9/Slc25a45/Slc25a24/Slc25a12/Sfxn1/Vdac2/Slc25a51/Slc25a36/Slc25a46/Mrs2/Abcd1/Slc25a1,Interaction,Up
MITOPATHWAYS_Metabolism.Metals_and_cofactors.Fe-S_cluster_biosynthesis,Metabolism Metals and Cofactors Fe-S Cluster Biosynthesis,MitoPathways,-1.14380041,0.267688603,0.810524123,23,Glrx5/Lyrm4/Fdxr/Nfu1/Isca2/Hscb/Nfs1,Interaction,Down
MITOPATHWAYS_Mitochondrial_central_dogma.mtDNA_maintenance,Mitochondrial Central Dogma Mtdna Maintenance,MitoPathways,-1.13554685,0.267183675,0.810524123,29,Top1mt/Ogg1/Tfb2m/Primpol/Polg2/Mgme1/Exog/Rnaseh1/Endog/Apex1,Interaction,Down
MITOPATHWAYS_Mitochondrial_dynamics_and_surveillance.Apoptosis,Mitochondrial Dynamics and Surveillance Apoptosis,MitoPathways,1.12752889,0.281402106,0.810524123,31,Ifi27/Bak1/Casp9/Septin4/Aifm1/Mcl1/Sphk2,Interaction,Up
MITOPATHWAYS_OXPHOS.Complex_IV,OXPHOS Complex IV,MitoPathways,-1.11054988,0.281899764,0.810524123,41,Cox8a/Cox5b/Cox6b2/Cox10/Cox4i1/Cox7b/Cox14/Cox7c/Coa6/Cox16,Interaction,Down
MITOPATHWAYS_Metabolism.Lipid_metabolism.Cardiolipin_synthesis,Metabolism Lipid Metabolism Cardiolipin Synthesis,MitoPathways,1.10844905,0.324209649,0.810524123,16,Pgs1/Gpat2/Plscr3,Interaction,Up
MITOPATHWAYS_Mitochondrial_central_dogma.Translation.mt-tRNA_synthetases,Mitochondrial Central Dogma Translation Mt-Trna Synthetases,MitoPathways,1.10382772,0.318451323,0.810524123,22,Lars2/Vars2/Qrsl1/Fars2/Dars2/Gars/Nars2/Ears2,Interaction,Up
MITOPATHWAYS_Mitochondrial_central_dogma.mtRNA_metabolism.mt-tRNA_modifications,Mitochondrial Central Dogma Mtrna Metabolism Mt-Trna Modifications,MitoPathways,-1.10160578,0.316651267,0.810524123,22,Pus1/Trmu/Osgepl1/Mto1/Rpusd4,Interaction,Down
MITOPATHWAYS_Protein_import_sorting_and_homeostasis.Protein_homeostasis,Protein Import Sorting and Homeostasis Protein Homeostasis,MitoPathways,-1.09956636,0.288526196,0.810524123,51,Fkbp10/Atad1/Phb2/Atp23/Xpnpep3/Timm13/Nln/Dnlz/Dnaja3/Immp1l/Oma1/Casp3/Afg1l/Casp8/Hspd1/Timm8a1/Park7/Hspe1,Interaction,Down
MITOPATHWAYS_Mitochondrial_central_dogma,Mitochondrial Central Dogma,MitoPathways,-1.07930956,0.246499085,0.810524123,227,Hars2/Malsu1/Mrpl18/Mrpl11/Mrpl28/Ngrn/Mrpl9/Oxa1l/Top1mt/Mrps14/Ogg1/Mrps27/Fastk/Mrrf/Tfb2m/Tars2/Tsfm/Primpol/Mrps24/Mrps34/Dhx30/Mrpl49/Pus1/Polg2/Mrpl2/Mrpl48/Mrps17/Mars2/Mrm3/Mrps5/Exd2/Mgme1/Trmu/Osgepl1/Exog/Mrpl1/Mrps36/Fastkd3/Mrpl55/Wars2/Mrps21/Mrpl50/Rnaseh1/Mto1/Mrpl14/Kars/Mrpl35/Cox14/Rexo2/Mrpl24/Rpusd4/Mrpl58/Mrpl43/Mtrf1/Mtif3/Endog/Slirp/Apex1,Interaction,Down
MITOXPLORER_Calcium_Signaling___Transport,Calcium Signaling Transport,MitoXplorer,0.952435314,0.521056791,0.846037237,22,Pml/Itpr2/Mcur1/Slc8b1/Pacs2/Maip1/Slc25a12/Hint2/Itpr1/Tmem65,Interaction,Up
MITOXPLORER_Fatty_Acid_Degradation___Beta_oxidation,Fatty Acid Degradation beta Oxidation,MitoXplorer,-0.941286247,0.54610036,0.846037237,30,Hadhb/Eci1/Acacb/Cpt2/Cpt1a/Gcdh/Crat/Hadha/Hadh/Decr1/Acaa2/Acad8/Acadsb/Acadm/Aldh3a2/Acad9,Interaction,Down
MITOXPLORER_Mitophagy,Mitophagy,MitoXplorer,-0.931199467,0.551763415,0.846037237,17,Rras2/Tax1bp1/Usp15/Tbc1d15/Optn/Becn1,Interaction,Down
MITOXPLORER_Amino_Acid_Metabolism,Amino Acid Metabolism,MitoXplorer,-0.901008032,0.660914775,0.925627743,67,Ethe1/Dglucy/Nadk2/Glul/Bcat1/Gls2/Amt/Ckmt1/Sqor/Suox/Pycr2/Qdpr/Mmut/Pycr1/Sugct/Oat/Kmo/Aldh4a1,Interaction,Down
MITOXPLORER_Transmembrane_Transport,Transmembrane Transport,MitoXplorer,0.843136575,0.684159636,0.925627743,19,Sfxn4/Abcd3/Sfxn3/Abcb10/Sfxn2/Sfxn1/Vdac2/Mrs2,Interaction,Up
TRANSPORTDB_Plasmolipin,Plasmolipin,TransportDB,-0.876421734,0.629920098,0.944880147,15,Syngr3/Cmtm4/Myadm/Cmtm3,Interaction,Down
MITOXPLORER_Replication___Transcription,Replication Transcription,MitoXplorer,-0.809141496,0.813873854,0.980113118,50,Dhx30/Polg2/Mgme1/Exog/Mterf1a/Fen1/Rnaseh1/Endog/Rad51/Apex1,Interaction,Down
MITOXPLORER_Apoptosis,Apoptosis,MitoXplorer,-0.807830227,0.818712416,0.980113118,52,Bcl2l11/Armc10/Casp3/Prelid1/Casp8/Anp32a/Dynll1/Ghitm/Bax,Interaction,Down
MITOXPLORER_Import___Sorting,Import Sorting,MitoXplorer,-0.712059763,0.933362744,0.980113118,47,Tomm22/Tomm34/Timm13/Dnlz/Timmdc1/Immp1l/Timm22/Samm50/Timm8a1/Tomm5/Hspe1,Interaction,Down
MITOXPLORER_Mitochondrial_Signaling,Mitochondrial Signaling,MitoXplorer,0.641265655,0.928034616,0.980113118,18,Prkaca/Sirt2/Shc1/Akt1,Interaction,Up
MITOXPLORER_Mitochondrial_Dynamics,Mitochondrial Dynamics,MitoXplorer,0.631172252,0.980113118,0.980113118,53,Usp30/Trak1/Sh3glb1/Tcaim/Trak2/Mtfr1,Interaction,Up
MITOXPLORER_Tricarboxylic_Acid_Cycle,Tricarboxylic Acid Cycle,MitoXplorer,-0.598649375,0.966069142,0.980113118,22,Suclg2/Mdh1/Idh3a/Fh1/Dld/Aco1/Aco2/Idh1/Csl,Interaction,Down
MITOPATHWAYS_Protein_import_sorting_and_homeostasis,Protein Import Sorting and Homeostasis,MitoPathways,-1.01862762,0.410539328,0.98172448,83,Fkbp10/Tomm22/Atad1/Tomm34/Phb2/Atp23/Xpnpep3/Timm13/Nln/Oxa1l/Dnlz/Dnaja3/Immp1l/Oma1/Uqcrc2/Timm22/Casp3/Samm50/Afg1l/Casp8/Hspd1/Timm8a1/Park7/Tomm5/Hspe1,Interaction,Down
TRANSPORTDB_MPT,MPT,TransportDB,-0.667499413,0.914979585,0.98604573,19,Tomm22/Tomm34/Timm13/Timm22/Timm8a1,Interaction,Down
TRANSPORTDB_F-ATPase,F-ATPase,TransportDB,0.666862002,0.935458642,0.98604573,31,Atp6v0d1/Atp6v0a1/Atp5d/Atp5h,Interaction,Up
TRANSPORTDB_P-ATPase,P-ATPase,TransportDB,0.551426621,0.98604573,0.98604573,27,Atp9a/Atp10a/Atp13a1/Atp1a2/Atp2a2/Atp1a1/Atp7b/Atp2a3/Atp8b4/Atp10d/Atp11c/Atp2a1/Atp8a2/Atp8a1/Atp1b3,Interaction,Up
MITOPATHWAYS_Metabolism.Lipid_metabolism.Fatty_acid_oxidation,Metabolism Lipid Metabolism Fatty Acid Oxidation,MitoPathways,-1.00205347,0.447118026,0.998263792,39,Hadhb/Hsd17b10/Eci1/Etfa/Acacb/Cpt2/Etfb/Cpt1a/Crat/Hadha/Hadh/Decr1/Acaa2/Acsf2/Acadsb/Pccb/Acadm/Acss1/Mmut,Interaction,Down
MITOPATHWAYS_OXPHOS.Complex_IV.CIV_assembly_factors,OXPHOS Complex IV Civ Assembly Factors,MitoPathways,-0.959115883,0.512892498,0.998263792,27,Cox10/Cox14/Coa6/Cox16,Interaction,Down
MITOPATHWAYS_Metabolism.Lipid_metabolism,Metabolism Lipid Metabolism,MitoPathways,0.947053783,0.568975176,0.998263792,109,Pgs1/Fasn/Gpat2/Phyh/Zadh2/Acsm3/Dhrs1/Cpt1b/Plscr3/Cyb5r3/Acads/Sptlc2/Lipt2,Interaction,Up
MITOPATHWAYS_Mitochondrial_central_dogma.Translation,Mitochondrial Central Dogma Translation,MitoPathways,-0.937722177,0.621510908,0.998263792,153,Tfb1m/Gatb/Mtrf1l/Mrpl45/Hars2/Malsu1/Mrpl18/Mrpl11/Mrpl28/Ngrn/Mrpl9/Oxa1l/Mrps14/Mrps27/Mrrf/Tars2/Tsfm/Mrps24/Mrps34/Dhx30/Mrpl49/Mrpl2/Mrpl48/Mrps17/Mars2/Mrm3/Mrps5/Exd2/Mrpl1/Mrps36/Mrpl55/Wars2/Mrps21/Mrpl50/Mrpl14/Kars/Mrpl35/Cox14/Mrpl24/Mrpl58/Mrpl43/Mtrf1/Mtif3/Slirp,Interaction,Down
MITOPATHWAYS_Mitochondrial_central_dogma.Translation.Mitochondrial_ribosome,Mitochondrial Central Dogma Translation Mitochondrial Ribosome,MitoPathways,-0.934038797,0.595782195,0.998263792,81,Mrpl18/Mrpl11/Mrpl28/Mrpl9/Mrps14/Mrps27/Mrps24/Mrps34/Mrpl49/Mrpl2/Mrpl48/Mrps17/Mrps5/Mrpl1/Mrps36/Mrpl55/Mrps21/Mrpl50/Mrpl14/Mrpl35/Mrpl24/Mrpl58/Mrpl43,Interaction,Down
MITOPATHWAYS_Mitochondrial_central_dogma.mtRNA_metabolism,Mitochondrial Central Dogma Mtrna Metabolism,MitoPathways,-0.930084204,0.602087797,0.998263792,75,Ngrn/Top1mt/Fastk/Tfb2m/Dhx30/Pus1/Mrm3/Trmu/Osgepl1/Fastkd3/Rnaseh1/Mto1/Rexo2/Rpusd4/Endog/Slirp,Interaction,Down
MITOPATHWAYS_Metabolism.Lipid_metabolism.Phospholipid_metabolism,Metabolism Lipid Metabolism Phospholipid Metabolism,MitoPathways,0.928395399,0.56209688,0.998263792,23,Pgs1/Gpat2/Sptlc2/Sphk2/Ptpmt1/Prdx6/Agpat5,Interaction,Up
MITOPATHWAYS_OXPHOS.Complex_V.CV_subunits,OXPHOS Complex V Cv Subunits,MitoPathways,-0.913482096,0.576358875,0.998263792,17,Atp5g2/Atp5pb/Atp5g3/Atp5j2/Atp5o/Atpif1/Atp5j,Interaction,Down
MITOPATHWAYS_Metabolism,Metabolism,MitoPathways,0.897668898,0.804161938,0.998263792,406,Rsad1/Ppa2/Pgs1/Rdh13/Cmpk2/Fasn/Gpat2/Pank2/Phyh/Msrb2/Zadh2/Coq10a/Pdk3/Bckdhb/Acsm3/Gstz1/Chdh/Aldh1b1/Slc25a28/Dhrs1/Cpt1b/Fhit/Pdk2/Slc25a44/Coq4/Dbt/Comt/Plscr3/Bdh1/Cyb5r3/Bcat2/Sardh/Glyctk/Acads/Bphl/Sptlc2/Aldh6a1/Lipt2/Nudt19/Tmlhe/Sco1/Aldh7a1/Selenoo/Gpt2/Abhd11/Pdp1/Coasy/Hibadh/Rpia/Fech/Sfxn3/Fpgs/Nmnat3/Idh3g/Sphk2/Gsr/Gpd2/Slc25a23/Slc25a33/Mmaa/Msra/Tst/L2hgdh/Abcb10/Sod1/Bola1/Slc25a38/Uqcrfs1/Tk2/Arg2/Adhfe1/Dlst/Ptpmt1/D2hgdh/Pdp2/Pdhx/Cox11/Aifm2/Ndufs8/Prdx6/Aldh18a1/Slc25a24/Slc25a12/Cyp27b1/Fahd1/Mgst3/Mcee/Sfxn1/Nit2/Prdx3/Crls1/Pck2/Cs/Got2/Slc25a51/Hint2/Acly/Mmab/Agpat5/Acaca/Shmt2/Cyb5b,Interaction,Up
MITOPATHWAYS_Metabolism.Metals_and_cofactors.Heme_synthesis_and_processing,Metabolism Metals and Cofactors Heme Synthesis and Processing,MitoPathways,-0.896197559,0.598085516,0.998263792,15,Alas2/Abcb6/Fdxr/Cox10/Cpox,Interaction,Down
MITOPATHWAYS_OXPHOS.OXPHOS_assembly_factors,OXPHOS OXPHOS Assembly Factors,MitoPathways,-0.895800393,0.665094553,0.998263792,65,Sdhaf3/Coa4/Bcs1l/Higd2a/Uqcc2/Dmac2/Timmdc1/Ndufaf2/Cox10/Rab5if/Sdhaf2/Uqcc3/Acad9/Cox14/Tmem126b/Coa6/Cox16,Interaction,Down
MITOPATHWAYS_Metabolism.Vitamin_metabolism.Folate_and_1-C_metabolism,Metabolism Vitamin Metabolism Folate and 1-C Metabolism,MitoPathways,0.857296755,0.665100784,0.998263792,20,Chdh/Sardh/Aldh7a1/Sfxn3/Fpgs/Slc25a38/Sfxn1/Shmt2,Interaction,Up
MITOPATHWAYS_Metabolism.Metals_and_cofactors.Fe-S-containing_proteins,Metabolism Metals and Cofactors Fe-S-Containing Proteins,MitoPathways,-0.849499928,0.703380257,0.998263792,30,Aco2/Nfu1/Ndufv1/Isca2/Nfs1/Ndufv2/Glrx2,Interaction,Down
MITOPATHWAYS_Mitochondrial_dynamics_and_surveillance,Mitochondrial Dynamics and Surveillance,MitoPathways,0.846299077,0.785266899,0.998263792,97,Ifi27/Usp30/Bak1/Myo19/Casp9/Mtx3/Tomm20/Armcx1/Septin4/Mtch2/Mtfr1/Aifm1/Mcl1/Sphk2,Interaction,Up
MITOPATHWAYS_Metabolism.Carbohydrate_metabolism,Metabolism Carbohydrate Metabolism,MitoPathways,0.84081388,0.761923574,0.998263792,65,Pdk3/Pdk2/Bdh1/Glyctk/Abhd11/Pdp1/Rpia/Idh3g/Gpd2/L2hgdh/Dlst/D2hgdh/Pdp2/Pdhx/Slc25a12/Fahd1/Mcee/Pck2/Cs/Got2/Acly,Interaction,Up
MITOPATHWAYS_OXPHOS.Complex_V,OXPHOS Complex V,MitoPathways,-0.764891878,0.814083417,0.998263792,22,Atp5j2/Atp5o/Atpif1/Atp5j,Interaction,Down
MITOPATHWAYS_Metabolism.Carbohydrate_metabolism.TCA_cycle,Metabolism Carbohydrate Metabolism TCA Cycle,MitoPathways,-0.763721019,0.808851002,0.998263792,20,Sdhb/Suclg2/Idh3a/Fh1/Sdhd/Dld/Aco2/Sdha/Mrps36,Interaction,Down
MITOPATHWAYS_Metabolism.Detoxification.ROS_and_glutathione_metabolism,Metabolism Detoxification ROS and Glutathione Metabolism,MitoPathways,-0.75461976,0.839857574,0.998263792,26,Cat/Sod2/Gpx1/Aldh3a2/Gpx4/Glrx2,Interaction,Down
MITOPATHWAYS_Metabolism.Vitamin_metabolism,Metabolism Vitamin Metabolism,MitoPathways,-0.752159646,0.888741194,0.998263792,47,Etfb/Pnpo/Dhrs4/Mthfs/Aldh1l2/Fdxr/Plpbp/Mthfd2/Amt/Rfk/Flad1/Qdpr/Mmut/Mto1/Glrx2,Interaction,Down
MITOPATHWAYS_Mitochondrial_central_dogma.mtRNA_metabolism.mt-rRNA_modifications,Mitochondrial Central Dogma Mtrna Metabolism Mt-Rrna Modifications,MitoPathways,-0.743963264,0.827247491,0.998263792,18,Trmt61b/Myg1/Trub2/Nsun4/Rpusd3/Mettl17/Mrm2/Mtpap/Mettl5/Mettl15/Mrm1/Rcc1l/Trit1/Tfb1m/Ngrn/Mrm3/Rpusd4,Interaction,Down
MITOPATHWAYS_Metabolism.Nucleotide_metabolism.Nucleotide_synthesis_and_processing,Metabolism Nucleotide Metabolism Nucleotide Synthesis and Processing,MitoPathways,0.716604438,0.866813737,0.998263792,23,Cmpk2/Fhit,Interaction,Up
MITOPATHWAYS_Metabolism.Nucleotide_metabolism,Metabolism Nucleotide Metabolism,MitoPathways,0.712203508,0.899041121,0.998263792,34,Ppa2/Cmpk2/Fhit,Interaction,Up
MITOPATHWAYS_OXPHOS.Complex_I.CI_assembly_factors,OXPHOS Complex I Ci Assembly Factors,MitoPathways,0.683649602,0.897892,0.998263792,21,Ndufaf6/Ndufaf1/Ndufaf4/Aifm1/Tmem70,Interaction,Up
MITOPATHWAYS_Metabolism.Amino_acid_metabolism,Metabolism Amino Acid Metabolism,MitoPathways,0.680774772,0.970971596,0.998263792,74,Bckdhb/Chdh/Slc25a44/Dbt/Comt/Bcat2/Sardh/Aldh6a1/Aldh7a1/Gpt2/Hibadh/Sfxn3/Slc25a38/Arg2/Adhfe1/Dlst/Aldh18a1/Slc25a12/Sfxn1/Got2/Shmt2,Interaction,Up
MITOPATHWAYS_Mitochondrial_dynamics_and_surveillance.Autophagy,Mitochondrial Dynamics and Surveillance Autophagy,MitoPathways,0.677165304,0.892425471,0.998263792,17,Usp30,Interaction,Up
MITOPATHWAYS_Mitochondrial_dynamics_and_surveillance.Fission,Mitochondrial Dynamics and Surveillance Fission,MitoPathways,-0.643252798,0.922785319,0.998263792,15,Fis1/Mief2/Spire1/Dnm1l/Oma1/Armc10,Interaction,Down
MITOPATHWAYS_Metabolism.Metals_and_cofactors,Metabolism Metals and Cofactors,MitoPathways,-0.640431388,0.997201493,0.998263792,109,Cpt2/Cpt1a/Sdhd/Kyat3/Pcbd2/Coq5/Glrx5/Alas2/Abcb6/Lyrm4/Nadk2/Aco2/Pdss2/Fdxr/Chchd7/Nfu1/Sirt4/Ndufv1/Isca2/Cox10/Hscb/Suox/Qdpr/Nfs1/Cpox/Kmo/Ndufv2/Glrx2,Interaction,Down
MITOPATHWAYS_Mitochondrial_central_dogma.mtRNA_metabolism.mtRNA_granules,Mitochondrial Central Dogma Mtrna Metabolism Mtrna Granules,MitoPathways,0.637687959,0.950603957,0.998263792,28,Supv3l1/Alkbh1/Mrpl47/Prorp/Mrps7/Ddx28/Trub2/Ptcd2,Interaction,Up
MITOPATHWAYS_Protein_import_sorting_and_homeostasis.Protein_import_and_sorting,Protein Import Sorting and Homeostasis Protein Import and Sorting,MitoPathways,0.612942088,0.9824539,0.998263792,45,Timm9/Pmpcb/Tomm20/Uqcrc1/Gfer/Nrd1/Aifm1/Tomm40/Timm50/Immp2l/Mtx1/Pmpca/Mtx2/Grpel2/Tomm7/Pam16,Interaction,Up
MITOPATHWAYS_Protein_import_sorting_and_homeostasis.Protein_homeostasis.Proteases,Protein Import Sorting and Homeostasis Protein Homeostasis Proteases,MitoPathways,0.597123209,0.971970444,0.998263792,28,Usp30/Casp9/Pmpcb,Interaction,Up
MITOPATHWAYS_Signaling.Calcium_homeostasis,Signaling Calcium Homeostasis,MitoPathways,-0.516322243,0.990674488,0.998263792,21,Rhot1/Slc25a13/Vdac1/Smdt1/Micu2,Interaction,Down
MITOPATHWAYS_Mitochondrial_central_dogma.Translation.Mitochondrial_ribosome_assembly,Mitochondrial Central Dogma Translation Mitochondrial Ribosome Assembly,MitoPathways,0.443645939,0.998263792,0.998263792,24,Ptcd3/Mterf4/Mief1/Trmt61b/Ddx28/Gtpbp10/Mterf3,Interaction,Up
TRANSPORTDB_ABC,ABC,TransportDB,-2.41131031,7.6021622e-10,6.84194598e-9,31,Abcg3/Abcd4/Abcd1/Abca7/Abcb1b/Tap2/Abcb10/Tap1/Abcc4/Abcg1/Abca2/Abcb11/Abcc10/Abcb4/Abcg2/Abcc5/Abcc8/Abca1,KO_heat,Down
HSR_sensitivity,Hsr Sensitivity,HSR_lens,1.86535716,3.11820217e-6,6.23640434e-6,148,Hsph1/Hspa4l/Dnaja3/Hspa1b/Bag3/St13/Ano1/Hspa1a/Fkbp4/Dnaja1/Aaas/Hsf1/Hspa13/Il1a/Nup54/Nup35/Hsp90aa1/Nup50/Ptges3/Nup37/Chordc1/Ranbp2/Bag5/Thbs1/Eif2s1/Ndc1/Eef1a1/Hspa5/Hspb1/Htra2/Hdac2/Nf1/Hspa9/Nup98/Pom121/Hmox1/Mapk3/Dnajb1/Hspa4/Ywhae/Rps19bp1/Rpa3/Casq1/Camk2g/Ep300/Pdcd6/Mapkapk2/Bag2,KO_heat,Up
HSR_core,Hsr Core,HSR_lens,2.06549851,2.25872387e-5,2.25872387e-5,47,Hsph1/Hspa4l/Dnaja3/Hspa1b/Bag3/St13/Hspa1a/Fkbp4/Dnaja1/Hsf1/Hspa13/Hsp90aa1/Ptges3/Chordc1/Bag5/Hspb1/Htra2/Hspa9,KO_heat,Up
TCR_activation,TCR Activation,TCR_activation,1.60244705,0.0048548157,0.0048548157,66,Lta/Ier3/Lcp2/Il2/Nr4a2/Tnfrsf4/Nfatc1/Nr4a3/Nr4a1/Dusp5/Itk/Odc1/Rel/Cd40lg/Egr2/Cd83/Jund/Tnfrsf9/Egr3/Egr1/Batf/Dusp1/Atf3/Dusp2/Tnf/Junb,KO_heat,Up
MITOPATHWAYS_Metabolism,Metabolism,MitoPathways,-1.47488918,2.92492187e-4,0.0160870703,406,Cpt2/Dhodh/Cyb5r3/Mpc1/Iscu/Coasy/Sod1/Slc25a29/Ndufv2/Abhd10/Fam210b/Ndufs8/Auh/Shmt2/Mdh2/Gpat2/Sptlc2/Oxct1/Hibadh/Mpc2/Ppa2/Nudt13/Fam173a/Hibch/Rdh14/Cyc1/Guk1/Rsad1/Prodh/Slc25a42/Hadh/Ndufs2/Ehhadh/Bphl/Mecr/Coq7/Slc25a3/Acadm/Abcb7/Msrb2/Pdk3/Pdk1/Oat/Bckdk/Idh2/Acsf2/Pdhb/Hscb/Acads/Gstz1/Phyh/Mlycd/Fhit/Aldh3a2/Aldh1b1/Hint2/Me2/Bckdhb/Taz/Bcat2/Acad10/Qdpr/Hadhb/Cmpk2/Mmut/Sfxn5/Dtymk/Cbr4/Aldh18a1/Acly/Mtarc2/Mthfd2l/Scp2/Plscr3/Suox/Dguok/Mccc2/Glrx2/Suclg2/Ogdhl/Dhrs4/Tamm41/Mccc1/Nmnat3/Acot2/Fech/Bdh1/Ivd/Acaa2/Oxr1/Pdp1/Lias/Acss1/Nudt19/Aldh6a1/Lypla1/Abcb10/Mmab/Coq9/Pdha1/Ndufv1/Tk2/Eci2/Coq2/Crot/Mthfd1l/Bckdha/Fasn/Mocs1/Slc25a5/Pdk2/Idh3g/Msra/Pccb/Pank2/Slc25a38/Coq10a/Slc25a28/Sfxn3/Dna2/Fdps/Gcsh/Slc25a4/Coq8a/Acat1/Pdpr/Sardh/Zadh2/Acsl6,KO_heat,Down
MITOPATHWAYS_Small_molecule_transport,Small Molecule Transport,MitoPathways,-1.63432433,0.00292038392,0.0802077389,75,Mpc1/Slc25a29/Ucp2/Micu1/Mpc2/Slc25a42/Vdac2/Slc25a3/Smdt1/Abcb7/Slc25a53/Sfxn2/Mpv17l/Abcd1/Micu2/Sfxn5/Mpv17/Mrs2/Abcb10/Slc25a16/Slc8b1/Slc25a5/Slc25a40/Slc25a38/Slc25a28/Sfxn3/Slc25a4/Slc25a45,KO_heat,Down
MITOPATHWAYS_Metabolism.Lipid_metabolism,Metabolism Lipid Metabolism,MitoPathways,-1.54158779,0.00437496758,0.0802077389,109,Hadh/Ehhadh/Mecr/Acadm/Acsf2/Acads/Phyh/Mlycd/Hint2/Taz/Acad10/Hadhb/Mmut/Cbr4/Scp2/Plscr3/Tamm41/Acot2/Acaa2/Lias/Acss1/Lypla1/Eci2/Crot/Fasn/Pccb/Fdps/Gcsh/Acat1/Zadh2/Acsl6,KO_heat,Down
MITOXPLORER_Calcium_Signaling___Transport,Calcium Signaling Transport,MitoXplorer,-1.75300096,0.00411080661,0.094548552,22,Micu1/Smdt1/Hint2/Micu2/Pml/Itpr3/Pacs2/Slc8b1/Mcur1/Itpr2,KO_heat,Down
MITOPATHWAYS_Metabolism.Amino_acid_metabolism.Branched-chain_amino_acid_metabolism,Metabolism Amino Acid Metabolism Branched-Chain Amino Acid Metabolism,MitoPathways,-1.6525896899999999,0.0103121413,0.130008761,25,Hadha/Echs1/Acad8/Dbt/Ppm1k/Auh/Hibadh/Hibch/Bckdk/Bckdhb/Bcat2/Mccc2/Mccc1/Ivd/Aldh6a1/Bckdha/Acat1,KO_heat,Down
MITOPATHWAYS_Metabolism.Carbohydrate_metabolism,Metabolism Carbohydrate Metabolism,MitoPathways,-1.53401575,0.0118189783,0.130008761,65,Auh/Mdh2/Oxct1/Mpc2/Pdk3/Pdk1/Idh2/Pdhb/Me2/Hadhb/Mmut/Sfxn5/Acly/Suclg2/Ogdhl/Bdh1/Acaa2/Pdp1/Pdha1/Pdk2/Idh3g/Pccb/Acat1/Pdpr,KO_heat,Down
MITOPATHWAYS_Metabolism.Lipid_metabolism.Fatty_acid_oxidation,Metabolism Lipid Metabolism Fatty Acid Oxidation,MitoPathways,-1.57782139,0.0142275677,0.130419371,39,Hadh/Acadm/Acsf2/Acads/Acad10/Hadhb/Mmut/Acaa2/Acss1/Eci2/Crot/Pccb/Acat1/Acsl6,KO_heat,Down
MITOPATHWAYS_Mitochondrial_dynamics_and_surveillance.Autophagy,Mitochondrial Dynamics and Surveillance Autophagy,MitoPathways,-1.58891664,0.02437695,0.167591531,17,Pink1/Usp30/Fkbp8/Fundc1/Parl/Stx17/Nipsnap2,KO_heat,Down
MITOPATHWAYS_Metabolism.Metals_and_cofactors,Metabolism Metals and Cofactors,MitoPathways,-1.40336144,0.0218748379,0.167591531,109,Ppox/Sirt5/Naxd/Bola3/Ndufs1/Cpt1b/Chchd7/Tmlhe/Spr/Abat/Bola1/Cpt2/Iscu/Coasy/Ndufv2/Fam210b/Ndufs8/Nudt13/Cyc1/Rsad1/Slc25a42/Ndufs2/Coq7/Slc25a3/Abcb7/Hscb/Qdpr/Mtarc2/Suox/Glrx2/Nmnat3/Fech/Lias/Nudt19/Abcb10/Coq9/Ndufv1/Coq2/Mocs1/Pank2/Slc25a38/Coq10a/Slc25a28/Dna2/Coq8a,KO_heat,Down
MITOPATHWAYS_Mitochondrial_central_dogma.mtRNA_metabolism.mtRNA_granules,Mitochondrial Central Dogma Mtrna Metabolism Mtrna Granules,MitoPathways,1.48537012,0.0407466226,0.244893441,28,Dhx30/Grsf1/Noa1/Pus1/Fastkd1/Mrps7/Eral1/Fastkd2/Rpusd4/Mrpl47/Hsd17b10,KO_heat,Up
MITOPATHWAYS_OXPHOS.Complex_I.CI_subunits,OXPHOS Complex I Ci Subunits,MitoPathways,-1.41845976,0.054071422,0.244893441,36,Ndufb5/Ndufb8/Ndufs1/Ndufa9/Ndufv2/Ndufs8/Ndufa11/Ndufs2/Ndufb10/Ndufv1/Ndufa10/Ndufs3/Ndufb2,KO_heat,Down
MITOPATHWAYS_OXPHOS.Complex_I,OXPHOS Complex I,MitoPathways,-1.39385605,0.0463429559,0.244893441,57,Ndufb5/Ndufb8/Ndufs1/Tmem126a/Ndufa9/Ndufaf7/Ndufv2/Ndufs8/Lyrm2/Ndufa11/Ndufs2/Tmem186/Aifm1/Ndufb10/Foxred1/Ndufv1/Acad9/Dmac2/Ndufa10/Ndufs3/Ndufb2,KO_heat,Down
MITOPATHWAYS_Signaling,Signaling,MitoPathways,-1.39193965,0.0578839043,0.244893441,43,Pink1/Dele1/C1qbp/Micu1/Fundc2/Sphkap/Ifi27/Slc25a3/Smdt1/Micu2/Mrs2/Mavs/Lypla1/Pde2a/Slc8b1/Slc25a5/Slc25a4,KO_heat,Down
MITOPATHWAYS_Small_molecule_transport.SLC25A_family,Small Molecule Transport Slc25a Family,MitoPathways,-1.38944727,0.0572261709,0.244893441,44,Slc25a29/Ucp2/Slc25a42/Slc25a3/Slc25a53/Slc25a16/Slc25a5/Slc25a40/Slc25a38/Slc25a28/Slc25a4/Slc25a45,KO_heat,Down
TRANSPORTDB_MC,MC,TransportDB,-1.38320616,0.0597031157,0.26866402,44,Slc25a29/Ucp2/Slc25a42/Slc25a3/Slc25a53/Slc25a16/Slc25a5/Slc25a40/Slc25a38/Slc25a28/Slc25a4/Slc25a45,KO_heat,Down
MITOPATHWAYS_Protein_import_sorting_and_homeostasis.Protein_homeostasis.Chaperones,Protein Import Sorting and Homeostasis Protein Homeostasis Chaperones,MitoPathways,1.4359749,0.0720510958,0.283057876,16,Hspe1/Dnaja3/Hspd1/Dnlz/Timm10/Timm9/Timm8b,KO_heat,Up
TRANSPORTDB_MFS,MFS,TransportDB,-1.28995483,0.0987789157,0.283359555,55,Slc22a17/Slc2a8/Slc17a5/Mfsd10/Slc22a21/Slc49a4/Slc43a1/Flvcr2/Slc2a2/Slc16a5/Mfsd8/Slc46a3/Slc37a3/Sv2a/Slc43a2/Slc16a6/Slc17a9/Slc46a1/Spns1/Mfsd1/Slc2a9/Slc22a5,KO_heat,Down
TRANSPORTDB_MPT,MPT,TransportDB,1.28867846,0.146612653,0.283359555,19,Chchd4/Timm17a/Tomm70a/Grpel2,KO_heat,Up
TRANSPORTDB_F-ATPase,F-ATPase,TransportDB,-1.24958097,0.157421975,0.283359555,31,Atp5g1/Atp6v1h/Atp6v1g2/Atp5g3/Atp5c1/Atp6v0a1/Tcirg1/Atp5a1/Atp6v1d/Atp6v0d1,KO_heat,Down
TRANSPORTDB_P-ATPase,P-ATPase,TransportDB,1.19978349,0.200735439,0.301103158,27,Atp2c1/Atp11a/Atp2b1/Atp8b4/Atp2b4/Atp2a2/Atp10a/Atp1b2/Atp8b2,KO_heat,Up
MITOPATHWAYS_Metabolism.Vitamin_metabolism.Folate_and_1-C_metabolism,Metabolism Vitamin Metabolism Folate and 1-C Metabolism,MitoPathways,-1.39171589,0.0857597603,0.314452455,20,Qdpr/Mthfd2l/Mthfd1l/Slc25a38/Sfxn3/Sardh,KO_heat,Down
MITOPATHWAYS_Metabolism.Amino_acid_metabolism,Metabolism Amino Acid Metabolism,MitoPathways,-1.27633208,0.0930042032,0.319701948,74,Hadha/Ldhb/Pycr2/Echs1/Acad8/Grhpr/Dbt/Ppm1k/Abat/Slc25a29/Auh/Shmt2/Hibadh/Hibch/Prodh/Hadh/Oat/Bckdk/Bckdhb/Bcat2/Hadhb/Aldh18a1/Mccc2/Mccc1/Ivd/Acaa2/Aldh6a1/Bckdha/Slc25a38/Sfxn3/Gcsh/Acat1/Sardh,KO_heat,Down
MITOXPLORER_Import___Sorting,Import Sorting,MitoXplorer,1.45165204,0.0320265542,0.332709789,47,Hspe1/Chchd4/Timm17a/Timmdc1/Tomm70a/Tomm5/Dnajc15/Grpel2/Pmpca/Dnlz/Timm10/Timm9/Yme1l1/Tomm34/Chchd5/Timm8b,KO_heat,Up
MITOXPLORER_Pyruvate_Metabolism,Pyruvate Metabolism,MitoXplorer,-1.44995453,0.0565328494,0.332709789,22,Mpc1/Mpc2/Pdk3/Pdk1/Pdhb/Me2/Pdp1/Acss1/Pdha1/Pdk2/Pdpr,KO_heat,Down
MITOXPLORER_Protein_Stability___Degradation,Protein Stability Degradation,MitoXplorer,1.42409636,0.0597600825,0.332709789,27,Dnaja3/Hspa1b/Hspa1a/Dnaja1/Hspd1/Dnajc11/Rnf5/Atad1/Uba1,KO_heat,Up
MITOXPLORER_Glycolysis,Glycolysis,MitoXplorer,1.39645959,0.072328215,0.332709789,26,Pcx/Hk2/Eno2/Slc2a1/Pfkp/Pgam1/Aldoa,KO_heat,Up
MITOXPLORER_Tricarboxylic_Acid_Cycle,Tricarboxylic Acid Cycle,MitoXplorer,-1.33103404,0.114621139,0.370456818,22,Mdh2/Aco1/Idh2/Mdh1/Suclg2/Ogdhl/Idh1/Idh3g,KO_heat,Down
MITOXPLORER_Fatty_Acid_Degradation___Beta_oxidation,Fatty Acid Degradation beta Oxidation,MitoXplorer,-1.29972712,0.123041441,0.370456818,30,Hadh/Acadm/Acat2/Acads/Aldh3a2/Aldh1b1/Acad10/Hadhb/Acaa2/Acsl3/Eci2/Acad9,KO_heat,Down
MITOXPLORER_Mitochondrial_Carrier,Mitochondrial Carrier,MitoXplorer,-1.27157769,0.128854545,0.370456818,39,Slc25a29/Ucp2/Slc25a42/Slc25a3/Slc25a53/Slc27a1/Slc25a16/Slc25a40/Slc25a38/Slc25a45/Slc44a1,KO_heat,Down
MITOXPLORER_Metabolism_of_Vitamins___Co_Factors,Metabolism of Vitamins Co Factors,MitoXplorer,-1.24931711,0.188428695,0.427348453,15,Rdh13/Mmaa/Naxd/Coasy/Akr1b10/Dhrs4/Nmnat3/Mmab/Pank2,KO_heat,Down
MITOXPLORER_Transmembrane_Transport,Transmembrane Transport,MitoXplorer,-1.22127635,0.202588371,0.427348453,19,Fam210b/Vdac2/Abcb7/Sfxn2/Sfxn5/Mrs2/Abcb10/Sfxn3,KO_heat,Down
MITOXPLORER_ROS_Defense,ROS Defense,MitoXplorer,-1.17747257,0.224609767,0.427348453,31,Romo1/Cat/Sod1/Msrb2/Mpv17l/Mpv17/Glrx2/Oxr1/Msra/Gclc,KO_heat,Down
MITOXPLORER_Replication___Transcription,Replication Transcription,MitoXplorer,-1.16019584,0.219129245,0.427348453,50,Pif1/Mterf1b/Exog/Cmpk2/Poldip2/Dguok/Phb/Nfe2l2/Ssbp1/Tk2/Polg2/Dna2,KO_heat,Down
MITOXPLORER_Amino_Acid_Metabolism,Amino Acid Metabolism,MitoXplorer,-1.12850798,0.241544778,0.427348453,67,Dbt/Ppm1k/Abat/Abhd10/Auh/Oxct1/Hibadh/Hibch/Prodh/Oat/Bckdk/Gstz1/Bckdhb/Bcat2/Qdpr/Mmut/Aldh18a1/Suox/Fahd2a/Mccc2/Abhd16a/Mccc1/Ivd/Ass1/Glul/Aldh6a1/Bckdha/Gcsh/Acat1,KO_heat,Down
MITOXPLORER_Fatty_Acid_Biosynthesis___Elongation,Fatty Acid Biosynthesis Elongation,MitoXplorer,-1.15008848,0.276290506,0.45025291,17,Mcat/Echs1/Echdc2/Acsl5/Mecr/Cbr4/Acot2/Acsl6,KO_heat,Down
MITOXPLORER_Transcription__nuclear_,Transcription Nuclear,MitoXplorer,1.12260948,0.293643202,0.45025291,22,Foxo3/Hif1a/Pprc1/Creb1/Yap1/Gabpa/Sp1,KO_heat,Up
MITOXPLORER_Apoptosis,Apoptosis,MitoXplorer,1.07379814,0.322993977,0.464303842,52,Bcl2l1/Ghitm/Ctsb/Dynll1/Bcl2l2/Tspo/Htra2/Fam162a/Bik/Mapk3/Csnk2a1/Apaf1/Rps6kb1/Alkbh7,KO_heat,Up
MITOXPLORER_Metabolism_of_Lipids___Lipoproteins,Metabolism of Lipids Lipoproteins,MitoXplorer,-1.05548177,0.380990297,0.486820935,22,Cyb5r3/Gpat2/Cds2/Abcd1/Nudt19/Fdps/Sardh,KO_heat,Down
MITOXPLORER_Oxidative_Phosphorylation,Oxidative Phosphorylation,MitoXplorer,-1.03620018,0.367731189,0.486820935,157,Cyc1/Ndufa11/Uqcc3/Coa7/Sdhaf1/Atp5mpl/Ndufs2/Surf1/Ndufa4/Atp5g3/Tmem186/Cox18/Atp5c1/Atp5l/Uqcrc1/Ndufb10/Foxred1/Cmc1/Atp5a1/Ndufv1/Dmac2/Ndufa10/Cisd2/Coq10a/Nipsnap2/Ndufs3/Ndufb2/Coq8a,KO_heat,Down
MITOPATHWAYS_Metabolism.Metals_and_cofactors.Fe-S-containing_proteins,Metabolism Metals and Cofactors Fe-S-Containing Proteins,MitoPathways,-1.26001645,0.152304942,0.492751282,30,Etfdh/Nubpl/Nfu1/Glrx5/Sdhb/Bola3/Ndufs1/Abat/Bola1/Iscu/Ndufv2/Ndufs8/Rsad1/Ndufs2/Glrx2/Fech/Lias/Ndufv1/Dna2,KO_heat,Down
MITOPATHWAYS_Mitochondrial_central_dogma.mtRNA_metabolism.mtRNA_stability_and_decay,Mitochondrial Central Dogma Mtrna Metabolism Mtrna Stability and Decay,MitoPathways,1.23299606,0.197196342,0.492990854,17,Grsf1/Fastkd1/Fastkd2/Pde12/Fastkd3/Pnpt1/Fastk/Rnaseh1/Slirp/Fastkd5/Tbrg4,KO_heat,Up
MITOPATHWAYS_Metabolism.Vitamin_metabolism,Metabolism Vitamin Metabolism,MitoPathways,-1.19653892,0.185014346,0.492990854,47,Qdpr/Mmut/Mthfd2l/Glrx2/Dhrs4/Mccc1/Mmab/Mthfd1l/Slc25a38/Sfxn3/Sardh,KO_heat,Down
MITOPATHWAYS_OXPHOS.OXPHOS_subunits,OXPHOS OXPHOS Subunits,MitoPathways,-1.17162745,0.181597419,0.492990854,81,Ndufa7/Cox7c/Ndufb11/Ndufa5/Atp5j2/Ndufa8/Uqcr10/Sdhb/Atp5g2/Atp5h/Cox7b/Ndufb5/Cox7a2l/Ndufb8/Sdha/Ndufs1/Ndufa9/Atp5g1/Ndufv2/Cox4i1/Ndufs8/Cyc1/Ndufa11/Ndufs2/Ndufa4/Atp5g3/Atp5c1/Atp5l/Uqcrc1/Ndufb10/Atp5a1/Ndufv1/Ndufa10/Ndufs3/Ndufb2,KO_heat,Down
MITOPATHWAYS_Protein_import_sorting_and_homeostasis,Protein Import Sorting and Homeostasis,MitoPathways,1.15811328,0.182257953,0.492990854,83,Hspe1/Dnaja3/Chchd4/Hspd1/Timm17a/Tomm5/Dnajc15/Grpel2/Htra2/Pmpca/Dnajc11/Atad1/Dnlz/Timm10/Lap3/Timm9/Yme1l1/Tomm34/Timm8b/Timm17b/Afg3l2/Lonp1/Stoml2/Timm50/Clpb,KO_heat,Up
MITOPATHWAYS_OXPHOS,OXPHOS,MitoPathways,-1.1322263,0.195732791,0.492990854,145,Ndufb5/Cox7a2l/Ndufb8/Sdha/Ndufs1/Atpsckmt/Tmem126a/Ndufa9/Atpaf1/Ndufaf7/Atp5g1/Ndufv2/Cox4i1/Ndufs8/Lyrm2/Cyc1/Ndufa11/Uqcc3/Coa7/Sdhaf1/Ndufs2/Surf1/Apopt1/Ndufa4/Atp5g3/Tmem186/Cox18/Atp5c1/Aifm1/Timm21/Atp5l/Uqcrc1/Ndufb10/Foxred1/Cmc1/Atp5a1/Ndufv1/Acad9/Dmac2/Ndufa10/Ndufs3/Ndufb2,KO_heat,Down
TRANSPORTDB_DMT,DMT,TransportDB,-0.996682443,0.458844913,0.511041483,23,Slc35f2/Slc35b4/Slc35b1/Tmem241/Slc35a1/Slc35f5/Slc35b3/Slc35e2,KO_heat,Down
TRANSPORTDB_VIC,VIC,TransportDB,-0.983027236,0.479419281,0.511041483,44,Cacna1a/Scn3a/Kcnk6/Tpcn1/Kcnk10/Hcn1/Kcnh2/Tpcn2/Kcnh4/Kcnq5,KO_heat,Down
TRANSPORTDB_Plasmolipin,Plasmolipin,TransportDB,0.959523499,0.511041483,0.511041483,15,Myadm/Plp2/Sypl/Cmtm8/Syngr3/Cmtm4,KO_heat,Up
MITOPATHWAYS_OXPHOS.Complex_V.CV_subunits,OXPHOS Complex V Cv Subunits,MitoPathways,-1.2071672,0.220689396,0.512927082,17,Atp5pb/Atp5o/Atp5d/Atp5b/Atp5j2/Atp5g2/Atp5h/Atp5g1/Atp5g3/Atp5c1/Atp5l/Atp5a1,KO_heat,Down
MITOPATHWAYS_Mitochondrial_central_dogma.Translation.Mitochondrial_ribosome_assembly,Mitochondrial Central Dogma Translation Mitochondrial Ribosome Assembly,MitoPathways,1.18290932,0.223822727,0.512927082,24,Mief1/Dhx30/Grsf1/Noa1/Mrm3/Eral1/Fastkd2,KO_heat,Up
MITOPATHWAYS_OXPHOS.Complex_V,OXPHOS Complex V,MitoPathways,-1.11296005,0.308710775,0.647665984,22,Atp5j2/Atp5g2/Atp5h/Atpsckmt/Atpaf1/Atp5g1/Atp5g3/Atp5c1/Atp5l/Atp5a1,KO_heat,Down
MITOPATHWAYS_Metabolism.Metals_and_cofactors.Fe-S_cluster_biosynthesis,Metabolism Metals and Cofactors Fe-S Cluster Biosynthesis,MitoPathways,1.10111904,0.315161325,0.647665984,23,Cisd3/Grpel2/Nfs1/Fdx1/Hspa9/Iba57/Cisd1/Lyrm4,KO_heat,Up
MITOPATHWAYS_Mitochondrial_central_dogma.mtDNA_maintenance,Mitochondrial Central Dogma Mtdna Maintenance,MitoPathways,-1.09745455,0.317945119,0.647665984,29,Ung/Ppa2/Pif1/Exog/Poldip2/Ssbp1/Polg2/Dna2,KO_heat,Down
MITOPATHWAYS_Signaling.Calcium_homeostasis,Signaling Calcium Homeostasis,MitoPathways,-1.07727439,0.352306972,0.673868336,21,Micu1/Slc25a3/Smdt1/Micu2/Slc8b1/Slc25a5/Slc25a4,KO_heat,Down
MITOPATHWAYS_Metabolism.Lipid_metabolism.Phospholipid_metabolism,Metabolism Lipid Metabolism Phospholipid Metabolism,MitoPathways,1.06416869,0.361281968,0.673868336,23,Agpat4/Agpat5/Prelid3b/Chpt1/Pisd/Acp6/Osbpl1a/Prelid1,KO_heat,Up
MITOPATHWAYS_Protein_import_sorting_and_homeostasis.Protein_homeostasis,Protein Import Sorting and Homeostasis Protein Homeostasis,MitoPathways,1.04652073,0.367564547,0.673868336,51,Hspe1/Dnaja3/Hspd1/Htra2/Pmpca/Atad1/Dnlz/Timm10/Lap3/Timm9/Yme1l1/Timm8b/Afg3l2/Lonp1/Stoml2/Clpb,KO_heat,Up
MITOXPLORER_Mitochondrial_Dynamics,Mitochondrial Dynamics,MitoXplorer,-0.937609062,0.569650714,0.68957718,53,Tcaim/Oma1/Chchd6/Immt/Mff/Fundc2/Usp30/Arpc5/Fundc1/Msto1/Wdr81/Slc25a5/Trak1/Slc25a4/Kif1b,KO_heat,Down
MITOPATHWAYS_Metabolism.Detoxification.Xenobiotic_metabolism,Metabolism Detoxification Xenobiotic Metabolism,MitoPathways,1.02148739,0.426985646,0.714900729,15,Gstk1/Akr1b8/Mpst/Maoa,KO_heat,Up
MITOPATHWAYS_Metabolism.Carbohydrate_metabolism.TCA_cycle,Metabolism Carbohydrate Metabolism TCA Cycle,MitoPathways,-1.00828505,0.443404176,0.714900729,20,Mdh2/Idh2/Suclg2/Ogdhl/Idh3g,KO_heat,Down
MITOPATHWAYS_Protein_import_sorting_and_homeostasis.Protein_import_and_sorting,Protein Import Sorting and Homeostasis Protein Import and Sorting,MitoPathways,1.00249742,0.443620046,0.714900729,45,Chchd4/Timm17a/Tomm5/Dnajc15/Grpel2/Pmpca/Dnajc11/Timm10/Timm9/Tomm34/Timm8b/Timm17b,KO_heat,Up
MITOPATHWAYS_OXPHOS.Complex_I.CI_assembly_factors,OXPHOS Complex I Ci Assembly Factors,MitoPathways,-0.999836857,0.454936827,0.714900729,21,Tmem126a/Ndufaf7/Lyrm2/Tmem186/Aifm1/Foxred1/Acad9/Dmac2,KO_heat,Down
MITOPATHWAYS_Mitochondrial_central_dogma.Translation.mt-tRNA_synthetases,Mitochondrial Central Dogma Translation Mt-Trna Synthetases,MitoPathways,-0.999526062,0.454650858,0.714900729,22,Fars2/Gatb/Aars2/Wars2/Nars2/Tars2/Mars2/Qrsl1/Cars2/Iars2,KO_heat,Down
MITOPATHWAYS_Mitochondrial_dynamics_and_surveillance.Apoptosis,Mitochondrial Dynamics and Surveillance Apoptosis,MitoPathways,0.960759478,0.514788886,0.767378376,31,Bcl2l1/Ghitm/Bcl2l2/Htra2/Bik,KO_heat,Up
MITOPATHWAYS_Mitochondrial_central_dogma.Translation.Mitochondrial_ribosome,Mitochondrial Central Dogma Translation Mitochondrial Ribosome,MitoPathways,0.957327195,0.542697196,0.767378376,81,Mrps2/Mrps6/Mrpl50/Mrps7/Mrpl1/Chchd1/Mrpl14/Mrps22/Mrpl42/Mrpl13/Mrps25/Mrpl45/Mrpl51/Mrps18a/Mrpl28/Mrps24/Mrps12/Mrps36/Mrpl47/Mrpl38/Mrpl35/Mrpl15/Mrpl36/Mrpl12/Mrps15/Mrps21/Gadd45gip1/Aurkaip1/Mrpl39/Mrps31,KO_heat,Up
MITOPATHWAYS_Metabolism.Metals_and_cofactors.Heme_synthesis_and_processing,Metabolism Metals and Cofactors Heme Synthesis and Processing,MitoPathways,-0.956834663,0.516365284,0.767378376,15,Abcb7/Fech/Abcb10/Slc25a38,KO_heat,Down
MITOPATHWAYS_Metabolism.Detoxification,Metabolism Detoxification,MitoPathways,-0.939720217,0.558093365,0.767378376,43,Cat/Cyb5r3/Sod1/Abhd10/Bphl/Msrb2/Gstz1/Aldh3a2/Aldh1b1/Mtarc2/Glrx2/Oxr1/Msra,KO_heat,Down
MITOPATHWAYS_Metabolism.Detoxification.ROS_and_glutathione_metabolism,Metabolism Detoxification ROS and Glutathione Metabolism,MitoPathways,-0.933755733,0.555670541,0.767378376,26,Cat/Sod1/Msrb2/Aldh3a2/Glrx2/Oxr1/Msra,KO_heat,Down
MITOPATHWAYS_Mitochondrial_central_dogma.mtRNA_metabolism,Mitochondrial Central Dogma Mtrna Metabolism,MitoPathways,0.941030908,0.57778538,0.773696128,75,Yrdc/Dhx30/Grsf1/Noa1/Pus1/Fastkd1/Mtres1/Mrps7/Mrm3/Eral1/Osgepl1/Fastkd2/Qtrt1/Pde12/Fastkd3/Rpusd4/Mrpl47/Hsd17b10/Mrpl12/Pnpt1/Polrmt/Trmt10c/Nsun2/Dus2/Fastk/Rnaseh1/Slirp,KO_heat,Up
MITOPATHWAYS_OXPHOS.Complex_IV.CIV_assembly_factors,OXPHOS Complex IV Civ Assembly Factors,MitoPathways,-0.912857476,0.590822498,0.773696128,27,Coa7/Surf1/Apopt1/Cox18/Timm21/Cmc1,KO_heat,Down
MITOPATHWAYS_OXPHOS.OXPHOS_assembly_factors,OXPHOS OXPHOS Assembly Factors,MitoPathways,-0.904898545,0.640549287,0.814130266,65,Atpsckmt/Tmem126a/Atpaf1/Ndufaf7/Lyrm2/Uqcc3/Coa7/Sdhaf1/Surf1/Apopt1/Tmem186/Cox18/Aifm1/Timm21/Foxred1/Cmc1/Acad9/Dmac2,KO_heat,Down
MITOPATHWAYS_Metabolism.Lipid_metabolism.Cardiolipin_synthesis,Metabolism Lipid Metabolism Cardiolipin Synthesis,MitoPathways,0.860705514,0.657773316,0.814130266,16,Crls1/Agpat4/Agpat5,KO_heat,Up
MITOPATHWAYS_Metabolism.Nucleotide_metabolism,Metabolism Nucleotide Metabolism,MitoPathways,-0.857965934,0.695711318,0.814130266,34,Ppa2/Fam173a/Guk1/Fhit/Cmpk2/Dtymk/Dguok/Suclg2/Tk2/Slc25a5/Slc25a4,KO_heat,Down
MITOPATHWAYS_Protein_import_sorting_and_homeostasis.Protein_homeostasis.Proteases,Protein Import Sorting and Homeostasis Protein Homeostasis Proteases,MitoPathways,-0.85601928,0.68746183,0.814130266,28,Oma1/Pitrm1/Xpnpep3/Usp30/Immp2l/Pmpcb/Casp9/Metap1d/Parl,KO_heat,Down
MITOPATHWAYS_Mitochondrial_central_dogma.mtRNA_metabolism.mt-tRNA_modifications,Mitochondrial Central Dogma Mtrna Metabolism Mt-Trna Modifications,MitoPathways,0.849758193,0.691691025,0.814130266,22,Yrdc/Pus1/Osgepl1/Qtrt1/Rpusd4/Hsd17b10/Trmt10c/Nsun2/Dus2,KO_heat,Up
MITOPATHWAYS_Mitochondrial_central_dogma.Translation,Mitochondrial Central Dogma Translation,MitoPathways,0.894652965,0.751203576,0.834402021,153,Hemk1/Mief1/Mrps2/Dhx30/Grsf1/Noa1/Mrps6/Mtres1/Mrpl50/Mrps7/Mrm3/Eral1/Mrpl1/Tsfm/Chchd1/Mrpl14/Mrps22/Mrpl42/Fastkd2/Coa3/Mrpl13/Mrps25/Mrpl45/Mrpl51/Mrps18a/Yars2/Mrpl28/Ears2/Mrps24/Mrps12/Mrps36/Mrpl47/Cox14/Mrpl38/Mrpl35/Mrpl15/Mrpl36/Mrpl12/Mrps15/Mtg2/Mrps21/Gadd45gip1,KO_heat,Up
MITOPATHWAYS_Mitochondrial_dynamics_and_surveillance.Fission,Mitochondrial Dynamics and Surveillance Fission,MitoPathways,0.803525504,0.738458267,0.834402021,15,Mief1/Spire1/Mtfr1,KO_heat,Up
MITOPATHWAYS_Metabolism.Nucleotide_metabolism.Nucleotide_synthesis_and_processing,Metabolism Nucleotide Metabolism Nucleotide Synthesis and Processing,MitoPathways,-0.793625322,0.773566624,0.834402021,23,Nme4/Ak3/Nt5m/Dhodh/Guk1/Fhit/Cmpk2/Dtymk/Dguok/Suclg2/Tk2,KO_heat,Down
MITOPATHWAYS_Mitochondrial_central_dogma.mtRNA_metabolism.mt-rRNA_modifications,Mitochondrial Central Dogma Mtrna Metabolism Mt-Rrna Modifications,MitoPathways,-0.784654596,0.773718238,0.834402021,18,Rpusd3/Rcc1l/Mettl15/Mtpap/Trit1/Trub2/Ngrn/Trmt2b/Mettl17/Nsun4,KO_heat,Down
MITOPATHWAYS_Mitochondrial_central_dogma.Translation.Translation_factors,Mitochondrial Central Dogma Translation Translation Factors,MitoPathways,0.752299818,0.811530739,0.85834982,16,Hemk1/Tsfm/Coa3/Cox14,KO_heat,Up
MITOPATHWAYS_Mitochondrial_dynamics_and_surveillance,Mitochondrial Dynamics and Surveillance,MitoPathways,-0.828604548,0.831456358,0.86283207,97,Sphk2/Tomm20/Oma1/Casp8/Pink1/Chchd6/Immt/Mff/Samm50/Fundc2/Usp30/Ifi27/Bbc3/Bid/Fkbp8/Mcl1/Fundc1/Mtx3/Diablo/Casp9/Aifm1/Atp5l/Parl/Bcl2l11/Stx17/Nipsnap2,KO_heat,Down
MITOXPLORER_Mitophagy,Mitophagy,MitoXplorer,0.799217262,0.7518481,0.864625315,17,Atg9b/Usp15/Pgam5/Tax1bp1,KO_heat,Up
MITOXPLORER_Fe_S_Cluster_Biosynthesis,Fe S Cluster Biosynthesis,MitoXplorer,-0.750160346,0.838819126,0.918706661,25,Bola1/Iscu/Hscb/Mms19/Nubp1/Slc25a28,KO_heat,Down
MITOXPLORER_Translation,Translation,MitoXplorer,-0.816677681,0.917552838,0.959259785,180,Ppa2/Dap3/Mrpl48/Gtpbp10/Mrpl24/Mrpl4/Qrsl1/Bphl/Rexo2/Mrpl2/Trmt2b/Mtif2/Mettl17/Mrps35/Trmu/Mrpl30/Rbfa/Sbds/Mrps9/Mrpl54/Mrpl41/Mrps5/Nsun4/Mrpl9/Nsun3/Cars2/Mrpl27/Guf1/Iars2/Eif2ak3/Rnasel,KO_heat,Down
MITOPATHWAYS_Mitochondrial_central_dogma,Mitochondrial Central Dogma,MitoPathways,-0.777814822,0.976311199,0.983423898,227,Ppa2/Dap3/Mrpl48/Gtpbp10/Mrpl24/Mettl8/Mrpl4/Qrsl1/Pif1/Rexo2/Mrpl2/Trmt2b/Trmt1/Mtif2/Exog/Mettl17/Mrps35/Trmu/Mrpl30/Rbfa/Timm21/Poldip2/Mrps9/Mrpl54/Mrpl41/Mrps5/Nsun4/Mrpl9/Metap1d/Nsun3/Cars2/Mrpl27/Guf1/Ssbp1/Angel2/Polg2/Dna2/Iars2,KO_heat,Down
MITOPATHWAYS_OXPHOS.Complex_IV,OXPHOS Complex IV,MitoPathways,-0.610152674,0.983423898,0.983423898,41,Cox4i1/Coa7/Surf1/Apopt1/Ndufa4/Cox18/Timm21/Cmc1,KO_heat,Down
MITOXPLORER_Mitochondrial_Signaling,Mitochondrial Signaling,MitoXplorer,-0.517927479,0.987919238,0.987919238,18,Sirt4/Mtor/Gsk3b/Prkce/Sirt5/Shc1/Mavs,KO_heat,Down
TRANSPORTDB_ABC,ABC,TransportDB,-2.39020275,2.86882581e-9,2.58194323e-8,31,Abcd1/Abcb1b/Abcg3/Abcd4/Abca7/Tap1/Abcb10/Abcc4/Tap2/Abca2/Abcb11/Abcc10/Abcg1/Abcb4/Abcg2/Abcc5/Abcc8/Abca1,Temp_main,Down
HSR_sensitivity,Hsr Sensitivity,HSR_lens,1.80223815,8.1918566e-6,1.63837132e-5,148,Hsph1/Hspa4l/Dnaja3/Hspa1b/Bag3/Hspa1a/Ano1/Hsf1/St13/Aaas/Dnaja1/Il1a/Fkbp4/Hspa13/Nup54/Nup50/Ptges3/Hsp90aa1/Ranbp2/Nup35/Thbs1/Nup37/Chordc1/Nup98/Bag5/Ndc1/Hspa5/Htra2/Hspb1/Pom121/Eef1a1/Eif2s1/Hdac2/Nf1/Camk2g/Hspa9/Mapkapk2/Mapk3/Ep300/Rps19bp1/Hspa4/Ywhae/Dnajb1/Pdcd6/Bag2/Hmox1/Nup43/Nup188/Dnajc2,Temp_main,Up
HSR_core,Hsr Core,HSR_lens,2.01287679,2.97501198e-5,2.97501198e-5,47,Hsph1/Hspa4l/Dnaja3/Hspa1b/Bag3/Hspa1a/Hsf1/St13/Dnaja1/Fkbp4/Hspa13/Ptges3/Hsp90aa1/Chordc1/Bag5/Htra2/Hspb1/Hspa9,Temp_main,Up
TCR_activation,TCR Activation,TCR_activation,1.67940278,0.0021942462,0.0021942462,66,Lta/Lcp2/Ier3/Nfatc1/Nr4a2/Il2/Nr4a3/Tnfrsf4/Nr4a1/Dusp5/Itk/Rel/Odc1/Cd40lg/Jund/Egr2/Cd83/Egr3/Tnfrsf9/Egr1/Batf/Dusp1/Atf3/Bcl10/Dusp2/Tnf/Junb,Temp_main,Up
MITOPATHWAYS_Metabolism,Metabolism,MitoPathways,-1.42924484,7.3964497e-4,0.0406804734,406,Pdk3/Sdha/Nudt13/Chchd7/Abhd10/Grhpr/Acad8/Pycr2/Rdh14/Mdh2/Cpt2/Phyh/Tstd1/Auh/Cyc1/Cat/Fam210b/Gstz1/Cmpk2/Mpc2/Slc25a42/Fhit/Aldh1b1/Coq7/Acads/Bckdhb/Oxct1/Prodh/Hibch/Ndufs2/Bckdk/Ehhadh/Mpc1/Guk1/Slc25a3/Idh2/Ndufv2/Pdk1/Abcb7/Bcat2/Hadh/Pdhb/Mlycd/Mecr/Hint2/Plscr3/Acadm/Taz/Me2/Aldh18a1/Acly/Acsf2/Oat/Acad10/Bdh1/Nmnat3/Mccc2/Hscb/Hadhb/Mtarc2/Fech/Mthfd2l/Aldh3a2/Cbr4/Tamm41/Dguok/Ogdhl/Mccc1/Fam173a/Scp2/Pdp1/Dtymk/Qdpr/Mmut/Suclg2/Aldh6a1/Nudt19/Ivd/Suox/Dhrs4/Acot2/Abcb10/Fasn/Sfxn5/Lypla1/Oxr1/Mmab/Tk2/Lias/Glrx2/Coq9/Acaa2/Coq2/Crot/Eci2/Pdk2/Mocs1/Acss1/Pdha1/Mthfd1l/Idh3g/Pank2/Msra/Slc25a5/Ndufv1/Coq10a/Bckdha/Slc25a28/Slc25a38/Sfxn3/Pccb/Dna2/Fdps/Gcsh/Slc25a4/Coq8a/Sardh/Pdpr/Acat1/Zadh2/Acsl6,Temp_main,Down
MITOPATHWAYS_Metabolism.Amino_acid_metabolism.Branched-chain_amino_acid_metabolism,Metabolism Amino Acid Metabolism Branched-Chain Amino Acid Metabolism,MitoPathways,-1.70391191,0.00595136881,0.0601780645,25,Ppm1k/Echs1/Hadha/Hibadh/Acad8/Auh/Bckdhb/Hibch/Bckdk/Bcat2/Mccc2/Mccc1/Aldh6a1/Ivd/Bckdha/Acat1,Temp_main,Down
MITOPATHWAYS_Metabolism.Lipid_metabolism.Fatty_acid_oxidation,Metabolism Lipid Metabolism Fatty Acid Oxidation,MitoPathways,-1.65464862,0.00656487977,0.0601780645,39,Acads/Hadh/Acadm/Acsf2/Acad10/Hadhb/Mmut/Acaa2/Crot/Eci2/Acss1/Pccb/Acat1/Acsl6,Temp_main,Down
MITOPATHWAYS_Metabolism.Carbohydrate_metabolism,Metabolism Carbohydrate Metabolism,MitoPathways,-1.60175745,0.0054225534,0.0601780645,65,Pdk3/Sdha/Mdh2/Auh/Mpc2/Oxct1/Mpc1/Idh2/Pdk1/Pdhb/Me2/Acly/Bdh1/Hadhb/Ogdhl/Pdp1/Mmut/Suclg2/Sfxn5/Acaa2/Pdk2/Pdha1/Idh3g/Pccb/Pdpr/Acat1,Temp_main,Down
MITOPATHWAYS_Small_molecule_transport,Small Molecule Transport,MitoPathways,-1.60083677,0.00409805939,0.0601780645,75,Slc25a29/Romo1/Slc25a27/Micu1/Vdac2/Mpc2/Slc25a42/Mpc1/Slc25a3/Mpv17l/Abcb7/Sfxn2/Abcd1/Mpv17/Smdt1/Mrs2/Slc25a53/Micu2/Abcb10/Sfxn5/Slc25a16/Slc8b1/Slc25a5/Slc25a28/Slc25a38/Slc25a40/Sfxn3/Slc25a45/Slc25a4,Temp_main,Down
MITOPATHWAYS_Metabolism.Lipid_metabolism,Metabolism Lipid Metabolism,MitoPathways,-1.55186746,0.00365634006,0.0601780645,109,Acads/Ehhadh/Hadh/Mlycd/Mecr/Hint2/Plscr3/Acadm/Taz/Acsf2/Acad10/Hadhb/Cbr4/Tamm41/Scp2/Mmut/Acot2/Fasn/Lypla1/Lias/Acaa2/Crot/Eci2/Acss1/Pccb/Fdps/Gcsh/Acat1/Zadh2/Acsl6,Temp_main,Down
MITOXPLORER_Calcium_Signaling___Transport,Calcium Signaling Transport,MitoXplorer,-1.76830855,0.0035245778,0.0810652895,22,Pml/Hint2/Smdt1/Micu2/Pacs2/Itpr3/Slc8b1/Mcur1/Itpr2,Temp_main,Down
MITOXPLORER_Import___Sorting,Import Sorting,MitoXplorer,1.59984438,0.00875454605,0.10067728,47,Hspe1/Chchd4/Timm17a/Tomm70a/Grpel2/Timmdc1/Dnajc15/Pmpca/Tomm5/Timm9/Chchd5/Timm10/Dnlz/Yme1l1/Ppif/Timm8b/Timm17b/Tomm34/Timm50,Temp_main,Up
MITOPATHWAYS_OXPHOS.Complex_I.CI_subunits,OXPHOS Complex I Ci Subunits,MitoPathways,-1.55603726,0.0179171753,0.140777806,36,Ndufc2/Ndufb11/Ndufb7/Ndufb5/Ndufa7/Ndufs1/Ndufb8/Ndufa8/Ndufs8/Ndufa11/Ndufa9/Ndufs2/Ndufv2/Ndufb10/Ndufv1/Ndufa10/Ndufs3/Ndufb2,Temp_main,Down
MITOPATHWAYS_Mitochondrial_central_dogma.mtRNA_metabolism.mtRNA_granules,Mitochondrial Central Dogma Mtrna Metabolism Mtrna Granules,MitoPathways,1.55595221,0.0236101666,0.162319895,28,Grsf1/Dhx30/Noa1/Fastkd1/Pus1/Mrps7/Eral1/Fastkd2/Mrpl47/Hsd17b10/Trmt10c/Rpusd4/Mrm2/Ptcd2/Fastkd5/Fastk/Prorp/Mrm1,Temp_main,Up
MITOPATHWAYS_Mitochondrial_dynamics_and_surveillance.Autophagy,Mitochondrial Dynamics and Surveillance Autophagy,MitoPathways,-1.52775521,0.0380908761,0.190454381,17,Usp30/Rab24/Park7/Pink1/Fkbp8/Fundc1/Parl/Stx17/Nipsnap2,Temp_main,Down
MITOPATHWAYS_OXPHOS.Complex_I,OXPHOS Complex I,MitoPathways,-1.41966473,0.0358981005,0.190454381,57,Nubpl/Ndufc2/Ndufb11/Ndufb7/Ecsit/Ndufb5/Ndufa7/Tmem126b/Ndufs1/Ndufb8/Ndufa8/Ndufs8/Tmem126a/Lyrm2/Ndufaf7/Ndufa11/Ndufa9/Ndufs2/Ndufv2/Aifm1/Tmem186/Ndufb10/Foxred1/Ndufv1/Ndufa10/Acad9/Dmac2/Ndufs3/Ndufb2,Temp_main,Down
MITOPATHWAYS_Metabolism.Metals_and_cofactors,Metabolism Metals and Cofactors,MitoPathways,-1.36529383,0.0314481268,0.190454381,109,Kyat3/Sirt5/Ppox/Glrx5/Ndufs1/Bola1/Coasy/Nfu1/Spr/Bola3/Naxd/Abat/Iscu/Ndufs8/Nudt13/Chchd7/Cpt2/Cyc1/Fam210b/Slc25a42/Coq7/Ndufs2/Slc25a3/Ndufv2/Abcb7/Nmnat3/Hscb/Mtarc2/Fech/Qdpr/Nudt19/Suox/Abcb10/Lias/Glrx2/Coq9/Coq2/Mocs1/Pank2/Ndufv1/Coq10a/Slc25a28/Slc25a38/Dna2/Coq8a,Temp_main,Down
TRANSPORTDB_MPT,MPT,TransportDB,1.41744865,0.0732450387,0.243514644,19,Chchd4/Timm17a/Tomm70a/Grpel2/Timm17b/Tomm34/Timm50,Temp_main,Up
TRANSPORTDB_F-ATPase,F-ATPase,TransportDB,-1.36011563,0.0825048587,0.243514644,31,Atp6v1g2/Atp5c1/Atp5g3/Atp6v0a1/Atp6v0d1/Atp5a1/Tcirg1/Atp6v1d,Temp_main,Down
TRANSPORTDB_MC,MC,TransportDB,-1.29027636,0.108228731,0.243514644,44,Slc25a42/Slc25a3/Slc25a53/Slc25a16/Slc25a5/Slc25a28/Slc25a38/Slc25a40/Slc25a45/Slc25a4,Temp_main,Down
MITOPATHWAYS_Protein_import_sorting_and_homeostasis.Protein_homeostasis.Chaperones,Protein Import Sorting and Homeostasis Protein Homeostasis Chaperones,MitoPathways,1.46965106,0.0578126969,0.244592179,16,Dnaja3/Hspe1/Hspd1/Timm9/Timm10/Dnlz/Timm8b,Temp_main,Up
MITOPATHWAYS_OXPHOS.OXPHOS_subunits,OXPHOS OXPHOS Subunits,MitoPathways,-1.32878472,0.0562750737,0.244592179,81,Ndufc2/Atp5o/Ndufb11/Ndufb7/Cox5b/Ndufb5/Ndufa7/Cox7a2l/Sdhb/Atp5g2/Ndufs1/Atp5g1/Atp5j2/Ndufb8/Cox7c/Ndufa8/Ndufs8/Cox7b/Sdha/Cyc1/Ndufa11/Ndufa9/Ndufs2/Cox4i1/Ndufv2/Ndufa4/Uqcrc1/Atp5c1/Atp5g3/Atp5l/Ndufb10/Atp5a1/Ndufv1/Ndufa10/Ndufs3/Ndufb2,Temp_main,Down
MITOPATHWAYS_Metabolism.Amino_acid_metabolism,Metabolism Amino Acid Metabolism,MitoPathways,-1.3129,0.0686708686,0.269778412,74,Abat/Ldhb/Aldh4a1/Ppm1k/Echs1/Hadha/Hibadh/Slc25a29/Shmt2/Grhpr/Acad8/Pycr2/Auh/Bckdhb/Prodh/Hibch/Bckdk/Bcat2/Hadh/Aldh18a1/Oat/Mccc2/Hadhb/Mccc1/Aldh6a1/Ivd/Acaa2/Bckdha/Slc25a38/Sfxn3/Gcsh/Sardh/Acat1,Temp_main,Down
TRANSPORTDB_MFS,MFS,TransportDB,-1.20933379,0.161042069,0.289875725,55,Slc43a1/Slc49a4/Slc16a5/Slc2a2/Slc46a3/Sv2a/Slc46a1/Slc43a2/Mfsd8/Slc16a6/Slc37a3/Slc17a9/Spns1/Mfsd1/Slc2a9/Slc22a5,Temp_main,Down
MITOPATHWAYS_Metabolism.Vitamin_metabolism.Folate_and_1-C_metabolism,Metabolism Vitamin Metabolism Folate and 1-C Metabolism,MitoPathways,-1.37532954,0.0929878339,0.310272917,20,Mthfd2l/Qdpr/Mthfd1l/Slc25a38/Sfxn3/Sardh,Temp_main,Down
MITOPATHWAYS_OXPHOS.Complex_V.CV_subunits,OXPHOS Complex V Cv Subunits,MitoPathways,-1.36963481,0.101543864,0.310272917,17,Atp5h/Atp5pb/Atp5b/Atp5o/Atp5g2/Atp5g1/Atp5j2/Atp5c1/Atp5g3/Atp5l/Atp5a1,Temp_main,Down
MITOPATHWAYS_Small_molecule_transport.SLC25A_family,Small Molecule Transport Slc25a Family,MitoPathways,-1.30213016,0.101158013,0.310272917,44,Slc25a42/Slc25a3/Slc25a53/Slc25a16/Slc25a5/Slc25a28/Slc25a38/Slc25a40/Slc25a45/Slc25a4,Temp_main,Down
MITOPATHWAYS_OXPHOS,OXPHOS,MitoPathways,-1.22125494,0.0933698727,0.310272917,145,Atp5g2/Atpsckmt/Coa5/Ndufs1/Atp5g1/Atp5j2/Atpaf1/Ndufb8/Cox7c/Ndufa8/Cox16/Ndufs8/Cox7b/Tmem126a/Lyrm2/Sdha/Ndufaf7/Surf1/Apopt1/Cyc1/Ndufa11/Sdhaf1/Coa7/Ndufa9/Ndufs2/Cox4i1/Ndufv2/Ndufa4/Aifm1/Tmem186/Cox18/Uqcrc1/Uqcc3/Atp5c1/Atp5g3/Cmc1/Timm21/Atp5l/Ndufb10/Foxred1/Atp5a1/Ndufv1/Ndufa10/Acad9/Dmac2/Ndufs3/Ndufb2,Temp_main,Down
MITOXPLORER_Pyruvate_Metabolism,Pyruvate Metabolism,MitoXplorer,-1.39714521,0.0768433353,0.332601882,22,Pdk3/Mpc2/Mpc1/Pdk1/Pdhb/Me2/Pdp1/Pdk2/Acss1/Pdha1/Pdpr,Temp_main,Down
MITOXPLORER_Fatty_Acid_Degradation___Beta_oxidation,Fatty Acid Degradation beta Oxidation,MitoXplorer,-1.3823596,0.0746868574,0.332601882,30,Acad8/Cpt2/Acat2/Aldh1b1/Acads/Hadh/Acadm/Acad10/Hadhb/Aldh3a2/Acaa2/Eci2/Acsl3/Acad9,Temp_main,Down
MITOXPLORER_Protein_Stability___Degradation,Protein Stability Degradation,MitoXplorer,1.36718456,0.0839655394,0.332601882,27,Dnaja3/Hspa1b/Hspa1a/Dnaja1/Hspd1/Dnajc11/Uba1/Atad1/Pet100/Clpb,Temp_main,Up
MITOXPLORER_Tricarboxylic_Acid_Cycle,Tricarboxylic Acid Cycle,MitoXplorer,-1.34513708,0.104512214,0.332601882,22,Mdh2/Idh2/Aco1/Mdh1/Ogdhl/Suclg2/Idh1/Idh3g,Temp_main,Down
MITOXPLORER_Fatty_Acid_Biosynthesis___Elongation,Fatty Acid Biosynthesis Elongation,MitoXplorer,-1.34303941,0.115687611,0.332601882,17,Echs1/Mcat/Echdc2/Acsl5/Mecr/Cbr4/Acot2/Acsl6,Temp_main,Down
MITOXPLORER_Glycolysis,Glycolysis,MitoXplorer,1.32766632,0.107303588,0.332601882,26,Pcx/Eno2/Hk2/Slc2a1/Pfkp/Aldoa/Pgam1/Pgk1/Aldoc/Slc2a3,Temp_main,Up
MITOXPLORER_Metabolism_of_Vitamins___Co_Factors,Metabolism of Vitamins Co Factors,MitoXplorer,-1.27932191,0.164394012,0.33961941,15,Coasy/Naxd/Akr1b10/Nmnat3/Dhrs4/Mmab/Pank2,Temp_main,Down
MITOXPLORER_Transmembrane_Transport,Transmembrane Transport,MitoXplorer,-1.23427515,0.19010043,0.33961941,19,Vdac2/Fam210b/Abcb7/Sfxn2/Mrs2/Abcb10/Sfxn5/Sfxn3,Temp_main,Down
MITOXPLORER_Transcription__nuclear_,Transcription Nuclear,MitoXplorer,1.20222403,0.213181102,0.33961941,22,Foxo3/Hif1a/Pprc1/Yap1/Creb1/Sp1/Gabpa,Temp_main,Up
MITOXPLORER_Replication___Transcription,Replication Transcription,MitoXplorer,-1.1982287,0.17638034,0.33961941,50,Endog/Cmpk2/Apex1/Mterf1b/Pif1/Poldip2/Exog/Dguok/Phb/Nfe2l2/Tk2/Ssbp1/Dna2/Polg2,Temp_main,Down
MITOXPLORER_Mitochondrial_Carrier,Mitochondrial Carrier,MitoXplorer,-1.1709069,0.217827495,0.33961941,39,Slc25a42/Slc25a3/Slc25a53/Slc27a1/Slc25a16/Slc25a38/Slc25a40/Slc25a45/Slc44a1,Temp_main,Down
MITOXPLORER_Amino_Acid_Metabolism,Amino Acid Metabolism,MitoXplorer,-1.14599662,0.215852808,0.33961941,67,Abhd10/Pycr2/Auh/Gstz1/Bckdhb/Oxct1/Prodh/Hibch/Bckdk/Bcat2/Aldh18a1/Fahd2a/Oat/Mccc2/Mccc1/Qdpr/Mmut/Aldh6a1/Abhd16a/Ass1/Ivd/Suox/Glul/Bckdha/Gcsh/Acat1,Temp_main,Down
MITOXPLORER_Oxidative_Phosphorylation,Oxidative Phosphorylation,MitoXplorer,-1.10974906,0.221490919,0.33961941,157,Adck1/Cox7a2l/Sdhb/Etfrf1/Atp5g2/Etfa/Oxa1l/Coa5/Ndufs1/Atp5g1/Atp5j2/Atpaf1/Ndufb8/Cox7c/Ndufa8/Cox16/Ndufs8/Sdha/Ndufaf7/Surf1/Tstd1/Cyc1/Ndufa11/Sdhaf1/Coa7/Atp5mpl/Ndufa9/Ndufs2/Cox4i1/Ndufv2/Ndufa4/Tmem186/Cox18/Uqcrc1/Uqcc3/Atp5c1/Atp5g3/Cmc1/Atp5l/Ndufb10/Foxred1/Atp5a1/Ndufv1/Cisd2/Coq10a/Ndufa10/Dmac2/Ndufs3/Ndufb2/Nipsnap2/Coq8a,Temp_main,Down
MITOPATHWAYS_Protein_import_sorting_and_homeostasis,Protein Import Sorting and Homeostasis,MitoPathways,1.22219322,0.118700909,0.343607895,83,Dnaja3/Hspe1/Chchd4/Hspd1/Timm17a/Grpel2/Dnajc15/Htra2/Pmpca/Dnajc11/Tomm5/Timm9/Atad1/Timm10/Dnlz/Yme1l1/Lap3/Timm8b/Clpb/Timm17b/Tomm34/Timm50,Temp_main,Up
MITOPATHWAYS_Metabolism.Metals_and_cofactors.Fe-S-containing_proteins,Metabolism Metals and Cofactors Fe-S-Containing Proteins,MitoPathways,-1.294897,0.125441895,0.344965212,30,Etfdh/Rsad1/Sdhb/Glrx5/Ndufs1/Bola1/Nfu1/Bola3/Abat/Iscu/Ndufs8/Ndufs2/Ndufv2/Fech/Lias/Glrx2/Ndufv1/Dna2,Temp_main,Down
MITOPATHWAYS_Metabolism.Vitamin_metabolism,Metabolism Vitamin Metabolism,MitoPathways,-1.2529023,0.132914695,0.348109914,47,Mthfd2l/Mccc1/Qdpr/Mmut/Dhrs4/Mmab/Glrx2/Mthfd1l/Slc25a38/Sfxn3/Sardh,Temp_main,Down
MITOXPLORER_ROS_Defense,ROS Defense,MitoXplorer,-1.14929489,0.253090218,0.363817188,31,Tldc2/Park7/Sod1/Msrb2/Romo1/Cat/Mpv17l/Mpv17/Oxr1/Glrx2/Msra/Gclc,Temp_main,Down
TRANSPORTDB_P-ATPase,P-ATPase,TransportDB,1.15556548,0.245429636,0.368144453,27,Atp2c1/Atp11a/Atp8b4/Atp2b1/Atp2b4/Atp2a2/Atp10a/Atp8b2/Atp1b2,Temp_main,Up
MITOXPLORER_Apoptosis,Apoptosis,MitoXplorer,1.06029674,0.344285558,0.465798108,52,Bcl2l1/Ghitm/Ctsb/Bcl2l2/Tspo/Htra2/Dynll1/Fam162a/Bik/Mapk3/Alkbh7/Apaf1/Rps6kb1/Csnk2a1,Temp_main,Up
TRANSPORTDB_VIC,VIC,TransportDB,-1.04515584,0.375081358,0.48224746,44,Hcn3/Cacna1d/Kcns1/Cacna1a/Scn3a/Tpcn1/Kcnk6/Kcnk10/Hcn1/Kcnh2/Tpcn2/Kcnq5/Kcnh4,Temp_main,Down
TRANSPORTDB_Plasmolipin,Plasmolipin,TransportDB,1.0084856,0.443391838,0.498815817,15,Myadm/Sypl/Plp2,Temp_main,Up
TRANSPORTDB_DMT,DMT,TransportDB,-0.957850665,0.516460711,0.516460711,23,Slc35b4/Slc35b1/Tmem241/Slc35a1/Slc35f5/Slc35b3/Slc35e2,Temp_main,Down
MITOXPLORER_Metabolism_of_Lipids___Lipoproteins,Metabolism of Lipids Lipoproteins,MitoXplorer,-1.03449522,0.406777744,0.519771562,22,Serac1/Gpat2/Cyb5r3/Gpam/Cds2/Abcd1/Nudt19/Fdps/Sardh,Temp_main,Down
MITOPATHWAYS_Signaling,Signaling,MitoPathways,-1.16829075,0.215115845,0.537789611,43,Pink1/Sphkap/Micu1/Fundc2/Slc25a3/Smdt1/Mrs2/Mavs/Micu2/Lypla1/Slc8b1/Pde2a/Slc25a5/Slc25a4,Temp_main,Down
MITOPATHWAYS_OXPHOS.Complex_V,OXPHOS Complex V,MitoPathways,-1.18989791,0.225743252,0.539820821,22,Atp5h/Atp5pb/Atp5b/Atp5o/Atp5g2/Atpsckmt/Atp5g1/Atp5j2/Atpaf1/Atp5c1/Atp5g3/Atp5l/Atp5a1,Temp_main,Down
MITOPATHWAYS_Mitochondrial_central_dogma.mtDNA_maintenance,Mitochondrial Central Dogma Mtdna Maintenance,MitoPathways,-1.1591467,0.246617675,0.553507012,29,Ung/Tfb2m/Endog/Apex1/Pif1/Poldip2/Exog/Ssbp1/Dna2/Polg2,Temp_main,Down
MITOPATHWAYS_Mitochondrial_central_dogma.Translation.Mitochondrial_ribosome_assembly,Mitochondrial Central Dogma Translation Mitochondrial Ribosome Assembly,MitoPathways,1.13902739,0.271721624,0.553507012,24,Mief1/Grsf1/Dhx30/Noa1/Eral1/Mrm3/Fastkd2,Temp_main,Up
MITOPATHWAYS_Protein_import_sorting_and_homeostasis.Protein_import_and_sorting,Protein Import Sorting and Homeostasis Protein Import and Sorting,MitoPathways,1.12492897,0.260095294,0.553507012,45,Chchd4/Timm17a/Grpel2/Dnajc15/Pmpca/Dnajc11/Tomm5/Timm9/Timm10/Timm8b/Timm17b/Tomm34/Timm50,Temp_main,Up
MITOPATHWAYS_Protein_import_sorting_and_homeostasis.Protein_homeostasis,Protein Import Sorting and Homeostasis Protein Homeostasis,MitoPathways,1.11086333,0.269921546,0.553507012,51,Dnaja3/Hspe1/Hspd1/Htra2/Pmpca/Timm9/Atad1/Timm10/Dnlz/Yme1l1/Lap3/Timm8b/Clpb,Temp_main,Up
MITOPATHWAYS_Mitochondrial_central_dogma.mtRNA_metabolism.mtRNA_stability_and_decay,Mitochondrial Central Dogma Mtrna Metabolism Mtrna Stability and Decay,MitoPathways,1.1351231,0.289993908,0.556872621,17,Grsf1/Fastkd1/Fastkd2/Pde12/Pnpt1/Fastkd3/Tbrg4,Temp_main,Up
MITOPATHWAYS_Metabolism.Carbohydrate_metabolism.TCA_cycle,Metabolism Carbohydrate Metabolism TCA Cycle,MitoPathways,-1.12879588,0.293623746,0.556872621,20,Sdha/Mdh2/Idh2/Ogdhl/Suclg2/Idh3g,Temp_main,Down
MITOPATHWAYS_Metabolism.Detoxification.Xenobiotic_metabolism,Metabolism Detoxification Xenobiotic Metabolism,MitoPathways,1.08773275,0.34596938,0.634277197,15,Akr1b8/Gstk1/Mpst/Maoa,Temp_main,Up
MITOPATHWAYS_Signaling.Calcium_homeostasis,Signaling Calcium Homeostasis,MitoPathways,-1.06690422,0.364319982,0.646374161,21,Micu1/Slc25a3/Smdt1/Micu2/Slc8b1/Slc25a5/Slc25a4,Temp_main,Down
MITOPATHWAYS_Metabolism.Metals_and_cofactors.Fe-S_cluster_biosynthesis,Metabolism Metals and Cofactors Fe-S Cluster Biosynthesis,MitoPathways,1.04191759,0.391499968,0.672890571,23,Cisd3/Grpel2/Fdx1/Hspa9/Nfs1/Iba57,Temp_main,Up
MITOPATHWAYS_Mitochondrial_central_dogma.Translation.mt-tRNA_synthetases,Mitochondrial Central Dogma Translation Mt-Trna Synthetases,MitoPathways,-1.00678348,0.444296502,0.732709947,22,Wars2/Qrsl1/Tars2/Mars2/Cars2/Iars2,Temp_main,Down
MITOPATHWAYS_Mitochondrial_dynamics_and_surveillance.Apoptosis,Mitochondrial Dynamics and Surveillance Apoptosis,MitoPathways,0.998308919,0.452947967,0.732709947,31,Bcl2l1/Ghitm/Bcl2l2/Htra2/Bik,Temp_main,Up
MITOPATHWAYS_OXPHOS.Complex_I.CI_assembly_factors,OXPHOS Complex I Ci Assembly Factors,MitoPathways,-0.990251205,0.468264545,0.735844284,21,Tmem126a/Lyrm2/Ndufaf7/Aifm1/Tmem186/Foxred1/Acad9/Dmac2,Temp_main,Down
MITOXPLORER_Fe_S_Cluster_Biosynthesis,Fe S Cluster Biosynthesis,MitoXplorer,-0.893035712,0.621170283,0.751942974,25,Glrx5/Bola1/Ciao2a/Nfu1/Bola3/Iscu/Mms19/Hscb/Nubp1/Slc25a28,Temp_main,Down
MITOXPLORER_Mitochondrial_Dynamics,Mitochondrial Dynamics,MitoXplorer,-0.882190509,0.680025833,0.782029708,53,Mff/Chchd6/Immt/Arpc5/Oma1/Fundc2/Fundc1/Msto1/Wdr81/Trak1/Slc25a5/Slc25a4/Kif1b,Temp_main,Down
MITOPATHWAYS_Mitochondrial_central_dogma.Translation.Mitochondrial_ribosome,Mitochondrial Central Dogma Translation Mitochondrial Ribosome,MitoPathways,0.969773124,0.513597428,0.784662737,81,Mrps2/Mrps6/Mrps7/Mrps22/Mrpl50/Chchd1/Mrpl42/Mrpl1/Mrpl47/Mrps18a/Mrpl51/Mrpl13/Mrpl14/Mrps25/Mrpl12/Aurkaip1/Mrpl45/Mrps12/Mrpl15/Mrpl38/Mrpl28/Mrps30/Mrps31/Mrpl36/Mrps16/Mrps24/Mrps15/Mrpl39/Gadd45gip1/Mrpl46/Mrps36/Ptcd3/Mrpl19,Temp_main,Up
MITOPATHWAYS_Metabolism.Lipid_metabolism.Cardiolipin_synthesis,Metabolism Lipid Metabolism Cardiolipin Synthesis,MitoPathways,0.929703902,0.555795975,0.826183206,16,Crls1/Agpat4/Agpat5,Temp_main,Up
MITOPATHWAYS_Mitochondrial_central_dogma.mtRNA_metabolism,Mitochondrial Central Dogma Mtrna Metabolism,MitoPathways,0.938631581,0.581669811,0.841890516,75,Yrdc/Grsf1/Dhx30/Noa1/Mtres1/Fastkd1/Pus1/Mrps7/Eral1/Mrm3/Fastkd2/Mrpl47/Pde12/Qtrt1/Osgepl1/Pnpt1/Mrpl12/Nsun2/Hsd17b10/Dus2/Fastkd3/Tbrg4/Trmt10c/Tefm/Polrmt/Rpusd4/Mrm2/Ptcd2,Temp_main,Up
MITOPATHWAYS_Metabolism.Metals_and_cofactors.Heme_synthesis_and_processing,Metabolism Metals and Cofactors Heme Synthesis and Processing,MitoPathways,-0.882017732,0.623098268,0.870053155,15,Abcb7/Fech/Abcb10/Slc25a38,Temp_main,Down
MITOPATHWAYS_Mitochondrial_central_dogma.mtRNA_metabolism.mt-rRNA_modifications,Mitochondrial Central Dogma Mtrna Metabolism Mt-Rrna Modifications,MitoPathways,-0.878632137,0.63370928,0.870053155,18,Mtpap/Mettl15/Rcc1l/Trub2/Trit1/Ngrn/Trmt2b/Mettl17/Nsun4,Temp_main,Down
MITOPATHWAYS_Metabolism.Detoxification.ROS_and_glutathione_metabolism,Metabolism Detoxification ROS and Glutathione Metabolism,MitoPathways,-0.875467494,0.65291798,0.870053155,26,Sod1/Msrb2/Cat/Aldh3a2/Oxr1/Glrx2/Msra,Temp_main,Down
MITOPATHWAYS_Metabolism.Lipid_metabolism.Phospholipid_metabolism,Metabolism Lipid Metabolism Phospholipid Metabolism,MitoPathways,0.868740631,0.664603621,0.870053155,23,Agpat4/Agpat5/Prelid3b/Chpt1/Pisd/Acp6/Osbpl1a/Prelid1/Pgs1/Ptpmt1,Temp_main,Up
MITOPATHWAYS_Metabolism.Nucleotide_metabolism,Metabolism Nucleotide Metabolism,MitoPathways,-0.868459434,0.680223375,0.870053155,34,Cmpk2/Fhit/Guk1/Dguok/Fam173a/Dtymk/Suclg2/Tk2/Slc25a5/Slc25a4,Temp_main,Down
MITOPATHWAYS_OXPHOS.OXPHOS_assembly_factors,OXPHOS OXPHOS Assembly Factors,MitoPathways,-0.866313791,0.72319156,0.872492786,65,Smim20/Tmem126b/Cox7a2l/Atpsckmt/Coa5/Atpaf1/Cox16/Tmem126a/Lyrm2/Ndufaf7/Surf1/Apopt1/Sdhaf1/Coa7/Aifm1/Tmem186/Cox18/Uqcc3/Cmc1/Timm21/Foxred1/Acad9/Dmac2,Temp_main,Down
MITOPATHWAYS_Metabolism.Nucleotide_metabolism.Nucleotide_synthesis_and_processing,Metabolism Nucleotide Metabolism Nucleotide Synthesis and Processing,MitoPathways,-0.826084698,0.726723761,0.872492786,23,Dut/Nme4/Nt5m/Ak3/Dhodh/Cmpk2/Fhit/Guk1/Dguok/Dtymk/Suclg2/Tk2,Temp_main,Down
MITOPATHWAYS_Mitochondrial_dynamics_and_surveillance.Fission,Mitochondrial Dynamics and Surveillance Fission,MitoPathways,0.809891714,0.729721239,0.872492786,15,Mief1/Spire1/Mtfr1,Temp_main,Up
MITOXPLORER_Mitophagy,Mitophagy,MitoXplorer,0.721234508,0.855919993,0.937436183,17,Atg9b,Temp_main,Up
MITOPATHWAYS_Mitochondrial_central_dogma.Translation,Mitochondrial Central Dogma Translation,MitoPathways,0.857689295,0.844688289,0.946906482,153,Hemk1/Mief1/Mrps2/Grsf1/Dhx30/Noa1/Mrps6/Mtres1/Mrps7/Mrps22/Eral1/Mrpl50/Chchd1/Mrm3/Mrpl42/Mrpl1/Fastkd2/Tsfm/Mrpl47/Coa3/Ears2/Yars2/Mrps18a/Mrpl51/Mrpl13/Mrpl14/Mrps25/Mrpl12/Aurkaip1/Mrpl45/Mrps12/Mrpl15/Mrpl38/Gars/Mrpl28/Mrps30/Mrps31/Mrpl36/Mrps16/Mrps24/Mtg2/Mrps15/Mrpl39/Gadd45gip1/Mrpl46/Mrps36/Gatc/Ptcd3/Mrpl19,Temp_main,Up
MITOPATHWAYS_Mitochondrial_dynamics_and_surveillance,Mitochondrial Dynamics and Surveillance,MitoPathways,-0.782738203,0.912473519,0.946906482,97,Dnm1l/Micos13/Rmdn3/Tomm20/Fis1/Usp30/Rab24/Mief2/Sphk2/Park7/Chchd3/Pink1/Mff/Chchd6/Endog/Immt/Oma1/Casp8/Mtx3/Casp9/Mcl1/Bid/Fundc2/Samm50/Bbc3/Aifm1/Fkbp8/Fundc1/Atp5l/Diablo/Parl/Stx17/Bcl2l11/Nipsnap2,Temp_main,Down
MITOPATHWAYS_OXPHOS.Complex_IV.CIV_assembly_factors,OXPHOS Complex IV Civ Assembly Factors,MitoPathways,-0.771119885,0.821345007,0.946906482,27,Coa5/Cox16/Surf1/Apopt1/Coa7/Cox18/Cmc1/Timm21,Temp_main,Down
MITOPATHWAYS_Protein_import_sorting_and_homeostasis.Protein_homeostasis.Proteases,Protein Import Sorting and Homeostasis Protein Homeostasis Proteases,MitoPathways,-0.762101385,0.837438145,0.946906482,28,Pitrm1/Pmpcb/Immp2l/Oma1/Casp9/Xpnpep3/Metap1d/Parl,Temp_main,Down
MITOPATHWAYS_Metabolism.Detoxification,Metabolism Detoxification,MitoPathways,-0.732771707,0.905829596,0.946906482,43,Sod1/Msrb2/Bphl/Abhd10/Cat/Gstz1/Aldh1b1/Mtarc2/Aldh3a2/Oxr1/Glrx2/Msra,Temp_main,Down
MITOPATHWAYS_Mitochondrial_central_dogma.mtRNA_metabolism.mt-tRNA_modifications,Mitochondrial Central Dogma Mtrna Metabolism Mt-Trna Modifications,MitoPathways,0.706548283,0.889561239,0.946906482,22,Yrdc/Pus1/Qtrt1/Osgepl1/Nsun2/Hsd17b10/Dus2/Trmt10c/Rpusd4,Temp_main,Up
MITOPATHWAYS_Mitochondrial_central_dogma.Translation.Translation_factors,Mitochondrial Central Dogma Translation Translation Factors,MitoPathways,0.687479341,0.887945885,0.946906482,16,Hemk1/Tsfm/Coa3,Temp_main,Up
MITOPATHWAYS_Mitochondrial_central_dogma,Mitochondrial Central Dogma,MitoPathways,-0.818201391,0.941885249,0.959327568,227,Gtpbp10/Mars2/Ngrn/Dap3/Mtg1/Mrpl4/Endog/Apex1/Mrps35/Mettl8/Pif1/Trmt2b/Mrpl58/Poldip2/Mrpl30/Mrpl54/Mtif2/Mrpl48/Trmt1/Mettl17/Rbfa/Mrpl24/Mrpl2/Mrps9/Timm21/Rexo2/Exog/Trmu/Mrpl41/Nsun4/Metap1d/Mrpl27/Nsun3/Cars2/Mrps5/Mrpl9/Ssbp1/Guf1/Angel2/Dna2/Polg2/Iars2,Temp_main,Down
MITOPATHWAYS_OXPHOS.Complex_IV,OXPHOS Complex IV,MitoPathways,-0.66035336,0.964092751,0.964092751,41,Coa5/Cox7c/Cox16/Cox7b/Surf1/Apopt1/Coa7/Cox4i1/Ndufa4/Cox18/Cmc1/Timm21,Temp_main,Down
MITOXPLORER_Translation,Translation,MitoXplorer,-0.776793311,0.968676463,0.998278211,180,Mrps11/Qrsl1/Bphl/Tars2/Gtpbp10/Mars2/Dap3/Mtg1/Mrpl4/Mrps35/Trmt2b/Mrpl58/Mrpl30/Mrpl54/Mtif2/Mrpl48/Mettl17/Rbfa/Mrpl24/Sbds/Mrpl2/Mrps9/Rexo2/Trmu/Mrpl41/Nsun4/Mrpl27/Nsun3/Cars2/Mrps5/Mrpl9/Guf1/Iars2/Eif2ak3/Rnasel,Temp_main,Down
MITOXPLORER_Mitochondrial_Signaling,Mitochondrial Signaling,MitoXplorer,-0.429016023,0.998278211,0.998278211,18,Chchd2/Akap10/Ide/Gsk3b/Mtor/Sirt4/Prkce/Sirt5/Shc1/Mavs,Temp_main,Down
TRANSPORTDB_ABC,ABC,TransportDB,-2.30019073,5.05727782e-8,4.55155004e-7,31,Abcb1b/Abcd1/Abcg3/Tap1/Abca7/Abcc4/Abcd4/Abcb10/Abca2/Abcb11/Abcc10/Tap2/Abcb4/Abcg1/Abcg2/Abcc8/Abcc5/Abca1,WT_heat,Down
HSR_core,Hsr Core,HSR_lens,2.04905631,1.28306639e-5,1.28306639e-5,47,Hsph1/Hspa4l/Dnaja3/Hspa1b/Bag3/Hspa1a/Hsf1/Dnaja1/Hspa13/St13/Fkbp4/Ptges3/Hsp90aa1/Htra2/Chordc1/Hspb1/Bag5/Hspa9/Hspa4/Dnajb1/Clpb/Dnajc2/Bag2,WT_heat,Up
HSR_sensitivity,Hsr Sensitivity,HSR_lens,1.82984923,7.81185228e-6,1.28306639e-5,148,Hsph1/Hspa4l/Dnaja3/Hspa1b/Bag3/Hspa1a/Hsf1/Il1a/Aaas/Ano1/Dnaja1/Hspa13/Nup98/St13/Nup54/Nup50/Fkbp4/Ptges3/Thbs1/Ranbp2/Pom121/Nup37/Camk2g/Hsp90aa1/Htra2/Ndc1/Chordc1/Hspa5/Hspb1/Nup35/Mapkapk2/Nf1/Bag5/Hdac2/Eef1a1/Ep300/Hspa9/Mapk3/Rps19bp1/Eif2s1/Hspa4/Ywhae/Dnajb1/Clpb/Nup43/Dnajc2/Nup188/Bag2/Pdcd6,WT_heat,Up
TCR_activation,TCR Activation,TCR_activation,1.71866102,0.00135892645,0.00135892645,66,Lta/Lcp2/Nfatc1/Nr4a2/Il2/Nr4a3/Ier3/Tnfrsf4/Nr4a1/Dusp5/Itk/Rel/Jund/Cd40lg/Egr2/Odc1/Egr3/Cd83/Egr1/Tnfrsf9/Batf/Dusp1/Bcl10/Atf3/Dusp2/Tnf/Junb,WT_heat,Up
MITOPATHWAYS_Metabolism,Metabolism,MitoPathways,-1.48113068,2.68000715e-4,0.0147400393,406,Auh/Grhpr/Mcat/Plscr3/Slc25a42/Bckdk/Coq7/Idh2/Aldh4a1/Chchd7/Cpt2/Sdha/Acad8/Mpc2/Fam210b/Mlycd/Pycr2/Prodh/Ndufs2/Pdk1/Pdhb/Slc25a3/Cat/Ehhadh/Hint2/Hibch/Guk1/Abcb7/Oxct1/Aldh18a1/Bdh1/Taz/Acly/Nmnat3/Me2/Tstd1/Hadh/Fech/Mecr/Mpc1/Mccc2/Pdp1/Fasn/Ndufv2/Aldh6a1/Nudt19/Mccc1/Tamm41/Acadm/Acad10/Ogdhl/Mtarc2/Mthfd2l/Acsf2/Dguok/Hadhb/Abcb10/Cbr4/Scp2/Ivd/Hscb/Lypla1/Oat/Tk2/Mmab/Suclg2/Pdk2/Pank2/Aldh3a2/Coq9/Dtymk/Acot2/Coq2/Qdpr/Mmut/Dhrs4/Oxr1/Coq10a/Lias/Crot/Idh3g/Mocs1/Suox/Eci2/Msra/Mthfd1l/Acaa2/Slc25a28/Slc25a5/Sfxn5/Fam173a/Pdha1/Glrx2/Acss1/Slc25a38/Sfxn3/Bckdha/Ndufv1/Dna2/Pccb/Fdps/Sardh/Gcsh/Pdpr/Coq8a/Acat1/Slc25a4/Zadh2/Acsl6,WT_heat,Down
MITOPATHWAYS_Metabolism.Lipid_metabolism.Fatty_acid_oxidation,Metabolism Lipid Metabolism Fatty Acid Oxidation,MitoPathways,-1.79041492,0.00150631494,0.038458631,39,Hadh/Acadm/Acad10/Acsf2/Hadhb/Mmut/Crot/Eci2/Acaa2/Acss1/Pccb/Acat1/Acsl6,WT_heat,Down
MITOPATHWAYS_Metabolism.Lipid_metabolism,Metabolism Lipid Metabolism,MitoPathways,-1.58958013,0.00209774351,0.038458631,109,Mcat/Plscr3/Cpt2/Mlycd/Ehhadh/Hint2/Taz/Hadh/Mecr/Fasn/Tamm41/Acadm/Acad10/Acsf2/Hadhb/Cbr4/Scp2/Lypla1/Acot2/Mmut/Lias/Crot/Eci2/Acaa2/Acss1/Pccb/Fdps/Gcsh/Acat1/Zadh2/Acsl6,WT_heat,Down
MITOPATHWAYS_Metabolism.Carbohydrate_metabolism,Metabolism Carbohydrate Metabolism,MitoPathways,-1.66707918,0.00291137543,0.0400314122,65,Auh/Idh2/Sdha/Mpc2/Pdk1/Pdhb/Oxct1/Bdh1/Acly/Me2/Mpc1/Pdp1/Ogdhl/Hadhb/Suclg2/Pdk2/Mmut/Idh3g/Acaa2/Sfxn5/Pdha1/Pccb/Pdpr/Acat1,WT_heat,Down
MITOPATHWAYS_Metabolism.Amino_acid_metabolism.Branched-chain_amino_acid_metabolism,Metabolism Amino Acid Metabolism Branched-Chain Amino Acid Metabolism,MitoPathways,-1.71671393,0.00557869249,0.0438325839,25,Etfa/Ppm1k/Bckdhb/Echs1/Hadha/Bcat2/Auh/Bckdk/Acad8/Hibch/Mccc2/Aldh6a1/Mccc1/Ivd/Bckdha/Acat1,WT_heat,Down
MITOPATHWAYS_OXPHOS.Complex_I.CI_subunits,OXPHOS Complex I Ci Subunits,MitoPathways,-1.69037032,0.00524066446,0.0438325839,36,Ndufc2/Ndufa7/Ndufs1/Ndufs8/Ndufb8/Ndufb7/Ndufa11/Ndufa8/Ndufs2/Ndufb10/Ndufv2/Ndufa9/Ndufs3/Ndufa10/Ndufv1/Ndufb2,WT_heat,Down
MITOPATHWAYS_Small_molecule_transport,Small Molecule Transport,MitoPathways,-1.60508299,0.00402268025,0.0438325839,75,Romo1/Mpv17l/Micu1/Slc25a42/Sfxn2/Mpc2/Slc25a3/Mpv17/Slc25a27/Abcb7/Abcd1/Mrs2/Mpc1/Slc25a53/Smdt1/Abcb10/Slc8b1/Slc25a16/Micu2/Slc25a28/Slc25a5/Sfxn5/Slc25a38/Sfxn3/Slc25a40/Slc25a45/Slc25a4,WT_heat,Down
MITOPATHWAYS_Mitochondrial_central_dogma.mtRNA_metabolism.mtRNA_granules,Mitochondrial Central Dogma Mtrna Metabolism Mtrna Granules,MitoPathways,1.63540556,0.0117488882,0.0807736064,28,Grsf1/Noa1/Fastkd1/Dhx30/Mrps7/Pus1/Mrpl47/Eral1/Fastkd2/Alkbh1/Hsd17b10/Ptcd2/Trmt10c/Prorp/Mrm2,WT_heat,Up
MITOPATHWAYS_OXPHOS.OXPHOS_subunits,OXPHOS OXPHOS Subunits,MitoPathways,-1.47625541,0.0141774954,0.0866402495,81,Ndufa7/Cox5b/Ndufs1/Atp5o/Sdhb/Ndufs8/Atp5g2/Ndufb8/Ndufb7/Atp5j2/Cyc1/Ndufa11/Uqcrc1/Ndufa8/Cox7b/Cox7c/Sdha/Ndufs2/Ndufa4/Cox4i1/Ndufb10/Atp5c1/Ndufv2/Ndufa9/Atp5l/Atp5g3/Atp5a1/Ndufs3/Ndufa10/Ndufv1/Ndufb2,WT_heat,Down
MITOPATHWAYS_OXPHOS.Complex_I,OXPHOS Complex I,MitoPathways,-1.50404909,0.0177396774,0.0975682258,57,Ecsit/Ndufc2/Ndufa7/Ndufs1/Ndufs8/Ndufb8/Lyrm2/Ndufb7/Tmem126b/Tmem126a/Ndufaf7/Ndufa11/Aifm1/Ndufa8/Tmem186/Ndufs2/Ndufb10/Ndufv2/Ndufa9/Foxred1/Ndufs3/Ndufa10/Ndufv1/Dmac2/Acad9/Ndufb2,WT_heat,Down
MITOPATHWAYS_Mitochondrial_dynamics_and_surveillance.Autophagy,Mitochondrial Dynamics and Surveillance Autophagy,MitoPathways,-1.54833784,0.0337730049,0.168865025,17,Pink1/Park7/Fkbp8/Fundc1/Parl/Stx17/Nipsnap2,WT_heat,Down
MITOPATHWAYS_Metabolism.Metals_and_cofactors,Metabolism Metals and Cofactors,MitoPathways,-1.34899306,0.0369467438,0.169339242,109,Spr/Sirt5/Ndufs1/Sdhb/Abat/Ppox/Ndufs8/Iscu/Sirt4/Bola3/Kyat3/Nudt13/Glrx5/Naxd/Nfu1/Cyc1/Slc25a42/Coq7/Chchd7/Cpt2/Fam210b/Ndufs2/Slc25a3/Abcb7/Nmnat3/Fech/Ndufv2/Nudt19/Mtarc2/Abcb10/Hscb/Pank2/Coq9/Coq2/Qdpr/Coq10a/Lias/Mocs1/Suox/Slc25a28/Glrx2/Slc25a38/Ndufv1/Dna2/Coq8a,WT_heat,Down
MITOPATHWAYS_OXPHOS,OXPHOS,MitoPathways,-1.30477955,0.0410877147,0.173832639,145,Cox7a2l/Atp5g1/Sdhaf2/Atpsckmt/Cox10/Ecsit/Ndufc2/Smim20/Ndufa7/Atpaf1/Cox5b/Ndufs1/Atp5o/Sdhb/Ndufs8/Coa5/Atp5g2/Ndufb8/Lyrm2/Apopt1/Surf1/Ndufb7/Atp5j2/Tmem126b/Tmem126a/Cyc1/Ndufaf7/Ndufa11/Uqcrc1/Aifm1/Ndufa8/Cox7b/Cox7c/Sdhaf1/Coa7/Sdha/Tmem186/Cox18/Ndufs2/Cox16/Ndufa4/Cmc1/Cox4i1/Ndufb10/Atp5c1/Ndufv2/Ndufa9/Atp5l/Timm21/Uqcc3/Foxred1/Atp5g3/Atp5a1/Ndufs3/Ndufa10/Ndufv1/Dmac2/Acad9/Ndufb2,WT_heat,Down
MITOPATHWAYS_Metabolism.Amino_acid_metabolism,Metabolism Amino Acid Metabolism,MitoPathways,-1.36064093,0.0467481232,0.183653341,74,Shmt2/Etfa/Ppm1k/Slc25a29/Dhtkd1/Kyat3/Sugct/Bckdhb/Echs1/Ldhb/Nat8l/Hadha/Bcat2/Auh/Grhpr/Bckdk/Aldh4a1/Acad8/Pycr2/Prodh/Hibch/Aldh18a1/Hadh/Mccc2/Aldh6a1/Mccc1/Hadhb/Ivd/Oat/Acaa2/Slc25a38/Sfxn3/Bckdha/Sardh/Gcsh/Acat1,WT_heat,Down
MITOXPLORER_Calcium_Signaling___Transport,Calcium Signaling Transport,MitoXplorer,-1.58872809,0.0205907303,0.239965958,22,Tchp/Letm2/Pml/Micu1/Hint2/Smdt1/Pacs2/Itpr3/Slc8b1/Micu2/Mcur1/Itpr2,WT_heat,Down
MITOXPLORER_Import___Sorting,Import Sorting,MitoXplorer,1.5096125,0.020866605,0.239965958,47,Hspe1/Chchd4/Timm17a/Grpel2/Tomm70a/Pmpca/Dnajc15/Timmdc1/Timm9/Chchd5/Ppif/Timm50/Timm10/Timm17b/Tomm5/Timm8b/Yme1l1/Dnlz,WT_heat,Up
MITOPATHWAYS_OXPHOS.Complex_V.CV_subunits,OXPHOS Complex V Cv Subunits,MitoPathways,-1.42167633,0.0773705303,0.283691945,17,Atp5b/Atp5pb/Atp5g1/Atp5o/Atp5g2/Atp5j2/Atp5c1/Atp5l/Atp5g3/Atp5a1,WT_heat,Down
MITOXPLORER_Fatty_Acid_Degradation___Beta_oxidation,Fatty Acid Degradation beta Oxidation,MitoXplorer,-1.45544684,0.0456510462,0.295822792,30,Acacb/Aldh1b1/Acads/Hadha/Acat2/Cpt2/Acad8/Hadh/Acadm/Acad10/Hadhb/Aldh3a2/Eci2/Acaa2/Acsl3/Acad9,WT_heat,Down
MITOXPLORER_Pyruvate_Metabolism,Pyruvate Metabolism,MitoXplorer,-1.42008448,0.0678645793,0.295822792,22,Mpc2/Pdk1/Pdhb/Me2/Mpc1/Pdp1/Pdk2/Pdha1/Acss1/Pdpr,WT_heat,Down
MITOXPLORER_Fatty_Acid_Biosynthesis___Elongation,Fatty Acid Biosynthesis Elongation,MitoXplorer,-1.41570812,0.0771711632,0.295822792,17,Echs1/Echdc2/Mcat/Acsl5/Mecr/Cbr4/Acot2/Acsl6,WT_heat,Down
MITOXPLORER_Protein_Stability___Degradation,Protein Stability Degradation,MitoXplorer,1.40022274,0.0701794658,0.295822792,27,Dnaja3/Hspa1b/Hspa1a/Dnaja1/Hspd1/Dnajc11/Uba1/Clpb/Pet100/Atad1,WT_heat,Up
MITOXPLORER_Tricarboxylic_Acid_Cycle,Tricarboxylic Acid Cycle,MitoXplorer,-1.35412651,0.100717205,0.305834365,22,Mdh2/Idh2/Aco1/Mdh1/Ogdhl/Suclg2/Idh3g/Idh1,WT_heat,Down
MITOXPLORER_Glycolysis,Glycolysis,MitoXplorer,1.29913926,0.127521118,0.305834365,26,Pcx/Eno2/Hk2/Slc2a1/Pfkp/Aldoa/Pgam1/Aldoc/Slc2a3/Pgk1,WT_heat,Up
MITOXPLORER_Transcription__nuclear_,Transcription Nuclear,MitoXplorer,1.28733719,0.143869198,0.305834365,22,Yap1/Foxo3/Hif1a/Pprc1/Sp1/Creb1/Gabpa/Pparg/E2f1,WT_heat,Up
MITOXPLORER_ROS_Defense,ROS Defense,MitoXplorer,-1.26263481,0.147007498,0.305834365,31,Romo1/Mpv17l/Park7/Mpv17/Cat/Oxr1/Msra/Glrx2/Gclc,WT_heat,Down
MITOXPLORER_Amino_Acid_Metabolism,Amino Acid Metabolism,MitoXplorer,-1.19558029,0.159565756,0.305834365,67,Bcat2/Auh/Bckdk/Aldh4a1/Pycr2/Prodh/Fahd2a/Hibch/Oxct1/Aldh18a1/Mccc2/Aldh6a1/Mccc1/Ass1/Ivd/Oat/Abhd16a/Qdpr/Mmut/Suox/Glul/Bckdha/Gcsh/Acat1,WT_heat,Down
MITOXPLORER_Oxidative_Phosphorylation,Oxidative Phosphorylation,MitoXplorer,-1.19015516,0.113839866,0.305834365,157,Cox10/Cox6c/Ecsit/Etfdh/Ndufc2/Ndufa7/Atpaf1/Cox5b/Ndufs1/Atp5o/Sdhb/Ndufs8/Etfrf1/Coa5/Atp5g2/Ndufb8/Etfa/Surf1/Oxa1l/Ndufb7/Atp5j2/Tmem126b/Cyc1/Ndufaf7/Ndufa11/Uqcrc1/Ndufa8/Cox7c/Sdhaf1/Atp5mpl/Coa7/Sdha/Tmem186/Cox18/Ndufs2/Cox16/Ndufa4/Cmc1/Tstd1/Cox4i1/Ndufb10/Atp5c1/Ndufv2/Ndufa9/Atp5l/Uqcc3/Foxred1/Atp5g3/Atp5a1/Coq10a/Cisd2/Ndufs3/Ndufa10/Ndufv1/Dmac2/Ndufb2/Nipsnap2/Coq8a,WT_heat,Down
TRANSPORTDB_MPT,MPT,TransportDB,1.31935424,0.126730256,0.318865031,19,Chchd4/Timm17a/Grpel2/Tomm70a/Timm50/Timm17b/Tomm34/Tomm7/Timm23/Tomm40,WT_heat,Up
TRANSPORTDB_F-ATPase,F-ATPase,TransportDB,-1.28539648,0.128267629,0.318865031,31,mt-Atp6/Atp6v1f/Atp5o/Atp5g2/Atp6v1h/Atp6v0a1/Atp6v0d1/Atp5c1/Atp6v1g2/Atp5g3/Atp5a1/Tcirg1/Atp6v1d,WT_heat,Down
TRANSPORTDB_MC,MC,TransportDB,-1.24642416,0.141717791,0.318865031,44,Slc25a42/Slc25a3/Slc25a27/Slc25a53/Slc25a16/Slc25a28/Slc25a5/Slc25a38/Slc25a40/Slc25a45/Slc25a4,WT_heat,Down
MITOXPLORER_Metabolism_of_Vitamins___Co_Factors,Metabolism of Vitamins Co Factors,MitoXplorer,-1.22288249,0.210197266,0.322302475,15,Naxd/Akr1b10/Nmnat3/Mmab/Pank2/Dhrs4,WT_heat,Down
MITOXPLORER_Mitochondrial_Carrier,Mitochondrial Carrier,MitoXplorer,-1.18734053,0.199751029,0.322302475,39,Slc25a42/Slc25a3/Slc25a27/Slc27a1/Slc25a53/Slc25a16/Slc25a38/Slc25a40/Slc25a45/Slc44a1,WT_heat,Down
MITOXPLORER_Replication___Transcription,Replication Transcription,MitoXplorer,-1.1720901,0.202682563,0.322302475,50,Endog/Dguok/Apex1/Phb/Tk2/Exog/Ssbp1/Nfe2l2/Dna2/Polg2,WT_heat,Down
MITOPATHWAYS_Protein_import_sorting_and_homeostasis.Protein_homeostasis.Chaperones,Protein Import Sorting and Homeostasis Protein Homeostasis Chaperones,MitoPathways,1.38670324,0.0947842911,0.325821001,16,Dnaja3/Hspe1/Hspd1/Timm9/Timm10/Timm8b/Dnlz,WT_heat,Up
MITOPATHWAYS_Metabolism.Vitamin_metabolism.Folate_and_1-C_metabolism,Metabolism Vitamin Metabolism Folate and 1-C Metabolism,MitoPathways,-1.36106652,0.10093778,0.326563405,20,Mthfd2l/Qdpr/Mthfd1l/Slc25a38/Sfxn3/Sardh,WT_heat,Down
TRANSPORTDB_P-ATPase,P-ATPase,TransportDB,1.18306022,0.219104988,0.328657482,27,Atp11a/Atp2c1/Atp8b4/Atp2b1/Atp2b4/Atp2a2/Atp10a/Atp8b2/Atp2a3/Atp1b2/Atp1a1,WT_heat,Up
TRANSPORTDB_VIC,VIC,TransportDB,-1.17161605,0.212020706,0.328657482,44,Cacna1a/Kcnk4/Hcn3/Kcns1/Cacna1d/Scn3a/Tpcn1/Hcn1/Kcnk10/Kcnk6/Kcnh2/Tpcn2/Kcnq5/Kcnh4,WT_heat,Down
TRANSPORTDB_MFS,MFS,TransportDB,-1.12383662,0.257163584,0.330638893,55,Slc22a17/Mfsd3/Slc16a5/Slc43a1/Slc49a4/Slc46a1/Slc2a2/Slc46a3/Sv2a/Slc43a2/Slc16a6/Mfsd8/Slc17a9/Slc37a3/Spns1/Mfsd1/Slc2a9/Slc22a5,WT_heat,Down
MITOXPLORER_Transmembrane_Transport,Transmembrane Transport,MitoXplorer,-1.17147421,0.248380754,0.357047334,19,Nipsnap3b/Vdac2/Sfxn2/Fam210b/Abcb7/Mrs2/Abcb10/Sfxn5/Sfxn3,WT_heat,Down
TRANSPORTDB_Plasmolipin,Plasmolipin,TransportDB,1.10196426,0.329257931,0.370415173,15,Myadm/Sypl/Plp2,WT_heat,Up
MITOPATHWAYS_Metabolism.Metals_and_cofactors.Fe-S-containing_proteins,Metabolism Metals and Cofactors Fe-S-Containing Proteins,MitoPathways,-1.28257437,0.133598548,0.386732638,30,Bola1/Etfdh/Ndufs1/Sdhb/Abat/Ndufs8/Iscu/Bola3/Glrx5/Nfu1/Ndufs2/Fech/Ndufv2/Lias/Glrx2/Ndufv1/Dna2,WT_heat,Down
MITOPATHWAYS_Small_molecule_transport.SLC25A_family,Small Molecule Transport Slc25a Family,MitoPathways,-1.26369361,0.127598843,0.386732638,44,Slc25a42/Slc25a3/Slc25a27/Slc25a53/Slc25a16/Slc25a28/Slc25a5/Slc25a38/Slc25a40/Slc25a45/Slc25a4,WT_heat,Down
MITOPATHWAYS_Metabolism.Vitamin_metabolism,Metabolism Vitamin Metabolism,MitoPathways,-1.24020806,0.142810357,0.392728481,47,Mccc1/Mthfd2l/Mmab/Qdpr/Mmut/Dhrs4/Mthfd1l/Glrx2/Slc25a38/Sfxn3/Sardh,WT_heat,Down
MITOPATHWAYS_Mitochondrial_central_dogma.mtDNA_maintenance,Mitochondrial Central Dogma Mtdna Maintenance,MitoPathways,-1.23774845,0.169787621,0.444681863,29,Tfb2m/Pif1/Endog/Apex1/Exog/Ssbp1/Dna2/Polg2,WT_heat,Down
MITOXPLORER_Metabolism_of_Lipids___Lipoproteins,Metabolism of Lipids Lipoproteins,MitoXplorer,-1.06707533,0.364232282,0.465407916,22,Gpam/Cds2/Abcd1/Nudt19/Fdps/Sardh,WT_heat,Down
MITOXPLORER_Apoptosis,Apoptosis,MitoXplorer,1.05130539,0.359336919,0.465407916,52,Bcl2l1/Ctsb/Ghitm/Tspo/Bcl2l2/Htra2/Bik/Fam162a/Mapk3/Dynll1/Alkbh7/Clic4/Aifm2/Apaf1/Rps6kb1,WT_heat,Up
MITOPATHWAYS_Protein_import_sorting_and_homeostasis,Protein Import Sorting and Homeostasis,MitoPathways,1.14392929,0.204508654,0.511271634,83,Dnaja3/Hspe1/Chchd4/Timm17a/Grpel2/Hspd1/Htra2/Pmpca/Dnajc15/Timm9/Dnajc11/Clpb/Timm50/Timm10/Atad1/Timm17b/Tomm5/Timm8b/Yme1l1/Dnlz/Lap3/Lonp1,WT_heat,Up
MITOPATHWAYS_Metabolism.Carbohydrate_metabolism.TCA_cycle,Metabolism Carbohydrate Metabolism TCA Cycle,MitoPathways,-1.19121618,0.230339702,0.534358501,20,Mdh2/Idh2/Sdha/Ogdhl/Suclg2/Idh3g,WT_heat,Down
MITOPATHWAYS_OXPHOS.Complex_V,OXPHOS Complex V,MitoPathways,-1.18297537,0.233174619,0.534358501,22,Atp5pb/Atp5g1/Atpsckmt/Atpaf1/Atp5o/Atp5g2/Atp5j2/Atp5c1/Atp5l/Atp5g3/Atp5a1,WT_heat,Down
MITOPATHWAYS_Metabolism.Detoxification.Xenobiotic_metabolism,Metabolism Detoxification Xenobiotic Metabolism,MitoPathways,1.17988439,0.24846878,0.546631315,15,Akr1b8/Mpst/Gstk1/Maoa,WT_heat,Up
MITOPATHWAYS_Mitochondrial_dynamics_and_surveillance.Apoptosis,Mitochondrial Dynamics and Surveillance Apoptosis,MitoPathways,1.13178785,0.27088214,0.573019911,31,Bcl2l1/Ifi27/Ghitm/Bcl2l2/Htra2/Bik,WT_heat,Up
MITOPATHWAYS_Mitochondrial_central_dogma.mtRNA_metabolism.mtRNA_stability_and_decay,Mitochondrial Central Dogma Mtrna Metabolism Mtrna Stability and Decay,MitoPathways,1.13025478,0.297098765,0.583586861,17,Grsf1/Fastkd1/Fastkd2/Pnpt1/Pde12/Tbrg4,WT_heat,Up
MITOPATHWAYS_Signaling,Signaling,MitoPathways,-1.10204509,0.294611009,0.583586861,43,Slc25a3/Fundc2/Mrs2/Mavs/Smdt1/Lypla1/Slc8b1/Micu2/Slc25a5/Pde2a/Slc25a4,WT_heat,Down
MITOPATHWAYS_Protein_import_sorting_and_homeostasis.Protein_homeostasis,Protein Import Sorting and Homeostasis Protein Homeostasis,MitoPathways,1.07657504,0.322614238,0.610626768,51,Dnaja3/Hspe1/Hspd1/Htra2/Pmpca/Timm9/Clpb/Timm10/Atad1/Timm8b/Yme1l1/Dnlz/Lap3/Lonp1,WT_heat,Up
MITOPATHWAYS_Signaling.Calcium_homeostasis,Signaling Calcium Homeostasis,MitoPathways,-1.07424083,0.354775259,0.610626768,21,Micu1/Slc25a3/Smdt1/Slc8b1/Micu2/Slc25a5/Slc25a4,WT_heat,Down
MITOPATHWAYS_Protein_import_sorting_and_homeostasis.Protein_import_and_sorting,Protein Import Sorting and Homeostasis Protein Import and Sorting,MitoPathways,1.07134728,0.333637912,0.610626768,45,Chchd4/Timm17a/Grpel2/Pmpca/Dnajc15/Timm9/Dnajc11/Timm50/Timm10/Timm17b/Tomm5/Timm8b,WT_heat,Up
MITOPATHWAYS_Mitochondrial_central_dogma.Translation.Mitochondrial_ribosome_assembly,Mitochondrial Central Dogma Translation Mitochondrial Ribosome Assembly,MitoPathways,1.0704113,0.355273756,0.610626768,24,Mief1/Grsf1/Noa1/Dhx30/Eral1/Fastkd2/Mrm3/Ptcd3/Mterf4/Mrm2/Mtg2/Mterf3,WT_heat,Up
MITOXPLORER_Mitochondrial_Dynamics,Mitochondrial Dynamics,MitoXplorer,-0.963800438,0.519146013,0.628439911,53,Fis1/Mief2/Dnm1l/Mff/Chchd3/Micos13/Chchd6/Arpc5/Immt/Oma1/Fundc2/Trak1/Fundc1/Msto1/Wdr81/Slc25a5/Slc25a4/Kif1b,WT_heat,Down
TRANSPORTDB_DMT,DMT,TransportDB,-0.869270175,0.659317747,0.659317747,23,Slc35b1/Tmem241/Slc35b4/Slc35a1/Slc35f5/Slc35b3/Slc35e2,WT_heat,Down
MITOPATHWAYS_Metabolism.Lipid_metabolism.Phospholipid_metabolism,Metabolism Lipid Metabolism Phospholipid Metabolism,MitoPathways,1.00163407,0.45009389,0.707199103,23,Agpat4/Agpat5/Prelid3b/Chpt1/Pgs1/Pisd,WT_heat,Up
MITOPATHWAYS_Metabolism.Lipid_metabolism.Cardiolipin_synthesis,Metabolism Lipid Metabolism Cardiolipin Synthesis,MitoPathways,0.998147518,0.458607772,0.707199103,16,Crls1/Agpat4/Agpat5,WT_heat,Up
MITOPATHWAYS_OXPHOS.Complex_I.CI_assembly_factors,OXPHOS Complex I Ci Assembly Factors,MitoPathways,-0.991494641,0.466483602,0.707199103,21,Lyrm2/Tmem126b/Tmem126a/Ndufaf7/Aifm1/Tmem186/Foxred1/Dmac2/Acad9,WT_heat,Down
MITOPATHWAYS_Metabolism.Nucleotide_metabolism,Metabolism Nucleotide Metabolism,MitoPathways,-0.988265559,0.470208531,0.707199103,34,Dguok/Tk2/Suclg2/Dtymk/Slc25a5/Fam173a/Slc25a4,WT_heat,Down
MITOPATHWAYS_Mitochondrial_central_dogma.mtRNA_metabolism,Mitochondrial Central Dogma Mtrna Metabolism,MitoPathways,0.987071299,0.475752124,0.707199103,75,Yrdc/Grsf1/Noa1/Mtres1/Fastkd1/Dhx30/Mrps7/Pus1/Mrpl47/Eral1/Fastkd2/Pnpt1/Pde12/Mrpl12/Qtrt1/Mrm3/Tbrg4/Nsun2/Tefm/Dus2/Osgepl1/Alkbh1/Hsd17b10/Ptcd2/Trmt10c/Prorp/Mrm2/Tfam/Myg1,WT_heat,Up
MITOPATHWAYS_Metabolism.Metals_and_cofactors.Fe-S_cluster_biosynthesis,Metabolism Metals and Cofactors Fe-S Cluster Biosynthesis,MitoPathways,0.964149361,0.507810404,0.73498874300000006,23,Cisd3/Grpel2/Fdx1/Hspa9/Iba57/Nfs1,WT_heat,Up
MITOPATHWAYS_Mitochondrial_central_dogma.mtRNA_metabolism.mt-rRNA_modifications,Mitochondrial Central Dogma Mtrna Metabolism Mt-Rrna Modifications,MitoPathways,-0.944362011,0.535223334,0.74393617,18,Tfb1m/Mtpap/Mettl15/Rcc1l/Trub2/Trit1/Trmt2b/Ngrn/Mettl17/Nsun4,WT_heat,Down
MITOPATHWAYS_Metabolism.Detoxification.ROS_and_glutathione_metabolism,Metabolism Detoxification ROS and Glutathione Metabolism,MitoPathways,-0.942962483,0.541044487,0.74393617,26,Cat/Aldh3a2/Oxr1/Msra/Glrx2,WT_heat,Down
MITOXPLORER_Fe_S_Cluster_Biosynthesis,Fe S Cluster Biosynthesis,MitoXplorer,-0.872412604,0.655240112,0.753526128,25,Ciapin1/Fdxr/Bola1/Narf/Iscu/Bola3/Glrx5/Nfu1/Ciao2a/Mms19/Hscb/Nubp1/Slc25a28,WT_heat,Down
MITOPATHWAYS_Mitochondrial_central_dogma.Translation.Mitochondrial_ribosome,Mitochondrial Central Dogma Translation Mitochondrial Ribosome,MitoPathways,0.941405056,0.580418111,0.778609661,81,Mrps2/Mrps6/Mrps7/Mrps22/Mrpl47/Chchd1/Mrpl42/Mrps30/Aurkaip1/Mrpl50/Mrps18a/Mrpl12/Mrpl51/Mrps16/Mrpl13/Mrpl1/Mrps31/Ptcd3/Mrps25/Mrpl15/Mrps12/Mrpl38/Mrpl46/Mrpl45/Mrpl17/Mrpl19/Mrpl36/Mrpl39/Mrpl14/Mrpl40/Mrpl28,WT_heat,Up
MITOPATHWAYS_Mitochondrial_central_dogma.Translation.mt-tRNA_synthetases,Mitochondrial Central Dogma Translation Mt-Trna Synthetases,MitoPathways,-0.896871675,0.611252551,0.800449769,22,Kars/Qrsl1/Gatb/Wars2/Tars2/Mars2/Cars2/Iars2,WT_heat,Down
MITOPATHWAYS_OXPHOS.OXPHOS_assembly_factors,OXPHOS OXPHOS Assembly Factors,MitoPathways,-0.890975849,0.673217261,0.861091846,65,Cox7a2l/Sdhaf2/Atpsckmt/Cox10/Ecsit/Smim20/Atpaf1/Coa5/Lyrm2/Apopt1/Surf1/Tmem126b/Tmem126a/Ndufaf7/Aifm1/Sdhaf1/Coa7/Tmem186/Cox18/Cox16/Cmc1/Timm21/Uqcc3/Foxred1/Dmac2/Acad9,WT_heat,Down
MITOPATHWAYS_Mitochondrial_dynamics_and_surveillance,Mitochondrial Dynamics and Surveillance,MitoPathways,-0.865221849,0.762706408,0.892528775,97,Casp9/Mff/Chchd3/Mtx3/Pink1/Micos13/Chchd6/Mcl1/Bax/Park7/Aifm1/Immt/Bid/Oma1/Bbc3/Fundc2/Casp8/Fkbp8/Endog/Samm50/Atp5l/Fundc1/Diablo/Parl/Stx17/Bcl2l11/Nipsnap2,WT_heat,Down
MITOPATHWAYS_Metabolism.Nucleotide_metabolism.Nucleotide_synthesis_and_processing,Metabolism Nucleotide Metabolism Nucleotide Synthesis and Processing,MitoPathways,-0.820262345,0.735007082,0.892528775,23,Nt5m/Nme4/Cmpk2/Dut/Ak3/Fhit/Dhodh/Guk1/Dguok/Tk2/Suclg2/Dtymk,WT_heat,Down
MITOPATHWAYS_Metabolism.Metals_and_cofactors.Heme_synthesis_and_processing,Metabolism Metals and Cofactors Heme Synthesis and Processing,MitoPathways,-0.813206125,0.72558375,0.892528775,15,Cox15/Fdxr/Cox10/Abcb6/Alas2/Ppox/Abcb7/Fech/Abcb10/Slc25a38,WT_heat,Down
MITOPATHWAYS_Mitochondrial_dynamics_and_surveillance.Fission,Mitochondrial Dynamics and Surveillance Fission,MitoPathways,0.796546823,0.747050602,0.892528775,15,Mief1/Mtfr1/Spire1,WT_heat,Up
MITOPATHWAYS_Mitochondrial_central_dogma.Translation,Mitochondrial Central Dogma Translation,MitoPathways,0.874914701,0.795114365,0.911068544,153,Hemk1/Mief1/Mrps2/Grsf1/Noa1/Mtres1/Mrps6/Dhx30/Mrps7/Mrps22/Mrpl47/Chchd1/Eral1/Ears2/Mrpl42/Mrps30/Yars2/Lars2/Fastkd2/Aurkaip1/Coa3/Mrpl50/Mrps18a/Mrpl12/Mrpl51/Mrps16/Gars/Mrm3/Tsfm/Mrpl13/Mrpl1/Mrps31/Ptcd3/Mrps25/Mrpl15/Mrps12/Mrpl38/Mterf4/Mrpl46/Mrpl45/Gatc/Mrpl17/Vars2/Mrpl19/Mrpl36/Mrpl39/Mrpl14/Mrpl40/Mrpl28,WT_heat,Up
MITOXPLORER_Mitophagy,Mitophagy,MitoXplorer,0.733145809,0.839779349,0.919758335,17,Atg9b,WT_heat,Up
MITOPATHWAYS_OXPHOS.Complex_IV.CIV_assembly_factors,OXPHOS Complex IV Civ Assembly Factors,MitoPathways,-0.766005547,0.828223825,0.929638988,27,Cox10/Smim20/Coa5/Apopt1/Surf1/Coa7/Cox18/Cox16/Cmc1/Timm21,WT_heat,Down
MITOPATHWAYS_Mitochondrial_central_dogma,Mitochondrial Central Dogma,MitoPathways,-0.822446498,0.937754466,0.937754466,227,Mtrf1l/Mrps26/Poldip2/Mrps35/Mto1/Oxa1l/Mrpl43/Gtpbp10/Mrpl54/Mrpl4/Dap3/Mrps11/Mrps34/Tfb2m/Trmt2b/Wars2/Tars2/Mtg1/Pif1/Mrpl30/Mettl8/Ngrn/Mtif2/Mars2/Mettl17/Trmt1/Rbfa/Endog/Mrps9/Mrpl48/Mrpl58/Timm21/Nsun4/Mrpl41/Mrpl27/Metap1d/Mrpl2/Apex1/Mrpl24/Nsun3/Cars2/Exog/Trmu/Ssbp1/Rexo2/Guf1/Mrpl9/Mrps5/Angel2/Dna2/Iars2/Polg2,WT_heat,Down
MITOPATHWAYS_Metabolism.Detoxification,Metabolism Detoxification,MitoPathways,0.737020867,0.903317614,0.937754466,43,Akr1b8/Aldh7a1/Mpst/Gstk1/Prxl2a/Maoa,WT_heat,Up
MITOPATHWAYS_OXPHOS.Complex_IV,OXPHOS Complex IV,MitoPathways,-0.723650114,0.912158378,0.937754466,41,Cox7a2l/Cox10/Smim20/Cox5b/Coa5/Apopt1/Surf1/Cox7b/Cox7c/Coa7/Cox18/Cox16/Ndufa4/Cmc1/Cox4i1/Timm21,WT_heat,Down
MITOPATHWAYS_Mitochondrial_central_dogma.mtRNA_metabolism.mt-tRNA_modifications,Mitochondrial Central Dogma Mtrna Metabolism Mt-Trna Modifications,MitoPathways,0.718027747,0.87478114,0.937754466,22,Yrdc/Pus1/Qtrt1/Nsun2/Dus2/Osgepl1/Alkbh1/Hsd17b10/Trmt10c,WT_heat,Up
MITOPATHWAYS_Mitochondrial_central_dogma.Translation.Translation_factors,Mitochondrial Central Dogma Translation Translation Factors,MitoPathways,-0.701935157,0.871428849,0.937754466,16,Mtrf1/Tufm/Mrrf/2810006K23Rik/Mtif3/Mtrf1l/Mtif2/Mrpl58/Timm21,WT_heat,Down
MITOPATHWAYS_Protein_import_sorting_and_homeostasis.Protein_homeostasis.Proteases,Protein Import Sorting and Homeostasis Protein Homeostasis Proteases,MitoPathways,-0.672906142,0.933310103,0.937754466,28,Pitrm1/Immp2l/Casp9/Oma1/Xpnpep3/Metap1d/Parl,WT_heat,Down
MITOXPLORER_Translation,Translation,MitoXplorer,-0.760574623,0.979995936,0.995349376,180,Mtrf1l/Mrps26/Mrps35/Mto1/Mrpl43/Gtpbp10/Mrpl54/Mrpl4/Dap3/Mrps11/Mrps34/Trmt2b/Wars2/Tars2/Mtg1/Mrpl30/Mtif2/Mars2/Mettl17/Rbfa/Sbds/Mrps9/Mrpl48/Mrpl58/Nsun4/Mrpl41/Mrpl27/Mrpl2/Mrpl24/Nsun3/Cars2/Trmu/Rexo2/Guf1/Mrpl9/Mrps5/Eif2ak3/Iars2/Rnasel,WT_heat,Down
MITOXPLORER_Mitochondrial_Signaling,Mitochondrial Signaling,MitoXplorer,-0.470273736,0.995349376,0.995349376,18,Sirt1/Mtor/Akap10/Shc1/Chchd2/Sirt5/Sirt4/Prkce/Mavs,WT_heat,Down
