pathway_id,pathway_name,database,nes_WT_heat,padj_WT_heat,nes_KO_heat,padj_KO_heat,nes_interaction,padj_interaction,sig_interaction,pattern,nes_temp_main,nes_geno_main
ADA2_TARGET_GENES,Ada2 Target Genes,TF_Targets,1.04559012,0.435754493,1.08534397,0.381107681,-1.04772196,0.757297268,False,shared_heat,1.11454272,0.987503985
ADNP_TARGET_GENES,Adnp Target Genes,TF_Targets,1.4431528,0.0445799614,1.31458747,0.128573532,1.18280264,0.552202014,False,shared_heat,1.39413012,1.20012219
AEBP2_TARGET_GENES,Aebp2 Target Genes,TF_Targets,1.12571399,0.27125434,1.1072517,0.307486142,0.969515143,0.904430752,False,shared_heat,1.12412031,-1.20276109
AHRR_TARGET_GENES,Ahrr Target Genes,TF_Targets,1.43046837,0.0122045148,1.37265509,0.0331905493,1.18046247,0.475811869,False,shared_heat,1.39543174,0.904480261
ALKBH3_TARGET_GENES,Alkbh3 Target Genes,TF_Targets,0.902729458,0.706384283,0.951993225,0.616996224,0.847565239,0.999658814,False,shared_heat,0.949956668,-0.810110568
ARHGAP35_TARGET_GENES,Arhgap35 Target Genes,TF_Targets,-1.23769988,0.293275222,-1.12627567,0.410891001,-1.11767058,0.73838064,False,shared_heat,-1.10881013,-1.04348498
ARID3B_TARGET_GENES,Arid3b Target Genes,TF_Targets,1.19842827,0.305039709,1.20761402,0.330590276,0.794779419,0.999658814,False,shared_heat,1.13902731,1.29504778
ARID5B_TARGET_GENES,Arid5b Target Genes,TF_Targets,-1.37883551,0.0465420355,-1.34126846,0.0964204685,1.22750531,0.414557019,False,shared_heat,-1.34383739,0.975673235
ARNT2_TARGET_GENES,Arnt2 Target Genes,TF_Targets,1.00503477,0.528402293,-0.891214033,0.78594453,1.30840656,0.375786574,False,shared_heat,0.949770396,-0.969774974
ASH1L_TARGET_GENES,Ash1l Target Genes,TF_Targets,-1.14224006,0.246643432,-1.18272599,0.235498197,1.1520859,0.528436719,False,shared_heat,-1.16549669,-1.02271578
ATF5_TARGET_GENES,Atf5 Target Genes,TF_Targets,1.30962648,0.165535774,1.39626278,0.115788634,-1.32852303,0.375786574,False,shared_heat,1.34778864,1.14222235
ATF6_TARGET_GENES,Atf6 Target Genes,TF_Targets,1.07844214,0.346106318,-1.02421807,0.488378843,1.12661977,0.583722661,False,shared_heat,1.05178302,-1.17373209
ATXN7L3_TARGET_GENES,Atxn7l3 Target Genes,TF_Targets,1.54172659,0.00924470902,1.64982447,0.00251424437,-1.03336968,0.791256804,False,shared_heat,1.60367792,-1.12343194
AUTS2_TARGET_GENES,Auts2 Target Genes,TF_Targets,1.3987274,0.0629197909,1.34418555,0.114704939,0.746849492,0.999658814,False,shared_heat,1.34533635,-0.821847658
BANP_TARGET_GENES,Banp Target Genes,TF_Targets,-1.25617039,0.175191086,-1.2290334,0.235498197,-0.793408036,0.999658814,False,shared_heat,-1.21510161,-0.911506239
BARHL1_TARGET_GENES,Barhl1 Target Genes,TF_Targets,1.52274709,0.00311738461,1.42597739,0.0236591589,0.923639662,0.97975828,False,shared_heat,1.4871944,1.10591367
BARX1_TARGET_GENES,Barx1 Target Genes,TF_Targets,1.28892914,0.073754947,1.09705627,0.325537531,0.986622256,0.876802204,False,shared_heat,1.19990628,-1.07122152
BARX2_TARGET_GENES,Barx2 Target Genes,TF_Targets,-1.27895455,0.0532697135,-1.39837829,0.0147813058,1.27230905,0.272354625,False,shared_heat,-1.33685275,-1.24224687
BCL6B_TARGET_GENES,Bcl6b Target Genes,TF_Targets,-1.40397079,0.166426048,-1.60098068,0.0737626699,1.31410943,0.501716407,False,shared_heat,-1.48208409,0.929806311
BDP1_TARGET_GENES,Bdp1 Target Genes,TF_Targets,-1.06982075,0.367379158,-1.13089159,0.300810582,1.05251128,0.73838064,False,shared_heat,-1.08527807,-0.97886871
BPTF_TARGET_GENES,Bptf Target Genes,TF_Targets,-1.19127506,0.202254786,-1.25872637,0.155938113,1.24267635,0.375786574,False,shared_heat,-1.24686992,1.16246379
BRCA2_TARGET_GENES,BRCA2 Target Genes,TF_Targets,1.26882869,0.0713908331,1.22993135,0.120897692,0.959120521,0.939204022,False,shared_heat,1.25246654,-1.14758889
CASP8AP2_TARGET_GENES,Casp8ap2 Target Genes,TF_Targets,1.07229929,0.418969431,1.0462816,0.468426018,0.771350971,0.999658814,False,shared_heat,1.06465021,-0.73308269
CBX5_TARGET_GENES,Cbx5 Target Genes,TF_Targets,1.47619858,0.0379167008,1.35056336,0.118233706,1.07809495,0.73838064,False,shared_heat,1.40289874,1.15104624
CBX7_TARGET_GENES,Cbx7 Target Genes,TF_Targets,1.32223017,0.110511316,1.17985116,0.249264183,1.36220436,0.272354625,False,shared_heat,1.23537654,0.941938266
CC2D1A_TARGET_GENES,Cc2d1a Target Genes,TF_Targets,1.4049013,0.0137844811,1.30883099,0.0581761618,0.883909531,0.999658814,False,shared_heat,1.36652371,0.95492028
CDC5L_TARGET_GENES,Cdc5l Target Genes,TF_Targets,-1.04556395,0.463784174,-1.18975213,0.318702256,1.21533873,0.580002225,False,shared_heat,-1.11359151,-0.996888727
CDC73_TARGET_GENES,Cdc73 Target Genes,TF_Targets,1.14646345,0.279513424,-1.04056522,0.467103792,0.970622088,0.888213669,False,shared_heat,1.08641521,0.927046079
CDH4_TARGET_GENES,Cdh4 Target Genes,TF_Targets,-1.06372837,0.463784174,-1.12336881,0.417313264,1.62753953,0.272354625,False,shared_heat,-1.07957136,0.9224275
CEBPZ_TARGET_GENES,Cebpz Target Genes,TF_Targets,-1.24021481,0.126381156,-1.32374073,0.068612359,1.0538521,0.73838064,False,shared_heat,-1.28306098,-1.38476631
CENPT_TARGET_GENES,Cenpt Target Genes,TF_Targets,0.724734558,0.887442615,-0.761074106,0.83777767,0.977166941,0.875872718,False,shared_heat,-0.791470353,-1.31039037
CHAF1A_TARGET_GENES,Chaf1a Target Genes,TF_Targets,-1.22725058,0.30363668,-1.3338889,0.252111949,-0.904443767,0.939204022,False,shared_heat,-1.38421878,1.00201393
CHAF1B_TARGET_GENES,Chaf1b Target Genes,TF_Targets,1.06085573,0.387810611,-1.02921127,0.475969461,1.0393694,0.783349529,False,shared_heat,-1.05534422,-0.968537625
CHAMP1_TARGET_GENES,Champ1 Target Genes,TF_Targets,1.35486964,0.208157617,1.47841381,0.15779592,-0.771123215,0.999658814,False,shared_heat,1.41859061,0.93953794
CIC_TARGET_GENES,Cic Target Genes,TF_Targets,1.31085566,0.160059853,1.070838,0.414325033,1.11375631,0.670551953,False,shared_heat,1.21611663,1.06531921
CIITA_TARGET_GENES,Ciita Target Genes,TF_Targets,1.08102996,0.338706409,-0.995576845,0.548911756,1.03975029,0.772774417,False,shared_heat,-1.02591573,-1.12714716
COBLL1_TARGET_GENES,Cobll1 Target Genes,TF_Targets,1.05045962,0.466313704,0.839932382,0.784335067,1.19105499,0.631604234,False,shared_heat,0.993995818,1.37341369
CREB3L2_TARGET_GENES,Creb3l2 Target Genes,TF_Targets,0.913663375,0.648410632,0.785526403,0.824951591,-1.01712941,0.842282796,False,shared_heat,0.861010538,0.852308992
CREB3L4_TARGET_GENES,Creb3l4 Target Genes,TF_Targets,-1.13427556,0.250232586,1.17169262,0.211300627,-1.18951866,0.375786574,False,shared_heat,1.14865642,-1.30030162
CREB3_TARGET_GENES,CREB-3 Target Genes,TF_Targets,1.17899901,0.279513424,0.98570565,0.563705721,1.35144817,0.375786574,False,shared_heat,1.0230012,1.94274814
CSHL1_TARGET_GENES,Cshl1 Target Genes,TF_Targets,1.22059886,0.264800959,-1.00632657,0.532959148,1.39180353,0.375786574,False,shared_heat,1.11744767,1.7366293
CTR9_TARGET_GENES,Ctr9 Target Genes,TF_Targets,1.42115103,0.198134233,1.6061812,0.115865652,-0.723273425,0.999658814,False,shared_heat,1.50234306,0.885419377
CUX1_TARGET_GENES,Cux1 Target Genes,TF_Targets,1.24219889,0.192744543,1.1060586,0.36272495,1.06265717,0.742839455,False,shared_heat,1.17747934,1.09968295
DACH1_TARGET_GENES,Dach1 Target Genes,TF_Targets,-1.13136197,0.279513424,-1.21586067,0.224332234,1.30399582,0.309935642,False,shared_heat,-1.17172934,-1.11433057
DBP_TARGET_GENES,Dbp Target Genes,TF_Targets,1.36301854,0.0248788026,1.3189258,0.0506723781,0.955101846,0.939457641,False,shared_heat,1.32398898,-0.925853522
DICER1_TARGET_GENES,Dicer1 Target Genes,TF_Targets,1.17156753,0.357840426,1.19234952,0.370485608,-0.760846575,0.999658814,False,shared_heat,1.1750881,0.977536121
DIDO1_TARGET_GENES,Dido1 Target Genes,TF_Targets,0.969387355,0.62280908,0.918491575,0.802884091,-0.907350606,0.999658814,False,shared_heat,0.947884355,-1.06126474
DLX2_TARGET_GENES,Dlx2 Target Genes,TF_Targets,-1.21642349,0.27125434,-1.29595351,0.235681693,1.3579633,0.38138296,False,shared_heat,-1.17206215,-0.845527266
DLX4_TARGET_GENES,Dlx4 Target Genes,TF_Targets,-1.09679938,0.339748035,-1.0706027,0.41025126,1.18761695,0.519529162,False,shared_heat,-1.06626532,1.07017479
DLX6_TARGET_GENES,Dlx6 Target Genes,TF_Targets,1.29587451,0.149033299,1.29029271,0.153823428,-0.992745466,0.871866957,False,shared_heat,1.29964897,-1.04241787
DMRT1_TARGET_GENES,Dmrt1 Target Genes,TF_Targets,-0.883786195,0.77203293,-0.860798958,0.810553938,-1.08071423,0.736348645,False,shared_heat,0.894874168,-1.60978948
DNMT1_TARGET_GENES,Dnmt1 Target Genes,TF_Targets,1.34402293,0.188098085,1.36636286,0.19213757,-0.610587894,0.999658814,False,shared_heat,1.35274955,-0.816196214
DNMT3A_TARGET_GENES,Dnmt3a Target Genes,TF_Targets,0.983178428,0.569459286,1.09765915,0.370485608,-0.819280509,0.999658814,False,shared_heat,1.05695837,0.997554204
DYRK1A_TARGET_GENES,Dyrk1a Target Genes,TF_Targets,-1.06877604,0.389406275,1.03963443,0.456456157,-0.825899661,0.999658814,False,shared_heat,-0.998904473,0.76481054
E2F2_TARGET_GENES,E2f2 Target Genes,TF_Targets,1.26466947,0.0769433512,1.2280213,0.120897692,0.825912762,0.999658814,False,shared_heat,1.27019827,-1.03424668
E2F5_TARGET_GENES,E2f5 Target Genes,TF_Targets,-1.03384927,0.448477785,-1.06076804,0.412116366,-0.885624273,0.999658814,False,shared_heat,-1.00594424,1.42180293
EBNA1BP2_TARGET_GENES,Ebna1bp2 Target Genes,TF_Targets,-1.07023561,0.417220698,-1.09621975,0.40515124,1.41352549,0.309935642,False,shared_heat,-1.0953244,1.25935938
ELF2_TARGET_GENES,Elf2 Target Genes,TF_Targets,-1.01431887,0.500417041,-1.00575109,0.531848646,-0.966139564,0.939204022,False,shared_heat,-1.02055244,-1.01023779
ELF5_TARGET_GENES,Elf5 Target Genes,TF_Targets,1.12964447,0.322282945,1.19007119,0.276580341,-0.921770699,0.964636938,False,shared_heat,1.14812084,-0.921988503
EMX1_TARGET_GENES,Emx1 Target Genes,TF_Targets,-1.00415738,0.533266775,-0.864194276,0.779442906,-0.826200007,0.999658814,False,shared_heat,-0.955354994,0.883671684
EPC1_TARGET_GENES,Epc1 Target Genes,TF_Targets,1.70601447,0.00959651036,1.60939875,0.0265821408,0.994485507,0.871866957,False,shared_heat,1.73690724,1.08465204
EWSR1_TARGET_GENES,Ewsr1 Target Genes,TF_Targets,1.12707463,0.279513424,-1.02230532,0.492669366,1.10200505,0.648184243,False,shared_heat,1.11779444,-0.947065741
F10_TARGET_GENES,F10 Target Genes,TF_Targets,1.14166388,0.33333261,1.07903718,0.419827233,0.795952304,0.999658814,False,shared_heat,1.06968755,1.33621063
FEV_TARGET_GENES,Fev Target Genes,TF_Targets,1.39803404,0.0127683448,1.31492741,0.0506723781,1.00921727,0.842282796,False,shared_heat,1.35392558,-1.05202274
FOXC1_TARGET_GENES,Foxc1 Target Genes,TF_Targets,1.62243988,0.0847382156,1.43432595,0.224332234,1.51035138,0.375786574,False,shared_heat,1.50780388,0.979223121
FOXD2_TARGET_GENES,Foxd2 Target Genes,TF_Targets,1.53914038,0.00362475208,1.45955888,0.0124893557,0.908069491,0.999658814,False,shared_heat,1.50114402,0.99202873
FOXE1_TARGET_GENES,Foxe1 Target Genes,TF_Targets,1.257044,0.161442587,1.21367013,0.22333515,-0.816943601,0.999658814,False,shared_heat,1.23840292,-1.10777243
FOXG1_TARGET_GENES,Foxg1 Target Genes,TF_Targets,1.03136336,0.467811898,-0.888375905,0.779005752,0.842184762,0.999658814,False,shared_heat,0.958511615,-0.837384152
FOXJ2_TARGET_GENES,Foxj2 Target Genes,TF_Targets,1.36223446,0.120913442,1.26293444,0.22333515,0.970892963,0.885657469,False,shared_heat,1.29437798,-1.06264682
FOXN3_TARGET_GENES,Foxn3 Target Genes,TF_Targets,1.58023381,0.00311738461,1.44235507,0.023962165,1.43316845,0.121999134,False,shared_heat,1.50202537,1.33685576
FOXO4_TARGET_GENES,Foxo4 Target Genes,TF_Targets,1.16748913,0.289161151,0.984858615,0.563775065,1.21777567,0.552202014,False,shared_heat,1.10021882,-1.22060167
FOXR2_TARGET_GENES,Foxr2 Target Genes,TF_Targets,1.37530956,0.165535774,1.2920369,0.239090661,-0.82674733,0.999658814,False,shared_heat,1.28065704,-0.963557172
FXR1_TARGET_GENES,Fxr1 Target Genes,TF_Targets,-1.05631588,0.398356978,-1.18808666,0.235681693,1.08148148,0.695944794,False,shared_heat,-1.14040882,-1.08466704
GLI1_TARGET_GENES,Gli1 Target Genes,TF_Targets,-1.08660746,0.379196581,-1.08995234,0.397417201,-0.991116731,0.871866957,False,shared_heat,-1.11309654,-0.986957261
GLI3_TARGET_GENES,Gli3 Target Genes,TF_Targets,1.21333254,0.202254786,1.11043332,0.340822226,1.15119797,0.583722661,False,shared_heat,1.17545597,0.844597934
GLI4_TARGET_GENES,Gli4 Target Genes,TF_Targets,-1.311734,0.135003168,-1.2590398,0.21031726,0.845823103,0.999658814,False,shared_heat,-1.2819793,-1.5932208
GOBP_ACETYL_COA_BIOSYNTHETIC_PROCESS,Acetyl CoA Biosynthetic Process,GO_BP,-1.80976119,0.0210350395,-1.81071126,0.0259132252,0.950695616,0.896633964,False,shared_heat,-1.74222219,-0.964862063
GOBP_ACETYL_COA_METABOLIC_PROCESS,Acetyl CoA Metabolic Process,GO_BP,-2.00411737,0.00240105762,-2.06395089,0.000854304275,1.25278023,0.61117042,False,shared_heat,-1.95968302,0.944711794
GOBP_ACIDIC_AMINO_ACID_TRANSPORT,Acidic Amino Acid Transport,GO_BP,1.29007883,0.249530401,1.18857318,0.363271393,1.20668036,0.670561403,False,shared_heat,1.21227615,1.42637024
GOBP_ACTIN_FILAMENT_BASED_MOVEMENT,Actin Filament Based Movement,GO_BP,1.29054336,0.216181612,1.30279883,0.226084798,0.762144255,0.996578828,False,shared_heat,1.29395994,-1.06184845
GOBP_ACTIN_FILAMENT_BASED_PROCESS,Actin Filament Based Process,GO_BP,1.69165533,0.000174372969,1.56203694,0.00211021845,1.00219562,0.856897011,False,shared_heat,1.60468374,1.14845434
GOBP_ACTIN_FILAMENT_BUNDLE_ORGANIZATION,Actin Filament Bundle Organization,GO_BP,1.70004239,0.0120704204,1.5710384,0.0431470646,1.03258553,0.839590835,False,shared_heat,1.65301329,1.15889734
GOBP_ACTIN_FILAMENT_DEPOLYMERIZATION,Actin Filament Depolymerization,GO_BP,0.999255555,0.550189508,1.04668963,0.506988598,-1.3733583,0.492128003,False,shared_heat,0.969589446,0.785237867
GOBP_ACTIN_FILAMENT_ORGANIZATION,Actin Filament Organization,GO_BP,1.59676383,0.00719509685,1.49101564,0.0259132252,0.967210776,0.898474155,False,shared_heat,1.52877382,1.06743977
GOBP_ACTIN_FILAMENT_POLYMERIZATION,Actin Filament Polymerization,GO_BP,-1.18449399,0.310645656,-1.23163672,0.283936365,0.903302269,0.946455972,False,shared_heat,-1.16527553,1.02703737
GOBP_ACTIN_MEDIATED_CELL_CONTRACTION,Actin Mediated Cell Contraction,GO_BP,1.27130109,0.247639301,1.25834893,0.28384986,0.726545495,0.999948662,False,shared_heat,1.29844377,-1.02249672
GOBP_ACTIN_NUCLEATION,Actin Nucleation,GO_BP,0.929223722,0.630912965,0.771362615,0.820503548,0.858403751,0.950156705,False,shared_heat,0.896194402,-0.901266102
GOBP_ACTIN_POLYMERIZATION_OR_DEPOLYMERIZATION,Actin Polymerization or Depolymerization,GO_BP,-1.06756495,0.446613689,-1.07560763,0.452916537,0.7933786,0.994909646,False,shared_heat,-1.0255018,1.03708227
GOBP_ACTION_POTENTIAL,Action Potential,GO_BP,1.13905255,0.37480098,1.053991,0.487064493,0.774681031,0.994346977,False,shared_heat,1.13091612,1.25356406
GOBP_ACTIVATED_T_CELL_PROLIFERATION,Activated T Cell Proliferation,GO_BP,1.718819,0.0334844039,1.45349679,0.161967082,1.05026082,0.836393647,False,shared_heat,1.59308676,-1.05448271
GOBP_ACTIVATION_OF_IMMUNE_RESPONSE,Activation of Immune Response,GO_BP,1.44236088,0.0179618076,1.18345708,0.210597403,1.82474005,6.55080772e-05,True,WT_only,1.28323691,1.84226778
GOBP_ACTIVATION_OF_INNATE_IMMUNE_RESPONSE,Activation of Innate Immune Response,GO_BP,1.23101691,0.196612682,-1.17979911,0.294278995,1.98450858,0.000108195275,True,sign_reversal,-1.048451,2.38227719
GOBP_ACTIVATION_OF_PROTEIN_KINASE_ACTIVITY,Activation of Protein Kinase Activity,GO_BP,1.42847575,0.164633939,1.04461381,0.508986162,1.29751359,0.583108204,False,shared_heat,1.28961619,-0.782442601
GOBP_ACTIVIN_RECEPTOR_SIGNALING_PATHWAY,Activin Receptor Signaling Pathway,GO_BP,-1.10734744,0.436392631,-1.12486156,0.43564756,1.05178412,0.832981042,False,shared_heat,-1.10714738,-0.651114666
GOBP_ACTOMYOSIN_STRUCTURE_ORGANIZATION,Actomyosin Structure Organization,GO_BP,1.53429218,0.0386495404,1.43345448,0.0866104236,1.04833427,0.811351454,False,shared_heat,1.43286992,1.19780212
GOBP_ACUTE_INFLAMMATORY_RESPONSE,Acute Inflammatory Response,GO_BP,1.64588933,0.0397539576,1.47084466,0.12531693,1.56071409,0.267987106,False,shared_heat,1.5169317,0.675212792
GOBP_ACUTE_PHASE_RESPONSE,Acute Phase Response,GO_BP,1.5958702,0.0828853175,1.50762859,0.148664874,1.23692449,0.669537991,False,shared_heat,1.55909368,-0.615080579
GOBP_ACYL_COA_BIOSYNTHETIC_PROCESS,Acyl CoA Biosynthetic Process,GO_BP,-1.84710149,0.00998670888,-1.89825188,0.00914628193,1.2529722,0.5990368,False,shared_heat,-1.82467422,-0.903232951
GOBP_ACYL_COA_METABOLIC_PROCESS,Acyl CoA Metabolic Process,GO_BP,-2.0661074,0.000242238281,-2.13567918,0.00026286258,1.30965288,0.491578783,False,shared_heat,-2.0833791,-1.05900611
GOBP_ADAPTIVE_IMMUNE_RESPONSE,Adaptive Immune Response,GO_BP,1.35085379,0.0515142428,1.27437138,0.112705392,1.18502025,0.516421412,False,shared_heat,1.30980881,-0.895746204
GOBP_ADAPTIVE_IMMUNE_RESPONSE_BASED_ON_SOMATIC_RECOMBINATION_OF_IMMUNE_RECEPTORS_BUILT_FROM_IMMUNOGLOBULIN_SUPERFAMILY_DOMAINS,Adaptive Immune Response Based On Somatic Recombination of Immune Receptors B...,GO_BP,1.36880463,0.0615282946,1.28132197,0.139275051,1.24697009,0.459063284,False,shared_heat,1.3160087,0.953348059
GOBP_ADAPTIVE_THERMOGENESIS,Adaptive Thermogenesis,GO_BP,1.22689793,0.246076574,1.21015102,0.286315939,1.13945411,0.701594507,False,shared_heat,1.13951239,-1.38471031
GOBP_ADENYLATE_CYCLASE_ACTIVATING_G_PROTEIN_COUPLED_RECEPTOR_SIGNALING_PATHWAY,Adenylate Cyclase Activating G Protein Coupled Receptor Signaling Pathway,GO_BP,-1.1326521,0.380432686,-1.2528693,0.28658851,1.20837075,0.645895151,False,shared_heat,-1.13813176,-0.95732291
GOBP_ADENYLATE_CYCLASE_INHIBITING_G_PROTEIN_COUPLED_RECEPTOR_SIGNALING_PATHWAY,Adenylate Cyclase Inhibiting G Protein Coupled Receptor Signaling Pathway,GO_BP,0.669778611,0.923546347,-0.787373805,0.80215845,-0.502993469,0.999948662,False,shared_heat,-0.718566114,1.28906941
GOBP_ADENYLATE_CYCLASE_MODULATING_G_PROTEIN_COUPLED_RECEPTOR_SIGNALING_PATHWAY,Adenylate Cyclase Modulating G Protein Coupled Receptor Signaling Pathway,GO_BP,-0.978737922,0.580952133,-1.11751532,0.41282334,1.11475495,0.739144788,False,shared_heat,-1.0432718,0.893186536
GOBP_ADHERENS_JUNCTION_ORGANIZATION,Adherens Junction Organization,GO_BP,-0.705904938,0.894165172,-0.757290218,0.838178733,-0.550971794,0.999948662,False,shared_heat,-0.75667824,1.06353494
GOBP_ADIPOSE_TISSUE_DEVELOPMENT,Adipose Tissue Development,GO_BP,1.01582137,0.528261964,0.930994253,0.635759141,0.650412153,0.999948662,False,shared_heat,0.996460201,-1.13171099
GOBP_ADULT_BEHAVIOR,Adult Behavior,GO_BP,1.3283794,0.191384511,1.25138569,0.283936365,1.2359879,0.60998474,False,shared_heat,1.29534815,1.02801494
GOBP_ADULT_LOCOMOTORY_BEHAVIOR,Adult Locomotory Behavior,GO_BP,1.37573118,0.195473587,1.16507227,0.396482012,1.36607852,0.506063695,False,shared_heat,1.3016197,1.02688459
GOBP_ALCOHOL_BIOSYNTHETIC_PROCESS,Alcohol Biosynthetic Process,GO_BP,-1.50300043,0.0693857001,-1.78947115,0.0127312022,1.71844752,0.0787781904,False,shared_heat,-1.63674859,0.836758414
GOBP_ALCOHOL_CATABOLIC_PROCESS,Alcohol Catabolic Process,GO_BP,1.15113222,0.397149285,1.12226217,0.437756134,-0.791199496,0.980529725,False,shared_heat,1.13050936,0.897608219
GOBP_ALCOHOL_METABOLIC_PROCESS,Alcohol Metabolic Process,GO_BP,-1.46468736,0.0352985427,-1.63211163,0.0104868911,1.2732604,0.437440391,False,shared_heat,-1.52318706,0.83302897
GOBP_ALDEHYDE_METABOLIC_PROCESS,Aldehyde Metabolic Process,GO_BP,1.08373815,0.450060919,1.11803567,0.429584325,-0.955514,0.896633964,False,shared_heat,1.04167547,-1.33769799
GOBP_ALPHA_AMINO_ACID_BIOSYNTHETIC_PROCESS,alpha Amino Acid Biosynthetic Process,GO_BP,1.50093573,0.104201276,1.47487567,0.139275051,0.602973919,0.999948662,False,shared_heat,1.4728041,0.806267989
GOBP_ALPHA_AMINO_ACID_METABOLIC_PROCESS,alpha Amino Acid Metabolic Process,GO_BP,1.34397167,0.133087229,1.29510294,0.193968,0.801090946,0.994909646,False,shared_heat,1.32154334,-0.859605361
GOBP_ALPHA_BETA_T_CELL_ACTIVATION,alpha beta T Cell Activation,GO_BP,1.25577204,0.178293441,1.22008187,0.234205155,1.00553397,0.852313896,False,shared_heat,1.20446517,0.952608472
GOBP_ALPHA_BETA_T_CELL_DIFFERENTIATION,alpha beta T Cell Differentiation,GO_BP,1.04379254,0.474375011,1.02155051,0.51538418,0.54456943,0.999948662,False,shared_heat,0.990117021,0.977919826
GOBP_ALPHA_BETA_T_CELL_PROLIFERATION,alpha beta T Cell Proliferation,GO_BP,-1.14425889,0.388469933,-1.39913419,0.186564479,1.65523845,0.201444713,False,shared_heat,-1.25735819,1.03780803
GOBP_ALTERNATIVE_MRNA_SPLICING_VIA_SPLICEOSOME,Alternative mRNA Splicing via Spliceosome,GO_BP,-0.641385619,0.945333466,0.925835224,0.638966829,-1.25398124,0.612741338,False,shared_heat,0.759818456,1.19562104
GOBP_AMEBOIDAL_TYPE_CELL_MIGRATION,Ameboidal Type Cell Migration,GO_BP,1.60978987,0.0163070985,1.52477001,0.0416659476,1.00459062,0.853223766,False,shared_heat,1.55882996,1.26996949
GOBP_AMIDE_BIOSYNTHETIC_PROCESS,Amide Biosynthetic Process,GO_BP,-1.5602825,0.0397539576,-1.58847808,0.0403109467,0.906467874,0.945726528,False,shared_heat,-1.53123112,-0.779597004
GOBP_AMIDE_METABOLIC_PROCESS,Amide Metabolic Process,GO_BP,-1.44028083,0.0294741777,-1.56102486,0.0109523552,1.01751562,0.844399056,False,shared_heat,-1.48117668,-0.861446722
GOBP_AMIDE_TRANSPORT,Amide Transport,GO_BP,-1.09866965,0.392639841,-1.30632809,0.171518336,1.45700444,0.240587711,False,shared_heat,-1.14527684,-1.04548585
GOBP_AMINE_BIOSYNTHETIC_PROCESS,Amine Biosynthetic Process,GO_BP,1.49059986,0.135721604,1.51610248,0.14333963,-1.37086409,0.508905807,False,shared_heat,1.49009304,0.92618946
GOBP_AMINE_METABOLIC_PROCESS,Amine Metabolic Process,GO_BP,1.4857919,0.10372309,1.60887986,0.067827748,-0.802913199,0.985926477,False,shared_heat,1.52012185,-1.11987527
GOBP_AMINE_TRANSPORT,Amine Transport,GO_BP,1.29044117,0.263695323,1.04151682,0.511118784,0.773526999,0.986502275,False,shared_heat,1.1521002,0.927946963
GOBP_AMINOGLYCAN_BIOSYNTHETIC_PROCESS,Aminoglycan Biosynthetic Process,GO_BP,1.17752536,0.371332753,0.826903056,0.756916116,1.11151598,0.791459509,False,shared_heat,1.06928445,1.33087628
GOBP_AMINOGLYCAN_METABOLIC_PROCESS,Aminoglycan Metabolic Process,GO_BP,1.15978726,0.364081966,-0.831168851,0.773707899,1.18057611,0.694777195,False,shared_heat,1.10498402,-0.999783112
GOBP_AMINO_ACID_BIOSYNTHETIC_PROCESS,Amino Acid Biosynthetic Process,GO_BP,1.6075832,0.0534314863,1.55917333,0.0862486765,0.778678564,0.992649497,False,shared_heat,1.58229992,0.964620719
GOBP_AMINO_ACID_CATABOLIC_PROCESS,Amino Acid Catabolic Process,GO_BP,1.21977884,0.283898492,1.19829616,0.329458011,0.606355524,0.999948662,False,shared_heat,1.21253356,-1.01183713
GOBP_AMINO_ACID_IMPORT_ACROSS_PLASMA_MEMBRANE,Amino Acid Import Across Plasma Membrane,GO_BP,1.36594149,0.212599205,1.28149465,0.303434394,1.5779826,0.313440676,False,shared_heat,1.30337931,1.36784632
GOBP_AMINO_ACID_METABOLIC_PROCESS,Amino Acid Metabolic Process,GO_BP,1.28908286,0.160391168,1.20817763,0.264694529,0.700405722,0.999948662,False,shared_heat,1.24842268,-0.850279861
GOBP_AMINO_ACID_TRANSMEMBRANE_TRANSPORT,Amino Acid Transmembrane Transport,GO_BP,1.40659292,0.165298441,1.32429573,0.253082111,1.40815857,0.455775885,False,shared_heat,1.38053265,1.04120473
GOBP_AMINO_ACID_TRANSPORT,Amino Acid Transport,GO_BP,1.46109676,0.100072307,1.25109003,0.279074527,1.5828434,0.221700999,False,shared_heat,1.35101942,1.37118837
GOBP_AMINO_SUGAR_METABOLIC_PROCESS,Amino Sugar Metabolic Process,GO_BP,1.29968509,0.276592323,1.16228432,0.413401156,0.693222131,0.997837984,False,shared_heat,1.23426767,0.782314398
GOBP_AMYLOID_BETA_CLEARANCE,Amyloid beta Clearance,GO_BP,1.79874157,0.0189354804,1.58586081,0.0865177501,0.870575968,0.950156705,False,shared_heat,1.6938063,1.05514007
GOBP_AMYLOID_BETA_FORMATION,Amyloid beta Formation,GO_BP,0.906118287,0.663119504,0.763290928,0.846764929,-0.63609769,0.999948662,False,shared_heat,0.856293576,0.997901125
GOBP_AMYLOID_BETA_METABOLIC_PROCESS,Amyloid beta Metabolic Process,GO_BP,1.11413422,0.419647706,0.979405233,0.574297758,0.73017595,0.996578828,False,shared_heat,1.06493413,1.0275338
GOBP_AMYLOID_FIBRIL_FORMATION,Amyloid Fibril Formation,GO_BP,1.11489355,0.428804901,0.957406664,0.60442334,-0.852360197,0.950156705,False,shared_heat,1.0362553,1.05449954
GOBP_AMYLOID_PRECURSOR_PROTEIN_CATABOLIC_PROCESS,Amyloid Precursor Protein Catabolic Process,GO_BP,-0.812557031,0.804512402,-0.936483358,0.635747476,0.952638705,0.897996338,False,shared_heat,-0.90968523,0.84427415
GOBP_AMYLOID_PRECURSOR_PROTEIN_METABOLIC_PROCESS,Amyloid Precursor Protein Metabolic Process,GO_BP,-0.843753984,0.768435372,-0.93714863,0.635747476,0.915567808,0.925097941,False,shared_heat,-0.892004029,1.0307037
GOBP_ANATOMICAL_STRUCTURE_MATURATION,Anatomical Structure Maturation,GO_BP,1.64029004,0.0179618076,1.42476691,0.0943330566,1.23530853,0.546910947,False,shared_heat,1.47734656,1.6379452
GOBP_ANDROGEN_RECEPTOR_SIGNALING_PATHWAY,Androgen Receptor Signaling Pathway,GO_BP,1.36769632,0.21830909,1.44573407,0.183582163,-1.08544872,0.805596787,False,shared_heat,1.33027665,0.791822269
GOBP_ANGIOGENESIS_INVOLVED_IN_WOUND_HEALING,Angiogenesis Involved in Wound Healing,GO_BP,1.18402878,0.372743943,1.29598055,0.301060959,-0.879639507,0.944986169,False,shared_heat,1.25747505,1.09554963
GOBP_ANIMAL_ORGAN_FORMATION,Animal Organ Formation,GO_BP,1.18890988,0.364183624,1.10771687,0.454184023,0.964941704,0.889880572,False,shared_heat,1.17574663,1.22047978
GOBP_ANIMAL_ORGAN_MATURATION,Animal Organ Maturation,GO_BP,1.37471523,0.2138485,1.15618014,0.417333123,0.948120565,0.896633964,False,shared_heat,1.25142686,0.988444442
GOBP_ANIMAL_ORGAN_MORPHOGENESIS,Animal Organ Morphogenesis,GO_BP,1.91290443,1.94494479e-07,1.74562993,4.6619086e-05,1.19838282,0.46321015,False,shared_heat,1.8020315,1.46995346
GOBP_ANIMAL_ORGAN_REGENERATION,Animal Organ Regeneration,GO_BP,1.51423269,0.100392835,1.39816095,0.192392812,1.02107311,0.844399056,False,shared_heat,1.4876991,-0.733653452
GOBP_ANOIKIS,Anoikis,GO_BP,1.2923827,0.258222673,1.12787646,0.426472597,1.50434368,0.372955482,False,shared_heat,1.20207116,0.890726806
GOBP_ANTERIOR_POSTERIOR_PATTERN_SPECIFICATION,Anterior Posterior Pattern Specification,GO_BP,-1.19817392,0.311433263,-1.15373007,0.379537458,1.02982636,0.843200585,False,shared_heat,-1.16478598,1.06374418
GOBP_ANTIGEN_PROCESSING_AND_PRESENTATION,Antigen Processing and Presentation,GO_BP,-1.72443994,0.0147782322,-1.62597502,0.0364786733,-0.848008226,0.976113102,False,shared_heat,-1.69903832,-1.16288027
GOBP_ANTIGEN_PROCESSING_AND_PRESENTATION_OF_ENDOGENOUS_ANTIGEN,Antigen Processing and Presentation of Endogenous Antigen,GO_BP,-1.74249091,0.0318481678,-1.79498641,0.0270531359,1.15890044,0.743895573,False,shared_heat,-1.77371737,0.865808804
GOBP_ANTIGEN_PROCESSING_AND_PRESENTATION_OF_EXOGENOUS_ANTIGEN,Antigen Processing and Presentation of Exogenous Antigen,GO_BP,-1.83124213,0.0114086123,-1.70789557,0.0357789205,-0.928474133,0.91390394,False,shared_heat,-1.79108716,-1.5455931
GOBP_ANTIGEN_PROCESSING_AND_PRESENTATION_OF_EXOGENOUS_PEPTIDE_ANTIGEN,Antigen Processing and Presentation of Exogenous Peptide Antigen,GO_BP,-1.61354912,0.0559853592,-1.56148846,0.0912627888,-1.0056034,0.853137942,False,shared_heat,-1.588908,-1.45124673
GOBP_ANTIGEN_PROCESSING_AND_PRESENTATION_OF_EXOGENOUS_PEPTIDE_ANTIGEN_VIA_MHC_CLASS_II,Antigen Processing and Presentation of Exogenous Peptide Antigen via MHC Clas...,GO_BP,-1.34055164,0.233412781,-1.20988774,0.369017373,-1.18275934,0.705785642,False,shared_heat,-1.28935749,-2.00296851
GOBP_ANTIGEN_PROCESSING_AND_PRESENTATION_OF_PEPTIDE_ANTIGEN,Antigen Processing and Presentation of Peptide Antigen,GO_BP,-1.71474078,0.0257635623,-1.68258994,0.0381292923,-0.975103917,0.884599685,False,shared_heat,-1.69604075,-1.42512665
GOBP_ANTIGEN_PROCESSING_AND_PRESENTATION_OF_PEPTIDE_ANTIGEN_VIA_MHC_CLASS_I,Antigen Processing and Presentation of Peptide Antigen via MHC Class I,GO_BP,-1.73450941,0.0346757946,-1.78761799,0.0274770402,1.02504194,0.844399056,False,shared_heat,-1.76174814,0.83345234
GOBP_ANTIGEN_PROCESSING_AND_PRESENTATION_OF_PEPTIDE_OR_POLYSACCHARIDE_ANTIGEN_VIA_MHC_CLASS_II,Antigen Processing and Presentation of Peptide or Polysaccharide Antigen via ...,GO_BP,-1.16798691,0.376985631,-1.03018828,0.524848087,-1.27955725,0.59360652,False,shared_heat,-1.11282822,-1.91356081
GOBP_ANTIGEN_RECEPTOR_MEDIATED_SIGNALING_PATHWAY,Antigen Receptor Mediated Signaling Pathway,GO_BP,1.20160163,0.253082615,1.16024177,0.326140519,1.2145112,0.562774333,False,shared_heat,1.17211575,-1.21466596
GOBP_ANTIMICROBIAL_HUMORAL_IMMUNE_RESPONSE_MEDIATED_BY_ANTIMICROBIAL_PEPTIDE,Antimicrobial Humoral Immune Response Mediated by Antimicrobial Peptide,GO_BP,1.55810367,0.0760645169,1.51175856,0.115687985,1.20951347,0.667000186,False,shared_heat,1.54964578,-0.914220101
GOBP_ANTIMICROBIAL_HUMORAL_RESPONSE,Antimicrobial Humoral Response,GO_BP,1.51364476,0.0811092477,1.32960894,0.219267281,1.35473935,0.468928058,False,shared_heat,1.44402245,0.979157873
GOBP_ANTIVIRAL_INNATE_IMMUNE_RESPONSE,Antiviral Innate Immune Response,GO_BP,1.24215684,0.294284533,-1.21380121,0.346902996,2.64564478,8.59500909e-08,True,sign_reversal,-0.883819147,2.6939201
GOBP_AORTA_DEVELOPMENT,Aorta Development,GO_BP,1.61838961,0.0599055594,1.46484268,0.147257008,0.86217969,0.950156705,False,shared_heat,1.55480365,1.04482167
GOBP_AORTA_MORPHOGENESIS,Aorta Morphogenesis,GO_BP,1.64253096,0.0632451365,1.52541205,0.139275051,0.90691403,0.917210487,False,shared_heat,1.59137988,1.09959652
GOBP_AORTIC_VALVE_MORPHOGENESIS,Aortic Valve Morphogenesis,GO_BP,0.76154448,0.829495143,0.660314348,0.923520618,-0.829779681,0.959402271,False,shared_heat,0.709729038,1.3618554
GOBP_APICAL_JUNCTION_ASSEMBLY,Apical Junction Assembly,GO_BP,1.59306113,0.0698512913,1.56278723,0.0985540351,-0.763393949,0.994346977,False,shared_heat,1.54811003,1.56714424
GOBP_APOPTOTIC_CELL_CLEARANCE,Apoptotic Cell Clearance,GO_BP,2.03161985,0.00238878137,1.92227592,0.010475926,1.47699001,0.417535,False,shared_heat,1.98732786,1.13826557
GOBP_APOPTOTIC_MITOCHONDRIAL_CHANGES,Apoptotic Mitochondrial Changes,GO_BP,1.31250172,0.177156701,1.30218534,0.205015047,-0.895617302,0.950156705,False,shared_heat,1.33195924,-1.17872904
GOBP_APOPTOTIC_PROCESS_INVOLVED_IN_DEVELOPMENT,Apoptotic Process Involved in Development,GO_BP,-1.16888073,0.379083313,-1.34456539,0.25398468,1.07086661,0.810396877,False,shared_heat,-1.23159353,-0.872358485
GOBP_APOPTOTIC_PROCESS_INVOLVED_IN_MORPHOGENESIS,Apoptotic Process Involved in Morphogenesis,GO_BP,-0.982036111,0.575350359,-1.24909685,0.342927185,1.19804184,0.705785642,False,shared_heat,-1.13608189,-0.967158182
GOBP_APOPTOTIC_SIGNALING_PATHWAY,Apoptotic Signaling Pathway,GO_BP,1.97316555,3.73367377e-08,1.85751497,6.86101703e-06,1.06985039,0.744596471,False,shared_heat,1.87959269,1.09824774
GOBP_APPENDAGE_DEVELOPMENT,Appendage Development,GO_BP,1.7033889,0.0205350154,1.56196892,0.0621810174,-1.01085206,0.850591415,False,shared_heat,1.65486778,1.13451903
GOBP_APPENDAGE_MORPHOGENESIS,Appendage Morphogenesis,GO_BP,1.69420641,0.0306738406,1.5017123,0.110768749,-1.00171911,0.856897011,False,shared_heat,1.63396253,0.8887357
GOBP_ARACHIDONATE_METABOLIC_PROCESS,Arachidonate Metabolic Process,GO_BP,1.03954651,0.50893047,1.0688095,0.489438094,-0.796623487,0.976113102,False,shared_heat,1.0478951,-1.09312611
GOBP_ARP2_3_COMPLEX_MEDIATED_ACTIN_NUCLEATION,Arp2 3 Complex Mediated Actin Nucleation,GO_BP,1.02922332,0.522212529,0.900821238,0.66154889,0.935741252,0.903386593,False,shared_heat,0.995260434,-1.08283809
GOBP_ARTERY_DEVELOPMENT,Artery Development,GO_BP,1.83546381,0.00735947322,1.73779385,0.0220382938,0.947229487,0.904673288,False,shared_heat,1.76922932,0.97809187
GOBP_ARTERY_MORPHOGENESIS,Artery Morphogenesis,GO_BP,1.99195222,0.00176782447,1.8353939,0.0164422095,0.849385662,0.959402271,False,shared_heat,1.89082087,1.07781786
GOBP_ASSOCIATIVE_LEARNING,Associative Learning,GO_BP,-1.13455552,0.397680503,-1.1440124,0.409786886,0.744752746,0.994909646,False,shared_heat,-1.13551033,1.01873709
GOBP_ASTROCYTE_DEVELOPMENT,Astrocyte Development,GO_BP,1.22142218,0.347022727,1.01254745,0.542276057,0.76014493,0.985926477,False,shared_heat,1.15034608,-0.821289105
GOBP_ASTROCYTE_DIFFERENTIATION,Astrocyte Differentiation,GO_BP,-0.828654439,0.777601562,-1.12302319,0.425811846,1.0206265,0.844399056,False,shared_heat,-0.95428481,0.792088477
GOBP_ATP_BIOSYNTHETIC_PROCESS,ATP Biosynthetic Process,GO_BP,-1.57882403,0.0392525732,-1.42334048,0.123202945,-1.1142871,0.738566035,False,shared_heat,-1.51388543,-2.2653478
GOBP_ATP_METABOLIC_PROCESS,ATP Metabolic Process,GO_BP,-0.919951487,0.698915009,0.827969272,0.887292206,-0.984446976,0.877635327,False,shared_heat,-0.836393248,-1.84130681
GOBP_ATP_SYNTHESIS_COUPLED_ELECTRON_TRANSPORT,ATP Synthesis Coupled Electron Transport,GO_BP,-1.35664804,0.140619122,-1.12836333,0.394184911,-1.33716113,0.425025543,False,shared_heat,-1.22323719,-2.22820057
GOBP_ATRIOVENTRICULAR_VALVE_DEVELOPMENT,Atrioventricular Valve Development,GO_BP,1.50937209,0.123099938,1.47456347,0.164876362,0.96209685,0.89481449,False,shared_heat,1.44955674,0.6512798
GOBP_ATTACHMENT_OF_SPINDLE_MICROTUBULES_TO_KINETOCHORE,Attachment of Spindle Microtubules to Kinetochore,GO_BP,0.720148101,0.896634848,-0.695595776,0.914443043,0.920649053,0.915293699,False,shared_heat,-0.621835828,0.734077623
GOBP_AUTOPHAGOSOME_ORGANIZATION,Autophagosome Organization,GO_BP,0.873176776,0.712283634,-0.94119603,0.6277674,0.695170188,0.999948662,False,shared_heat,0.917346264,-0.793936154
GOBP_AUTOPHAGY_OF_MITOCHONDRION,Autophagy of Mitochondrion,GO_BP,0.923296366,0.654029583,1.11026848,0.426838464,-0.802364438,0.989918871,False,shared_heat,1.02836683,-0.820856251
GOBP_AXIS_SPECIFICATION,Axis Specification,GO_BP,-1.17955609,0.358045405,-1.29886945,0.27822643,1.07143799,0.810224311,False,shared_heat,-1.22728299,0.780027284
GOBP_AXONAL_TRANSPORT,Axonal Transport,GO_BP,1.16854716,0.378215792,1.16921441,0.397149873,0.496622359,0.999948662,False,shared_heat,1.17984043,1.64422045
GOBP_AXON_DEVELOPMENT,Axon Development,GO_BP,1.80285425,0.000298352126,1.60285452,0.010475926,1.31169279,0.386790948,False,shared_heat,1.73435986,1.7090662
GOBP_AXON_EXTENSION,Axon Extension,GO_BP,1.70336743,0.0288804725,1.50835298,0.106409483,1.32267278,0.508905807,False,shared_heat,1.63281628,1.02207023
GOBP_AXO_DENDRITIC_TRANSPORT,Axo Dendritic Transport,GO_BP,1.25439328,0.281607811,1.08019409,0.463491993,1.00857146,0.852313896,False,shared_heat,1.20977403,1.51888578
GOBP_BASEMENT_MEMBRANE_ORGANIZATION,Basement Membrane Organization,GO_BP,1.24571005,0.322444199,1.25395417,0.336694829,-1.01260852,0.852313896,False,shared_heat,1.27902985,-1.29874747
GOBP_BASE_EXCISION_REPAIR,Base Excision Repair,GO_BP,-0.652923335,0.938485828,0.929202537,0.635759141,-1.76715022,0.129697224,False,shared_heat,0.768630536,1.04846518
GOBP_BEHAVIOR,Behavior,GO_BP,1.5709789,0.00807539877,1.4766757,0.0261215299,1.33081891,0.321308883,False,shared_heat,1.50291229,1.30792181
GOBP_BICELLULAR_TIGHT_JUNCTION_ASSEMBLY,Bicellular Tight Junction Assembly,GO_BP,1.38357905,0.192646608,1.37177166,0.226084798,0.864380444,0.950156705,False,shared_heat,1.37609964,1.25724551
GOBP_BILE_ACID_METABOLIC_PROCESS,Bile Acid Metabolic Process,GO_BP,-1.38693673,0.202851554,-1.2572788,0.336309196,-0.924014781,0.910724104,False,shared_heat,-1.35133663,-1.24889848
GOBP_BIOLOGICAL_PROCESS_INVOLVED_IN_INTERACTION_WITH_HOST,Biological Process Involved in Interaction With Host,GO_BP,2.01521514,0.000149544882,1.88457347,0.001583818,1.60530433,0.116564949,False,shared_heat,1.92317176,1.47262215
GOBP_BIOLOGICAL_PROCESS_INVOLVED_IN_SYMBIOTIC_INTERACTION,Biological Process Involved in Symbiotic Interaction,GO_BP,1.99901188,8.9241279e-05,1.87639621,0.000997349238,1.51007149,0.188399315,False,shared_heat,1.93718604,1.4583073
GOBP_BIOMINERAL_TISSUE_DEVELOPMENT,Biomineral Tissue Development,GO_BP,1.53764639,0.0487491024,1.24812425,0.255721392,1.4193748,0.360454425,False,shared_heat,1.36155875,1.17568285
GOBP_BLASTOCYST_DEVELOPMENT,Blastocyst Development,GO_BP,1.51641103,0.0846570786,1.48735406,0.116026865,-0.917826347,0.926447755,False,shared_heat,1.4675113,-0.707734154
GOBP_BLASTOCYST_FORMATION,Blastocyst Formation,GO_BP,1.53515566,0.108702238,1.46815794,0.169479083,0.831382794,0.955246607,False,shared_heat,1.51494246,1.08335202
GOBP_BLOOD_VESSEL_ENDOTHELIAL_CELL_MIGRATION,Blood Vessel Endothelial Cell Migration,GO_BP,1.57663152,0.0366849746,1.50293826,0.0714493222,1.05200777,0.810396877,False,shared_heat,1.53037425,0.851008047
GOBP_BLOOD_VESSEL_MORPHOGENESIS,Blood Vessel Morphogenesis,GO_BP,1.6773901,0.000188008427,1.61663628,0.001583818,0.908494743,0.967415834,False,shared_heat,1.63537177,1.2454271
GOBP_BLOOD_VESSEL_REMODELING,Blood Vessel Remodeling,GO_BP,1.96904385,0.00544598242,1.80296648,0.0261215299,-0.959372857,0.89481449,False,shared_heat,1.98214212,1.07525633
GOBP_BODY_FLUID_SECRETION,Body Fluid Secretion,GO_BP,1.5163163,0.088636969,1.40902087,0.169289262,1.47961042,0.372918319,False,shared_heat,1.47086484,1.30318142
GOBP_BODY_MORPHOGENESIS,Body Morphogenesis,GO_BP,-0.862388751,0.702527836,-0.894337658,0.671209014,1.32355782,0.568502828,False,shared_heat,-0.890480029,1.59693898
GOBP_BONE_DEVELOPMENT,Bone Development,GO_BP,1.50169998,0.0468711923,1.21925808,0.264481426,1.20652192,0.592109154,False,shared_heat,1.35855747,0.889345798
GOBP_BONE_GROWTH,Bone Growth,GO_BP,1.47582536,0.145799651,1.10419161,0.458652064,0.833949986,0.954237152,False,shared_heat,1.3164874,-0.688226694
GOBP_BONE_MINERALIZATION,Bone Mineralization,GO_BP,1.51199793,0.070979323,1.19341341,0.332792569,1.34512221,0.462251291,False,shared_heat,1.32921615,1.39173421
GOBP_BONE_MORPHOGENESIS,Bone Morphogenesis,GO_BP,1.43803039,0.121898538,1.11057389,0.428542126,0.907569741,0.935328225,False,shared_heat,1.35905413,0.715652529
GOBP_BONE_REMODELING,Bone Remodeling,GO_BP,1.51668375,0.0952133398,1.36233067,0.213194204,1.47941131,0.380074064,False,shared_heat,1.45726057,0.83694049
GOBP_BONE_RESORPTION,Bone Resorption,GO_BP,1.25849145,0.294351753,1.09619252,0.456639778,1.35770011,0.509321892,False,shared_heat,1.186853,0.566593861
GOBP_BRANCHED_CHAIN_AMINO_ACID_METABOLIC_PROCESS,Branched Chain Amino Acid Metabolic Process,GO_BP,-1.26534749,0.305001101,-1.2033961,0.378249682,0.957641547,0.89481449,False,shared_heat,-1.22738373,-1.82270205
GOBP_BRANCHING_INVOLVED_IN_BLOOD_VESSEL_MORPHOGENESIS,Branching Involved in Blood Vessel Morphogenesis,GO_BP,-0.922013037,0.639525313,-1.05268874,0.508986162,1.41933705,0.473804212,False,shared_heat,-0.955885042,-0.796370962
GOBP_BRANCHING_MORPHOGENESIS_OF_AN_EPITHELIAL_TUBE,Branching Morphogenesis of An Epithelial Tube,GO_BP,1.42947052,0.105090679,1.25863624,0.258762237,1.26602371,0.542871227,False,shared_heat,1.2689009,1.19236818
GOBP_BROWN_FAT_CELL_DIFFERENTIATION,Brown Fat Cell Differentiation,GO_BP,1.34453384,0.227289775,1.22186164,0.3589487,1.00666203,0.856117952,False,shared_heat,1.28785607,-1.1717185
GOBP_B_CELL_ACTIVATION,B Cell Activation,GO_BP,1.34705576,0.0932447758,1.33553643,0.116148778,-0.848842522,0.994346977,False,shared_heat,1.33404453,1.10019038
GOBP_B_CELL_ACTIVATION_INVOLVED_IN_IMMUNE_RESPONSE,B Cell Activation Involved in Immune Response,GO_BP,1.21726416,0.294543986,1.18697533,0.347480969,-0.665505777,0.999948662,False,shared_heat,1.195289,1.13951684
GOBP_B_CELL_APOPTOTIC_PROCESS,B Cell Apoptotic Process,GO_BP,1.19623554,0.364183624,1.38643397,0.234205155,-1.02720647,0.844399056,False,shared_heat,1.47667437,-1.24208587
GOBP_B_CELL_DIFFERENTIATION,B Cell Differentiation,GO_BP,1.25632848,0.217004469,1.19326548,0.305321489,0.719043714,0.999948662,False,shared_heat,1.24207179,-1.03522947
GOBP_B_CELL_HOMEOSTASIS,B Cell Homeostasis,GO_BP,-1.0016609,0.551289756,-0.912160068,0.65143362,-1.19331974,0.701594507,False,shared_heat,-0.959326767,-1.42889482
GOBP_B_CELL_MEDIATED_IMMUNITY,B Cell Mediated Immunity,GO_BP,1.41251954,0.104286578,1.2821301,0.221280335,1.38504193,0.395520988,False,shared_heat,1.37303655,1.31736339
GOBP_B_CELL_PROLIFERATION,B Cell Proliferation,GO_BP,1.31243794,0.188237054,1.30157445,0.219267281,-0.986258198,0.869263132,False,shared_heat,1.29484636,0.752767464
GOBP_B_CELL_RECEPTOR_SIGNALING_PATHWAY,B Cell Receptor Signaling Pathway,GO_BP,-0.891187329,0.689143937,-0.82203228,0.783118705,-0.757940154,0.994909646,False,shared_heat,-0.872330663,-1.16331928
GOBP_CALCINEURIN_MEDIATED_SIGNALING,Calcineurin Mediated Signaling,GO_BP,1.50300719,0.132539786,1.39840325,0.226084798,-0.503316161,0.999948662,False,shared_heat,1.44623783,0.962665683
GOBP_CALCIUM_ION_HOMEOSTASIS,Calcium Ion Homeostasis,GO_BP,-1.19408415,0.261757375,-1.28624324,0.189057652,1.12124463,0.705859162,False,shared_heat,-1.20769479,-1.19645262
GOBP_CALCIUM_ION_IMPORT,Calcium Ion Import,GO_BP,1.33406788,0.232502121,1.3187485,0.273299199,-1.08025425,0.805596787,False,shared_heat,1.31339422,-0.802308199
GOBP_CALCIUM_ION_TRANSMEMBRANE_IMPORT_INTO_CYTOSOL,Calcium Ion Transmembrane Import Into Cytosol,GO_BP,-1.37221994,0.126195704,-1.35413283,0.164499859,1.05306987,0.810224311,False,shared_heat,-1.34044222,-1.32725005
GOBP_CALCIUM_ION_TRANSMEMBRANE_TRANSPORT,Calcium Ion Transmembrane Transport,GO_BP,-1.13083602,0.349064883,-1.21457804,0.27427028,1.31309479,0.425025543,False,shared_heat,-1.165553,-1.15639581
GOBP_CALCIUM_ION_TRANSPORT,Calcium Ion Transport,GO_BP,1.04054852,0.470105022,-1.10247894,0.398814004,1.25360511,0.480347966,False,shared_heat,-1.06183625,-1.03911123
GOBP_CALCIUM_MEDIATED_SIGNALING,Calcium Mediated Signaling,GO_BP,1.31825468,0.160711557,1.19791227,0.298940422,1.02589612,0.843200585,False,shared_heat,1.23996785,1.02984718
GOBP_CAMERA_TYPE_EYE_MORPHOGENESIS,Camera Type Eye Morphogenesis,GO_BP,1.34620448,0.189830522,1.29365703,0.25899232,0.631072791,0.999948662,False,shared_heat,1.29369629,1.15510558
GOBP_CAMP_PKA_SIGNAL_TRANSDUCTION,Camp Pka Signal Transduction,GO_BP,1.16803765,0.389836432,0.887203244,0.675830538,1.43393666,0.468677619,False,shared_heat,0.987225907,-0.826402765
GOBP_CANONICAL_NF_KAPPAB_SIGNAL_TRANSDUCTION,Canonical NF Kappab Signal Transduction,GO_BP,1.43691932,0.0381791919,1.27945784,0.15006698,1.26336398,0.440724962,False,shared_heat,1.33817869,1.48439852
GOBP_CANONICAL_WNT_SIGNALING_PATHWAY,Canonical Wnt Signaling Pathway,GO_BP,1.44877693,0.0635378561,1.21364386,0.267159147,1.49005526,0.219025722,False,shared_heat,1.36383582,0.790250105
GOBP_CARBOHYDRATE_BIOSYNTHETIC_PROCESS,Carbohydrate Biosynthetic Process,GO_BP,1.20848603,0.263042058,1.09843801,0.414324355,1.04093294,0.821656669,False,shared_heat,1.14772765,0.891740962
GOBP_CARBOHYDRATE_CATABOLIC_PROCESS,Carbohydrate Catabolic Process,GO_BP,1.36900797,0.115147579,1.48215651,0.0702736669,-0.738497563,0.999948662,False,shared_heat,1.47526668,0.853909572
GOBP_CARBOHYDRATE_DERIVATIVE_BIOSYNTHETIC_PROCESS,Carbohydrate Derivative Biosynthetic Process,GO_BP,1.06721511,0.400754909,-0.932201785,0.702164319,1.06650898,0.767627978,False,shared_heat,0.969996537,-1.01515801
GOBP_CARBOHYDRATE_DERIVATIVE_CATABOLIC_PROCESS,Carbohydrate Derivative Catabolic Process,GO_BP,1.34544044,0.109141667,1.31545011,0.149430408,0.765230417,0.999948662,False,shared_heat,1.3616002,-1.33891697
GOBP_CARBOHYDRATE_DERIVATIVE_METABOLIC_PROCESS,Carbohydrate Derivative Metabolic Process,GO_BP,1.29183623,0.0484391557,1.21712161,0.119573796,1.00112096,0.857716504,False,shared_heat,1.26756758,-1.13714032
GOBP_CARBOHYDRATE_DERIVATIVE_TRANSPORT,Carbohydrate Derivative Transport,GO_BP,-1.23728241,0.297617518,-1.38692793,0.194014729,1.50285821,0.367087317,False,shared_heat,-1.30438012,0.76354435
GOBP_CARBOHYDRATE_HOMEOSTASIS,Carbohydrate Homeostasis,GO_BP,1.08035225,0.423230158,-0.926181515,0.671209014,1.26730201,0.50508158,False,shared_heat,0.983745224,1.11346953
GOBP_CARBOHYDRATE_METABOLIC_PROCESS,Carbohydrate Metabolic Process,GO_BP,1.17217677,0.221176223,1.14150107,0.287333962,1.17384998,0.547178779,False,shared_heat,1.13478002,-0.920993607
GOBP_CARBOHYDRATE_TRANSPORT,Carbohydrate Transport,GO_BP,0.948118437,0.619634708,0.964865423,0.600574082,1.15829428,0.70330032,False,shared_heat,0.978680731,1.14975181
GOBP_CARBOXYLIC_ACID_TRANSMEMBRANE_TRANSPORT,Carboxylic Acid Transmembrane Transport,GO_BP,1.38433748,0.128252074,1.20837727,0.305567744,1.43076583,0.367113801,False,shared_heat,1.30354994,1.15722838
GOBP_CARDIAC_CELL_DEVELOPMENT,Cardiac Cell Development,GO_BP,1.54843586,0.0828259847,1.36714148,0.209539064,1.26127697,0.5990368,False,shared_heat,1.41915234,0.965808651
GOBP_CARDIAC_CHAMBER_DEVELOPMENT,Cardiac Chamber Development,GO_BP,1.92842142,0.00215250857,1.73972153,0.014970349,1.53098566,0.231047548,False,shared_heat,1.84397592,1.21939721
GOBP_CARDIAC_CHAMBER_MORPHOGENESIS,Cardiac Chamber Morphogenesis,GO_BP,1.95226262,0.00147188616,1.79831306,0.0100558474,1.54376824,0.235414132,False,shared_heat,1.87227428,1.08596621
GOBP_CARDIAC_CONDUCTION,Cardiac Conduction,GO_BP,1.22531517,0.322497989,1.19680616,0.367120417,1.17826452,0.705785642,False,shared_heat,1.19834975,-1.1504857
GOBP_CARDIAC_CONDUCTION_SYSTEM_DEVELOPMENT,Cardiac Conduction System Development,GO_BP,1.71088153,0.0430665447,1.57576043,0.115663364,1.48760072,0.417535,False,shared_heat,1.5661295,0.891442937
GOBP_CARDIAC_EPITHELIAL_TO_MESENCHYMAL_TRANSITION,Cardiac Epithelial to Mesenchymal Transition,GO_BP,1.15301783,0.39224257,0.927306422,0.636031195,1.06297994,0.816193703,False,shared_heat,1.01945152,0.738518645
GOBP_CARDIAC_MUSCLE_CELL_ACTION_POTENTIAL,Cardiac Muscle Cell Action Potential,GO_BP,0.996159884,0.555630261,0.964809382,0.594365311,0.65558688,0.999948662,False,shared_heat,0.982332627,1.33418959
GOBP_CARDIAC_MUSCLE_CELL_ACTION_POTENTIAL_INVOLVED_IN_CONTRACTION,Cardiac Muscle Cell Action Potential Involved in Contraction,GO_BP,1.25330038,0.311787356,1.25487791,0.33296445,0.753607705,0.989918871,False,shared_heat,1.25954303,0.972829005
GOBP_CARDIAC_MUSCLE_CELL_CONTRACTION,Cardiac Muscle Cell Contraction,GO_BP,1.3056647,0.242080011,1.29504868,0.277043596,0.781949218,0.985926477,False,shared_heat,1.33403883,1.12326429
GOBP_CARDIAC_MUSCLE_CELL_DIFFERENTIATION,Cardiac Muscle Cell Differentiation,GO_BP,1.58141333,0.0481794139,1.3684021,0.171245092,1.19036433,0.667000186,False,shared_heat,1.43337515,0.861029463
GOBP_CARDIAC_MUSCLE_CELL_PROLIFERATION,Cardiac Muscle Cell Proliferation,GO_BP,1.26488608,0.285717811,1.0612683,0.491511886,1.11292149,0.783166314,False,shared_heat,1.07763001,0.840010068
GOBP_CARDIAC_MUSCLE_CONTRACTION,Cardiac Muscle Contraction,GO_BP,1.13944688,0.360809797,1.07864352,0.450096493,1.08002261,0.796014142,False,shared_heat,1.1451078,1.0869724
GOBP_CARDIAC_MUSCLE_TISSUE_DEVELOPMENT,Cardiac Muscle Tissue Development,GO_BP,1.66649334,0.00937797648,1.51299858,0.047773471,1.24869248,0.51459401,False,shared_heat,1.60219582,-0.78931274
GOBP_CARDIAC_MUSCLE_TISSUE_MORPHOGENESIS,Cardiac Muscle Tissue Morphogenesis,GO_BP,1.38387767,0.187664323,1.26810809,0.303852952,1.49768306,0.380074064,False,shared_heat,1.31859161,-1.10218834
GOBP_CARDIAC_SEPTUM_DEVELOPMENT,Cardiac Septum Development,GO_BP,1.79737309,0.0130319728,1.66709753,0.0428716378,1.40035197,0.425025543,False,shared_heat,1.71705674,1.49747914
GOBP_CARDIAC_SEPTUM_MORPHOGENESIS,Cardiac Septum Morphogenesis,GO_BP,1.88659391,0.00778092524,1.84807039,0.0162160034,1.44007526,0.415994207,False,shared_heat,1.81337806,1.22583606
GOBP_CARDIAC_VENTRICLE_DEVELOPMENT,Cardiac Ventricle Development,GO_BP,1.55616954,0.0603718275,1.37724188,0.169872815,1.25973238,0.567190143,False,shared_heat,1.48420028,0.809508768
GOBP_CARDIAC_VENTRICLE_MORPHOGENESIS,Cardiac Ventricle Morphogenesis,GO_BP,1.07549182,0.457258192,0.935728973,0.633372177,1.49497491,0.371540636,False,shared_heat,1.04059533,-0.896677172
GOBP_CARDIOCYTE_DIFFERENTIATION,Cardiocyte Differentiation,GO_BP,1.71789838,0.0120704204,1.56863432,0.047773471,1.30238179,0.485694848,False,shared_heat,1.60610705,0.89544198
GOBP_CARTILAGE_DEVELOPMENT,Cartilage Development,GO_BP,1.53243402,0.0434815795,1.34613868,0.155120323,1.09546655,0.763057632,False,shared_heat,1.39943067,1.19717864
GOBP_CARTILAGE_DEVELOPMENT_INVOLVED_IN_ENDOCHONDRAL_BONE_MORPHOGENESIS,Cartilage Development Involved in Endochondral Bone Morphogenesis,GO_BP,1.25727832,0.309003781,0.928746995,0.63376018,-0.967080683,0.887087077,False,shared_heat,1.0737247,0.931762014
GOBP_CATECHOL_CONTAINING_COMPOUND_METABOLIC_PROCESS,Catechol Containing Compound Metabolic Process,GO_BP,1.32581692,0.251640804,1.30892623,0.289807645,-0.352871966,0.999948662,False,shared_heat,1.30005686,1.01937185
GOBP_CD4_POSITIVE_ALPHA_BETA_T_CELL_ACTIVATION,CD4 Positive alpha beta T Cell Activation,GO_BP,-0.996599487,0.552736311,-1.04045283,0.49605442,1.07659188,0.791459509,False,shared_heat,-1.00681234,-0.845968193
GOBP_CD4_POSITIVE_OR_CD8_POSITIVE_ALPHA_BETA_T_CELL_LINEAGE_COMMITMENT,CD4 Positive or CD8 Positive alpha beta T Cell Lineage Commitment,GO_BP,-1.2392657,0.322177347,-1.32536926,0.275399282,0.797120313,0.976113102,False,shared_heat,-1.23974261,0.957400508
GOBP_CD8_POSITIVE_ALPHA_BETA_T_CELL_ACTIVATION,CD8 Positive alpha beta T Cell Activation,GO_BP,-1.45604597,0.140421533,-1.44834844,0.166131087,0.695442656,0.999948662,False,shared_heat,-1.48501091,-0.897060479
GOBP_CD8_POSITIVE_ALPHA_BETA_T_CELL_DIFFERENTIATION,CD8 Positive alpha beta T Cell Differentiation,GO_BP,-1.54908195,0.100072307,-1.48454311,0.156556216,-0.577570702,0.999948662,False,shared_heat,-1.51380748,-1.37924203
GOBP_CELLULAR_COMPONENT_ASSEMBLY_INVOLVED_IN_MORPHOGENESIS,Cellular Component Assembly Involved in Morphogenesis,GO_BP,1.51090345,0.0810235042,1.39178636,0.164876362,0.767058894,0.994909646,False,shared_heat,1.38364082,1.33578621
GOBP_CELLULAR_COMPONENT_DISASSEMBLY,Cellular Component Disassembly,GO_BP,1.31308619,0.0986594587,1.29272771,0.129596448,-0.960915226,0.910724104,False,shared_heat,1.3112616,-0.979295152
GOBP_CELLULAR_COMPONENT_MAINTENANCE,Cellular Component Maintenance,GO_BP,1.56348578,0.0828853175,1.4879889,0.139275051,0.766112537,0.989918871,False,shared_heat,1.4765431,0.974871251
GOBP_CELLULAR_DEFENSE_RESPONSE,Cellular Defense Response,GO_BP,1.1701541,0.372684313,1.20616922,0.361951664,0.888423713,0.942650594,False,shared_heat,1.19037945,1.24523581
GOBP_CELLULAR_EXTRAVASATION,Cellular Extravasation,GO_BP,1.22074293,0.301350774,1.15748547,0.380654105,1.02415108,0.844399056,False,shared_heat,1.18310074,-1.13738313
GOBP_CELLULAR_HOMEOSTASIS,Cellular Homeostasis,GO_BP,1.09314097,0.335391965,-1.02948246,0.492199832,1.09282342,0.701594507,False,shared_heat,1.06466265,-1.42599265
GOBP_CELLULAR_OXIDANT_DETOXIFICATION,Cellular Oxidant Detoxification,GO_BP,0.942870532,0.625102658,0.896429659,0.694484666,0.739389768,0.999730512,False,shared_heat,0.911622392,-1.74621771
GOBP_CELLULAR_PROCESS_INVOLVED_IN_REPRODUCTION_IN_MULTICELLULAR_ORGANISM,Cellular Process Involved in Reproduction in Multicellular Organism,GO_BP,0.980573227,0.580952133,0.792625514,0.913567864,-0.936344743,0.923405674,False,shared_heat,0.935563872,1.14975213
GOBP_CELLULAR_RESPIRATION,Cellular Respiration,GO_BP,-1.06469923,0.420376339,-1.0355007,0.490110041,-0.848507173,0.997837984,False,shared_heat,-1.03835128,-1.78229901
GOBP_CELLULAR_RESPONSE_TO_ABIOTIC_STIMULUS,Cellular Response to Abiotic Stimulus,GO_BP,1.64511966,0.00541642294,1.67908807,0.00452837456,-1.01350897,0.844399056,False,shared_heat,1.64443824,1.16576061
GOBP_CELLULAR_RESPONSE_TO_ACID_CHEMICAL,Cellular Response to Acid Chemical,GO_BP,1.34203917,0.188114785,1.32659138,0.223336872,0.801047366,0.985926477,False,shared_heat,1.32003767,1.24227325
GOBP_CELLULAR_RESPONSE_TO_ALCOHOL,Cellular Response to Alcohol,GO_BP,-1.21272305,0.296955657,-1.23563341,0.299225531,0.75609056,0.996578828,False,shared_heat,-1.21912289,0.861676433
GOBP_CELLULAR_RESPONSE_TO_AMYLOID_BETA,Cellular Response to Amyloid beta,GO_BP,0.802096711,0.796399664,-0.74634583,0.858974851,1.03446008,0.843200585,False,shared_heat,0.755230751,0.934104978
GOBP_CELLULAR_RESPONSE_TO_ANGIOTENSIN,Cellular Response to Angiotensin,GO_BP,1.11378434,0.439354866,1.14484894,0.427928291,0.876520577,0.944986169,False,shared_heat,1.11081742,1.20136007
GOBP_CELLULAR_RESPONSE_TO_BIOTIC_STIMULUS,Cellular Response to Biotic Stimulus,GO_BP,1.38654468,0.070979323,1.27089461,0.169627137,1.04821177,0.807442423,False,shared_heat,1.35092855,1.15038041
GOBP_CELLULAR_RESPONSE_TO_CALCIUM_ION,Cellular Response to Calcium Ion,GO_BP,0.968556783,0.589670626,0.893649077,0.677846253,0.929327471,0.909215769,False,shared_heat,0.982945536,0.754003778
GOBP_CELLULAR_RESPONSE_TO_CAMP,Cellular Response to Camp,GO_BP,-1.29786906,0.263614098,-1.31886497,0.274241789,-0.851191877,0.950156705,False,shared_heat,-1.29981538,-1.07609523
GOBP_CELLULAR_RESPONSE_TO_CARBOHYDRATE_STIMULUS,Cellular Response to Carbohydrate Stimulus,GO_BP,1.3661262,0.145799651,1.32704141,0.195644997,0.775555845,0.994909646,False,shared_heat,1.3188125,-1.0217747
GOBP_CELLULAR_RESPONSE_TO_CHEMICAL_STRESS,Cellular Response to Chemical Stress,GO_BP,1.58160582,0.00866701919,1.50693662,0.0219700008,1.01794618,0.844399056,False,shared_heat,1.51817649,1.08498002
GOBP_CELLULAR_RESPONSE_TO_CORTICOSTEROID_STIMULUS,Cellular Response to Corticosteroid Stimulus,GO_BP,1.20863841,0.327937,1.2022859,0.355805055,0.725989585,0.996578828,False,shared_heat,1.19952345,-0.893335063
GOBP_CELLULAR_RESPONSE_TO_ESTRADIOL_STIMULUS,Cellular Response to Estradiol Stimulus,GO_BP,1.35720761,0.22721503,1.19917467,0.379537458,1.18053814,0.724817691,False,shared_heat,1.29269206,-0.691286254
GOBP_CELLULAR_RESPONSE_TO_EXTERNAL_STIMULUS,Cellular Response to External Stimulus,GO_BP,-1.09223579,0.434278935,-1.05687196,0.488309437,0.968512133,0.891282616,False,shared_heat,-1.14196418,0.870057517
GOBP_CELLULAR_RESPONSE_TO_FATTY_ACID,Cellular Response to Fatty Acid,GO_BP,-1.09241376,0.458952783,-1.15850418,0.416689209,1.01186964,0.852313896,False,shared_heat,-1.10534261,-1.34095744
GOBP_CELLULAR_RESPONSE_TO_FLUID_SHEAR_STRESS,Cellular Response to Fluid Shear Stress,GO_BP,-0.883471887,0.69538788,-1.14189233,0.413634112,1.2012843,0.680771423,False,shared_heat,-0.979847886,1.05757195
GOBP_CELLULAR_RESPONSE_TO_GLUCOSE_STARVATION,Cellular Response to Glucose Starvation,GO_BP,1.51005022,0.100717493,1.55710089,0.0968628217,0.934517106,0.907191457,False,shared_heat,1.51235863,-1.43376662
GOBP_CELLULAR_RESPONSE_TO_HEAT,Cellular Response to Heat,GO_BP,1.88151931,0.00787381882,1.92719262,0.00739697788,-0.729380527,0.999640973,False,shared_heat,1.84507177,1.67390453
GOBP_CELLULAR_RESPONSE_TO_HORMONE_STIMULUS,Cellular Response to Hormone Stimulus,GO_BP,1.28158835,0.0801886371,1.26903431,0.0992744923,1.12920448,0.623957833,False,shared_heat,1.26760483,1.12130836
GOBP_CELLULAR_RESPONSE_TO_HYDROGEN_PEROXIDE,Cellular Response to Hydrogen Peroxide,GO_BP,1.0518663,0.479596005,1.0774967,0.459968256,-1.17666498,0.680771423,False,shared_heat,1.18530014,-0.776192845
GOBP_CELLULAR_RESPONSE_TO_INSULIN_STIMULUS,Cellular Response to Insulin Stimulus,GO_BP,1.15674892,0.313228811,0.970212456,0.602633045,1.48854124,0.218835189,False,shared_heat,1.05699276,1.30401683
GOBP_CELLULAR_RESPONSE_TO_INTERLEUKIN_1,Cellular Response to Interleukin 1,GO_BP,1.36963328,0.163685187,1.37856216,0.17445763,1.01999339,0.844399056,False,shared_heat,1.33983701,0.994943144
GOBP_CELLULAR_RESPONSE_TO_IONIZING_RADIATION,Cellular Response to Ionizing Radiation,GO_BP,1.2205461,0.301350774,1.24959278,0.295652961,-0.921632566,0.920850314,False,shared_heat,1.24596886,1.4037024
GOBP_CELLULAR_RESPONSE_TO_KETONE,Cellular Response to Ketone,GO_BP,1.28736096,0.207633509,1.26067773,0.256728729,0.661277487,0.999948662,False,shared_heat,1.31746782,1.08072048
GOBP_CELLULAR_RESPONSE_TO_LIGHT_STIMULUS,Cellular Response to Light Stimulus,GO_BP,1.48226005,0.0899044552,1.75177681,0.0191133662,-1.14604379,0.705785642,False,shared_heat,1.65404273,-0.993917411
GOBP_CELLULAR_RESPONSE_TO_LIPID,Cellular Response to Lipid,GO_BP,1.82155426,8.73112724e-06,1.69870233,0.000267150453,1.00923739,0.849486899,False,shared_heat,1.78266957,1.02142646
GOBP_CELLULAR_RESPONSE_TO_LIPOPROTEIN_PARTICLE_STIMULUS,Cellular Response to Lipoprotein Particle Stimulus,GO_BP,-1.00410422,0.546398702,-1.00973103,0.544267859,1.00927599,0.853137942,False,shared_heat,-0.986950047,-0.686555487
GOBP_CELLULAR_RESPONSE_TO_METAL_ION,Cellular Response to Metal Ion,GO_BP,0.98095059,0.576214377,0.958296115,0.614878202,0.926150985,0.920850314,False,shared_heat,0.920058701,-1.32059103
GOBP_CELLULAR_RESPONSE_TO_MOLECULE_OF_BACTERIAL_ORIGIN,Cellular Response to Molecule of Bacterial Origin,GO_BP,1.49414009,0.0346757946,1.37649511,0.0968628217,1.05525332,0.805596787,False,shared_heat,1.47052813,1.17834065
GOBP_CELLULAR_RESPONSE_TO_NITROGEN_COMPOUND,Cellular Response to Nitrogen Compound,GO_BP,1.18421665,0.182403351,1.14934429,0.250512709,1.27035827,0.358930161,False,shared_heat,1.15549426,1.31073675
GOBP_CELLULAR_RESPONSE_TO_NUTRIENT,Cellular Response to Nutrient,GO_BP,0.978733376,0.573898613,-1.08253254,0.478700206,1.49732495,0.395520988,False,shared_heat,-1.02017988,1.79631876
GOBP_CELLULAR_RESPONSE_TO_NUTRIENT_LEVELS,Cellular Response to Nutrient Levels,GO_BP,1.46686055,0.0506349381,1.44571319,0.0697727489,1.19039223,0.5990368,False,shared_heat,1.50142001,1.25373805
GOBP_CELLULAR_RESPONSE_TO_OSMOTIC_STRESS,Cellular Response to Osmotic Stress,GO_BP,1.93229577,0.00544598242,1.9454598,0.0065569901,-0.736610716,0.996578828,False,shared_heat,1.90906141,1.41200391
GOBP_CELLULAR_RESPONSE_TO_OXIDATIVE_STRESS,Cellular Response to Oxidative Stress,GO_BP,1.30823281,0.125143751,1.22382475,0.226084798,1.09609773,0.738566035,False,shared_heat,1.24069085,1.07884547
GOBP_CELLULAR_RESPONSE_TO_OXYGEN_LEVELS,Cellular Response to Oxygen Levels,GO_BP,1.54625971,0.0355124659,1.33710567,0.14805913,1.06737151,0.799833465,False,shared_heat,1.42708093,-0.863458796
GOBP_CELLULAR_RESPONSE_TO_PEPTIDE_HORMONE_STIMULUS,Cellular Response to Peptide Hormone Stimulus,GO_BP,1.16440582,0.269306398,1.1302723,0.338133586,1.38043338,0.281091695,False,shared_heat,1.13669075,1.22013553
GOBP_CELLULAR_RESPONSE_TO_RADIATION,Cellular Response to Radiation,GO_BP,1.45733582,0.0708940633,1.63240333,0.0259978611,-1.15012016,0.671888906,False,shared_heat,1.5545204,0.889941466
GOBP_CELLULAR_RESPONSE_TO_REACTIVE_OXYGEN_SPECIES,Cellular Response to Reactive Oxygen Species,GO_BP,1.0187313,0.516755336,0.978004005,0.583336833,0.780944761,0.996578828,False,shared_heat,1.01844706,-1.01438432
GOBP_CELLULAR_RESPONSE_TO_RETINOIC_ACID,Cellular Response to Retinoic Acid,GO_BP,1.40241712,0.187541921,1.25383477,0.330891778,-0.818837845,0.967415834,False,shared_heat,1.35401922,0.731059905
GOBP_CELLULAR_RESPONSE_TO_STARVATION,Cellular Response to Starvation,GO_BP,1.46992111,0.064157069,1.52669271,0.0525655146,1.06943404,0.799833465,False,shared_heat,1.54154871,1.02049472
GOBP_CELLULAR_RESPONSE_TO_STEROID_HORMONE_STIMULUS,Cellular Response to Steroid Hormone Stimulus,GO_BP,1.65889043,0.0164305365,1.62008569,0.0281445454,-0.889223298,0.955246607,False,shared_heat,1.62596555,0.804723256
GOBP_CELLULAR_RESPONSE_TO_TOPOLOGICALLY_INCORRECT_PROTEIN,Cellular Response to Topologically Incorrect Protein,GO_BP,0.890531834,0.706159924,-0.875033198,0.731062967,0.921411032,0.923405674,False,shared_heat,0.893851051,1.29710459
GOBP_CELLULAR_RESPONSE_TO_TOXIC_SUBSTANCE,Cellular Response to Toxic Substance,GO_BP,-0.91188528,0.683098453,-0.885005343,0.723488594,0.600008245,0.999948662,False,shared_heat,-0.901614047,-1.84551519
GOBP_CELLULAR_RESPONSE_TO_TYPE_II_INTERFERON,Cellular Response to Type II Interferon,GO_BP,-1.17229538,0.328287977,-1.34421128,0.182268078,1.39030367,0.395684613,False,shared_heat,-1.24306638,1.63430438
GOBP_CELLULAR_RESPONSE_TO_UNFOLDED_PROTEIN,Cellular Response to Unfolded Protein,GO_BP,0.941584215,0.629516754,-0.930641462,0.643907789,0.954355666,0.897996338,False,shared_heat,0.947802508,1.23882079
GOBP_CELLULAR_RESPONSE_TO_UV,Cellular Response to UV,GO_BP,1.50634496,0.0828259847,1.71568644,0.0292195717,-1.19785635,0.651159955,False,shared_heat,1.62071628,-1.00348295
GOBP_CELLULAR_RESPONSE_TO_VASCULAR_ENDOTHELIAL_GROWTH_FACTOR_STIMULUS,Cellular Response to Vascular Endothelial Growth Factor Stimulus,GO_BP,2.08644605,0.000584664865,2.03340588,0.00202512944,-0.670628649,0.999948662,False,shared_heat,1.98604114,0.744943679
GOBP_CELLULAR_RESPONSE_TO_VIRUS,Cellular Response to Virus,GO_BP,1.58955628,0.0567250759,1.26662531,0.278566804,1.54318121,0.284677148,False,shared_heat,1.39074606,2.08718386
GOBP_CELLULAR_RESPONSE_TO_XENOBIOTIC_STIMULUS,Cellular Response to Xenobiotic Stimulus,GO_BP,-1.30908206,0.181076095,-1.29865546,0.218193636,0.865090232,0.959690565,False,shared_heat,-1.27213928,-0.930192688
GOBP_CELLULAR_SENESCENCE,Cellular Senescence,GO_BP,1.39626709,0.123880281,1.35255161,0.173155536,0.900563588,0.945726528,False,shared_heat,1.32671071,0.909003135
GOBP_CELL_ACTIVATION_INVOLVED_IN_IMMUNE_RESPONSE,Cell Activation Involved in Immune Response,GO_BP,1.12865958,0.313998306,-1.09187192,0.40388868,0.767882222,0.999948662,False,shared_heat,-1.09500735,-0.808008916
GOBP_CELL_ADHESION_MEDIATED_BY_INTEGRIN,Cell Adhesion Mediated by Integrin,GO_BP,1.68483511,0.0257503891,1.65639078,0.0390792388,-1.06163317,0.805596787,False,shared_heat,1.63308381,1.23217781
GOBP_CELL_CELL_ADHESION,Cell Cell Adhesion,GO_BP,1.82010531,1.29067151e-06,1.69609387,2.92486826e-05,1.09588802,0.671888906,False,shared_heat,1.72823902,1.19690964
GOBP_CELL_CELL_ADHESION_MEDIATED_BY_CADHERIN,Cell Cell Adhesion Mediated by Cadherin,GO_BP,0.80879258,0.769673688,0.86339306,0.706451574,1.1455223,0.755466719,False,shared_heat,0.829134505,1.16862101
GOBP_CELL_CELL_ADHESION_MEDIATED_BY_INTEGRIN,Cell Cell Adhesion Mediated by Integrin,GO_BP,1.10566031,0.441703066,1.1121332,0.44792536,1.00195848,0.857716504,False,shared_heat,1.079305,1.19369877
GOBP_CELL_CELL_JUNCTION_ASSEMBLY,Cell Cell Junction Assembly,GO_BP,1.57361573,0.0469730314,1.59366505,0.0494754409,-1.06052435,0.805596787,False,shared_heat,1.59770088,0.986824491
GOBP_CELL_CELL_JUNCTION_ORGANIZATION,Cell Cell Junction Organization,GO_BP,1.66858103,0.0152804395,1.6365489,0.0259132252,-0.849606724,0.984566282,False,shared_heat,1.67180135,-0.758135614
GOBP_CELL_CELL_RECOGNITION,Cell Cell Recognition,GO_BP,-0.989084961,0.56467253,-1.111434,0.444171638,0.987599788,0.869263132,False,shared_heat,-1.04174335,-0.736663019
GOBP_CELL_CELL_SIGNALING,Cell Cell Signaling,GO_BP,1.69936077,3.604396e-05,1.59961765,0.000402213121,1.40914739,0.0808184391,False,shared_heat,1.63622263,1.23823922
GOBP_CELL_CHEMOTAXIS,Cell Chemotaxis,GO_BP,2.01930502,8.55577262e-06,1.86300484,0.00026286258,1.09446138,0.738566035,False,shared_heat,1.95457162,0.992481266
GOBP_CELL_CYCLE_CHECKPOINT_SIGNALING,Cell Cycle Checkpoint Signaling,GO_BP,1.3009265,0.160391168,1.42919832,0.0872030557,-1.39544525,0.322405252,False,shared_heat,1.35535958,1.32826063
GOBP_CELL_CYCLE_DNA_REPLICATION,Cell Cycle DNA Replication,GO_BP,1.18400819,0.353221337,1.46667411,0.149157937,-1.22240355,0.653425753,False,shared_heat,1.34678029,1.45110605
GOBP_CELL_CYCLE_G1_S_PHASE_TRANSITION,Cell Cycle G1 S Phase Transition,GO_BP,1.49300762,0.0347184945,1.59539427,0.017364049,-1.11177794,0.701594507,False,shared_heat,1.54046035,0.938326661
GOBP_CELL_CYCLE_G2_M_PHASE_TRANSITION,Cell Cycle G2 M Phase Transition,GO_BP,1.63958141,0.0250377733,1.7460198,0.0134323384,-1.06279679,0.805596787,False,shared_heat,1.7088097,-0.823605692
GOBP_CELL_CYCLE_PHASE_TRANSITION,Cell Cycle Phase Transition,GO_BP,1.51886682,0.00935172833,1.58865724,0.00222091663,-1.19939495,0.468677619,False,shared_heat,1.57424654,1.17703723
GOBP_CELL_CYCLE_PROCESS,Cell Cycle Process,GO_BP,1.41794248,0.00529700659,1.47500576,0.00195769924,-1.03479529,0.796014142,False,shared_heat,1.46716816,1.30129729
GOBP_CELL_DIFFERENTIATION_INVOLVED_IN_KIDNEY_DEVELOPMENT,Cell Differentiation Involved in Kidney Development,GO_BP,-0.988997815,0.566197192,-0.970608945,0.590120656,0.61445249,0.999948662,False,shared_heat,-0.975943834,1.05953394
GOBP_CELL_DIVISION,Cell Division,GO_BP,1.36582117,0.0415594174,1.35994792,0.0495850202,-0.746507929,0.999948662,False,shared_heat,1.35138828,0.836858856
GOBP_CELL_FATE_COMMITMENT,Cell Fate Commitment,GO_BP,1.50058703,0.0431618359,1.29391497,0.182268078,1.26034446,0.505557236,False,shared_heat,1.37113404,1.29197124
GOBP_CELL_FATE_SPECIFICATION,Cell Fate Specification,GO_BP,1.75073483,0.0263398185,1.58334752,0.0906660686,1.5434312,0.322405252,False,shared_heat,1.69274582,1.04602164
GOBP_CELL_GROWTH,Cell Growth,GO_BP,1.76462436,0.000478362738,1.57580201,0.0107938541,1.49142002,0.116564949,False,shared_heat,1.6479546,1.36242808
GOBP_CELL_JUNCTION_ASSEMBLY,Cell Junction Assembly,GO_BP,1.62415926,0.00673227308,1.61701354,0.0100708465,0.938522687,0.931818067,False,shared_heat,1.61151386,1.36636718
GOBP_CELL_JUNCTION_ORGANIZATION,Cell Junction Organization,GO_BP,1.68388293,0.000399032224,1.62404484,0.000945887176,1.03209563,0.815883673,False,shared_heat,1.65956781,1.18218354
GOBP_CELL_KILLING,Cell Killing,GO_BP,1.34017777,0.115738628,1.19697695,0.277043596,1.19712823,0.592109871,False,shared_heat,1.25720348,-1.17155394
GOBP_CELL_MATRIX_ADHESION,Cell Matrix Adhesion,GO_BP,1.87939804,0.000399032224,1.84768428,0.000825872679,0.779350352,0.999948662,False,shared_heat,1.84518805,1.17755651
GOBP_CELL_MATURATION,Cell Maturation,GO_BP,1.51214475,0.0604725848,1.33491001,0.178167474,1.21497897,0.604230384,False,shared_heat,1.38540734,1.67880602
GOBP_CELL_MIGRATION_INVOLVED_IN_SPROUTING_ANGIOGENESIS,Cell Migration Involved in Sprouting Angiogenesis,GO_BP,1.82304691,0.0150363358,1.72178282,0.0404196799,0.784818479,0.985926477,False,shared_heat,1.78905354,0.662613287
GOBP_CELL_MORPHOGENESIS,Cell Morphogenesis,GO_BP,1.63915272,0.000297333791,1.50589407,0.00483949074,1.18758943,0.485186551,False,shared_heat,1.57062892,1.47123242
GOBP_CELL_MORPHOGENESIS_INVOLVED_IN_NEURON_DIFFERENTIATION,Cell Morphogenesis Involved in Neuron Differentiation,GO_BP,1.56268689,0.0103273226,1.43560189,0.0397631328,1.31511997,0.358930161,False,shared_heat,1.53018443,1.69540051
GOBP_CELL_PROJECTION_ASSEMBLY,Cell Projection Assembly,GO_BP,1.29471522,0.120296686,1.26791353,0.161295785,1.04861566,0.805596787,False,shared_heat,1.25773873,1.20253858
GOBP_CELL_PROJECTION_MORPHOGENESIS,Cell Projection Morphogenesis,GO_BP,1.64074378,0.00127321641,1.47800158,0.0247826973,1.284611,0.390979862,False,shared_heat,1.58169147,1.66906304
GOBP_CELL_PROJECTION_ORGANIZATION,Cell Projection Organization,GO_BP,1.71453779,6.05775638e-06,1.59815833,0.00026286258,1.11237434,0.611172423,False,shared_heat,1.63659453,1.64524701
GOBP_CELL_RECOGNITION,Cell Recognition,GO_BP,1.17000586,0.334545337,1.09674463,0.4323606,0.899157885,0.945726528,False,shared_heat,1.13261391,0.754170809
GOBP_CELL_REDOX_HOMEOSTASIS,Cell Redox Homeostasis,GO_BP,-1.18883154,0.353221337,-0.935918595,0.632002025,-0.766406899,0.992649497,False,shared_heat,-1.01752645,-1.81804088
GOBP_CELL_SUBSTRATE_ADHESION,Cell Substrate Adhesion,GO_BP,1.89505878,4.80341814e-05,1.83868307,0.00026286258,0.985840084,0.877312407,False,shared_heat,1.84960989,1.13614289
GOBP_CELL_SUBSTRATE_JUNCTION_ORGANIZATION,Cell Substrate Junction Organization,GO_BP,1.80137342,0.00644259466,1.79660011,0.00988592934,0.77893094,0.994909646,False,shared_heat,1.79302847,1.17515106
GOBP_CELL_SURFACE_PATTERN_RECOGNITION_RECEPTOR_SIGNALING_PATHWAY,Cell Surface Pattern Recognition Receptor Signaling Pathway,GO_BP,-0.957428606,0.60377337,-1.17531317,0.374524426,1.08167885,0.805596787,False,shared_heat,-1.02651206,0.876399752
GOBP_CELL_SURFACE_RECEPTOR_PROTEIN_SERINE_THREONINE_KINASE_SIGNALING_PATHWAY,Cell Surface Receptor Protein Serine Threonine Kinase Signaling Pathway,GO_BP,1.51080413,0.0231388559,1.3116958,0.129618513,1.51002231,0.123914691,False,shared_heat,1.41715881,1.09230845
GOBP_CELL_SURFACE_RECEPTOR_PROTEIN_TYROSINE_KINASE_SIGNALING_PATHWAY,Cell Surface Receptor Protein Tyrosine Kinase Signaling Pathway,GO_BP,1.60203443,0.00112178192,1.46406564,0.0162160034,1.27677762,0.358556369,False,shared_heat,1.54167895,1.08491828
GOBP_CELL_SURFACE_RECEPTOR_SIGNALING_PATHWAY_VIA_JAK_STAT,Cell Surface Receptor Signaling Pathway via JAK STAT,GO_BP,-1.47444451,0.0587144672,-1.56651931,0.0403036693,1.57324004,0.144669479,False,shared_heat,-1.4576436,0.755316663
GOBP_CELL_SURFACE_RECEPTOR_SIGNALING_PATHWAY_VIA_STAT,Cell Surface Receptor Signaling Pathway via STAT,GO_BP,-1.40634303,0.0872082643,-1.53348645,0.0447424747,1.64639927,0.0765623331,False,shared_heat,-1.41287543,0.981199835
GOBP_CELL_SURFACE_TOLL_LIKE_RECEPTOR_SIGNALING_PATHWAY,Cell Surface Toll Like Receptor Signaling Pathway,GO_BP,-0.992279754,0.560607677,-1.20043106,0.3589487,1.16859003,0.705785642,False,shared_heat,-1.05149239,0.922308789
GOBP_CENTRAL_NERVOUS_SYSTEM_DEVELOPMENT,Central Nervous System Development,GO_BP,1.58818307,0.000747866545,1.47830196,0.005072602,0.89329759,0.985926477,False,shared_heat,1.54299344,1.33597932
GOBP_CENTRAL_NERVOUS_SYSTEM_NEURON_DEVELOPMENT,Central Nervous System Neuron Development,GO_BP,0.85679008,0.720568862,-0.810403772,0.780900751,0.875875272,0.946761802,False,shared_heat,0.799320468,1.22145675
GOBP_CENTRAL_NERVOUS_SYSTEM_NEURON_DIFFERENTIATION,Central Nervous System Neuron Differentiation,GO_BP,1.31549321,0.198007638,1.15812098,0.373070326,1.45776375,0.367087317,False,shared_heat,1.24605209,1.11527647
GOBP_CENTRIOLE_ASSEMBLY,Centriole Assembly,GO_BP,0.918751378,0.643929052,1.09782819,0.456639778,-0.9910929,0.865184067,False,shared_heat,0.96576926,1.29271337
GOBP_CENTROSOME_DUPLICATION,Centrosome Duplication,GO_BP,0.706090758,0.924655063,0.942586086,0.627523564,-1.02967879,0.843200585,False,shared_heat,0.762413452,1.51287198
GOBP_CERAMIDE_BIOSYNTHETIC_PROCESS,Ceramide Biosynthetic Process,GO_BP,1.16190838,0.396132665,1.17436013,0.403921371,0.779694554,0.980529725,False,shared_heat,1.18547479,0.749834782
GOBP_CERAMIDE_METABOLIC_PROCESS,Ceramide Metabolic Process,GO_BP,0.949943495,0.610829704,0.932606101,0.635395582,1.21279571,0.671888906,False,shared_heat,0.949993467,0.687068585
GOBP_CEREBELLAR_CORTEX_DEVELOPMENT,Cerebellar Cortex Development,GO_BP,1.24052878,0.311787356,1.36374223,0.228337513,-0.816192853,0.971202574,False,shared_heat,1.28269662,1.41760021
GOBP_CEREBRAL_CORTEX_CELL_MIGRATION,Cerebral Cortex Cell Migration,GO_BP,-0.994329805,0.561411101,-0.9917157,0.567043759,1.12533377,0.783166314,False,shared_heat,-0.900304687,1.37625385
GOBP_CEREBRAL_CORTEX_DEVELOPMENT,Cerebral Cortex Development,GO_BP,1.34237194,0.185993287,1.1565307,0.377873683,-0.872243114,0.950156705,False,shared_heat,1.23571442,1.16483164
GOBP_CHEMICAL_HOMEOSTASIS,Chemical Homeostasis,GO_BP,-1.09517432,0.328511823,-1.28059541,0.0872030557,1.30321264,0.240587711,False,shared_heat,-1.20350896,-1.17622167
GOBP_CHEMICAL_SYNAPTIC_TRANSMISSION_POSTSYNAPTIC,Chemical Synaptic Transmission Postsynaptic,GO_BP,1.33590417,0.214935895,1.21520081,0.343793457,1.41459784,0.439646556,False,shared_heat,1.2262092,1.05111544
GOBP_CHEMOKINE_PRODUCTION,Chemokine Production,GO_BP,1.81240758,0.0114086123,1.60066314,0.0597400564,1.3555656,0.468677619,False,shared_heat,1.71031338,1.60764129
GOBP_CHLORIDE_TRANSPORT,Chloride Transport,GO_BP,1.39238883,0.199671489,1.25046396,0.340830425,0.855500462,0.950156705,False,shared_heat,1.21593227,1.15375007
GOBP_CHOLESTEROL_BIOSYNTHETIC_PROCESS_VIA_DESMOSTEROL,Cholesterol Biosynthetic Process via Desmosterol,GO_BP,-1.91166324,0.00778092524,-2.10016006,0.000496369977,2.07188486,0.0094795236,True,cGAS_dampened,-2.02268523,1.34107668
GOBP_CHOLESTEROL_EFFLUX,Cholesterol Efflux,GO_BP,-0.967018245,0.591939774,-0.947205097,0.619631695,1.08777764,0.805596787,False,shared_heat,-0.942566758,1.27667663
GOBP_CHONDROCYTE_DEVELOPMENT,Chondrocyte Development,GO_BP,0.91504604,0.642858398,-0.921822597,0.639422006,1.56861213,0.341942104,False,shared_heat,-0.883793181,-0.935524769
GOBP_CHONDROCYTE_DIFFERENTIATION,Chondrocyte Differentiation,GO_BP,1.17989636,0.33573194,0.910418871,0.675830538,1.32670663,0.492538498,False,shared_heat,1.01988705,1.06022918
GOBP_CHONDROCYTE_PROLIFERATION,Chondrocyte Proliferation,GO_BP,1.04609425,0.502963792,0.740848921,0.846832876,0.865331872,0.946761802,False,shared_heat,0.903652361,0.793672699
GOBP_CHROMATIN_ORGANIZATION,Chromatin Organization,GO_BP,1.253009,0.124093054,1.36015858,0.0574941122,-0.9618566,0.912813575,False,shared_heat,1.32646201,1.2055022
GOBP_CHROMATIN_REMODELING,Chromatin Remodeling,GO_BP,1.32337541,0.0831764445,1.39679403,0.0505953502,-0.89790509,0.976113102,False,shared_heat,1.35864122,1.19540463
GOBP_CHROMOSOME_CONDENSATION,Chromosome Condensation,GO_BP,0.892219662,0.673211387,0.761595385,0.831411995,1.26463445,0.630133837,False,shared_heat,0.84852627,-0.922333888
GOBP_CHROMOSOME_LOCALIZATION,Chromosome Localization,GO_BP,0.727036664,0.927706165,-0.688935066,0.951467677,1.0288514,0.843200585,False,shared_heat,-0.702715441,0.965087099
GOBP_CHROMOSOME_ORGANIZATION,Chromosome Organization,GO_BP,1.14240255,0.274203182,1.27391688,0.124200292,-1.05835162,0.77416627,False,shared_heat,1.21673118,1.29477317
GOBP_CHROMOSOME_ORGANIZATION_INVOLVED_IN_MEIOTIC_CELL_CYCLE,Chromosome Organization Involved in Meiotic Cell Cycle,GO_BP,1.01205674,0.537802356,1.2891441,0.302636829,-0.813494256,0.967415834,False,shared_heat,1.14982316,1.30064943
GOBP_CHROMOSOME_SEGREGATION,Chromosome Segregation,GO_BP,1.1926792,0.227419889,1.11350344,0.361410383,0.934621784,0.937315503,False,shared_heat,1.21487538,1.05249497
GOBP_CHROMOSOME_SEPARATION,Chromosome Separation,GO_BP,1.30239606,0.207633509,1.23847571,0.29110355,0.780966924,0.994346977,False,shared_heat,1.28273925,1.0702914
GOBP_CILIUM_MOVEMENT,Cilium Movement,GO_BP,-0.82730339,0.759071145,-0.790384592,0.807721175,-1.07116989,0.809520012,False,shared_heat,-0.85692936,0.742312233
GOBP_CILIUM_ORGANIZATION,Cilium Organization,GO_BP,-0.997674711,0.551869933,-0.988099071,0.569419343,1.14748669,0.694777195,False,shared_heat,-0.98171062,1.4100482
GOBP_CILIUM_OR_FLAGELLUM_DEPENDENT_CELL_MOTILITY,Cilium or Flagellum Dependent Cell Motility,GO_BP,0.866596395,0.704922715,0.791574525,0.802404152,-1.01273151,0.851622152,False,shared_heat,0.80799001,0.666270148
GOBP_CIRCADIAN_REGULATION_OF_GENE_EXPRESSION,Circadian Regulation of Gene Expression,GO_BP,1.4870836,0.108702238,1.28706785,0.275157248,1.51495494,0.343800865,False,shared_heat,1.39304809,1.31430171
GOBP_CIRCADIAN_RHYTHM,Circadian Rhythm,GO_BP,1.38326627,0.100072307,1.31436373,0.166633418,1.16847993,0.653425753,False,shared_heat,1.37660254,1.17991025
GOBP_CIRCULATORY_SYSTEM_PROCESS,Circulatory System Process,GO_BP,1.59952408,0.00201880175,1.52178677,0.010475926,1.15541849,0.584628217,False,shared_heat,1.55168814,1.26590293
GOBP_CLATHRIN_DEPENDENT_ENDOCYTOSIS,Clathrin Dependent Endocytosis,GO_BP,1.34133129,0.234998231,1.27810361,0.307655541,1.49847803,0.395684613,False,shared_heat,1.44106554,1.06105965
GOBP_COCHLEA_DEVELOPMENT,Cochlea Development,GO_BP,-0.699525548,0.883767921,-0.941682051,0.621224896,1.06583883,0.819654638,False,shared_heat,-0.801136955,-0.684107863
GOBP_COGNITION,Cognition,GO_BP,1.55523015,0.0262710136,1.51025423,0.0451203341,1.29026838,0.459441901,False,shared_heat,1.55704241,1.23268277
GOBP_COLLAGEN_BIOSYNTHETIC_PROCESS,Collagen Biosynthetic Process,GO_BP,1.54712918,0.0940715959,1.45753963,0.166061826,1.02633355,0.844399056,False,shared_heat,1.49787659,-1.01451926
GOBP_COLLAGEN_CATABOLIC_PROCESS,Collagen Catabolic Process,GO_BP,1.11480242,0.429922822,0.994154665,0.556066876,1.17224217,0.724817691,False,shared_heat,1.03011736,-1.16852529
GOBP_COLLAGEN_FIBRIL_ORGANIZATION,Collagen Fibril Organization,GO_BP,1.52063123,0.0896013166,1.54584395,0.0958575238,0.818257202,0.976113102,False,shared_heat,1.48304685,1.2966304
GOBP_COLLAGEN_METABOLIC_PROCESS,Collagen Metabolic Process,GO_BP,1.60208746,0.0401483298,1.56861762,0.0611064774,1.1748528,0.680771423,False,shared_heat,1.54592425,-1.39114034
GOBP_COLUMNAR_CUBOIDAL_EPITHELIAL_CELL_DIFFERENTIATION,Columnar Cuboidal Epithelial Cell Differentiation,GO_BP,1.49243599,0.10262048,1.32858734,0.233633244,0.841742548,0.959690565,False,shared_heat,1.38181883,-0.692667979
GOBP_COMPLEMENT_ACTIVATION,Complement Activation,GO_BP,1.03346173,0.514212617,0.952256332,0.606669981,1.08464227,0.805596787,False,shared_heat,1.010263,-1.30480965
GOBP_CONNECTIVE_TISSUE_DEVELOPMENT,Connective Tissue Development,GO_BP,1.47167879,0.0427790073,1.2789376,0.179996661,1.05334639,0.805596787,False,shared_heat,1.32952008,0.928545254
GOBP_CONSTITUTIVE_HETEROCHROMATIN_FORMATION,Constitutive Heterochromatin Formation,GO_BP,1.33261039,0.251396941,1.37539454,0.243331786,-0.90492708,0.920850314,False,shared_heat,1.45276231,1.08261951
GOBP_CORONARY_VASCULATURE_DEVELOPMENT,Coronary Vasculature Development,GO_BP,1.35330771,0.226744744,1.22269756,0.3589487,0.905460745,0.920850314,False,shared_heat,1.25550778,0.825593517
GOBP_CORTICAL_ACTIN_CYTOSKELETON_ORGANIZATION,Cortical Actin Cytoskeleton Organization,GO_BP,1.53463094,0.108702238,1.25252717,0.332792569,1.01723505,0.851003543,False,shared_heat,1.41560605,1.74575402
GOBP_CORTICAL_CYTOSKELETON_ORGANIZATION,Cortical Cytoskeleton Organization,GO_BP,1.68291889,0.0427790073,1.33821154,0.243331786,1.44389927,0.42085713,False,shared_heat,1.52308838,1.58727796
GOBP_CRANIAL_SKELETAL_SYSTEM_DEVELOPMENT,Cranial Skeletal System Development,GO_BP,0.821207896,0.754707036,-0.859199128,0.711948614,1.22048302,0.682227057,False,shared_heat,-0.806082797,1.8333283
GOBP_CYTOKINESIS,Cytokinesis,GO_BP,1.05041677,0.468135122,0.970877568,0.59406542,0.799452066,0.994346977,False,shared_heat,1.00109386,-0.822656976
GOBP_CYTOKINETIC_PROCESS,Cytokinetic Process,GO_BP,0.869339804,0.69649697,-0.733752952,0.852795928,0.543346373,0.999948662,False,shared_heat,-0.733018667,0.63259598
GOBP_CYTOKINE_MEDIATED_SIGNALING_PATHWAY,Cytokine Mediated Signaling Pathway,GO_BP,1.62577663,0.00139339221,1.30156126,0.0847529917,1.9929825,1.01364499e-06,True,WT_only,1.42607769,2.11043231
GOBP_CYTOKINE_PRODUCTION,Cytokine Production,GO_BP,1.73560968,7.31011786e-06,1.58309559,0.000496369977,1.67544295,0.00040147321,True,cGAS_amplified,1.6353105,1.47736934
GOBP_CYTOKINE_PRODUCTION_INVOLVED_IN_IMMUNE_RESPONSE,Cytokine Production Involved in Immune Response,GO_BP,1.22449784,0.26692733,1.0661049,0.461712241,1.0960811,0.775134311,False,shared_heat,1.16638858,1.12041024
GOBP_CYTOKINE_PRODUCTION_INVOLVED_IN_INFLAMMATORY_RESPONSE,Cytokine Production Involved in Inflammatory Response,GO_BP,1.00627692,0.541044475,1.0227983,0.524848087,-0.763118028,0.994346977,False,shared_heat,0.981965227,1.26410357
GOBP_CYTOPLASMIC_MICROTUBULE_ORGANIZATION,Cytoplasmic Microtubule Organization,GO_BP,-0.601400356,0.974069491,-0.631485368,0.958448493,-0.826113849,0.971202574,False,shared_heat,-0.63085527,1.24826994
GOBP_CYTOPLASMIC_PATTERN_RECOGNITION_RECEPTOR_SIGNALING_PATHWAY,Cytoplasmic Pattern Recognition Receptor Signaling Pathway,GO_BP,1.04431028,0.477051412,-1.27854848,0.226084798,2.27094868,1.84032129e-05,True,sign_reversal,-1.08934446,2.48482834
GOBP_CYTOPLASMIC_TRANSLATION,Cytoplasmic Translation,GO_BP,0.724319597,0.940039413,0.893855331,0.716111155,-1.20206249,0.61117042,False,shared_heat,0.856664321,-1.57067548
GOBP_CYTOPLASMIC_TRANSLATIONAL_INITIATION,Cytoplasmic Translational Initiation,GO_BP,0.869928308,0.707749392,1.12371432,0.428902544,-1.69621157,0.18431545,False,shared_heat,1.03033078,1.00096217
GOBP_CYTOSKELETON_DEPENDENT_CYTOKINESIS,Cytoskeleton Dependent Cytokinesis,GO_BP,-1.03907411,0.493130037,-1.07348033,0.463491993,1.02308006,0.844399056,False,shared_heat,-1.0401899,-0.973122181
GOBP_CYTOSKELETON_DEPENDENT_INTRACELLULAR_TRANSPORT,Cytoskeleton Dependent Intracellular Transport,GO_BP,1.22519076,0.26768746,1.21665623,0.296036051,0.588960632,0.999948662,False,shared_heat,1.24372689,1.40422125
GOBP_CYTOSOLIC_TRANSPORT,Cytosolic Transport,GO_BP,-1.11270399,0.420382885,-0.948331689,0.619631695,0.786132206,0.987060088,False,shared_heat,-0.991442694,1.49421066
GOBP_DEFENSE_RESPONSE_TO_BACTERIUM,Defense Response to Bacterium,GO_BP,1.39878664,0.0808926124,1.08977249,0.414487225,1.78523967,0.0126551657,True,cGAS_amplified,1.23351998,2.04140047
GOBP_DEFENSE_RESPONSE_TO_GRAM_NEGATIVE_BACTERIUM,Defense Response to Gram Negative Bacterium,GO_BP,1.0835091,0.462851242,1.2066304,0.367762461,-1.22365092,0.667000186,False,shared_heat,1.1771941,1.10615762
GOBP_DEFENSE_RESPONSE_TO_GRAM_POSITIVE_BACTERIUM,Defense Response to Gram Positive Bacterium,GO_BP,-1.09755212,0.428337924,-1.24069596,0.298940422,1.13245243,0.738566035,False,shared_heat,-1.22990111,0.903069786
GOBP_DEFENSE_RESPONSE_TO_VIRUS,Defense Response to Virus,GO_BP,-1.28137474,0.156033967,-1.78808134,0.001583818,2.73728352,4.63806325e-13,True,KO_only,-1.52978252,2.93820231
GOBP_DENDRITE_DEVELOPMENT,Dendrite Development,GO_BP,0.927925951,0.667653914,1.05463348,0.470009837,0.856425006,0.976093983,False,shared_heat,1.0201463,1.45859707
GOBP_DENDRITE_MORPHOGENESIS,Dendrite Morphogenesis,GO_BP,-0.906937554,0.680633067,-0.898042378,0.692739501,1.06168743,0.809773816,False,shared_heat,-0.934508247,1.61089493
GOBP_DENDRITIC_CELL_DIFFERENTIATION,Dendritic Cell Differentiation,GO_BP,1.7852691,0.0163355048,1.6891277,0.0416659476,1.2407972,0.61117042,False,shared_heat,1.70126396,-1.02607137
GOBP_DENDRITIC_CELL_MIGRATION,Dendritic Cell Migration,GO_BP,1.14558623,0.411096814,0.976491235,0.580161412,0.989020004,0.866997263,False,shared_heat,1.02437453,1.06316685
GOBP_DENDRITIC_SPINE_DEVELOPMENT,Dendritic Spine Development,GO_BP,1.05656947,0.474672477,1.05885476,0.484244532,1.15652173,0.714914939,False,shared_heat,1.06068055,1.21641729
GOBP_DENDRITIC_SPINE_MORPHOGENESIS,Dendritic Spine Morphogenesis,GO_BP,-1.22601393,0.330643613,-1.19698422,0.377044931,-0.951757923,0.896633964,False,shared_heat,-1.20345481,1.08049215
GOBP_DEOXYRIBONUCLEOTIDE_METABOLIC_PROCESS,Deoxyribonucleotide Metabolic Process,GO_BP,-0.850107396,0.726599354,-0.832756781,0.753293525,-0.735821143,0.994909646,False,shared_heat,-0.794965037,-0.72053727
GOBP_DEPHOSPHORYLATION,Dephosphorylation,GO_BP,-0.877699411,0.71298213,-0.99617691,0.556700355,1.35052879,0.474495947,False,shared_heat,-0.94801572,1.39949885
GOBP_DETECTION_OF_ABIOTIC_STIMULUS,Detection of Abiotic Stimulus,GO_BP,-1.06858151,0.467730191,-1.12259623,0.428542126,-0.74296104,0.996578828,False,shared_heat,-1.07540801,-1.18593858
GOBP_DETECTION_OF_BIOTIC_STIMULUS,Detection of Biotic Stimulus,GO_BP,0.890945854,0.680323307,0.85988419,0.721419801,0.749914931,0.993239208,False,shared_heat,-0.84335199,-1.02189723
GOBP_DETECTION_OF_CHEMICAL_STIMULUS,Detection of Chemical Stimulus,GO_BP,-1.08514098,0.464555653,-1.32005004,0.279691987,1.47697183,0.417535,False,shared_heat,-1.15003136,0.92190542
GOBP_DETECTION_OF_MECHANICAL_STIMULUS,Detection of Mechanical Stimulus,GO_BP,-1.11208143,0.442235163,-1.03446344,0.525291222,-1.08752587,0.805596787,False,shared_heat,-1.08193997,-0.762496114
GOBP_DETECTION_OF_STIMULUS,Detection of Stimulus,GO_BP,-1.22418522,0.263042058,-1.28905367,0.225999018,1.07624798,0.796014142,False,shared_heat,-1.23638591,-1.24658285
GOBP_DETECTION_OF_STIMULUS_INVOLVED_IN_SENSORY_PERCEPTION,Detection of Stimulus Involved in Sensory Perception,GO_BP,-0.877052499,0.690268596,-1.04512067,0.512569125,1.23649648,0.667000186,False,shared_heat,-1.00408708,1.01908618
GOBP_DETOXIFICATION,Detoxification,GO_BP,-1.22978024,0.254329367,-1.1706598,0.34788628,-0.745322873,0.999948662,False,shared_heat,-1.21063059,-1.84438938
GOBP_DEVELOPMENTAL_CELL_GROWTH,Developmental Cell Growth,GO_BP,1.47557193,0.071789949,1.23717148,0.267159147,1.04546576,0.816193703,False,shared_heat,1.38200594,1.29694383
GOBP_DEVELOPMENTAL_GROWTH,Developmental Growth,GO_BP,1.65556302,0.000705638025,1.44387305,0.0258697502,1.03046906,0.823078425,False,shared_heat,1.56040265,1.26636151
GOBP_DEVELOPMENTAL_GROWTH_INVOLVED_IN_MORPHOGENESIS,Developmental Growth Involved in Morphogenesis,GO_BP,1.51494611,0.0556642574,1.27639538,0.224097629,1.01997712,0.844399056,False,shared_heat,1.45208093,1.11959417
GOBP_DEVELOPMENTAL_MATURATION,Developmental Maturation,GO_BP,1.62039564,0.0120704204,1.36709369,0.109517059,1.32166781,0.41410471,False,shared_heat,1.45475527,1.45079593
GOBP_DEVELOPMENTAL_PROCESS_INVOLVED_IN_REPRODUCTION,Developmental Process Involved in Reproduction,GO_BP,1.355934,0.0372116401,1.27532546,0.0917685954,-0.884835609,0.994346977,False,shared_heat,1.31485711,0.951693999
GOBP_DEVELOPMENT_OF_PRIMARY_FEMALE_SEXUAL_CHARACTERISTICS,Development of Primary Female Sexual Characteristics,GO_BP,1.51738168,0.0801886371,1.44771084,0.131789445,0.744014782,0.997837984,False,shared_heat,1.4980785,-0.81233637
GOBP_DEVELOPMENT_OF_PRIMARY_SEXUAL_CHARACTERISTICS,Development of Primary Sexual Characteristics,GO_BP,1.18103682,0.294543986,1.15085942,0.352591612,-1.27034857,0.490606258,False,shared_heat,1.19543457,0.787101724
GOBP_DICARBOXYLIC_ACID_METABOLIC_PROCESS,Dicarboxylic Acid Metabolic Process,GO_BP,-1.3123568,0.199671489,-1.27652432,0.264098536,0.606830167,0.999948662,False,shared_heat,-1.3115239,0.692473215
GOBP_DICARBOXYLIC_ACID_TRANSPORT,Dicarboxylic Acid Transport,GO_BP,1.34809385,0.188049822,1.12386406,0.415540866,1.24786741,0.5990368,False,shared_heat,1.20011151,1.37772395
GOBP_DIENCEPHALON_DEVELOPMENT,Diencephalon Development,GO_BP,1.74367013,0.0300561217,1.74163835,0.0388892288,-0.833685043,0.955246607,False,shared_heat,1.77791253,1.22273874
GOBP_DIGESTION,Digestion,GO_BP,-1.0933943,0.438112712,-1.24406274,0.306944,1.23792384,0.611172423,False,shared_heat,-1.19200405,-1.09813943
GOBP_DIGESTIVE_SYSTEM_DEVELOPMENT,Digestive System Development,GO_BP,1.26261481,0.254329367,1.21745673,0.322098708,-0.994004486,0.862818664,False,shared_heat,1.25277829,1.51251433
GOBP_DIGESTIVE_SYSTEM_PROCESS,Digestive System Process,GO_BP,-1.1297395,0.402189575,-1.24857083,0.306944,1.23076042,0.63568473,False,shared_heat,-1.20119329,-0.947732815
GOBP_DISRUPTION_OF_ANATOMICAL_STRUCTURE_IN_ANOTHER_ORGANISM,Disruption of Anatomical Structure in Another Organism,GO_BP,1.35555473,0.187541921,1.42233761,0.161295785,0.750977255,0.994909646,False,shared_heat,1.41354054,-1.01803796
GOBP_DITERPENOID_METABOLIC_PROCESS,Diterpenoid Metabolic Process,GO_BP,1.54345344,0.0804859561,1.5464988,0.0957461794,-0.816484996,0.980529725,False,shared_heat,1.53696421,-1.41954285
GOBP_DNA_BIOSYNTHETIC_PROCESS,DNA Biosynthetic Process,GO_BP,1.31371807,0.156033967,1.44726216,0.0861665565,-0.840281558,0.986934986,False,shared_heat,1.36552255,1.1799829
GOBP_DNA_DAMAGE_RESPONSE,DNA Damage Response,GO_BP,1.43339515,0.00787381882,1.51029322,0.00218322259,-1.08106215,0.690148464,False,shared_heat,1.46116605,1.48629667
GOBP_DNA_DAMAGE_RESPONSE_SIGNAL_TRANSDUCTION_BY_P53_CLASS_MEDIATOR,DNA Damage Response Signal Transduction by p53 Class Mediator,GO_BP,1.84747015,0.00848225861,1.87637284,0.00998886608,-0.628047886,0.999948662,False,shared_heat,1.84241514,-1.19943186
GOBP_DNA_INTEGRITY_CHECKPOINT_SIGNALING,DNA Integrity Checkpoint Signaling,GO_BP,1.0852378,0.430323234,1.26269874,0.253082111,-1.50419922,0.265285075,False,shared_heat,1.17631651,1.39220275
GOBP_DNA_METABOLIC_PROCESS,DNA Metabolic Process,GO_BP,1.20913667,0.118811431,1.32802701,0.0369247419,-1.35397951,0.120432545,False,shared_heat,1.25580658,1.28388971
GOBP_DNA_RECOMBINATION,DNA Recombination,GO_BP,-0.982063236,0.580673728,1.21507308,0.243445927,-1.37017011,0.307089105,False,shared_heat,1.09382069,1.78454881
GOBP_DNA_REPAIR,DNA Repair,GO_BP,1.03115392,0.474412864,1.19095215,0.219267281,-1.33859958,0.240587711,False,shared_heat,1.08376409,1.5526961
GOBP_DNA_REPLICATION,DNA Replication,GO_BP,1.33422025,0.104750096,1.51467578,0.0304372892,-1.53829562,0.0975618256,False,shared_heat,1.42288847,1.15365835
GOBP_DNA_REPLICATION_CHECKPOINT_SIGNALING,DNA Replication Checkpoint Signaling,GO_BP,1.41167726,0.190916864,1.7335237,0.046468252,-1.62443183,0.284677148,False,shared_heat,1.49738623,1.64980182
GOBP_DNA_REPLICATION_INITIATION,DNA Replication Initiation,GO_BP,1.11913899,0.419647706,1.55008339,0.105566913,-1.6129502,0.243095153,False,shared_heat,1.37921808,1.27477625
GOBP_DNA_STRAND_ELONGATION,DNA Strand Elongation,GO_BP,1.26243086,0.294543986,1.68641696,0.0536167157,-1.23296639,0.655017522,False,shared_heat,1.45523525,1.28485776
GOBP_DNA_TEMPLATED_DNA_REPLICATION,DNA Templated DNA Replication,GO_BP,0.946522792,0.637570029,1.19841453,0.29035936,-1.2574353,0.500387992,False,shared_heat,1.07282634,1.43609244
GOBP_DNA_TEMPLATED_DNA_REPLICATION_MAINTENANCE_OF_FIDELITY,DNA Templated DNA Replication Maintenance of Fidelity,GO_BP,0.663681087,0.945333466,0.973031889,0.583336833,-0.875538703,0.950156705,False,shared_heat,0.889512006,1.80233712
GOBP_DNA_TEMPLATED_TRANSCRIPTION_ELONGATION,DNA Templated Transcription Elongation,GO_BP,-0.980206205,0.575686059,-0.94267948,0.632796248,-1.34650942,0.445888835,False,shared_heat,-1.00238449,-1.19995697
GOBP_DNA_TEMPLATED_TRANSCRIPTION_INITIATION,DNA Templated Transcription Initiation,GO_BP,-0.897958755,0.711803503,0.885856318,0.745188215,-1.34349472,0.410109599,False,shared_heat,-0.830277061,-1.09460552
GOBP_DNA_TEMPLATED_TRANSCRIPTION_TERMINATION,DNA Templated Transcription Termination,GO_BP,-1.01446562,0.538884997,-1.08250666,0.481703919,-1.04348675,0.839590835,False,shared_heat,-1.06998348,-1.48047451
GOBP_DOPAMINE_METABOLIC_PROCESS,Dopamine Metabolic Process,GO_BP,1.41187697,0.190818744,1.50797501,0.152926733,0.374562555,0.999948662,False,shared_heat,1.43988315,-0.99416046
GOBP_DORSAL_VENTRAL_PATTERN_FORMATION,Dorsal Ventral Pattern Formation,GO_BP,-0.897801207,0.668063386,-0.925640463,0.637485683,1.17122786,0.729158558,False,shared_heat,-0.858753543,0.769115733
GOBP_DOUBLE_STRAND_BREAK_REPAIR,Double Strand Break Repair,GO_BP,0.996434523,0.552736311,1.1335977,0.359755406,-1.00159862,0.856897011,False,shared_heat,1.07165252,1.87556538
GOBP_DOUBLE_STRAND_BREAK_REPAIR_VIA_NONHOMOLOGOUS_END_JOINING,Double Strand Break Repair via Nonhomologous End Joining,GO_BP,-0.806638772,0.790540171,-0.862256288,0.721419801,0.806989011,0.976113102,False,shared_heat,-0.840620552,1.38803579
GOBP_D_GLUCOSE_IMPORT,D Glucose Import,GO_BP,-1.35963949,0.198007638,-1.38589833,0.205015047,1.16533497,0.719609917,False,shared_heat,-1.4072841,0.947877081
GOBP_EAR_DEVELOPMENT,Ear Development,GO_BP,-0.905510732,0.691265917,-1.01766504,0.528372301,1.12788178,0.730616091,False,shared_heat,-0.95522344,0.886132701
GOBP_EAR_MORPHOGENESIS,Ear Morphogenesis,GO_BP,-1.00087873,0.550189508,-1.03170118,0.520608434,-1.07217794,0.805596787,False,shared_heat,-1.03873794,1.08671155
GOBP_ELECTRON_TRANSPORT_CHAIN,Electron Transport Chain,GO_BP,-1.18071946,0.302316684,-0.972762082,0.594365311,-1.1406239,0.689647715,False,shared_heat,-1.05105995,-2.1139223
GOBP_EMBRYONIC_APPENDAGE_MORPHOGENESIS,Embryonic Appendage Morphogenesis,GO_BP,1.5914702,0.070979323,1.45702442,0.156386098,-0.751847906,0.994346977,False,shared_heat,1.56059671,-1.06772406
GOBP_EMBRYONIC_EPITHELIAL_TUBE_FORMATION,Embryonic Epithelial Tube Formation,GO_BP,1.18513843,0.326357847,1.1077528,0.427928291,-0.577640681,0.999948662,False,shared_heat,1.14901525,1.07557034
GOBP_EMBRYONIC_HEART_TUBE_DEVELOPMENT,Embryonic Heart Tube Development,GO_BP,1.20964261,0.336403169,1.0582902,0.492648523,1.50919327,0.372918319,False,shared_heat,1.11769158,-0.857823889
GOBP_EMBRYONIC_HEART_TUBE_MORPHOGENESIS,Embryonic Heart Tube Morphogenesis,GO_BP,0.914552285,0.6461175,-1.04148676,0.51578256,1.61688173,0.277515183,False,shared_heat,-0.867744518,0.820682708
GOBP_EMBRYONIC_MORPHOGENESIS,Embryonic Morphogenesis,GO_BP,1.91321206,2.2397181e-05,1.81358281,0.000286832782,0.897108484,0.967415834,False,shared_heat,1.81653592,1.38129861
GOBP_EMBRYONIC_ORGAN_DEVELOPMENT,Embryonic Organ Development,GO_BP,1.64913989,0.00785457219,1.58695148,0.0180906145,-0.975527913,0.89481449,False,shared_heat,1.63846938,1.30097251
GOBP_EMBRYONIC_ORGAN_MORPHOGENESIS,Embryonic Organ Morphogenesis,GO_BP,-0.904161768,0.696816519,-1.15383509,0.37058164,1.0379363,0.836393647,False,shared_heat,-1.02177815,1.46666125
GOBP_EMBRYONIC_PATTERN_SPECIFICATION,Embryonic Pattern Specification,GO_BP,1.04343103,0.504728227,0.88293314,0.683675872,0.752497123,0.989918871,False,shared_heat,0.960175448,1.59573575
GOBP_EMBRYONIC_PLACENTA_DEVELOPMENT,Embryonic Placenta Development,GO_BP,1.83743867,0.00866701919,1.71690248,0.0304372892,1.02689077,0.844399056,False,shared_heat,1.72564423,1.07202213
GOBP_EMBRYONIC_SKELETAL_SYSTEM_DEVELOPMENT,Embryonic Skeletal System Development,GO_BP,-1.04101855,0.504728227,-1.226463,0.34788628,1.33964828,0.526386676,False,shared_heat,-1.10837231,1.53546935
GOBP_EMBRYONIC_SKELETAL_SYSTEM_MORPHOGENESIS,Embryonic Skeletal System Morphogenesis,GO_BP,-1.09168752,0.461824896,-1.21409855,0.37058164,1.00255616,0.858183849,False,shared_heat,-1.17991281,1.67613445
GOBP_EMBRYO_DEVELOPMENT,Embryo Development,GO_BP,1.88191112,1.94494479e-07,1.84672314,3.22047212e-06,-0.802267439,0.999948662,False,shared_heat,1.84969127,1.31974311
GOBP_EMBRYO_DEVELOPMENT_ENDING_IN_BIRTH_OR_EGG_HATCHING,Embryo Development Ending in Birth or Egg Hatching,GO_BP,1.6236804,0.00176782447,1.56160682,0.00307455968,0.83926972,0.999730512,False,shared_heat,1.54804297,1.09119471
GOBP_EMBRYO_IMPLANTATION,Embryo Implantation,GO_BP,1.88629662,0.00778092524,1.86411118,0.0149702626,-0.863012008,0.950388983,False,shared_heat,1.86554646,0.727353375
GOBP_ENDOCARDIAL_CUSHION_DEVELOPMENT,Endocardial Cushion Development,GO_BP,1.41164097,0.168537962,1.09546315,0.456639778,1.38557918,0.485186551,False,shared_heat,1.2014358,-0.781868709
GOBP_ENDOCARDIAL_CUSHION_MORPHOGENESIS,Endocardial Cushion Morphogenesis,GO_BP,1.38027768,0.20593708,1.07063505,0.485174323,1.38297466,0.502934527,False,shared_heat,1.16276862,-0.601533477
GOBP_ENDOCHONDRAL_BONE_MORPHOGENESIS,Endochondral Bone Morphogenesis,GO_BP,1.65442139,0.044572897,1.1981823,0.359204,1.01413964,0.851003543,False,shared_heat,1.47626808,1.06967872
GOBP_ENDOCRINE_HORMONE_SECRETION,Endocrine Hormone Secretion,GO_BP,1.29257739,0.278986197,1.20453656,0.371154663,1.15255069,0.744960915,False,shared_heat,1.24483495,-1.01519142
GOBP_ENDOCRINE_PROCESS,Endocrine Process,GO_BP,1.67523478,0.0375886675,1.56307713,0.0853160559,0.986748844,0.869263132,False,shared_heat,1.61001171,-1.09277483
GOBP_ENDOCRINE_SYSTEM_DEVELOPMENT,Endocrine System Development,GO_BP,1.38218899,0.159073039,1.24321486,0.295834408,1.21007522,0.653425753,False,shared_heat,1.32287125,1.5064761
GOBP_ENDOCYTOSIS,Endocytosis,GO_BP,1.87408708,5.88862435e-06,1.72709284,0.00026286258,1.39300582,0.168433174,False,shared_heat,1.77752267,-0.963831145
GOBP_ENDODERMAL_CELL_DIFFERENTIATION,Endodermal Cell Differentiation,GO_BP,1.77676895,0.0250377733,1.81983357,0.0232904918,1.00676751,0.855027111,False,shared_heat,1.75621267,1.25683579
GOBP_ENDODERM_DEVELOPMENT,Endoderm Development,GO_BP,2.2073965,0.000116683286,2.19378097,0.000304864079,1.31013426,0.524405092,False,shared_heat,2.17546498,1.21544073
GOBP_ENDODERM_FORMATION,Endoderm Formation,GO_BP,1.95183446,0.00474919974,1.94258861,0.00739697788,0.944590507,0.901446344,False,shared_heat,1.93083061,1.33948397
GOBP_ENDOLYSOSOMAL_TOLL_LIKE_RECEPTOR_SIGNALING_PATHWAY,Endolysosomal Toll Like Receptor Signaling Pathway,GO_BP,-1.17949128,0.371157411,-1.46604207,0.164854056,1.6534956,0.231047548,False,shared_heat,-1.39054827,1.55927672
GOBP_ENDOMEMBRANE_SYSTEM_ORGANIZATION,Endomembrane System Organization,GO_BP,-1.10712839,0.353221337,-1.24624659,0.192392812,1.14256532,0.650764956,False,shared_heat,-1.14424959,0.94299382
GOBP_ENDOPLASMIC_RETICULUM_ORGANIZATION,Endoplasmic Reticulum Organization,GO_BP,1.3798856,0.186010459,1.3016834,0.272377278,0.801580882,0.980529725,False,shared_heat,1.26932422,0.935890943
GOBP_ENDOPLASMIC_RETICULUM_TO_GOLGI_VESICLE_MEDIATED_TRANSPORT,Endoplasmic Reticulum to Golgi Vesicle Mediated Transport,GO_BP,1.31589107,0.213329922,1.2821775,0.267521209,0.998204463,0.861264609,False,shared_heat,1.35720312,-0.710454956
GOBP_ENDOSOMAL_TRANSPORT,Endosomal Transport,GO_BP,-1.04458778,0.482275113,-1.14429246,0.380629652,1.38589703,0.399046214,False,shared_heat,-1.1138718,1.05158371
GOBP_ENDOSOME_ORGANIZATION,Endosome Organization,GO_BP,-1.22101029,0.315219714,-1.29180561,0.277698542,0.991861818,0.865184067,False,shared_heat,-1.27073115,-1.0244618
GOBP_ENDOTHELIAL_CELL_APOPTOTIC_PROCESS,Endothelial Cell Apoptotic Process,GO_BP,-1.09912408,0.428804901,-1.12738891,0.41560113,0.875364041,0.950156705,False,shared_heat,-1.11728724,1.41441633
GOBP_ENDOTHELIAL_CELL_DEVELOPMENT,Endothelial Cell Development,GO_BP,0.968839351,0.589670626,0.850311893,0.746173639,1.02013287,0.844399056,False,shared_heat,0.869875379,0.777319046
GOBP_ENDOTHELIAL_CELL_DIFFERENTIATION,Endothelial Cell Differentiation,GO_BP,1.34638762,0.165127326,1.14405777,0.380654105,1.30449887,0.506063695,False,shared_heat,1.18683733,0.881501231
GOBP_ENDOTHELIAL_CELL_MIGRATION,Endothelial Cell Migration,GO_BP,1.27453935,0.166219446,1.24753696,0.210964778,1.0639228,0.796014142,False,shared_heat,1.25684366,0.865976031
GOBP_ENDOTHELIAL_CELL_PROLIFERATION,Endothelial Cell Proliferation,GO_BP,1.52057868,0.0527816904,1.63234094,0.0303321677,-0.86670167,0.968727759,False,shared_heat,1.59176384,1.20028656
GOBP_ENDOTHELIUM_DEVELOPMENT,Endothelium Development,GO_BP,1.36963478,0.137655746,1.20723727,0.303434394,1.32152979,0.473804212,False,shared_heat,1.19768022,0.847801085
GOBP_ENERGY_HOMEOSTASIS,Energy Homeostasis,GO_BP,1.36525007,0.194107679,1.32956753,0.247312159,1.33269341,0.523671314,False,shared_heat,1.33842438,0.948388189
GOBP_ENERGY_RESERVE_METABOLIC_PROCESS,Energy Reserve Metabolic Process,GO_BP,0.899896172,0.686717376,-0.797116558,0.828804489,1.02571801,0.844399056,False,shared_heat,-0.77326189,1.56597193
GOBP_ENSHEATHMENT_OF_NEURONS,Ensheathment of Neurons,GO_BP,1.41814282,0.101435705,1.10803058,0.411795339,1.07689331,0.796014142,False,shared_heat,1.23951737,1.47318699
GOBP_ENZYME_LINKED_RECEPTOR_PROTEIN_SIGNALING_PATHWAY,Enzyme Linked Receptor Protein Signaling Pathway,GO_BP,1.56670054,0.00066366915,1.38281098,0.0164422095,1.37988646,0.0975655558,False,shared_heat,1.46654027,1.17694887
GOBP_EPHRIN_RECEPTOR_SIGNALING_PATHWAY,Ephrin Receptor Signaling Pathway,GO_BP,1.02328541,0.522212529,0.881169009,0.695638521,1.18023518,0.705785642,False,shared_heat,0.921056357,1.0709463
GOBP_EPIBOLY,Epiboly,GO_BP,2.00046846,0.00336313908,1.85956737,0.0164422095,0.717829053,0.996578828,False,shared_heat,1.91821548,-0.820887681
GOBP_EPIDERMAL_CELL_DIFFERENTIATION,Epidermal Cell Differentiation,GO_BP,1.73477562,0.00928197981,1.64590466,0.0259132252,0.871232965,0.959690565,False,shared_heat,1.65139416,-0.850702603
GOBP_EPIDERMIS_DEVELOPMENT,Epidermis Development,GO_BP,1.94842492,0.000116683286,1.9373468,0.00026286258,0.796525919,0.999948662,False,shared_heat,1.94865552,1.0089458
GOBP_EPIGENETIC_REGULATION_OF_GENE_EXPRESSION,Epigenetic Regulation of Gene Expression,GO_BP,0.845145482,0.82520191,0.963802293,0.61417886,-0.987294206,0.871101927,False,shared_heat,0.927285475,-0.866042089
GOBP_EPITHELIAL_CELL_APOPTOTIC_PROCESS,Epithelial Cell Apoptotic Process,GO_BP,1.44349938,0.133537163,1.42454896,0.165424216,0.631235264,0.999948662,False,shared_heat,1.39430273,0.779072915
GOBP_EPITHELIAL_CELL_DEVELOPMENT,Epithelial Cell Development,GO_BP,1.6223294,0.0210350395,1.45550142,0.0793717593,0.953622085,0.904673288,False,shared_heat,1.51112758,0.990257568
GOBP_EPITHELIAL_CELL_DIFFERENTIATION,Epithelial Cell Differentiation,GO_BP,1.87386476,8.96137627e-06,1.76585508,0.000176227891,0.887455108,0.984566282,False,shared_heat,1.76858209,0.833476497
GOBP_EPITHELIAL_CELL_DIFFERENTIATION_INVOLVED_IN_KIDNEY_DEVELOPMENT,Epithelial Cell Differentiation Involved in Kidney Development,GO_BP,-1.03111862,0.518759035,-1.01163333,0.544371355,0.667020025,0.999948662,False,shared_heat,-1.01736909,1.09089033
GOBP_EPITHELIAL_CELL_PROLIFERATION,Epithelial Cell Proliferation,GO_BP,1.82823321,0.000135538585,1.77158263,0.000496369977,0.867767042,0.985926477,False,shared_heat,1.77120115,1.14379735
GOBP_EPITHELIAL_TO_MESENCHYMAL_TRANSITION,Epithelial to Mesenchymal Transition,GO_BP,1.67907084,0.0146905425,1.61088951,0.0294454645,1.07716025,0.791459509,False,shared_heat,1.60311255,1.29886497
GOBP_EPITHELIAL_TUBE_MORPHOGENESIS,Epithelial Tube Morphogenesis,GO_BP,1.62602814,0.0114086123,1.47903113,0.0473109017,1.06843873,0.791754562,False,shared_heat,1.50104085,1.14215018
GOBP_EPITHELIUM_DEVELOPMENT,Epithelium Development,GO_BP,1.99203909,1.49265574e-09,1.90092653,1.50432758e-07,0.895461984,0.989918871,False,shared_heat,1.90299362,0.941994928
GOBP_ERAD_PATHWAY,Erad Pathway,GO_BP,1.28649361,0.258196799,1.17557783,0.377873683,0.894805979,0.942079908,False,shared_heat,1.32980707,1.18115929
GOBP_ERBB_SIGNALING_PATHWAY,Erbb Signaling Pathway,GO_BP,1.57465212,0.0392525732,1.35353692,0.162500709,1.37519771,0.40728558,False,shared_heat,1.49753831,1.09834441
GOBP_ERK1_AND_ERK2_CASCADE,ERK-1 and ERK-2 Cascade,GO_BP,1.91069259,5.90262983e-05,1.8482297,0.000491800095,0.8565003,0.986500746,False,shared_heat,1.89785221,0.892195942
GOBP_ERYTHROCYTE_DEVELOPMENT,Erythrocyte Development,GO_BP,-0.743093484,0.848698359,0.887117302,0.680175881,-1.0143823,0.851003543,False,shared_heat,0.818392207,-0.94768693
GOBP_ERYTHROCYTE_HOMEOSTASIS,Erythrocyte Homeostasis,GO_BP,1.25542677,0.208711359,-1.12359292,0.390147367,1.10944712,0.738566035,False,shared_heat,1.2284294,1.40955186
GOBP_ER_NUCLEUS_SIGNALING_PATHWAY,ER Nucleus Signaling Pathway,GO_BP,-0.833588445,0.761728546,-0.899005576,0.676999827,1.1433115,0.738566035,False,shared_heat,-0.882026863,0.751324865
GOBP_ESTABLISHMENT_OF_CELL_POLARITY,Establishment of Cell Polarity,GO_BP,-0.946834581,0.628794777,-0.870737348,0.747356384,-0.655177903,0.999948662,False,shared_heat,-0.916587887,1.48461206
GOBP_ESTABLISHMENT_OF_ENDOTHELIAL_BARRIER,Establishment of Endothelial Barrier,GO_BP,-1.03936007,0.508226465,-1.07119119,0.487591688,1.15657446,0.738566035,False,shared_heat,-1.07958363,0.785062377
GOBP_ESTABLISHMENT_OF_MITOCHONDRION_LOCALIZATION,Establishment of Mitochondrion Localization,GO_BP,0.878212349,0.687356863,0.889176885,0.675830538,0.79269702,0.976113102,False,shared_heat,0.904121639,1.9399594
GOBP_ESTABLISHMENT_OF_MITOTIC_SPINDLE_LOCALIZATION,Establishment of Mitotic Spindle Localization,GO_BP,0.950576965,0.60499267,0.82956402,0.751166678,1.09397319,0.805596787,False,shared_heat,0.903662857,0.810422836
GOBP_ESTABLISHMENT_OF_ORGANELLE_LOCALIZATION,Establishment of Organelle Localization,GO_BP,1.04041683,0.465870695,1.02795802,0.496252428,0.742061544,0.999948662,False,shared_heat,1.03830748,1.06999246
GOBP_ESTABLISHMENT_OF_PROTEIN_LOCALIZATION_TO_ENDOPLASMIC_RETICULUM,Establishment of Protein Localization to Endoplasmic Reticulum,GO_BP,1.32202339,0.260652086,1.21803381,0.367900767,1.08330618,0.809773816,False,shared_heat,1.34541569,-1.10093658
GOBP_ESTABLISHMENT_OF_PROTEIN_LOCALIZATION_TO_MEMBRANE,Establishment of Protein Localization to Membrane,GO_BP,1.38110398,0.108702238,1.29550241,0.194973672,-1.11055281,0.730616091,False,shared_heat,1.30152951,1.13193576
GOBP_ESTABLISHMENT_OF_PROTEIN_LOCALIZATION_TO_MITOCHONDRION,Establishment of Protein Localization to Mitochondrion,GO_BP,1.5942741,0.0375886675,1.69154185,0.0241064628,-0.972205314,0.889880572,False,shared_heat,1.64740561,-1.35531864
GOBP_ESTABLISHMENT_OF_PROTEIN_LOCALIZATION_TO_ORGANELLE,Establishment of Protein Localization to Organelle,GO_BP,1.71635749,0.00107155838,1.60889807,0.00653511857,1.10436455,0.705785642,False,shared_heat,1.63970636,1.06390325
GOBP_ESTABLISHMENT_OF_PROTEIN_LOCALIZATION_TO_PLASMA_MEMBRANE,Establishment of Protein Localization to Plasma Membrane,GO_BP,1.1520122,0.396293991,1.17233834,0.395964689,-1.3481133,0.524637188,False,shared_heat,1.1931115,-1.21301772
GOBP_ESTABLISHMENT_OF_PROTEIN_LOCALIZATION_TO_VACUOLE,Establishment of Protein Localization to Vacuole,GO_BP,-0.753206796,0.842747527,-0.88810499,0.683008654,0.863903299,0.950156705,False,shared_heat,-0.837188835,-1.08241244
GOBP_ESTABLISHMENT_OF_RNA_LOCALIZATION,Establishment of RNA Localization,GO_BP,1.2545021,0.246076574,1.32508788,0.20156784,-0.790312428,0.994346977,False,shared_heat,1.28633175,1.30889928
GOBP_ESTABLISHMENT_OF_SPINDLE_ORIENTATION,Establishment of Spindle Orientation,GO_BP,0.851775254,0.716512454,0.7724499,0.819456925,0.853831842,0.950156705,False,shared_heat,0.811073552,0.936355412
GOBP_ESTABLISHMENT_OR_MAINTENANCE_OF_BIPOLAR_CELL_POLARITY,Establishment or Maintenance of Bipolar Cell Polarity,GO_BP,1.63582767,0.0621246683,1.64901569,0.0694527807,-1.04919488,0.836393647,False,shared_heat,1.6445475,1.17929847
GOBP_ESTABLISHMENT_OR_MAINTENANCE_OF_CELL_POLARITY,Establishment or Maintenance of Cell Polarity,GO_BP,1.3945682,0.0898031387,1.31815461,0.161514093,0.729237983,0.999948662,False,shared_heat,1.36675775,1.52694321
GOBP_ESTROGEN_RECEPTOR_SIGNALING_PATHWAY,Estrogen Receptor Signaling Pathway,GO_BP,1.56107495,0.0968611212,1.5236866,0.137892662,-0.860486891,0.950156705,False,shared_heat,1.52221376,0.869787165
GOBP_EXECUTION_PHASE_OF_APOPTOSIS,Execution Phase of Apoptosis,GO_BP,1.1407328,0.381895882,1.00603828,0.542043385,-1.01222973,0.851003543,False,shared_heat,1.12220963,-1.09130679
GOBP_EXOCRINE_SYSTEM_DEVELOPMENT,Exocrine System Development,GO_BP,1.37114597,0.197781303,1.24722779,0.328029717,-0.780735809,0.986500746,False,shared_heat,1.30836952,-0.858593589
GOBP_EXOCYTIC_PROCESS,Exocytic Process,GO_BP,0.792604898,0.797032477,0.813920175,0.77540019,-0.941887761,0.902147883,False,shared_heat,0.780067106,-0.824989425
GOBP_EXOCYTOSIS,Exocytosis,GO_BP,1.3211835,0.126195704,1.2775685,0.179996661,1.0292986,0.839157547,False,shared_heat,1.26195947,-1.00255144
GOBP_EXPORT_ACROSS_PLASMA_MEMBRANE,Export Across Plasma Membrane,GO_BP,-1.69445065,0.0351775027,-1.80688214,0.0209277883,0.811971127,0.976113102,False,shared_heat,-1.74457498,-1.05936879
GOBP_EXPORT_FROM_CELL,Export from Cell,GO_BP,1.64498955,0.000253277262,1.46111666,0.00970725671,1.42192336,0.0975655558,False,shared_heat,1.54306363,1.06357172
GOBP_EXTERNAL_ENCAPSULATING_STRUCTURE_ORGANIZATION,External Encapsulating Structure Organization,GO_BP,1.69464449,0.00540514919,1.5463975,0.0261944799,0.946047542,0.91390394,False,shared_heat,1.58821093,1.21332377
GOBP_EXTRACELLULAR_MATRIX_ASSEMBLY,Extracellular Matrix Assembly,GO_BP,1.34488952,0.232747558,1.25451513,0.331326661,0.590915088,0.999948662,False,shared_heat,1.30341829,1.41657862
GOBP_EXTRACELLULAR_MATRIX_DISASSEMBLY,Extracellular Matrix Disassembly,GO_BP,0.927200435,0.643646882,-1.11021581,0.437756134,0.805456882,0.982499693,False,shared_heat,-1.04363459,-1.02981704
GOBP_EXTRINSIC_APOPTOTIC_SIGNALING_PATHWAY,Extrinsic Apoptotic Signaling Pathway,GO_BP,2.00675307,1.18079666e-05,1.80099167,0.00108740093,1.01247218,0.844399056,False,shared_heat,1.84168934,1.32250522
GOBP_EXTRINSIC_APOPTOTIC_SIGNALING_PATHWAY_VIA_DEATH_DOMAIN_RECEPTORS,Extrinsic Apoptotic Signaling Pathway via Death Domain Receptors,GO_BP,1.54197463,0.0670979004,1.61093491,0.0526812279,-1.18508712,0.667000186,False,shared_heat,1.53454694,0.97727133
GOBP_EYE_MORPHOGENESIS,Eye Morphogenesis,GO_BP,1.19805379,0.313721486,1.11190011,0.424624688,0.701482276,0.999948662,False,shared_heat,1.14737951,1.30345024
GOBP_FACE_DEVELOPMENT,Face Development,GO_BP,1.1313143,0.41654782,0.998431252,0.551772694,1.17461745,0.723293311,False,shared_heat,1.07407276,1.64704502
GOBP_FATTY_ACID_BETA_OXIDATION,Fatty Acid beta Oxidation,GO_BP,-1.45111509,0.100072307,-1.41501688,0.142456676,0.511568208,0.999948662,False,shared_heat,-1.47146547,-1.83622027
GOBP_FATTY_ACID_BIOSYNTHETIC_PROCESS,Fatty Acid Biosynthetic Process,GO_BP,-0.855721834,0.777612795,-1.08798181,0.441131511,0.637619015,0.999948662,False,shared_heat,-1.0481975,1.45707658
GOBP_FATTY_ACID_CATABOLIC_PROCESS,Fatty Acid Catabolic Process,GO_BP,-1.68405419,0.0191915231,-1.75186678,0.0162160034,0.890118443,0.950156705,False,shared_heat,-1.77231149,-1.67655091
GOBP_FATTY_ACID_DERIVATIVE_BIOSYNTHETIC_PROCESS,Fatty Acid Derivative Biosynthetic Process,GO_BP,-1.55356658,0.0945689689,-1.61252326,0.0852159207,1.06712817,0.812485288,False,shared_heat,-1.59235154,-0.714361287
GOBP_FATTY_ACID_DERIVATIVE_METABOLIC_PROCESS,Fatty Acid Derivative Metabolic Process,GO_BP,-1.66969252,0.0397945586,-1.69342706,0.0416659476,1.11227381,0.775134311,False,shared_heat,-1.66758767,0.673793203
GOBP_FATTY_ACID_METABOLIC_PROCESS,Fatty Acid Metabolic Process,GO_BP,-1.24735045,0.165298441,-1.41615502,0.0574826539,0.942334432,0.923948694,False,shared_heat,-1.34180501,-1.28530978
GOBP_FATTY_ACID_TRANSMEMBRANE_TRANSPORT,Fatty Acid Transmembrane Transport,GO_BP,1.1230876,0.430739341,1.16095288,0.414685484,1.14459778,0.762709348,False,shared_heat,1.17410539,-0.673034676
GOBP_FATTY_ACID_TRANSPORT,Fatty Acid Transport,GO_BP,1.63163853,0.0356523008,1.53595243,0.0760670494,0.780349708,0.994346977,False,shared_heat,1.62767068,-1.65247685
GOBP_FATTY_ACYL_COA_METABOLIC_PROCESS,Fatty Acyl CoA Metabolic Process,GO_BP,-1.79877635,0.0198299848,-1.85268853,0.0164422095,1.36348129,0.507936037,False,shared_heat,-1.81054304,-0.847367008
GOBP_FAT_CELL_DIFFERENTIATION,Fat Cell Differentiation,GO_BP,1.69062744,0.00620192148,1.56651313,0.0278126486,1.42104546,0.287149302,False,shared_heat,1.58977407,-0.865322704
GOBP_FC_GAMMA_RECEPTOR_SIGNALING_PATHWAY,Fc gamma Receptor Signaling Pathway,GO_BP,0.814575084,0.766225759,-0.890800764,0.675830538,0.965300277,0.888957599,False,shared_heat,-0.830088621,-1.03270201
GOBP_FC_RECEPTOR_MEDIATED_STIMULATORY_SIGNALING_PATHWAY,Fc Receptor Mediated Stimulatory Signaling Pathway,GO_BP,0.992505984,0.558058486,-1.01450286,0.542043385,1.46067936,0.419732629,False,shared_heat,0.928537556,0.697369097
GOBP_FC_RECEPTOR_SIGNALING_PATHWAY,Fc Receptor Signaling Pathway,GO_BP,-1.26407756,0.273478655,-1.41280585,0.171518336,1.38348538,0.468928058,False,shared_heat,-1.28825785,-1.10051914
GOBP_FEAR_RESPONSE,Fear Response,GO_BP,-0.775132907,0.805818439,-0.804893699,0.774045669,-0.572076214,0.999948662,False,shared_heat,-0.78824305,1.27604831
GOBP_FEEDING_BEHAVIOR,Feeding Behavior,GO_BP,-0.953568538,0.60377337,-0.898332442,0.669485501,0.799479569,0.973305252,False,shared_heat,-0.918987075,-0.687678449
GOBP_FEMALE_GAMETE_GENERATION,Female Gamete Generation,GO_BP,1.23634958,0.269306398,1.16699373,0.361951664,0.931911716,0.91390394,False,shared_heat,1.19507603,0.952630814
GOBP_FEMALE_SEX_DIFFERENTIATION,Female Sex Differentiation,GO_BP,1.72540193,0.0176379981,1.64953821,0.0399695082,0.958069922,0.896633964,False,shared_heat,1.71428283,-0.892658373
GOBP_FERROPTOSIS,Ferroptosis,GO_BP,-1.03352458,0.513534525,-1.36655296,0.226084798,1.12983833,0.763057632,False,shared_heat,-1.18379563,0.999362776
GOBP_FERTILIZATION,Fertilization,GO_BP,1.1170466,0.404871981,1.10583293,0.431179087,-1.16407181,0.694777195,False,shared_heat,1.09086064,0.644480825
GOBP_FIBROBLAST_GROWTH_FACTOR_RECEPTOR_SIGNALING_PATHWAY,Fibroblast Growth Factor Receptor Signaling Pathway,GO_BP,1.34544358,0.21830909,1.19366208,0.370963496,1.50106693,0.383183095,False,shared_heat,1.33184281,0.982313371
GOBP_FIBROBLAST_MIGRATION,Fibroblast Migration,GO_BP,1.43546856,0.148542855,1.37370614,0.213783124,1.26234115,0.611020451,False,shared_heat,1.37092271,1.25710596
GOBP_FIBROBLAST_PROLIFERATION,Fibroblast Proliferation,GO_BP,1.32748901,0.19242345,1.41633144,0.149157937,-1.00063355,0.85763161,False,shared_heat,1.37744438,-0.891315707
GOBP_FILOPODIUM_ASSEMBLY,Filopodium Assembly,GO_BP,1.14459602,0.396911479,1.24537123,0.327564095,-0.954734741,0.896633964,False,shared_heat,1.17429388,0.822028901
GOBP_FOAM_CELL_DIFFERENTIATION,Foam Cell Differentiation,GO_BP,1.1747243,0.372743943,1.12389201,0.436025563,0.584645211,0.999948662,False,shared_heat,1.13456073,1.02502263
GOBP_FOCAL_ADHESION_ASSEMBLY,Focal Adhesion Assembly,GO_BP,1.65040898,0.0324519631,1.59916321,0.0536167157,0.797472432,0.989918871,False,shared_heat,1.59928051,0.901491069
GOBP_FOREBRAIN_CELL_MIGRATION,Forebrain Cell Migration,GO_BP,1.27497739,0.281750022,1.0749751,0.478700206,1.22411071,0.669537991,False,shared_heat,1.0583167,1.35545984
GOBP_FOREBRAIN_DEVELOPMENT,Forebrain Development,GO_BP,1.82660793,0.000399032224,1.75526482,0.00218394464,0.815786686,0.996578828,False,shared_heat,1.77638498,1.36205226
GOBP_FOREBRAIN_GENERATION_OF_NEURONS,Forebrain Generation of Neurons,GO_BP,1.4826249,0.11629095,1.34178382,0.237420404,1.21095072,0.670561403,False,shared_heat,1.37239491,1.05322889
GOBP_FORMATION_OF_PRIMARY_GERM_LAYER,Formation of Primary Germ Layer,GO_BP,2.11944328,8.9241279e-05,2.07685562,0.000625888146,1.38078988,0.408535312,False,shared_heat,2.07031189,1.21645386
GOBP_GASTRULATION,Gastrulation,GO_BP,1.7647733,0.00544598242,1.65285253,0.0230801975,1.33484538,0.428562752,False,shared_heat,1.69373068,0.865863112
GOBP_GENERATION_OF_NEURONS,Generation of Neurons,GO_BP,1.83063728,6.25600536e-07,1.71082649,2.29331594e-05,1.27850456,0.249192925,False,shared_heat,1.79625662,1.57314084
GOBP_GENERATION_OF_PRECURSOR_METABOLITES_AND_ENERGY,Generation of Precursor Metabolites and Energy,GO_BP,-1.12880463,0.289932431,-1.14750076,0.290387537,0.83443741,0.999948662,False,shared_heat,-1.09989094,-1.50738557
GOBP_GLAND_DEVELOPMENT,Gland Development,GO_BP,1.58886609,0.00644259466,1.50918652,0.0211821115,1.16189838,0.59360652,False,shared_heat,1.52595241,1.33409312
GOBP_GLAND_MORPHOGENESIS,Gland Morphogenesis,GO_BP,1.88074974,0.00215250857,1.60230107,0.0437461125,1.27569933,0.523123081,False,shared_heat,1.74012197,1.1039526
GOBP_GLIAL_CELL_ACTIVATION,Glial Cell Activation,GO_BP,1.34675514,0.198133721,1.32623584,0.240021561,0.901462473,0.936236313,False,shared_heat,1.35924158,-0.791710162
GOBP_GLIAL_CELL_DEVELOPMENT,Glial Cell Development,GO_BP,1.34105647,0.166784508,1.02117538,0.520608434,1.07334753,0.805596787,False,shared_heat,1.17303652,0.805277053
GOBP_GLIAL_CELL_DIFFERENTIATION,Glial Cell Differentiation,GO_BP,1.32357616,0.133537163,1.0199302,0.516814831,1.08660985,0.766549761,False,shared_heat,1.17380575,0.979701321
GOBP_GLIAL_CELL_MIGRATION,Glial Cell Migration,GO_BP,-0.927766969,0.635170041,-0.976987679,0.581463773,0.672027308,0.999948662,False,shared_heat,-0.875363864,1.1103204
GOBP_GLIAL_CELL_PROLIFERATION,Glial Cell Proliferation,GO_BP,1.24380474,0.297617518,1.19033043,0.367120417,0.495614031,0.999948662,False,shared_heat,1.22112855,-0.824834698
GOBP_GLIOGENESIS,Gliogenesis,GO_BP,1.34511988,0.0983613307,1.11681356,0.362654338,1.10703678,0.721686034,False,shared_heat,1.20717262,1.05821451
GOBP_GLOMERULUS_DEVELOPMENT,Glomerulus Development,GO_BP,1.4036096,0.160391168,1.25560916,0.29936741,0.666752027,0.999948662,False,shared_heat,1.3018084,0.897737088
GOBP_GLUCAN_BIOSYNTHETIC_PROCESS,Glucan Biosynthetic Process,GO_BP,-0.685251045,0.896787937,-0.598471301,0.954176327,1.01150422,0.85250746,False,shared_heat,-0.719628514,1.6459354
GOBP_GLUCAN_METABOLIC_PROCESS,Glucan Metabolic Process,GO_BP,-1.23168698,0.294351753,-1.16029653,0.385154777,0.921410384,0.917210487,False,shared_heat,-1.16642791,1.48918494
GOBP_GLUCOSE_CATABOLIC_PROCESS,Glucose Catabolic Process,GO_BP,1.14121472,0.406752283,1.2387535,0.343793457,-0.952585693,0.896633964,False,shared_heat,1.18343565,-1.25956821
GOBP_GLUCOSE_METABOLIC_PROCESS,Glucose Metabolic Process,GO_BP,1.15328813,0.317480782,1.13507178,0.360041357,1.13990032,0.690148464,False,shared_heat,1.11751934,-1.06428186
GOBP_GLUTAMATE_METABOLIC_PROCESS,Glutamate Metabolic Process,GO_BP,-0.96694961,0.591310934,-0.934296753,0.628533597,-0.732117899,0.994346977,False,shared_heat,-0.918149213,0.671903084
GOBP_GLUTAMATE_RECEPTOR_SIGNALING_PATHWAY,Glutamate Receptor Signaling Pathway,GO_BP,0.806642268,0.77253456,0.923338672,0.636374666,-0.720915029,0.994909646,False,shared_heat,0.803218221,1.1713985
GOBP_GLUTAMINE_FAMILY_AMINO_ACID_METABOLIC_PROCESS,Glutamine Family Amino Acid Metabolic Process,GO_BP,1.41854194,0.156146296,1.41330351,0.179996661,-0.703508158,0.999948662,False,shared_heat,1.41607164,0.723598952
GOBP_GLUTATHIONE_METABOLIC_PROCESS,Glutathione Metabolic Process,GO_BP,-1.14166096,0.39359815,-1.00141551,0.552187885,-1.33949626,0.506063695,False,shared_heat,-1.11786681,-1.0604234
GOBP_GLYCEROLIPID_BIOSYNTHETIC_PROCESS,Glycerolipid Biosynthetic Process,GO_BP,-1.04190236,0.485872651,-1.2603181,0.260727308,1.38443195,0.399046214,False,shared_heat,-1.11389821,0.823822491
GOBP_GLYCEROLIPID_CATABOLIC_PROCESS,Glycerolipid Catabolic Process,GO_BP,1.12910307,0.424867391,1.00594887,0.546298148,1.36980636,0.51604703,False,shared_heat,1.06083105,1.62312809
GOBP_GLYCEROLIPID_METABOLIC_PROCESS,Glycerolipid Metabolic Process,GO_BP,0.973098346,0.594146882,-1.15522877,0.347480969,1.3207832,0.421547374,False,shared_heat,-0.959813646,0.962019927
GOBP_GLYCEROPHOSPHOLIPID_BIOSYNTHETIC_PROCESS,Glycerophospholipid Biosynthetic Process,GO_BP,-1.03258442,0.501647643,-1.1972985,0.337794428,1.23664747,0.59360652,False,shared_heat,-1.09288961,0.84610499
GOBP_GLYCEROPHOSPHOLIPID_METABOLIC_PROCESS,Glycerophospholipid Metabolic Process,GO_BP,-0.942031837,0.638500063,-1.1351984,0.384851938,1.23955045,0.557954428,False,shared_heat,-0.969156204,0.971827909
GOBP_GLYCOLYTIC_PROCESS_THROUGH_FRUCTOSE_6_PHOSPHATE,Glycolytic Process Through Fructose 6 Phosphate,GO_BP,1.14382385,0.403786609,1.20488337,0.368730391,-0.691449832,0.999948662,False,shared_heat,1.10121624,-1.28380088
GOBP_GLYCOLYTIC_PROCESS_THROUGH_GLUCOSE_6_PHOSPHATE,Glycolytic Process Through Glucose 6 Phosphate,GO_BP,1.09494798,0.454029837,1.22676501,0.357181472,-1.09329995,0.805496565,False,shared_heat,1.14979842,-1.15863112
GOBP_GLYCOPROTEIN_BIOSYNTHETIC_PROCESS,Glycoprotein Biosynthetic Process,GO_BP,1.44580411,0.0670109212,1.16097128,0.332792569,1.56878553,0.144669479,False,shared_heat,1.30464252,1.08021333
GOBP_GLYCOPROTEIN_METABOLIC_PROCESS,Glycoprotein Metabolic Process,GO_BP,1.40538337,0.0762095904,1.09957578,0.399044346,1.60255804,0.0955873049,False,shared_heat,1.26062357,1.10289321
GOBP_GLYCOSAMINOGLYCAN_BIOSYNTHETIC_PROCESS,Glycosaminoglycan Biosynthetic Process,GO_BP,1.2160351,0.342026474,0.851052961,0.723360198,0.979155067,0.875951496,False,shared_heat,1.08280578,1.0386847
GOBP_GLYCOSAMINOGLYCAN_METABOLIC_PROCESS,Glycosaminoglycan Metabolic Process,GO_BP,1.18915892,0.342554154,-0.84777074,0.748285372,1.16560197,0.708270237,False,shared_heat,1.11809703,-1.18453229
GOBP_GLYCOSPHINGOLIPID_METABOLIC_PROCESS,Glycosphingolipid Metabolic Process,GO_BP,-1.19056287,0.359214107,-1.13018051,0.4323606,0.759089551,0.989918871,False,shared_heat,-1.13158013,0.652227717
GOBP_GOLGI_ORGANIZATION,Golgi Organization,GO_BP,1.06958333,0.462745471,0.728300063,0.900515288,1.17854461,0.69963156,False,shared_heat,0.906896783,1.33817024
GOBP_GOLGI_TO_PLASMA_MEMBRANE_PROTEIN_TRANSPORT,Golgi to Plasma Membrane Protein Transport,GO_BP,1.18532399,0.372520435,1.19961368,0.379537458,-1.38845837,0.495211293,False,shared_heat,1.2319119,-1.00570937
GOBP_GOLGI_TO_PLASMA_MEMBRANE_TRANSPORT,Golgi to Plasma Membrane Transport,GO_BP,1.26018087,0.290676802,1.27396949,0.299225531,-1.36889801,0.491687255,False,shared_heat,1.30379391,1.18864436
GOBP_GOLGI_VESICLE_TRANSPORT,Golgi Vesicle Transport,GO_BP,1.10678001,0.380528842,1.06230273,0.456639778,0.877683988,0.959690565,False,shared_heat,1.13437509,0.959997824
GOBP_GRANULOCYTE_ACTIVATION,Granulocyte Activation,GO_BP,1.14691863,0.386854568,1.17130904,0.379537458,-0.792234191,0.985926477,False,shared_heat,1.20283368,-1.18765039
GOBP_GRANULOCYTE_CHEMOTAXIS,Granulocyte Chemotaxis,GO_BP,1.75716848,0.00971105999,1.58075981,0.0494754409,0.944088191,0.907191457,False,shared_heat,1.67873776,0.839340245
GOBP_GRANULOCYTE_DIFFERENTIATION,Granulocyte Differentiation,GO_BP,1.07929239,0.464555653,1.04068767,0.511118784,-0.778000076,0.986413269,False,shared_heat,1.06432657,0.676236378
GOBP_GRANULOCYTE_MIGRATION,Granulocyte Migration,GO_BP,1.75157106,0.00801439441,1.61812483,0.0337649306,0.892506089,0.950156705,False,shared_heat,1.67189757,0.77480488
GOBP_GROWTH,Growth,GO_BP,1.84600433,6.28559338e-07,1.64244025,0.00026286258,1.28045181,0.289935786,False,shared_heat,1.71229566,1.25196034
GOBP_G_PROTEIN_COUPLED_RECEPTOR_SIGNALING_PATHWAY,G Protein Coupled Receptor Signaling Pathway,GO_BP,1.40189724,0.0346757946,1.3902746,0.043291152,0.949572947,0.921224249,False,shared_heat,1.37745343,1.44542364
GOBP_HAIR_CELL_DIFFERENTIATION,Hair Cell Differentiation,GO_BP,0.865023418,0.700417327,-0.768555281,0.81588074,1.24419762,0.662226733,False,shared_heat,0.760341496,0.714912337
GOBP_HEAD_DEVELOPMENT,Head Development,GO_BP,1.60844839,0.00143397663,1.53844325,0.00670403133,0.938486626,0.945726528,False,shared_heat,1.56986724,1.34243792
GOBP_HEART_DEVELOPMENT,Heart Development,GO_BP,1.70683912,0.00038060059,1.52173271,0.0110775965,1.10003104,0.701594507,False,shared_heat,1.63426896,1.27363103
GOBP_HEART_GROWTH,Heart Growth,GO_BP,1.30702292,0.231116225,1.17341587,0.374524426,1.29743497,0.551555915,False,shared_heat,1.18141631,0.828112104
GOBP_HEART_MORPHOGENESIS,Heart Morphogenesis,GO_BP,1.87531473,0.00078977805,1.68375691,0.0102384576,1.32798368,0.417535,False,shared_heat,1.77875092,1.36864947
GOBP_HEART_PROCESS,Heart Process,GO_BP,1.47851816,0.0533674761,1.45136716,0.0759789013,1.0598832,0.805596787,False,shared_heat,1.49038298,1.11222942
GOBP_HEART_TRABECULA_MORPHOGENESIS,Heart Trabecula Morphogenesis,GO_BP,1.61583738,0.0763858441,1.49591906,0.158546253,1.36790472,0.520142924,False,shared_heat,1.5644932,-0.824170949
GOBP_HEART_VALVE_DEVELOPMENT,Heart Valve Development,GO_BP,1.7828002,0.0154226482,1.56283815,0.0819942063,1.16336062,0.705785642,False,shared_heat,1.63540313,1.70037135
GOBP_HEART_VALVE_MORPHOGENESIS,Heart Valve Morphogenesis,GO_BP,1.6570368,0.044572897,1.46089796,0.14333963,0.794271515,0.985926477,False,shared_heat,1.51498211,1.52777723
GOBP_HEMATOPOIETIC_OR_LYMPHOID_ORGAN_DEVELOPMENT,Hematopoietic or Lymphoid Organ Development,GO_BP,-0.972257489,0.587787779,-1.09581571,0.44621759,1.48663385,0.332247484,False,shared_heat,-0.969087351,-0.749487203
GOBP_HEMATOPOIETIC_PROGENITOR_CELL_DIFFERENTIATION,Hematopoietic Progenitor Cell Differentiation,GO_BP,1.13300917,0.377462499,-1.14278755,0.390998019,1.34917475,0.459441901,False,shared_heat,-1.0275579,1.44211838
GOBP_HEMATOPOIETIC_STEM_CELL_DIFFERENTIATION,Hematopoietic Stem Cell Differentiation,GO_BP,-0.946054126,0.612758789,-1.13222462,0.437756134,1.26430868,0.638193213,False,shared_heat,-1.06665822,1.16874452
GOBP_HEMOPOIESIS,Hemopoiesis,GO_BP,1.48535414,0.00164578411,1.37249059,0.0171489368,1.30386871,0.19968263,False,shared_heat,1.41670188,1.36524488
GOBP_HEMOSTASIS,Hemostasis,GO_BP,1.56275403,0.0198873205,1.52259173,0.0344103806,1.07053073,0.791459509,False,shared_heat,1.46265979,1.02152347
GOBP_HEPARAN_SULFATE_PROTEOGLYCAN_BIOSYNTHETIC_PROCESS,Heparan Sulfate Proteoglycan Biosynthetic Process,GO_BP,-0.912755346,0.647130552,-0.966076613,0.594192116,1.09412689,0.805596787,False,shared_heat,-0.907717512,0.97992108
GOBP_HEPARAN_SULFATE_PROTEOGLYCAN_METABOLIC_PROCESS,Heparan Sulfate Proteoglycan Metabolic Process,GO_BP,-0.877727041,0.693831785,-1.08321019,0.476776632,1.37579501,0.501954357,False,shared_heat,-0.980270546,1.01649809
GOBP_HEPATICOBILIARY_SYSTEM_DEVELOPMENT,Hepaticobiliary System Development,GO_BP,1.39089632,0.108823936,1.37283595,0.139583682,0.943048168,0.910724104,False,shared_heat,1.31807353,0.924969517
GOBP_HETEROCHROMATIN_ORGANIZATION,Heterochromatin Organization,GO_BP,1.16867265,0.328724754,1.17088783,0.346851758,0.784819125,0.994909646,False,shared_heat,1.2329512,0.980315294
GOBP_HETEROPHILIC_CELL_CELL_ADHESION,Heterophilic Cell Cell Adhesion,GO_BP,0.865324281,0.701878812,0.793228783,0.795983246,1.306466,0.584628217,False,shared_heat,0.827605581,-1.13143713
GOBP_HETEROTYPIC_CELL_CELL_ADHESION,Heterotypic Cell Cell Adhesion,GO_BP,1.54407204,0.080311863,1.42380493,0.163829222,1.01407115,0.851003543,False,shared_heat,1.50521932,-1.49934709
GOBP_HINDBRAIN_DEVELOPMENT,Hindbrain Development,GO_BP,1.11374953,0.390376563,1.01388249,0.528372301,-0.730905945,0.999948662,False,shared_heat,1.04415494,0.989268065
GOBP_HINDBRAIN_MORPHOGENESIS,Hindbrain Morphogenesis,GO_BP,1.10281024,0.44766959,1.04540073,0.511118784,-1.13069993,0.763628996,False,shared_heat,1.08424236,1.52898163
GOBP_HIPPOCAMPUS_DEVELOPMENT,Hippocampus Development,GO_BP,1.50840567,0.101722882,1.52695848,0.112497606,-0.784192848,0.989918871,False,shared_heat,1.46429785,0.968129424
GOBP_HIPPO_SIGNALING,Hippo Signaling,GO_BP,0.942279797,0.616466211,1.24326342,0.332792569,-0.910087561,0.921224249,False,shared_heat,1.05531579,1.56518046
GOBP_HOMEOSTASIS_OF_NUMBER_OF_CELLS,Homeostasis of Number of Cells,GO_BP,1.14764565,0.281117927,-1.14823395,0.314953196,0.948415908,0.917210487,False,shared_heat,-1.13313791,1.02049829
GOBP_HOMEOSTASIS_OF_NUMBER_OF_CELLS_WITHIN_A_TISSUE,Homeostasis of Number of Cells Within A Tissue,GO_BP,0.813696303,0.768839904,0.79721424,0.793794574,-1.30223646,0.567190143,False,shared_heat,0.820075448,-0.812189501
GOBP_HOMOLOGOUS_RECOMBINATION,Homologous Recombination,GO_BP,0.711118906,0.887662257,0.921996982,0.638916334,-0.78980754,0.982499693,False,shared_heat,0.846071864,1.60360574
GOBP_HOMOPHILIC_CELL_CELL_ADHESION,Homophilic Cell Cell Adhesion,GO_BP,1.17845022,0.349412332,1.2766663,0.278566804,-1.12493023,0.744596471,False,shared_heat,1.19406667,1.07104204
GOBP_HOMOTYPIC_CELL_CELL_ADHESION,Homotypic Cell Cell Adhesion,GO_BP,1.33808286,0.182512856,1.32724045,0.213194204,-0.810267657,0.986934986,False,shared_heat,1.24735569,1.18767421
GOBP_HORMONE_BIOSYNTHETIC_PROCESS,Hormone Biosynthetic Process,GO_BP,1.36028966,0.209360474,1.26145488,0.317474021,0.992268316,0.864102527,False,shared_heat,1.26053289,-1.22905067
GOBP_HORMONE_MEDIATED_SIGNALING_PATHWAY,Hormone Mediated Signaling Pathway,GO_BP,1.3892184,0.10372309,1.37935921,0.128780443,1.01312245,0.849486899,False,shared_heat,1.38575515,1.02959447
GOBP_HORMONE_METABOLIC_PROCESS,Hormone Metabolic Process,GO_BP,1.78567839,0.00535715807,1.74932332,0.0108983979,0.918472099,0.939784841,False,shared_heat,1.72643496,-1.40663163
GOBP_HORMONE_TRANSPORT,Hormone Transport,GO_BP,1.40640535,0.0806736004,1.22775909,0.244963979,1.45699688,0.249532022,False,shared_heat,1.26258888,-1.2382255
GOBP_HOST_MEDIATED_ACTIVATION_OF_VIRAL_PROCESS,Host Mediated Activation of Viral Process,GO_BP,1.29955171,0.276592323,1.46707632,0.171518336,-1.16326874,0.734120911,False,shared_heat,1.4827325,-1.4845975
GOBP_HOST_MEDIATED_PERTURBATION_OF_VIRAL_PROCESS,Host Mediated Perturbation of Viral Process,GO_BP,1.28695565,0.249711645,1.27411013,0.285226092,1.23612679,0.634129589,False,shared_heat,1.2596989,1.43303214
GOBP_HUMORAL_IMMUNE_RESPONSE,Humoral Immune Response,GO_BP,1.56522346,0.0306421141,1.46627121,0.0694186155,1.44140458,0.281091695,False,shared_heat,1.50883114,1.04672704
GOBP_HUMORAL_IMMUNE_RESPONSE_MEDIATED_BY_CIRCULATING_IMMUNOGLOBULIN,Humoral Immune Response Mediated by Circulating Immunoglobulin,GO_BP,1.26151757,0.292244392,1.17642599,0.385025729,1.46355094,0.415994207,False,shared_heat,1.2164038,-0.812522837
GOBP_HYALURONAN_METABOLIC_PROCESS,Hyaluronan Metabolic Process,GO_BP,1.31058928,0.26768746,1.10135357,0.459968256,0.801565698,0.970012683,False,shared_heat,1.20033504,-0.985730266
GOBP_HYDROGEN_PEROXIDE_METABOLIC_PROCESS,Hydrogen Peroxide Metabolic Process,GO_BP,-1.08016191,0.463867943,-1.29067745,0.290752855,0.848380539,0.950156705,False,shared_heat,-1.15453479,-1.98196996
GOBP_ICOSANOID_BIOSYNTHETIC_PROCESS,Icosanoid Biosynthetic Process,GO_BP,1.4057123,0.179448623,1.57489891,0.0997937355,-0.886241069,0.944986169,False,shared_heat,1.43124185,1.00589644
GOBP_ICOSANOID_METABOLIC_PROCESS,Icosanoid Metabolic Process,GO_BP,1.36404795,0.173575362,1.5834131,0.0712785844,-0.889921702,0.950156705,False,shared_heat,1.44589842,-0.931764753
GOBP_ICOSANOID_SECRETION,Icosanoid Secretion,GO_BP,1.47334734,0.14667648,1.34784687,0.262312884,0.855490739,0.950156705,False,shared_heat,1.40221449,-0.967809736
GOBP_ICOSANOID_TRANSPORT,Icosanoid Transport,GO_BP,1.5017588,0.126195704,1.33926574,0.264098536,1.01231614,0.852313896,False,shared_heat,1.35642727,-0.790268047
GOBP_IMMUNE_EFFECTOR_PROCESS,Immune Effector Process,GO_BP,1.48070793,0.00603353423,1.41034522,0.0215800694,1.3102351,0.258542436,False,shared_heat,1.44540585,1.06097173
GOBP_IMMUNE_RESPONSE_REGULATING_CELL_SURFACE_RECEPTOR_SIGNALING_PATHWAY,Immune Response Regulating Cell Surface Receptor Signaling Pathway,GO_BP,1.18731983,0.232081228,-1.21886547,0.227650197,1.52750679,0.093214835,False,shared_heat,1.16042368,-1.03886645
GOBP_IMMUNE_RESPONSE_REGULATING_SIGNALING_PATHWAY,Immune Response Regulating Signaling Pathway,GO_BP,1.31799746,0.070979323,-1.23546065,0.171518336,1.84712656,0.000103078117,True,sign_reversal,1.19487135,1.77248413
GOBP_IMMUNE_RESPONSE_TO_TUMOR_CELL,Immune Response to Tumor Cell,GO_BP,1.22840242,0.337312164,1.18514717,0.391903844,0.803725702,0.969233962,False,shared_heat,1.18463772,1.01376645
GOBP_IMMUNE_SYSTEM_DEVELOPMENT,Immune System Development,GO_BP,-1.1422859,0.33883018,-1.21146476,0.280080604,1.24578356,0.519728658,False,shared_heat,-1.10962861,1.40967072
GOBP_IMMUNOGLOBULIN_PRODUCTION,Immunoglobulin Production,GO_BP,-1.23620152,0.259963424,-1.163715,0.363271393,-0.647548587,0.999948662,False,shared_heat,-1.22205349,1.11450353
GOBP_IMMUNOGLOBULIN_PRODUCTION_INVOLVED_IN_IMMUNOGLOBULIN_MEDIATED_IMMUNE_RESPONSE,Immunoglobulin Production Involved in Immunoglobulin Mediated Immune Response,GO_BP,1.04502553,0.498050078,1.0922997,0.456633588,-0.961301526,0.89481449,False,shared_heat,1.05116326,1.12879956
GOBP_IMPORT_ACROSS_PLASMA_MEMBRANE,Import Across Plasma Membrane,GO_BP,1.56774596,0.03955314,1.46730435,0.0898285912,1.30042378,0.485694848,False,shared_heat,1.55248483,1.30276065
GOBP_IMPORT_INTO_CELL,Import Into Cell,GO_BP,1.8656348,1.33063216e-06,1.73604367,4.03585827e-05,1.42232019,0.0878438006,False,shared_heat,1.80536312,0.944014117
GOBP_IMPORT_INTO_NUCLEUS,Import Into Nucleus,GO_BP,1.49144517,0.0643075578,1.38066309,0.139275051,1.23966801,0.557954428,False,shared_heat,1.37352473,1.32373056
GOBP_INCLUSION_BODY_ASSEMBLY,Inclusion Body Assembly,GO_BP,1.57321709,0.0953446386,1.71372174,0.0525655146,-0.892127607,0.935328225,False,shared_heat,1.65363538,0.979325161
GOBP_INFLAMMASOME_MEDIATED_SIGNALING_PATHWAY,Inflammasome Mediated Signaling Pathway,GO_BP,0.998097715,0.550189508,-0.851176871,0.723488594,1.65848727,0.226936837,False,shared_heat,0.776251403,1.25088817
GOBP_INFLAMMATORY_CELL_APOPTOTIC_PROCESS,Inflammatory Cell Apoptotic Process,GO_BP,1.422596,0.185150835,0.874165032,0.689310589,1.34502736,0.547178779,False,shared_heat,1.23827932,1.88813007
GOBP_INFLAMMATORY_RESPONSE,Inflammatory Response,GO_BP,1.88646718,8.42263969e-08,1.74363288,1.61698383e-05,1.44099451,0.043500072,True,cGAS_amplified,1.79566614,1.22656915
GOBP_INFLAMMATORY_RESPONSE_TO_ANTIGENIC_STIMULUS,Inflammatory Response to Antigenic Stimulus,GO_BP,1.53969589,0.0717399307,1.42956779,0.14333963,1.35551292,0.468928058,False,shared_heat,1.47558384,0.935550473
GOBP_INFLAMMATORY_RESPONSE_TO_WOUNDING,Inflammatory Response to Wounding,GO_BP,1.09945348,0.450060919,1.07549641,0.482624827,0.877430216,0.944986169,False,shared_heat,1.1413389,-1.11143374
GOBP_INNATE_IMMUNE_RESPONSE_ACTIVATING_CELL_SURFACE_RECEPTOR_SIGNALING_PATHWAY,Innate Immune Response Activating Cell Surface Receptor Signaling Pathway,GO_BP,-0.87311578,0.719994031,-1.05862839,0.487064493,1.40028021,0.417535,False,shared_heat,-0.892019202,0.756008197
GOBP_INNER_EAR_MORPHOGENESIS,Inner Ear Morphogenesis,GO_BP,-1.00541363,0.546780173,-1.05808333,0.499159567,-1.14641907,0.739144788,False,shared_heat,-1.05139289,-0.848329557
GOBP_INNER_MITOCHONDRIAL_MEMBRANE_ORGANIZATION,Inner Mitochondrial Membrane Organization,GO_BP,1.30214157,0.277750591,1.5128828,0.149740848,-0.918002045,0.912968488,False,shared_heat,1.39005641,-0.893844295
GOBP_INORGANIC_ANION_TRANSPORT,Inorganic Anion Transport,GO_BP,0.9025953,0.676984098,-1.04185459,0.509101393,1.33317678,0.507936037,False,shared_heat,-0.957954952,0.922616865
GOBP_INORGANIC_ION_HOMEOSTASIS,Inorganic Ion Homeostasis,GO_BP,-1.10058266,0.358045405,-1.19684037,0.243851884,1.09596702,0.726508993,False,shared_heat,-1.16273468,-1.27891391
GOBP_INORGANIC_ION_IMPORT_ACROSS_PLASMA_MEMBRANE,Inorganic Ion Import Across Plasma Membrane,GO_BP,1.18344465,0.347789382,1.06362216,0.480810971,1.03303228,0.843200585,False,shared_heat,1.12728917,1.25903898
GOBP_INSULIN_LIKE_GROWTH_FACTOR_RECEPTOR_SIGNALING_PATHWAY,Insulin Like Growth Factor Receptor Signaling Pathway,GO_BP,-0.87319925,0.698783264,-0.926392903,0.637531648,1.36741235,0.507173548,False,shared_heat,-0.896935325,1.76334369
GOBP_INSULIN_RECEPTOR_SIGNALING_PATHWAY,Insulin Receptor Signaling Pathway,GO_BP,1.0014094,0.545233602,0.797585719,0.8681628,1.44071135,0.341694449,False,shared_heat,0.865588097,1.25372162
GOBP_INSULIN_SECRETION,Insulin Secretion,GO_BP,1.132312,0.364081966,0.996575339,0.551772694,1.31554473,0.472901015,False,shared_heat,0.994700768,-0.984190319
GOBP_INSULIN_SECRETION_INVOLVED_IN_CELLULAR_RESPONSE_TO_GLUCOSE_STIMULUS,Insulin Secretion Involved in Cellular Response to Glucose Stimulus,GO_BP,0.725539341,0.881970699,-0.905074121,0.66640382,1.05435038,0.828798278,False,shared_heat,-0.864683185,-0.715125144
GOBP_INTEGRATED_STRESS_RESPONSE_SIGNALING,Integrated Stress Response Signaling,GO_BP,1.45641772,0.122218068,1.43157023,0.158476828,0.758214221,0.994346977,False,shared_heat,1.42689548,-0.80671052
GOBP_INTEGRIN_MEDIATED_SIGNALING_PATHWAY,Integrin Mediated Signaling Pathway,GO_BP,1.88682148,0.0017185891,1.77225402,0.00988592934,1.29279893,0.496363783,False,shared_heat,1.80941644,1.61617693
GOBP_INTERFERON_BETA_PRODUCTION,Interferon-beta Production,GO_BP,1.28525958,0.261028931,-0.972110599,0.589402486,2.13229235,0.00386797214,True,sign_reversal,0.957574098,2.47185447
GOBP_INTERFERON_MEDIATED_SIGNALING_PATHWAY,Interferon Mediated Signaling Pathway,GO_BP,-1.46558348,0.0945689689,-1.7574256,0.0217676969,2.50694634,5.14272229e-07,True,KO_only,-1.63243087,2.75594702
GOBP_INTERLEUKIN_10_PRODUCTION,Interleukin 10 Production,GO_BP,1.23280578,0.294530972,1.1524949,0.389128073,0.958053128,0.896633964,False,shared_heat,1.11708975,1.56851723
GOBP_INTERLEUKIN_12_PRODUCTION,Interleukin 12 Production,GO_BP,1.66578584,0.0363847717,1.55733574,0.0849154893,0.936140552,0.909215769,False,shared_heat,1.63276389,-0.909106263
GOBP_INTERLEUKIN_17_PRODUCTION,Interleukin 17 Production,GO_BP,1.48458871,0.130776312,1.34964981,0.244963979,0.831868223,0.958653047,False,shared_heat,1.4212298,-1.09934497
GOBP_INTERLEUKIN_1_MEDIATED_SIGNALING_PATHWAY,Interleukin 1 Mediated Signaling Pathway,GO_BP,1.40605716,0.187541921,1.18960045,0.379537458,1.25939554,0.636086245,False,shared_heat,1.29411454,0.956061595
GOBP_INTERLEUKIN_1_PRODUCTION,Interleukin 1 Production,GO_BP,1.34849999,0.161361333,1.31834386,0.205015047,0.71505766,0.999948662,False,shared_heat,1.38492716,-0.889044651
GOBP_INTERLEUKIN_2_PRODUCTION,Interleukin 2 Production,GO_BP,-1.32759386,0.192646608,-1.39491406,0.164876362,0.766694351,0.994909646,False,shared_heat,-1.38851582,-0.942541182
GOBP_INTERLEUKIN_4_PRODUCTION,Interleukin 4 Production,GO_BP,1.02327679,0.525168855,1.0330732,0.519848676,0.949755769,0.896633964,False,shared_heat,0.994047262,1.41988889
GOBP_INTERLEUKIN_6_PRODUCTION,Interleukin 6 Production,GO_BP,1.35443227,0.134846398,1.21479005,0.285226092,1.11064124,0.739144788,False,shared_heat,1.285002,-1.01619898
GOBP_INTERLEUKIN_8_PRODUCTION,Interleukin 8 Production,GO_BP,1.13567912,0.382962739,1.11155618,0.427928291,0.654247271,0.999948662,False,shared_heat,1.15144412,-0.971359223
GOBP_INTRACELLULAR_GLUCOSE_HOMEOSTASIS,Intracellular Glucose Homeostasis,GO_BP,1.21644311,0.281117927,1.15278116,0.368221798,0.959228388,0.896633964,False,shared_heat,1.15959002,-1.07941006
GOBP_INTRACELLULAR_IRON_ION_HOMEOSTASIS,Intracellular Iron Ion Homeostasis,GO_BP,-0.740427029,0.885692795,-0.751660136,0.871093104,-0.752581205,0.995669129,False,shared_heat,-0.742240527,-0.851664754
GOBP_INTRACELLULAR_LIPID_TRANSPORT,Intracellular Lipid Transport,GO_BP,-1.46930338,0.14667648,-1.60671391,0.0916029486,1.07349982,0.812485288,False,shared_heat,-1.51937749,-1.13767088
GOBP_INTRACELLULAR_PH_REDUCTION,Intracellular Ph Reduction,GO_BP,0.907181174,0.65482454,-1.05640818,0.502518304,1.36043898,0.51452654,False,shared_heat,-0.99776158,-1.13340766
GOBP_INTRACELLULAR_PROTEIN_TRANSMEMBRANE_TRANSPORT,Intracellular Protein Transmembrane Transport,GO_BP,1.34394514,0.237345035,1.2601648,0.332792569,0.914907546,0.91390394,False,shared_heat,1.38889222,0.980608351
GOBP_INTRACELLULAR_PROTEIN_TRANSPORT,Intracellular Protein Transport,GO_BP,1.64000815,0.000970812914,1.49177072,0.0162824379,1.37775643,0.218835189,False,shared_heat,1.56197742,1.42620546
GOBP_INTRACELLULAR_RECEPTOR_SIGNALING_PATHWAY,Intracellular Receptor Signaling Pathway,GO_BP,1.4981645,0.0224002605,1.24253438,0.192008277,1.8515485,0.00142268364,True,WT_only,1.31350381,2.24055995
GOBP_INTRACELLULAR_TRANSPORT,Intracellular Transport,GO_BP,1.35406225,0.0187468121,1.25525716,0.0684955785,1.19703816,0.42085713,False,shared_heat,1.28887343,1.26633773
GOBP_INTRINSIC_APOPTOTIC_SIGNALING_PATHWAY,Intrinsic Apoptotic Signaling Pathway,GO_BP,1.60249484,0.00644259466,1.48670641,0.0261215299,1.28233481,0.410109599,False,shared_heat,1.5509946,0.956276525
GOBP_INTRINSIC_APOPTOTIC_SIGNALING_PATHWAY_BY_P53_CLASS_MEDIATOR,Intrinsic Apoptotic Signaling Pathway by p53 Class Mediator,GO_BP,1.61266132,0.0488210006,1.5481772,0.0854548479,-0.814958801,0.984792148,False,shared_heat,1.58908817,-1.25037419
GOBP_INTRINSIC_APOPTOTIC_SIGNALING_PATHWAY_IN_RESPONSE_TO_DNA_DAMAGE,Intrinsic Apoptotic Signaling Pathway in Response to DNA Damage,GO_BP,1.59886333,0.0369171243,1.54429658,0.0630173009,-0.82675164,0.986500746,False,shared_heat,1.60005744,-0.772406041
GOBP_INTRINSIC_APOPTOTIC_SIGNALING_PATHWAY_IN_RESPONSE_TO_DNA_DAMAGE_BY_P53_CLASS_MEDIATOR,Intrinsic Apoptotic Signaling Pathway in Response to DNA Damage by p53 Class ...,GO_BP,1.5230053,0.104286578,1.48767963,0.14333963,0.576749445,0.999948662,False,shared_heat,1.5043523,0.90877585
GOBP_INTRINSIC_APOPTOTIC_SIGNALING_PATHWAY_IN_RESPONSE_TO_ENDOPLASMIC_RETICULUM_STRESS,Intrinsic Apoptotic Signaling Pathway in Response to Endoplasmic Reticulum St...,GO_BP,1.16881733,0.349064883,1.02382504,0.520608434,1.43948282,0.390979862,False,shared_heat,1.11926272,-0.937215981
GOBP_INTRINSIC_APOPTOTIC_SIGNALING_PATHWAY_IN_RESPONSE_TO_OXIDATIVE_STRESS,Intrinsic Apoptotic Signaling Pathway in Response to Oxidative Stress,GO_BP,0.921411378,0.649750442,-0.979806333,0.578136114,1.09109887,0.796014142,False,shared_heat,-0.966149887,0.942450725
GOBP_IN_UTERO_EMBRYONIC_DEVELOPMENT,in Utero Embryonic Development,GO_BP,1.59945292,0.00778092524,1.55305039,0.0165577674,0.721927186,0.999948662,False,shared_heat,1.53853048,0.667792059
GOBP_IRON_ION_TRANSPORT,Iron Ion Transport,GO_BP,-0.984956085,0.57120759,-1.09301867,0.468761528,0.949576765,0.896633964,False,shared_heat,-1.00914345,-0.907006924
GOBP_ISOPRENOID_BIOSYNTHETIC_PROCESS,Isoprenoid Biosynthetic Process,GO_BP,-1.33556802,0.243044136,-1.48687443,0.156497741,0.863996514,0.946761802,False,shared_heat,-1.40944911,0.945423464
GOBP_ISOPRENOID_METABOLIC_PROCESS,Isoprenoid Metabolic Process,GO_BP,1.05405322,0.474475978,-0.971373498,0.591011877,1.13906484,0.730012371,False,shared_heat,0.985187573,-1.16397119
GOBP_JNK_CASCADE,JNK Cascade,GO_BP,1.06857194,0.442235163,-1.00536962,0.544209167,1.40021033,0.372918319,False,shared_heat,-0.946884456,1.2037445
GOBP_KERATINOCYTE_DIFFERENTIATION,Keratinocyte Differentiation,GO_BP,1.79082711,0.00954186091,1.81285494,0.0118275436,-0.770268533,0.996578828,False,shared_heat,1.77799073,-0.78177529
GOBP_KERATINOCYTE_PROLIFERATION,Keratinocyte Proliferation,GO_BP,1.80407598,0.0196500457,1.6446762,0.0691676957,0.885512024,0.944986169,False,shared_heat,1.71688932,-0.585674293
GOBP_KETONE_BIOSYNTHETIC_PROCESS,Ketone Biosynthetic Process,GO_BP,0.989082845,0.562879973,1.11702414,0.443145827,-0.868262408,0.946761802,False,shared_heat,1.01681387,-0.926975749
GOBP_KETONE_METABOLIC_PROCESS,Ketone Metabolic Process,GO_BP,1.03527112,0.490782379,-1.04646451,0.489996275,-0.666435147,0.999948662,False,shared_heat,-0.964371136,-0.7205603
GOBP_KIDNEY_EPITHELIUM_DEVELOPMENT,Kidney Epithelium Development,GO_BP,1.13566048,0.372684313,1.16215385,0.363271393,-0.837008989,0.980529725,False,shared_heat,1.05180345,0.967237981
GOBP_KIDNEY_MORPHOGENESIS,Kidney Morphogenesis,GO_BP,0.90989157,0.65444081,1.08074825,0.473424705,-0.817263087,0.969438113,False,shared_heat,0.96650369,1.04253794
GOBP_LABYRINTHINE_LAYER_DEVELOPMENT,Labyrinthine Layer Development,GO_BP,1.19491311,0.35157016,1.07931455,0.472940552,0.997535998,0.861719243,False,shared_heat,1.11857651,0.880735322
GOBP_LACTATION,Lactation,GO_BP,1.18906485,0.360809797,1.0294191,0.520608434,1.70383791,0.188127594,False,shared_heat,1.12939925,1.08875331
GOBP_LAMELLIPODIUM_ASSEMBLY,Lamellipodium Assembly,GO_BP,0.970448866,0.589040943,0.96950173,0.590120656,0.902678951,0.937315503,False,shared_heat,0.957445446,0.972054329
GOBP_LAMELLIPODIUM_ORGANIZATION,Lamellipodium Organization,GO_BP,1.14069079,0.372684313,0.99355674,0.558064214,1.1919473,0.669443578,False,shared_heat,1.1216314,0.92864309
GOBP_LEARNING,Learning,GO_BP,-1.06530822,0.461621156,-1.09768852,0.438411394,0.785094038,0.994346977,False,shared_heat,-1.10633789,1.35811945
GOBP_LEARNING_OR_MEMORY,Learning or Memory,GO_BP,1.57892067,0.0245360296,1.54762178,0.0384724412,1.15343452,0.669743187,False,shared_heat,1.54076922,1.20644995
GOBP_LENS_DEVELOPMENT_IN_CAMERA_TYPE_EYE,Lens Development in Camera Type Eye,GO_BP,-0.939755437,0.625088031,-0.900424507,0.677119791,0.702895895,0.999948662,False,shared_heat,-0.91332705,1.02632557
GOBP_LENS_FIBER_CELL_DIFFERENTIATION,Lens Fiber Cell Differentiation,GO_BP,1.1957636,0.356216062,1.0481186,0.507285941,-0.749782909,0.992649497,False,shared_heat,1.17542279,-0.859093829
GOBP_LEUKOCYTE_ADHESION_TO_VASCULAR_ENDOTHELIAL_CELL,Leukocyte Adhesion to Vascular Endothelial Cell,GO_BP,1.11369489,0.419647706,1.10007362,0.445926773,-0.766238388,0.994346977,False,shared_heat,1.09058981,0.98836802
GOBP_LEUKOCYTE_APOPTOTIC_PROCESS,Leukocyte Apoptotic Process,GO_BP,1.62065726,0.0300561217,1.5070855,0.0731354068,1.23603782,0.568502828,False,shared_heat,1.5962296,1.25117984
GOBP_LEUKOCYTE_CELL_CELL_ADHESION,Leukocyte Cell Cell Adhesion,GO_BP,1.55396506,0.00618349169,1.39311742,0.0425143768,1.02170039,0.839590835,False,shared_heat,1.4776165,1.11356775
GOBP_LEUKOCYTE_CHEMOTAXIS,Leukocyte Chemotaxis,GO_BP,1.91146577,0.000399032224,1.76078447,0.00402715503,1.02251981,0.843200585,False,shared_heat,1.85592808,0.968087715
GOBP_LEUKOCYTE_DEGRANULATION,Leukocyte Degranulation,GO_BP,-1.16990438,0.348311059,-1.10312409,0.437756134,-0.878364776,0.950156705,False,shared_heat,-1.15808837,-1.66856545
GOBP_LEUKOCYTE_DIFFERENTIATION,Leukocyte Differentiation,GO_BP,1.48401626,0.00436446108,1.39234433,0.0236274783,1.13493648,0.59360652,False,shared_heat,1.39905676,1.08517233
GOBP_LEUKOCYTE_HOMEOSTASIS,Leukocyte Homeostasis,GO_BP,-1.05746272,0.464403955,-1.07096078,0.459968256,-0.713630467,0.999948662,False,shared_heat,-1.05160321,-1.39546078
GOBP_LEUKOCYTE_MEDIATED_CYTOTOXICITY,Leukocyte Mediated Cytotoxicity,GO_BP,-0.994341289,0.556399638,-1.02944498,0.512569125,1.13299367,0.715518553,False,shared_heat,-1.00319659,-1.14379926
GOBP_LEUKOCYTE_MEDIATED_IMMUNITY,Leukocyte Mediated Immunity,GO_BP,1.56697402,0.00918866716,1.44144528,0.0381292923,1.21639821,0.496816733,False,shared_heat,1.50984892,0.946831371
GOBP_LEUKOCYTE_MIGRATION,Leukocyte Migration,GO_BP,1.71440021,0.00108796338,1.63463816,0.00459235142,0.983490686,0.883776726,False,shared_heat,1.62721897,1.11565291
GOBP_LEUKOCYTE_PROLIFERATION,Leukocyte Proliferation,GO_BP,1.36492753,0.0630679998,1.29005303,0.128321745,1.02358066,0.839590835,False,shared_heat,1.33676896,0.976597838
GOBP_LEUKOCYTE_TETHERING_OR_ROLLING,Leukocyte Tethering or Rolling,GO_BP,1.09915661,0.450103187,1.16694464,0.40388868,-0.781138371,0.983409867,False,shared_heat,1.09615761,0.898916042
GOBP_LIMBIC_SYSTEM_DEVELOPMENT,Limbic System Development,GO_BP,1.55264376,0.0714759817,1.57296201,0.0759789013,-1.0726227,0.805596787,False,shared_heat,1.55065742,1.23532402
GOBP_LIPID_BIOSYNTHETIC_PROCESS,Lipid Biosynthetic Process,GO_BP,-1.12360455,0.305001101,-1.34578243,0.0719430508,1.43434765,0.124338287,False,shared_heat,-1.2226545,1.37766328
GOBP_LIPID_CATABOLIC_PROCESS,Lipid Catabolic Process,GO_BP,-0.994083941,0.558058486,-1.1237358,0.373070326,1.03967238,0.815998634,False,shared_heat,-1.08992723,-1.50562446
GOBP_LIPID_EXPORT_FROM_CELL,Lipid Export from Cell,GO_BP,1.70169801,0.0373349644,1.62510684,0.0741255675,1.04960955,0.836393647,False,shared_heat,1.63467364,-1.23190797
GOBP_LIPID_HOMEOSTASIS,Lipid Homeostasis,GO_BP,-0.953001052,0.619247346,-1.10325308,0.428542126,1.06518273,0.805596787,False,shared_heat,-1.05585536,-0.800626502
GOBP_LIPID_LOCALIZATION,Lipid Localization,GO_BP,1.78112378,0.00112178192,1.64400221,0.0086235703,1.10101613,0.728958755,False,shared_heat,1.69764539,-1.28202582
GOBP_LIPID_MODIFICATION,Lipid Modification,GO_BP,-1.45806674,0.069131018,-1.59003502,0.0334845277,1.10358313,0.747415379,False,shared_heat,-1.55045214,-1.10645413
GOBP_LIPID_OXIDATION,Lipid Oxidation,GO_BP,-1.45629777,0.0811092477,-1.50125868,0.0759789013,0.755849504,0.999948662,False,shared_heat,-1.4929119,-1.6715453
GOBP_LIPOPOLYSACCHARIDE_MEDIATED_SIGNALING_PATHWAY,Lipopolysaccharide Mediated Signaling Pathway,GO_BP,1.30062906,0.22721503,1.10959585,0.431179087,1.0274483,0.844399056,False,shared_heat,1.28186727,1.33549155
GOBP_LIPOPROTEIN_METABOLIC_PROCESS,Lipoprotein Metabolic Process,GO_BP,-1.06019077,0.485226062,-1.14695002,0.418735254,0.8375266,0.955246607,False,shared_heat,-1.02235059,-0.84889036
GOBP_LIPOSACCHARIDE_METABOLIC_PROCESS,Liposaccharide Metabolic Process,GO_BP,-1.12864213,0.41014969,-1.16793081,0.392108562,1.1169099,0.775164918,False,shared_heat,-1.12232883,-0.658433623
GOBP_LIVER_MORPHOGENESIS,Liver Morphogenesis,GO_BP,1.76222024,0.0306035315,1.5253402,0.142685723,1.37246931,0.51459401,False,shared_heat,1.67155379,1.12064791
GOBP_LIVER_REGENERATION,Liver Regeneration,GO_BP,1.95235535,0.00578213818,1.82933199,0.0233168776,1.0667316,0.815998634,False,shared_heat,1.97302545,-0.96793049
GOBP_LOCALIZATION_WITHIN_MEMBRANE,Localization Within Membrane,GO_BP,1.73860201,0.00019964585,1.69126161,0.000645419323,-0.939316427,0.946761802,False,shared_heat,1.70123359,1.17803821
GOBP_LOCOMOTORY_BEHAVIOR,Locomotory Behavior,GO_BP,1.12834084,0.372743943,-1.01223505,0.535004083,1.17087839,0.675525442,False,shared_heat,1.05773068,1.16169753
GOBP_LONG_CHAIN_FATTY_ACID_METABOLIC_PROCESS,Long Chain Fatty Acid Metabolic Process,GO_BP,-1.07380512,0.454029837,-1.14190217,0.399044346,0.581227503,0.999948662,False,shared_heat,-1.05962114,-0.989856216
GOBP_LONG_CHAIN_FATTY_ACID_TRANSPORT,Long Chain Fatty Acid Transport,GO_BP,1.35497653,0.197367758,1.37966257,0.205015047,0.623913661,0.999948662,False,shared_heat,1.40227292,-1.51733228
GOBP_LONG_TERM_SYNAPTIC_POTENTIATION,Long Term Synaptic Potentiation,GO_BP,0.847444018,0.742510042,-0.923763862,0.646135445,0.697796355,0.999948662,False,shared_heat,-0.844697869,-1.08561481
GOBP_LOW_DENSITY_LIPOPROTEIN_PARTICLE_CLEARANCE,Low Density Lipoprotein Particle Clearance,GO_BP,1.10252463,0.44867303,1.02342396,0.529779637,-0.816889523,0.966051582,False,shared_heat,1.05473187,0.747431
GOBP_LUNG_ALVEOLUS_DEVELOPMENT,Lung Alveolus Development,GO_BP,1.20840654,0.350038331,1.23001474,0.35367557,-1.07468231,0.810224311,False,shared_heat,1.23236611,1.52400343
GOBP_LUNG_MORPHOGENESIS,Lung Morphogenesis,GO_BP,1.27543727,0.281495631,1.26002454,0.318905884,0.539518534,0.999948662,False,shared_heat,1.23074245,1.06379299
GOBP_LYMPHOCYTE_ACTIVATION,Lymphocyte Activation,GO_BP,1.53300079,0.00154485833,1.42408705,0.00925048247,1.13977163,0.553505775,False,shared_heat,1.4477507,1.07383633
GOBP_LYMPHOCYTE_ACTIVATION_INVOLVED_IN_IMMUNE_RESPONSE,Lymphocyte Activation Involved in Immune Response,GO_BP,1.11884539,0.350412611,1.09676504,0.396826552,0.894661625,0.955246607,False,shared_heat,1.07034272,0.937305536
GOBP_LYMPHOCYTE_APOPTOTIC_PROCESS,Lymphocyte Apoptotic Process,GO_BP,1.46996991,0.102130965,1.50939484,0.0995606896,0.871947943,0.950156705,False,shared_heat,1.51500476,-1.10100214
GOBP_LYMPHOCYTE_CHEMOTAXIS,Lymphocyte Chemotaxis,GO_BP,1.76686741,0.0248651687,1.62321932,0.0731354068,1.74005268,0.143234849,False,shared_heat,1.68794963,1.63637114
GOBP_LYMPHOCYTE_COSTIMULATION,Lymphocyte Costimulation,GO_BP,1.20865218,0.328828088,1.1843977,0.369017373,1.13362897,0.755238202,False,shared_heat,1.15367087,1.12783273
GOBP_LYMPHOCYTE_DIFFERENTIATION,Lymphocyte Differentiation,GO_BP,1.2800226,0.100072307,1.22030984,0.171518336,0.939781321,0.942650594,False,shared_heat,1.2336055,0.928016221
GOBP_LYMPHOCYTE_HOMEOSTASIS,Lymphocyte Homeostasis,GO_BP,-1.61346634,0.0397945586,-1.49929846,0.0968628217,-0.886517719,0.950156705,False,shared_heat,-1.52998963,-1.70151203
GOBP_LYMPHOCYTE_MEDIATED_IMMUNITY,Lymphocyte Mediated Immunity,GO_BP,1.48244213,0.0300561217,1.34565674,0.105626851,1.33240194,0.372955482,False,shared_heat,1.42756819,1.06512832
GOBP_LYMPHOCYTE_MIGRATION,Lymphocyte Migration,GO_BP,1.47533561,0.0858550008,1.36179151,0.171518336,1.40150941,0.399046214,False,shared_heat,1.36556289,1.6930754
GOBP_LYSOSOMAL_TRANSPORT,Lysosomal Transport,GO_BP,0.954114621,0.607611631,-0.959161963,0.60453419,-0.825722503,0.976113102,False,shared_heat,0.950299493,1.00008081
GOBP_LYTIC_VACUOLE_ORGANIZATION,Lytic Vacuole Organization,GO_BP,-1.23646477,0.294543986,-1.43386598,0.155197989,1.28572149,0.567190143,False,shared_heat,-1.32896008,-1.41755742
GOBP_L_ALPHA_AMINO_ACID_TRANSMEMBRANE_TRANSPORT,L alpha Amino Acid Transmembrane Transport,GO_BP,1.57786848,0.081811167,1.59824861,0.0899285728,1.39353323,0.484109974,False,shared_heat,1.60550881,0.965602014
GOBP_L_AMINO_ACID_CATABOLIC_PROCESS,L Amino Acid Catabolic Process,GO_BP,1.1197441,0.403370053,1.13179722,0.407502619,-0.673557602,0.999948662,False,shared_heat,1.13873038,-0.991391141
GOBP_L_AMINO_ACID_METABOLIC_PROCESS,L Amino Acid Metabolic Process,GO_BP,1.2961798,0.185325441,1.2447293,0.255721392,0.702003305,0.999948662,False,shared_heat,1.26790543,0.754026592
GOBP_L_AMINO_ACID_TRANSPORT,L Amino Acid Transport,GO_BP,1.35727272,0.196442723,1.31590232,0.256096587,1.3032494,0.550240464,False,shared_heat,1.32467191,1.27222296
GOBP_L_GLUTAMATE_IMPORT,L Glutamate Import,GO_BP,1.19356637,0.358045405,1.22138022,0.359204,0.769944396,0.985926477,False,shared_heat,1.20071733,1.23856975
GOBP_MACROAUTOPHAGY,Macroautophagy,GO_BP,-1.05847751,0.446123164,-1.24983614,0.21198484,0.953906144,0.908299346,False,shared_heat,-1.15850157,-0.931220118
GOBP_MACROMOLECULE_CATABOLIC_PROCESS,Macromolecule Catabolic Process,GO_BP,-1.14041487,0.203325989,-1.29365092,0.0483141636,1.54584707,0.00184048743,True,KO_only,-1.23180944,1.19606709
GOBP_MACROMOLECULE_METHYLATION,Macromolecule Methylation,GO_BP,1.07276137,0.471464145,1.34799592,0.243851884,-1.42249096,0.437763391,False,shared_heat,1.23212589,-1.26746001
GOBP_MACROPHAGE_ACTIVATION,Macrophage Activation,GO_BP,1.55810567,0.0507871209,1.65623947,0.0341292072,0.780017949,0.994909646,False,shared_heat,1.59817371,0.870617198
GOBP_MACROPHAGE_CHEMOTAXIS,Macrophage Chemotaxis,GO_BP,1.49168112,0.138963897,1.4980704,0.158255586,1.12719377,0.782001319,False,shared_heat,1.51926466,-0.890622163
GOBP_MACROPHAGE_DIFFERENTIATION,Macrophage Differentiation,GO_BP,1.59876163,0.0506349381,1.51567085,0.0968628217,0.693914369,0.999948662,False,shared_heat,1.59015125,-0.720281485
GOBP_MACROPHAGE_MIGRATION,Macrophage Migration,GO_BP,1.20955801,0.34567897,1.19010868,0.378249682,1.08987016,0.805596787,False,shared_heat,1.19891246,0.946771893
GOBP_MAINTENANCE_OF_BLOOD_BRAIN_BARRIER,Maintenance of Blood Brain Barrier,GO_BP,1.02778162,0.51770897,1.02050824,0.528896012,-0.476190467,0.999948662,False,shared_heat,1.05504742,1.6610295
GOBP_MAINTENANCE_OF_CELL_NUMBER,Maintenance of Cell Number,GO_BP,0.972679529,0.589750094,0.985971408,0.569571373,-0.909675512,0.944986169,False,shared_heat,1.01762769,-0.741787869
GOBP_MAINTENANCE_OF_LOCATION,Maintenance of Location,GO_BP,-1.10406274,0.391572164,-1.2373891,0.25899232,1.26042506,0.508454716,False,shared_heat,-1.1724186,-1.15461502
GOBP_MAINTENANCE_OF_PROTEIN_LOCALIZATION_IN_ORGANELLE,Maintenance of Protein Localization in Organelle,GO_BP,0.875280138,0.690268596,-0.852819493,0.718728841,1.76674536,0.136514521,False,shared_heat,0.735063355,0.989223196
GOBP_MAINTENANCE_OF_PROTEIN_LOCATION,Maintenance of Protein Location,GO_BP,1.10647122,0.431798502,-0.827026643,0.764140047,1.88634444,0.04694595,True,sign_reversal,0.896427959,1.42697824
GOBP_MALE_GAMETE_GENERATION,Male Gamete Generation,GO_BP,0.922220555,0.704613446,0.908920889,0.744439234,-0.945492227,0.923405674,False,shared_heat,0.911548605,0.908228288
GOBP_MALE_SEX_DIFFERENTIATION,Male Sex Differentiation,GO_BP,-1.15691748,0.347022727,-1.03088829,0.512569125,-1.41343927,0.371930419,False,shared_heat,-1.13119021,0.826149188
GOBP_MAMMARY_GLAND_DEVELOPMENT,Mammary Gland Development,GO_BP,1.72067428,0.0130319728,1.62116,0.0365083599,1.282504,0.508454716,False,shared_heat,1.67559717,1.54944534
GOBP_MAMMARY_GLAND_DUCT_MORPHOGENESIS,Mammary Gland Duct Morphogenesis,GO_BP,1.60871059,0.0801283068,1.43034963,0.204054371,1.3605075,0.526177063,False,shared_heat,1.49006359,1.29944383
GOBP_MAMMARY_GLAND_EPITHELIAL_CELL_PROLIFERATION,Mammary Gland Epithelial Cell Proliferation,GO_BP,1.55003294,0.107380662,1.66040136,0.0736702425,-0.908798884,0.917210487,False,shared_heat,1.63949802,-1.12722099
GOBP_MAMMARY_GLAND_EPITHELIUM_DEVELOPMENT,Mammary Gland Epithelium Development,GO_BP,1.94806804,0.00424882683,1.825067,0.0172249593,1.06498236,0.810224311,False,shared_heat,1.91030105,1.2020598
GOBP_MAMMARY_GLAND_MORPHOGENESIS,Mammary Gland Morphogenesis,GO_BP,1.52389639,0.110096744,1.35006239,0.24944696,0.949059339,0.896633964,False,shared_heat,1.4699543,1.37487116
GOBP_MAPK_CASCADE,MAPK Cascade,GO_BP,1.70572454,0.000110934757,1.60954145,0.000825872679,1.25487068,0.367892882,False,shared_heat,1.65911424,1.3414152
GOBP_MAST_CELL_ACTIVATION,Mast Cell Activation,GO_BP,-1.13982374,0.385861697,-1.18513803,0.364716932,0.862915062,0.950156705,False,shared_heat,-1.16098305,-1.44252808
GOBP_MAST_CELL_ACTIVATION_INVOLVED_IN_IMMUNE_RESPONSE,Mast Cell Activation Involved in Immune Response,GO_BP,-1.26522093,0.277750591,-1.17268724,0.384851938,-1.08474827,0.799833465,False,shared_heat,-1.20177769,-1.71104362
GOBP_MATERNAL_PLACENTA_DEVELOPMENT,Maternal Placenta Development,GO_BP,1.69238026,0.0421118869,1.58720209,0.0977753224,1.12250853,0.77641099,False,shared_heat,1.62309656,-1.19589876
GOBP_MATERNAL_PROCESS_INVOLVED_IN_FEMALE_PREGNANCY,Maternal Process Involved in Female Pregnancy,GO_BP,1.80674044,0.0172893349,1.76585893,0.0317324478,-0.858997435,0.950156705,False,shared_heat,1.70732425,-1.13641289
GOBP_MATURATION_OF_SSU_RRNA,Maturation of Ssu rRNA,GO_BP,1.48860252,0.130776312,1.65621877,0.0657443856,-0.895507981,0.935328225,False,shared_heat,1.4605856,-0.77514838
GOBP_MATURE_B_CELL_DIFFERENTIATION,Mature B Cell Differentiation,GO_BP,1.19333183,0.358045405,1.1971796,0.374679039,0.612222889,0.999948662,False,shared_heat,1.22729217,0.932729438
GOBP_MECHANORECEPTOR_DIFFERENTIATION,Mechanoreceptor Differentiation,GO_BP,1.16738807,0.379083313,0.791641504,0.799252244,1.57659303,0.313440676,False,shared_heat,0.983646426,0.893985549
GOBP_MEGAKARYOCYTE_DIFFERENTIATION,Megakaryocyte Differentiation,GO_BP,-1.21323413,0.33573194,-1.16338953,0.4023568,-0.821195177,0.968727759,False,shared_heat,-1.17903482,-0.919765967
GOBP_MEIOSIS_I_CELL_CYCLE_PROCESS,Meiosis I Cell Cycle Process,GO_BP,0.723822177,0.92299175,0.872200818,0.733367726,0.67205846,0.999948662,False,shared_heat,0.817118856,1.05792644
GOBP_MEIOTIC_CELL_CYCLE,Meiotic Cell Cycle,GO_BP,-0.787190671,0.915178672,0.792326184,0.917550255,-0.996578243,0.861264609,False,shared_heat,-0.759744637,0.949058223
GOBP_MEIOTIC_CELL_CYCLE_PROCESS,Meiotic Cell Cycle Process,GO_BP,0.78363396,0.894724957,0.821211419,0.846832876,-0.756402409,0.999948662,False,shared_heat,0.851417771,1.0667806
GOBP_MEIOTIC_CHROMOSOME_SEGREGATION,Meiotic Chromosome Segregation,GO_BP,1.14544536,0.383184742,1.17301146,0.37629539,0.752791961,0.994346977,False,shared_heat,1.11719771,0.792004253
GOBP_MEMBRANELESS_ORGANELLE_ASSEMBLY,Membraneless Organelle Assembly,GO_BP,1.41948934,0.0427187113,1.36784778,0.0778778371,0.768545996,0.999948662,False,shared_heat,1.35062635,1.2142611
GOBP_MEMBRANE_BIOGENESIS,Membrane Biogenesis,GO_BP,-0.904912135,0.667302538,-0.95748872,0.606455177,-0.874029118,0.950156705,False,shared_heat,-0.934868663,-0.963498102
GOBP_MEMBRANE_DEPOLARIZATION,Membrane Depolarization,GO_BP,1.10790455,0.423749723,1.00492694,0.544209167,0.775421403,0.992005622,False,shared_heat,1.03547845,-1.26541082
GOBP_MEMBRANE_DOCKING,Membrane Docking,GO_BP,1.18232182,0.347022727,1.21264579,0.336309196,0.607392701,0.999948662,False,shared_heat,1.19813713,-1.09639865
GOBP_MEMBRANE_FUSION,Membrane Fusion,GO_BP,1.03656433,0.496905216,1.06405364,0.469663549,-0.822789375,0.985926477,False,shared_heat,1.04877835,-0.933767063
GOBP_MEMBRANE_INVAGINATION,Membrane Invagination,GO_BP,1.01368592,0.534354611,0.98484292,0.569419343,-0.70001953,0.999948662,False,shared_heat,0.996651654,0.579292961
GOBP_MEMBRANE_LIPID_BIOSYNTHETIC_PROCESS,Membrane Lipid Biosynthetic Process,GO_BP,0.960843051,0.596762792,-0.906787973,0.66992528,0.964136547,0.89481449,False,shared_heat,-0.940927673,0.603562372
GOBP_MEMBRANE_LIPID_CATABOLIC_PROCESS,Membrane Lipid Catabolic Process,GO_BP,1.54822177,0.10849747,1.43598594,0.199074999,1.64310082,0.262846738,False,shared_heat,1.4866638,0.706373086
GOBP_MEMBRANE_LIPID_METABOLIC_PROCESS,Membrane Lipid Metabolic Process,GO_BP,1.07531512,0.44867303,-0.933075662,0.643354973,1.23536016,0.59360652,False,shared_heat,1.02168742,-0.656631655
GOBP_MEMBRANE_ORGANIZATION,Membrane Organization,GO_BP,1.23538945,0.114551843,-1.13402462,0.302479643,1.16581892,0.5323357,False,shared_heat,1.19150998,0.962489926
GOBP_MEMBRANE_PROTEIN_ECTODOMAIN_PROTEOLYSIS,Membrane Protein Ectodomain Proteolysis,GO_BP,1.42053322,0.153323486,1.31077018,0.260501437,1.20862899,0.669537991,False,shared_heat,1.39354363,-0.800925854
GOBP_MEMBRANE_PROTEIN_PROTEOLYSIS,Membrane Protein Proteolysis,GO_BP,1.53676565,0.080311863,1.40283464,0.173574933,1.16024369,0.710427501,False,shared_heat,1.52009087,0.800863526
GOBP_MEMBRANE_REPOLARIZATION,Membrane Repolarization,GO_BP,1.23567696,0.327345822,1.10577241,0.455375088,0.699845993,0.996578828,False,shared_heat,1.16905268,0.936381582
GOBP_MEMORY,Memory,GO_BP,1.58415843,0.056068219,1.49501112,0.107144008,0.924111412,0.917210487,False,shared_heat,1.56981745,1.03535503
GOBP_MESENCHYMAL_CELL_DIFFERENTIATION,Mesenchymal Cell Differentiation,GO_BP,1.80783302,0.00171235143,1.75649729,0.00610454315,0.968975796,0.896633964,False,shared_heat,1.73956709,1.3796115
GOBP_MESENCHYMAL_CELL_MIGRATION,Mesenchymal Cell Migration,GO_BP,1.46912633,0.145918876,1.40024285,0.21665197,-0.686906456,0.999948662,False,shared_heat,1.50023981,1.0498068
GOBP_MESENCHYME_DEVELOPMENT,Mesenchyme Development,GO_BP,1.90991747,0.000328377342,1.87202411,0.000825872679,0.994350485,0.862818664,False,shared_heat,1.83145853,1.36304329
GOBP_MESENCHYME_MORPHOGENESIS,Mesenchyme Morphogenesis,GO_BP,1.42957476,0.147650935,1.11488968,0.43564756,1.54532504,0.316456697,False,shared_heat,1.23686579,-0.555396242
GOBP_MESODERM_DEVELOPMENT,Mesoderm Development,GO_BP,1.93661244,0.00428936001,1.80130564,0.0143887678,1.70131749,0.123914691,False,shared_heat,1.88635553,1.32369382
GOBP_MESODERM_MORPHOGENESIS,Mesoderm Morphogenesis,GO_BP,1.8610584,0.0100542841,1.76799898,0.0259132252,1.66163087,0.190646781,False,shared_heat,1.80348266,1.21157899
GOBP_MESONEPHROS_DEVELOPMENT,Mesonephros Development,GO_BP,1.46975224,0.110766512,1.44042919,0.148861363,-0.959894308,0.896633964,False,shared_heat,1.39970328,1.13773251
GOBP_METAL_ION_TRANSPORT,Metal Ion Transport,GO_BP,1.12385123,0.294543986,-1.09816843,0.374524426,1.1400615,0.61117042,False,shared_heat,-1.06865313,1.04871254
GOBP_METANEPHROS_DEVELOPMENT,Metanephros Development,GO_BP,1.02297261,0.522212529,1.03744653,0.512164672,-0.945255034,0.901446344,False,shared_heat,-0.986459575,1.64139213
GOBP_METAPHASE_CHROMOSOME_ALIGNMENT,Metaphase Chromosome Alignment,GO_BP,-0.856764324,0.747356131,-0.825220286,0.795430075,0.811109989,0.984737453,False,shared_heat,-0.807953081,0.826768315
GOBP_METENCEPHALON_DEVELOPMENT,Metencephalon Development,GO_BP,1.03274714,0.502532074,0.920648136,0.661882756,1.03305092,0.839590835,False,shared_heat,0.962829995,1.1067088
GOBP_METHYLATION,Methylation,GO_BP,1.38242422,0.153685722,1.64303953,0.0463389354,-1.37109321,0.436869295,False,shared_heat,1.50509777,-1.10421628
GOBP_MICROTUBULE_BASED_MOVEMENT,Microtubule Based Movement,GO_BP,0.993625881,0.556841736,1.00108916,0.545076605,0.711434326,0.999948662,False,shared_heat,1.03710611,1.41633342
GOBP_MICROTUBULE_BASED_PROCESS,Microtubule Based Process,GO_BP,1.04531248,0.438112712,1.03340541,0.472139128,-0.800975671,0.999948662,False,shared_heat,1.04901881,1.41969471
GOBP_MICROTUBULE_BASED_TRANSPORT,Microtubule Based Transport,GO_BP,1.06906242,0.451845557,1.03119307,0.508986162,0.692673321,0.999948662,False,shared_heat,1.07088201,1.42624021
GOBP_MICROTUBULE_BUNDLE_FORMATION,Microtubule Bundle Formation,GO_BP,0.756185713,0.831652994,0.889842718,0.675830538,-0.833902089,0.955246607,False,shared_heat,0.752470262,-0.609910356
GOBP_MICROTUBULE_CYTOSKELETON_ORGANIZATION,Microtubule Cytoskeleton Organization,GO_BP,-0.984633482,0.583123894,-0.84469848,0.88722981,-0.787042588,0.999948662,False,shared_heat,-0.901633201,1.31640793
GOBP_MICROTUBULE_CYTOSKELETON_ORGANIZATION_INVOLVED_IN_MITOSIS,Microtubule Cytoskeleton Organization Involved in Mitosis,GO_BP,1.03027331,0.498375097,0.923034465,0.678332266,0.853855323,0.976113102,False,shared_heat,0.97993383,1.10742076
GOBP_MICROTUBULE_DEPOLYMERIZATION,Microtubule Depolymerization,GO_BP,-0.715365522,0.878601661,-0.794815351,0.787947108,1.02669972,0.844399056,False,shared_heat,-0.800394015,1.34890405
GOBP_MICROTUBULE_NUCLEATION,Microtubule Nucleation,GO_BP,0.854548539,0.716226437,0.724721634,0.874854063,1.33130926,0.546910947,False,shared_heat,0.742533521,1.56176567
GOBP_MICROTUBULE_ORGANIZING_CENTER_ORGANIZATION,Microtubule Organizing Center Organization,GO_BP,0.982749731,0.573898613,0.954517727,0.621283341,-0.806716065,0.994346977,False,shared_heat,0.909226316,1.40255751
GOBP_MICROTUBULE_POLYMERIZATION,Microtubule Polymerization,GO_BP,-1.16129344,0.355878262,-0.949417161,0.62085857,-0.695403019,0.999948662,False,shared_heat,-1.06016829,1.30114209
GOBP_MICROTUBULE_POLYMERIZATION_OR_DEPOLYMERIZATION,Microtubule Polymerization or Depolymerization,GO_BP,-1.04177239,0.489453756,-0.94275644,0.634601865,0.969764804,0.89365968,False,shared_heat,-1.03305867,1.28516511
GOBP_MIDBRAIN_DEVELOPMENT,Midbrain Development,GO_BP,1.08320772,0.442235163,1.06180384,0.477439287,-0.95252641,0.898474155,False,shared_heat,1.10338368,-0.899068562
GOBP_MIRNA_METABOLIC_PROCESS,miRNA Metabolic Process,GO_BP,1.75510143,0.0103322788,1.45098491,0.107627621,1.57261787,0.208981217,False,shared_heat,1.57034813,1.13092211
GOBP_MIRNA_PROCESSING,miRNA Processing,GO_BP,-1.203957,0.353221337,-1.16201833,0.411795339,-1.04337399,0.839590835,False,shared_heat,-1.11916974,1.4247487
GOBP_MIRNA_TRANSCRIPTION,miRNA Transcription,GO_BP,1.71717467,0.0189519183,1.43888614,0.129098005,1.43703022,0.373377211,False,shared_heat,1.54055021,0.675431129
GOBP_MISMATCH_REPAIR,Mismatch Repair,GO_BP,-0.836810953,0.731940326,1.01521121,0.538309345,-1.80845331,0.124503203,False,shared_heat,0.756369444,0.958754907
GOBP_MITOCHONDRIAL_DEPOLARIZATION,Mitochondrial Depolarization,GO_BP,-0.935154785,0.623075249,-1.23154342,0.359204,0.850413248,0.950156705,False,shared_heat,-1.03418918,-1.3214498
GOBP_MITOCHONDRIAL_ELECTRON_TRANSPORT_NADH_TO_UBIQUINONE,Mitochondrial Electron Transport NADH to Ubiquinone,GO_BP,-1.61908222,0.0496899808,-1.4341236,0.150025174,-1.35739829,0.468677619,False,shared_heat,-1.49985071,-2.14056458
GOBP_MITOCHONDRIAL_FISSION,Mitochondrial Fission,GO_BP,-1.20054524,0.355717808,-1.19912462,0.378249682,1.03498457,0.844399056,False,shared_heat,-1.1324452,-0.98033544
GOBP_MITOCHONDRIAL_GENE_EXPRESSION,Mitochondrial Gene Expression,GO_BP,1.06060222,0.473058637,0.885045363,0.702913661,1.04233518,0.839157547,False,shared_heat,1.04507457,-0.736996938
GOBP_MITOCHONDRIAL_MEMBRANE_ORGANIZATION,Mitochondrial Membrane Organization,GO_BP,1.0789059,0.442235163,1.0429435,0.496252428,-0.937048369,0.912813575,False,shared_heat,1.06494295,-1.25551157
GOBP_MITOCHONDRIAL_OUTER_MEMBRANE_PERMEABILIZATION,Mitochondrial Outer Membrane Permeabilization,GO_BP,1.19410035,0.367150269,1.21662307,0.368730391,-0.765956905,0.985926477,False,shared_heat,1.22638525,0.823217611
GOBP_MITOCHONDRIAL_RESPIRATORY_CHAIN_COMPLEX_ASSEMBLY,Mitochondrial Respiratory Chain Complex Assembly,GO_BP,-0.841321547,0.734572954,-1.07512238,0.482624827,1.51651208,0.373377211,False,shared_heat,-0.962465149,-1.55783443
GOBP_MITOCHONDRIAL_TRANSLATION,Mitochondrial Translation,GO_BP,0.537896876,0.989331532,-0.68294245,0.915925149,0.935411447,0.907191457,False,shared_heat,-0.569861293,-0.761379555
GOBP_MITOCHONDRIAL_TRANSPORT,Mitochondrial Transport,GO_BP,-1.11414273,0.408937299,-0.98350489,0.573041497,-1.02881792,0.841731931,False,shared_heat,-1.06927082,-1.54126908
GOBP_MITOCHONDRION_LOCALIZATION,Mitochondrion Localization,GO_BP,0.904356439,0.662139638,0.768808671,0.829761994,0.792105039,0.980529725,False,shared_heat,0.878562445,1.77137278
GOBP_MITOCHONDRION_ORGANIZATION,Mitochondrion Organization,GO_BP,1.1674773,0.26768746,1.01291953,0.520608434,0.966777446,0.897996338,False,shared_heat,1.11419654,-1.38350054
GOBP_MITOPHAGY,Mitophagy,GO_BP,0.923218276,0.649750442,1.08534906,0.453813507,-0.573087774,0.999948662,False,shared_heat,1.01064607,0.719551823
GOBP_MITOTIC_CELL_CYCLE,Mitotic Cell Cycle,GO_BP,1.43836012,0.00660768887,1.50259745,0.00166962463,-0.985027696,0.89481449,False,shared_heat,1.4578771,1.13139377
GOBP_MITOTIC_CELL_CYCLE_CHECKPOINT_SIGNALING,Mitotic Cell Cycle Checkpoint Signaling,GO_BP,1.41446227,0.100072307,1.57485379,0.0437461125,-1.36420427,0.395520988,False,shared_heat,1.48743506,1.10577541
GOBP_MITOTIC_CELL_CYCLE_PHASE_TRANSITION,Mitotic Cell Cycle Phase Transition,GO_BP,1.52464561,0.0115697106,1.61749243,0.00530903329,-1.08056051,0.730093777,False,shared_heat,1.5873694,1.03750578
GOBP_MITOTIC_CELL_CYCLE_PROCESS,Mitotic Cell Cycle Process,GO_BP,1.48741623,0.00456936289,1.56289057,0.000854304275,-1.08907635,0.671888906,False,shared_heat,1.53110903,1.16222067
GOBP_MITOTIC_CYTOKINESIS,Mitotic Cytokinesis,GO_BP,-1.05721142,0.473058637,-1.05248232,0.491256173,0.73213986,0.999948662,False,shared_heat,-1.03625993,-1.0415942
GOBP_MITOTIC_DNA_INTEGRITY_CHECKPOINT_SIGNALING,Mitotic DNA Integrity Checkpoint Signaling,GO_BP,1.20053024,0.322901597,1.40611594,0.171245092,-1.6255888,0.210064878,False,shared_heat,1.30879351,1.01328592
GOBP_MITOTIC_G2_M_TRANSITION_CHECKPOINT,Mitotic G2 M Transition Checkpoint,GO_BP,1.56296502,0.0828853175,1.69333325,0.0487678566,-1.28099649,0.583143749,False,shared_heat,1.64477466,1.54902143
GOBP_MITOTIC_METAPHASE_CHROMOSOME_ALIGNMENT,Mitotic Metaphase Chromosome Alignment,GO_BP,-0.921285244,0.642112194,-1.00607138,0.549723789,0.711226467,0.996578828,False,shared_heat,-0.98955287,-0.798790001
GOBP_MITOTIC_NUCLEAR_DIVISION,Mitotic Nuclear Division,GO_BP,1.42999712,0.0559943582,1.35529877,0.111381245,0.734923698,0.999948662,False,shared_heat,1.4159386,0.942952235
GOBP_MITOTIC_SISTER_CHROMATID_SEGREGATION,Mitotic Sister Chromatid Segregation,GO_BP,0.983715959,0.573898613,0.962244701,0.615662652,0.691710273,0.999948662,False,shared_heat,1.00030456,1.09111451
GOBP_MITOTIC_SISTER_CHROMATID_SEPARATION,Mitotic Sister Chromatid Separation,GO_BP,1.26294037,0.261774816,1.16792812,0.371154663,0.837222344,0.967415834,False,shared_heat,1.18270665,1.08953975
GOBP_MITOTIC_SPINDLE_ASSEMBLY,Mitotic Spindle Assembly,GO_BP,0.733505125,0.894724957,0.837496042,0.769267494,-0.998213713,0.861249841,False,shared_heat,0.737679241,1.01890187
GOBP_MITOTIC_SPINDLE_ORGANIZATION,Mitotic Spindle Organization,GO_BP,-0.770466773,0.896634848,0.771600831,0.901199899,-0.556009322,0.999948662,False,shared_heat,0.772547348,1.1874011
GOBP_MODIFICATION_DEPENDENT_MACROMOLECULE_CATABOLIC_PROCESS,Modification Dependent Macromolecule Catabolic Process,GO_BP,-1.45792966,0.0230284146,-1.61599015,0.00530903329,1.90858757,8.30898892e-05,True,cGAS_dampened,-1.5533568,1.4906311
GOBP_MODIFICATION_OF_SYNAPTIC_STRUCTURE,Modification of Synaptic Structure,GO_BP,0.857770444,0.707749392,-0.788530702,0.793676176,0.758156443,0.987060088,False,shared_heat,0.82549289,-1.22478919
GOBP_MODIFIED_AMINO_ACID_BIOSYNTHETIC_PROCESS,Modified Amino Acid Biosynthetic Process,GO_BP,1.59146212,0.0762455393,1.51986014,0.129098005,-0.617315274,0.999948662,False,shared_heat,1.56267949,-0.707344983
GOBP_MODIFIED_AMINO_ACID_METABOLIC_PROCESS,Modified Amino Acid Metabolic Process,GO_BP,1.09372454,0.407829757,1.13220099,0.373070326,-0.913823057,0.945726528,False,shared_heat,1.09280821,-0.988901304
GOBP_MODIFIED_AMINO_ACID_TRANSPORT,Modified Amino Acid Transport,GO_BP,-1.60760332,0.0730037021,-1.55458173,0.114714365,0.970728175,0.883958325,False,shared_heat,-1.61991088,0.800302178
GOBP_MODULATION_OF_PROCESS_OF_ANOTHER_ORGANISM,Modulation of Process of Another Organism,GO_BP,1.13046163,0.379083313,1.06753714,0.467541321,1.63472398,0.159102261,False,shared_heat,1.09891451,1.86035571
GOBP_MOLTING_CYCLE,Molting Cycle,GO_BP,1.31319429,0.219539036,1.26161343,0.287333962,0.953667638,0.896776534,False,shared_heat,1.30263415,1.17814647
GOBP_MOLTING_CYCLE_PROCESS,Molting Cycle Process,GO_BP,1.32208134,0.218635674,1.29048904,0.272377278,0.744944457,0.994909646,False,shared_heat,1.31822776,1.08524253
GOBP_MONOAMINE_TRANSPORT,Monoamine Transport,GO_BP,1.10736009,0.440930033,0.876055136,0.693321335,0.83991641,0.953379508,False,shared_heat,0.885160854,-0.757904711
GOBP_MONOATOMIC_ANION_TRANSPORT,Monoatomic Anion Transport,GO_BP,1.41412954,0.153323486,1.24997447,0.304441067,0.963475399,0.89481449,False,shared_heat,1.28476029,1.3250621
GOBP_MONOATOMIC_CATION_TRANSPORT,Monoatomic Cation Transport,GO_BP,-1.21013407,0.137655746,-1.26259131,0.107861517,1.04071939,0.805596787,False,shared_heat,-1.23142515,-1.50885501
GOBP_MONOATOMIC_ION_HOMEOSTASIS,Monoatomic Ion Homeostasis,GO_BP,-1.06141086,0.423749723,-1.19995095,0.232369525,1.15870527,0.592992668,False,shared_heat,-1.14978491,-1.35299012
GOBP_MONOATOMIC_ION_TRANSMEMBRANE_TRANSPORT,Monoatomic Ion Transmembrane Transport,GO_BP,-1.30637138,0.0644154053,-1.36780971,0.0438210659,1.09604708,0.69963156,False,shared_heat,-1.33241627,-1.48993043
GOBP_MONOATOMIC_ION_TRANSPORT,Monoatomic Ion Transport,GO_BP,-1.16207791,0.197105129,-1.22354813,0.143250069,1.06262988,0.755466719,False,shared_heat,-1.17835981,-1.42495421
GOBP_MONOCARBOXYLIC_ACID_BIOSYNTHETIC_PROCESS,Monocarboxylic Acid Biosynthetic Process,GO_BP,0.945037979,0.64099215,1.03539183,0.495923946,-0.708937263,0.999948662,False,shared_heat,1.0140313,1.2346731
GOBP_MONOCARBOXYLIC_ACID_CATABOLIC_PROCESS,Monocarboxylic Acid Catabolic Process,GO_BP,-1.41302734,0.100072307,-1.47989548,0.0836099987,0.85785702,0.969894676,False,shared_heat,-1.47928395,-1.58233412
GOBP_MONOCARBOXYLIC_ACID_METABOLIC_PROCESS,Monocarboxylic Acid Metabolic Process,GO_BP,-1.1141397,0.313721486,-1.20356486,0.200308238,0.856189115,0.996578828,False,shared_heat,-1.17712737,-1.23781278
GOBP_MONOCARBOXYLIC_ACID_TRANSPORT,Monocarboxylic Acid Transport,GO_BP,1.31754762,0.172267419,1.19163614,0.314278366,0.914058117,0.941444512,False,shared_heat,1.29439234,-1.45304332
GOBP_MONOCYTE_CHEMOTAXIS,Monocyte Chemotaxis,GO_BP,1.81857907,0.0183649939,1.79872849,0.0271769011,0.662729445,0.999948662,False,shared_heat,1.74083519,1.21048747
GOBP_MONOCYTE_DIFFERENTIATION,Monocyte Differentiation,GO_BP,1.73979141,0.0300442404,1.48021731,0.158255586,1.6722399,0.218835189,False,shared_heat,1.60937449,1.73756859
GOBP_MONONUCLEAR_CELL_DIFFERENTIATION,Mononuclear Cell Differentiation,GO_BP,1.37088719,0.0319526855,1.31435332,0.0648791427,1.02994909,0.819654638,False,shared_heat,1.3054217,1.08610964
GOBP_MONONUCLEAR_CELL_MIGRATION,Mononuclear Cell Migration,GO_BP,1.58060546,0.0229700344,1.51944295,0.0437461125,1.16842723,0.646537568,False,shared_heat,1.50357106,1.27490451
GOBP_MONOSACCHARIDE_BIOSYNTHETIC_PROCESS,Monosaccharide Biosynthetic Process,GO_BP,-1.01341803,0.528261964,-0.987015992,0.56890315,-0.669733775,0.999948662,False,shared_heat,-0.963244553,-1.37272385
GOBP_MONOSACCHARIDE_CATABOLIC_PROCESS,Monosaccharide Catabolic Process,GO_BP,1.48404803,0.113272754,1.55818298,0.0968628217,-0.861302533,0.950388983,False,shared_heat,1.46026415,-1.24723663
GOBP_MONOSACCHARIDE_METABOLIC_PROCESS,Monosaccharide Metabolic Process,GO_BP,0.981343415,0.580952133,-1.08893788,0.424030123,1.09957387,0.738566035,False,shared_heat,-1.00595882,-1.07283567
GOBP_MONOSACCHARIDE_TRANSMEMBRANE_TRANSPORT,Monosaccharide Transmembrane Transport,GO_BP,0.959480124,0.602235629,0.981618266,0.573041497,1.27288136,0.556048643,False,shared_heat,0.988828818,1.12412585
GOBP_MORPHOGENESIS_OF_AN_EPITHELIAL_SHEET,Morphogenesis of An Epithelial Sheet,GO_BP,1.94850204,0.00520866085,1.79357558,0.0259978611,1.08114362,0.805596787,False,shared_heat,1.85393153,0.85468444
GOBP_MORPHOGENESIS_OF_AN_EPITHELIUM,Morphogenesis of An Epithelium,GO_BP,2.03622874,2.45230405e-06,1.89051501,0.000111173536,1.18268196,0.556132623,False,shared_heat,1.92928532,1.17653508
GOBP_MORPHOGENESIS_OF_A_BRANCHING_STRUCTURE,Morphogenesis of A Branching Structure,GO_BP,1.41739338,0.0945689689,1.2683371,0.228337513,1.0421987,0.823078425,False,shared_heat,1.30062783,1.27391626
GOBP_MORPHOGENESIS_OF_EMBRYONIC_EPITHELIUM,Morphogenesis of Embryonic Epithelium,GO_BP,1.39651125,0.126243761,1.37320715,0.162405497,-0.841005827,0.980529725,False,shared_heat,1.35527178,1.33775388
GOBP_MRNA_CATABOLIC_PROCESS,mRNA Catabolic Process,GO_BP,-0.970655297,0.596490799,-0.870521389,0.774045669,0.937119079,0.919643527,False,shared_heat,-0.923176046,0.951846425
GOBP_MRNA_EXPORT_FROM_NUCLEUS,mRNA Export from Nucleus,GO_BP,0.947306696,0.607611631,1.11027299,0.44863585,-1.26289559,0.61117042,False,shared_heat,1.01473018,1.00902985
GOBP_MRNA_METABOLIC_PROCESS,mRNA Metabolic Process,GO_BP,1.03512167,0.466622193,1.0577786,0.433936094,-1.07222693,0.739144788,False,shared_heat,1.04855851,0.985734388
GOBP_MRNA_PROCESSING,mRNA Processing,GO_BP,0.882714558,0.773552238,0.911428014,0.723488594,-1.21167903,0.524637188,False,shared_heat,0.849387418,0.799713008
GOBP_MRNA_TRANSCRIPTION,mRNA Transcription,GO_BP,-0.997496789,0.555700797,-1.01073962,0.544371355,-0.762411283,0.992649497,False,shared_heat,-0.948673932,0.920907025
GOBP_MRNA_TRANSPORT,mRNA Transport,GO_BP,1.45826729,0.108837993,1.55434602,0.0836099987,-1.0251214,0.844399056,False,shared_heat,1.49871878,1.30449766
GOBP_MULTICELLULAR_ORGANISMAL_LEVEL_CHEMICAL_HOMEOSTASIS,Multicellular Organismal Level Chemical Homeostasis,GO_BP,1.01165052,0.53512052,0.829810425,0.769816605,1.31280457,0.546786756,False,shared_heat,0.815020419,1.05633404
GOBP_MULTICELLULAR_ORGANISMAL_LEVEL_HOMEOSTASIS,Multicellular Organismal Level Homeostasis,GO_BP,1.45916526,0.00456936289,1.41556467,0.0113446447,1.20049074,0.436869295,False,shared_heat,1.41477213,1.13285934
GOBP_MULTICELLULAR_ORGANISMAL_MOVEMENT,Multicellular Organismal Movement,GO_BP,0.884772201,0.695055202,0.920415961,0.649638854,0.80119343,0.980529725,False,shared_heat,0.845261027,-1.21794757
GOBP_MULTICELLULAR_ORGANISMAL_REPRODUCTIVE_PROCESS,Multicellular Organismal Reproductive Process,GO_BP,1.21885502,0.14667648,1.16185375,0.241366004,-0.817806865,0.999948662,False,shared_heat,1.20745469,0.899287011
GOBP_MULTICELLULAR_ORGANISMAL_RESPONSE_TO_STRESS,Multicellular Organismal Response to Stress,GO_BP,1.64714102,0.044572897,1.59599017,0.0733643843,0.543807034,0.999948662,False,shared_heat,1.63243182,1.36835952
GOBP_MULTICELLULAR_ORGANISM_GROWTH,Multicellular Organism Growth,GO_BP,1.37613839,0.118570597,1.27691355,0.21986316,0.893614012,0.950156705,False,shared_heat,1.34707053,1.18259935
GOBP_MULTI_MULTICELLULAR_ORGANISM_PROCESS,Multi Multicellular Organism Process,GO_BP,1.74309033,0.00582287737,1.59633639,0.0314953446,0.960125295,0.898474155,False,shared_heat,1.63252087,0.856414778
GOBP_MUSCLE_ADAPTATION,Muscle Adaptation,GO_BP,1.70145292,0.0241881152,1.56412511,0.0719430508,1.18800282,0.671888906,False,shared_heat,1.64897552,0.896739787
GOBP_MUSCLE_CELL_APOPTOTIC_PROCESS,Muscle Cell Apoptotic Process,GO_BP,1.35660056,0.179767273,1.19600856,0.343793457,0.670797086,0.999948662,False,shared_heat,1.25909106,0.920297198
GOBP_MUSCLE_CELL_DEVELOPMENT,Muscle Cell Development,GO_BP,1.84662218,0.0028811088,1.66261421,0.0236274783,0.807005465,0.994346977,False,shared_heat,1.76008055,0.896882323
GOBP_MUSCLE_CELL_DIFFERENTIATION,Muscle Cell Differentiation,GO_BP,1.75426164,0.000659656796,1.59408365,0.0100708465,1.07526681,0.763628996,False,shared_heat,1.66386535,0.915130111
GOBP_MUSCLE_CELL_MIGRATION,Muscle Cell Migration,GO_BP,1.74311392,0.0230861085,1.63611856,0.0579497266,-0.66330956,0.999948662,False,shared_heat,1.63609942,1.07489544
GOBP_MUSCLE_CELL_PROLIFERATION,Muscle Cell Proliferation,GO_BP,1.40258143,0.0801283068,1.32257909,0.147139148,0.930618945,0.931631291,False,shared_heat,1.33275485,0.956493933
GOBP_MUSCLE_CONTRACTION,Muscle Contraction,GO_BP,1.36154174,0.087039796,1.33994229,0.116026865,1.35153596,0.358930161,False,shared_heat,1.30076657,-1.04725096
GOBP_MUSCLE_HYPERTROPHY,Muscle Hypertrophy,GO_BP,1.33066495,0.213392613,1.13586956,0.413401882,1.56010765,0.289935786,False,shared_heat,1.23778041,1.15721302
GOBP_MUSCLE_ORGAN_DEVELOPMENT,Muscle Organ Development,GO_BP,1.81758331,0.000719548742,1.68823201,0.00885555461,1.12800776,0.69603494,False,shared_heat,1.71957368,1.09152534
GOBP_MUSCLE_ORGAN_MORPHOGENESIS,Muscle Organ Morphogenesis,GO_BP,1.32311645,0.218265223,1.18639381,0.363271393,1.29849948,0.550240464,False,shared_heat,1.28619315,-1.02348126
GOBP_MUSCLE_STRUCTURE_DEVELOPMENT,Muscle Structure Development,GO_BP,1.87524248,5.22570408e-06,1.7105463,0.000304864079,1.0935474,0.705785642,False,shared_heat,1.7503993,0.971874511
GOBP_MUSCLE_SYSTEM_PROCESS,Muscle System Process,GO_BP,1.42905967,0.0370255827,1.35457896,0.0819105942,1.39423401,0.235414132,False,shared_heat,1.39068962,-0.898477581
GOBP_MUSCLE_TISSUE_DEVELOPMENT,Muscle Tissue Development,GO_BP,2.00219264,6.60435016e-06,1.86181696,0.000196519983,0.969136376,0.896633964,False,shared_heat,1.89970253,1.05134932
GOBP_MYELOID_CELL_ACTIVATION_INVOLVED_IN_IMMUNE_RESPONSE,Myeloid Cell Activation Involved in Immune Response,GO_BP,-1.03210966,0.501845526,-1.01778702,0.528372301,-1.09399759,0.775134311,False,shared_heat,-1.04227409,-1.55536458
GOBP_MYELOID_CELL_APOPTOTIC_PROCESS,Myeloid Cell Apoptotic Process,GO_BP,1.13653548,0.408635625,-0.918424491,0.646242389,1.38056166,0.495211293,False,shared_heat,1.00139754,1.6541013
GOBP_MYELOID_CELL_DEVELOPMENT,Myeloid Cell Development,GO_BP,1.00793422,0.53657559,-0.923208892,0.652885813,0.947376679,0.902147883,False,shared_heat,1.0130276,0.752282742
GOBP_MYELOID_CELL_DIFFERENTIATION,Myeloid Cell Differentiation,GO_BP,1.58581552,0.00230801025,1.44040493,0.0261944799,1.39263709,0.196484258,False,shared_heat,1.50492642,1.60433685
GOBP_MYELOID_CELL_HOMEOSTASIS,Myeloid Cell Homeostasis,GO_BP,1.22369696,0.227289775,-1.1274872,0.377873683,1.05173892,0.809520012,False,shared_heat,1.19864631,1.32460507
GOBP_MYELOID_DENDRITIC_CELL_ACTIVATION,Myeloid Dendritic Cell Activation,GO_BP,1.58938043,0.0741475863,1.36050006,0.230996377,1.76615587,0.124338287,False,shared_heat,1.41920888,1.06408377
GOBP_MYELOID_DENDRITIC_CELL_DIFFERENTIATION,Myeloid Dendritic Cell Differentiation,GO_BP,1.69675927,0.0442058781,1.55720321,0.122228955,1.74694217,0.156330116,False,shared_heat,1.56569689,1.3418994
GOBP_MYELOID_LEUKOCYTE_ACTIVATION,Myeloid Leukocyte Activation,GO_BP,1.5621012,0.0163355048,1.47790828,0.0398889081,1.29760143,0.417535,False,shared_heat,1.45995889,-0.967782069
GOBP_MYELOID_LEUKOCYTE_CYTOKINE_PRODUCTION,Myeloid Leukocyte Cytokine Production,GO_BP,1.27797628,0.287853919,1.19620492,0.375114199,0.707381988,0.996578828,False,shared_heat,1.23890978,-0.855312434
GOBP_MYELOID_LEUKOCYTE_DIFFERENTIATION,Myeloid Leukocyte Differentiation,GO_BP,1.83566562,0.000705638025,1.70755793,0.00224765797,1.32615276,0.391713915,False,shared_heat,1.72642641,1.39712071
GOBP_MYELOID_LEUKOCYTE_MEDIATED_IMMUNITY,Myeloid Leukocyte Mediated Immunity,GO_BP,1.30895663,0.198007638,1.18330848,0.343793457,0.94356522,0.907191457,False,shared_heat,1.23881584,-1.26146739
GOBP_MYELOID_LEUKOCYTE_MIGRATION,Myeloid Leukocyte Migration,GO_BP,1.69331196,0.00603353423,1.58069835,0.026135119,0.762953072,0.999948662,False,shared_heat,1.61989823,-1.05447981
GOBP_MYOBLAST_DIFFERENTIATION,Myoblast Differentiation,GO_BP,1.66547933,0.0405744931,1.54997367,0.0941623322,1.13483568,0.740010467,False,shared_heat,1.61555935,0.75933906
GOBP_MYOBLAST_FUSION,Myoblast Fusion,GO_BP,1.12316762,0.419844846,0.835742655,0.752122346,1.44400377,0.431294095,False,shared_heat,0.994220458,-1.03587589
GOBP_MYOFIBRIL_ASSEMBLY,Myofibril Assembly,GO_BP,1.65981558,0.0471087194,1.53134731,0.112497606,0.733295154,0.994909646,False,shared_heat,1.53672924,0.874247259
GOBP_MYOTUBE_DIFFERENTIATION,Myotube Differentiation,GO_BP,1.62817374,0.0333694848,1.46623742,0.103700927,1.49756797,0.287149302,False,shared_heat,1.59298304,-1.09131939
GOBP_NADPLUS_METABOLIC_PROCESS,Nadplus Metabolic Process,GO_BP,1.01414307,0.532240275,0.94143833,0.620745761,1.15311992,0.739998504,False,shared_heat,0.97428484,0.830029879
GOBP_NADPPLUS_METABOLIC_PROCESS,Nadpplus Metabolic Process,GO_BP,-1.06300613,0.479596005,-1.1408703,0.423722617,0.641972687,0.999948662,False,shared_heat,-1.06499919,0.579212035
GOBP_NATURAL_KILLER_CELL_ACTIVATION,Natural Killer Cell Activation,GO_BP,1.23524253,0.270281905,1.05143319,0.488664414,1.42131046,0.391713915,False,shared_heat,1.12928435,-0.992480763
GOBP_NATURAL_KILLER_CELL_MEDIATED_IMMUNITY,Natural Killer Cell Mediated Immunity,GO_BP,-1.05013192,0.485252595,-1.19943753,0.343793457,1.26860541,0.567190143,False,shared_heat,-1.13342616,0.856103983
GOBP_NECROPTOTIC_PROCESS,Necroptotic Process,GO_BP,-0.912988613,0.654895564,-1.11166011,0.44404041,1.28597794,0.583866156,False,shared_heat,-0.984092033,0.915274914
GOBP_NEGATIVE_REGULATION_OF_ACTIN_FILAMENT_DEPOLYMERIZATION,Negative Regulation of Actin Filament Depolymerization,GO_BP,-1.20885245,0.349991327,-1.10736785,0.456639778,-1.45373121,0.432558755,False,shared_heat,-1.10837232,0.730305817
GOBP_NEGATIVE_REGULATION_OF_ACTIN_FILAMENT_POLYMERIZATION,Negative Regulation of Actin Filament Polymerization,GO_BP,-1.12340603,0.429446617,-1.06200977,0.498789878,-1.2054849,0.690148464,False,shared_heat,-1.04685312,0.897857955
GOBP_NEGATIVE_REGULATION_OF_ADAPTIVE_IMMUNE_RESPONSE,Negative Regulation of Adaptive Immune Response,GO_BP,-1.08069099,0.44867303,-1.07191399,0.47336069,0.742386822,0.997837984,False,shared_heat,-1.11833762,0.720017168
GOBP_NEGATIVE_REGULATION_OF_ALPHA_BETA_T_CELL_ACTIVATION,Negative Regulation of alpha beta T Cell Activation,GO_BP,1.39581743,0.196612682,1.34333031,0.263648251,0.981811192,0.871731125,False,shared_heat,1.31430535,-0.739878043
GOBP_NEGATIVE_REGULATION_OF_ANTIGEN_RECEPTOR_MEDIATED_SIGNALING_PATHWAY,Negative Regulation of Antigen Receptor Mediated Signaling Pathway,GO_BP,1.57048051,0.0779596423,1.47447762,0.142933021,0.943099638,0.902147883,False,shared_heat,1.49297895,0.916056799
GOBP_NEGATIVE_REGULATION_OF_APOPTOTIC_SIGNALING_PATHWAY,Negative Regulation of Apoptotic Signaling Pathway,GO_BP,1.97573225,5.71889385e-05,1.99036968,0.000212571993,0.852253036,0.985926477,False,shared_heat,1.95703983,1.06783349
GOBP_NEGATIVE_REGULATION_OF_AUTOPHAGY,Negative Regulation of Autophagy,GO_BP,1.09901991,0.429446617,1.09247851,0.448325077,1.02368318,0.844399056,False,shared_heat,1.1007412,0.839605809
GOBP_NEGATIVE_REGULATION_OF_BINDING,Negative Regulation of Binding,GO_BP,0.816977791,0.759915466,-0.703565712,0.881342112,-0.86064085,0.950156705,False,shared_heat,-0.719381167,-1.23309889
GOBP_NEGATIVE_REGULATION_OF_BLOOD_VESSEL_ENDOTHELIAL_CELL_MIGRATION,Negative Regulation of Blood Vessel Endothelial Cell Migration,GO_BP,1.37179467,0.212599205,1.34130044,0.263648251,0.538703695,0.999948662,False,shared_heat,1.28660566,-1.07433968
GOBP_NEGATIVE_REGULATION_OF_BMP_SIGNALING_PATHWAY,Negative Regulation of Bmp Signaling Pathway,GO_BP,-1.40480658,0.1773458,-1.52537086,0.122199112,1.0491921,0.837197691,False,shared_heat,-1.51513806,1.0555506
GOBP_NEGATIVE_REGULATION_OF_B_CELL_ACTIVATION,Negative Regulation of B Cell Activation,GO_BP,-1.12125681,0.430739341,-0.9949289,0.562060824,-0.847180817,0.950156705,False,shared_heat,-1.03388122,-1.09337493
GOBP_NEGATIVE_REGULATION_OF_CALCIUM_ION_TRANSMEMBRANE_TRANSPORT,Negative Regulation of Calcium Ion Transmembrane Transport,GO_BP,-1.07859946,0.473058637,-1.19489316,0.38609088,1.19158921,0.711963984,False,shared_heat,-1.13356016,-1.56712244
GOBP_NEGATIVE_REGULATION_OF_CALCIUM_ION_TRANSPORT,Negative Regulation of Calcium Ion Transport,GO_BP,-1.02031278,0.530964979,-1.14334636,0.427928291,1.1637547,0.735329765,False,shared_heat,-1.0796488,-1.52464723
GOBP_NEGATIVE_REGULATION_OF_CANONICAL_NF_KAPPAB_SIGNAL_TRANSDUCTION,Negative Regulation of Canonical NF Kappab Signal Transduction,GO_BP,-0.956790906,0.606234288,-0.911919984,0.669485501,-0.881994766,0.950156705,False,shared_heat,-0.991088579,0.499886924
GOBP_NEGATIVE_REGULATION_OF_CANONICAL_WNT_SIGNALING_PATHWAY,Negative Regulation of Canonical Wnt Signaling Pathway,GO_BP,0.929661383,0.645803175,-0.861594206,0.746173639,1.24372567,0.592992668,False,shared_heat,0.87173647,0.622517279
GOBP_NEGATIVE_REGULATION_OF_CARBOHYDRATE_METABOLIC_PROCESS,Negative Regulation of Carbohydrate Metabolic Process,GO_BP,1.42264095,0.173109051,1.28736715,0.29916543,1.03391494,0.844399056,False,shared_heat,1.41207056,0.924914886
GOBP_NEGATIVE_REGULATION_OF_CATABOLIC_PROCESS,Negative Regulation of Catabolic Process,GO_BP,1.62523993,0.00998670888,1.60785313,0.0162160034,1.26118843,0.473804212,False,shared_heat,1.6466173,1.05845503
GOBP_NEGATIVE_REGULATION_OF_CATALYTIC_ACTIVITY,Negative Regulation of Catalytic Activity,GO_BP,1.01243724,0.528261964,1.01603804,0.526898195,1.04150824,0.829970512,False,shared_heat,0.992577756,0.95460396
GOBP_NEGATIVE_REGULATION_OF_CELLULAR_COMPONENT_ORGANIZATION,Negative Regulation of Cellular Component Organization,GO_BP,1.35336694,0.0381734378,1.304756,0.0717582301,0.965930183,0.907191457,False,shared_heat,1.35306653,0.935624028
GOBP_NEGATIVE_REGULATION_OF_CELLULAR_RESPONSE_TO_GROWTH_FACTOR_STIMULUS,Negative Regulation of Cellular Response to Growth Factor Stimulus,GO_BP,-0.946922907,0.619942933,-1.05655119,0.489084087,1.27590204,0.553505775,False,shared_heat,-1.03723477,1.17437646
GOBP_NEGATIVE_REGULATION_OF_CELLULAR_RESPONSE_TO_INSULIN_STIMULUS,Negative Regulation of Cellular Response to Insulin Stimulus,GO_BP,0.713158732,0.886660085,0.716557755,0.883585719,0.494925746,0.999948662,False,shared_heat,0.699646617,1.47533085
GOBP_NEGATIVE_REGULATION_OF_CELL_ACTIVATION,Negative Regulation of Cell Activation,GO_BP,1.1525123,0.309843392,1.10565806,0.388728996,0.678554593,0.999948662,False,shared_heat,1.11317304,-0.944662541
GOBP_NEGATIVE_REGULATION_OF_CELL_ADHESION,Negative Regulation of Cell Adhesion,GO_BP,1.35120032,0.0828996094,1.38906478,0.0690148217,-0.96046935,0.908299346,False,shared_heat,1.35118081,1.02170187
GOBP_NEGATIVE_REGULATION_OF_CELL_CELL_ADHESION,Negative Regulation of Cell Cell Adhesion,GO_BP,1.27974285,0.16996864,1.35071887,0.12555979,-0.744636627,0.999948662,False,shared_heat,1.26567652,1.14840652
GOBP_NEGATIVE_REGULATION_OF_CELL_CYCLE,Negative Regulation of Cell Cycle,GO_BP,1.38087477,0.0572467308,1.50678044,0.0217676969,-1.40689574,0.195956522,False,shared_heat,1.47945953,1.38887698
GOBP_NEGATIVE_REGULATION_OF_CELL_CYCLE_G1_S_PHASE_TRANSITION,Negative Regulation of Cell Cycle G1 S Phase Transition,GO_BP,1.16687733,0.364183624,1.48062658,0.137892662,-1.40323248,0.432558755,False,shared_heat,1.32791887,0.835442998
GOBP_NEGATIVE_REGULATION_OF_CELL_CYCLE_G2_M_PHASE_TRANSITION,Negative Regulation of Cell Cycle G2 M Phase Transition,GO_BP,1.63893776,0.0491173143,1.77426435,0.0261215299,-1.0607301,0.810396877,False,shared_heat,1.73210403,1.41909353
GOBP_NEGATIVE_REGULATION_OF_CELL_CYCLE_PROCESS,Negative Regulation of Cell Cycle Process,GO_BP,1.36156547,0.0858550008,1.48284644,0.0381292923,-1.4187621,0.218835189,False,shared_heat,1.48377092,1.39784998
GOBP_NEGATIVE_REGULATION_OF_CELL_DEVELOPMENT,Negative Regulation of Cell Development,GO_BP,-1.09139425,0.401200158,-1.13800127,0.361410383,-0.759302801,0.999948662,False,shared_heat,-1.05150803,-1.16126642
GOBP_NEGATIVE_REGULATION_OF_CELL_DIFFERENTIATION,Negative Regulation of Cell Differentiation,GO_BP,1.30400773,0.07769213,-1.15724002,0.2798094,0.806672068,0.999948662,False,shared_heat,1.24922027,-0.995213588
GOBP_NEGATIVE_REGULATION_OF_CELL_GROWTH,Negative Regulation of Cell Growth,GO_BP,1.34341813,0.149412903,1.2331377,0.273382239,1.05978214,0.805596787,False,shared_heat,1.2763308,-0.986399758
GOBP_NEGATIVE_REGULATION_OF_CELL_JUNCTION_ASSEMBLY,Negative Regulation of Cell Junction Assembly,GO_BP,1.2638547,0.300183037,1.02288171,0.528372301,-1.23270962,0.665548437,False,shared_heat,1.19237909,-0.959232022
GOBP_NEGATIVE_REGULATION_OF_CELL_KILLING,Negative Regulation of Cell Killing,GO_BP,0.911287385,0.652686653,-1.02170169,0.533509968,1.36718096,0.507173548,False,shared_heat,-0.942005908,1.24546894
GOBP_NEGATIVE_REGULATION_OF_CELL_MATRIX_ADHESION,Negative Regulation of Cell Matrix Adhesion,GO_BP,1.40694257,0.184267461,1.39790232,0.214563347,-1.22068174,0.669537991,False,shared_heat,1.39958714,1.05715175
GOBP_NEGATIVE_REGULATION_OF_CELL_POPULATION_PROLIFERATION,Negative Regulation of Cell Population Proliferation,GO_BP,1.39965922,0.0230861085,1.43125243,0.0200606318,-0.990113128,0.87636238,False,shared_heat,1.38862377,1.09927803
GOBP_NEGATIVE_REGULATION_OF_CELL_PROJECTION_ORGANIZATION,Negative Regulation of Cell Projection Organization,GO_BP,1.33361992,0.166499593,1.33411894,0.184355756,0.887287319,0.950156705,False,shared_heat,1.32667406,1.13509571
GOBP_NEGATIVE_REGULATION_OF_CELL_SUBSTRATE_ADHESION,Negative Regulation of Cell Substrate Adhesion,GO_BP,1.23611119,0.293409739,1.10658678,0.436689067,-1.02152693,0.844399056,False,shared_heat,1.14303055,0.811863645
GOBP_NEGATIVE_REGULATION_OF_CHEMOTAXIS,Negative Regulation of Chemotaxis,GO_BP,1.20508131,0.356172,1.13476676,0.434752487,0.831368432,0.955039892,False,shared_heat,1.12141964,-1.50712083
GOBP_NEGATIVE_REGULATION_OF_CHROMOSOME_ORGANIZATION,Negative Regulation of Chromosome Organization,GO_BP,0.963698256,0.596762792,0.90329398,0.692274023,1.06591218,0.805596787,False,shared_heat,0.944211981,1.17898932
GOBP_NEGATIVE_REGULATION_OF_COAGULATION,Negative Regulation of Coagulation,GO_BP,1.90724818,0.00798642706,1.97646831,0.00673174144,-1.18988452,0.694777195,False,shared_heat,1.8691023,0.87950141
GOBP_NEGATIVE_REGULATION_OF_COLD_INDUCED_THERMOGENESIS,Negative Regulation of Cold Induced Thermogenesis,GO_BP,1.19340008,0.368188467,1.22162661,0.365628628,1.34426959,0.547922083,False,shared_heat,1.12202757,-1.21621652
GOBP_NEGATIVE_REGULATION_OF_CYTOKINE_PRODUCTION,Negative Regulation of Cytokine Production,GO_BP,1.40784574,0.0547746841,1.29611843,0.14333963,1.41615045,0.240587711,False,shared_heat,1.31605774,1.44847384
GOBP_NEGATIVE_REGULATION_OF_CYTOKINE_PRODUCTION_INVOLVED_IN_IMMUNE_RESPONSE,Negative Regulation of Cytokine Production Involved in Immune Response,GO_BP,0.961722164,0.594420054,0.806192808,0.776441878,0.673166589,0.999948662,False,shared_heat,0.888279724,0.85447009
GOBP_NEGATIVE_REGULATION_OF_CYTOPLASMIC_PATTERN_RECOGNITION_RECEPTOR_SIGNALING_PATHWAY,Negative Regulation of Cytoplasmic Pattern Recognition Receptor Signaling Pat...,GO_BP,1.1256669,0.422851477,0.816955905,0.767849633,1.56099034,0.341694449,False,shared_heat,0.982497296,1.24355474
GOBP_NEGATIVE_REGULATION_OF_CYTOSKELETON_ORGANIZATION,Negative Regulation of Cytoskeleton Organization,GO_BP,-1.44314295,0.0995747795,-1.33633317,0.193866531,-1.21875387,0.59360652,False,shared_heat,-1.36193501,-0.833165551
GOBP_NEGATIVE_REGULATION_OF_DEFENSE_RESPONSE,Negative Regulation of Defense Response,GO_BP,1.23199734,0.191299979,-1.16851336,0.305264734,1.63580873,0.04694595,True,sign_reversal,1.16483837,1.75224272
GOBP_NEGATIVE_REGULATION_OF_DEVELOPMENTAL_GROWTH,Negative Regulation of Developmental Growth,GO_BP,1.21156971,0.327345822,1.09762701,0.451885164,0.70751611,0.999948662,False,shared_heat,1.15416046,-1.55632069
GOBP_NEGATIVE_REGULATION_OF_DEVELOPMENTAL_PROCESS,Negative Regulation of Developmental Process,GO_BP,1.4889565,0.00286130687,1.40470128,0.0168681488,0.838558376,0.999948662,False,shared_heat,1.45921594,-1.01814847
GOBP_NEGATIVE_REGULATION_OF_DNA_BINDING_TRANSCRIPTION_FACTOR_ACTIVITY,Negative Regulation of DNA Binding Transcription Factor Activity,GO_BP,-1.08535081,0.456644021,-1.15202096,0.411442546,1.04494376,0.839590835,False,shared_heat,-1.11618916,0.835591152
GOBP_NEGATIVE_REGULATION_OF_DNA_METABOLIC_PROCESS,Negative Regulation of DNA Metabolic Process,GO_BP,-0.928684481,0.643929052,-1.06498789,0.481703919,1.23577755,0.61117042,False,shared_heat,-0.939388684,1.15640292
GOBP_NEGATIVE_REGULATION_OF_ENDOCYTOSIS,Negative Regulation of Endocytosis,GO_BP,1.66063943,0.0494939051,1.32354737,0.256137854,1.37917265,0.485186551,False,shared_heat,1.52095923,-1.26577089
GOBP_NEGATIVE_REGULATION_OF_ENDOTHELIAL_CELL_APOPTOTIC_PROCESS,Negative Regulation of Endothelial Cell Apoptotic Process,GO_BP,-1.12839178,0.424104562,-1.07003562,0.491902398,-0.620649275,0.999948662,False,shared_heat,-1.10325551,1.43699098
GOBP_NEGATIVE_REGULATION_OF_ENDOTHELIAL_CELL_MIGRATION,Negative Regulation of Endothelial Cell Migration,GO_BP,1.34904072,0.215603914,1.34614734,0.243058113,0.474009451,0.999948662,False,shared_heat,1.27848501,-0.935165361
GOBP_NEGATIVE_REGULATION_OF_ENDOTHELIAL_CELL_PROLIFERATION,Negative Regulation of Endothelial Cell Proliferation,GO_BP,1.12301832,0.424602912,1.24682798,0.336309196,-1.07163336,0.810224311,False,shared_heat,1.2787356,-0.771098406
GOBP_NEGATIVE_REGULATION_OF_EPITHELIAL_CELL_DIFFERENTIATION,Negative Regulation of Epithelial Cell Differentiation,GO_BP,1.0697887,0.474002286,1.1015112,0.454089211,0.735185717,0.994346977,False,shared_heat,1.05807049,0.923112823
GOBP_NEGATIVE_REGULATION_OF_EPITHELIAL_CELL_PROLIFERATION,Negative Regulation of Epithelial Cell Proliferation,GO_BP,1.34298856,0.178293441,1.42230417,0.140011562,-1.06446725,0.805596787,False,shared_heat,1.41160751,0.986156417
GOBP_NEGATIVE_REGULATION_OF_ERK1_AND_ERK2_CASCADE,Negative Regulation of ERK-1 and ERK-2 Cascade,GO_BP,1.36498319,0.179767273,1.39515395,0.179876153,-1.10375882,0.775134311,False,shared_heat,1.38197022,-0.926087909
GOBP_NEGATIVE_REGULATION_OF_ESTABLISHMENT_OF_PROTEIN_LOCALIZATION,Negative Regulation of Establishment of Protein Localization,GO_BP,1.30935504,0.198803146,1.25263726,0.276817415,1.08881256,0.791459509,False,shared_heat,1.2441782,0.744220892
GOBP_NEGATIVE_REGULATION_OF_EXTRINSIC_APOPTOTIC_SIGNALING_PATHWAY,Negative Regulation of Extrinsic Apoptotic Signaling Pathway,GO_BP,1.92109987,0.00200751849,1.91291514,0.00474766002,-0.952513277,0.900565684,False,shared_heat,1.91535943,1.08469735
GOBP_NEGATIVE_REGULATION_OF_EXTRINSIC_APOPTOTIC_SIGNALING_PATHWAY_VIA_DEATH_DOMAIN_RECEPTORS,Negative Regulation of Extrinsic Apoptotic Signaling Pathway via Death Domain...,GO_BP,1.51299636,0.126536509,1.4721624,0.171518336,-0.909515633,0.917210487,False,shared_heat,1.42463524,0.983811575
GOBP_NEGATIVE_REGULATION_OF_FAT_CELL_DIFFERENTIATION,Negative Regulation of Fat Cell Differentiation,GO_BP,1.10837091,0.429446617,1.03938553,0.511118784,1.06958733,0.810224311,False,shared_heat,1.10278719,-0.964537199
GOBP_NEGATIVE_REGULATION_OF_GENE_EXPRESSION,Negative Regulation of Gene Expression,GO_BP,1.46074572,0.00221253956,1.35310556,0.0216840205,1.29184506,0.218835189,False,shared_heat,1.40921061,1.3018291
GOBP_NEGATIVE_REGULATION_OF_GENE_EXPRESSION_EPIGENETIC,Negative Regulation of Gene Expression Epigenetic,GO_BP,1.2098277,0.277750591,1.24369388,0.264098536,-0.842270905,0.981927144,False,shared_heat,1.26770138,0.84045729
GOBP_NEGATIVE_REGULATION_OF_GROWTH,Negative Regulation of Growth,GO_BP,1.42216672,0.0817330781,1.2705031,0.213783124,1.14186112,0.697526167,False,shared_heat,1.33616608,-1.27780355
GOBP_NEGATIVE_REGULATION_OF_G_PROTEIN_COUPLED_RECEPTOR_SIGNALING_PATHWAY,Negative Regulation of G Protein Coupled Receptor Signaling Pathway,GO_BP,1.71393549,0.0382554282,1.71195097,0.0480053995,-0.751902974,0.992649497,False,shared_heat,1.652035,1.36199658
GOBP_NEGATIVE_REGULATION_OF_HEMOPOIESIS,Negative Regulation of Hemopoiesis,GO_BP,-1.21740015,0.269005485,-1.02078924,0.523031728,-0.514970825,0.999948662,False,shared_heat,-1.03272857,-0.924054534
GOBP_NEGATIVE_REGULATION_OF_HORMONE_SECRETION,Negative Regulation of Hormone Secretion,GO_BP,1.03433843,0.510160146,0.980842156,0.574297758,1.25285296,0.629340529,False,shared_heat,0.934769781,-1.18559386
GOBP_NEGATIVE_REGULATION_OF_IMMUNE_EFFECTOR_PROCESS,Negative Regulation of Immune Effector Process,GO_BP,1.33009307,0.168817455,1.20670882,0.305611877,0.979777861,0.877635327,False,shared_heat,1.22574278,-1.01544997
GOBP_NEGATIVE_REGULATION_OF_IMMUNE_RESPONSE,Negative Regulation of Immune Response,GO_BP,1.22175652,0.221176223,-1.16225856,0.332792569,1.73454463,0.0198297769,True,sign_reversal,-1.07596986,1.67082459
GOBP_NEGATIVE_REGULATION_OF_IMMUNE_SYSTEM_PROCESS,Negative Regulation of Immune System Process,GO_BP,1.24505737,0.123099938,-1.18611231,0.235292431,1.51215856,0.0566702152,False,shared_heat,1.16527583,1.47347483
GOBP_NEGATIVE_REGULATION_OF_INFLAMMATORY_RESPONSE,Negative Regulation of Inflammatory Response,GO_BP,1.47005848,0.0560924888,1.40446366,0.100827309,-0.847121122,0.986500746,False,shared_heat,1.437507,-0.856371707
GOBP_NEGATIVE_REGULATION_OF_INFLAMMATORY_RESPONSE_TO_ANTIGENIC_STIMULUS,Negative Regulation of Inflammatory Response to Antigenic Stimulus,GO_BP,1.27193006,0.291511285,1.10783573,0.451885164,1.08787473,0.805596787,False,shared_heat,1.17360599,-1.43761091
GOBP_NEGATIVE_REGULATION_OF_INNATE_IMMUNE_RESPONSE,Negative Regulation of Innate Immune Response,GO_BP,-1.371964,0.153323486,-1.59437643,0.0546149049,2.12864751,0.0012940734,True,cGAS_dampened,-1.5096572,2.39880152
GOBP_NEGATIVE_REGULATION_OF_INTERLEUKIN_1_PRODUCTION,Negative Regulation of Interleukin 1 Production,GO_BP,1.12402589,0.430175895,1.06624807,0.492408364,-0.849297642,0.950156705,False,shared_heat,1.13592865,0.922556291
GOBP_NEGATIVE_REGULATION_OF_INTERLEUKIN_6_PRODUCTION,Negative Regulation of Interleukin 6 Production,GO_BP,-1.02782977,0.522212529,-1.00393758,0.551772694,0.793010538,0.980529725,False,shared_heat,-1.05970071,-1.0637892
GOBP_NEGATIVE_REGULATION_OF_INTRACELLULAR_SIGNAL_TRANSDUCTION,Negative Regulation of Intracellular Signal Transduction,GO_BP,1.62239934,0.000531253171,1.55216261,0.00307455968,1.00272302,0.856897011,False,shared_heat,1.5735388,1.16421858
GOBP_NEGATIVE_REGULATION_OF_INTRACELLULAR_STEROID_HORMONE_RECEPTOR_SIGNALING_PATHWAY,Negative Regulation of Intracellular Steroid Hormone Receptor Signaling Pathway,GO_BP,0.849089934,0.713414634,0.72402666,0.858974851,0.899111089,0.923405674,False,shared_heat,0.680108732,-0.69875869
GOBP_NEGATIVE_REGULATION_OF_INTRACELLULAR_TRANSPORT,Negative Regulation of Intracellular Transport,GO_BP,1.04218146,0.502397341,0.982397995,0.569055208,0.998018114,0.861264609,False,shared_heat,1.01711336,1.17774183
GOBP_NEGATIVE_REGULATION_OF_INTRINSIC_APOPTOTIC_SIGNALING_PATHWAY,Negative Regulation of Intrinsic Apoptotic Signaling Pathway,GO_BP,1.76895155,0.00897144204,1.71212139,0.0217676969,1.22686627,0.59360652,False,shared_heat,1.71318267,-0.9204874
GOBP_NEGATIVE_REGULATION_OF_KINASE_ACTIVITY,Negative Regulation of Kinase Activity,GO_BP,1.01064854,0.53512052,1.01280421,0.535004083,1.16844843,0.708510623,False,shared_heat,1.0190106,1.08942338
GOBP_NEGATIVE_REGULATION_OF_LEUKOCYTE_APOPTOTIC_PROCESS,Negative Regulation of Leukocyte Apoptotic Process,GO_BP,1.54147408,0.092066821,1.30813825,0.268784778,1.61561973,0.250288346,False,shared_heat,1.46269656,1.76170733
GOBP_NEGATIVE_REGULATION_OF_LEUKOCYTE_CELL_CELL_ADHESION,Negative Regulation of Leukocyte Cell Cell Adhesion,GO_BP,1.08457434,0.419647706,1.08347185,0.433936094,0.622290231,0.999948662,False,shared_heat,1.06367781,1.15120721
GOBP_NEGATIVE_REGULATION_OF_LEUKOCYTE_MEDIATED_IMMUNITY,Negative Regulation of Leukocyte Mediated Immunity,GO_BP,-1.1087039,0.419647706,-1.05141743,0.494817038,0.99601357,0.862818664,False,shared_heat,-1.09860298,0.925120415
GOBP_NEGATIVE_REGULATION_OF_LEUKOCYTE_MIGRATION,Negative Regulation of Leukocyte Migration,GO_BP,0.883457292,0.68420386,1.00358553,0.545727986,0.821128555,0.95992481,False,shared_heat,0.995201892,-1.35378088
GOBP_NEGATIVE_REGULATION_OF_LEUKOCYTE_PROLIFERATION,Negative Regulation of Leukocyte Proliferation,GO_BP,1.05827789,0.471464145,1.01197806,0.533855847,-0.94077422,0.908267438,False,shared_heat,1.0286556,1.46893441
GOBP_NEGATIVE_REGULATION_OF_LIPID_BIOSYNTHETIC_PROCESS,Negative Regulation of Lipid Biosynthetic Process,GO_BP,1.26400036,0.282131048,1.22955308,0.336309196,0.47389251,0.999948662,False,shared_heat,1.2870871,1.47371466
GOBP_NEGATIVE_REGULATION_OF_LIPID_LOCALIZATION,Negative Regulation of Lipid Localization,GO_BP,1.12151465,0.41799563,0.94562067,0.620745761,0.889995101,0.943836181,False,shared_heat,1.05447425,1.17293081
GOBP_NEGATIVE_REGULATION_OF_LIPID_METABOLIC_PROCESS,Negative Regulation of Lipid Metabolic Process,GO_BP,1.37058927,0.181076095,1.33021636,0.235292431,-0.663266125,0.999948662,False,shared_heat,1.40800005,1.26050559
GOBP_NEGATIVE_REGULATION_OF_LIPID_TRANSPORT,Negative Regulation of Lipid Transport,GO_BP,1.18918594,0.36991249,1.1868427,0.390147367,0.85566571,0.950156705,False,shared_heat,1.19872917,1.17698473
GOBP_NEGATIVE_REGULATION_OF_LOCOMOTION,Negative Regulation of Locomotion,GO_BP,1.36571367,0.0842346947,1.35524442,0.103083336,0.679818245,0.999948662,False,shared_heat,1.36695754,0.923339699
GOBP_NEGATIVE_REGULATION_OF_LYMPHOCYTE_ACTIVATION,Negative Regulation of Lymphocyte Activation,GO_BP,1.17482557,0.294351753,1.10182237,0.40388868,0.690495985,0.999948662,False,shared_heat,1.12405358,0.967719757
GOBP_NEGATIVE_REGULATION_OF_LYMPHOCYTE_APOPTOTIC_PROCESS,Negative Regulation of Lymphocyte Apoptotic Process,GO_BP,1.63121273,0.0709691037,1.82672014,0.0255770631,0.730669267,0.993239208,False,shared_heat,1.78961133,1.32148133
GOBP_NEGATIVE_REGULATION_OF_LYMPHOCYTE_DIFFERENTIATION,Negative Regulation of Lymphocyte Differentiation,GO_BP,-1.34298315,0.182512856,-1.2131431,0.330891778,0.398830648,0.999948662,False,shared_heat,-1.2303387,-1.34662172
GOBP_NEGATIVE_REGULATION_OF_MACROAUTOPHAGY,Negative Regulation of Macroautophagy,GO_BP,0.703114274,0.87920189,0.897778451,0.665501401,-0.691461837,0.999640973,False,shared_heat,0.860780037,1.13361976
GOBP_NEGATIVE_REGULATION_OF_MAPK_CASCADE,Negative Regulation of MAPK Cascade,GO_BP,1.4407844,0.0872082643,1.45999757,0.0934950433,-1.10499884,0.739144788,False,shared_heat,1.47014703,0.913275182
GOBP_NEGATIVE_REGULATION_OF_MICROTUBULE_POLYMERIZATION_OR_DEPOLYMERIZATION,Negative Regulation of Microtubule Polymerization or Depolymerization,GO_BP,-0.952231149,0.60502473,-0.995584932,0.561353619,0.849505873,0.950156705,False,shared_heat,-0.995852772,1.22125234
GOBP_NEGATIVE_REGULATION_OF_MIRNA_METABOLIC_PROCESS,Negative Regulation of miRNA Metabolic Process,GO_BP,1.79859706,0.0237702346,1.60207485,0.100827309,1.30721086,0.592992668,False,shared_heat,1.66152399,0.572791306
GOBP_NEGATIVE_REGULATION_OF_MITOTIC_CELL_CYCLE,Negative Regulation of Mitotic Cell Cycle,GO_BP,1.35624334,0.104750096,1.54960966,0.0313754423,-1.40591385,0.288386991,False,shared_heat,1.47123023,1.16679758
GOBP_NEGATIVE_REGULATION_OF_MITOTIC_CELL_CYCLE_PHASE_TRANSITION,Negative Regulation of Mitotic Cell Cycle Phase Transition,GO_BP,1.54536043,0.0375886675,1.7303509,0.0109416224,-1.34586612,0.395684613,False,shared_heat,1.66391344,1.19905942
GOBP_NEGATIVE_REGULATION_OF_MOLECULAR_FUNCTION,Negative Regulation of Molecular Function,GO_BP,1.00397372,0.53827139,-1.11074269,0.397021336,1.09827133,0.742440411,False,shared_heat,-1.05201433,-1.19852734
GOBP_NEGATIVE_REGULATION_OF_MONOATOMIC_ION_TRANSMEMBRANE_TRANSPORT,Negative Regulation of Monoatomic Ion Transmembrane Transport,GO_BP,0.864923782,0.716512454,-0.924199651,0.64469909,0.805028459,0.980529725,False,shared_heat,-0.859006081,-0.860319809
GOBP_NEGATIVE_REGULATION_OF_MONOATOMIC_ION_TRANSPORT,Negative Regulation of Monoatomic Ion Transport,GO_BP,0.75508694,0.884207552,-0.894546711,0.692616212,0.919321829,0.92071303,False,shared_heat,-0.821056538,-0.8191208
GOBP_NEGATIVE_REGULATION_OF_MRNA_CATABOLIC_PROCESS,Negative Regulation of mRNA Catabolic Process,GO_BP,0.90589578,0.666649691,0.825525377,0.774054119,0.826571996,0.967415834,False,shared_heat,0.880729673,-0.82903472
GOBP_NEGATIVE_REGULATION_OF_MRNA_METABOLIC_PROCESS,Negative Regulation of mRNA Metabolic Process,GO_BP,0.892224606,0.698094658,0.914072105,0.670245314,0.951315084,0.898474155,False,shared_heat,0.923118329,-0.923199069
GOBP_NEGATIVE_REGULATION_OF_MUSCLE_CELL_APOPTOTIC_PROCESS,Negative Regulation of Muscle Cell Apoptotic Process,GO_BP,1.40041846,0.195165786,1.2256531,0.360692415,0.684997102,0.999730512,False,shared_heat,1.3537391,0.957908414
GOBP_NEGATIVE_REGULATION_OF_MUSCLE_CELL_DIFFERENTIATION,Negative Regulation of Muscle Cell Differentiation,GO_BP,1.18423716,0.361943032,1.04947162,0.503448811,1.26124783,0.623957833,False,shared_heat,1.11258859,-0.915469886
GOBP_NEGATIVE_REGULATION_OF_MYELOID_CELL_DIFFERENTIATION,Negative Regulation of Myeloid Cell Differentiation,GO_BP,1.15108376,0.370330671,0.96884949,0.590120656,0.831093999,0.971290301,False,shared_heat,1.06144382,1.0944703
GOBP_NEGATIVE_REGULATION_OF_MYELOID_LEUKOCYTE_DIFFERENTIATION,Negative Regulation of Myeloid Leukocyte Differentiation,GO_BP,1.31986759,0.242690114,1.14099098,0.421839703,0.621374749,0.999948662,False,shared_heat,1.22958053,1.3070249
GOBP_NEGATIVE_REGULATION_OF_NATURAL_KILLER_CELL_MEDIATED_IMMUNITY,Negative Regulation of Natural Killer Cell Mediated Immunity,GO_BP,-0.969568181,0.589591733,-1.09665351,0.469663549,1.11022457,0.796014142,False,shared_heat,-1.04582016,0.941883299
GOBP_NEGATIVE_REGULATION_OF_NERVOUS_SYSTEM_DEVELOPMENT,Negative Regulation of Nervous System Development,GO_BP,1.05816634,0.473058637,-1.114613,0.428542126,0.892434118,0.945905566,False,shared_heat,0.989770872,-1.11914004
GOBP_NEGATIVE_REGULATION_OF_NEURON_APOPTOTIC_PROCESS,Negative Regulation of Neuron Apoptotic Process,GO_BP,1.42567681,0.0886140033,1.31176119,0.183554284,1.15559096,0.681538618,False,shared_heat,1.36836802,-1.01612024
GOBP_NEGATIVE_REGULATION_OF_NEURON_DIFFERENTIATION,Negative Regulation of Neuron Differentiation,GO_BP,1.55914881,0.100072307,1.45289804,0.182268078,1.23599391,0.669537991,False,shared_heat,1.45452166,0.59691306
GOBP_NEGATIVE_REGULATION_OF_NEURON_PROJECTION_DEVELOPMENT,Negative Regulation of Neuron Projection Development,GO_BP,1.47509472,0.0994775658,1.42759736,0.142685723,0.87252619,0.950156705,False,shared_heat,1.47976114,1.14240659
GOBP_NEGATIVE_REGULATION_OF_NUCLEAR_DIVISION,Negative Regulation of Nuclear Division,GO_BP,1.19821221,0.324024442,1.30686537,0.246525422,-0.855046505,0.959402271,False,shared_heat,1.23137509,0.835140796
GOBP_NEGATIVE_REGULATION_OF_ORGANELLE_ORGANIZATION,Negative Regulation of Organelle Organization,GO_BP,1.03806933,0.473058637,1.09968258,0.385025729,-0.918114125,0.950156705,False,shared_heat,1.04052029,1.17506626
GOBP_NEGATIVE_REGULATION_OF_OSSIFICATION,Negative Regulation of Ossification,GO_BP,1.56240345,0.0908023733,1.43993513,0.179913966,0.685450304,0.999948662,False,shared_heat,1.50986993,0.682972159
GOBP_NEGATIVE_REGULATION_OF_OSTEOBLAST_DIFFERENTIATION,Negative Regulation of Osteoblast Differentiation,GO_BP,1.18501667,0.353998003,1.0675179,0.483157053,0.679427613,0.999948662,False,shared_heat,1.06464027,-0.935915201
GOBP_NEGATIVE_REGULATION_OF_OXIDATIVE_STRESS_INDUCED_INTRINSIC_APOPTOTIC_SIGNALING_PATHWAY,Negative Regulation of Oxidative Stress Induced Intrinsic Apoptotic Signaling...,GO_BP,0.798462578,0.785242841,-0.932517277,0.630507401,0.629993204,0.999948662,False,shared_heat,-0.869865194,-1.00896397
GOBP_NEGATIVE_REGULATION_OF_PEPTIDE_SECRETION,Negative Regulation of Peptide Secretion,GO_BP,-0.694405022,0.887604852,-1.06367654,0.499699761,1.08798994,0.805596787,False,shared_heat,-0.835930749,-1.29102331
GOBP_NEGATIVE_REGULATION_OF_PHOSPHATIDYLINOSITOL_3_KINASE_PROTEIN_KINASE_B_SIGNAL_TRANSDUCTION,Negative Regulation of Phosphatidylinositol 3 Kinase Protein Kinase B Signal ...,GO_BP,-0.917496768,0.650022148,-0.942322526,0.624222161,-0.697815119,0.999948662,False,shared_heat,-0.962535306,0.880289449
GOBP_NEGATIVE_REGULATION_OF_PHOSPHORUS_METABOLIC_PROCESS,Negative Regulation of Phosphorus Metabolic Process,GO_BP,1.29206297,0.189174527,1.3208658,0.184527049,1.04453787,0.818703738,False,shared_heat,1.28368853,-1.05635711
GOBP_NEGATIVE_REGULATION_OF_PHOSPHORYLATION,Negative Regulation of Phosphorylation,GO_BP,1.13548638,0.374504674,1.0604194,0.476776632,1.04309499,0.832981042,False,shared_heat,1.04957654,1.1330974
GOBP_NEGATIVE_REGULATION_OF_POST_TRANSLATIONAL_PROTEIN_MODIFICATION,Negative Regulation of Post Translational Protein Modification,GO_BP,-1.17565383,0.357350289,-1.37629768,0.204130027,1.03104945,0.844399056,False,shared_heat,-1.2766882,1.52658198
GOBP_NEGATIVE_REGULATION_OF_PRODUCTION_OF_MOLECULAR_MEDIATOR_OF_IMMUNE_RESPONSE,Negative Regulation of Production of Molecular Mediator of Immune Response,GO_BP,-1.04889644,0.498229829,-1.01074734,0.544697467,1.00365694,0.857627377,False,shared_heat,-1.00840398,0.75164291
GOBP_NEGATIVE_REGULATION_OF_PROGRAMMED_CELL_DEATH,Negative Regulation of Programmed Cell Death,GO_BP,1.8459138,1.29440443e-07,1.69674789,3.35648522e-05,1.38639801,0.0803062535,False,shared_heat,1.76845702,1.32155537
GOBP_NEGATIVE_REGULATION_OF_PROTEIN_CATABOLIC_PROCESS,Negative Regulation of Protein Catabolic Process,GO_BP,1.74946455,0.0194042836,1.71157062,0.0334742166,1.23228532,0.614634415,False,shared_heat,1.65692021,1.04032731
GOBP_NEGATIVE_REGULATION_OF_PROTEIN_CONTAINING_COMPLEX_ASSEMBLY,Negative Regulation of Protein Containing Complex Assembly,GO_BP,-0.839043165,0.781452248,-0.894600231,0.697231451,-0.784761347,0.994909646,False,shared_heat,-0.820472531,0.715050579
GOBP_NEGATIVE_REGULATION_OF_PROTEIN_CONTAINING_COMPLEX_DISASSEMBLY,Negative Regulation of Protein Containing Complex Disassembly,GO_BP,-0.969559185,0.589670626,-0.828851001,0.773997301,-0.953027175,0.896776534,False,shared_heat,-0.900060073,1.07064992
GOBP_NEGATIVE_REGULATION_OF_PROTEIN_LOCALIZATION,Negative Regulation of Protein Localization,GO_BP,1.47998415,0.0627109886,1.38424551,0.128321745,1.5058663,0.230448867,False,shared_heat,1.4082878,1.12792709
GOBP_NEGATIVE_REGULATION_OF_PROTEIN_LOCALIZATION_TO_NUCLEUS,Negative Regulation of Protein Localization to Nucleus,GO_BP,1.03886868,0.505808585,1.20989726,0.363271393,-0.829448393,0.959690565,False,shared_heat,1.15524787,1.60317583
GOBP_NEGATIVE_REGULATION_OF_PROTEIN_METABOLIC_PROCESS,Negative Regulation of Protein Metabolic Process,GO_BP,1.52021496,0.0128975175,1.51770446,0.0169423378,1.19806702,0.51887439,False,shared_heat,1.46915971,1.42896976
GOBP_NEGATIVE_REGULATION_OF_PROTEIN_MODIFICATION_PROCESS,Negative Regulation of Protein Modification Process,GO_BP,-1.17968891,0.308068101,-1.2345328,0.275399282,1.27248733,0.508905807,False,shared_heat,-1.21316503,1.33960089
GOBP_NEGATIVE_REGULATION_OF_PROTEIN_POLYMERIZATION,Negative Regulation of Protein Polymerization,GO_BP,-1.21191297,0.336973624,-1.1287409,0.432335964,-1.08997566,0.799833465,False,shared_heat,-1.109503,0.794872043
GOBP_NEGATIVE_REGULATION_OF_PROTEIN_SECRETION,Negative Regulation of Protein Secretion,GO_BP,-0.680058104,0.919563464,-1.09511329,0.459968256,1.22007639,0.669537991,False,shared_heat,-0.857079845,-0.99195624
GOBP_NEGATIVE_REGULATION_OF_PROTEIN_UBIQUITINATION,Negative Regulation of Protein Ubiquitination,GO_BP,0.807739114,0.785242841,-0.982430558,0.574297758,1.0827226,0.805596787,False,shared_heat,-0.899023479,1.57385355
GOBP_NEGATIVE_REGULATION_OF_PROTEOLYSIS,Negative Regulation of Proteolysis,GO_BP,1.83399373,0.00807539877,1.77661503,0.0167935516,-1.10434454,0.763057632,False,shared_heat,1.7638724,1.49971701
GOBP_NEGATIVE_REGULATION_OF_PROTEOLYSIS_INVOLVED_IN_PROTEIN_CATABOLIC_PROCESS,Negative Regulation of Proteolysis Involved in Protein Catabolic Process,GO_BP,1.21295949,0.344724785,1.09579087,0.459968256,1.01686466,0.851003543,False,shared_heat,1.18919555,1.583325
GOBP_NEGATIVE_REGULATION_OF_REACTIVE_OXYGEN_SPECIES_METABOLIC_PROCESS,Negative Regulation of Reactive Oxygen Species Metabolic Process,GO_BP,0.976942722,0.575686059,-0.867177245,0.704524442,0.956311439,0.89481449,False,shared_heat,0.902646716,-1.0464624
GOBP_NEGATIVE_REGULATION_OF_RECEPTOR_SIGNALING_PATHWAY_VIA_JAK_STAT,Negative Regulation of Receptor Signaling Pathway via JAK STAT,GO_BP,-1.18981685,0.370327424,-1.3134251,0.287333962,1.03147549,0.844399056,False,shared_heat,-1.26374885,0.656435859
GOBP_NEGATIVE_REGULATION_OF_RECEPTOR_SIGNALING_PATHWAY_VIA_STAT,Negative Regulation of Receptor Signaling Pathway via STAT,GO_BP,-1.14684658,0.407829757,-1.28507613,0.309440497,1.00267456,0.857716504,False,shared_heat,-1.2275916,0.66200644
GOBP_NEGATIVE_REGULATION_OF_REPRODUCTIVE_PROCESS,Negative Regulation of Reproductive Process,GO_BP,1.03802267,0.506392092,1.08431272,0.472200233,-1.32005009,0.546910947,False,shared_heat,1.05355896,0.595755335
GOBP_NEGATIVE_REGULATION_OF_RESPONSE_TO_BIOTIC_STIMULUS,Negative Regulation of Response to Biotic Stimulus,GO_BP,-1.32860893,0.166784508,-1.53965305,0.0647309386,1.941911,0.0102470237,True,cGAS_dampened,-1.46986127,2.18070677
GOBP_NEGATIVE_REGULATION_OF_RESPONSE_TO_CYTOKINE_STIMULUS,Negative Regulation of Response to Cytokine Stimulus,GO_BP,-1.07514598,0.452935439,-1.37129449,0.185874794,2.0222312,0.012043948,True,cGAS_dampened,-1.30803102,2.44582445
GOBP_NEGATIVE_REGULATION_OF_RESPONSE_TO_ENDOPLASMIC_RETICULUM_STRESS,Negative Regulation of Response to Endoplasmic Reticulum Stress,GO_BP,1.55905547,0.0818219724,1.46028159,0.150163426,1.46593072,0.399046214,False,shared_heat,1.50250239,0.889051765
GOBP_NEGATIVE_REGULATION_OF_RESPONSE_TO_EXTERNAL_STIMULUS,Negative Regulation of Response to External Stimulus,GO_BP,1.47325863,0.0230284146,1.31108819,0.105566913,1.48885817,0.118307574,False,shared_heat,1.3872962,1.65425787
GOBP_NEGATIVE_REGULATION_OF_RESPONSE_TO_WOUNDING,Negative Regulation of Response to Wounding,GO_BP,1.48107279,0.10262048,1.55316444,0.0873821415,-0.964632187,0.89481449,False,shared_heat,1.48287911,0.965406459
GOBP_NEGATIVE_REGULATION_OF_RNA_BIOSYNTHETIC_PROCESS,Negative Regulation of RNA Biosynthetic Process,GO_BP,1.34160007,0.0257503891,1.29874947,0.0451203341,1.04988491,0.784611058,False,shared_heat,1.2984514,1.27459406
GOBP_NEGATIVE_REGULATION_OF_RNA_CATABOLIC_PROCESS,Negative Regulation of RNA Catabolic Process,GO_BP,1.07621185,0.454415908,1.10736063,0.436025563,1.00575278,0.856448241,False,shared_heat,1.11487864,0.782364646
GOBP_NEGATIVE_REGULATION_OF_SECRETION,Negative Regulation of Secretion,GO_BP,1.40780814,0.106340281,1.09233153,0.429527822,1.73573162,0.060302178,False,shared_heat,1.21102223,-1.14488392
GOBP_NEGATIVE_REGULATION_OF_SIGNAL_TRANSDUCTION_IN_ABSENCE_OF_LIGAND,Negative Regulation of Signal Transduction in Absence of Ligand,GO_BP,1.6130088,0.070266593,1.6520241,0.0684955785,-0.852244674,0.950156705,False,shared_heat,1.61503167,-0.729771427
GOBP_NEGATIVE_REGULATION_OF_SMALL_GTPASE_MEDIATED_SIGNAL_TRANSDUCTION,Negative Regulation of Small Gtpase Mediated Signal Transduction,GO_BP,1.20147885,0.354515085,1.0445279,0.511118784,-0.900287907,0.925097941,False,shared_heat,1.14586689,1.41254541
GOBP_NEGATIVE_REGULATION_OF_SMALL_MOLECULE_METABOLIC_PROCESS,Negative Regulation of Small Molecule Metabolic Process,GO_BP,1.45656328,0.112379681,1.45387509,0.134978815,0.780946155,0.992649497,False,shared_heat,1.44536401,0.911151019
GOBP_NEGATIVE_REGULATION_OF_SMOOTH_MUSCLE_CELL_PROLIFERATION,Negative Regulation of Smooth Muscle Cell Proliferation,GO_BP,1.092471,0.44766959,1.08886353,0.459982042,-0.673469455,0.999948662,False,shared_heat,1.10894348,-0.843348111
GOBP_NEGATIVE_REGULATION_OF_SUPRAMOLECULAR_FIBER_ORGANIZATION,Negative Regulation of Supramolecular Fiber Organization,GO_BP,-1.27140105,0.22721503,-1.21745751,0.30884536,-1.21627233,0.5990368,False,shared_heat,-1.25377743,0.847882799
GOBP_NEGATIVE_REGULATION_OF_SYNAPTIC_TRANSMISSION,Negative Regulation of Synaptic Transmission,GO_BP,1.27808514,0.297066007,1.00449277,0.549723789,1.08374376,0.809773816,False,shared_heat,1.1505172,0.834834009
GOBP_NEGATIVE_REGULATION_OF_TORC1_SIGNALING,Negative Regulation of Torc1 Signaling,GO_BP,-1.17175568,0.379083313,-1.03418855,0.522067394,-0.700738915,0.999499752,False,shared_heat,-1.12371573,0.906575423
GOBP_NEGATIVE_REGULATION_OF_TOR_SIGNALING,Negative Regulation of Tor Signaling,GO_BP,-0.909146914,0.658676505,1.06237004,0.488994045,-0.810778869,0.976113102,False,shared_heat,0.962481267,1.11091891
GOBP_NEGATIVE_REGULATION_OF_TRANSCRIPTION_BY_RNA_POLYMERASE_II,Negative Regulation of Transcription by RNA Polymerase II,GO_BP,1.3565484,0.0327993187,1.28803812,0.0770631446,0.984745319,0.886753373,False,shared_heat,1.30028673,1.27337325
GOBP_NEGATIVE_REGULATION_OF_TRANSFORMING_GROWTH_FACTOR_BETA_RECEPTOR_SIGNALING_PATHWAY,Negative Regulation of Transforming Growth Factor beta Receptor Signaling Pat...,GO_BP,1.08604911,0.445117283,1.08692371,0.455375088,-0.509999813,0.999948662,False,shared_heat,1.08798938,-0.950560509
GOBP_NEGATIVE_REGULATION_OF_TRANSLATION,Negative Regulation of Translation,GO_BP,1.12185406,0.392074278,1.04116058,0.499159567,1.07590898,0.805496565,False,shared_heat,1.12188484,1.18210084
GOBP_NEGATIVE_REGULATION_OF_TRANSMEMBRANE_RECEPTOR_PROTEIN_SERINE_THREONINE_KINASE_SIGNALING_PATHWAY,Negative Regulation of Transmembrane Receptor Protein Serine Threonine Kinase...,GO_BP,1.29624471,0.198510672,1.20510008,0.313556837,0.875349765,0.950156705,False,shared_heat,1.22763512,-0.769890902
GOBP_NEGATIVE_REGULATION_OF_TRANSMEMBRANE_TRANSPORT,Negative Regulation of Transmembrane Transport,GO_BP,1.13679103,0.3776619,1.05049603,0.491031679,0.86617585,0.953379508,False,shared_heat,1.14343958,-0.790767149
GOBP_NEGATIVE_REGULATION_OF_TRANSPORT,Negative Regulation of Transport,GO_BP,1.49961397,0.0224002605,1.31226823,0.122199112,1.46535699,0.159102261,False,shared_heat,1.39557802,-1.17864535
GOBP_NEGATIVE_REGULATION_OF_TUMOR_NECROSIS_FACTOR_SUPERFAMILY_CYTOKINE_PRODUCTION,Negative Regulation of Tumor Necrosis Factor Superfamily Cytokine Production,GO_BP,1.37405865,0.181879928,1.28470402,0.277043596,-0.903165,0.937315503,False,shared_heat,1.39360017,-0.907863983
GOBP_NEGATIVE_REGULATION_OF_TYPE_II_INTERFERON_PRODUCTION,Negative Regulation of Type II Interferon Production,GO_BP,1.31055516,0.24913919,1.23691987,0.336164628,0.840680489,0.955246607,False,shared_heat,1.23671495,-1.2469163
GOBP_NEGATIVE_REGULATION_OF_TYPE_I_INTERFERON_PRODUCTION,Negative Regulation of Type I Interferon Production,GO_BP,0.780511491,0.797535912,-1.16690182,0.411073185,1.72681562,0.179189925,False,shared_heat,-1.05725088,1.95287324
GOBP_NEGATIVE_REGULATION_OF_T_CELL_MEDIATED_IMMUNITY,Negative Regulation of T Cell Mediated Immunity,GO_BP,1.05824374,0.487534481,1.02660134,0.525291222,0.659250037,0.999948662,False,shared_heat,1.03718293,1.0123543
GOBP_NEGATIVE_REGULATION_OF_T_CELL_PROLIFERATION,Negative Regulation of T Cell Proliferation,GO_BP,1.04726541,0.485872651,1.03567233,0.50909497,-0.885507476,0.950156705,False,shared_heat,1.01809414,1.68351429
GOBP_NEGATIVE_REGULATION_OF_T_CELL_RECEPTOR_SIGNALING_PATHWAY,Negative Regulation of T Cell Receptor Signaling Pathway,GO_BP,1.60501989,0.0670109212,1.50135421,0.131129503,0.979159417,0.877312407,False,shared_heat,1.52201209,1.05670119
GOBP_NEGATIVE_REGULATION_OF_VASCULATURE_DEVELOPMENT,Negative Regulation of Vasculature Development,GO_BP,1.28034268,0.220680567,1.34873112,0.182268078,0.94560556,0.905703574,False,shared_heat,1.31419116,1.4388175
GOBP_NEGATIVE_REGULATION_OF_VIRAL_GENOME_REPLICATION,Negative Regulation of Viral Genome Replication,GO_BP,1.69103475,0.0363847717,0.818453058,0.785148159,2.60083321,1.08388193e-07,True,WT_only,1.24078966,2.66495923
GOBP_NEGATIVE_REGULATION_OF_VIRAL_PROCESS,Negative Regulation of Viral Process,GO_BP,1.14152808,0.378215792,-1.15949137,0.384851938,2.39622845,2.21715249e-05,True,sign_reversal,-1.08386171,2.69140488
GOBP_NEGATIVE_REGULATION_OF_WNT_SIGNALING_PATHWAY,Negative Regulation of Wnt Signaling Pathway,GO_BP,1.06410388,0.458952783,-0.90017656,0.693720078,1.5645221,0.218835189,False,shared_heat,0.922075684,1.17462407
GOBP_NEGATIVE_REGULATION_OF_WOUND_HEALING,Negative Regulation of Wound Healing,GO_BP,1.67645692,0.0393561149,1.76622771,0.0304372892,-1.09440537,0.791459509,False,shared_heat,1.65914506,1.32562595
GOBP_NEPHRON_DEVELOPMENT,Nephron Development,GO_BP,1.34304388,0.165929328,1.31035327,0.212921076,0.676652983,0.999948662,False,shared_heat,1.27950524,1.27575784
GOBP_NEPHRON_EPITHELIUM_DEVELOPMENT,Nephron Epithelium Development,GO_BP,-1.24496296,0.281495631,-1.12648042,0.422818963,-0.848937636,0.959690565,False,shared_heat,-1.17860806,1.08373044
GOBP_NEPHRON_MORPHOGENESIS,Nephron Morphogenesis,GO_BP,-0.872814849,0.695055202,0.837566616,0.740936016,0.724811984,0.994909646,False,shared_heat,-0.744095938,1.27019339
GOBP_NERVE_DEVELOPMENT,Nerve Development,GO_BP,-1.03130201,0.51540693,-0.851280163,0.731241898,-1.01275834,0.851003543,False,shared_heat,-0.948206215,0.795758246
GOBP_NERVOUS_SYSTEM_PROCESS,Nervous System Process,GO_BP,1.5280693,0.00636712824,1.43314173,0.0230801975,1.26427058,0.373377211,False,shared_heat,1.47740019,1.20303703
GOBP_NEURAL_CREST_CELL_DIFFERENTIATION,Neural Crest Cell Differentiation,GO_BP,1.83484533,0.0120704204,1.69107511,0.0421920191,0.632817045,0.999948662,False,shared_heat,1.78802008,0.952797597
GOBP_NEURAL_NUCLEUS_DEVELOPMENT,Neural Nucleus Development,GO_BP,1.3513279,0.194107679,1.4225761,0.164499859,-1.17639412,0.694759951,False,shared_heat,1.35702221,1.016908
GOBP_NEURAL_PRECURSOR_CELL_PROLIFERATION,Neural Precursor Cell Proliferation,GO_BP,1.21221232,0.289932431,1.07760622,0.453813507,0.755092703,0.999499752,False,shared_heat,1.11099266,0.674564188
GOBP_NEURAL_TUBE_DEVELOPMENT,Neural Tube Development,GO_BP,1.60702237,0.0386495404,1.51457761,0.078202702,0.640432627,0.999948662,False,shared_heat,1.52962173,0.749945529
GOBP_NEURAL_TUBE_FORMATION,Neural Tube Formation,GO_BP,1.18324755,0.334925244,1.10666055,0.43070977,-0.544520616,0.999948662,False,shared_heat,1.16130649,0.644079522
GOBP_NEUROBLAST_PROLIFERATION,Neuroblast Proliferation,GO_BP,1.03807543,0.506392092,1.05497042,0.498789878,-0.616679507,0.999948662,False,shared_heat,0.97269449,1.05398901
GOBP_NEUROEPITHELIAL_CELL_DIFFERENTIATION,Neuroepithelial Cell Differentiation,GO_BP,1.29589816,0.276592323,1.15414982,0.414324355,0.756067268,0.988689995,False,shared_heat,1.17512598,-1.15144341
GOBP_NEUROINFLAMMATORY_RESPONSE,NeuroInflammatory Response,GO_BP,1.5819968,0.0509526034,1.48453023,0.106083238,0.859351786,0.958653047,False,shared_heat,1.52381478,0.918002432
GOBP_NEUROMUSCULAR_JUNCTION_DEVELOPMENT,Neuromuscular Junction Development,GO_BP,0.972010596,0.580952133,0.779228546,0.812796731,0.902039524,0.923948694,False,shared_heat,0.854489284,1.73386656
GOBP_NEUROMUSCULAR_PROCESS,Neuromuscular Process,GO_BP,1.45227213,0.0927461864,1.35889956,0.169479083,1.15233049,0.704112832,False,shared_heat,1.39784464,1.01333638
GOBP_NEUROMUSCULAR_PROCESS_CONTROLLING_BALANCE,Neuromuscular Process Controlling Balance,GO_BP,1.89179749,0.00936910126,1.73583979,0.0456310586,1.72819875,0.183644038,False,shared_heat,1.84216966,0.685614051
GOBP_NEURON_APOPTOTIC_PROCESS,Neuron Apoptotic Process,GO_BP,1.2532709,0.167791013,1.13832413,0.331178489,1.01651906,0.844399056,False,shared_heat,1.1930651,0.970917995
GOBP_NEURON_CELLULAR_HOMEOSTASIS,Neuron Cellular Homeostasis,GO_BP,-0.769600254,0.812816213,-1.00295911,0.553314636,-1.01453929,0.851242326,False,shared_heat,-0.934286794,-1.15445553
GOBP_NEURON_DEVELOPMENT,Neuron Development,GO_BP,1.7136938,8.80762132e-05,1.5982524,0.000702523659,1.23631131,0.395520988,False,shared_heat,1.67676894,1.68862965
GOBP_NEURON_MATURATION,Neuron Maturation,GO_BP,1.47683657,0.142978628,1.34407374,0.263225906,1.01999241,0.849486899,False,shared_heat,1.41800491,1.54767148
GOBP_NEURON_MIGRATION,Neuron Migration,GO_BP,1.65967696,0.0230801912,1.52506981,0.0662899502,1.220924,0.59360652,False,shared_heat,1.62174735,1.64886618
GOBP_NEURON_PROJECTION_EXTENSION,Neuron Projection Extension,GO_BP,1.74588321,0.0150500482,1.45313403,0.122576678,1.49374461,0.31007091,False,shared_heat,1.65343542,1.17733566
GOBP_NEURON_PROJECTION_GUIDANCE,Neuron Projection Guidance,GO_BP,1.66756657,0.0189519183,1.40095811,0.128481523,1.24736544,0.550240464,False,shared_heat,1.52029952,1.73050395
GOBP_NEURON_PROJECTION_ORGANIZATION,Neuron Projection Organization,GO_BP,0.963857543,0.594420054,-0.957054785,0.6120881,0.986070309,0.869448071,False,shared_heat,-0.90262474,0.956898758
GOBP_NEURON_PROJECTION_REGENERATION,Neuron Projection Regeneration,GO_BP,1.76589296,0.0258228286,1.84389127,0.0211821115,0.741780697,0.993239208,False,shared_heat,1.85037674,-0.887104544
GOBP_NEUROTRANSMITTER_SECRETION,Neurotransmitter Secretion,GO_BP,1.07443029,0.456644021,0.970132416,0.589276444,0.97197975,0.885141747,False,shared_heat,1.01546153,1.11291407
GOBP_NEUROTRANSMITTER_TRANSPORT,Neurotransmitter Transport,GO_BP,1.17058994,0.330339615,0.982380928,0.574297758,1.24157657,0.574631586,False,shared_heat,0.998783129,1.30767851
GOBP_NEUROTROPHIN_SIGNALING_PATHWAY,Neurotrophin Signaling Pathway,GO_BP,0.918871144,0.641942685,-0.883578536,0.683675872,1.03872745,0.843200585,False,shared_heat,0.95614995,0.833863899
GOBP_NEUTRAL_AMINO_ACID_TRANSPORT,Neutral Amino Acid Transport,GO_BP,-1.08765633,0.461824896,-1.26741796,0.322098708,1.57793863,0.316456697,False,shared_heat,-1.18722318,1.38225055
GOBP_NEUTRAL_LIPID_BIOSYNTHETIC_PROCESS,Neutral Lipid Biosynthetic Process,GO_BP,-0.921489824,0.639927637,-1.08680804,0.477439287,0.906856056,0.917210487,False,shared_heat,-0.985322808,-0.673430616
GOBP_NEUTRAL_LIPID_METABOLIC_PROCESS,Neutral Lipid Metabolic Process,GO_BP,-0.814654445,0.80510761,-1.07806111,0.466373504,1.06896631,0.805596787,False,shared_heat,-0.929876841,1.0328479
GOBP_NEUTROPHIL_CHEMOTAXIS,Neutrophil Chemotaxis,GO_BP,1.46866319,0.100072307,1.28550424,0.253178083,0.738678324,0.999730512,False,shared_heat,1.4015334,-1.02580146
GOBP_NEUTROPHIL_MEDIATED_IMMUNITY,Neutrophil Mediated Immunity,GO_BP,1.5935329,0.0839311285,1.79799127,0.0295621712,-0.942905602,0.898474155,False,shared_heat,1.62363549,-1.14853722
GOBP_NEUTROPHIL_MIGRATION,Neutrophil Migration,GO_BP,1.51810357,0.0668261598,1.42117427,0.132607487,0.719040163,0.999948662,False,shared_heat,1.44313721,-0.890662638
GOBP_NON_CANONICAL_NF_KAPPAB_SIGNAL_TRANSDUCTION,Non Canonical NF Kappab Signal Transduction,GO_BP,1.07884046,0.430739341,-1.09676214,0.432573749,1.34069983,0.432558755,False,shared_heat,-1.00012659,1.06167322
GOBP_NON_CANONICAL_WNT_SIGNALING_PATHWAY,Non Canonical Wnt Signaling Pathway,GO_BP,-1.10240863,0.441703066,-1.34037463,0.251279228,1.51003043,0.373377211,False,shared_heat,-1.21996746,1.26629763
GOBP_NON_PROTEINOGENIC_AMINO_ACID_METABOLIC_PROCESS,Non Proteinogenic Amino Acid Metabolic Process,GO_BP,1.42042651,0.159731973,1.27213573,0.294278995,1.31147613,0.550240464,False,shared_heat,1.35344492,0.856382539
GOBP_NOTCH_SIGNALING_PATHWAY,Notch Signaling Pathway,GO_BP,1.08386232,0.424104562,-1.02230658,0.520608434,1.18318467,0.6526616,False,shared_heat,1.00405097,0.771893611
GOBP_NUCLEAR_CHROMOSOME_SEGREGATION,Nuclear Chromosome Segregation,GO_BP,1.3075332,0.132539786,1.25224072,0.205002459,0.876251167,0.970056254,False,shared_heat,1.32428286,1.15390846
GOBP_NUCLEAR_ENVELOPE_ORGANIZATION,Nuclear Envelope Organization,GO_BP,0.833608149,0.741125364,-0.820529754,0.761572408,0.907439146,0.919643527,False,shared_heat,0.864581051,-0.937499013
GOBP_NUCLEAR_EXPORT,Nuclear Export,GO_BP,1.1773445,0.317866786,1.11686435,0.40388868,1.23274023,0.584628217,False,shared_heat,1.11880017,1.88792805
GOBP_NUCLEAR_MEMBRANE_ORGANIZATION,Nuclear Membrane Organization,GO_BP,-0.943655266,0.612867118,-1.06100381,0.502518304,0.881081676,0.942650594,False,shared_heat,-0.957266371,-0.948431966
GOBP_NUCLEAR_RECEPTOR_MEDIATED_SIGNALING_PATHWAY,Nuclear Receptor Mediated Signaling Pathway,GO_BP,1.66158112,0.0170777286,1.56717002,0.0437461125,0.862567792,0.967415834,False,shared_heat,1.58410937,1.1033156
GOBP_NUCLEAR_TRANSCRIBED_MRNA_CATABOLIC_PROCESS,Nuclear Transcribed mRNA Catabolic Process,GO_BP,-1.08756876,0.430563458,-1.07871184,0.456499534,0.896857809,0.946761802,False,shared_heat,-1.12037906,0.797931742
GOBP_NUCLEAR_TRANSCRIBED_MRNA_CATABOLIC_PROCESS_DEADENYLATION_DEPENDENT_DECAY,Nuclear Transcribed mRNA Catabolic Process Deadenylation Dependent Decay,GO_BP,-1.07116643,0.465870695,-1.16503184,0.386980097,1.12110899,0.762838887,False,shared_heat,-1.1739855,0.878802084
GOBP_NUCLEAR_TRANSCRIBED_MRNA_CATABOLIC_PROCESS_NONSENSE_MEDIATED_DECAY,Nuclear Transcribed mRNA Catabolic Process Nonsense Mediated Decay,GO_BP,-0.942035603,0.616446621,-1.16897733,0.407096125,1.18548576,0.710996877,False,shared_heat,-1.02740528,1.25375875
GOBP_NUCLEAR_TRANSCRIBED_MRNA_POLY_A_TAIL_SHORTENING,Nuclear Transcribed mRNA Poly A Tail Shortening,GO_BP,-1.25320274,0.311433263,-1.41264521,0.207288122,1.23850204,0.667000186,False,shared_heat,-1.30023055,-0.709542875
GOBP_NUCLEAR_TRANSPORT,Nuclear Transport,GO_BP,1.56632684,0.0177475145,1.48853911,0.0410197476,1.12290533,0.701594507,False,shared_heat,1.44037477,1.78224253
GOBP_NUCLEIC_ACID_CATABOLIC_PROCESS,Nucleic Acid Catabolic Process,GO_BP,0.90343794,0.731255393,-0.831024639,0.862252323,1.09804926,0.738566035,False,shared_heat,0.892229696,1.15168259
GOBP_NUCLEOBASE_BIOSYNTHETIC_PROCESS,Nucleobase Biosynthetic Process,GO_BP,1.12400839,0.430175895,1.3640542,0.248188796,-0.743772819,0.992649497,False,shared_heat,1.25175083,1.03490942
GOBP_NUCLEOBASE_CONTAINING_COMPOUND_CATABOLIC_PROCESS,Nucleobase Containing Compound Catabolic Process,GO_BP,-0.941800574,0.680078907,-1.00392311,0.544371355,0.991112089,0.869359196,False,shared_heat,-0.972332112,0.913755723
GOBP_NUCLEOBASE_CONTAINING_COMPOUND_TRANSPORT,Nucleobase Containing Compound Transport,GO_BP,1.11524586,0.37480098,-1.05432566,0.478700206,1.09443764,0.763057632,False,shared_heat,1.05505354,1.26214757
GOBP_NUCLEOBASE_CONTAINING_SMALL_MOLECULE_METABOLIC_PROCESS,Nucleobase Containing Small Molecule Metabolic Process,GO_BP,-1.30832605,0.0530284434,-1.35956472,0.0388892288,0.842623855,0.999948662,False,shared_heat,-1.34986834,-1.29051747
GOBP_NUCLEOBASE_METABOLIC_PROCESS,Nucleobase Metabolic Process,GO_BP,0.736431962,0.877635111,0.744014906,0.869063077,0.831716175,0.959690565,False,shared_heat,0.741347218,0.886076897
GOBP_NUCLEOSIDE_DIPHOSPHATE_CATABOLIC_PROCESS,Nucleoside Diphosphate Catabolic Process,GO_BP,1.11699705,0.390156478,1.18123666,0.336164628,0.55933824,0.999948662,False,shared_heat,1.14691102,-1.04251232
GOBP_NUCLEOSIDE_DIPHOSPHATE_METABOLIC_PROCESS,Nucleoside Diphosphate Metabolic Process,GO_BP,1.16650623,0.319165067,1.32810457,0.173370917,-0.837056563,0.986500746,False,shared_heat,1.25103989,0.808138827
GOBP_NUCLEOSIDE_METABOLIC_PROCESS,Nucleoside Metabolic Process,GO_BP,0.730492933,0.865560409,0.715189645,0.879443489,0.62605721,0.999948662,False,shared_heat,0.72017964,1.19201123
GOBP_NUCLEOSIDE_MONOPHOSPHATE_BIOSYNTHETIC_PROCESS,Nucleoside Monophosphate Biosynthetic Process,GO_BP,0.81853711,0.776915858,0.905563622,0.669002083,0.994016822,0.864102527,False,shared_heat,0.872231019,-0.813133484
GOBP_NUCLEOSIDE_MONOPHOSPHATE_METABOLIC_PROCESS,Nucleoside Monophosphate Metabolic Process,GO_BP,0.891210259,0.699752391,1.06699514,0.471609112,0.8173639,0.980529725,False,shared_heat,0.931035555,0.801279174
GOBP_NUCLEOSIDE_PHOSPHATE_BIOSYNTHETIC_PROCESS,Nucleoside Phosphate Biosynthetic Process,GO_BP,-1.35791439,0.0711294593,-1.38812583,0.0709951077,0.763442276,0.999948662,False,shared_heat,-1.37178987,-1.47829816
GOBP_NUCLEOSIDE_PHOSPHATE_CATABOLIC_PROCESS,Nucleoside Phosphate Catabolic Process,GO_BP,-0.958164202,0.616446621,-1.07621237,0.44792536,0.596056376,0.999948662,False,shared_heat,-1.0263381,-1.2758615
GOBP_NUCLEOSIDE_TRIPHOSPHATE_BIOSYNTHETIC_PROCESS,Nucleoside Triphosphate Biosynthetic Process,GO_BP,-1.44679462,0.0783377745,-1.35318988,0.158476828,-0.989879598,0.866997263,False,shared_heat,-1.40450087,-1.97400025
GOBP_NUCLEOSIDE_TRIPHOSPHATE_METABOLIC_PROCESS,Nucleoside Triphosphate Metabolic Process,GO_BP,-1.04845184,0.456006867,-0.912880923,0.722031645,-0.923809944,0.950156705,False,shared_heat,-0.960531318,-1.68320285
GOBP_NUCLEOSOME_ORGANIZATION,Nucleosome Organization,GO_BP,-0.942650375,0.619634708,-0.695376636,0.914443043,-1.43607037,0.41255524,False,shared_heat,-0.825473136,-0.756234959
GOBP_NUCLEOTIDE_BINDING_DOMAIN_LEUCINE_RICH_REPEAT_CONTAINING_RECEPTOR_SIGNALING_PATHWAY,Nucleotide Binding Domain Leucine Rich Repeat Containing Receptor Signaling P...,GO_BP,-0.945099143,0.61173624,-1.10695545,0.459968256,0.928584392,0.907191457,False,shared_heat,-1.00219814,1.20601972
GOBP_NUCLEOTIDE_BIOSYNTHETIC_PROCESS,Nucleotide Biosynthetic Process,GO_BP,-1.20492291,0.238377004,-1.07514192,0.439514569,-0.933845621,0.93960763,False,shared_heat,-1.13020708,-1.631646
GOBP_NUCLEOTIDE_EXCISION_REPAIR,Nucleotide Excision Repair,GO_BP,-0.896214806,0.689574305,-0.805734194,0.815607185,-1.41377611,0.405890761,False,shared_heat,-0.878985476,0.926999269
GOBP_NUCLEOTIDE_METABOLIC_PROCESS,Nucleotide Metabolic Process,GO_BP,-0.913276313,0.754533583,0.95866848,0.653713778,-0.788336891,0.999948662,False,shared_heat,-0.907686598,-1.45280552
GOBP_NUCLEOTIDE_SUGAR_BIOSYNTHETIC_PROCESS,Nucleotide Sugar Biosynthetic Process,GO_BP,1.22761557,0.342026474,1.24883063,0.343793457,0.607593814,0.999948662,False,shared_heat,1.23956374,0.365895018
GOBP_NUCLEOTIDE_SUGAR_METABOLIC_PROCESS,Nucleotide Sugar Metabolic Process,GO_BP,0.991880252,0.558695963,0.975254018,0.579724684,0.92571337,0.910724104,False,shared_heat,0.971331375,0.795451291
GOBP_NUCLEOTIDE_TRANSPORT,Nucleotide Transport,GO_BP,-1.41818528,0.179767273,-1.60013555,0.0932218291,1.41083652,0.480347966,False,shared_heat,-1.4615989,-1.21608575
GOBP_NUCLEUS_LOCALIZATION,Nucleus Localization,GO_BP,0.807384722,0.771880031,0.987602118,0.565716832,-0.985721796,0.869263132,False,shared_heat,0.942372674,0.859125947
GOBP_NUCLEUS_ORGANIZATION,Nucleus Organization,GO_BP,1.10728481,0.405924032,1.05398846,0.481703919,0.841623474,0.973802432,False,shared_heat,1.07786055,0.86472126
GOBP_NUTRIENT_STORAGE,Nutrient Storage,GO_BP,1.54142208,0.0734014804,1.3628402,0.193968,1.45646065,0.378164978,False,shared_heat,1.45032636,1.52554058
GOBP_ODONTOGENESIS,Odontogenesis,GO_BP,1.2526127,0.264276516,1.1417412,0.393244033,-0.779319449,0.994346977,False,shared_heat,1.14690517,-0.843664929
GOBP_ODONTOGENESIS_OF_DENTIN_CONTAINING_TOOTH,Odontogenesis of Dentin Containing Tooth,GO_BP,1.34173077,0.21830909,1.28306557,0.293196051,-0.925125121,0.912968488,False,shared_heat,1.29369988,-1.07905035
GOBP_OLEFINIC_COMPOUND_METABOLIC_PROCESS,Olefinic Compound Metabolic Process,GO_BP,1.68160269,0.0237702346,1.70413814,0.0259132252,0.76427007,0.996578828,False,shared_heat,1.69421646,-1.0214884
GOBP_OLIGODENDROCYTE_DIFFERENTIATION,Oligodendrocyte Differentiation,GO_BP,-0.896460176,0.687503717,-0.881274519,0.7097448,0.816608415,0.980529725,False,shared_heat,-0.879921422,1.4580082
GOBP_OOCYTE_DIFFERENTIATION,Oocyte Differentiation,GO_BP,1.08078341,0.465090698,0.802967265,0.785529356,1.05688022,0.827641743,False,shared_heat,0.97010644,1.52645497
GOBP_OOGENESIS,Oogenesis,GO_BP,0.869631551,0.713047362,0.676114605,0.938642955,0.963256783,0.89481449,False,shared_heat,0.802828264,1.21338541
GOBP_ORGANELLE_ASSEMBLY,Organelle Assembly,GO_BP,1.43582884,0.0146905425,1.30961713,0.0674871065,1.0663986,0.757069961,False,shared_heat,1.36483078,1.30765237
GOBP_ORGANELLE_DISASSEMBLY,Organelle Disassembly,GO_BP,1.29018739,0.269306398,1.23382807,0.341539519,-1.17587415,0.705785642,False,shared_heat,1.25897305,-0.982457045
GOBP_ORGANELLE_FISSION,Organelle Fission,GO_BP,1.16785042,0.243056188,1.09955181,0.367120417,0.778188855,0.999948662,False,shared_heat,1.1673378,0.963878643
GOBP_ORGANELLE_FUSION,Organelle Fusion,GO_BP,1.22320831,0.278197012,1.16085443,0.364716932,-0.74358761,0.999948662,False,shared_heat,1.21979542,-1.13286593
GOBP_ORGANELLE_LOCALIZATION,Organelle Localization,GO_BP,1.20588648,0.184185294,1.13151833,0.306944,0.878586352,0.985759569,False,shared_heat,1.18870109,1.03224179
GOBP_ORGANELLE_MEMBRANE_FUSION,Organelle Membrane Fusion,GO_BP,1.21416459,0.309423742,1.24331802,0.299745518,0.646782683,0.999948662,False,shared_heat,1.2072268,-1.12056719
GOBP_ORGANELLE_TRANSPORT_ALONG_MICROTUBULE,Organelle Transport Along Microtubule,GO_BP,-1.18364133,0.351477594,-1.19976554,0.360863104,1.10146222,0.791459509,False,shared_heat,-1.17996115,1.47575834
GOBP_ORGANIC_ACID_BIOSYNTHETIC_PROCESS,Organic Acid Biosynthetic Process,GO_BP,1.26898799,0.156033967,1.30564467,0.140551659,-0.858240415,0.992005622,False,shared_heat,1.26915488,1.16499186
GOBP_ORGANIC_ACID_CATABOLIC_PROCESS,Organic Acid Catabolic Process,GO_BP,-1.23238076,0.209360474,-1.31085187,0.158546253,0.861650492,0.980529725,False,shared_heat,-1.30482192,-1.24915328
GOBP_ORGANIC_ACID_METABOLIC_PROCESS,Organic Acid Metabolic Process,GO_BP,-1.12513511,0.261097548,-1.22317627,0.139157578,0.910822805,0.976113102,False,shared_heat,-1.18722011,-1.12895974
GOBP_ORGANIC_ACID_TRANSPORT,Organic Acid Transport,GO_BP,1.43080886,0.0572532302,1.23734875,0.220864427,1.29898603,0.431294095,False,shared_heat,1.34447227,-1.09048561
GOBP_ORGANIC_ANION_TRANSPORT,Organic Anion Transport,GO_BP,1.40884184,0.0570692708,1.18771296,0.266404617,1.38554328,0.289641263,False,shared_heat,1.31511881,-1.0783347
GOBP_ORGANIC_CATION_TRANSPORT,Organic Cation Transport,GO_BP,1.24900855,0.282131048,1.00435541,0.544580217,1.41621222,0.428562752,False,shared_heat,1.15033689,1.60523689
GOBP_ORGANIC_HYDROXY_COMPOUND_TRANSPORT,Organic Hydroxy Compound Transport,GO_BP,1.35274298,0.123185121,1.11968633,0.385025729,1.25012832,0.524637188,False,shared_heat,1.18219453,1.04391868
GOBP_ORGANOPHOSPHATE_BIOSYNTHETIC_PROCESS,Organophosphate Biosynthetic Process,GO_BP,-1.37661437,0.0375886675,-1.41118973,0.0341296736,0.891934286,0.980529725,False,shared_heat,-1.3787292,-1.35197862
GOBP_ORGANOPHOSPHATE_CATABOLIC_PROCESS,Organophosphate Catabolic Process,GO_BP,0.883612235,0.765415338,-0.991026012,0.565716832,0.688327491,0.999948662,False,shared_heat,0.973337519,-1.21952277
GOBP_ORGANOPHOSPHATE_ESTER_TRANSPORT,Organophosphate Ester Transport,GO_BP,-1.15967156,0.353221337,-1.43461469,0.137880783,1.57341274,0.231047548,False,shared_heat,-1.29461857,-1.09549236
GOBP_ORGANOPHOSPHATE_METABOLIC_PROCESS,Organophosphate Metabolic Process,GO_BP,-1.14762624,0.203738166,-1.2685569,0.0793717593,0.978741153,0.896633964,False,shared_heat,-1.1967793,-1.30022034
GOBP_ORGAN_GROWTH,Organ Growth,GO_BP,1.46592454,0.0760332911,1.19970444,0.303434394,1.10680344,0.749757553,False,shared_heat,1.27549611,0.989786935
GOBP_OSSIFICATION,Ossification,GO_BP,1.86309272,4.80341814e-05,1.64885696,0.00391364598,1.25927941,0.432558755,False,shared_heat,1.76023424,1.33294221
GOBP_OSTEOBLAST_DIFFERENTIATION,Osteoblast Differentiation,GO_BP,1.62432694,0.0140872954,1.52608796,0.0410197476,1.11030177,0.730616091,False,shared_heat,1.57491286,1.10337449
GOBP_OSTEOBLAST_PROLIFERATION,Osteoblast Proliferation,GO_BP,1.09840317,0.454029837,0.852305625,0.714067499,1.06958466,0.815998634,False,shared_heat,0.930253071,1.66312249
GOBP_OSTEOCLAST_DIFFERENTIATION,Osteoclast Differentiation,GO_BP,1.80564757,0.00807539877,1.64189851,0.0398889081,1.03053022,0.84262228,False,shared_heat,1.74834464,1.05700746
GOBP_OUTFLOW_TRACT_MORPHOGENESIS,Outflow Tract Morphogenesis,GO_BP,1.73246461,0.0250377733,1.65225842,0.0523247865,1.54930487,0.287149302,False,shared_heat,1.69476854,1.17348352
GOBP_OVARIAN_FOLLICLE_DEVELOPMENT,Ovarian Follicle Development,GO_BP,1.72938634,0.0313087324,1.54265626,0.114226459,0.84944045,0.950156705,False,shared_heat,1.66372523,-1.19275458
GOBP_OVULATION_CYCLE,Ovulation Cycle,GO_BP,1.67557464,0.044572897,1.41527332,0.184542614,0.824778287,0.966849767,False,shared_heat,1.54116153,0.742748869
GOBP_OVULATION_CYCLE_PROCESS,Ovulation Cycle Process,GO_BP,1.41921471,0.180504329,1.30117334,0.294278995,-0.748782827,0.992649497,False,shared_heat,1.36872245,0.666609886
GOBP_OXIDATIVE_PHOSPHORYLATION,Oxidative Phosphorylation,GO_BP,-1.31075576,0.153685722,-1.03159152,0.507070681,-1.34278009,0.390979862,False,shared_heat,-1.18357566,-2.15993547
GOBP_P38MAPK_CASCADE,P38mapk Cascade,GO_BP,1.66513488,0.0416364273,1.53596749,0.107144008,1.20365308,0.672708829,False,shared_heat,1.58949,1.08530674
GOBP_PALLIUM_DEVELOPMENT,Pallium Development,GO_BP,1.62354612,0.0303860209,1.51338193,0.0731354068,-0.795965746,0.994909646,False,shared_heat,1.55648133,0.911444895
GOBP_PANCREAS_DEVELOPMENT,Pancreas Development,GO_BP,0.995288549,0.556839616,1.01945517,0.531257769,0.696598484,0.999948662,False,shared_heat,1.00426308,-0.852326967
GOBP_PATTERN_SPECIFICATION_PROCESS,Pattern Specification Process,GO_BP,1.40974917,0.07769213,1.27539664,0.194014729,1.0590169,0.805596787,False,shared_heat,1.33824446,1.22526026
GOBP_PEPTIDE_METABOLIC_PROCESS,Peptide Metabolic Process,GO_BP,1.01034356,0.537802356,-0.911247069,0.660452086,0.849025505,0.953379508,False,shared_heat,-0.944779097,0.895856093
GOBP_PEPTIDE_TRANSPORT,Peptide Transport,GO_BP,0.972739101,0.594146882,-1.14902117,0.361951664,1.40159869,0.342670127,False,shared_heat,-0.989022141,0.96559249
GOBP_PEPTIDYL_AMINO_ACID_MODIFICATION,Peptidyl Amino Acid Modification,GO_BP,1.13794389,0.313998306,-1.0801277,0.429584325,1.07552064,0.775134311,False,shared_heat,0.989134442,1.2072289
GOBP_PEPTIDYL_LYSINE_MODIFICATION,Peptidyl Lysine Modification,GO_BP,-1.03373536,0.508969839,-1.00010834,0.553349601,0.92630055,0.912813575,False,shared_heat,-0.93863875,1.29323403
GOBP_PEPTIDYL_SERINE_MODIFICATION,Peptidyl Serine Modification,GO_BP,0.879675972,0.705213645,-1.00316161,0.549325408,1.02031729,0.844399056,False,shared_heat,-0.895914058,1.36861807
GOBP_PEPTIDYL_TYROSINE_MODIFICATION,Peptidyl Tyrosine Modification,GO_BP,1.25093579,0.228017819,1.02609381,0.511118784,1.14700394,0.701594507,False,shared_heat,1.09459265,0.824039909
GOBP_PERIPHERAL_NERVOUS_SYSTEM_DEVELOPMENT,Peripheral Nervous System Development,GO_BP,1.60094586,0.056068219,1.4225441,0.160652094,1.01447127,0.850591415,False,shared_heat,1.49329535,1.1892754
GOBP_PERK_MEDIATED_UNFOLDED_PROTEIN_RESPONSE,Perk Mediated Unfolded Protein Response,GO_BP,-1.06116139,0.489453756,-0.941747864,0.622630019,-0.785687608,0.980529725,False,shared_heat,-1.02053796,-0.745351991
GOBP_PEROXISOME_ORGANIZATION,Peroxisome Organization,GO_BP,-0.827742555,0.757453592,-0.727909216,0.874854063,0.783790607,0.98478006,False,shared_heat,-0.74009362,0.790323693
GOBP_PHAGOCYTOSIS,Phagocytosis,GO_BP,1.50998684,0.038415926,1.47013891,0.0606228574,1.32605746,0.417172405,False,shared_heat,1.48613882,-1.0081521
GOBP_PHAGOCYTOSIS_ENGULFMENT,Phagocytosis Engulfment,GO_BP,1.25131174,0.309843392,1.18876282,0.382586437,0.681213095,0.999948662,False,shared_heat,1.22352981,-0.720675999
GOBP_PHENOL_CONTAINING_COMPOUND_METABOLIC_PROCESS,Phenol Containing Compound Metabolic Process,GO_BP,1.24809262,0.277376864,1.37876415,0.192392812,-0.695235053,0.999948662,False,shared_heat,1.29874625,-1.23589499
GOBP_PHOSPHATIDYLCHOLINE_METABOLIC_PROCESS,Phosphatidylcholine Metabolic Process,GO_BP,0.823477898,0.755796719,0.956952635,0.600653685,-0.757539783,0.992005622,False,shared_heat,0.86588803,-0.919739795
GOBP_PHOSPHATIDYLINOSITOL_3_KINASE_PROTEIN_KINASE_B_SIGNAL_TRANSDUCTION,Phosphatidylinositol 3 Kinase Protein Kinase B Signal Transduction,GO_BP,1.3620773,0.0769072481,1.29073148,0.142685723,1.12127227,0.694777195,False,shared_heat,1.33054045,1.36658575
GOBP_PHOSPHATIDYLINOSITOL_BIOSYNTHETIC_PROCESS,Phosphatidylinositol Biosynthetic Process,GO_BP,-1.17291163,0.370768568,-1.28390013,0.295767535,1.36257858,0.508454716,False,shared_heat,-1.23856166,0.845434005
GOBP_PHOSPHATIDYLINOSITOL_METABOLIC_PROCESS,Phosphatidylinositol Metabolic Process,GO_BP,-1.15488938,0.376491387,-1.30721188,0.265406686,1.6230642,0.229423145,False,shared_heat,-1.22288919,0.855573463
GOBP_PHOSPHATIDYLINOSITOL_PHOSPHATE_BIOSYNTHETIC_PROCESS,Phosphatidylinositol Phosphate Biosynthetic Process,GO_BP,-1.46147619,0.152252041,-1.59976106,0.0944372987,1.54102415,0.37328973,False,shared_heat,-1.55620046,-0.936339619
GOBP_PHOSPHOLIPASE_C_ACTIVATING_G_PROTEIN_COUPLED_RECEPTOR_SIGNALING_PATHWAY,Phospholipase C Activating G Protein Coupled Receptor Signaling Pathway,GO_BP,1.55220501,0.0724015674,1.49019177,0.117562376,-0.726503396,0.999948662,False,shared_heat,1.50446721,-0.763734518
GOBP_PHOSPHOLIPID_BIOSYNTHETIC_PROCESS,Phospholipid Biosynthetic Process,GO_BP,-1.34208736,0.14667648,-1.41668186,0.119198563,1.31582059,0.464010292,False,shared_heat,-1.34884325,0.899966933
GOBP_PHOSPHOLIPID_METABOLIC_PROCESS,Phospholipid Metabolic Process,GO_BP,-1.13774254,0.341648361,-1.32230757,0.16189058,1.36327434,0.372955482,False,shared_heat,-1.19765449,0.971540207
GOBP_PHOSPHOLIPID_TRANSPORT,Phospholipid Transport,GO_BP,-0.794729261,0.800558937,-0.953918707,0.60923485,1.36104688,0.50508158,False,shared_heat,-0.891384761,-1.00373473
GOBP_PHOSPHORYLATION,Phosphorylation,GO_BP,1.52683085,0.00230801025,1.33814106,0.0405894497,1.55077642,0.0126551657,True,cGAS_amplified,1.40709325,1.13035442
GOBP_PIGMENTATION,Pigmentation,GO_BP,-0.678768137,0.927180411,0.69903655,0.913567864,-1.41201146,0.432558755,False,shared_heat,-0.693018502,1.3416038
GOBP_PIGMENT_BIOSYNTHETIC_PROCESS,Pigment Biosynthetic Process,GO_BP,0.79657741,0.804512402,0.792402942,0.815562552,-0.939284029,0.905703574,False,shared_heat,0.843412311,-0.919947593
GOBP_PIGMENT_METABOLIC_PROCESS,Pigment Metabolic Process,GO_BP,0.964585489,0.594420054,1.08104066,0.45979632,-1.05766136,0.810396877,False,shared_heat,1.00828643,0.874728916
GOBP_PLACENTA_BLOOD_VESSEL_DEVELOPMENT,Placenta Blood Vessel Development,GO_BP,1.34501421,0.22721503,1.31280756,0.280080604,0.916820576,0.91390394,False,shared_heat,1.2594276,1.47058218
GOBP_PLACENTA_DEVELOPMENT,Placenta Development,GO_BP,1.80180069,0.00535715807,1.74659135,0.0113446447,1.26917935,0.51459401,False,shared_heat,1.72110964,0.894467904
GOBP_PLASMA_LIPOPROTEIN_PARTICLE_CLEARANCE,Plasma Lipoprotein Particle Clearance,GO_BP,1.1138179,0.430376896,1.04219411,0.511118784,0.813645918,0.969233962,False,shared_heat,1.0694866,-0.898888729
GOBP_PLASMA_MEMBRANE_ORGANIZATION,Plasma Membrane Organization,GO_BP,1.18723566,0.316388381,1.23851192,0.28385001,-0.833336744,0.980529725,False,shared_heat,1.19128534,0.889407419
GOBP_PLATELET_ACTIVATION,Platelet Activation,GO_BP,1.28662823,0.194482055,1.2467716,0.258762237,1.05487805,0.810224311,False,shared_heat,1.20037606,1.17901484
GOBP_PLATELET_AGGREGATION,Platelet Aggregation,GO_BP,1.19714046,0.326235275,1.25475375,0.291108641,-1.0573459,0.810396877,False,shared_heat,1.15613721,1.00618603
GOBP_PLATELET_DERIVED_GROWTH_FACTOR_RECEPTOR_SIGNALING_PATHWAY,Platelet Derived Growth Factor Receptor Signaling Pathway,GO_BP,1.45848551,0.124847448,1.42632877,0.164876362,-1.16792865,0.701594507,False,shared_heat,1.43774767,1.31623085
GOBP_POLYOL_BIOSYNTHETIC_PROCESS,Polyol Biosynthetic Process,GO_BP,-1.12148981,0.430716087,-1.16564968,0.410703365,0.74210183,0.992649497,False,shared_heat,-1.18022882,-1.48420593
GOBP_POLYOL_METABOLIC_PROCESS,Polyol Metabolic Process,GO_BP,-1.11026021,0.42362477,-1.17761911,0.374524426,0.944593603,0.902214751,False,shared_heat,-1.15167792,-1.21707174
GOBP_POLYSACCHARIDE_BIOSYNTHETIC_PROCESS,Polysaccharide Biosynthetic Process,GO_BP,1.38710282,0.181076095,1.07137547,0.478458118,1.27073772,0.5990368,False,shared_heat,1.32302096,1.88145272
GOBP_POLYSACCHARIDE_CATABOLIC_PROCESS,Polysaccharide Catabolic Process,GO_BP,-0.905634446,0.65537766,-0.745088125,0.838926304,-0.87135955,0.946761802,False,shared_heat,-0.765867963,1.39395937
GOBP_POLYSACCHARIDE_METABOLIC_PROCESS,Polysaccharide Metabolic Process,GO_BP,1.04892086,0.480080046,0.883775817,0.721419801,1.04019195,0.837197691,False,shared_heat,0.967402814,1.62039412
GOBP_PORPHYRIN_CONTAINING_COMPOUND_METABOLIC_PROCESS,Porphyrin Containing Compound Metabolic Process,GO_BP,0.974568774,0.580673728,1.17258273,0.374679039,-1.36880059,0.468928058,False,shared_heat,1.08005366,-0.907296643
GOBP_POSITIVE_CHEMOTAXIS,Positive Chemotaxis,GO_BP,1.44998831,0.13011996,1.37707805,0.201034618,0.821261293,0.973305252,False,shared_heat,1.41610807,-0.795264635
GOBP_POSITIVE_REGULATION_OF_ACTIN_FILAMENT_BUNDLE_ASSEMBLY,Positive Regulation of Actin Filament Bundle Assembly,GO_BP,1.42729302,0.134302992,1.40259987,0.171245092,0.785561682,0.989918871,False,shared_heat,1.39994899,0.909674553
GOBP_POSITIVE_REGULATION_OF_ACTIN_FILAMENT_POLYMERIZATION,Positive Regulation of Actin Filament Polymerization,GO_BP,-0.978331304,0.57745193,-1.13578252,0.427071613,0.831113262,0.959690565,False,shared_heat,-1.07363717,1.12067428
GOBP_POSITIVE_REGULATION_OF_ACUTE_INFLAMMATORY_RESPONSE,Positive Regulation of Acute Inflammatory Response,GO_BP,1.4396256,0.173109051,1.33124001,0.278566804,1.27310561,0.630133837,False,shared_heat,1.3887143,1.13134457
GOBP_POSITIVE_REGULATION_OF_ADAPTIVE_IMMUNE_RESPONSE,Positive Regulation of Adaptive Immune Response,GO_BP,1.30026509,0.185716697,1.28198297,0.222495689,0.892663181,0.950156705,False,shared_heat,1.28607802,1.06926335
GOBP_POSITIVE_REGULATION_OF_ALPHA_BETA_T_CELL_ACTIVATION,Positive Regulation of alpha beta T Cell Activation,GO_BP,1.23207486,0.281495631,1.06212607,0.477439287,1.01281371,0.851546288,False,shared_heat,1.13340037,1.10223489
GOBP_POSITIVE_REGULATION_OF_ALPHA_BETA_T_CELL_DIFFERENTIATION,Positive Regulation of alpha beta T Cell Differentiation,GO_BP,1.40301454,0.166499593,1.27419613,0.29110355,-0.710323906,0.999948662,False,shared_heat,1.30120799,0.955529114
GOBP_POSITIVE_REGULATION_OF_ALPHA_BETA_T_CELL_PROLIFERATION,Positive Regulation of alpha beta T Cell Proliferation,GO_BP,-0.997604418,0.555708571,-1.24668693,0.336694829,1.58314062,0.31007091,False,shared_heat,-1.12528324,0.979724507
GOBP_POSITIVE_REGULATION_OF_AMIDE_METABOLIC_PROCESS,Positive Regulation of Amide Metabolic Process,GO_BP,1.15430515,0.402189575,1.01933124,0.533855847,-0.857690093,0.950156705,False,shared_heat,1.14318273,1.27377618
GOBP_POSITIVE_REGULATION_OF_AMYLOID_PRECURSOR_PROTEIN_CATABOLIC_PROCESS,Positive Regulation of Amyloid Precursor Protein Catabolic Process,GO_BP,0.90153508,0.659783654,0.737667852,0.853145235,-1.15707735,0.738566035,False,shared_heat,0.891793287,0.850571458
GOBP_POSITIVE_REGULATION_OF_ANTIGEN_RECEPTOR_MEDIATED_SIGNALING_PATHWAY,Positive Regulation of Antigen Receptor Mediated Signaling Pathway,GO_BP,0.83426379,0.731968454,0.94851784,0.611553803,-0.953417243,0.896633964,False,shared_heat,0.975337182,-0.777463714
GOBP_POSITIVE_REGULATION_OF_APOPTOTIC_SIGNALING_PATHWAY,Positive Regulation of Apoptotic Signaling Pathway,GO_BP,1.49369387,0.0530980926,1.39936168,0.110532769,-0.862150859,0.976928832,False,shared_heat,1.41697251,0.938909895
GOBP_POSITIVE_REGULATION_OF_AUTOPHAGY,Positive Regulation of Autophagy,GO_BP,-0.985267483,0.569621554,1.13765842,0.385551071,0.688207936,0.999948662,False,shared_heat,1.06333866,1.29203546
GOBP_POSITIVE_REGULATION_OF_AXONOGENESIS,Positive Regulation of Axonogenesis,GO_BP,1.71706766,0.0321967132,1.55905677,0.098792573,0.772425933,0.989918871,False,shared_heat,1.63094739,1.12052147
GOBP_POSITIVE_REGULATION_OF_AXON_EXTENSION,Positive Regulation of Axon Extension,GO_BP,1.53320477,0.115902355,1.3354714,0.276287733,1.19327313,0.710427501,False,shared_heat,1.47384583,0.596338746
GOBP_POSITIVE_REGULATION_OF_BINDING,Positive Regulation of Binding,GO_BP,-1.13161841,0.415746929,-1.122672,0.438411394,1.21242994,0.688219356,False,shared_heat,-1.08520019,1.12864771
GOBP_POSITIVE_REGULATION_OF_BIOMINERAL_TISSUE_DEVELOPMENT,Positive Regulation of Biomineral Tissue Development,GO_BP,1.45880856,0.14667648,1.26121776,0.320185857,1.64718205,0.240455068,False,shared_heat,1.34542661,1.50668811
GOBP_POSITIVE_REGULATION_OF_BLOOD_CIRCULATION,Positive Regulation of Blood Circulation,GO_BP,1.64252085,0.0663459822,1.70330712,0.0574445407,-1.19504039,0.701594507,False,shared_heat,1.63385262,1.64155066
GOBP_POSITIVE_REGULATION_OF_BLOOD_VESSEL_ENDOTHELIAL_CELL_MIGRATION,Positive Regulation of Blood Vessel Endothelial Cell Migration,GO_BP,1.23770544,0.281750022,1.12540387,0.413634112,1.23196567,0.614915792,False,shared_heat,1.16049658,1.22540991
GOBP_POSITIVE_REGULATION_OF_BONE_MINERALIZATION,Positive Regulation of Bone Mineralization,GO_BP,1.35153481,0.229025061,1.0447994,0.511118784,1.61391474,0.281091695,False,shared_heat,1.14513652,1.67744827
GOBP_POSITIVE_REGULATION_OF_B_CELL_ACTIVATION,Positive Regulation of B Cell Activation,GO_BP,1.15925425,0.356172,1.18339179,0.35367557,-0.727023609,0.999948662,False,shared_heat,1.12960749,1.07340585
GOBP_POSITIVE_REGULATION_OF_B_CELL_MEDIATED_IMMUNITY,Positive Regulation of B Cell Mediated Immunity,GO_BP,1.14323316,0.403701431,1.1038235,0.453813507,0.702066544,0.998255362,False,shared_heat,1.09316038,1.55418028
GOBP_POSITIVE_REGULATION_OF_B_CELL_PROLIFERATION,Positive Regulation of B Cell Proliferation,GO_BP,1.09468306,0.445424869,1.12018025,0.4323606,0.744700767,0.994346977,False,shared_heat,1.11471387,0.805858876
GOBP_POSITIVE_REGULATION_OF_CALCIUM_ION_TRANSMEMBRANE_TRANSPORT,Positive Regulation of Calcium Ion Transmembrane Transport,GO_BP,-1.40265462,0.171297853,-1.31064271,0.268784778,0.757290956,0.993239208,False,shared_heat,-1.3676773,-1.52135744
GOBP_POSITIVE_REGULATION_OF_CALCIUM_ION_TRANSPORT,Positive Regulation of Calcium Ion Transport,GO_BP,1.15485959,0.364081966,1.13458556,0.40388868,0.707170046,0.999948662,False,shared_heat,1.18634886,-1.23843048
GOBP_POSITIVE_REGULATION_OF_CALCIUM_MEDIATED_SIGNALING,Positive Regulation of Calcium Mediated Signaling,GO_BP,-0.728288574,0.871495712,-0.83523171,0.746173639,0.950459044,0.896633964,False,shared_heat,-0.723547712,-1.78920834
GOBP_POSITIVE_REGULATION_OF_CANONICAL_NF_KAPPAB_SIGNAL_TRANSDUCTION,Positive Regulation of Canonical NF Kappab Signal Transduction,GO_BP,1.34252048,0.112419126,1.16057719,0.319236547,1.45167392,0.240587711,False,shared_heat,1.22699084,1.65371708
GOBP_POSITIVE_REGULATION_OF_CANONICAL_WNT_SIGNALING_PATHWAY,Positive Regulation of Canonical Wnt Signaling Pathway,GO_BP,1.53253682,0.0952133398,1.19303515,0.367238849,1.77671999,0.12218098,False,shared_heat,1.4066908,1.12904747
GOBP_POSITIVE_REGULATION_OF_CARBOHYDRATE_METABOLIC_PROCESS,Positive Regulation of Carbohydrate Metabolic Process,GO_BP,0.756053095,0.878369657,-0.948745784,0.62085857,0.705740366,0.999948662,False,shared_heat,-0.899535833,0.817177843
GOBP_POSITIVE_REGULATION_OF_CATABOLIC_PROCESS,Positive Regulation of Catabolic Process,GO_BP,-1.09805134,0.356392846,-1.21186104,0.21665197,1.17377866,0.556132623,False,shared_heat,-1.19900863,0.942578126
GOBP_POSITIVE_REGULATION_OF_CATALYTIC_ACTIVITY,Positive Regulation of Catalytic Activity,GO_BP,1.39950879,0.073055126,1.23498902,0.222495689,1.46003998,0.218835189,False,shared_heat,1.29590019,0.917350784
GOBP_POSITIVE_REGULATION_OF_CD4_POSITIVE_ALPHA_BETA_T_CELL_ACTIVATION,Positive Regulation of CD4 Positive alpha beta T Cell Activation,GO_BP,1.37061396,0.196088685,1.20275858,0.361951664,1.18737344,0.701594507,False,shared_heat,1.2933581,-0.739206325
GOBP_POSITIVE_REGULATION_OF_CD4_POSITIVE_ALPHA_BETA_T_CELL_DIFFERENTIATION,Positive Regulation of CD4 Positive alpha beta T Cell Differentiation,GO_BP,1.89286675,0.00918866716,1.71924423,0.0446882337,0.990483075,0.865184067,False,shared_heat,1.84148638,0.795733828
GOBP_POSITIVE_REGULATION_OF_CELLULAR_COMPONENT_BIOGENESIS,Positive Regulation of Cellular Component Biogenesis,GO_BP,1.46209358,0.0237702346,1.48528821,0.022982911,0.928420562,0.946761802,False,shared_heat,1.44670614,1.25174783
GOBP_POSITIVE_REGULATION_OF_CELLULAR_COMPONENT_ORGANIZATION,Positive Regulation of Cellular Component Organization,GO_BP,1.5959389,0.000174372969,1.53486074,0.000490700969,1.0959735,0.669537991,False,shared_heat,1.55252034,1.17845565
GOBP_POSITIVE_REGULATION_OF_CELL_ACTIVATION,Positive Regulation of Cell Activation,GO_BP,1.56036637,0.00736767576,1.42888237,0.0381292923,1.19886219,0.51459401,False,shared_heat,1.48168047,1.04879392
GOBP_POSITIVE_REGULATION_OF_CELL_ADHESION,Positive Regulation of Cell Adhesion,GO_BP,1.79119824,4.07478701e-05,1.595053,0.00211021845,1.20296738,0.490606258,False,shared_heat,1.67015694,1.26353005
GOBP_POSITIVE_REGULATION_OF_CELL_CELL_ADHESION,Positive Regulation of Cell Cell Adhesion,GO_BP,1.58544034,0.00807539877,1.40984475,0.0492929952,1.23998126,0.468928058,False,shared_heat,1.51412052,1.05713347
GOBP_POSITIVE_REGULATION_OF_CELL_CYCLE,Positive Regulation of Cell Cycle,GO_BP,1.63959028,0.00746938887,1.52675281,0.0258697502,0.773091754,0.999948662,False,shared_heat,1.65454557,0.947950059
GOBP_POSITIVE_REGULATION_OF_CELL_CYCLE_G1_S_PHASE_TRANSITION,Positive Regulation of Cell Cycle G1 S Phase Transition,GO_BP,1.48762217,0.120296686,1.57295669,0.0968628217,-0.51876047,0.999948662,False,shared_heat,1.56937429,1.1977177
GOBP_POSITIVE_REGULATION_OF_CELL_CYCLE_PHASE_TRANSITION,Positive Regulation of Cell Cycle Phase Transition,GO_BP,1.57337685,0.0539333743,1.51298673,0.0924694082,0.892373826,0.946761802,False,shared_heat,1.58843202,0.996114377
GOBP_POSITIVE_REGULATION_OF_CELL_CYCLE_PROCESS,Positive Regulation of Cell Cycle Process,GO_BP,1.53110503,0.0277234783,1.47611923,0.0521065784,0.715092417,0.999948662,False,shared_heat,1.59376699,1.17222858
GOBP_POSITIVE_REGULATION_OF_CELL_DEVELOPMENT,Positive Regulation of Cell Development,GO_BP,1.56939012,0.00948500214,1.46120069,0.0321245635,1.06303319,0.784611058,False,shared_heat,1.50207797,0.868990078
GOBP_POSITIVE_REGULATION_OF_CELL_DIFFERENTIATION,Positive Regulation of Cell Differentiation,GO_BP,1.81138625,2.03792117e-06,1.71994694,4.91229936e-05,1.09138409,0.699813554,False,shared_heat,1.73802233,1.3282112
GOBP_POSITIVE_REGULATION_OF_CELL_DIVISION,Positive Regulation of Cell Division,GO_BP,1.49994533,0.087039796,1.58500425,0.0656278404,-0.806076144,0.987060088,False,shared_heat,1.57701733,-1.03371852
GOBP_POSITIVE_REGULATION_OF_CELL_GROWTH,Positive Regulation of Cell Growth,GO_BP,1.97030368,0.00122537077,1.83989521,0.00458413347,1.41155509,0.372918319,False,shared_heat,1.92083359,1.52963127
GOBP_POSITIVE_REGULATION_OF_CELL_JUNCTION_ASSEMBLY,Positive Regulation of Cell Junction Assembly,GO_BP,1.5163048,0.0856385066,1.57744715,0.0743179363,-1.02949083,0.843200585,False,shared_heat,1.5801704,1.03684783
GOBP_POSITIVE_REGULATION_OF_CELL_KILLING,Positive Regulation of Cell Killing,GO_BP,-1.08234682,0.44867303,-1.13845236,0.408000435,1.22503533,0.634129589,False,shared_heat,-1.09484445,0.702162285
GOBP_POSITIVE_REGULATION_OF_CELL_MATRIX_ADHESION,Positive Regulation of Cell Matrix Adhesion,GO_BP,1.48243913,0.110760525,1.42206441,0.167113831,0.786380662,0.987060088,False,shared_heat,1.46927714,0.989173397
GOBP_POSITIVE_REGULATION_OF_CELL_POPULATION_PROLIFERATION,Positive Regulation of Cell Population Proliferation,GO_BP,2.02250794,9.62816393e-10,1.91723874,9.20893027e-08,1.14298014,0.550240464,False,shared_heat,1.91770434,1.14680437
GOBP_POSITIVE_REGULATION_OF_CELL_PROJECTION_ORGANIZATION,Positive Regulation of Cell Projection Organization,GO_BP,1.36708141,0.0896013166,1.35945621,0.109751642,1.05631071,0.805596787,False,shared_heat,1.37398659,0.955505362
GOBP_POSITIVE_REGULATION_OF_CELL_SUBSTRATE_ADHESION,Positive Regulation of Cell Substrate Adhesion,GO_BP,1.66329816,0.0257635623,1.62286998,0.0417014925,0.999753269,0.860750881,False,shared_heat,1.6347719,1.10225362
GOBP_POSITIVE_REGULATION_OF_CELL_SUBSTRATE_JUNCTION_ORGANIZATION,Positive Regulation of Cell Substrate Junction Organization,GO_BP,1.78514844,0.0231388559,1.7065454,0.0494754409,0.773046782,0.985759569,False,shared_heat,1.72829206,-0.974948879
GOBP_POSITIVE_REGULATION_OF_CHEMOKINE_PRODUCTION,Positive Regulation of Chemokine Production,GO_BP,1.71389658,0.029820799,1.47083763,0.134081325,1.56604142,0.281091695,False,shared_heat,1.57834448,1.71457247
GOBP_POSITIVE_REGULATION_OF_CHEMOTAXIS,Positive Regulation of Chemotaxis,GO_BP,1.92659227,0.00165681103,1.70307343,0.017364049,1.18314228,0.650801065,False,shared_heat,1.82034019,1.07332697
GOBP_POSITIVE_REGULATION_OF_CHROMOSOME_ORGANIZATION,Positive Regulation of Chromosome Organization,GO_BP,1.04711449,0.485226062,1.05146025,0.490218564,-0.918808913,0.928534743,False,shared_heat,1.11264075,1.23767567
GOBP_POSITIVE_REGULATION_OF_CHROMOSOME_SEGREGATION,Positive Regulation of Chromosome Segregation,GO_BP,-0.702686619,0.883450282,0.719138506,0.8681628,-0.974236428,0.877635327,False,shared_heat,0.816358021,-0.994278893
GOBP_POSITIVE_REGULATION_OF_CHROMOSOME_SEPARATION,Positive Regulation of Chromosome Separation,GO_BP,0.963787099,0.591939774,0.814167305,0.771118935,1.0502145,0.837506067,False,shared_heat,0.920175606,0.734196825
GOBP_POSITIVE_REGULATION_OF_COLD_INDUCED_THERMOGENESIS,Positive Regulation of Cold Induced Thermogenesis,GO_BP,1.26928463,0.224537419,1.28289686,0.234514577,0.989797676,0.869263132,False,shared_heat,1.21052533,-1.13835304
GOBP_POSITIVE_REGULATION_OF_CYTOKINESIS,Positive Regulation of Cytokinesis,GO_BP,0.923843491,0.636776828,1.05876272,0.495497046,-1.04166703,0.839590835,False,shared_heat,0.933238563,0.934016397
GOBP_POSITIVE_REGULATION_OF_CYTOKINE_PRODUCTION,Positive Regulation of Cytokine Production,GO_BP,1.71351861,0.00019964585,1.58116662,0.00211021845,1.59319797,0.0177107601,True,cGAS_amplified,1.61400494,1.52829005
GOBP_POSITIVE_REGULATION_OF_CYTOKINE_PRODUCTION_INVOLVED_IN_IMMUNE_RESPONSE,Positive Regulation of Cytokine Production Involved in Immune Response,GO_BP,1.11212901,0.408635625,1.01781864,0.527116559,1.00869567,0.852313896,False,shared_heat,1.07381333,1.05131374
GOBP_POSITIVE_REGULATION_OF_CYTOSKELETON_ORGANIZATION,Positive Regulation of Cytoskeleton Organization,GO_BP,1.19054303,0.272568642,1.26628908,0.210597403,-0.731079286,0.999948662,False,shared_heat,1.22428073,1.16396349
GOBP_POSITIVE_REGULATION_OF_CYTOSOLIC_CALCIUM_ION_CONCENTRATION,Positive Regulation of Cytosolic Calcium Ion Concentration,GO_BP,1.66999986,0.0252705868,1.43660919,0.12471028,1.19946957,0.646537568,False,shared_heat,1.60252511,1.25812909
GOBP_POSITIVE_REGULATION_OF_DEFENSE_RESPONSE,Positive Regulation of Defense Response,GO_BP,1.42804994,0.0249668705,1.1881386,0.210597403,1.77669207,0.000439350491,True,WT_only,1.26968082,2.06831242
GOBP_POSITIVE_REGULATION_OF_DENDRITIC_SPINE_DEVELOPMENT,Positive Regulation of Dendritic Spine Development,GO_BP,0.960559313,0.594420054,0.879819212,0.683839134,1.51670628,0.390979862,False,shared_heat,0.930819111,0.784564403
GOBP_POSITIVE_REGULATION_OF_DEVELOPMENTAL_GROWTH,Positive Regulation of Developmental Growth,GO_BP,1.6497536,0.028867489,1.49232154,0.0900819799,1.10406903,0.763628996,False,shared_heat,1.55209548,1.22917305
GOBP_POSITIVE_REGULATION_OF_DNA_BINDING_TRANSCRIPTION_FACTOR_ACTIVITY,Positive Regulation of DNA Binding Transcription Factor Activity,GO_BP,1.23192,0.277750591,-1.07875765,0.459968256,1.86823745,0.0295859097,True,sign_reversal,1.11555423,1.56978407
GOBP_POSITIVE_REGULATION_OF_DNA_BIOSYNTHETIC_PROCESS,Positive Regulation of DNA Biosynthetic Process,GO_BP,1.13233448,0.400188605,1.3110313,0.255721392,-0.961962321,0.89481449,False,shared_heat,1.17166277,0.590706805
GOBP_POSITIVE_REGULATION_OF_DNA_METABOLIC_PROCESS,Positive Regulation of DNA Metabolic Process,GO_BP,1.02840098,0.493130037,1.10395777,0.388728996,-1.05607448,0.802087892,False,shared_heat,1.07238241,1.11422355
GOBP_POSITIVE_REGULATION_OF_DNA_RECOMBINATION,Positive Regulation of DNA Recombination,GO_BP,-1.21684891,0.326357847,-1.09854305,0.454825142,-1.0729889,0.805596787,False,shared_heat,-1.11423022,1.19191977
GOBP_POSITIVE_REGULATION_OF_DNA_REPAIR,Positive Regulation of DNA Repair,GO_BP,0.749688982,0.884207552,0.845989786,0.761365671,-0.928976433,0.915293699,False,shared_heat,0.797177982,0.666740827
GOBP_POSITIVE_REGULATION_OF_DNA_REPLICATION,Positive Regulation of DNA Replication,GO_BP,0.79067564,0.79721365,-0.863921876,0.711580786,-0.752449983,0.993239208,False,shared_heat,0.875256269,-0.844837822
GOBP_POSITIVE_REGULATION_OF_DNA_TEMPLATED_TRANSCRIPTION_ELONGATION,Positive Regulation of DNA Templated Transcription Elongation,GO_BP,-1.15992135,0.395854771,-1.15167226,0.424198997,-0.909381099,0.917210487,False,shared_heat,-1.1589407,-1.1466544
GOBP_POSITIVE_REGULATION_OF_DNA_TEMPLATED_TRANSCRIPTION_INITIATION,Positive Regulation of DNA Templated Transcription Initiation,GO_BP,1.17676858,0.372743943,1.01119092,0.538766297,0.761093754,0.989478695,False,shared_heat,1.11973819,0.908710486
GOBP_POSITIVE_REGULATION_OF_DOUBLE_STRAND_BREAK_REPAIR,Positive Regulation of Double Strand Break Repair,GO_BP,-0.971298079,0.586734419,-0.991862416,0.564226775,-0.856736122,0.950156705,False,shared_heat,-0.986656971,-0.744315049
GOBP_POSITIVE_REGULATION_OF_D_GLUCOSE_TRANSMEMBRANE_TRANSPORT,Positive Regulation of D Glucose Transmembrane Transport,GO_BP,0.932253835,0.623967814,0.915422552,0.643354973,0.839131315,0.950156705,False,shared_heat,0.898215436,1.5273288
GOBP_POSITIVE_REGULATION_OF_ENDOCYTOSIS,Positive Regulation of Endocytosis,GO_BP,1.27985782,0.197367758,1.25015375,0.248771214,1.25523138,0.534895861,False,shared_heat,1.28715587,-1.22802463
GOBP_POSITIVE_REGULATION_OF_ENDOTHELIAL_CELL_APOPTOTIC_PROCESS,Positive Regulation of Endothelial Cell Apoptotic Process,GO_BP,1.10444474,0.442235163,-1.03537001,0.521158613,1.55559022,0.34715692,False,shared_heat,1.05066353,0.917100038
GOBP_POSITIVE_REGULATION_OF_ENDOTHELIAL_CELL_MIGRATION,Positive Regulation of Endothelial Cell Migration,GO_BP,1.05899409,0.459535779,-1.10459913,0.425586949,1.11532766,0.738566035,False,shared_heat,-1.03735604,0.937833227
GOBP_POSITIVE_REGULATION_OF_ENDOTHELIAL_CELL_PROLIFERATION,Positive Regulation of Endothelial Cell Proliferation,GO_BP,1.4419397,0.11063385,1.46271188,0.11848167,-0.791955199,0.993239208,False,shared_heat,1.41930816,0.893900088
GOBP_POSITIVE_REGULATION_OF_EPITHELIAL_CELL_DIFFERENTIATION,Positive Regulation of Epithelial Cell Differentiation,GO_BP,1.26164467,0.278986197,1.27665677,0.289807645,0.600320241,0.999948662,False,shared_heat,1.21033988,0.587430037
GOBP_POSITIVE_REGULATION_OF_EPITHELIAL_CELL_MIGRATION,Positive Regulation of Epithelial Cell Migration,GO_BP,0.996848496,0.554813276,0.965389091,0.594192116,0.661369913,0.999948662,False,shared_heat,0.970771703,1.17973266
GOBP_POSITIVE_REGULATION_OF_EPITHELIAL_CELL_PROLIFERATION,Positive Regulation of Epithelial Cell Proliferation,GO_BP,1.86034842,0.00171235143,1.78515604,0.00739697788,-0.806951295,0.995669129,False,shared_heat,1.75881512,1.24167953
GOBP_POSITIVE_REGULATION_OF_EPITHELIAL_TO_MESENCHYMAL_TRANSITION,Positive Regulation of Epithelial to Mesenchymal Transition,GO_BP,1.50735743,0.0884612479,1.41348169,0.158546253,1.42161672,0.410109599,False,shared_heat,1.43660941,-0.767085023
GOBP_POSITIVE_REGULATION_OF_ERBB_SIGNALING_PATHWAY,Positive Regulation of Erbb Signaling Pathway,GO_BP,1.75066904,0.0308718043,1.65141083,0.0719430508,1.29204611,0.600373543,False,shared_heat,1.70092628,1.40927774
GOBP_POSITIVE_REGULATION_OF_ERK1_AND_ERK2_CASCADE,Positive Regulation of ERK-1 and ERK-2 Cascade,GO_BP,1.66513995,0.0154226482,1.64335219,0.0244780457,0.982622683,0.877312407,False,shared_heat,1.62866301,-0.949249504
GOBP_POSITIVE_REGULATION_OF_ERYTHROCYTE_DIFFERENTIATION,Positive Regulation of Erythrocyte Differentiation,GO_BP,-1.26700508,0.298423594,-1.18590138,0.390371379,0.876803527,0.944986169,False,shared_heat,-1.25344483,1.62697415
GOBP_POSITIVE_REGULATION_OF_ESTABLISHMENT_OF_PROTEIN_LOCALIZATION,Positive Regulation of Establishment of Protein Localization,GO_BP,1.88758156,0.00019964585,1.69680039,0.00516392856,1.19763141,0.551555915,False,shared_heat,1.77189081,0.820351602
GOBP_POSITIVE_REGULATION_OF_ESTABLISHMENT_OF_PROTEIN_LOCALIZATION_TO_MITOCHONDRION,Positive Regulation of Establishment of Protein Localization to Mitochondrion,GO_BP,1.18510407,0.372598791,1.11412917,0.451885164,1.24411309,0.667000186,False,shared_heat,1.12781698,1.1121198
GOBP_POSITIVE_REGULATION_OF_EXOCYTOSIS,Positive Regulation of Exocytosis,GO_BP,1.38562364,0.160391168,1.38983795,0.17741288,-1.04252041,0.832981042,False,shared_heat,1.36109939,-1.16087281
GOBP_POSITIVE_REGULATION_OF_EXTRACELLULAR_MATRIX_ORGANIZATION,Positive Regulation of Extracellular Matrix Organization,GO_BP,1.02219498,0.52739048,0.816406803,0.765191161,1.02267984,0.844399056,False,shared_heat,0.846546182,0.891499432
GOBP_POSITIVE_REGULATION_OF_EXTRINSIC_APOPTOTIC_SIGNALING_PATHWAY,Positive Regulation of Extrinsic Apoptotic Signaling Pathway,GO_BP,1.65825754,0.0376426444,1.50003809,0.109751642,0.780654545,0.992649497,False,shared_heat,1.55317444,1.15345127
GOBP_POSITIVE_REGULATION_OF_FATTY_ACID_METABOLIC_PROCESS,Positive Regulation of Fatty Acid Metabolic Process,GO_BP,1.2555328,0.313863827,0.985622788,0.568118223,0.77182482,0.983834965,False,shared_heat,1.18527018,0.856469706
GOBP_POSITIVE_REGULATION_OF_FAT_CELL_DIFFERENTIATION,Positive Regulation of Fat Cell Differentiation,GO_BP,1.90720934,0.00735947322,1.76320888,0.0311708307,0.984565937,0.871101927,False,shared_heat,1.76742642,-0.741846153
GOBP_POSITIVE_REGULATION_OF_FIBROBLAST_PROLIFERATION,Positive Regulation of Fibroblast Proliferation,GO_BP,1.72462822,0.030658849,1.70386208,0.0436940926,0.890594799,0.944986169,False,shared_heat,1.6643757,0.828462872
GOBP_POSITIVE_REGULATION_OF_FOCAL_ADHESION_ASSEMBLY,Positive Regulation of Focal Adhesion Assembly,GO_BP,1.57825045,0.0934467661,1.47444814,0.171245092,0.766947815,0.98478006,False,shared_heat,1.50612817,-1.02364711
GOBP_POSITIVE_REGULATION_OF_G1_S_TRANSITION_OF_MITOTIC_CELL_CYCLE,Positive Regulation of G1 S Transition of Mitotic Cell Cycle,GO_BP,1.40194436,0.185325441,1.47070546,0.161295785,0.573009475,0.999948662,False,shared_heat,1.45327888,1.01609722
GOBP_POSITIVE_REGULATION_OF_GLIAL_CELL_DIFFERENTIATION,Positive Regulation of Glial Cell Differentiation,GO_BP,0.991273231,0.558058486,-0.844449862,0.73385472,1.04557717,0.839590835,False,shared_heat,0.906890897,1.0499391
GOBP_POSITIVE_REGULATION_OF_GLIOGENESIS,Positive Regulation of Gliogenesis,GO_BP,1.34019839,0.198510672,1.24317789,0.306337105,0.691825461,0.999948662,False,shared_heat,1.28659909,0.787754825
GOBP_POSITIVE_REGULATION_OF_GLUCOSE_METABOLIC_PROCESS,Positive Regulation of Glucose Metabolic Process,GO_BP,-1.2166101,0.344645782,-1.36926794,0.238415373,0.787068298,0.980529725,False,shared_heat,-1.34428713,-1.04835836
GOBP_POSITIVE_REGULATION_OF_GROWTH,Positive Regulation of Growth,GO_BP,1.95307877,0.000297333791,1.74995227,0.00800794253,1.33976542,0.399046214,False,shared_heat,1.84008438,1.48244676
GOBP_POSITIVE_REGULATION_OF_GTPASE_ACTIVITY,Positive Regulation of Gtpase Activity,GO_BP,-1.01499972,0.530964979,-1.02278585,0.527116559,0.661399602,0.999948662,False,shared_heat,-1.00140616,1.25119618
GOBP_POSITIVE_REGULATION_OF_G_PROTEIN_COUPLED_RECEPTOR_SIGNALING_PATHWAY,Positive Regulation of G Protein Coupled Receptor Signaling Pathway,GO_BP,1.05603764,0.494321503,1.10895375,0.454825142,0.580036224,0.999948662,False,shared_heat,1.08297256,0.887583124
GOBP_POSITIVE_REGULATION_OF_HEMOPOIESIS,Positive Regulation of Hemopoiesis,GO_BP,1.45182493,0.0586730434,1.30767039,0.164932442,1.23178517,0.534895861,False,shared_heat,1.36411778,0.892302598
GOBP_POSITIVE_REGULATION_OF_HORMONE_SECRETION,Positive Regulation of Hormone Secretion,GO_BP,1.50373695,0.0741475863,1.37292174,0.164499859,1.3641249,0.432558755,False,shared_heat,1.43393245,-1.08021689
GOBP_POSITIVE_REGULATION_OF_HYDROLASE_ACTIVITY,Positive Regulation of Hydrolase Activity,GO_BP,-1.06066246,0.473058637,-1.07187915,0.47336069,0.659811224,0.999948662,False,shared_heat,-1.04373407,1.18786109
GOBP_POSITIVE_REGULATION_OF_IMMUNE_EFFECTOR_PROCESS,Positive Regulation of Immune Effector Process,GO_BP,1.43491994,0.0471326606,1.34891296,0.107144008,1.0284234,0.839157547,False,shared_heat,1.35273031,1.05253708
GOBP_POSITIVE_REGULATION_OF_IMMUNE_RESPONSE,Positive Regulation of Immune Response,GO_BP,1.47416494,0.00544598242,-1.17499367,0.220365649,1.70578998,0.000722724658,True,sign_reversal,1.30760495,1.71743628
GOBP_POSITIVE_REGULATION_OF_IMMUNOGLOBULIN_PRODUCTION,Positive Regulation of Immunoglobulin Production,GO_BP,-1.14687637,0.375968832,-1.12164324,0.426296064,-0.89010234,0.946761802,False,shared_heat,-1.15944684,1.2407813
GOBP_POSITIVE_REGULATION_OF_INFLAMMATORY_RESPONSE,Positive Regulation of Inflammatory Response,GO_BP,1.48612348,0.0533674761,1.45248971,0.0775270711,1.14961183,0.681538618,False,shared_heat,1.4235666,1.03908766
GOBP_POSITIVE_REGULATION_OF_INSULIN_SECRETION,Positive Regulation of Insulin Secretion,GO_BP,1.24650689,0.281117927,1.11038637,0.431179087,1.2825873,0.56007595,False,shared_heat,1.15224223,0.886001684
GOBP_POSITIVE_REGULATION_OF_INTERFERON_BETA_PRODUCTION,Positive Regulation of Interferon-beta Production,GO_BP,1.28277716,0.281495631,-0.948172076,0.615662652,2.29956108,0.000389781946,True,sign_reversal,0.897396058,2.4747533
GOBP_POSITIVE_REGULATION_OF_INTERLEUKIN_10_PRODUCTION,Positive Regulation of Interleukin 10 Production,GO_BP,1.1697048,0.371332753,1.20000383,0.363998425,0.84277889,0.955039892,False,shared_heat,1.07622068,1.74334871
GOBP_POSITIVE_REGULATION_OF_INTERLEUKIN_12_PRODUCTION,Positive Regulation of Interleukin 12 Production,GO_BP,1.42888915,0.153734083,1.4459535,0.162432382,-0.522295547,0.999948662,False,shared_heat,1.44316643,-0.983048884
GOBP_POSITIVE_REGULATION_OF_INTERLEUKIN_17_PRODUCTION,Positive Regulation of Interleukin 17 Production,GO_BP,1.7879537,0.0252011344,1.63981982,0.0820638588,0.806940121,0.967415834,False,shared_heat,1.71521997,0.746443102
GOBP_POSITIVE_REGULATION_OF_INTERLEUKIN_1_PRODUCTION,Positive Regulation of Interleukin 1 Production,GO_BP,1.15932978,0.36991249,1.14931662,0.397149873,0.902172437,0.935328225,False,shared_heat,1.12169953,-0.908086449
GOBP_POSITIVE_REGULATION_OF_INTERLEUKIN_2_PRODUCTION,Positive Regulation of Interleukin 2 Production,GO_BP,-1.19129184,0.337312164,-1.25886342,0.295767535,0.886808355,0.946761802,False,shared_heat,-1.25639038,-0.928839105
GOBP_POSITIVE_REGULATION_OF_INTERLEUKIN_6_PRODUCTION,Positive Regulation of Interleukin 6 Production,GO_BP,1.46774357,0.100072307,1.41487827,0.14805913,0.964481618,0.89481449,False,shared_heat,1.39034184,-0.980244886
GOBP_POSITIVE_REGULATION_OF_INTERLEUKIN_8_PRODUCTION,Positive Regulation of Interleukin 8 Production,GO_BP,1.09191611,0.442235163,1.1315388,0.417318242,-0.795365565,0.985926477,False,shared_heat,1.07822397,-0.815040753
GOBP_POSITIVE_REGULATION_OF_INTRACELLULAR_PROTEIN_TRANSPORT,Positive Regulation of Intracellular Protein Transport,GO_BP,1.68875789,0.0252705868,1.54196523,0.0811857276,1.1040127,0.775134311,False,shared_heat,1.60443456,0.951533954
GOBP_POSITIVE_REGULATION_OF_INTRACELLULAR_TRANSPORT,Positive Regulation of Intracellular Transport,GO_BP,1.72029259,0.0127958052,1.60382558,0.0410197476,0.921115575,0.931631291,False,shared_heat,1.64804681,0.697145471
GOBP_POSITIVE_REGULATION_OF_INTRINSIC_APOPTOTIC_SIGNALING_PATHWAY,Positive Regulation of Intrinsic Apoptotic Signaling Pathway,GO_BP,-1.13186004,0.396911479,-1.11957089,0.429584325,-1.3499709,0.475690767,False,shared_heat,-1.19701729,-1.6141564
GOBP_POSITIVE_REGULATION_OF_JNK_CASCADE,Positive Regulation of JNK Cascade,GO_BP,1.15416217,0.364183624,1.04832152,0.492648523,1.24006142,0.605877659,False,shared_heat,1.09436241,0.86129595
GOBP_POSITIVE_REGULATION_OF_KINASE_ACTIVITY,Positive Regulation of Kinase Activity,GO_BP,1.34565256,0.157048785,1.14183928,0.375114199,1.54872658,0.226936837,False,shared_heat,1.2422521,-0.774230496
GOBP_POSITIVE_REGULATION_OF_LAMELLIPODIUM_ORGANIZATION,Positive Regulation of Lamellipodium Organization,GO_BP,1.07038366,0.474637574,0.898312124,0.669002083,1.42322719,0.468677619,False,shared_heat,0.878996996,0.851892032
GOBP_POSITIVE_REGULATION_OF_LEUKOCYTE_ADHESION_TO_VASCULAR_ENDOTHELIAL_CELL,Positive Regulation of Leukocyte Adhesion to Vascular Endothelial Cell,GO_BP,1.08103506,0.4675178,1.10862426,0.453813507,-0.60549248,0.999948662,False,shared_heat,1.01952867,-0.768083762
GOBP_POSITIVE_REGULATION_OF_LEUKOCYTE_APOPTOTIC_PROCESS,Positive Regulation of Leukocyte Apoptotic Process,GO_BP,1.60811352,0.0715619369,1.56594976,0.109157484,-1.11461343,0.782001319,False,shared_heat,1.64158683,-1.09548726
GOBP_POSITIVE_REGULATION_OF_LEUKOCYTE_CELL_CELL_ADHESION,Positive Regulation of Leukocyte Cell Cell Adhesion,GO_BP,1.60979036,0.00832690746,1.41575899,0.0560176257,1.17701311,0.592109871,False,shared_heat,1.530246,1.06614361
GOBP_POSITIVE_REGULATION_OF_LEUKOCYTE_CHEMOTAXIS,Positive Regulation of Leukocyte Chemotaxis,GO_BP,1.77734833,0.0107099573,1.61123465,0.0494754409,0.957673076,0.896633964,False,shared_heat,1.6727669,1.12523877
GOBP_POSITIVE_REGULATION_OF_LEUKOCYTE_DEGRANULATION,Positive Regulation of Leukocyte Degranulation,GO_BP,0.768168432,0.82520191,0.793667178,0.79769743,-1.1884354,0.701594507,False,shared_heat,0.72204119,-1.16003294
GOBP_POSITIVE_REGULATION_OF_LEUKOCYTE_MEDIATED_IMMUNITY,Positive Regulation of Leukocyte Mediated Immunity,GO_BP,1.3353342,0.14584689,1.22390171,0.27463011,1.05959245,0.805596787,False,shared_heat,1.25446682,1.12345265
GOBP_POSITIVE_REGULATION_OF_LEUKOCYTE_MIGRATION,Positive Regulation of Leukocyte Migration,GO_BP,1.7842797,0.00544598242,1.64629887,0.0259132252,0.870412563,0.959690565,False,shared_heat,1.63870406,1.03535282
GOBP_POSITIVE_REGULATION_OF_LEUKOCYTE_PROLIFERATION,Positive Regulation of Leukocyte Proliferation,GO_BP,1.56862529,0.0257635623,1.4038421,0.0995303281,1.16699846,0.651868673,False,shared_heat,1.48282448,1.14848845
GOBP_POSITIVE_REGULATION_OF_LIPID_BIOSYNTHETIC_PROCESS,Positive Regulation of Lipid Biosynthetic Process,GO_BP,1.22513142,0.292971884,1.03857168,0.5062969,0.926999307,0.915293699,False,shared_heat,1.10070519,1.22194754
GOBP_POSITIVE_REGULATION_OF_LIPID_LOCALIZATION,Positive Regulation of Lipid Localization,GO_BP,1.72627261,0.0196500457,1.70002408,0.0306152684,-0.716650437,0.999948662,False,shared_heat,1.70968135,-1.19130415
GOBP_POSITIVE_REGULATION_OF_LIPID_METABOLIC_PROCESS,Positive Regulation of Lipid Metabolic Process,GO_BP,1.22299524,0.278447149,1.0997622,0.429584325,0.751515089,0.999730512,False,shared_heat,1.17506013,1.25540653
GOBP_POSITIVE_REGULATION_OF_LIPID_TRANSPORT,Positive Regulation of Lipid Transport,GO_BP,1.3736584,0.173575362,1.33296092,0.225725296,-0.727879791,0.999948662,False,shared_heat,1.35583863,-1.20300838
GOBP_POSITIVE_REGULATION_OF_LOCOMOTION,Positive Regulation of Locomotion,GO_BP,1.73908247,7.98093751e-05,1.69329413,0.000279693102,0.856538846,0.996578828,False,shared_heat,1.70043923,1.21893552
GOBP_POSITIVE_REGULATION_OF_LYMPHOCYTE_DIFFERENTIATION,Positive Regulation of Lymphocyte Differentiation,GO_BP,1.25767263,0.221535462,-1.0607411,0.474326206,1.08912319,0.778723147,False,shared_heat,1.13994946,1.07041216
GOBP_POSITIVE_REGULATION_OF_LYMPHOCYTE_MIGRATION,Positive Regulation of Lymphocyte Migration,GO_BP,1.54158625,0.100072307,1.35092322,0.244011,1.09982423,0.797703111,False,shared_heat,1.38514121,1.94231997
GOBP_POSITIVE_REGULATION_OF_MACROAUTOPHAGY,Positive Regulation of Macroautophagy,GO_BP,-1.14603925,0.379083313,-1.18247147,0.367900767,-0.744630127,0.996578828,False,shared_heat,-1.21082958,1.21170757
GOBP_POSITIVE_REGULATION_OF_MAPK_CASCADE,Positive Regulation of MAPK Cascade,GO_BP,1.4444983,0.0288880152,1.36639505,0.0679453817,1.40895615,0.208981217,False,shared_heat,1.40521547,1.17172514
GOBP_POSITIVE_REGULATION_OF_MAP_KINASE_ACTIVITY,Positive Regulation of Map Kinase Activity,GO_BP,-0.955245791,0.602925039,-1.13552207,0.435828271,1.45499987,0.436869295,False,shared_heat,-1.05869654,0.736422874
GOBP_POSITIVE_REGULATION_OF_MEMBRANE_PERMEABILITY,Positive Regulation of Membrane Permeability,GO_BP,1.03976528,0.504728227,1.11343098,0.445823354,-1.15798827,0.730616091,False,shared_heat,1.12383924,-0.957583549
GOBP_POSITIVE_REGULATION_OF_MICROTUBULE_POLYMERIZATION_OR_DEPOLYMERIZATION,Positive Regulation of Microtubule Polymerization or Depolymerization,GO_BP,1.03063358,0.515231626,1.13141981,0.43070977,-0.96817395,0.886517939,False,shared_heat,1.08178844,0.994823153
GOBP_POSITIVE_REGULATION_OF_MIRNA_METABOLIC_PROCESS,Positive Regulation of miRNA Metabolic Process,GO_BP,1.75237652,0.0150221256,1.44394868,0.129618513,1.50286396,0.307089105,False,shared_heat,1.55036449,1.0364762
GOBP_POSITIVE_REGULATION_OF_MITOCHONDRIAL_MEMBRANE_PERMEABILITY,Positive Regulation of Mitochondrial Membrane Permeability,GO_BP,1.02828016,0.519730117,1.10919919,0.450533346,-1.12404778,0.775134311,False,shared_heat,1.10676468,-0.813185145
GOBP_POSITIVE_REGULATION_OF_MITOTIC_CELL_CYCLE,Positive Regulation of Mitotic Cell Cycle,GO_BP,1.66470329,0.0231388559,1.52318062,0.0709951077,1.24230059,0.567343411,False,shared_heat,1.61190138,0.981348526
GOBP_POSITIVE_REGULATION_OF_MITOTIC_CELL_CYCLE_PHASE_TRANSITION,Positive Regulation of Mitotic Cell Cycle Phase Transition,GO_BP,1.45558617,0.108823936,1.38764495,0.171511564,1.02198706,0.844399056,False,shared_heat,1.48932062,1.08463218
GOBP_POSITIVE_REGULATION_OF_MITOTIC_NUCLEAR_DIVISION,Positive Regulation of Mitotic Nuclear Division,GO_BP,1.60016651,0.0753336008,1.21163103,0.361951664,1.28214019,0.601230151,False,shared_heat,1.47080444,1.04418416
GOBP_POSITIVE_REGULATION_OF_MOLECULAR_FUNCTION,Positive Regulation of Molecular Function,GO_BP,1.39866266,0.0445342857,1.18603885,0.236323082,1.65388128,0.0161153752,True,WT_only,1.25701556,1.30731513
GOBP_POSITIVE_REGULATION_OF_MONOATOMIC_ION_TRANSMEMBRANE_TRANSPORT,Positive Regulation of Monoatomic Ion Transmembrane Transport,GO_BP,-1.46412006,0.100072307,-1.35641869,0.195644997,0.707257638,0.999948662,False,shared_heat,-1.42057797,-1.16938766
GOBP_POSITIVE_REGULATION_OF_MONOATOMIC_ION_TRANSPORT,Positive Regulation of Monoatomic Ion Transport,GO_BP,1.10030785,0.404969339,1.02134127,0.518272805,-0.796622065,0.994909646,False,shared_heat,-1.02967032,1.07824989
GOBP_POSITIVE_REGULATION_OF_MONONUCLEAR_CELL_MIGRATION,Positive Regulation of Mononuclear Cell Migration,GO_BP,1.77001536,0.0120684397,1.52948117,0.0852159207,1.2130927,0.63568473,False,shared_heat,1.60096254,1.33052218
GOBP_POSITIVE_REGULATION_OF_MORPHOGENESIS_OF_AN_EPITHELIUM,Positive Regulation of Morphogenesis of An Epithelium,GO_BP,1.00974537,0.54222906,0.964976986,0.593715451,-0.502585406,0.999948662,False,shared_heat,1.00213204,1.02070735
GOBP_POSITIVE_REGULATION_OF_MRNA_METABOLIC_PROCESS,Positive Regulation of mRNA Metabolic Process,GO_BP,-1.03883303,0.494695806,-1.01549876,0.531277656,0.910647448,0.939324821,False,shared_heat,-1.05227365,0.831525949
GOBP_POSITIVE_REGULATION_OF_MUSCLE_CELL_DIFFERENTIATION,Positive Regulation of Muscle Cell Differentiation,GO_BP,1.24963083,0.285517833,1.19083123,0.361951664,-1.00937105,0.852313896,False,shared_heat,1.21788319,1.38493961
GOBP_POSITIVE_REGULATION_OF_MUSCLE_CONTRACTION,Positive Regulation of Muscle Contraction,GO_BP,1.1403648,0.405924032,1.0817793,0.474365886,-0.979961716,0.87612346,False,shared_heat,1.06363635,-1.28227156
GOBP_POSITIVE_REGULATION_OF_MYELOID_CELL_DIFFERENTIATION,Positive Regulation of Myeloid Cell Differentiation,GO_BP,1.29118958,0.209696806,1.22164103,0.299225531,0.869812456,0.955039892,False,shared_heat,1.25333098,1.40532419
GOBP_POSITIVE_REGULATION_OF_MYELOID_LEUKOCYTE_DIFFERENTIATION,Positive Regulation of Myeloid Leukocyte Differentiation,GO_BP,1.4973054,0.100072307,1.40625661,0.173574933,0.825191763,0.972551574,False,shared_heat,1.44755943,0.662112321
GOBP_POSITIVE_REGULATION_OF_NATURAL_KILLER_CELL_MEDIATED_CYTOTOXICITY,Positive Regulation of Natural Killer Cell Mediated Cytotoxicity,GO_BP,-0.975553409,0.580952133,-1.22654325,0.359204,1.70176006,0.19968263,False,shared_heat,-1.15842532,1.07445029
GOBP_POSITIVE_REGULATION_OF_NATURAL_KILLER_CELL_MEDIATED_IMMUNITY,Positive Regulation of Natural Killer Cell Mediated Immunity,GO_BP,-0.975553409,0.580952133,-1.22654325,0.359204,1.70176006,0.19968263,False,shared_heat,-1.15842532,1.07445029
GOBP_POSITIVE_REGULATION_OF_NERVOUS_SYSTEM_DEVELOPMENT,Positive Regulation of Nervous System Development,GO_BP,1.40468227,0.0856385066,1.50009059,0.0560527002,-0.818169767,0.994909646,False,shared_heat,1.41670718,1.17377006
GOBP_POSITIVE_REGULATION_OF_NEURAL_PRECURSOR_CELL_PROLIFERATION,Positive Regulation of Neural Precursor Cell Proliferation,GO_BP,1.20147649,0.352304261,1.14926987,0.415622912,0.643679813,0.999948662,False,shared_heat,1.17968576,-0.664131483
GOBP_POSITIVE_REGULATION_OF_NEUROGENESIS,Positive Regulation of Neurogenesis,GO_BP,1.48293797,0.0583144813,1.49971483,0.0648791427,0.707606451,0.999948662,False,shared_heat,1.46145413,0.838601053
GOBP_POSITIVE_REGULATION_OF_NEURON_APOPTOTIC_PROCESS,Positive Regulation of Neuron Apoptotic Process,GO_BP,-1.17176075,0.349991327,-1.09036959,0.453813507,-0.942448855,0.907191457,False,shared_heat,-1.18752995,0.816257117
GOBP_POSITIVE_REGULATION_OF_NEURON_DIFFERENTIATION,Positive Regulation of Neuron Differentiation,GO_BP,0.859958398,0.715489908,-0.887144869,0.684911918,1.12186426,0.775164918,False,shared_heat,-0.845599048,1.38046652
GOBP_POSITIVE_REGULATION_OF_NEURON_PROJECTION_DEVELOPMENT,Positive Regulation of Neuron Projection Development,GO_BP,1.10417939,0.41799563,-0.95113472,0.619631695,0.733022626,0.999948662,False,shared_heat,0.990523017,0.801642812
GOBP_POSITIVE_REGULATION_OF_NEUTROPHIL_MIGRATION,Positive Regulation of Neutrophil Migration,GO_BP,1.23556525,0.330643613,1.18691634,0.390147367,0.864678273,0.946761802,False,shared_heat,1.20099875,-0.808026319
GOBP_POSITIVE_REGULATION_OF_NF_KAPPAB_TRANSCRIPTION_FACTOR_ACTIVITY,Positive Regulation of NF Kappab Transcription Factor Activity,GO_BP,1.37554221,0.170002249,1.10492326,0.435828271,1.96863725,0.0198433002,True,cGAS_amplified,1.21233828,1.62031816
GOBP_POSITIVE_REGULATION_OF_NITRIC_OXIDE_BIOSYNTHETIC_PROCESS,Positive Regulation of Nitric Oxide Biosynthetic Process,GO_BP,1.66164666,0.0468711923,1.64722852,0.0645076523,0.619611751,0.999948662,False,shared_heat,1.65181812,0.632733235
GOBP_POSITIVE_REGULATION_OF_NON_CANONICAL_NF_KAPPAB_SIGNAL_TRANSDUCTION,Positive Regulation of Non Canonical NF Kappab Signal Transduction,GO_BP,-1.25839897,0.273157968,-1.41717541,0.164483111,1.30350653,0.534895861,False,shared_heat,-1.38609871,0.976162405
GOBP_POSITIVE_REGULATION_OF_NOTCH_SIGNALING_PATHWAY,Positive Regulation of Notch Signaling Pathway,GO_BP,-1.10120849,0.449296023,-1.07028703,0.491902398,0.940664266,0.901724006,False,shared_heat,-1.07471375,-1.19268061
GOBP_POSITIVE_REGULATION_OF_NUCLEAR_DIVISION,Positive Regulation of Nuclear Division,GO_BP,1.55017578,0.0884612479,1.08541854,0.465910165,1.18328731,0.70555288,False,shared_heat,1.40809014,0.934823451
GOBP_POSITIVE_REGULATION_OF_NUCLEOCYTOPLASMIC_TRANSPORT,Positive Regulation of Nucleocytoplasmic Transport,GO_BP,1.80578803,0.0150500482,1.68399939,0.0438107464,0.972842809,0.884619247,False,shared_heat,1.70582763,0.877920856
GOBP_POSITIVE_REGULATION_OF_NUCLEOTIDE_METABOLIC_PROCESS,Positive Regulation of Nucleotide Metabolic Process,GO_BP,-0.705568527,0.880764125,-0.807691328,0.771118935,-0.687329011,0.999948662,False,shared_heat,-0.763647324,0.854563464
GOBP_POSITIVE_REGULATION_OF_ORGANELLE_ASSEMBLY,Positive Regulation of Organelle Assembly,GO_BP,1.10901903,0.420271082,1.03476218,0.511118784,0.717136486,0.999948662,False,shared_heat,1.04110883,1.24045241
GOBP_POSITIVE_REGULATION_OF_ORGANELLE_ORGANIZATION,Positive Regulation of Organelle Organization,GO_BP,1.39481818,0.0393094762,1.32724964,0.0820638588,0.883275424,0.981959171,False,shared_heat,1.38028611,1.04295627
GOBP_POSITIVE_REGULATION_OF_ORGANIC_ACID_TRANSPORT,Positive Regulation of Organic Acid Transport,GO_BP,1.24262123,0.309843392,1.19603535,0.369017373,0.86942211,0.950156705,False,shared_heat,1.1920514,0.880481469
GOBP_POSITIVE_REGULATION_OF_ORGAN_GROWTH,Positive Regulation of Organ Growth,GO_BP,1.62383276,0.0693431628,1.3105232,0.288833125,1.50035515,0.395684613,False,shared_heat,1.44869846,1.35229813
GOBP_POSITIVE_REGULATION_OF_OSSIFICATION,Positive Regulation of Ossification,GO_BP,1.38745416,0.193324748,0.978767698,0.573790079,1.68051995,0.208981217,False,shared_heat,1.18907645,1.86619209
GOBP_POSITIVE_REGULATION_OF_OSTEOBLAST_DIFFERENTIATION,Positive Regulation of Osteoblast Differentiation,GO_BP,1.08518178,0.454029837,1.03764706,0.512164672,0.856539535,0.950156705,False,shared_heat,1.07038509,-0.881655472
GOBP_POSITIVE_REGULATION_OF_PATTERN_RECOGNITION_RECEPTOR_SIGNALING_PATHWAY,Positive Regulation of Pattern Recognition Receptor Signaling Pathway,GO_BP,-0.9374664,0.627124827,-1.03020445,0.520608434,1.55046795,0.307089105,False,shared_heat,-1.01716767,1.88377511
GOBP_POSITIVE_REGULATION_OF_PEPTIDE_SECRETION,Positive Regulation of Peptide Secretion,GO_BP,1.42059725,0.1366023449999999,1.24064521,0.302479643,1.42433008,0.410717243,False,shared_heat,1.32433525,0.832650704
GOBP_POSITIVE_REGULATION_OF_PEPTIDYL_TYROSINE_PHOSPHORYLATION,Positive Regulation of Peptidyl Tyrosine Phosphorylation,GO_BP,1.21519566,0.309663715,1.01149827,0.533855847,1.27138469,0.568502828,False,shared_heat,1.09425857,0.848639877
GOBP_POSITIVE_REGULATION_OF_PHAGOCYTOSIS,Positive Regulation of Phagocytosis,GO_BP,0.913755832,0.656224054,-1.01107976,0.542043385,1.35216236,0.499206007,False,shared_heat,-0.899630067,-1.189309
GOBP_POSITIVE_REGULATION_OF_PHOSPHATIDYLINOSITOL_3_KINASE_PROTEIN_KINASE_B_SIGNAL_TRANSDUCTION,Positive Regulation of Phosphatidylinositol 3 Kinase Protein Kinase B Signal ...,GO_BP,1.5723037,0.0227776485,1.45774254,0.0656278404,1.21520425,0.557954428,False,shared_heat,1.51993818,1.24756263
GOBP_POSITIVE_REGULATION_OF_PHOSPHORUS_METABOLIC_PROCESS,Positive Regulation of Phosphorus Metabolic Process,GO_BP,1.3945194,0.0604725848,1.21109019,0.232533979,1.5148067,0.12218098,False,shared_heat,1.26283217,-0.982021022
GOBP_POSITIVE_REGULATION_OF_PHOSPHORYLATION,Positive Regulation of Phosphorylation,GO_BP,1.48653463,0.0346347099,1.28375088,0.166376508,1.65567711,0.04694595,True,WT_only,1.35371764,-0.897955023
GOBP_POSITIVE_REGULATION_OF_PLASMA_MEMBRANE_BOUNDED_CELL_PROJECTION_ASSEMBLY,Positive Regulation of Plasma Membrane Bounded Cell Projection Assembly,GO_BP,1.10884739,0.414296118,1.124548,0.411442546,1.17860499,0.688193353,False,shared_heat,1.08324554,0.768020634
GOBP_POSITIVE_REGULATION_OF_POST_TRANSLATIONAL_PROTEIN_MODIFICATION,Positive Regulation of Post Translational Protein Modification,GO_BP,-1.24806855,0.246076574,-1.15600709,0.370676025,1.01589604,0.844399056,False,shared_heat,-1.20069234,1.01363725
GOBP_POSITIVE_REGULATION_OF_PRODUCTION_OF_MOLECULAR_MEDIATOR_OF_IMMUNE_RESPONSE,Positive Regulation of Production of Molecular Mediator of Immune Response,GO_BP,1.06416711,0.44867303,1.09234716,0.424030123,0.620839065,0.999948662,False,shared_heat,1.05952131,1.05805302
GOBP_POSITIVE_REGULATION_OF_PROGRAMMED_CELL_DEATH,Positive Regulation of Programmed Cell Death,GO_BP,1.49861855,0.00620083007,1.37597374,0.034600816,1.04998062,0.796014142,False,shared_heat,1.3993963,1.00483979
GOBP_POSITIVE_REGULATION_OF_PROTEASOMAL_PROTEIN_CATABOLIC_PROCESS,Positive Regulation of Proteasomal Protein Catabolic Process,GO_BP,0.962478307,0.599627273,-0.876770934,0.728257817,1.18847858,0.667000186,False,shared_heat,0.942182376,-0.852223719
GOBP_POSITIVE_REGULATION_OF_PROTEASOMAL_UBIQUITIN_DEPENDENT_PROTEIN_CATABOLIC_PROCESS,Positive Regulation of Proteasomal Ubiquitin Dependent Protein Catabolic Process,GO_BP,-0.904889682,0.676850529,-0.928556007,0.644078115,1.44924778,0.391006788,False,shared_heat,-0.934442034,0.792992248
GOBP_POSITIVE_REGULATION_OF_PROTEIN_CATABOLIC_PROCESS,Positive Regulation of Protein Catabolic Process,GO_BP,1.28301465,0.177257799,1.09152665,0.416689209,1.19713128,0.5990368,False,shared_heat,1.18673586,-1.03059097
GOBP_POSITIVE_REGULATION_OF_PROTEIN_CONTAINING_COMPLEX_ASSEMBLY,Positive Regulation of Protein Containing Complex Assembly,GO_BP,1.30853317,0.153117806,1.24014116,0.238415373,0.850156071,0.981927144,False,shared_heat,1.25384211,1.244297
GOBP_POSITIVE_REGULATION_OF_PROTEIN_IMPORT_INTO_NUCLEUS,Positive Regulation of Protein Import Into Nucleus,GO_BP,1.66579355,0.0504843159,1.46270682,0.164945666,1.06550936,0.814304261,False,shared_heat,1.52373093,0.937095223
GOBP_POSITIVE_REGULATION_OF_PROTEIN_LOCALIZATION,Positive Regulation of Protein Localization,GO_BP,1.74483507,0.000615595552,1.59204711,0.00530903329,1.17046734,0.567190143,False,shared_heat,1.62270138,1.04255704
GOBP_POSITIVE_REGULATION_OF_PROTEIN_LOCALIZATION_TO_CELL_PERIPHERY,Positive Regulation of Protein Localization to Cell Periphery,GO_BP,1.65383956,0.0381791919,1.72405014,0.0304372892,-0.785433372,0.993239208,False,shared_heat,1.62955801,-0.80684414
GOBP_POSITIVE_REGULATION_OF_PROTEIN_LOCALIZATION_TO_MEMBRANE,Positive Regulation of Protein Localization to Membrane,GO_BP,1.95493776,0.00246424226,1.84670814,0.0110761358,-0.607879766,0.999948662,False,shared_heat,1.8934146,0.979609075
GOBP_POSITIVE_REGULATION_OF_PROTEIN_LOCALIZATION_TO_NUCLEUS,Positive Regulation of Protein Localization to Nucleus,GO_BP,1.34980994,0.165298441,1.25206815,0.274254235,1.22227934,0.61117042,False,shared_heat,1.2361234,1.00690926
GOBP_POSITIVE_REGULATION_OF_PROTEIN_LOCALIZATION_TO_PLASMA_MEMBRANE,Positive Regulation of Protein Localization to Plasma Membrane,GO_BP,1.8505458,0.0105694919,1.90872466,0.00974289617,-0.718430418,0.999948662,False,shared_heat,1.82315392,-0.98645199
GOBP_POSITIVE_REGULATION_OF_PROTEIN_METABOLIC_PROCESS,Positive Regulation of Protein Metabolic Process,GO_BP,1.38560165,0.0196500457,1.23172711,0.116026865,1.39441295,0.116564949,False,shared_heat,1.30946716,0.858762041
GOBP_POSITIVE_REGULATION_OF_PROTEIN_MODIFICATION_PROCESS,Positive Regulation of Protein Modification Process,GO_BP,1.25931285,0.145918876,-1.05442265,0.45979632,1.54956665,0.0718772029,False,shared_heat,1.13791629,0.937082724
GOBP_POSITIVE_REGULATION_OF_PROTEIN_POLYMERIZATION,Positive Regulation of Protein Polymerization,GO_BP,0.907373526,0.67868205,0.993820507,0.556066876,-0.830438864,0.980529725,False,shared_heat,0.910859282,1.10611921
GOBP_POSITIVE_REGULATION_OF_PROTEIN_SECRETION,Positive Regulation of Protein Secretion,GO_BP,1.50470139,0.0657224915,1.37000814,0.156497741,1.132596,0.724817691,False,shared_heat,1.39018548,0.736527312
GOBP_POSITIVE_REGULATION_OF_PROTEIN_SERINE_THREONINE_KINASE_ACTIVITY,Positive Regulation of Protein Serine Threonine Kinase Activity,GO_BP,-1.03010339,0.51944276,-1.20981274,0.363998425,1.11618862,0.783166314,False,shared_heat,-1.14648963,-0.730067184
GOBP_POSITIVE_REGULATION_OF_PROTEIN_TRANSPORT,Positive Regulation of Protein Transport,GO_BP,1.73990681,0.00270527537,1.56596988,0.0256947589,1.22324783,0.542220663,False,shared_heat,1.63773486,0.72987234
GOBP_POSITIVE_REGULATION_OF_PROTEIN_UBIQUITINATION,Positive Regulation of Protein Ubiquitination,GO_BP,-1.20336075,0.3071068,-1.20767865,0.329729777,1.3151231,0.495811395,False,shared_heat,-1.22592662,0.993064014
GOBP_POSITIVE_REGULATION_OF_PROTEOLYSIS,Positive Regulation of Proteolysis,GO_BP,1.22056679,0.234020669,-1.01351602,0.530161702,1.22754311,0.547178779,False,shared_heat,1.08788744,-0.858088639
GOBP_POSITIVE_REGULATION_OF_PROTEOLYSIS_INVOLVED_IN_PROTEIN_CATABOLIC_PROCESS,Positive Regulation of Proteolysis Involved in Protein Catabolic Process,GO_BP,-0.96254064,0.602925039,-1.09645321,0.436025563,1.32587305,0.468928058,False,shared_heat,-1.02639832,-0.904074878
GOBP_POSITIVE_REGULATION_OF_REACTIVE_OXYGEN_SPECIES_METABOLIC_PROCESS,Positive Regulation of Reactive Oxygen Species Metabolic Process,GO_BP,1.16446956,0.358045405,1.16819321,0.373070326,-0.861024057,0.955124652,False,shared_heat,1.13280956,-0.59520003
GOBP_POSITIVE_REGULATION_OF_RECEPTOR_MEDIATED_ENDOCYTOSIS,Positive Regulation of Receptor Mediated Endocytosis,GO_BP,1.64075228,0.0533674761,1.5261665,0.115425287,-0.870131944,0.950156705,False,shared_heat,1.56775676,-0.999246413
GOBP_POSITIVE_REGULATION_OF_RECEPTOR_SIGNALING_PATHWAY_VIA_STAT,Positive Regulation of Receptor Signaling Pathway via STAT,GO_BP,1.35380996,0.203009701,0.915890049,0.655450613,1.58886119,0.281091695,False,shared_heat,1.09120729,1.1178736
GOBP_POSITIVE_REGULATION_OF_REGULATED_SECRETORY_PATHWAY,Positive Regulation of Regulated Secretory Pathway,GO_BP,0.759931813,0.842740799,0.852339697,0.731241898,-1.11436828,0.775164918,False,shared_heat,0.780835004,-1.07425656
GOBP_POSITIVE_REGULATION_OF_RELEASE_OF_CYTOCHROME_C_FROM_MITOCHONDRIA,Positive Regulation of Release of Cytochrome C from Mitochondria,GO_BP,-1.05244777,0.496794154,-0.934735244,0.62777641,-0.9349492,0.904673288,False,shared_heat,-1.04142974,-1.62106654
GOBP_POSITIVE_REGULATION_OF_RELEASE_OF_SEQUESTERED_CALCIUM_ION_INTO_CYTOSOL,Positive Regulation of Release of Sequestered Calcium Ion Into Cytosol,GO_BP,-1.36349111,0.216583068,-1.25331583,0.334456666,-1.04291537,0.839590835,False,shared_heat,-1.27155714,-1.52020126
GOBP_POSITIVE_REGULATION_OF_REPRODUCTIVE_PROCESS,Positive Regulation of Reproductive Process,GO_BP,1.3341539,0.231116225,1.21897407,0.356500792,0.699288151,0.999730512,False,shared_heat,1.23413184,0.98442908
GOBP_POSITIVE_REGULATION_OF_RESPONSE_TO_BIOTIC_STIMULUS,Positive Regulation of Response to Biotic Stimulus,GO_BP,1.16343391,0.260650081,-1.29865212,0.134632517,1.99594055,3.38340539e-05,True,sign_reversal,-1.15301624,2.29364242
GOBP_POSITIVE_REGULATION_OF_RESPONSE_TO_CYTOKINE_STIMULUS,Positive Regulation of Response to Cytokine Stimulus,GO_BP,1.05126859,0.482275113,-1.11086733,0.437636176,1.86515719,0.04694595,True,sign_reversal,-0.906570094,2.1618356
GOBP_POSITIVE_REGULATION_OF_RESPONSE_TO_ENDOPLASMIC_RETICULUM_STRESS,Positive Regulation of Response to Endoplasmic Reticulum Stress,GO_BP,-0.939656073,0.620424643,-0.78452774,0.807527794,-1.2812804,0.592992668,False,shared_heat,-0.952815175,-1.39260178
GOBP_POSITIVE_REGULATION_OF_RESPONSE_TO_EXTERNAL_STIMULUS,Positive Regulation of Response to External Stimulus,GO_BP,1.58740283,0.000836045449,1.36666158,0.0317324478,1.72995565,0.000468371626,True,cGAS_amplified,1.4595649,1.82661066
GOBP_POSITIVE_REGULATION_OF_RESPONSE_TO_WOUNDING,Positive Regulation of Response to Wounding,GO_BP,1.94570862,0.00230801025,1.87894165,0.0111426793,0.941565992,0.904673288,False,shared_heat,1.86707273,1.3213354
GOBP_POSITIVE_REGULATION_OF_SECRETION,Positive Regulation of Secretion,GO_BP,1.76967706,0.00164578411,1.63552767,0.0118409281,1.09513634,0.739998504,False,shared_heat,1.66864465,-1.00302188
GOBP_POSITIVE_REGULATION_OF_SMAD_PROTEIN_SIGNAL_TRANSDUCTION,Positive Regulation of Smad Protein Signal Transduction,GO_BP,1.39222986,0.178293441,1.14273406,0.411442546,1.54716372,0.319831396,False,shared_heat,1.22090193,0.9095919
GOBP_POSITIVE_REGULATION_OF_SMALL_GTPASE_MEDIATED_SIGNAL_TRANSDUCTION,Positive Regulation of Small Gtpase Mediated Signal Transduction,GO_BP,1.21908623,0.303326039,0.935568837,0.635759141,1.66471707,0.179189925,False,shared_heat,1.05562603,1.10898779
GOBP_POSITIVE_REGULATION_OF_SMALL_MOLECULE_METABOLIC_PROCESS,Positive Regulation of Small Molecule Metabolic Process,GO_BP,0.903870814,0.698915009,-1.05828019,0.477439287,-0.744225762,0.999948662,False,shared_heat,-1.00337931,-0.904201765
GOBP_POSITIVE_REGULATION_OF_SMOOTH_MUSCLE_CELL_MIGRATION,Positive Regulation of Smooth Muscle Cell Migration,GO_BP,1.51138803,0.123880281,1.43705512,0.193968,1.2528415,0.653425753,False,shared_heat,1.44226943,0.874598042
GOBP_POSITIVE_REGULATION_OF_SMOOTH_MUSCLE_CELL_PROLIFERATION,Positive Regulation of Smooth Muscle Cell Proliferation,GO_BP,1.62257706,0.0381791919,1.56409564,0.0663135067,0.970190112,0.891377712,False,shared_heat,1.52944146,0.964388262
GOBP_POSITIVE_REGULATION_OF_STEROID_METABOLIC_PROCESS,Positive Regulation of Steroid Metabolic Process,GO_BP,0.84601017,0.718584025,0.888544654,0.675643137,0.623353427,0.999948662,False,shared_heat,0.882318101,-0.810874531
GOBP_POSITIVE_REGULATION_OF_STEROL_TRANSPORT,Positive Regulation of Sterol Transport,GO_BP,-1.05021302,0.499785752,-1.01667665,0.542043385,-0.907259462,0.919643527,False,shared_heat,-1.03914653,1.3356883
GOBP_POSITIVE_REGULATION_OF_STRESS_FIBER_ASSEMBLY,Positive Regulation of Stress Fiber Assembly,GO_BP,1.20471876,0.330853901,1.15426608,0.39574608,0.991157261,0.865184067,False,shared_heat,1.17063762,0.947447105
GOBP_POSITIVE_REGULATION_OF_SUBSTRATE_ADHESION_DEPENDENT_CELL_SPREADING,Positive Regulation of Substrate Adhesion Dependent Cell Spreading,GO_BP,1.04416228,0.501845526,1.03453383,0.518272805,1.11773534,0.783166314,False,shared_heat,1.00474866,-0.721939586
GOBP_POSITIVE_REGULATION_OF_SYNAPSE_ASSEMBLY,Positive Regulation of Synapse Assembly,GO_BP,-1.05246438,0.49987495,-0.980863122,0.578136114,-0.994888813,0.862818664,False,shared_heat,-0.98112888,1.6723617
GOBP_POSITIVE_REGULATION_OF_SYNAPTIC_TRANSMISSION,Positive Regulation of Synaptic Transmission,GO_BP,1.16632102,0.347789382,1.07012486,0.467541321,0.898225874,0.944986169,False,shared_heat,1.12828088,1.01793508
GOBP_POSITIVE_REGULATION_OF_TELOMERE_MAINTENANCE,Positive Regulation of Telomere Maintenance,GO_BP,1.05507211,0.477422949,1.05518142,0.488994045,0.845216145,0.959690565,False,shared_heat,1.07869344,1.35455866
GOBP_POSITIVE_REGULATION_OF_TELOMERE_MAINTENANCE_VIA_TELOMERE_LENGTHENING,Positive Regulation of Telomere Maintenance via Telomere Lengthening,GO_BP,1.05372157,0.495971962,1.12518117,0.441721354,-1.07335531,0.810224311,False,shared_heat,1.1159596,0.820174013
GOBP_POSITIVE_REGULATION_OF_TOR_SIGNALING,Positive Regulation of Tor Signaling,GO_BP,1.11569229,0.430864987,0.956821763,0.600664188,0.844425066,0.950156705,False,shared_heat,0.914526639,1.40559974
GOBP_POSITIVE_REGULATION_OF_TRANSCRIPTION_BY_RNA_POLYMERASE_II,Positive Regulation of Transcription by RNA Polymerase II,GO_BP,1.66657521,2.51875755e-05,1.56356639,0.000463544182,1.2536174,0.302639991,False,shared_heat,1.59002999,1.42365475
GOBP_POSITIVE_REGULATION_OF_TRANSLATION,Positive Regulation of Translation,GO_BP,1.15517507,0.356875959,1.02796165,0.515762298,0.858100986,0.959402271,False,shared_heat,1.10871928,1.30412152
GOBP_POSITIVE_REGULATION_OF_TRANSMEMBRANE_RECEPTOR_PROTEIN_SERINE_THREONINE_KINASE_SIGNALING_PATHWAY,Positive Regulation of Transmembrane Receptor Protein Serine Threonine Kinase...,GO_BP,1.44905272,0.104750096,1.20586471,0.323093597,1.72724973,0.0975618256,False,shared_heat,1.31283288,1.20276136
GOBP_POSITIVE_REGULATION_OF_TRANSMEMBRANE_TRANSPORT,Positive Regulation of Transmembrane Transport,GO_BP,-1.31599268,0.173109051,-1.24734245,0.266874458,0.866707946,0.95992481,False,shared_heat,-1.26529365,-1.00639411
GOBP_POSITIVE_REGULATION_OF_TRANSPORT,Positive Regulation of Transport,GO_BP,1.75043778,1.8933971e-05,1.59529742,0.000658196086,1.16862612,0.508905807,False,shared_heat,1.61031606,-1.02654082
GOBP_POSITIVE_REGULATION_OF_TUMOR_NECROSIS_FACTOR_SUPERFAMILY_CYTOKINE_PRODUCTION,Positive Regulation of Tumor Necrosis Factor Superfamily Cytokine Production,GO_BP,1.17352267,0.312127231,-1.21302126,0.295834408,1.33711101,0.432558755,False,shared_heat,-1.15861292,1.43715453
GOBP_POSITIVE_REGULATION_OF_TYPE_II_INTERFERON_PRODUCTION,Positive Regulation of Type II Interferon Production,GO_BP,1.24925659,0.251564616,1.04616798,0.492438731,1.52914247,0.262846738,False,shared_heat,1.14062891,1.10497769
GOBP_POSITIVE_REGULATION_OF_TYPE_I_INTERFERON_PRODUCTION,Positive Regulation of Type I Interferon Production,GO_BP,1.41894438,0.140619124,1.00026883,0.548961717,2.17407443,0.000523326286,True,cGAS_amplified,1.05934052,2.52945223
GOBP_POSITIVE_REGULATION_OF_T_CELL_CYTOKINE_PRODUCTION,Positive Regulation of T Cell Cytokine Production,GO_BP,0.726400019,0.875840344,-0.69906216,0.895237866,0.923366807,0.910724104,False,shared_heat,-0.652599473,0.955141527
GOBP_POSITIVE_REGULATION_OF_T_CELL_MEDIATED_CYTOTOXICITY,Positive Regulation of T Cell Mediated Cytotoxicity,GO_BP,-1.10702935,0.442235163,-1.1089993,0.454230808,0.958007441,0.89481449,False,shared_heat,-1.16167528,0.71967352
GOBP_POSITIVE_REGULATION_OF_T_CELL_MEDIATED_IMMUNITY,Positive Regulation of T Cell Mediated Immunity,GO_BP,1.09189379,0.435162222,1.01467671,0.530465577,1.02666735,0.844399056,False,shared_heat,1.07584502,0.96128415
GOBP_POSITIVE_REGULATION_OF_T_CELL_MIGRATION,Positive Regulation of T Cell Migration,GO_BP,1.3938453,0.198803146,1.21380071,0.368221798,0.911737587,0.915293699,False,shared_heat,1.22858976,1.89774211
GOBP_POSITIVE_REGULATION_OF_T_CELL_PROLIFERATION,Positive Regulation of T Cell Proliferation,GO_BP,1.58171688,0.0397945586,1.38720073,0.139275051,1.18331048,0.658423588,False,shared_heat,1.47965634,1.10495271
GOBP_POSITIVE_REGULATION_OF_UBIQUITIN_DEPENDENT_PROTEIN_CATABOLIC_PROCESS,Positive Regulation of Ubiquitin Dependent Protein Catabolic Process,GO_BP,-1.17254031,0.337911389,-1.3166257,0.219429566,1.48712107,0.31007091,False,shared_heat,-1.25504386,-0.761475624
GOBP_POSITIVE_REGULATION_OF_VASCULAR_ASSOCIATED_SMOOTH_MUSCLE_CELL_PROLIFERATION,Positive Regulation of Vascular Associated Smooth Muscle Cell Proliferation,GO_BP,1.6401196,0.056916911,1.53580331,0.117285436,1.1395053,0.755466719,False,shared_heat,1.57710653,0.897086347
GOBP_POSITIVE_REGULATION_OF_VASCULAR_ENDOTHELIAL_GROWTH_FACTOR_PRODUCTION,Positive Regulation of Vascular Endothelial Growth Factor Production,GO_BP,1.47066227,0.141362512,1.40101198,0.212586045,1.29741891,0.592109871,False,shared_heat,1.42880922,0.481413104
GOBP_POSITIVE_REGULATION_OF_VASCULATURE_DEVELOPMENT,Positive Regulation of Vasculature Development,GO_BP,1.38211985,0.106216352,1.38825249,0.120543865,-0.695622947,0.999948662,False,shared_heat,1.3409785,1.08719784
GOBP_POSITIVE_REGULATION_OF_VIRAL_PROCESS,Positive Regulation of Viral Process,GO_BP,1.44191533,0.149028222,1.21477766,0.35367557,1.67263144,0.208981217,False,shared_heat,1.26257679,1.29917442
GOBP_POSITIVE_REGULATION_OF_WNT_SIGNALING_PATHWAY,Positive Regulation of Wnt Signaling Pathway,GO_BP,1.43026362,0.134363621,1.13597418,0.407502619,1.55110882,0.284677148,False,shared_heat,1.30860768,0.745848496
GOBP_POSITIVE_T_CELL_SELECTION,Positive T Cell Selection,GO_BP,-1.39979518,0.16386041,-1.54040608,0.102754907,1.34260828,0.508905807,False,shared_heat,-1.46550484,-1.2447871
GOBP_POSTSYNAPSE_ASSEMBLY,Postsynapse Assembly,GO_BP,-1.18469497,0.358045405,-1.27299077,0.302479643,1.46015882,0.410109599,False,shared_heat,-1.25499461,1.16811558
GOBP_POSTSYNAPSE_ORGANIZATION,Postsynapse Organization,GO_BP,1.44541121,0.0673574399,1.3634482,0.128321745,1.3860855,0.364582248,False,shared_heat,1.41028093,1.40253101
GOBP_POSTSYNAPTIC_MEMBRANE_ORGANIZATION,Postsynaptic Membrane Organization,GO_BP,1.18255746,0.37384866,1.19291385,0.385025729,0.991356989,0.865184067,False,shared_heat,1.21997032,0.650148284
GOBP_POSTSYNAPTIC_SIGNAL_TRANSDUCTION,Postsynaptic Signal Transduction,GO_BP,0.905259542,0.652585289,0.867019691,0.696696822,-0.867972465,0.946761802,False,shared_heat,0.793587241,1.42059017
GOBP_POSTSYNAPTIC_SPECIALIZATION_ORGANIZATION,Postsynaptic Specialization Organization,GO_BP,1.24085846,0.322653662,1.11433377,0.44881716,0.793522433,0.976113102,False,shared_heat,1.14861408,0.866742416
GOBP_POST_EMBRYONIC_DEVELOPMENT,Post Embryonic Development,GO_BP,1.19373313,0.328565558,1.0838284,0.454825142,0.728370671,0.999948662,False,shared_heat,1.16326081,1.23905745
GOBP_POST_GOLGI_VESICLE_MEDIATED_TRANSPORT,Post Golgi Vesicle Mediated Transport,GO_BP,1.04671099,0.485872651,1.11133513,0.427928291,-1.03123615,0.839590835,False,shared_heat,1.1189755,1.20307535
GOBP_POST_TRANSCRIPTIONAL_REGULATION_OF_GENE_EXPRESSION,Post Transcriptional Regulation of Gene Expression,GO_BP,1.16818542,0.234998231,1.09540091,0.367238849,1.1815658,0.542871227,False,shared_heat,1.12123283,1.5476096
GOBP_POST_TRANSLATIONAL_PROTEIN_MODIFICATION,Post Translational Protein Modification,GO_BP,-1.45650152,0.0154226482,-1.71925675,0.000388102079,1.86579876,8.86294667e-05,True,cGAS_dampened,-1.57926283,1.92802348
GOBP_POTASSIUM_ION_TRANSPORT,Potassium Ion Transport,GO_BP,1.21228445,0.281117927,1.17886522,0.337794428,-1.15642024,0.689091483,False,shared_heat,1.16790562,0.901403018
GOBP_PRESYNAPTIC_ENDOCYTOSIS,Presynaptic Endocytosis,GO_BP,1.27028597,0.267731535,1.07560126,0.468723757,1.43998505,0.415994207,False,shared_heat,1.16450987,1.14849374
GOBP_PRIMARY_ALCOHOL_METABOLIC_PROCESS,Primary Alcohol Metabolic Process,GO_BP,1.31736946,0.221699147,1.26548562,0.291192273,0.737889103,0.996578828,False,shared_heat,1.29035773,-1.01260625
GOBP_PROCESS_UTILIZING_AUTOPHAGIC_MECHANISM,Process Utilizing Autophagic Mechanism,GO_BP,1.14939877,0.26768746,-1.10946167,0.367287801,1.21842966,0.485186551,False,shared_heat,1.10889099,1.11202167
GOBP_PRODUCTION_OF_MOLECULAR_MEDIATOR_INVOLVED_IN_INFLAMMATORY_RESPONSE,Production of Molecular Mediator Involved in Inflammatory Response,GO_BP,1.15876193,0.355717808,1.20593969,0.329458011,-1.18956468,0.662226733,False,shared_heat,1.16849395,0.872827715
GOBP_PRODUCTION_OF_MOLECULAR_MEDIATOR_OF_IMMUNE_RESPONSE,Production of Molecular Mediator of Immune Response,GO_BP,1.09438302,0.389725805,-1.076972,0.440596866,0.738909102,0.999948662,False,shared_heat,-1.07597326,1.11884055
GOBP_PROGRAMMED_NECROTIC_CELL_DEATH,Programmed Necrotic Cell Death,GO_BP,0.987791598,0.563776905,-1.05056344,0.499085479,0.982984577,0.87180709,False,shared_heat,-0.925815668,-0.884709121
GOBP_PROSTANOID_BIOSYNTHETIC_PROCESS,Prostanoid Biosynthetic Process,GO_BP,1.49252077,0.13841295,1.67451206,0.0694311818,-0.922038016,0.910724104,False,shared_heat,1.60708482,0.816107294
GOBP_PROSTANOID_METABOLIC_PROCESS,Prostanoid Metabolic Process,GO_BP,1.70619247,0.0383156086,1.79440155,0.0278126486,0.567300481,0.999948662,False,shared_heat,1.7284801,-0.965773514
GOBP_PROSTATE_GLAND_DEVELOPMENT,Prostate Gland Development,GO_BP,0.94776229,0.607611631,0.958852138,0.597996421,-0.854095253,0.950156705,False,shared_heat,0.934918246,1.05674053
GOBP_PROTEASOMAL_PROTEIN_CATABOLIC_PROCESS,Proteasomal Protein Catabolic Process,GO_BP,-1.24178569,0.153734083,-1.3423201,0.0914335122,1.57710551,0.0492995603,True,cGAS_dampened,-1.31383209,1.16300628
GOBP_PROTEASOME_MEDIATED_UBIQUITIN_DEPENDENT_PROTEIN_CATABOLIC_PROCESS,Proteasome Mediated Ubiquitin Dependent Protein Catabolic Process,GO_BP,-1.45546083,0.0363847717,-1.53665308,0.0230801975,1.5809038,0.0657185299,False,shared_heat,-1.49299314,1.16242482
GOBP_PROTEINOGENIC_AMINO_ACID_BIOSYNTHETIC_PROCESS,Proteinogenic Amino Acid Biosynthetic Process,GO_BP,1.350656,0.2055246,1.35170109,0.229825411,0.775918648,0.987060088,False,shared_heat,1.35875438,0.609156085
GOBP_PROTEIN_AUTOPHOSPHORYLATION,Protein Autophosphorylation,GO_BP,1.49899622,0.0882610834,1.34592294,0.205015047,-0.757125049,0.996578828,False,shared_heat,1.43484209,1.4857954
GOBP_PROTEIN_AUTOUBIQUITINATION,Protein Autoubiquitination,GO_BP,-0.889723047,0.680323307,-1.21693886,0.359755406,1.55013547,0.339653799,False,shared_heat,-1.08709698,1.59537819
GOBP_PROTEIN_CATABOLIC_PROCESS,Protein Catabolic Process,GO_BP,-1.17139528,0.184978259,-1.3588963,0.0352336955,1.61756978,0.0015072595,True,KO_only,-1.29823106,1.06000415
GOBP_PROTEIN_COMPLEX_OLIGOMERIZATION,Protein Complex Oligomerization,GO_BP,1.01481968,0.520155148,-0.837424881,0.830294474,1.21220404,0.567343411,False,shared_heat,0.875978341,1.52024071
GOBP_PROTEIN_CONTAINING_COMPLEX_DISASSEMBLY,Protein Containing Complex Disassembly,GO_BP,1.20990197,0.249928498,1.15758289,0.334456666,-0.750172936,0.999948662,False,shared_heat,1.19316799,1.17227527
GOBP_PROTEIN_CONTAINING_COMPLEX_LOCALIZATION,Protein Containing Complex Localization,GO_BP,1.20361324,0.334545337,1.35134875,0.228915591,-1.2868316,0.567190143,False,shared_heat,1.31265839,1.01991784
GOBP_PROTEIN_DEPHOSPHORYLATION,Protein Dephosphorylation,GO_BP,-1.0156008,0.53201786,-1.00224342,0.551301775,1.02735769,0.844399056,False,shared_heat,-1.06130017,1.21052635
GOBP_PROTEIN_DEPOLYMERIZATION,Protein Depolymerization,GO_BP,0.883735283,0.710388586,0.905713362,0.683008654,-0.799587781,0.992005622,False,shared_heat,0.945720195,1.38700462
GOBP_PROTEIN_DESTABILIZATION,Protein Destabilization,GO_BP,-0.927829688,0.639525313,-0.995340547,0.55887703,0.682026377,0.999948662,False,shared_heat,-0.901694436,0.724149565
GOBP_PROTEIN_DNA_COMPLEX_ORGANIZATION,Protein DNA Complex Organization,GO_BP,-0.969734071,0.591939774,-0.710671393,0.941418707,-1.55509189,0.218835189,False,shared_heat,-0.822302173,0.804070974
GOBP_PROTEIN_EXPORT_FROM_NUCLEUS,Protein Export from Nucleus,GO_BP,1.22752736,0.309843392,1.13912797,0.411442546,1.47085741,0.395520988,False,shared_heat,1.17641521,2.14688746
GOBP_PROTEIN_FOLDING,Protein Folding,GO_BP,1.98039746,0.000622293118,2.05306018,0.000350743235,-1.33157368,0.421547374,False,shared_heat,1.98801277,1.22776845
GOBP_PROTEIN_HOMOOLIGOMERIZATION,Protein Homooligomerization,GO_BP,1.12117416,0.374040791,1.02634995,0.511118784,1.00340514,0.856897011,False,shared_heat,1.06612641,0.99205936
GOBP_PROTEIN_HOMOTETRAMERIZATION,Protein Homotetramerization,GO_BP,0.872351208,0.709778103,-0.816355281,0.786937313,0.730258544,0.996578828,False,shared_heat,0.866447612,0.816200963
GOBP_PROTEIN_INSERTION_INTO_MEMBRANE,Protein Insertion Into Membrane,GO_BP,1.19423057,0.364183624,0.823585114,0.751505225,1.11217311,0.795128014,False,shared_heat,1.1256533,1.18916993
GOBP_PROTEIN_K48_LINKED_UBIQUITINATION,Protein K48 Linked Ubiquitination,GO_BP,-1.16782031,0.364183624,-1.38114007,0.199223359,1.57924272,0.276150181,False,shared_heat,-1.33901315,1.86882516
GOBP_PROTEIN_K63_LINKED_UBIQUITINATION,Protein K63 Linked Ubiquitination,GO_BP,-1.26363808,0.289932431,-1.70081258,0.0451203341,1.56324941,0.313440676,False,shared_heat,-1.52870074,2.13415453
GOBP_PROTEIN_LIPID_COMPLEX_ORGANIZATION,Protein Lipid Complex Organization,GO_BP,-1.43227098,0.165298441,-1.57064007,0.103700927,1.07275702,0.810224311,False,shared_heat,-1.49461532,0.763415902
GOBP_PROTEIN_LOCALIZATION_TO_CELL_JUNCTION,Protein Localization to Cell Junction,GO_BP,1.29251287,0.232747558,1.2456465,0.298940422,0.718670239,0.999948662,False,shared_heat,1.25936877,1.09918324
GOBP_PROTEIN_LOCALIZATION_TO_CELL_PERIPHERY,Protein Localization to Cell Periphery,GO_BP,1.70749666,0.00433025245,1.68459353,0.00647647625,-0.974068946,0.89481449,False,shared_heat,1.66907749,0.964071907
GOBP_PROTEIN_LOCALIZATION_TO_CELL_SURFACE,Protein Localization to Cell Surface,GO_BP,-1.28042898,0.260453128,-1.27908313,0.287260059,0.598258677,0.999948662,False,shared_heat,-1.31818295,1.19144183
GOBP_PROTEIN_LOCALIZATION_TO_CHROMATIN,Protein Localization to Chromatin,GO_BP,1.00676666,0.539671756,0.826228556,0.754950883,0.953648803,0.896633964,False,shared_heat,0.921159084,0.859331497
GOBP_PROTEIN_LOCALIZATION_TO_CHROMOSOME,Protein Localization to Chromosome,GO_BP,1.03768866,0.498050078,0.914560887,0.669002083,1.14551585,0.727521546,False,shared_heat,0.933774364,1.30768686
GOBP_PROTEIN_LOCALIZATION_TO_CYTOSKELETON,Protein Localization to Cytoskeleton,GO_BP,-1.59575723,0.0714759817,-1.55659965,0.104939984,1.15072606,0.739144788,False,shared_heat,-1.62255443,-0.906320884
GOBP_PROTEIN_LOCALIZATION_TO_EXTRACELLULAR_REGION,Protein Localization to Extracellular Region,GO_BP,1.53885239,0.0210350395,1.31109113,0.140011562,1.43886634,0.225242088,False,shared_heat,1.40770748,1.18620332
GOBP_PROTEIN_LOCALIZATION_TO_MEMBRANE,Protein Localization to Membrane,GO_BP,1.84747426,0.00019964585,1.77353998,0.000710252057,-0.919418212,0.950156705,False,shared_heat,1.78750659,0.976939092
GOBP_PROTEIN_LOCALIZATION_TO_MICROTUBULE_ORGANIZING_CENTER,Protein Localization to Microtubule Organizing Center,GO_BP,-1.593276,0.0811092477,-1.53344381,0.128780443,1.01989924,0.850591415,False,shared_heat,-1.59528716,0.693543139
GOBP_PROTEIN_LOCALIZATION_TO_MITOCHONDRION,Protein Localization to Mitochondrion,GO_BP,1.72725869,0.0291456456,1.74112116,0.033369825,-0.890004724,0.945726528,False,shared_heat,1.78185478,1.0391864
GOBP_PROTEIN_LOCALIZATION_TO_NUCLEUS,Protein Localization to Nucleus,GO_BP,1.44199271,0.0441957231,1.42642534,0.0591942556,1.27018814,0.45585798,False,shared_heat,1.38617971,1.48399783
GOBP_PROTEIN_LOCALIZATION_TO_ORGANELLE,Protein Localization to Organelle,GO_BP,1.52574941,0.00351609281,1.43909027,0.0143887678,1.18218699,0.495211293,False,shared_heat,1.47808453,1.34587458
GOBP_PROTEIN_LOCALIZATION_TO_PLASMA_MEMBRANE,Protein Localization to Plasma Membrane,GO_BP,1.76480304,0.00496367126,1.7354931,0.00534054555,-1.02030373,0.843200585,False,shared_heat,1.74905939,-1.04187896
GOBP_PROTEIN_LOCALIZATION_TO_SYNAPSE,Protein Localization to Synapse,GO_BP,1.55312676,0.0953446386,1.53292123,0.12531693,-0.821464892,0.967415834,False,shared_heat,1.40805051,1.01719174
GOBP_PROTEIN_LOCALIZATION_TO_VACUOLE,Protein Localization to Vacuole,GO_BP,0.746456766,0.861157365,-0.861782726,0.716970609,1.1147416,0.782059198,False,shared_heat,-0.834990215,-1.10721646
GOBP_PROTEIN_MATURATION,Protein Maturation,GO_BP,1.84193595,2.76554604e-05,1.82518643,0.000116684449,0.853276782,0.994346977,False,shared_heat,1.81417715,0.913819302
GOBP_PROTEIN_MODIFICATION_BY_SMALL_PROTEIN_CONJUGATION,Protein Modification by Small Protein Conjugation,GO_BP,-1.48883661,0.0159449129,-1.71518173,0.000833242402,1.79339399,0.0012940734,True,cGAS_dampened,-1.59189614,1.92756543
GOBP_PROTEIN_MODIFICATION_BY_SMALL_PROTEIN_REMOVAL,Protein Modification by Small Protein Removal,GO_BP,-1.14471371,0.400989195,-1.16914077,0.398337318,1.33014761,0.542871227,False,shared_heat,-1.0238803,1.29686097
GOBP_PROTEIN_MONOUBIQUITINATION,Protein Monoubiquitination,GO_BP,-1.39469891,0.196612682,-1.25917668,0.333972554,1.17773283,0.728669968,False,shared_heat,-1.40198497,1.8485763
GOBP_PROTEIN_N_LINKED_GLYCOSYLATION,Protein N Linked Glycosylation,GO_BP,0.889308077,0.686579728,-0.947141858,0.619631695,1.3658146,0.495211293,False,shared_heat,-0.890967923,-0.702153643
GOBP_PROTEIN_O_LINKED_GLYCOSYLATION,Protein O Linked Glycosylation,GO_BP,1.57509479,0.0567250759,1.29524281,0.247256869,1.42651546,0.395520988,False,shared_heat,1.4395714,0.993126398
GOBP_PROTEIN_O_LINKED_GLYCOSYLATION_VIA_XYLOSE,Protein O Linked Glycosylation via Xylose,GO_BP,1.06832678,0.47392875,-0.78942917,0.807062071,1.1893324,0.701594507,False,shared_heat,0.943274414,0.853096477
GOBP_PROTEIN_POLYMERIZATION,Protein Polymerization,GO_BP,-1.19748969,0.25187678,-1.15031826,0.342927185,0.880427991,0.966849767,False,shared_heat,-1.14189396,1.15652153
GOBP_PROTEIN_POLYUBIQUITINATION,Protein Polyubiquitination,GO_BP,-1.5380083,0.0410442543,-1.74964357,0.0127312022,1.79839198,0.029328745,True,cGAS_dampened,-1.70101419,2.24596407
GOBP_PROTEIN_PROCESSING,Protein Processing,GO_BP,1.51292831,0.0381791919,1.39504268,0.0992744923,1.13445641,0.697526167,False,shared_heat,1.43690763,-0.828852836
GOBP_PROTEIN_REFOLDING,Protein Refolding,GO_BP,1.71185695,0.0427790073,1.80955199,0.0293070514,-1.4710296,0.421547374,False,shared_heat,1.71702685,1.39518276
GOBP_PROTEIN_RNA_COMPLEX_ORGANIZATION,Protein RNA Complex Organization,GO_BP,1.14304204,0.344724785,1.13143099,0.374412648,-1.15787261,0.667000186,False,shared_heat,1.12644322,1.00216076
GOBP_PROTEIN_STABILIZATION,Protein Stabilization,GO_BP,1.32603175,0.153492843,1.45136096,0.0898285912,-1.06637536,0.796014142,False,shared_heat,1.42432847,-0.980713742
GOBP_PROTEIN_SUMOYLATION,Protein Sumoylation,GO_BP,-0.963576388,0.592488273,-1.04366915,0.514265438,1.044179,0.839590835,False,shared_heat,-0.942844868,1.62095311
GOBP_PROTEIN_TARGETING,Protein Targeting,GO_BP,1.7330664,0.00470011412,1.61436512,0.0168681488,1.10827052,0.730616091,False,shared_heat,1.66931654,1.22026435
GOBP_PROTEIN_TARGETING_TO_MEMBRANE,Protein Targeting to Membrane,GO_BP,1.58710642,0.0636537303,1.32863642,0.233633244,1.08208601,0.805596787,False,shared_heat,1.41858509,1.22530335
GOBP_PROTEIN_TARGETING_TO_MITOCHONDRION,Protein Targeting to Mitochondrion,GO_BP,1.5947035,0.0583144813,1.58614158,0.0748589809,0.679764416,0.999948662,False,shared_heat,1.5308754,-0.888771179
GOBP_PROTEIN_TETRAMERIZATION,Protein Tetramerization,GO_BP,-0.869906093,0.726599354,-0.784343613,0.8506539,0.69230027,0.999948662,False,shared_heat,-0.830195739,0.865190317
GOBP_PROTEIN_TRANSMEMBRANE_TRANSPORT,Protein Transmembrane Transport,GO_BP,1.46377147,0.113529372,1.31620988,0.242265825,0.799294654,0.985759569,False,shared_heat,1.38981757,-0.749851901
GOBP_PROTEIN_TRANSPORT,Protein Transport,GO_BP,1.64850719,3.33250559e-05,1.50263083,0.001583818,1.34586984,0.123914691,False,shared_heat,1.5537926,1.29268398
GOBP_PROTEOGLYCAN_BIOSYNTHETIC_PROCESS,Proteoglycan Biosynthetic Process,GO_BP,1.1208265,0.408635625,0.901308619,0.676855942,1.1320211,0.747247055,False,shared_heat,1.0145012,0.795614704
GOBP_PROTEOGLYCAN_METABOLIC_PROCESS,Proteoglycan Metabolic Process,GO_BP,1.17016183,0.347022727,0.874835755,0.728257817,1.35247085,0.468928058,False,shared_heat,1.02222224,0.739561137
GOBP_PROTEOLYSIS_INVOLVED_IN_PROTEIN_CATABOLIC_PROCESS,Proteolysis Involved in Protein Catabolic Process,GO_BP,-1.26947703,0.0988850689,-1.40229693,0.0355421188,1.68525334,0.0032379847,True,KO_only,-1.37053056,1.24692687
GOBP_PROTON_MOTIVE_FORCE_DRIVEN_ATP_SYNTHESIS,Proton Motive Force Driven ATP Synthesis,GO_BP,-1.76039149,0.0147393231,-1.50271146,0.093392229,-1.37459798,0.417535,False,shared_heat,-1.65150841,-2.2872536
GOBP_PROTON_TRANSMEMBRANE_TRANSPORT,Proton Transmembrane Transport,GO_BP,-1.69996936,0.00807539877,-1.6323261,0.021888653,-1.06252801,0.796014142,False,shared_heat,-1.6812269,-2.3748656
GOBP_PTERIDINE_CONTAINING_COMPOUND_METABOLIC_PROCESS,Pteridine Containing Compound Metabolic Process,GO_BP,-0.95998736,0.596762792,-0.875346291,0.692668909,0.69028044,0.999343757,False,shared_heat,-0.927147819,0.661068659
GOBP_PURINE_CONTAINING_COMPOUND_BIOSYNTHETIC_PROCESS,Purine Containing Compound Biosynthetic Process,GO_BP,-1.64192976,0.00644259466,-1.59411956,0.0162160034,-0.716978694,0.999948662,False,shared_heat,-1.63192468,-1.54425659
GOBP_PURINE_CONTAINING_COMPOUND_CATABOLIC_PROCESS,Purine Containing Compound Catabolic Process,GO_BP,-0.970922491,0.594420054,-1.10779102,0.413634112,0.690793803,0.999948662,False,shared_heat,-1.04776018,-1.29226276
GOBP_PURINE_CONTAINING_COMPOUND_METABOLIC_PROCESS,Purine Containing Compound Metabolic Process,GO_BP,-1.41099666,0.0212265655,-1.42473083,0.0258697502,0.735337067,0.999948662,False,shared_heat,-1.44307886,-1.4374771
GOBP_PURINE_NUCLEOSIDE_MONOPHOSPHATE_METABOLIC_PROCESS,Purine Nucleoside Monophosphate Metabolic Process,GO_BP,0.8780161,0.698915009,1.14519468,0.409311794,-0.813377185,0.976113102,False,shared_heat,0.97642477,-1.05277554
GOBP_PURINE_NUCLEOTIDE_TRANSPORT,Purine Nucleotide Transport,GO_BP,-1.4899338,0.133555487,-1.66692701,0.0639310423,1.40656105,0.491578783,False,shared_heat,-1.52412284,-1.37909611
GOBP_PYRIDINE_CONTAINING_COMPOUND_CATABOLIC_PROCESS,Pyridine Containing Compound Catabolic Process,GO_BP,1.04875,0.476518374,1.15628576,0.363271393,0.732337101,0.999948662,False,shared_heat,1.13943215,-0.953079941
GOBP_PYRIDINE_CONTAINING_COMPOUND_METABOLIC_PROCESS,Pyridine Containing Compound Metabolic Process,GO_BP,0.969258114,0.596762792,1.01373868,0.524848087,0.918534667,0.944257641,False,shared_heat,1.01300624,-0.933344272
GOBP_PYRIMIDINE_CONTAINING_COMPOUND_BIOSYNTHETIC_PROCESS,Pyrimidine Containing Compound Biosynthetic Process,GO_BP,1.02330871,0.524123777,1.0709696,0.481703919,-0.993222987,0.862818664,False,shared_heat,1.04357632,1.3151465
GOBP_PYRIMIDINE_CONTAINING_COMPOUND_METABOLIC_PROCESS,Pyrimidine Containing Compound Metabolic Process,GO_BP,0.733974814,0.906203321,-0.784287085,0.842699069,-0.779507159,0.994346977,False,shared_heat,-0.717223292,1.08242316
GOBP_PYRIMIDINE_NUCLEOTIDE_BIOSYNTHETIC_PROCESS,Pyrimidine Nucleotide Biosynthetic Process,GO_BP,1.19462278,0.364183624,1.27183079,0.323808951,-0.849903123,0.950156705,False,shared_heat,1.22873123,0.988442369
GOBP_PYRIMIDINE_NUCLEOTIDE_METABOLIC_PROCESS,Pyrimidine Nucleotide Metabolic Process,GO_BP,0.951030059,0.60908745,1.03315645,0.516814831,-1.02419798,0.844399056,False,shared_heat,0.998393997,0.791697073
GOBP_PYROPTOTIC_INFLAMMATORY_RESPONSE,Pyroptotic Inflammatory Response,GO_BP,-0.897529773,0.664926957,-0.879340636,0.686858271,1.44202318,0.459063284,False,shared_heat,-0.998731988,1.70132965
GOBP_PYRUVATE_METABOLIC_PROCESS,Pyruvate Metabolic Process,GO_BP,0.912877196,0.687503717,1.00662139,0.538309345,0.909516059,0.944986169,False,shared_heat,0.980717348,-1.39496163
GOBP_RAC_PROTEIN_SIGNAL_TRANSDUCTION,Rac Protein Signal Transduction,GO_BP,1.47136316,0.140619124,0.977117998,0.574297758,1.75790371,0.124658457,False,shared_heat,1.2677524,1.21579044
GOBP_RAS_PROTEIN_SIGNAL_TRANSDUCTION,Ras Protein Signal Transduction,GO_BP,1.11005281,0.412117905,0.993835442,0.556437688,0.994638218,0.863492156,False,shared_heat,1.04918384,1.14284141
GOBP_REACTIVE_NITROGEN_SPECIES_METABOLIC_PROCESS,Reactive Nitrogen Species Metabolic Process,GO_BP,1.64022749,0.0306738406,1.53640077,0.0696348534,0.99153813,0.865184067,False,shared_heat,1.59520084,-0.719713126
GOBP_REACTIVE_OXYGEN_SPECIES_BIOSYNTHETIC_PROCESS,Reactive Oxygen Species Biosynthetic Process,GO_BP,0.961483953,0.596490799,-0.865272869,0.717071351,1.19732676,0.689091483,False,shared_heat,0.851829073,0.81516385
GOBP_REACTIVE_OXYGEN_SPECIES_METABOLIC_PROCESS,Reactive Oxygen Species Metabolic Process,GO_BP,1.24683302,0.191595989,1.20287936,0.264098536,0.88776773,0.959402271,False,shared_heat,1.21512639,-1.3136573
GOBP_RECEPTOR_CLUSTERING,Receptor Clustering,GO_BP,1.39448416,0.172267419,1.34974667,0.226628911,0.888433682,0.944986169,False,shared_heat,1.33989677,1.14993679
GOBP_RECEPTOR_INTERNALIZATION,Receptor Internalization,GO_BP,1.61209075,0.0375886675,1.53422702,0.0714176777,-1.17228901,0.669537991,False,shared_heat,1.56042211,0.656377936
GOBP_RECEPTOR_LOCALIZATION_TO_SYNAPSE,Receptor Localization to Synapse,GO_BP,1.58944495,0.081811167,1.5396832,0.127494448,-0.933177761,0.905703574,False,shared_heat,1.45367396,1.24706877
GOBP_RECEPTOR_MEDIATED_ENDOCYTOSIS,Receptor Mediated Endocytosis,GO_BP,1.93082755,0.000380144757,1.78671949,0.00178817373,1.13948001,0.68667004,False,shared_heat,1.86587025,0.975209329
GOBP_RECEPTOR_METABOLIC_PROCESS,Receptor Metabolic Process,GO_BP,-1.11474997,0.419285833,-1.14675075,0.405492417,0.714498098,0.999948662,False,shared_heat,-1.11658182,-1.01471741
GOBP_RECEPTOR_RECYCLING,Receptor Recycling,GO_BP,-1.18965475,0.359734334,-1.09081048,0.468199352,-0.830007432,0.959690565,False,shared_heat,-1.16615405,-1.07365908
GOBP_RECOMBINATIONAL_REPAIR,Recombinational Repair,GO_BP,0.968264375,0.596762792,1.23041054,0.268371101,-1.36541981,0.392076564,False,shared_heat,1.1325874,1.85010704
GOBP_REGENERATION,Regeneration,GO_BP,1.67631945,0.0169290781,1.5741527,0.0437461125,0.761428289,0.999948662,False,shared_heat,1.65792477,-1.10178535
GOBP_REGULATED_EXOCYTOSIS,Regulated Exocytosis,GO_BP,0.957869365,0.612867118,-0.988893807,0.567043759,0.991071635,0.865184067,False,shared_heat,0.976189451,-1.4110973
GOBP_REGULATION_OF_ACTIN_FILAMENT_BASED_MOVEMENT,Regulation of Actin Filament Based Movement,GO_BP,1.210086,0.352925959,1.22998933,0.3589487,0.788574147,0.976113102,False,shared_heat,1.2031064,-1.06490663
GOBP_REGULATION_OF_ACTIN_FILAMENT_BASED_PROCESS,Regulation of Actin Filament Based Process,GO_BP,1.49518176,0.0230941542,1.40495459,0.0571964081,-0.779137891,0.999948662,False,shared_heat,1.43625109,1.21291995
GOBP_REGULATION_OF_ACTIN_FILAMENT_BUNDLE_ASSEMBLY,Regulation of Actin Filament Bundle Assembly,GO_BP,1.37324642,0.147650935,1.40259017,0.14805913,-0.824050415,0.985759569,False,shared_heat,1.39009051,0.974043772
GOBP_REGULATION_OF_ACTIN_FILAMENT_LENGTH,Regulation of Actin Filament Length,GO_BP,-1.0087625,0.53512052,-1.03193009,0.511118784,-0.654693322,0.999948662,False,shared_heat,-0.99137971,0.98022973
GOBP_REGULATION_OF_ACTIN_FILAMENT_ORGANIZATION,Regulation of Actin Filament Organization,GO_BP,1.25556308,0.188049822,1.27015765,0.19100493,-0.729724237,0.999948662,False,shared_heat,1.2604706,1.13578047
GOBP_REGULATION_OF_ACTIN_FILAMENT_POLYMERIZATION,Regulation of Actin Filament Polymerization,GO_BP,-1.14803917,0.358802379,-1.21124884,0.319236547,0.654196355,0.999948662,False,shared_heat,-1.1411572,1.02426983
GOBP_REGULATION_OF_ACTION_POTENTIAL,Regulation of Action Potential,GO_BP,1.37667854,0.216050499,1.33408461,0.277043596,-0.734657578,0.994346977,False,shared_heat,1.36400866,1.15800004
GOBP_REGULATION_OF_ACTOMYOSIN_STRUCTURE_ORGANIZATION,Regulation of Actomyosin Structure Organization,GO_BP,1.23427435,0.275519938,1.18415821,0.346902996,0.765496839,0.994909646,False,shared_heat,1.20676162,1.02084292
GOBP_REGULATION_OF_ACUTE_INFLAMMATORY_RESPONSE,Regulation of Acute Inflammatory Response,GO_BP,1.46328287,0.145918876,1.293713,0.294278995,1.44630783,0.432558755,False,shared_heat,1.37957746,0.876420895
GOBP_REGULATION_OF_ADAPTIVE_IMMUNE_RESPONSE,Regulation of Adaptive Immune Response,GO_BP,1.26893318,0.178013878,1.17475469,0.299225531,1.1521511,0.669537991,False,shared_heat,1.24128705,1.06414886
GOBP_REGULATION_OF_AEROBIC_RESPIRATION,Regulation of Aerobic Respiration,GO_BP,1.34577869,0.240838834,1.06761756,0.492408364,0.817774694,0.959690565,False,shared_heat,1.15084595,-0.983792972
GOBP_REGULATION_OF_ALCOHOL_BIOSYNTHETIC_PROCESS,Regulation of Alcohol Biosynthetic Process,GO_BP,1.21335255,0.344645782,1.14092599,0.425340955,1.39852775,0.485694848,False,shared_heat,1.14464244,0.924345135
GOBP_REGULATION_OF_ALPHA_BETA_T_CELL_ACTIVATION,Regulation of alpha beta T Cell Activation,GO_BP,1.51440061,0.0572467308,1.3994004,0.13045009,1.08385538,0.788913318,False,shared_heat,1.43675924,1.15484444
GOBP_REGULATION_OF_ALPHA_BETA_T_CELL_DIFFERENTIATION,Regulation of alpha beta T Cell Differentiation,GO_BP,1.53645459,0.0730037021,1.4288737,0.14333963,-0.616967812,0.999948662,False,shared_heat,1.44197663,0.927852099
GOBP_REGULATION_OF_ALTERNATIVE_MRNA_SPLICING_VIA_SPLICEOSOME,Regulation of Alternative mRNA Splicing via Spliceosome,GO_BP,0.640979719,0.936587609,0.859007261,0.713922988,-1.20103806,0.694777195,False,shared_heat,0.758188776,1.27515605
GOBP_REGULATION_OF_AMIDE_METABOLIC_PROCESS,Regulation of Amide Metabolic Process,GO_BP,1.02003261,0.52181283,0.908449305,0.673329921,0.843672909,0.959690565,False,shared_heat,0.983937936,0.913136264
GOBP_REGULATION_OF_AMYLOID_BETA_CLEARANCE,Regulation of Amyloid beta Clearance,GO_BP,1.61669995,0.0760645169,1.44548598,0.192392812,-0.761791863,0.986502275,False,shared_heat,1.59876559,0.755047966
GOBP_REGULATION_OF_AMYLOID_PRECURSOR_PROTEIN_CATABOLIC_PROCESS,Regulation of Amyloid Precursor Protein Catabolic Process,GO_BP,0.918166485,0.649750442,0.776833838,0.832671755,-0.948319704,0.898474155,False,shared_heat,0.901896758,-0.798912172
GOBP_REGULATION_OF_ANATOMICAL_STRUCTURE_MORPHOGENESIS,Regulation of Anatomical Structure Morphogenesis,GO_BP,1.52270071,0.00230801025,1.5199122,0.00309316733,0.825372482,0.999948662,False,shared_heat,1.50376158,1.29905159
GOBP_REGULATION_OF_ANATOMICAL_STRUCTURE_SIZE,Regulation of Anatomical Structure Size,GO_BP,1.63317953,0.00230801025,1.49544095,0.0216840205,0.82223752,0.999948662,False,shared_heat,1.58792828,1.22714021
GOBP_REGULATION_OF_ANIMAL_ORGAN_MORPHOGENESIS,Regulation of Animal Organ Morphogenesis,GO_BP,1.57883865,0.0841811516,1.49552984,0.147139148,-0.575146239,0.999948662,False,shared_heat,1.53119385,1.31735146
GOBP_REGULATION_OF_ANOIKIS,Regulation of Anoikis,GO_BP,1.53459742,0.115124101,1.39697498,0.226628911,1.37785525,0.509798782,False,shared_heat,1.46787556,0.826431318
GOBP_REGULATION_OF_ANTIGEN_RECEPTOR_MEDIATED_SIGNALING_PATHWAY,Regulation of Antigen Receptor Mediated Signaling Pathway,GO_BP,1.2939262,0.221176223,1.29343655,0.244534097,0.925275997,0.917210487,False,shared_heat,1.28885211,-1.02085739
GOBP_REGULATION_OF_APOPTOTIC_SIGNALING_PATHWAY,Regulation of Apoptotic Signaling Pathway,GO_BP,1.85691499,3.53122674e-05,1.78573389,0.000212571993,1.03386929,0.816193703,False,shared_heat,1.78671623,1.0208388
GOBP_REGULATION_OF_ATP_DEPENDENT_ACTIVITY,Regulation of ATP Dependent Activity,GO_BP,-0.756507144,0.825477727,-0.798514621,0.778794474,0.794836204,0.973305252,False,shared_heat,-0.775399955,-1.1206986
GOBP_REGULATION_OF_ATTACHMENT_OF_SPINDLE_MICROTUBULES_TO_KINETOCHORE,Regulation of Attachment of Spindle Microtubules to Kinetochore,GO_BP,0.874402409,0.691265917,-0.684473034,0.897485362,0.967733171,0.887087077,False,shared_heat,0.761303703,0.684056909
GOBP_REGULATION_OF_AUTOPHAGY,Regulation of Autophagy,GO_BP,1.21384741,0.21926469,1.18442646,0.275399282,1.02409984,0.839590835,False,shared_heat,1.20654768,0.95413754
GOBP_REGULATION_OF_AUTOPHAGY_OF_MITOCHONDRION,Regulation of Autophagy of Mitochondrion,GO_BP,0.979775254,0.575356976,1.04494547,0.506345901,0.746863888,0.994346977,False,shared_heat,1.01634413,0.866386019
GOBP_REGULATION_OF_AXONOGENESIS,Regulation of Axonogenesis,GO_BP,1.68678227,0.0245870495,1.51777889,0.085354892,0.96564966,0.89481449,False,shared_heat,1.57814072,1.20808888
GOBP_REGULATION_OF_AXON_EXTENSION,Regulation of Axon Extension,GO_BP,1.45722204,0.130139523,1.23101734,0.332792569,0.958626567,0.896633964,False,shared_heat,1.35877163,-0.719490702
GOBP_REGULATION_OF_BEHAVIOR,Regulation of Behavior,GO_BP,1.14699022,0.404969339,1.24213646,0.342927185,-1.27034397,0.61117042,False,shared_heat,1.16203156,1.13022198
GOBP_REGULATION_OF_BINDING,Regulation of Binding,GO_BP,-1.21960843,0.296159521,-1.11651872,0.427071613,0.988278618,0.869263132,False,shared_heat,-1.15968704,-0.92380136
GOBP_REGULATION_OF_BIOLOGICAL_PROCESS_INVOLVED_IN_SYMBIOTIC_INTERACTION,Regulation of Biological Process Involved in Symbiotic Interaction,GO_BP,1.40579204,0.187598551,1.12488278,0.436025563,1.58391024,0.31007091,False,shared_heat,1.32588304,2.1551141
GOBP_REGULATION_OF_BIOMINERAL_TISSUE_DEVELOPMENT,Regulation of Biomineral Tissue Development,GO_BP,1.76509502,0.0154226482,1.57194647,0.0731354068,1.41173735,0.41410471,False,shared_heat,1.64516484,1.56499737
GOBP_REGULATION_OF_BLOOD_CIRCULATION,Regulation of Blood Circulation,GO_BP,1.28052738,0.184267461,1.27861139,0.205015047,1.00947964,0.851003543,False,shared_heat,1.26083732,1.1609707
GOBP_REGULATION_OF_BLOOD_PRESSURE,Regulation of Blood Pressure,GO_BP,2.09326429,0.00013636926,1.95422978,0.00232073603,0.729330653,0.999948662,False,shared_heat,1.93701104,1.0596429
GOBP_REGULATION_OF_BMP_SIGNALING_PATHWAY,Regulation of Bmp Signaling Pathway,GO_BP,1.00228802,0.542408943,-0.954665728,0.614342556,1.11536542,0.763057632,False,shared_heat,-0.930035111,1.2934232
GOBP_REGULATION_OF_BODY_FLUID_LEVELS,Regulation of Body Fluid Levels,GO_BP,1.76431234,0.000792993115,1.67289727,0.00485394983,1.23522474,0.485186551,False,shared_heat,1.67962976,1.23592529
GOBP_REGULATION_OF_BONE_MINERALIZATION,Regulation of Bone Mineralization,GO_BP,1.58091203,0.0707783945,1.37565636,0.201983199,1.3379148,0.508637117,False,shared_heat,1.4621745,1.65199038
GOBP_REGULATION_OF_BONE_REMODELING,Regulation of Bone Remodeling,GO_BP,1.59098134,0.087693832,1.40814133,0.219267281,1.01973443,0.851003543,False,shared_heat,1.48722139,0.753097095
GOBP_REGULATION_OF_B_CELL_ACTIVATION,Regulation of B Cell Activation,GO_BP,-1.17809485,0.317370177,-1.15681785,0.364716932,-0.826892958,0.989579869,False,shared_heat,-1.1424665,0.812217965
GOBP_REGULATION_OF_B_CELL_DIFFERENTIATION,Regulation of B Cell Differentiation,GO_BP,1.1306148,0.420382885,1.04821256,0.508986162,0.847928145,0.950156705,False,shared_heat,1.07796223,-0.920863552
GOBP_REGULATION_OF_B_CELL_MEDIATED_IMMUNITY,Regulation of B Cell Mediated Immunity,GO_BP,-1.17290046,0.360156656,-1.07436825,0.477439287,0.828427889,0.967415834,False,shared_heat,-1.1500482,1.00871518
GOBP_REGULATION_OF_B_CELL_PROLIFERATION,Regulation of B Cell Proliferation,GO_BP,-1.11172644,0.417318036,-1.09155467,0.453813507,-0.842978392,0.967415834,False,shared_heat,-1.04933352,-0.75188032
GOBP_REGULATION_OF_CALCIUM_ION_TRANSMEMBRANE_TRANSPORT,Regulation of Calcium Ion Transmembrane Transport,GO_BP,-1.65185815,0.0237702346,-1.6551809,0.0294454645,1.13601646,0.714914939,False,shared_heat,-1.67670223,-1.51748229
GOBP_REGULATION_OF_CALCIUM_ION_TRANSPORT,Regulation of Calcium Ion Transport,GO_BP,-1.24765638,0.216596438,-1.25257961,0.243067959,1.00201139,0.85763161,False,shared_heat,-1.27598422,-1.27543598
GOBP_REGULATION_OF_CALCIUM_MEDIATED_SIGNALING,Regulation of Calcium Mediated Signaling,GO_BP,1.22128384,0.301130577,1.1910413,0.352591612,0.873401371,0.950156705,False,shared_heat,1.19734751,-1.21109519
GOBP_REGULATION_OF_CANONICAL_WNT_SIGNALING_PATHWAY,Regulation of Canonical Wnt Signaling Pathway,GO_BP,1.26679632,0.2055246,1.02354393,0.513766986,1.61676945,0.124486513,False,shared_heat,1.19703134,0.804864258
GOBP_REGULATION_OF_CARBOHYDRATE_BIOSYNTHETIC_PROCESS,Regulation of Carbohydrate Biosynthetic Process,GO_BP,1.02284687,0.517680548,0.961225186,0.602470359,0.870352858,0.950156705,False,shared_heat,0.99047264,1.19091723
GOBP_REGULATION_OF_CARBOHYDRATE_CATABOLIC_PROCESS,Regulation of Carbohydrate Catabolic Process,GO_BP,-0.817458039,0.780275886,0.901241221,0.675830538,0.824153694,0.968236646,False,shared_heat,-0.897560311,-1.00828598
GOBP_REGULATION_OF_CARBOHYDRATE_METABOLIC_PROCESS,Regulation of Carbohydrate Metabolic Process,GO_BP,1.02995691,0.499569745,-1.00582845,0.542967716,1.16241347,0.680286824,False,shared_heat,1.05031372,0.87583677
GOBP_REGULATION_OF_CARDIAC_MUSCLE_CELL_PROLIFERATION,Regulation of Cardiac Muscle Cell Proliferation,GO_BP,1.66884646,0.0536904701,1.43414727,0.195644997,1.0956632,0.805596787,False,shared_heat,1.4929426,0.991680119
GOBP_REGULATION_OF_CARDIAC_MUSCLE_CONTRACTION,Regulation of Cardiac Muscle Contraction,GO_BP,0.903798475,0.670971942,0.952125172,0.61378345,0.993627247,0.862818664,False,shared_heat,0.9464446,0.940738772
GOBP_REGULATION_OF_CARTILAGE_DEVELOPMENT,Regulation of Cartilage Development,GO_BP,0.89965801,0.675004378,0.700953712,0.912143828,0.959230099,0.896633964,False,shared_heat,0.740462277,0.933904675
GOBP_REGULATION_OF_CATABOLIC_PROCESS,Regulation of Catabolic Process,GO_BP,1.20122631,0.123099938,1.15163474,0.210597403,1.21820122,0.395684613,False,shared_heat,1.19670971,-0.930989172
GOBP_REGULATION_OF_CATALYTIC_ACTIVITY,Regulation of Catalytic Activity,GO_BP,1.35507154,0.0570692708,1.24513405,0.155197989,1.38376624,0.218835189,False,shared_heat,1.2879653,1.15218396
GOBP_REGULATION_OF_CD4_POSITIVE_ALPHA_BETA_T_CELL_ACTIVATION,Regulation of CD4 Positive alpha beta T Cell Activation,GO_BP,1.46295275,0.104750096,1.36156143,0.192392812,1.31134663,0.509798782,False,shared_heat,1.39683195,-0.994293679
GOBP_REGULATION_OF_CD4_POSITIVE_ALPHA_BETA_T_CELL_DIFFERENTIATION,Regulation of CD4 Positive alpha beta T Cell Differentiation,GO_BP,1.87157628,0.00935172833,1.78240392,0.0258697502,0.86056823,0.950156705,False,shared_heat,1.8176447,0.826088981
GOBP_REGULATION_OF_CELLULAR_COMPONENT_BIOGENESIS,Regulation of Cellular Component Biogenesis,GO_BP,1.34748482,0.0263755302,1.31997981,0.0416659476,1.03950658,0.805596787,False,shared_heat,1.32390306,1.34599042
GOBP_REGULATION_OF_CELLULAR_COMPONENT_SIZE,Regulation of Cellular Component Size,GO_BP,1.41098599,0.0545052445,1.26858581,0.169479083,0.832542555,0.994909646,False,shared_heat,1.36617722,1.11402091
GOBP_REGULATION_OF_CELLULAR_EXTRAVASATION,Regulation of Cellular Extravasation,GO_BP,1.44399738,0.153734083,1.27876156,0.299902983,1.0289679,0.844399056,False,shared_heat,1.34593393,-1.23536066
GOBP_REGULATION_OF_CELLULAR_LOCALIZATION,Regulation of Cellular Localization,GO_BP,2.02671341,2.81659742e-07,1.83290574,8.07318251e-05,1.2707305,0.395684613,False,shared_heat,1.89029726,1.2653995
GOBP_REGULATION_OF_CELLULAR_RESPIRATION,Regulation of Cellular Respiration,GO_BP,1.47593453,0.124596098,1.16673324,0.388235457,1.2611438,0.61117042,False,shared_heat,1.29858628,1.06883643
GOBP_REGULATION_OF_CELLULAR_RESPONSE_TO_GROWTH_FACTOR_STIMULUS,Regulation of Cellular Response to Growth Factor Stimulus,GO_BP,1.71268039,0.00461727999,1.54986728,0.0260360385,1.18584756,0.595969411,False,shared_heat,1.65059836,1.351713
GOBP_REGULATION_OF_CELLULAR_RESPONSE_TO_INSULIN_STIMULUS,Regulation of Cellular Response to Insulin Stimulus,GO_BP,1.25081866,0.279183521,1.1965355,0.35367557,0.749319503,0.994909646,False,shared_heat,1.16701657,1.4682311
GOBP_REGULATION_OF_CELLULAR_RESPONSE_TO_STRESS,Regulation of Cellular Response to Stress,GO_BP,1.66310749,0.00147188616,1.59693106,0.00459235142,0.958987283,0.910724104,False,shared_heat,1.63657923,1.34537882
GOBP_REGULATION_OF_CELLULAR_RESPONSE_TO_TRANSFORMING_GROWTH_FACTOR_BETA_STIMULUS,Regulation of Cellular Response to Transforming Growth Factor beta Stimulus,GO_BP,1.39485197,0.12263662,1.29385047,0.222317962,1.12855088,0.735912099,False,shared_heat,1.33104276,1.08182773
GOBP_REGULATION_OF_CELLULAR_SENESCENCE,Regulation of Cellular Senescence,GO_BP,1.19592471,0.350670209,1.18813803,0.375114199,0.567045085,0.999948662,False,shared_heat,1.18400356,0.781647955
GOBP_REGULATION_OF_CELL_ACTIVATION,Regulation of Cell Activation,GO_BP,1.53885496,0.00175293954,1.4295883,0.0162160034,1.04161962,0.805596787,False,shared_heat,1.47076911,1.04274199
GOBP_REGULATION_OF_CELL_ADHESION,Regulation of Cell Adhesion,GO_BP,1.72567758,2.2397181e-05,1.5759182,0.000949422394,1.10407366,0.662196217,False,shared_heat,1.64434376,1.30218196
GOBP_REGULATION_OF_CELL_ADHESION_MEDIATED_BY_INTEGRIN,Regulation of Cell Adhesion Mediated by Integrin,GO_BP,1.18539845,0.352304261,1.139608,0.413634112,-1.38525107,0.468928058,False,shared_heat,1.13105343,1.22312336
GOBP_REGULATION_OF_CELL_CELL_ADHESION,Regulation of Cell Cell Adhesion,GO_BP,1.57609544,0.00164578411,1.44524786,0.0236935044,1.05142026,0.796014142,False,shared_heat,1.50765157,1.09527764
GOBP_REGULATION_OF_CELL_CYCLE,Regulation of Cell Cycle,GO_BP,1.48573162,0.00175293954,1.49393966,0.00219424893,-0.890609427,0.996578828,False,shared_heat,1.51293182,1.0664965
GOBP_REGULATION_OF_CELL_CYCLE_CHECKPOINT,Regulation of Cell Cycle Checkpoint,GO_BP,0.873285496,0.704185847,1.30223411,0.271822178,-1.14965624,0.730616091,False,shared_heat,1.13308528,1.18175267
GOBP_REGULATION_OF_CELL_CYCLE_G1_S_PHASE_TRANSITION,Regulation of Cell Cycle G1 S Phase Transition,GO_BP,1.04927051,0.469980956,1.21936997,0.273849754,-1.15359751,0.669537991,False,shared_heat,1.1324894,0.936632655
GOBP_REGULATION_OF_CELL_CYCLE_G2_M_PHASE_TRANSITION,Regulation of Cell Cycle G2 M Phase Transition,GO_BP,1.6173054,0.0385904743,1.65395698,0.0381292923,-0.877528909,0.950156705,False,shared_heat,1.64168251,1.02833058
GOBP_REGULATION_OF_CELL_CYCLE_PHASE_TRANSITION,Regulation of Cell Cycle Phase Transition,GO_BP,1.36891727,0.0576094679,1.44636743,0.0337649306,-1.17291046,0.534895861,False,shared_heat,1.43811757,1.33550684
GOBP_REGULATION_OF_CELL_CYCLE_PROCESS,Regulation of Cell Cycle Process,GO_BP,1.47195629,0.00734863474,1.51736256,0.00297623675,-1.09218632,0.671888906,False,shared_heat,1.5429789,1.26593831
GOBP_REGULATION_OF_CELL_DEVELOPMENT,Regulation of Cell Development,GO_BP,1.42590222,0.0115697106,1.3292162,0.0428716378,1.0520072,0.787607422,False,shared_heat,1.38629453,1.16043195
GOBP_REGULATION_OF_CELL_DIVISION,Regulation of Cell Division,GO_BP,1.42755922,0.0896013166,1.35049983,0.156497741,0.540298181,0.999948662,False,shared_heat,1.37236708,-1.14844562
GOBP_REGULATION_OF_CELL_FATE_COMMITMENT,Regulation of Cell Fate Commitment,GO_BP,1.64537024,0.0651791398,1.41832017,0.212586045,1.42033679,0.480062258,False,shared_heat,1.55541576,-1.03160143
GOBP_REGULATION_OF_CELL_GROWTH,Regulation of Cell Growth,GO_BP,1.79291246,0.000216221222,1.65778921,0.0065569901,1.39822408,0.250288346,False,shared_heat,1.70692238,1.18502962
GOBP_REGULATION_OF_CELL_JUNCTION_ASSEMBLY,Regulation of Cell Junction Assembly,GO_BP,1.41770261,0.0783377745,1.37588594,0.11848167,-0.886177433,0.959690565,False,shared_heat,1.42073629,1.15368403
GOBP_REGULATION_OF_CELL_KILLING,Regulation of Cell Killing,GO_BP,-1.00324957,0.541690076,-1.089945,0.445823354,1.46304769,0.322405252,False,shared_heat,-1.0376587,-0.950945536
GOBP_REGULATION_OF_CELL_MATRIX_ADHESION,Regulation of Cell Matrix Adhesion,GO_BP,1.74647713,0.00998670888,1.65170117,0.0304372892,-0.807666633,0.994346977,False,shared_heat,1.70711182,1.28761345
GOBP_REGULATION_OF_CELL_MIGRATION_INVOLVED_IN_SPROUTING_ANGIOGENESIS,Regulation of Cell Migration Involved in Sprouting Angiogenesis,GO_BP,1.55317156,0.100072307,1.50417357,0.147238572,-0.918047807,0.913207117,False,shared_heat,1.50526054,0.818029082
GOBP_REGULATION_OF_CELL_MORPHOGENESIS,Regulation of Cell Morphogenesis,GO_BP,-0.910288736,0.693831785,-1.01538042,0.528896012,0.912744482,0.944986169,False,shared_heat,-0.916837993,-0.858311617
GOBP_REGULATION_OF_CELL_PROJECTION_ASSEMBLY,Regulation of Cell Projection Assembly,GO_BP,1.13480009,0.354852559,1.18393026,0.318971522,1.03352796,0.839489859,False,shared_heat,1.16143536,0.819327542
GOBP_REGULATION_OF_CELL_PROJECTION_ORGANIZATION,Regulation of Cell Projection Organization,GO_BP,1.53825671,0.00807539877,1.51239893,0.0142220521,1.11810896,0.671888906,False,shared_heat,1.53666596,1.2461648
GOBP_REGULATION_OF_CELL_SHAPE,Regulation of Cell Shape,GO_BP,0.939383794,0.636430496,0.939586959,0.638434263,0.795446716,0.992649497,False,shared_heat,0.883990412,-1.09206391
GOBP_REGULATION_OF_CELL_SIZE,Regulation of Cell Size,GO_BP,1.80030592,0.00522714009,1.63739496,0.0293619684,0.998005896,0.861264609,False,shared_heat,1.75919489,1.15290098
GOBP_REGULATION_OF_CELL_SUBSTRATE_ADHESION,Regulation of Cell Substrate Adhesion,GO_BP,1.75063365,0.00278831308,1.64360415,0.0162160034,1.02876003,0.839590835,False,shared_heat,1.6995116,1.1543209
GOBP_REGULATION_OF_CELL_SUBSTRATE_JUNCTION_ORGANIZATION,Regulation of Cell Substrate Junction Organization,GO_BP,1.76430851,0.0189933856,1.6623138,0.0462568554,0.685196784,0.999948662,False,shared_heat,1.69592952,0.78845425
GOBP_REGULATION_OF_CENTROSOME_CYCLE,Regulation of Centrosome Cycle,GO_BP,0.862318636,0.716512454,0.996990431,0.553831434,-0.667174008,0.999948662,False,shared_heat,0.908155045,1.11672964
GOBP_REGULATION_OF_CHEMOTAXIS,Regulation of Chemotaxis,GO_BP,1.90204007,0.000693275665,1.72156394,0.0065569901,1.08797288,0.76585627,False,shared_heat,1.80932518,0.829723501
GOBP_REGULATION_OF_CHOLESTEROL_EFFLUX,Regulation of Cholesterol Efflux,GO_BP,0.863415348,0.701045643,-0.859257342,0.711580786,0.709508178,0.994909646,False,shared_heat,-0.82758758,1.68466095
GOBP_REGULATION_OF_CHOLESTEROL_METABOLIC_PROCESS,Regulation of Cholesterol Metabolic Process,GO_BP,-0.847225238,0.726599354,-1.09971446,0.459397432,0.969617827,0.884619247,False,shared_heat,-1.01368891,1.44317182
GOBP_REGULATION_OF_CHONDROCYTE_DIFFERENTIATION,Regulation of Chondrocyte Differentiation,GO_BP,0.717457024,0.871082875,0.661963826,0.915925149,0.973170273,0.880257141,False,shared_heat,-0.623312618,0.988823576
GOBP_REGULATION_OF_CHROMOSOME_ORGANIZATION,Regulation of Chromosome Organization,GO_BP,1.21532492,0.231116225,1.17586376,0.298940422,0.79219385,0.999948662,False,shared_heat,1.25259712,1.32657358
GOBP_REGULATION_OF_CHROMOSOME_SEGREGATION,Regulation of Chromosome Segregation,GO_BP,1.41551282,0.105090679,1.3223147,0.193266002,0.784184963,0.994909646,False,shared_heat,1.45455309,1.29188292
GOBP_REGULATION_OF_CILIUM_ASSEMBLY,Regulation of Cilium Assembly,GO_BP,-1.06742533,0.476780572,-1.10526706,0.453813507,0.770993941,0.986500746,False,shared_heat,-1.07913609,1.30301908
GOBP_REGULATION_OF_CIRCADIAN_RHYTHM,Regulation of Circadian Rhythm,GO_BP,0.969036021,0.591260055,-0.826692099,0.795430075,1.36935826,0.436869295,False,shared_heat,0.973297155,1.49225525
GOBP_REGULATION_OF_COAGULATION,Regulation of Coagulation,GO_BP,1.86451743,0.00832690746,1.88750245,0.0103560295,-1.11194007,0.7607597,False,shared_heat,1.77604791,-0.87837526
GOBP_REGULATION_OF_COLLAGEN_METABOLIC_PROCESS,Regulation of Collagen Metabolic Process,GO_BP,1.09387794,0.456876215,0.971497797,0.583336833,1.09475075,0.805596787,False,shared_heat,1.01671371,-1.0511545
GOBP_REGULATION_OF_CYCLIN_DEPENDENT_PROTEIN_SERINE_THREONINE_KINASE_ACTIVITY,Regulation of Cyclin Dependent Protein Serine Threonine Kinase Activity,GO_BP,0.855135042,0.709169943,1.10249576,0.45979632,-1.33932886,0.542220663,False,shared_heat,0.959975122,0.944248955
GOBP_REGULATION_OF_CYTOKINESIS,Regulation of Cytokinesis,GO_BP,1.20753868,0.314656601,1.21369329,0.330891778,-0.632737338,0.999948662,False,shared_heat,1.17517118,-0.792119529
GOBP_REGULATION_OF_CYTOPLASMIC_PATTERN_RECOGNITION_RECEPTOR_SIGNALING_PATHWAY,Regulation of Cytoplasmic Pattern Recognition Receptor Signaling Pathway,GO_BP,0.935427722,0.637071179,-1.02772696,0.518260548,1.95526824,0.013552553,True,sign_reversal,-0.854614693,1.9292197
GOBP_REGULATION_OF_CYTOPLASMIC_TRANSLATION,Regulation of Cytoplasmic Translation,GO_BP,0.878889701,0.686717376,0.766094459,0.823282865,0.861143321,0.950156705,False,shared_heat,0.861346877,0.82750314
GOBP_REGULATION_OF_CYTOSKELETON_ORGANIZATION,Regulation of Cytoskeleton Organization,GO_BP,1.27666798,0.108469422,1.27794213,0.123202945,-0.756560783,0.999948662,False,shared_heat,1.2577783,1.4625897
GOBP_REGULATION_OF_DEFENSE_RESPONSE,Regulation of Defense Response,GO_BP,1.45800825,0.00456936289,1.24542477,0.0957461794,1.78136845,2.38607188e-05,True,WT_only,1.30547392,2.02969673
GOBP_REGULATION_OF_DEFENSE_RESPONSE_TO_VIRUS,Regulation of Defense Response to Virus,GO_BP,0.989049383,0.563776905,-1.03912052,0.520021503,1.39508449,0.495211293,False,shared_heat,0.903757259,0.893895085
GOBP_REGULATION_OF_DENDRITE_DEVELOPMENT,Regulation of Dendrite Development,GO_BP,0.786191356,0.807844874,0.772794411,0.829275251,0.983627734,0.871249981,False,shared_heat,0.757199214,1.05652579
GOBP_REGULATION_OF_DENDRITIC_SPINE_DEVELOPMENT,Regulation of Dendritic Spine Development,GO_BP,1.20920575,0.346054718,1.16429313,0.403332486,1.30310757,0.579986482,False,shared_heat,1.2633542,0.84524392
GOBP_REGULATION_OF_DEVELOPMENTAL_GROWTH,Regulation of Developmental Growth,GO_BP,1.58052029,0.0186146174,1.38029,0.103338507,0.909588465,0.950156705,False,shared_heat,1.47424202,0.955048671
GOBP_REGULATION_OF_DNA_BINDING,Regulation of DNA Binding,GO_BP,0.86909368,0.6987565,-0.820301112,0.757877106,0.780899431,0.981959171,False,shared_heat,-0.797499298,0.829371918
GOBP_REGULATION_OF_DNA_BINDING_TRANSCRIPTION_FACTOR_ACTIVITY,Regulation of DNA Binding Transcription Factor Activity,GO_BP,1.16247382,0.328828088,-1.23479267,0.278566804,1.74145053,0.0533014095,False,shared_heat,-1.10298551,1.53823867
GOBP_REGULATION_OF_DNA_BIOSYNTHETIC_PROCESS,Regulation of DNA Biosynthetic Process,GO_BP,1.29223272,0.220680567,1.36473975,0.183519981,-0.856422069,0.959690565,False,shared_heat,1.29655187,1.07913501
GOBP_REGULATION_OF_DNA_METABOLIC_PROCESS,Regulation of DNA Metabolic Process,GO_BP,1.2685057,0.12263662,1.41667078,0.0431900945,-1.13498193,0.61117042,False,shared_heat,1.34915596,1.27987142
GOBP_REGULATION_OF_DNA_RECOMBINATION,Regulation of DNA Recombination,GO_BP,1.02824,0.506392092,1.03551366,0.5062969,-0.904006774,0.944986169,False,shared_heat,1.0656941,1.28971293
GOBP_REGULATION_OF_DNA_REPAIR,Regulation of DNA Repair,GO_BP,1.39613764,0.109141667,1.42627448,0.109474432,-0.848921128,0.980529725,False,shared_heat,1.39111656,1.6675529
GOBP_REGULATION_OF_DNA_REPLICATION,Regulation of DNA Replication,GO_BP,1.11556373,0.400038208,1.33420721,0.198534056,-1.35886116,0.432558755,False,shared_heat,1.19310814,-0.679400976
GOBP_REGULATION_OF_DNA_TEMPLATED_DNA_REPLICATION,Regulation of DNA Templated DNA Replication,GO_BP,-0.527939501,0.990113076,-0.682763943,0.915925149,-0.734231928,0.996578828,False,shared_heat,-0.536879644,0.903687233
GOBP_REGULATION_OF_DNA_TEMPLATED_TRANSCRIPTION_ELONGATION,Regulation of DNA Templated Transcription Elongation,GO_BP,-1.06343556,0.477006769,-1.05165137,0.500552638,-1.00078011,0.857716504,False,shared_heat,-1.07237722,-1.15151111
GOBP_REGULATION_OF_DNA_TEMPLATED_TRANSCRIPTION_INITIATION,Regulation of DNA Templated Transcription Initiation,GO_BP,1.03609531,0.506680565,0.944302767,0.621283341,0.805574058,0.976113102,False,shared_heat,0.953697099,0.78098463
GOBP_REGULATION_OF_DOUBLE_STRAND_BREAK_REPAIR,Regulation of Double Strand Break Repair,GO_BP,1.08627517,0.441478638,1.13810659,0.399260556,-0.966627679,0.89481449,False,shared_heat,1.12045404,1.36619658
GOBP_REGULATION_OF_DOUBLE_STRAND_BREAK_REPAIR_VIA_HOMOLOGOUS_RECOMBINATION,Regulation of Double Strand Break Repair via Homologous Recombination,GO_BP,1.20412923,0.33573194,1.28189777,0.28658851,-1.20707397,0.669537991,False,shared_heat,1.25241264,1.22269449
GOBP_REGULATION_OF_D_GLUCOSE_IMPORT,Regulation of D Glucose Import,GO_BP,-1.24477387,0.316429633,-1.10451274,0.459132402,0.911620182,0.917210487,False,shared_heat,-1.18259366,1.24209395
GOBP_REGULATION_OF_D_GLUCOSE_TRANSMEMBRANE_TRANSPORT,Regulation of D Glucose Transmembrane Transport,GO_BP,1.04842364,0.491310769,1.17738524,0.37583292,0.854854934,0.950156705,False,shared_heat,1.06372673,1.30043669
GOBP_REGULATION_OF_EMBRYONIC_DEVELOPMENT,Regulation of Embryonic Development,GO_BP,0.924227646,0.642889864,0.840485526,0.754950883,0.998132465,0.861264609,False,shared_heat,0.876578976,0.986766576
GOBP_REGULATION_OF_ENDOCRINE_PROCESS,Regulation of Endocrine Process,GO_BP,1.72189503,0.0397945586,1.57381072,0.116031357,1.37357662,0.51459401,False,shared_heat,1.63257573,-1.42394876
GOBP_REGULATION_OF_ENDOCYTOSIS,Regulation of Endocytosis,GO_BP,1.70420847,0.00527082062,1.61529497,0.0129230679,1.34938218,0.371930419,False,shared_heat,1.6370393,-1.08847111
GOBP_REGULATION_OF_ENDOPLASMIC_RETICULUM_STRESS_INDUCED_INTRINSIC_APOPTOTIC_SIGNALING_PATHWAY,Regulation of Endoplasmic Reticulum Stress Induced Intrinsic Apoptotic Signal...,GO_BP,1.19702007,0.34904212,1.06907004,0.482976272,1.15269311,0.738566035,False,shared_heat,1.13091104,-1.18689568
GOBP_REGULATION_OF_ENDOPLASMIC_RETICULUM_UNFOLDED_PROTEIN_RESPONSE,Regulation of Endoplasmic Reticulum Unfolded Protein Response,GO_BP,-0.661390594,0.928644228,0.649126245,0.939277287,-0.968585758,0.887087077,False,shared_heat,-0.670647327,-0.929072746
GOBP_REGULATION_OF_ENDOTHELIAL_CELL_DIFFERENTIATION,Regulation of Endothelial Cell Differentiation,GO_BP,1.14042037,0.407251267,1.11235247,0.44792536,0.878188439,0.944986169,False,shared_heat,1.14502766,1.05616175
GOBP_REGULATION_OF_ENDOTHELIAL_CELL_MIGRATION,Regulation of Endothelial Cell Migration,GO_BP,1.21851259,0.239929121,1.21535091,0.267159147,0.922340436,0.939784841,False,shared_heat,1.22168933,1.0216032
GOBP_REGULATION_OF_EPIDERMIS_DEVELOPMENT,Regulation of Epidermis Development,GO_BP,1.41982725,0.153685722,1.41171071,0.179486985,0.862439913,0.950156705,False,shared_heat,1.3950965,-0.763272362
GOBP_REGULATION_OF_EPITHELIAL_CELL_APOPTOTIC_PROCESS,Regulation of Epithelial Cell Apoptotic Process,GO_BP,1.39506652,0.197105129,1.52315662,0.138194122,0.748651393,0.992005622,False,shared_heat,1.41142799,1.0930282
GOBP_REGULATION_OF_EPITHELIAL_CELL_DIFFERENTIATION,Regulation of Epithelial Cell Differentiation,GO_BP,1.45743479,0.0801886371,1.44521402,0.100500965,1.05532831,0.809773816,False,shared_heat,1.38946637,0.871371085
GOBP_REGULATION_OF_EPITHELIAL_CELL_MIGRATION,Regulation of Epithelial Cell Migration,GO_BP,0.862442105,0.726599354,-0.872757489,0.714067499,0.638959523,0.999948662,False,shared_heat,0.812918221,1.11208016
GOBP_REGULATION_OF_EPITHELIAL_CELL_PROLIFERATION,Regulation of Epithelial Cell Proliferation,GO_BP,1.78145102,0.000622293118,1.71192714,0.00479593587,-0.933390511,0.944257641,False,shared_heat,1.70026661,1.03612501
GOBP_REGULATION_OF_EPITHELIAL_TO_MESENCHYMAL_TRANSITION,Regulation of Epithelial to Mesenchymal Transition,GO_BP,1.4761705,0.0858550008,1.43103546,0.128780443,1.14955434,0.705785642,False,shared_heat,1.40375766,0.860716187
GOBP_REGULATION_OF_ERBB_SIGNALING_PATHWAY,Regulation of Erbb Signaling Pathway,GO_BP,1.99871267,0.00164578411,1.78658655,0.0236935044,1.36271509,0.482337137,False,shared_heat,1.90767099,1.04897633
GOBP_REGULATION_OF_ERYTHROCYTE_DIFFERENTIATION,Regulation of Erythrocyte Differentiation,GO_BP,-1.18040404,0.354852559,-1.19151381,0.367327963,0.854383824,0.950156705,False,shared_heat,-1.14766103,1.26167369
GOBP_REGULATION_OF_ESTABLISHMENT_OF_PROTEIN_LOCALIZATION,Regulation of Establishment of Protein Localization,GO_BP,1.91987824,7.31011786e-06,1.69872096,0.000496369977,1.4685612,0.116564949,False,shared_heat,1.74562921,1.3380639
GOBP_REGULATION_OF_ESTABLISHMENT_OF_PROTEIN_LOCALIZATION_TO_MITOCHONDRION,Regulation of Establishment of Protein Localization to Mitochondrion,GO_BP,1.60672682,0.0666762108,1.69310872,0.0480053995,-0.737166958,0.994909646,False,shared_heat,1.63998754,0.927285008
GOBP_REGULATION_OF_EXOCYTOSIS,Regulation of Exocytosis,GO_BP,1.48951949,0.0712546301,1.41570843,0.124200292,0.741224227,0.999948662,False,shared_heat,1.40522033,-1.30943812
GOBP_REGULATION_OF_EXTENT_OF_CELL_GROWTH,Regulation of Extent of Cell Growth,GO_BP,1.66809773,0.0397945586,1.49479785,0.124200292,0.798883851,0.98478006,False,shared_heat,1.56272335,0.741188447
GOBP_REGULATION_OF_EXTRACELLULAR_MATRIX_ORGANIZATION,Regulation of Extracellular Matrix Organization,GO_BP,1.11115992,0.419647706,0.965835452,0.594365311,0.932906633,0.910724104,False,shared_heat,1.02998521,1.47312038
GOBP_REGULATION_OF_EXTRINSIC_APOPTOTIC_SIGNALING_PATHWAY,Regulation of Extrinsic Apoptotic Signaling Pathway,GO_BP,1.95799417,0.000317300827,1.84021387,0.001583818,0.916748215,0.944986169,False,shared_heat,1.85469994,1.26216902
GOBP_REGULATION_OF_EXTRINSIC_APOPTOTIC_SIGNALING_PATHWAY_IN_ABSENCE_OF_LIGAND,Regulation of Extrinsic Apoptotic Signaling Pathway in Absence of Ligand,GO_BP,1.86851997,0.0106783111,1.82031189,0.0233168776,-0.928872015,0.911504935,False,shared_heat,1.80453441,0.87643899
GOBP_REGULATION_OF_EXTRINSIC_APOPTOTIC_SIGNALING_PATHWAY_VIA_DEATH_DOMAIN_RECEPTORS,Regulation of Extrinsic Apoptotic Signaling Pathway via Death Domain Receptors,GO_BP,1.70547297,0.0366849746,1.70987244,0.0436940926,-0.844995593,0.955246607,False,shared_heat,1.63433239,0.78976409
GOBP_REGULATION_OF_FATTY_ACID_BIOSYNTHETIC_PROCESS,Regulation of Fatty Acid Biosynthetic Process,GO_BP,0.841974874,0.729007687,-0.907506613,0.66026642,-0.789678197,0.980529725,False,shared_heat,0.921000206,1.07911546
GOBP_REGULATION_OF_FATTY_ACID_METABOLIC_PROCESS,Regulation of Fatty Acid Metabolic Process,GO_BP,0.997941457,0.550189508,-1.09649144,0.44792536,0.705531247,0.999948662,False,shared_heat,1.04283629,-0.734605931
GOBP_REGULATION_OF_FATTY_ACID_TRANSPORT,Regulation of Fatty Acid Transport,GO_BP,1.44878533,0.158675686,1.51841464,0.139275051,0.602966818,0.999948662,False,shared_heat,1.49801393,-0.875710708
GOBP_REGULATION_OF_FAT_CELL_DIFFERENTIATION,Regulation of Fat Cell Differentiation,GO_BP,1.61560501,0.0360964161,1.46808345,0.0996848888,1.08605964,0.791459509,False,shared_heat,1.54153745,-1.02002453
GOBP_REGULATION_OF_FIBROBLAST_MIGRATION,Regulation of Fibroblast Migration,GO_BP,1.34372509,0.224914711,1.35280149,0.243331786,1.04484486,0.839590835,False,shared_heat,1.33069166,0.774477252
GOBP_REGULATION_OF_FILOPODIUM_ASSEMBLY,Regulation of Filopodium Assembly,GO_BP,1.2407763,0.329219808,1.38077885,0.238871048,-0.921060907,0.910798234,False,shared_heat,1.27106523,-0.507038532
GOBP_REGULATION_OF_GENERATION_OF_PRECURSOR_METABOLITES_AND_ENERGY,Regulation of Generation of Precursor Metabolites and Energy,GO_BP,1.40110542,0.11218507,1.20807376,0.299225531,1.24039441,0.567190143,False,shared_heat,1.3200979,1.30184964
GOBP_REGULATION_OF_GLIAL_CELL_DIFFERENTIATION,Regulation of Glial Cell Differentiation,GO_BP,1.13874091,0.392199236,0.912129016,0.661882756,1.3963783,0.455775885,False,shared_heat,1.00967867,1.30873545
GOBP_REGULATION_OF_GLIAL_CELL_PROLIFERATION,Regulation of Glial Cell Proliferation,GO_BP,0.882604852,0.683098453,0.810163752,0.77303154,0.584585271,0.999948662,False,shared_heat,0.849120916,-1.17179028
GOBP_REGULATION_OF_GLIOGENESIS,Regulation of Gliogenesis,GO_BP,1.17614998,0.336923679,0.955389144,0.614714413,1.09086574,0.791459509,False,shared_heat,1.05284643,0.790357546
GOBP_REGULATION_OF_GLUCONEOGENESIS,Regulation of Gluconeogenesis,GO_BP,-1.3647756,0.215603914,-1.31863095,0.279691987,0.86342026,0.950156705,False,shared_heat,-1.30685001,-0.834004123
GOBP_REGULATION_OF_GLUCOSE_METABOLIC_PROCESS,Regulation of Glucose Metabolic Process,GO_BP,-1.36012099,0.179767273,-1.51656299,0.102754907,1.3127039,0.520142924,False,shared_heat,-1.42078142,-1.24980345
GOBP_REGULATION_OF_GLYCOLYTIC_PROCESS,Regulation of Glycolytic Process,GO_BP,0.926232864,0.637071179,1.1201433,0.435425884,-0.742890973,0.994909646,False,shared_heat,1.06104735,-0.865755551
GOBP_REGULATION_OF_GRANULOCYTE_CHEMOTAXIS,Regulation of Granulocyte Chemotaxis,GO_BP,1.39215761,0.178293441,1.33948174,0.239703673,1.01120346,0.852313896,False,shared_heat,1.32810391,1.00869964
GOBP_REGULATION_OF_GROWTH,Regulation of Growth,GO_BP,1.87370533,1.54038766e-05,1.67796547,0.000949422394,1.27003071,0.395520988,False,shared_heat,1.7397777,1.10571212
GOBP_REGULATION_OF_GTPASE_ACTIVITY,Regulation of Gtpase Activity,GO_BP,1.0400495,0.494551692,-1.00764296,0.542043385,0.78785608,0.992649497,False,shared_heat,1.0181191,1.15322007
GOBP_REGULATION_OF_G_PROTEIN_COUPLED_RECEPTOR_SIGNALING_PATHWAY,Regulation of G Protein Coupled Receptor Signaling Pathway,GO_BP,1.72529924,0.02130802,1.73858692,0.0259132252,-0.868209016,0.955039892,False,shared_heat,1.68181619,1.19182035
GOBP_REGULATION_OF_HEART_CONTRACTION,Regulation of Heart Contraction,GO_BP,1.372164,0.124916423,1.32776727,0.178167474,1.04936558,0.812485288,False,shared_heat,1.35369675,1.15070411
GOBP_REGULATION_OF_HEART_GROWTH,Regulation of Heart Growth,GO_BP,1.70587547,0.0381791919,1.55796365,0.105283865,1.2813845,0.595969411,False,shared_heat,1.58141903,1.01527222
GOBP_REGULATION_OF_HEART_RATE,Regulation of Heart Rate,GO_BP,1.50072232,0.100072307,1.39067678,0.187172523,0.896132942,0.942650594,False,shared_heat,1.47451457,1.35600023
GOBP_REGULATION_OF_HEMATOPOIETIC_PROGENITOR_CELL_DIFFERENTIATION,Regulation of Hematopoietic Progenitor Cell Differentiation,GO_BP,0.939457632,0.616446621,0.869986422,0.695433246,1.16415092,0.738566035,False,shared_heat,0.89558844,1.29811802
GOBP_REGULATION_OF_HEMOPOIESIS,Regulation of Hemopoiesis,GO_BP,1.20127126,0.191299979,-1.12272755,0.346902996,1.07490039,0.755466719,False,shared_heat,1.16976762,1.32562724
GOBP_REGULATION_OF_HIPPO_SIGNALING,Regulation of Hippo Signaling,GO_BP,1.12095452,0.431825095,1.13739558,0.4323606,1.16751249,0.738566035,False,shared_heat,1.18667043,1.70043359
GOBP_REGULATION_OF_HOMOTYPIC_CELL_CELL_ADHESION,Regulation of Homotypic Cell Cell Adhesion,GO_BP,1.06541909,0.479596005,1.10902851,0.450533346,-1.0317975,0.844399056,False,shared_heat,1.06712107,1.12356705
GOBP_REGULATION_OF_HORMONE_LEVELS,Regulation of Hormone Levels,GO_BP,1.68592568,0.00173226862,1.55380957,0.0167949964,1.28133093,0.417535,False,shared_heat,1.57168331,-1.35330847
GOBP_REGULATION_OF_HORMONE_METABOLIC_PROCESS,Regulation of Hormone Metabolic Process,GO_BP,1.10192583,0.44867303,1.02072039,0.531705485,-0.876822939,0.944986169,False,shared_heat,0.998754029,0.863058031
GOBP_REGULATION_OF_HORMONE_SECRETION,Regulation of Hormone Secretion,GO_BP,1.5766985,0.0300442404,1.3541849,0.140114777,1.46047767,0.269554047,False,shared_heat,1.41349006,-1.24681624
GOBP_REGULATION_OF_HUMORAL_IMMUNE_RESPONSE,Regulation of Humoral Immune Response,GO_BP,1.09690964,0.449296023,0.999884919,0.549723789,0.992234251,0.864102527,False,shared_heat,1.0428754,-1.47730247
GOBP_REGULATION_OF_HYDROLASE_ACTIVITY,Regulation of Hydrolase Activity,GO_BP,1.15609908,0.347249936,1.08147875,0.44792536,0.737068107,0.999948662,False,shared_heat,1.09600418,1.0123967
GOBP_REGULATION_OF_IMMUNE_EFFECTOR_PROCESS,Regulation of Immune Effector Process,GO_BP,1.5298062,0.0141375075,1.44392304,0.0372226404,1.10399276,0.705785642,False,shared_heat,1.47209389,-1.04870048
GOBP_REGULATION_OF_IMMUNE_RESPONSE,Regulation of Immune Response,GO_BP,1.44612302,0.00503763309,-1.27300643,0.0820638588,1.79099421,1.97390304e-05,True,sign_reversal,1.29612289,1.77050428
GOBP_REGULATION_OF_IMMUNOGLOBULIN_PRODUCTION,Regulation of Immunoglobulin Production,GO_BP,-1.26045245,0.252815423,-1.26186054,0.2798094,-0.664731877,0.999948662,False,shared_heat,-1.27552758,1.08412
GOBP_REGULATION_OF_INFLAMMATORY_RESPONSE,Regulation of Inflammatory Response,GO_BP,1.61970107,0.00433742202,1.55025106,0.0104728304,1.12846648,0.665548437,False,shared_heat,1.54019521,1.07974846
GOBP_REGULATION_OF_INFLAMMATORY_RESPONSE_TO_ANTIGENIC_STIMULUS,Regulation of Inflammatory Response to Antigenic Stimulus,GO_BP,1.58169231,0.070979323,1.39571706,0.192392812,1.28833892,0.568316853,False,shared_heat,1.47167313,-1.10291047
GOBP_REGULATION_OF_INNATE_IMMUNE_RESPONSE,Regulation of Innate Immune Response,GO_BP,-1.20407912,0.194107679,-1.49400649,0.0221636748,2.06450406,1.75999539e-06,True,KO_only,-1.34619576,2.44863937
GOBP_REGULATION_OF_INSULIN_RECEPTOR_SIGNALING_PATHWAY,Regulation of Insulin Receptor Signaling Pathway,GO_BP,0.820365055,0.777612795,0.797543688,0.812307691,-0.723178238,0.999948662,False,shared_heat,0.719132935,1.16291509
GOBP_REGULATION_OF_INSULIN_SECRETION,Regulation of Insulin Secretion,GO_BP,1.26102068,0.227097324,1.09964304,0.425586949,1.35165165,0.432558755,False,shared_heat,1.12222558,0.967816118
GOBP_REGULATION_OF_INTRACELLULAR_PROTEIN_TRANSPORT,Regulation of Intracellular Protein Transport,GO_BP,1.80343151,0.00578506941,1.52310154,0.0672321594,1.56857198,0.195956522,False,shared_heat,1.61276717,1.79444862
GOBP_REGULATION_OF_INTRACELLULAR_STEROID_HORMONE_RECEPTOR_SIGNALING_PATHWAY,Regulation of Intracellular Steroid Hormone Receptor Signaling Pathway,GO_BP,1.51220467,0.104750096,1.51566626,0.123245346,0.797726017,0.980529725,False,shared_heat,1.48354364,0.797287347
GOBP_REGULATION_OF_INTRACELLULAR_TRANSPORT,Regulation of Intracellular Transport,GO_BP,1.72743194,0.00442388838,1.55210225,0.0337649306,1.36196435,0.379692524,False,shared_heat,1.58842181,1.54478608
GOBP_REGULATION_OF_INTRINSIC_APOPTOTIC_SIGNALING_PATHWAY,Regulation of Intrinsic Apoptotic Signaling Pathway,GO_BP,1.28876797,0.166584318,1.18815323,0.290752855,1.05052767,0.810224311,False,shared_heat,1.2074477,-1.33707449
GOBP_REGULATION_OF_INTRINSIC_APOPTOTIC_SIGNALING_PATHWAY_IN_RESPONSE_TO_DNA_DAMAGE,Regulation of Intrinsic Apoptotic Signaling Pathway in Response to DNA Damage,GO_BP,1.78315018,0.0252011344,1.63189962,0.0831614065,-0.788649444,0.980529725,False,shared_heat,1.66402014,-1.0759548
GOBP_REGULATION_OF_ISOTYPE_SWITCHING,Regulation of Isotype Switching,GO_BP,-1.0627767,0.487534481,-1.07135939,0.491902398,-0.887499689,0.940888049,False,shared_heat,-1.05204984,1.22122201
GOBP_REGULATION_OF_JNK_CASCADE,Regulation of JNK Cascade,GO_BP,1.08442937,0.431825095,0.962096318,0.608699375,1.11492853,0.750795664,False,shared_heat,0.974547655,1.03450632
GOBP_REGULATION_OF_KERATINOCYTE_DIFFERENTIATION,Regulation of Keratinocyte Differentiation,GO_BP,0.964673714,0.591310934,1.02442305,0.528896012,0.874081293,0.944986169,False,shared_heat,0.99433302,-0.773094928
GOBP_REGULATION_OF_KETONE_METABOLIC_PROCESS,Regulation of Ketone Metabolic Process,GO_BP,1.23111338,0.273478655,1.04220486,0.498218985,0.880338984,0.950156705,False,shared_heat,1.1658952,0.722652603
GOBP_REGULATION_OF_KINASE_ACTIVITY,Regulation of Kinase Activity,GO_BP,1.27064407,0.170527838,1.12635424,0.361951664,1.31728227,0.41410471,False,shared_heat,1.19580509,-0.947023393
GOBP_REGULATION_OF_LAMELLIPODIUM_ASSEMBLY,Regulation of Lamellipodium Assembly,GO_BP,1.11358711,0.438033429,1.13970667,0.428542126,0.896905889,0.931631291,False,shared_heat,1.12445288,-0.682926485
GOBP_REGULATION_OF_LAMELLIPODIUM_ORGANIZATION,Regulation of Lamellipodium Organization,GO_BP,1.30984031,0.242080011,1.23706301,0.330891778,1.2379524,0.646537568,False,shared_heat,1.22397509,-0.85979792
GOBP_REGULATION_OF_LEUKOCYTE_ADHESION_TO_VASCULAR_ENDOTHELIAL_CELL,Regulation of Leukocyte Adhesion to Vascular Endothelial Cell,GO_BP,1.21252569,0.34516857,1.24357053,0.33810278,-0.559190006,0.999948662,False,shared_heat,1.16299773,0.890813929
GOBP_REGULATION_OF_LEUKOCYTE_APOPTOTIC_PROCESS,Regulation of Leukocyte Apoptotic Process,GO_BP,1.9033235,0.00433781921,1.78158035,0.0162160034,1.08689097,0.793812402,False,shared_heat,1.87779702,1.1868943
GOBP_REGULATION_OF_LEUKOCYTE_CHEMOTAXIS,Regulation of Leukocyte Chemotaxis,GO_BP,1.74706157,0.0105694919,1.57299743,0.0528594379,0.883923907,0.950156705,False,shared_heat,1.64860773,-0.988532831
GOBP_REGULATION_OF_LEUKOCYTE_DEGRANULATION,Regulation of Leukocyte Degranulation,GO_BP,0.880811305,0.6987565,0.906079444,0.66992528,-1.12289791,0.755466719,False,shared_heat,0.865778254,-1.51468501
GOBP_REGULATION_OF_LEUKOCYTE_DIFFERENTIATION,Regulation of Leukocyte Differentiation,GO_BP,1.29630868,0.110938113,1.20731564,0.2197838,1.08240328,0.747247055,False,shared_heat,1.26484987,1.19712442
GOBP_REGULATION_OF_LEUKOCYTE_MEDIATED_IMMUNITY,Regulation of Leukocyte Mediated Immunity,GO_BP,1.30176584,0.139639166,1.22018395,0.241924238,0.965186714,0.896776534,False,shared_heat,1.23146255,-0.852697336
GOBP_REGULATION_OF_LEUKOCYTE_MIGRATION,Regulation of Leukocyte Migration,GO_BP,1.74075772,0.00309696669,1.66407133,0.0113446447,0.898012189,0.950156705,False,shared_heat,1.62432462,-1.07200056
GOBP_REGULATION_OF_LEUKOCYTE_PROLIFERATION,Regulation of Leukocyte Proliferation,GO_BP,1.39790261,0.0647329898,1.28582016,0.156497741,0.955460553,0.907191457,False,shared_heat,1.32803602,1.22495257
GOBP_REGULATION_OF_LIPID_BIOSYNTHETIC_PROCESS,Regulation of Lipid Biosynthetic Process,GO_BP,1.53622106,0.0410442543,1.43211526,0.0968628217,0.727997293,0.999948662,False,shared_heat,1.46089837,1.43375213
GOBP_REGULATION_OF_LIPID_CATABOLIC_PROCESS,Regulation of Lipid Catabolic Process,GO_BP,0.900211116,0.665301093,-0.877121939,0.695433246,0.645301564,0.999948662,False,shared_heat,0.854064989,0.719362668
GOBP_REGULATION_OF_LIPID_LOCALIZATION,Regulation of Lipid Localization,GO_BP,1.77379872,0.00664619909,1.71211486,0.0167935516,-0.699632899,0.999948662,False,shared_heat,1.74707883,1.00047948
GOBP_REGULATION_OF_LIPID_METABOLIC_PROCESS,Regulation of Lipid Metabolic Process,GO_BP,1.47965263,0.0381791919,1.33347965,0.129618513,1.06997513,0.791459509,False,shared_heat,1.3930675,1.42845405
GOBP_REGULATION_OF_LIPID_STORAGE,Regulation of Lipid Storage,GO_BP,1.53997939,0.0935868165,1.47265815,0.149740848,1.02720498,0.844399056,False,shared_heat,1.50324598,1.35098186
GOBP_REGULATION_OF_LIPOPOLYSACCHARIDE_MEDIATED_SIGNALING_PATHWAY,Regulation of Lipopolysaccharide Mediated Signaling Pathway,GO_BP,0.987033445,0.56467253,0.720160607,0.874854063,1.09742818,0.803198133,False,shared_heat,0.865003517,1.22901838
GOBP_REGULATION_OF_LOCOMOTION,Regulation of Locomotion,GO_BP,1.75186318,1.4518306e-06,1.71352241,2.17326042e-05,0.804284435,0.999948662,False,shared_heat,1.71263434,1.15080926
GOBP_REGULATION_OF_LYMPHOCYTE_ACTIVATION,Regulation of Lymphocyte Activation,GO_BP,1.44336886,0.0180724981,1.32193286,0.0689605671,0.997364641,0.862818664,False,shared_heat,1.38509346,1.15531126
GOBP_REGULATION_OF_LYMPHOCYTE_APOPTOTIC_PROCESS,Regulation of Lymphocyte Apoptotic Process,GO_BP,1.75236039,0.0255209658,1.85397751,0.0171489368,-1.08573012,0.799833465,False,shared_heat,1.84658166,-1.2360437
GOBP_REGULATION_OF_LYMPHOCYTE_DIFFERENTIATION,Regulation of Lymphocyte Differentiation,GO_BP,1.14032703,0.319660832,-1.06236557,0.456639778,0.810992067,0.996578828,False,shared_heat,1.08969914,0.920536402
GOBP_REGULATION_OF_LYMPHOCYTE_MEDIATED_IMMUNITY,Regulation of Lymphocyte Mediated Immunity,GO_BP,1.20667923,0.255782367,-1.20308192,0.294278995,1.20195151,0.59360652,False,shared_heat,-1.17762727,0.8313433
GOBP_REGULATION_OF_LYMPHOCYTE_MIGRATION,Regulation of Lymphocyte Migration,GO_BP,1.49590207,0.108469422,1.26077634,0.301557287,1.29940706,0.56007595,False,shared_heat,1.34571321,1.50194966
GOBP_REGULATION_OF_MACROAUTOPHAGY,Regulation of Macroautophagy,GO_BP,-0.984322573,0.573898613,-1.04245091,0.49395007,0.77614514,0.999730512,False,shared_heat,-1.06932441,1.16720877
GOBP_REGULATION_OF_MACROPHAGE_ACTIVATION,Regulation of Macrophage Activation,GO_BP,1.49628461,0.109141667,1.56494811,0.0968628217,0.84125233,0.957939272,False,shared_heat,1.50866347,-0.798436278
GOBP_REGULATION_OF_MACROPHAGE_DERIVED_FOAM_CELL_DIFFERENTIATION,Regulation of Macrophage Derived Foam Cell Differentiation,GO_BP,1.100739,0.446613689,1.05413757,0.499787458,0.639135623,0.999948662,False,shared_heat,1.07846102,1.18594068
GOBP_REGULATION_OF_MACROPHAGE_MIGRATION,Regulation of Macrophage Migration,GO_BP,0.929029422,0.63096603,0.874755675,0.694484666,1.15822985,0.738566035,False,shared_heat,0.934437607,1.00896836
GOBP_REGULATION_OF_MAP_KINASE_ACTIVITY,Regulation of Map Kinase Activity,GO_BP,-1.13258105,0.4017183,-1.28070863,0.283969722,1.32222816,0.524637188,False,shared_heat,-1.20160927,-0.916464462
GOBP_REGULATION_OF_MEIOTIC_CELL_CYCLE,Regulation of Meiotic Cell Cycle,GO_BP,1.26078356,0.294543986,1.18800871,0.377873683,-0.758022188,0.992649497,False,shared_heat,1.26593261,0.704172957
GOBP_REGULATION_OF_MEMBRANE_DEPOLARIZATION,Regulation of Membrane Depolarization,GO_BP,1.07959277,0.465870695,0.915149265,0.647093993,1.41251548,0.473804212,False,shared_heat,0.987732817,-1.46985715
GOBP_REGULATION_OF_MEMBRANE_PERMEABILITY,Regulation of Membrane Permeability,GO_BP,-1.22000203,0.314439078,-1.05346247,0.498261455,-1.18595238,0.68667004,False,shared_heat,-1.17554,-1.16426056
GOBP_REGULATION_OF_MEMBRANE_POTENTIAL,Regulation of Membrane Potential,GO_BP,1.46977492,0.0397539576,1.33120569,0.128780443,1.19819629,0.568316853,False,shared_heat,1.41788211,-0.916409363
GOBP_REGULATION_OF_MEMBRANE_PROTEIN_ECTODOMAIN_PROTEOLYSIS,Regulation of Membrane Protein Ectodomain Proteolysis,GO_BP,1.61746474,0.0734014804,1.56733099,0.116031357,-0.702229667,0.996578828,False,shared_heat,1.63796647,-0.932869315
GOBP_REGULATION_OF_MICROTUBULE_BASED_PROCESS,Regulation of Microtubule Based Process,GO_BP,1.00416258,0.538012908,1.05972259,0.459968256,0.672296004,0.999948662,False,shared_heat,0.989703731,1.5951256
GOBP_REGULATION_OF_MICROTUBULE_CYTOSKELETON_ORGANIZATION,Regulation of Microtubule Cytoskeleton Organization,GO_BP,0.945727705,0.631166126,0.944498247,0.635759141,0.873289577,0.955246607,False,shared_heat,-0.88409145,1.57641487
GOBP_REGULATION_OF_MICROTUBULE_POLYMERIZATION,Regulation of Microtubule Polymerization,GO_BP,0.947053013,0.612867118,1.15863135,0.394249072,-0.873432614,0.950156705,False,shared_heat,1.04280162,0.822411742
GOBP_REGULATION_OF_MICROTUBULE_POLYMERIZATION_OR_DEPOLYMERIZATION,Regulation of Microtubule Polymerization or Depolymerization,GO_BP,0.991673991,0.557492464,1.09874916,0.439365796,0.855450746,0.955246607,False,shared_heat,0.985632164,1.21031737
GOBP_REGULATION_OF_MIRNA_METABOLIC_PROCESS,Regulation of miRNA Metabolic Process,GO_BP,1.80138986,0.00787381882,1.48063328,0.0992744923,1.48796543,0.303523277,False,shared_heat,1.59161795,0.954146357
GOBP_REGULATION_OF_MITOCHONDRIAL_MEMBRANE_PERMEABILITY,Regulation of Mitochondrial Membrane Permeability,GO_BP,-1.21575426,0.327345822,-1.05759092,0.495316274,-1.07009548,0.805596787,False,shared_heat,-1.16901119,-1.2237342
GOBP_REGULATION_OF_MITOCHONDRIAL_MEMBRANE_PERMEABILITY_INVOLVED_IN_APOPTOTIC_PROCESS,Regulation of Mitochondrial Membrane Permeability Involved in Apoptotic Process,GO_BP,1.09265669,0.454024819,1.11889098,0.439514569,-1.19963667,0.690148464,False,shared_heat,1.14689235,-0.927852103
GOBP_REGULATION_OF_MITOCHONDRIAL_MEMBRANE_POTENTIAL,Regulation of Mitochondrial Membrane Potential,GO_BP,0.888859871,0.693831785,-0.750005012,0.87510852,1.0014259,0.857716504,False,shared_heat,0.831029113,-1.54116299
GOBP_REGULATION_OF_MITOCHONDRION_ORGANIZATION,Regulation of Mitochondrion Organization,GO_BP,1.07037881,0.449296023,1.06103591,0.470009837,-1.07568339,0.796014142,False,shared_heat,1.08237933,-1.20183781
GOBP_REGULATION_OF_MITOTIC_CELL_CYCLE,Regulation of Mitotic Cell Cycle,GO_BP,1.49792543,0.012175217,1.52138883,0.0118065786,-0.895875227,0.984566282,False,shared_heat,1.55190874,1.11211355
GOBP_REGULATION_OF_MITOTIC_CELL_CYCLE_PHASE_TRANSITION,Regulation of Mitotic Cell Cycle Phase Transition,GO_BP,1.38540807,0.0604725848,1.47087907,0.0335309355,-1.05002922,0.802896996,False,shared_heat,1.45341925,1.15580717
GOBP_REGULATION_OF_MITOTIC_NUCLEAR_DIVISION,Regulation of Mitotic Nuclear Division,GO_BP,1.73562168,0.0115697106,1.63903106,0.0333402537,0.775539587,0.996578828,False,shared_heat,1.68632143,0.837716013
GOBP_REGULATION_OF_MITOTIC_SISTER_CHROMATID_SEGREGATION,Regulation of Mitotic Sister Chromatid Segregation,GO_BP,0.865342847,0.726599354,0.969091592,0.590120656,-0.75830974,0.995669129,False,shared_heat,0.924466322,0.874301317
GOBP_REGULATION_OF_MOLECULAR_FUNCTION,Regulation of Molecular Function,GO_BP,1.32406802,0.040263931,-1.13833544,0.283936365,1.4470829,0.0561879135,False,shared_heat,1.23046982,1.20505886
GOBP_REGULATION_OF_MONOATOMIC_ION_TRANSMEMBRANE_TRANSPORT,Regulation of Monoatomic Ion Transmembrane Transport,GO_BP,-1.39160251,0.0910952357,-1.39765669,0.107795619,0.854596283,0.980529725,False,shared_heat,-1.41584369,-1.31604819
GOBP_REGULATION_OF_MONOATOMIC_ION_TRANSPORT,Regulation of Monoatomic Ion Transport,GO_BP,-1.09874458,0.373980618,-1.1454007,0.336309196,-0.836200775,0.996578828,False,shared_heat,-1.15037645,-1.11251085
GOBP_REGULATION_OF_MONONUCLEAR_CELL_MIGRATION,Regulation of Mononuclear Cell Migration,GO_BP,1.6472537,0.0257503891,1.46969832,0.0926706294,1.19675994,0.63568473,False,shared_heat,1.49788667,1.06530198
GOBP_REGULATION_OF_MORPHOGENESIS_OF_AN_EPITHELIUM,Regulation of Morphogenesis of An Epithelium,GO_BP,1.24353948,0.297987039,1.16340768,0.390147367,0.647895001,0.999948662,False,shared_heat,1.21365407,1.10074237
GOBP_REGULATION_OF_MORPHOGENESIS_OF_A_BRANCHING_STRUCTURE,Regulation of Morphogenesis of A Branching Structure,GO_BP,1.36087831,0.220680567,1.26036948,0.327564095,-0.62409384,0.999948662,False,shared_heat,1.31290638,0.87943342
GOBP_REGULATION_OF_MRNA_CATABOLIC_PROCESS,Regulation of mRNA Catabolic Process,GO_BP,-1.03294735,0.497661313,-0.999585703,0.551772694,1.00792327,0.852313896,False,shared_heat,-1.0336919,0.719971782
GOBP_REGULATION_OF_MRNA_METABOLIC_PROCESS,Regulation of mRNA Metabolic Process,GO_BP,-0.973290284,0.595527729,-0.946594821,0.643354973,0.929869199,0.93501122,False,shared_heat,-0.968770524,-0.726805477
GOBP_REGULATION_OF_MRNA_PROCESSING,Regulation of mRNA Processing,GO_BP,0.835633754,0.787091717,0.976860657,0.581463773,-1.15107627,0.701594507,False,shared_heat,0.887115951,-0.786917183
GOBP_REGULATION_OF_MRNA_SPLICING_VIA_SPLICEOSOME,Regulation of mRNA Splicing via Spliceosome,GO_BP,0.924203169,0.648548522,0.97610559,0.579899541,-0.950772778,0.901446344,False,shared_heat,0.923839335,-0.789081536
GOBP_REGULATION_OF_MULTICELLULAR_ORGANISM_GROWTH,Regulation of Multicellular Organism Growth,GO_BP,-0.808106076,0.796704746,-0.997145551,0.556437688,0.85368699,0.953379508,False,shared_heat,-0.848554884,-1.05392032
GOBP_REGULATION_OF_MUSCLE_ADAPTATION,Regulation of Muscle Adaptation,GO_BP,1.57258741,0.069588945,1.37166572,0.200355752,1.32627487,0.509798782,False,shared_heat,1.4426842,0.591135884
GOBP_REGULATION_OF_MUSCLE_CELL_DIFFERENTIATION,Regulation of Muscle Cell Differentiation,GO_BP,1.48954184,0.0728028427,1.35727479,0.165424216,1.10970325,0.755466719,False,shared_heat,1.44960402,1.08657655
GOBP_REGULATION_OF_MUSCLE_CONTRACTION,Regulation of Muscle Contraction,GO_BP,1.32892095,0.163685187,1.25285927,0.253178083,0.794876474,0.994346977,False,shared_heat,1.23578884,-1.18779673
GOBP_REGULATION_OF_MUSCLE_HYPERTROPHY,Regulation of Muscle Hypertrophy,GO_BP,1.33092289,0.233412781,1.11213141,0.444668533,1.68798438,0.197325136,False,shared_heat,1.20498146,0.931117567
GOBP_REGULATION_OF_MUSCLE_SYSTEM_PROCESS,Regulation of Muscle System Process,GO_BP,1.51627981,0.0410442543,1.37462431,0.119864245,1.00109237,0.85763161,False,shared_heat,1.40346622,-1.01600172
GOBP_REGULATION_OF_MYELINATION,Regulation of Myelination,GO_BP,-0.940386822,0.619247346,-0.938126837,0.626146771,0.615849373,0.999948662,False,shared_heat,-0.939812211,1.45272105
GOBP_REGULATION_OF_MYELOID_CELL_APOPTOTIC_PROCESS,Regulation of Myeloid Cell Apoptotic Process,GO_BP,1.01993008,0.529338968,-0.929368215,0.635395582,1.42001277,0.469514497,False,shared_heat,0.871189649,1.67178007
GOBP_REGULATION_OF_MYELOID_CELL_DIFFERENTIATION,Regulation of Myeloid Cell Differentiation,GO_BP,1.39425271,0.0915213067,1.2306222,0.249045415,1.13269379,0.701594507,False,shared_heat,1.31915597,1.62932778
GOBP_REGULATION_OF_MYELOID_LEUKOCYTE_DIFFERENTIATION,Regulation of Myeloid Leukocyte Differentiation,GO_BP,1.78126151,0.00748344851,1.57580029,0.0528374843,1.24545781,0.567190143,False,shared_heat,1.66051852,1.58730202
GOBP_REGULATION_OF_MYELOID_LEUKOCYTE_MEDIATED_IMMUNITY,Regulation of Myeloid Leukocyte Mediated Immunity,GO_BP,1.3727122,0.186017245,1.26811796,0.294278995,-1.03755252,0.839590835,False,shared_heat,1.3071094,-1.14770888
GOBP_REGULATION_OF_MYOBLAST_DIFFERENTIATION,Regulation of Myoblast Differentiation,GO_BP,-1.07261002,0.475151015,-1.07083393,0.490110041,0.996483187,0.862741186,False,shared_heat,-1.06106923,-0.657135505
GOBP_REGULATION_OF_MYOTUBE_DIFFERENTIATION,Regulation of Myotube Differentiation,GO_BP,1.31683028,0.261757375,1.000123,0.551772694,1.41325723,0.482308996,False,shared_heat,1.20888859,0.747616973
GOBP_REGULATION_OF_NATURAL_KILLER_CELL_ACTIVATION,Regulation of Natural Killer Cell Activation,GO_BP,1.10581193,0.442235163,0.926806895,0.635395582,1.44290167,0.440294721,False,shared_heat,1.00829286,-0.738618245
GOBP_REGULATION_OF_NATURAL_KILLER_CELL_MEDIATED_IMMUNITY,Regulation of Natural Killer Cell Mediated Immunity,GO_BP,-1.21741938,0.329598093,-1.37890556,0.216591293,1.57533236,0.289935786,False,shared_heat,-1.31857238,0.784629054
GOBP_REGULATION_OF_NECROPTOTIC_PROCESS,Regulation of Necroptotic Process,GO_BP,-1.11261477,0.436392631,-1.31566532,0.278032278,1.13849707,0.760934685,False,shared_heat,-1.2572996,0.778273683
GOBP_REGULATION_OF_NERVOUS_SYSTEM_DEVELOPMENT,Regulation of Nervous System Development,GO_BP,1.40639714,0.0567250759,1.44102281,0.0492929952,-0.914158086,0.950156705,False,shared_heat,1.40354415,1.08295739
GOBP_REGULATION_OF_NERVOUS_SYSTEM_PROCESS,Regulation of Nervous System Process,GO_BP,1.1327766,0.403370053,1.14060148,0.412021646,0.916128108,0.917210487,False,shared_heat,1.13589083,1.25490069
GOBP_REGULATION_OF_NEURAL_PRECURSOR_CELL_PROLIFERATION,Regulation of Neural Precursor Cell Proliferation,GO_BP,1.40079656,0.159941759,1.19484293,0.3589487,0.893840546,0.944986169,False,shared_heat,1.26432117,-0.655746271
GOBP_REGULATION_OF_NEUROGENESIS,Regulation of Neurogenesis,GO_BP,1.51031116,0.0300561217,1.47276899,0.0470326697,-0.828225909,0.996578828,False,shared_heat,1.47872124,-0.870283762
GOBP_REGULATION_OF_NEUROINFLAMMATORY_RESPONSE,Regulation of NeuroInflammatory Response,GO_BP,1.51068952,0.112395719,1.3740633,0.224796919,1.00994979,0.852313896,False,shared_heat,1.48934385,1.16825039
GOBP_REGULATION_OF_NEURON_APOPTOTIC_PROCESS,Regulation of Neuron Apoptotic Process,GO_BP,1.31092846,0.129967665,1.15786262,0.317003779,1.01386348,0.844399056,False,shared_heat,1.25983312,-0.976652434
GOBP_REGULATION_OF_NEURON_DIFFERENTIATION,Regulation of Neuron Differentiation,GO_BP,1.23068594,0.270098847,1.16314287,0.361951664,1.16513469,0.690148464,False,shared_heat,1.14077365,1.22402335
GOBP_REGULATION_OF_NEURON_PROJECTION_DEVELOPMENT,Regulation of Neuron Projection Development,GO_BP,1.6106335,0.0100542841,1.51453682,0.0299748603,0.957090794,0.905703574,False,shared_heat,1.54581401,1.43189745
GOBP_REGULATION_OF_NEUROTRANSMITTER_SECRETION,Regulation of Neurotransmitter Secretion,GO_BP,1.14180423,0.404906743,1.19495356,0.374524426,0.525367431,0.999948662,False,shared_heat,1.09330039,0.872927942
GOBP_REGULATION_OF_NEUROTRANSMITTER_TRANSPORT,Regulation of Neurotransmitter Transport,GO_BP,0.98895721,0.563776905,1.01190726,0.538766297,-0.516831468,0.999948662,False,shared_heat,0.956000171,0.852218181
GOBP_REGULATION_OF_NEUTROPHIL_CHEMOTAXIS,Regulation of Neutrophil Chemotaxis,GO_BP,1.22584352,0.33573194,1.24043097,0.343793457,-0.568080702,0.999948662,False,shared_heat,1.23027336,-1.09441132
GOBP_REGULATION_OF_NEUTROPHIL_MIGRATION,Regulation of Neutrophil Migration,GO_BP,1.34578767,0.221093723,1.2996172,0.283969722,0.617082947,0.999948662,False,shared_heat,1.32144667,-1.04513303
GOBP_REGULATION_OF_NITRIC_OXIDE_METABOLIC_PROCESS,Regulation of Nitric Oxide Metabolic Process,GO_BP,1.53422317,0.0724557548,1.45247589,0.129098005,0.863749479,0.953379508,False,shared_heat,1.50821178,-0.685085481
GOBP_REGULATION_OF_NON_CANONICAL_NF_KAPPAB_SIGNAL_TRANSDUCTION,Regulation of Non Canonical NF Kappab Signal Transduction,GO_BP,-1.31622187,0.195488157,-1.43541559,0.134081325,1.02542063,0.844399056,False,shared_heat,-1.3848127,0.974596143
GOBP_REGULATION_OF_NOTCH_SIGNALING_PATHWAY,Regulation of Notch Signaling Pathway,GO_BP,-1.14334497,0.379083313,-1.20317235,0.347480969,1.1686984,0.701594507,False,shared_heat,-1.16166375,0.681023259
GOBP_REGULATION_OF_NUCLEAR_DIVISION,Regulation of Nuclear Division,GO_BP,1.72232061,0.0110444877,1.55523421,0.0500028429,0.761149647,0.999948662,False,shared_heat,1.68525887,0.729029602
GOBP_REGULATION_OF_NUCLEOCYTOPLASMIC_TRANSPORT,Regulation of Nucleocytoplasmic Transport,GO_BP,1.98826123,0.000965756093,1.85005561,0.00748758273,1.16677734,0.690148464,False,shared_heat,1.84674084,1.90812133
GOBP_REGULATION_OF_NUCLEOTIDE_METABOLIC_PROCESS,Regulation of Nucleotide Metabolic Process,GO_BP,0.883899312,0.701214038,1.03074048,0.512872077,0.700526083,0.999948662,False,shared_heat,1.03702433,-1.10320061
GOBP_REGULATION_OF_OLIGODENDROCYTE_DIFFERENTIATION,Regulation of Oligodendrocyte Differentiation,GO_BP,1.20709999,0.354515085,1.05633672,0.501121358,1.01334288,0.852313896,False,shared_heat,1.12502995,1.46470403
GOBP_REGULATION_OF_ORGANELLE_ASSEMBLY,Regulation of Organelle Assembly,GO_BP,1.21977442,0.24990267,1.17216965,0.328029717,0.90251712,0.950156705,False,shared_heat,1.16867315,1.58015975
GOBP_REGULATION_OF_ORGANELLE_ORGANIZATION,Regulation of Organelle Organization,GO_BP,1.5262916,0.000650917551,1.47725624,0.001583818,-0.81600378,0.999948662,False,shared_heat,1.52235618,1.24941049
GOBP_REGULATION_OF_ORGANIC_ACID_TRANSPORT,Regulation of Organic Acid Transport,GO_BP,1.58354082,0.065077146,1.53299637,0.100761387,0.829422318,0.969619341,False,shared_heat,1.54863081,0.920056918
GOBP_REGULATION_OF_ORGAN_GROWTH,Regulation of Organ Growth,GO_BP,1.4590476,0.117118043,1.33443489,0.226084798,1.21602959,0.653425753,False,shared_heat,1.34846212,1.04060463
GOBP_REGULATION_OF_OSSIFICATION,Regulation of Ossification,GO_BP,1.74214034,0.0133463343,1.46445628,0.107795619,1.41870236,0.390979862,False,shared_heat,1.60444467,1.75061544
GOBP_REGULATION_OF_OSTEOBLAST_DIFFERENTIATION,Regulation of Osteoblast Differentiation,GO_BP,1.23683515,0.254703658,1.16077328,0.359204,0.885560246,0.950156705,False,shared_heat,1.12158105,-0.8915189
GOBP_REGULATION_OF_OSTEOCLAST_DIFFERENTIATION,Regulation of Osteoclast Differentiation,GO_BP,1.63372244,0.0555139642,1.51043615,0.123202945,0.868377637,0.950156705,False,shared_heat,1.5825233,1.44666541
GOBP_REGULATION_OF_OXIDATIVE_STRESS_INDUCED_INTRINSIC_APOPTOTIC_SIGNALING_PATHWAY,Regulation of Oxidative Stress Induced Intrinsic Apoptotic Signaling Pathway,GO_BP,-0.851108398,0.726599354,-0.990188561,0.564935053,1.01344763,0.852313896,False,shared_heat,-0.958495507,-0.804681904
GOBP_REGULATION_OF_P38MAPK_CASCADE,Regulation of P38mapk Cascade,GO_BP,1.05321089,0.495328516,1.0057548,0.545805833,0.851421249,0.950156705,False,shared_heat,1.00277376,1.19492529
GOBP_REGULATION_OF_PATTERN_RECOGNITION_RECEPTOR_SIGNALING_PATHWAY,Regulation of Pattern Recognition Receptor Signaling Pathway,GO_BP,0.982839743,0.573898613,-1.12472059,0.403332486,1.94228412,0.00843044269,True,sign_reversal,-1.00708108,2.108406
GOBP_REGULATION_OF_PEPTIDE_TRANSPORT,Regulation of Peptide Transport,GO_BP,1.44835977,0.085867467,1.24527883,0.259858893,1.37616557,0.40142491,False,shared_heat,1.30881986,0.923677328
GOBP_REGULATION_OF_PEPTIDYL_SERINE_PHOSPHORYLATION,Regulation of Peptidyl Serine Phosphorylation,GO_BP,-0.925890497,0.63593011,-1.20556602,0.375364282,1.47445144,0.421547374,False,shared_heat,-1.06573248,0.964333249
GOBP_REGULATION_OF_PEPTIDYL_TYROSINE_PHOSPHORYLATION,Regulation of Peptidyl Tyrosine Phosphorylation,GO_BP,1.48589255,0.0886140033,1.26855869,0.26372001,1.28287524,0.534895861,False,shared_heat,1.3132387,0.733848195
GOBP_REGULATION_OF_PH,Regulation of Ph,GO_BP,-1.02097259,0.525248985,-1.22360557,0.341539519,1.34377308,0.508905807,False,shared_heat,-1.15126926,-1.19226759
GOBP_REGULATION_OF_PHAGOCYTOSIS,Regulation of Phagocytosis,GO_BP,1.42147903,0.120495802,1.23807388,0.291192273,1.37716453,0.432480504,False,shared_heat,1.28486387,-1.08693971
GOBP_REGULATION_OF_PHOSPHOLIPID_METABOLIC_PROCESS,Regulation of Phospholipid Metabolic Process,GO_BP,-1.13902753,0.41799563,-1.0611682,0.502518304,-0.883605319,0.942650594,False,shared_heat,-1.05134048,0.939810683
GOBP_REGULATION_OF_PHOSPHORUS_METABOLIC_PROCESS,Regulation of Phosphorus Metabolic Process,GO_BP,1.39050262,0.0301177198,1.25151632,0.123202945,1.42101696,0.123914691,False,shared_heat,1.29647689,-0.975279575
GOBP_REGULATION_OF_PHOSPHORYLATION,Regulation of Phosphorylation,GO_BP,1.49551102,0.0147782322,1.30537382,0.102754907,1.50216431,0.089488856,False,shared_heat,1.37833088,0.891756914
GOBP_REGULATION_OF_PLASMA_LIPOPROTEIN_PARTICLE_LEVELS,Regulation of Plasma Lipoprotein Particle Levels,GO_BP,-1.1272939,0.404906743,-1.20127946,0.355889543,1.14364621,0.738566035,False,shared_heat,-1.10383409,-0.875482384
GOBP_REGULATION_OF_PLATELET_ACTIVATION,Regulation of Platelet Activation,GO_BP,1.22834649,0.316429633,1.27903025,0.291933944,-1.17118102,0.705785642,False,shared_heat,1.26457914,0.980675353
GOBP_REGULATION_OF_POLYSACCHARIDE_BIOSYNTHETIC_PROCESS,Regulation of Polysaccharide Biosynthetic Process,GO_BP,1.39547895,0.201340796,1.17231211,0.407036828,0.922122733,0.910724104,False,shared_heat,1.36966286,1.71657994
GOBP_REGULATION_OF_POLYSACCHARIDE_METABOLIC_PROCESS,Regulation of Polysaccharide Metabolic Process,GO_BP,1.22786896,0.334545337,0.956039026,0.602776572,1.17349887,0.729694783,False,shared_heat,1.1616164,1.54674841
GOBP_REGULATION_OF_POSTSYNAPSE_ORGANIZATION,Regulation of Postsynapse Organization,GO_BP,-0.993211153,0.556399638,-1.1241185,0.413634112,1.46584625,0.341942104,False,shared_heat,-1.08277791,0.999658989
GOBP_REGULATION_OF_POSTSYNAPTIC_MEMBRANE_NEUROTRANSMITTER_RECEPTOR_LEVELS,Regulation of Postsynaptic Membrane Neurotransmitter Receptor Levels,GO_BP,1.32975992,0.221176223,1.39070112,0.199074999,-0.86236104,0.950156705,False,shared_heat,1.35418342,0.982060527
GOBP_REGULATION_OF_POSTSYNAPTIC_MEMBRANE_POTENTIAL,Regulation of Postsynaptic Membrane Potential,GO_BP,1.34768531,0.203199453,1.26520873,0.295862026,1.36172907,0.492538498,False,shared_heat,1.31267991,1.01130754
GOBP_REGULATION_OF_POST_TRANSLATIONAL_PROTEIN_MODIFICATION,Regulation of Post Translational Protein Modification,GO_BP,-1.23234582,0.224983702,-1.28256537,0.202597308,1.13441674,0.69963156,False,shared_heat,-1.24188507,1.14583039
GOBP_REGULATION_OF_POTASSIUM_ION_TRANSMEMBRANE_TRANSPORT,Regulation of Potassium Ion Transmembrane Transport,GO_BP,-1.18301904,0.360386679,-1.16690914,0.397848231,-0.911444422,0.921224249,False,shared_heat,-1.18166814,1.19989097
GOBP_REGULATION_OF_POTASSIUM_ION_TRANSPORT,Regulation of Potassium Ion Transport,GO_BP,-1.24376686,0.292971884,-1.21931145,0.341539519,-0.811131193,0.980529725,False,shared_heat,-1.23361635,1.15981488
GOBP_REGULATION_OF_PRODUCTION_OF_MOLECULAR_MEDIATOR_OF_IMMUNE_RESPONSE,Regulation of Production of Molecular Mediator of Immune Response,GO_BP,-1.05035881,0.465870695,-1.08892364,0.430502389,0.773531347,0.999948662,False,shared_heat,-1.09685563,1.06777565
GOBP_REGULATION_OF_PROGRAMMED_NECROTIC_CELL_DEATH,Regulation of Programmed Necrotic Cell Death,GO_BP,-1.05205341,0.493130037,-1.24926658,0.329202318,1.08037788,0.805596787,False,shared_heat,-1.18110243,-0.8868588
GOBP_REGULATION_OF_PROTEASOMAL_UBIQUITIN_DEPENDENT_PROTEIN_CATABOLIC_PROCESS,Regulation of Proteasomal Ubiquitin Dependent Protein Catabolic Process,GO_BP,1.02447598,0.512760056,-0.781637087,0.864568919,1.37655115,0.421547374,False,shared_heat,0.916820514,1.02563424
GOBP_REGULATION_OF_PROTEIN_BINDING,Regulation of Protein Binding,GO_BP,-1.2500848,0.312127231,-1.21489224,0.366348557,-0.831780598,0.957939272,False,shared_heat,-1.27373211,-1.29087394
GOBP_REGULATION_OF_PROTEIN_CATABOLIC_PROCESS,Regulation of Protein Catabolic Process,GO_BP,1.40060082,0.0496899808,1.26730364,0.155197989,1.27444563,0.419732629,False,shared_heat,1.29687147,-0.96614857
GOBP_REGULATION_OF_PROTEIN_CONTAINING_COMPLEX_ASSEMBLY,Regulation of Protein Containing Complex Assembly,GO_BP,1.11567931,0.335391965,1.06618111,0.429100325,0.927049064,0.945905566,False,shared_heat,1.05569761,1.21954811
GOBP_REGULATION_OF_PROTEIN_CONTAINING_COMPLEX_DISASSEMBLY,Regulation of Protein Containing Complex Disassembly,GO_BP,1.0952234,0.428804901,1.07990506,0.456639778,-0.789242471,0.994346977,False,shared_heat,1.08061237,1.32797674
GOBP_REGULATION_OF_PROTEIN_DEPOLYMERIZATION,Regulation of Protein Depolymerization,GO_BP,0.934533848,0.634541815,1.02770386,0.516814831,-0.984647861,0.871101927,False,shared_heat,1.01228422,1.15343168
GOBP_REGULATION_OF_PROTEIN_EXPORT_FROM_NUCLEUS,Regulation of Protein Export from Nucleus,GO_BP,1.54451167,0.104286578,1.44070594,0.187068476,1.46078885,0.431294095,False,shared_heat,1.45429271,1.98310597
GOBP_REGULATION_OF_PROTEIN_IMPORT_INTO_NUCLEUS,Regulation of Protein Import Into Nucleus,GO_BP,1.8499997,0.0103273226,1.61549016,0.0706996989,0.891809664,0.944986169,False,shared_heat,1.6711359,0.975666671
GOBP_REGULATION_OF_PROTEIN_LOCALIZATION,Regulation of Protein Localization,GO_BP,1.86549424,5.14592642e-07,1.70175956,2.92486826e-05,1.52872502,0.0105734599,True,cGAS_amplified,1.74285026,1.53871352
GOBP_REGULATION_OF_PROTEIN_LOCALIZATION_TO_CELL_PERIPHERY,Regulation of Protein Localization to Cell Periphery,GO_BP,1.88221681,0.0021107609,1.79726164,0.00855879182,0.897002916,0.950156705,False,shared_heat,1.80977837,-1.08597942
GOBP_REGULATION_OF_PROTEIN_LOCALIZATION_TO_CELL_SURFACE,Regulation of Protein Localization to Cell Surface,GO_BP,-1.40412379,0.187541921,-1.29834012,0.295084039,0.73597848,0.994346977,False,shared_heat,-1.40410083,0.476109464
GOBP_REGULATION_OF_PROTEIN_LOCALIZATION_TO_MEMBRANE,Regulation of Protein Localization to Membrane,GO_BP,2.14974058,1.87400489e-05,1.9942423,0.000365807793,0.949259465,0.907191457,False,shared_heat,2.07773992,-1.08400611
GOBP_REGULATION_OF_PROTEIN_LOCALIZATION_TO_NUCLEUS,Regulation of Protein Localization to Nucleus,GO_BP,1.51284051,0.0501731642,1.47624323,0.0759789013,0.978108311,0.884599685,False,shared_heat,1.45189276,1.17140766
GOBP_REGULATION_OF_PROTEIN_LOCALIZATION_TO_PLASMA_MEMBRANE,Regulation of Protein Localization to Plasma Membrane,GO_BP,2.06279983,0.000174372969,2.00136694,0.00200958617,0.859460559,0.959690565,False,shared_heat,2.04180758,-1.22565312
GOBP_REGULATION_OF_PROTEIN_MATURATION,Regulation of Protein Maturation,GO_BP,1.9343459,0.00578506941,1.93973524,0.00760013794,-0.953117986,0.896633964,False,shared_heat,1.93867761,0.942129988
GOBP_REGULATION_OF_PROTEIN_MODIFICATION_PROCESS,Regulation of Protein Modification Process,GO_BP,1.28519721,0.0777194105,-1.15902384,0.268371101,1.44142893,0.0954648597,False,shared_heat,1.16985074,1.05813416
GOBP_REGULATION_OF_PROTEIN_POLYMERIZATION,Regulation of Protein Polymerization,GO_BP,-1.11883673,0.372684313,-1.08191975,0.440596866,-0.778734816,0.999948662,False,shared_heat,-1.0920553,1.00581943
GOBP_REGULATION_OF_PROTEIN_SECRETION,Regulation of Protein Secretion,GO_BP,1.58385876,0.0206072884,1.39049904,0.100342425,1.36933999,0.367343151,False,shared_heat,1.44225192,1.08970199
GOBP_REGULATION_OF_PROTEIN_SERINE_THREONINE_KINASE_ACTIVITY,Regulation of Protein Serine Threonine Kinase Activity,GO_BP,-1.20705773,0.294543986,-1.20025553,0.33107198,-0.891100347,0.950156705,False,shared_heat,-1.20048303,-0.985493297
GOBP_REGULATION_OF_PROTEIN_STABILITY,Regulation of Protein Stability,GO_BP,1.19153092,0.247441581,1.17382269,0.289573775,0.87244537,0.976113102,False,shared_heat,1.241119,-0.91734053
GOBP_REGULATION_OF_PROTEIN_TARGETING,Regulation of Protein Targeting,GO_BP,1.80231152,0.0150500482,1.76377929,0.0259132252,-0.930407835,0.913207117,False,shared_heat,1.73151693,0.902369511
GOBP_REGULATION_OF_PROTEIN_TARGETING_TO_MEMBRANE,Regulation of Protein Targeting to Membrane,GO_BP,1.63177113,0.0707783945,1.51057861,0.150908033,-0.981230806,0.871731125,False,shared_heat,1.52317058,0.989035945
GOBP_REGULATION_OF_PROTEIN_TRANSPORT,Regulation of Protein Transport,GO_BP,1.77408557,0.000713371156,1.54025738,0.0164422095,1.6196826,0.0325500145,True,cGAS_amplified,1.62220371,1.36293244
GOBP_REGULATION_OF_PROTEIN_UBIQUITINATION,Regulation of Protein Ubiquitination,GO_BP,-1.07325529,0.438375893,-1.24502368,0.258443014,1.35056159,0.414508616,False,shared_heat,-1.15712566,1.33516154
GOBP_REGULATION_OF_PROTEOLYSIS,Regulation of Proteolysis,GO_BP,1.459368,0.0271949649,1.3029219,0.116026865,1.0689126,0.775164918,False,shared_heat,1.33446149,0.922869257
GOBP_REGULATION_OF_PROTEOLYSIS_INVOLVED_IN_PROTEIN_CATABOLIC_PROCESS,Regulation of Proteolysis Involved in Protein Catabolic Process,GO_BP,0.928454543,0.683098453,-0.960754435,0.621224896,1.30975541,0.417535,False,shared_heat,-0.897027839,0.919698284
GOBP_REGULATION_OF_RAS_PROTEIN_SIGNAL_TRANSDUCTION,Regulation of Ras Protein Signal Transduction,GO_BP,-0.881920994,0.686717376,-0.830998425,0.748728676,0.982577808,0.871249981,False,shared_heat,-0.887235053,1.08750269
GOBP_REGULATION_OF_REACTIVE_OXYGEN_SPECIES_BIOSYNTHETIC_PROCESS,Regulation of Reactive Oxygen Species Biosynthetic Process,GO_BP,1.0701596,0.477221028,0.881094053,0.685006239,0.928101445,0.909215769,False,shared_heat,0.933670734,-0.702764809
GOBP_REGULATION_OF_REACTIVE_OXYGEN_SPECIES_METABOLIC_PROCESS,Regulation of Reactive Oxygen Species Metabolic Process,GO_BP,1.38516061,0.112054273,1.27883266,0.219267281,0.90189064,0.950156705,False,shared_heat,1.28079223,-1.14296735
GOBP_REGULATION_OF_RECEPTOR_INTERNALIZATION,Regulation of Receptor Internalization,GO_BP,1.28254006,0.261757375,1.29534859,0.275399282,-0.870252919,0.950156705,False,shared_heat,1.23276839,-0.90112864
GOBP_REGULATION_OF_RECEPTOR_MEDIATED_ENDOCYTOSIS,Regulation of Receptor Mediated Endocytosis,GO_BP,1.63156335,0.036452893,1.60723766,0.0492929952,0.941042947,0.908267438,False,shared_heat,1.61525015,-0.882117654
GOBP_REGULATION_OF_RECEPTOR_SIGNALING_PATHWAY_VIA_JAK_STAT,Regulation of Receptor Signaling Pathway via JAK STAT,GO_BP,-1.02730801,0.509279934,-1.12454827,0.413634112,1.11014936,0.763057632,False,shared_heat,-1.00217116,-0.642288976
GOBP_REGULATION_OF_RECEPTOR_SIGNALING_PATHWAY_VIA_STAT,Regulation of Receptor Signaling Pathway via STAT,GO_BP,-0.939311882,0.635549233,-1.1128629,0.424198997,1.35999813,0.436869295,False,shared_heat,-0.962469766,0.944655959
GOBP_REGULATION_OF_REGULATED_SECRETORY_PATHWAY,Regulation of Regulated Secretory Pathway,GO_BP,1.08123433,0.444789831,0.997283979,0.551772694,0.78298248,0.993239208,False,shared_heat,1.02403583,-1.24847202
GOBP_REGULATION_OF_RELEASE_OF_CYTOCHROME_C_FROM_MITOCHONDRIA,Regulation of Release of Cytochrome C from Mitochondria,GO_BP,1.18423976,0.347679663,1.23509096,0.321109226,-0.988715404,0.866997263,False,shared_heat,1.25319491,-1.45514161
GOBP_REGULATION_OF_RELEASE_OF_SEQUESTERED_CALCIUM_ION_INTO_CYTOSOL,Regulation of Release of Sequestered Calcium Ion Into Cytosol,GO_BP,-1.56077515,0.0709691037,-1.42461395,0.15952388,-1.05615178,0.814452421,False,shared_heat,-1.45073849,-1.54001223
GOBP_REGULATION_OF_REPRODUCTIVE_PROCESS,Regulation of Reproductive Process,GO_BP,1.442087,0.104750096,1.4034115,0.147238572,-0.865991928,0.959402271,False,shared_heat,1.41456218,0.765006989
GOBP_REGULATION_OF_RESPONSE_TO_BIOTIC_STIMULUS,Regulation of Response to Biotic Stimulus,GO_BP,-1.16697541,0.231139834,-1.44931499,0.0259978611,2.02654863,7.37012876e-07,True,KO_only,-1.31389257,2.28679878
GOBP_REGULATION_OF_RESPONSE_TO_CYTOKINE_STIMULUS,Regulation of Response to Cytokine Stimulus,GO_BP,1.35580071,0.11564305,-1.11944336,0.394184911,1.9329532,0.00184613382,True,sign_reversal,1.10714766,2.57491929
GOBP_REGULATION_OF_RESPONSE_TO_ENDOPLASMIC_RETICULUM_STRESS,Regulation of Response to Endoplasmic Reticulum Stress,GO_BP,1.10943377,0.407251267,1.05497912,0.482624827,1.03348388,0.839590835,False,shared_heat,1.13099329,-1.19617657
GOBP_REGULATION_OF_RESPONSE_TO_OXIDATIVE_STRESS,Regulation of Response to Oxidative Stress,GO_BP,1.0237662,0.527871896,1.03633453,0.520021503,-0.783730994,0.980529725,False,shared_heat,1.02086895,0.578070966
GOBP_REGULATION_OF_RESPONSE_TO_WOUNDING,Regulation of Response to Wounding,GO_BP,1.82327651,0.00335494291,1.79185742,0.00670403133,0.697221984,0.999948662,False,shared_heat,1.78191985,1.20264865
GOBP_REGULATION_OF_RHO_PROTEIN_SIGNAL_TRANSDUCTION,Regulation of rho Protein Signal Transduction,GO_BP,1.29162951,0.234671432,1.2165557,0.329835333,0.976373886,0.877635327,False,shared_heat,1.24594194,1.29390085
GOBP_REGULATION_OF_RNA_SPLICING,Regulation of RNA Splicing,GO_BP,-0.893741373,0.704613446,-0.894131725,0.706451574,0.876415931,0.950388983,False,shared_heat,0.849983936,0.74271517
GOBP_REGULATION_OF_SECRETION,Regulation of Secretion,GO_BP,1.83352069,7.96078157e-05,1.6253502,0.00222091663,1.41782126,0.179189925,False,shared_heat,1.6760132,-1.117365
GOBP_REGULATION_OF_SIGNALING_RECEPTOR_ACTIVITY,Regulation of Signaling Receptor Activity,GO_BP,-0.963617896,0.594420054,-0.980829017,0.577684596,1.00370267,0.857627377,False,shared_heat,-0.933085791,-0.774730831
GOBP_REGULATION_OF_SIGNAL_TRANSDUCTION_BY_P53_CLASS_MEDIATOR,Regulation of Signal Transduction by p53 Class Mediator,GO_BP,1.65201471,0.0366849746,1.70843161,0.0314953446,0.770210975,0.994346977,False,shared_heat,1.65628564,1.20229926
GOBP_REGULATION_OF_SISTER_CHROMATID_SEGREGATION,Regulation of Sister Chromatid Segregation,GO_BP,1.27432538,0.22721503,1.14686364,0.379537458,0.824673352,0.981210413,False,shared_heat,1.26090033,1.32083459
GOBP_REGULATION_OF_SMAD_PROTEIN_SIGNAL_TRANSDUCTION,Regulation of Smad Protein Signal Transduction,GO_BP,1.43855564,0.124781332,1.27042267,0.27822643,1.36527391,0.468928058,False,shared_heat,1.3180435,-0.82443119
GOBP_REGULATION_OF_SMALL_GTPASE_MEDIATED_SIGNAL_TRANSDUCTION,Regulation of Small Gtpase Mediated Signal Transduction,GO_BP,1.11945083,0.353221337,-1.19991205,0.283936365,1.56680298,0.116564949,False,shared_heat,-1.15039603,1.65694608
GOBP_REGULATION_OF_SMALL_MOLECULE_METABOLIC_PROCESS,Regulation of Small Molecule Metabolic Process,GO_BP,1.2314315,0.198007638,1.13994363,0.334901691,0.897455911,0.955039892,False,shared_heat,1.17645957,0.923149228
GOBP_REGULATION_OF_SMOOTHENED_SIGNALING_PATHWAY,Regulation of Smoothened Signaling Pathway,GO_BP,1.52161643,0.110628128,1.40732661,0.205015047,-0.75945718,0.992649497,False,shared_heat,1.45794507,1.31141395
GOBP_REGULATION_OF_SMOOTH_MUSCLE_CELL_DIFFERENTIATION,Regulation of Smooth Muscle Cell Differentiation,GO_BP,1.07038824,0.474412864,0.972888775,0.580056089,0.835311214,0.955246607,False,shared_heat,1.02673127,-0.950055623
GOBP_REGULATION_OF_SMOOTH_MUSCLE_CONTRACTION,Regulation of Smooth Muscle Contraction,GO_BP,1.43441057,0.165298441,1.35930862,0.243331786,-1.10596058,0.791459509,False,shared_heat,1.35263815,-1.23730179
GOBP_REGULATION_OF_SODIUM_ION_TRANSPORT,Regulation of Sodium Ion Transport,GO_BP,0.874522421,0.7051358,0.894832573,0.683868007,-0.765943033,0.994346977,False,shared_heat,0.879269419,1.61614854
GOBP_REGULATION_OF_SPINDLE_CHECKPOINT,Regulation of Spindle Checkpoint,GO_BP,0.6608338,0.914168888,0.930766779,0.629523412,-0.884197368,0.942650594,False,shared_heat,0.823552856,-0.629335275
GOBP_REGULATION_OF_SPINDLE_ORGANIZATION,Regulation of Spindle Organization,GO_BP,-0.732409565,0.864256082,-0.651268228,0.929802658,0.693451256,0.999730512,False,shared_heat,-0.664797966,1.61862147
GOBP_REGULATION_OF_SPROUTING_ANGIOGENESIS,Regulation of Sprouting Angiogenesis,GO_BP,1.43697103,0.16057826,1.50617679,0.140114777,-0.772060826,0.987060088,False,shared_heat,1.476825,-0.647621967
GOBP_REGULATION_OF_STEM_CELL_DIFFERENTIATION,Regulation of Stem Cell Differentiation,GO_BP,-0.905470671,0.669472926,-1.08506034,0.462333292,1.01003465,0.852313896,False,shared_heat,-0.934161507,1.08610934
GOBP_REGULATION_OF_STEM_CELL_POPULATION_MAINTENANCE,Regulation of Stem Cell Population Maintenance,GO_BP,0.775290012,0.823672189,0.79651307,0.799252244,-0.882446165,0.945726528,False,shared_heat,0.824462624,-0.791754582
GOBP_REGULATION_OF_STEM_CELL_PROLIFERATION,Regulation of Stem Cell Proliferation,GO_BP,1.18151447,0.370196148,1.17878016,0.390998019,-1.06144702,0.816193703,False,shared_heat,1.15431288,1.11602844
GOBP_REGULATION_OF_STEROID_BIOSYNTHETIC_PROCESS,Regulation of Steroid Biosynthetic Process,GO_BP,1.69859634,0.0319526855,1.47669841,0.132732877,0.842702994,0.959690565,False,shared_heat,1.53824698,1.4312312
GOBP_REGULATION_OF_STEROID_METABOLIC_PROCESS,Regulation of Steroid Metabolic Process,GO_BP,1.41655944,0.128252074,1.25268597,0.283597106,0.948454157,0.901446344,False,shared_heat,1.25468332,1.29574921
GOBP_REGULATION_OF_STEROL_TRANSPORT,Regulation of Sterol Transport,GO_BP,1.07415177,0.465634909,0.997491546,0.553355106,0.839339665,0.958653047,False,shared_heat,1.02538459,1.2862785
GOBP_REGULATION_OF_STRESS_ACTIVATED_PROTEIN_KINASE_SIGNALING_CASCADE,Regulation of Stress Activated Protein Kinase Signaling Cascade,GO_BP,-0.730095006,0.860351803,-1.03429243,0.524024757,1.26993251,0.627177828,False,shared_heat,-0.96616045,1.31749563
GOBP_REGULATION_OF_STRIATED_MUSCLE_CELL_DIFFERENTIATION,Regulation of Striated Muscle Cell Differentiation,GO_BP,1.31338657,0.22721503,1.08658715,0.457336797,1.42709909,0.421547374,False,shared_heat,1.1683887,0.725873168
GOBP_REGULATION_OF_STRIATED_MUSCLE_CONTRACTION,Regulation of Striated Muscle Contraction,GO_BP,1.00625589,0.53827139,0.946964239,0.62376351,0.933919515,0.910724104,False,shared_heat,0.989186712,-1.1233572
GOBP_REGULATION_OF_SUBSTRATE_ADHESION_DEPENDENT_CELL_SPREADING,Regulation of Substrate Adhesion Dependent Cell Spreading,GO_BP,1.04636359,0.493692839,0.877702794,0.706451574,1.17855462,0.703831027,False,shared_heat,0.943281829,-1.01015661
GOBP_REGULATION_OF_SUPEROXIDE_METABOLIC_PROCESS,Regulation of Superoxide Metabolic Process,GO_BP,1.20697752,0.349064883,1.24678825,0.336309196,-0.870153772,0.946761802,False,shared_heat,1.12878045,0.777673407
GOBP_REGULATION_OF_SUPRAMOLECULAR_FIBER_ORGANIZATION,Regulation of Supramolecular Fiber Organization,GO_BP,1.19935033,0.219638526,1.2375601,0.193965781,-0.77728893,0.999948662,False,shared_heat,1.19994699,1.21579573
GOBP_REGULATION_OF_SYNAPSE_ASSEMBLY,Regulation of Synapse Assembly,GO_BP,-1.31077844,0.204265927,-1.38363456,0.171245092,1.00104526,0.857716504,False,shared_heat,-1.32688238,1.58330241
GOBP_REGULATION_OF_SYNAPSE_STRUCTURE_OR_ACTIVITY,Regulation of Synapse Structure or Activity,GO_BP,1.05594208,0.452697228,-1.0217346,0.518272805,1.24586067,0.509321892,False,shared_heat,1.0587568,1.29139744
GOBP_REGULATION_OF_SYNAPTIC_PLASTICITY,Regulation of Synaptic Plasticity,GO_BP,1.04902454,0.474412864,0.964531626,0.604982029,1.26438482,0.528580838,False,shared_heat,0.9830466,0.995526405
GOBP_REGULATION_OF_SYNAPTIC_TRANSMISSION_GLUTAMATERGIC,Regulation of Synaptic Transmission Glutamatergic,GO_BP,1.58231286,0.0910870891,1.47691072,0.169479083,1.16484653,0.738566035,False,shared_heat,1.50257778,1.42817303
GOBP_REGULATION_OF_SYNCYTIUM_FORMATION_BY_PLASMA_MEMBRANE_FUSION,Regulation of Syncytium Formation by Plasma Membrane Fusion,GO_BP,1.17163504,0.384087399,0.911680569,0.647959751,1.60066496,0.302639991,False,shared_heat,1.06697548,-1.29037377
GOBP_REGULATION_OF_SYSTEMIC_ARTERIAL_BLOOD_PRESSURE,Regulation of Systemic Arterial Blood Pressure,GO_BP,1.78300303,0.0215449153,1.82549389,0.0217676969,-0.918448153,0.917210487,False,shared_heat,1.78334027,0.993845282
GOBP_REGULATION_OF_SYSTEMIC_ARTERIAL_BLOOD_PRESSURE_MEDIATED_BY_A_CHEMICAL_SIGNAL,Regulation of Systemic Arterial Blood Pressure Mediated by A Chemical Signal,GO_BP,1.59648885,0.0811092477,1.48947599,0.156497741,0.48445564,0.999948662,False,shared_heat,1.52815899,0.900467118
GOBP_REGULATION_OF_SYSTEM_PROCESS,Regulation of System Process,GO_BP,1.54284571,0.011711005,1.48034479,0.0273203854,1.21077795,0.508905807,False,shared_heat,1.48590767,0.947137613
GOBP_REGULATION_OF_TELOMERE_MAINTENANCE,Regulation of Telomere Maintenance,GO_BP,0.917525822,0.664856906,0.940637579,0.633949333,0.990407324,0.865938588,False,shared_heat,0.905890653,1.1463266
GOBP_REGULATION_OF_TELOMERE_MAINTENANCE_VIA_TELOMERASE,Regulation of Telomere Maintenance via Telomerase,GO_BP,0.953492369,0.60502473,0.940494263,0.624222161,1.02337992,0.844399056,False,shared_heat,0.955992626,1.24891676
GOBP_REGULATION_OF_TELOMERE_MAINTENANCE_VIA_TELOMERE_LENGTHENING,Regulation of Telomere Maintenance via Telomere Lengthening,GO_BP,-0.923356297,0.641942685,-0.947931725,0.61696211,0.948180233,0.898474155,False,shared_heat,-0.970015557,1.2225545
GOBP_REGULATION_OF_TISSUE_REMODELING,Regulation of Tissue Remodeling,GO_BP,1.76418581,0.024218855,1.67218221,0.0525655146,0.864246393,0.950156705,False,shared_heat,1.68508237,-0.749379278
GOBP_REGULATION_OF_TOLL_LIKE_RECEPTOR_SIGNALING_PATHWAY,Regulation of Toll Like Receptor Signaling Pathway,GO_BP,1.07259772,0.477221028,0.92264951,0.635759141,1.47325744,0.428562752,False,shared_heat,1.00655842,2.08143955
GOBP_REGULATION_OF_TRANSCRIPTION_BY_RNA_POLYMERASE_I,Regulation of Transcription by RNA Polymerase I,GO_BP,0.814151017,0.763306202,0.787470135,0.799252244,-0.77924099,0.984566282,False,shared_heat,0.810350111,1.18026561
GOBP_REGULATION_OF_TRANSFERASE_ACTIVITY,Regulation of Transferase Activity,GO_BP,1.20195278,0.229167144,-1.06481684,0.452853065,1.23618578,0.505557236,False,shared_heat,1.16435076,0.884735733
GOBP_REGULATION_OF_TRANSLATION,Regulation of Translation,GO_BP,1.39633187,0.0653689899,1.30843951,0.139275051,1.00376734,0.853137942,False,shared_heat,1.32640009,1.26368776
GOBP_REGULATION_OF_TRANSLATIONAL_INITIATION,Regulation of Translational Initiation,GO_BP,0.905191409,0.680633067,-1.03067679,0.51538418,1.19651819,0.667000186,False,shared_heat,0.888913472,1.98447604
GOBP_REGULATION_OF_TRANSLATION_IN_RESPONSE_TO_STRESS,Regulation of Translation in Response to Stress,GO_BP,1.01079921,0.5393475,1.00740464,0.54518645,0.690312188,0.999343757,False,shared_heat,1.03241035,1.60686846
GOBP_REGULATION_OF_TRANSMEMBRANE_RECEPTOR_PROTEIN_SERINE_THREONINE_KINASE_SIGNALING_PATHWAY,Regulation of Transmembrane Receptor Protein Serine Threonine Kinase Signalin...,GO_BP,1.55858448,0.0258228286,1.41791813,0.0866104236,1.26242104,0.495211293,False,shared_heat,1.509947,1.17861028
GOBP_REGULATION_OF_TRANSMEMBRANE_TRANSPORT,Regulation of Transmembrane Transport,GO_BP,-1.23679318,0.183920917,-1.2318522,0.219267281,0.935238364,0.935328225,False,shared_heat,-1.21728376,-1.17512993
GOBP_REGULATION_OF_TRANSMEMBRANE_TRANSPORTER_ACTIVITY,Regulation of Transmembrane Transporter Activity,GO_BP,-1.11740336,0.419285833,-1.04075984,0.511118784,-0.890873538,0.944986169,False,shared_heat,-1.08770339,-0.824164071
GOBP_REGULATION_OF_TRANS_SYNAPTIC_SIGNALING,Regulation of Trans Synaptic Signaling,GO_BP,1.29018567,0.134717334,1.26182115,0.177779959,1.18530042,0.583866156,False,shared_heat,1.25271456,1.12015895
GOBP_REGULATION_OF_TUBE_SIZE,Regulation of Tube Size,GO_BP,1.57961257,0.0430761731,1.50449838,0.0819942063,0.631292252,0.999948662,False,shared_heat,1.5400228,1.35751748
GOBP_REGULATION_OF_TUMOR_NECROSIS_FACTOR_MEDIATED_SIGNALING_PATHWAY,Regulation of Tumor Necrosis Factor Mediated Signaling Pathway,GO_BP,1.42743804,0.140619124,1.3733522,0.199074999,-0.970531341,0.888957599,False,shared_heat,1.28385686,1.28815117
GOBP_REGULATION_OF_TYPE_2_IMMUNE_RESPONSE,Regulation of Type 2 Immune Response,GO_BP,1.08743432,0.454024819,1.08741474,0.463499346,0.844360554,0.955039892,False,shared_heat,1.14622263,1.43113343
GOBP_REGULATION_OF_TYPE_I_INTERFERON_MEDIATED_SIGNALING_PATHWAY,Regulation of Type I Interferon Mediated Signaling Pathway,GO_BP,-1.34350001,0.233529401,-1.68034695,0.0594306077,2.25979474,0.000439511474,True,cGAS_dampened,-1.51621358,2.44447584
GOBP_REGULATION_OF_TYROSINE_PHOSPHORYLATION_OF_STAT_PROTEIN,Regulation of Tyrosine Phosphorylation of STAT Protein,GO_BP,0.999098156,0.552736311,-0.966572534,0.59406542,1.12086141,0.776178894,False,shared_heat,-0.924934253,1.21394299
GOBP_REGULATION_OF_T_CELL_ACTIVATION,Regulation of T Cell Activation,GO_BP,1.44863027,0.0257635623,1.28809965,0.119198563,1.01333216,0.844399056,False,shared_heat,1.37462403,1.17992654
GOBP_REGULATION_OF_T_CELL_MEDIATED_CYTOTOXICITY,Regulation of T Cell Mediated Cytotoxicity,GO_BP,-1.0575465,0.485872651,-1.07750803,0.478458118,1.16417811,0.727859872,False,shared_heat,-1.12846927,-0.865546989
GOBP_REGULATION_OF_T_CELL_MEDIATED_IMMUNITY,Regulation of T Cell Mediated Immunity,GO_BP,1.27041968,0.227688949,1.13208725,0.391917378,1.02027508,0.844399056,False,shared_heat,1.20758223,0.941493679
GOBP_REGULATION_OF_T_CELL_MIGRATION,Regulation of T Cell Migration,GO_BP,1.42327993,0.172474793,1.24753294,0.334901691,0.827028185,0.959402271,False,shared_heat,1.26469226,1.70171946
GOBP_REGULATION_OF_T_CELL_RECEPTOR_SIGNALING_PATHWAY,Regulation of T Cell Receptor Signaling Pathway,GO_BP,1.31730476,0.209360474,1.30516837,0.243445927,0.983477942,0.871731125,False,shared_heat,1.27831387,0.871126092
GOBP_REGULATION_OF_T_HELPER_1_TYPE_IMMUNE_RESPONSE,Regulation of T Helper 1 Type Immune Response,GO_BP,1.43001028,0.163685187,1.36556083,0.230996377,0.848307385,0.950156705,False,shared_heat,1.43353186,-0.711515572
GOBP_REGULATION_OF_T_HELPER_CELL_DIFFERENTIATION,Regulation of T Helper Cell Differentiation,GO_BP,1.86943786,0.0100542841,1.76225276,0.0319334358,1.08368948,0.805596787,False,shared_heat,1.82111469,0.73494914
GOBP_REGULATION_OF_UBIQUITIN_DEPENDENT_PROTEIN_CATABOLIC_PROCESS,Regulation of Ubiquitin Dependent Protein Catabolic Process,GO_BP,-1.00647176,0.537570119,-1.16049001,0.359755406,1.50462,0.24599604,False,shared_heat,-1.0568708,1.16633249
GOBP_REGULATION_OF_VASCULAR_ENDOTHELIAL_GROWTH_FACTOR_RECEPTOR_SIGNALING_PATHWAY,Regulation of Vascular Endothelial Growth Factor Receptor Signaling Pathway,GO_BP,1.39122112,0.204265927,1.2696011,0.329458011,-0.760428149,0.986934986,False,shared_heat,1.35964442,0.868709298
GOBP_REGULATION_OF_VASCULAR_PERMEABILITY,Regulation of Vascular Permeability,GO_BP,0.981812979,0.571794011,1.03473579,0.518272805,-0.777513883,0.985759569,False,shared_heat,1.04198667,-1.12327453
GOBP_REGULATION_OF_VASCULATURE_DEVELOPMENT,Regulation of Vasculature Development,GO_BP,1.4189207,0.0517726461,1.44336554,0.0487678566,-0.649929268,0.999948662,False,shared_heat,1.40256233,1.24346307
GOBP_REGULATION_OF_VASOCONSTRICTION,Regulation of Vasoconstriction,GO_BP,1.61110518,0.0735996701,1.57722175,0.107144008,-1.04363384,0.839590835,False,shared_heat,1.62066978,1.29871559
GOBP_REGULATION_OF_VESICLE_MEDIATED_TRANSPORT,Regulation of Vesicle Mediated Transport,GO_BP,1.77847153,0.000279043067,1.64988506,0.00202512944,1.3680493,0.255500283,False,shared_heat,1.68666321,-1.16119189
GOBP_REGULATION_OF_VIRAL_GENOME_REPLICATION,Regulation of Viral Genome Replication,GO_BP,1.4217197,0.128252074,-0.936027879,0.635759141,2.62234068,9.89160134e-08,True,sign_reversal,0.866237712,2.62615464
GOBP_REGULATION_OF_VIRAL_LIFE_CYCLE,Regulation of Viral Life Cycle,GO_BP,1.57032324,0.0457667002,-1.02421384,0.520359695,2.72059415,5.20966868e-10,True,sign_reversal,1.07966544,2.66785651
GOBP_REGULATION_OF_VIRAL_PROCESS,Regulation of Viral Process,GO_BP,1.41504157,0.103760809,-1.13813065,0.386980097,2.62857564,7.1986201e-09,True,sign_reversal,-0.948530479,2.68069371
GOBP_REGULATION_OF_WNT_SIGNALING_PATHWAY,Regulation of Wnt Signaling Pathway,GO_BP,1.33775974,0.127996763,1.09902429,0.411073185,1.59834202,0.122194328,False,shared_heat,1.24393994,1.17120854
GOBP_REGULATION_OF_WOUND_HEALING,Regulation of Wound Healing,GO_BP,1.91590626,0.0021107609,1.9115188,0.00389246332,-0.790256493,0.994909646,False,shared_heat,1.83834118,1.3622301
GOBP_REGULATORY_NCRNA_MEDIATED_GENE_SILENCING,Regulatory Ncrna Mediated Gene Silencing,GO_BP,-0.96612496,0.594420054,-1.14954774,0.390147367,1.36048386,0.456108764,False,shared_heat,-1.03029911,1.92953537
GOBP_REGULATORY_NCRNA_PROCESSING,Regulatory Ncrna Processing,GO_BP,-1.05854384,0.485252595,-1.06012691,0.494817038,-1.06644312,0.810224311,False,shared_heat,-1.02404385,1.75553111
GOBP_REGULATORY_T_CELL_DIFFERENTIATION,Regulatory T Cell Differentiation,GO_BP,-1.41882436,0.143385709,-1.34813849,0.220682031,-0.63127718,0.999948662,False,shared_heat,-1.3856449,-1.11048436
GOBP_RELAXATION_OF_MUSCLE,Relaxation of Muscle,GO_BP,1.11062962,0.43658047,-0.859188531,0.714067499,1.07231147,0.810290682,False,shared_heat,0.990909624,0.533947605
GOBP_RELEASE_OF_CYTOCHROME_C_FROM_MITOCHONDRIA,Release of Cytochrome C from Mitochondria,GO_BP,1.4216454,0.126536509,1.414371,0.151303743,-0.796299847,0.992005622,False,shared_heat,1.45244347,-1.30510331
GOBP_RENAL_SYSTEM_DEVELOPMENT,Renal System Development,GO_BP,1.40445448,0.0709691037,1.37721484,0.0986575056,-0.952270383,0.912813575,False,shared_heat,1.33114592,1.33990352
GOBP_RENAL_SYSTEM_PROCESS,Renal System Process,GO_BP,1.70647125,0.0257635623,1.55913968,0.0759884694,0.891035019,0.946761802,False,shared_heat,1.67641186,-0.941274319
GOBP_RENAL_SYSTEM_VASCULATURE_DEVELOPMENT,Renal System Vasculature Development,GO_BP,1.4430765,0.167439237,1.39772798,0.222495689,-0.933128335,0.905703574,False,shared_heat,1.36509874,1.30522996
GOBP_RENAL_TUBULE_DEVELOPMENT,Renal Tubule Development,GO_BP,-0.933538151,0.631136698,0.942390607,0.623230139,-0.77489333,0.989918871,False,shared_heat,-0.829454296,1.3176326
GOBP_REPLACEMENT_OSSIFICATION,Replacement Ossification,GO_BP,1.69724457,0.0441957231,1.2498122,0.341280035,0.801124415,0.970056254,False,shared_heat,1.52126184,1.11018076
GOBP_REPRODUCTIVE_SYSTEM_DEVELOPMENT,Reproductive System Development,GO_BP,1.36069282,0.100072307,1.34425615,0.129098005,-1.15370626,0.64132095,False,shared_heat,1.36345284,1.07989603
GOBP_RESPIRATORY_GASEOUS_EXCHANGE_BY_RESPIRATORY_SYSTEM,Respiratory Gaseous Exchange by Respiratory System,GO_BP,0.920540034,0.645866813,0.851690726,0.735589794,0.825315816,0.966397429,False,shared_heat,0.900890638,-0.976296692
GOBP_RESPIRATORY_SYSTEM_DEVELOPMENT,Respiratory System Development,GO_BP,1.6122388,0.0237702346,1.56190115,0.0416659476,0.85855243,0.973305252,False,shared_heat,1.55441627,1.36780824
GOBP_RESPONSE_TO_ACID_CHEMICAL,Response to Acid Chemical,GO_BP,1.32274892,0.178293441,1.27567753,0.240021561,-0.831348782,0.98478006,False,shared_heat,1.27116151,1.13030096
GOBP_RESPONSE_TO_ACTIVITY,Response to Activity,GO_BP,1.14926991,0.370330671,0.983968564,0.569419343,0.75187021,0.996116226,False,shared_heat,1.04139381,-0.923392202
GOBP_RESPONSE_TO_ALCOHOL,Response to Alcohol,GO_BP,-1.1503026,0.313721486,-1.26318675,0.20645465,1.28674428,0.442012318,False,shared_heat,-1.1855463,0.95641796
GOBP_RESPONSE_TO_ALKALOID,Response to Alkaloid,GO_BP,1.41049642,0.15191471,1.3475488,0.219267281,0.722410896,0.999948662,False,shared_heat,1.3929024,1.31323353
GOBP_RESPONSE_TO_AMINE,Response to Amine,GO_BP,1.22740105,0.327345822,0.942016599,0.621224896,0.916535542,0.915293699,False,shared_heat,1.12686798,-0.929920196
GOBP_RESPONSE_TO_AMINO_ACID_STARVATION,Response to Amino Acid Starvation,GO_BP,-0.949629844,0.607611631,-1.13358804,0.4323606,1.04293099,0.839590835,False,shared_heat,-0.951398672,1.34882747
GOBP_RESPONSE_TO_AMYLOID_BETA,Response to Amyloid beta,GO_BP,0.89502229,0.683098453,0.795315943,0.818773443,0.777877882,0.989918871,False,shared_heat,0.846958457,-0.919769902
GOBP_RESPONSE_TO_ANGIOTENSIN,Response to Angiotensin,GO_BP,1.13713878,0.408937299,1.1526489,0.413634112,1.06976588,0.810396877,False,shared_heat,1.10331058,1.1452132
GOBP_RESPONSE_TO_ANTIBIOTIC,Response to Antibiotic,GO_BP,1.17738629,0.372684313,1.21630273,0.361410383,-0.995203632,0.862818664,False,shared_heat,1.18319447,-1.20994266
GOBP_RESPONSE_TO_ARSENIC_CONTAINING_SUBSTANCE,Response to Arsenic Containing Substance,GO_BP,-1.36813356,0.216050499,-0.96840338,0.591889829,-1.53633586,0.372918319,False,shared_heat,-1.17095649,0.705433356
GOBP_RESPONSE_TO_AXON_INJURY,Response to Axon Injury,GO_BP,1.63659374,0.0502492787,1.59291704,0.0819942063,-0.772467966,0.992965897,False,shared_heat,1.68210698,-0.882424313
GOBP_RESPONSE_TO_BACTERIUM,Response to Bacterium,GO_BP,1.36100993,0.035527594,1.19095134,0.183485645,1.58286771,0.0123280574,True,WT_only,1.27838793,1.82285204
GOBP_RESPONSE_TO_BMP,Response to Bmp,GO_BP,-1.11984297,0.391572164,-1.11920549,0.414324355,0.994300167,0.862818664,False,shared_heat,-1.13668532,1.28319505
GOBP_RESPONSE_TO_CADMIUM_ION,Response to Cadmium Ion,GO_BP,-1.49527977,0.118689812,-1.29350585,0.290752855,-1.21648374,0.669537991,False,shared_heat,-1.39063141,-1.68211324
GOBP_RESPONSE_TO_CALCIUM_ION,Response to Calcium Ion,GO_BP,-0.823249401,0.804512402,-0.86201756,0.74802962,0.676800994,0.999948662,False,shared_heat,-0.788463154,-0.691992291
GOBP_RESPONSE_TO_CAMP,Response to Camp,GO_BP,-1.03524719,0.506068311,-1.02809688,0.520608434,-0.646464654,0.999948662,False,shared_heat,-1.04755114,-0.851292181
GOBP_RESPONSE_TO_CARBOHYDRATE,Response to Carbohydrate,GO_BP,1.16564228,0.314439078,1.20507647,0.289249051,-0.819966386,0.994346977,False,shared_heat,1.16883047,-1.13278105
GOBP_RESPONSE_TO_CHEMOKINE,Response to Chemokine,GO_BP,1.6311093,0.0427790073,1.53419326,0.0917685954,0.771252969,0.994346977,False,shared_heat,1.55640375,1.91568217
GOBP_RESPONSE_TO_COCAINE,Response to Cocaine,GO_BP,1.17525729,0.379790075,1.31947126,0.283597106,0.942442109,0.898474155,False,shared_heat,1.26036409,1.10025898
GOBP_RESPONSE_TO_COLD,Response to Cold,GO_BP,0.78995648,0.787091717,-1.13337767,0.437108581,1.5063728,0.395520988,False,shared_heat,-0.933963906,-1.39684711
GOBP_RESPONSE_TO_COPPER_ION,Response to Copper Ion,GO_BP,1.19681868,0.363017614,1.13065933,0.437662291,0.854754431,0.950156705,False,shared_heat,1.09846367,-1.45290714
GOBP_RESPONSE_TO_CORTICOSTEROID,Response to Corticosteroid,GO_BP,1.52465294,0.0496899808,1.38374549,0.131294199,0.746223988,0.999948662,False,shared_heat,1.39710414,0.918682574
GOBP_RESPONSE_TO_DEXAMETHASONE,Response to Dexamethasone,GO_BP,1.22726454,0.328511823,1.21561093,0.360040529,0.936726435,0.904673288,False,shared_heat,1.23676571,0.721253536
GOBP_RESPONSE_TO_DSRNA,Response to Dsrna,GO_BP,1.01474266,0.53512052,-0.69287571,0.890589878,1.86674723,0.0712015568,False,shared_heat,0.75632825,1.89553815
GOBP_RESPONSE_TO_ENDOPLASMIC_RETICULUM_STRESS,Response to Endoplasmic Reticulum Stress,GO_BP,1.36487902,0.0983613307,1.23605251,0.228936431,1.42595199,0.276150181,False,shared_heat,1.33393366,1.44282433
GOBP_RESPONSE_TO_EPIDERMAL_GROWTH_FACTOR,Response to Epidermal Growth Factor,GO_BP,1.32048217,0.242080011,1.25156259,0.327564095,1.07624575,0.809773816,False,shared_heat,1.32538457,0.892933092
GOBP_RESPONSE_TO_ESTRADIOL,Response to Estradiol,GO_BP,1.15459873,0.351477594,1.07758443,0.453813507,0.937905529,0.910724104,False,shared_heat,1.10864412,-0.921454818
GOBP_RESPONSE_TO_ESTROGEN,Response to Estrogen,GO_BP,1.22068135,0.328693721,1.30270895,0.2798094,-1.14814262,0.738566035,False,shared_heat,1.31695927,1.724944
GOBP_RESPONSE_TO_ETHANOL,Response to Ethanol,GO_BP,-1.25270042,0.247441581,-1.31393922,0.216693103,1.03296993,0.839590835,False,shared_heat,-1.32427387,-1.13485107
GOBP_RESPONSE_TO_FATTY_ACID,Response to Fatty Acid,GO_BP,0.84206659,0.745462356,-0.777121392,0.828804489,0.935784409,0.907191457,False,shared_heat,0.751266128,-1.40687159
GOBP_RESPONSE_TO_FIBROBLAST_GROWTH_FACTOR,Response to Fibroblast Growth Factor,GO_BP,1.7193086,0.0237702346,1.4420321,0.139646322,1.36324988,0.465834889,False,shared_heat,1.62205406,1.19154095
GOBP_RESPONSE_TO_FLUID_SHEAR_STRESS,Response to Fluid Shear Stress,GO_BP,-1.02496636,0.515502722,-1.23654437,0.304298454,1.27406298,0.556132623,False,shared_heat,-1.08271947,0.9483524
GOBP_RESPONSE_TO_FUNGUS,Response to Fungus,GO_BP,1.21951346,0.338031245,1.27277223,0.313717542,0.672720028,0.999948662,False,shared_heat,1.31195546,0.819173539
GOBP_RESPONSE_TO_GAMMA_RADIATION,Response to gamma Radiation,GO_BP,1.37961395,0.182270826,1.33744481,0.236754876,0.920591301,0.915293699,False,shared_heat,1.35225784,1.23686465
GOBP_RESPONSE_TO_GONADOTROPIN,Response to Gonadotropin,GO_BP,1.02196366,0.528261964,1.06609778,0.492408364,-0.748233773,0.992649497,False,shared_heat,1.04597749,1.11990517
GOBP_RESPONSE_TO_GROWTH_FACTOR,Response to Growth Factor,GO_BP,1.82272165,5.88862435e-06,1.61819388,0.00150778311,1.29133103,0.305467958,False,shared_heat,1.69810089,1.18328864
GOBP_RESPONSE_TO_GROWTH_HORMONE,Response to Growth Hormone,GO_BP,-1.18250982,0.370785123,-1.17525281,0.398706798,1.06917856,0.812485288,False,shared_heat,-1.16007387,0.874633608
GOBP_RESPONSE_TO_HEAT,Response to Heat,GO_BP,1.58355028,0.0534314863,1.6729928,0.0388892288,-0.836382407,0.976113102,False,shared_heat,1.55593869,1.58723695
GOBP_RESPONSE_TO_HORMONE,Response to Hormone,GO_BP,1.34701082,0.0235950675,1.31140151,0.0403109467,1.08452819,0.701594507,False,shared_heat,1.3165859,1.22868424
GOBP_RESPONSE_TO_HYDROGEN_PEROXIDE,Response to Hydrogen Peroxide,GO_BP,1.10870731,0.403084841,1.16580834,0.356857597,-1.16353316,0.680771423,False,shared_heat,1.23775644,-0.918668273
GOBP_RESPONSE_TO_INCREASED_OXYGEN_LEVELS,Response to Increased Oxygen Levels,GO_BP,0.620792381,0.94001865,-0.583094401,0.96087125,0.870027918,0.945726528,False,shared_heat,-0.677960851,-1.3926065
GOBP_RESPONSE_TO_INSULIN,Response to Insulin,GO_BP,-0.966384409,0.607611631,-1.03867223,0.492438731,1.33178086,0.395520988,False,shared_heat,-0.992031864,1.09230549
GOBP_RESPONSE_TO_INTERFERON_BETA,Response to Interferon-beta,GO_BP,0.91133933,0.647963541,-1.00190863,0.553834578,1.52128645,0.380074064,False,shared_heat,-0.911179366,1.53469107
GOBP_RESPONSE_TO_INTERLEUKIN_1,Response to Interleukin 1,GO_BP,1.26112114,0.238377004,1.23828422,0.283936365,1.27181898,0.542871227,False,shared_heat,1.22394198,0.999131904
GOBP_RESPONSE_TO_INTERLEUKIN_4,Response to Interleukin 4,GO_BP,-1.55801205,0.0814155036,-1.64891937,0.060528738,1.38400541,0.480347966,False,shared_heat,-1.62004686,1.4288865
GOBP_RESPONSE_TO_INTERLEUKIN_6,Response to Interleukin 6,GO_BP,-0.959389745,0.596762792,-0.927565243,0.635759141,-0.738089079,0.994346977,False,shared_heat,-0.944387135,1.12550952
GOBP_RESPONSE_TO_IONIZING_RADIATION,Response to Ionizing Radiation,GO_BP,1.1617474,0.334463438,1.15970787,0.355805055,-1.06640431,0.803198133,False,shared_heat,1.15715437,1.42856436
GOBP_RESPONSE_TO_ISCHEMIA,Response to Ischemia,GO_BP,1.11981979,0.414706089,1.02815426,0.519848676,0.917977008,0.917210487,False,shared_heat,1.0904563,1.22080804
GOBP_RESPONSE_TO_KETONE,Response to Ketone,GO_BP,1.46849732,0.0515142428,1.34587927,0.130280311,1.09464409,0.755466719,False,shared_heat,1.41336967,1.33257514
GOBP_RESPONSE_TO_LAMINAR_FLUID_SHEAR_STRESS,Response to Laminar Fluid Shear Stress,GO_BP,-1.23317361,0.323782856,-1.3300482,0.264098536,0.977379685,0.87636238,False,shared_heat,-1.24468095,0.871536675
GOBP_RESPONSE_TO_LEUKEMIA_INHIBITORY_FACTOR,Response to Leukemia Inhibitory Factor,GO_BP,1.73486859,0.0115697106,1.85783685,0.00659174346,-0.968579376,0.89481449,False,shared_heat,1.8360942,1.21006322
GOBP_RESPONSE_TO_LIGHT_STIMULUS,Response to Light Stimulus,GO_BP,1.20190352,0.242080011,1.32476385,0.140370288,-0.872228384,0.980529725,False,shared_heat,1.26468778,0.886200069
GOBP_RESPONSE_TO_LIPID,Response to Lipid,GO_BP,1.70976042,3.00711475e-05,1.60563726,0.000304864079,1.01626842,0.843200585,False,shared_heat,1.66667151,1.08640265
GOBP_RESPONSE_TO_LIPOPROTEIN_PARTICLE,Response to Lipoprotein Particle,GO_BP,-1.08227044,0.461824896,-1.09295553,0.462986378,0.860958625,0.950156705,False,shared_heat,-1.08919645,-0.868050408
GOBP_RESPONSE_TO_MECHANICAL_STIMULUS,Response to Mechanical Stimulus,GO_BP,-1.06944237,0.438732894,-1.05231366,0.477439287,-0.707186707,0.999948662,False,shared_heat,-1.10499853,0.828579791
GOBP_RESPONSE_TO_METAL_ION,Response to Metal Ion,GO_BP,-1.157193,0.294543986,-1.04236914,0.486444767,-0.902809963,0.959402271,False,shared_heat,-1.08066277,-1.16049032
GOBP_RESPONSE_TO_MINERALOCORTICOID,Response to Mineralocorticoid,GO_BP,1.20282098,0.352304261,0.908513024,0.656386015,1.11688717,0.783166314,False,shared_heat,0.991641795,0.817642165
GOBP_RESPONSE_TO_MOLECULE_OF_BACTERIAL_ORIGIN,Response to Molecule of Bacterial Origin,GO_BP,1.55874217,0.0105694919,1.46144047,0.0314953446,0.882469808,0.980529725,False,shared_heat,1.53301443,0.995877198
GOBP_RESPONSE_TO_MONOAMINE,Response to Monoamine,GO_BP,0.824065131,0.760704948,-0.839269887,0.745188215,1.02821715,0.844399056,False,shared_heat,0.834557674,-1.13008103
GOBP_RESPONSE_TO_MONOSACCHARIDE,Response to Monosaccharide,GO_BP,1.04665035,0.474637574,1.0607037,0.465142972,0.808129511,0.992965897,False,shared_heat,1.04109198,-1.20707551
GOBP_RESPONSE_TO_MUSCLE_ACTIVITY,Response to Muscle Activity,GO_BP,1.336615,0.247639301,1.27757026,0.321970088,0.937060614,0.902147883,False,shared_heat,1.25096709,-0.686541117
GOBP_RESPONSE_TO_MUSCLE_STRETCH,Response to Muscle Stretch,GO_BP,1.03322132,0.517783173,0.984115259,0.572470714,0.984038757,0.871101927,False,shared_heat,0.952308058,1.11473396
GOBP_RESPONSE_TO_NERVE_GROWTH_FACTOR,Response to Nerve Growth Factor,GO_BP,1.0235576,0.522212529,-0.903847227,0.665501401,1.4145344,0.468307915,False,shared_heat,-0.807078906,1.09142213
GOBP_RESPONSE_TO_NICOTINE,Response to Nicotine,GO_BP,1.31803532,0.254329367,1.29848149,0.294085659,-0.93611601,0.903585758,False,shared_heat,1.28450847,0.96803772
GOBP_RESPONSE_TO_NITROGEN_COMPOUND,Response to Nitrogen Compound,GO_BP,1.15690059,0.177945447,-1.11670708,0.299225531,1.31762493,0.179189925,False,shared_heat,1.11407384,1.32030744
GOBP_RESPONSE_TO_NUTRIENT,Response to Nutrient,GO_BP,-1.06046686,0.456644021,-1.09732119,0.427071613,1.34446181,0.417535,False,shared_heat,-1.09484326,1.4439994
GOBP_RESPONSE_TO_NUTRIENT_LEVELS,Response to Nutrient Levels,GO_BP,1.24264832,0.143611463,1.13560947,0.302086859,1.2840671,0.383183095,False,shared_heat,1.1988533,1.10843473
GOBP_RESPONSE_TO_ORGANOPHOSPHORUS,Response to Organophosphorus,GO_BP,-0.97251176,0.589670626,-0.944974998,0.630059854,0.777514135,0.994909646,False,shared_heat,-1.00076594,0.770445849
GOBP_RESPONSE_TO_OSMOTIC_STRESS,Response to Osmotic Stress,GO_BP,1.89269233,0.00561483021,1.96824941,0.00392437754,-1.2284923,0.604355878,False,shared_heat,1.88993514,1.41119128
GOBP_RESPONSE_TO_OXIDATIVE_STRESS,Response to Oxidative Stress,GO_BP,1.16189651,0.238319919,1.06766342,0.413634112,1.14775783,0.5990368,False,shared_heat,1.09111435,1.00888175
GOBP_RESPONSE_TO_OXYGEN_LEVELS,Response to Oxygen Levels,GO_BP,1.71256225,0.00113265239,1.54312809,0.0162160034,1.34249673,0.310049821,False,shared_heat,1.62010431,0.936305377
GOBP_RESPONSE_TO_PEPTIDE_HORMONE,Response to Peptide Hormone,GO_BP,1.14992591,0.26768746,-1.07666929,0.421950672,1.35493768,0.274166778,False,shared_heat,1.1077415,1.16939593
GOBP_RESPONSE_TO_PROGESTERONE,Response to Progesterone,GO_BP,1.52232441,0.115124101,1.34915657,0.258762237,1.14069521,0.762020484,False,shared_heat,1.40637085,1.00209892
GOBP_RESPONSE_TO_PROSTAGLANDIN,Response to Prostaglandin,GO_BP,1.04589485,0.502985902,1.08443605,0.476776632,-0.65212986,0.999948662,False,shared_heat,1.05225371,1.47746348
GOBP_RESPONSE_TO_PROTOZOAN,Response to Protozoan,GO_BP,-1.56500734,0.0878418728,-1.64356305,0.0682205486,1.27411102,0.61117042,False,shared_heat,-1.56280107,1.14306962
GOBP_RESPONSE_TO_PURINE_CONTAINING_COMPOUND,Response to Purine Containing Compound,GO_BP,-0.940973853,0.634083174,-0.955143423,0.616646484,0.82216123,0.984566282,False,shared_heat,-0.984356686,0.75461592
GOBP_RESPONSE_TO_RADIATION,Response to Radiation,GO_BP,1.32922534,0.0897874669,1.4195194,0.0472007706,-0.971804308,0.896633964,False,shared_heat,1.37724344,1.09234283
GOBP_RESPONSE_TO_REACTIVE_OXYGEN_SPECIES,Response to Reactive Oxygen Species,GO_BP,1.13324531,0.344645782,1.10360003,0.397925309,0.809867194,0.994909646,False,shared_heat,1.11696582,-1.25989327
GOBP_RESPONSE_TO_RETINOIC_ACID,Response to Retinoic Acid,GO_BP,1.85999781,0.00925088802,1.60440398,0.0675857302,0.690165754,0.999948662,False,shared_heat,1.77339436,0.912951278
GOBP_RESPONSE_TO_STARVATION,Response to Starvation,GO_BP,1.27148893,0.188237054,1.31658981,0.164499859,1.05094149,0.810224311,False,shared_heat,1.33657088,0.960133137
GOBP_RESPONSE_TO_STEROID_HORMONE,Response to Steroid Hormone,GO_BP,1.80829215,0.000743745478,1.72875721,0.00232073603,-0.97982786,0.889880572,False,shared_heat,1.73274409,0.925238028
GOBP_RESPONSE_TO_TEMPERATURE_STIMULUS,Response to Temperature Stimulus,GO_BP,1.50449066,0.0634900414,1.52960947,0.0662899502,0.938268784,0.912813575,False,shared_heat,1.47931997,1.01621003
GOBP_RESPONSE_TO_TESTOSTERONE,Response to Testosterone,GO_BP,2.04951534,0.0014811857,1.86502901,0.0167935516,-0.976232325,0.877312407,False,shared_heat,1.97354588,0.746544266
GOBP_RESPONSE_TO_TOPOLOGICALLY_INCORRECT_PROTEIN,Response to Topologically Incorrect Protein,GO_BP,1.59249816,0.0303860209,1.64579645,0.0259978611,-1.03981362,0.816193703,False,shared_heat,1.61279306,1.23423937
GOBP_RESPONSE_TO_TOXIC_SUBSTANCE,Response to Toxic Substance,GO_BP,-0.991158856,0.565039853,-1.01643078,0.524848087,-0.835633763,0.994909646,False,shared_heat,-0.98325127,-1.52805498
GOBP_RESPONSE_TO_TRANSFORMING_GROWTH_FACTOR_BETA,Response to Transforming Growth Factor beta,GO_BP,1.51334858,0.0295091813,1.31139873,0.14805913,1.46338975,0.218835189,False,shared_heat,1.3852659,1.01301228
GOBP_RESPONSE_TO_TUMOR_CELL,Response to Tumor Cell,GO_BP,1.19451116,0.347167955,1.11348132,0.437756134,0.980263022,0.87636238,False,shared_heat,1.11614343,-1.06885607
GOBP_RESPONSE_TO_TUMOR_NECROSIS_FACTOR,Response to Tumor Necrosis Factor,GO_BP,1.43211983,0.0663459822,1.40636821,0.0912627888,0.914798632,0.945905566,False,shared_heat,1.41403671,1.24790529
GOBP_RESPONSE_TO_TYPE_II_INTERFERON,Response to Type II Interferon,GO_BP,-1.41148655,0.0896013166,-1.54665889,0.0446882337,1.28433647,0.483795589,False,shared_heat,-1.47242065,1.34471599
GOBP_RESPONSE_TO_TYPE_I_INTERFERON,Response to Type I Interferon,GO_BP,-1.43892559,0.0935868165,-1.83887818,0.00748758273,2.43392178,8.5624433e-07,True,KO_only,-1.71788083,2.63626788
GOBP_RESPONSE_TO_UV,Response to UV,GO_BP,1.28465979,0.191299979,1.43988888,0.0988001367,-1.08871968,0.763057632,False,shared_heat,1.34432966,0.766593256
GOBP_RESPONSE_TO_VIRUS,Response to Virus,GO_BP,1.21929917,0.186962165,-1.43698047,0.0437461125,2.45986903,5.29986999e-11,True,sign_reversal,-1.31497955,2.79349242
GOBP_RESPONSE_TO_VITAMIN,Response to Vitamin,GO_BP,1.03670212,0.498050078,-0.913460648,0.669002083,1.16101296,0.701594507,False,shared_heat,1.01620904,1.30014725
GOBP_RESPONSE_TO_VITAMIN_D,Response to Vitamin D,GO_BP,1.39675241,0.190818744,1.11458038,0.445262621,1.59841859,0.289935786,False,shared_heat,1.31880634,1.56321787
GOBP_RESPONSE_TO_WOUNDING,Response to Wounding,GO_BP,2.00594759,3.29445012e-07,1.86332738,1.54376395e-05,1.22818034,0.432558755,False,shared_heat,1.90127628,1.05303213
GOBP_RESPONSE_TO_XENOBIOTIC_STIMULUS,Response to Xenobiotic Stimulus,GO_BP,-1.17565359,0.249530401,-1.18687687,0.267159147,0.740249663,0.999948662,False,shared_heat,-1.1604843,-0.927217185
GOBP_RESPONSE_TO_ZINC_ION,Response to Zinc Ion,GO_BP,-0.899818173,0.662307669,-0.800136221,0.778794474,0.946149108,0.896776534,False,shared_heat,-0.846021337,-1.84732478
GOBP_RETINA_DEVELOPMENT_IN_CAMERA_TYPE_EYE,Retina Development in Camera Type Eye,GO_BP,1.70041328,0.0257635623,1.6984153,0.0331065162,-0.80631521,0.987825548,False,shared_heat,1.70013477,-0.998500711
GOBP_RETINOIC_ACID_RECEPTOR_SIGNALING_PATHWAY,Retinoic Acid Receptor Signaling Pathway,GO_BP,0.914274166,0.646162652,-0.771200631,0.815348264,0.97344032,0.879013021,False,shared_heat,0.890586253,1.34191223
GOBP_RETINOL_METABOLIC_PROCESS,Retinol Metabolic Process,GO_BP,1.59045441,0.0878596896,1.60007013,0.102221843,0.685119239,0.999640973,False,shared_heat,1.63210854,-1.23919092
GOBP_RETROGRADE_TRANSPORT_ENDOSOME_TO_GOLGI,Retrograde Transport Endosome to Golgi,GO_BP,-1.0277395,0.522212529,-0.892307465,0.67762786,0.883954726,0.944986169,False,shared_heat,-0.920565576,1.5078039
GOBP_RETROGRADE_VESICLE_MEDIATED_TRANSPORT_GOLGI_TO_ENDOPLASMIC_RETICULUM,Retrograde Vesicle Mediated Transport Golgi to Endoplasmic Reticulum,GO_BP,-0.840865651,0.729007687,-0.857557671,0.714342249,1.30086599,0.592109871,False,shared_heat,-0.848897375,0.892903284
GOBP_RHO_PROTEIN_SIGNAL_TRANSDUCTION,rho Protein Signal Transduction,GO_BP,-1.16633705,0.335391965,-1.16499415,0.361951664,0.807171829,0.992005622,False,shared_heat,-1.16219953,1.05271507
GOBP_RHYTHMIC_PROCESS,Rhythmic Process,GO_BP,1.43128815,0.0555750221,1.35412432,0.112673622,1.0255993,0.839590835,False,shared_heat,1.38789732,1.33157746
GOBP_RIBONUCLEOPROTEIN_COMPLEX_BIOGENESIS,Ribonucleoprotein Complex Biogenesis,GO_BP,1.46058589,0.0352985427,1.45212132,0.0431512374,-1.15000271,0.61117042,False,shared_heat,1.4474916,0.836652516
GOBP_RIBONUCLEOSIDE_MONOPHOSPHATE_BIOSYNTHETIC_PROCESS,Ribonucleoside Monophosphate Biosynthetic Process,GO_BP,1.12649257,0.420621996,1.15228263,0.414324355,1.02313773,0.844399056,False,shared_heat,1.14772858,-0.607339958
GOBP_RIBONUCLEOTIDE_CATABOLIC_PROCESS,Ribonucleotide Catabolic Process,GO_BP,1.11814809,0.376985631,1.15184825,0.360019277,0.600000451,0.999948662,False,shared_heat,1.1446186,-1.19652769
GOBP_RIBOSE_PHOSPHATE_BIOSYNTHETIC_PROCESS,Ribose Phosphate Biosynthetic Process,GO_BP,-1.10740749,0.379654924,-0.993239487,0.559892393,-1.03226784,0.832981042,False,shared_heat,-1.06320411,-1.92225148
GOBP_RIBOSE_PHOSPHATE_METABOLIC_PROCESS,Ribose Phosphate Metabolic Process,GO_BP,0.929448487,0.702527836,1.13049441,0.319986748,-1.01850569,0.839590835,False,shared_heat,1.05500791,-1.55071147
GOBP_RIBOSOMAL_SMALL_SUBUNIT_BIOGENESIS,Ribosomal Small Subunit Biogenesis,GO_BP,1.24606135,0.289932431,1.16844987,0.379537458,-0.893479803,0.944986169,False,shared_heat,1.0915045,-1.4794754
GOBP_RIBOSOME_ASSEMBLY,Ribosome Assembly,GO_BP,0.78015282,0.795189722,0.802858346,0.773707899,-0.711486572,0.995669129,False,shared_heat,0.801880939,-1.19857471
GOBP_RIBOSOME_BIOGENESIS,Ribosome Biogenesis,GO_BP,1.49928943,0.048023763,1.4904565,0.060181671,-0.965803204,0.896633964,False,shared_heat,1.5023295,-0.822145117
GOBP_RNA_3_END_PROCESSING,RNA 3 End Processing,GO_BP,-0.854185435,0.731255393,-0.932112157,0.635759141,-1.14288492,0.734120911,False,shared_heat,-0.94279648,0.779910873
GOBP_RNA_5_END_PROCESSING,RNA 5 End Processing,GO_BP,0.569902288,0.966403636,0.887127674,0.675830538,-1.23595564,0.667000186,False,shared_heat,0.607386481,-1.23347273
GOBP_RNA_EXPORT_FROM_NUCLEUS,RNA Export from Nucleus,GO_BP,1.26077891,0.279896168,1.34253012,0.234068272,-0.918594388,0.917210487,False,shared_heat,1.31652861,1.18691449
GOBP_RNA_LOCALIZATION,RNA Localization,GO_BP,1.34722666,0.145764576,1.38508253,0.137892662,0.777560136,0.996578828,False,shared_heat,1.31870909,1.29820279
GOBP_RNA_MODIFICATION,RNA Modification,GO_BP,0.93000713,0.636430496,1.03325973,0.514265438,0.839977916,0.959690565,False,shared_heat,0.990790142,1.01351163
GOBP_RNA_PROCESSING,RNA Processing,GO_BP,1.20221552,0.184267461,1.20363791,0.19611161,-1.16828429,0.524631484,False,shared_heat,1.18763516,1.16624925
GOBP_RNA_SPLICING,RNA Splicing,GO_BP,0.982041475,0.580301784,1.12588912,0.361951664,-1.30634739,0.410109599,False,shared_heat,1.05061361,-0.941155315
GOBP_RNA_SPLICING_VIA_TRANSESTERIFICATION_REACTIONS,RNA Splicing via Transesterification Reactions,GO_BP,0.83152509,0.846886315,1.06933803,0.44792536,-1.56245279,0.142837778,False,shared_heat,0.88964679,-0.967494581
GOBP_RNA_TEMPLATED_DNA_BIOSYNTHETIC_PROCESS,RNA Templated DNA Biosynthetic Process,GO_BP,-0.867290844,0.716451205,-0.924781013,0.644888829,0.951373342,0.896776534,False,shared_heat,-0.923938496,1.24992992
GOBP_ROOF_OF_MOUTH_DEVELOPMENT,Roof of Mouth Development,GO_BP,1.02485627,0.522212529,1.05092615,0.500126322,-1.1802382,0.701594507,False,shared_heat,0.973983039,1.34568924
GOBP_RRNA_METABOLIC_PROCESS,rRNA Metabolic Process,GO_BP,1.61160451,0.0245870495,1.59129389,0.0344103806,-1.16335288,0.655017522,False,shared_heat,1.63340086,0.767557919
GOBP_RRNA_PROCESSING,rRNA Processing,GO_BP,1.46544723,0.0808926124,1.49000707,0.0839131306,-1.18626725,0.63568473,False,shared_heat,1.50542303,0.815502637
GOBP_RRNA_TRANSCRIPTION,rRNA Transcription,GO_BP,1.33944097,0.239790748,1.30835594,0.290162861,-1.17582953,0.715518553,False,shared_heat,1.34659756,-0.874973076
GOBP_RUFFLE_ORGANIZATION,Ruffle Organization,GO_BP,1.28125835,0.279896168,0.97663531,0.575598423,1.15560655,0.738566035,False,shared_heat,1.0802638,-0.84170486
GOBP_SALIVARY_GLAND_DEVELOPMENT,Salivary Gland Development,GO_BP,1.67255492,0.0517726461,1.53456726,0.13045009,0.730087591,0.994346977,False,shared_heat,1.59885702,0.757170543
GOBP_SARCOMERE_ORGANIZATION,Sarcomere Organization,GO_BP,1.41976698,0.173109051,1.41348792,0.199991561,-0.857651667,0.950156705,False,shared_heat,1.35365825,0.777027239
GOBP_SCF_DEPENDENT_PROTEASOMAL_UBIQUITIN_DEPENDENT_PROTEIN_CATABOLIC_PROCESS,Scf Dependent Proteasomal Ubiquitin Dependent Protein Catabolic Process,GO_BP,-0.787383258,0.792108382,-0.685313674,0.897485362,-1.18169257,0.708270237,False,shared_heat,-0.743397323,0.921235037
GOBP_SCHWANN_CELL_DIFFERENTIATION,Schwann Cell Differentiation,GO_BP,1.99347782,0.00437607341,1.49579408,0.138402842,1.47257324,0.399046214,False,shared_heat,1.77787272,1.15766884
GOBP_SECONDARY_METABOLIC_PROCESS,Secondary Metabolic Process,GO_BP,-0.924499013,0.63593011,-0.908222406,0.655510449,-0.657240567,0.999948662,False,shared_heat,-0.906951172,0.886273551
GOBP_SECRETION,Secretion,GO_BP,1.77445299,1.87400489e-05,1.5644103,0.00107548463,1.54696466,0.0130204927,True,cGAS_amplified,1.64021505,1.02405383
GOBP_SEGMENTATION,Segmentation,GO_BP,1.32795649,0.220680567,1.16775821,0.384926657,0.942188866,0.9029266,False,shared_heat,1.25521484,1.35961597
GOBP_SEMAPHORIN_PLEXIN_SIGNALING_PATHWAY,Semaphorin Plexin Signaling Pathway,GO_BP,1.05461204,0.49530752,0.884953798,0.67762786,0.941947672,0.898474155,False,shared_heat,0.934347238,1.63882065
GOBP_SEMI_LUNAR_VALVE_DEVELOPMENT,Semi Lunar Valve Development,GO_BP,1.52739961,0.0950777289,1.34720995,0.232533979,1.06578541,0.811351454,False,shared_heat,1.43689529,1.43609024
GOBP_SENSORY_ORGAN_DEVELOPMENT,Sensory Organ Development,GO_BP,1.58072541,0.00882065167,1.42238606,0.0480053995,1.04679533,0.805596787,False,shared_heat,1.46990613,1.10569235
GOBP_SENSORY_ORGAN_MORPHOGENESIS,Sensory Organ Morphogenesis,GO_BP,1.22109465,0.262103406,1.1590981,0.352631829,-0.966219741,0.896633964,False,shared_heat,1.16666915,1.24692177
GOBP_SENSORY_PERCEPTION,Sensory Perception,GO_BP,-0.896979913,0.726599354,-1.04013966,0.492438731,1.0476342,0.810396877,False,shared_heat,-1.01085262,-1.07247807
GOBP_SENSORY_PERCEPTION_OF_LIGHT_STIMULUS,Sensory Perception of Light Stimulus,GO_BP,-0.883913936,0.69754313,0.981227484,0.572330996,-0.692072652,0.999948662,False,shared_heat,0.852292335,-0.708894905
GOBP_SENSORY_PERCEPTION_OF_MECHANICAL_STIMULUS,Sensory Perception of Mechanical Stimulus,GO_BP,-0.891590255,0.702527836,-0.872041886,0.73385472,-1.04853363,0.812485288,False,shared_heat,-0.868027114,-1.29362033
GOBP_SENSORY_PERCEPTION_OF_PAIN,Sensory Perception of Pain,GO_BP,1.2015672,0.352304261,1.21976786,0.359755406,1.15143679,0.742254286,False,shared_heat,1.18242563,-0.787603061
GOBP_SENSORY_SYSTEM_DEVELOPMENT,Sensory System Development,GO_BP,1.6786797,0.00670768168,1.54859199,0.0261215299,0.887150781,0.959690565,False,shared_heat,1.58691395,1.20161161
GOBP_SEQUESTERING_OF_CALCIUM_ION,Sequestering of Calcium Ion,GO_BP,-1.38481108,0.131397981,-1.35198362,0.179913966,-0.941111036,0.910724104,False,shared_heat,-1.35001737,-1.47311702
GOBP_SEXUAL_REPRODUCTION,Sexual Reproduction,GO_BP,1.23734217,0.112846492,1.17181095,0.21198484,-0.954903733,0.933258114,False,shared_heat,1.21536326,0.947173862
GOBP_SEX_DIFFERENTIATION,Sex Differentiation,GO_BP,1.32190862,0.140602411,1.31845973,0.161295785,-1.10140629,0.73540881,False,shared_heat,1.32731402,0.962124839
GOBP_SIGNALING_RECEPTOR_LIGAND_PRECURSOR_PROCESSING,Signaling Receptor Ligand Precursor Processing,GO_BP,1.21612995,0.350412611,1.14579717,0.427928291,1.08877399,0.805596787,False,shared_heat,1.17947243,0.63483502
GOBP_SIGNAL_RELEASE,Signal Release,GO_BP,1.55300318,0.0150500482,1.36704947,0.0863417159,1.56124907,0.0834025517,False,shared_heat,1.40864009,-1.17252759
GOBP_SIGNAL_TRANSDUCTION_BY_P53_CLASS_MEDIATOR,Signal Transduction by p53 Class Mediator,GO_BP,1.85534906,0.00230801025,1.89803724,0.00150778311,-0.816456556,0.994346977,False,shared_heat,1.8913863,-1.16096905
GOBP_SIGNAL_TRANSDUCTION_IN_ABSENCE_OF_LIGAND,Signal Transduction in Absence of Ligand,GO_BP,1.99238022,0.00194531777,1.91205928,0.00615719755,-1.05802883,0.810224311,False,shared_heat,1.96615105,0.825678589
GOBP_SIGNAL_TRANSDUCTION_IN_RESPONSE_TO_DNA_DAMAGE,Signal Transduction in Response to DNA Damage,GO_BP,1.44726194,0.0666838655,1.53742409,0.0446882337,-1.1208126,0.705785642,False,shared_heat,1.49042798,1.22873783
GOBP_SINGLE_FERTILIZATION,Single Fertilization,GO_BP,0.871164931,0.715665246,-0.885563238,0.696696822,-0.868198048,0.950156705,False,shared_heat,-0.901979095,0.792773971
GOBP_SISTER_CHROMATID_COHESION,Sister Chromatid Cohesion,GO_BP,-0.629149276,0.963368457,-0.743972263,0.871093104,0.654435713,0.999948662,False,shared_heat,-0.67916854,1.34043964
GOBP_SISTER_CHROMATID_SEGREGATION,Sister Chromatid Segregation,GO_BP,1.17918441,0.282131048,1.1608111,0.327564095,0.698209762,0.999948662,False,shared_heat,1.21432801,1.21397854
GOBP_SKELETAL_MUSCLE_CELL_DIFFERENTIATION,Skeletal Muscle Cell Differentiation,GO_BP,1.67220262,0.0429180879,1.39987926,0.19100493,1.08664945,0.805596787,False,shared_heat,1.56379603,0.889801442
GOBP_SKELETAL_MUSCLE_CONTRACTION,Skeletal Muscle Contraction,GO_BP,0.808535286,0.784495738,0.869395527,0.710854761,0.834394764,0.959402271,False,shared_heat,0.776670109,-1.49215419
GOBP_SKELETAL_MUSCLE_ORGAN_DEVELOPMENT,Skeletal Muscle Organ Development,GO_BP,1.91868892,0.00175293954,1.72786405,0.0165745349,1.01768543,0.844399056,False,shared_heat,1.76022526,1.01630882
GOBP_SKELETAL_MUSCLE_TISSUE_REGENERATION,Skeletal Muscle Tissue Regeneration,GO_BP,-0.828362505,0.742214642,0.722729703,0.864585291,-0.985119797,0.869263132,False,shared_heat,0.827528539,-1.07780762
GOBP_SKELETAL_SYSTEM_DEVELOPMENT,Skeletal System Development,GO_BP,1.64753998,0.00230801025,1.48075162,0.0269802498,1.39861132,0.225242088,False,shared_heat,1.541615,1.08898315
GOBP_SKELETAL_SYSTEM_MORPHOGENESIS,Skeletal System Morphogenesis,GO_BP,1.21417386,0.268673698,0.946222171,0.634835369,1.07332896,0.796014142,False,shared_heat,1.08603248,0.983871419
GOBP_SKIN_DEVELOPMENT,Skin Development,GO_BP,1.78554116,0.00216786352,1.76099738,0.00243116248,0.725079087,0.999948662,False,shared_heat,1.79260379,1.15987314
GOBP_SKIN_EPIDERMIS_DEVELOPMENT,Skin Epidermis Development,GO_BP,1.61623789,0.0397539576,1.5874681,0.0594306077,0.639772726,0.999948662,False,shared_heat,1.61128232,1.16359467
GOBP_SMAD_PROTEIN_SIGNAL_TRANSDUCTION,Smad Protein Signal Transduction,GO_BP,1.28102151,0.221176223,1.09606114,0.436025563,1.30348856,0.507173548,False,shared_heat,1.13785603,0.925896079
GOBP_SMALL_GTPASE_MEDIATED_SIGNAL_TRANSDUCTION,Small Gtpase Mediated Signal Transduction,GO_BP,-1.12770553,0.317480782,-1.23069005,0.205015047,1.3748959,0.262846738,False,shared_heat,-1.18797235,1.46742318
GOBP_SMALL_MOLECULE_BIOSYNTHETIC_PROCESS,Small Molecule Biosynthetic Process,GO_BP,1.17929304,0.194107679,1.14367954,0.267990533,0.793786289,0.999948662,False,shared_heat,1.15933911,1.12687248
GOBP_SMALL_MOLECULE_CATABOLIC_PROCESS,Small Molecule Catabolic Process,GO_BP,1.091203,0.371332753,1.09978776,0.373070326,0.586677258,0.999948662,False,shared_heat,1.07741708,-1.318895
GOBP_SMOOTHENED_SIGNALING_PATHWAY,Smoothened Signaling Pathway,GO_BP,1.21096185,0.319523992,1.05629261,0.489084087,1.05148972,0.827641743,False,shared_heat,1.11156342,1.47019717
GOBP_SMOOTH_MUSCLE_CELL_APOPTOTIC_PROCESS,Smooth Muscle Cell Apoptotic Process,GO_BP,-0.948344387,0.607611631,-1.02697892,0.531705485,0.618247985,0.999948662,False,shared_heat,-0.97626308,0.961230346
GOBP_SMOOTH_MUSCLE_CELL_DIFFERENTIATION,Smooth Muscle Cell Differentiation,GO_BP,1.37599799,0.179767273,1.20526042,0.347480969,0.881170243,0.946761802,False,shared_heat,1.2644395,-0.853909701
GOBP_SMOOTH_MUSCLE_CELL_MIGRATION,Smooth Muscle Cell Migration,GO_BP,1.67319936,0.0397945586,1.56271998,0.0934950433,-0.75842577,0.994909646,False,shared_heat,1.54919597,1.17893702
GOBP_SMOOTH_MUSCLE_CELL_PROLIFERATION,Smooth Muscle Cell Proliferation,GO_BP,1.42726135,0.0846570786,1.4041183,0.115425287,0.706954914,0.999948662,False,shared_heat,1.36539021,0.851484427
GOBP_SMOOTH_MUSCLE_CONTRACTION,Smooth Muscle Contraction,GO_BP,1.63915188,0.043136864,1.68829811,0.0399695082,0.795560627,0.986500746,False,shared_heat,1.62348144,0.989664104
GOBP_SNRNA_METABOLIC_PROCESS,Snrna Metabolic Process,GO_BP,0.957137976,0.596762792,0.995216496,0.559592003,-0.925010772,0.909295423,False,shared_heat,1.12001445,-1.34062213
GOBP_SODIUM_ION_TRANSMEMBRANE_TRANSPORT,Sodium Ion Transmembrane Transport,GO_BP,-0.963402241,0.596762792,-1.12990239,0.418448606,1.03084276,0.843200585,False,shared_heat,-1.05292579,1.76994043
GOBP_SODIUM_ION_TRANSPORT,Sodium Ion Transport,GO_BP,-0.965806839,0.596762792,-0.943305224,0.633984231,0.854954571,0.966051582,False,shared_heat,-0.948544765,1.63267731
GOBP_SOMATIC_DIVERSIFICATION_OF_IMMUNE_RECEPTORS,Somatic Diversification of Immune Receptors,GO_BP,-1.16235139,0.359527248,-1.17758601,0.367900767,-0.820328334,0.980529725,False,shared_heat,-1.12740215,1.58034203
GOBP_SOMATIC_DIVERSIFICATION_OF_IMMUNOGLOBULINS,Somatic Diversification of Immunoglobulins,GO_BP,-1.00976905,0.538798839,0.987375243,0.564880967,-0.90697277,0.933571206,False,shared_heat,-0.938902897,1.28278484
GOBP_SOMITE_DEVELOPMENT,Somite Development,GO_BP,1.07112508,0.474359779,0.828529701,0.754950883,1.06753449,0.812485288,False,shared_heat,0.977848882,0.893527088
GOBP_SOMITOGENESIS,Somitogenesis,GO_BP,0.975549589,0.578368601,0.762331283,0.830750124,1.0267185,0.844399056,False,shared_heat,0.87739419,0.894010664
GOBP_SPECIFICATION_OF_SYMMETRY,Specification of Symmetry,GO_BP,-1.09660597,0.442235163,-1.20832437,0.3589487,1.26838429,0.5990368,False,shared_heat,-1.08547965,0.82065862
GOBP_SPERMATID_DIFFERENTIATION,Spermatid Differentiation,GO_BP,-0.776002078,0.860351803,-0.882126239,0.710854761,-0.845724554,0.968236646,False,shared_heat,-0.803271807,0.909110368
GOBP_SPHINGOLIPID_BIOSYNTHETIC_PROCESS,Sphingolipid Biosynthetic Process,GO_BP,-0.956126217,0.604056971,-0.943400694,0.623186214,0.688030234,0.999948662,False,shared_heat,-0.998972139,0.681220215
GOBP_SPHINGOLIPID_METABOLIC_PROCESS,Sphingolipid Metabolic Process,GO_BP,1.00309037,0.54222906,-0.927985335,0.646242389,0.977916422,0.877635327,False,shared_heat,0.990801061,-0.685774532
GOBP_SPINAL_CORD_DEVELOPMENT,Spinal Cord Development,GO_BP,1.26127081,0.300183037,1.40180616,0.21209712,-0.871737009,0.946761802,False,shared_heat,1.25153808,1.48228142
GOBP_SPINDLE_ASSEMBLY,Spindle Assembly,GO_BP,-1.07914737,0.437805816,-1.01136661,0.535004083,-0.722569978,0.999948662,False,shared_heat,-1.00902104,0.76014334
GOBP_SPINDLE_LOCALIZATION,Spindle Localization,GO_BP,0.704295554,0.912079101,-0.606913809,0.969933512,0.921417778,0.915293699,False,shared_heat,0.635072152,1.05328407
GOBP_SPINDLE_ORGANIZATION,Spindle Organization,GO_BP,-1.01829732,0.517680548,-0.904560275,0.710737776,0.663829042,0.999948662,False,shared_heat,-0.959989233,1.1091616
GOBP_SPLICEOSOMAL_COMPLEX_ASSEMBLY,Spliceosomal Complex Assembly,GO_BP,0.848626508,0.733848629,0.885997822,0.692616212,-1.32827002,0.520142924,False,shared_heat,0.883712804,-1.04219437
GOBP_SPLICEOSOMAL_SNRNP_ASSEMBLY,Spliceosomal Snrnp Assembly,GO_BP,0.898886592,0.672816808,1.21508301,0.351383644,-1.0843272,0.805596787,False,shared_heat,1.01663386,-1.24581369
GOBP_SPROUTING_ANGIOGENESIS,Sprouting Angiogenesis,GO_BP,1.73687734,0.0111460835,1.70416659,0.0215045668,0.855061354,0.967415834,False,shared_heat,1.69984866,1.01922251
GOBP_STEM_CELL_DEVELOPMENT,Stem Cell Development,GO_BP,1.61452315,0.0570169003,1.47158569,0.139085036,0.621567735,0.999948662,False,shared_heat,1.55103291,0.814643418
GOBP_STEM_CELL_DIFFERENTIATION,Stem Cell Differentiation,GO_BP,1.4156432,0.0845573946,1.33501785,0.155197989,1.07992894,0.783166314,False,shared_heat,1.37864534,1.09896194
GOBP_STEM_CELL_PROLIFERATION,Stem Cell Proliferation,GO_BP,1.24872847,0.297066007,1.08077133,0.469098982,0.927664901,0.910724104,False,shared_heat,1.10800196,0.93630005
GOBP_STEROID_BIOSYNTHETIC_PROCESS,Steroid Biosynthetic Process,GO_BP,0.952772589,0.620016007,-1.2348846,0.275399282,1.55156797,0.197325136,False,shared_heat,-1.05648892,1.24294922
GOBP_STEROID_HORMONE_BIOSYNTHETIC_PROCESS,Steroid Hormone Biosynthetic Process,GO_BP,1.43509422,0.177257799,1.2638124,0.332792569,1.01120318,0.853137942,False,shared_heat,1.32162703,-0.954918121
GOBP_STEROID_HORMONE_RECEPTOR_SIGNALING_PATHWAY,Steroid Hormone Receptor Signaling Pathway,GO_BP,1.79552162,0.00943744213,1.82086043,0.0113480156,-1.01527758,0.844399056,False,shared_heat,1.78459473,1.11590579
GOBP_STEROID_METABOLIC_PROCESS,Steroid Metabolic Process,GO_BP,-1.0340825,0.485872651,-1.32238126,0.14333963,1.34408943,0.372918319,False,shared_heat,-1.14823074,0.998845796
GOBP_STEROL_BIOSYNTHETIC_PROCESS,Sterol Biosynthetic Process,GO_BP,-1.74394565,0.0210350395,-2.0636462,0.000949422394,1.86369628,0.0397967683,True,cGAS_dampened,-1.89004166,1.35218787
GOBP_STEROL_HOMEOSTASIS,Sterol Homeostasis,GO_BP,1.05300854,0.478692988,-1.05503574,0.491902398,1.0906841,0.792622419,False,shared_heat,-1.04401555,-0.894208056
GOBP_STEROL_METABOLIC_PROCESS,Sterol Metabolic Process,GO_BP,-1.59935407,0.0266904578,-1.86153061,0.00325391875,1.45553442,0.287149302,False,shared_heat,-1.70901728,1.03047662
GOBP_STEROL_TRANSPORT,Sterol Transport,GO_BP,1.21190381,0.302684549,1.10048631,0.43564756,1.09067642,0.792581274,False,shared_heat,1.14070886,1.26029706
GOBP_STRESS_ACTIVATED_PROTEIN_KINASE_SIGNALING_CASCADE,Stress Activated Protein Kinase Signaling Cascade,GO_BP,0.914480045,0.654652974,-0.965938577,0.595268954,1.28816301,0.576434136,False,shared_heat,0.94464999,1.28433422
GOBP_STRESS_FIBER_ASSEMBLY,Stress Fiber Assembly,GO_BP,1.52974662,0.0632451365,1.43302579,0.12531693,1.1232426,0.738566035,False,shared_heat,1.47244226,1.13046332
GOBP_STRIATED_MUSCLE_ADAPTATION,Striated Muscle Adaptation,GO_BP,1.77214722,0.0252705868,1.70816895,0.049184637,1.28389999,0.605877659,False,shared_heat,1.79534539,-0.743778765
GOBP_STRIATED_MUSCLE_CELL_APOPTOTIC_PROCESS,Striated Muscle Cell Apoptotic Process,GO_BP,1.68848804,0.0451251047,1.51858891,0.139275051,0.580773298,0.999948662,False,shared_heat,1.64161495,0.899849244
GOBP_STRIATED_MUSCLE_CELL_DIFFERENTIATION,Striated Muscle Cell Differentiation,GO_BP,1.73732553,0.00461727999,1.55708088,0.0253581639,1.36296235,0.358930161,False,shared_heat,1.59886067,-0.774002051
GOBP_STRIATED_MUSCLE_CELL_PROLIFERATION,Striated Muscle Cell Proliferation,GO_BP,1.42091072,0.148542855,1.16766619,0.379537458,1.22400899,0.651868673,False,shared_heat,1.2654673,0.991452478
GOBP_STRIATED_MUSCLE_CONTRACTION,Striated Muscle Contraction,GO_BP,1.04883278,0.4675178,1.02477033,0.511118784,1.23080387,0.551555915,False,shared_heat,1.04604896,-1.10217545
GOBP_SUBSTANTIA_NIGRA_DEVELOPMENT,Substantia Nigra Development,GO_BP,1.38686402,0.178013878,1.39944322,0.191624985,-1.03564015,0.839590835,False,shared_heat,1.41079112,-1.11935704
GOBP_SUBSTRATE_ADHESION_DEPENDENT_CELL_SPREADING,Substrate Adhesion Dependent Cell Spreading,GO_BP,1.48218313,0.0908023733,1.32558072,0.214563347,1.1801465,0.681538618,False,shared_heat,1.36407234,0.859524665
GOBP_SUBSTRATE_DEPENDENT_CELL_MIGRATION,Substrate Dependent Cell Migration,GO_BP,1.34853449,0.233412781,1.26129973,0.332792569,1.07402,0.811351454,False,shared_heat,1.29621685,-0.694990091
GOBP_SULFUR_AMINO_ACID_METABOLIC_PROCESS,Sulfur Amino Acid Metabolic Process,GO_BP,-1.18496297,0.371973119,-1.21588398,0.368221798,0.821412543,0.959402271,False,shared_heat,-1.19389811,0.596205394
GOBP_SULFUR_COMPOUND_BIOSYNTHETIC_PROCESS,Sulfur Compound Biosynthetic Process,GO_BP,-1.68093435,0.0230284146,-1.67275976,0.0299748603,0.807221987,0.989918871,False,shared_heat,-1.61862766,0.827676694
GOBP_SULFUR_COMPOUND_METABOLIC_PROCESS,Sulfur Compound Metabolic Process,GO_BP,-1.71404183,0.0031982381,-1.77720871,0.001583818,0.92226493,0.944986169,False,shared_heat,-1.71117087,-0.886793859
GOBP_SULFUR_COMPOUND_TRANSPORT,Sulfur Compound Transport,GO_BP,-1.75868558,0.0234838984,-1.7670068,0.0261944799,1.38911639,0.468836638,False,shared_heat,-1.77432651,0.810823633
GOBP_SUPEROXIDE_ANION_GENERATION,Superoxide Anion Generation,GO_BP,-0.65671511,0.925251532,0.745233425,0.849140675,-0.512737104,0.999948662,False,shared_heat,0.616409936,0.874689974
GOBP_SUPEROXIDE_METABOLIC_PROCESS,Superoxide Metabolic Process,GO_BP,1.0094415,0.53518361,0.944869627,0.624222161,-0.724712797,0.999948662,False,shared_heat,0.915177526,1.09049833
GOBP_SUPRAMOLECULAR_FIBER_ORGANIZATION,Supramolecular Fiber Organization,GO_BP,1.43167553,0.0145801018,1.37792384,0.0299748603,0.931447343,0.950156705,False,shared_heat,1.38016207,1.18685787
GOBP_SYMBIONT_ENTRY_INTO_HOST,Symbiont Entry Into Host,GO_BP,2.02239123,0.000301807921,1.89774071,0.00219424893,1.61980862,0.123914691,False,shared_heat,1.92210658,1.57507745
GOBP_SYNAPSE_ASSEMBLY,Synapse Assembly,GO_BP,-1.35276876,0.14667648,-1.39330941,0.139583682,0.966728684,0.895867842,False,shared_heat,-1.36568188,1.58804745
GOBP_SYNAPSE_ORGANIZATION,Synapse Organization,GO_BP,1.31795926,0.0945689689,1.26627197,0.153932035,1.06915415,0.775164918,False,shared_heat,1.31439655,1.39103701
GOBP_SYNAPTIC_SIGNALING,Synaptic Signaling,GO_BP,1.37748822,0.045777445,1.3476284,0.0686357278,1.2841916,0.379692524,False,shared_heat,1.35905013,1.38967441
GOBP_SYNAPTIC_TRANSMISSION_GLUTAMATERGIC,Synaptic Transmission Glutamatergic,GO_BP,1.25792588,0.281740269,1.02007384,0.527471562,1.33843455,0.51416984,False,shared_heat,1.16709654,1.48176135
GOBP_SYNAPTIC_VESICLE_EXOCYTOSIS,Synaptic Vesicle Exocytosis,GO_BP,0.937787256,0.619634708,0.882620561,0.688437847,0.942124782,0.901446344,False,shared_heat,0.919171062,0.943091949
GOBP_SYNAPTIC_VESICLE_LOCALIZATION,Synaptic Vesicle Localization,GO_BP,-0.899859725,0.662307669,-0.927611185,0.635759141,1.19823943,0.705785642,False,shared_heat,-0.892149554,1.4386886
GOBP_SYNAPTIC_VESICLE_RECYCLING,Synaptic Vesicle Recycling,GO_BP,1.35395067,0.196088685,1.09525355,0.451141997,1.4695214,0.395520988,False,shared_heat,1.23784896,1.23375194
GOBP_SYNCYTIUM_FORMATION,Syncytium Formation,GO_BP,1.07476371,0.464403955,0.819368532,0.78120796,1.40983969,0.453172423,False,shared_heat,0.96360274,-1.00184839
GOBP_TAXIS,Taxis,GO_BP,2.00567389,1.33063216e-06,1.85923776,6.69807588e-05,0.970271041,0.897996338,False,shared_heat,1.92883059,1.05283137
GOBP_TELENCEPHALON_DEVELOPMENT,Telencephalon Development,GO_BP,1.47099485,0.0573254692,1.40828648,0.0995606896,-0.873491373,0.969438113,False,shared_heat,1.4265045,1.05108087
GOBP_TELOMERE_MAINTENANCE_VIA_TELOMERE_LENGTHENING,Telomere Maintenance via Telomere Lengthening,GO_BP,-0.880911964,0.702527836,-0.909702724,0.668935563,-0.980061035,0.87636238,False,shared_heat,-0.931205593,1.19216433
GOBP_TELOMERE_ORGANIZATION,Telomere Organization,GO_BP,0.866147841,0.769673688,1.16256114,0.343793457,-1.4965076,0.235266067,False,shared_heat,0.990559012,1.33100261
GOBP_TEMPERATURE_HOMEOSTASIS,Temperature Homeostasis,GO_BP,1.47618241,0.056068219,1.45611036,0.074373172,1.14559075,0.689091483,False,shared_heat,1.40626488,-1.35374195
GOBP_TERPENOID_BIOSYNTHETIC_PROCESS,Terpenoid Biosynthetic Process,GO_BP,-1.33556802,0.243044136,-1.48687443,0.156497741,0.863996514,0.946761802,False,shared_heat,-1.40944911,0.945423464
GOBP_TETRAPYRROLE_BIOSYNTHETIC_PROCESS,Tetrapyrrole Biosynthetic Process,GO_BP,0.746625269,0.858624933,0.762126097,0.841682901,-1.04750278,0.832986974,False,shared_heat,0.783000244,-0.9287349
GOBP_TETRAPYRROLE_METABOLIC_PROCESS,Tetrapyrrole Metabolic Process,GO_BP,0.98237486,0.572814604,1.19150085,0.360040529,-1.3188908,0.508905807,False,shared_heat,1.14849069,-0.855206976
GOBP_THYMIC_T_CELL_SELECTION,Thymic T Cell Selection,GO_BP,-1.61781398,0.0627109886,-1.65700866,0.0592336129,0.905631713,0.925097941,False,shared_heat,-1.66554185,-1.60377704
GOBP_THYMUS_DEVELOPMENT,Thymus Development,GO_BP,-1.48315729,0.133087229,-1.57115862,0.103429029,1.04095134,0.839590835,False,shared_heat,-1.45892949,-0.836316055
GOBP_TIGHT_JUNCTION_ORGANIZATION,Tight Junction Organization,GO_BP,1.47263113,0.113529527,1.44603925,0.150163426,-0.858507823,0.955039892,False,shared_heat,1.43808524,0.717089223
GOBP_TISSUE_HOMEOSTASIS,Tissue Homeostasis,GO_BP,1.3095698,0.147650935,1.23631744,0.236308621,1.05492799,0.805596787,False,shared_heat,1.26949192,1.25243558
GOBP_TISSUE_MIGRATION,Tissue Migration,GO_BP,0.96004603,0.599306485,0.900963503,0.68585996,0.59093594,0.999948662,False,shared_heat,0.93580293,1.23391835
GOBP_TISSUE_MORPHOGENESIS,Tissue Morphogenesis,GO_BP,2.08831305,6.5604903e-08,1.96079521,2.38458548e-06,1.2327777,0.440294721,False,shared_heat,1.99973494,1.25180761
GOBP_TISSUE_REGENERATION,Tissue Regeneration,GO_BP,-0.976954478,0.580301784,-0.797023761,0.801597992,-0.921422481,0.915293699,False,shared_heat,-0.877982561,-1.31523424
GOBP_TISSUE_REMODELING,Tissue Remodeling,GO_BP,2.19760665,9.30835053e-06,2.01939203,0.000331822099,1.28189675,0.495211293,False,shared_heat,2.1266152,1.13894559
GOBP_TOLERANCE_INDUCTION,Tolerance Induction,GO_BP,-0.853244398,0.715218863,-1.00120995,0.553355106,1.26060743,0.63568473,False,shared_heat,-0.890668257,1.30371162
GOBP_TOLL_LIKE_RECEPTOR_SIGNALING_PATHWAY,Toll Like Receptor Signaling Pathway,GO_BP,1.19745291,0.320514539,1.06994038,0.469663549,1.38356699,0.436408413,False,shared_heat,1.15624588,1.89394479
GOBP_TORC1_SIGNALING,Torc1 Signaling,GO_BP,0.84562189,0.756798709,0.96898953,0.590120656,0.929524958,0.912813575,False,shared_heat,0.917832727,1.30384727
GOBP_TOR_SIGNALING,Tor Signaling,GO_BP,1.06167208,0.459535779,1.12350299,0.395964689,0.990902532,0.865988086,False,shared_heat,1.06250829,1.62179265
GOBP_TRABECULA_MORPHOGENESIS,Trabecula Morphogenesis,GO_BP,1.76043672,0.0257635623,1.57704347,0.0965622702,0.958569098,0.895134296,False,shared_heat,1.68342508,-0.760413212
GOBP_TRANSCRIPTION_BY_RNA_POLYMERASE_I,Transcription by RNA Polymerase I,GO_BP,1.07223273,0.464160963,1.05334735,0.492648523,-1.10381551,0.779944613,False,shared_heat,1.05640321,0.769113473
GOBP_TRANSCRIPTION_BY_RNA_POLYMERASE_III,Transcription by RNA Polymerase III,GO_BP,1.45867888,0.133537163,1.4834883,0.139902982,-1.24465966,0.623537796,False,shared_heat,1.44076829,0.836522303
GOBP_TRANSCRIPTION_ELONGATION_BY_RNA_POLYMERASE_II,Transcription Elongation by RNA Polymerase II,GO_BP,-0.998512082,0.549545624,-1.00749617,0.542043385,-1.29872826,0.508905807,False,shared_heat,-1.05399366,-1.22573837
GOBP_TRANSCRIPTION_INITIATION_AT_RNA_POLYMERASE_II_PROMOTER,Transcription Initiation At RNA Polymerase II Promoter,GO_BP,-0.959324844,0.607611631,-0.863668594,0.754950883,-1.38524623,0.395520988,False,shared_heat,-0.900458664,-0.956047934
GOBP_TRANSCRIPTION_PREINITIATION_COMPLEX_ASSEMBLY,Transcription Preinitiation Complex Assembly,GO_BP,-0.844077514,0.724311344,-0.838978332,0.73398813,0.514059756,0.999948662,False,shared_heat,-0.794283845,-0.822149895
GOBP_TRANSFORMING_GROWTH_FACTOR_BETA_PRODUCTION,Transforming Growth Factor beta Production,GO_BP,1.71854041,0.0363847717,1.66395849,0.0621810174,0.894569936,0.933571206,False,shared_heat,1.65767906,1.32411458
GOBP_TRANSFORMING_GROWTH_FACTOR_BETA_RECEPTOR_SIGNALING_PATHWAY,Transforming Growth Factor beta Receptor Signaling Pathway,GO_BP,1.54140819,0.0319872502,1.31407869,0.163436911,1.65035932,0.0729155351,False,shared_heat,1.42249677,0.912817957
GOBP_TRANSITION_METAL_ION_TRANSPORT,Transition Metal Ion Transport,GO_BP,0.983096243,0.571446409,1.00049191,0.548880016,0.940493134,0.905703574,False,shared_heat,0.906994214,-1.06382874
GOBP_TRANSLATION,Translation,GO_BP,1.29010201,0.102495827,1.24238706,0.161295785,0.852048788,0.994346977,False,shared_heat,1.27804387,0.899784017
GOBP_TRANSLATIONAL_ELONGATION,Translational Elongation,GO_BP,-0.915788653,0.645313452,-1.01773513,0.541503326,0.764865449,0.985926477,False,shared_heat,-0.946532813,-1.28034144
GOBP_TRANSLATIONAL_INITIATION,Translational Initiation,GO_BP,1.23028996,0.262103406,1.11459135,0.408753115,0.9548203,0.898474155,False,shared_heat,1.22010153,1.62494137
GOBP_TRANSMISSION_OF_NERVE_IMPULSE,Transmission of Nerve Impulse,GO_BP,1.66123405,0.0532264473,1.40241212,0.214563347,0.833905088,0.955246607,False,shared_heat,1.58530164,1.20940934
GOBP_TRICARBOXYLIC_ACID_CYCLE,Tricarboxylic Acid Cycle,GO_BP,-1.48810284,0.113272754,-1.37089985,0.219267281,-0.742583518,0.994909646,False,shared_heat,-1.4335094,-1.41311804
GOBP_TRIGLYCERIDE_METABOLIC_PROCESS,Triglyceride Metabolic Process,GO_BP,0.751121361,0.878601661,-0.910742653,0.665501401,0.786228063,0.987825548,False,shared_heat,-0.815137701,-1.40253806
GOBP_TRNA_METABOLIC_PROCESS,tRNA Metabolic Process,GO_BP,1.45586417,0.122571193,1.6392308,0.0578407021,-1.31540352,0.509798782,False,shared_heat,1.63948041,-0.915144293
GOBP_TUBE_CLOSURE,Tube Closure,GO_BP,1.01762152,0.524218282,0.932915505,0.63814808,-0.60261309,0.999948662,False,shared_heat,1.003315,0.689805301
GOBP_TUBE_FORMATION,Tube Formation,GO_BP,1.17691469,0.318297953,1.13260056,0.385025729,-0.780763392,0.996578828,False,shared_heat,1.15436811,0.764020873
GOBP_TUBE_MORPHOGENESIS,Tube Morphogenesis,GO_BP,1.75038882,1.43286976e-05,1.66807914,0.000104236532,0.977040582,0.896633964,False,shared_heat,1.6958911,1.26331315
GOBP_TUMOR_NECROSIS_FACTOR_MEDIATED_SIGNALING_PATHWAY,Tumor Necrosis Factor Mediated Signaling Pathway,GO_BP,1.71499257,0.0150500482,1.53940301,0.0663135067,0.854326127,0.967415834,False,shared_heat,1.58995914,1.44109434
GOBP_TUMOR_NECROSIS_FACTOR_SUPERFAMILY_CYTOKINE_PRODUCTION,Tumor Necrosis Factor Superfamily Cytokine Production,GO_BP,1.28649144,0.160391168,1.19815512,0.27463011,1.27738838,0.468928058,False,shared_heat,1.23337909,1.18302594
GOBP_TYPE_2_IMMUNE_RESPONSE,Type 2 Immune Response,GO_BP,1.25344148,0.284852553,1.25562698,0.303603261,0.820955212,0.971202574,False,shared_heat,1.29620936,1.22863137
GOBP_TYPE_II_INTERFERON_MEDIATED_SIGNALING_PATHWAY,Type II Interferon Mediated Signaling Pathway,GO_BP,-1.52659219,0.11068174,-1.59832674,0.0941623322,1.14163143,0.760837969,False,shared_heat,-1.59227443,1.39382276
GOBP_TYPE_II_INTERFERON_PRODUCTION,Type II Interferon Production,GO_BP,1.33341302,0.146996082,1.17288091,0.329561569,1.25183327,0.5323357,False,shared_heat,1.26316825,0.924373547
GOBP_TYPE_I_INTERFERON_MEDIATED_SIGNALING_PATHWAY,Type I Interferon Mediated Signaling Pathway,GO_BP,-1.34803464,0.188296858,-1.75438386,0.0259978611,2.59257847,2.22217241e-07,True,KO_only,-1.61466546,2.72095137
GOBP_TYPE_I_INTERFERON_PRODUCTION,Type I Interferon Production,GO_BP,1.39601779,0.120296686,-1.06826217,0.467569205,2.00158185,0.00210506606,True,sign_reversal,1.1433405,2.5468691
GOBP_TYROSINE_PHOSPHORYLATION_OF_STAT_PROTEIN,Tyrosine Phosphorylation of STAT Protein,GO_BP,0.980653151,0.575231906,-0.965120172,0.594365311,1.10386599,0.793536838,False,shared_heat,-0.919954333,1.10853086
GOBP_T_CELL_ACTIVATION,T Cell Activation,GO_BP,1.49026445,0.00535715807,1.37087055,0.0312588254,1.11666912,0.652084329,False,shared_heat,1.3951095,0.961518059
GOBP_T_CELL_ACTIVATION_INVOLVED_IN_IMMUNE_RESPONSE,T Cell Activation Involved in Immune Response,GO_BP,1.19659054,0.277750591,1.14071228,0.361951664,0.999875828,0.857716504,False,shared_heat,1.12682122,0.709839816
GOBP_T_CELL_APOPTOTIC_PROCESS,T Cell Apoptotic Process,GO_BP,1.62754051,0.0583144813,1.51453757,0.12400887,1.02141098,0.844399056,False,shared_heat,1.56692389,0.830684954
GOBP_T_CELL_CHEMOTAXIS,T Cell Chemotaxis,GO_BP,1.58215081,0.087039796,1.49843911,0.151782484,1.57145765,0.322405252,False,shared_heat,1.48601651,1.75793503
GOBP_T_CELL_CYTOKINE_PRODUCTION,T Cell Cytokine Production,GO_BP,0.685091764,0.928644228,-0.717912201,0.897485362,0.978140893,0.877312407,False,shared_heat,-0.735763676,1.00889941
GOBP_T_CELL_DIFFERENTIATION,T Cell Differentiation,GO_BP,-1.14616754,0.289346293,-1.21928366,0.219267281,0.820021867,0.999948662,False,shared_heat,-1.14992665,-0.882654502
GOBP_T_CELL_DIFFERENTIATION_INVOLVED_IN_IMMUNE_RESPONSE,T Cell Differentiation Involved in Immune Response,GO_BP,1.02876006,0.501817861,0.989169573,0.564342593,0.79043528,0.994909646,False,shared_heat,0.965640015,0.837374057
GOBP_T_CELL_DIFFERENTIATION_IN_THYMUS,T Cell Differentiation in Thymus,GO_BP,-1.1465775,0.361685724,-1.25233474,0.277043596,0.87091353,0.954237152,False,shared_heat,-1.19691529,-0.873301587
GOBP_T_CELL_HOMEOSTASIS,T Cell Homeostasis,GO_BP,-1.82155025,0.0133799829,-1.6774299,0.0456459455,-1.15953766,0.705785642,False,shared_heat,-1.70520566,-1.79099199
GOBP_T_CELL_LINEAGE_COMMITMENT,T Cell Lineage Commitment,GO_BP,-1.34699085,0.220883947,-1.36694041,0.232254946,-0.918042384,0.915293699,False,shared_heat,-1.31086215,1.01334502
GOBP_T_CELL_MEDIATED_CYTOTOXICITY,T Cell Mediated Cytotoxicity,GO_BP,-0.925839179,0.642889864,-0.954223066,0.611553803,0.938459761,0.907191457,False,shared_heat,-1.00489379,-1.01836313
GOBP_T_CELL_MEDIATED_IMMUNITY,T Cell Mediated Immunity,GO_BP,1.26607842,0.210230919,1.18091362,0.328029717,0.838328598,0.981959171,False,shared_heat,1.20755478,0.837627101
GOBP_T_CELL_MIGRATION,T Cell Migration,GO_BP,1.36072256,0.184446717,1.23315411,0.313997622,1.37688725,0.464010292,False,shared_heat,1.26071323,1.67432254
GOBP_T_CELL_PROLIFERATION,T Cell Proliferation,GO_BP,1.33964459,0.108823936,1.20782775,0.255721392,1.1158472,0.710415785,False,shared_heat,1.24559373,1.05011558
GOBP_T_CELL_RECEPTOR_SIGNALING_PATHWAY,T Cell Receptor Signaling Pathway,GO_BP,1.18134809,0.294543986,1.1945536,0.29916543,1.40635023,0.356725445,False,shared_heat,1.16322864,-1.10540957
GOBP_T_CELL_SELECTION,T Cell Selection,GO_BP,-1.69384391,0.0237702346,-1.71307338,0.0259978611,0.844201281,0.970012683,False,shared_heat,-1.71710995,-1.48570257
GOBP_T_HELPER_17_CELL_DIFFERENTIATION,T Helper 17 Cell Differentiation,GO_BP,-1.16583229,0.36351955,-1.12305891,0.428542126,0.542424892,0.999948662,False,shared_heat,-1.15674648,-1.14821527
GOBP_T_HELPER_17_TYPE_IMMUNE_RESPONSE,T Helper 17 Type Immune Response,GO_BP,-1.31678631,0.209360474,-1.26813535,0.280080604,0.619912313,0.999948662,False,shared_heat,-1.30331216,-0.977112067
GOBP_T_HELPER_1_CELL_DIFFERENTIATION,T Helper 1 Cell Differentiation,GO_BP,-1.0084421,0.54006162,-1.02911031,0.523142781,0.953120485,0.896633964,False,shared_heat,-1.02608603,-1.08032351
GOBP_T_HELPER_1_TYPE_IMMUNE_RESPONSE,T Helper 1 Type Immune Response,GO_BP,0.999571324,0.546780173,-0.863471463,0.741880356,1.02106739,0.844399056,False,shared_heat,0.905722629,-0.950271233
GOBP_UNSATURATED_FATTY_ACID_BIOSYNTHETIC_PROCESS,Unsaturated Fatty Acid Biosynthetic Process,GO_BP,1.22653762,0.313863827,1.3145502,0.261022993,-0.658417514,0.999948662,False,shared_heat,1.34335015,1.04950575
GOBP_UNSATURATED_FATTY_ACID_METABOLIC_PROCESS,Unsaturated Fatty Acid Metabolic Process,GO_BP,1.24227689,0.270043918,1.36709141,0.181871911,-0.79618269,0.992649497,False,shared_heat,1.32271613,-0.885395834
GOBP_UROGENITAL_SYSTEM_DEVELOPMENT,Urogenital System Development,GO_BP,0.847927632,0.729007687,0.90667273,0.664453931,-0.995429058,0.862741186,False,shared_heat,0.898124726,1.19158795
GOBP_VACUOLAR_ACIDIFICATION,Vacuolar Acidification,GO_BP,-1.26415754,0.306167633,-1.43092841,0.195644997,1.40327536,0.492538498,False,shared_heat,-1.36644672,-1.86655875
GOBP_VACUOLAR_LOCALIZATION,Vacuolar Localization,GO_BP,-1.00704519,0.540013341,1.00406311,0.544697467,-1.21991135,0.635948139,False,shared_heat,0.969146946,-1.30746346
GOBP_VACUOLAR_TRANSPORT,Vacuolar Transport,GO_BP,-1.09901312,0.424104562,-1.30376606,0.23949278,1.00969366,0.852313896,False,shared_heat,-1.21563944,0.886365911
GOBP_VACUOLE_ORGANIZATION,Vacuole Organization,GO_BP,-1.06628253,0.453515101,-1.26906258,0.243851884,0.996680715,0.861264609,False,shared_heat,-1.1525508,-1.36052905
GOBP_VASCULAR_ASSOCIATED_SMOOTH_MUSCLE_CELL_DIFFERENTIATION,Vascular Associated Smooth Muscle Cell Differentiation,GO_BP,1.41650743,0.182512856,1.38198675,0.232035806,0.856573284,0.950156705,False,shared_heat,1.43821728,-1.06736707
GOBP_VASCULAR_ASSOCIATED_SMOOTH_MUSCLE_CELL_PROLIFERATION,Vascular Associated Smooth Muscle Cell Proliferation,GO_BP,1.40019982,0.156825443,1.38862136,0.184682775,0.621645856,0.999948662,False,shared_heat,1.40758764,-1.00909154
GOBP_VASCULAR_ENDOTHELIAL_GROWTH_FACTOR_PRODUCTION,Vascular Endothelial Growth Factor Production,GO_BP,1.54061524,0.0952133398,1.50912888,0.132215847,1.24377288,0.646537568,False,shared_heat,1.5061902,-0.435692148
GOBP_VASCULAR_ENDOTHELIAL_GROWTH_FACTOR_RECEPTOR_SIGNALING_PATHWAY,Vascular Endothelial Growth Factor Receptor Signaling Pathway,GO_BP,1.77042292,0.0192963148,1.55855859,0.0906660686,1.34909435,0.492538498,False,shared_heat,1.69049415,0.732670635
GOBP_VASCULAR_ENDOTHELIAL_GROWTH_FACTOR_SIGNALING_PATHWAY,Vascular Endothelial Growth Factor Signaling Pathway,GO_BP,1.69042034,0.0397945586,1.72935216,0.0393501371,-1.23409849,0.638182792,False,shared_heat,1.61702206,0.876048637
GOBP_VASCULAR_PROCESS_IN_CIRCULATORY_SYSTEM,Vascular Process in Circulatory System,GO_BP,1.4043846,0.0711294593,1.32647719,0.138402842,1.07604892,0.780552026,False,shared_heat,1.36475591,1.36259183
GOBP_VASCULAR_TRANSPORT,Vascular Transport,GO_BP,-1.00937936,0.532837801,-1.09474466,0.441925906,1.61596859,0.190646781,False,shared_heat,-1.07846021,1.63076494
GOBP_VASCULATURE_DEVELOPMENT,Vasculature Development,GO_BP,1.61060374,0.000399032224,1.53690274,0.00147823892,1.03608058,0.809773816,False,shared_heat,1.55160783,1.25724778
GOBP_VASCULOGENESIS,Vasculogenesis,GO_BP,1.1703768,0.354515085,1.10141161,0.439365796,0.796883853,0.985926477,False,shared_heat,1.12804583,0.726978719
GOBP_VASOCONSTRICTION,Vasoconstriction,GO_BP,1.6547695,0.0530284434,1.59838736,0.0861665565,-0.869530493,0.950156705,False,shared_heat,1.67390745,1.29464296
GOBP_VASODILATION,Vasodilation,GO_BP,1.54623922,0.0899044552,1.50981092,0.129098005,1.12398558,0.772099086,False,shared_heat,1.54159945,-1.13424112
GOBP_VENTRICULAR_CARDIAC_MUSCLE_TISSUE_DEVELOPMENT,Ventricular Cardiac Muscle Tissue Development,GO_BP,1.42152117,0.159073039,1.2880614,0.281774619,1.56038491,0.307089105,False,shared_heat,1.36741439,-0.994055368
GOBP_VENTRICULAR_CARDIAC_MUSCLE_TISSUE_MORPHOGENESIS,Ventricular Cardiac Muscle Tissue Morphogenesis,GO_BP,1.34218518,0.220680567,1.2293922,0.343048933,1.43175718,0.437763391,False,shared_heat,1.26764996,-1.1092516
GOBP_VENTRICULAR_SEPTUM_DEVELOPMENT,Ventricular Septum Development,GO_BP,1.49429158,0.112419126,1.38190654,0.20741677,1.03962718,0.839590835,False,shared_heat,1.36950781,1.20087703
GOBP_VENTRICULAR_SEPTUM_MORPHOGENESIS,Ventricular Septum Morphogenesis,GO_BP,1.58414707,0.0842346947,1.62524612,0.0811857276,1.31938759,0.567190143,False,shared_heat,1.600234,0.975934731
GOBP_VERY_LONG_CHAIN_FATTY_ACID_METABOLIC_PROCESS,Very Long Chain Fatty Acid Metabolic Process,GO_BP,-1.89988133,0.00778092524,-1.99752901,0.00341173727,1.02704035,0.844399056,False,shared_heat,-2.00397166,-0.927544499
GOBP_VESICLE_BUDDING_FROM_MEMBRANE,Vesicle Budding from Membrane,GO_BP,1.37941606,0.190520847,1.00260022,0.549289723,1.28573797,0.592109871,False,shared_heat,1.24894047,1.27574257
GOBP_VESICLE_CYTOSKELETAL_TRAFFICKING,Vesicle Cytoskeletal Trafficking,GO_BP,1.08860707,0.463867943,0.958725657,0.599939401,0.927909785,0.907191457,False,shared_heat,1.03050673,1.22336332
GOBP_VESICLE_DOCKING,Vesicle Docking,GO_BP,1.04457978,0.499785752,1.12179117,0.437756134,0.409064149,0.999948662,False,shared_heat,1.08388819,-0.710885263
GOBP_VESICLE_LOCALIZATION,Vesicle Localization,GO_BP,1.09245072,0.417372268,1.02884068,0.508986162,1.30067391,0.490866431,False,shared_heat,1.05255412,1.2492232
GOBP_VESICLE_MEDIATED_TRANSPORT_IN_SYNAPSE,Vesicle Mediated Transport in Synapse,GO_BP,0.918397013,0.680633067,0.795420328,0.883585719,1.25869384,0.524637188,False,shared_heat,0.86413535,-0.936624981
GOBP_VESICLE_MEDIATED_TRANSPORT_TO_THE_PLASMA_MEMBRANE,Vesicle Mediated Transport to the Plasma Membrane,GO_BP,1.27228145,0.252122075,1.34156471,0.218193636,-1.13691799,0.731850238,False,shared_heat,1.32194173,1.21165889
GOBP_VESICLE_ORGANIZATION,Vesicle Organization,GO_BP,1.25253149,0.188931352,1.15977144,0.319131834,1.10781293,0.730616091,False,shared_heat,1.24202024,-1.11825915
GOBP_VESICLE_TARGETING,Vesicle Targeting,GO_BP,-0.936685313,0.620016007,-1.09737713,0.465142972,0.947965101,0.896776534,False,shared_heat,-0.897836384,0.917661917
GOBP_VIRAL_GENE_EXPRESSION,Viral Gene Expression,GO_BP,-1.1070505,0.431825095,-1.02956637,0.522067394,1.25087945,0.625502635,False,shared_heat,-1.08556529,1.0549131
GOBP_VIRAL_GENOME_REPLICATION,Viral Genome Replication,GO_BP,1.2533745,0.247261863,-0.986537549,0.569419343,2.45001078,1.76741165e-06,True,sign_reversal,0.830482252,2.60585854
GOBP_VIRAL_LIFE_CYCLE,Viral Life Cycle,GO_BP,1.85174888,0.000243309713,1.61034298,0.0135417569,2.15805048,3.45933527e-06,True,cGAS_amplified,1.68719821,2.23647724
GOBP_VIRAL_PROCESS,Viral Process,GO_BP,1.73441854,0.000719370818,1.4232737,0.0473109017,2.18283134,7.69855548e-07,True,cGAS_amplified,1.54983368,2.27495541
GOBP_VISUAL_BEHAVIOR,Visual Behavior,GO_BP,-1.25307227,0.311433263,-1.31724101,0.281352124,0.849864441,0.950156705,False,shared_heat,-1.28193848,1.11451639
GOBP_VITAMIN_TRANSPORT,Vitamin Transport,GO_BP,-1.20499825,0.347167955,-1.22406182,0.35367557,1.34034318,0.526386676,False,shared_heat,-1.26312818,-1.13084414
GOBP_WNT_SIGNALING_PATHWAY,Wnt Signaling Pathway,GO_BP,1.39935976,0.0636537303,1.23573404,0.20645465,1.49447114,0.156313989,False,shared_heat,1.3147968,1.21186883
GOBP_WNT_SIGNALING_PATHWAY_PLANAR_CELL_POLARITY_PATHWAY,Wnt Signaling Pathway Planar Cell Polarity Pathway,GO_BP,-1.25378438,0.313721486,-1.26789024,0.327564095,0.776970714,0.980529725,False,shared_heat,-1.22374405,-1.0172653
GOBP_WOUND_HEALING,Wound Healing,GO_BP,2.02216095,1.4518306e-06,1.90820269,2.92486826e-05,1.28573625,0.390979862,False,shared_heat,1.90828396,1.17719257
GOBP_WOUND_HEALING_SPREADING_OF_EPIDERMAL_CELLS,Wound Healing Spreading of Epidermal Cells,GO_BP,1.90858832,0.00807539877,1.90745301,0.0118275436,-0.977923439,0.876336058,False,shared_heat,1.89927388,1.05562621
GOBP_XENOBIOTIC_METABOLIC_PROCESS,Xenobiotic Metabolic Process,GO_BP,-1.10974142,0.416921284,-1.20290074,0.341539519,0.957124125,0.896633964,False,shared_heat,-1.15692382,-0.892117047
GOBP_XENOBIOTIC_TRANSPORT,Xenobiotic Transport,GO_BP,-1.48916948,0.122365801,-1.52561133,0.123202945,1.27550894,0.604955603,False,shared_heat,-1.50151485,1.19367646
GOBP_ZYMOGEN_ACTIVATION,Zymogen Activation,GO_BP,1.82644464,0.0147393231,1.86167448,0.0161030468,-0.905100422,0.931818067,False,shared_heat,1.83659689,0.618310238
GOCC_9PLUS0_NON_MOTILE_CILIUM,9plus0 Non Motile Cilium,GO_CC,1.29207435,0.298175433,1.46336921,0.175838441,-0.872075555,0.91054941,False,shared_heat,1.43568727,0.928307079
GOCC_9PLUS2_MOTILE_CILIUM,9plus2 Motile Cilium,GO_CC,-0.798732006,0.848484655,-0.707870195,0.934299718,-0.919232736,0.877872085,False,shared_heat,-0.733399139,-0.841603277
GOCC_ACETYLTRANSFERASE_COMPLEX,Acetyltransferase Complex,GO_CC,-0.891156655,0.720974681,-0.872965828,0.749681839,-0.706754218,0.99087825,False,shared_heat,-0.949055962,0.942015154
GOCC_ACROSOMAL_VESICLE,Acrosomal Vesicle,GO_CC,-0.909513388,0.693881378,-1.10346446,0.48802693,1.21698084,0.578102274,False,shared_heat,-1.03808475,-0.722360135
GOCC_ACTIN_BASED_CELL_PROJECTION,Actin Based Cell Projection,GO_CC,1.42860401,0.111492208,1.38193237,0.158402856,-0.825255578,0.990284456,False,shared_heat,1.42434192,1.33612975
GOCC_ACTIN_CYTOSKELETON,Actin Cytoskeleton,GO_CC,1.25964588,0.159458601,1.13232489,0.352851358,1.21693715,0.440122176,False,shared_heat,1.1696871,0.977461013
GOCC_ACTIN_FILAMENT,Actin Filament,GO_CC,1.19461729,0.360803715,1.13820414,0.417785092,1.08194434,0.704167139,False,shared_heat,1.16676691,0.985017362
GOCC_ACTIN_FILAMENT_BUNDLE,Actin Filament Bundle,GO_CC,1.18049582,0.368555389,1.05553825,0.526658279,1.17293649,0.591901979,False,shared_heat,1.05939151,0.877670256
GOCC_ACTOMYOSIN,Actomyosin,GO_CC,1.11165858,0.456154727,1.04357345,0.537480952,0.997286682,0.773210031,False,shared_heat,1.03145778,1.15520266
GOCC_ADHERENS_JUNCTION,Adherens Junction,GO_CC,1.24538184,0.266405419,1.25360092,0.27527839,1.18126974,0.572929865,False,shared_heat,1.27798196,0.939060708
GOCC_ANCHORING_JUNCTION,Anchoring Junction,GO_CC,1.79666239,1.9450767e-06,1.70573319,1.66736583e-05,1.1294282,0.541284567,False,shared_heat,1.77178962,-1.13250596
GOCC_APICAL_JUNCTION_COMPLEX,Apical Junction Complex,GO_CC,1.50841898,0.0958983715,1.571745,0.0751973429,0.744106115,0.99087825,False,shared_heat,1.55450082,0.856750391
GOCC_APICAL_PART_OF_CELL,Apical Part of Cell,GO_CC,1.28272767,0.139259513,1.22183135,0.227271925,0.936252488,0.901474639,False,shared_heat,1.24385836,1.03441356
GOCC_APICAL_PLASMA_MEMBRANE,Apical Plasma Membrane,GO_CC,1.14216078,0.354817526,-1.18130264,0.328275498,1.03661584,0.752166364,False,shared_heat,-1.1668543,-0.967373953
GOCC_ATPASE_COMPLEX,Atpase Complex,GO_CC,-0.781776113,0.878902216,-0.744064644,0.910600309,-0.971575501,0.807668032,False,shared_heat,-0.782168403,-1.1345671
GOCC_ATPASE_DEPENDENT_TRANSMEMBRANE_TRANSPORT_COMPLEX,Atpase Dependent Transmembrane Transport Complex,GO_CC,-1.68382362,0.0553407939,-1.75308984,0.0334213105,0.869973395,0.91054941,False,shared_heat,-1.71371673,-1.36996366
GOCC_AUTOPHAGOSOME,Autophagosome,GO_CC,-1.30027253,0.298065521,-1.32600267,0.297343595,-1.28467239,0.531021054,False,shared_heat,-1.39776028,-1.58242986
GOCC_AXON,Axon,GO_CC,1.52384433,0.0143537013,1.42980086,0.0412055406,0.941775063,0.88847142,False,shared_heat,1.45360868,1.52253853
GOCC_AXONEME,Axoneme,GO_CC,0.978741113,0.626574334,-0.855940877,0.749681839,1.05899138,0.752166364,False,shared_heat,0.790151627,0.889079492
GOCC_AXON_CYTOPLASM,Axon Cytoplasm,GO_CC,1.1577776,0.432360143,1.16174115,0.424563859,0.483090672,0.999396798,False,shared_heat,1.17062598,1.57073373
GOCC_AZUROPHIL_GRANULE,Azurophil Granule,GO_CC,1.45690626,0.1098081239999999,1.41755381,0.149055528,1.21307566,0.567064342,False,shared_heat,1.39335203,-1.16493505
GOCC_AZUROPHIL_GRANULE_LUMEN,Azurophil Granule Lumen,GO_CC,1.46916587,0.139259513,1.42450325,0.189409831,1.01256761,0.771039945,False,shared_heat,1.36778736,-0.7993094
GOCC_AZUROPHIL_GRANULE_MEMBRANE,Azurophil Granule Membrane,GO_CC,1.12287189,0.469201248,0.955262442,0.651691757,1.15074051,0.651777849,False,shared_heat,0.997170146,-1.06445337
GOCC_BASAL_PART_OF_CELL,Basal Part of Cell,GO_CC,1.28962941,0.164438152,1.16128296,0.338394481,1.21536064,0.501525366,False,shared_heat,1.23959807,1.2173754
GOCC_BASEMENT_MEMBRANE,Basement Membrane,GO_CC,1.64263179,0.0553407939,1.87965239,0.010009427,-1.32115624,0.440122176,False,shared_heat,1.6927549,1.50633952
GOCC_BASOLATERAL_PLASMA_MEMBRANE,Basolateral Plasma Membrane,GO_CC,1.33562541,0.149441446,1.18798544,0.328275498,1.19418715,0.559929804,False,shared_heat,1.27134715,1.30473211
GOCC_BLOOD_MICROPARTICLE,Blood Microparticle,GO_CC,2.08194348,0.00078047977,1.87094341,0.0114747546,1.2455088,0.567064342,False,shared_heat,2.00283039,-0.966539488
GOCC_BRUSH_BORDER,Brush Border,GO_CC,-1.1546015,0.406806308,-1.14879367,0.417785092,-0.738717128,0.99087825,False,shared_heat,-1.2065301,0.820630869
GOCC_BRUSH_BORDER_MEMBRANE,Brush Border Membrane,GO_CC,-1.55481286,0.114000484,-1.45398704,0.203498613,-0.865111144,0.91054941,False,shared_heat,-1.54873616,-0.910854148
GOCC_CALCIUM_CHANNEL_COMPLEX,Calcium Channel Complex,GO_CC,-0.786408399,0.829700878,-0.645167092,0.941462711,1.0002308,0.773210031,False,shared_heat,-0.74862776,-0.680903509
GOCC_CATALYTIC_STEP_1_SPLICEOSOME,Catalytic Step 1 Spliceosome,GO_CC,-0.761993652,0.848484655,0.836466927,0.764956892,-1.48599416,0.376853647,False,shared_heat,0.685212808,-1.26672959
GOCC_CATALYTIC_STEP_2_SPLICEOSOME,Catalytic Step 2 Spliceosome,GO_CC,-0.711951099,0.922544586,0.854788699,0.770135596,-1.48550494,0.304398822,False,shared_heat,0.624388138,-0.796288006
GOCC_CATION_CHANNEL_COMPLEX,Cation Channel Complex,GO_CC,-1.04431513,0.533632662,-0.96356145,0.651691757,-0.746199517,0.99087825,False,shared_heat,-1.00286988,-1.51563379
GOCC_CAVEOLA,Caveola,GO_CC,1.34978971,0.219363652,1.20457077,0.37268249,0.627710637,0.99780859,False,shared_heat,1.3036232,0.861201409
GOCC_CELL_BODY,Cell Body,GO_CC,1.07406183,0.444555758,-0.964664319,0.653825729,1.05889664,0.703898813,False,shared_heat,1.0238173,1.14684352
GOCC_CELL_CELL_CONTACT_ZONE,Cell Cell Contact Zone,GO_CC,1.51182916,0.112139682,1.45432135,0.16736752,1.13543172,0.651777849,False,shared_heat,1.48683869,-0.944399861
GOCC_CELL_CELL_JUNCTION,Cell Cell Junction,GO_CC,1.60449886,0.00484036229,1.5464328,0.010009427,1.08490455,0.651777849,False,shared_heat,1.60095482,-0.78857734
GOCC_CELL_CORTEX,Cell Cortex,GO_CC,1.55945038,0.0256741103,1.42962517,0.0751973429,1.15125917,0.578102274,False,shared_heat,1.43235214,0.962838276
GOCC_CELL_DIVISION_SITE,Cell Division Site,GO_CC,-0.934900326,0.66059411,-0.945189134,0.651691757,0.66469024,0.99087825,False,shared_heat,-0.962683913,-0.621770309
GOCC_CELL_LEADING_EDGE,Cell Leading Edge,GO_CC,1.71470226,0.0015111614,1.59892214,0.00982449982,0.948324591,0.877872085,False,shared_heat,1.63314493,-1.11492755
GOCC_CELL_PROJECTION_MEMBRANE,Cell Projection Membrane,GO_CC,1.80626716,0.00275374163,1.71208483,0.00807622373,-0.901847561,0.915568678,False,shared_heat,1.73738627,1.04837572
GOCC_CELL_SUBSTRATE_JUNCTION,Cell Substrate Junction,GO_CC,1.94801485,1.9450767e-06,1.80804002,8.76747967e-05,1.1253272,0.578102274,False,shared_heat,1.89003004,-1.18329916
GOCC_CELL_SURFACE,Cell Surface,GO_CC,1.94436939,3.6959539e-08,1.89558253,3.98691585e-08,1.28336857,0.240876027,False,shared_heat,1.91160142,0.909373938
GOCC_CENTRIOLAR_SATELLITE,Centriolar Satellite,GO_CC,-0.862446054,0.74571657,1.01453894,0.585823491,-1.61928624,0.236934666,False,shared_heat,0.895302802,-1.19403969
GOCC_CENTRIOLE,Centriole,GO_CC,1.18366785,0.368555389,1.29987515,0.278066757,-1.06786902,0.726908409,False,shared_heat,1.23227312,1.44209187
GOCC_CENTROSOME,Centrosome,GO_CC,1.27554367,0.139259513,1.18566036,0.273714008,1.12267176,0.578102274,False,shared_heat,1.22715606,1.14576836
GOCC_CHROMATIN,Chromatin,GO_CC,1.57942715,0.000522409939,1.52319042,0.00169407994,1.06796775,0.651777849,False,shared_heat,1.54663425,1.29560411
GOCC_CHROMOSOMAL_REGION,Chromosomal Region,GO_CC,0.975197671,0.64238607,1.15281327,0.335285481,-1.34254328,0.2538918,False,shared_heat,1.05728457,0.987235785
GOCC_CHROMOSOME_CENTROMERIC_REGION,Chromosome Centromeric Region,GO_CC,1.07326389,0.472049564,1.23806105,0.287288409,-0.844495945,0.985777848,False,shared_heat,1.13265158,1.02558178
GOCC_CHROMOSOME_TELOMERIC_REGION,Chromosome Telomeric Region,GO_CC,-0.797063835,0.892612085,0.875918629,0.783192927,-1.78137997,0.0362893816,True,sign_reversal,0.85926833,0.845935072
GOCC_CILIARY_BASAL_BODY,Ciliary Basal Body,GO_CC,-0.844053944,0.821117766,-0.936783644,0.673353355,0.577950217,0.999396798,False,shared_heat,-0.885906869,1.22524319
GOCC_CILIUM,Cilium,GO_CC,1.32204609,0.114000484,1.32685861,0.135939833,0.735484346,0.99780859,False,shared_heat,1.32474258,1.21843907
GOCC_CIS_GOLGI_NETWORK,Cis Golgi Network,GO_CC,1.12133411,0.472049564,1.30725682,0.328275498,-0.711749744,0.99087825,False,shared_heat,1.21212312,1.24653994
GOCC_CLATHRIN_COATED_ENDOCYTIC_VESICLE,Clathrin Coated Endocytic Vesicle,GO_CC,0.953463562,0.660180527,-0.899572838,0.727362573,1.16109054,0.614928324,False,shared_heat,-0.870969274,-1.46452065
GOCC_CLATHRIN_COATED_ENDOCYTIC_VESICLE_MEMBRANE,Clathrin Coated Endocytic Vesicle Membrane,GO_CC,1.13976396,0.432360143,0.962002277,0.650015515,0.990692677,0.773210031,False,shared_heat,1.06885894,-1.70973002
GOCC_CLATHRIN_COATED_PIT,Clathrin Coated Pit,GO_CC,1.3777457,0.203254642,1.23399254,0.352851358,1.54970927,0.253085125,False,shared_heat,1.21939002,0.953133101
GOCC_CLATHRIN_COATED_VESICLE,Clathrin Coated Vesicle,GO_CC,-0.983181188,0.626574334,-1.10134722,0.449194092,1.35365021,0.376853647,False,shared_heat,-1.0422123,-1.40786
GOCC_CLATHRIN_COATED_VESICLE_MEMBRANE,Clathrin Coated Vesicle Membrane,GO_CC,1.06568357,0.492409809,-0.811267863,0.861966196,1.3211866,0.414570705,False,shared_heat,0.978424066,-1.56257504
GOCC_CLEAVAGE_FURROW,Cleavage Furrow,GO_CC,0.940439757,0.66059411,-0.893171237,0.712265345,-0.939779164,0.831751039,False,shared_heat,-0.904732438,0.684290568
GOCC_CLUSTER_OF_ACTIN_BASED_CELL_PROJECTIONS,Cluster of Actin Based Cell Projections,GO_CC,-1.0439964,0.533632662,-1.07796292,0.501108134,0.85418067,0.936647834,False,shared_heat,-1.10518683,0.959808865
GOCC_COATED_VESICLE,Coated Vesicle,GO_CC,1.00558602,0.593550777,-1.04395334,0.526658279,1.46535285,0.213680177,False,shared_heat,0.998192457,-1.12821834
GOCC_COATED_VESICLE_MEMBRANE,Coated Vesicle Membrane,GO_CC,1.01302024,0.58008419,-0.911881888,0.734491718,1.42720609,0.2538918,False,shared_heat,0.94476907,-1.20013389
GOCC_COLLAGEN_TRIMER,Collagen Trimer,GO_CC,0.386881319,0.999630405,0.522875283,0.989690449,-1.20999511,0.591901979,False,shared_heat,0.363095713,0.962668758
GOCC_CONDENSED_CHROMOSOME,Condensed Chromosome,GO_CC,0.970792911,0.64238607,1.15368863,0.36782915,-1.12392321,0.600106696,False,shared_heat,1.08092744,0.992076703
GOCC_CONDENSED_CHROMOSOME_CENTROMERIC_REGION,Condensed Chromosome Centromeric Region,GO_CC,1.17722278,0.361475302,1.25068545,0.297385929,0.803116069,0.990284456,False,shared_heat,1.26262374,1.03867546
GOCC_CONDENSED_NUCLEAR_CHROMOSOME,Condensed Nuclear Chromosome,GO_CC,-1.04517027,0.53741301,-0.951873729,0.651691757,-1.36700865,0.393679147,False,shared_heat,-0.998934469,0.777261586
GOCC_CONTRACTILE_MUSCLE_FIBER,Contractile Muscle Fiber,GO_CC,1.4014667,0.105003849,1.52344778,0.0481335044,-0.624890443,0.999396798,False,shared_heat,1.39996726,1.0512834
GOCC_COPII_COATED_ER_TO_GOLGI_TRANSPORT_VESICLE,Copii Coated ER to Golgi Transport Vesicle,GO_CC,1.11439036,0.457028347,0.986958376,0.617991272,1.37889218,0.394137051,False,shared_heat,1.02293633,0.814323045
GOCC_CORTICAL_ACTIN_CYTOSKELETON,Cortical Actin Cytoskeleton,GO_CC,-1.07729353,0.491913889,-1.03053805,0.566889632,-0.765666505,0.99087825,False,shared_heat,-1.04120976,0.892570987
GOCC_CORTICAL_CYTOSKELETON,Cortical Cytoskeleton,GO_CC,1.18463312,0.360803715,1.15490285,0.400361195,-0.697654527,0.99087825,False,shared_heat,1.16288971,1.00101906
GOCC_CULLIN_RING_UBIQUITIN_LIGASE_COMPLEX,Cullin Ring Ubiquitin Ligase Complex,GO_CC,-1.4782482,0.109990785,-1.3312031,0.259346694,0.902422504,0.901474639,False,shared_heat,-1.38797018,0.640355502
GOCC_CYCLIN_DEPENDENT_PROTEIN_KINASE_HOLOENZYME_COMPLEX,Cyclin Dependent Protein Kinase Holoenzyme Complex,GO_CC,0.939754668,0.66059411,1.19419707,0.389581059,-1.60673675,0.213680177,False,shared_heat,1.01622386,-1.19712455
GOCC_CYTOCHROME_COMPLEX,Cytochrome Complex,GO_CC,-0.815064949,0.819297889,-0.619043754,0.972754031,-1.12138355,0.666452373,False,shared_heat,-0.68675153,-1.64449177
GOCC_CYTOPLASMIC_MICROTUBULE,Cytoplasmic Microtubule,GO_CC,0.992321893,0.617200582,0.875508349,0.748344531,1.13418996,0.651777849,False,shared_heat,0.951499827,1.31734545
GOCC_CYTOPLASMIC_REGION,Cytoplasmic Region,GO_CC,1.13403882,0.4168045,1.00450267,0.594526057,1.02519498,0.759316674,False,shared_heat,1.06190211,1.3509484
GOCC_CYTOPLASMIC_RIBONUCLEOPROTEIN_GRANULE,Cytoplasmic Ribonucleoprotein Granule,GO_CC,1.097358,0.444555758,-0.9805496,0.637115467,1.62786334,0.133532486,False,shared_heat,1.06917104,1.94040918
GOCC_CYTOPLASMIC_SIDE_OF_MEMBRANE,Cytoplasmic Side of Membrane,GO_CC,-1.26560561,0.249309962,-1.2463361,0.297078241,1.11839574,0.651777849,False,shared_heat,-1.22781795,-1.22100769
GOCC_CYTOPLASMIC_SIDE_OF_PLASMA_MEMBRANE,Cytoplasmic Side of Plasma Membrane,GO_CC,-1.48971396,0.0930720284,-1.42162118,0.146433058,0.695179922,0.99087825,False,shared_heat,-1.42179335,-1.28580434
GOCC_CYTOPLASMIC_STRESS_GRANULE,Cytoplasmic Stress Granule,GO_CC,1.03642223,0.550555687,1.08387158,0.501108134,1.13972694,0.651777849,False,shared_heat,1.07647054,1.35111369
GOCC_CYTOSOLIC_REGION,Cytosolic Region,GO_CC,1.10756096,0.478750817,1.29534617,0.328275498,-0.815965653,0.94549652,False,shared_heat,1.17472512,0.791014415
GOCC_CYTOSOLIC_RIBOSOME,Cytosolic Ribosome,GO_CC,1.00182192,0.606430363,0.776943611,0.869418208,1.49503744,0.311458425,False,shared_heat,0.759402505,-1.56659832
GOCC_DENDRITIC_TREE,Dendritic Tree,GO_CC,1.29523987,0.124302598,1.08748557,0.414370413,1.28972122,0.355696314,False,shared_heat,1.21083019,1.46395407
GOCC_DISTAL_AXON,Distal Axon,GO_CC,1.41266482,0.106402062,1.27340069,0.249117853,0.882791118,0.915568678,False,shared_heat,1.34485616,1.0495343
GOCC_EARLY_ENDOSOME,Early Endosome,GO_CC,-1.1711729,0.324660117,-1.35650371,0.139515171,1.37210632,0.259793525,False,shared_heat,-1.23354373,1.10879406
GOCC_EARLY_ENDOSOME_MEMBRANE,Early Endosome Membrane,GO_CC,1.04571074,0.523665649,0.946798204,0.664647876,1.20426193,0.567064342,False,shared_heat,0.987910717,1.27678063
GOCC_ENDOCYTIC_VESICLE,Endocytic Vesicle,GO_CC,1.44222346,0.0544205393,1.40883746,0.0697735652,1.11130523,0.607791267,False,shared_heat,1.39748792,-0.976196942
GOCC_ENDOCYTIC_VESICLE_MEMBRANE,Endocytic Vesicle Membrane,GO_CC,-1.18680838,0.326616295,-1.32820131,0.184406732,1.14618453,0.591901979,False,shared_heat,-1.29495068,-1.3961237
GOCC_ENDOLYSOSOME,Endolysosome,GO_CC,-0.85420272,0.749773313,-1.18967644,0.414370413,0.950911857,0.818379469,False,shared_heat,-0.988922272,0.858910489
GOCC_ENDOPEPTIDASE_COMPLEX,Endopeptidase Complex,GO_CC,-1.03121635,0.550555687,-0.956929925,0.651691757,1.00366458,0.772397588,False,shared_heat,-1.00510777,-1.14634134
GOCC_ENDOPLASMIC_RETICULUM_GOLGI_INTERMEDIATE_COMPARTMENT,Endoplasmic Reticulum Golgi Intermediate Compartment,GO_CC,1.43403791,0.139259513,1.30436583,0.275740557,1.26785412,0.52143185,False,shared_heat,1.35217374,-1.2872521
GOCC_ENDOPLASMIC_RETICULUM_GOLGI_INTERMEDIATE_COMPARTMENT_MEMBRANE,Endoplasmic Reticulum Golgi Intermediate Compartment Membrane,GO_CC,1.19469128,0.370230939,1.17266283,0.400361195,1.287468,0.521712196,False,shared_heat,1.1362262,-1.36848778
GOCC_ENDOPLASMIC_RETICULUM_LUMEN,Endoplasmic Reticulum Lumen,GO_CC,2.20523465,6.58953547e-07,2.15026336,6.81059791e-06,-0.928586916,0.901474639,False,shared_heat,2.17555463,-1.00401017
GOCC_ENDOPLASMIC_RETICULUM_PROTEIN_CONTAINING_COMPLEX,Endoplasmic Reticulum Protein Containing Complex,GO_CC,1.34126997,0.204000102,1.15291695,0.400361195,1.02355958,0.759316674,False,shared_heat,1.32026212,-0.914203018
GOCC_ENDOSOME,Endosome,GO_CC,-1.32422725,0.0664095286,-1.50514495,0.0097105023,1.32991114,0.213680177,False,shared_heat,-1.39561781,1.13360096
GOCC_ENDOSOME_LUMEN,Endosome Lumen,GO_CC,0.991880114,0.617200582,0.815273146,0.79950457,-0.794881714,0.973674407,False,shared_heat,0.908965964,-1.18411679
GOCC_ENDOSOME_MEMBRANE,Endosome Membrane,GO_CC,-1.13331985,0.354817526,-1.31440332,0.140098854,1.33903233,0.2538918,False,shared_heat,-1.21191224,1.09771156
GOCC_ER_TO_GOLGI_TRANSPORT_VESICLE_MEMBRANE,ER to Golgi Transport Vesicle Membrane,GO_CC,0.719284945,0.906882256,-1.00622206,0.597986564,1.39598776,0.399325201,False,shared_heat,-0.843824499,0.901112323
GOCC_EUCHROMATIN,Euchromatin,GO_CC,-0.872347626,0.732916879,-0.761492122,0.869418208,0.623656481,0.99087825,False,shared_heat,-0.832208232,1.22611064
GOCC_EXCITATORY_SYNAPSE,Excitatory Synapse,GO_CC,1.77855358,0.0387605129,1.84026586,0.0219872094,1.25750184,0.572929865,False,shared_heat,1.78359193,1.7546238
GOCC_EXOCYTIC_VESICLE,Exocytic Vesicle,GO_CC,-0.95325245,0.66059411,-0.991412905,0.617991272,1.31040409,0.384764935,False,shared_heat,-0.985533462,-1.4802332
GOCC_EXORIBONUCLEASE_COMPLEX,Exoribonuclease Complex,GO_CC,-0.626654483,0.94798755,-0.730577218,0.876031727,1.07514233,0.745835533,False,shared_heat,-0.731039226,0.844085022
GOCC_EXTERNAL_ENCAPSULATING_STRUCTURE,External Encapsulating Structure,GO_CC,2.20788406,1.14903937e-07,2.31992103,4.44097074e-09,-1.11444721,0.591901979,False,shared_heat,2.23478385,1.27475794
GOCC_EXTERNAL_SIDE_OF_PLASMA_MEMBRANE,External Side of Plasma Membrane,GO_CC,1.50524785,0.0281886634,1.41210574,0.0677392176,1.26330189,0.384764935,False,shared_heat,1.47717384,-0.925776958
GOCC_EXTRINSIC_COMPONENT_OF_CYTOPLASMIC_SIDE_OF_PLASMA_MEMBRANE,Extrinsic Component of Cytoplasmic Side of Plasma Membrane,GO_CC,-0.982173297,0.626574334,-1.08573698,0.524362436,0.624032222,0.99087825,False,shared_heat,-1.01365116,-1.08500064
GOCC_EXTRINSIC_COMPONENT_OF_MEMBRANE,Extrinsic Component of Membrane,GO_CC,-1.17363882,0.368555389,-1.28965062,0.278066757,1.2206478,0.563731318,False,shared_heat,-1.25085914,-0.952078816
GOCC_EXTRINSIC_COMPONENT_OF_PLASMA_MEMBRANE,Extrinsic Component of Plasma Membrane,GO_CC,-0.894682214,0.720974681,-1.06292119,0.526658279,1.27368753,0.527587226,False,shared_heat,-0.946723339,0.902367359
GOCC_FIBRILLAR_CENTER,Fibrillar Center,GO_CC,1.24984221,0.324660117,1.180248,0.400361195,1.12979557,0.654711691,False,shared_heat,1.23557023,-1.17417789
GOCC_FICOLIN_1_RICH_GRANULE,Ficolin 1 Rich Granule,GO_CC,1.15338497,0.368120174,1.13679621,0.400361195,-0.865425993,0.963244378,False,shared_heat,1.12272561,-1.27275661
GOCC_FICOLIN_1_RICH_GRANULE_LUMEN,Ficolin 1 Rich Granule Lumen,GO_CC,0.785791096,0.905101426,0.8080986,0.878445747,-0.714845875,0.99087825,False,shared_heat,0.763353281,-0.98979491
GOCC_FICOLIN_1_RICH_GRANULE_MEMBRANE,Ficolin 1 Rich Granule Membrane,GO_CC,1.33196399,0.27762802,1.24706936,0.365816963,-0.908307724,0.877872085,False,shared_heat,1.26848129,-1.60177102
GOCC_FILOPODIUM,Filopodium,GO_CC,1.13158498,0.432360143,1.16846882,0.400361195,-0.819395419,0.973674407,False,shared_heat,1.17785754,1.61144347
GOCC_GABA_ERGIC_SYNAPSE,Gaba Ergic Synapse,GO_CC,0.985775709,0.619783378,0.732121688,0.892295987,1.06806388,0.745835533,False,shared_heat,0.835322525,1.32785878
GOCC_GLIAL_CELL_PROJECTION,Glial Cell Projection,GO_CC,0.708509014,0.892612085,-0.778582533,0.838127596,0.718215492,0.99087825,False,shared_heat,-0.751273906,0.832110097
GOCC_GLUTAMATERGIC_SYNAPSE,Glutamatergic Synapse,GO_CC,1.42504722,0.0544205393,1.38505195,0.0751973429,1.03302453,0.752166364,False,shared_heat,1.41995964,1.31171181
GOCC_GOLGI_APPARATUS,Golgi Apparatus,GO_CC,1.58985161,0.000137294969,1.45671692,0.0052866564,1.37059768,0.133532486,False,shared_heat,1.51621881,1.19926153
GOCC_GOLGI_APPARATUS_SUBCOMPARTMENT,Golgi Apparatus Subcompartment,GO_CC,1.07628139,0.462021743,-1.13329333,0.400361195,1.35768028,0.311458425,False,shared_heat,-1.04256043,1.16142161
GOCC_GOLGI_ASSOCIATED_VESICLE,Golgi Associated Vesicle,GO_CC,1.07729543,0.496090108,0.842569167,0.781638681,1.37018311,0.414570705,False,shared_heat,1.04642846,1.41979901
GOCC_GOLGI_ASSOCIATED_VESICLE_MEMBRANE,Golgi Associated Vesicle Membrane,GO_CC,0.96853896,0.633934264,0.666145171,0.934299718,1.33763194,0.503779778,False,shared_heat,0.858275129,1.01326112
GOCC_GOLGI_CISTERNA,Golgi Cisterna,GO_CC,1.08387222,0.489500941,1.01105286,0.585823491,1.03354044,0.759316674,False,shared_heat,1.02450503,1.3332274
GOCC_GOLGI_CISTERNA_MEMBRANE,Golgi Cisterna Membrane,GO_CC,1.01154261,0.593550777,0.945532505,0.651691757,1.12034719,0.684818117,False,shared_heat,0.954987627,1.1057971
GOCC_GOLGI_LUMEN,Golgi Lumen,GO_CC,1.67146922,0.0553407939,1.5521703,0.113651095,-0.696459841,0.99087825,False,shared_heat,1.56155716,1.63847893
GOCC_GOLGI_MEMBRANE,Golgi Membrane,GO_CC,1.22564643,0.183578005,-1.02653487,0.54117602,1.40540247,0.199523898,False,shared_heat,1.18612984,0.960481972
GOCC_GOLGI_STACK,Golgi Stack,GO_CC,1.18987207,0.368555389,1.04595135,0.537480952,1.31966537,0.448401908,False,shared_heat,1.09970146,1.44987978
GOCC_GTPASE_COMPLEX,Gtpase Complex,GO_CC,-0.950398054,0.656708941,-1.1039178,0.503082775,0.957165495,0.815486882,False,shared_heat,-1.00208958,-1.14762296
GOCC_HETEROCHROMATIN,Heterochromatin,GO_CC,0.939056982,0.66059411,1.01652124,0.57987283,-1.17799715,0.591901979,False,shared_heat,0.976017439,0.947813358
GOCC_HISTONE_ACETYLTRANSFERASE_COMPLEX,Histone Acetyltransferase Complex,GO_CC,1.15504547,0.432360143,0.910837117,0.688799636,-0.84579189,0.915568678,False,shared_heat,1.0395135,1.22451175
GOCC_HISTONE_DEACETYLASE_COMPLEX,Histone Deacetylase Complex,GO_CC,0.85100509,0.75427958,0.871769827,0.737267055,-1.08070656,0.726908409,False,shared_heat,0.913001396,-1.20343192
GOCC_HISTONE_METHYLTRANSFERASE_COMPLEX,Histone Methyltransferase Complex,GO_CC,1.54019432,0.118559347,1.65166098,0.0831044044,-0.945387303,0.828186304,False,shared_heat,1.63121803,1.20263465
GOCC_IMMUNOLOGICAL_SYNAPSE,Immunological Synapse,GO_CC,1.21965689,0.360803715,1.03089469,0.564335112,1.23986523,0.572929865,False,shared_heat,1.10768879,-1.26263077
GOCC_INCLUSION_BODY,Inclusion Body,GO_CC,0.985657553,0.620084476,0.857547094,0.764458591,0.879013866,0.91054941,False,shared_heat,0.917839626,-0.973496982
GOCC_INNER_MITOCHONDRIAL_MEMBRANE_PROTEIN_COMPLEX,Inner Mitochondrial Membrane Protein Complex,GO_CC,1.0496256,0.547862256,1.05970589,0.537480952,-0.494088642,0.999396798,False,shared_heat,1.03318272,-1.5934681
GOCC_INTEGRIN_COMPLEX,Integrin Complex,GO_CC,1.48049339,0.155650837,1.66368544,0.0797989886,-1.03773073,0.759316674,False,shared_heat,1.55930884,1.09483082
GOCC_INTERCALATED_DISC,Intercalated Disc,GO_CC,1.48140929,0.145963776,1.51088205,0.149055528,1.02812098,0.759316674,False,shared_heat,1.48904751,1.11791965
GOCC_INTERMEDIATE_FILAMENT_CYTOSKELETON,Intermediate Filament Cytoskeleton,GO_CC,-0.791772512,0.835462199,1.0553344,0.537480952,-1.4229343,0.384764935,False,shared_heat,0.867374182,-0.95845729
GOCC_INTRACELLULAR_PROTEIN_CONTAINING_COMPLEX,Intracellular Protein Containing Complex,GO_CC,-1.20016623,0.188919446,-1.14628556,0.320923151,-1.01028947,0.759316674,False,shared_heat,-1.18731869,1.00934788
GOCC_I_BAND,I Band,GO_CC,1.17594463,0.368555389,1.30836725,0.259346694,0.479156776,0.999396798,False,shared_heat,1.19619262,1.19553407
GOCC_KINESIN_COMPLEX,Kinesin Complex,GO_CC,1.34131937,0.270460512,1.16814225,0.418815297,0.705136091,0.99087825,False,shared_heat,1.26406404,1.21327056
GOCC_LAMELLIPODIUM,Lamellipodium,GO_CC,1.49137663,0.0656153487,1.43219093,0.103769059,0.984485836,0.788542952,False,shared_heat,1.45100677,-1.17881299
GOCC_LARGE_RIBOSOMAL_SUBUNIT,Large Ribosomal Subunit,GO_CC,-0.574595771,0.976913729,-0.754251022,0.869418208,1.22695597,0.578102274,False,shared_heat,-0.626926482,-1.85387135
GOCC_LATERAL_PLASMA_MEMBRANE,Lateral Plasma Membrane,GO_CC,1.14095764,0.432360143,1.15173633,0.418815297,0.791029184,0.979256647,False,shared_heat,1.17303869,1.5921552
GOCC_LATE_ENDOSOME,Late Endosome,GO_CC,-1.12766038,0.396342868,-1.1571117,0.379772748,0.727287228,0.99087825,False,shared_heat,-1.11655113,-1.53954496
GOCC_LATE_ENDOSOME_MEMBRANE,Late Endosome Membrane,GO_CC,-0.942914919,0.661954967,-1.07284034,0.504825678,0.929564865,0.877872085,False,shared_heat,-0.947792989,-1.21089353
GOCC_LEADING_EDGE_MEMBRANE,Leading Edge Membrane,GO_CC,2.15882392,2.70169934e-05,2.03472807,0.000500050487,0.774537103,0.99087825,False,shared_heat,2.05964615,-0.993128439
GOCC_LIPID_DROPLET,Lipid Droplet,GO_CC,1.39250803,0.190313413,1.24589634,0.335285481,1.61108022,0.213680177,False,shared_heat,1.27144724,1.21457086
GOCC_LUMENAL_SIDE_OF_ENDOPLASMIC_RETICULUM_MEMBRANE,Lumenal Side of Endoplasmic Reticulum Membrane,GO_CC,-1.37904003,0.249309962,-1.31084767,0.328275498,0.844545269,0.915568678,False,shared_heat,-1.34379411,0.909020768
GOCC_LUMENAL_SIDE_OF_MEMBRANE,Lumenal Side of Membrane,GO_CC,-1.31884205,0.29562542,-1.29259209,0.329936203,0.82510748,0.919222034,False,shared_heat,-1.30727561,0.866141856
GOCC_LYSOSOMAL_LUMEN,Lysosomal Lumen,GO_CC,1.62485527,0.0628295959,1.54289726,0.106974835,0.829526423,0.950587907,False,shared_heat,1.61885609,-0.994298149
GOCC_MAIN_AXON,Main Axon,GO_CC,0.962088988,0.641602842,0.985231069,0.617991272,0.617920144,0.99087825,False,shared_heat,0.946831097,1.12842815
GOCC_MEMBRANE_COAT,Membrane Coat,GO_CC,0.882304169,0.720974681,0.623782962,0.972754031,1.16391692,0.651034348,False,shared_heat,0.840070551,1.01922402
GOCC_MEMBRANE_MICRODOMAIN,Membrane Microdomain,GO_CC,1.55294705,0.0187765649,1.42684045,0.0654296476,1.37271488,0.253085125,False,shared_heat,1.4724627,-1.36291
GOCC_METHYLTRANSFERASE_COMPLEX,Methyltransferase Complex,GO_CC,1.55711171,0.0961134102,1.70789623,0.0438513342,-0.98447141,0.785714105,False,shared_heat,1.66991571,-0.918378512
GOCC_MHC_PROTEIN_COMPLEX,MHC Protein Complex,GO_CC,-1.31099673,0.306697395,-1.39283433,0.267623464,1.14588947,0.666442968,False,shared_heat,-1.32859356,0.844537146
GOCC_MICROBODY,Microbody,GO_CC,-1.79569935,0.002606252,-1.67882351,0.0151508324,0.751696466,0.99087825,False,shared_heat,-1.76104815,-0.953896982
GOCC_MICROBODY_LUMEN,Microbody Lumen,GO_CC,-1.53926646,0.0945316119,-1.41809988,0.184406732,0.738400624,0.99087825,False,shared_heat,-1.54943352,-1.31350772
GOCC_MICROBODY_MEMBRANE,Microbody Membrane,GO_CC,-1.24644935,0.324660117,-1.23736982,0.346259535,0.75425456,0.99087825,False,shared_heat,-1.25751313,-0.814702423
GOCC_MICROTUBULE,Microtubule,GO_CC,1.25672576,0.183578005,1.21150433,0.268025345,0.887615106,0.943038544,False,shared_heat,1.20612868,1.42250664
GOCC_MICROTUBULE_ASSOCIATED_COMPLEX,Microtubule Associated Complex,GO_CC,1.0683015,0.491913889,0.904673274,0.731705464,0.788361423,0.99087825,False,shared_heat,1.00993654,-0.891023189
GOCC_MICROTUBULE_CYTOSKELETON,Microtubule Cytoskeleton,GO_CC,1.32604764,0.0472741381,1.36823705,0.0209311235,0.852478384,0.99087825,False,shared_heat,1.36029012,1.2648067
GOCC_MICROTUBULE_END,Microtubule End,GO_CC,-0.831522959,0.772630749,-1.09409071,0.515304125,0.836944432,0.915568678,False,shared_heat,-0.942926311,0.848911695
GOCC_MICROTUBULE_ORGANIZING_CENTER,Microtubule Organizing Center,GO_CC,1.30999587,0.0945316119,1.26085123,0.146433058,1.05148645,0.704167139,False,shared_heat,1.28873589,1.25375867
GOCC_MICROVILLUS,Microvillus,GO_CC,1.36319538,0.21739309,1.37998485,0.227271925,-1.02969729,0.759316674,False,shared_heat,1.36413178,-0.813712426
GOCC_MIDBODY,Midbody,GO_CC,1.25880674,0.266503602,1.21819507,0.328275498,1.01993241,0.759316674,False,shared_heat,1.28942992,-1.32639655
GOCC_MITOCHONDRIAL_ENVELOPE,Mitochondrial Envelope,GO_CC,0.97302279,0.66059411,-0.942682553,0.734075044,0.858240345,0.99087825,False,shared_heat,-0.941961518,-1.66347346
GOCC_MITOCHONDRIAL_MATRIX,Mitochondrial Matrix,GO_CC,-1.09805834,0.396342868,-1.18288132,0.296419794,0.950295503,0.877872085,False,shared_heat,-1.14489043,-1.37206299
GOCC_MITOCHONDRIAL_PROTEIN_CONTAINING_COMPLEX,Mitochondrial Protein Containing Complex,GO_CC,0.881079151,0.763495381,0.809909804,0.873159043,0.65404495,0.99780859,False,shared_heat,0.865086153,-1.43172167
GOCC_MITOTIC_SPINDLE,Mitotic Spindle,GO_CC,0.851659533,0.828260828,0.744257624,0.953160151,0.813289447,0.990284456,False,shared_heat,0.807911189,0.724480891
GOCC_MITOTIC_SPINDLE_POLE,Mitotic Spindle Pole,GO_CC,-1.32521792,0.281760301,-1.19732837,0.400361195,-0.970841525,0.80107464,False,shared_heat,-1.21783395,0.66809849
GOCC_MONOATOMIC_ION_CHANNEL_COMPLEX,Monoatomic Ion Channel Complex,GO_CC,1.18522352,0.348079213,1.15374852,0.398826836,-0.733409225,0.99087825,False,shared_heat,1.19128513,-1.148869
GOCC_MOTILE_CILIUM,Motile Cilium,GO_CC,0.85688395,0.790335708,0.881999705,0.756293431,-0.78765037,0.99087825,False,shared_heat,0.908599758,-0.90625581
GOCC_MULTIVESICULAR_BODY,Multivesicular Body,GO_CC,1.02656379,0.574553116,1.15473438,0.440354146,-1.22165751,0.578102274,False,shared_heat,1.04344054,1.43791973
GOCC_MYELIN_SHEATH,Myelin Sheath,GO_CC,1.64941686,0.086062847,1.64837972,0.0887695632,-1.15462512,0.651777849,False,shared_heat,1.59791668,1.38855766
GOCC_MYOSIN_COMPLEX,Myosin Complex,GO_CC,0.997901452,0.616995359,0.944931807,0.651691757,0.87081594,0.907384093,False,shared_heat,0.974099938,-1.1459973
GOCC_NADH_DEHYDROGENASE_COMPLEX,NADH Dehydrogenase Complex,GO_CC,-1.680415,0.0530357624,-1.45477542,0.16736752,-1.42548081,0.376853647,False,shared_heat,-1.55246212,-2.09848392
GOCC_NEUROMUSCULAR_JUNCTION,Neuromuscular Junction,GO_CC,1.10535014,0.472049564,0.937742722,0.655905057,0.885182105,0.903136659,False,shared_heat,1.00921695,1.44145088
GOCC_NEURON_PROJECTION,Neuron Projection,GO_CC,1.48440797,0.0038888799,1.36304894,0.0300794639,1.00257376,0.773210031,False,shared_heat,1.43110418,1.41680089
GOCC_NEURON_PROJECTION_CYTOPLASM,Neuron Projection Cytoplasm,GO_CC,1.39078112,0.203254642,1.28630041,0.320923151,1.20884215,0.578102274,False,shared_heat,1.37176518,1.41782361
GOCC_NEURON_PROJECTION_MEMBRANE,Neuron Projection Membrane,GO_CC,1.19972904,0.404586989,1.11182741,0.496809238,0.762476529,0.979256647,False,shared_heat,1.14223679,-1.03072403
GOCC_NEURON_PROJECTION_TERMINUS,Neuron Projection Terminus,GO_CC,1.52688617,0.1098081239999999,1.43582362,0.184406732,0.708793851,0.99087825,False,shared_heat,1.47041835,1.01335773
GOCC_NEURON_SPINE,Neuron Spine,GO_CC,1.23453178,0.302333014,1.18059147,0.374347741,0.741128468,0.99087825,False,shared_heat,1.1535232,1.01349353
GOCC_NEURON_TO_NEURON_SYNAPSE,Neuron to Neuron Synapse,GO_CC,-1.09875916,0.432360143,-1.08613387,0.461374027,0.85608393,0.973674407,False,shared_heat,-1.12005913,0.987446036
GOCC_NON_MOTILE_CILIUM,Non Motile Cilium,GO_CC,1.11011766,0.462021743,1.25501527,0.328275498,0.915354273,0.877872085,False,shared_heat,1.1900454,0.784359789
GOCC_NUCLEAR_BODY,Nuclear Body,GO_CC,1.1515813,0.29562542,1.24591643,0.16736752,-1.29891916,0.253085125,False,shared_heat,1.17098246,1.13143721
GOCC_NUCLEAR_CHROMOSOME,Nuclear Chromosome,GO_CC,0.798915774,0.913348657,1.2151742,0.297343595,-1.89989818,0.00407654957,True,cGAS_dampened,1.02780957,0.713182498
GOCC_NUCLEAR_DNA_DIRECTED_RNA_POLYMERASE_COMPLEX,Nuclear DNA Directed RNA Polymerase Complex,GO_CC,-1.08420856,0.489500941,-0.858662584,0.769220397,-1.83222889,0.0989743812,False,shared_heat,-1.02511091,-1.1478634
GOCC_NUCLEAR_ENVELOPE,Nuclear Envelope,GO_CC,1.66614243,0.00484036229,1.67362382,0.00476826197,1.28357852,0.378549501,False,shared_heat,1.6367253,1.34891089
GOCC_NUCLEAR_INNER_MEMBRANE,Nuclear Inner Membrane,GO_CC,0.766059355,0.848484655,0.779530358,0.841973918,1.26212583,0.572929865,False,shared_heat,0.741148929,1.6125772
GOCC_NUCLEAR_MATRIX,Nuclear Matrix,GO_CC,1.15160167,0.396342868,1.10993768,0.444292234,1.01014183,0.771108744,False,shared_heat,1.13399003,1.08303224
GOCC_NUCLEAR_MEMBRANE,Nuclear Membrane,GO_CC,2.00398848,0.000139325722,1.88770098,0.00134096959,1.6110281,0.133532486,False,shared_heat,1.91118067,1.52684444
GOCC_NUCLEAR_OUTER_MEMBRANE_ENDOPLASMIC_RETICULUM_MEMBRANE_NETWORK,Nuclear Outer Membrane Endoplasmic Reticulum Membrane Network,GO_CC,1.32694079,0.0553407939,1.11410279,0.328275498,1.73233403,0.000237020599,True,cGAS_amplified,1.22929021,1.04390591
GOCC_NUCLEAR_PERIPHERY,Nuclear Periphery,GO_CC,0.976464653,0.627732209,1.13770628,0.465371086,-0.781304965,0.973674407,False,shared_heat,1.02433217,1.25788595
GOCC_NUCLEAR_PORE,Nuclear Pore,GO_CC,1.23937024,0.348079213,1.36500401,0.264730894,0.728194074,0.99087825,False,shared_heat,1.26575184,1.52483593
GOCC_NUCLEAR_PROTEIN_CONTAINING_COMPLEX,Nuclear Protein Containing Complex,GO_CC,1.37502018,0.0143537013,1.35226608,0.0176395164,-1.08076275,0.578102274,False,shared_heat,1.34803459,1.06243372
GOCC_NUCLEAR_REPLICATION_FORK,Nuclear Replication Fork,GO_CC,0.723408061,0.892612085,1.37444201,0.272382237,-1.84659778,0.127052554,False,shared_heat,0.975284723,-0.659489028
GOCC_NUCLEAR_RIBONUCLEOPROTEIN_GRANULE,Nuclear Ribonucleoprotein Granule,GO_CC,1.34000718,0.118559347,1.55925432,0.0220922316,-1.43211537,0.213680177,False,shared_heat,1.43501535,0.879095428
GOCC_NUCLEAR_SPECK,Nuclear Speck,GO_CC,1.31188078,0.1513828,1.51244417,0.0438513342,-1.40003989,0.240876027,False,shared_heat,1.37345649,0.773965546
GOCC_NUCLEAR_UBIQUITIN_LIGASE_COMPLEX,Nuclear Ubiquitin Ligase Complex,GO_CC,1.52834463,0.139259513,1.35864152,0.297078241,1.33365951,0.519729902,False,shared_heat,1.43993571,1.63007215
GOCC_NUCLEOID,Nucleoid,GO_CC,-1.27679099,0.324660117,-1.19701789,0.400361195,0.628792714,0.99087825,False,shared_heat,-1.2823505,-1.04905752
GOCC_NUCLEOLUS,Nucleolus,GO_CC,1.56058952,0.00296070182,1.49979408,0.00768539312,1.06632309,0.666442968,False,shared_heat,1.56586998,1.27504995
GOCC_NUCLEOSOME,Nucleosome,GO_CC,-0.883534266,0.720974681,-0.943053978,0.651691757,0.861198107,0.91054941,False,shared_heat,-0.899537706,-1.52682313
GOCC_ORGANELLAR_RIBOSOME,Organellar Ribosome,GO_CC,0.899706716,0.692314758,0.544257362,0.988754434,1.04337516,0.759316674,False,shared_heat,0.83716581,-0.900378692
GOCC_ORGANELLE_ENVELOPE,Organelle Envelope,GO_CC,1.28533925,0.0607062332,1.19164122,0.149055528,1.01746196,0.759316674,False,shared_heat,1.2247717,-1.31329172
GOCC_ORGANELLE_ENVELOPE_LUMEN,Organelle Envelope Lumen,GO_CC,0.921792549,0.688968186,0.928363455,0.683703202,-1.16684898,0.591901979,False,shared_heat,1.00126701,-1.11187132
GOCC_ORGANELLE_INNER_MEMBRANE,Organelle Inner Membrane,GO_CC,-1.05326169,0.478750817,-1.02597558,0.54117602,-0.875124483,0.990284456,False,shared_heat,-1.02540124,-1.73130938
GOCC_ORGANELLE_SUBCOMPARTMENT,Organelle Subcompartment,GO_CC,1.32257614,0.040108308,-1.121585,0.328275498,1.75912996,3.84946453e-05,True,sign_reversal,1.20753945,1.18233883
GOCC_OUTER_MEMBRANE,Outer Membrane,GO_CC,1.21791544,0.270460512,1.06534058,0.489087533,1.29281551,0.384764935,False,shared_heat,1.09985119,1.14178645
GOCC_OXIDOREDUCTASE_COMPLEX,Oxidoreductase Complex,GO_CC,-1.50813402,0.0725975879,-1.48965693,0.0887695632,-0.729851071,0.99087825,False,shared_heat,-1.45724467,-2.24051516
GOCC_PEPTIDASE_COMPLEX,Peptidase Complex,GO_CC,-0.982964388,0.626574334,-0.964132788,0.651691757,0.992204047,0.773518943,False,shared_heat,-0.95322558,-0.930076004
GOCC_PERIKARYON,Perikaryon,GO_CC,0.939446324,0.66059411,0.933485822,0.667712012,0.768127473,0.990284456,False,shared_heat,0.939592575,0.978167905
GOCC_PERINUCLEAR_REGION_OF_CYTOPLASM,Perinuclear Region of Cytoplasm,GO_CC,1.66285924,0.000594816589,1.60133226,0.00134149108,1.10579215,0.591901979,False,shared_heat,1.61134448,1.03480284
GOCC_PHAGOCYTIC_VESICLE,Phagocytic Vesicle,GO_CC,-1.07828708,0.472049564,-1.17903273,0.36782915,1.07543284,0.703898813,False,shared_heat,-1.12687298,0.968795587
GOCC_PHAGOCYTIC_VESICLE_MEMBRANE,Phagocytic Vesicle Membrane,GO_CC,-1.63337188,0.0544205393,-1.69085036,0.0334213105,1.0210515,0.759316674,False,shared_heat,-1.65085558,-1.02661551
GOCC_PHOSPHATASE_COMPLEX,Phosphatase Complex,GO_CC,1.12530333,0.467265686,0.753805057,0.869418208,1.05942759,0.752166364,False,shared_heat,0.941208056,-1.06387481
GOCC_PHOTORECEPTOR_CELL_CILIUM,Photoreceptor Cell Cilium,GO_CC,1.3157805,0.281760301,1.58091936,0.113651095,-0.944847917,0.828186304,False,shared_heat,1.50549022,0.997699261
GOCC_PHOTORECEPTOR_INNER_SEGMENT,Photoreceptor Inner Segment,GO_CC,1.28028272,0.3301029,1.05211294,0.54117602,1.12040022,0.684818117,False,shared_heat,1.20555571,-1.23566107
GOCC_PHOTORECEPTOR_OUTER_SEGMENT,Photoreceptor Outer Segment,GO_CC,1.18996772,0.404586989,1.46092819,0.195786361,-0.645640692,0.99087825,False,shared_heat,1.34831398,1.36398657
GOCC_PIGMENT_GRANULE,Pigment Granule,GO_CC,1.49943091,0.0873886302,1.47589779,0.106974835,-0.912501889,0.903136659,False,shared_heat,1.50529102,-0.909056291
GOCC_PLASMA_MEMBRANE_PROTEIN_COMPLEX,Plasma Membrane Protein Complex,GO_CC,1.22979855,0.157312407,-1.10968143,0.391840104,1.32598798,0.240544762,False,shared_heat,1.18251087,-1.06342527
GOCC_PLASMA_MEMBRANE_RAFT,Plasma Membrane Raft,GO_CC,1.29764249,0.249309962,1.16333567,0.400361195,1.01170829,0.771039945,False,shared_heat,1.21609572,-0.988861096
GOCC_PLASMA_MEMBRANE_REGION,Plasma Membrane Region,GO_CC,1.62930853,0.000154208195,1.49084723,0.00387271162,1.21415109,0.376853647,False,shared_heat,1.57122326,1.06484544
GOCC_PLASMA_MEMBRANE_SIGNALING_RECEPTOR_COMPLEX,Plasma Membrane Signaling Receptor Complex,GO_CC,1.36308091,0.114000484,1.26412495,0.227271925,1.16618559,0.572929865,False,shared_heat,1.2874933,-1.28664769
GOCC_PLATELET_ALPHA_GRANULE,Platelet alpha Granule,GO_CC,1.51686477,0.0989830558,1.67485772,0.0412055406,-1.56126797,0.213680177,False,shared_heat,1.54712319,-0.843879962
GOCC_PLATELET_ALPHA_GRANULE_LUMEN,Platelet alpha Granule Lumen,GO_CC,1.88742583,0.00813691314,1.96238985,0.00452801014,-1.29974692,0.494462204,False,shared_heat,1.86428136,-0.728055783
GOCC_PML_BODY,Pml Body,GO_CC,-1.33409474,0.22272854,-1.48017368,0.138448991,0.857838158,0.915568678,False,shared_heat,-1.35430583,1.42262098
GOCC_PODOSOME,Podosome,GO_CC,1.64535224,0.0864208178,1.57272143,0.139515171,1.00484146,0.773210031,False,shared_heat,1.59379816,1.11749675
GOCC_POLYMERIC_CYTOSKELETAL_FIBER,Polymeric Cytoskeletal Fiber,GO_CC,1.31981665,0.0961134102,1.25178395,0.16736752,0.914660197,0.915568678,False,shared_heat,1.26358444,1.28468571
GOCC_POSTSYNAPSE,Postsynapse,GO_CC,1.16708229,0.266728501,-1.05875481,0.486849121,1.1187462,0.578102274,False,shared_heat,1.13960972,1.23975966
GOCC_POSTSYNAPTIC_MEMBRANE,Postsynaptic Membrane,GO_CC,1.00620795,0.594097193,0.845704865,0.814034053,1.0624641,0.738473799,False,shared_heat,1.03212132,1.48760849
GOCC_POSTSYNAPTIC_SPECIALIZATION,Postsynaptic Specialization,GO_CC,-1.17498879,0.342388474,-1.12257612,0.414370413,-1.01687877,0.759316674,False,shared_heat,-1.15526514,0.900700709
GOCC_POTASSIUM_CHANNEL_COMPLEX,Potassium Channel Complex,GO_CC,-1.19429342,0.396342868,-1.25799411,0.358913947,0.519195565,0.999396798,False,shared_heat,-1.2325466,-0.848295601
GOCC_PRECATALYTIC_SPLICEOSOME,Precatalytic Spliceosome,GO_CC,0.870434363,0.728510103,1.16552397,0.420914042,-1.34234504,0.462532286,False,shared_heat,0.955010329,-1.37344267
GOCC_PRERIBOSOME,Preribosome,GO_CC,1.58569027,0.087774479,1.43630338,0.184406732,0.956171586,0.818379469,False,shared_heat,1.48748241,-1.13975271
GOCC_PRESYNAPSE,Presynapse,GO_CC,1.38654971,0.0689522968,1.29492795,0.140098854,1.22789213,0.414570705,False,shared_heat,1.3338537,-1.11892476
GOCC_PRESYNAPTIC_ACTIVE_ZONE,Presynaptic Active Zone,GO_CC,1.33301758,0.27762802,1.2086345,0.400361195,1.53864888,0.304398822,False,shared_heat,1.27559852,0.702572793
GOCC_PRESYNAPTIC_MEMBRANE,Presynaptic Membrane,GO_CC,1.22168848,0.346721475,0.974252847,0.637115467,1.39940551,0.384764935,False,shared_heat,1.10586015,1.00667329
GOCC_PROTEASOME_ACCESSORY_COMPLEX,Proteasome Accessory Complex,GO_CC,-1.12002898,0.472049564,-1.18948665,0.414370413,1.1363986,0.667695233,False,shared_heat,-1.20372269,-0.743378754
GOCC_PROTEASOME_COMPLEX,Proteasome Complex,GO_CC,-1.51136719,0.106402062,-1.40315685,0.195786361,0.775218567,0.990284456,False,shared_heat,-1.42393202,-1.07057919
GOCC_PROTEIN_COMPLEX_INVOLVED_IN_CELL_ADHESION,Protein Complex Involved in Cell Adhesion,GO_CC,1.71504105,0.045293775,1.88566122,0.010009427,-0.952500065,0.824873503,False,shared_heat,1.77230163,1.17606148
GOCC_PROTEIN_DNA_COMPLEX,Protein DNA Complex,GO_CC,0.928781058,0.693881378,1.25699978,0.272382237,-1.47444638,0.213680177,False,shared_heat,1.06634993,-0.885789845
GOCC_PROTEIN_FOLDING_CHAPERONE_COMPLEX,Protein Folding Chaperone Complex,GO_CC,1.85917234,0.0184275683,1.89051702,0.0136137435,-1.05121654,0.752166364,False,shared_heat,1.83135424,0.948657931
GOCC_PROTEIN_KINASE_COMPLEX,Protein Kinase Complex,GO_CC,-1.09271207,0.457028347,-0.99926549,0.600763847,-0.797438667,0.99087825,False,shared_heat,-1.04070461,-0.863828518
GOCC_PROTON_TRANSPORTING_ATP_SYNTHASE_COMPLEX,Proton Transporting ATP Synthase Complex,GO_CC,-1.43960402,0.190313413,-1.30446374,0.328275498,-0.751377674,0.990284456,False,shared_heat,-1.43789949,-1.89239246
GOCC_PROTON_TRANSPORTING_TWO_SECTOR_ATPASE_COMPLEX,Proton Transporting Two Sector Atpase Complex,GO_CC,-1.57079789,0.0941734726,-1.49234712,0.146433058,-1.0134733,0.771039945,False,shared_heat,-1.58790637,-2.17460134
GOCC_P_BODY,P Body,GO_CC,0.923904201,0.683049049,-0.978066027,0.635982347,1.56290273,0.240544762,False,shared_heat,-0.858206362,1.74583623
GOCC_RECEPTOR_COMPLEX,Receptor Complex,GO_CC,1.67379634,0.000858753808,1.49294496,0.0170802337,1.43199385,0.174351154,False,shared_heat,1.5667278,0.883380746
GOCC_RECYCLING_ENDOSOME,Recycling Endosome,GO_CC,1.10980372,0.444555758,1.01812003,0.574355419,1.17970578,0.578102274,False,shared_heat,1.03712301,-0.912510275
GOCC_RECYCLING_ENDOSOME_MEMBRANE,Recycling Endosome Membrane,GO_CC,0.990390714,0.617558571,0.949088392,0.651691757,0.960556859,0.815486882,False,shared_heat,0.984745893,1.16675918
GOCC_REPLICATION_FORK,Replication Fork,GO_CC,0.774965852,0.880052027,1.27226895,0.31497391,-1.65241995,0.174351154,False,shared_heat,0.973995835,0.75741205
GOCC_REPLISOME,Replisome,GO_CC,0.737910678,0.87751608,1.55854877,0.140098854,-2.10049368,0.00624756604,True,cGAS_dampened,1.07147345,-0.606489728
GOCC_RESPIRATORY_CHAIN_COMPLEX,Respiratory Chain Complex,GO_CC,-1.59284859,0.0387605129,-1.40345121,0.140098854,-1.30260924,0.384764935,False,shared_heat,-1.50436434,-2.33728665
GOCC_RIBONUCLEOPROTEIN_COMPLEX,Ribonucleoprotein Complex,GO_CC,1.33628563,0.0956382981,1.36230431,0.0797989886,-0.996080757,0.773210031,False,shared_heat,1.30085476,-1.32316902
GOCC_RIBONUCLEOPROTEIN_GRANULE,Ribonucleoprotein Granule,GO_CC,1.2976989,0.114000484,1.31926998,0.110193358,1.02891717,0.752166364,False,shared_heat,1.32684687,1.44011339
GOCC_RIBOSOMAL_SUBUNIT,Ribosomal Subunit,GO_CC,0.68415138,0.954093212,-0.558110738,0.99584676,1.12554747,0.651777849,False,shared_heat,0.567082927,-2.24145327
GOCC_RIBOSOME,Ribosome,GO_CC,0.951089292,0.66059411,-0.58021918,0.99584676,1.66293855,0.133532486,False,shared_heat,0.667715245,-1.28656883
GOCC_RNA_POLYMERASE_COMPLEX,RNA Polymerase Complex,GO_CC,-1.19493541,0.366343882,-1.00294529,0.599841018,-1.69294762,0.133532486,False,shared_heat,-1.17274334,-1.17019576
GOCC_RNA_POLYMERASE_II_TRANSCRIPTION_REGULATOR_COMPLEX,RNA Polymerase II Transcription Regulator Complex,GO_CC,1.26156852,0.202458688,1.15944201,0.346259535,1.00728558,0.772280194,False,shared_heat,1.17677321,1.00790869
GOCC_ROUGH_ENDOPLASMIC_RETICULUM,Rough Endoplasmic Reticulum,GO_CC,1.48007074,0.145765626,1.35256219,0.273714008,1.10565981,0.702658969,False,shared_heat,1.39143853,-1.73075957
GOCC_RUFFLE,Ruffle,GO_CC,1.92608668,0.000594816589,1.88338591,0.00134096959,0.782111266,0.99087825,False,shared_heat,1.86517957,-1.11144178
GOCC_RUFFLE_MEMBRANE,Ruffle Membrane,GO_CC,2.15517932,0.000137294969,2.00301338,0.00186029786,0.862321435,0.915568678,False,shared_heat,2.06434239,0.871628059
GOCC_SARCOLEMMA,Sarcolemma,GO_CC,-1.102174,0.462021743,1.04789989,0.53570059,-0.583251517,0.999396798,False,shared_heat,-1.05505295,1.1550595
GOCC_SARCOPLASM,Sarcoplasm,GO_CC,1.85516019,0.0113234437,1.74475332,0.0340993816,-0.889659487,0.907384093,False,shared_heat,1.76649223,0.76946091
GOCC_SCF_UBIQUITIN_LIGASE_COMPLEX,Scf Ubiquitin Ligase Complex,GO_CC,-1.16146035,0.432360143,-1.07979906,0.524362436,-0.982116233,0.786416406,False,shared_heat,-1.1185655,-0.665014133
GOCC_SCHAFFER_COLLATERAL_CA1_SYNAPSE,Schaffer Collateral Ca1 Synapse,GO_CC,-1.26888781,0.299329926,-1.19767664,0.391840104,0.679145513,0.99087825,False,shared_heat,-1.222114,-1.19415051
GOCC_SECRETORY_GRANULE,Secretory Granule,GO_CC,1.54066106,0.00296070182,1.48584245,0.00807622373,0.954741026,0.880851227,False,shared_heat,1.47315031,-1.06588949
GOCC_SECRETORY_GRANULE_MEMBRANE,Secretory Granule Membrane,GO_CC,1.37971097,0.106402062,1.28095312,0.204625982,0.9468807,0.86909461,False,shared_heat,1.27369925,-0.979623958
GOCC_SECRETORY_VESICLE,Secretory Vesicle,GO_CC,1.45129626,0.00484036229,1.40110617,0.0130278416,1.02644121,0.752166364,False,shared_heat,1.39553949,-1.23989243
GOCC_SIDE_OF_MEMBRANE,Side of Membrane,GO_CC,1.40200026,0.0387605129,1.24680105,0.149055528,1.23781118,0.376853647,False,shared_heat,1.30442999,-1.05573218
GOCC_SITE_OF_DNA_DAMAGE,Site of DNA Damage,GO_CC,-1.20741813,0.342388474,-0.956989736,0.651691757,-1.37379854,0.376853647,False,shared_heat,-1.07405463,1.29784789
GOCC_SITE_OF_DOUBLE_STRAND_BREAK,Site of Double Strand Break,GO_CC,-0.946680782,0.66059411,0.903100963,0.718438405,-1.33947215,0.414570705,False,shared_heat,-0.818316285,1.16344947
GOCC_SITE_OF_POLARIZED_GROWTH,Site of Polarized Growth,GO_CC,1.37743871,0.1513828,1.21040394,0.329936203,0.943525194,0.852194291,False,shared_heat,1.24339074,1.04294934
GOCC_SMALL_NUCLEAR_RIBONUCLEOPROTEIN_COMPLEX,Small Nuclear Ribonucleoprotein Complex,GO_CC,0.709587815,0.906882256,0.960671919,0.650015515,-1.43961275,0.376853647,False,shared_heat,0.810897745,-1.39501958
GOCC_SMALL_RIBOSOMAL_SUBUNIT,Small Ribosomal Subunit,GO_CC,0.791430736,0.833954794,0.769021963,0.861966196,0.765494786,0.990284456,False,shared_heat,0.675268726,-2.00245977
GOCC_SMALL_SUBUNIT_PROCESSOME,Small Subunit Processome,GO_CC,1.34821753,0.258507582,1.11272812,0.4824546,0.992563971,0.773210031,False,shared_heat,1.13134896,-1.31260264
GOCC_SM_LIKE_PROTEIN_FAMILY_COMPLEX,Sm Like Protein Family Complex,GO_CC,0.690741263,0.923712976,0.999936063,0.600763847,-1.37246551,0.414570705,False,shared_heat,0.891276301,-1.35549511
GOCC_SNARE_COMPLEX,Snare Complex,GO_CC,-1.07007484,0.523665649,-1.02047849,0.585823491,-1.1452542,0.651777849,False,shared_heat,-1.07355315,-1.81734449
GOCC_SOMATODENDRITIC_COMPARTMENT,Somatodendritic Compartment,GO_CC,1.32210807,0.0863949645,1.14040017,0.318145004,1.22609805,0.384764935,False,shared_heat,1.25316537,1.45164932
GOCC_SPECIFIC_GRANULE,Specific Granule,GO_CC,1.50357789,0.087774479,1.47638732,0.110193358,1.09729233,0.667695233,False,shared_heat,1.50272692,-0.799807198
GOCC_SPECIFIC_GRANULE_LUMEN,Specific Granule Lumen,GO_CC,1.166566,0.40851971,1.18981288,0.400361195,0.850352374,0.915568678,False,shared_heat,1.19062302,0.88859509
GOCC_SPECIFIC_GRANULE_MEMBRANE,Specific Granule Membrane,GO_CC,1.60497701,0.0863949645,1.59450513,0.0974821511,1.28363137,0.527587226,False,shared_heat,1.58600618,-0.90738903
GOCC_SPINDLE,Spindle,GO_CC,0.981930741,0.633934264,0.919884673,0.756293431,0.828532535,0.99087825,False,shared_heat,0.959966779,-0.737777637
GOCC_SPINDLE_MICROTUBULE,Spindle Microtubule,GO_CC,1.38047412,0.193943224,1.16659929,0.400361195,1.22315887,0.572929865,False,shared_heat,1.30109488,-0.74891066
GOCC_SPINDLE_MIDZONE,Spindle Midzone,GO_CC,0.877118877,0.720974681,1.14408707,0.444520569,-0.614069502,0.991339072,False,shared_heat,1.00877812,-1.39996999
GOCC_SPINDLE_POLE,Spindle Pole,GO_CC,-0.814568471,0.878902216,0.819862884,0.876031727,0.81139135,0.990284456,False,shared_heat,-0.751886884,1.08346194
GOCC_SPLICEOSOMAL_COMPLEX,Spliceosomal Complex,GO_CC,-0.816383332,0.848484655,0.921130497,0.701294347,-1.40058503,0.355696314,False,shared_heat,0.832855497,-1.09261707
GOCC_SUPRAMOLECULAR_POLYMER,Supramolecular Polymer,GO_CC,1.40826421,0.0256741103,1.3820426,0.0325364619,0.921226027,0.915568678,False,shared_heat,1.36730964,1.32339217
GOCC_SWI_SNF_SUPERFAMILY_TYPE_COMPLEX,Swi Snf Superfamily Type Complex,GO_CC,1.06198268,0.532472759,0.978504219,0.627342717,-0.852678371,0.915568678,False,shared_heat,1.03228419,0.62763749
GOCC_SYNAPTIC_MEMBRANE,Synaptic Membrane,GO_CC,1.32276578,0.164438152,1.0943965,0.444292234,1.25762901,0.448401908,False,shared_heat,1.28057778,1.35480503
GOCC_SYNAPTIC_VESICLE_MEMBRANE,Synaptic Vesicle Membrane,GO_CC,0.917163768,0.69096092,-1.05151912,0.537480952,1.23270991,0.571038215,False,shared_heat,-0.987503658,-1.45560594
GOCC_TERTIARY_GRANULE,Tertiary Granule,GO_CC,1.25770899,0.266728501,1.24153532,0.301905191,-0.904231596,0.91054941,False,shared_heat,1.25741494,-1.72739867
GOCC_TERTIARY_GRANULE_LUMEN,Tertiary Granule Lumen,GO_CC,-1.08188741,0.491913889,-0.96526688,0.650015515,-0.601736641,0.99780859,False,shared_heat,-1.04044909,-1.49710379
GOCC_TERTIARY_GRANULE_MEMBRANE,Tertiary Granule Membrane,GO_CC,1.49204011,0.139259513,1.42080018,0.217155308,-1.00471474,0.772397588,False,shared_heat,1.50569639,-1.15601304
GOCC_TIGHT_JUNCTION,Tight Junction,GO_CC,1.52439088,0.0989830558,1.59926474,0.0751973429,-0.674689321,0.99087825,False,shared_heat,1.56201826,-0.831855063
GOCC_TRANSCRIPTION_ELONGATION_FACTOR_COMPLEX,Transcription Elongation Factor Complex,GO_CC,0.93172847,0.66059411,0.787441513,0.838127596,0.994385311,0.773210031,False,shared_heat,0.898743663,-0.921231488
GOCC_TRANSCRIPTION_REGULATOR_COMPLEX,Transcription Regulator Complex,GO_CC,1.35347038,0.0873886302,1.27920546,0.149055528,0.831361638,0.99087825,False,shared_heat,1.28830056,1.08214624
GOCC_TRANSCRIPTION_REPRESSOR_COMPLEX,Transcription Repressor Complex,GO_CC,-1.0238242,0.571282183,-1.0234131,0.574355419,1.06913156,0.72758402,False,shared_heat,-0.997421406,1.15491076
GOCC_TRANSFERASE_COMPLEX,Transferase Complex,GO_CC,-1.16076688,0.26590565,-1.17034452,0.278066757,-0.859035328,0.99087825,False,shared_heat,-1.19488134,0.878371677
GOCC_TRANSFERASE_COMPLEX_TRANSFERRING_PHOSPHORUS_CONTAINING_GROUPS,Transferase Complex Transferring Phosphorus Containing Groups,GO_CC,-0.976137973,0.64238607,-0.970897546,0.651691757,-0.985482841,0.790256031,False,shared_heat,-1.01137055,-0.930800697
GOCC_TRANSPORTER_COMPLEX,Transporter Complex,GO_CC,-1.1763669,0.298065521,-1.1010994,0.417785092,-0.921705491,0.913017084,False,shared_heat,-1.15881765,-1.86094
GOCC_TRANSPORT_VESICLE,Transport Vesicle,GO_CC,0.992091828,0.619783378,-0.941479631,0.701294347,1.39598577,0.227123046,False,shared_heat,0.924205138,-1.21601441
GOCC_TRANSPORT_VESICLE_MEMBRANE,Transport Vesicle Membrane,GO_CC,0.939734135,0.681561243,-1.13576827,0.407008897,1.49808757,0.213680177,False,shared_heat,-1.00404659,-0.888633237
GOCC_TRANS_GOLGI_NETWORK,Trans Golgi Network,GO_CC,-1.15333676,0.368555389,-1.22948702,0.314170679,1.23974773,0.503779778,False,shared_heat,-1.15741243,1.12581886
GOCC_TRANS_GOLGI_NETWORK_MEMBRANE,Trans Golgi Network Membrane,GO_CC,-1.22958677,0.343995567,-1.1792281,0.400361195,1.02344657,0.759316674,False,shared_heat,-1.19674598,-0.857770128
GOCC_T_TUBULE,T Tubule,GO_CC,-1.23609706,0.368555389,-1.11333586,0.496809238,-1.33546911,0.503779778,False,shared_heat,-1.16682291,0.747220336
GOCC_U2_TYPE_PRECATALYTIC_SPLICEOSOME,U2 Type Precatalytic Spliceosome,GO_CC,0.926058968,0.661954967,1.20294979,0.400361195,-1.45616768,0.376853647,False,shared_heat,0.988311518,-1.21424302
GOCC_U2_TYPE_SPLICEOSOMAL_COMPLEX,U2 Type Spliceosomal Complex,GO_CC,-0.681553902,0.927868587,1.07139355,0.524362436,-1.76503982,0.15168107,False,shared_heat,0.74501692,-1.32785339
GOCC_UBIQUITIN_LIGASE_COMPLEX,Ubiquitin Ligase Complex,GO_CC,-1.34364759,0.149441446,-1.38849435,0.143441764,1.19849616,0.559929804,False,shared_heat,-1.39870554,1.00099533
GOCC_VACUOLAR_LUMEN,Vacuolar Lumen,GO_CC,1.77756153,0.00503993868,1.71852236,0.0130278416,0.894866778,0.91054941,False,shared_heat,1.76479678,-0.92853413
GOCC_VACUOLAR_MEMBRANE,Vacuolar Membrane,GO_CC,-0.948023195,0.688968186,-1.05762216,0.501108134,1.23299479,0.414570705,False,shared_heat,-0.979696602,-1.2119366
GOCC_VACUOLE,Vacuole,GO_CC,1.27947517,0.0989830558,1.25713164,0.138448991,1.08251831,0.651034348,False,shared_heat,1.3166922,-1.14633005
GOCC_VESICLE_COAT,Vesicle Coat,GO_CC,1.22167507,0.377024145,0.944441544,0.651691757,1.10354887,0.704167139,False,shared_heat,1.14626381,0.917273838
GOCC_VESICLE_LUMEN,Vesicle Lumen,GO_CC,1.71197694,0.00296070182,1.75645466,0.00134149108,-0.813067356,0.99087825,False,shared_heat,1.70762275,-0.905645614
GOCC_VESICLE_MEMBRANE,Vesicle Membrane,GO_CC,1.26505312,0.0863949645,-1.18352609,0.219899968,1.30258456,0.213680177,False,shared_heat,1.21209136,-1.13999913
GOMF_14_3_3_PROTEIN_BINDING,14 3 3 Protein Binding,GO_MF,1.07778917,0.503593393,1.18469306,0.42784097,-0.869441662,0.895030348,False,shared_heat,1.15589781,0.916762015
GOMF_2_OXOGLUTARATE_DEPENDENT_DIOXYGENASE_ACTIVITY,2 Oxoglutarate Dependent Dioxygenase Activity,GO_MF,1.75427343,0.0408127615,1.76871704,0.0430755097,0.669069498,0.987104844,False,shared_heat,1.75056248,-0.683347706
GOMF_3_5_EXONUCLEASE_ACTIVITY,3 5 Exonuclease Activity,GO_MF,-0.898234343,0.69571914,-0.972074763,0.606879575,1.26953738,0.534755468,False,shared_heat,-0.876388616,1.64706709
GOMF_4_IRON_4_SULFUR_CLUSTER_BINDING,4 Iron 4 Sulfur Cluster Binding,GO_MF,-0.780391093,0.80311192,0.758528926,0.837032503,-0.816128021,0.936536944,False,shared_heat,-0.739923637,0.899067664
GOMF_ABC_TYPE_TRANSPORTER_ACTIVITY,Abc Type Transporter Activity,GO_MF,-2.12651125,0.000698787649,-2.18731764,0.00012512038,1.42297004,0.377771538,False,shared_heat,-2.13687564,1.3579257
GOMF_ACETYLTRANSFERASE_ACTIVITY,Acetyltransferase Activity,GO_MF,-1.55765917,0.0984036694,-1.43391014,0.201196685,0.521052534,0.995040961,False,shared_heat,-1.50733294,0.820738768
GOMF_ACTIN_BINDING,Actin Binding,GO_MF,1.14709494,0.34354759,1.00873945,0.553565665,1.17192629,0.534755468,False,shared_heat,1.06445079,1.13656391
GOMF_ACTIN_FILAMENT_BINDING,Actin Filament Binding,GO_MF,1.1157239,0.423179715,0.908676436,0.732147404,1.01147522,0.761338425,False,shared_heat,0.97982451,-0.878446872
GOMF_ACTIVE_MONOATOMIC_ION_TRANSMEMBRANE_TRANSPORTER_ACTIVITY,Active Monoatomic Ion Transmembrane Transporter Activity,GO_MF,-1.34986225,0.165224557,-1.20877107,0.340522559,-1.16271764,0.587998819,False,shared_heat,-1.27291426,-1.96171673
GOMF_ACTIVE_TRANSMEMBRANE_TRANSPORTER_ACTIVITY,Active Transmembrane Transporter Activity,GO_MF,-1.59764983,0.00785185297,-1.61718515,0.00854190179,1.21522395,0.444463149,False,shared_heat,-1.62492029,-1.24766081
GOMF_ACYLTRANSFERASE_ACTIVITY,Acyltransferase Activity,GO_MF,-1.62425081,0.00692563021,-1.72623903,0.00224041232,1.41849477,0.181592395,False,shared_heat,-1.68204463,1.55012084
GOMF_ACYLTRANSFERASE_ACTIVITY_TRANSFERRING_GROUPS_OTHER_THAN_AMINO_ACYL_GROUPS,Acyltransferase Activity Transferring Groups Other Than Amino Acyl Groups,GO_MF,-1.36045003,0.165224557,-1.31448716,0.237420377,0.69965501,0.987144704,False,shared_heat,-1.29370454,-0.975560755
GOMF_ADP_BINDING,ADP Binding,GO_MF,-1.37060449,0.240487925,-1.39891614,0.232948246,0.683218781,0.987104844,False,shared_heat,-1.37078679,0.843188927
GOMF_ALCOHOL_BINDING,Alcohol Binding,GO_MF,-1.23432918,0.356761062,-1.19849009,0.410268523,1.04971055,0.732536832,False,shared_heat,-1.21212008,-1.32845134
GOMF_ALCOHOL_DEHYDROGENASE_NAD_P_PLUS_ACTIVITY,Alcohol Dehydrogenase Nad P Plus Activity,GO_MF,1.14666728,0.444201013,0.869199862,0.729656427,1.07265983,0.716090462,False,shared_heat,1.10390936,-0.628255335
GOMF_AMIDE_BINDING,Amide Binding,GO_MF,0.874695326,0.771450825,-0.9074985,0.733323952,-1.16574503,0.570650092,False,shared_heat,-0.914631991,-1.45734016
GOMF_AMIDE_TRANSMEMBRANE_TRANSPORTER_ACTIVITY,Amide Transmembrane Transporter Activity,GO_MF,-1.55419818,0.119898526,-1.57584738,0.12533225,1.20882933,0.616621067,False,shared_heat,-1.55922826,-0.977347114
GOMF_AMINOACYLTRANSFERASE_ACTIVITY,Aminoacyltransferase Activity,GO_MF,-1.51539112,0.0432788593,-1.6317332,0.0184638164,1.57544016,0.102654455,False,shared_heat,-1.58386386,1.96938959
GOMF_AMINO_ACID_BINDING,Amino Acid Binding,GO_MF,-0.901494851,0.690221219,-0.883866276,0.718736905,-1.08239531,0.71365583,False,shared_heat,-0.895809186,0.894576137
GOMF_AMINO_ACID_TRANSMEMBRANE_TRANSPORTER_ACTIVITY,Amino Acid Transmembrane Transporter Activity,GO_MF,-1.04443723,0.532351942,-0.940300799,0.65050288,1.52891001,0.297263287,False,shared_heat,-1.00924637,1.03867311
GOMF_AMYLOID_BETA_BINDING,Amyloid beta Binding,GO_MF,0.929825577,0.677928514,0.838624847,0.781318497,0.675120387,0.987104844,False,shared_heat,0.872959038,-1.2801166
GOMF_ANTIGEN_BINDING,Antigen Binding,GO_MF,-1.45799199,0.154163964,-1.5260694,0.12533225,1.15505657,0.634089532,False,shared_heat,-1.51104558,0.910429866
GOMF_ANTIOXIDANT_ACTIVITY,Antioxidant Activity,GO_MF,0.868635842,0.733332224,0.815936182,0.804891321,0.840732166,0.929463687,False,shared_heat,0.821371819,-1.83996356
GOMF_ANTIPORTER_ACTIVITY,Antiporter Activity,GO_MF,1.13181115,0.435978964,-0.733457632,0.881895389,1.14094955,0.634676585,False,shared_heat,0.850210622,-0.918519888
GOMF_ATPASE_BINDING,Atpase Binding,GO_MF,-0.919265835,0.690221219,-1.03873885,0.537461598,1.18820188,0.603860655,False,shared_heat,-0.956152229,-1.19299286
GOMF_ATPASE_COUPLED_MONOATOMIC_CATION_TRANSMEMBRANE_TRANSPORTER_ACTIVITY,Atpase Coupled Monoatomic Cation Transmembrane Transporter Activity,GO_MF,-1.06213899,0.513080872,-1.18864941,0.416258701,-0.819865809,0.941511474,False,shared_heat,-1.13351122,-1.23913592
GOMF_ATPASE_COUPLED_TRANSMEMBRANE_TRANSPORTER_ACTIVITY,Atpase Coupled Transmembrane Transporter Activity,GO_MF,-1.80775685,0.00932472259,-1.89789562,0.00638659436,1.11354191,0.635942695,False,shared_heat,-1.83240368,0.912617368
GOMF_ATPASE_REGULATOR_ACTIVITY,Atpase Regulator Activity,GO_MF,1.39960932,0.220444328,1.46732127,0.197966122,-0.669288736,0.987104844,False,shared_heat,1.4178457,0.981416025
GOMF_ATP_DEPENDENT_ACTIVITY,ATP Dependent Activity,GO_MF,1.20698337,0.214604358,1.19140756,0.240636839,1.2268257,0.392172863,False,shared_heat,1.19652053,1.76809546
GOMF_ATP_DEPENDENT_ACTIVITY_ACTING_ON_DNA,ATP Dependent Activity Acting On DNA,GO_MF,0.773953196,0.865605075,1.01869247,0.547032202,-1.14930614,0.624940652,False,shared_heat,0.902616006,1.51831118
GOMF_ATP_DEPENDENT_ACTIVITY_ACTING_ON_RNA,ATP Dependent Activity Acting On RNA,GO_MF,1.36365739,0.256772974,-0.720102586,0.87344159,2.17878014,0.00674501123,True,sign_reversal,1.05463027,2.0311984
GOMF_ATP_DEPENDENT_PROTEIN_FOLDING_CHAPERONE,ATP Dependent Protein Folding Chaperone,GO_MF,2.33563478,1.18931716e-05,2.33709142,1.682621e-05,-1.44681792,0.36813696,False,shared_heat,2.32612655,1.36978202
GOMF_ATP_HYDROLYSIS_ACTIVITY,ATP Hydrolysis Activity,GO_MF,1.17625927,0.296806123,1.14541594,0.344461707,1.10750481,0.624940652,False,shared_heat,1.17461342,1.92509644
GOMF_BASAL_TRANSCRIPTION_MACHINERY_BINDING,Basal Transcription Machinery Binding,GO_MF,-1.10598894,0.476529263,-1.12003636,0.458574962,0.700166071,0.980309023,False,shared_heat,-1.12156732,0.894632149
GOMF_BETA_CATENIN_BINDING,beta Catenin Binding,GO_MF,1.54076268,0.0930287797,1.52856012,0.111221934,1.22457162,0.561985904,False,shared_heat,1.5340658,0.990967801
GOMF_BETA_TUBULIN_BINDING,beta Tubulin Binding,GO_MF,-1.29377403,0.329827793,-1.08569642,0.501780931,-1.01988622,0.761338425,False,shared_heat,-1.17727576,1.3488115
GOMF_CADHERIN_BINDING,Cadherin Binding,GO_MF,1.38862897,0.0783939865,1.32162781,0.14176764,1.23403624,0.423154004,False,shared_heat,1.36774635,1.29764189
GOMF_CALCIUM_CHANNEL_REGULATOR_ACTIVITY,Calcium Channel Regulator Activity,GO_MF,0.983587414,0.597229239,1.16797364,0.431895507,-1.03186163,0.752809682,False,shared_heat,1.07586803,-0.785687662
GOMF_CALCIUM_DEPENDENT_PROTEIN_BINDING,Calcium Dependent Protein Binding,GO_MF,1.40299437,0.212559994,1.55211775,0.134531491,0.846214605,0.91109867,False,shared_heat,1.46077231,-2.04112886
GOMF_CALCIUM_ION_BINDING,Calcium Ion Binding,GO_MF,1.6167456,0.00710474741,1.63480323,0.00851920822,0.951713918,0.884355293,False,shared_heat,1.61888642,1.03157444
GOMF_CALCIUM_ION_TRANSMEMBRANE_TRANSPORTER_ACTIVITY,Calcium Ion Transmembrane Transporter Activity,GO_MF,1.46238378,0.163617723,1.32317701,0.291189227,1.42028412,0.377771538,False,shared_heat,1.38115435,1.1469254
GOMF_CALMODULIN_BINDING,Calmodulin Binding,GO_MF,1.48678467,0.0798035179,1.37101934,0.175421179,0.837251331,0.95561647,False,shared_heat,1.42830054,1.47319332
GOMF_CARBOHYDRATE_BINDING,Carbohydrate Binding,GO_MF,1.91574303,0.00199613826,1.8945958,0.00467590317,1.01603566,0.761338425,False,shared_heat,1.86903915,-0.824549353
GOMF_CARBOHYDRATE_DERIVATIVE_TRANSMEMBRANE_TRANSPORTER_ACTIVITY,Carbohydrate Derivative Transmembrane Transporter Activity,GO_MF,-0.885380083,0.702452225,-0.929286592,0.660123754,1.35096807,0.461307637,False,shared_heat,-0.917613869,-0.975345743
GOMF_CARBON_CARBON_LYASE_ACTIVITY,Carbon Carbon Lyase Activity,GO_MF,1.06387627,0.510511066,1.0379674,0.537461598,0.707496887,0.980309023,False,shared_heat,1.02659727,-0.928240601
GOMF_CARBON_OXYGEN_LYASE_ACTIVITY,Carbon Oxygen Lyase Activity,GO_MF,-1.14534226,0.431140432,-1.00525996,0.576766911,-1.26245375,0.534755468,False,shared_heat,-1.05456218,-0.991376513
GOMF_CARBOXYLIC_ACID_TRANSMEMBRANE_TRANSPORTER_ACTIVITY,Carboxylic Acid Transmembrane Transporter Activity,GO_MF,-1.16479029,0.382211598,-1.28406033,0.276022753,1.68926611,0.102654455,False,shared_heat,-1.24320895,1.13516359
GOMF_CARBOXYLIC_ESTER_HYDROLASE_ACTIVITY,Carboxylic Ester Hydrolase Activity,GO_MF,1.03993077,0.527583682,0.891880652,0.722236002,0.967434482,0.824481596,False,shared_heat,0.956282328,0.911688077
GOMF_CARBOXY_LYASE_ACTIVITY,Carboxy Lyase Activity,GO_MF,1.01816971,0.574541696,1.07016104,0.515075207,-0.630188853,0.987104844,False,shared_heat,1.07865246,-1.00909617
GOMF_CARGO_RECEPTOR_ACTIVITY,Cargo Receptor Activity,GO_MF,1.7629727,0.0351362668,1.63716352,0.0885856987,1.65760892,0.2013086,False,shared_heat,1.58652669,1.08998579
GOMF_CATALYTIC_ACTIVITY_ACTING_ON_A_NUCLEIC_ACID,Catalytic Activity Acting On A Nucleic Acid,GO_MF,1.38463831,0.0642014601,1.3028284,0.13013388,1.02470863,0.737605151,False,shared_heat,1.3270957,1.87933012
GOMF_CATALYTIC_ACTIVITY_ACTING_ON_A_TRNA,Catalytic Activity Acting On A tRNA,GO_MF,1.15834287,0.431140432,1.06460782,0.51963883,0.757458484,0.958893663,False,shared_heat,1.1430487,1.41618582
GOMF_CATALYTIC_ACTIVITY_ACTING_ON_DNA,Catalytic Activity Acting On DNA,GO_MF,1.45898862,0.0751777792,1.59173364,0.037233463,-1.16247111,0.570650092,False,shared_heat,1.5176379,1.59278866
GOMF_CATALYTIC_ACTIVITY_ACTING_ON_RNA,Catalytic Activity Acting On RNA,GO_MF,1.14418492,0.373611378,-1.02731277,0.537461598,1.17931767,0.558307551,False,shared_heat,1.00852789,1.8054251
GOMF_CELL_ADHESION_MEDIATOR_ACTIVITY,Cell Adhesion Mediator Activity,GO_MF,1.69974373,0.030974134,1.68773973,0.0408644159,1.14888774,0.626732392,False,shared_heat,1.70811694,-0.709100014
GOMF_CELL_ADHESION_MOLECULE_BINDING,Cell Adhesion Molecule Binding,GO_MF,1.55569057,0.00692563021,1.48074182,0.0163833718,1.20498492,0.41536636,False,shared_heat,1.50745805,1.2566751
GOMF_CELL_CELL_ADHESION_MEDIATOR_ACTIVITY,Cell Cell Adhesion Mediator Activity,GO_MF,1.5152358,0.131324736,1.49785454,0.159486057,-0.910451287,0.884355293,False,shared_heat,1.55839377,-0.710214661
GOMF_CHEMOATTRACTANT_ACTIVITY,Chemoattractant Activity,GO_MF,1.50252207,0.157592183,1.67258753,0.0809030366,-1.13617812,0.635942695,False,shared_heat,1.65224254,-0.822302529
GOMF_CHEMOKINE_ACTIVITY,Chemokine Activity,GO_MF,1.96469701,0.0067856552,2.00170345,0.00849849744,1.5647132,0.267082438,False,shared_heat,1.93848582,1.7076466
GOMF_CHEMOKINE_BINDING,Chemokine Binding,GO_MF,1.24927061,0.356761062,1.18978803,0.418330685,0.719319478,0.974963876,False,shared_heat,1.22683787,1.414915
GOMF_CHEMOKINE_RECEPTOR_BINDING,Chemokine Receptor Binding,GO_MF,1.67756643,0.0591199087,1.60909391,0.101247311,1.57688638,0.256522875,False,shared_heat,1.59560125,1.71565918
GOMF_CHLORIDE_TRANSMEMBRANE_TRANSPORTER_ACTIVITY,Chloride Transmembrane Transporter Activity,GO_MF,1.00479957,0.589034045,0.808901723,0.781318497,1.21170523,0.616621067,False,shared_heat,0.889696395,1.55644629
GOMF_CHOLESTEROL_BINDING,Cholesterol Binding,GO_MF,-1.30572861,0.318020105,-1.28621113,0.344461707,0.840761621,0.91109867,False,shared_heat,-1.29896667,-1.39285985
GOMF_CHROMATIN_BINDING,Chromatin Binding,GO_MF,1.49971711,0.0181639375,1.50958001,0.0184638164,-0.872313145,0.964186479,False,shared_heat,1.4957531,1.06389824
GOMF_CHROMATIN_DNA_BINDING,Chromatin DNA Binding,GO_MF,1.41952012,0.155075973,1.39380474,0.197966122,0.889232836,0.895797306,False,shared_heat,1.40887034,-0.829360261
GOMF_CHROMATIN_PROTEIN_ADAPTOR_ACTIVITY,Chromatin Protein Adaptor Activity,GO_MF,0.767234771,0.844408584,1.11395806,0.448851065,-1.13368247,0.634676585,False,shared_heat,0.935051346,1.23901497
GOMF_CIS_REGULATORY_REGION_SEQUENCE_SPECIFIC_DNA_BINDING,Cis Regulatory Region Sequence Specific DNA Binding,GO_MF,1.66823999,0.00186955927,1.49982421,0.0176243226,1.24010799,0.377771538,False,shared_heat,1.58403605,1.39313022
GOMF_COLLAGEN_BINDING,Collagen Binding,GO_MF,1.75578216,0.0248843994,1.88902001,0.00854190179,-1.20085922,0.574320028,False,shared_heat,1.81769839,-1.05228377
GOMF_COPPER_ION_BINDING,Copper Ion Binding,GO_MF,0.614790586,0.961963371,-0.794816906,0.804891321,1.13584037,0.635942695,False,shared_heat,-0.531550011,-1.15312507
GOMF_CORECEPTOR_ACTIVITY,Coreceptor Activity,GO_MF,1.077344,0.491110659,1.02115321,0.547032202,1.41763881,0.377771538,False,shared_heat,1.06569586,1.4119855
GOMF_CORE_PROMOTER_SEQUENCE_SPECIFIC_DNA_BINDING,Core Promoter Sequence Specific DNA Binding,GO_MF,1.16405934,0.423179715,0.987520653,0.582668529,1.07464983,0.716090462,False,shared_heat,1.04117637,0.879840317
GOMF_CYCLIN_BINDING,Cyclin Binding,GO_MF,1.22414488,0.379281276,1.24137417,0.379525969,-0.90377025,0.884355293,False,shared_heat,1.21408159,-0.863952725
GOMF_CYCLIN_DEPENDENT_PROTEIN_KINASE_REGULATOR_ACTIVITY,Cyclin Dependent Protein Kinase Regulator Activity,GO_MF,-1.27959139,0.312514508,-1.04296172,0.537461598,-1.88857672,0.0571774204,False,shared_heat,-1.1352312,-1.16000742
GOMF_CYSTEINE_TYPE_ENDOPEPTIDASE_ACTIVITY,Cysteine Type Endopeptidase Activity,GO_MF,0.983649995,0.597229239,0.898874183,0.721030839,0.799669282,0.958893663,False,shared_heat,0.986062617,-1.21308872
GOMF_CYSTEINE_TYPE_ENDOPEPTIDASE_REGULATOR_ACTIVITY_INVOLVED_IN_APOPTOTIC_PROCESS,Cysteine Type Endopeptidase Regulator Activity Involved in Apoptotic Process,GO_MF,-0.806611521,0.773365712,0.721636911,0.870985569,-0.856535918,0.901969582,False,shared_heat,-0.713834428,-0.782468593
GOMF_CYSTEINE_TYPE_PEPTIDASE_ACTIVITY,Cysteine Type Peptidase Activity,GO_MF,-0.991125701,0.596302797,-1.03091256,0.54049703,0.966051183,0.830120789,False,shared_heat,-1.05985739,-0.919652197
GOMF_CYTOKINE_ACTIVITY,Cytokine Activity,GO_MF,2.48662436,2.52202332e-09,2.48461872,1.87842789e-09,1.07189156,0.689674164,False,shared_heat,2.41675217,0.921888374
GOMF_CYTOKINE_BINDING,Cytokine Binding,GO_MF,1.37665399,0.147194715,1.17188788,0.357326357,1.24006217,0.477278742,False,shared_heat,1.25388906,0.936861939
GOMF_CYTOKINE_RECEPTOR_ACTIVITY,Cytokine Receptor Activity,GO_MF,1.19035108,0.356761062,0.933834687,0.677071898,1.10455638,0.635942695,False,shared_heat,1.03424365,-0.704635017
GOMF_CYTOKINE_RECEPTOR_BINDING,Cytokine Receptor Binding,GO_MF,2.05819444,1.18931716e-05,1.97034905,8.25358184e-05,1.11982698,0.623802146,False,shared_heat,1.90774487,1.08314888
GOMF_CYTOSKELETAL_MOTOR_ACTIVITY,Cytoskeletal Motor Activity,GO_MF,1.53022195,0.105016011,1.3974339,0.20799627,-0.710145373,0.987104844,False,shared_heat,1.44693536,1.09726921
GOMF_CYTOSKELETAL_PROTEIN_BINDING,Cytoskeletal Protein Binding,GO_MF,1.207967,0.163132396,1.17381803,0.217198777,0.986858823,0.821832438,False,shared_heat,1.2070591,1.44286253
GOMF_DAMAGED_DNA_BINDING,Damaged DNA Binding,GO_MF,-0.917387397,0.690221219,0.824231503,0.804891321,-1.89205493,0.043607236,True,sign_reversal,-0.779444108,0.52047087
GOMF_DEACYLASE_ACTIVITY,Deacylase Activity,GO_MF,-1.14265854,0.435978964,-1.3258394,0.291189227,0.866965044,0.901969582,False,shared_heat,-1.24624796,0.683856137
GOMF_DEUBIQUITINASE_ACTIVITY,Deubiquitinase Activity,GO_MF,-1.21644846,0.382211598,-1.17217599,0.431851382,1.12796354,0.646102402,False,shared_heat,-1.0301442,1.37599999
GOMF_DIOXYGENASE_ACTIVITY,Dioxygenase Activity,GO_MF,1.85820113,0.0122256656,1.7323793,0.0430755097,0.720412136,0.980309023,False,shared_heat,1.81224299,0.52090924
GOMF_DISORDERED_DOMAIN_SPECIFIC_BINDING,Disordered Domain Specific Binding,GO_MF,1.37054061,0.252336189,1.3016212,0.330103786,0.838755815,0.91109867,False,shared_heat,1.3108941,1.11319483
GOMF_DNA_BINDING_TRANSCRIPTION_ACTIVATOR_ACTIVITY,DNA Binding Transcription Activator Activity,GO_MF,1.83826036,0.000746812782,1.72030275,0.00705153991,0.763016615,0.987104844,False,shared_heat,1.78576908,1.22900103
GOMF_DNA_BINDING_TRANSCRIPTION_FACTOR_ACTIVITY,DNA Binding Transcription Factor Activity,GO_MF,1.56212795,0.00811847726,1.36646904,0.0707855285,1.24114352,0.377771538,False,shared_heat,1.4713871,1.44598332
GOMF_DNA_BINDING_TRANSCRIPTION_FACTOR_BINDING,DNA Binding Transcription Factor Binding,GO_MF,1.49854744,0.0207521147,1.36871268,0.0809030366,1.09350181,0.634089532,False,shared_heat,1.41523882,1.45533858
GOMF_DNA_BINDING_TRANSCRIPTION_REPRESSOR_ACTIVITY,DNA Binding Transcription Repressor Activity,GO_MF,1.32465857,0.194871431,1.17803826,0.355804482,1.05636943,0.716090462,False,shared_heat,1.24622332,1.02941938
GOMF_DNA_ENDONUCLEASE_ACTIVITY,DNA Endonuclease Activity,GO_MF,0.999723365,0.590898924,1.05051401,0.53438955,-1.15451635,0.634676585,False,shared_heat,1.03539938,-0.736017067
GOMF_DNA_HELICASE_ACTIVITY,DNA Helicase Activity,GO_MF,0.839488483,0.762073379,0.997635699,0.578863264,-1.02682319,0.756052265,False,shared_heat,0.925266111,1.82934145
GOMF_DNA_NUCLEASE_ACTIVITY,DNA Nuclease Activity,GO_MF,1.28526473,0.31605353,1.37309998,0.24822683,-1.30715212,0.482476162,False,shared_heat,1.29319187,0.924960415
GOMF_DNA_POLYMERASE_ACTIVITY,DNA Polymerase Activity,GO_MF,1.35406039,0.273366122,1.46330717,0.20762454,0.697996004,0.980309023,False,shared_heat,1.40756285,1.31860988
GOMF_DNA_SECONDARY_STRUCTURE_BINDING,DNA Secondary Structure Binding,GO_MF,-1.50909882,0.152923776,-1.41365138,0.23899452,-1.16232782,0.634676585,False,shared_heat,-1.48737192,-0.849304143
GOMF_DOUBLE_STRANDED_RNA_BINDING,Double Stranded RNA Binding,GO_MF,0.971303332,0.616420793,-1.11816967,0.443902178,2.37184889,7.35590519e-05,True,sign_reversal,-0.969681517,2.61544299
GOMF_ELECTRON_TRANSFER_ACTIVITY,Electron Transfer Activity,GO_MF,-1.36002994,0.158294855,-1.11830931,0.431895507,-1.20135413,0.534755468,False,shared_heat,-1.21427137,-2.052324
GOMF_ENDONUCLEASE_ACTIVITY,Endonuclease Activity,GO_MF,0.863534752,0.74672497,-0.875416777,0.74219017,-0.903092305,0.893225317,False,shared_heat,-0.886404093,0.929709302
GOMF_ENDOPEPTIDASE_ACTIVITY,Endopeptidase Activity,GO_MF,1.12821289,0.382211598,-1.03813207,0.522568447,0.966803524,0.84280767,False,shared_heat,-1.03928651,-1.27362198
GOMF_ENDOPEPTIDASE_REGULATOR_ACTIVITY,Endopeptidase Regulator Activity,GO_MF,1.55698873,0.0638631176,1.58299709,0.0631598373,-1.01162074,0.761338425,False,shared_heat,1.49383102,-0.948674404
GOMF_ENZYME_ACTIVATOR_ACTIVITY,Enzyme Activator Activity,GO_MF,1.10270092,0.377512429,-1.15167424,0.331698723,1.13641699,0.558307551,False,shared_heat,-1.09343485,1.22805481
GOMF_ENZYME_INHIBITOR_ACTIVITY,Enzyme Inhibitor Activity,GO_MF,1.57660199,0.0172563853,1.57276667,0.0184638164,-1.09875653,0.626732392,False,shared_heat,1.54901062,-1.21219172
GOMF_ENZYME_SUBSTRATE_ADAPTOR_ACTIVITY,Enzyme Substrate Adaptor Activity,GO_MF,-1.17382011,0.400820235,-1.05989942,0.521313931,-0.812638091,0.946728202,False,shared_heat,-1.10635476,0.941707285
GOMF_EPHRIN_RECEPTOR_BINDING,Ephrin Receptor Binding,GO_MF,-1.60109317,0.0984036694,-1.58166548,0.12533225,1.40577037,0.423154004,False,shared_heat,-1.56434724,0.828700498
GOMF_EPIDERMAL_GROWTH_FACTOR_RECEPTOR_BINDING,Epidermal Growth Factor Receptor Binding,GO_MF,1.57103035,0.117333456,1.29874988,0.335491939,1.48478228,0.365984453,False,shared_heat,1.40604387,1.10831056
GOMF_EXOGENOUS_PROTEIN_BINDING,Exogenous Protein Binding,GO_MF,2.0718931,0.000822530993,2.01024867,0.00149228494,1.28802364,0.461307637,False,shared_heat,2.00043195,1.06211443
GOMF_EXONUCLEASE_ACTIVITY,Exonuclease Activity,GO_MF,0.886481034,0.715611021,0.862015928,0.761480467,1.13782072,0.634676585,False,shared_heat,0.928701551,1.77864786
GOMF_EXOPEPTIDASE_ACTIVITY,Exopeptidase Activity,GO_MF,1.33306857,0.258678403,1.29491835,0.313460953,-0.610300941,0.992762182,False,shared_heat,1.31609078,-0.888026178
GOMF_EXTRACELLULAR_MATRIX_BINDING,Extracellular Matrix Binding,GO_MF,1.72673107,0.0410377439,1.75750937,0.04119317,-1.09537,0.682931551,False,shared_heat,1.71576757,1.02809664
GOMF_EXTRACELLULAR_MATRIX_STRUCTURAL_CONSTITUENT,Extracellular Matrix Structural Constituent,GO_MF,1.33623784,0.215813811,1.46966419,0.13013388,-1.00771689,0.765054274,False,shared_heat,1.40235224,1.37413771
GOMF_FAD_BINDING,Fad Binding,GO_MF,-1.46544258,0.165224557,-1.4327091,0.212654961,1.15389448,0.634676585,False,shared_heat,-1.42034267,0.829363692
GOMF_FLAVIN_ADENINE_DINUCLEOTIDE_BINDING,Flavin Adenine Dinucleotide Binding,GO_MF,-1.23555142,0.336812775,-1.27113597,0.317236616,0.954679942,0.84280767,False,shared_heat,-1.2274248,0.816128245
GOMF_GAMMA_TUBULIN_BINDING,gamma Tubulin Binding,GO_MF,-0.947512895,0.640741482,-0.978619605,0.597409183,0.90006451,0.884355293,False,shared_heat,-0.949908972,-0.682355711
GOMF_GATED_CHANNEL_ACTIVITY,Gated Channel Activity,GO_MF,1.08295743,0.48885986,0.927525874,0.670646035,0.911421414,0.884355293,False,shared_heat,0.984527246,1.02685454
GOMF_GDP_BINDING,Gdp Binding,GO_MF,1.25161007,0.34354759,1.34761609,0.261920711,-1.26341043,0.534755468,False,shared_heat,1.34653938,0.752974598
GOMF_GENERAL_TRANSCRIPTION_INITIATION_FACTOR_ACTIVITY,General Transcription Initiation Factor Activity,GO_MF,0.806584521,0.771450825,0.879402388,0.72025614,-1.37049453,0.453507798,False,shared_heat,0.747350458,0.600603089
GOMF_GENERAL_TRANSCRIPTION_INITIATION_FACTOR_BINDING,General Transcription Initiation Factor Binding,GO_MF,-0.909819718,0.690221219,-0.822527063,0.781318497,-0.777771752,0.958893663,False,shared_heat,-0.911229085,0.993524813
GOMF_GLUTAMATE_RECEPTOR_BINDING,Glutamate Receptor Binding,GO_MF,1.2092493,0.391047815,1.16629055,0.435513553,-0.989737465,0.789994116,False,shared_heat,1.13951647,0.97898172
GOMF_GLYCOSAMINOGLYCAN_BINDING,Glycosaminoglycan Binding,GO_MF,1.33211215,0.165224557,1.25616632,0.254208239,0.826500465,0.958893663,False,shared_heat,1.24207885,1.0379954
GOMF_GLYCOSYLTRANSFERASE_ACTIVITY,Glycosyltransferase Activity,GO_MF,1.43630972,0.114623571,1.10086942,0.443902178,1.47076903,0.25128129,False,shared_heat,1.29123479,0.816388122
GOMF_GROWTH_FACTOR_ACTIVITY,Growth Factor Activity,GO_MF,1.94100018,0.00372351054,1.94242636,0.00290165941,0.848435746,0.938021699,False,shared_heat,1.98494321,-0.695141856
GOMF_GROWTH_FACTOR_BINDING,Growth Factor Binding,GO_MF,1.53711278,0.0591199087,1.4037173,0.145826606,0.736313956,0.987104844,False,shared_heat,1.41892677,1.05984297
GOMF_GROWTH_FACTOR_RECEPTOR_BINDING,Growth Factor Receptor Binding,GO_MF,1.90084631,0.00250040897,1.71998914,0.0184638164,1.21130134,0.539042988,False,shared_heat,1.79733163,0.90577277
GOMF_GTPASE_ACTIVATOR_ACTIVITY,Gtpase Activator Activity,GO_MF,-1.31238663,0.212559994,-1.45075007,0.11896804,1.23675661,0.499049615,False,shared_heat,-1.41184864,1.84874318
GOMF_GTPASE_ACTIVITY,Gtpase Activity,GO_MF,-0.997594509,0.590898924,-1.13028355,0.418330685,1.01006703,0.761338425,False,shared_heat,-1.08005074,1.06483781
GOMF_GTPASE_BINDING,Gtpase Binding,GO_MF,-1.19102831,0.317008666,-1.17724562,0.347803557,1.02389611,0.750444663,False,shared_heat,-1.18935683,1.93053287
GOMF_GUANYL_NUCLEOTIDE_BINDING,Guanyl Nucleotide Binding,GO_MF,1.0854681,0.441087216,-1.07033072,0.467813897,0.747229344,0.987104844,False,shared_heat,1.05276253,0.911505574
GOMF_GUANYL_NUCLEOTIDE_EXCHANGE_FACTOR_ACTIVITY,Guanyl Nucleotide Exchange Factor Activity,GO_MF,-1.23455487,0.303210938,-1.35474732,0.197966122,1.47172965,0.25128129,False,shared_heat,-1.30186606,1.3260355
GOMF_G_PROTEIN_ACTIVITY,G Protein Activity,GO_MF,1.53978753,0.108259893,1.49186393,0.155778938,-1.1287035,0.635942695,False,shared_heat,1.4692025,0.706445952
GOMF_G_PROTEIN_COUPLED_RECEPTOR_ACTIVITY,G Protein Coupled Receptor Activity,GO_MF,1.27181245,0.258502449,1.19082896,0.350671911,0.725670507,0.987104844,False,shared_heat,1.23808065,0.973639462
GOMF_G_PROTEIN_COUPLED_RECEPTOR_BINDING,G Protein Coupled Receptor Binding,GO_MF,1.61844803,0.0281127645,1.46217916,0.0897714708,1.23846251,0.473740698,False,shared_heat,1.52665543,1.59342307
GOMF_HEAT_SHOCK_PROTEIN_BINDING,Heat Shock Protein Binding,GO_MF,1.3049469,0.252336189,1.42633719,0.170827673,-1.28525212,0.461307637,False,shared_heat,1.40127552,1.29432689
GOMF_HEPARIN_BINDING,Heparin Binding,GO_MF,1.34863315,0.194871431,1.29642525,0.251697553,-0.845841571,0.946584086,False,shared_heat,1.29194211,1.10848201
GOMF_HEXOSYLTRANSFERASE_ACTIVITY,Hexosyltransferase Activity,GO_MF,1.31672923,0.247385659,1.11061609,0.443902178,1.18245392,0.603860655,False,shared_heat,1.21147676,-0.530549086
GOMF_HISTONE_BINDING,Histone Binding,GO_MF,-0.860521276,0.755653938,-0.837931864,0.781361223,-1.22781064,0.534755468,False,shared_heat,-0.840929838,1.18822849
GOMF_HISTONE_DEACETYLASE_BINDING,Histone Deacetylase Binding,GO_MF,1.37262947,0.173069555,1.11159473,0.439770329,1.28278549,0.461307637,False,shared_heat,1.22310518,-0.780472788
GOMF_HISTONE_KINASE_ACTIVITY,Histone Kinase Activity,GO_MF,1.21730278,0.382211598,1.16149919,0.435513553,1.14131989,0.635942695,False,shared_heat,1.22299845,0.885391409
GOMF_HISTONE_MODIFYING_ACTIVITY,Histone Modifying Activity,GO_MF,1.31907296,0.212559994,1.2562558,0.284842185,0.878908787,0.91109867,False,shared_heat,1.3379427,1.34931042
GOMF_HISTONE_READER_ACTIVITY,Histone Reader Activity,GO_MF,-0.804787951,0.783513722,0.966315511,0.607490042,-1.05271479,0.731942913,False,shared_heat,0.735158672,1.00454255
GOMF_HORMONE_ACTIVITY,Hormone Activity,GO_MF,0.78662998,0.802111831,0.98662084,0.582668529,-0.722168063,0.980309023,False,shared_heat,0.825486947,1.34247492
GOMF_HORMONE_BINDING,Hormone Binding,GO_MF,1.27866188,0.311261056,1.14182773,0.435513553,1.18073576,0.623802146,False,shared_heat,1.22885294,1.13212421
GOMF_HSP90_PROTEIN_BINDING,Hsp90 Protein Binding,GO_MF,-0.984395502,0.597229239,-0.966463367,0.608347985,-0.793683805,0.946728202,False,shared_heat,-0.98062057,1.53453122
GOMF_HYDROLASE_ACTIVITY_ACTING_ON_ACID_ANHYDRIDES,Hydrolase Activity Acting On Acid Anhydrides,GO_MF,1.08862572,0.390981853,-1.10765258,0.396406713,1.17317135,0.461307637,False,shared_heat,1.03795287,1.79263749
GOMF_HYDROLASE_ACTIVITY_ACTING_ON_CARBON_NITROGEN_BUT_NOT_PEPTIDE_BONDS,Hydrolase Activity Acting On Carbon Nitrogen But Not Peptide Bonds,GO_MF,0.968233102,0.621642487,0.885652949,0.74219017,1.04254148,0.732536832,False,shared_heat,0.894245303,1.07439403
GOMF_HYDROLASE_ACTIVITY_ACTING_ON_CARBON_NITROGEN_BUT_NOT_PEPTIDE_BONDS_IN_LINEAR_AMIDES,Hydrolase Activity Acting On Carbon Nitrogen But Not Peptide Bonds in Linear ...,GO_MF,1.06663104,0.503593393,1.05247615,0.523716187,0.747364122,0.966629827,False,shared_heat,1.05436465,-0.881633693
GOMF_HYDROLASE_ACTIVITY_ACTING_ON_ESTER_BONDS,Hydrolase Activity Acting On Ester Bonds,GO_MF,-0.972365821,0.639278982,-1.21437233,0.251697553,1.33052736,0.267082438,False,shared_heat,-1.06171163,1.34861017
GOMF_HYDROLASE_ACTIVITY_ACTING_ON_GLYCOSYL_BONDS,Hydrolase Activity Acting On Glycosyl Bonds,GO_MF,0.778021285,0.835313079,0.79382108,0.820171802,1.00278978,0.770332453,False,shared_heat,-0.80067506,-0.665993614
GOMF_HYDROLASE_ACTIVITY_HYDROLYZING_O_GLYCOSYL_COMPOUNDS,Hydrolase Activity Hydrolyzing O Glycosyl Compounds,GO_MF,-0.998290535,0.591065819,-1.11511641,0.470057617,1.62686035,0.25128129,False,shared_heat,-1.09128417,-0.683578498
GOMF_HYDRO_LYASE_ACTIVITY,Hydro Lyase Activity,GO_MF,-1.15549417,0.433895227,-0.986170436,0.586619124,-1.14526989,0.635942695,False,shared_heat,-1.15922076,-0.907750965
GOMF_IMMUNE_RECEPTOR_ACTIVITY,Immune Receptor Activity,GO_MF,-0.90393925,0.715611021,-1.19108063,0.352535377,1.34206296,0.377771538,False,shared_heat,-1.07499392,-1.19463073
GOMF_INTEGRIN_BINDING,Integrin Binding,GO_MF,1.41612635,0.116255231,1.39195712,0.145826606,-1.07478414,0.674472144,False,shared_heat,1.3900329,1.06053103
GOMF_INTRAMOLECULAR_OXIDOREDUCTASE_ACTIVITY,Intramolecular Oxidoreductase Activity,GO_MF,-0.814279482,0.775959781,0.823615361,0.781318497,-0.88005618,0.895030348,False,shared_heat,0.819273898,-1.45168468
GOMF_IRON_ION_BINDING,Iron Ion Binding,GO_MF,1.64264504,0.0432788593,1.56247296,0.0885856987,0.546758824,0.995040961,False,shared_heat,1.64383878,-0.933277833
GOMF_ISOMERASE_ACTIVITY,Isomerase Activity,GO_MF,1.41798362,0.060799984,1.36740155,0.096751253,1.0272032,0.737605151,False,shared_heat,1.42597334,1.54350013
GOMF_ISOPRENOID_BINDING,Isoprenoid Binding,GO_MF,1.614953,0.0984036694,1.54377664,0.158784071,-0.690159362,0.980309023,False,shared_heat,1.58532334,-1.00894033
GOMF_KINASE_ACTIVATOR_ACTIVITY,Kinase Activator Activity,GO_MF,1.18657172,0.35191867,1.23198675,0.317236616,0.817755546,0.958893663,False,shared_heat,1.21880691,0.923403605
GOMF_KINASE_ACTIVITY,Kinase Activity,GO_MF,1.45739545,0.0133806456,1.34941121,0.0533057962,1.44205882,0.0812185861,False,shared_heat,1.38805934,1.54324474
GOMF_KINASE_BINDING,Kinase Binding,GO_MF,1.48268704,0.00677916093,1.40985087,0.0176593431,1.16890651,0.444463149,False,shared_heat,1.45626693,0.976833016
GOMF_KINASE_INHIBITOR_ACTIVITY,Kinase Inhibitor Activity,GO_MF,-1.04490949,0.521507306,1.1022484,0.444846547,-1.11825939,0.634676585,False,shared_heat,1.06085017,-0.916692623
GOMF_KINASE_REGULATOR_ACTIVITY,Kinase Regulator Activity,GO_MF,1.15437333,0.34354759,1.22797659,0.24822683,-0.81792821,0.982295681,False,shared_heat,1.13746503,-1.06989538
GOMF_KINESIN_BINDING,Kinesin Binding,GO_MF,-1.16673726,0.431140432,-1.18234212,0.429150375,0.944456958,0.84280767,False,shared_heat,-1.16223691,1.02738324
GOMF_LIGAND_GATED_CHANNEL_ACTIVITY,Ligand Gated Channel Activity,GO_MF,-1.0662071,0.515623176,-1.07830104,0.511870213,1.05891226,0.731942913,False,shared_heat,-1.08806848,0.799270373
GOMF_LIGAND_GATED_MONOATOMIC_CATION_CHANNEL_ACTIVITY,Ligand Gated Monoatomic Cation Channel Activity,GO_MF,-1.16689567,0.431140432,-1.12723832,0.458574962,0.932773178,0.850336527,False,shared_heat,-1.16304565,0.814133849
GOMF_LIGAND_MODULATED_TRANSCRIPTION_FACTOR_ACTIVITY,Ligand Modulated Transcription Factor Activity,GO_MF,1.24895183,0.34354759,1.18101519,0.416258701,0.738900511,0.974396444,False,shared_heat,1.19487464,1.18922974
GOMF_LIGASE_ACTIVITY,Ligase Activity,GO_MF,-1.37547065,0.161443766,-1.36494363,0.197966122,1.16385698,0.603860655,False,shared_heat,-1.4115318,1.02119875
GOMF_LIGASE_ACTIVITY_FORMING_CARBON_SULFUR_BONDS,Ligase Activity Forming Carbon Sulfur Bonds,GO_MF,-1.84000756,0.0172563853,-1.80335266,0.0275921746,1.62632324,0.25128129,False,shared_heat,-1.83638521,-0.966685373
GOMF_LIPASE_ACTIVITY,Lipase Activity,GO_MF,0.918337212,0.682517773,0.794177663,0.812438669,0.944312729,0.847859462,False,shared_heat,0.858816335,1.31055671
GOMF_LIPID_BINDING,Lipid Binding,GO_MF,1.35241411,0.0638905054,1.31049946,0.0986061682,-0.826793895,0.987104844,False,shared_heat,1.3232137,-1.63502193
GOMF_LIPID_TRANSFER_ACTIVITY,Lipid Transfer Activity,GO_MF,-1.28163749,0.342481546,-1.25711139,0.368643313,-0.7454868,0.961956025,False,shared_heat,-1.28490594,-0.863060975
GOMF_LIPID_TRANSMEMBRANE_TRANSPORTER_ACTIVITY,Lipid Transmembrane Transporter Activity,GO_MF,-0.825789452,0.755653938,-1.06788034,0.522799097,1.53405718,0.317152124,False,shared_heat,-0.965415874,-0.630687303
GOMF_LIPID_TRANSPORTER_ACTIVITY,Lipid Transporter Activity,GO_MF,-1.29891148,0.262868915,-1.44635819,0.159486057,1.39114258,0.377771538,False,shared_heat,-1.37652081,-1.0722342
GOMF_LIPOPROTEIN_PARTICLE_RECEPTOR_BINDING,Lipoprotein Particle Receptor Binding,GO_MF,1.53204712,0.148602669,1.56898284,0.14176764,1.1502117,0.635942695,False,shared_heat,1.50915906,-0.734686315
GOMF_LYASE_ACTIVITY,Lyase Activity,GO_MF,1.2276097,0.28821121,1.11305351,0.428537992,-0.933217508,0.884355293,False,shared_heat,1.1840521,-0.87686932
GOMF_L_AMINO_ACID_TRANSMEMBRANE_TRANSPORTER_ACTIVITY,L Amino Acid Transmembrane Transporter Activity,GO_MF,0.983173556,0.597229239,0.858652565,0.737422559,1.49001194,0.365984453,False,shared_heat,0.891296168,1.15444454
GOMF_MACROMOLECULAR_CONFORMATION_ISOMERASE_ACTIVITY,Macromolecular Conformation Isomerase Activity,GO_MF,1.40919195,0.103032447,1.29586406,0.209385302,1.28081537,0.41536636,False,shared_heat,1.33451678,1.92736982
GOMF_MAGNESIUM_ION_BINDING,Magnesium Ion Binding,GO_MF,1.20145198,0.306590359,1.24465118,0.254208239,-0.715174754,0.992762182,False,shared_heat,1.19434007,1.24691336
GOMF_MANGANESE_ION_BINDING,Manganese Ion Binding,GO_MF,0.893146967,0.698185919,-0.863461301,0.74338223,1.03417213,0.752809682,False,shared_heat,0.864620385,1.33233421
GOMF_METALLOENDOPEPTIDASE_ACTIVITY,Metalloendopeptidase Activity,GO_MF,0.953656315,0.639278982,-0.944751803,0.64759611,1.36506796,0.423154004,False,shared_heat,-0.826511368,-0.862010755
GOMF_METALLOEXOPEPTIDASE_ACTIVITY,Metalloexopeptidase Activity,GO_MF,0.961153292,0.62278753,0.853760574,0.74338223,0.905005862,0.884355293,False,shared_heat,0.926426851,0.874460421
GOMF_METALLOPEPTIDASE_ACTIVITY,Metallopeptidase Activity,GO_MF,1.00864147,0.575484115,-0.776438519,0.866738673,1.15520976,0.624940652,False,shared_heat,0.820208613,-0.792446033
GOMF_METAL_CLUSTER_BINDING,Metal Cluster Binding,GO_MF,-0.905207023,0.69571914,-0.744571008,0.878492197,-1.05629627,0.716090462,False,shared_heat,-0.824385247,-0.89154582
GOMF_METAL_ION_TRANSMEMBRANE_TRANSPORTER_ACTIVITY,Metal Ion Transmembrane Transporter Activity,GO_MF,1.12664825,0.400820235,-1.13117968,0.420009274,1.53665072,0.1582292,False,shared_heat,1.1037859,1.16850713
GOMF_MHC_CLASS_II_PROTEIN_COMPLEX_BINDING,MHC Class II Protein Complex Binding,GO_MF,-1.10215349,0.489408428,-1.17259597,0.434994922,0.622954727,0.987104844,False,shared_heat,-1.15889888,-1.43163662
GOMF_MHC_PROTEIN_BINDING,MHC Protein Binding,GO_MF,-1.51136352,0.148602669,-1.38210902,0.252104389,1.21689864,0.603860655,False,shared_heat,-1.39728513,-0.769672565
GOMF_MHC_PROTEIN_COMPLEX_BINDING,MHC Protein Complex Binding,GO_MF,-1.34686345,0.263354338,-1.29952334,0.330278019,1.00360864,0.770332453,False,shared_heat,-1.32714757,-1.15395487
GOMF_MICROTUBULE_BINDING,Microtubule Binding,GO_MF,-0.940704828,0.684664908,-0.876810117,0.779513362,0.863295508,0.945812032,False,shared_heat,-0.918819646,1.45996856
GOMF_MICROTUBULE_MOTOR_ACTIVITY,Microtubule Motor Activity,GO_MF,1.08700168,0.491110659,1.03802538,0.537461598,-0.913551896,0.884355293,False,shared_heat,1.09228745,1.24773158
GOMF_MODIFICATION_DEPENDENT_PROTEIN_BINDING,Modification Dependent Protein Binding,GO_MF,-0.898514081,0.69571914,-0.811602319,0.781318497,-0.856105147,0.901969582,False,shared_heat,-0.847443115,-0.818864863
GOMF_MODIFIED_AMINO_ACID_BINDING,Modified Amino Acid Binding,GO_MF,1.49270645,0.152923776,1.42014828,0.212736003,-1.08368041,0.706925777,False,shared_heat,1.45498125,-0.87022357
GOMF_MODIFIED_AMINO_ACID_TRANSMEMBRANE_TRANSPORTER_ACTIVITY,Modified Amino Acid Transmembrane Transporter Activity,GO_MF,-1.52205915,0.146788371,-1.67257642,0.0751940485,1.24119121,0.587998819,False,shared_heat,-1.5876268,-0.870784268
GOMF_MOLECULAR_ADAPTOR_ACTIVITY,Molecular Adaptor Activity,GO_MF,1.25988743,0.0669584288,1.25076504,0.0778474217,1.30836274,0.151204911,False,shared_heat,1.21946079,1.49395386
GOMF_MOLECULAR_CARRIER_ACTIVITY,Molecular Carrier Activity,GO_MF,1.20646864,0.356761062,1.19707968,0.373543902,-0.55094238,0.995040961,False,shared_heat,1.26520338,-1.00137534
GOMF_MOLECULAR_CONDENSATE_SCAFFOLD_ACTIVITY,Molecular Condensate Scaffold Activity,GO_MF,1.59567186,0.0984036694,1.54390262,0.14176764,-0.791171951,0.95561647,False,shared_heat,1.58298555,-0.756879384
GOMF_MOLECULAR_FUNCTION_ACTIVATOR_ACTIVITY,Molecular Function Activator Activity,GO_MF,1.71272628,8.1403616e-06,1.6707215,6.1667342e-05,1.01179453,0.761338425,False,shared_heat,1.63567162,1.3248413
GOMF_MOLECULAR_FUNCTION_INHIBITOR_ACTIVITY,Molecular Function Inhibitor Activity,GO_MF,1.50045812,0.0181639375,1.52357399,0.0176593431,-0.885902424,0.958893663,False,shared_heat,1.49353866,-1.37050943
GOMF_MOLECULAR_SENSOR_ACTIVITY,Molecular Sensor Activity,GO_MF,-0.796995984,0.796141819,0.747669965,0.863849811,-0.916551744,0.884355293,False,shared_heat,-0.786809121,0.7901661
GOMF_MOLECULAR_SEQUESTERING_ACTIVITY,Molecular Sequestering Activity,GO_MF,1.56689885,0.0843338255,1.39715798,0.20762454,1.07222329,0.71365583,False,shared_heat,1.49089538,1.08962509
GOMF_MOLECULAR_TRANSDUCER_ACTIVITY,Molecular Transducer Activity,GO_MF,1.63505497,0.000698787649,1.46916035,0.010326654,1.4382234,0.0797433372,False,shared_heat,1.50826594,1.21005373
GOMF_MONOATOMIC_ANION_TRANSMEMBRANE_TRANSPORTER_ACTIVITY,Monoatomic Anion Transmembrane Transporter Activity,GO_MF,1.10948944,0.469112507,1.00009845,0.578812839,1.20349767,0.603860655,False,shared_heat,1.0675547,1.54433438
GOMF_MONOATOMIC_CATION_CHANNEL_ACTIVITY,Monoatomic Cation Channel Activity,GO_MF,-1.0439344,0.517452374,-1.00535508,0.572509758,1.09497923,0.653355128,False,shared_heat,-0.99589689,-1.21876614
GOMF_MONOATOMIC_CATION_TRANSMEMBRANE_TRANSPORTER_ACTIVITY,Monoatomic Cation Transmembrane Transporter Activity,GO_MF,-1.33046061,0.109579153,-1.37109143,0.096221938,1.06126858,0.674472144,False,shared_heat,-1.3231993,-1.70181784
GOMF_MONOATOMIC_ION_TRANSMEMBRANE_TRANSPORTER_ACTIVITY,Monoatomic Ion Transmembrane Transporter Activity,GO_MF,-1.27293764,0.157592183,-1.32962605,0.126912189,1.1382442,0.570650092,False,shared_heat,-1.26537684,-1.59420917
GOMF_MONOCARBOXYLIC_ACID_BINDING,Monocarboxylic Acid Binding,GO_MF,1.12627088,0.445857694,0.995505065,0.579182278,-0.754965266,0.966629827,False,shared_heat,1.07093057,-1.25555556
GOMF_MONOCARBOXYLIC_ACID_TRANSMEMBRANE_TRANSPORTER_ACTIVITY,Monocarboxylic Acid Transmembrane Transporter Activity,GO_MF,-1.38946884,0.219675251,-1.43305361,0.20762454,1.5491699,0.26753287,False,shared_heat,-1.40790399,0.910032433
GOMF_MONOOXYGENASE_ACTIVITY,Monooxygenase Activity,GO_MF,0.885623218,0.698131081,0.915244772,0.670646035,-0.704118819,0.980309023,False,shared_heat,0.921755776,-0.952730524
GOMF_MONOSACCHARIDE_BINDING,Monosaccharide Binding,GO_MF,1.62263413,0.0697417992,1.63125519,0.0795156794,1.21023128,0.590393753,False,shared_heat,1.63674178,-1.2572193
GOMF_MRNA_3_UTR_BINDING,mRNA 3 Utr Binding,GO_MF,-0.793354866,0.83671339,-0.74364498,0.887838754,-0.856697919,0.929463687,False,shared_heat,-0.826293956,-0.887293693
GOMF_MRNA_BINDING,mRNA Binding,GO_MF,1.0327901,0.515623176,0.997151891,0.578812839,-0.981723475,0.821832438,False,shared_heat,1.02413843,-0.845866279
GOMF_MYOSIN_BINDING,Myosin Binding,GO_MF,-1.52462516,0.140596198,-1.42570107,0.220885017,0.570489941,0.992762182,False,shared_heat,-1.49238113,1.54751787
GOMF_NADH_DEHYDROGENASE_UBIQUINONE_ACTIVITY,NADH Dehydrogenase Ubiquinone Activity,GO_MF,-1.69155879,0.0425838231,-1.48155743,0.159486057,-1.43611403,0.365984453,False,shared_heat,-1.57551465,-2.13286076
GOMF_NADP_BINDING,Nadp Binding,GO_MF,-1.44190578,0.163617723,-1.38495942,0.225310519,-1.14612754,0.634089532,False,shared_heat,-1.41400946,-0.859925901
GOMF_NAD_BINDING,Nad Binding,GO_MF,-1.34741567,0.222113052,-1.31122049,0.276022753,0.661485379,0.987144704,False,shared_heat,-1.30013773,-1.13577428
GOMF_NON_MEMBRANE_SPANNING_PROTEIN_TYROSINE_KINASE_ACTIVITY,Non Membrane Spanning Protein Tyrosine Kinase Activity,GO_MF,-1.07009118,0.503593393,-1.34205466,0.273228635,1.42608195,0.377771538,False,shared_heat,-1.24873684,1.42301791
GOMF_NUCLEAR_RECEPTOR_BINDING,Nuclear Receptor Binding,GO_MF,1.56727309,0.0702750206,1.64743755,0.0511010018,0.890972418,0.895030348,False,shared_heat,1.5775162,1.27787966
GOMF_NUCLEASE_ACTIVITY,Nuclease Activity,GO_MF,0.8995597,0.718234738,-1.01853959,0.547099244,1.2582185,0.461307637,False,shared_heat,-0.903948759,1.6003035
GOMF_NUCLEIC_ACID_CONFORMATION_ISOMERASE_ACTIVITY,Nucleic Acid Conformation Isomerase Activity,GO_MF,1.36076566,0.192828142,1.10986902,0.443902178,1.6412621,0.133324609,False,shared_heat,1.23542288,2.15120108
GOMF_NUCLEOBASE_CONTAINING_COMPOUND_KINASE_ACTIVITY,Nucleobase Containing Compound Kinase Activity,GO_MF,-0.755652244,0.835313079,0.853254835,0.7436679,-1.16575105,0.634089532,False,shared_heat,-0.699231917,1.2632408
GOMF_NUCLEOBASE_CONTAINING_COMPOUND_TRANSMEMBRANE_TRANSPORTER_ACTIVITY,Nucleobase Containing Compound Transmembrane Transporter Activity,GO_MF,-1.32580217,0.281434018,-1.47969149,0.175421179,1.51433678,0.316200008,False,shared_heat,-1.38780852,-0.784434318
GOMF_NUCLEOSIDE_TRIPHOSPHATASE_REGULATOR_ACTIVITY,Nucleoside Triphosphatase Regulator Activity,GO_MF,-1.30642183,0.157592183,-1.42988385,0.0807441023,1.2755126,0.377771538,False,shared_heat,-1.41375699,1.56961873
GOMF_NUCLEOSOME_BINDING,Nucleosome Binding,GO_MF,-0.971600935,0.616120235,-0.881389865,0.7217363,-0.65689484,0.987104844,False,shared_heat,-0.924975129,-1.13662145
GOMF_NUCLEOTIDYLTRANSFERASE_ACTIVITY,Nucleotidyltransferase Activity,GO_MF,1.31627797,0.217563668,0.968903771,0.60910803,1.63863846,0.125197151,False,shared_heat,1.14462911,2.06768602
GOMF_N_ACYLTRANSFERASE_ACTIVITY,N Acyltransferase Activity,GO_MF,-1.42226395,0.212559994,-1.48395298,0.187678209,-0.646151426,0.987104844,False,shared_heat,-1.4116304,1.10771988
GOMF_N_METHYLTRANSFERASE_ACTIVITY,N Methyltransferase Activity,GO_MF,0.662079517,0.919263779,1.03228017,0.544489405,-1.90349475,0.0735627316,False,shared_heat,0.88499129,0.915485173
GOMF_ORGANIC_ACID_BINDING,Organic Acid Binding,GO_MF,1.35759043,0.165224557,1.28052906,0.251697553,-0.898541315,0.901969582,False,shared_heat,1.31804727,-1.07443616
GOMF_ORGANOPHOSPHATE_ESTER_TRANSMEMBRANE_TRANSPORTER_ACTIVITY,Organophosphate Ester Transmembrane Transporter Activity,GO_MF,-1.3135308,0.311261056,-1.45677734,0.206041824,1.08307634,0.71365583,False,shared_heat,-1.41234479,-0.997396963
GOMF_OXIDOREDUCTASE_ACTIVITY,Oxidoreductase Activity,GO_MF,-1.04244469,0.489408428,-1.0651357,0.443902178,0.834625288,0.987104844,False,shared_heat,-1.05990701,-1.52942078
GOMF_OXIDOREDUCTASE_ACTIVITY_ACTING_ON_A_SULFUR_GROUP_OF_DONORS,Oxidoreductase Activity Acting On A Sulfur Group of Donors,GO_MF,0.949385014,0.640741482,1.02411953,0.547099244,-0.800208326,0.946728202,False,shared_heat,1.01850016,-1.20112251
GOMF_OXIDOREDUCTASE_ACTIVITY_ACTING_ON_CH_OH_GROUP_OF_DONORS,Oxidoreductase Activity Acting On Ch Oh Group of Donors,GO_MF,-1.28833275,0.245694949,-1.22892862,0.331698723,1.0148608,0.761338425,False,shared_heat,-1.25764538,-1.30429971
GOMF_OXIDOREDUCTASE_ACTIVITY_ACTING_ON_NAD_P_H,Oxidoreductase Activity Acting On Nad P H,GO_MF,-1.00500494,0.589034045,-1.16737762,0.42784097,0.939436454,0.850336527,False,shared_heat,-1.03478121,-0.89765161
GOMF_OXIDOREDUCTASE_ACTIVITY_ACTING_ON_PAIRED_DONORS_WITH_INCORPORATION_OR_REDUCTION_OF_MOLECULAR_OXYGEN,Oxidoreductase Activity Acting On Paired Donors With Incorporation or Reducti...,GO_MF,1.7036034,0.0336828999,1.68103699,0.0430755097,0.828987911,0.945812032,False,shared_heat,1.76358984,0.699300572
GOMF_OXIDOREDUCTASE_ACTIVITY_ACTING_ON_PEROXIDE_AS_ACCEPTOR,Oxidoreductase Activity Acting On Peroxide As Acceptor,GO_MF,-0.938255411,0.656184088,-0.985782284,0.586619124,-0.762291754,0.961351777,False,shared_heat,-0.959164214,-1.87651583
GOMF_OXIDOREDUCTASE_ACTIVITY_ACTING_ON_THE_ALDEHYDE_OR_OXO_GROUP_OF_DONORS,Oxidoreductase Activity Acting On the Aldehyde or Oxo Group of Donors,GO_MF,-0.867076644,0.718234738,-1.03551292,0.544124902,-0.750224026,0.966629827,False,shared_heat,-0.915474582,-1.35648078
GOMF_OXIDOREDUCTASE_ACTIVITY_ACTING_ON_THE_ALDEHYDE_OR_OXO_GROUP_OF_DONORS_NAD_OR_NADP_AS_ACCEPTOR,Oxidoreductase Activity Acting On the Aldehyde or Oxo Group of Donors Nad or ...,GO_MF,1.1249082,0.462820471,1.07366956,0.511031843,-0.945160053,0.84280767,False,shared_heat,1.0964911,-1.09015906
GOMF_OXIDOREDUCTASE_ACTIVITY_ACTING_ON_THE_CH_CH_GROUP_OF_DONORS,Oxidoreductase Activity Acting On the Ch Ch Group of Donors,GO_MF,1.22757699,0.34354759,1.1749955,0.410268523,0.699185036,0.987104844,False,shared_heat,1.19685149,-1.27693647
GOMF_OXIDOREDUCTASE_ACTIVITY_ACTING_ON_THE_CH_CH_GROUP_OF_DONORS_NAD_OR_NADP_AS_ACCEPTOR,Oxidoreductase Activity Acting On the Ch Ch Group of Donors Nad or Nadp As Ac...,GO_MF,1.08226088,0.502379177,0.97505707,0.596976123,1.13362772,0.646102402,False,shared_heat,1.02168012,-0.665111619
GOMF_OXIDOREDUCTION_DRIVEN_ACTIVE_TRANSMEMBRANE_TRANSPORTER_ACTIVITY,Oxidoreduction Driven Active Transmembrane Transporter Activity,GO_MF,-1.54883326,0.074787393,-1.37554377,0.20870201,-1.2250994,0.534755468,False,shared_heat,-1.45086603,-2.09102929
GOMF_O_ACYLTRANSFERASE_ACTIVITY,O Acyltransferase Activity,GO_MF,-0.872265885,0.713534644,-0.865540644,0.736401041,0.587550662,0.992762182,False,shared_heat,-0.769918305,-0.976590033
GOMF_P53_BINDING,p53 Binding,GO_MF,1.25229559,0.34354759,1.17452821,0.418330685,0.997222779,0.779339774,False,shared_heat,1.195801,1.02094186
GOMF_PASSIVE_TRANSMEMBRANE_TRANSPORTER_ACTIVITY,Passive Transmembrane Transporter Activity,GO_MF,1.46703483,0.0702750206,1.30803026,0.205016157,1.16987371,0.574320028,False,shared_heat,1.3774217,-0.986113934
GOMF_PATTERN_RECOGNITION_RECEPTOR_ACTIVITY,Pattern Recognition Receptor Activity,GO_MF,-0.827134096,0.755653938,-1.44693814,0.212654961,1.65693812,0.22673678,False,shared_heat,-1.2660815,1.8548643
GOMF_PDZ_DOMAIN_BINDING,Pdz Domain Binding,GO_MF,-1.13259898,0.441087216,-1.27516623,0.335491939,-0.787555967,0.958893663,False,shared_heat,-1.17878323,1.29197093
GOMF_PENTOSYLTRANSFERASE_ACTIVITY,Pentosyltransferase Activity,GO_MF,1.15730333,0.431140432,-0.937201774,0.651782905,1.48808184,0.365984453,False,shared_heat,1.03879056,1.18420219
GOMF_PEPTIDASE_ACTIVATOR_ACTIVITY,Peptidase Activator Activity,GO_MF,1.03062085,0.541067397,0.994408655,0.579135514,-0.898637311,0.893225317,False,shared_heat,0.967555998,-0.844122966
GOMF_PEPTIDASE_ACTIVITY,Peptidase Activity,GO_MF,1.094606,0.422819076,-1.00797367,0.56297914,1.04925686,0.71365583,False,shared_heat,-1.02128276,-1.05978503
GOMF_PEPTIDASE_INHIBITOR_ACTIVITY,Peptidase Inhibitor Activity,GO_MF,1.69557199,0.036562487,1.78546244,0.020132898,-1.23761167,0.534755468,False,shared_heat,1.64773293,-0.976386065
GOMF_PEPTIDASE_REGULATOR_ACTIVITY,Peptidase Regulator Activity,GO_MF,1.56332745,0.0467599852,1.5914106,0.0430755097,-1.17302088,0.570650092,False,shared_heat,1.50757274,-1.00698151
GOMF_PEPTIDE_ANTIGEN_BINDING,Peptide Antigen Binding,GO_MF,-1.89128378,0.0115497668,-1.89912953,0.0147135807,1.43903214,0.377771538,False,shared_heat,-1.90949641,0.787042951
GOMF_PEPTIDE_BINDING,Peptide Binding,GO_MF,-0.912575919,0.713045291,-1.06102211,0.488424879,1.37726974,0.316200008,False,shared_heat,-1.01860335,-0.89844828
GOMF_PHOSPHATASE_ACTIVITY,Phosphatase Activity,GO_MF,-0.911447431,0.710022176,-0.993070566,0.582668529,0.98050544,0.821832438,False,shared_heat,-0.925821169,0.848654654
GOMF_PHOSPHATASE_BINDING,Phosphatase Binding,GO_MF,1.12236999,0.412026188,1.18363635,0.347803557,-1.0466356,0.716090462,False,shared_heat,1.12538631,-0.772151088
GOMF_PHOSPHATASE_REGULATOR_ACTIVITY,Phosphatase Regulator Activity,GO_MF,1.68443283,0.0432788593,1.50417862,0.14176764,1.0097842,0.765054274,False,shared_heat,1.60915301,-0.846088806
GOMF_PHOSPHATIDYLINOSITOL_4_5_BISPHOSPHATE_BINDING,Phosphatidylinositol 4 5 Bisphosphate Binding,GO_MF,0.997982134,0.590898924,1.09525961,0.477688428,-0.963054351,0.824481596,False,shared_heat,1.02623677,-1.32883729
GOMF_PHOSPHATIDYLINOSITOL_BINDING,Phosphatidylinositol Binding,GO_MF,-1.18753251,0.356761062,-1.13275667,0.42784097,-0.662059779,0.993489609,False,shared_heat,-1.18961861,-0.985856818
GOMF_PHOSPHATIDYLINOSITOL_BISPHOSPHATE_BINDING,Phosphatidylinositol Bisphosphate Binding,GO_MF,1.20348868,0.379281276,1.27061174,0.335491939,-1.05817859,0.724257312,False,shared_heat,1.23320084,-1.27070394
GOMF_PHOSPHATIDYLINOSITOL_PHOSPHATE_BINDING,Phosphatidylinositol Phosphate Binding,GO_MF,0.909193296,0.69571914,1.03706687,0.53438955,-0.8080314,0.958893663,False,shared_heat,0.973320368,-0.939849185
GOMF_PHOSPHOLIPASE_ACTIVITY,Phospholipase Activity,GO_MF,0.814204315,0.77377784,0.838959607,0.763256582,-0.623396235,0.987144704,False,shared_heat,0.852522092,1.2078145
GOMF_PHOSPHOLIPID_BINDING,Phospholipid Binding,GO_MF,-1.17495064,0.336812775,-1.12209363,0.418330685,1.13549899,0.605221917,False,shared_heat,-1.16167828,-1.10780086
GOMF_PHOSPHOPROTEIN_BINDING,Phosphoprotein Binding,GO_MF,-1.11286634,0.441087216,-1.17766706,0.396999741,0.947657242,0.850336527,False,shared_heat,-1.13999333,1.0446902
GOMF_PHOSPHOPROTEIN_PHOSPHATASE_ACTIVITY,Phosphoprotein Phosphatase Activity,GO_MF,0.896260292,0.713534644,0.879777706,0.7436679,0.89626402,0.893225317,False,shared_heat,0.934951994,0.952857413
GOMF_PHOSPHORIC_DIESTER_HYDROLASE_ACTIVITY,Phosphoric Diester Hydrolase Activity,GO_MF,-0.743162947,0.840845425,-0.770675901,0.815823436,0.704800997,0.980309023,False,shared_heat,-0.842904727,1.23411156
GOMF_PHOSPHORIC_ESTER_HYDROLASE_ACTIVITY,Phosphoric Ester Hydrolase Activity,GO_MF,-1.06200828,0.489408428,-1.13741755,0.414182183,1.00396863,0.768289285,False,shared_heat,-1.05782127,1.04279025
GOMF_PHOSPHOTRANSFERASE_ACTIVITY_PHOSPHATE_GROUP_AS_ACCEPTOR,Phosphotransferase Activity Phosphate Group As Acceptor,GO_MF,0.819403237,0.762073379,1.05617088,0.528118016,-1.06919624,0.716090462,False,shared_heat,0.865947131,1.07194726
GOMF_PHOSPHOTYROSINE_RESIDUE_BINDING,Phosphotyrosine Residue Binding,GO_MF,-1.48001705,0.157592183,-1.43347077,0.20799627,0.760632377,0.960917648,False,shared_heat,-1.4894336,1.1976307
GOMF_POLYPEPTIDE_CONFORMATION_OR_ASSEMBLY_ISOMERASE_ACTIVITY,Polypeptide Conformation or Assembly Isomerase Activity,GO_MF,1.35201157,0.217563668,1.2416941,0.335491939,-0.538479036,0.995040961,False,shared_heat,1.28155498,1.00124419
GOMF_POTASSIUM_CHANNEL_ACTIVITY,Potassium Channel Activity,GO_MF,-1.24830905,0.363482835,-1.27092858,0.355408826,-0.557530493,0.992762182,False,shared_heat,-1.26024256,-0.97147989
GOMF_POTASSIUM_CHANNEL_REGULATOR_ACTIVITY,Potassium Channel Regulator Activity,GO_MF,-1.16676274,0.431140432,-1.13879709,0.448659572,-0.86028565,0.901969582,False,shared_heat,-1.18274694,1.49150294
GOMF_POTASSIUM_ION_TRANSMEMBRANE_TRANSPORTER_ACTIVITY,Potassium Ion Transmembrane Transporter Activity,GO_MF,-1.39163293,0.217563668,-1.38866963,0.239323537,0.632998483,0.987104844,False,shared_heat,-1.38575755,0.86755773
GOMF_PRIMARY_ACTIVE_TRANSMEMBRANE_TRANSPORTER_ACTIVITY,Primary Active Transmembrane Transporter Activity,GO_MF,-1.7956913,0.00358547798,-1.75792085,0.00673965045,-0.905177244,0.901969582,False,shared_heat,-1.78435445,-1.61751697
GOMF_PROMOTER_SPECIFIC_CHROMATIN_BINDING,Promoter Specific Chromatin Binding,GO_MF,1.28399262,0.286807063,0.994741323,0.579135514,1.42943772,0.365984453,False,shared_heat,1.13745457,0.582647322
GOMF_PROTEASE_BINDING,Protease Binding,GO_MF,1.62641517,0.0370099765,1.4822884,0.0986061682,0.97460287,0.821832438,False,shared_heat,1.52389102,1.17774126
GOMF_PROTEIN_DIMERIZATION_ACTIVITY,Protein Dimerization Activity,GO_MF,1.35488995,0.0241204527,1.32020905,0.0408644159,0.869759318,0.980309023,False,shared_heat,1.31458897,0.946101745
GOMF_PROTEIN_DOMAIN_SPECIFIC_BINDING,Protein Domain Specific Binding,GO_MF,1.0954495,0.377512429,1.12367881,0.335491939,-1.02350403,0.731942913,False,shared_heat,-1.07017508,1.11214351
GOMF_PROTEIN_FOLDING_CHAPERONE,Protein Folding Chaperone,GO_MF,2.22599746,0.000129743116,2.26890252,5.18521634e-05,-1.48797082,0.274514022,False,shared_heat,2.25655577,1.52810376
GOMF_PROTEIN_FOLDING_CHAPERONE_BINDING,Protein Folding Chaperone Binding,GO_MF,1.18860788,0.35348301,1.18768506,0.355804482,-1.30481122,0.409286954,False,shared_heat,1.19381226,-1.20764494
GOMF_PROTEIN_HETERODIMERIZATION_ACTIVITY,Protein Heterodimerization Activity,GO_MF,1.46917431,0.053298233,1.44817989,0.0720543424,0.919773008,0.893225317,False,shared_heat,1.46904256,-1.2672526
GOMF_PROTEIN_HOMODIMERIZATION_ACTIVITY,Protein Homodimerization Activity,GO_MF,1.21349717,0.165224557,1.1988623,0.205519029,0.876575346,0.964186479,False,shared_heat,1.16710138,1.05083605
GOMF_PROTEIN_KINASE_ACTIVITY,Protein Kinase Activity,GO_MF,1.54924779,0.00785185297,1.38728108,0.0511010018,1.50417305,0.0735627316,False,shared_heat,1.45587003,1.62071738
GOMF_PROTEIN_KINASE_A_BINDING,Protein Kinase A Binding,GO_MF,0.921787923,0.675000993,-0.714210416,0.87344159,1.18553341,0.626732392,False,shared_heat,0.747836512,1.34539232
GOMF_PROTEIN_KINASE_C_BINDING,Protein Kinase C Binding,GO_MF,1.56262261,0.10125359,1.31292753,0.291189227,0.865448684,0.901969582,False,shared_heat,1.38248545,1.04063021
GOMF_PROTEIN_MEMBRANE_ADAPTOR_ACTIVITY,Protein Membrane Adaptor Activity,GO_MF,-1.11641843,0.476529263,-1.12676927,0.458574962,0.874278846,0.893225317,False,shared_heat,-1.15684581,-0.834559406
GOMF_PROTEIN_PHOSPHATASE_BINDING,Protein Phosphatase Binding,GO_MF,1.14231835,0.394644107,1.1382091,0.418103561,0.972509908,0.824481596,False,shared_heat,1.12013682,-0.955575755
GOMF_PROTEIN_PHOSPHORYLATED_AMINO_ACID_BINDING,Protein Phosphorylated Amino Acid Binding,GO_MF,-1.12737937,0.441087216,-1.12189922,0.443902178,0.913979276,0.884355293,False,shared_heat,-1.1390341,0.984708143
GOMF_PROTEIN_SEQUESTERING_ACTIVITY,Protein Sequestering Activity,GO_MF,1.6749695,0.053298233,1.60332166,0.0924328625,0.78327905,0.958893663,False,shared_heat,1.6508023,-0.909054094
GOMF_PROTEIN_SERINE_KINASE_ACTIVITY,Protein Serine Kinase Activity,GO_MF,1.64444316,0.00983975185,1.5955369,0.0176243226,1.36661094,0.259590903,False,shared_heat,1.6227671,1.71326092
GOMF_PROTEIN_SERINE_THREONINE_KINASE_ACTIVATOR_ACTIVITY,Protein Serine Threonine Kinase Activator Activity,GO_MF,0.905047599,0.69571914,0.950427886,0.637481272,0.549298951,0.995040961,False,shared_heat,0.8911934,-0.858466031
GOMF_PROTEIN_SERINE_THREONINE_KINASE_ACTIVITY,Protein Serine Threonine Kinase Activity,GO_MF,1.51284011,0.0190094524,1.43021456,0.0485576645,1.52659867,0.0812185861,False,shared_heat,1.47596392,1.55512215
GOMF_PROTEIN_SERINE_THREONINE_KINASE_BINDING,Protein Serine Threonine Kinase Binding,GO_MF,1.24066779,0.372164927,1.34725907,0.295244923,0.802111137,0.939188777,False,shared_heat,1.22746738,-0.62816463
GOMF_PROTEIN_SERINE_THREONINE_KINASE_INHIBITOR_ACTIVITY,Protein Serine Threonine Kinase Inhibitor Activity,GO_MF,1.28012582,0.311261056,1.40090903,0.212736003,-1.01578819,0.761338425,False,shared_heat,1.34202222,0.834671982
GOMF_PROTEIN_SERINE_THREONINE_PHOSPHATASE_ACTIVITY,Protein Serine Threonine Phosphatase Activity,GO_MF,1.43952959,0.176919551,1.18117521,0.416258701,0.901086964,0.889277348,False,shared_heat,1.34823534,-0.727978367
GOMF_PROTEIN_SERINE_THREONINE_TYROSINE_KINASE_ACTIVITY,Protein Serine Threonine Tyrosine Kinase Activity,GO_MF,1.21877659,0.377114978,1.2544558,0.352535377,1.37649334,0.423154004,False,shared_heat,1.29002961,0.719350576
GOMF_PROTEIN_TRANSPORTER_ACTIVITY,Protein Transporter Activity,GO_MF,1.19795512,0.391047815,0.988331565,0.582668529,1.33299497,0.473740698,False,shared_heat,1.13068212,1.10492822
GOMF_PROTEIN_TYROSINE_KINASE_ACTIVATOR_ACTIVITY,Protein Tyrosine Kinase Activator Activity,GO_MF,1.21537148,0.38748456,1.14562324,0.443902178,1.34538264,0.473740698,False,shared_heat,1.09739178,1.51558538
GOMF_PROTEIN_TYROSINE_KINASE_ACTIVITY,Protein Tyrosine Kinase Activity,GO_MF,1.63205029,0.0370099765,1.40301883,0.160309618,1.54895979,0.2013086,False,shared_heat,1.47450456,1.45926216
GOMF_PROTEIN_TYROSINE_KINASE_BINDING,Protein Tyrosine Kinase Binding,GO_MF,1.05946237,0.500894531,1.02908504,0.537461598,1.12270279,0.634676585,False,shared_heat,1.06138063,-1.37715696
GOMF_PROTEIN_TYROSINE_PHOSPHATASE_ACTIVITY,Protein Tyrosine Phosphatase Activity,GO_MF,-0.8966831,0.698185919,-0.862833624,0.7436679,0.849968971,0.91109867,False,shared_heat,-0.881735656,1.01202052
GOMF_PROTEOGLYCAN_BINDING,Proteoglycan Binding,GO_MF,0.939526676,0.656184088,1.02780561,0.54546119,-1.74361658,0.12907311,False,shared_heat,0.986046441,0.786922643
GOMF_PROTON_CHANNEL_ACTIVITY,Proton Channel Activity,GO_MF,-1.2867335,0.336812775,-1.22984829,0.398486479,-0.821022877,0.929463687,False,shared_heat,-1.30084585,-1.80423053
GOMF_PROTON_TRANSMEMBRANE_TRANSPORTER_ACTIVITY,Proton Transmembrane Transporter Activity,GO_MF,-1.65990651,0.0147458078,-1.55818854,0.0430755097,-1.0628788,0.691416131,False,shared_heat,-1.61707601,-2.30858181
GOMF_RECEPTOR_TYROSINE_KINASE_BINDING,Receptor Tyrosine Kinase Binding,GO_MF,1.14339969,0.422874237,1.13606438,0.431895507,0.952918923,0.84280767,False,shared_heat,1.13879073,-1.14268767
GOMF_RIBONUCLEOPROTEIN_COMPLEX_BINDING,Ribonucleoprotein Complex Binding,GO_MF,1.33482154,0.213927489,1.19717118,0.355804482,1.2523143,0.503569189,False,shared_heat,1.26137971,0.770230842
GOMF_RIBOSOME_BINDING,Ribosome Binding,GO_MF,1.49584092,0.131324736,1.42577686,0.197966122,1.0037406,0.770332453,False,shared_heat,1.46099329,-0.523208996
GOMF_RNA_ENDONUCLEASE_ACTIVITY,RNA Endonuclease Activity,GO_MF,0.665096462,0.919142436,-0.803167716,0.781318497,-0.89378011,0.890149454,False,shared_heat,-0.680635945,1.08698104
GOMF_RNA_EXONUCLEASE_ACTIVITY,RNA Exonuclease Activity,GO_MF,-0.916727108,0.682517773,-1.13802692,0.443902178,1.62462801,0.232282431,False,shared_heat,-1.02277236,1.74902608
GOMF_RNA_EXONUCLEASE_ACTIVITY_PRODUCING_5_PHOSPHOMONOESTERS,RNA Exonuclease Activity Producing 5 Phosphomonoesters,GO_MF,-0.895316419,0.69571914,-1.15403328,0.443902178,1.89117519,0.0735627316,False,shared_heat,-0.991643282,1.78416305
GOMF_RNA_NUCLEASE_ACTIVITY,RNA Nuclease Activity,GO_MF,-1.04376296,0.523599043,-1.26985758,0.317939568,1.37373696,0.386929618,False,shared_heat,-1.09364355,1.65690386
GOMF_RNA_POLYMERASE_ACTIVITY,RNA Polymerase Activity,GO_MF,-0.891908623,0.69571914,-0.886315949,0.717609589,-1.59449751,0.259590903,False,shared_heat,-0.924187882,-1.65295745
GOMF_RNA_POLYMERASE_BINDING,RNA Polymerase Binding,GO_MF,-0.861587185,0.718234738,-0.808366417,0.781318497,-0.816011552,0.936536944,False,shared_heat,-0.853301418,-0.854257695
GOMF_RNA_POLYMERASE_II_SPECIFIC_DNA_BINDING_TRANSCRIPTION_FACTOR_BINDING,RNA Polymerase II Specific DNA Binding Transcription Factor Binding,GO_MF,1.48564118,0.043190414,1.37714115,0.104011171,1.26652032,0.39678302,False,shared_heat,1.41357167,1.58185565
GOMF_RNA_POLYMERASE_II_TRANSCRIPTION_REGULATORY_REGION_SEQUENCE_SPECIFIC_DNA_BINDING,RNA Polymerase II Transcription Regulatory Region Sequence Specific DNA Binding,GO_MF,1.61402212,0.00364922917,1.43654957,0.0280212168,1.21870111,0.393869741,False,shared_heat,1.52547648,1.36765829
GOMF_RRNA_BINDING,rRNA Binding,GO_MF,0.916217856,0.682377354,0.809945815,0.781318497,1.60530704,0.25128129,False,shared_heat,0.857490871,-1.30918556
GOMF_SCAFFOLD_PROTEIN_BINDING,Scaffold Protein Binding,GO_MF,-1.17417537,0.391047815,-1.09203038,0.470057617,0.99408356,0.781666823,False,shared_heat,-1.18730304,0.753523209
GOMF_SECONDARY_ACTIVE_TRANSMEMBRANE_TRANSPORTER_ACTIVITY,Secondary Active Transmembrane Transporter Activity,GO_MF,-1.05498272,0.502379177,-1.20253511,0.347803557,1.57423419,0.151204911,False,shared_heat,-1.12282766,1.01177694
GOMF_SEQUENCE_SPECIFIC_DNA_BINDING,Sequence Specific DNA Binding,GO_MF,1.50002111,0.00692563021,1.39868467,0.0278805371,0.874255602,0.966629827,False,shared_heat,1.42679578,1.33830301
GOMF_SERINE_HYDROLASE_ACTIVITY,Serine Hydrolase Activity,GO_MF,1.4341299,0.129503101,1.26935646,0.281287617,-0.855793462,0.938021699,False,shared_heat,1.35624477,-1.37983458
GOMF_SERINE_TYPE_ENDOPEPTIDASE_INHIBITOR_ACTIVITY,Serine Type Endopeptidase Inhibitor Activity,GO_MF,1.67537612,0.0669584288,1.72214553,0.0594026761,-1.17727343,0.626732392,False,shared_heat,1.56120991,-0.818252111
GOMF_SH2_DOMAIN_BINDING,Sh2 Domain Binding,GO_MF,-0.81065909,0.773365712,-0.934164019,0.654646558,-0.767396318,0.958893663,False,shared_heat,-0.800264368,-1.05985256
GOMF_SH3_DOMAIN_BINDING,Sh3 Domain Binding,GO_MF,-1.09032318,0.475624456,-1.16676836,0.414182183,0.9201339,0.884355293,False,shared_heat,-1.19919991,-1.11347475
GOMF_SIGNALING_ADAPTOR_ACTIVITY,Signaling Adaptor Activity,GO_MF,-1.22331078,0.336459473,-1.08010103,0.475192487,-0.827696024,0.95561647,False,shared_heat,-1.13922107,-1.33885928
GOMF_SIGNALING_RECEPTOR_COMPLEX_ADAPTOR_ACTIVITY,Signaling Receptor Complex Adaptor Activity,GO_MF,-0.709259575,0.884167195,-0.73176376,0.866738673,-1.15276901,0.634676585,False,shared_heat,-0.666410311,-1.40060797
GOMF_SIGNALING_RECEPTOR_REGULATOR_ACTIVITY,Signaling Receptor Regulator Activity,GO_MF,2.22469902,1.62365865e-09,2.26837086,1.04439737e-09,0.729659553,0.995040961,False,shared_heat,2.19518645,1.3387552
GOMF_SIGNAL_SEQUENCE_BINDING,Signal Sequence Binding,GO_MF,1.17065043,0.422874237,0.82709612,0.772058418,1.40821555,0.409286954,False,shared_heat,1.04682368,-0.77895325
GOMF_SINGLE_STRANDED_DNA_BINDING,Single Stranded DNA Binding,GO_MF,-0.995736283,0.591065819,-0.875282562,0.749016953,-1.65068506,0.120038855,False,shared_heat,-0.929658203,1.42789886
GOMF_SINGLE_STRANDED_RNA_BINDING,Single Stranded RNA Binding,GO_MF,1.19009254,0.390334214,-0.836203744,0.772058418,1.70215071,0.151204911,False,shared_heat,0.909017508,1.81083738
GOMF_SMAD_BINDING,Smad Binding,GO_MF,-0.88865523,0.715611021,-0.923845774,0.682236035,0.902719583,0.893225317,False,shared_heat,-0.846014946,1.11322891
GOMF_SNAP_RECEPTOR_ACTIVITY,Snap Receptor Activity,GO_MF,-1.02099336,0.574541696,-1.12945172,0.458574962,-1.23158914,0.590545224,False,shared_heat,-1.07854814,-1.76756231
GOMF_SNARE_BINDING,Snare Binding,GO_MF,-1.22564493,0.356761062,-1.16270913,0.42784097,-0.910421247,0.884355293,False,shared_heat,-1.19708154,-1.44846973
GOMF_SNRNA_BINDING,Snrna Binding,GO_MF,-0.819361385,0.765628429,0.6951465,0.890938773,-1.38892991,0.422539005,False,shared_heat,-0.707354397,-0.830743864
GOMF_SODIUM_ION_TRANSMEMBRANE_TRANSPORTER_ACTIVITY,Sodium Ion Transmembrane Transporter Activity,GO_MF,-1.12415683,0.445857694,-1.26445728,0.33604069,1.25511787,0.539042988,False,shared_heat,-1.19350244,1.20193694
GOMF_SOLUTE_MONOATOMIC_CATION_SYMPORTER_ACTIVITY,Solute Monoatomic Cation Symporter Activity,GO_MF,-0.949511221,0.647013176,-1.18248746,0.414182183,1.55021968,0.256522875,False,shared_heat,-1.02587165,1.36531062
GOMF_SOLUTE_SODIUM_SYMPORTER_ACTIVITY,Solute Sodium Symporter Activity,GO_MF,-1.13235211,0.445857694,-1.38088113,0.24822683,1.5119507,0.316200008,False,shared_heat,-1.23668778,1.56840319
GOMF_STEROID_BINDING,Steroid Binding,GO_MF,-0.986900193,0.597229239,-0.995087822,0.579182278,-0.858006661,0.918452707,False,shared_heat,-0.998548434,-1.75031349
GOMF_STEROL_BINDING,Sterol Binding,GO_MF,-1.05072904,0.527583682,-1.03990641,0.54049703,0.842629918,0.91109867,False,shared_heat,-1.02557082,-1.33337538
GOMF_STRUCTURAL_CONSTITUENT_OF_CYTOSKELETON,Structural Constituent of Cytoskeleton,GO_MF,-1.24870399,0.326316217,-1.12290816,0.443902178,-0.623974523,0.992762182,False,shared_heat,-1.12407722,0.919498864
GOMF_STRUCTURAL_CONSTITUENT_OF_MUSCLE,Structural Constituent of Muscle,GO_MF,1.10966563,0.476529263,1.22760336,0.396406713,-0.778937673,0.95561647,False,shared_heat,1.14479294,0.868510468
GOMF_STRUCTURAL_CONSTITUENT_OF_RIBOSOME,Structural Constituent of Ribosome,GO_MF,0.641493851,0.969862671,-0.686472078,0.938015851,1.41448207,0.365984453,False,shared_heat,-0.55011273,-1.59121148
GOMF_STRUCTURAL_MOLECULE_ACTIVITY,Structural Molecule Activity,GO_MF,1.01695208,0.538938075,1.14704104,0.322293586,-0.942935341,0.893225317,False,shared_heat,1.08958893,-1.14745011
GOMF_SULFUR_COMPOUND_BINDING,Sulfur Compound Binding,GO_MF,1.24426023,0.258678403,1.27276221,0.238459434,-1.10890101,0.634089532,False,shared_heat,1.22585467,1.24828412
GOMF_SULFUR_COMPOUND_TRANSMEMBRANE_TRANSPORTER_ACTIVITY,Sulfur Compound Transmembrane Transporter Activity,GO_MF,-1.8942486,0.00710474741,-1.96758868,0.0048673126,1.18251567,0.623802146,False,shared_heat,-1.91501193,0.844603575
GOMF_SYMPORTER_ACTIVITY,Symporter Activity,GO_MF,-1.10772538,0.457662474,-1.28144517,0.313460953,1.71830688,0.120038855,False,shared_heat,-1.15195895,1.38309172
GOMF_SYNTAXIN_BINDING,Syntaxin Binding,GO_MF,-1.37096007,0.258678403,-1.25775448,0.368643313,-0.86678573,0.895030348,False,shared_heat,-1.31216033,-1.4517185
GOMF_S_ADENOSYLMETHIONINE_DEPENDENT_METHYLTRANSFERASE_ACTIVITY,S Adenosylmethionine Dependent Methyltransferase Activity,GO_MF,1.00595811,0.584295185,1.29097161,0.324671545,-1.61820449,0.22673678,False,shared_heat,1.13760207,0.77294338
GOMF_TAU_PROTEIN_BINDING,tau Protein Binding,GO_MF,1.11707492,0.460773696,1.18586302,0.414182183,-0.66800789,0.987104844,False,shared_heat,1.16367458,0.763283481
GOMF_TELOMERIC_DNA_BINDING,Telomeric DNA Binding,GO_MF,-1.56274983,0.119898526,-1.1553426,0.443902178,-1.60243066,0.258752688,False,shared_heat,-1.38372278,-0.743552702
GOMF_TETRAPYRROLE_BINDING,Tetrapyrrole Binding,GO_MF,1.08641168,0.476529263,1.10133802,0.449758555,-0.901050775,0.893225317,False,shared_heat,1.041466,0.674318123
GOMF_TRANSCRIPTION_COACTIVATOR_ACTIVITY,Transcription Coactivator Activity,GO_MF,-0.946025981,0.678758214,-1.1827753,0.344461707,1.5911189,0.102654455,False,shared_heat,-1.0835647,2.10365192
GOMF_TRANSCRIPTION_COACTIVATOR_BINDING,Transcription Coactivator Binding,GO_MF,1.33914988,0.265691407,1.14877759,0.435513553,1.042693,0.743909068,False,shared_heat,1.24185905,1.22667535
GOMF_TRANSCRIPTION_COREGULATOR_ACTIVITY,Transcription Coregulator Activity,GO_MF,1.10801389,0.383878293,-1.0662049,0.458574962,1.58149423,0.0677889146,False,shared_heat,1.03918611,1.86612905
GOMF_TRANSCRIPTION_COREGULATOR_BINDING,Transcription Coregulator Binding,GO_MF,1.2661491,0.262868915,1.10559018,0.439770329,0.961076012,0.84280767,False,shared_heat,1.18889952,1.03729418
GOMF_TRANSCRIPTION_COREPRESSOR_ACTIVITY,Transcription Corepressor Activity,GO_MF,0.977824984,0.616120235,0.949024393,0.658185836,1.10022575,0.635942695,False,shared_heat,0.995828293,0.923139989
GOMF_TRANSCRIPTION_COREPRESSOR_BINDING,Transcription Corepressor Binding,GO_MF,-0.970299367,0.616422642,-0.97014086,0.60697438,1.1685302,0.626732392,False,shared_heat,-0.962622267,-0.859550541
GOMF_TRANSCRIPTION_FACTOR_BINDING,Transcription Factor Binding,GO_MF,1.47526861,0.0181639375,1.36979259,0.0612714043,1.07298582,0.635942695,False,shared_heat,1.41382698,1.35651713
GOMF_TRANSCRIPTION_REGULATOR_ACTIVITY,Transcription Regulator Activity,GO_MF,1.45041001,0.00692563021,1.27171792,0.0809030366,1.52486624,0.0120460693,True,WT_only,1.35029065,1.72459615
GOMF_TRANSCRIPTION_REGULATOR_INHIBITOR_ACTIVITY,Transcription Regulator Inhibitor Activity,GO_MF,-0.996152514,0.591065819,0.986949204,0.582668529,-1.31525399,0.482476162,False,shared_heat,-0.915903606,-1.0601565
GOMF_TRANSFERASE_ACTIVITY_TRANSFERRING_ALKYL_OR_ARYL_OTHER_THAN_METHYL_GROUPS,Transferase Activity Transferring Alkyl or Aryl Other Than Methyl Groups,GO_MF,0.901664534,0.690221219,-0.84147221,0.749016953,0.841967012,0.91109867,False,shared_heat,0.835886092,-0.855988409
GOMF_TRANSFERASE_ACTIVITY_TRANSFERRING_ONE_CARBON_GROUPS,Transferase Activity Transferring One Carbon Groups,GO_MF,1.19582819,0.373611378,1.41913148,0.197966122,-1.43089911,0.365984453,False,shared_heat,1.26311407,-0.793587716
GOMF_TRANSFERASE_ACTIVITY_TRANSFERRING_PHOSPHORUS_CONTAINING_GROUPS,Transferase Activity Transferring Phosphorus Containing Groups,GO_MF,1.47081603,0.00669765136,1.3201579,0.0566029831,1.57305057,0.00746609253,True,WT_only,1.38197245,1.79151618
GOMF_TRANSFERASE_ACTIVITY_TRANSFERRING_SULPHUR_CONTAINING_GROUPS,Transferase Activity Transferring Sulphur Containing Groups,GO_MF,1.10961462,0.475624456,1.18016228,0.420009274,0.891095892,0.893225317,False,shared_heat,1.16112624,-0.775153938
GOMF_TRANSFORMING_GROWTH_FACTOR_BETA_RECEPTOR_BINDING,Transforming Growth Factor beta Receptor Binding,GO_MF,-1.08529943,0.500627933,-1.23016051,0.396406713,1.26295537,0.561985904,False,shared_heat,-1.11837365,-0.695513511
GOMF_TRANSLATION_FACTOR_ACTIVITY,Translation Factor Activity,GO_MF,1.22851426,0.344934079,1.24882263,0.33604069,-0.702292229,0.987104844,False,shared_heat,1.28514496,0.932788725
GOMF_TRANSLATION_INITIATION_FACTOR_ACTIVITY,Translation Initiation Factor Activity,GO_MF,1.22588869,0.363482835,1.29279832,0.323932373,-0.740089114,0.974963876,False,shared_heat,1.32915044,1.05616036
GOMF_TRANSLATION_REGULATOR_ACTIVITY,Translation Regulator Activity,GO_MF,1.22117048,0.377114978,1.21913632,0.396406713,0.814331273,0.936536944,False,shared_heat,1.25207054,-1.58417879
GOMF_TRANSMEMBRANE_RECEPTOR_PROTEIN_KINASE_ACTIVITY,Transmembrane Receptor Protein Kinase Activity,GO_MF,1.52195372,0.117798981,1.36533367,0.239634595,1.04630918,0.732536832,False,shared_heat,1.37644792,1.63190754
GOMF_TRANSMEMBRANE_RECEPTOR_PROTEIN_TYROSINE_KINASE_ACTIVITY,Transmembrane Receptor Protein Tyrosine Kinase Activity,GO_MF,1.64366211,0.0751777792,1.49898721,0.175421179,0.899474263,0.884355293,False,shared_heat,1.52713071,1.54781529
GOMF_TRANSMEMBRANE_SIGNALING_RECEPTOR_ACTIVITY,Transmembrane Signaling Receptor Activity,GO_MF,1.3919579,0.0467599852,1.22380574,0.206041824,1.26164393,0.365984453,False,shared_heat,1.30496829,-0.958263442
GOMF_TRANSMEMBRANE_TRANSPORTER_BINDING,Transmembrane Transporter Binding,GO_MF,0.900529195,0.713534644,1.07115845,0.473237085,-0.949128976,0.850336527,False,shared_heat,0.993349511,0.809352101
GOMF_TRANSPORTER_ACTIVITY,Transporter Activity,GO_MF,-1.28240108,0.0970025859,-1.29415738,0.102923484,1.32268219,0.217609546,False,shared_heat,-1.3018702,-1.39897427
GOMF_TRANSPORTER_INHIBITOR_ACTIVITY,Transporter Inhibitor Activity,GO_MF,1.30722894,0.300289479,1.14743058,0.43590336,1.01759136,0.761338425,False,shared_heat,1.1596559,-2.01077194
GOMF_TRANSPORTER_REGULATOR_ACTIVITY,Transporter Regulator Activity,GO_MF,-0.870184487,0.755653938,1.07239763,0.470057617,-1.06997262,0.693008507,False,shared_heat,0.957414881,-1.01930398
GOMF_TUBULIN_BINDING,Tubulin Binding,GO_MF,1.04658099,0.495973289,1.0741025,0.443902178,0.80369417,0.985966527,False,shared_heat,1.0929526,1.46269024
GOMF_TUMOR_NECROSIS_FACTOR_RECEPTOR_BINDING,Tumor Necrosis Factor Receptor Binding,GO_MF,1.7517355,0.043190414,1.80317604,0.0370821058,0.616863377,0.987104844,False,shared_heat,1.76735441,1.36675621
GOMF_TUMOR_NECROSIS_FACTOR_RECEPTOR_SUPERFAMILY_BINDING,Tumor Necrosis Factor Receptor Superfamily Binding,GO_MF,1.92077598,0.00692563021,1.84445548,0.0184638164,-0.89216056,0.893225317,False,shared_heat,1.85075124,1.13398078
GOMF_UBIQUITIN_BINDING,Ubiquitin Binding,GO_MF,-1.07018417,0.496356455,-1.17963224,0.405198032,1.16361391,0.623802146,False,shared_heat,-1.1435453,-1.01186776
GOMF_UBIQUITIN_LIKE_LIGASE_SUBSTRATE_ADAPTOR_ACTIVITY,Ubiquitin Like Ligase Substrate Adaptor Activity,GO_MF,-1.39714578,0.217563668,-1.27569204,0.340522559,0.779640435,0.958893663,False,shared_heat,-1.32384842,-0.864878364
GOMF_UBIQUITIN_LIKE_PROTEIN_BINDING,Ubiquitin Like Protein Binding,GO_MF,-0.990077337,0.596852129,-1.14388925,0.42784097,1.19959786,0.574320028,False,shared_heat,-1.10843934,-0.784462525
GOMF_UBIQUITIN_LIKE_PROTEIN_LIGASE_ACTIVITY,Ubiquitin Like Protein Ligase Activity,GO_MF,-1.55216071,0.0432788593,-1.69921093,0.0176243226,1.80642253,0.043607236,True,cGAS_dampened,-1.6610411,2.25235962
GOMF_UBIQUITIN_LIKE_PROTEIN_LIGASE_BINDING,Ubiquitin Like Protein Ligase Binding,GO_MF,-1.13707364,0.356761062,-1.24089177,0.237420377,1.276198,0.377771538,False,shared_heat,-1.19143277,1.03326831
GOMF_UBIQUITIN_LIKE_PROTEIN_PEPTIDASE_ACTIVITY,Ubiquitin Like Protein Peptidase Activity,GO_MF,-1.18841475,0.400820235,-1.11039764,0.467813897,1.07184905,0.716090462,False,shared_heat,-0.98553141,1.24549134
GOMF_UBIQUITIN_PROTEIN_TRANSFERASE_REGULATOR_ACTIVITY,Ubiquitin Protein Transferase Regulator Activity,GO_MF,-1.15024189,0.439955222,-1.19841702,0.418330685,-0.878670172,0.893225317,False,shared_heat,-1.16765078,0.606149873
GOMF_UDP_GLYCOSYLTRANSFERASE_ACTIVITY,Udp Glycosyltransferase Activity,GO_MF,1.06783584,0.500894531,-0.883327517,0.731131367,1.40633583,0.377771538,False,shared_heat,0.954112791,-0.782806753
GOMF_UNFOLDED_PROTEIN_BINDING,Unfolded Protein Binding,GO_MF,1.97877775,0.00304712481,2.02483646,0.00208939639,-1.31896766,0.422539005,False,shared_heat,2.01038038,1.01991439
GOMF_VITAMIN_B6_BINDING,Vitamin B6 Binding,GO_MF,0.992846503,0.591065819,1.11504588,0.454133996,-1.32929252,0.461307637,False,shared_heat,0.990291592,0.747454504
GOMF_VITAMIN_BINDING,Vitamin Binding,GO_MF,1.62608923,0.039682379,1.57145236,0.0646092917,-0.978087106,0.821832438,False,shared_heat,1.6002747,-1.1144842
GOMF_VITAMIN_TRANSMEMBRANE_TRANSPORTER_ACTIVITY,Vitamin Transmembrane Transporter Activity,GO_MF,-1.00040828,0.590898924,-1.08779656,0.500447496,1.5995683,0.256522875,False,shared_heat,-1.09023691,-1.05329068
GOMF_VOLTAGE_GATED_CHANNEL_ACTIVITY,Voltage Gated Channel Activity,GO_MF,1.07953786,0.496356455,1.00543751,0.572509758,-0.626726401,0.989893777,False,shared_heat,1.05000402,1.27927472
GOMF_VOLTAGE_GATED_MONOATOMIC_CATION_CHANNEL_ACTIVITY,Voltage Gated Monoatomic Cation Channel Activity,GO_MF,-1.01755231,0.574541696,-0.901377006,0.699096363,0.660758758,0.987104844,False,shared_heat,-0.976762417,0.971598515
GREB1_TARGET_GENES,Greb1 Target Genes,TF_Targets,1.49174608,0.0144404332,1.46903493,0.0239706496,0.796904757,0.999658814,False,shared_heat,1.51288483,-1.02239223
GTF2A2_TARGET_GENES,Gtf2a2 Target Genes,TF_Targets,1.22559616,0.198942843,1.15635363,0.278002572,0.885943885,0.999658814,False,shared_heat,1.19146652,-1.17830864
GTF2E2_TARGET_GENES,Gtf2e2 Target Genes,TF_Targets,0.966213433,0.599264534,0.965886188,0.602485686,0.702976322,0.999658814,False,shared_heat,1.01283617,-1.45974578
GUCY1B1_TARGET_GENES,Gucy1b1 Target Genes,TF_Targets,-0.917034539,0.714944484,-0.906009525,0.751124108,-1.0767628,0.730871154,False,shared_heat,-0.906440102,-1.17180149
H1_6_TARGET_GENES,H1 6 Target Genes,TF_Targets,1.10658028,0.350285062,0.99909231,0.536327019,0.978009219,0.882017941,False,shared_heat,1.05437232,-1.19068953
HALLMARK_ADIPOGENESIS,Adipogenesis,Hallmark,1.01402935,0.464013086,-0.996635114,0.522202713,0.870195674,0.924211045,False,shared_heat,-0.996825339,-1.5226291
HALLMARK_ALLOGRAFT_REJECTION,Allograft Rejection,Hallmark,1.33591591,0.0404635632,1.30440838,0.0492389663,1.31876263,0.130564732,False,shared_heat,1.30999413,-1.1849862
HALLMARK_ANDROGEN_RESPONSE,Androgen Response,Hallmark,-1.19961674,0.21037674,-1.44195052,0.0383366474,1.55349126,0.0520688786,False,shared_heat,-1.35234494,1.53912253
HALLMARK_ANGIOGENESIS,Angiogenesis,Hallmark,2.11859063,0.000183716669,2.21897838,2.69020181e-05,-0.640477006,0.997453794,False,shared_heat,2.16219046,1.4185126
HALLMARK_APICAL_JUNCTION,Apical Junction,Hallmark,1.35723314,0.0404635632,1.35273834,0.0383366474,1.1979708,0.356336893,False,shared_heat,1.37956451,1.02872831
HALLMARK_APICAL_SURFACE,Apical Surface,Hallmark,-0.914946211,0.63305624,-0.974099234,0.552521408,1.24226412,0.384840218,False,shared_heat,-0.948974227,-0.911437075
HALLMARK_APOPTOSIS,Apoptosis,Hallmark,1.43466132,0.0208534413,1.39933506,0.0264126358,-0.938901051,0.858749147,False,shared_heat,1.40412354,-1.20455541
HALLMARK_BILE_ACID_METABOLISM,Bile Acid Metabolism,Hallmark,-1.16545955,0.257623488,-1.15857488,0.268438123,0.68766432,0.997453794,False,shared_heat,-1.20060963,1.15694738
HALLMARK_CHOLESTEROL_HOMEOSTASIS,Cholesterol Homeostasis,Hallmark,1.17431389,0.253717624,-1.13991601,0.29684006,1.54031671,0.0589324128,False,shared_heat,1.07666153,1.05945991
HALLMARK_COAGULATION,Coagulation,Hallmark,1.57201415,0.0110789569,1.45974554,0.0292777721,1.24070664,0.350721662,False,shared_heat,1.4597373,-1.23633986
HALLMARK_COMPLEMENT,Complement,Hallmark,1.68967863,0.000629535368,1.63450295,0.00157309087,1.44586772,0.0532881479,False,shared_heat,1.65898829,1.15288292
HALLMARK_DNA_REPAIR,DNA Repair,Hallmark,-0.899641673,0.722473734,0.90801501,0.742388903,-1.62134358,0.00531852027,True,sign_reversal,0.833888767,-1.17087665
HALLMARK_E2F_TARGETS,E2f Targets,Hallmark,1.06007334,0.357933363,1.31134895,0.0426834011,-1.80617496,3.02796746e-05,True,KO_only,1.21179975,0.969185278
HALLMARK_EPITHELIAL_MESENCHYMAL_TRANSITION,Epithelial Mesenchymal Transition,Hallmark,2.03922189,1.09944561e-06,2.06105867,3.90479341e-07,-0.745560365,0.997453794,False,shared_heat,2.04357352,-0.942554937
HALLMARK_ESTROGEN_RESPONSE_EARLY,Estrogen Response Early,Hallmark,1.30851205,0.0603259271,1.25847363,0.088433849,1.1589367,0.384840218,False,shared_heat,1.26558737,1.16859359
HALLMARK_ESTROGEN_RESPONSE_LATE,Estrogen Response Late,Hallmark,1.47163998,0.011759593,1.47661024,0.00937623235,1.07709686,0.529013951,False,shared_heat,1.46036908,1.08828651
HALLMARK_FATTY_ACID_METABOLISM,Fatty Acid Metabolism,Hallmark,-1.32277066,0.0610314597,-1.19077897,0.186288711,-1.1006313,0.460768325,False,shared_heat,-1.28112369,-1.71949406
HALLMARK_G2M_CHECKPOINT,G2m Checkpoint,Hallmark,1.53165881,0.00320617918,1.50799744,0.00373378418,0.875233859,0.924211045,False,shared_heat,1.52519993,1.44537018
HALLMARK_GLYCOLYSIS,Glycolysis,Hallmark,1.60759161,0.00184403488,1.58335091,0.00196807426,-1.1398167,0.384840218,False,shared_heat,1.61850521,-0.849981298
HALLMARK_HEDGEHOG_SIGNALING,Hedgehog Signaling,Hallmark,1.1913868,0.265874724,1.08920927,0.413093891,0.940063678,0.840827022,False,shared_heat,1.08019064,1.36489754
HALLMARK_HEME_METABOLISM,Heme Metabolism,Hallmark,1.19630738,0.153821244,1.19849275,0.145535109,0.724179889,0.997453794,False,shared_heat,1.22349398,-1.23244761
HALLMARK_HYPOXIA,Hypoxia,Hallmark,1.90778685,4.1639519e-06,1.94796926,2.48384213e-06,-1.27036841,0.169394806,False,shared_heat,1.94045495,0.904939398
HALLMARK_IL2_STAT5_SIGNALING,IL-2/STAT5 Signaling,Hallmark,2.08853169,1.84211979e-08,2.07432245,1.70060158e-08,0.785104485,0.997453794,False,shared_heat,2.08423158,1.25689375
HALLMARK_IL6_JAK_STAT3_SIGNALING,IL-6/JAK/STAT3 Signaling,Hallmark,1.2716178,0.143580267,-1.02136321,0.488665438,1.43878497,0.112721778,False,shared_heat,1.19249192,1.19077926
HALLMARK_INFLAMMATORY_RESPONSE,Inflammatory Response,Hallmark,1.88972822,6.67209643e-06,1.76768803,0.000139407602,1.46896515,0.0519643379,False,shared_heat,1.79884753,1.52833073
HALLMARK_INTERFERON_ALPHA_RESPONSE,Interferon-alpha Response,Hallmark,-1.89788424,0.000167299088,-2.52172421,7.98479215e-12,3.14455856,2.64886572e-24,True,cGAS_dampened,-2.21940061,3.30107237
HALLMARK_INTERFERON_GAMMA_RESPONSE,Interferon-gamma Response,Hallmark,-1.76612904,0.000167299088,-2.20130507,1.67451556e-10,2.82535921,4.94867124e-22,True,cGAS_dampened,-1.96430767,3.09496827
HALLMARK_KRAS_SIGNALING_DN,Kras Signaling Dn,Hallmark,1.011512,0.467926322,-1.04401349,0.43784719,1.40198617,0.107668725,False,shared_heat,-0.980998875,1.14865203
HALLMARK_KRAS_SIGNALING_UP,Kras Signaling Up,Hallmark,1.31109565,0.0603877862,1.31232719,0.0521169405,-1.0617225,0.5396394,False,shared_heat,1.31927155,-1.01733073
HALLMARK_MITOTIC_SPINDLE,Mitotic Spindle,Hallmark,1.16509697,0.183262287,-1.21691122,0.136515112,0.894128406,0.924211045,False,shared_heat,-1.15889604,1.49587154
HALLMARK_MTORC1_SIGNALING,Mtorc1 Signaling,Hallmark,1.38546081,0.0231719314,1.42596696,0.0120267153,-0.887279805,0.924211045,False,shared_heat,1.42716201,-0.769691797
HALLMARK_MYC_TARGETS_V1,Myc Targets V1,Hallmark,1.35340869,0.032624353,1.58881544,0.0015898049,-1.46210783,0.0276040649,True,cGAS_dampened,1.53404564,-1.13219529
HALLMARK_MYC_TARGETS_V2,Myc Targets V2,Hallmark,2.04795001,0.000103192369,1.93804419,0.000442981635,0.924838425,0.858749147,False,shared_heat,1.97752208,1.00409288
HALLMARK_MYOGENESIS,Myogenesis,Hallmark,1.49637438,0.0123315782,1.64759395,0.00196807426,-0.922482682,0.863658157,False,shared_heat,1.54524841,0.844855388
HALLMARK_NOTCH_SIGNALING,Notch Signaling,Hallmark,1.1367304,0.339853491,0.924369569,0.621436987,1.20539865,0.43232295,False,shared_heat,1.05254897,1.00946995
HALLMARK_OXIDATIVE_PHOSPHORYLATION,Oxidative Phosphorylation,Hallmark,-1.28791009,0.0605044564,-1.187701,0.168884097,-1.12875102,0.384840218,False,shared_heat,-1.23664462,-2.34968323
HALLMARK_P53_PATHWAY,p53 Pathway,Hallmark,1.80417279,6.72829492e-05,1.84031002,1.1281176e-05,-0.939217138,0.858749147,False,shared_heat,1.82247237,-1.4111116
HALLMARK_PANCREAS_BETA_CELLS,Pancreas beta Cells,Hallmark,-0.991469806,0.508613618,-1.25392896,0.244033245,0.786174951,0.924211045,False,shared_heat,-1.17979616,-1.49535895
HALLMARK_PEROXISOME,Peroxisome,Hallmark,-1.14916863,0.265874724,-1.22159752,0.186288711,1.14798605,0.43232295,False,shared_heat,-1.23980404,-1.35357613
HALLMARK_PI3K_AKT_MTOR_SIGNALING,PI3K AKT mTOR Signaling,Hallmark,1.36259942,0.0605044564,1.20792874,0.180822462,1.27236418,0.288828274,False,shared_heat,1.27038387,0.972079529
HALLMARK_PROTEIN_SECRETION,Protein Secretion,Hallmark,1.02247591,0.464013086,-0.812446838,0.854332284,1.05001867,0.616020083,False,shared_heat,0.904383037,0.893414267
HALLMARK_REACTIVE_OXYGEN_SPECIES_PATHWAY,Reactive Oxygen Species Pathway,Hallmark,-1.04215007,0.452272108,-0.879968787,0.715804484,-0.902244289,0.858749147,False,shared_heat,-0.958755011,-1.47869703
HALLMARK_SPERMATOGENESIS,Spermatogenesis,Hallmark,0.883540851,0.722473734,-0.844386721,0.810312107,0.598954263,0.997453794,False,shared_heat,-0.838017671,1.00581046
HALLMARK_TGF_BETA_SIGNALING,TGF-beta Signaling,Hallmark,-0.917147635,0.635856079,-1.06999898,0.419259965,1.01134272,0.697817646,False,shared_heat,-1.00026647,0.902477537
HALLMARK_TNFA_SIGNALING_VIA_NFKB,TNF-alpha Signaling via NF-kappaB,Hallmark,2.36401715,5.54955009e-13,2.2892655,7.98479215e-12,1.0091686,0.697817646,False,shared_heat,2.27077909,1.5076872
HALLMARK_UNFOLDED_PROTEIN_RESPONSE,Unfolded Protein Response,Hallmark,1.74011347,0.000659776637,1.65627787,0.00229627452,1.44427506,0.0829824345,False,shared_heat,1.6885498,1.30320531
HALLMARK_UV_RESPONSE_DN,UV Response Dn,Hallmark,1.39454557,0.0404635632,1.46708716,0.0172948044,1.12923584,0.43232295,False,shared_heat,1.42440379,1.74694619
HALLMARK_UV_RESPONSE_UP,UV Response Up,Hallmark,1.61449675,0.00239216727,1.60089405,0.00229627452,0.849790734,0.927492666,False,shared_heat,1.62614782,-0.825013528
HALLMARK_WNT_BETA_CATENIN_SIGNALING,Wnt beta Catenin Signaling,Hallmark,1.18396733,0.265874724,1.01476859,0.494956654,1.25643069,0.384840218,False,shared_heat,1.14354293,0.82552996
HALLMARK_XENOBIOTIC_METABOLISM,Xenobiotic Metabolism,Hallmark,1.37400655,0.0369934122,1.34172675,0.0426834011,-0.961863467,0.840827022,False,shared_heat,1.33396161,-1.54330431
HAND1_TARGET_GENES,Hand1 Target Genes,TF_Targets,-0.890469971,0.754285529,-0.994748736,0.547557943,1.29445129,0.414557019,False,shared_heat,-0.955119022,-0.792047597
HBZ_TARGET_GENES,Hbz Target Genes,TF_Targets,-1.15151612,0.250232586,-1.26898053,0.136331642,1.16621149,0.519529162,False,shared_heat,-1.20582297,1.03122239
HDAC4_TARGET_GENES,Hdac4 Target Genes,TF_Targets,-1.1895501,0.246643432,-1.23667743,0.235498197,0.999402492,0.861231591,False,shared_heat,-1.249285,1.00839943
HDAC8_TARGET_GENES,Hdac8 Target Genes,TF_Targets,1.20394927,0.305039709,1.16103816,0.370485608,0.596689046,0.999658814,False,shared_heat,1.16330818,1.28818681
HDGF_TARGET_GENES,Hdgf Target Genes,TF_Targets,1.43760317,0.027317636,1.31191889,0.106066937,1.34861864,0.272354625,False,shared_heat,1.38906825,0.886773499
HES2_TARGET_GENES,Hes2 Target Genes,TF_Targets,1.58664611,0.000976286156,1.55289934,0.00251424437,0.859309674,0.999658814,False,shared_heat,1.55930272,0.887785086
HES4_TARGET_GENES,Hes4 Target Genes,TF_Targets,1.25628748,0.188804625,1.2618276,0.201379261,-0.824183635,0.999658814,False,shared_heat,1.24403358,-1.12113341
HHEX_TARGET_GENES,Hhex Target Genes,TF_Targets,1.33621282,0.0702496858,1.30895037,0.106066937,0.841983471,0.999658814,False,shared_heat,1.36616705,0.963239313
HMG20B_TARGET_GENES,Hmg20b Target Genes,TF_Targets,1.27156919,0.0641566812,1.2245379,0.115865652,1.04734187,0.73838064,False,shared_heat,1.25750944,0.99725524
HMGA1_TARGET_GENES,Hmga1 Target Genes,TF_Targets,1.17854899,0.250232586,-1.22580215,0.235681693,1.32982908,0.329010223,False,shared_heat,-1.19349091,1.59380274
HMGB2_TARGET_GENES,Hmgb2 Target Genes,TF_Targets,-0.937181039,0.658789863,-0.964122566,0.603410314,0.91691035,0.965084805,False,shared_heat,-0.957686509,0.994083663
HOXA10_TARGET_GENES,Hoxa10 Target Genes,TF_Targets,1.17191785,0.30430648,1.26325652,0.249264183,-1.35129223,0.388484401,False,shared_heat,1.21460657,-0.903380279
HOXA1_TARGET_GENES,Hoxa1 Target Genes,TF_Targets,1.20770447,0.176813497,1.12826295,0.279938914,0.91980479,0.97975828,False,shared_heat,1.17420514,-1.01528874
HOXA7_TARGET_GENES,Hoxa7 Target Genes,TF_Targets,1.33333353,0.230305927,1.21068996,0.336067135,-0.561736283,0.999658814,False,shared_heat,1.24460915,0.715848237
HOXB4_TARGET_GENES,Hoxb4 Target Genes,TF_Targets,1.248019,0.149033299,1.20998937,0.195041241,0.929440697,0.974991564,False,shared_heat,1.21699025,-1.03245609
HOXB6_TARGET_GENES,Hoxb6 Target Genes,TF_Targets,-1.15997483,0.279513424,-1.24275477,0.235681693,1.06874382,0.73838064,False,shared_heat,-1.27131039,-0.959029268
HOXC11_TARGET_GENES,Hoxc11 Target Genes,TF_Targets,1.44238746,0.192744543,1.22288716,0.354234195,1.04523409,0.819941564,False,shared_heat,1.522689,1.06378445
HOXC13_TARGET_GENES,Hoxc13 Target Genes,TF_Targets,1.66240413,0.0504732221,1.56734647,0.110526097,1.09188938,0.749676673,False,shared_heat,1.65536592,0.763937807
HOXC6_TARGET_GENES,Hoxc6 Target Genes,TF_Targets,1.38749808,0.0337202019,1.3295579,0.0737626699,-0.826994525,0.999658814,False,shared_heat,1.36563349,-1.1724616
HOXD11_TARGET_GENES,Hoxd11 Target Genes,TF_Targets,-0.905553089,0.667706778,-0.939904522,0.616996224,-0.76802538,0.999658814,False,shared_heat,-0.91741496,-0.865566683
HOXD1_TARGET_GENES,Hoxd1 Target Genes,TF_Targets,0.951784948,0.595495713,0.911361759,0.649217273,0.912894925,0.939204022,False,shared_heat,0.971984902,1.35671874
HSD17B8_TARGET_GENES,Hsd17b8 Target Genes,TF_Targets,1.19176927,0.223130683,1.33356793,0.110526097,-1.25272939,0.375786574,False,shared_heat,1.33635413,1.1374558
HSF2_TARGET_GENES,Hsf2 Target Genes,TF_Targets,1.63301822,0.0311072026,1.7456335,0.0159978185,-1.36619001,0.375786574,False,shared_heat,1.67842191,1.34149889
ID1_TARGET_GENES,Id1 Target Genes,TF_Targets,1.14562527,0.250232586,1.13602882,0.270826934,0.911735562,0.997004606,False,shared_heat,1.12080105,-1.11340916
ID2_TARGET_GENES,Id2 Target Genes,TF_Targets,1.41217582,0.0292316359,1.41137529,0.0331905493,1.02309883,0.819941564,False,shared_heat,1.41554074,-0.923632351
IGLV5_37_TARGET_GENES,Iglv5 37 Target Genes,TF_Targets,1.68922818,0.00383318215,1.64770426,0.0124893557,1.00531027,0.85309837,False,shared_heat,1.5995866,1.19107918
INSM2_TARGET_GENES,Insm2 Target Genes,TF_Targets,-1.03482977,0.4494405389999999,-1.05413873,0.42725154,-1.01225184,0.837491943,False,shared_heat,-1.0118677,0.844179054
IRF5_TARGET_GENES,IRF-5 Target Genes,TF_Targets,-1.23564754,0.188804625,-1.19038661,0.249264183,-0.977601966,0.885657469,False,shared_heat,-1.16195227,0.990724795
IRX2_TARGET_GENES,Irx2 Target Genes,TF_Targets,-1.28347891,0.220139296,-1.28668461,0.24181439,1.29988469,0.485374544,False,shared_heat,-1.31470571,1.29688773
KAT2A_TARGET_GENES,Kat2a Target Genes,TF_Targets,1.37486082,0.0400962494,1.26103905,0.124624898,1.00337642,0.856335082,False,shared_heat,1.30777571,-1.12522033
KAT5_TARGET_GENES,Kat5 Target Genes,TF_Targets,1.58292162,0.00242499998,1.54684476,0.00678218217,-1.04016685,0.757297268,False,shared_heat,1.59578676,0.961626493
KDM1B_TARGET_GENES,Kdm1b Target Genes,TF_Targets,-0.744001827,0.900152281,-0.768693218,0.864187409,0.753189484,0.999658814,False,shared_heat,-0.776235941,1.1790864
KEGG_ABC_TRANSPORTERS,Abc Transporters,KEGG,-2.0742204,0.00185626086,-2.14371433,0.000476195281,1.58790238,0.164117152,False,shared_heat,-2.09218425,1.45496296
KEGG_ACUTE_MYELOID_LEUKEMIA,Acute Myeloid Leukemia,KEGG,1.03886641,0.533976953,-1.10519388,0.440184607,1.73894279,0.0549157075,False,shared_heat,-1.0191101,1.51200177
KEGG_ADHERENS_JUNCTION,Adherens Junction,KEGG,0.853505616,0.790869531,-1.01952603,0.542987701,1.53522031,0.141406113,False,shared_heat,-0.916714363,0.934011533
KEGG_ADIPOCYTOKINE_SIGNALING_PATHWAY,Adipocytokine Signaling Pathway,KEGG,1.0666368,0.50643432,-0.974878963,0.579634542,1.4363019,0.210607063,False,shared_heat,1.04540634,1.50712847
KEGG_ALANINE_ASPARTATE_AND_GLUTAMATE_METABOLISM,Alanine Aspartate and Glutamate Metabolism,KEGG,1.6620494,0.080493387,1.51987473,0.169124568,1.09710408,0.555005765,False,shared_heat,1.5944594,0.701390256
KEGG_ALDOSTERONE_REGULATED_SODIUM_REABSORPTION,Aldosterone Regulated Sodium Reabsorption,KEGG,0.952182395,0.636379247,-0.903113944,0.663812552,0.770718797,0.9546045,False,shared_heat,0.938742779,-0.880918254
KEGG_ALLOGRAFT_REJECTION,Allograft Rejection,KEGG,1.11739539,0.48106054,1.06700521,0.476242906,0.869709366,0.89671196,False,shared_heat,1.14369823,1.15374711
KEGG_ALZHEIMERS_DISEASE,Alzheimers Disease,KEGG,-1.41211372,0.0914254696,-1.26378393,0.244369225,-1.08068425,0.493890071,False,shared_heat,-1.35087295,-1.91465316
KEGG_AMINO_SUGAR_AND_NUCLEOTIDE_SUGAR_METABOLISM,Amino Sugar and Nucleotide Sugar Metabolism,KEGG,1.39599882,0.217555018,1.31492829,0.277077299,0.988195788,0.726090972,False,shared_heat,1.33141128,1.05494332
KEGG_AMYOTROPHIC_LATERAL_SCLEROSIS_ALS,Amyotrophic Lateral Sclerosis Als,KEGG,1.13365269,0.458001263,1.18656055,0.397205974,-1.0840162,0.555005765,False,shared_heat,1.18903774,0.817427492
KEGG_ANTIGEN_PROCESSING_AND_PRESENTATION,Antigen Processing and Presentation,KEGG,-0.994823105,0.589668505,-1.09995907,0.440184607,0.979237302,0.741326561,False,shared_heat,-1.06026012,-0.776637157
KEGG_APOPTOSIS,Apoptosis,KEGG,1.10260564,0.472186961,1.00698205,0.548329,1.1770262,0.428192359,False,shared_heat,1.01736349,0.871197609
KEGG_ARACHIDONIC_ACID_METABOLISM,Arachidonic Acid Metabolism,KEGG,1.24910238,0.374529075,1.24512975,0.394778142,-0.720883163,0.963202098,False,shared_heat,1.26222575,-1.32737542
KEGG_ARGININE_AND_PROLINE_METABOLISM,Arginine and Proline Metabolism,KEGG,1.41708908,0.195480381,1.52042715,0.129861534,-0.838938497,0.913227318,False,shared_heat,1.45870767,-0.847936672
KEGG_ARRHYTHMOGENIC_RIGHT_VENTRICULAR_CARDIOMYOPATHY_ARVC,Arrhythmogenic Right Ventricular Cardiomyopathy Arvc,KEGG,1.60290582,0.0777336412,1.61403127,0.0884968013,-0.746815507,0.963202098,False,shared_heat,1.58048733,1.26113396
KEGG_ASTHMA,Asthma,KEGG,-0.93486909,0.647963165,-1.00628046,0.548329,1.33065243,0.336886705,False,shared_heat,-0.953852239,-1.08803899
KEGG_AUTOIMMUNE_THYROID_DISEASE,Autoimmune Thyroid Disease,KEGG,0.974317468,0.626329469,0.96222722,0.588816268,0.865269302,0.89671196,False,shared_heat,0.975229905,1.15518385
KEGG_AXON_GUIDANCE,Axon Guidance,KEGG,1.17597651,0.374980163,1.22263108,0.347090285,-0.96244933,0.761286931,False,shared_heat,1.16238698,1.20527387
KEGG_BASAL_CELL_CARCINOMA,Basal Cell Carcinoma,KEGG,-1.03892742,0.538136473,-1.12304882,0.440184607,1.00919568,0.691752324,False,shared_heat,-1.04520296,0.88468962
KEGG_BASE_EXCISION_REPAIR,Base Excision Repair,KEGG,1.1204362,0.48271958,1.41574597,0.244369225,-1.62753967,0.141406113,False,shared_heat,1.24996876,0.710605087
KEGG_BETA_ALANINE_METABOLISM,beta Alanine Metabolism,KEGG,-0.810570326,0.790869531,-0.825180118,0.740022659,-0.624434543,0.984295299,False,shared_heat,-0.872942019,-1.45495482
KEGG_BLADDER_CANCER,Bladder Cancer,KEGG,1.37511759,0.228799097,1.17463366,0.404157627,1.28618678,0.336886705,False,shared_heat,1.23909988,0.870264258
KEGG_BUTANOATE_METABOLISM,Butanoate Metabolism,KEGG,-1.06193862,0.517642346,-1.11560026,0.440184607,0.933250494,0.800571914,False,shared_heat,-1.12036055,-2.09647837
KEGG_B_CELL_RECEPTOR_SIGNALING_PATHWAY,B Cell Receptor Signaling Pathway,KEGG,1.18387106,0.374980163,1.10927598,0.440184607,1.30080778,0.314251155,False,shared_heat,1.11183114,1.1112115
KEGG_CALCIUM_SIGNALING_PATHWAY,Calcium Signaling Pathway,KEGG,1.27131699,0.281378196,1.1306813,0.412900558,1.46325306,0.17191032,False,shared_heat,1.17407997,-1.07687944
KEGG_CARDIAC_MUSCLE_CONTRACTION,Cardiac Muscle Contraction,KEGG,-0.653890664,0.960247418,0.653706011,0.963807296,-0.704817998,0.984295299,False,shared_heat,0.617933547,-1.48846862
KEGG_CELL_ADHESION_MOLECULES_CAMS,Cell Adhesion Molecules Cams,KEGG,1.28493284,0.234669924,1.26390866,0.257435859,1.11316115,0.477936498,False,shared_heat,1.29246915,1.1154709
KEGG_CELL_CYCLE,Cell Cycle,KEGG,1.72872106,0.0119305659,1.78725417,0.00362705954,-1.18569226,0.367703054,False,shared_heat,1.76280457,1.17001215
KEGG_CHEMOKINE_SIGNALING_PATHWAY,Chemokine Signaling Pathway,KEGG,1.32295439,0.171614757,1.13721199,0.394778142,1.7877361,0.0201218179,True,cGAS_amplified,1.20793816,1.68862712
KEGG_CHRONIC_MYELOID_LEUKEMIA,Chronic Myeloid Leukemia,KEGG,1.44225806,0.140538502,1.26449168,0.27405017,1.51661931,0.141406113,False,shared_heat,1.31468035,1.29346522
KEGG_CITRATE_CYCLE_TCA_CYCLE,Citrate Cycle TCA Cycle,KEGG,-1.32642807,0.281378196,-1.25106346,0.357119354,-0.732120508,0.963202098,False,shared_heat,-1.27134254,-1.43760575
KEGG_COLORECTAL_CANCER,Colorectal Cancer,KEGG,-1.24649535,0.297354938,-1.24321538,0.330280913,1.16295461,0.454545817,False,shared_heat,-1.24514634,0.901780329
KEGG_COMPLEMENT_AND_COAGULATION_CASCADES,Complement and Coagulation Cascades,KEGG,1.49477227,0.150447648,1.38377264,0.244369225,1.34935358,0.298238064,False,shared_heat,1.45113263,-1.24058179
KEGG_CYTOKINE_CYTOKINE_RECEPTOR_INTERACTION,Cytokine Cytokine Receptor Interaction,KEGG,1.97025008,6.73952168e-05,1.71867809,0.00362705954,1.27031831,0.252378187,False,shared_heat,1.79571763,1.09102045
KEGG_CYTOSOLIC_DNA_SENSING_PATHWAY,Cytosolic DNA Sensing Pathway,KEGG,0.914935556,0.689383669,-1.10359793,0.441650494,1.49119539,0.203792699,False,shared_heat,-0.948469973,2.02085223
KEGG_DILATED_CARDIOMYOPATHY,Dilated Cardiomyopathy,KEGG,1.65840582,0.0593879993,1.65004772,0.0776795586,0.621601342,0.991238062,False,shared_heat,1.6666055,1.36318474
KEGG_DNA_REPLICATION,DNA Replication,KEGG,0.741807989,0.904113006,1.56102484,0.114039706,-2.07736468,0.00885072191,True,cGAS_dampened,1.22094213,0.798730469
KEGG_ECM_RECEPTOR_INTERACTION,ECM Receptor Interaction,KEGG,2.13292648,0.000230443,2.22101936,0.00029289133,0.82250379,0.939110031,False,shared_heat,2.17441645,1.54723789
KEGG_ENDOCYTOSIS,Endocytosis,KEGG,1.17877989,0.35421042,-1.03273879,0.521293703,1.3783895,0.209142804,False,shared_heat,1.00570872,1.31204248
KEGG_ENDOMETRIAL_CANCER,Endometrial Cancer,KEGG,-0.97048626,0.627656045,-1.10457695,0.440184607,1.75836034,0.0549157075,False,shared_heat,-1.08815409,1.31190702
KEGG_EPITHELIAL_CELL_SIGNALING_IN_HELICOBACTER_PYLORI_INFECTION,Epithelial Cell Signaling in Helicobacter Pylori Infection,KEGG,1.02938895,0.538136473,1.01904476,0.541103493,1.1413388,0.469565693,False,shared_heat,1.01459396,-0.895252415
KEGG_ERBB_SIGNALING_PATHWAY,Erbb Signaling Pathway,KEGG,1.20753826,0.35421042,1.02166751,0.539605603,1.73467176,0.0549157075,False,shared_heat,1.09406926,1.43911101
KEGG_FATTY_ACID_METABOLISM,Fatty Acid Metabolism,KEGG,-1.74884048,0.0429299336,-1.6915365,0.0762466951,-1.13619848,0.477936498,False,shared_heat,-1.69418734,-1.9607418
KEGG_FC_EPSILON_RI_SIGNALING_PATHWAY,Fc epsilon Ri Signaling Pathway,KEGG,1.55765704,0.080493387,1.44125536,0.154008892,1.20818385,0.397067757,False,shared_heat,1.45895885,1.16614148
KEGG_FC_GAMMA_R_MEDIATED_PHAGOCYTOSIS,Fc gamma R Mediated Phagocytosis,KEGG,1.02618268,0.538136473,-0.875977115,0.725549091,1.33447977,0.272821836,False,shared_heat,0.985283296,-1.03133664
KEGG_FOCAL_ADHESION,Focal Adhesion,KEGG,1.75242898,0.00266753843,1.7637784,0.00344613,1.11141324,0.469565693,False,shared_heat,1.72523378,1.56979292
KEGG_FRUCTOSE_AND_MANNOSE_METABOLISM,Fructose and Mannose Metabolism,KEGG,1.54658372,0.1431446,1.64051881,0.0986136841,-0.607743902,0.989192571,False,shared_heat,1.55087966,-0.667757361
KEGG_GALACTOSE_METABOLISM,Galactose Metabolism,KEGG,0.999608681,0.589668505,0.92002932,0.632883053,0.783453219,0.939110031,False,shared_heat,0.885613644,1.35174681
KEGG_GAP_JUNCTION,Gap Junction,KEGG,0.834391392,0.794509823,-0.997282877,0.548688087,1.3436657,0.275858396,False,shared_heat,-0.93827113,-0.739364019
KEGG_GLIOMA,Glioma,KEGG,1.29118085,0.281378196,1.11739024,0.440184607,1.24184415,0.367703054,False,shared_heat,1.14855246,1.32432549
KEGG_GLUTATHIONE_METABOLISM,Glutathione Metabolism,KEGG,-0.833325404,0.790869531,0.965183196,0.584573116,-1.24157802,0.381807163,False,shared_heat,0.911044006,-1.223231
KEGG_GLYCEROLIPID_METABOLISM,Glycerolipid Metabolism,KEGG,-0.815737737,0.790869531,-0.928277468,0.62807275,0.825610344,0.913106377,False,shared_heat,-0.797865948,1.26018867
KEGG_GLYCEROPHOSPHOLIPID_METABOLISM,Glycerophospholipid Metabolism,KEGG,1.10899414,0.483500817,1.00164407,0.548329,1.10384311,0.539881583,False,shared_heat,0.917415388,1.21148958
KEGG_GLYCINE_SERINE_AND_THREONINE_METABOLISM,Glycine Serine and Threonine Metabolism,KEGG,1.25077931,0.369172713,1.34163383,0.286238011,-0.748221482,0.963202098,False,shared_heat,1.2299197,0.770912934
KEGG_GLYCOLYSIS_GLUCONEOGENESIS,Glycolysis Gluconeogenesis,KEGG,0.96864125,0.627656045,1.09008433,0.440184607,-1.26561132,0.336886705,False,shared_heat,0.996599267,-0.906723961
KEGG_GNRH_SIGNALING_PATHWAY,Gnrh Signaling Pathway,KEGG,1.17768309,0.381042818,1.17121154,0.400899346,1.42761986,0.216550151,False,shared_heat,1.14473729,1.055005
KEGG_GRAFT_VERSUS_HOST_DISEASE,Graft Versus Host Disease,KEGG,1.41662674,0.201810206,1.3880855,0.244369225,0.54438857,0.991238062,False,shared_heat,1.45871494,1.19386152
KEGG_HEMATOPOIETIC_CELL_LINEAGE,Hematopoietic Cell Lineage,KEGG,1.25204273,0.292081774,1.17262144,0.394778142,0.877674842,0.89671196,False,shared_heat,1.23736261,-1.24462776
KEGG_HOMOLOGOUS_RECOMBINATION,Homologous Recombination,KEGG,0.652809884,0.937354457,0.987254782,0.562053955,-1.44985883,0.237450056,False,shared_heat,0.785103038,0.950138562
KEGG_HUNTINGTONS_DISEASE,Huntingtons Disease,KEGG,-1.19563498,0.297354938,-1.0745594,0.440184607,-1.35065091,0.190014284,False,shared_heat,-1.12133227,-2.08598665
KEGG_HYPERTROPHIC_CARDIOMYOPATHY_HCM,Hypertrophic Cardiomyopathy Hcm,KEGG,1.69817598,0.0511644135,1.75313083,0.0557578853,-0.572521789,0.991238062,False,shared_heat,1.76573909,1.43663256
KEGG_INOSITOL_PHOSPHATE_METABOLISM,Inositol Phosphate Metabolism,KEGG,-1.33589771,0.284725331,-1.55539442,0.129861534,1.49234856,0.216550151,False,shared_heat,-1.41439368,-1.21719391
KEGG_INSULIN_SIGNALING_PATHWAY,Insulin Signaling Pathway,KEGG,-0.954456692,0.643464471,-1.10196096,0.440184607,1.58579694,0.0880614175,False,shared_heat,-1.03113234,1.56973776
KEGG_INTESTINAL_IMMUNE_NETWORK_FOR_IGA_PRODUCTION,Intestinal Immune Network For Iga Production,KEGG,-1.06180383,0.515056742,-0.980644527,0.573415079,0.863254122,0.89671196,False,shared_heat,-0.981923262,0.995852237
KEGG_JAK_STAT_SIGNALING_PATHWAY,JAK STAT Signaling Pathway,KEGG,1.30308215,0.201810206,-1.06939157,0.443594847,1.57202452,0.078304607,False,shared_heat,1.12109241,1.1662123
KEGG_LEISHMANIA_INFECTION,Leishmania Infection,KEGG,1.62989814,0.0593879993,1.54877717,0.0986136841,-0.731961153,0.984295299,False,shared_heat,1.61473201,0.840762958
KEGG_LEUKOCYTE_TRANSENDOTHELIAL_MIGRATION,Leukocyte Transendothelial Migration,KEGG,1.18174666,0.354957377,1.26747419,0.257435859,0.919398559,0.867133921,False,shared_heat,1.23482226,1.0519907
KEGG_LONG_TERM_DEPRESSION,Long Term Depression,KEGG,-1.14746475,0.4555036,-1.32839758,0.27405017,1.42730128,0.237450056,False,shared_heat,-1.36784248,0.743146973
KEGG_LONG_TERM_POTENTIATION,Long Term Potentiation,KEGG,-0.679941786,0.937354457,-0.939831098,0.619316824,1.56947669,0.170485578,False,shared_heat,-0.840304141,1.28289937
KEGG_LYSINE_DEGRADATION,Lysine Degradation,KEGG,1.29258577,0.306987295,1.37071551,0.257435859,-0.858996802,0.89671196,False,shared_heat,1.3380601,-1.68747984
KEGG_LYSOSOME,Lysosome,KEGG,-1.07396313,0.492947961,-1.35347491,0.227132256,1.43537439,0.203792699,False,shared_heat,-1.20706755,-1.5951814
KEGG_MAPK_SIGNALING_PATHWAY,MAPK Signaling Pathway,KEGG,1.63661485,0.0107937122,1.50470474,0.0669913466,1.20741548,0.324295206,False,shared_heat,1.57163316,1.60093431
KEGG_MELANOGENESIS,Melanogenesis,KEGG,-1.10823978,0.481658531,-1.24338583,0.347090285,0.963015098,0.754234711,False,shared_heat,-1.20482598,0.568811029
KEGG_MELANOMA,Melanoma,KEGG,1.27812208,0.284955913,1.14522875,0.412900558,1.29343027,0.323595678,False,shared_heat,1.16165959,1.33111198
KEGG_METABOLISM_OF_XENOBIOTICS_BY_CYTOCHROME_P450,Metabolism of Xenobiotics by Cytochrome P450,KEGG,1.10616763,0.492947961,1.13343367,0.440184607,-1.21632745,0.444878221,False,shared_heat,1.06533913,-1.11476403
KEGG_MISMATCH_REPAIR,Mismatch Repair,KEGG,0.658581037,0.937354457,1.3652343,0.25895721,-1.92958872,0.0371077048,True,cGAS_dampened,1.03721588,0.72463089
KEGG_MTOR_SIGNALING_PATHWAY,mTOR Signaling Pathway,KEGG,1.45374674,0.161474379,1.43149778,0.188968988,-0.745051849,0.963202098,False,shared_heat,1.44134641,1.43020527
KEGG_NATURAL_KILLER_CELL_MEDIATED_CYTOTOXICITY,Natural Killer Cell Mediated Cytotoxicity,KEGG,1.16721136,0.374980163,-1.09855657,0.440184607,1.66787247,0.0549157075,False,shared_heat,1.05621747,1.17720043
KEGG_NEUROACTIVE_LIGAND_RECEPTOR_INTERACTION,Neuroactive Ligand Receptor Interaction,KEGG,1.45905873,0.1505277,1.31723719,0.25895721,0.869427368,0.89671196,False,shared_heat,1.36128827,-0.759631948
KEGG_NEUROTROPHIN_SIGNALING_PATHWAY,Neurotrophin Signaling Pathway,KEGG,1.63646486,0.0429299336,1.51968107,0.0878091439,1.18364096,0.394859746,False,shared_heat,1.60647188,1.32782669
KEGG_NOD_LIKE_RECEPTOR_SIGNALING_PATHWAY,Nod Like Receptor Signaling Pathway,KEGG,1.06738859,0.50709306,1.12752993,0.440184607,-0.862988364,0.89945642,False,shared_heat,1.10311846,1.62915659
KEGG_NON_SMALL_CELL_LUNG_CANCER,Non Small Cell Lung Cancer,KEGG,1.27239715,0.292081774,1.00720242,0.548329,1.61186292,0.126901349,False,shared_heat,1.07467221,1.40439298
KEGG_NOTCH_SIGNALING_PATHWAY,Notch Signaling Pathway,KEGG,1.19850019,0.374980163,0.998673605,0.548329,1.3568037,0.275858396,False,shared_heat,1.13015358,0.999156808
KEGG_NUCLEOTIDE_EXCISION_REPAIR,Nucleotide Excision Repair,KEGG,-0.81718765,0.81357305,1.08628225,0.443594847,-1.96662911,0.0201218179,True,sign_reversal,0.758399773,-0.831253782
KEGG_OOCYTE_MEIOSIS,Oocyte Meiosis,KEGG,1.49853616,0.111129194,1.52320349,0.106002451,-1.14727437,0.469565693,False,shared_heat,1.58020113,1.50422773
KEGG_OXIDATIVE_PHOSPHORYLATION,Oxidative Phosphorylation,KEGG,-1.72365292,0.0107937122,-1.51558132,0.0776795586,-1.35103687,0.203792699,False,shared_heat,-1.64654596,-2.43938164
KEGG_P53_SIGNALING_PATHWAY,p53 Signaling Pathway,KEGG,1.27534075,0.281378196,1.36798316,0.216952474,-1.47317017,0.17191032,False,shared_heat,1.36161857,-1.24688553
KEGG_PANCREATIC_CANCER,Pancreatic Cancer,KEGG,-1.01024709,0.565088238,-1.14092279,0.412900558,1.26458801,0.323595678,False,shared_heat,-1.09167849,1.33268853
KEGG_PARKINSONS_DISEASE,Parkinsons Disease,KEGG,-1.56864461,0.0524879507,-1.40072981,0.132399941,-1.11741517,0.469565693,False,shared_heat,-1.48207954,-2.13184864
KEGG_PATHOGENIC_ESCHERICHIA_COLI_INFECTION,Pathogenic Escherichia Coli Infection,KEGG,1.02391632,0.546557848,1.12201383,0.440184607,-1.2415871,0.369098819,False,shared_heat,1.07687171,-1.13689469
KEGG_PATHWAYS_IN_CANCER,Pathways in Cancer,KEGG,1.42452742,0.0565423144,1.36940372,0.0878091439,0.981665419,0.754014533,False,shared_heat,1.40623835,1.69027187
KEGG_PENTOSE_PHOSPHATE_PATHWAY,Pentose Phosphate Pathway,KEGG,-0.707410958,0.904113006,-0.829920404,0.738346641,0.560980754,0.991238062,False,shared_heat,-0.734278892,0.99802812
KEGG_PEROXISOME,Peroxisome,KEGG,-1.62425814,0.0511644135,-1.54962538,0.0878091439,0.784586434,0.963202098,False,shared_heat,-1.61470169,-0.753585453
KEGG_PHOSPHATIDYLINOSITOL_SIGNALING_SYSTEM,Phosphatidylinositol Signaling System,KEGG,-1.35940216,0.247475562,-1.59431706,0.0986136841,1.70508531,0.0880614175,False,shared_heat,-1.43312116,0.889586467
KEGG_PORPHYRIN_AND_CHLOROPHYLL_METABOLISM,Porphyrin and Chlorophyll Metabolism,KEGG,0.872699386,0.724939775,1.11741553,0.440184607,-1.66219344,0.126901349,False,shared_heat,1.03368059,-0.716211573
KEGG_PPAR_SIGNALING_PATHWAY,Ppar Signaling Pathway,KEGG,-1.1913265,0.374980163,-1.19109005,0.395288704,0.751467602,0.963202098,False,shared_heat,-1.22086239,-0.946478814
KEGG_PRIMARY_IMMUNODEFICIENCY,Primary Immunodeficiency,KEGG,-1.53323309,0.1431446,-1.69212711,0.0776795586,1.25805129,0.388790068,False,shared_heat,-1.58125971,-1.50276284
KEGG_PRION_DISEASES,Prion Diseases,KEGG,1.69777733,0.0664092545,1.78736395,0.0669913466,0.821203262,0.913106377,False,shared_heat,1.76027869,1.57049222
KEGG_PROGESTERONE_MEDIATED_OOCYTE_MATURATION,Progesterone Mediated Oocyte Maturation,KEGG,1.17173921,0.381185459,1.17617854,0.395288704,-0.782850672,0.963202098,False,shared_heat,1.21942191,1.60438201
KEGG_PROPANOATE_METABOLISM,Propanoate Metabolism,KEGG,-1.69366899,0.0626117884,-1.61676196,0.0986136841,-0.543446685,0.991238062,False,shared_heat,-1.70416508,-1.84433805
KEGG_PROSTATE_CANCER,Prostate Cancer,KEGG,1.32260224,0.217555018,1.28498114,0.257435859,1.05833764,0.575425815,False,shared_heat,1.27276986,1.61013842
KEGG_PROTEASOME,Proteasome,KEGG,-1.58289523,0.0914254696,-1.4605402,0.173062872,-0.859508697,0.89671196,False,shared_heat,-1.47565452,-1.20690608
KEGG_PURINE_METABOLISM,Purine Metabolism,KEGG,0.917317751,0.713300072,1.00614795,0.548329,-1.12342197,0.469565693,False,shared_heat,0.958643017,-0.963947851
KEGG_PYRIMIDINE_METABOLISM,Pyrimidine Metabolism,KEGG,0.911361228,0.713300072,0.955030853,0.612225797,-1.37034899,0.216550151,False,shared_heat,0.901688399,-0.840485209
KEGG_PYRUVATE_METABOLISM,Pyruvate Metabolism,KEGG,-1.30374043,0.292081774,-1.1868175,0.40743477,-1.13896707,0.480444199,False,shared_heat,-1.24342511,-1.41335464
KEGG_REGULATION_OF_ACTIN_CYTOSKELETON,Regulation of Actin Cytoskeleton,KEGG,1.59913729,0.0349639151,1.49316083,0.0776795586,1.37316908,0.190014284,False,shared_heat,1.54399487,1.22906383
KEGG_RENAL_CELL_CARCINOMA,Renal Cell Carcinoma,KEGG,1.45563851,0.148843975,1.32983401,0.257435859,1.14380595,0.470109349,False,shared_heat,1.33410857,0.971154642
KEGG_RIBOSOME,Ribosome,KEGG,-0.600317659,0.960247418,-0.60904136,0.961102013,1.06715449,0.590263368,False,shared_heat,-0.662184197,-2.19416691
KEGG_RIG_I_LIKE_RECEPTOR_SIGNALING_PATHWAY,Rig I Like Receptor Signaling Pathway,KEGG,1.09188068,0.490807299,0.899053311,0.678111625,1.85802433,0.048497862,True,cGAS_amplified,0.940331327,2.43484896
KEGG_RNA_DEGRADATION,RNA Degradation,KEGG,-0.900072235,0.713300072,-0.814662782,0.781860864,-0.814626185,0.939110031,False,shared_heat,-0.913599908,0.972790737
KEGG_RNA_POLYMERASE,RNA Polymerase,KEGG,-1.18507579,0.428441974,-1.23274095,0.394778142,-1.41977999,0.269502826,False,shared_heat,-1.2563563,-1.49977828
KEGG_SMALL_CELL_LUNG_CANCER,Small Cell Lung Cancer,KEGG,1.56775449,0.0657796786,1.60894129,0.0762466951,1.02331655,0.652805683,False,shared_heat,1.54310009,1.68011458
KEGG_SNARE_INTERACTIONS_IN_VESICULAR_TRANSPORT,Snare Interactions in Vesicular Transport,KEGG,-0.953752864,0.636379247,-1.08938615,0.467539959,-1.00468397,0.691752324,False,shared_heat,-1.03648929,-1.85845645
KEGG_SPLICEOSOME,Spliceosome,KEGG,1.12140443,0.458001263,1.31787591,0.257435859,-1.62395258,0.0880614175,False,shared_heat,1.20002901,0.708583236
KEGG_STARCH_AND_SUCROSE_METABOLISM,Starch and Sucrose Metabolism,KEGG,0.854042105,0.740288507,0.77849924,0.790019786,0.767151804,0.951654574,False,shared_heat,0.816267504,1.38216182
KEGG_SYSTEMIC_LUPUS_ERYTHEMATOSUS,Systemic Lupus Erythematosus,KEGG,-0.902117782,0.713300072,0.896257056,0.686242778,-0.721864418,0.984295299,False,shared_heat,0.909219806,-1.72129144
KEGG_TGF_BETA_SIGNALING_PATHWAY,TGF-beta Signaling Pathway,KEGG,1.3013035,0.264345163,1.10585597,0.440184607,1.16929679,0.447461189,False,shared_heat,1.17876659,1.10577331
KEGG_THYROID_CANCER,Thyroid Cancer,KEGG,-0.946343071,0.640340044,-0.846009685,0.725549091,0.71109861,0.963202098,False,shared_heat,-0.9288394,1.27889466
KEGG_TIGHT_JUNCTION,Tight Junction,KEGG,1.33823203,0.201810206,1.30432517,0.244369225,0.88074061,0.89671196,False,shared_heat,1.28828215,0.863781707
KEGG_TOLL_LIKE_RECEPTOR_SIGNALING_PATHWAY,Toll Like Receptor Signaling Pathway,KEGG,1.26410976,0.281378196,1.20734411,0.347090285,1.35668805,0.237450056,False,shared_heat,1.22632442,1.77952213
KEGG_TRYPTOPHAN_METABOLISM,Tryptophan Metabolism,KEGG,-1.12013328,0.48271958,-1.01127852,0.548329,-1.30445627,0.336886705,False,shared_heat,-1.09679334,-1.87102434
KEGG_TYPE_II_DIABETES_MELLITUS,Type II Diabetes Mellitus,KEGG,-1.09974755,0.490807299,-1.24481849,0.357416853,1.14361109,0.480444199,False,shared_heat,-1.16290117,1.19080332
KEGG_TYPE_I_DIABETES_MELLITUS,Type I Diabetes Mellitus,KEGG,1.60428058,0.080493387,1.55569307,0.114039706,0.676253686,0.984295299,False,shared_heat,1.62246456,0.925769385
KEGG_T_CELL_RECEPTOR_SIGNALING_PATHWAY,T Cell Receptor Signaling Pathway,KEGG,1.46218033,0.0914254696,1.3700664,0.160949754,1.33368917,0.237450056,False,shared_heat,1.39546417,1.18675034
KEGG_UBIQUITIN_MEDIATED_PROTEOLYSIS,Ubiquitin Mediated Proteolysis,KEGG,-1.41121484,0.1505277,-1.43962941,0.140586936,1.1042385,0.49798871,False,shared_heat,-1.39930877,1.67219486
KEGG_VALINE_LEUCINE_AND_ISOLEUCINE_DEGRADATION,Valine Leucine and Isoleucine Degradation,KEGG,-1.64343888,0.0664092545,-1.59194706,0.0986136841,0.733469694,0.963202098,False,shared_heat,-1.62240553,-2.08662479
KEGG_VASCULAR_SMOOTH_MUSCLE_CONTRACTION,Vascular Smooth Muscle Contraction,KEGG,0.95741609,0.636379247,0.881886693,0.711893881,0.67994646,0.984295299,False,shared_heat,0.919420274,1.51738431
KEGG_VEGF_SIGNALING_PATHWAY,VEGF Signaling Pathway,KEGG,1.61864559,0.0695587395,1.51974901,0.121427584,1.36574373,0.2686167,False,shared_heat,1.55822176,1.20174527
KEGG_VIBRIO_CHOLERAE_INFECTION,Vibrio Cholerae Infection,KEGG,-1.07846398,0.50643432,-1.2557494,0.347090285,0.904262532,0.867133921,False,shared_heat,-1.18233918,-1.5437722
KEGG_VIRAL_MYOCARDITIS,Viral Myocarditis,KEGG,-1.05595702,0.511931878,-1.16392443,0.404157627,1.32599774,0.275858396,False,shared_heat,-1.13497992,1.03918754
KEGG_WNT_SIGNALING_PATHWAY,Wnt Signaling Pathway,KEGG,1.05255058,0.508419196,0.849147226,0.782661576,1.71995983,0.0549157075,False,shared_heat,0.97506156,0.858642018
KLF14_TARGET_GENES,Klf14 Target Genes,TF_Targets,-1.27410495,0.250232586,-1.10166158,0.417313264,-1.2109038,0.583722661,False,shared_heat,-1.13914914,-0.992619032
KLF7_TARGET_GENES,Klf7 Target Genes,TF_Targets,1.38507612,0.0487641565,1.42528405,0.040097437,-1.0543854,0.73838064,False,shared_heat,1.42492077,0.968202929
KMT2D_TARGET_GENES,Kmt2d Target Genes,TF_Targets,1.6271322,0.00311738461,1.56388184,0.0124893557,0.882690172,0.999658814,False,shared_heat,1.52945111,0.856128531
LCORL_TARGET_GENES,Lcorl Target Genes,TF_Targets,-1.28196478,0.190590809,-1.35061419,0.150859173,0.835103051,0.999658814,False,shared_heat,-1.2930913,-0.787141121
LHX2_TARGET_GENES,Lhx2 Target Genes,TF_Targets,1.23840652,0.136454057,1.15432593,0.239090661,-0.935246674,0.97975828,False,shared_heat,1.21044973,-1.08122956
LHX9_TARGET_GENES,Lhx9 Target Genes,TF_Targets,1.42680198,0.0109826377,1.38923245,0.0236591589,0.699071017,0.999658814,False,shared_heat,1.40656774,-0.966990383
LMTK3_TARGET_GENES,Lmtk3 Target Genes,TF_Targets,-1.05833454,0.432497111,-1.1849468,0.300810582,1.32403832,0.375786574,False,shared_heat,-1.1068316,1.32845875
Lombardi2022_HIF,Lombardi2022 HIF,Lombardi2022_HIF,2.29784328,1.58513112e-09,2.359745,1.21513998e-10,-0.907706815,0.669482021,False,shared_heat,2.31990896,-1.53652783
MAFG_TARGET_GENES,Mafg Target Genes,TF_Targets,1.32900264,0.0358014646,-1.19397108,0.195041241,1.2729332,0.272354625,False,shared_heat,1.26741054,1.19198535
MAML1_TARGET_GENES,Maml1 Target Genes,TF_Targets,1.17131157,0.293275222,-1.15939287,0.344940117,1.50085782,0.272354625,False,shared_heat,-1.1465881,0.950214349
MAPK3_TARGET_GENES,MAPK-3 Target Genes,TF_Targets,1.2393662,0.279513424,1.25423898,0.287086228,-0.881068478,0.974991564,False,shared_heat,1.26049543,-1.07738343
MCM2_TARGET_GENES,Mcm2 Target Genes,TF_Targets,-1.18297587,0.350395339,-1.51478472,0.158284358,1.64381903,0.272354625,False,shared_heat,-1.2942946,-1.34115901
MCM3_TARGET_GENES,Mcm3 Target Genes,TF_Targets,1.33601924,0.202254786,1.34199127,0.235498197,-0.780496374,0.999658814,False,shared_heat,1.36816861,0.68926843
MED25_TARGET_GENES,Med25 Target Genes,TF_Targets,1.29901632,0.246100729,1.30779646,0.249264183,-0.850286095,0.988986683,False,shared_heat,1.25377296,-0.839409381
MEF2C_TARGET_GENES,Mef2c Target Genes,TF_Targets,-1.2278218,0.123928628,-1.29265613,0.0764473786,1.12598801,0.552202014,False,shared_heat,-1.25151675,0.975427172
MEF2D_TARGET_GENES,Mef2d Target Genes,TF_Targets,-1.09935901,0.350395339,-1.10522988,0.3771691,1.03461083,0.801735198,False,shared_heat,-1.10767283,-1.03643957
METHYLCYTOSINE_DIOXYGENASE_TET_UNIPROT_A0A023HHK9_UNREVIEWED_TARGET_GENES,Methylcytosine Dioxygenase Tet Uniprot A0a023hhk9 Unreviewed Target Genes,TF_Targets,-1.06767774,0.448477785,-1.10276784,0.419261321,1.03019844,0.827578897,False,shared_heat,-1.02063727,1.2594528
METTL14_TARGET_GENES,Mettl14 Target Genes,TF_Targets,-1.25613145,0.276009913,-1.31086657,0.251007038,-0.737825836,0.999658814,False,shared_heat,-1.27654825,-0.983162972
MIER1_TARGET_GENES,Mier1 Target Genes,TF_Targets,-1.19688054,0.279513424,-1.23127324,0.276987451,1.19395444,0.583722661,False,shared_heat,-1.18110011,1.07022066
MITOPATHWAYS_Metabolism,Mitopathways Metabolism,MitoPathways,-1.46650813,0.0161683954,-1.46892156,0.017979122,0.923275612,0.9987033,False,shared_heat,-1.4195567,-1.65495331
MITOPATHWAYS_Metabolism.Amino_acid_metabolism,Mitopathways Metabolism.amino Acid Metabolism,MitoPathways,-1.36155171,0.19715763,-1.277232,0.303368771,0.681352037,0.9987033,False,shared_heat,-1.31340495,-1.75119215
MITOPATHWAYS_Metabolism.Amino_acid_metabolism.Branched-chain_amino_acid_metabolism,Mitopathways Metabolism.amino Acid Metabolism.branched-Chain Amino Acid Metab...,MitoPathways,-1.71611411,0.0456206738,-1.65044948,0.114079489,1.16904851,0.754230268,False,shared_heat,-1.70288574,-1.76534161
MITOPATHWAYS_Metabolism.Carbohydrate_metabolism,Mitopathways Metabolism.carbohydrate Metabolism,MitoPathways,-1.66786868,0.031576489,-1.53519954,0.114079489,0.842465401,0.9987033,False,shared_heat,-1.60231143,-1.38065475
MITOPATHWAYS_Metabolism.Carbohydrate_metabolism.TCA_cycle,Mitopathways Metabolism.carbohydrate Metabolism.tca Cycle,MitoPathways,-1.19124386,0.530155198,-1.00781805,0.730704691,-0.763937893,0.9987033,False,shared_heat,-1.12834958,-1.45785862
MITOPATHWAYS_Metabolism.Detoxification,Mitopathways Metabolism.detoxification,MitoPathways,0.739926388,0.931253844,-0.940168029,0.780491393,1.22175664,0.747653981,False,shared_heat,-0.733082696,-1.69726968
MITOPATHWAYS_Metabolism.Detoxification.ROS_and_glutathione_metabolism,Mitopathways Metabolism.detoxification.ros and Glutathione Metabolism,MitoPathways,-0.942955689,0.757282473,-0.933117969,0.780491393,-0.755303175,0.9987033,False,shared_heat,-0.875347486,-1.71140509
MITOPATHWAYS_Metabolism.Detoxification.Xenobiotic_metabolism,Mitopathways Metabolism.detoxification.xenobiotic Metabolism,MitoPathways,1.18256881,0.530155198,1.02330692,0.727992384,1.65887442,0.452557948,False,shared_heat,1.08969839,-1.3940452
MITOPATHWAYS_Metabolism.Lipid_metabolism,Mitopathways Metabolism.lipid Metabolism,MitoPathways,-1.58829288,0.031576489,-1.53959242,0.0720592032,0.948355115,0.9987033,False,shared_heat,-1.55041097,-1.72044859
MITOPATHWAYS_Metabolism.Lipid_metabolism.Cardiolipin_synthesis,Mitopathways Metabolism.lipid Metabolism.cardiolipin Synthesis,MitoPathways,0.999292225,0.715963786,0.861605647,0.84992024,1.11095336,0.773985793,False,shared_heat,0.93060922,-1.09945829
MITOPATHWAYS_Metabolism.Lipid_metabolism.Fatty_acid_oxidation,Mitopathways Metabolism.lipid Metabolism.fatty Acid Oxidation,MitoPathways,-1.79085265,0.031576489,-1.57945753,0.11909391,-1.00218096,0.942989269,False,shared_heat,-1.65573203,-1.87386313
MITOPATHWAYS_Metabolism.Lipid_metabolism.Phospholipid_metabolism,Mitopathways Metabolism.lipid Metabolism.phospholipid Metabolism,MitoPathways,1.00553084,0.715963786,1.06812323,0.664984091,0.930914423,0.9987033,False,shared_heat,0.871706592,0.709388958
MITOPATHWAYS_Metabolism.Metals_and_cofactors,Mitopathways Metabolism.metals and Cofactors,MitoPathways,-1.34790063,0.171848816,-1.40154499,0.156750519,-0.639636118,0.9987033,False,shared_heat,-1.36401245,-1.5126508
MITOPATHWAYS_Metabolism.Metals_and_cofactors.Fe-S-containing_proteins,Mitopathways Metabolism.metals and Cofactors.fe-S-Containing Proteins,MitoPathways,-1.28280755,0.396209243,-1.25972534,0.442045408,-0.850487073,0.9987033,False,shared_heat,-1.29464252,-1.65570762
MITOPATHWAYS_Metabolism.Metals_and_cofactors.Fe-S_cluster_biosynthesis,Mitopathways Metabolism.metals and Cofactors.fe-S Cluster Biosynthesis,MitoPathways,0.967900303,0.741310068,1.10521089,0.664984091,-1.14450406,0.754230268,False,shared_heat,1.0454748,-1.18549202
MITOPATHWAYS_Metabolism.Metals_and_cofactors.Heme_synthesis_and_processing,Mitopathways Metabolism.metals and Cofactors.heme Synthesis and Processing,MitoPathways,-0.813312709,0.897276411,-0.957354142,0.780491393,-0.89509157,0.9987033,False,shared_heat,-0.882457341,-0.806959228
MITOPATHWAYS_Metabolism.Nucleotide_metabolism,Mitopathways Metabolism.nucleotide Metabolism,MitoPathways,-0.863970294,0.897276411,-0.83389754,0.84992024,0.834946618,0.9987033,False,shared_heat,-0.790281079,-1.6898309
MITOPATHWAYS_Metabolism.Nucleotide_metabolism.Nucleotide_synthesis_and_processing,Mitopathways Metabolism.nucleotide Metabolism.nucleotide Synthesis and Proces...,MitoPathways,-0.820065933,0.897276411,-0.793547387,0.852096895,0.718548807,0.9987033,False,shared_heat,-0.826165889,-1.37642081
MITOPATHWAYS_Metabolism.Vitamin_metabolism,Mitopathways Metabolism.vitamin Metabolism,MitoPathways,-1.24109925,0.396209243,-1.19684097,0.512713121,-0.752473193,0.9987033,False,shared_heat,-1.25330187,-0.783294811
MITOPATHWAYS_Metabolism.Vitamin_metabolism.Folate_and_1-C_metabolism,Mitopathways Metabolism.vitamin Metabolism.folate and 1-C Metabolism,MitoPathways,-1.36109815,0.359956756,-1.3910713,0.303368771,0.858865071,0.9987033,False,shared_heat,-1.37478576,-1.19473716
MITOPATHWAYS_Mitochondrial_central_dogma,Mitopathways Mitochondrial Central Dogma,MitoPathways,-0.833588699,0.931253844,-0.782250691,0.992356553,-1.06128959,0.754230268,False,shared_heat,-0.82573887,-0.955437434
MITOPATHWAYS_Mitochondrial_central_dogma.Translation,Mitopathways Mitochondrial Central Dogma.translation,MitoPathways,0.865188598,0.931253844,0.904705077,0.84992024,-0.913628175,0.9987033,False,shared_heat,0.846592692,-1.16361658
MITOPATHWAYS_Mitochondrial_central_dogma.Translation.Mitochondrial_ribosome,Mitopathways Mitochondrial Central Dogma.translation.mitochondrial Ribosome,MitoPathways,0.943045589,0.777751834,0.959089272,0.780491393,-0.934923204,0.9987033,False,shared_heat,0.971775846,-1.64296264
MITOPATHWAYS_Mitochondrial_central_dogma.Translation.Mitochondrial_ribosome_assembly,Mitopathways Mitochondrial Central Dogma.translation.mitochondrial Ribosome A...,MitoPathways,1.07481593,0.623087192,1.18849975,0.555869391,0.444879429,0.9987033,False,shared_heat,1.14388672,1.08505789
MITOPATHWAYS_Mitochondrial_central_dogma.Translation.Translation_factors,Mitopathways Mitochondrial Central Dogma.translation.translation Factors,MitoPathways,-0.702661906,0.931253844,0.753086579,0.860571478,-1.65365247,0.452557948,False,shared_heat,0.688148788,-1.35797649
MITOPATHWAYS_Mitochondrial_central_dogma.Translation.mt-tRNA_synthetases,Mitopathways Mitochondrial Central Dogma.translation.mt-Trna Synthetases,MitoPathways,-0.996033742,0.715963786,-1.07397322,0.664984091,1.26556405,0.747653981,False,shared_heat,-1.09547803,0.844285142
MITOPATHWAYS_Mitochondrial_central_dogma.mtDNA_maintenance,Mitopathways Mitochondrial Central Dogma.mtdna Maintenance,MitoPathways,-1.23850071,0.423116233,-1.09820342,0.664984091,-1.13711187,0.754230268,False,shared_heat,-1.15995346,1.18872564
MITOPATHWAYS_Mitochondrial_central_dogma.mtRNA_metabolism,Mitopathways Mitochondrial Central Dogma.mtrna Metabolism,MitoPathways,0.98789119,0.715963786,0.941743771,0.780491393,-0.931821636,0.9987033,False,shared_heat,0.939580119,-0.546482458
MITOPATHWAYS_Mitochondrial_central_dogma.mtRNA_metabolism.mt-rRNA_modifications,Mitopathways Mitochondrial Central Dogma.mtrna Metabolism.mt-Rrna Modifications,MitoPathways,-0.945985644,0.757282473,-0.785708747,0.852096895,-0.744411392,0.9987033,False,shared_heat,-0.879935824,-0.721328252
MITOPATHWAYS_Mitochondrial_central_dogma.mtRNA_metabolism.mt-tRNA_modifications,Mitopathways Mitochondrial Central Dogma.mtrna Metabolism.mt-Trna Modifications,MitoPathways,0.719784463,0.931253844,0.851539249,0.84992024,-1.10202861,0.773985793,False,shared_heat,0.708040871,-0.701352893
MITOPATHWAYS_Mitochondrial_central_dogma.mtRNA_metabolism.mtRNA_granules,Mitopathways Mitochondrial Central Dogma.mtrna Metabolism.mtrna Granules,MitoPathways,1.64069781,0.0773400042,1.49002745,0.202669972,0.64022151,0.9987033,False,shared_heat,1.5606027,0.796412286
MITOPATHWAYS_Mitochondrial_central_dogma.mtRNA_metabolism.mtRNA_stability_and_decay,Mitopathways Mitochondrial Central Dogma.mtrna Metabolism.mtrna Stability and...,MitoPathways,1.13215822,0.55968165,1.2349185,0.515181202,-1.4485905,0.452557948,False,shared_heat,1.13649725,1.01051554
MITOPATHWAYS_Mitochondrial_dynamics_and_surveillance,Mitopathways Mitochondrial Dynamics and Surveillance,MitoPathways,-0.822626485,0.931253844,-0.783948148,0.939448097,0.846182443,0.9987033,False,shared_heat,0.796915131,-1.27247563
MITOPATHWAYS_Mitochondrial_dynamics_and_surveillance.Apoptosis,Mitopathways Mitochondrial Dynamics and Surveillance.apoptosis,MitoPathways,1.13490956,0.542719714,0.964280914,0.780491393,1.13086372,0.754230268,False,shared_heat,1.00198255,1.24024264
MITOPATHWAYS_Mitochondrial_dynamics_and_surveillance.Autophagy,Mitopathways Mitochondrial Dynamics and Surveillance.autophagy,MitoPathways,-1.54953483,0.171848816,-1.59013284,0.156750519,0.678541598,0.9987033,False,shared_heat,-1.52938677,-1.52187129
MITOPATHWAYS_Mitochondrial_dynamics_and_surveillance.Fission,Mitopathways Mitochondrial Dynamics and Surveillance.fission,MitoPathways,0.79835909,0.897276411,0.804956793,0.84992024,-0.642458966,0.9987033,False,shared_heat,0.811355271,-1.06396312
MITOPATHWAYS_OXPHOS,Mitopathways OXPHOS,MitoPathways,-1.17766817,0.396209243,-1.03733751,0.664984091,-1.29010299,0.452557948,False,shared_heat,-1.10178494,-2.17096553
MITOPATHWAYS_OXPHOS.Complex_I,Mitopathways Oxphos.complex I,MitoPathways,-1.50393344,0.102200136,-1.39408194,0.215674071,-1.34913161,0.452557948,False,shared_heat,-1.41981388,-2.16615549
MITOPATHWAYS_OXPHOS.Complex_I.CI_assembly_factors,Mitopathways Oxphos.complex I.ci Assembly Factors,MitoPathways,-0.993036588,0.715963786,-1.00058311,0.730704691,0.685561088,0.9987033,False,shared_heat,-0.99125934,-1.42334453
MITOPATHWAYS_OXPHOS.Complex_I.CI_subunits,Mitopathways Oxphos.complex I.ci Subunits,MitoPathways,-1.69127235,0.0456206738,-1.41930558,0.215674071,-1.4967757,0.452557948,False,shared_heat,-1.55622938,-2.23270592
MITOPATHWAYS_OXPHOS.Complex_IV,Mitopathways Oxphos.complex IV,MitoPathways,-0.749753736,0.931253844,0.552229079,0.995888889,-1.16879854,0.754230268,False,shared_heat,-0.595728389,-1.849988
MITOPATHWAYS_OXPHOS.Complex_IV.CIV_assembly_factors,Mitopathways Oxphos.complex Iv.civ Assembly Factors,MitoPathways,-0.698918451,0.931253844,-0.792426463,0.852096895,-1.01485963,0.942023935,False,shared_heat,-0.680523518,-1.66366393
MITOPATHWAYS_OXPHOS.OXPHOS_assembly_factors,Mitopathways Oxphos.oxphos Assembly Factors,MitoPathways,-0.864079631,0.897276411,-0.858158979,0.84992024,-0.934759334,0.9987033,False,shared_heat,-0.826439714,-1.62079819
MITOPATHWAYS_OXPHOS.OXPHOS_subunits,Mitopathways Oxphos.oxphos Subunits,MitoPathways,-1.3014745,0.300689466,-1.04326558,0.664984091,-1.33866346,0.452557948,False,shared_heat,-1.16347456,-2.25846889
MITOPATHWAYS_Protein_import_sorting_and_homeostasis,Mitopathways Protein Import Sorting and Homeostasis,MitoPathways,1.1810946,0.423116233,1.20729757,0.412586015,-1.05358014,0.793810664,False,shared_heat,1.26402229,-1.35306321
MITOPATHWAYS_Protein_import_sorting_and_homeostasis.Protein_homeostasis,Mitopathways Protein Import Sorting and Homeostasis.protein Homeostasis,MitoPathways,1.13006032,0.530155198,1.11487222,0.639907994,-1.14966377,0.754230268,False,shared_heat,1.16903634,-0.74160344
MITOPATHWAYS_Protein_import_sorting_and_homeostasis.Protein_homeostasis.Chaperones,Mitopathways Protein Import Sorting and Homeostasis.protein Homeostasis.chape...,MitoPathways,1.50531876,0.19715763,1.5752289,0.177946366,-1.41036028,0.515751586,False,shared_heat,1.60295883,-1.34068607
MITOPATHWAYS_Protein_import_sorting_and_homeostasis.Protein_homeostasis.Proteases,Mitopathways Protein Import Sorting and Homeostasis.protein Homeostasis.prote...,MitoPathways,-0.673458816,0.931253844,-0.856717963,0.84992024,0.599495595,0.9987033,False,shared_heat,-0.762764841,0.753531314
MITOPATHWAYS_Protein_import_sorting_and_homeostasis.Protein_import_and_sorting,Mitopathways Protein Import Sorting and Homeostasis.protein Import and Sorting,MitoPathways,1.13280373,0.530155198,1.08404158,0.664984091,-0.642987957,0.9987033,False,shared_heat,1.20138941,-1.63420742
MITOPATHWAYS_Signaling,Mitopathways Signaling,MitoPathways,-1.10239651,0.55968165,-1.39260297,0.215674071,1.41808108,0.452557948,False,shared_heat,-1.16878657,1.47906715
MITOPATHWAYS_Signaling.Calcium_homeostasis,Mitopathways Signaling.calcium Homeostasis,MitoPathways,-1.07591146,0.623087192,-1.07807844,0.664984091,-0.516758162,0.9987033,False,shared_heat,-1.06799039,-0.819356934
MITOPATHWAYS_Small_molecule_transport,Mitopathways Small Molecule Transport,MitoPathways,-1.60610927,0.0379273787,-1.63498338,0.0667412247,1.1529812,0.754230268,False,shared_heat,-1.60129233,-0.988253659
MITOPATHWAYS_Small_molecule_transport.SLC25A_family,Mitopathways Small Molecule Transport.slc25a Family,MitoPathways,-1.26471692,0.396209243,-1.39080794,0.215674071,1.26624987,0.70215793,False,shared_heat,-1.30295613,-1.41316008
MITOXPLORER_Amino_Acid_Metabolism,Mitoxplorer Amino Acid Metabolism,MitoXplorer,-1.19558029,0.305834365,-1.12850798,0.427348453,-0.901008032,0.925627743,False,shared_heat,-1.14599662,-0.928683286
MITOXPLORER_Apoptosis,Mitoxplorer Apoptosis,MitoXplorer,1.05130539,0.465407916,1.07379814,0.464303842,-0.807830227,0.980113118,False,shared_heat,1.06029674,-1.34557262
MITOXPLORER_Calcium_Signaling___Transport,Mitoxplorer Calcium Signaling Transport,MitoXplorer,-1.58872809,0.239965958,-1.75300096,0.094548552,0.952435314,0.846037237,False,shared_heat,-1.76830855,1.2788489
MITOXPLORER_Fatty_Acid_Biosynthesis___Elongation,Mitoxplorer Fatty Acid Biosynthesis Elongation,MitoXplorer,-1.41570812,0.295822792,-1.15008848,0.45025291,-1.12908094,0.764329532,False,shared_heat,-1.34303941,-1.1309519
MITOXPLORER_Fatty_Acid_Degradation___Beta_oxidation,Mitoxplorer Fatty Acid Degradation beta Oxidation,MitoXplorer,-1.45544684,0.295822792,-1.29972712,0.370456818,-0.941286247,0.846037237,False,shared_heat,-1.3823596,-1.50118555
MITOXPLORER_Fe_S_Cluster_Biosynthesis,Mitoxplorer Fe S Cluster Biosynthesis,MitoXplorer,-0.872412604,0.753526128,-0.750160346,0.918706661,-1.62774506,0.373698783,False,shared_heat,-0.893035712,-1.48701157
MITOXPLORER_Glycolysis,Mitoxplorer Glycolysis,MitoXplorer,1.29913926,0.305834365,1.39645959,0.332709789,-1.13715673,0.764329532,False,shared_heat,1.32766632,-1.05895982
MITOXPLORER_Import___Sorting,Mitoxplorer Import Sorting,MitoXplorer,1.5096125,0.239965958,1.45165204,0.332709789,-0.712059763,0.980113118,False,shared_heat,1.59984438,-1.42084382
MITOXPLORER_Metabolism_of_Lipids___Lipoproteins,Mitoxplorer Metabolism of Lipids Lipoproteins,MitoXplorer,-1.06707533,0.465407916,-1.05548177,0.486820935,1.06663294,0.764329532,False,shared_heat,-1.03449522,0.93491902
MITOXPLORER_Metabolism_of_Vitamins___Co_Factors,Mitoxplorer Metabolism of Vitamins Co Factors,MitoXplorer,-1.22288249,0.322302475,-1.24931711,0.427348453,1.44938245,0.581139622,False,shared_heat,-1.27932191,-0.978097322
MITOXPLORER_Mitochondrial_Carrier,Mitoxplorer Mitochondrial Carrier,MitoXplorer,-1.18734053,0.322302475,-1.27157769,0.370456818,1.3204538,0.581139622,False,shared_heat,-1.1709069,-1.31182602
MITOXPLORER_Mitochondrial_Dynamics,Mitoxplorer Mitochondrial Dynamics,MitoXplorer,-0.963800438,0.628439911,-0.937609062,0.68957718,0.631172252,0.980113118,False,shared_heat,-0.882190509,-1.54516712
MITOXPLORER_Mitochondrial_Signaling,Mitoxplorer Mitochondrial Signaling,MitoXplorer,-0.470273736,0.995349376,-0.517927479,0.987919238,0.641265655,0.980113118,False,shared_heat,-0.429016023,1.36190872
MITOXPLORER_Mitophagy,Mitoxplorer Mitophagy,MitoXplorer,0.733145809,0.919758335,0.799217262,0.864625315,-0.931199467,0.846037237,False,shared_heat,0.721234508,-0.846706318
MITOXPLORER_Oxidative_Phosphorylation,Mitoxplorer Oxidative Phosphorylation,MitoXplorer,-1.19015516,0.305834365,-1.03620018,0.486820935,-1.16046084,0.654509897,False,shared_heat,-1.10974906,-2.17503464
MITOXPLORER_Protein_Stability___Degradation,Mitoxplorer Protein Stability Degradation,MitoXplorer,1.40022274,0.295822792,1.42409636,0.332709789,-1.36846605,0.581139622,False,shared_heat,1.36718456,0.903369501
MITOXPLORER_Pyruvate_Metabolism,Mitoxplorer Pyruvate Metabolism,MitoXplorer,-1.42008448,0.295822792,-1.44995453,0.332709789,1.08966572,0.764329532,False,shared_heat,-1.39714521,-1.05209605
MITOXPLORER_ROS_Defense,Mitoxplorer ROS Defense,MitoXplorer,-1.26263481,0.305834365,-1.17747257,0.427348453,-1.09915198,0.764329532,False,shared_heat,-1.14929489,-1.39076657
MITOXPLORER_Replication___Transcription,Mitoxplorer Replication Transcription,MitoXplorer,-1.1720901,0.322302475,-1.16019584,0.427348453,-0.809141496,0.980113118,False,shared_heat,-1.1982287,1.27565254
MITOXPLORER_Transcription__nuclear_,Mitoxplorer Transcription Nuclear,MitoXplorer,1.28733719,0.305834365,1.12260948,0.45025291,1.21898069,0.764329532,False,shared_heat,1.20222403,0.935293867
MITOXPLORER_Translation,Mitoxplorer Translation,MitoXplorer,-0.760574623,0.995349376,-0.816677681,0.959259785,-1.01646971,0.776379473,False,shared_heat,-0.776793311,-1.17940394
MITOXPLORER_Transmembrane_Transport,Mitoxplorer Transmembrane Transport,MitoXplorer,-1.17147421,0.357047334,-1.22127635,0.427348453,0.843136575,0.925627743,False,shared_heat,-1.23427515,1.27686112
MITOXPLORER_Tricarboxylic_Acid_Cycle,Mitoxplorer Tricarboxylic Acid Cycle,MitoXplorer,-1.35412651,0.305834365,-1.33103404,0.370456818,-0.598649375,0.980113118,False,shared_heat,-1.34513708,-1.02063623
MSX1_TARGET_GENES,Msx1 Target Genes,TF_Targets,-0.899765871,0.692037569,-0.821992187,0.817751492,-0.907592149,0.958352072,False,shared_heat,-0.883075235,-1.05738499
MXD1_TARGET_GENES,Mxd1 Target Genes,TF_Targets,-1.15330446,0.279513424,-1.06904563,0.418644936,1.04025615,0.792206187,False,shared_heat,-1.10256605,-1.13890465
MYBL1_TARGET_GENES,Mybl1 Target Genes,TF_Targets,-1.12792056,0.3308191,-1.09449324,0.397417201,-1.11748643,0.653887342,False,shared_heat,-1.20374443,0.815788328
MYOCD_TARGET_GENES,Myocd Target Genes,TF_Targets,1.41917631,0.0242468353,1.30531496,0.0908702587,1.36633014,0.226345264,False,shared_heat,1.34335897,1.07604062
MZF1_TARGET_GENES,Mzf1 Target Genes,TF_Targets,1.47869737,0.00385429456,1.45887083,0.00659425613,0.927227808,0.987765857,False,shared_heat,1.49560821,1.00586143
NAB2_TARGET_GENES,Nab2 Target Genes,TF_Targets,1.72798039,1.64460068e-05,1.60646255,0.000543400516,0.902829304,0.999658814,False,shared_heat,1.647378,1.36045108
NCOA2_TARGET_GENES,Ncoa2 Target Genes,TF_Targets,-0.976373881,0.582615366,-1.03307307,0.4816917,1.25261724,0.465743249,False,shared_heat,-1.01001222,-1.22606278
NCOA4_TARGET_GENES,Ncoa4 Target Genes,TF_Targets,1.17005509,0.211234713,1.20438957,0.195041241,0.902373374,0.999658814,False,shared_heat,1.19714556,-1.28393972
NCOA6_TARGET_GENES,Ncoa6 Target Genes,TF_Targets,-0.969272625,0.586371769,-1.22176548,0.278002572,1.07286034,0.749676673,False,shared_heat,-1.03091383,-0.807257489
NFKBIA_TARGET_GENES,NF-kappaBia Target Genes,TF_Targets,1.34142857,0.0687707889,1.16703985,0.247233627,1.4793121,0.106115418,False,shared_heat,1.23372602,1.68015471
NFXL1_TARGET_GENES,Nfxl1 Target Genes,TF_Targets,1.41462349,0.0894354575,1.25253329,0.235681693,1.40150352,0.309935642,False,shared_heat,1.3418465,1.12448965
NKX2_2_TARGET_GENES,Nkx2 2 Target Genes,TF_Targets,1.02849448,0.448477785,1.11051343,0.298055399,-0.952141445,0.959500702,False,shared_heat,1.08891527,-1.11455164
NKX2_3_TARGET_GENES,Nkx2 3 Target Genes,TF_Targets,1.16728495,0.278424607,1.10417315,0.370485608,0.870964535,0.999658814,False,shared_heat,1.16379162,-1.23084356
NKX2_5_TARGET_GENES,Nkx2 5 Target Genes,TF_Targets,1.36186836,0.0292316359,1.25627558,0.106066937,1.12132265,0.580002225,False,shared_heat,1.3240933,0.888859446
NOTCH3_TARGET_GENES,Notch3 Target Genes,TF_Targets,-1.17899025,0.202254786,-1.3638845,0.0585422072,1.60948606,0.00852779779,True,cGAS_dampened,-1.25015024,1.32382815
NPAT_TARGET_GENES,Npat Target Genes,TF_Targets,-1.33116839,0.197459202,-1.15093753,0.370485608,-1.15116788,0.641316448,False,shared_heat,-1.19772243,0.70259918
NPM1_TARGET_GENES,Npm1 Target Genes,TF_Targets,0.929206394,0.658789863,-1.01407149,0.525106387,1.13777819,0.655283856,False,shared_heat,-0.934744023,0.780543209
NR0B1_TARGET_GENES,Nr0b1 Target Genes,TF_Targets,1.20693526,0.246643432,1.23649787,0.235681693,0.803509867,0.999658814,False,shared_heat,1.20843095,0.974853634
NR1D1_TARGET_GENES,Nr1d1 Target Genes,TF_Targets,-1.36620771,0.202254786,-1.37563356,0.235681693,0.973693444,0.876802204,False,shared_heat,-1.3850308,0.726737129
NR1H4_TARGET_GENES,Nr1h4 Target Genes,TF_Targets,1.54285949,0.0367693905,1.48068937,0.069015289,1.13660376,0.64027845,False,shared_heat,1.45449096,-1.0393123
NR1I2_TARGET_GENES,Nr1i2 Target Genes,TF_Targets,1.17626528,0.279513424,1.11548281,0.370485608,1.05262498,0.783349529,False,shared_heat,1.16346911,0.758234086
OVOL3_TARGET_GENES,Ovol3 Target Genes,TF_Targets,-0.982734544,0.569459286,-1.0010003,0.536327019,1.23200836,0.512443945,False,shared_heat,-0.972637536,0.865721421
PAF1_TARGET_GENES,Paf1 Target Genes,TF_Targets,-1.05596994,0.478014145,-0.994745206,0.548824715,-1.06025443,0.799766843,False,shared_heat,-1.10689644,1.27951579
PAX3_TARGET_GENES,Pax3 Target Genes,TF_Targets,-1.38669088,0.0337202019,-1.33288961,0.0780412666,1.07663843,0.695944794,False,shared_heat,-1.31419192,1.22681632
PAX6_TARGET_GENES,Pax6 Target Genes,TF_Targets,-1.33432207,0.0894354575,-1.18801472,0.249264183,-0.837158148,0.999658814,False,shared_heat,-1.26257939,-1.10293252
PAX7_TARGET_GENES,Pax7 Target Genes,TF_Targets,1.14366308,0.293275222,-1.09326124,0.3943159,1.25251749,0.465743249,False,shared_heat,1.11256583,1.18505242
PAX8_TARGET_GENES,Pax8 Target Genes,TF_Targets,-0.782030663,0.82683653,-0.750135964,0.861042946,0.982607331,0.87487122,False,shared_heat,0.765310747,-1.27145966
PBXIP1_TARGET_GENES,Pbxip1 Target Genes,TF_Targets,-0.924099669,0.648410632,-1.09874862,0.417313264,1.21817366,0.583722661,False,shared_heat,-1.04466814,0.82100221
PCGF1_TARGET_GENES,Pcgf1 Target Genes,TF_Targets,1.22303962,0.202254786,1.11337487,0.349025929,1.06805423,0.73838064,False,shared_heat,1.13519158,0.878027919
PGM3_TARGET_GENES,Pgm3 Target Genes,TF_Targets,-1.02178747,0.500417041,-1.14127373,0.370485608,0.987823067,0.871866957,False,shared_heat,-1.06667908,-0.810075558
PHB2_TARGET_GENES,Phb2 Target Genes,TF_Targets,0.99474052,0.548350965,1.01141924,0.525106387,0.611289684,0.999658814,False,shared_heat,0.977554078,0.897741111
PHF21A_TARGET_GENES,Phf21a Target Genes,TF_Targets,1.07879572,0.408214612,1.09143633,0.41000655,0.77041418,0.999658814,False,shared_heat,1.090405,0.855500877
PIAS4_TARGET_GENES,Pias4 Target Genes,TF_Targets,-0.66740134,0.912304662,-1.18218961,0.382961238,2.0924888,0.00852779779,True,cGAS_dampened,-1.08264006,1.61924206
PITX1_TARGET_GENES,Pitx1 Target Genes,TF_Targets,0.971765099,0.585533148,1.00218624,0.535536625,0.843174673,0.999658814,False,shared_heat,0.981094361,0.784717271
POU2AF1_TARGET_GENES,Pou2af1 Target Genes,TF_Targets,1.3836543,0.0445799614,1.3474686,0.0737626699,1.18141172,0.512443945,False,shared_heat,1.33634373,1.08673747
PPARA_TARGET_GENES,Ppara Target Genes,TF_Targets,-0.77691201,0.814164097,-0.861214507,0.718887881,-0.658178675,0.999658814,False,shared_heat,-0.855626675,-0.744342569
PPARGC1A_TARGET_GENES,Ppargc1a Target Genes,TF_Targets,2.09325135,0.000734094904,2.20857818,0.000543400516,-1.67146701,0.220775889,False,shared_heat,2.13934069,0.969977417
PRDM12_TARGET_GENES,Prdm12 Target Genes,TF_Targets,1.16899016,0.346106318,0.99974337,0.536327019,-0.67553353,0.999658814,False,shared_heat,1.08054837,-0.573077005
PRDM4_TARGET_GENES,Prdm4 Target Genes,TF_Targets,1.80246769,0.000976286156,1.61568165,0.0156133967,1.3327,0.350185813,False,shared_heat,1.74466483,1.35733175
PRDM5_TARGET_GENES,Prdm5 Target Genes,TF_Targets,-1.17550881,0.346106318,-1.25865339,0.307486142,1.26062487,0.583722661,False,shared_heat,-1.20987065,1.62731037
PRKDC_TARGET_GENES,Prkdc Target Genes,TF_Targets,1.34522756,0.0734857601,1.25520955,0.15779592,1.41109386,0.226345264,False,shared_heat,1.3230721,-1.13662956
PRMT5_TARGET_GENES,Prmt5 Target Genes,TF_Targets,1.27832286,0.276009913,1.29055073,0.281118928,0.76705822,0.999658814,False,shared_heat,1.28229855,0.897025609
PROGENY_Androgen,Androgen,PROGENy,0.43549512,0.708119302,-0.349398983,0.782700734,2.39122688,0.1176106049999999,False,shared_heat,0.0381598263,1.01379542
PROGENY_EGFR,EGFR,PROGENy,5.23734897,4.60815079e-07,4.54461048,1.29183976e-05,1.70294573,0.177188057,False,shared_heat,4.95269026,-0.857069808
PROGENY_Estrogen,Estrogen,PROGENy,3.24930109,0.00180262836,2.70768835,0.0105485598,1.40243462,0.281402252,False,shared_heat,3.01523988,1.20550927
PROGENY_Hypoxia,Hypoxia,PROGENy,4.00981558,0.00012198108,4.62162782,1.07284305e-05,-2.22914785,0.1204715,False,shared_heat,4.3787039,-0.900749912
PROGENY_JAK-STAT,JAK-STAT,PROGENy,-6.46686417,3.58440793e-10,-11.7201094,1.79340462e-30,16.792135,1.06933772e-61,True,cGAS_dampened,-9.25384017,20.4891649
PROGENY_MAPK,MAPK,PROGENy,6.65382577,1.36776243e-10,6.59546053,2.02869483e-10,-0.378214309,0.897623337,False,shared_heat,6.71436434,3.70966671
PROGENY_NFkB,NFkB,PROGENy,7.24759451,3.07956909e-12,6.38361621,6.18871467e-10,2.06380862,0.136671342,False,shared_heat,6.90230618,4.62137479
PROGENY_PI3K,PI3K,PROGENy,8.19230775,3.805089090000001e-15,7.90568037,1.96317788e-14,0.198643136,0.982967956,False,shared_heat,8.15650162,6.09810363
PROGENY_TGFb,TGFb,PROGENy,3.75720133,0.000301560633,3.62010435,0.000516641454,0.108555456,0.983829755,False,shared_heat,3.73788082,1.38360892
PROGENY_TNFa,TNFa,PROGENy,-2.50044924,0.0173763306,-1.87462622,0.0774568769,-1.72579378,0.177188057,False,shared_heat,-2.21293463,-3.63394791
PROGENY_Trail,Trail,PROGENy,-0.609655356,0.632446708,-1.00823044,0.365582296,1.28404853,0.309773497,False,shared_heat,-0.822728255,-2.36639141
PROGENY_VEGF,VEGF,PROGENy,4.41872348,2.32904633e-05,4.29966194,3.43764993e-05,-0.00278142243,0.997780777,False,shared_heat,4.41766916,1.86170738
PROGENY_WNT,WNT,PROGENy,-1.9995521,0.0579884887,-2.5350379,0.0157516791,1.82424913,0.177188057,False,shared_heat,-2.30187606,-0.977209931
PROGENY_p53,p53,PROGENy,-0.374388543,0.708119302,-0.212798951,0.831485988,-0.468382409,0.895322871,False,shared_heat,-0.29646115,-4.30687755
PSIP1_TARGET_GENES,Psip1 Target Genes,TF_Targets,-1.23409685,0.193844173,-1.2056611,0.245108662,-0.798785451,0.999658814,False,shared_heat,-1.21040792,1.42534257
PSMB5_TARGET_GENES,Psmb5 Target Genes,TF_Targets,1.29800042,0.165535774,1.33354005,0.137715378,-1.02308322,0.819941564,False,shared_heat,1.32633735,-1.09081245
PTPRA_TARGET_GENES,Ptpra Target Genes,TF_Targets,0.738847815,0.887442615,-0.807911423,0.804461869,1.171028,0.65626744,False,shared_heat,-0.699687754,-1.5048304
RAG1_TARGET_GENES,Rag1 Target Genes,TF_Targets,-1.48108198,0.0112914608,-1.45085952,0.0239706496,1.22764878,0.387554873,False,shared_heat,-1.45461343,1.00070299
RAX2_TARGET_GENES,Rax2 Target Genes,TF_Targets,-0.983417305,0.563499839,0.772103426,0.81811366,-1.35081353,0.512443945,False,shared_heat,-0.782992187,-1.68915609
RBL1_TARGET_GENES,Rbl1 Target Genes,TF_Targets,-0.634967941,0.936181585,0.675828958,0.911859683,0.83183244,0.97975828,False,shared_heat,0.664448125,-1.0981162
RBM15_TARGET_GENES,Rbm15 Target Genes,TF_Targets,1.43914358,0.15385473,1.36936584,0.216272992,0.869499859,0.97975828,False,shared_heat,1.39095941,0.976932571
RBM34_TARGET_GENES,Rbm34 Target Genes,TF_Targets,-1.32275152,0.0713682942,-1.34316755,0.07845533,1.24735688,0.375786574,False,shared_heat,-1.29506614,0.866027441
REACTOME_ABC_FAMILY_PROTEINS_MEDIATED_TRANSPORT,Abc Family Proteins Mediated Transport,Reactome,-1.54415906,0.12133006,-1.57833028,0.0988191248,0.814736946,0.920171218,False,shared_heat,-1.53700346,0.873419554
REACTOME_ABC_TRANSPORTER_DISORDERS,Abc Transporter Disorders,Reactome,-1.8815882,0.0187730519,-1.8002447,0.0272799782,0.651270472,0.991050824,False,shared_heat,-1.80331116,-1.12390364
REACTOME_ABERRANT_REGULATION_OF_MITOTIC_G1_S_TRANSITION_IN_CANCER_DUE_TO_RB1_DEFECTS,Aberrant Regulation of Mitotic G1 S Transition in Cancer Due to Rb-1 Defects,Reactome,1.14289269,0.529013354,1.12788692,0.52531935,-0.881971631,0.827910058,False,shared_heat,1.11022208,0.742014014
REACTOME_ABORTIVE_ELONGATION_OF_HIV_1_TRANSCRIPT_IN_THE_ABSENCE_OF_TAT,Abortive Elongation of Hiv 1 Transcript in the Absence of Tat,Reactome,-1.08694128,0.57441495,-0.84992482,0.772595739,-1.7263815,0.0771341512,False,shared_heat,-1.05894449,-1.63574406
REACTOME_ACTIVATED_NOTCH1_TRANSMITS_SIGNAL_TO_THE_NUCLEUS,Activated Notch1 Transmits Signal to the Nucleus,Reactome,-0.968233216,0.662910185,-1.14744308,0.504584325,1.47729018,0.230376062,False,shared_heat,-1.03702898,0.641700745
REACTOME_ACTIVATED_TAK1_MEDIATES_P38_MAPK_ACTIVATION,Activated Tak1 Mediates P38 MAPK Activation,Reactome,1.27376475,0.420039635,1.0844943,0.557707569,1.48826793,0.232933916,False,shared_heat,1.22451278,1.04392715
REACTOME_ACTIVATION_OF_ANTERIOR_HOX_GENES_IN_HINDBRAIN_DEVELOPMENT_DURING_EARLY_EMBRYOGENESIS,Activation of Anterior Hox Genes in Hindbrain Development During Early Embryo...,Reactome,0.979775653,0.656337974,0.859726381,0.783980002,-0.779335996,0.942403327,False,shared_heat,0.987034076,-0.95118157
REACTOME_ACTIVATION_OF_APC_C_AND_APC_C_CDC20_MEDIATED_DEGRADATION_OF_MITOTIC_PROTEINS,Activation of APC C and APC C Cdc20 Mediated Degradation of Mitotic Proteins,Reactome,-0.86065314,0.793078211,-0.933453932,0.707832805,0.997736022,0.712493491,False,shared_heat,-0.890735286,-1.13835396
REACTOME_ACTIVATION_OF_ATR_IN_RESPONSE_TO_REPLICATION_STRESS,Activation of Atr in Response to Replication Stress,Reactome,1.33366613,0.325025684,1.90127117,0.0173006402,-1.96200277,0.0125296417,True,KO_only,1.66458265,1.48346297
REACTOME_ACTIVATION_OF_BH3_ONLY_PROTEINS,Activation of Bh3 Only Proteins,Reactome,0.947143657,0.675274658,0.970619547,0.659314802,-1.02912382,0.67432802,False,shared_heat,0.980551798,-0.817134339
REACTOME_ACTIVATION_OF_GENE_EXPRESSION_BY_SREBF_SREBP,Activation of Gene Expression by Srebf Srebp,Reactome,-1.09957063,0.544171651,-1.49002548,0.189974277,1.99985783,0.00886321862,True,cGAS_dampened,-1.28754717,2.17788766
REACTOME_ACTIVATION_OF_MATRIX_METALLOPROTEINASES,Activation of Matrix Metalloproteinases,Reactome,1.29519751,0.402096477,1.21394196,0.461621748,1.00080189,0.712248213,False,shared_heat,1.26708321,-0.912236775
REACTOME_ACTIVATION_OF_NF_KAPPAB_IN_B_CELLS,Activation of NF Kappab in B Cells,Reactome,0.847583234,0.813645761,-0.855950006,0.787969816,0.959625443,0.757003731,False,shared_heat,-0.854637245,0.808545165
REACTOME_ACTIVATION_OF_NMDA_RECEPTORS_AND_POSTSYNAPTIC_EVENTS,Activation of Nmda Receptors and Postsynaptic Events,Reactome,0.985830337,0.652595481,1.04338837,0.581828256,1.10080978,0.604806084,False,shared_heat,0.897772294,1.18573135
REACTOME_ACTIVATION_OF_THE_MRNA_UPON_BINDING_OF_THE_CAP_BINDING_COMPLEX_AND_EIFS_AND_SUBSEQUENT_BINDING_TO_43S,Activation of the mRNA Upon Binding of the Cap Binding Complex and Eifs and S...,Reactome,1.46676087,0.207850822,1.4212325,0.253585584,-1.247938,0.41687929,False,shared_heat,1.43294477,-1.68470508
REACTOME_ACTIVATION_OF_THE_PRE_REPLICATIVE_COMPLEX,Activation of the Pre Replicative Complex,Reactome,0.797017337,0.842255439,1.57479861,0.1504265,-1.98336739,0.0112950671,True,cGAS_dampened,1.18547907,1.30110383
REACTOME_ADAPTIVE_IMMUNE_SYSTEM,Adaptive Immune System,Reactome,-1.46349168,0.0191956017,-1.55464961,0.00402916256,1.30399021,0.116937268,False,shared_heat,-1.50218944,-1.04465341
REACTOME_ADHERENS_JUNCTIONS_INTERACTIONS,Adherens Junctions Interactions,Reactome,1.06332344,0.551572825,1.08356077,0.510996884,1.16202166,0.464924048,False,shared_heat,1.03156252,-1.27706234
REACTOME_ADIPOGENESIS,Adipogenesis,Reactome,1.57493058,0.120553761,1.29071489,0.354545455,1.56858137,0.128862621,False,shared_heat,1.48783637,1.37985666
REACTOME_ADORA2B_MEDIATED_ANTI_INFLAMMATORY_CYTOKINES_PRODUCTION,Adora2b Mediated Anti Inflammatory Cytokines Production,Reactome,-1.03305262,0.619990694,-1.24368777,0.44044623,0.899261174,0.810706411,False,shared_heat,-1.16747205,-1.02626405
REACTOME_AEROBIC_RESPIRATION_AND_RESPIRATORY_ELECTRON_TRANSPORT,Aerobic Respiration and Respiratory Electron Transport,Reactome,-1.54115908,0.0383056894,-1.43626836,0.0954262844,-0.834561789,0.9636734,False,shared_heat,-1.50633974,-2.29363752
REACTOME_AMINO_ACIDS_REGULATE_MTORC1,Amino Acids Regulate Mtorc1,Reactome,-1.32489025,0.360509636,-1.24018151,0.44044623,-1.09005511,0.619582702,False,shared_heat,-1.32154314,-1.42651966
REACTOME_AMPK_INDUCED_ERAD_AND_LYSOSOME_MEDIATED_DEGRADATION_OF_PD_L1_CD274,AMPK Induced Erad and Lysosome Mediated Degradation of Pd L1 CD-274,Reactome,-1.30662881,0.348082486,-1.1825846,0.461621748,-0.904117723,0.820283276,False,shared_heat,-1.23126071,-1.13694979
REACTOME_AMYLOID_FIBER_FORMATION,Amyloid Fiber Formation,Reactome,-0.833860057,0.804693552,-1.12995509,0.516284056,1.10137646,0.609722833,False,shared_heat,-0.992612898,-0.942788478
REACTOME_ANCHORING_OF_THE_BASAL_BODY_TO_THE_PLASMA_MEMBRANE,Anchoring of the Basal Body to the Plasma Membrane,Reactome,0.928352691,0.70820451,-0.781988224,0.872526781,0.832855528,0.895666945,False,shared_heat,0.89345433,0.898296147
REACTOME_ANTIGEN_PRESENTATION_FOLDING_ASSEMBLY_AND_PEPTIDE_LOADING_OF_CLASS_I_MHC,Antigen Presentation Folding Assembly and Peptide Loading of Class I MHC,Reactome,-1.26998627,0.418115096,-1.38919612,0.302022324,1.00618635,0.710902295,False,shared_heat,-1.3325616,0.997672485
REACTOME_ANTIGEN_PROCESSING_CROSS_PRESENTATION,Antigen Processing Cross Presentation,Reactome,-1.6777638,0.0377598481,-1.66432782,0.0344058427,0.716866133,0.991050824,False,shared_heat,-1.66582675,-1.09620424
REACTOME_ANTIGEN_PROCESSING_UBIQUITINATION_PROTEASOME_DEGRADATION,Antigen Processing Ubiquitination Proteasome Degradation,Reactome,-1.59763647,0.0477129226,-1.65972365,0.0263700224,1.28640556,0.302507232,False,shared_heat,-1.6646196,1.33891956
REACTOME_ANTIMICROBIAL_MECHANISM_OF_IFN_STIMULATED_GENES,Antimicrobial Mechanism of IFN Stimulated Genes,Reactome,1.11995817,0.484102478,-1.17770969,0.420462031,2.18875193,5.04152271e-05,True,sign_reversal,-1.08072664,2.30017261
REACTOME_ANTI_INFLAMMATORY_RESPONSE_FAVOURING_LEISHMANIA_PARASITE_INFECTION,Anti Inflammatory Response Favouring Leishmania Parasite Infection,Reactome,-1.05372705,0.600280546,-1.1700248,0.4632049,1.12651771,0.563696453,False,shared_heat,-1.09893716,-1.30110595
REACTOME_APC_C_CDH1_MEDIATED_DEGRADATION_OF_CDC20_AND_OTHER_APC_C_CDH1_TARGETED_PROTEINS_IN_LATE_MITOSIS_EARLY_G1,APC C Cdh1 Mediated Degradation of Cdc20 and Other APC C Cdh1 Targeted Protei...,Reactome,-0.761237212,0.888488845,-0.811948122,0.826338845,0.987195195,0.721794839,False,shared_heat,-0.780683876,-0.995439425
REACTOME_APC_C_MEDIATED_DEGRADATION_OF_CELL_CYCLE_PROTEINS,APC C Mediated Degradation of Cell Cycle Proteins,Reactome,-0.728425047,0.93493267,-0.674828768,0.965075428,0.974239803,0.74006951,False,shared_heat,-0.716930036,-0.9079975
REACTOME_APOPTOSIS,Apoptosis,Reactome,-1.125549,0.471605615,-1.05308585,0.557707569,-0.957708905,0.779717158,False,shared_heat,-1.06167403,0.808650418
REACTOME_APOPTOTIC_CLEAVAGE_OF_CELLULAR_PROTEINS,Apoptotic Cleavage of Cellular Proteins,Reactome,-1.19207146,0.471605615,-1.15343658,0.49584198,0.808620053,0.898931229,False,shared_heat,-1.10854423,0.670958648
REACTOME_APOPTOTIC_EXECUTION_PHASE,Apoptotic Execution Phase,Reactome,-1.30911439,0.336989277,-1.2699686,0.394468864,0.953841984,0.759648342,False,shared_heat,-1.25146366,0.821573298
REACTOME_AQUAPORIN_MEDIATED_TRANSPORT,Aquaporin Mediated Transport,Reactome,-1.44732438,0.268923816,-1.49465592,0.228516738,0.951493516,0.757003731,False,shared_heat,-1.49187409,-1.0355217
REACTOME_ARACHIDONATE_METABOLISM,Arachidonate Metabolism,Reactome,1.38468766,0.322822942,1.3768615,0.314406802,-0.850976903,0.849706008,False,shared_heat,1.379525,-0.882093784
REACTOME_ASPARAGINE_N_LINKED_GLYCOSYLATION,Asparagine N Linked Glycosylation,Reactome,1.10181835,0.502504563,0.954637419,0.699352625,1.27770947,0.29830033,False,shared_heat,1.02561961,0.839999575
REACTOME_ASSEMBLY_OF_COLLAGEN_FIBRILS_AND_OTHER_MULTIMERIC_STRUCTURES,Assembly of Collagen Fibrils and Other Multimeric Structures,Reactome,-0.800374301,0.845525268,0.874830281,0.766285783,-1.09220698,0.604806084,False,shared_heat,0.75874739,1.00665699
REACTOME_ASSOCIATION_OF_TRIC_CCT_WITH_TARGET_PROTEINS_DURING_BIOSYNTHESIS,Association of Tric Cct With Target Proteins During Biosynthesis,Reactome,-0.966182738,0.666093391,-0.963653354,0.671870665,0.826499056,0.882782193,False,shared_heat,-0.944526667,0.560950501
REACTOME_ASYMMETRIC_LOCALIZATION_OF_PCP_PROTEINS,Asymmetric Localization of Pcp Proteins,Reactome,-1.6884227,0.0722959601,-1.59614979,0.110342337,-0.878818683,0.838734761,False,shared_heat,-1.61463675,-1.23831489
REACTOME_ATF4_ACTIVATES_GENES_IN_RESPONSE_TO_ENDOPLASMIC_RETICULUM_STRESS,Atf4 Activates Genes in Response to Endoplasmic Reticulum Stress,Reactome,1.11083503,0.544171651,0.970046196,0.659314802,1.07696634,0.638979496,False,shared_heat,1.02869586,0.951596191
REACTOME_AUF1_HNRNP_D0_BINDS_AND_DESTABILIZES_MRNA,Auf1 Hnrnp D0 Binds and Destabilizes mRNA,Reactome,-1.18598614,0.470559621,-1.08333792,0.550804016,0.659680686,0.991050824,False,shared_heat,-1.14287706,-1.05928556
REACTOME_AURKA_ACTIVATION_BY_TPX2,Aurka Activation by Tpx2,Reactome,1.00760433,0.638367022,0.830278993,0.823014353,0.808641381,0.920754475,False,shared_heat,0.999063926,0.924573499
REACTOME_AUTOPHAGY,Autophagy,Reactome,0.881175947,0.78336122,1.05717414,0.557707569,-0.913559196,0.827910058,False,shared_heat,1.02522714,-0.974047839
REACTOME_AZATHIOPRINE_ADME,Azathioprine Adme,Reactome,-1.17683732,0.498600533,-1.47440757,0.24019248,1.39312002,0.322066161,False,shared_heat,-1.22081092,-0.641878763
REACTOME_BACTERIAL_INFECTION_PATHWAYS,Bacterial Infection Pathways,Reactome,-1.13641391,0.490823939,-1.22632618,0.40149739,1.56694852,0.100651687,False,shared_heat,-1.12519234,1.7175146
REACTOME_BASE_EXCISION_REPAIR,Base Excision Repair,Reactome,0.663615142,0.959025041,1.23900973,0.41195563,-1.87542478,0.0197988345,True,cGAS_dampened,0.910323403,-1.02770845
REACTOME_BETA_CATENIN_INDEPENDENT_WNT_SIGNALING,beta Catenin Independent Wnt Signaling,Reactome,-1.69128496,0.0268439053,-1.80679706,0.0117270307,1.05789954,0.63495502,False,shared_heat,-1.74771748,-1.11099171
REACTOME_BINDING_AND_UPTAKE_OF_LIGANDS_BY_SCAVENGER_RECEPTORS,Binding and Uptake of Ligands by Scavenger Receptors,Reactome,1.7407508,0.0701156454,1.98138654,0.0117270307,-1.597889,0.14985678,False,shared_heat,1.81583615,0.720396568
REACTOME_BIOLOGICAL_OXIDATIONS,Biological Oxidations,Reactome,-0.859159786,0.813645761,-0.936763188,0.70880481,-0.915174128,0.827910058,False,shared_heat,-0.880319659,-1.20115278
REACTOME_BIOSYNTHESIS_OF_THE_N_GLYCAN_PRECURSOR_DOLICHOL_LIPID_LINKED_OLIGOSACCHARIDE_LLO_AND_TRANSFER_TO_A_NASCENT_PROTEIN,Biosynthesis of the N Glycan Precursor Dolichol Lipid Linked Oligosaccharide ...,Reactome,1.20043873,0.469456665,0.953643493,0.677182324,1.06088572,0.656153418,False,shared_heat,1.1310073,0.424965346
REACTOME_B_WICH_COMPLEX_POSITIVELY_REGULATES_RRNA_EXPRESSION,B Wich Complex Positively Regulates rRNA Expression,Reactome,1.06952257,0.589613544,0.94896369,0.682120687,-0.961687982,0.753145637,False,shared_heat,1.05013277,-1.19065075
REACTOME_CA2_PATHWAY,Ca2 Pathway,Reactome,-1.41010095,0.265071048,-1.60246671,0.109052792,1.32542959,0.348004768,False,shared_heat,-1.47963187,0.769542298
REACTOME_CARDIAC_CONDUCTION,Cardiac Conduction,Reactome,-1.16857965,0.474499215,-1.11738504,0.516284056,0.601147319,0.992682163,False,shared_heat,-1.13179845,0.916526484
REACTOME_CARGO_CONCENTRATION_IN_THE_ER,Cargo Concentration in the ER,Reactome,1.47775174,0.234917892,1.47157463,0.246351925,0.935713671,0.778188919,False,shared_heat,1.45454235,-0.953216867
REACTOME_CARGO_RECOGNITION_FOR_CLATHRIN_MEDIATED_ENDOCYTOSIS,Cargo Recognition For Clathrin Mediated Endocytosis,Reactome,1.34314867,0.285608213,0.996689356,0.628348289,1.75268668,0.0395799124,True,cGAS_amplified,1.19587683,-1.22852561
REACTOME_CARGO_TRAFFICKING_TO_THE_PERICILIARY_MEMBRANE,Cargo Trafficking to the Periciliary Membrane,Reactome,1.37135169,0.322822942,1.46369618,0.248882181,-1.13269827,0.582298937,False,shared_heat,1.36471085,0.804379798
REACTOME_CA_DEPENDENT_EVENTS,Ca Dependent Events,Reactome,0.775985062,0.844301269,0.726184302,0.884161521,1.05225775,0.661352001,False,shared_heat,0.759634275,1.12588413
REACTOME_CD28_DEPENDENT_PI3K_AKT_SIGNALING,CD28 Dependent PI3K AKT Signaling,Reactome,1.00042382,0.642747599,1.06739923,0.568787877,0.821248993,0.884221878,False,shared_heat,1.0591842,1.65939414
REACTOME_CDC42_GTPASE_CYCLE,Cdc42 Gtpase Cycle,Reactome,-1.02110846,0.619990694,-1.04913203,0.572430114,0.858341576,0.884898126,False,shared_heat,-1.04673131,1.52445432
REACTOME_CDK_MEDIATED_PHOSPHORYLATION_AND_REMOVAL_OF_CDC6,CDK Mediated Phosphorylation and Removal of Cdc6,Reactome,-1.14981327,0.498837573,-1.06240369,0.568787877,-0.777483328,0.941989147,False,shared_heat,-1.12280295,-1.10555486
REACTOME_CELLULAR_RESPONSES_TO_MECHANICAL_STIMULI,Cellular Responses to Mechanical Stimuli,Reactome,0.947084442,0.688828043,1.08767148,0.526752084,1.14060948,0.517741832,False,shared_heat,1.0196026,1.21976001
REACTOME_CELLULAR_RESPONSES_TO_STIMULI,Cellular Responses to Stimuli,Reactome,1.52339328,0.00205803662,1.57218997,0.00148050888,0.86710672,0.97348344,False,shared_heat,1.55766168,-1.09112904
REACTOME_CELLULAR_RESPONSE_TO_CHEMICAL_STRESS,Cellular Response to Chemical Stress,Reactome,-1.02490983,0.618422187,-1.03361385,0.577825783,0.785600129,0.980403625,False,shared_heat,-0.994004628,-1.03862764
REACTOME_CELLULAR_RESPONSE_TO_HEAT_STRESS,Cellular Response to Heat Stress,Reactome,2.06369279,0.00167931031,2.2130011,0.000588376159,-1.16196417,0.496155054,False,shared_heat,2.1171346,1.77477273
REACTOME_CELLULAR_RESPONSE_TO_HYPOXIA,Cellular Response to Hypoxia,Reactome,-0.914188372,0.723393282,-0.923996707,0.715566867,-0.780707933,0.941989147,False,shared_heat,-0.922915166,-1.29368495
REACTOME_CELLULAR_RESPONSE_TO_STARVATION,Cellular Response to Starvation,Reactome,-0.830760564,0.842255439,-0.744866851,0.925676442,-1.04950212,0.647422361,False,shared_heat,-0.807653296,-2.14217077
REACTOME_CELLULAR_SENESCENCE,Cellular Senescence,Reactome,1.27314125,0.312214082,1.26173671,0.304655418,1.03853127,0.659841061,False,shared_heat,1.29060608,0.903568698
REACTOME_CELL_CELL_COMMUNICATION,Cell Cell Communication,Reactome,0.996282234,0.642765746,1.01223715,0.598595426,1.10121532,0.530829465,False,shared_heat,1.00160994,-1.05471577
REACTOME_CELL_CYCLE,Cell Cycle,Reactome,1.33109403,0.0765832427,1.47643383,0.0144190572,-1.1694582,0.29645909,False,shared_heat,1.40343522,1.18720457
REACTOME_CELL_CYCLE_CHECKPOINTS,Cell Cycle Checkpoints,Reactome,1.40146882,0.120553761,1.60373718,0.0193487196,-1.05830088,0.604806084,False,shared_heat,1.50754638,1.11740973
REACTOME_CELL_CYCLE_MITOTIC,Cell Cycle Mitotic,Reactome,1.17527336,0.318558887,1.27050636,0.159206562,-1.09629487,0.485575591,False,shared_heat,1.18682975,1.02170684
REACTOME_CELL_DEATH_SIGNALLING_VIA_NRAGE_NRIF_AND_NADE,Cell Death Signalling via Nrage Nrif and Nade,Reactome,-0.97613503,0.657075016,-1.14960675,0.480509781,1.39309231,0.261590411,False,shared_heat,-1.0205582,1.09488386
REACTOME_CELL_JUNCTION_ORGANIZATION,Cell Junction Organization,Reactome,1.14459584,0.428802653,1.18628045,0.379039346,1.15726729,0.456487369,False,shared_heat,1.13808835,-1.18772887
REACTOME_CELL_SURFACE_INTERACTIONS_AT_THE_VASCULAR_WALL,Cell Surface Interactions At the Vascular Wall,Reactome,1.63028658,0.0477129226,1.53721443,0.0886260822,1.04179169,0.656250786,False,shared_heat,1.56426068,1.19280502
REACTOME_CHEMOKINE_RECEPTORS_BIND_CHEMOKINES,Chemokine Receptors Bind Chemokines,Reactome,1.5300641,0.158219061,1.4480875,0.231835899,1.33400093,0.342038036,False,shared_heat,1.46482866,1.88585523
REACTOME_CHOLESTEROL_BIOSYNTHESIS,Cholesterol Biosynthesis,Reactome,-1.91786781,0.0153895435,-2.08931783,0.00297518024,2.02452819,0.0112950671,True,cGAS_dampened,-2.00275485,1.00240428
REACTOME_CHROMATIN_ORGANIZATION,Chromatin Organization,Reactome,1.26612683,0.336989277,1.14311771,0.461621748,0.754207044,0.972653689,False,shared_heat,1.18717895,1.02239476
REACTOME_CHROMOSOME_MAINTENANCE,Chromosome Maintenance,Reactome,-0.65968915,0.976685677,0.953290324,0.689960631,-1.73461052,0.0342171773,True,sign_reversal,0.809550289,-1.16878867
REACTOME_CILIUM_ASSEMBLY,Cilium Assembly,Reactome,1.26541824,0.334455954,1.1770008,0.436183039,0.745061202,0.977620848,False,shared_heat,1.21734631,0.929983287
REACTOME_CIRCADIAN_CLOCK,Circadian Clock,Reactome,1.29950839,0.319943619,1.02416824,0.591899504,1.15731345,0.497406832,False,shared_heat,1.18434666,1.19942877
REACTOME_CITRIC_ACID_CYCLE_TCA_CYCLE,Citric Acid Cycle TCA Cycle,Reactome,-1.09398318,0.555357177,-1.04061376,0.587915224,-0.578042391,0.992682163,False,shared_heat,-1.10171583,-1.3211265
REACTOME_CLASS_A_1_RHODOPSIN_LIKE_RECEPTORS,Class A 1 Rhodopsin Like Receptors,Reactome,1.70974915,0.0268439053,1.58443676,0.0639132084,1.05710559,0.635139853,False,shared_heat,1.60908694,1.41987172
REACTOME_CLASS_B_2_SECRETIN_FAMILY_RECEPTORS,Class B 2 Secretin Family Receptors,Reactome,-1.0286104,0.623959933,-1.23583827,0.44044623,-0.591553913,0.992682163,False,shared_heat,-1.15325829,-1.2152842
REACTOME_CLASS_I_MHC_MEDIATED_ANTIGEN_PROCESSING_PRESENTATION,Class I MHC Mediated Antigen Processing Presentation,Reactome,-1.69182039,0.0056385304,-1.79551889,0.00286728361,1.22159353,0.342038036,False,shared_heat,-1.71898599,1.04415128
REACTOME_CLATHRIN_MEDIATED_ENDOCYTOSIS,Clathrin Mediated Endocytosis,Reactome,1.31479584,0.274597918,1.0709585,0.537280206,1.76740403,0.0218491882,True,cGAS_amplified,1.17399436,-1.16168889
REACTOME_CLEC7A_DECTIN_1_SIGNALING,Clec7a Dectin 1 Signaling,Reactome,-0.850919445,0.817464923,-0.837866131,0.822281201,1.01296103,0.698359267,False,shared_heat,-0.880319144,-0.755325207
REACTOME_COLLAGEN_BIOSYNTHESIS_AND_MODIFYING_ENZYMES,Collagen Biosynthesis and Modifying Enzymes,Reactome,1.397452,0.289245397,1.53115247,0.185136507,-1.5035598,0.193951648,False,shared_heat,1.44795419,-1.10880654
REACTOME_COLLAGEN_DEGRADATION,Collagen Degradation,Reactome,0.970467469,0.662910185,0.891833031,0.746117645,0.873925543,0.843708751,False,shared_heat,0.901376922,-1.00078951
REACTOME_COLLAGEN_FORMATION,Collagen Formation,Reactome,1.31586095,0.322822942,1.47265789,0.185561203,-1.17135349,0.496155054,False,shared_heat,1.40847669,-1.02655503
REACTOME_COMPLEMENT_CASCADE,Complement Cascade,Reactome,1.060469,0.606712725,0.997347491,0.629816198,1.41122668,0.303938104,False,shared_heat,1.03531611,-1.30947265
REACTOME_COMPLEX_IV_ASSEMBLY,Complex IV Assembly,Reactome,-0.953445093,0.673321219,-0.720475522,0.888290845,-1.14348542,0.563696453,False,shared_heat,-0.821285185,-1.57632723
REACTOME_COMPLEX_I_BIOGENESIS,Complex I Biogenesis,Reactome,-1.40288226,0.250780251,-1.13027016,0.504584325,-1.31933584,0.342038036,False,shared_heat,-1.28818465,-2.05574351
REACTOME_CONSTITUTIVE_SIGNALING_BY_ABERRANT_PI3K_IN_CANCER,Constitutive Signaling by Aberrant PI3K in Cancer,Reactome,1.48371138,0.156117484,1.31765707,0.299177574,1.40737565,0.231218945,False,shared_heat,1.48668668,0.93577446
REACTOME_CONSTITUTIVE_SIGNALING_BY_AKT1_E17K_IN_CANCER,Constitutive Signaling by AKT-1 E17k in Cancer,Reactome,1.1770369,0.492994611,1.19642097,0.461621748,0.747211185,0.941989147,False,shared_heat,1.20323047,1.13583303
REACTOME_COOPERATION_OF_PDCL_PHLP1_AND_TRIC_CCT_IN_G_PROTEIN_BETA_FOLDING,Cooperation of Pdcl Phlp1 and Tric Cct in G Protein beta Folding,Reactome,0.943541779,0.677600448,0.880426705,0.74412521,1.50849764,0.201205215,False,shared_heat,0.954276984,-0.961438137
REACTOME_COPII_MEDIATED_VESICLE_TRANSPORT,Copii Mediated Vesicle Transport,Reactome,1.31722924,0.345001605,1.24967583,0.415750448,1.09845348,0.61291359,False,shared_heat,1.27183151,-1.15810271
REACTOME_COPI_DEPENDENT_GOLGI_TO_ER_RETROGRADE_TRAFFIC,Copi Dependent Golgi to ER Retrograde Traffic,Reactome,1.02616184,0.61998419,0.916848134,0.727805729,0.636584063,0.992682163,False,shared_heat,0.981781675,0.729432358
REACTOME_COPI_MEDIATED_ANTEROGRADE_TRANSPORT,Copi Mediated Anterograde Transport,Reactome,-0.740997011,0.916644324,-0.660324566,0.965075428,-0.630663332,0.992682163,False,shared_heat,-0.654114617,0.687744669
REACTOME_CO_INHIBITION_BY_PD_1,Co Inhibition by Pd 1,Reactome,-1.13772205,0.468998375,-1.14980648,0.448486418,0.734246014,0.991050824,False,shared_heat,-1.13607709,-1.28728908
REACTOME_CO_STIMULATION_BY_CD28,Co Stimulation by CD28,Reactome,1.1740651,0.471713383,1.18324236,0.461606063,1.23221898,0.450767202,False,shared_heat,1.205061,1.35159551
REACTOME_CRISTAE_FORMATION,Cristae Formation,Reactome,-1.30482918,0.382653653,-1.19348018,0.461621748,-0.853172252,0.85586057,False,shared_heat,-1.2916736,-1.85091179
REACTOME_CROSS_PRESENTATION_OF_SOLUBLE_EXOGENOUS_ANTIGENS_ENDOSOMES,Cross Presentation of Soluble Exogenous Antigens Endosomes,Reactome,-1.86868377,0.0230627129,-1.6716603,0.082112027,-0.959125381,0.756874967,False,shared_heat,-1.72014743,-1.3980691
REACTOME_CYCLIN_A_CDK2_ASSOCIATED_EVENTS_AT_S_PHASE_ENTRY,Cyclin A CDK-2 Associated Events At S Phase Entry,Reactome,-0.943044225,0.69570114,-0.735965497,0.933183847,-1.07053163,0.619582702,False,shared_heat,-0.839846309,-1.06217911
REACTOME_CYCLIN_D_ASSOCIATED_EVENTS_IN_G1,Cyclin D Associated Events in G1,Reactome,1.09095694,0.549277476,1.1684632,0.461621748,-1.30049715,0.342038036,False,shared_heat,1.12066419,0.859438575
REACTOME_CYTOKINE_SIGNALING_IN_IMMUNE_SYSTEM,Cytokine Signaling in Immune System,Reactome,1.66650265,9.23298951e-05,1.4000945,0.0165006,2.02088987,2.82744434e-10,True,cGAS_amplified,1.50672153,2.06685965
REACTOME_CYTOPROTECTION_BY_HMOX1,Cytoprotection by Hmox1,Reactome,-0.983713968,0.655627492,-1.15548693,0.48019419,1.1594203,0.525416667,False,shared_heat,-1.0167494,1.02889936
REACTOME_CYTOSOLIC_SENSORS_OF_PATHOGEN_ASSOCIATED_DNA,Cytosolic Sensors of Pathogen Associated DNA,Reactome,-1.06100248,0.589613544,-1.4240652,0.233894316,1.19591875,0.485575591,False,shared_heat,-1.26424218,1.4637276
REACTOME_C_TYPE_LECTIN_RECEPTORS_CLRS,C Type Lectin Receptors Clrs,Reactome,0.980149937,0.656337974,-0.82707956,0.844004086,1.28234281,0.342038036,False,shared_heat,0.885999899,-0.874783487
REACTOME_DAG_AND_IP3_SIGNALING,Dag and Ip3 Signaling,Reactome,-1.16634896,0.502504563,-1.22446632,0.450818037,1.35600762,0.342038036,False,shared_heat,-1.18837156,1.06622866
REACTOME_DAP12_INTERACTIONS,Dap12 Interactions,Reactome,0.92178554,0.704545958,-1.00264757,0.627933078,1.71311788,0.0745581456,False,shared_heat,-0.774978616,1.24733753
REACTOME_DAP12_SIGNALING,Dap12 Signaling,Reactome,0.9640966,0.666093391,-1.03273784,0.597928116,1.77953136,0.0525663616,False,shared_heat,-0.807654966,1.14472288
REACTOME_DDX58_IFIH1_MEDIATED_INDUCTION_OF_INTERFERON_ALPHA_BETA,Ddx58 Ifih1 Mediated Induction of Interferon-alpha beta,Reactome,0.946765154,0.682554031,-1.04862985,0.575937769,2.0403718,0.00449437037,True,sign_reversal,-0.958755899,2.33062693
REACTOME_DEACTIVATION_OF_THE_BETA_CATENIN_TRANSACTIVATING_COMPLEX,Deactivation of the beta Catenin Transactivating Complex,Reactome,0.79314778,0.839498371,0.660023132,0.942057457,1.36157047,0.342038036,False,shared_heat,0.698660215,0.900603236
REACTOME_DEADENYLATION_DEPENDENT_MRNA_DECAY,Deadenylation Dependent mRNA Decay,Reactome,-1.1726594,0.474499215,-1.13820603,0.501350348,-0.869071606,0.853099376,False,shared_heat,-1.23706227,0.930994395
REACTOME_DEATH_RECEPTOR_SIGNALING,Death Receptor Signaling,Reactome,1.17804752,0.420039635,-1.04613465,0.572430114,1.5872584,0.0593452306,False,shared_heat,1.06945293,1.0359223
REACTOME_DECTIN_1_MEDIATED_NONCANONICAL_NF_KB_SIGNALING,Dectin 1 Mediated Noncanonical NF Kb Signaling,Reactome,0.782630606,0.862174911,-0.749803757,0.890222391,1.00391544,0.710902295,False,shared_heat,-0.706491303,-0.716188617
REACTOME_DEFECTIVE_INTRINSIC_PATHWAY_FOR_APOPTOSIS,Defective Intrinsic Pathway For Apoptosis,Reactome,1.0720391,0.589613544,1.14394965,0.504584325,-1.01689953,0.694762086,False,shared_heat,1.08655343,-0.857220997
REACTOME_DEFECTIVE_PYROPTOSIS,Defective Pyroptosis,Reactome,-0.862858543,0.765428693,0.561746616,0.972629051,-1.17484898,0.526557036,False,shared_heat,-0.519130288,-1.34608348
REACTOME_DEGRADATION_OF_AXIN,Degradation of Axin,Reactome,-1.59846063,0.12319213,-1.48437706,0.204438178,-0.796031973,0.920754475,False,shared_heat,-1.53449417,-1.11232961
REACTOME_DEGRADATION_OF_BETA_CATENIN_BY_THE_DESTRUCTION_COMPLEX,Degradation of beta Catenin by the Destruction Complex,Reactome,-1.06715942,0.57441495,-1.18729669,0.448486418,1.01755946,0.689211137,False,shared_heat,-1.157107,-0.873685064
REACTOME_DEGRADATION_OF_CRY_AND_PER_PROTEINS,Degradation of Cry and Per Proteins,Reactome,-1.4608661,0.207850822,-1.39087144,0.284527897,0.57031615,0.992682163,False,shared_heat,-1.44505443,-1.03772258
REACTOME_DEGRADATION_OF_DVL,Degradation of Dvl,Reactome,-1.69231622,0.0734214172,-1.5352761,0.169667817,-0.684449093,0.982867209,False,shared_heat,-1.60120175,-1.11364011
REACTOME_DEGRADATION_OF_GLI1_BY_THE_PROTEASOME,Degradation of Gli1 by the Proteasome,Reactome,-1.50880499,0.163094601,-1.37672382,0.294260941,0.705323557,0.97348344,False,shared_heat,-1.49280278,-1.05617551
REACTOME_DEGRADATION_OF_THE_EXTRACELLULAR_MATRIX,Degradation of the Extracellular Matrix,Reactome,1.45063547,0.153273069,1.33420529,0.265572233,1.23129206,0.39122247,False,shared_heat,1.37509137,-1.04225171
REACTOME_DENGUE_VIRUS_ATTACHMENT_AND_ENTRY,Dengue Virus Attachment and Entry,Reactome,1.81244679,0.0395602429,1.70773933,0.0838487893,1.23691982,0.470862481,False,shared_heat,1.73548986,1.6280271
REACTOME_DENGUE_VIRUS_GENOME_TRANSLATION_AND_REPLICATION,Dengue Virus Genome Translation and Replication,Reactome,1.13121901,0.502504563,1.12021314,0.504499962,1.06185375,0.638979496,False,shared_heat,1.13293251,-1.01583357
REACTOME_DENGUE_VIRUS_HOST_INTERACTIONS,Dengue Virus Host Interactions,Reactome,1.02522539,0.618422187,1.03517828,0.575937769,-1.15493993,0.456487369,False,shared_heat,1.0757661,1.67424773
REACTOME_DENGUE_VIRUS_INFECTION,Dengue Virus Infection,Reactome,1.34773045,0.147742687,1.3228287,0.185136507,1.12775433,0.490904816,False,shared_heat,1.38598376,1.41653956
REACTOME_DETOXIFICATION_OF_REACTIVE_OXYGEN_SPECIES,Detoxification of Reactive Oxygen Species,Reactome,-0.604916164,0.965355148,0.60058805,0.968349142,-0.518176989,0.992682163,False,shared_heat,0.599931873,-1.65143479
REACTOME_DEUBIQUITINATION,Deubiquitination,Reactome,-1.07480862,0.54084963,-1.13705873,0.458491663,1.41773352,0.144784067,False,shared_heat,-1.08071025,1.28386914
REACTOME_DEVELOPMENTAL_CELL_LINEAGES,Developmental Cell Lineages,Reactome,1.53562095,0.120553761,1.58380653,0.0867888191,-1.08832986,0.596085128,False,shared_heat,1.51535406,1.15885217
REACTOME_DEVELOPMENTAL_CELL_LINEAGES_OF_THE_EXOCRINE_PANCREAS,Developmental Cell Lineages of the Exocrine Pancreas,Reactome,1.58160013,0.139163339,1.51637779,0.189104627,-0.777256895,0.93573716,False,shared_heat,1.4836834,1.07999446
REACTOME_DEVELOPMENTAL_CELL_LINEAGES_OF_THE_INTEGUMENTARY_SYSTEM,Developmental Cell Lineages of the Integumentary System,Reactome,1.34265305,0.322822942,1.34879182,0.304655418,-1.16734463,0.5040134,False,shared_heat,1.32360593,1.10490648
REACTOME_DEVELOPMENTAL_LINEAGES_OF_THE_MAMMARY_GLAND,Developmental Lineages of the Mammary Gland,Reactome,1.38478763,0.312214082,1.3426695,0.347197633,-0.846121872,0.858113981,False,shared_heat,1.35139598,1.11623336
REACTOME_DEVELOPMENTAL_LINEAGE_OF_PANCREATIC_DUCTAL_CELLS,Developmental Lineage of Pancreatic Ductal Cells,Reactome,1.77183291,0.0559713629,1.69919468,0.0867888191,-0.720125937,0.956618789,False,shared_heat,1.65410037,1.20261397
REACTOME_DISEASES_ASSOCIATED_WITH_GLYCOSAMINOGLYCAN_METABOLISM,Diseases Associated With Glycosaminoglycan Metabolism,Reactome,1.55756455,0.156117484,1.38941689,0.295216819,0.768083271,0.929877247,False,shared_heat,1.43143401,1.37975205
REACTOME_DISEASES_OF_DNA_REPAIR,Diseases of DNA Repair,Reactome,0.82165379,0.825119749,1.26368899,0.401823805,-1.79135422,0.0405221519,True,cGAS_dampened,1.06766812,1.84890228
REACTOME_DISEASES_OF_GLYCOSYLATION,Diseases of Glycosylation,Reactome,1.93059388,0.00768830231,1.77334125,0.0303155921,0.862434652,0.860051677,False,shared_heat,1.82661854,1.21043216
REACTOME_DISEASES_OF_IMMUNE_SYSTEM,Diseases of Immune System,Reactome,1.04855625,0.618422187,0.948918598,0.680777347,0.894427091,0.817396751,False,shared_heat,0.96814605,0.948638688
REACTOME_DISEASES_OF_METABOLISM,Diseases of Metabolism,Reactome,1.38568339,0.163094601,1.20273493,0.382190286,0.982198257,0.738108453,False,shared_heat,1.26821583,-0.930296848
REACTOME_DISEASES_OF_MITOTIC_CELL_CYCLE,Diseases of Mitotic Cell Cycle,Reactome,1.3831631,0.30766593,1.2875356,0.388968721,0.818527531,0.886376591,False,shared_heat,1.27814456,1.04155552
REACTOME_DISEASES_OF_PROGRAMMED_CELL_DEATH,Diseases of Programmed Cell Death,Reactome,0.906707943,0.732808345,1.09655561,0.527357498,-1.38354248,0.255002741,False,shared_heat,1.01669536,-1.15314354
REACTOME_DISEASES_OF_SIGNAL_TRANSDUCTION_BY_GROWTH_FACTOR_RECEPTORS_AND_SECOND_MESSENGERS,Diseases of Signal Transduction by Growth Factor Receptors and Second Messengers,Reactome,1.27211656,0.163094601,-1.11146287,0.448486418,1.5486639,0.0143234011,True,sign_reversal,1.16272283,1.13225469
REACTOME_DISORDERS_OF_TRANSMEMBRANE_TRANSPORTERS,Disorders of Transmembrane Transporters,Reactome,-1.09675165,0.536336046,-1.14839881,0.461621748,1.07865673,0.609936907,False,shared_heat,-1.12223623,1.10685989
REACTOME_DNA_DAMAGE_BYPASS,DNA Damage Bypass,Reactome,0.764480267,0.873411065,0.97286971,0.659314802,1.182299,0.497406832,False,shared_heat,0.858130306,1.87604638
REACTOME_DNA_DAMAGE_TELOMERE_STRESS_INDUCED_SENESCENCE,DNA Damage Telomere Stress Induced Senescence,Reactome,-1.1247811,0.536336046,-1.08217544,0.557707569,-0.801601017,0.914954914,False,shared_heat,-1.05050257,-1.34975991
REACTOME_DNA_DOUBLE_STRAND_BREAK_REPAIR,DNA Double Strand Break Repair,Reactome,1.04559096,0.589613544,1.28270137,0.295216819,-1.22920034,0.35727258,False,shared_heat,1.16834627,1.21276246
REACTOME_DNA_DOUBLE_STRAND_BREAK_RESPONSE,DNA Double Strand Break Response,Reactome,-1.00186484,0.642747599,-1.23944946,0.43669052,1.16337716,0.538033727,False,shared_heat,-1.14743285,0.721740957
REACTOME_DNA_REPAIR,DNA Repair,Reactome,-0.984534862,0.656572503,0.944974096,0.724876232,-1.36408703,0.14985678,False,shared_heat,-0.935794047,1.38270285
REACTOME_DNA_REPLICATION,DNA Replication,Reactome,-0.780313589,0.927931188,1.01775191,0.592247068,-1.50189154,0.0901013285,False,shared_heat,0.798390744,-0.852790155
REACTOME_DNA_REPLICATION_PRE_INITIATION,DNA Replication Pre Initiation,Reactome,-0.959007154,0.675274658,0.738286607,0.947460689,-1.44998178,0.154496092,False,shared_heat,-0.746615394,-1.0338486
REACTOME_DNA_STRAND_ELONGATION,DNA Strand Elongation,Reactome,1.16236625,0.484102478,1.87297493,0.0188070286,-2.04990597,0.00752770916,True,KO_only,1.64137185,1.02951772
REACTOME_DOWNREGULATION_OF_SMAD2_3_SMAD4_TRANSCRIPTIONAL_ACTIVITY,Downregulation of Smad2 3 Smad4 Transcriptional Activity,Reactome,0.848740641,0.78336122,-0.884670096,0.74412521,0.936797563,0.778886025,False,shared_heat,-0.715263509,0.870176776
REACTOME_DOWNREGULATION_OF_TGF_BETA_RECEPTOR_SIGNALING,Downregulation of TGF-beta Receptor Signaling,Reactome,-1.09641144,0.565433016,-1.10579462,0.5454019,-0.744578802,0.941989147,False,shared_heat,-1.03702198,1.11494862
REACTOME_DOWNSTREAM_SIGNALING_EVENTS_OF_B_CELL_RECEPTOR_BCR,Downstream Signaling Events of B Cell Receptor BCR,Reactome,-1.01846774,0.627734619,-1.03500208,0.585447002,1.16951547,0.496155054,False,shared_heat,-1.03134071,0.706824682
REACTOME_DOWNSTREAM_SIGNAL_TRANSDUCTION,Downstream Signal Transduction,Reactome,-1.13057094,0.536336046,-1.16481213,0.492064001,1.09005852,0.62631312,False,shared_heat,-1.14807608,0.70674556
REACTOME_DOWNSTREAM_TCR_SIGNALING,Downstream TCR Signaling,Reactome,-1.16001608,0.470559621,-1.11410697,0.504584325,0.903767247,0.827910058,False,shared_heat,-1.16147603,-1.57973611
REACTOME_DRUG_ADME,Drug Adme,Reactome,-0.962459274,0.66909504,-1.24871916,0.41195563,1.30038535,0.35727258,False,shared_heat,-0.998755318,0.88079054
REACTOME_DUAL_INCISION_IN_GG_NER,Dual Incision in Gg Ner,Reactome,-0.802607909,0.844486705,1.0208197,0.598595426,-1.92783952,0.0156397322,True,sign_reversal,0.673414278,-0.73171365
REACTOME_DUAL_INCISION_IN_TC_NER,Dual Incision in Tc Ner,Reactome,-0.727248809,0.931440675,0.997640189,0.627933078,-1.85868789,0.0195740409,True,sign_reversal,0.826778893,-0.934764198
REACTOME_E3_UBIQUITIN_LIGASES_UBIQUITINATE_TARGET_PROTEINS,E3 Ubiquitin Ligases Ubiquitinate Target Proteins,Reactome,0.788643663,0.842255439,0.794581918,0.823266341,0.743748361,0.941989147,False,shared_heat,0.793991074,-0.956599785
REACTOME_ECM_PROTEOGLYCANS,ECM Proteoglycans,Reactome,1.44736585,0.207850822,1.62454885,0.0949674219,-1.20394487,0.466448723,False,shared_heat,1.52443243,1.56465576
REACTOME_ELASTIC_FIBRE_FORMATION,Elastic Fibre Formation,Reactome,1.77821859,0.0499719682,1.80077742,0.0408822764,1.19600141,0.497406832,False,shared_heat,1.75268827,1.59463246
REACTOME_EPHB_MEDIATED_FORWARD_SIGNALING,Ephb Mediated Forward Signaling,Reactome,1.0957416,0.551705653,0.969316823,0.659314802,1.28648563,0.39122247,False,shared_heat,0.969932853,-1.41650997
REACTOME_EPH_EPHRIN_MEDIATED_REPULSION_OF_CELLS,Eph Ephrin Mediated Repulsion of Cells,Reactome,0.998633841,0.642747599,-0.933495967,0.702937757,0.97590878,0.738108453,False,shared_heat,0.890636993,-0.664152807
REACTOME_EPH_EPHRIN_SIGNALING,Eph Ephrin Signaling,Reactome,1.09822539,0.536336046,-0.925196131,0.723796874,1.4003032,0.22670975,False,shared_heat,0.992230965,-0.993840983
REACTOME_EPIGENETIC_REGULATION_BY_WDR5_CONTAINING_HISTONE_MODIFYING_COMPLEXES,Epigenetic Regulation by Wdr5 Containing Histone Modifying Complexes,Reactome,-0.836868886,0.825119749,-1.01491874,0.608836692,0.938864697,0.780518166,False,shared_heat,-0.880917763,1.04321494
REACTOME_EPIGENETIC_REGULATION_OF_GENE_EXPRESSION,Epigenetic Regulation of Gene Expression,Reactome,1.02348493,0.61998419,1.02063704,0.591431435,-1.02923972,0.664043415,False,shared_heat,0.985451747,0.808534782
REACTOME_EPIGENETIC_REGULATION_OF_GENE_EXPRESSION_BY_MLL3_AND_MLL4_COMPLEXES,Epigenetic Regulation of Gene Expression by Mll3 and Mll4 Complexes,Reactome,0.963155996,0.66909504,-0.939877209,0.699352625,1.00375712,0.710902295,False,shared_heat,0.86556571,0.933387008
REACTOME_ER_TO_GOLGI_ANTEROGRADE_TRANSPORT,ER to Golgi Anterograde Transport,Reactome,1.06605376,0.565433016,1.0646612,0.550804016,0.868660585,0.862756021,False,shared_heat,1.03934512,-0.748381945
REACTOME_ESR_MEDIATED_SIGNALING,Esr Mediated Signaling,Reactome,1.07775732,0.536610082,0.987094646,0.648331355,0.895817804,0.853870126,False,shared_heat,1.04016848,1.04497563
REACTOME_ESTROGEN_DEPENDENT_GENE_EXPRESSION,Estrogen Dependent Gene Expression,Reactome,-0.827941062,0.845525268,-0.89179675,0.763304995,-0.999401171,0.712248213,False,shared_heat,-0.868972429,-0.933582713
REACTOME_ESTROGEN_DEPENDENT_NUCLEAR_EVENTS_DOWNSTREAM_OF_ESR_MEMBRANE_SIGNALING,Estrogen Dependent Nuclear Events Downstream of Esr Membrane Signaling,Reactome,1.52053722,0.198852925,1.48488711,0.232434813,1.32928976,0.366240088,False,shared_heat,1.53586789,1.05057419
REACTOME_EUKARYOTIC_TRANSLATION_ELONGATION,Eukaryotic Translation Elongation,Reactome,-0.641966783,0.957314209,-0.635089952,0.95902518,0.87023959,0.837492677,False,shared_heat,-0.680489647,-2.32237081
REACTOME_EUKARYOTIC_TRANSLATION_INITIATION,Eukaryotic Translation Initiation,Reactome,1.08638101,0.550504807,1.18052083,0.450818037,-1.09860774,0.593849659,False,shared_heat,1.190203,-2.03213336
REACTOME_EXTENSION_OF_TELOMERES,Extension of Telomeres,Reactome,0.729165424,0.904825652,1.47390922,0.21503403,-1.79770616,0.0395799124,True,cGAS_dampened,1.10084198,-0.56488951
REACTOME_EXTRACELLULAR_MATRIX_ORGANIZATION,Extracellular Matrix Organization,Reactome,1.83115946,0.00105218956,1.86783356,0.00119268959,0.957122183,0.780518166,False,shared_heat,1.82874536,1.24077192
REACTOME_EXTRA_NUCLEAR_ESTROGEN_SIGNALING,Extra Nuclear Estrogen Signaling,Reactome,1.28703127,0.336989277,1.22679382,0.41195563,1.1181881,0.570642829,False,shared_heat,1.26408223,0.964508243
REACTOME_FACTORS_INVOLVED_IN_MEGAKARYOCYTE_DEVELOPMENT_AND_PLATELET_PRODUCTION,Factors Involved in Megakaryocyte Development and Platelet Production,Reactome,-0.999289892,0.642747599,-0.9552177,0.689937109,0.683906747,0.992682163,False,shared_heat,-0.973031562,1.1986753
REACTOME_FATTY_ACID_METABOLISM,Fatty Acid Metabolism,Reactome,-1.46636901,0.120553761,-1.53619743,0.082112027,0.708383717,0.992682163,False,shared_heat,-1.51733987,-1.27912718
REACTOME_FATTY_ACYL_COA_BIOSYNTHESIS,Fatty Acyl CoA Biosynthesis,Reactome,-1.50628697,0.208069536,-1.55241826,0.185561203,1.15215878,0.563696453,False,shared_heat,-1.50089942,0.92474063
REACTOME_FBXL7_DOWN_REGULATES_AURKA_DURING_MITOTIC_ENTRY_AND_IN_EARLY_MITOSIS,Fbxl7 Down Regulates Aurka During Mitotic Entry and in Early Mitosis,Reactome,-1.40129204,0.273914241,-1.29791232,0.379708126,0.606014054,0.992682163,False,shared_heat,-1.37484962,-1.28972754
REACTOME_FCERI_MEDIATED_MAPK_ACTIVATION,Fceri Mediated MAPK Activation,Reactome,0.860662452,0.77117394,-0.844197965,0.777017645,1.46226301,0.236211058,False,shared_heat,-0.766244172,-0.753356843
REACTOME_FCERI_MEDIATED_NF_KB_ACTIVATION,Fceri Mediated NF Kb Activation,Reactome,-1.29167076,0.336989277,-1.23403696,0.41195563,0.824410073,0.908548291,False,shared_heat,-1.28896642,-0.984110691
REACTOME_FCGAMMA_RECEPTOR_FCGR_DEPENDENT_PHAGOCYTOSIS,Fcgamma Receptor Fcgr Dependent Phagocytosis,Reactome,0.960826686,0.673321219,-0.898248631,0.746117645,1.407127,0.228465575,False,shared_heat,0.962265363,-0.982858849
REACTOME_FCGR3A_MEDIATED_IL10_SYNTHESIS,Fcgr3a Mediated IL-10 Synthesis,Reactome,-1.61098741,0.135843801,-1.54380292,0.189183831,0.837902928,0.858113981,False,shared_heat,-1.61423717,-1.40152134
REACTOME_FC_EPSILON_RECEPTOR_FCERI_SIGNALING,Fc epsilon Receptor Fceri Signaling,Reactome,-1.08965592,0.536336046,-1.13087401,0.475959996,1.34299788,0.25123644,False,shared_heat,-1.10752433,-0.886531148
REACTOME_FGFR2_ALTERNATIVE_SPLICING,Fgfr2 Alternative Splicing,Reactome,-1.17734602,0.498600533,-1.06262967,0.575937769,-1.36243548,0.342038036,False,shared_heat,-1.19447071,-1.48949254
REACTOME_FGFR2_MUTANT_RECEPTOR_ACTIVATION,Fgfr2 Mutant Receptor Activation,Reactome,-1.00527688,0.642747599,-0.901592825,0.724876232,-1.30184221,0.39122247,False,shared_heat,-1.03337393,-1.55211881
REACTOME_FLT3_SIGNALING,Flt3 Signaling,Reactome,-0.905604853,0.727308071,-1.19157495,0.461621748,1.46244393,0.227934267,False,shared_heat,-1.06246373,-0.909619377
REACTOME_FORMATION_OF_ATP_BY_CHEMIOSMOTIC_COUPLING,Formation of ATP by Chemiosmotic Coupling,Reactome,-1.43711565,0.273914241,-1.30249421,0.400874403,-0.749836464,0.941989147,False,shared_heat,-1.43490608,-1.88843242
REACTOME_FORMATION_OF_FIBRIN_CLOT_CLOTTING_CASCADE,Formation of Fibrin Clot Clotting Cascade,Reactome,1.52846954,0.197019231,1.29159581,0.408659902,1.31637087,0.380718206,False,shared_heat,1.42626912,-1.61679476
REACTOME_FORMATION_OF_INCISION_COMPLEX_IN_GG_NER,Formation of Incision Complex in Gg Ner,Reactome,-1.48714821,0.192501187,-1.24418804,0.415750448,-1.81200164,0.0361632583,True,cGAS_amplified,-1.31205112,-0.952204553
REACTOME_FORMATION_OF_PARAXIAL_MESODERM,Formation of Paraxial Mesoderm,Reactome,-1.24268856,0.407654058,-1.22632676,0.425425704,-0.570008228,0.992682163,False,shared_heat,-1.23114939,-0.805070309
REACTOME_FORMATION_OF_RNA_POL_II_ELONGATION_COMPLEX,Formation of RNA Pol II Elongation Complex,Reactome,-1.01481309,0.632432836,-0.801685984,0.837849095,-1.62963974,0.0910338234,False,shared_heat,-0.96292815,-1.49361039
REACTOME_FORMATION_OF_TC_NER_PRE_INCISION_COMPLEX,Formation of Tc Ner Pre Incision Complex,Reactome,-0.955012652,0.673321219,-0.840028383,0.787969816,-1.43256893,0.239990911,False,shared_heat,-0.914148622,-1.21331549
REACTOME_FORMATION_OF_THE_BETA_CATENIN_TCF_TRANSACTIVATING_COMPLEX,Formation of the beta Catenin Tcf Transactivating Complex,Reactome,-0.853585781,0.775745467,-0.948276921,0.682120687,0.779556835,0.920171218,False,shared_heat,-0.894156347,-1.29610621
REACTOME_FORMATION_OF_THE_EARLY_ELONGATION_COMPLEX,Formation of the Early Elongation Complex,Reactome,-1.27070531,0.394957556,-0.86594678,0.768306466,-2.03671135,0.00972140758,True,cGAS_amplified,-1.1692297,-1.79900485
REACTOME_FOXO_MEDIATED_TRANSCRIPTION,Foxo Mediated Transcription,Reactome,1.24941137,0.388831675,1.36945684,0.268227395,-0.920799948,0.810706411,False,shared_heat,1.33321203,-1.17041009
REACTOME_G0_AND_EARLY_G1,G0 and Early G1,Reactome,1.07014096,0.589613544,1.16652154,0.487378335,-0.932082875,0.779717158,False,shared_heat,1.15776679,0.936283754
REACTOME_G1_S_DNA_DAMAGE_CHECKPOINTS,G1 S DNA Damage Checkpoints,Reactome,0.895202571,0.758169037,0.798454599,0.86497134,-0.9220868,0.810706411,False,shared_heat,0.833058901,-0.934548764
REACTOME_G1_S_SPECIFIC_TRANSCRIPTION,G1 S Specific Transcription,Reactome,1.16711599,0.499657192,1.36070022,0.320789579,-0.933237641,0.779717158,False,shared_heat,1.27792979,0.831835683
REACTOME_G2_M_CHECKPOINTS,G2 M Checkpoints,Reactome,1.1295515,0.47436666,1.4670612,0.110342337,-1.47472793,0.113988584,False,shared_heat,1.29740538,0.872958823
REACTOME_G2_M_DNA_DAMAGE_CHECKPOINT,G2 M DNA Damage Checkpoint,Reactome,1.53123,0.139101609,1.81063894,0.0244767018,-1.30109447,0.342038036,False,shared_heat,1.70073917,1.23205493
REACTOME_GAP_FILLING_DNA_REPAIR_SYNTHESIS_AND_LIGATION_IN_GG_NER,Gap Filling DNA Repair Synthesis and Ligation in Gg Ner,Reactome,1.04389641,0.618422187,1.65505427,0.108229245,-1.65452602,0.113988584,False,shared_heat,1.31173623,0.90590753
REACTOME_GAP_JUNCTION_TRAFFICKING_AND_REGULATION,Gap Junction Trafficking and Regulation,Reactome,1.6122701,0.143285087,1.60377428,0.156982196,1.25722987,0.456487369,False,shared_heat,1.57123317,-1.1155983
REACTOME_GASTRULATION,Gastrulation,Reactome,-0.987501842,0.652595481,-0.965751641,0.675068477,0.648319677,0.992682163,False,shared_heat,-1.00163371,-0.841160983
REACTOME_GENERATION_OF_SECOND_MESSENGER_MOLECULES,Generation of Second Messenger Molecules,Reactome,-1.14002329,0.530349071,-1.2814882,0.41195563,1.5181892,0.201205215,False,shared_heat,-1.2253486,-1.92838863
REACTOME_GENE_AND_PROTEIN_EXPRESSION_BY_JAK_STAT_SIGNALING_AFTER_INTERLEUKIN_12_STIMULATION,Gene and Protein Expression by JAK STAT Signaling After Interleukin 12 Stimul...,Reactome,1.1470949,0.502504563,-0.831128057,0.802460919,1.19713629,0.496155054,False,shared_heat,0.902189507,-1.40024424
REACTOME_GENE_SILENCING_BY_RNA,Gene Silencing by RNA,Reactome,-0.848301343,0.793689968,-0.687355306,0.937567704,-1.50762685,0.180960225,False,shared_heat,-0.825220173,-1.24223859
REACTOME_GLOBAL_GENOME_NUCLEOTIDE_EXCISION_REPAIR_GG_NER,Global Genome Nucleotide Excision Repair Gg Ner,Reactome,-1.02242381,0.619990694,0.932853753,0.708865892,-1.82170618,0.023150957,True,sign_reversal,-0.8603499,0.684360866
REACTOME_GLUCOSE_METABOLISM,Glucose Metabolism,Reactome,1.77414293,0.0364679438,1.6180702,0.0886260822,0.886308205,0.83497958,False,shared_heat,1.64640396,-0.61506004
REACTOME_GLYCEROPHOSPHOLIPID_BIOSYNTHESIS,Glycerophospholipid Biosynthesis,Reactome,1.00931705,0.638367022,0.929399227,0.70880481,0.905713154,0.820283276,False,shared_heat,0.903521186,-0.731160821
REACTOME_GLYCOGEN_METABOLISM,Glycogen Metabolism,Reactome,-1.04042945,0.61998419,-1.15366068,0.504584325,1.27079069,0.441188334,False,shared_heat,-1.1257056,0.665206253
REACTOME_GLYCOSAMINOGLYCAN_METABOLISM,Glycosaminoglycan Metabolism,Reactome,1.47732483,0.149981849,1.25011363,0.378435947,1.02605146,0.675037697,False,shared_heat,1.34312713,1.47170724
REACTOME_GOLGI_ASSOCIATED_VESICLE_BIOGENESIS,Golgi Associated Vesicle Biogenesis,Reactome,-1.11731305,0.54084963,-1.26576806,0.41195563,1.17079869,0.526557036,False,shared_heat,-1.16738407,-0.872842369
REACTOME_GOLGI_TO_ER_RETROGRADE_TRANSPORT,Golgi to ER Retrograde Transport,Reactome,1.26275561,0.336989277,1.04222145,0.575937769,0.827466645,0.917163946,False,shared_heat,1.17753841,0.903006227
REACTOME_GPCR_LIGAND_BINDING,GPCR Ligand Binding,Reactome,1.43784442,0.131014867,1.39077906,0.174826553,0.99915367,0.712493491,False,shared_heat,1.38962482,1.24431432
REACTOME_GPER1_SIGNALING,Gper1 Signaling,Reactome,-0.783336604,0.845525268,-1.09402328,0.548679133,1.16041594,0.538033727,False,shared_heat,-0.9300172,-1.249603
REACTOME_GPVI_MEDIATED_ACTIVATION_CASCADE,Gpvi Mediated Activation Cascade,Reactome,-0.993902212,0.646248721,-1.05332111,0.577970128,1.0402602,0.664376271,False,shared_heat,-1.01836014,-1.28083597
REACTOME_GROWTH_HORMONE_RECEPTOR_SIGNALING,Growth Hormone Receptor Signaling,Reactome,-1.10575977,0.554082195,-1.18550687,0.478083313,1.37284441,0.342038036,False,shared_heat,-1.12999173,0.739243902
REACTOME_GSK3B_MEDIATED_PROTEASOMAL_DEGRADATION_OF_PD_L1_CD274,Gsk3b Mediated Proteasomal Degradation of Pd L1 CD-274,Reactome,-1.37689699,0.288842691,-1.27594258,0.388968721,-0.589867217,0.992682163,False,shared_heat,-1.33865075,-0.893983771
REACTOME_G_ALPHA_12_13_SIGNALLING_EVENTS,G alpha 12 13 Signalling Events,Reactome,-1.23149039,0.421551166,-1.36556333,0.295216819,1.07495782,0.631160882,False,shared_heat,-1.30896238,1.25005057
REACTOME_G_ALPHA_I_SIGNALLING_EVENTS,G alpha I Signalling Events,Reactome,1.11490828,0.492171874,0.96706522,0.678658166,1.50504422,0.100651687,False,shared_heat,1.02563945,1.12958662
REACTOME_G_ALPHA_Q_SIGNALLING_EVENTS,G alpha Q Signalling Events,Reactome,0.967690818,0.66754614,-1.05490065,0.56763672,1.25371938,0.366402147,False,shared_heat,-0.940991815,1.30504482
REACTOME_G_ALPHA_S_SIGNALLING_EVENTS,G alpha S Signalling Events,Reactome,1.18043271,0.465208376,1.17186053,0.461606063,1.09276226,0.604806084,False,shared_heat,1.18622359,-0.924953772
REACTOME_G_ALPHA_Z_SIGNALLING_EVENTS,G alpha Z Signalling Events,Reactome,-1.12491572,0.539842238,-1.20261408,0.461621748,0.570129058,0.992682163,False,shared_heat,-1.14141658,1.08575413
REACTOME_G_PROTEIN_BETA_GAMMA_SIGNALLING,G Protein beta gamma Signalling,Reactome,-0.898920184,0.72519008,-0.957747028,0.675068477,1.04695781,0.664376271,False,shared_heat,-0.933933727,-1.03089012
REACTOME_G_PROTEIN_MEDIATED_EVENTS,G Protein Mediated Events,Reactome,-0.765337495,0.865862813,-0.912780928,0.723796874,1.25365599,0.436599031,False,shared_heat,-0.808627942,0.866772409
REACTOME_HATS_ACETYLATE_HISTONES,Hats Acetylate Histones,Reactome,0.671954792,0.927978188,-0.634548271,0.949365393,1.13565623,0.583978813,False,shared_heat,-0.562366191,0.904149436
REACTOME_HCMV_EARLY_EVENTS,Hcmv Early Events,Reactome,1.7121595,0.065874616,1.460485,0.21543796,1.3286471,0.342038036,False,shared_heat,1.60463633,1.16774812
REACTOME_HCMV_INFECTION,Hcmv Infection,Reactome,1.56703412,0.12133006,1.33569343,0.298629382,1.52217795,0.151973033,False,shared_heat,1.47055597,0.906582846
REACTOME_HCMV_LATE_EVENTS,Hcmv Late Events,Reactome,1.36252671,0.322822942,1.17255455,0.48019419,1.58517841,0.151488568,False,shared_heat,1.29920273,-0.834108582
REACTOME_HDR_THROUGH_HOMOLOGOUS_RECOMBINATION_HRR,Hdr Through Homologous Recombination Hrr,Reactome,1.31194737,0.322822942,1.71132452,0.047948172,-1.52182401,0.145735188,False,shared_heat,1.55294988,1.44335365
REACTOME_HDR_THROUGH_SINGLE_STRAND_ANNEALING_SSA,Hdr Through Single Strand Annealing Ssa,Reactome,1.06437517,0.589613544,1.31988533,0.352734716,-1.45749873,0.223598171,False,shared_heat,1.25500737,1.69610333
REACTOME_HEDGEHOG_LIGAND_BIOGENESIS,Hedgehog Ligand Biogenesis,Reactome,-1.27646166,0.394957556,-1.18854038,0.461621748,-0.762439895,0.941989147,False,shared_heat,-1.23132784,-1.23340323
REACTOME_HEDGEHOG_OFF_STATE,Hedgehog Off State,Reactome,-1.65566377,0.0701156454,-1.51100042,0.151231375,-0.773312318,0.953754694,False,shared_heat,-1.59632793,-1.03890488
REACTOME_HEDGEHOG_ON_STATE,Hedgehog On State,Reactome,-1.52567691,0.144899454,-1.46953436,0.190914118,0.733846141,0.966692479,False,shared_heat,-1.50586607,-0.911492229
REACTOME_HEME_SIGNALING,Heme Signaling,Reactome,1.35681277,0.336989277,1.30001739,0.406570122,1.30673894,0.39331066,False,shared_heat,1.36862975,2.01806131
REACTOME_HEMOSTASIS,Hemostasis,Reactome,1.70482591,0.000576309303,1.63476777,0.001721864,1.14006707,0.395085551,False,shared_heat,1.64687475,1.15294878
REACTOME_HEPARAN_SULFATE_HEPARIN_HS_GAG_METABOLISM,Heparan Sulfate Heparin Hs Gag Metabolism,Reactome,1.70397869,0.0892801107,1.54610607,0.189104627,0.621733468,0.991050824,False,shared_heat,1.59978616,1.96745334
REACTOME_HH_MUTANTS_ABROGATE_LIGAND_SECRETION,Hh Mutants Abrogate Ligand Secretion,Reactome,-1.56662771,0.144899454,-1.38383734,0.295216819,-0.853613885,0.858113981,False,shared_heat,-1.47277517,-1.33713616
REACTOME_HIGH_LAMINAR_FLOW_SHEAR_STRESS_ACTIVATES_SIGNALING_BY_PIEZO1_AND_PECAM1_CDH5_KDR_IN_ENDOTHELIAL_CELLS,High Laminar Flow Shear Stress Activates Signaling by Piezo1 and Pecam1 Cdh5 ...,Reactome,-1.46598885,0.198852925,-1.45804478,0.21503403,0.882801148,0.83497958,False,shared_heat,-1.48714982,1.15786162
REACTOME_HIV_ELONGATION_ARREST_AND_RECOVERY,Hiv Elongation Arrest and Recovery,Reactome,-0.688733971,0.927978188,-0.612636483,0.966397222,-1.10632986,0.60104513,False,shared_heat,-0.613668781,-1.17952812
REACTOME_HIV_INFECTION,Hiv Infection,Reactome,-1.07663359,0.536336046,-1.09315028,0.501350348,-1.00116898,0.710902295,False,shared_heat,-1.05686822,-1.15214377
REACTOME_HIV_LIFE_CYCLE,Hiv Life Cycle,Reactome,0.992924259,0.646248721,1.01741657,0.595267154,-1.26277566,0.325564498,False,shared_heat,1.01588591,-0.916006456
REACTOME_HIV_TRANSCRIPTION_ELONGATION,Hiv Transcription Elongation,Reactome,-1.00385186,0.642747599,-0.695294709,0.937567704,-1.67841612,0.0725359242,False,shared_heat,-0.87187282,-1.57982157
REACTOME_HIV_TRANSCRIPTION_INITIATION,Hiv Transcription Initiation,Reactome,-1.12563119,0.534261257,-0.792331736,0.8353161,-1.79473635,0.0397112724,True,cGAS_amplified,-1.05863442,-1.18874696
REACTOME_HOMOLOGOUS_DNA_PAIRING_AND_STRAND_EXCHANGE,Homologous DNA Pairing and Strand Exchange,Reactome,1.07411935,0.57835319,1.43966926,0.24019248,-1.58591811,0.131879829,False,shared_heat,1.29111477,1.6934872
REACTOME_HOMOLOGY_DIRECTED_REPAIR,Homology Directed Repair,Reactome,1.23469713,0.366924523,1.51697238,0.108451013,-1.38782553,0.201205215,False,shared_heat,1.38243387,1.40476055
REACTOME_HOST_INTERACTIONS_OF_HIV_FACTORS,Host Interactions of Hiv Factors,Reactome,-0.923026283,0.729712627,-1.08033314,0.533597357,1.0841659,0.60104513,False,shared_heat,-0.985009232,-0.97960496
REACTOME_HSF1_DEPENDENT_TRANSACTIVATION,Hsf1 Dependent Transactivation,Reactome,1.74756652,0.0692198611,1.88710604,0.0225955968,-1.59802214,0.14985678,False,shared_heat,1.80289519,1.57300958
REACTOME_HSP90_CHAPERONE_CYCLE_FOR_STEROID_HORMONE_RECEPTORS_SHR_IN_THE_PRESENCE_OF_LIGAND,Hsp90 Chaperone Cycle For Steroid Hormone Receptors Shr in the Presence of Li...,Reactome,1.73130303,0.0655184622,2.00396995,0.00565875603,-1.63329001,0.108723061,False,shared_heat,1.86076809,1.43277733
REACTOME_IMMUNOREGULATORY_INTERACTIONS_BETWEEN_A_LYMPHOID_AND_A_NON_LYMPHOID_CELL,Immunoregulatory Interactions Between A Lymphoid and A Non Lymphoid Cell,Reactome,-1.22272852,0.406346409,-1.27941902,0.35197842,1.31133363,0.336753266,False,shared_heat,-1.22191486,-1.44380242
REACTOME_INFECTION_WITH_ENTEROBACTERIA,Infection With Enterobacteria,Reactome,-1.40458139,0.289245397,-1.36129706,0.315690632,1.37842156,0.322066161,False,shared_heat,-1.37686668,1.46998207
REACTOME_INFLUENZA_INFECTION,Influenza Infection,Reactome,1.49955535,0.135843801,1.19724601,0.415750448,1.39748596,0.223598171,False,shared_heat,1.38808574,-1.12995032
REACTOME_INFLUENZA_VIRAL_RNA_TRANSCRIPTION_AND_REPLICATION,Influenza Viral RNA Transcription and Replication,Reactome,1.30875577,0.322822942,1.17192793,0.454739417,0.975108419,0.73879791,False,shared_heat,1.25080345,-1.91982707
REACTOME_INHIBITION_OF_DNA_RECOMBINATION_AT_TELOMERE,Inhibition of DNA Recombination At Telomere,Reactome,-0.795385177,0.832156569,-0.81100197,0.804098701,-1.26676928,0.433841211,False,shared_heat,-0.811020377,-1.54659889
REACTOME_INNATE_IMMUNE_SYSTEM,Innate Immune System,Reactome,1.36938509,0.0360084877,1.22535826,0.1504265,1.55291615,0.00238448231,True,WT_only,1.29926213,1.20340062
REACTOME_INOSITOL_PHOSPHATE_METABOLISM,Inositol Phosphate Metabolism,Reactome,-1.65807332,0.114199591,-1.86618615,0.020636593,1.34992413,0.356129888,False,shared_heat,-1.7066627,-1.4627453
REACTOME_INSULIN_RECEPTOR_RECYCLING,Insulin Receptor Recycling,Reactome,-1.30980381,0.388831675,-1.36930562,0.328719759,-0.978076517,0.730889469,False,shared_heat,-1.3596884,-1.91139159
REACTOME_INSULIN_RECEPTOR_SIGNALLING_CASCADE,Insulin Receptor Signalling Cascade,Reactome,1.42865773,0.270070324,1.12261385,0.52531935,1.53208693,0.187691483,False,shared_heat,1.34226457,1.10526808
REACTOME_INTEGRATION_OF_ENERGY_METABOLISM,Integration of Energy Metabolism,Reactome,-1.29828532,0.325025684,-1.57054578,0.0994292582,1.66533877,0.0637216125,False,shared_heat,-1.46136897,-0.966833623
REACTOME_INTEGRIN_CELL_SURFACE_INTERACTIONS,Integrin Cell Surface Interactions,Reactome,1.53850062,0.120553761,1.56568303,0.0988191248,-0.904725203,0.832737487,False,shared_heat,1.57753611,1.12713347
REACTOME_INTEGRIN_SIGNALING,Integrin Signaling,Reactome,-1.06656807,0.600280546,-1.26425164,0.425425704,1.58644176,0.160810347,False,shared_heat,-1.13082265,0.960294726
REACTOME_INTERCONVERSION_OF_NUCLEOTIDE_DI_AND_TRIPHOSPHATES,Interconversion of Nucleotide Di and Triphosphates,Reactome,1.00970135,0.642252088,1.05169491,0.577970128,-1.07065764,0.638979496,False,shared_heat,1.02950166,-0.971972971
REACTOME_INTERFERON_ALPHA_BETA_SIGNALING,Interferon-alpha beta Signaling,Reactome,-1.46646581,0.144899454,-1.83638509,0.0127800776,2.85721084,5.41320887e-13,True,KO_only,-1.68975182,3.00766023
REACTOME_INTERFERON_GAMMA_SIGNALING,Interferon-gamma Signaling,Reactome,-1.48793067,0.12517045,-1.75340463,0.0167492145,2.13895721,0.000558813877,True,KO_only,-1.66271536,2.59264801
REACTOME_INTERFERON_SIGNALING,Interferon Signaling,Reactome,-1.37264939,0.120553761,-1.71512696,0.00427481358,2.4533498,3.85404584e-11,True,KO_only,-1.57112886,2.74345632
REACTOME_INTERLEUKIN_10_SIGNALING,Interleukin 10 Signaling,Reactome,1.91483756,0.0167857894,1.80852636,0.0263700224,-0.692620493,0.987893342,False,shared_heat,1.88532836,1.32573659
REACTOME_INTERLEUKIN_12_FAMILY_SIGNALING,Interleukin 12 Family Signaling,Reactome,1.00200908,0.642747599,-1.1007001,0.526745155,1.16282914,0.5040134,False,shared_heat,-0.985998439,-1.2051422
REACTOME_INTERLEUKIN_12_SIGNALING,Interleukin 12 Signaling,Reactome,1.21742238,0.428802653,0.859687092,0.781955515,1.17039373,0.505726803,False,shared_heat,1.01627372,-1.23758648
REACTOME_INTERLEUKIN_17_SIGNALING,Interleukin 17 Signaling,Reactome,1.47058347,0.163094601,1.1845923,0.448486418,1.72480431,0.0405221519,True,cGAS_amplified,1.38259708,1.6051427
REACTOME_INTERLEUKIN_1_FAMILY_SIGNALING,Interleukin 1 Family Signaling,Reactome,-0.957861892,0.682554031,-1.05525394,0.560351406,1.22688678,0.373847484,False,shared_heat,-0.99236513,0.943173142
REACTOME_INTERLEUKIN_1_SIGNALING,Interleukin 1 Signaling,Reactome,-1.02079701,0.619990694,-1.11283222,0.504499962,1.26459143,0.349293978,False,shared_heat,-1.07446439,0.909863227
REACTOME_INTERLEUKIN_2_FAMILY_SIGNALING,Interleukin 2 Family Signaling,Reactome,0.980980651,0.656337974,-0.89711084,0.741848713,1.29851197,0.35727258,False,shared_heat,-0.86879171,-1.07581093
REACTOME_INTERLEUKIN_3_INTERLEUKIN_5_AND_GM_CSF_SIGNALING,Interleukin 3 Interleukin 5 and Gm Csf Signaling,Reactome,1.10401584,0.54084963,0.979659358,0.654776038,1.28223592,0.380718206,False,shared_heat,0.957820111,0.87977845
REACTOME_INTERLEUKIN_4_AND_INTERLEUKIN_13_SIGNALING,Interleukin 4 and Interleukin 13 Signaling,Reactome,2.16384007,9.23298951e-05,2.07888544,0.000370566262,0.990750384,0.721794839,False,shared_heat,2.10745752,-0.814429728
REACTOME_INTERLEUKIN_6_FAMILY_SIGNALING,Interleukin 6 Family Signaling,Reactome,-1.46658515,0.234917892,-1.42740066,0.282654131,1.02595821,0.689211137,False,shared_heat,-1.44095178,1.12335164
REACTOME_INTERLEUKIN_RECEPTOR_SHC_SIGNALING,Interleukin Receptor Shc Signaling,Reactome,1.2861193,0.394826185,1.18088887,0.465566478,1.07529448,0.638979496,False,shared_heat,1.23284425,-0.89011811
REACTOME_INTRACELLULAR_SIGNALING_BY_SECOND_MESSENGERS,Intracellular Signaling by Second Messengers,Reactome,1.13653514,0.428802653,1.10358483,0.461621748,1.35254962,0.162528018,False,shared_heat,1.1406127,1.11337191
REACTOME_INTRA_GOLGI_AND_RETROGRADE_GOLGI_TO_ER_TRAFFIC,Intra Golgi and Retrograde Golgi to ER Traffic,Reactome,1.07950361,0.54084963,0.866884177,0.814568747,0.826431796,0.929877247,False,shared_heat,1.011402,0.83342834
REACTOME_INTRINSIC_PATHWAY_FOR_APOPTOSIS,Intrinsic Pathway For Apoptosis,Reactome,-0.889459329,0.765428693,0.878823443,0.772595739,-1.01474882,0.689211137,False,shared_heat,-0.891795837,0.747216301
REACTOME_ION_CHANNEL_TRANSPORT,Ion Channel Transport,Reactome,1.08966164,0.544171651,1.08501368,0.535110236,-0.796835559,0.941989147,False,shared_heat,1.09793879,-1.08577076
REACTOME_ION_HOMEOSTASIS,Ion Homeostasis,Reactome,0.973908031,0.657075016,-1.00884121,0.625574685,0.998087999,0.712936508,False,shared_heat,-0.968901764,-0.896829975
REACTOME_IRE1ALPHA_ACTIVATES_CHAPERONES,Ire1alpha Activates Chaperones,Reactome,1.54183354,0.135843801,1.32820892,0.304655418,1.75491705,0.0405221519,True,cGAS_amplified,1.41210356,1.1395321
REACTOME_IRON_UPTAKE_AND_TRANSPORT,Iron Uptake and Transport,Reactome,-1.27739223,0.388831675,-1.16754681,0.478002374,-1.12324283,0.574786501,False,shared_heat,-1.26639305,-1.61463596
REACTOME_IRS_MEDIATED_SIGNALLING,Irs Mediated Signalling,Reactome,1.51968145,0.198852925,1.22531023,0.449905482,1.52044788,0.201205215,False,shared_heat,1.45203593,0.766501449
REACTOME_ISG15_ANTIVIRAL_MECHANISM,Isg15 Antiviral Mechanism,Reactome,0.935144195,0.699889152,-1.17188757,0.461621748,2.19194452,0.000603798459,True,sign_reversal,-0.995526887,2.25641843
REACTOME_KEAP1_NFE2L2_PATHWAY,Keap1 Nfe2l2 Pathway,Reactome,-0.938856303,0.713177002,-0.878802773,0.787969816,-0.64235507,0.993482523,False,shared_heat,-0.895773089,1.08738754
REACTOME_KINESINS,Kinesins,Reactome,-0.823677252,0.817464923,-0.747426741,0.882699119,-0.754992228,0.945567869,False,shared_heat,-0.760765662,0.627569435
REACTOME_L1CAM_INTERACTIONS,L1cam Interactions,Reactome,1.83671142,0.020050285,1.69911905,0.0302277338,0.976788922,0.73879791,False,shared_heat,1.74506383,1.38851543
REACTOME_LAGGING_STRAND_SYNTHESIS,Lagging Strand Synthesis,Reactome,0.773792617,0.845568038,1.63300301,0.117756557,-2.08992537,0.00617090783,True,cGAS_dampened,1.24176098,-0.497090066
REACTOME_LATE_SARS_COV_2_INFECTION_EVENTS,Late Sars Cov 2 Infection Events,Reactome,1.24987865,0.428802653,0.968623644,0.659889869,1.40165426,0.302507232,False,shared_heat,1.04376934,1.5554953
REACTOME_LEISHMANIA_INFECTION,Leishmania Infection,Reactome,1.20287575,0.386049629,1.08413506,0.516284056,1.33382617,0.236211058,False,shared_heat,1.13463287,1.00582192
REACTOME_MAP2K_AND_MAPK_ACTIVATION,Map2k and MAPK Activation,Reactome,0.854515972,0.775745467,-1.11647129,0.533597357,1.64101199,0.124983709,False,shared_heat,-0.905170828,0.87838389
REACTOME_MAPK1_MAPK3_SIGNALING,MAPK-1 MAPK-3 Signaling,Reactome,1.41885051,0.114199591,1.30206128,0.21503403,1.22120413,0.342038036,False,shared_heat,1.31779607,1.23115795
REACTOME_MAPK6_MAPK4_SIGNALING,MAPK-6 MAPK-4 Signaling,Reactome,0.827535073,0.842255439,-0.786780153,0.876484438,1.18353015,0.485575591,False,shared_heat,0.766636653,-0.574484448
REACTOME_MAPK_FAMILY_SIGNALING_CASCADES,MAPK Family Signaling Cascades,Reactome,1.45019668,0.0734214172,1.39682215,0.0988191248,1.36909016,0.147927834,False,shared_heat,1.41449753,1.30005878
REACTOME_MAPK_TARGETS_NUCLEAR_EVENTS_MEDIATED_BY_MAP_KINASES,MAPK Targets Nuclear Events Mediated by Map Kinases,Reactome,1.3750653,0.31876785,1.11478651,0.527357498,1.28967479,0.395085551,False,shared_heat,1.22102965,1.25862503
REACTOME_MATERNAL_TO_ZYGOTIC_TRANSITION_MZT,Maternal to Zygotic Transition Mzt,Reactome,0.841988718,0.802521034,0.888934659,0.74412521,-1.06942841,0.63495502,False,shared_heat,0.885802278,-1.17526059
REACTOME_MATURATION_OF_DENV_PROTEINS,Maturation of Denv Proteins,Reactome,1.35879909,0.322822942,1.46501374,0.233894316,-0.578882976,0.992682163,False,shared_heat,1.42260206,-1.07362266
REACTOME_MEIOSIS,Meiosis,Reactome,-0.95594677,0.674995103,-0.710482582,0.934232332,-1.53656721,0.141937996,False,shared_heat,-0.75283994,-0.828721173
REACTOME_MEIOTIC_RECOMBINATION,Meiotic Recombination,Reactome,0.717085331,0.910224194,0.925840958,0.707832805,-1.52726514,0.170752329,False,shared_heat,0.757968121,0.780743268
REACTOME_MEIOTIC_SYNAPSIS,Meiotic Synapsis,Reactome,-1.26878395,0.419006605,-1.14895699,0.504584325,-0.861137268,0.841925361,False,shared_heat,-1.10117157,-1.35531966
REACTOME_MEMBRANE_TRAFFICKING,Membrane Trafficking,Reactome,1.50627046,0.0225953598,1.38372166,0.0732304747,1.30577028,0.168102531,False,shared_heat,1.49291068,0.917819332
REACTOME_METABOLISM_OF_AMINO_ACIDS_AND_DERIVATIVES,Metabolism of Amino Acids and Derivatives,Reactome,0.989932451,0.652595481,0.962250903,0.697859219,-1.01947307,0.666316267,False,shared_heat,0.933468809,-1.54886673
REACTOME_METABOLISM_OF_CARBOHYDRATES_AND_CARBOHYDRATE_DERIVATIVES,Metabolism of Carbohydrates and Carbohydrate Derivatives,Reactome,1.60780436,0.0268439053,1.45864018,0.0838487893,1.18120005,0.39807348,False,shared_heat,1.52831296,1.17153139
REACTOME_METABOLISM_OF_FAT_SOLUBLE_VITAMINS,Metabolism of Fat Soluble Vitamins,Reactome,1.91366045,0.0191956017,1.77383709,0.052464356,0.70554066,0.965773786,False,shared_heat,1.81023196,1.12638694
REACTOME_METABOLISM_OF_LIPIDS,Metabolism of Lipids,Reactome,-1.29282189,0.146834165,-1.51847449,0.0189295481,1.43345406,0.0447679181,True,KO_only,-1.38409607,0.962206521
REACTOME_METABOLISM_OF_NUCLEOTIDES,Metabolism of Nucleotides,Reactome,0.78058695,0.898172751,0.788366354,0.890222391,0.688748696,0.992258928,False,shared_heat,0.777299181,-1.14294775
REACTOME_METABOLISM_OF_POLYAMINES,Metabolism of Polyamines,Reactome,-1.04337625,0.617384056,-0.865176431,0.77320386,-1.19231807,0.485575591,False,shared_heat,-0.87643685,-1.3038512
REACTOME_METABOLISM_OF_PORPHYRINS,Metabolism of Porphyrins,Reactome,-0.541157307,0.981336288,-0.681101432,0.922883283,-1.63304809,0.132888543,False,shared_heat,-0.651871411,-0.786576038
REACTOME_METABOLISM_OF_RNA,Metabolism of RNA,Reactome,1.17561917,0.322822942,1.18623106,0.295216819,-1.20483166,0.271868425,False,shared_heat,1.17751628,-1.12180105
REACTOME_METABOLISM_OF_STEROIDS,Metabolism of Steroids,Reactome,-1.35630658,0.217170106,-1.76155644,0.0144190572,1.7181754,0.0282969819,True,KO_only,-1.5165123,1.42479433
REACTOME_METABOLISM_OF_VITAMINS_AND_COFACTORS,Metabolism of Vitamins and Cofactors,Reactome,1.18168892,0.420039635,1.13418101,0.461621748,1.02653567,0.666316267,False,shared_heat,1.14465193,1.16973088
REACTOME_METABOLISM_OF_WATER_SOLUBLE_VITAMINS_AND_COFACTORS,Metabolism of Water Soluble Vitamins and Cofactors,Reactome,-1.11918362,0.518776702,-1.26777514,0.378435947,1.25091258,0.39122247,False,shared_heat,-1.18870313,1.16162856
REACTOME_MET_ACTIVATES_PTK2_SIGNALING,Met Activates Ptk2 Signaling,Reactome,1.49210859,0.210887873,1.73101464,0.0754585526,1.05110291,0.661352001,False,shared_heat,1.59800643,1.59530914
REACTOME_MET_PROMOTES_CELL_MOTILITY,Met Promotes Cell Motility,Reactome,1.49142228,0.207850822,1.62743766,0.117756557,1.40436733,0.294259553,False,shared_heat,1.55092712,1.59562349
REACTOME_MHC_CLASS_II_ANTIGEN_PRESENTATION,MHC Class II Antigen Presentation,Reactome,-0.927814136,0.719257223,-0.77702116,0.899419178,-0.859313793,0.888286207,False,shared_heat,-0.865001649,-1.34440616
REACTOME_MICRORNA_MIRNA_BIOGENESIS,Microrna miRNA Biogenesis,Reactome,-0.719805846,0.888124793,0.789766462,0.823266341,-1.3502191,0.350144241,False,shared_heat,0.869381601,-0.841509572
REACTOME_MITF_M_DEPENDENT_GENE_EXPRESSION,Mitf M Dependent Gene Expression,Reactome,-0.870719127,0.793689968,-0.920953024,0.727444959,0.919710496,0.810706411,False,shared_heat,-0.855153597,-0.845533944
REACTOME_MITF_M_REGULATED_MELANOCYTE_DEVELOPMENT,Mitf M Regulated Melanocyte Development,Reactome,1.16263837,0.433657983,1.27742549,0.294260941,-1.06853914,0.608809057,False,shared_heat,1.21665841,1.0314292
REACTOME_MITOCHONDRIAL_BIOGENESIS,Mitochondrial Biogenesis,Reactome,0.93176233,0.707282152,0.947773235,0.695485873,0.899477951,0.830766353,False,shared_heat,0.971248591,1.22127834
REACTOME_MITOCHONDRIAL_FATTY_ACID_BETA_OXIDATION,Mitochondrial Fatty Acid beta Oxidation,Reactome,-1.4559721,0.251428678,-1.20775753,0.461621748,0.614379265,0.991050824,False,shared_heat,-1.3979417,-1.70944023
REACTOME_MITOCHONDRIAL_PROTEIN_DEGRADATION,Mitochondrial Protein Degradation,Reactome,-1.39653604,0.192501187,-1.31463056,0.289809491,-0.718687258,0.991050824,False,shared_heat,-1.4054395,-1.80901702
REACTOME_MITOCHONDRIAL_PROTEIN_IMPORT,Mitochondrial Protein Import,Reactome,1.1806504,0.470559621,1.06342966,0.564453812,0.767081403,0.941989147,False,shared_heat,1.11679306,-0.971023645
REACTOME_MITOCHONDRIAL_TRANSLATION,Mitochondrial Translation,Reactome,0.618876601,0.965012704,-0.466119371,0.997254707,0.821974045,0.884898126,False,shared_heat,0.586782115,-1.03445451
REACTOME_MITOCHONDRIAL_TRANSLATION_ELONGATION,Mitochondrial Translation Elongation,Reactome,0.775377253,0.845525268,0.455279235,0.997254707,0.991520002,0.720496906,False,shared_heat,0.729953491,-0.953783395
REACTOME_MITOPHAGY,Mitophagy,Reactome,1.34817311,0.336989277,1.22151122,0.450703032,1.00759937,0.710902295,False,shared_heat,1.29109672,0.943086027
REACTOME_MITOTIC_G1_PHASE_AND_G1_S_TRANSITION,Mitotic G1 Phase and G1 S Transition,Reactome,0.899444553,0.789414255,1.21775946,0.339032202,-1.52029457,0.0637216125,False,shared_heat,1.05115828,0.863376514
REACTOME_MITOTIC_G2_G2_M_PHASES,Mitotic G2 G2 M Phases,Reactome,-0.862820977,0.839139174,-0.865260944,0.819184639,-0.677604767,0.992682163,False,shared_heat,-0.83744607,-0.883793576
REACTOME_MITOTIC_METAPHASE_AND_ANAPHASE,Mitotic Metaphase and Anaphase,Reactome,0.843789283,0.856404273,0.867065907,0.823266341,0.778098119,0.97348344,False,shared_heat,0.864349088,0.70070589
REACTOME_MITOTIC_PROMETAPHASE,Mitotic Prometaphase,Reactome,0.951415288,0.69570114,0.98641376,0.649620027,-0.687187057,0.992682163,False,shared_heat,1.00044534,0.880007425
REACTOME_MITOTIC_PROPHASE,Mitotic Prophase,Reactome,1.08319237,0.551572825,1.02513014,0.591759579,1.05038371,0.656153418,False,shared_heat,1.01456865,-0.761347486
REACTOME_MITOTIC_SPINDLE_CHECKPOINT,Mitotic Spindle Checkpoint,Reactome,1.2331562,0.399683007,1.21315477,0.415750448,0.992470797,0.719335208,False,shared_heat,1.23316464,1.08286254
REACTOME_MOLECULES_ASSOCIATED_WITH_ELASTIC_FIBRES,Molecules Associated With Elastic Fibres,Reactome,1.53157273,0.187246896,1.41179227,0.294260941,0.940245526,0.777655675,False,shared_heat,1.46478648,1.55995009
REACTOME_MRNA_3_END_PROCESSING,mRNA 3 End Processing,Reactome,-0.719833776,0.955374423,0.753860966,0.934232332,-1.45475134,0.153368785,False,shared_heat,-0.70014989,-0.904495986
REACTOME_MRNA_CAPPING,mRNA Capping,Reactome,-1.19246269,0.471605615,-0.797278238,0.823266341,-1.95143283,0.0156265076,True,cGAS_amplified,-1.07102495,-1.47401876
REACTOME_MRNA_POLYADENYLATION,mRNA Polyadenylation,Reactome,0.630423232,0.986431336,0.797249315,0.883338386,-1.46787106,0.151973033,False,shared_heat,0.725165808,-0.872512955
REACTOME_MRNA_SPLICING,mRNA Splicing,Reactome,-0.793863914,0.892587341,0.969718324,0.667699526,-1.82163586,0.0125296417,True,sign_reversal,0.855287371,-1.15215211
REACTOME_MRNA_SPLICING_MINOR_PATHWAY,mRNA Splicing Minor Pathway,Reactome,0.873430629,0.765428693,0.970292469,0.659314802,-1.71495638,0.0678543633,False,shared_heat,1.02729976,-1.32494778
REACTOME_MTOR_SIGNALLING,mTOR Signalling,Reactome,1.03676315,0.61998419,1.21374105,0.450703032,-0.785070201,0.924185804,False,shared_heat,1.14966593,1.26040632
REACTOME_MUSCLE_CONTRACTION,Muscle Contraction,Reactome,1.20730524,0.394826185,1.19002252,0.41195563,0.74709773,0.980403625,False,shared_heat,1.16376946,-1.10107624
REACTOME_MYD88_INDEPENDENT_TLR4_CASCADE,Myd88 Independent TLR4 Cascade,Reactome,1.24971154,0.336989277,1.03092027,0.581828256,1.76875169,0.0197988345,True,cGAS_amplified,1.21013668,1.94469541
REACTOME_M_PHASE,M Phase,Reactome,0.900945204,0.814399049,0.87528125,0.857886238,0.808076128,0.977620848,False,shared_heat,0.853307041,0.778104273
REACTOME_NCAM_SIGNALING_FOR_NEURITE_OUT_GROWTH,Ncam Signaling For Neurite Out Growth,Reactome,-0.768941025,0.869585544,-0.929703105,0.707832805,0.744116118,0.953754694,False,shared_heat,-0.792263865,1.45015443
REACTOME_NEDDYLATION,Neddylation,Reactome,-1.34959638,0.234917892,-1.27723415,0.31301846,-0.84609402,0.917163946,False,shared_heat,-1.35368731,-0.964548097
REACTOME_NEGATIVE_EPIGENETIC_REGULATION_OF_RRNA_EXPRESSION,Negative Epigenetic Regulation of rRNA Expression,Reactome,0.906985718,0.727810684,1.03750482,0.582380817,-1.51007456,0.170846193,False,shared_heat,0.935936424,-1.82344972
REACTOME_NEGATIVE_REGULATION_OF_MAPK_PATHWAY,Negative Regulation of MAPK Pathway,Reactome,1.6027417,0.139163339,1.38275917,0.304655418,1.09567112,0.619582702,False,shared_heat,1.45736423,1.04249988
REACTOME_NEGATIVE_REGULATION_OF_NOTCH4_SIGNALING,Negative Regulation of Notch4 Signaling,Reactome,-1.63474681,0.0934984982,-1.4890832,0.189974277,0.807833985,0.911993483,False,shared_heat,-1.61351552,-0.857113848
REACTOME_NEGATIVE_REGULATION_OF_THE_PI3K_AKT_NETWORK,Negative Regulation of the PI3K AKT Network,Reactome,1.60474802,0.0701156454,1.52149242,0.106601066,1.15309182,0.496155054,False,shared_heat,1.6308649,1.05306934
REACTOME_NERVOUS_SYSTEM_DEVELOPMENT,Nervous System Development,Reactome,1.15421344,0.348082486,1.11093863,0.427560538,1.04853104,0.619582702,False,shared_heat,1.10797791,-1.06032468
REACTOME_NETRIN_1_SIGNALING,Netrin 1 Signaling,Reactome,-1.1639192,0.506124223,-1.5378901,0.190909951,1.28913545,0.406828231,False,shared_heat,-1.24140026,-0.895730869
REACTOME_NEURONAL_SYSTEM,Neuronal System,Reactome,1.02469233,0.618422187,-0.954676401,0.699352625,1.27498305,0.300977355,False,shared_heat,-0.859933163,1.14998702
REACTOME_NEUROTRANSMITTER_RECEPTORS_AND_POSTSYNAPTIC_SIGNAL_TRANSMISSION,Neurotransmitter Receptors and Postsynaptic Signal Transmission,Reactome,0.870223802,0.793689968,-0.948712982,0.695485873,1.11699562,0.560294828,False,shared_heat,-0.874484477,1.11012604
REACTOME_NEUTROPHIL_DEGRANULATION,Neutrophil Degranulation,Reactome,1.49254129,0.0330518772,1.45268153,0.0371747531,0.977500405,0.753145637,False,shared_heat,1.45345123,-1.10644596
REACTOME_NGF_STIMULATED_TRANSCRIPTION,NGF Stimulated Transcription,Reactome,1.75154016,0.065874616,1.72632561,0.0754585526,-0.751453533,0.942403327,False,shared_heat,1.66576295,-0.652954231
REACTOME_NOD1_2_SIGNALING_PATHWAY,Nod1 2 Signaling Pathway,Reactome,-1.05387529,0.607468289,-1.09356901,0.546670569,1.24486188,0.44802746,False,shared_heat,-1.15196892,1.58613498
REACTOME_NONHOMOLOGOUS_END_JOINING_NHEJ,Nonhomologous End Joining Nhej,Reactome,-0.721130648,0.888124793,-0.813117103,0.802460919,0.854403456,0.843708751,False,shared_heat,-0.731522268,1.05313815
REACTOME_NONSENSE_MEDIATED_DECAY_NMD,Nonsense Mediated Decay Nmd,Reactome,-0.648686626,0.965012704,-0.874675195,0.766285783,1.18601094,0.496155054,False,shared_heat,-0.812011534,-1.87383175
REACTOME_NON_INTEGRIN_MEMBRANE_ECM_INTERACTIONS,Non Integrin Membrane ECM Interactions,Reactome,1.76188671,0.0373331007,1.79548289,0.0263700224,-1.09676641,0.593849659,False,shared_heat,1.72108816,1.84105245
REACTOME_NOTCH1_INTRACELLULAR_DOMAIN_REGULATES_TRANSCRIPTION,Notch1 Intracellular Domain Regulates Transcription,Reactome,1.1028844,0.544171651,0.882502285,0.752801716,1.78692336,0.0405221519,True,cGAS_amplified,1.04290806,0.874207913
REACTOME_NOTCH3_INTRACELLULAR_DOMAIN_REGULATES_TRANSCRIPTION,Notch3 Intracellular Domain Regulates Transcription,Reactome,1.05957256,0.607067809,0.963094825,0.665453337,1.52324016,0.207310525,False,shared_heat,1.00965425,1.42148474
REACTOME_NOTCH4_INTRACELLULAR_DOMAIN_REGULATES_TRANSCRIPTION,Notch4 Intracellular Domain Regulates Transcription,Reactome,1.23803958,0.45126431,1.06630337,0.572430114,1.43776776,0.279792662,False,shared_heat,1.15379898,1.47549349
REACTOME_NOTCH_HLH_TRANSCRIPTION_PATHWAY,Notch Hlh Transcription Pathway,Reactome,1.30598795,0.385881813,1.10945751,0.534725913,1.4272581,0.276428187,False,shared_heat,1.24592164,1.1939945
REACTOME_NR1H2_AND_NR1H3_MEDIATED_SIGNALING,Nr1h2 and Nr1h3 Mediated Signaling,Reactome,-0.953503747,0.673321219,-1.25420147,0.436183039,1.53390782,0.201032956,False,shared_heat,-1.06819516,1.50249661
REACTOME_NRAGE_SIGNALS_DEATH_THROUGH_JNK,Nrage Signals Death Through JNK,Reactome,-0.998747931,0.642898905,-1.12588284,0.516284056,1.32560044,0.349293978,False,shared_heat,-1.08302295,1.49662364
REACTOME_NUCLEAR_ENVELOPE_BREAKDOWN,Nuclear Envelope Breakdown,Reactome,1.24382733,0.428802653,1.01723172,0.606151946,1.42628752,0.26849491,False,shared_heat,1.08849276,0.871849494
REACTOME_NUCLEAR_ENVELOPE_NE_REASSEMBLY,Nuclear Envelope Ne Reassembly,Reactome,0.922983999,0.702818503,0.900616301,0.727805729,1.18255372,0.515162128,False,shared_heat,1.05752468,-1.03365523
REACTOME_NUCLEAR_EVENTS_KINASE_AND_TRANSCRIPTION_FACTOR_ACTIVATION,Nuclear Events Kinase and Transcription Factor Activation,Reactome,1.98030261,0.00768830231,1.84859592,0.0199995116,0.792678758,0.931456142,False,shared_heat,1.87178043,1.04406992
REACTOME_NUCLEAR_EVENTS_MEDIATED_BY_NFE2L2,Nuclear Events Mediated by Nfe2l2,Reactome,-0.897045263,0.77117394,-0.836841749,0.8353161,0.569663217,0.996424033,False,shared_heat,-0.860099657,1.09804843
REACTOME_NUCLEAR_EVENTS_STIMULATED_BY_ALK_SIGNALING_IN_CANCER,Nuclear Events Stimulated by Alk Signaling in Cancer,Reactome,0.897944813,0.729875761,-0.803598211,0.823266341,1.23426827,0.4600363,False,shared_heat,0.850712386,0.989868772
REACTOME_NUCLEAR_RECEPTOR_TRANSCRIPTION_PATHWAY,Nuclear Receptor Transcription Pathway,Reactome,1.69982317,0.0859606062,1.50560115,0.207708376,0.857345317,0.844299972,False,shared_heat,1.57851378,1.17234105
REACTOME_NUCLEAR_SIGNALING_BY_ERBB4,Nuclear Signaling by Erbb4,Reactome,-0.810772953,0.813645761,-1.04120085,0.591759579,1.2410327,0.473579383,False,shared_heat,-0.918859375,-1.04642735
REACTOME_NUCLEOTIDE_BINDING_DOMAIN_LEUCINE_RICH_REPEAT_CONTAINING_RECEPTOR_NLR_SIGNALING_PATHWAYS,Nucleotide Binding Domain Leucine Rich Repeat Containing Receptor Nlr Signali...,Reactome,1.10251956,0.536856152,1.20084524,0.43669052,1.17560445,0.496155054,False,shared_heat,1.15013156,1.39293406
REACTOME_NUCLEOTIDE_EXCISION_REPAIR,Nucleotide Excision Repair,Reactome,-0.980493861,0.656572503,0.85220994,0.818545886,-1.79979849,0.0156397322,True,sign_reversal,-0.807413283,-0.778993656
REACTOME_ONCOGENE_INDUCED_SENESCENCE,Oncogene Induced Senescence,Reactome,-1.09323662,0.55880302,-1.18830861,0.461621748,1.04627581,0.661352001,False,shared_heat,-1.15842544,1.11689685
REACTOME_ONCOGENIC_MAPK_SIGNALING,Oncogenic MAPK Signaling,Reactome,1.21512374,0.428802653,0.991348573,0.636328523,1.33412522,0.335459156,False,shared_heat,1.03691585,1.18268945
REACTOME_OPIOID_SIGNALLING,Opioid Signalling,Reactome,-1.01483362,0.632432836,-1.19700971,0.448486418,1.31627175,0.342038036,False,shared_heat,-1.09915723,0.855475082
REACTOME_ORC1_REMOVAL_FROM_CHROMATIN,Orc1 Removal from Chromatin,Reactome,-1.02483394,0.619990694,-0.780118205,0.873437922,-1.24317595,0.395085551,False,shared_heat,-0.911413327,-0.697975506
REACTOME_ORGANELLE_BIOGENESIS_AND_MAINTENANCE,Organelle Biogenesis and Maintenance,Reactome,1.20049287,0.356185716,1.16412864,0.41195563,0.883722882,0.877365649,False,shared_heat,1.22237226,1.24707734
REACTOME_OVARIAN_TUMOR_DOMAIN_PROTEASES,Ovarian Tumor Domain Proteases,Reactome,-0.853625789,0.775745467,-1.11344758,0.533597357,1.68647987,0.0975521669,False,shared_heat,-1.03199147,1.5760642
REACTOME_OXIDATIVE_STRESS_INDUCED_SENESCENCE,Oxidative Stress Induced Senescence,Reactome,0.887519641,0.765740319,0.933695674,0.70880481,0.967150551,0.75100565,False,shared_heat,0.925648121,-0.841426917
REACTOME_P53_DEPENDENT_G1_DNA_DAMAGE_RESPONSE,p53 Dependent G1 DNA Damage Response,Reactome,-1.34945407,0.312214082,-1.14870178,0.487378335,-1.1682909,0.501784028,False,shared_heat,-1.24070391,-1.45321514
REACTOME_P75_NTR_RECEPTOR_MEDIATED_SIGNALLING,P75 Ntr Receptor Mediated Signalling,Reactome,1.17876116,0.445557285,-1.00728647,0.619857379,1.50818256,0.144784067,False,shared_heat,1.05190211,0.927821518
REACTOME_PARASITE_INFECTION,Parasite Infection,Reactome,-0.8908339,0.757760564,-0.898260256,0.741848713,1.44616385,0.220181926,False,shared_heat,-0.849865548,-0.931212134
REACTOME_PCNA_DEPENDENT_LONG_PATCH_BASE_EXCISION_REPAIR,Pcna Dependent Long Patch Base Excision Repair,Reactome,0.976357254,0.656337974,1.86025265,0.0272799782,-2.2192637,0.000764316949,True,KO_only,1.46263368,-0.625899097
REACTOME_PCP_CE_PATHWAY,Pcp Ce Pathway,Reactome,-1.56616689,0.114199591,-1.61520986,0.0838487893,0.688574767,0.991050824,False,shared_heat,-1.57882245,-1.26606578
REACTOME_PEPTIDE_HORMONE_METABOLISM,Peptide Hormone Metabolism,Reactome,1.52968768,0.158219061,1.51402848,0.185561203,0.774575741,0.93573716,False,shared_heat,1.50423476,-0.760399633
REACTOME_PEPTIDE_LIGAND_BINDING_RECEPTORS,Peptide Ligand Binding Receptors,Reactome,1.49387386,0.144899454,1.48494803,0.156982196,1.19485448,0.467841352,False,shared_heat,1.50649352,1.4486158
REACTOME_PERK_REGULATES_GENE_EXPRESSION,Perk Regulates Gene Expression,Reactome,1.08450196,0.564773135,1.0013711,0.625574685,0.904323463,0.814750938,False,shared_heat,1.03404433,0.853024453
REACTOME_PEROXISOMAL_LIPID_METABOLISM,Peroxisomal Lipid Metabolism,Reactome,-1.79283308,0.0393362143,-1.95016916,0.0117270307,0.683483292,0.974506047,False,shared_heat,-1.86774969,-1.21851236
REACTOME_PEROXISOMAL_PROTEIN_IMPORT,Peroxisomal Protein Import,Reactome,-1.46489978,0.163691763,-1.41636071,0.22264668,0.86340794,0.860051677,False,shared_heat,-1.52031903,-1.11991316
REACTOME_PHASE_II_CONJUGATION_OF_COMPOUNDS,Phase II Conjugation of Compounds,Reactome,-0.795300583,0.84339148,-0.885847102,0.74412521,0.890959896,0.827910058,False,shared_heat,-0.822889615,-0.987421923
REACTOME_PHASE_I_FUNCTIONALIZATION_OF_COMPOUNDS,Phase I Functionalization of Compounds,Reactome,-0.821961548,0.832718275,-0.857096037,0.781955515,-1.04894823,0.656153418,False,shared_heat,-0.746858671,-1.21659886
REACTOME_PHOSPHOLIPID_METABOLISM,Phospholipid Metabolism,Reactome,1.21664229,0.400383457,1.12387123,0.481962518,1.08854207,0.60104513,False,shared_heat,1.15032519,0.871869808
REACTOME_PI3K_AKT_SIGNALING_IN_CANCER,PI3K AKT Signaling in Cancer,Reactome,1.49443704,0.12517045,1.40024526,0.191537868,1.34259971,0.261574759,False,shared_heat,1.51201531,1.13767599
REACTOME_PINK1_PRKN_MEDIATED_MITOPHAGY,Pink1 Prkn Mediated Mitophagy,Reactome,1.25278317,0.433657983,1.21558779,0.461621748,0.579388593,0.992682163,False,shared_heat,1.2296321,1.07246953
REACTOME_PI_METABOLISM,pi Metabolism,Reactome,1.14290761,0.515071719,1.08298361,0.550804016,1.0898707,0.619582702,False,shared_heat,1.12416323,1.11011529
REACTOME_PKR_MEDIATED_SIGNALING,Pkr Mediated Signaling,Reactome,-1.25362427,0.388831675,-1.25769848,0.393748472,1.61890261,0.0922547458,False,shared_heat,-1.26690678,1.85185308
REACTOME_PLASMA_LIPOPROTEIN_ASSEMBLY_REMODELING_AND_CLEARANCE,Plasma Lipoprotein Assembly Remodeling and Clearance,Reactome,-1.341874,0.322822942,-1.60284532,0.110342337,1.03575732,0.666316267,False,shared_heat,-1.36852601,-0.769499416
REACTOME_PLASMA_LIPOPROTEIN_CLEARANCE,Plasma Lipoprotein Clearance,Reactome,-0.970007761,0.662910185,-1.40673376,0.295216819,0.955902841,0.756874967,False,shared_heat,-1.15140018,0.836194161
REACTOME_PLATELET_ACTIVATION_SIGNALING_AND_AGGREGATION,Platelet Activation Signaling and Aggregation,Reactome,1.17122802,0.385339134,1.21852788,0.299177574,1.19528063,0.367766624,False,shared_heat,1.18253615,1.05912666
REACTOME_PLATELET_AGGREGATION_PLUG_FORMATION,Platelet Aggregation Plug Formation,Reactome,-1.0109178,0.642747599,-1.31244162,0.388557818,1.49550098,0.221843284,False,shared_heat,-1.25202918,1.01469197
REACTOME_PLATELET_HOMEOSTASIS,Platelet Homeostasis,Reactome,-0.880870289,0.765740319,-1.00699481,0.622595155,1.04897136,0.658987331,False,shared_heat,-0.904543042,-0.827995417
REACTOME_POLYMERASE_SWITCHING_ON_THE_C_STRAND_OF_THE_TELOMERE,Polymerase Switching On the C Strand of the Telomere,Reactome,0.957513956,0.669883155,1.46999616,0.253397401,-1.48303229,0.236211058,False,shared_heat,1.14883441,-0.575017785
REACTOME_POSITIVE_EPIGENETIC_REGULATION_OF_RRNA_EXPRESSION,Positive Epigenetic Regulation of rRNA Expression,Reactome,1.09783227,0.550471488,0.974687847,0.659314802,-0.941917298,0.778886025,False,shared_heat,1.03731601,-1.21272173
REACTOME_POST_TRANSLATIONAL_PROTEIN_MODIFICATION,Post Translational Protein Modification,Reactome,1.35255758,0.0431817149,1.25479105,0.108451013,1.20467483,0.230376062,False,shared_heat,1.29099392,1.20222738
REACTOME_POTASSIUM_CHANNELS,Potassium Channels,Reactome,-1.2462808,0.433657983,-1.29294651,0.406570122,1.01036014,0.710902295,False,shared_heat,-1.27692219,-1.05341188
REACTOME_POTENTIAL_THERAPEUTICS_FOR_SARS,Potential Therapeutics For Sars,Reactome,1.14749794,0.471605615,1.05297689,0.564453812,0.971701159,0.748135956,False,shared_heat,1.06950144,1.34195695
REACTOME_PRE_NOTCH_EXPRESSION_AND_PROCESSING,Pre Notch Expression and Processing,Reactome,1.17678141,0.468998375,-0.917942974,0.724876232,1.62024437,0.0922547458,False,shared_heat,1.03323277,1.22019799
REACTOME_PROCESSING_OF_CAPPED_INTRON_CONTAINING_PRE_MRNA,Processing of Capped Intron Containing Pre mRNA,Reactome,1.0530245,0.57441495,1.16679861,0.425276634,-1.66386331,0.0277527631,True,cGAS_dampened,1.12844734,-0.879432444
REACTOME_PROCESSING_OF_DNA_DOUBLE_STRAND_BREAK_ENDS,Processing of DNA Double Strand Break Ends,Reactome,1.16685299,0.471605615,1.52863132,0.146582711,-1.3492663,0.294259553,False,shared_heat,1.34965129,1.24474126
REACTOME_PROGRAMMED_CELL_DEATH,Programmed Cell Death,Reactome,-1.12646512,0.468998375,-1.0535961,0.554449855,-0.922222775,0.83497958,False,shared_heat,-1.08109154,0.774441926
REACTOME_PROTEASOME_ASSEMBLY,Proteasome Assembly,Reactome,-1.75435034,0.0442338389,-1.6573575,0.0827704479,0.749501201,0.951726999,False,shared_heat,-1.66820963,-1.19025432
REACTOME_PROTEIN_FOLDING,Protein Folding,Reactome,-1.17068473,0.469456665,-1.20442239,0.436183039,0.926493079,0.796334176,False,shared_heat,-1.14140808,-1.04517359
REACTOME_PROTEIN_LOCALIZATION,Protein Localization,Reactome,-1.1907054,0.396701846,-1.12600066,0.463838558,0.737201249,0.991050824,False,shared_heat,-1.21673054,-1.07164538
REACTOME_PROTEIN_PROTEIN_INTERACTIONS_AT_SYNAPSES,Protein Protein Interactions At Synapses,Reactome,0.996582803,0.643892819,-0.894345821,0.728229085,1.43288415,0.274437925,False,shared_heat,0.938613817,1.23481551
REACTOME_PROTEIN_UBIQUITINATION,Protein Ubiquitination,Reactome,1.20868337,0.465208376,1.02347762,0.597928116,1.11087361,0.60104513,False,shared_heat,1.11906228,-0.917566641
REACTOME_PTEN_REGULATION,Pten Regulation,Reactome,-1.18074227,0.438759778,-1.19067477,0.434421084,0.998487297,0.712493491,False,shared_heat,-1.22589752,1.04802026
REACTOME_PURINERGIC_SIGNALING_IN_LEISHMANIASIS_INFECTION,Purinergic Signaling in Leishmaniasis Infection,Reactome,1.37639575,0.322822942,1.3160369,0.382190286,0.505485636,0.992682163,False,shared_heat,1.32663969,0.92751789
REACTOME_PYRUVATE_METABOLISM,Pyruvate Metabolism,Reactome,-1.20029678,0.469456665,-1.292895,0.388968721,1.20226651,0.496155054,False,shared_heat,-1.32168809,-1.71338116
REACTOME_RAB_GEFS_EXCHANGE_GTP_FOR_GDP_ON_RABS,Rab Gefs Exchange Gtp For Gdp On Rabs,Reactome,1.41691843,0.297406338,1.51468904,0.21543796,-0.934315624,0.779717158,False,shared_heat,1.47267546,1.03349724
REACTOME_RAB_REGULATION_OF_TRAFFICKING,Rab Regulation of Trafficking,Reactome,1.21700228,0.445557285,1.2574731,0.41195563,-0.829611603,0.884898126,False,shared_heat,1.23015377,1.36732673
REACTOME_RAC1_GTPASE_CYCLE,Rac1 Gtpase Cycle,Reactome,-1.15069757,0.465208376,-1.13507414,0.463838558,1.13370605,0.512060912,False,shared_heat,-1.17780043,1.56753509
REACTOME_RAC2_GTPASE_CYCLE,Rac2 Gtpase Cycle,Reactome,1.12838158,0.506124223,1.20328932,0.434421084,0.807269007,0.922914552,False,shared_heat,1.15854489,0.822525167
REACTOME_RAC3_GTPASE_CYCLE,Rac3 Gtpase Cycle,Reactome,1.36549116,0.270070324,1.39306954,0.245539768,0.69723745,0.987738283,False,shared_heat,1.37979547,1.47603187
REACTOME_RAF_ACTIVATION,Raf Activation,Reactome,1.11715934,0.544171651,1.08199507,0.557707569,1.50315342,0.223598171,False,shared_heat,1.09410772,0.860851225
REACTOME_RECOGNITION_OF_DNA_DAMAGE_BY_PCNA_CONTAINING_REPLICATION_COMPLEX,Recognition of DNA Damage by Pcna Containing Replication Complex,Reactome,0.870968432,0.765428693,1.48752452,0.217660892,-1.71758058,0.0725359242,False,shared_heat,1.21115604,0.530120764
REACTOME_RECRUITMENT_OF_MITOTIC_CENTROSOME_PROTEINS_AND_COMPLEXES,Recruitment of Mitotic Centrosome Proteins and Complexes,Reactome,-0.91217466,0.729875761,-0.913219435,0.727898357,0.767232363,0.949622076,False,shared_heat,-0.899217538,1.07483079
REACTOME_RECRUITMENT_OF_NUMA_TO_MITOTIC_CENTROSOMES,Recruitment of Numa to Mitotic Centrosomes,Reactome,-1.02773225,0.61998419,-1.02757484,0.592827174,0.639615443,0.992682163,False,shared_heat,-0.985755535,0.932650963
REACTOME_RECYCLING_PATHWAY_OF_L1,Recycling Pathway of L1,Reactome,1.21083174,0.459219248,0.903411065,0.727444959,0.926247733,0.787746947,False,shared_heat,1.07694291,0.943459866
REACTOME_REGULATED_NECROSIS,Regulated Necrosis,Reactome,-0.954707088,0.674995103,-0.864584318,0.77320386,0.962422227,0.753145637,False,shared_heat,-0.925345094,0.668845845
REACTOME_REGULATION_OF_APOPTOSIS,Regulation of Apoptosis,Reactome,-1.60212065,0.12133006,-1.39254167,0.289809491,-0.847331884,0.864363553,False,shared_heat,-1.50698049,-1.15143212
REACTOME_REGULATION_OF_BETA_CELL_DEVELOPMENT,Regulation of beta Cell Development,Reactome,1.00484028,0.642747599,0.85883138,0.760152,1.17520544,0.535288208,False,shared_heat,0.944548782,1.5162601
REACTOME_REGULATION_OF_CDH1_FUNCTION,Regulation of Cdh1 Function,Reactome,-0.897624967,0.751953398,-0.931762458,0.70880481,0.884517511,0.837492677,False,shared_heat,-0.955727645,-1.21477888
REACTOME_REGULATION_OF_CDH1_GENE_TRANSCRIPTION,Regulation of Cdh1 Gene Transcription,Reactome,1.19039827,0.470559621,1.17578716,0.463838558,0.82467996,0.884898126,False,shared_heat,1.17706756,-0.889423369
REACTOME_REGULATION_OF_CHOLESTEROL_BIOSYNTHESIS_BY_SREBP_SREBF,Regulation of Cholesterol Biosynthesis by Srebp Srebf,Reactome,-1.04038059,0.618422187,-1.46879923,0.190914118,1.91278577,0.016962043,True,cGAS_dampened,-1.22035574,2.17564441
REACTOME_REGULATION_OF_ENDOGENOUS_RETROELEMENTS,Regulation of Endogenous Retroelements,Reactome,-0.752841771,0.860627115,-0.956120337,0.67707279,1.13727854,0.582298937,False,shared_heat,-0.900716392,-1.20317555
REACTOME_REGULATION_OF_EXPRESSION_AND_FUNCTION_OF_TYPE_II_CLASSICAL_CADHERINS,Regulation of Expression and Function of Type II Classical Cadherins,Reactome,-1.13754747,0.536336046,-1.24420485,0.44044623,1.55304063,0.181240867,False,shared_heat,-1.17712981,1.57741012
REACTOME_REGULATION_OF_EXPRESSION_OF_SLITS_AND_ROBOS,Regulation of Expression of Slits and Robos,Reactome,-1.32694741,0.273466258,-1.30884298,0.295216819,-0.900291415,0.837492677,False,shared_heat,-1.2877033,-2.05459934
REACTOME_REGULATION_OF_HOMOTYPIC_CELL_CELL_ADHESION,Regulation of Homotypic Cell Cell Adhesion,Reactome,1.02586584,0.618422187,1.03159983,0.577970128,1.14148111,0.496155054,False,shared_heat,0.959473611,-1.10932107
REACTOME_REGULATION_OF_HSF1_MEDIATED_HEAT_SHOCK_RESPONSE,Regulation of Hsf1 Mediated Heat Shock Response,Reactome,2.11629266,0.00105218956,2.28204929,0.00017160636,-1.07943685,0.619582702,False,shared_heat,2.16828218,1.82943229
REACTOME_REGULATION_OF_INSULIN_LIKE_GROWTH_FACTOR_IGF_TRANSPORT_AND_UPTAKE_BY_INSULIN_LIKE_GROWTH_FACTOR_BINDING_PROTEINS_IGFBPS,Regulation of Insulin Like Growth Factor IGF Transport and Uptake by Insulin ...,Reactome,1.80400903,0.0268439053,1.85437518,0.0165006,-1.05762644,0.638979496,False,shared_heat,1.82447154,-1.02009734
REACTOME_REGULATION_OF_INSULIN_SECRETION,Regulation of Insulin Secretion,Reactome,-1.18294851,0.470559621,-1.49643698,0.188600613,1.5022632,0.181240867,False,shared_heat,-1.34373942,-1.0850589
REACTOME_REGULATION_OF_LIPID_METABOLISM_BY_PPARALPHA,Regulation of Lipid Metabolism by Pparalpha,Reactome,0.955160392,0.675274658,-1.18155308,0.448486418,1.39051694,0.239045737,False,shared_heat,-1.04816022,1.48699778
REACTOME_REGULATION_OF_MECP2_EXPRESSION_AND_ACTIVITY,Regulation of Mecp2 Expression and Activity,Reactome,0.921310641,0.702137856,-0.786288862,0.823266341,1.5503172,0.188413317,False,shared_heat,0.833408831,1.32790053
REACTOME_REGULATION_OF_MRNA_STABILITY_BY_PROTEINS_THAT_BIND_AU_RICH_ELEMENTS,Regulation of mRNA Stability by Proteins That Bind Au Rich Elements,Reactome,-0.822788567,0.845525268,-0.843443176,0.818384129,1.17848088,0.485564453,False,shared_heat,-0.878652648,0.692804058
REACTOME_REGULATION_OF_ORNITHINE_DECARBOXYLASE_ODC,Regulation of Ornithine Decarboxylase Odc,Reactome,-1.22426566,0.439422511,-1.09475544,0.546670569,-0.919416059,0.7975683,False,shared_heat,-1.12692001,-1.4404655
REACTOME_REGULATION_OF_PD_L1_CD274_EXPRESSION,Regulation of Pd L1 CD-274 Expression,Reactome,-0.991217361,0.651833117,-0.966108534,0.679583034,-0.694400597,0.992682163,False,shared_heat,-0.966167505,-0.812865285
REACTOME_REGULATION_OF_PD_L1_CD274_POST_TRANSLATIONAL_MODIFICATION,Regulation of Pd L1 CD-274 Post Translational Modification,Reactome,1.02770521,0.61998419,0.890947898,0.760084859,-0.728567746,0.982867209,False,shared_heat,0.955923239,-0.825897609
REACTOME_REGULATION_OF_PD_L1_CD274_TRANSCRIPTION,Regulation of Pd L1 CD-274 Transcription,Reactome,-0.959374728,0.673321219,0.938283943,0.699352625,-0.650040767,0.992682163,False,shared_heat,-0.920523979,-0.824055485
REACTOME_REGULATION_OF_PLK1_ACTIVITY_AT_G2_M_TRANSITION,Regulation of Plk1 Activity At G2 M Transition,Reactome,1.00147509,0.642747599,-0.795046869,0.864142384,1.00640045,0.710902295,False,shared_heat,0.946134766,1.18621936
REACTOME_REGULATION_OF_PTEN_GENE_TRANSCRIPTION,Regulation of Pten Gene Transcription,Reactome,0.894606409,0.729875761,0.898032112,0.727898357,0.878583087,0.832143831,False,shared_heat,0.940191955,0.836648044
REACTOME_REGULATION_OF_PTEN_STABILITY_AND_ACTIVITY,Regulation of Pten Stability and Activity,Reactome,-1.45083091,0.207850822,-1.33120816,0.315690632,-0.756560996,0.956261135,False,shared_heat,-1.39145211,-0.960376728
REACTOME_REGULATION_OF_PYRUVATE_METABOLISM,Regulation of Pyruvate Metabolism,Reactome,-1.49118965,0.217214616,-1.86236336,0.0225955968,1.60990787,0.148559358,False,shared_heat,-1.74020989,-1.33208082
REACTOME_REGULATION_OF_RAS_BY_GAPS,Regulation of Ras by Gaps,Reactome,-1.01462588,0.632432836,-1.05186969,0.575937769,0.887354186,0.832737487,False,shared_heat,-1.03868498,-0.746587247
REACTOME_REGULATION_OF_RUNX2_EXPRESSION_AND_ACTIVITY,Regulation of Runx2 Expression and Activity,Reactome,-1.49236481,0.163094601,-1.35162082,0.295216819,0.682434649,0.987738283,False,shared_heat,-1.40012789,-1.05856975
REACTOME_REGULATION_OF_RUNX3_EXPRESSION_AND_ACTIVITY,Regulation of Runx3 Expression and Activity,Reactome,-1.57691081,0.129244136,-1.44804867,0.23118284,-0.899028403,0.827910058,False,shared_heat,-1.4876438,-1.11722593
REACTOME_REGULATION_OF_TP53_ACTIVITY,Regulation of Tp53 Activity,Reactome,1.42773294,0.150165107,1.53788043,0.0838487893,-1.2165146,0.377972632,False,shared_heat,1.47453698,1.54109065
REACTOME_REGULATION_OF_TP53_ACTIVITY_THROUGH_PHOSPHORYLATION,Regulation of Tp53 Activity Through Phosphorylation,Reactome,1.33224375,0.287166747,1.56452483,0.0988191248,-1.24040644,0.377972632,False,shared_heat,1.42416342,1.44414599
REACTOME_REGULATION_OF_TP53_EXPRESSION_AND_DEGRADATION,Regulation of Tp53 Expression and Degradation,Reactome,-0.758091772,0.860679115,-0.629363001,0.955178392,-1.03581366,0.666316267,False,shared_heat,-0.641657663,0.946054193
REACTOME_REGULATION_OF_T_CELL_ACTIVATION_BY_CD28_FAMILY,Regulation of T Cell Activation by CD28 Family,Reactome,-1.01655967,0.619990694,-1.02773032,0.581828256,0.94860292,0.795812422,False,shared_heat,-1.01638846,-0.968244847
REACTOME_REPRODUCTION,Reproduction,Reactome,-1.0703334,0.572031195,-0.839747596,0.813320651,-1.54835835,0.123286767,False,shared_heat,-0.884828166,-0.971727296
REACTOME_RESOLUTION_OF_ABASIC_SITES_AP_SITES,Resolution of Abasic Sites AP Sites,Reactome,0.816113984,0.825119749,1.51449852,0.188600613,-2.06214369,0.00864049559,True,cGAS_dampened,1.14872376,0.645087819
REACTOME_RESOLUTION_OF_AP_SITES_VIA_THE_MULTIPLE_NUCLEOTIDE_PATCH_REPLACEMENT_PATHWAY,Resolution of AP Sites via the Multiple Nucleotide Patch Replacement Pathway,Reactome,0.937830497,0.68559047,1.80758854,0.0420650442,-2.24077235,0.000764316949,True,KO_only,1.41562963,-0.61380313
REACTOME_RESOLUTION_OF_SISTER_CHROMATID_COHESION,Resolution of Sister Chromatid Cohesion,Reactome,0.983535208,0.655627492,1.08870597,0.527357498,-0.774006263,0.9636734,False,shared_heat,1.08051996,0.890151926
REACTOME_RESPIRATORY_ELECTRON_TRANSPORT,Respiratory Electron Transport,Reactome,-1.35063621,0.208985718,-1.09408228,0.516284056,-1.13710393,0.496155054,False,shared_heat,-1.20119466,-2.06601598
REACTOME_RESPIRATORY_SYNCYTIAL_VIRUS_INFECTION_PATHWAY,Respiratory Syncytial Virus Infection Pathway,Reactome,1.41448079,0.205217381,1.15418397,0.461621748,1.72738962,0.0397112724,True,cGAS_amplified,1.30534551,2.30709748
REACTOME_RESPONSE_OF_EIF2AK4_GCN2_TO_AMINO_ACID_DEFICIENCY,Response of Eif2ak4 Gcn2 to Amino Acid Deficiency,Reactome,1.14099514,0.502504563,1.15173638,0.478083313,0.820985565,0.899242724,False,shared_heat,1.14695292,-2.10836462
REACTOME_RESPONSE_TO_ELEVATED_PLATELET_CYTOSOLIC_CA2,Response to Elevated Platelet Cytosolic Ca2,Reactome,1.6673142,0.0383056894,1.66663368,0.0344058427,-0.839438756,0.924467847,False,shared_heat,1.63399586,-0.938481442
REACTOME_RET_SIGNALING,Ret Signaling,Reactome,1.14378621,0.521819556,1.04464408,0.581828256,1.16411512,0.538033727,False,shared_heat,1.04869103,1.27835261
REACTOME_RHOA_GTPASE_CYCLE,Rhoa Gtpase Cycle,Reactome,1.39214992,0.207850822,1.32323193,0.282654131,-0.765604905,0.97348344,False,shared_heat,1.33354502,1.2447047
REACTOME_RHOB_GTPASE_CYCLE,Rhob Gtpase Cycle,Reactome,1.28686752,0.354596283,1.33042825,0.307430302,-0.755911477,0.956618789,False,shared_heat,1.279817,1.36968681
REACTOME_RHOC_GTPASE_CYCLE,Rhoc Gtpase Cycle,Reactome,1.1837463,0.468998375,1.22496185,0.424705944,-0.739497588,0.966692479,False,shared_heat,1.18338377,1.39173549
REACTOME_RHOD_GTPASE_CYCLE,Rhod Gtpase Cycle,Reactome,0.761654201,0.856404273,0.853746287,0.770868353,-1.04712232,0.661352001,False,shared_heat,0.82657675,1.57072968
REACTOME_RHOF_GTPASE_CYCLE,Rhof Gtpase Cycle,Reactome,1.21956367,0.459219248,1.17049753,0.480509781,-0.599979072,0.992682163,False,shared_heat,1.21786777,1.54303678
REACTOME_RHOG_GTPASE_CYCLE,Rhog Gtpase Cycle,Reactome,1.4424686,0.207392205,1.51529618,0.156982196,0.83226188,0.893702901,False,shared_heat,1.4957916,1.23120321
REACTOME_RHOH_GTPASE_CYCLE,Rhoh Gtpase Cycle,Reactome,1.25681249,0.428802653,1.12650381,0.52531935,1.36549237,0.342038036,False,shared_heat,1.22105838,-1.05383188
REACTOME_RHOJ_GTPASE_CYCLE,Rhoj Gtpase Cycle,Reactome,1.25726703,0.414633067,1.29707769,0.382190286,1.16085666,0.535288208,False,shared_heat,1.16582149,1.26940006
REACTOME_RHOQ_GTPASE_CYCLE,Rhoq Gtpase Cycle,Reactome,1.70413193,0.0734214172,1.7803099,0.0420650442,0.946867767,0.771218692,False,shared_heat,1.65724318,1.28314653
REACTOME_RHOU_GTPASE_CYCLE,Rhou Gtpase Cycle,Reactome,1.16225277,0.502504563,0.906058005,0.723796874,1.43952163,0.261774254,False,shared_heat,0.956829786,1.34031515
REACTOME_RHOV_GTPASE_CYCLE,Rhov Gtpase Cycle,Reactome,1.55938557,0.163094601,1.59925183,0.15193731,1.00339066,0.712248213,False,shared_heat,1.56075059,1.31334451
REACTOME_RHO_GTPASES_ACTIVATE_FORMINS,rho Gtpases Activate Formins,Reactome,0.979225508,0.656337974,1.08461105,0.526752084,0.784939168,0.953754694,False,shared_heat,1.00271734,-0.817328088
REACTOME_RHO_GTPASES_ACTIVATE_PKNS,rho Gtpases Activate Pkns,Reactome,1.33495405,0.336989277,1.31614729,0.366897411,-1.14683794,0.543881384,False,shared_heat,1.31745146,-1.2760741
REACTOME_RHO_GTPASES_ACTIVATE_WASPS_AND_WAVES,rho Gtpases Activate Wasps and Waves,Reactome,0.732728783,0.892587341,-0.765112305,0.859837812,1.68409578,0.0901013285,False,shared_heat,-0.673190469,0.988277426
REACTOME_RHO_GTPASE_CYCLE,rho Gtpase Cycle,Reactome,1.4200163,0.0765832427,1.40190669,0.0838487893,1.02704529,0.661352001,False,shared_heat,1.42190876,1.44655469
REACTOME_RHO_GTPASE_EFFECTORS,rho Gtpase Effectors,Reactome,1.4217775,0.114199591,1.39912991,0.111220296,0.94600055,0.7975683,False,shared_heat,1.44798235,-0.893502015
REACTOME_RIBOSOME_ASSOCIATED_QUALITY_CONTROL,Ribosome Associated Quality Control,Reactome,-1.20165506,0.42363015,-1.12764839,0.492681585,-0.954693314,0.773855073,False,shared_heat,-1.15759738,-2.06445342
REACTOME_RIBOSOME_QUALITY_CONTROL_RQC_COMPLEX_EXTRACTS_AND_DEGRADES_NASCENT_PEPTIDE,Ribosome Quality Control Rqc Complex Extracts and Degrades Nascent Peptide,Reactome,-1.60639753,0.101161476,-1.48594819,0.185136507,-0.774474551,0.948588904,False,shared_heat,-1.55026693,-1.85551353
REACTOME_RIPK1_MEDIATED_REGULATED_NECROSIS,Ripk1 Mediated Regulated Necrosis,Reactome,-0.888623347,0.732808345,-0.845990697,0.77320386,1.08662742,0.631160882,False,shared_heat,-0.859984294,0.978633617
REACTOME_RNA_POLYMERASE_III_TRANSCRIPTION,RNA Polymerase III Transcription,Reactome,-0.927617478,0.69570114,-1.09975459,0.549782169,-1.22057765,0.488309518,False,shared_heat,-1.03350115,-1.73533638
REACTOME_RNA_POLYMERASE_II_TRANSCRIBES_SNRNA_GENES,RNA Polymerase II Transcribes Snrna Genes,Reactome,-0.808043722,0.843089557,0.852120987,0.787969816,-1.43595692,0.225065245,False,shared_heat,0.840901528,-1.03437565
REACTOME_RNA_POLYMERASE_II_TRANSCRIPTION,RNA Polymerase II Transcription,Reactome,1.42169942,0.0141896288,1.47025946,0.00402916256,-1.23338137,0.13498797,False,shared_heat,1.41440363,1.10472303
REACTOME_RNA_POLYMERASE_II_TRANSCRIPTION_TERMINATION,RNA Polymerase II Transcription Termination,Reactome,-0.86037856,0.775745467,-0.915639445,0.719662671,-1.51845339,0.187691483,False,shared_heat,-0.916292954,0.770604413
REACTOME_RNA_POLYMERASE_I_PROMOTER_ESCAPE,RNA Polymerase I Promoter Escape,Reactome,-0.987037267,0.652595481,-0.623013623,0.961200753,-1.75060525,0.0613673535,False,shared_heat,-0.866936065,-1.86731808
REACTOME_RNA_POLYMERASE_I_TRANSCRIPTION,RNA Polymerase I Transcription,Reactome,-0.833870866,0.813645761,0.765375152,0.875578837,-1.42724343,0.236211058,False,shared_heat,-0.830631461,-1.67878263
REACTOME_RNA_POLYMERASE_I_TRANSCRIPTION_INITIATION,RNA Polymerase I Transcription Initiation,Reactome,0.850193334,0.782730657,0.823828233,0.802196714,-1.35693189,0.342038036,False,shared_heat,-0.79210136,-1.35524961
REACTOME_RNA_POLYMERASE_I_TRANSCRIPTION_TERMINATION,RNA Polymerase I Transcription Termination,Reactome,1.0238021,0.629255691,1.15413539,0.504499962,-1.66833911,0.117305881,False,shared_heat,1.00046404,-1.49279181
REACTOME_ROS_AND_RNS_PRODUCTION_IN_PHAGOCYTES,ROS and Rns Production in Phagocytes,Reactome,-1.27511312,0.414633067,-1.26323895,0.424705944,-0.915291615,0.796334176,False,shared_heat,-1.30382767,-1.78031503
REACTOME_RRNA_MODIFICATION_IN_THE_NUCLEUS_AND_CYTOSOL,rRNA Modification in the Nucleus and Cytosol,Reactome,1.45025911,0.249174532,1.40207438,0.294260941,-0.875993836,0.833771195,False,shared_heat,1.37489162,-0.945851766
REACTOME_RRNA_PROCESSING,rRNA Processing,Reactome,1.33993926,0.26406765,1.22594382,0.388968721,1.1465074,0.505588459,False,shared_heat,1.23747022,-1.88152522
REACTOME_RSV_HOST_INTERACTIONS,Rsv Host Interactions,Reactome,1.14422724,0.499657192,0.916739882,0.723796874,1.9766727,0.0112950671,True,cGAS_amplified,0.955410046,2.58420729
REACTOME_RUNX1_REGULATES_GENES_INVOLVED_IN_MEGAKARYOCYTE_DIFFERENTIATION_AND_PLATELET_FUNCTION,Runx1 Regulates Genes Involved in Megakaryocyte Differentiation and Platelet ...,Reactome,-0.917602998,0.70820451,-1.04785724,0.583333929,0.703918817,0.966128118,False,shared_heat,-1.00388232,-1.20875941
REACTOME_RUNX1_REGULATES_TRANSCRIPTION_OF_GENES_INVOLVED_IN_DIFFERENTIATION_OF_HSCS,Runx1 Regulates Transcription of Genes Involved in Differentiation of Hscs,Reactome,-1.78893276,0.0268439053,-1.58477656,0.0988191248,-0.893139943,0.83497958,False,shared_heat,-1.69244246,-1.70642953
REACTOME_RUNX2_REGULATES_BONE_DEVELOPMENT,Runx2 Regulates Bone Development,Reactome,0.681324637,0.920989982,-0.812099213,0.802511532,-0.776571647,0.920402578,False,shared_heat,-0.685420902,1.24874592
REACTOME_SARS_COV_1_ACTIVATES_MODULATES_INNATE_IMMUNE_RESPONSES,Sars Cov 1 Activates Modulates Innate Immune ResponseS,Reactome,1.21901413,0.456785755,1.09684731,0.543732611,1.56185799,0.157870042,False,shared_heat,1.18782825,1.79909509
REACTOME_SARS_COV_1_HOST_INTERACTIONS,Sars Cov 1 Host Interactions,Reactome,1.53693061,0.120553761,1.37728199,0.23669018,1.0384126,0.661352001,False,shared_heat,1.49655592,1.44309031
REACTOME_SARS_COV_1_INFECTION,Sars Cov 1 Infection,Reactome,1.46772191,0.143285087,1.24323683,0.359278621,1.30660053,0.303938104,False,shared_heat,1.37784189,1.56769954
REACTOME_SARS_COV_2_ACTIVATES_MODULATES_INNATE_AND_ADAPTIVE_IMMUNE_RESPONSES,Sars Cov 2 Activates Modulates Innate and Adaptive Immune ResponseS,Reactome,-1.0751353,0.551572825,-1.38677573,0.218007737,2.10676248,0.000764316949,True,cGAS_dampened,-1.22309807,2.08788935
REACTOME_SARS_COV_2_HOST_INTERACTIONS,Sars Cov 2 Host Interactions,Reactome,1.21806852,0.345001605,-1.05107704,0.563667744,1.7729824,0.0125296417,True,sign_reversal,1.04716254,1.71558194
REACTOME_SARS_COV_2_INFECTION,Sars Cov 2 Infection,Reactome,1.4637695,0.0843229219,1.19380184,0.355892986,1.70643993,0.0138149014,True,cGAS_amplified,1.37930053,1.94825384
REACTOME_SARS_COV_2_MODULATES_HOST_TRANSLATION_MACHINERY,Sars Cov 2 Modulates Host Translation Machinery,Reactome,0.743763609,0.869585544,0.849940421,0.772595739,-1.09052509,0.621621569,False,shared_heat,0.643042959,-2.09986167
REACTOME_SARS_COV_INFECTIONS,Sars Cov Infections,Reactome,1.63942759,0.00544710866,1.42248653,0.0592355716,1.49799713,0.0395799124,True,WT_only,1.55869925,1.88790607
REACTOME_SCF_BETA_TRCP_MEDIATED_DEGRADATION_OF_EMI1,Scf beta Trcp Mediated Degradation of Emi1,Reactome,-1.53899948,0.149607764,-1.35833437,0.304655418,-0.679411738,0.985267056,False,shared_heat,-1.43966103,-1.08462513
REACTOME_SCF_SKP2_MEDIATED_DEGRADATION_OF_P27_P21,Scf Skp2 Mediated Degradation of P27 P21,Reactome,-1.1752106,0.471605615,-0.946501917,0.691544606,-1.16090382,0.505726803,False,shared_heat,-1.06773652,-1.34405977
REACTOME_SELECTIVE_AUTOPHAGY,Selective Autophagy,Reactome,0.967041125,0.666093391,1.13909121,0.483365698,-1.02599344,0.67432802,False,shared_heat,1.10026286,0.932254775
REACTOME_SELENOAMINO_ACID_METABOLISM,Selenoamino Acid Metabolism,Reactome,1.15488633,0.484102478,1.32102257,0.31301846,-1.30618169,0.342038036,False,shared_heat,1.24424788,-1.74523826
REACTOME_SEMA4D_IN_SEMAPHORIN_SIGNALING,Sema4d in Semaphorin Signaling,Reactome,-1.1903878,0.486452215,-1.284276,0.41195563,0.679631682,0.972653689,False,shared_heat,-1.21397811,1.15396661
REACTOME_SEMAPHORIN_INTERACTIONS,Semaphorin Interactions,Reactome,-1.09100217,0.551572825,-1.14771222,0.490104506,0.828742957,0.884898126,False,shared_heat,-1.11181701,1.33771334
REACTOME_SENESCENCE_ASSOCIATED_SECRETORY_PHENOTYPE_SASP,Senescence Associated Secretory Phenotype Sasp,Reactome,1.40122188,0.249174532,1.4320275,0.22264668,0.721916046,0.97348344,False,shared_heat,1.38054537,-0.868472438
REACTOME_SENSORY_PERCEPTION,Sensory Perception,Reactome,1.97613331,0.00334616212,1.82897425,0.0165006,0.89532751,0.834042942,False,shared_heat,1.87435169,1.12929368
REACTOME_SENSORY_PROCESSING_OF_SOUND,Sensory Processing of Sound,Reactome,1.59256637,0.149981849,1.57009631,0.185136507,0.52020542,0.992682163,False,shared_heat,1.54827431,1.56056365
REACTOME_SEPARATION_OF_SISTER_CHROMATIDS,Separation of Sister Chromatids,Reactome,0.735197508,0.960393841,0.813159221,0.888913795,0.719512291,0.991050824,False,shared_heat,0.757140421,0.739341463
REACTOME_SIGNALING_BY_ALK,Signaling by Alk,Reactome,-0.889060504,0.732958645,-0.974344214,0.659314802,1.06173795,0.656153418,False,shared_heat,-0.86302253,-1.11040563
REACTOME_SIGNALING_BY_ALK_IN_CANCER,Signaling by Alk in Cancer,Reactome,-0.957143603,0.675915104,-1.2305742,0.389943134,1.67027918,0.0447679181,True,cGAS_dampened,-1.10533392,1.51849725
REACTOME_SIGNALING_BY_BMP,Signaling by Bmp,Reactome,-1.18704381,0.484102478,-1.12836438,0.52531935,0.971459994,0.74006951,False,shared_heat,-1.1554644,0.608642009
REACTOME_SIGNALING_BY_BRAF_AND_RAF1_FUSIONS,Signaling by Braf and Raf1 Fusions,Reactome,0.99296943,0.644885392,-1.02498209,0.598884399,1.42952644,0.243939186,False,shared_heat,-0.865135378,0.901446196
REACTOME_SIGNALING_BY_CSF1_M_CSF_IN_MYELOID_CELLS,Signaling by Csf1 M Csf in Myeloid Cells,Reactome,-0.962434739,0.66754614,-1.0649223,0.575937769,1.48534395,0.227934267,False,shared_heat,-1.0471836,1.14604872
REACTOME_SIGNALING_BY_CSF3_G_CSF,Signaling by Csf3 G Csf,Reactome,-0.979999449,0.656337974,-0.969043567,0.66100916,0.993322525,0.720496906,False,shared_heat,-0.983359514,0.726537242
REACTOME_SIGNALING_BY_EGFR,Signaling by Egfr,Reactome,1.05886487,0.597598106,-0.890962398,0.741848713,2.05970798,0.00790596353,True,sign_reversal,0.796092395,0.978415998
REACTOME_SIGNALING_BY_ERBB2,Signaling by Erbb2,Reactome,1.33111247,0.334057108,1.01025406,0.613680364,1.3406913,0.342038036,False,shared_heat,1.10391853,0.973250214
REACTOME_SIGNALING_BY_ERBB4,Signaling by Erbb4,Reactome,1.16086127,0.492171874,0.892827695,0.741848713,1.69613731,0.0727838737,False,shared_heat,1.02360014,-0.657485523
REACTOME_SIGNALING_BY_ERYTHROPOIETIN,Signaling by Erythropoietin,Reactome,1.16080611,0.508307443,0.957164195,0.672583138,1.48257468,0.236211058,False,shared_heat,1.01740412,0.995595882
REACTOME_SIGNALING_BY_FGFR,Signaling by Fgfr,Reactome,-1.01867425,0.627734619,-0.955422189,0.682120687,1.04948234,0.656153418,False,shared_heat,-0.968972671,0.924729039
REACTOME_SIGNALING_BY_FGFR1,Signaling by Fgfr1,Reactome,-0.94754094,0.675915104,-1.06632529,0.572430114,1.77352464,0.0528094597,False,shared_heat,-0.996783401,1.39353012
REACTOME_SIGNALING_BY_FGFR2,Signaling by Fgfr2,Reactome,-1.23698388,0.411779203,-1.15681833,0.478002374,1.04441848,0.661352001,False,shared_heat,-1.14922295,0.872097704
REACTOME_SIGNALING_BY_FGFR2_IN_DISEASE,Signaling by Fgfr2 in Disease,Reactome,-1.12493666,0.536336046,-1.1119014,0.533597357,-0.979788094,0.729388999,False,shared_heat,-1.16973002,-1.56965978
REACTOME_SIGNALING_BY_FGFR3,Signaling by Fgfr3,Reactome,0.784166614,0.843089557,-0.843983055,0.777017645,1.75357997,0.062462747,False,shared_heat,-0.766604008,1.28237281
REACTOME_SIGNALING_BY_FGFR4,Signaling by Fgfr4,Reactome,-1.0018226,0.642747599,-1.18505779,0.475959996,1.72408174,0.0725359242,False,shared_heat,-1.13312714,1.27304066
REACTOME_SIGNALING_BY_FGFR_IN_DISEASE,Signaling by Fgfr in Disease,Reactome,-1.33135433,0.322822942,-1.425015,0.246303639,0.913339934,0.809182353,False,shared_heat,-1.39658436,-1.45426033
REACTOME_SIGNALING_BY_GPCR,Signaling by GPCR,Reactome,1.5194346,0.0268439053,1.36738436,0.0954262844,1.43342214,0.0725359242,False,shared_heat,1.41696074,1.41668027
REACTOME_SIGNALING_BY_HEDGEHOG,Signaling by Hedgehog,Reactome,-1.54878275,0.114199591,-1.54692849,0.108229245,0.864434054,0.864363553,False,shared_heat,-1.58055557,-0.841819674
REACTOME_SIGNALING_BY_INSULIN_RECEPTOR,Signaling by Insulin Receptor,Reactome,-0.684187734,0.955374423,-0.858039897,0.783980002,1.25339532,0.397925732,False,shared_heat,-0.814303051,-1.49581163
REACTOME_SIGNALING_BY_INTERLEUKINS,Signaling by Interleukins,Reactome,1.79243895,9.23298951e-05,1.59190893,0.00297518024,1.56224653,0.0104535949,True,cGAS_amplified,1.67660352,0.950998227
REACTOME_SIGNALING_BY_MET,Signaling by Met,Reactome,1.13843643,0.498600533,0.903732803,0.741848713,1.64472569,0.0725359242,False,shared_heat,0.976207276,1.70996773
REACTOME_SIGNALING_BY_MODERATE_KINASE_ACTIVITY_BRAF_MUTANTS,Signaling by Moderate Kinase Activity Braf Mutants,Reactome,1.13806664,0.518964079,0.899125058,0.728229085,1.5166551,0.191637321,False,shared_heat,0.96538095,0.970411539
REACTOME_SIGNALING_BY_NOTCH,Signaling by Notch,Reactome,0.967702373,0.674995103,-1.04648232,0.565138698,1.65821436,0.023150957,True,sign_reversal,-0.956962559,0.755589118
REACTOME_SIGNALING_BY_NOTCH1,Signaling by Notch1,Reactome,0.983419668,0.655627492,-0.997055229,0.629829053,1.718143,0.0423271602,True,sign_reversal,0.904281507,0.900243798
REACTOME_SIGNALING_BY_NOTCH1_PEST_DOMAIN_MUTANTS_IN_CANCER,Signaling by Notch1 Pest Domain Mutants in Cancer,Reactome,1.06327078,0.587593855,-0.979961713,0.657877477,1.71829635,0.0527084972,False,shared_heat,0.973241873,0.966231255
REACTOME_SIGNALING_BY_NOTCH2,Signaling by Notch2,Reactome,1.24020065,0.439422511,0.991736464,0.636328523,1.41369981,0.294535231,False,shared_heat,1.15857839,1.14907941
REACTOME_SIGNALING_BY_NOTCH3,Signaling by Notch3,Reactome,1.03156913,0.61998419,-0.895593562,0.741848713,1.60294962,0.125878984,False,shared_heat,0.944951541,1.2948047
REACTOME_SIGNALING_BY_NOTCH4,Signaling by Notch4,Reactome,-1.03087006,0.619614629,-1.16655388,0.459769187,1.24572379,0.385447223,False,shared_heat,-1.15951326,0.780227569
REACTOME_SIGNALING_BY_NTRKS,Signaling by Ntrks,Reactome,1.71119202,0.0268439053,1.53769539,0.0838487893,-0.967790263,0.757003731,False,shared_heat,1.60738269,1.22509175
REACTOME_SIGNALING_BY_NUCLEAR_RECEPTORS,Signaling by Nuclear Receptors,Reactome,1.17473666,0.385156473,1.06695981,0.52531935,1.06950434,0.60104513,False,shared_heat,1.1292005,1.05920616
REACTOME_SIGNALING_BY_PDGF,Signaling by PDGF,Reactome,1.32714452,0.322822942,1.18851067,0.449905482,0.794001053,0.928294991,False,shared_heat,1.22825792,-0.931585644
REACTOME_SIGNALING_BY_PTK6,Signaling by Ptk6,Reactome,-0.871028673,0.77117394,-0.893261584,0.741848713,1.3355766,0.342038036,False,shared_heat,-0.854984456,-0.879747336
REACTOME_SIGNALING_BY_RECEPTOR_TYROSINE_KINASES,Signaling by Receptor Tyrosine Kinases,Reactome,1.67397329,0.00105218956,1.55911462,0.00402916256,1.10479088,0.488309518,False,shared_heat,1.62113418,0.96793767
REACTOME_SIGNALING_BY_RETINOIC_ACID,Signaling by Retinoic Acid,Reactome,1.37519905,0.308845156,1.30133721,0.378435947,0.895278021,0.82371752,False,shared_heat,1.35866715,0.711033176
REACTOME_SIGNALING_BY_RHO_GTPASES_MIRO_GTPASES_AND_RHOBTB3,Signaling by rho Gtpases Miro Gtpases and Rhobtb3,Reactome,1.48232501,0.0168653778,1.51193281,0.0132959226,0.932964656,0.840248621,False,shared_heat,1.50303711,1.21558876
REACTOME_SIGNALING_BY_ROBO_RECEPTORS,Signaling by Robo Receptors,Reactome,-0.998560043,0.642747599,-1.07296842,0.536023646,0.909915627,0.832805371,False,shared_heat,-0.993732943,-1.76952259
REACTOME_SIGNALING_BY_SCF_KIT,Signaling by Scf Kit,Reactome,-0.953962805,0.673321219,-1.19104342,0.461621748,1.5435158,0.160069756,False,shared_heat,-1.06230724,-0.999014196
REACTOME_SIGNALING_BY_TGFBR3,Signaling by Tgfbr3,Reactome,1.1268051,0.526519128,-1.08095706,0.550804016,1.81102094,0.0361632583,True,sign_reversal,1.02753065,1.37493325
REACTOME_SIGNALING_BY_TGFB_FAMILY_MEMBERS,Signaling by TGF-beta Family Members,Reactome,1.34675719,0.198852925,1.17220393,0.41195563,1.3604393,0.201205215,False,shared_heat,1.26742771,1.38472635
REACTOME_SIGNALING_BY_TGF_BETA_RECEPTOR_COMPLEX,Signaling by TGF-beta Receptor Complex,Reactome,1.20510528,0.406346409,1.10347801,0.504543736,1.09125813,0.594362999,False,shared_heat,1.11977383,1.50518137
REACTOME_SIGNALING_BY_THE_B_CELL_RECEPTOR_BCR,Signaling by the B Cell Receptor BCR,Reactome,-1.27866688,0.324468143,-1.24103298,0.382190286,1.15811319,0.496155054,False,shared_heat,-1.28516586,-0.772886605
REACTOME_SIGNALING_BY_TYPE_1_INSULIN_LIKE_GROWTH_FACTOR_1_RECEPTOR_IGF1R,Signaling by Type 1 Insulin Like Growth Factor 1 Receptor IGF-1r,Reactome,1.35927318,0.324468143,1.0457655,0.581828256,1.63361917,0.128862621,False,shared_heat,1.2608958,1.1574348
REACTOME_SIGNALING_BY_VEGF,Signaling by VEGF,Reactome,1.54715747,0.0892801107,1.49756726,0.108451013,1.41704206,0.179620395,False,shared_heat,1.52567819,1.23343016
REACTOME_SIGNALING_BY_WNT,Signaling by Wnt,Reactome,-1.4121412,0.131014867,-1.57673248,0.0344058427,1.39609201,0.157174345,False,shared_heat,-1.50152564,-1.06932975
REACTOME_SIGNALLING_TO_ERKS,Signalling to Erks,Reactome,1.27839541,0.406346409,1.18674118,0.463838558,0.924482872,0.78668449,False,shared_heat,1.19124912,1.54745133
REACTOME_SIGNALLING_TO_RAS,Signalling to Ras,Reactome,1.56328114,0.166223774,1.31096494,0.394468864,1.03979547,0.666316267,False,shared_heat,1.3960993,1.36396928
REACTOME_SIGNAL_AMPLIFICATION,Signal Amplification,Reactome,-1.38392145,0.322822942,-1.48758625,0.231835899,0.912055817,0.796334176,False,shared_heat,-1.42079227,-1.04217387
REACTOME_SIGNAL_TRANSDUCTION_BY_L1,Signal Transduction by L1,Reactome,1.88084986,0.024345575,1.82654659,0.0328312371,1.09570995,0.619582702,False,shared_heat,1.81867287,1.41430652
REACTOME_SLC_MEDIATED_TRANSMEMBRANE_TRANSPORT,Slc Mediated Transmembrane Transport,Reactome,-0.99709435,0.642747599,-1.16459522,0.449905482,1.69467855,0.0395799124,True,cGAS_dampened,-1.09403186,1.26520882
REACTOME_SLC_TRANSPORTER_DISORDERS,Slc Transporter Disorders,Reactome,1.37039526,0.307762615,1.24612163,0.41195563,1.4939702,0.197866731,False,shared_heat,1.28311783,1.76184058
REACTOME_SMAD2_SMAD3_SMAD4_HETEROTRIMER_REGULATES_TRANSCRIPTION,Smad2 Smad3 Smad4 Heterotrimer Regulates Transcription,Reactome,1.46285385,0.213928292,1.37306326,0.295216819,1.28221828,0.39122247,False,shared_heat,1.3693826,1.41209899
REACTOME_SMOOTH_MUSCLE_CONTRACTION,Smooth Muscle Contraction,Reactome,1.33051901,0.336989277,1.36130806,0.307430302,-0.67096775,0.985267056,False,shared_heat,1.3593065,-1.33375925
REACTOME_SNRNP_ASSEMBLY,Snrnp Assembly,Reactome,1.58014935,0.145515396,1.46145794,0.24019248,1.07128462,0.644554783,False,shared_heat,1.53936708,-0.772158273
REACTOME_SOMITOGENESIS,Somitogenesis,Reactome,-1.24031032,0.420039635,-1.14568007,0.49584198,-0.836725834,0.884898126,False,shared_heat,-1.16127529,-1.04299657
REACTOME_SPHINGOLIPID_METABOLISM,Sphingolipid Metabolism,Reactome,1.17457079,0.492171874,1.02311723,0.598951248,1.30567,0.381788249,False,shared_heat,1.11262152,1.00889832
REACTOME_SPOP_MEDIATED_PROTEASOMAL_DEGRADATION_OF_PD_L1_CD274,Spop Mediated Proteasomal Degradation of Pd L1 CD-274,Reactome,-0.973874486,0.657075016,-1.04067967,0.582380817,0.693378963,0.980403625,False,shared_heat,-1.00613303,-1.02195432
REACTOME_SRP_DEPENDENT_COTRANSLATIONAL_PROTEIN_TARGETING_TO_MEMBRANE,Srp Dependent Cotranslational Protein Targeting to Membrane,Reactome,1.03511335,0.619249592,0.999040984,0.627933078,0.891669155,0.832143831,False,shared_heat,1.01435699,-2.31237795
REACTOME_STABILIZATION_OF_P53,Stabilization of p53,Reactome,-1.54621333,0.144899454,-1.39157565,0.287468521,-0.890016926,0.832143831,False,shared_heat,-1.46092648,-1.28576601
REACTOME_STIMULI_SENSING_CHANNELS,Stimuli Sensing Channels,Reactome,1.11514449,0.544171651,1.24198195,0.44044623,0.665205968,0.977620848,False,shared_heat,1.05174822,1.08284867
REACTOME_STRIATED_MUSCLE_CONTRACTION,Striated Muscle Contraction,Reactome,0.838179168,0.790968915,0.922319733,0.707832805,0.539426213,0.992682163,False,shared_heat,0.791122327,-1.2777044
REACTOME_SUMOYLATION,Sumoylation,Reactome,1.45533138,0.135843801,1.27258179,0.298629382,1.072634,0.613752439,False,shared_heat,1.31361074,1.46605735
REACTOME_SUMOYLATION_OF_CHROMATIN_ORGANIZATION_PROTEINS,Sumoylation of Chromatin Organization Proteins,Reactome,1.00657192,0.642747599,0.885703349,0.741848713,1.32035319,0.371060091,False,shared_heat,0.973178507,1.01896778
REACTOME_SUMOYLATION_OF_DNA_DAMAGE_RESPONSE_AND_REPAIR_PROTEINS,Sumoylation of DNA Damage Response and Repair Proteins,Reactome,0.8631516,0.775745467,0.855688277,0.777017645,-0.987129731,0.721794839,False,shared_heat,0.756518521,1.66104574
REACTOME_SUMOYLATION_OF_DNA_REPLICATION_PROTEINS,Sumoylation of DNA Replication Proteins,Reactome,1.39160778,0.307762615,1.53247887,0.189594545,0.739363908,0.943383266,False,shared_heat,1.41903249,-0.636753472
REACTOME_SUMOYLATION_OF_INTRACELLULAR_RECEPTORS,Sumoylation of Intracellular Receptors,Reactome,1.19910847,0.47436666,1.19846286,0.461621748,-1.12383267,0.593849659,False,shared_heat,1.18662284,1.10732185
REACTOME_SUMOYLATION_OF_UBIQUITINYLATION_PROTEINS,Sumoylation of Ubiquitinylation Proteins,Reactome,1.12451914,0.54084963,1.00678151,0.623513268,1.35827471,0.349293978,False,shared_heat,1.02651584,1.64593009
REACTOME_SWITCHING_OF_ORIGINS_TO_A_POST_REPLICATIVE_STATE,Switching of Origins to A Post Replicative State,Reactome,-0.814350308,0.845525268,-0.688912259,0.957714928,-0.996152165,0.712493491,False,shared_heat,-0.771005777,-0.670439563
REACTOME_SYNDECAN_INTERACTIONS,Syndecan Interactions,Reactome,1.72650222,0.0701156454,1.82179594,0.0344058427,-1.14146948,0.551800898,False,shared_heat,1.73739287,1.44893055
REACTOME_SYNTHESIS_OF_DNA,Synthesis of DNA,Reactome,0.817641975,0.873773759,1.28014128,0.2961819,-1.59982924,0.0517018178,False,shared_heat,1.04107341,0.772795883
REACTOME_SYNTHESIS_OF_PIPS_AT_THE_PLASMA_MEMBRANE,Synthesis of Pips At the Plasma Membrane,Reactome,-0.887342259,0.732958645,-1.05356876,0.581828256,1.20847497,0.496155054,False,shared_heat,-0.974604742,1.16007788
REACTOME_SYNTHESIS_OF_SUBSTRATES_IN_N_GLYCAN_BIOSYTHESIS,Synthesis of Substrates in N Glycan Biosythesis,Reactome,1.19753071,0.470559621,0.988185292,0.639195533,0.935788646,0.779717158,False,shared_heat,1.14563738,0.420035406
REACTOME_S_PHASE,S Phase,Reactome,0.980874846,0.657075016,1.35089907,0.189594545,-1.61877447,0.0288461232,True,cGAS_dampened,1.14185182,0.877681983
REACTOME_TAK1_DEPENDENT_IKK_AND_NF_KAPPA_B_ACTIVATION,Tak1 Dependent Ikk and NF-kappaB Activation,Reactome,-1.00083349,0.642747599,-1.29349335,0.382190286,1.80594671,0.0397112724,True,cGAS_dampened,-1.13748274,1.31751841
REACTOME_TCF_DEPENDENT_SIGNALING_IN_RESPONSE_TO_WNT,Tcf Dependent Signaling in Response to Wnt,Reactome,-1.02117354,0.619990694,-1.19394479,0.415750448,1.02605099,0.666316267,False,shared_heat,-1.155119,-0.924138959
REACTOME_TCR_SIGNALING,TCR Signaling,Reactome,-1.31195802,0.286187303,-1.3415191,0.25634755,1.25581389,0.356129888,False,shared_heat,-1.33930943,-1.56361797
REACTOME_TELOMERE_C_STRAND_LAGGING_STRAND_SYNTHESIS,Telomere C Strand Lagging Strand Synthesis,Reactome,0.799480972,0.839177536,1.57465916,0.156982196,-1.93301288,0.0171084743,True,cGAS_dampened,1.1487154,0.478165369
REACTOME_TELOMERE_MAINTENANCE,Telomere Maintenance,Reactome,0.657956252,0.97342636,1.04563847,0.575937769,-1.85340386,0.0197988345,True,cGAS_dampened,0.895817978,-1.09125431
REACTOME_TERMINATION_OF_TRANSLESION_DNA_SYNTHESIS,Termination of Translesion DNA Synthesis,Reactome,0.826299785,0.813645761,1.09585849,0.539896588,1.24259754,0.456487369,False,shared_heat,0.95555352,1.83044321
REACTOME_TGF_BETA_RECEPTOR_SIGNALING_ACTIVATES_SMADS,TGF-beta Receptor Signaling Activates Smads,Reactome,1.02632389,0.619990694,0.946179908,0.689937109,0.985328482,0.721794839,False,shared_heat,0.974768345,1.55011431
REACTOME_THE_ROLE_OF_GTSE1_IN_G2_M_PROGRESSION_AFTER_G2_CHECKPOINT,the Role of Gtse1 in G2 M Progression After G2 Checkpoint,Reactome,-1.11780146,0.530349071,-1.01819316,0.605867059,-0.918082766,0.810706411,False,shared_heat,-1.08297426,-1.83858448
REACTOME_THE_ROLE_OF_NEF_IN_HIV_1_REPLICATION_AND_DISEASE_PATHOGENESIS,the Role of Nef in Hiv 1 Replication and Disease Pathogenesis,Reactome,-1.00267962,0.642747599,-1.40501329,0.295216819,1.66137472,0.113988584,False,shared_heat,-1.09784943,0.927208356
REACTOME_TNFR1_INDUCED_NF_KAPPA_B_SIGNALING_PATHWAY,TNFR1 Induced NF-kappaB Signaling Pathway,Reactome,-1.25445723,0.428802653,-1.3786055,0.304655418,1.47419196,0.229122672,False,shared_heat,-1.33097419,1.05119624
REACTOME_TNFR2_NON_CANONICAL_NF_KB_PATHWAY,TNFR2 Non Canonical NF Kb Pathway,Reactome,1.4979272,0.139163339,1.38599225,0.23118284,1.02435599,0.675037697,False,shared_heat,1.40700337,0.921045588
REACTOME_TNF_SIGNALING,TNF Signaling,Reactome,-0.850928531,0.793689968,-0.989315737,0.641642255,1.48748678,0.197094316,False,shared_heat,-0.920051497,0.842033204
REACTOME_TOLL_LIKE_RECEPTOR_9_TLR9_CASCADE,Toll Like Receptor 9 TLR-9 Cascade,Reactome,1.27726441,0.322822942,-1.08530676,0.527357498,1.86870768,0.00972140758,True,sign_reversal,1.20507492,1.89118887
REACTOME_TOLL_LIKE_RECEPTOR_CASCADES,Toll Like Receptor Cascades,Reactome,1.31343792,0.234917892,1.14119373,0.448486418,1.56356059,0.0627721706,False,shared_heat,1.23263712,1.60261717
REACTOME_TOLL_LIKE_RECEPTOR_TLR1_TLR2_CASCADE,Toll Like Receptor TLR-1 TLR-2 Cascade,Reactome,1.28769074,0.307762615,1.08043718,0.526745155,1.69583801,0.0361632583,True,cGAS_amplified,1.19045545,1.3079752
REACTOME_TP53_REGULATES_METABOLIC_GENES,Tp53 Regulates Metabolic Genes,Reactome,0.987984582,0.652595481,1.06855632,0.548679133,-1.25713155,0.355982349,False,shared_heat,1.0968682,-1.11936864
REACTOME_TP53_REGULATES_TRANSCRIPTION_OF_CELL_CYCLE_GENES,Tp53 Regulates Transcription of Cell Cycle Genes,Reactome,1.14611487,0.502504563,1.06069209,0.568787877,-1.37620962,0.294259553,False,shared_heat,1.07790786,-1.26176773
REACTOME_TP53_REGULATES_TRANSCRIPTION_OF_CELL_DEATH_GENES,Tp53 Regulates Transcription of Cell Death Genes,Reactome,-0.840004124,0.791432345,-0.67651256,0.931880288,-1.24205437,0.456487369,False,shared_heat,-0.80287484,-1.56797738
REACTOME_TP53_REGULATES_TRANSCRIPTION_OF_DNA_REPAIR_GENES,Tp53 Regulates Transcription of DNA Repair Genes,Reactome,-1.20402946,0.428802653,-0.976831845,0.659314802,-1.63574313,0.0725359242,False,shared_heat,-1.1600984,-1.20800122
REACTOME_TRAF6_MEDIATED_NF_KB_ACTIVATION,Traf6 Mediated NF Kb Activation,Reactome,1.01767339,0.634215421,0.830660108,0.783980002,1.54567878,0.191637321,False,shared_heat,0.880814113,1.75039041
REACTOME_TRANSCRIPTIONAL_ACTIVATION_OF_MITOCHONDRIAL_BIOGENESIS,Transcriptional Activation of Mitochondrial Biogenesis,Reactome,1.03561834,0.61998419,0.86966571,0.756325728,1.31506396,0.373847484,False,shared_heat,0.952309201,1.64968576
REACTOME_TRANSCRIPTIONAL_ACTIVITY_OF_SMAD2_SMAD3_SMAD4_HETEROTRIMER,Transcriptional Activity of Smad2 Smad3 Smad4 Heterotrimer,Reactome,1.24427009,0.399683007,1.04465153,0.575937769,1.30454803,0.348004768,False,shared_heat,1.08344297,1.27493138
REACTOME_TRANSCRIPTIONAL_AND_POST_TRANSLATIONAL_REGULATION_OF_MITF_M_EXPRESSION_AND_ACTIVITY,Transcriptional and Post Translational Regulation of Mitf M Expression and Ac...,Reactome,1.3206857,0.322822942,1.41914207,0.23669018,-1.18156202,0.490904816,False,shared_heat,1.3429304,1.13378753
REACTOME_TRANSCRIPTIONAL_REGULATION_BY_E2F6,Transcriptional Regulation by E2f6,Reactome,1.12284768,0.54084963,1.40595676,0.298322299,-1.61316605,0.146467482,False,shared_heat,1.26514627,1.48052084
REACTOME_TRANSCRIPTIONAL_REGULATION_BY_MECP2,Transcriptional Regulation by Mecp2,Reactome,0.806735489,0.842255439,-0.844871273,0.787969816,1.5702159,0.139972417,False,shared_heat,-0.731220604,1.26644831
REACTOME_TRANSCRIPTIONAL_REGULATION_BY_NPAS4,Transcriptional Regulation by Npas4,Reactome,1.25101856,0.428802653,1.23175131,0.448486418,0.678310972,0.97348344,False,shared_heat,1.22680201,1.77892542
REACTOME_TRANSCRIPTIONAL_REGULATION_BY_RUNX1,Transcriptional Regulation by Runx1,Reactome,-0.936837479,0.719257223,-1.00226825,0.626378332,0.887580008,0.858113981,False,shared_heat,-0.981640056,0.863758802
REACTOME_TRANSCRIPTIONAL_REGULATION_BY_RUNX2,Transcriptional Regulation by Runx2,Reactome,0.930399942,0.719257223,0.911357235,0.74412521,-0.986963611,0.723144264,False,shared_heat,0.920866937,-0.992275372
REACTOME_TRANSCRIPTIONAL_REGULATION_BY_RUNX3,Transcriptional Regulation by Runx3,Reactome,0.89780275,0.765428693,0.899664418,0.756201995,0.713276544,0.990935254,False,shared_heat,-0.878863484,-0.70232574
REACTOME_TRANSCRIPTIONAL_REGULATION_BY_SMALL_RNAS,Transcriptional Regulation by Small Rnas,Reactome,-0.625848737,0.956662181,-0.689999123,0.919856217,-1.15563113,0.541403132,False,shared_heat,-0.649774256,-1.4164456
REACTOME_TRANSCRIPTIONAL_REGULATION_BY_THE_AP_2_TFAP2_FAMILY_OF_TRANSCRIPTION_FACTORS,Transcriptional Regulation by the AP 2 Tfap2 Family of Transcription Factors,Reactome,1.29438686,0.394957556,1.41967075,0.293009318,-0.9574896,0.755983389,False,shared_heat,1.35176363,1.12837231
REACTOME_TRANSCRIPTIONAL_REGULATION_BY_TP53,Transcriptional Regulation by Tp53,Reactome,1.12514477,0.428802653,1.28904646,0.180311599,-1.65429336,0.00460868673,True,cGAS_dampened,1.25492056,-1.06855326
REACTOME_TRANSCRIPTIONAL_REGULATION_BY_VENTX,Transcriptional Regulation by Ventx,Reactome,0.932860289,0.688828043,-1.04245931,0.590663006,1.24450925,0.462654868,False,shared_heat,-0.922341274,0.836265296
REACTOME_TRANSCRIPTIONAL_REGULATION_OF_GRANULOPOIESIS,Transcriptional Regulation of Granulopoiesis,Reactome,1.05028316,0.607468289,1.1206492,0.516284056,-0.596051326,0.992682163,False,shared_heat,1.07080892,1.03741539
REACTOME_TRANSCRIPTIONAL_REGULATION_OF_WHITE_ADIPOCYTE_DIFFERENTIATION,Transcriptional Regulation of White Adipocyte Differentiation,Reactome,1.6647106,0.091932534,1.41201616,0.265375763,1.58761579,0.13498797,False,shared_heat,1.57588197,1.54481108
REACTOME_TRANSCRIPTION_COUPLED_NUCLEOTIDE_EXCISION_REPAIR_TC_NER,Transcription Coupled Nucleotide Excision Repair Tc Ner,Reactome,0.715368385,0.950379523,1.00879611,0.613680364,-1.71045526,0.0405221519,True,cGAS_dampened,0.824867255,-0.815724152
REACTOME_TRANSCRIPTION_OF_THE_HIV_GENOME,Transcription of the Hiv Genome,Reactome,-1.01433135,0.632432836,-0.854549231,0.79035889,-1.73461916,0.0405221519,True,cGAS_amplified,-0.979501763,-1.29769717
REACTOME_TRANSFERRIN_ENDOCYTOSIS_AND_RECYCLING,Transferrin Endocytosis and Recycling,Reactome,-1.04725719,0.618422187,-1.09497299,0.553186373,-0.91920055,0.793823245,False,shared_heat,-1.11076427,-1.94124825
REACTOME_TRANSLATION,Translation,Reactome,1.08024829,0.529013354,1.15647944,0.41195563,-0.972213461,0.757003731,False,shared_heat,1.12745728,-1.6636789
REACTOME_TRANSLATION_OF_SARS_COV_2_STRUCTURAL_PROTEINS,Translation of Sars Cov 2 Structural Proteins,Reactome,-0.957058983,0.67230957,-1.11753952,0.533597357,1.49700525,0.227934267,False,shared_heat,-1.03165932,1.36311607
REACTOME_TRANSLESION_SYNTHESIS_BY_Y_FAMILY_DNA_POLYMERASES_BYPASSES_LESIONS_ON_DNA_TEMPLATE,Translesion Synthesis by Y Family DNA Polymerases Bypasses Lesions On DNA Tem...,Reactome,0.726119725,0.902707765,0.969841798,0.659314802,1.20935835,0.488309518,False,shared_heat,0.833871175,1.87220823
REACTOME_TRANSLOCATION_OF_SLC2A4_GLUT4_TO_THE_PLASMA_MEMBRANE,Translocation of Slc2a4 Glut4 to the Plasma Membrane,Reactome,1.62474077,0.103897417,1.79004664,0.0303155921,-0.987948234,0.721794839,False,shared_heat,1.76846307,0.670368667
REACTOME_TRANSMISSION_ACROSS_CHEMICAL_SYNAPSES,Transmission Across Chemical Synapses,Reactome,1.04620089,0.589613544,0.85758033,0.823266341,1.01054983,0.698359267,False,shared_heat,0.912040265,1.18897967
REACTOME_TRANSPORT_OF_MATURE_MRNAS_DERIVED_FROM_INTRONLESS_TRANSCRIPTS,Transport of Mature Mrnas Derived from Intronless Transcripts,Reactome,1.44502988,0.265492082,1.42895212,0.284527897,0.84232889,0.858113981,False,shared_heat,1.38830583,1.16766407
REACTOME_TRANSPORT_OF_MATURE_TRANSCRIPT_TO_CYTOPLASM,Transport of Mature Transcript to Cytoplasm,Reactome,1.31587464,0.336989277,1.4168595,0.258180789,-0.808096514,0.914954914,False,shared_heat,1.33457817,1.26012343
REACTOME_TRANSPORT_OF_SMALL_MOLECULES,Transport of Small Molecules,Reactome,-1.24952466,0.214741462,-1.37969115,0.0926521225,1.18660221,0.342038036,False,shared_heat,-1.29416657,1.11240029
REACTOME_TRANSPORT_OF_THE_SLBP_DEPENDANT_MATURE_MRNA,Transport of the Slbp Dependant Mature mRNA,Reactome,1.44744221,0.270070324,1.43794664,0.284527897,0.8758766,0.832143831,False,shared_heat,1.39776838,1.05104516
REACTOME_TRANSPORT_TO_THE_GOLGI_AND_SUBSEQUENT_MODIFICATION,Transport to the Golgi and Subsequent Modification,Reactome,0.933934838,0.713177002,0.859689597,0.81780759,1.14445123,0.5040134,False,shared_heat,0.88173762,0.884342413
REACTOME_TRANS_GOLGI_NETWORK_VESICLE_BUDDING,Trans Golgi Network Vesicle Budding,Reactome,-0.917646234,0.717327954,-1.05561153,0.575937769,1.16795557,0.512060912,False,shared_heat,-0.993294457,0.671009451
REACTOME_TRNA_PROCESSING,tRNA Processing,Reactome,1.66103742,0.105971901,1.60653584,0.13319897,0.933830931,0.779717158,False,shared_heat,1.63277273,1.07569486
REACTOME_TRNA_PROCESSING_IN_THE_NUCLEUS,tRNA Processing in the Nucleus,Reactome,1.73924097,0.0734214172,1.80055749,0.0446073438,1.05996682,0.656439867,False,shared_heat,1.72403054,1.58859115
REACTOME_TURBULENT_OSCILLATORY_DISTURBED_FLOW_SHEAR_STRESS_ACTIVATES_SIGNALING_BY_PIEZO1_AND_INTEGRINS_IN_ENDOTHELIAL_CELLS,Turbulent Oscillatory Disturbed Flow Shear Stress Activates Signaling by Piez...,Reactome,1.48640277,0.208985718,1.47936062,0.228739361,1.04560597,0.664043415,False,shared_heat,1.47016069,1.50066101
REACTOME_UBIQUITIN_DEPENDENT_DEGRADATION_OF_CYCLIN_D,Ubiquitin Dependent Degradation of Cyclin D,Reactome,-1.55303779,0.144899454,-1.38348381,0.294260941,-0.775916811,0.93828072,False,shared_heat,-1.44966118,-1.19414846
REACTOME_UBIQUITIN_MEDIATED_DEGRADATION_OF_PHOSPHORYLATED_CDC25A,Ubiquitin Mediated Degradation of Phosphorylated Cdc25a,Reactome,0.800145878,0.84995323,-0.790165454,0.8561959,0.73608231,0.966514663,False,shared_heat,-0.775778174,-0.687762518
REACTOME_UB_SPECIFIC_PROCESSING_PROTEASES,Ub Specific Processing Proteases,Reactome,-1.04169804,0.600280546,-1.10247174,0.504499962,1.283115,0.313027241,False,shared_heat,-1.04596929,0.939268347
REACTOME_UCH_PROTEINASES,Uch Proteinases,Reactome,-1.32728219,0.322822942,-1.27432241,0.388968721,-0.770726723,0.943383266,False,shared_heat,-1.3153495,-0.940739459
REACTOME_UNFOLDED_PROTEIN_RESPONSE_UPR,Unfolded Protein Response Upr,Reactome,1.52321028,0.114199591,1.3632828,0.231600613,1.48909577,0.139972417,False,shared_heat,1.39587729,1.06348145
REACTOME_VEGFR2_MEDIATED_VASCULAR_PERMEABILITY,Vegfr2 Mediated Vascular Permeability,Reactome,0.903105689,0.723029046,0.998711601,0.627933078,1.07484473,0.638979496,False,shared_heat,0.977987748,0.988301805
REACTOME_VESICLE_MEDIATED_TRANSPORT,Vesicle Mediated Transport,Reactome,1.63378291,0.00225283784,1.57248979,0.00896085605,1.17193211,0.356129888,False,shared_heat,1.64078665,0.951978788
REACTOME_VIF_MEDIATED_DEGRADATION_OF_APOBEC3G,Vif Mediated Degradation of Apobec3g,Reactome,-1.46016103,0.214741462,-1.26558599,0.41195563,-0.93316172,0.782542712,False,shared_heat,-1.35370815,-1.2733975
REACTOME_VIRAL_INFECTION_PATHWAYS,Viral Infection Pathways,Reactome,1.35271796,0.039695435,1.20757252,0.185136507,1.26146015,0.147927834,False,shared_heat,1.25235189,1.45880882
REACTOME_VIRAL_MESSENGER_RNA_SYNTHESIS,Viral Messenger RNA Synthesis,Reactome,1.58392241,0.144899454,1.23774715,0.43669052,0.901727907,0.810706411,False,shared_heat,1.45402442,0.652217977
REACTOME_VISUAL_PHOTOTRANSDUCTION,Visual Phototransduction,Reactome,1.91912373,0.0153895435,1.82427982,0.0263700224,0.986233416,0.721794839,False,shared_heat,1.81584852,1.11883854
RFX7_TARGET_GENES,Rfx7 Target Genes,TF_Targets,1.18341122,0.260822922,1.0912796,0.383790165,-0.975601479,0.885657469,False,shared_heat,1.1841403,-0.965608688
RLF_TARGET_GENES,Rlf Target Genes,TF_Targets,-0.855183791,0.787724092,-1.05996895,0.456536046,1.70776282,0.106115418,False,shared_heat,-0.939874084,1.75870191
RORA_TARGET_GENES,Rora Target Genes,TF_Targets,1.00316307,0.534370206,1.05188254,0.470331712,-1.25079442,0.552202014,False,shared_heat,1.05941738,-1.19480786
RUVBL1_TARGET_GENES,Ruvbl1 Target Genes,TF_Targets,0.808922952,0.810826741,-0.599906394,0.980769583,1.28533653,0.550777494,False,shared_heat,0.695158118,-1.27260975
RYBP_TARGET_GENES,Rybp Target Genes,TF_Targets,1.74005784,9.77602298e-06,1.61159385,0.000570123533,0.841402688,0.999658814,False,shared_heat,1.68064377,1.47848408
SAFB2_TARGET_GENES,Safb2 Target Genes,TF_Targets,-1.15351328,0.279513424,-1.05599047,0.435701366,0.868943777,0.999658814,False,shared_heat,-1.11859911,-1.09954665
SALL4_TARGET_GENES,Sall4 Target Genes,TF_Targets,1.03852298,0.414838228,-1.14014813,0.255162649,1.10765326,0.583722661,False,shared_heat,-1.06041209,-0.994694135
SETBP1_TARGET_GENES,Setbp1 Target Genes,TF_Targets,-0.818698409,0.796217586,0.826409763,0.798936622,-1.18166994,0.631420856,False,shared_heat,0.81233266,0.7584667
SETD1A_TARGET_GENES,Setd1a Target Genes,TF_Targets,1.02726916,0.448477785,-0.955789223,0.658669793,1.14681434,0.539158834,False,shared_heat,1.00208618,-1.06038632
SETD7_TARGET_GENES,Setd7 Target Genes,TF_Targets,1.1053532,0.301731132,1.13948124,0.270826934,0.725515411,0.999658814,False,shared_heat,1.13526919,-1.31161742
SFMBT1_TARGET_GENES,Sfmbt1 Target Genes,TF_Targets,1.43852319,0.00657836774,1.39805384,0.0147813058,-0.857783738,0.999658814,False,shared_heat,1.42775517,0.916683173
SIPA1_TARGET_GENES,Sipa1 Target Genes,TF_Targets,-0.641157375,0.952463869,-0.809387493,0.800905831,0.892827743,0.952831122,False,shared_heat,-0.73698636,0.721778105
SIX1_TARGET_GENES,Six1 Target Genes,TF_Targets,-1.10515402,0.363317791,-1.18558578,0.305728814,0.960029142,0.896669213,False,shared_heat,-1.13177132,0.815660177
SIX4_TARGET_GENES,Six4 Target Genes,TF_Targets,-0.782548727,0.796217586,-0.652775494,0.916535987,-0.643286111,0.999658814,False,shared_heat,-0.72096754,0.923099721
SKIL_TARGET_GENES,Skil Target Genes,TF_Targets,1.18164144,0.165535774,-1.09398641,0.336067135,1.26691297,0.272354625,False,shared_heat,1.16935265,-0.972424669
SMARCA1_TARGET_GENES,Smarca1 Target Genes,TF_Targets,1.17713763,0.330050109,1.20590484,0.330590276,-1.19778293,0.602216974,False,shared_heat,1.18605949,0.645127066
SMN1_SMN2_TARGET_GENES,Smn1 Smn2 Target Genes,TF_Targets,1.05523746,0.415515402,1.18149058,0.249264183,-0.921884539,0.97975828,False,shared_heat,1.10234726,0.889943752
SNAI1_TARGET_GENES,Snai1 Target Genes,TF_Targets,1.522815,0.0445799614,1.58367412,0.0370136698,0.695345097,0.999658814,False,shared_heat,1.52329875,-0.994100444
SNAPC4_TARGET_GENES,Snapc4 Target Genes,TF_Targets,0.948970201,0.597515199,1.05224018,0.484310227,0.638593286,0.999658814,False,shared_heat,0.99771571,0.92114112
SNIP1_TARGET_GENES,Snip1 Target Genes,TF_Targets,-1.14554809,0.279513424,-1.1836499,0.259529991,0.81685857,0.999658814,False,shared_heat,-1.14726692,-0.928706635
SNRNP70_TARGET_GENES,Snrnp70 Target Genes,TF_Targets,-1.08660995,0.346106318,-1.03096041,0.47456603,-0.989642271,0.87487122,False,shared_heat,-1.07952281,-1.09376007
SOX10_TARGET_GENES,Sox10 Target Genes,TF_Targets,1.22212467,0.268529992,1.18983093,0.30844289,-0.73714069,0.999658814,False,shared_heat,1.1890222,0.807675684
SOX3_TARGET_GENES,Sox3 Target Genes,TF_Targets,1.28806701,0.166843259,1.32194315,0.150132388,-0.792417919,0.999658814,False,shared_heat,1.30952888,1.09300084
SRPK1_TARGET_GENES,Srpk1 Target Genes,TF_Targets,-0.905199343,0.710085931,0.974612491,0.581033531,-0.897669326,0.97975828,False,shared_heat,0.921465674,1.06530005
SRPK2_TARGET_GENES,Srpk2 Target Genes,TF_Targets,1.25574642,0.297423934,1.38967235,0.239090661,-1.41215649,0.465743249,False,shared_heat,1.35668198,1.03189479
SRSF9_TARGET_GENES,Srsf9 Target Genes,TF_Targets,-1.19778968,0.230305927,-1.10390359,0.370485608,1.00895086,0.842282796,False,shared_heat,-1.16855663,1.10685134
SS18_SSX1_FUSION_UNIPROT_Q8IZH1_UNREVIEWED_TARGET_GENES,Ss18 Ssx1 Fusion Uniprot Q8izh1 Unreviewed Target Genes,TF_Targets,1.27540208,0.202254786,1.41054294,0.120897692,-1.20694831,0.552202014,False,shared_heat,1.33054839,-0.779841051
SUMO1_TARGET_GENES,SUMO-1 Target Genes,TF_Targets,1.37526623,0.0504951253,1.23905666,0.180216525,1.02388997,0.819941564,False,shared_heat,1.32694109,0.874511574
SUPT16H_TARGET_GENES,Supt16h Target Genes,TF_Targets,1.16232285,0.192744543,-1.21563279,0.155938113,1.2473133,0.309935642,False,shared_heat,-1.16108133,1.10381951
SUPT20H_TARGET_GENES,Supt20h Target Genes,TF_Targets,-1.16094096,0.229715023,-1.17769245,0.239090661,1.14601613,0.552202014,False,shared_heat,-1.14946958,-1.16026692
TAF9B_TARGET_GENES,Taf9b Target Genes,TF_Targets,-1.01957772,0.496957416,-1.08606403,0.397417201,-0.790222678,0.999658814,False,shared_heat,-1.05879877,-1.09852215
TAFAZZIN_TARGET_GENES,Tafazzin Target Genes,TF_Targets,1.90158376,0.00057497147,1.83775974,0.00251424437,1.13462317,0.631420856,False,shared_heat,1.83212814,-0.988998139
TASOR_TARGET_GENES,Tasor Target Genes,TF_Targets,1.02230864,0.499302375,1.00940707,0.525106387,-0.772384755,0.999658814,False,shared_heat,1.06914008,0.599524709
TBPL1_TARGET_GENES,Tbpl1 Target Genes,TF_Targets,1.28911397,0.23162892,1.29526142,0.245108662,0.914972132,0.939204022,False,shared_heat,1.3116945,1.13429785
TBX1_TARGET_GENES,Tbx1 Target Genes,TF_Targets,1.35792296,0.187343477,1.22318375,0.293583247,1.52345128,0.272354625,False,shared_heat,1.21321716,0.772574642
TBX3_TARGET_GENES,Tbx3 Target Genes,TF_Targets,1.00427933,0.528402293,1.07133084,0.395752664,0.838503725,0.999658814,False,shared_heat,1.01764171,0.828929066
TEAD2_TARGET_GENES,Tead2 Target Genes,TF_Targets,1.15790626,0.202254786,1.1300291,0.249264183,0.915872211,0.999658814,False,shared_heat,1.14800425,-0.998337449
TERF1_TARGET_GENES,Terf1 Target Genes,TF_Targets,1.23060951,0.257956648,1.18787268,0.307486142,-0.56373161,0.999658814,False,shared_heat,1.22150627,-0.745893856
TERF2_TARGET_GENES,Terf2 Target Genes,TF_Targets,-1.6841295,0.0504951253,-1.47810444,0.175333189,-0.964541968,0.885657469,False,shared_heat,-1.5922868,1.20867513
TERT_TARGET_GENES,Tert Target Genes,TF_Targets,-0.836228866,0.743815567,-0.758020058,0.83185297,0.899332294,0.939204022,False,shared_heat,-0.702075156,-1.05186964
TET1_TARGET_GENES,Tet1 Target Genes,TF_Targets,-1.0916197,0.330050109,1.07508386,0.370485608,0.952743273,0.939204022,False,shared_heat,1.08361042,0.895291699
TFCP2_TARGET_GENES,Tfcp2 Target Genes,TF_Targets,1.51920098,0.141679304,1.39007629,0.235681693,1.57043165,0.309935642,False,shared_heat,1.47013379,-0.709280639
TFEB_TARGET_GENES,Tfeb Target Genes,TF_Targets,1.18156724,0.188804625,-1.12604117,0.2947828,1.25166293,0.329010223,False,shared_heat,-1.10821086,1.1401851
THRA_TARGET_GENES,Thra Target Genes,TF_Targets,0.980709773,0.567487124,-0.919542407,0.633204575,0.941765074,0.896669213,False,shared_heat,-0.944618018,-1.37546896
TOP2B_TARGET_GENES,Top2b Target Genes,TF_Targets,1.24577662,0.192744543,1.1285447,0.330590276,1.26251299,0.422372394,False,shared_heat,1.16618554,-0.922730334
TOX4_TARGET_GENES,Tox4 Target Genes,TF_Targets,1.10857649,0.388916533,0.968554631,0.581033531,0.980914749,0.87487122,False,shared_heat,1.10803385,-1.04288887
TRANSPORTDB_ABC,Transportdb Abc,TransportDB,-2.30019073,4.04582226e-07,-2.41131031,6.08172976e-09,1.60942053,0.133179397,False,shared_heat,-2.39020275,1.4773646
TRANSPORTDB_DMT,Transportdb Dmt,TransportDB,-0.869270175,0.659317747,-0.996682443,0.479419281,1.19238125,0.37814731,False,shared_heat,-0.957850665,1.09381597
TRANSPORTDB_F-ATPase,Transportdb F-Atpase,TransportDB,-1.06355755,0.420023666,-1.02927986,0.479419281,-0.874317636,0.859431922,False,shared_heat,-1.12732804,-1.67043438
TRANSPORTDB_MC,Transportdb Mc,TransportDB,-1.24642416,0.342884778,-1.38320616,0.238812463,1.28981353,0.305340896,False,shared_heat,-1.29027636,-1.50257528
TRANSPORTDB_MFS,Transportdb Mfs,TransportDB,-1.12383662,0.342884778,-1.28995483,0.263410442,1.44362191,0.145070551,False,shared_heat,-1.20933379,0.950342028
TRANSPORTDB_MPT,Transportdb Mpt,TransportDB,1.31935424,0.342884778,1.28867846,0.293225306,-0.667499413,0.98604573,False,shared_heat,1.41744865,-1.59457275
TRANSPORTDB_P-ATPase,Transportdb p-Atpase,TransportDB,1.18306022,0.342884778,1.19978349,0.321176702,0.551426621,0.98604573,False,shared_heat,1.15556548,1.90210823
TRANSPORTDB_VIC,Transportdb Vic,TransportDB,-1.17161605,0.342884778,-0.983027236,0.479419281,-1.14691038,0.37814731,False,shared_heat,-1.04515584,1.04002875
TSHZ1_TARGET_GENES,Tshz1 Target Genes,TF_Targets,-0.980739567,0.567487124,-1.36879671,0.202366352,1.9382861,0.022460439,True,cGAS_dampened,-1.18513572,1.46062288
UBE2I_TARGET_GENES,Ube2i Target Genes,TF_Targets,0.687936634,0.914443944,-0.680685745,0.915589253,0.951263413,0.888513041,False,shared_heat,0.699235701,-0.943408132
UBN1_TARGET_GENES,Ubn1 Target Genes,TF_Targets,1.38645024,0.0135966008,1.39599495,0.0152932657,0.900986884,0.999658814,False,shared_heat,1.39851603,-0.922803354
WDHD1_TARGET_GENES,Wdhd1 Target Genes,TF_Targets,1.15500018,0.346106318,1.10264805,0.417313264,-0.661312767,0.999658814,False,shared_heat,1.15032168,1.10967839
WP_10Q1121Q1123_COPY_NUMBER_VARIATION_SYNDROME,10q1121q1123 Copy Number Variation Syndrome,WikiPathways,1.14384991,0.442789205,1.20481344,0.435260965,0.701467313,0.953578095,False,shared_heat,1.09297882,1.27826762
WP_10Q22Q23_COPY_NUMBER_VARIATION,10q22q23 Copy Number Variation,WikiPathways,1.80230968,0.0343355368,1.79347635,0.0383253385,-1.29288844,0.382903825,False,shared_heat,1.72286161,1.0737474
WP_11P112_COPY_NUMBER_VARIATION_SYNDROME,11p112 Copy Number Variation Syndrome,WikiPathways,1.51183663,0.161948299,1.40522082,0.256701358,1.0617523,0.650218722,False,shared_heat,1.42328066,1.31640655
WP_15Q11Q13_COPY_NUMBER_VARIATION,15q11q13 Copy Number Variation,WikiPathways,-0.661395397,0.916894061,-0.534988641,0.979170534,0.680189403,0.953578095,False,shared_heat,-0.614122202,1.05976097
WP_16P112_DISTAL_DELETION_SYNDROME,16p112 Distal Deletion Syndrome,WikiPathways,1.72417546,0.0603115009,1.77825115,0.0518423825,-0.662968438,0.958373657,False,shared_heat,1.77139413,1.05263067
WP_16P112_PROXIMAL_DELETION_SYNDROME,16p112 Proximal Deletion Syndrome,WikiPathways,1.43635102,0.1895619,1.40810588,0.225569713,0.890718342,0.858447408,False,shared_heat,1.42145992,0.8613724
WP_16P122_COPY_NUMBER_VARIATION_SYNDROME_520KB,16p122 Copy Number Variation Syndrome 520kb,WikiPathways,0.857004852,0.749147559,1.03391852,0.54398839,-1.29162134,0.353650976,False,shared_heat,0.871095766,0.788453199
WP_1P36_COPY_NUMBER_VARIATION_SYNDROME,1p36 Copy Number Variation Syndrome,WikiPathways,1.31308496,0.284115594,1.09175841,0.500087294,1.45223579,0.219403842,False,shared_heat,1.22921701,1.89678555
WP_22Q112_COPY_NUMBER_VARIATION_SYNDROME,22q112 Copy Number Variation Syndrome,WikiPathways,1.09402662,0.474489983,1.07066947,0.502805217,0.696968003,0.970802638,False,shared_heat,1.03405556,0.773457646
WP_22Q112_DISTAL_CNV,22q112 Distal Cnv,WikiPathways,1.59954913,0.0603115009,1.59387005,0.068440923,-1.4057039,0.207449798,False,shared_heat,1.49741281,-1.5360988
WP_2Q13_COPY_NUMBER_VARIATION_SYNDROME,2q13 Copy Number Variation Syndrome,WikiPathways,1.50712255,0.153337669,1.40129161,0.248611237,0.933870071,0.828304557,False,shared_heat,1.45888844,1.01882802
WP_2Q37_COPY_NUMBER_VARIATION_SYNDROME,2q37 Copy Number Variation Syndrome,WikiPathways,1.08887286,0.479860455,1.05790788,0.514783174,0.900307777,0.852957032,False,shared_heat,1.11839364,-1.0290107
WP_3Q29_COPY_NUMBER_VARIATION_SYNDROME,3q29 Copy Number Variation Syndrome,WikiPathways,0.904525326,0.69879098,0.980149675,0.587608749,-0.99202148,0.762303914,False,shared_heat,-0.884439941,0.85101508
WP_4HYDROXYTAMOXIFEN_DEXAMETHASONE_AND_RETINOIC_ACIDS_REGULATION_OF_P27_EXPRESSION,4hydroxytamoxifen Dexamethasone and Retinoic Acids Regulation of P27 Expression,WikiPathways,1.42809139,0.232628522,1.5327292,0.171464893,0.753534138,0.935801153,False,shared_heat,1.51674543,1.31080424
WP_5Q35_COPY_NUMBER_VARIATION,5q35 Copy Number Variation,WikiPathways,-1.31913519,0.269916216,-1.21783278,0.393062551,-1.16544128,0.485657866,False,shared_heat,-1.23470272,-1.43115959
WP_7Q1123_COPY_NUMBER_VARIATION_SYNDROME,7q1123 Copy Number Variation Syndrome,WikiPathways,-0.828194834,0.818024852,-0.905489939,0.676950151,1.07858153,0.611032964,False,shared_heat,-0.777211451,-0.956778616
WP_8P231_COPY_NUMBER_VARIATION_SYNDROME,8p231 Copy Number Variation Syndrome,WikiPathways,-0.879622133,0.711818345,-0.944580039,0.622031018,0.927061008,0.828304557,False,shared_heat,-0.884284081,-1.39089743
WP_ACUTE_MYELOID_LEUKEMIA,Acute Myeloid Leukemia,WikiPathways,1.07651482,0.488091758,-0.991572044,0.576905878,1.52028488,0.145916977,False,shared_heat,-0.916115128,1.546423
WP_ACUTE_VIRAL_MYOCARDITIS,Acute Viral Myocarditis,WikiPathways,-0.945316124,0.657461958,-1.19885487,0.404610174,1.34409734,0.274413884,False,shared_heat,-1.10004369,0.81907067
WP_ADIPOGENESIS,Adipogenesis,WikiPathways,1.27536291,0.269916216,1.2158035,0.350647657,1.18833793,0.440416449,False,shared_heat,1.21044211,1.18244746
WP_AFFECTED_PATHWAYS_IN_DUCHENNE_MUSCULAR_DYSTROPHY,Affected Pathways in Duchenne Muscular Dystrophy,WikiPathways,1.32124748,0.273369546,1.20030503,0.415449351,0.944843564,0.815448933,False,shared_heat,1.21239057,1.47185075
WP_AGERAGE_PATHWAY,Agerage Pathway,WikiPathways,1.27263544,0.284115594,1.00564291,0.562641399,1.65567128,0.0747861655,False,shared_heat,1.09923195,1.19044825
WP_AKT_SIGNALING_AND_ARTD_FAMILY_MEMBERS,AKT Signaling and Artd Family Members,WikiPathways,-1.08136779,0.509908721,-1.09242917,0.502805217,1.01077457,0.735473781,False,shared_heat,-1.16063262,1.43248879
WP_ALLOGRAFT_REJECTION,Allograft Rejection,WikiPathways,1.32959131,0.24019558,1.17704738,0.416064426,1.11707141,0.553829053,False,shared_heat,1.26575392,0.737186032
WP_ALPHA_6_BETA_4_SIGNALING,alpha 6 beta 4 Signaling,WikiPathways,1.22431127,0.392053647,0.975297717,0.590797309,1.62331657,0.131268615,False,shared_heat,1.05740164,1.91619942
WP_ALZHEIMERS_DISEASE,Alzheimers Disease,WikiPathways,-1.12907882,0.40177162,-1.18445946,0.354996348,1.13048167,0.485203299,False,shared_heat,-1.15335619,-0.918790253
WP_ALZHEIMERS_DISEASE_AND_MIRNA_EFFECTS,Alzheimers Disease and miRNA Effects,WikiPathways,-1.12907882,0.40177162,-1.18445946,0.354996348,1.13048167,0.485203299,False,shared_heat,-1.15335619,-0.918790253
WP_AMINO_ACID_METABOLISM,Amino Acid Metabolism,WikiPathways,1.17495311,0.389415034,1.15058441,0.435260965,-1.23282471,0.36186766,False,shared_heat,1.10423736,-0.768690421
WP_AMPACTIVATED_PROTEIN_KINASE_SIGNALING,Ampactivated Protein Kinase Signaling,WikiPathways,0.945848072,0.656347603,-0.885463559,0.682689283,1.76143302,0.0584046477,False,shared_heat,0.951917635,0.965623734
WP_AMYOTROPHIC_LATERAL_SCLEROSIS_ALS,Amyotrophic Lateral Sclerosis Als,WikiPathways,-0.860397976,0.734178418,-1.02148594,0.559983625,-0.771103469,0.935801153,False,shared_heat,-0.88803572,-0.993536521
WP_ANDROGEN_RECEPTOR_NETWORK_IN_PROSTATE_CANCER,Androgen Receptor Network in Prostate Cancer,WikiPathways,-0.895011696,0.734178418,-0.974457293,0.596171653,1.28468405,0.317505695,False,shared_heat,-0.982614997,1.41181104
WP_ANDROGEN_RECEPTOR_SIGNALING,Androgen Receptor Signaling,WikiPathways,-1.05458296,0.51975765,-1.07232408,0.502594192,0.910100686,0.852041668,False,shared_heat,-1.00387929,1.03554201
WP_ANGIOGENESIS,Angiogenesis,WikiPathways,0.965757409,0.638281256,0.924686652,0.638183492,1.24065614,0.460591694,False,shared_heat,0.935222705,0.970373315
WP_ANGIOGENESIS_OVERVIEW,Angiogenesis Overview,WikiPathways,0.905044855,0.709162197,-0.919867305,0.651634999,1.79653048,0.0435281837,True,sign_reversal,0.880162252,1.16088669
WP_ANGIOPOIETINLIKE_PROTEIN_8_REGULATORY_PATHWAY,Angiopoietinlike Protein 8 Regulatory Pathway,WikiPathways,1.42188281,0.143775798,1.28912178,0.274988323,1.53555572,0.114639175,False,shared_heat,1.32867905,1.64951112
WP_ANGIOTENSIN_II_RECEPTOR_TYPE_1_PATHWAY,Angiotensin II Receptor Type 1 Pathway,WikiPathways,1.00606532,0.595426742,-0.899806109,0.665892239,1.48358928,0.239684307,False,shared_heat,0.891419382,1.40929889
WP_ANTIVIRAL_AND_ANTIINFLAMMATORY_EFFECTS_OF_NRF2_ON_SARSCOV2_PATHWAY,Antiviral and Antiinflammatory Effects of Nrf2 On Sarscov2 Pathway,WikiPathways,0.860250455,0.729904879,0.916997359,0.646463514,0.718993511,0.953578095,False,shared_heat,0.915800566,1.57619696
WP_APOPTOSIS,Apoptosis,WikiPathways,1.33740293,0.218712957,1.25552396,0.314539776,1.13102279,0.52086195,False,shared_heat,1.32779398,1.77530466
WP_APOPTOSISRELATED_NETWORK_DUE_TO_ALTERED_NOTCH3_IN_OVARIAN_CANCER,Apoptosisrelated Network Due to Altered Notch3 in Ovarian Cancer,WikiPathways,1.37657533,0.218712957,1.50768102,0.121829923,0.749227207,0.953578095,False,shared_heat,1.4704417,0.939948904
WP_APOPTOSIS_MODULATION_AND_SIGNALING,Apoptosis Modulation and Signaling,WikiPathways,1.1054424,0.44849057,0.977551519,0.593129451,0.898879568,0.858447408,False,shared_heat,1.07942401,0.998116556
WP_APOPTOSIS_MODULATION_BY_HSP70,Apoptosis Modulation by Hsp70,WikiPathways,1.18813412,0.423370193,1.09357205,0.502594192,-0.733048294,0.947405983,False,shared_heat,1.14333728,1.26230959
WP_APOPTOSIS_REGULATION_BY_PARATHYROID_HORMONERELATED_PROTEIN,Apoptosis Regulation by Parathyroid Hormonerelated Protein,WikiPathways,0.93602287,0.657461958,0.889922573,0.674710976,-0.77354005,0.930297243,False,shared_heat,0.982456226,-0.866664605
WP_ARRHYTHMOGENIC_RIGHT_VENTRICULAR_CARDIOMYOPATHY,Arrhythmogenic Right Ventricular Cardiomyopathy,WikiPathways,1.60130746,0.0727510924,1.61173842,0.083214062,-0.746861143,0.953578095,False,shared_heat,1.5788264,1.25864552
WP_ARYL_HYDROCARBON_RECEPTOR_PATHWAY_WP2586,Aryl Hydrocarbon Receptor Pathway Wp2586,WikiPathways,1.61750094,0.0762698579,1.62096979,0.0864592895,0.960261281,0.801068323,False,shared_heat,1.56393274,1.41336462
WP_ARYL_HYDROCARBON_RECEPTOR_PATHWAY_WP2873,Aryl Hydrocarbon Receptor Pathway Wp2873,WikiPathways,1.21486108,0.396372603,1.13141062,0.473699803,0.948925894,0.807206065,False,shared_heat,1.1683543,-0.976782975
WP_ATM_SIGNALING,Atm Signaling,WikiPathways,-1.11738773,0.464502352,-1.18922762,0.435260965,-1.01765973,0.713981261,False,shared_heat,-1.10200989,0.931666825
WP_ATM_SIGNALING_IN_DEVELOPMENT_AND_DISEASE,Atm Signaling in Development and Disease,WikiPathways,1.1627888,0.428745015,1.32690376,0.314539776,-1.26185288,0.409017587,False,shared_heat,1.23340501,1.45879552
WP_AXON_GUIDANCE,Axon Guidance,WikiPathways,0.965150154,0.638281256,0.896871457,0.676950151,0.881178158,0.858447408,False,shared_heat,0.919906942,1.12095699
WP_BASE_EXCISION_REPAIR,Base Excision Repair,WikiPathways,1.1210682,0.471558632,1.41662651,0.259817678,-1.62699314,0.134878357,False,shared_heat,1.2510872,0.710489303
WP_BDNFTRKB_SIGNALING,Bdnftrkb Signaling,WikiPathways,1.16113479,0.436237232,1.03234647,0.551216734,1.37074176,0.335209573,False,shared_heat,1.04770945,1.26245135
WP_BDNF_SIGNALING_IN_NEURODEVELOPMENT,BDNF Signaling in Neurodevelopment,WikiPathways,1.04319232,0.528566538,1.14430406,0.435260965,0.886728044,0.875304693,False,shared_heat,1.1152284,0.92544014
WP_BLADDER_CANCER,Bladder Cancer,WikiPathways,1.33194356,0.284115594,1.15955827,0.450835585,1.48911345,0.206087307,False,shared_heat,1.15256611,0.986235724
WP_BRAINDERIVED_NEUROTROPHIC_FACTOR_BDNF_SIGNALING,Brainderived Neurotrophic Factor BDNF Signaling,WikiPathways,1.34020036,0.199991636,1.23356673,0.314539776,1.28239775,0.307219887,False,shared_heat,1.26704261,1.28223231
WP_BREAST_CANCER_PATHWAY,Breast Cancer Pathway,WikiPathways,1.10075315,0.439448758,1.05489972,0.503194313,1.30634173,0.276699092,False,shared_heat,1.0556222,1.43351933
WP_BURN_WOUND_HEALING,Burn Wound Healing,WikiPathways,1.35499395,0.205471926,1.24223424,0.324989131,-0.768709954,0.953578095,False,shared_heat,1.34300426,-1.15652947
WP_B_CELL_RECEPTOR_SIGNALING,B Cell Receptor Signaling,WikiPathways,-1.18144002,0.389415034,-1.30985529,0.274052725,1.66646953,0.0533170161,False,shared_heat,-1.23896424,1.11483677
WP_CAFFEINE_IN_MYOCYTES,Caffeine in Myocytes,WikiPathways,1.19803057,0.415416586,1.3301357,0.32526919,0.665515359,0.958373657,False,shared_heat,1.28208737,-1.62834499
WP_CALCIUM_REGULATION_IN_CARDIAC_CELLS,Calcium Regulation in Cardiac Cells,WikiPathways,1.29937327,0.269916216,1.36002298,0.233351603,0.988554517,0.763838098,False,shared_heat,1.31533565,1.01113714
WP_CAMKK2_PATHWAY,Camkk2 Pathway,WikiPathways,-0.956924804,0.656338078,-1.12873359,0.450835585,1.32551267,0.285859054,False,shared_heat,-1.04243575,1.29987726
WP_CANCER_IMMUNOTHERAPY_BY_PD1_BLOCKADE,Cancer Immunotherapy by Pd1 Blockade,WikiPathways,1.37557648,0.269916216,1.23386286,0.415449351,1.18650399,0.499505863,False,shared_heat,1.29810876,-1.25327671
WP_CANCER_PATHWAYS,Cancer Pathways,WikiPathways,1.37776676,0.0482667232,1.34716996,0.0668959747,1.10368611,0.485203299,False,shared_heat,1.34569632,1.58131397
WP_CANONICAL_AND_NONCANONICAL_NOTCH_SIGNALING,Canonical and Noncanonical Notch Signaling,WikiPathways,1.26579309,0.373065889,1.16389409,0.450835585,1.45039502,0.25334318,False,shared_heat,1.2021964,1.41264789
WP_CARDIAC_HYPERTROPHIC_RESPONSE,Cardiac Hypertrophic Response,WikiPathways,0.815510294,0.805765387,-0.920237174,0.650275088,1.53908482,0.15878731,False,shared_heat,-0.846533468,0.938669641
WP_CARDIAC_PROGENITOR_DIFFERENTIATION,Cardiac Progenitor Differentiation,WikiPathways,-0.820913987,0.767724585,-0.734058015,0.851624819,0.687446455,0.953578095,False,shared_heat,-0.756036723,-0.981230928
WP_CATABOLISM_OF_SKELETAL_MUSCLE_IN_CACHEXIA,Catabolism of Skeletal Muscle in Cachexia,WikiPathways,1.38969145,0.232521953,1.35137747,0.278155473,1.07629982,0.635076717,False,shared_heat,1.35158763,1.31920774
WP_CCL18_SIGNALING,Ccl18 Signaling,WikiPathways,1.21617179,0.392053647,1.18299944,0.435260965,0.822151983,0.899259408,False,shared_heat,1.10590969,-0.893497407
WP_CELL_CYCLE,Cell Cycle,WikiPathways,1.72700664,0.0110982179,1.78937921,0.00355865454,-1.16465894,0.444304289,False,shared_heat,1.76468877,1.1453899
WP_CELL_INTERACTIONS_IN_PANCREATIC_CANCER_MICROENVIRONMENT,Cell Interactions in Pancreatic Cancer Microenvironment,WikiPathways,1.7016994,0.0686672544,1.72128386,0.0669908447,0.68808604,0.953578095,False,shared_heat,1.73160351,1.65688475
WP_CELL_LINEAGE_MAP_FOR_NEURONAL_DIFFERENTIATION,Cell Lineage Map For Neuronal Differentiation,WikiPathways,1.03287467,0.560094178,1.09082203,0.497788091,-0.876903929,0.869620769,False,shared_heat,1.06178085,1.50790461
WP_CHEMOKINE_SIGNALING,Chemokine Signaling,WikiPathways,1.35393922,0.170768899,1.16420036,0.393062551,1.80395479,0.0104651038,True,cGAS_amplified,1.24272624,1.67664003
WP_CHOLESTEROL_BIOSYNTHESIS_PATHWAY_IN_HEPATOCYTES,Cholesterol Biosynthesis Pathway in Hepatocytes,WikiPathways,-1.84919205,0.00793303529,-2.05737807,0.00104818192,1.72886638,0.0435281837,True,cGAS_dampened,-1.89092561,-1.27607846
WP_CHOLESTEROL_METABOLISM,Cholesterol Metabolism,WikiPathways,-1.67619639,0.0482667232,-1.93517982,0.00355865454,1.55588085,0.131268615,False,shared_heat,-1.74316471,-0.849669587
WP_CHOLESTEROL_METABOLISM_WITH_BLOCH_AND_KANDUTSCHRUSSELL_PATHWAYS,Cholesterol Metabolism With Bloch and Kandutschrussell Pathways,WikiPathways,-2.04406051,0.00127248668,-2.23171073,5.73224434e-05,2.07177798,0.00646913789,True,cGAS_dampened,-2.1230381,1.03913754
WP_CHOLESTEROL_SYNTHESIS_DISORDERS,Cholesterol Synthesis Disorders,WikiPathways,-1.8192919,0.0283622137,-2.08184559,0.00105281762,1.94113114,0.0298930403,True,cGAS_dampened,-1.91993376,1.40748151
WP_CHROMOSOMAL_AND_MICROSATELLITE_INSTABILITY_IN_COLORECTAL_CANCER,Chromosomal and Microsatellite Instability in Colorectal Cancer,WikiPathways,-1.14574379,0.419955536,-1.07754583,0.502090655,0.961030471,0.804422061,False,shared_heat,-1.09338692,0.855123109
WP_CHRONIC_HYPERGLYCEMIA_IMPAIRMENT_OF_NEURON_FUNCTION,Chronic Hyperglycemia Impairment of Neuron Function,WikiPathways,1.50200418,0.170768899,1.48807329,0.19623964,0.792349548,0.922431428,False,shared_heat,1.49315921,0.690782177
WP_CILIARY_LANDSCAPE,Ciliary Landscape,WikiPathways,0.988592251,0.610847016,1.13701557,0.435260965,-0.834514194,0.930297243,False,shared_heat,1.00471387,0.813617764
WP_CILIOPATHIES,Ciliopathies,WikiPathways,0.938844705,0.656347603,1.02975867,0.554888534,-1.04202817,0.68434708,False,shared_heat,0.904223523,0.874218076
WP_CIRCADIAN_RHYTHM_GENES,Circadian Rhythm Genes,WikiPathways,1.33545291,0.205121906,1.28953449,0.259817678,1.15284958,0.485203299,False,shared_heat,1.35161289,1.16883162
WP_CLEAR_CELL_RENAL_CELL_CARCINOMA_PATHWAYS,Clear Cell Renal Cell Carcinoma Pathways,WikiPathways,1.33077564,0.232521953,1.0823285,0.492151417,0.791632962,0.944738387,False,shared_heat,1.16179697,1.10783134
WP_CLOCKCONTROLLED_AUTOPHAGY_IN_BONE_METABOLISM,Clockcontrolled Autophagy in Bone Metabolism,WikiPathways,1.2752299,0.337540392,1.17881089,0.435260965,1.20876958,0.48037966,False,shared_heat,1.19672652,1.13704862
WP_COHESIN_COMPLEX_CORNELIA_DE_LANGE_SYNDROME,Cohesin Complex Cornelia De Lange Syndrome,WikiPathways,1.24850866,0.389415034,1.12052195,0.491039411,1.08493344,0.635076717,False,shared_heat,1.23930746,1.04085327
WP_COMPLEMENT_AND_COAGULATION_CASCADES,Complement and Coagulation Cascades,WikiPathways,1.718439,0.0482667232,1.58698501,0.110993656,1.44833594,0.236481284,False,shared_heat,1.63995532,-0.934790015
WP_COMPLEMENT_SYSTEM,Complement System,WikiPathways,-0.993961289,0.600198668,0.998065499,0.566600912,0.890147364,0.858447408,False,shared_heat,0.974194771,-1.3467925
WP_COMPLEMENT_SYSTEM_IN_NEURONAL_DEVELOPMENT_AND_PLASTICITY,Complement System in Neuronal Development and Plasticity,WikiPathways,1.52588639,0.106609384,1.49006407,0.124653103,0.920713171,0.849863741,False,shared_heat,1.52556133,0.825824543
WP_COPPER_HOMEOSTASIS,Copper Homeostasis,WikiPathways,0.785330943,0.847684449,-0.859254911,0.730882655,1.62405439,0.10816478,False,shared_heat,-0.759183297,1.11718169
WP_CORTICOTROPINRELEASING_HORMONE_SIGNALING,Corticotropinreleasing Hormone Signaling,WikiPathways,1.25030973,0.320622705,1.15437124,0.435260965,1.30345334,0.335209573,False,shared_heat,1.26028749,1.43974979
WP_CYCLINDEPENDENT_KINASE_46_INHIBITORS_IN_BREAST_CANCER,Cyclindependent Kinase 46 Inhibitors in Breast Cancer,WikiPathways,1.21678656,0.392053647,1.14620954,0.451697982,0.900081137,0.850186875,False,shared_heat,1.13882117,1.26425469
WP_CYTOKINECYTOKINE_RECEPTOR_INTERACTION,Cytokinecytokine Receptor Interaction,WikiPathways,1.96104155,0.000400331975,1.75914848,0.00347745439,1.19807739,0.381105043,False,shared_heat,1.80654357,1.270934
WP_CYTOKINES_AND_INFLAMMATORY_RESPONSE,Cytokines and Inflammatory Response,WikiPathways,2.09208577,0.00127248668,1.95442974,0.00862364744,0.841758745,0.881821836,False,shared_heat,2.0255231,-0.906862062
WP_CYTOPLASMIC_RIBOSOMAL_PROTEINS,Cytoplasmic Ribosomal Proteins,WikiPathways,0.570729669,0.978997782,-0.564244058,0.979170534,0.875811532,0.858447408,False,shared_heat,-0.552952106,-1.84074977
WP_CYTOSOLIC_DNASENSING_PATHWAY,Cytosolic Dnasensing Pathway,WikiPathways,-0.949897713,0.656338078,-1.11695431,0.478322036,1.84393964,0.0305350443,True,cGAS_dampened,-1.086449,2.38787023
WP_DENGUE2_INTERACTIONS_WITH_COMPLEMENT_AND_COAGULATION_CASCADES,Dengue2 Interactions With Complement and Coagulation Cascades,WikiPathways,1.718439,0.0482667232,1.58698501,0.110993656,1.44833594,0.236481284,False,shared_heat,1.63995532,-0.934790015
WP_DEVELOPMENT_AND_HETEROGENEITY_OF_THE_ILC_FAMILY,Development and Heterogeneity of the Ilc Family,WikiPathways,1.51998109,0.160862101,1.44076505,0.233351603,0.437604943,0.999761197,False,shared_heat,1.4766934,1.21881735
WP_DEVELOPMENT_OF_URETERIC_DERIVED_COLLECTING_SYSTEM,Development of Ureteric Derived Collecting System,WikiPathways,1.7628998,0.0483860858,1.5901088,0.125794421,0.856269114,0.869620769,False,shared_heat,1.66168382,1.31841827
WP_DISORDERS_OF_MITOCHONDRIAL_HOMEOSTATIS_DYNAMICS_PROTEIN_IMPORT_AND_QUALITY_CONTROL,Disorders of Mitochondrial Homeostatis Dynamics Protein Import and Quality Co...,WikiPathways,1.42094252,0.230196106,1.31646228,0.32526919,1.10290493,0.605628541,False,shared_heat,1.37156218,1.57184346
WP_DNA_DAMAGE_RESPONSE,DNA Damage Response,WikiPathways,0.959184039,0.653104664,0.942328921,0.638183492,-1.33803936,0.261003254,False,shared_heat,0.985253457,-0.81015246
WP_DNA_DAMAGE_RESPONSE_ONLY_ATM_DEPENDENT,DNA Damage Response Only Atm Dependent,WikiPathways,1.14968855,0.403415355,1.13258073,0.440942395,1.15809756,0.485203299,False,shared_heat,1.17518082,1.01709156
WP_DNA_IRDAMAGE_AND_CELLULAR_RESPONSE_VIA_ATR,DNA Irdamage and Cellular Response via Atr,WikiPathways,1.11737299,0.440213869,1.35490101,0.249107664,-1.4413759,0.192676777,False,shared_heat,1.2705444,1.5505017
WP_DNA_IRDOUBLE_STRAND_BREAKS_AND_CELLULAR_RESPONSE_VIA_ATM,DNA Irdouble Strand Breaks and Cellular Response via Atm,WikiPathways,0.806818867,0.813796581,0.981234473,0.587608749,-1.48254931,0.196215653,False,shared_heat,0.919940916,1.30692003
WP_DNA_MISMATCH_REPAIR,DNA Mismatch Repair,WikiPathways,0.869245169,0.726993753,1.63749943,0.101631169,-2.10039212,0.00851865097,True,cGAS_dampened,1.26577954,0.970959641
WP_DNA_REPAIR_PATHWAYS_FULL_NETWORK,DNA Repair Pathways Full Network,WikiPathways,-0.980601245,0.629130805,0.970714761,0.597580757,-1.75674805,0.0272816487,True,sign_reversal,-0.809457485,0.937425389
WP_DNA_REPLICATION,DNA Replication,WikiPathways,0.913404459,0.69879098,1.61466655,0.0868241245,-1.82825865,0.0344248085,True,cGAS_dampened,1.2977347,1.00485207
WP_DYRK1A_INVOLVEMENT_REGARDING_CELL_PROLIFERATION_IN_BRAIN_DEVELOPMENT,Dyrk1a Involvement Regarding Cell Proliferation in Brain Development,WikiPathways,-1.22735538,0.377409014,-1.39409252,0.240910565,1.0699306,0.635754737,False,shared_heat,-1.27466986,1.05872135
WP_EBOLA_VIRUS_INFECTION_IN_HOST,Ebola Virus Infection in Host,WikiPathways,1.76902084,0.00802767527,1.62022314,0.0330662595,1.4314901,0.163193286,False,shared_heat,1.69507981,1.89389328
WP_EBSTEINBARR_VIRUS_LMP1_SIGNALING,Ebsteinbarr Virus Lmp1 Signaling,WikiPathways,1.60043025,0.115679841,1.51859307,0.185567112,1.16114259,0.54328806,False,shared_heat,1.48537664,1.66124144
WP_ECTODERM_DIFFERENTIATION,Ectoderm Differentiation,WikiPathways,1.04306326,0.534689292,1.0021143,0.56482146,0.804014452,0.933795103,False,shared_heat,1.06578871,1.04383902
WP_EFFECT_OF_DASATINIB_ON_THE_BCRABL_SIGNALING_PATHWAY,Effect of Dasatinib On the Bcrabl Signaling Pathway,WikiPathways,1.63448625,0.0791212008,1.34938945,0.299670337,1.69427522,0.0906647746,False,shared_heat,1.44088513,1.43097956
WP_EFFECT_OF_OMEGA3_PUFA_ON_HUNTINGTONS_DISEASE_PATHWAYS,Effect of Omega3 Pufa On Huntingtons Disease Pathways,WikiPathways,1.0682707,0.491306206,-1.04469512,0.523817764,1.22562514,0.401003947,False,shared_heat,1.00867487,1.33721864
WP_EGFEGFR_SIGNALING,Egfegfr Signaling,WikiPathways,-0.982113335,0.629130805,-1.18183692,0.382682796,1.41186425,0.15878731,False,shared_heat,-1.071193,1.36754766
WP_EGFR_TYROSINE_KINASE_INHIBITOR_RESISTANCE,Egfr Tyrosine Kinase Inhibitor Resistance,WikiPathways,1.56473514,0.0723156235,1.36430101,0.225569713,1.0415568,0.667364361,False,shared_heat,1.4825398,1.56366617
WP_ELECTRON_TRANSPORT_CHAIN_OXPHOS_SYSTEM_IN_MITOCHONDRIA,Electron Transport Chain OXPHOS System in Mitochondria,WikiPathways,-1.68152236,0.0219572368,-1.54943979,0.0625649843,-1.23508935,0.353650976,False,shared_heat,-1.63833471,-2.41977371
WP_EMBRYONIC_STEM_CELL_PLURIPOTENCY_PATHWAYS,Embryonic Stem Cell Pluripotency Pathways,WikiPathways,0.995877622,0.596799721,-0.952708468,0.624017217,0.996170125,0.754573277,False,shared_heat,-0.949830374,1.28962633
WP_ENDOCHONDRAL_OSSIFICATION,Endochondral Ossification,WikiPathways,1.2046584,0.392053647,1.08316467,0.502162199,0.858433038,0.875304693,False,shared_heat,1.22698548,-0.606220058
WP_ENDOCHONDRAL_OSSIFICATION_WITH_SKELETAL_DYSPLASIAS,Endochondral Ossification With Skeletal Dysplasias,WikiPathways,1.2046584,0.392053647,1.08316467,0.502162199,0.858433038,0.875304693,False,shared_heat,1.22698548,-0.606220058
WP_ENDODERM_DIFFERENTIATION,Endoderm Differentiation,WikiPathways,1.16731564,0.40177162,-1.05508659,0.521191747,1.73738363,0.0435281837,True,sign_reversal,1.05672283,1.52448629
WP_ENDOMETRIAL_CANCER,Endometrial Cancer,WikiPathways,0.973311542,0.632855156,-0.990726347,0.576905878,1.37356004,0.261003254,False,shared_heat,-1.00589629,0.9061212
WP_ENDOPLASMIC_RETICULUM_STRESS_RESPONSE_IN_CORONAVIRUS_INFECTION,Endoplasmic Reticulum Stress Response in Coronavirus Infection,WikiPathways,-0.837638747,0.74896309,-1.12638889,0.491039411,1.18475236,0.506030118,False,shared_heat,-0.865422263,1.39655831
WP_ENERGY_METABOLISM,Energy Metabolism,WikiPathways,1.41638073,0.232521953,1.33824072,0.314539776,1.04761594,0.674326363,False,shared_heat,1.36712301,1.26376524
WP_ENTEROCYTE_CHOLESTEROL_METABOLISM,Enterocyte Cholesterol Metabolism,WikiPathways,-1.83298941,0.0199097751,-2.10366945,0.000920542128,1.89951204,0.0293123654,True,cGAS_dampened,-1.94130835,0.791247965
WP_ENVELOPE_PROTEINS_AND_THEIR_POTENTIAL_ROLES_IN_EDMD_PHYSIOPATHOLOGY,Envelope Proteins and Their Potential Roles in Edmd Physiopathology,WikiPathways,1.27422123,0.360125614,1.25701143,0.393062551,0.709497563,0.953578095,False,shared_heat,1.22826974,0.90245349
WP_EPITHELIAL_TO_MESENCHYMAL_TRANSITION_IN_COLORECTAL_CANCER,Epithelial to Mesenchymal Transition in Colorectal Cancer,WikiPathways,1.74889602,0.0110982179,1.69435343,0.0201560558,1.20940749,0.409017587,False,shared_heat,1.69804633,1.30222462
WP_EPO_RECEPTOR_SIGNALING,Epo Receptor Signaling,WikiPathways,-1.18968486,0.42053324,-1.44924853,0.233351603,2.00066135,0.0116597903,True,cGAS_dampened,-1.32204739,1.01202534
WP_ERBB_SIGNALING,Erbb Signaling,WikiPathways,1.05182623,0.51975765,-1.01779494,0.557006398,1.69161394,0.0533170161,False,shared_heat,0.951243029,1.366984
WP_ESTROGEN_SIGNALING,Estrogen Signaling,WikiPathways,-0.814881937,0.7778834,-0.960822819,0.604929866,1.51735973,0.206087307,False,shared_heat,-0.891317226,1.1306469
WP_ETHANOL_EFFECTS_ON_HISTONE_MODIFICATIONS,Ethanol Effects On Histone Modifications,WikiPathways,-0.99065428,0.610847016,-1.08253224,0.514783174,-0.516324008,0.999761197,False,shared_heat,-1.04706492,-0.883049025
WP_EUKARYOTIC_TRANSCRIPTION_INITIATION,Eukaryotic Transcription Initiation,WikiPathways,-0.94668367,0.656338078,-0.764394753,0.837000279,-1.63385628,0.122953342,False,shared_heat,-0.904921186,-1.21792246
WP_EXERCISEINDUCED_CIRCADIAN_REGULATION,Exerciseinduced Circadian Regulation,WikiPathways,0.887013886,0.711818345,0.904724579,0.667770652,-0.909072901,0.850186875,False,shared_heat,0.896686132,0.717021003
WP_EXERCISE_AND_HYPERTROPHY_IN_SKELETAL_MUSCLE,Exercise and Hypertrophy in Skeletal Muscle,WikiPathways,2.0384644,0.00347969246,1.94449269,0.0137403826,1.40582887,0.310209987,False,shared_heat,1.97827036,0.864142491
WP_EXTRACELLULAR_VESICLEMEDIATED_SIGNALING_IN_RECIPIENT_CELLS,Extracellular Vesiclemediated Signaling in Recipient Cells,WikiPathways,0.889707217,0.710684574,-0.803541023,0.774860305,1.85159311,0.0435281837,True,sign_reversal,-0.732627456,1.46593259
WP_EXTRAFOLLICULAR_AND_FOLLICULAR_B_CELL_ACTIVATION_BY_SARSCOV2,Extrafollicular and Follicular B Cell Activation by Sarscov2,WikiPathways,1.27865454,0.287864048,-1.1777858,0.435260965,1.12384239,0.550850635,False,shared_heat,1.25798491,1.5513177
WP_FACTORS_AND_PATHWAYS_AFFECTING_INSULINLIKE_GROWTH_FACTOR_IGF1AKT_SIGNALING,Factors and Pathways Affecting Insulinlike Growth Factor IGF-1akt Signaling,WikiPathways,1.25754286,0.374746563,1.07932205,0.504631218,1.59106644,0.155372488,False,shared_heat,1.16905121,1.32001394
WP_FAMILIAL_PARTIAL_LIPODYSTROPHY,Familial Partial Lipodystrophy,WikiPathways,1.03195048,0.566556327,1.11915618,0.492151417,-0.686893104,0.953578095,False,shared_heat,1.13239757,0.956210094
WP_FANCONI_ANEMIA,Fanconi Anemia,WikiPathways,0.974453332,0.629130805,1.16813795,0.450835585,-1.18856907,0.495654179,False,shared_heat,1.04984104,1.74807424
WP_FAS_LIGAND_PATHWAY_AND_STRESS_INDUCTION_OF_HEAT_SHOCK_PROTEINS,Fas Ligand Pathway and Stress Induction of Heat Shock Proteins,WikiPathways,1.41482245,0.214518064,1.30799146,0.314539776,1.18812665,0.485657866,False,shared_heat,1.33952166,1.0356618
WP_FATTY_ACID_AND_LIPOPROTEIN_TRANSPORT_IN_HEPATOCYTES,Fatty Acid and Lipoprotein Transport in Hepatocytes,WikiPathways,-1.50927405,0.0365574303,-1.68841507,0.00355865454,1.46509804,0.0861918048,False,shared_heat,-1.60415604,-1.45017116
WP_FATTY_ACID_BETAOXIDATION,Fatty Acid Betaoxidation,WikiPathways,-1.12368099,0.460304001,-1.01424762,0.562641399,-0.921416361,0.83911522,False,shared_heat,-1.07186204,-1.59536689
WP_FATTY_ACID_BIOSYNTHESIS,Fatty Acid Biosynthesis,WikiPathways,-1.24926376,0.389171504,-1.15278611,0.469231857,0.764742538,0.930297243,False,shared_heat,-1.20037035,-0.802977231
WP_FERROPTOSIS,Ferroptosis,WikiPathways,-1.10358488,0.462843863,-1.1625117,0.435260965,-0.845404849,0.903895394,False,shared_heat,-1.16030625,-0.876806599
WP_FGFR3_SIGNALING_IN_CHONDROCYTE_PROLIFERATION_AND_TERMINAL_DIFFERENTIATION,Fgfr3 Signaling in Chondrocyte Proliferation and Terminal Differentiation,WikiPathways,1.28400422,0.368288882,1.3768051,0.304881412,-0.921902664,0.830997792,False,shared_heat,1.26750388,1.10410311
WP_FIBRIN_COMPLEMENT_RECEPTOR_3_SIGNALING,Fibrin Complement Receptor 3 Signaling,WikiPathways,1.54388797,0.1313784,1.54494402,0.125794421,0.795142411,0.922431428,False,shared_heat,1.50040085,1.29557243
WP_FLUOROPYRIMIDINE_ACTIVITY,Fluoropyrimidine Activity,WikiPathways,-0.96265887,0.638281256,-1.10576499,0.500759308,0.835858009,0.887299897,False,shared_heat,-1.02900226,0.892028174
WP_FOCAL_ADHESION,Focal Adhesion,WikiPathways,1.75483762,0.00486237346,1.7535424,0.00277179214,1.02124456,0.691995407,False,shared_heat,1.73588776,1.56622071
WP_FOCAL_ADHESION_PI3KAKTMTORSIGNALING,Focal Adhesion Pi3kaktmtorsignaling,WikiPathways,1.72845322,0.00137791665,1.75993334,0.00175957401,1.11716559,0.493797732,False,shared_heat,1.74443138,1.09021734
WP_FOLATE_METABOLISM,Folate Metabolism,WikiPathways,1.13681099,0.438261056,1.10129163,0.491039411,-0.821965369,0.920993621,False,shared_heat,1.13473374,1.03446495
WP_FRAGILE_X_SYNDROME,Fragile X Syndrome,WikiPathways,1.11355104,0.439448758,0.97019072,0.597580757,1.40254643,0.21269978,False,shared_heat,1.08290287,1.78091269
WP_G13_SIGNALING,G13 Signaling,WikiPathways,0.803091979,0.78677066,1.08352536,0.504631218,-1.00619149,0.741066909,False,shared_heat,0.939212989,-1.04498558
WP_G1_TO_S_CELL_CYCLE_CONTROL,G1 to S Cell Cycle Control,WikiPathways,0.91312418,0.709162197,1.13942404,0.446389111,-1.73514814,0.0435281837,True,cGAS_dampened,1.0304317,0.822324087
WP_GABA_AND_GLUTAMATE_SIGNALLING_IN_EPILEPTOGENESIS,Gaba and Glutamate Signalling in Epileptogenesis,WikiPathways,1.2187158,0.389415034,1.03633676,0.54398839,1.2855414,0.381105043,False,shared_heat,1.13578439,1.1597446
WP_GASTRIC_CANCER_NETWORK_2,Gastric Cancer Network 2,WikiPathways,1.18127597,0.428745015,1.24745947,0.413965133,1.0939868,0.625701123,False,shared_heat,1.24197704,0.767868342
WP_GASTRIN_SIGNALING,Gastrin Signaling,WikiPathways,1.63037077,0.0283622137,1.49812487,0.0856813336,1.48800396,0.122953342,False,shared_heat,1.54734793,1.16065391
WP_GENES_CONTROLLING_NEPHROGENESIS,Genes Controlling Nephrogenesis,WikiPathways,1.69861857,0.0710474517,1.68885818,0.0856813336,-0.968699806,0.783868944,False,shared_heat,1.67210707,1.42256901
WP_GLIOBLASTOMA_SIGNALING,Glioblastoma Signaling,WikiPathways,1.12812151,0.430634333,1.13144928,0.446389111,1.13602679,0.52086195,False,shared_heat,1.08851968,1.38330232
WP_GLUCOCORTICOID_RECEPTOR_PATHWAY,Glucocorticoid Receptor Pathway,WikiPathways,1.74819743,0.0373161041,1.78101831,0.0328702594,1.2638547,0.401003947,False,shared_heat,1.73320306,1.69966017
WP_GLYCEROL_METABOLISM_INCLUDING_LINKED_IMDS,Glycerol Metabolism Including Linked Imds,WikiPathways,1.21729156,0.40177162,1.36625762,0.304881412,-0.799721603,0.916809081,False,shared_heat,1.26310859,-1.34061956
WP_GLYCOGEN_SYNTHESIS_AND_DEGRADATION,Glycogen Synthesis and Degradation,WikiPathways,-0.645906416,0.94299759,-0.755813881,0.84247737,1.32629731,0.353650976,False,shared_heat,-0.691805638,-0.877175603
WP_GLYCOLYSIS_AND_GLUCONEOGENESIS,Glycolysis and Gluconeogenesis,WikiPathways,0.932234251,0.668555004,1.04451847,0.530305501,-0.930439853,0.830997792,False,shared_heat,0.925486409,-1.44828727
WP_GLYCOSAMINOGLYCAN_SYNTHESIS_IN_FIBROBLASTS,Glycosaminoglycan Synthesis in Fibroblasts,WikiPathways,0.878256667,0.711818345,-0.714449923,0.871129536,1.14062341,0.565231908,False,shared_heat,0.728779962,0.880631928
WP_GPCRS_CLASS_A_RHODOPSINLIKE,Gpcrs Class A Rhodopsinlike,WikiPathways,1.32347009,0.273369546,1.25939254,0.350647657,0.555840323,0.999761197,False,shared_heat,1.32575151,1.15627198
WP_G_PROTEIN_SIGNALING,G Protein Signaling,WikiPathways,-0.855841125,0.746915971,-0.924043178,0.648162593,0.741573954,0.953578095,False,shared_heat,-0.862868678,0.920571862
WP_HAIR_FOLLICLE_DEVELOPMENT_CYTODIFFERENTIATION_STAGE_3_OF_3,Hair Follicle Development Cytodifferentiation Stage 3 of 3,WikiPathways,1.63798326,0.0762698579,1.54572241,0.125794421,0.872896236,0.864583879,False,shared_heat,1.58269819,1.24292459
WP_HALLMARK_OF_CANCER_SUSTAINING_PROLIFERATIVE_SIGNALING,Hallmark of Cancer Sustaining Proliferative Signaling,WikiPathways,1.26199313,0.284115594,1.03064509,0.539503855,1.95849644,0.0104651038,True,cGAS_amplified,1.11407843,1.81469919
WP_HDAC6_INTERACTIONS_IN_THE_CENTRAL_NERVOUS_SYSTEM,Hdac6 Interactions in the Central Nervous System,WikiPathways,1.3736723,0.184585717,1.25233396,0.307412185,0.872784522,0.887299897,False,shared_heat,1.34852374,1.11545627
WP_HEAD_AND_NECK_SQUAMOUS_CELL_CARCINOMA,Head and Neck Squamous Cell Carcinoma,WikiPathways,1.35664,0.218712957,1.40086594,0.197115699,0.906783389,0.852957032,False,shared_heat,1.36285367,1.65201033
WP_HEART_DEVELOPMENT,Heart Development,WikiPathways,1.28120031,0.360953901,1.16427125,0.450835585,0.723619793,0.952241668,False,shared_heat,1.27766519,0.621013445
WP_HEDGEHOG_SIGNALING_WP4249,Hedgehog Signaling Wp4249,WikiPathways,-0.933477713,0.657461958,-1.12323061,0.492151417,1.63514338,0.134878357,False,shared_heat,-1.02693414,1.41603469
WP_HEMATOPOIETIC_STEM_CELL_DIFFERENTIATION,Hematopoietic Stem Cell Differentiation,WikiPathways,-1.20467887,0.392053647,-1.07675601,0.503194313,0.713493751,0.953578095,False,shared_heat,-1.12033723,-0.822928093
WP_HEPATITIS_B_INFECTION,Hepatitis B Infection,WikiPathways,1.12039063,0.419955536,-1.07387066,0.497743046,1.29392049,0.28135802,False,shared_heat,1.04010969,1.60153299
WP_HEPATITIS_C_AND_HEPATOCELLULAR_CARCINOMA,Hepatitis C and Hepatocellular Carcinoma,WikiPathways,1.62667001,0.0618209739,1.50475226,0.124653103,1.27608335,0.36186766,False,shared_heat,1.55619856,1.00817977
WP_HEPATOCYTE_GROWTH_FACTOR_RECEPTOR_SIGNALING,Hepatocyte Growth Factor Receptor Signaling,WikiPathways,0.840386895,0.754079036,-0.935741043,0.633226156,1.92044401,0.0293123654,True,sign_reversal,-0.80209627,0.866333122
WP_HEREDITARY_LEIOMYOMATOSIS_AND_RENAL_CELL_CARCINOMA_PATHWAY,Hereditary Leiomyomatosis and Renal Cell Carcinoma Pathway,WikiPathways,-1.01302133,0.591876821,-0.99951942,0.575536062,0.608999285,0.981089923,False,shared_heat,-1.02267994,-1.08136246
WP_HINT1_PATHWAY,Hint1 Pathway,WikiPathways,-1.11188714,0.48756609,-0.832321554,0.731976976,-1.52098073,0.207812542,False,shared_heat,-1.03465201,-0.966167623
WP_HIPPOCAMPAL_SYNAPTOGENESIS_AND_NEUROGENESIS,Hippocampal Synaptogenesis and Neurogenesis,WikiPathways,1.3851065,0.273369546,1.24244087,0.416064426,0.903980892,0.847935894,False,shared_heat,1.30802708,1.1021718
WP_HIPPOMERLIN_SIGNALING_DYSREGULATION,Hippomerlin Signaling Dysregulation,WikiPathways,1.60177638,0.0543418425,1.60978666,0.056318909,1.12106189,0.544931587,False,shared_heat,1.54095575,0.997429279
WP_HIPPO_SIGNALING_REGULATION,Hippo Signaling Regulation,WikiPathways,0.90391481,0.711818345,0.987797964,0.576905878,0.96379307,0.800610943,False,shared_heat,0.955632203,1.03718062
WP_HOSTPATHOGEN_INTERACTION_OF_HUMAN_CORONAVIRUSES_APOPTOSIS,Hostpathogen Interaction of Human Coronaviruses Apoptosis,WikiPathways,1.19340728,0.419955536,1.30994035,0.350647657,-1.50988838,0.206087307,False,shared_heat,1.25643585,1.15596911
WP_HOSTPATHOGEN_INTERACTION_OF_HUMAN_CORONAVIRUSES_INTERFERON_INDUCTION,Hostpathogen Interaction of Human Coronaviruses Interferon Induction,WikiPathways,-1.3450019,0.277565968,-1.73049961,0.0438744808,2.44259714,1.98047366e-05,True,KO_only,-1.61808459,2.53244394
WP_HOSTPATHOGEN_INTERACTION_OF_HUMAN_CORONAVIRUSES_MAPK_SIGNALING,Hostpathogen Interaction of Human Coronaviruses MAPK Signaling,WikiPathways,1.57919319,0.113142386,1.58291855,0.11125581,1.19938041,0.485203299,False,shared_heat,1.57171144,1.64788447
WP_HYPOTHESIZED_PATHWAYS_IN_PATHOGENESIS_OF_CARDIOVASCULAR_DISEASE,Hypothesized Pathways in Pathogenesis of Cardiovascular Disease,WikiPathways,-0.721350468,0.859714352,-1.10600039,0.502162199,1.46002758,0.261003254,False,shared_heat,-0.903621222,1.57323948
WP_IL11_SIGNALING,IL-11 Signaling,WikiPathways,-1.19501415,0.40177162,-1.30905922,0.317473215,1.19013487,0.485657866,False,shared_heat,-1.17846231,0.874826928
WP_IL17_SIGNALING,IL-17 Signaling,WikiPathways,1.1619535,0.436237232,1.01443447,0.562641399,1.51032513,0.207812542,False,shared_heat,1.08619072,1.34632126
WP_IL18_SIGNALING,IL-18 Signaling,WikiPathways,1.84074728,0.000591835564,1.81262212,0.00105281762,1.04380831,0.636735606,False,shared_heat,1.77826465,1.28816534
WP_IL19_SIGNALING,IL-19 Signaling,WikiPathways,-1.04983012,0.546263119,-1.04555686,0.544125741,1.3358098,0.353650976,False,shared_heat,-0.979375197,1.07531076
WP_IL1_AND_MEGAKARYOCYTES_IN_OBESITY,IL-1 and Megakaryocytes in Obesity,WikiPathways,1.35299955,0.284115594,1.21512226,0.435260965,0.658747178,0.958373657,False,shared_heat,1.26849723,-1.26584964
WP_IL1_SIGNALING,IL-1 Signaling,WikiPathways,1.21478039,0.389415034,1.05290999,0.521777665,1.41695249,0.251660688,False,shared_heat,1.16039956,0.876164528
WP_IL26_SIGNALING,IL-26 Signaling,WikiPathways,-1.01462992,0.583611792,-1.00907802,0.56482146,0.648646481,0.981089923,False,shared_heat,-1.03239503,-0.646224561
WP_IL2_SIGNALING,IL-2 Signaling,WikiPathways,-0.970302855,0.635219754,-1.21009396,0.416064426,1.70624435,0.0764074724,False,shared_heat,-1.10797922,0.827682672
WP_IL3_SIGNALING,IL-3 Signaling,WikiPathways,0.958458599,0.64697874,0.896005168,0.676950151,1.05444734,0.652620887,False,shared_heat,0.894428778,1.10044219
WP_IL4_SIGNALING,IL-4 Signaling,WikiPathways,1.05081351,0.530413582,1.02914304,0.545777985,1.38757704,0.261003254,False,shared_heat,1.03343449,1.33129478
WP_IL5_SIGNALING,IL-5 Signaling,WikiPathways,1.15088411,0.436237232,1.01486926,0.560044729,0.945263408,0.807645945,False,shared_heat,1.07524874,0.911975505
WP_IL6_SIGNALING,IL-6 Signaling,WikiPathways,1.20048808,0.40177162,1.04955968,0.530305501,1.50320457,0.20380302,False,shared_heat,1.12614805,1.25066859
WP_IL7_SIGNALING,IL-7 Signaling,WikiPathways,-1.3794756,0.275252003,-1.56027132,0.139193888,1.22010891,0.485203299,False,shared_heat,-1.48738308,-0.665119613
WP_IMATINIB_AND_CHRONIC_MYELOID_LEUKEMIA,Imatinib and Chronic Myeloid Leukemia,WikiPathways,1.13568868,0.462843863,1.18889649,0.446389111,-0.834451277,0.881821836,False,shared_heat,1.13652336,-0.990319732
WP_IMMUNE_INFILTRATION_IN_PANCREATIC_CANCER,Immune Infiltration in Pancreatic Cancer,WikiPathways,2.1847731,0.000405964748,2.16904878,0.000635531712,0.514447197,0.999761197,False,shared_heat,2.14114041,0.829319568
WP_INFLAMMATORY_BOWEL_DISEASE_SIGNALING,Inflammatory Bowel Disease Signaling,WikiPathways,1.43299911,0.200625662,1.2313501,0.393062551,1.11299398,0.577237931,False,shared_heat,1.34845912,0.800117019
WP_INFLAMMATORY_RESPONSE_PATHWAY,Inflammatory Response Pathway,WikiPathways,1.47581211,0.1895619,1.34180022,0.304881412,1.34106798,0.343919467,False,shared_heat,1.45403769,1.12528222
WP_INFLUENCE_OF_LAMINOPATHIES_ON_WNT_SIGNALING,Influence of Laminopathies On Wnt Signaling,WikiPathways,1.4659629,0.200625662,1.40586056,0.259817678,1.34315982,0.347539163,False,shared_heat,1.44168799,0.825733391
WP_INHIBITION_OF_GNAQREGULATED_SIGNALING_IN_UVEAL_MELANOMA,Inhibition of Gnaqregulated Signaling in Uveal Melanoma,WikiPathways,0.85920801,0.734178418,1.01307211,0.562641399,0.769045621,0.930297243,False,shared_heat,1.01689468,1.71610462
WP_INHIBITORS_OF_METABOLISM_IN_MELANOMA_THERAPY,Inhibitors of Metabolism in Melanoma Therapy,WikiPathways,-0.85615662,0.741979617,-0.971481544,0.596171653,0.980820099,0.77451749,False,shared_heat,-0.897300844,1.41238061
WP_INITIATION_OF_TRANSCRIPTION_AND_TRANSLATION_ELONGATION_AT_THE_HIV1_LTR,Initiation of Transcription and Translation Elongation At the Hiv1 Ltr,WikiPathways,1.00863432,0.591876821,0.950392688,0.612707033,-0.684499465,0.953578095,False,shared_heat,1.00135428,-0.992193184
WP_INSULIN_SIGNALING,Insulin Signaling,WikiPathways,1.79518555,0.00333694024,1.67923077,0.0163107252,1.43507964,0.147805396,False,shared_heat,1.69494588,1.6100877
WP_INTEGRATED_BREAST_CANCER_PATHWAY,Integrated Breast Cancer Pathway,WikiPathways,1.0554,0.49784635,-1.00093762,0.566600912,1.2387307,0.348019601,False,shared_heat,1.03272384,1.58578154
WP_INTEGRATED_CANCER_PATHWAY,Integrated Cancer Pathway,WikiPathways,-1.10027626,0.474801213,-1.05636363,0.521777665,0.949317248,0.807645945,False,shared_heat,-1.17655477,0.647706025
WP_INTEGRATIVE_ANALYSIS_OF_TREGGLIAL_INTERACTIONS,Integrative Analysis of Tregglial Interactions,WikiPathways,1.83826436,0.00242912058,1.72432513,0.0111941127,1.19286579,0.422764535,False,shared_heat,1.78424833,0.910669258
WP_INTEGRINMEDIATED_CELL_ADHESION,Integrinmediated Cell Adhesion,WikiPathways,1.71915323,0.0199097751,1.78469693,0.010714041,1.519961,0.126599402,False,shared_heat,1.72908251,1.21903004
WP_INTERACTIONS_BETWEEN_IMMUNE_CELLS_AND_MICRORNAS_IN_TUMOR_MICROENVIRONMENT,Interactions Between Immune Cells and Micrornas in Tumor Microenvironment,WikiPathways,1.1304665,0.451839312,-1.00492666,0.566600912,1.30872574,0.36186766,False,shared_heat,1.07276386,1.72211477
WP_INTERFERONMEDIATED_SIGNALING,Interferonmediated Signaling,WikiPathways,-1.15111487,0.451839312,-1.35846816,0.314539776,1.29374489,0.409017587,False,shared_heat,-1.30675856,1.62105351
WP_INTERFERON_SIGNALING_IN_TUBERCULOSIS,Interferon Signaling in Tuberculosis,WikiPathways,-1.61498995,0.0904148587,-1.62872701,0.0899125611,1.82191492,0.0435281837,True,cGAS_dampened,-1.70647009,1.9994464
WP_INTERFERON_TYPE_I_SIGNALING,Interferon Type I Signaling,WikiPathways,-1.51137115,0.123944702,-1.5585524,0.101631169,1.54622552,0.134878357,False,shared_heat,-1.46942547,1.23931659
WP_INTERLEUKIN1_IL1_STRUCTURAL_PATHWAY,Interleukin1 IL-1 Structural Pathway,WikiPathways,1.56284909,0.106806856,1.29285076,0.324989131,1.59216808,0.128795095,False,shared_heat,1.44608746,1.73176898
WP_JAKSTAT_SIGNALING_IN_THE_REGULATION_OF_BETA_CELLS,Jakstat Signaling in the Regulation of beta Cells,WikiPathways,-0.891161728,0.711818345,-1.03585293,0.546972021,1.31586214,0.353650976,False,shared_heat,-0.947065437,1.06019162
WP_JOUBERT_SYNDROME,Joubert Syndrome,WikiPathways,0.599243077,0.957939723,0.803233596,0.770480871,-0.77159635,0.926902024,False,shared_heat,0.696287737,1.40592588
WP_KILLER_CELL_IMMUNOGLOBULINLIKE_RECEPTORS_AND_HUMAN_LEUKOCYTE_ANTIGEN_C_PATHWAY,Killer Cell Immunoglobulinlike Receptors and Human Leukocyte Antigen C Pathway,WikiPathways,1.11248385,0.481051336,0.813519518,0.760124705,1.206813,0.493797732,False,shared_heat,0.889148434,-1.15311999
WP_KISSPEPTINKISSPEPTIN_RECEPTOR_SYSTEM_IN_THE_OVARY,Kisspeptinkisspeptin Receptor System in the Ovary,WikiPathways,1.15790444,0.433155777,0.925758293,0.640398478,1.50708238,0.204988233,False,shared_heat,1.0676143,0.987807408
WP_KIT_RECEPTOR_SIGNALING,Kit Receptor Signaling,WikiPathways,-0.891475273,0.711818345,-1.00809849,0.56482146,1.50286885,0.176975935,False,shared_heat,-0.915892426,0.991107828
WP_KYNURENINE_PATHWAY_AND_LINKS_TO_CELL_SENESCENCE,Kynurenine Pathway and Links to Cell Senescence,WikiPathways,1.00743879,0.593949559,1.06597023,0.521777665,-1.21303239,0.485657866,False,shared_heat,1.03483262,0.806069929
WP_LEPTIN_SIGNALING,Leptin Signaling,WikiPathways,1.12151959,0.436237232,0.994029116,0.571764173,1.34961699,0.275516122,False,shared_heat,1.05843318,1.58034279
WP_LEUCINE_ISOLEUCINE_AND_VALINE_METABOLISM,Leucine Isoleucine and Valine Metabolism,WikiPathways,-1.33901803,0.305736381,-1.27288503,0.393062551,0.900271351,0.849863741,False,shared_heat,-1.30317765,-1.7778777
WP_LEUKOCYTEINTRINSIC_HIPPO_PATHWAY_FUNCTIONS,Leukocyteintrinsic Hippo Pathway Functions,WikiPathways,-0.867181825,0.726946916,0.848849496,0.721521771,-0.972903309,0.780643834,False,shared_heat,-0.681196529,-0.755535954
WP_LIPID_METABOLISM_PATHWAY,Lipid Metabolism Pathway,WikiPathways,-1.03101093,0.570735408,-1.10995195,0.502090655,1.12681616,0.577237931,False,shared_heat,-1.08133282,1.22272755
WP_LNCRNA_IN_CANONICAL_WNT_SIGNALING_AND_COLORECTAL_CANCER,Lncrna in Canonical Wnt Signaling and Colorectal Cancer,WikiPathways,1.25275831,0.350193158,1.2389296,0.381924105,1.12219034,0.56488497,False,shared_heat,1.22778278,0.662589717
WP_LUNG_FIBROSIS,Lung Fibrosis,WikiPathways,2.09557018,0.00129693122,1.99578113,0.00347745439,0.728531707,0.953578095,False,shared_heat,1.99832269,0.954838034
WP_MACROPHAGESTIMULATING_PROTEIN_MSP_SIGNALING,Macrophagestimulating Protein Msp Signaling,WikiPathways,1.25587292,0.279851871,1.21167258,0.350647657,1.13390777,0.506030118,False,shared_heat,1.23191439,1.24244005
WP_MALE_INFERTILITY,Male Infertility,WikiPathways,1.31671736,0.24019558,1.14262235,0.435260965,0.809753593,0.935801153,False,shared_heat,1.21852215,1.20958053
WP_MAMMARY_GLAND_DEVELOPMENT_PREGNANCY_AND_LACTATION_STAGE_3_OF_4,Mammary Gland Development Pregnancy and Lactation Stage 3 of 4,WikiPathways,1.88743052,0.0182753664,1.73451405,0.0625649843,1.26626433,0.422764535,False,shared_heat,1.80515553,0.813815475
WP_MAPK_CASCADE,MAPK Cascade,WikiPathways,1.46617929,0.218712957,1.22327815,0.435260965,1.10683956,0.611032964,False,shared_heat,1.28761698,1.59023676
WP_MAPK_SIGNALING,MAPK Signaling,WikiPathways,1.53204573,0.0365349057,1.3683484,0.121829923,1.26267279,0.285859054,False,shared_heat,1.44029031,1.55251854
WP_MAPK_SIGNALING_AND_ARTD_FAMILY_MEMBERS,MAPK Signaling and Artd Family Members,WikiPathways,1.05292277,0.540592196,1.16026783,0.450884717,1.13883876,0.56488497,False,shared_heat,1.13610181,1.62472148
WP_MARKERS_OF_KIDNEY_CELL_LINEAGE,Markers of Kidney Cell Lineage,WikiPathways,0.894198777,0.708554837,0.881826362,0.676950151,0.479559249,0.999761197,False,shared_heat,0.84459684,0.993768977
WP_MEASLES_VIRUS_INFECTION,Measles Virus Infection,WikiPathways,-1.12244676,0.422454044,-1.40860819,0.125794421,2.05120255,0.000368066231,True,cGAS_dampened,-1.30168566,2.02792768
WP_MECHANOREGULATION_AND_PATHOLOGY_OF_YAPTAZ_VIA_HIPPO_AND_NONHIPPO_MECHANISMS,Mechanoregulation and Pathology of Yaptaz via Hippo and Nonhippo Mechanisms,WikiPathways,1.2334209,0.377409014,1.19521496,0.435260965,0.90091315,0.850186875,False,shared_heat,1.14349915,-0.850633723
WP_MECP2_AND_ASSOCIATED_RETT_SYNDROME,Mecp2 and Associated Rett Syndrome,WikiPathways,1.32026482,0.284115594,1.13706091,0.459244691,0.855976322,0.875304693,False,shared_heat,1.23345539,1.80894834
WP_MELANOMA,Melanoma,WikiPathways,1.11314866,0.44849057,1.0081546,0.562641399,1.06139912,0.636735606,False,shared_heat,1.04169989,1.03529881
WP_MELATONIN_METABOLISM_AND_EFFECTS,Melatonin Metabolism and Effects,WikiPathways,0.886411917,0.710001327,0.649908456,0.927149695,0.946700642,0.807206065,False,shared_heat,0.80504189,0.761197602
WP_MESODERMAL_COMMITMENT_PATHWAY,Mesodermal Commitment Pathway,WikiPathways,1.09050295,0.470273239,-1.15430592,0.438257804,1.60777026,0.0881453125,False,shared_heat,-1.13414257,1.72054321
WP_METABOLIC_EPILEPTIC_DISORDERS,Metabolic Epileptic Disorders,WikiPathways,1.12321723,0.430634333,1.2292648,0.342355491,-0.893815154,0.872640438,False,shared_heat,1.13204518,-1.43658418
WP_METABOLIC_PATHWAYS_OF_FIBROBLASTS,Metabolic Pathways of Fibroblasts,WikiPathways,1.38958015,0.24659072,1.17412776,0.440942395,0.901276273,0.850186875,False,shared_heat,1.21709459,-0.794826783
WP_METABOLIC_REPROGRAMMING_IN_COLON_CANCER,Metabolic Reprogramming in Colon Cancer,WikiPathways,0.870815217,0.7358184,0.839707402,0.767442959,-0.430647601,0.999761197,False,shared_heat,0.860259721,-1.19637429
WP_METABOLIC_REPROGRAMMING_IN_PANCREATIC_CANCER,Metabolic Reprogramming in Pancreatic Cancer,WikiPathways,1.43187476,0.200077816,1.26120864,0.359551756,1.49165121,0.194306629,False,shared_heat,1.31872912,-0.865581096
WP_METAPATHWAY_BIOTRANSFORMATION_PHASE_I_AND_II,Metapathway Biotransformation Phase I and II,WikiPathways,1.36917507,0.24348543,1.41119899,0.22850852,-1.11074102,0.573300433,False,shared_heat,1.4133533,-1.07576773
WP_MET_IN_TYPE_1_PAPILLARY_RENAL_CELL_CARCINOMA,Met in Type 1 Papillary Renal Cell Carcinoma,WikiPathways,-0.89975923,0.710684574,-0.992437343,0.576905878,1.61308362,0.11635694,False,shared_heat,-0.979416371,1.33707203
WP_MICROGLIA_PATHOGEN_PHAGOCYTOSIS_PATHWAY,Microglia Pathogen Phagocytosis Pathway,WikiPathways,-1.34408664,0.295931858,-1.17525268,0.450835585,0.867745564,0.858447408,False,shared_heat,-1.24779472,-1.16258597
WP_MICRORNAS_IN_CARDIOMYOCYTE_HYPERTROPHY,Micrornas in Cardiomyocyte Hypertrophy,WikiPathways,0.943947132,0.657461958,-0.985619085,0.585391073,1.29507018,0.347539163,False,shared_heat,-0.893089181,0.978965901
WP_MICROTUBULE_CYTOSKELETON_REGULATION,Microtubule Cytoskeleton Regulation,WikiPathways,-0.949994918,0.656338078,-1.02397185,0.554888534,1.32514515,0.343919467,False,shared_heat,-0.911363676,1.0481607
WP_MIRNA_REGULATION_OF_DNA_DAMAGE_RESPONSE,miRNA Regulation of DNA Damage Response,WikiPathways,0.999404532,0.596799721,1.01198593,0.559983625,-1.45124586,0.169467984,False,shared_heat,1.03151551,-0.846925469
WP_MIRNA_REGULATION_OF_P53_PATHWAY_IN_PROSTATE_CANCER,miRNA Regulation of p53 Pathway in Prostate Cancer,WikiPathways,0.847275904,0.7358184,0.892349241,0.669060517,-1.54887162,0.192676777,False,shared_heat,0.886102411,-1.34575999
WP_MIRNA_REGULATION_OF_PROSTATE_CANCER_SIGNALING,miRNA Regulation of Prostate Cancer Signaling,WikiPathways,1.36991636,0.26613146,1.27169877,0.364296388,-0.833820262,0.898484215,False,shared_heat,1.31494114,1.77871206
WP_MIRNA_ROLE_IN_IMMUNE_RESPONSE_IN_SEPSIS,miRNA Role in Immune Response in Sepsis,WikiPathways,1.42228252,0.218712957,1.20352365,0.430237164,1.73149426,0.0764074724,False,shared_heat,1.28508379,1.78706321
WP_MIRTARGETED_GENES_IN_LEUKOCYTES,Mirtargeted Genes in Leukocytes,WikiPathways,1.41910759,0.138453904,1.34578255,0.221465352,0.974969432,0.784497766,False,shared_heat,1.38242654,1.00838583
WP_MIRTARGETED_GENES_IN_LYMPHOCYTES,Mirtargeted Genes in Lymphocytes,WikiPathways,1.47212902,0.0307882906,1.41178508,0.0564982012,1.06679975,0.57937951,False,shared_heat,1.40307494,1.34346392
WP_MIRTARGETED_GENES_IN_MUSCLE_CELL,Mirtargeted Genes in Muscle Cell,WikiPathways,1.54287481,0.0199097751,1.48884041,0.0330662595,0.972843422,0.804337449,False,shared_heat,1.48749425,1.3883054
WP_MIRTARGETED_GENES_IN_SQUAMOUS_CELL,Mirtargeted Genes in Squamous Cell,WikiPathways,1.64355276,0.0320073465,1.55060973,0.0668959747,1.06683863,0.625701123,False,shared_heat,1.6008384,1.63631036
WP_MITOCHONDRIAL_COMPLEX_IV_ASSEMBLY,Mitochondrial Complex IV Assembly,WikiPathways,-1.14106004,0.46096591,-0.835599348,0.730882655,-1.34157224,0.353650976,False,shared_heat,-0.957728987,-1.62747999
WP_MITOCHONDRIAL_COMPLEX_I_ASSEMBLY_MODEL_OXPHOS_SYSTEM,Mitochondrial Complex I Assembly Model OXPHOS System,WikiPathways,-1.39766637,0.232521953,-1.1659976,0.450835585,-1.17784421,0.494962431,False,shared_heat,-1.31258403,-2.03643133
WP_MITOCHONDRIAL_FATTY_ACID_OXIDATION_DISORDERS,Mitochondrial Fatty Acid Oxidation Disorders,WikiPathways,-1.4941475,0.1895619,-1.42459174,0.256701358,-0.902154279,0.850186875,False,shared_heat,-1.45203381,-1.63256153
WP_MITOCHONDRIAL_LONG_CHAIN_FATTY_ACID_BETAOXIDATION,Mitochondrial Long Chain Fatty Acid Betaoxidation,WikiPathways,-1.23190747,0.396372603,-1.12447819,0.492151417,-0.776670737,0.922431428,False,shared_heat,-1.18926964,-1.563766
WP_MODULATORS_OF_TCR_SIGNALING_AND_T_CELL_ACTIVATION,Modulators of TCR Signaling and T Cell Activation,WikiPathways,1.13251373,0.439448758,-1.12692485,0.473699803,1.1132346,0.575411225,False,shared_heat,-1.09423943,0.977314988
WP_MOLECULAR_PATHWAY_FOR_OXIDATIVE_STRESS,Molecular Pathway For Oxidative Stress,WikiPathways,1.33897988,0.26613146,1.30909521,0.307412185,0.962724903,0.800610943,False,shared_heat,1.31129599,1.23919579
WP_MRNA_PROCESSING,mRNA Processing,WikiPathways,-0.81012277,0.844990863,0.969325733,0.597580757,-1.70130919,0.0435281837,True,sign_reversal,0.888144046,0.618031444
WP_MYOMETRIAL_RELAXATION_AND_CONTRACTION_PATHWAYS,Myometrial Relaxation and Contraction Pathways,WikiPathways,1.24282095,0.297532532,1.15282966,0.435260965,1.17744302,0.460591694,False,shared_heat,1.23850846,1.00718934
WP_NAD_METABOLISM_IN_ONCOGENEINDUCED_SENESCENCE_AND_MITOCHONDRIAL_DYSFUNCTIONASSOCIATED_SENESCENCE,Nad Metabolism in Oncogeneinduced Senescence and Mitochondrial Dysfunctionass...,WikiPathways,-0.934041062,0.657461958,-1.08073063,0.516568781,0.988182816,0.763838098,False,shared_heat,-1.05570156,-1.1291699
WP_NANOMATERIAL_INDUCED_APOPTOSIS,Nanomaterial Induced Apoptosis,WikiPathways,0.853056556,0.734178418,-0.736443092,0.851624819,-0.976403489,0.780005682,False,shared_heat,-0.877931451,-0.756644119
WP_NANOPARTICLEMEDIATED_ACTIVATION_OF_RECEPTOR_SIGNALING,Nanoparticlemediated Activation of Receptor Signaling,WikiPathways,1.55510813,0.138453904,1.48282343,0.206138656,1.23545963,0.456154744,False,shared_heat,1.54076054,1.4652091
WP_NCRNAS_IN_WNT_SIGNALING_IN_HEPATOCELLULAR_CARCINOMA,Ncrnas in Wnt Signaling in Hepatocellular Carcinoma,WikiPathways,1.16701899,0.422454044,1.27197986,0.354996348,0.900412267,0.850186875,False,shared_heat,1.21054686,0.711628292
WP_NEOVASCULARIZATION_PROCESSES,Neovascularization Processes,WikiPathways,1.32851188,0.279851871,1.34538395,0.286411406,0.841402406,0.887299897,False,shared_heat,1.36396149,1.31439551
WP_NEPHROTIC_SYNDROME,Nephrotic Syndrome,WikiPathways,1.05802232,0.536043702,0.783165372,0.797844255,0.777878353,0.922431428,False,shared_heat,0.950905461,0.557483025
WP_NETRINUNC5B_SIGNALING,Netrinunc5b Signaling,WikiPathways,0.763445314,0.852145818,-0.813396786,0.779851389,1.35404447,0.317505695,False,shared_heat,0.545725999,0.751259887
WP_NETWORK_MAP_OF_SARSCOV2_SIGNALING,Network Map of Sarscov2 Signaling,WikiPathways,1.81491882,0.0011780409,1.52729233,0.0328702594,1.77589929,0.00851865097,True,cGAS_amplified,1.61836824,1.6704845
WP_NEURAL_CREST_CELL_MIGRATION_DURING_DEVELOPMENT,Neural Crest Cell Migration During Development,WikiPathways,0.963177095,0.638281256,-0.93733062,0.632415192,0.789697594,0.922431428,False,shared_heat,-0.92406231,0.824383351
WP_NEURAL_CREST_CELL_MIGRATION_IN_CANCER,Neural Crest Cell Migration in Cancer,WikiPathways,0.963177095,0.638281256,-0.93733062,0.632415192,0.789697594,0.922431428,False,shared_heat,-0.92406231,0.824383351
WP_NEURAL_CREST_DIFFERENTIATION,Neural Crest Differentiation,WikiPathways,1.29084745,0.284115594,1.13107925,0.450835585,0.744328252,0.953578095,False,shared_heat,1.18269406,0.997964265
WP_NEUROGENESIS_REGULATION_IN_THE_OLFACTORY_EPITHELIUM,Neurogenesis Regulation in the Olfactory Epithelium,WikiPathways,1.01064231,0.58898321,1.12451951,0.473699803,-0.923728815,0.836173742,False,shared_heat,1.06140782,1.20904793
WP_NEUROINFLAMMATION_AND_GLUTAMATERGIC_SIGNALING,Neuroinflammation and Glutamatergic Signaling,WikiPathways,1.3729723,0.170768899,1.21162789,0.348911971,1.02241831,0.691995407,False,shared_heat,1.25460444,1.24894719
WP_NF1_COPY_NUMBER_VARIATION_SYNDROME,NF-1 Copy Number Variation Syndrome,WikiPathways,1.12425229,0.440213869,1.38403483,0.235047076,-1.40266406,0.240218961,False,shared_heat,1.19947975,1.0000833
WP_NFKB_SIGNALING_AND_ARTD_FAMILY_MEMBERS,NF-kappaB Signaling and Artd Family Members,WikiPathways,-1.25783985,0.385097417,-1.43838649,0.250144598,1.71729407,0.0953943402,False,shared_heat,-1.40604454,1.71312984
WP_NGLYCAN_BIOSYNTHESIS,Nglycan Biosynthesis,WikiPathways,-0.590778263,0.957939723,-0.858412147,0.698846687,0.929795794,0.823028393,False,shared_heat,-0.693853496,-0.50375012
WP_NOCGMPPKG_MEDIATED_NEUROPROTECTION,Nocgmppkg Mediated Neuroprotection,WikiPathways,1.55728414,0.138915576,1.59780104,0.121829923,-0.511488717,0.999761197,False,shared_heat,1.5643584,0.794467158
WP_NONALCOHOLIC_FATTY_LIVER_DISEASE,Nonalcoholic Fatty Liver Disease,WikiPathways,-1.10373435,0.436237232,-0.942641446,0.649461827,-1.16319936,0.425704382,False,shared_heat,-1.00256256,-1.57087768
WP_NONGENOMIC_ACTIONS_OF_125DIHYDROXYVITAMIN_D3,Nongenomic Actions of 125dihydroxyvitamin D3,WikiPathways,1.16506161,0.403102867,-1.16930018,0.435260965,1.66026809,0.0764074724,False,shared_heat,-1.16679374,2.08243399
WP_NONSMALL_CELL_LUNG_CANCER,Nonsmall Cell Lung Cancer,WikiPathways,1.14623739,0.419955536,1.04206989,0.521777665,0.988365798,0.763838098,False,shared_heat,1.08611387,1.1209603
WP_NOTCH_SIGNALING_WP268,Notch Signaling Wp268,WikiPathways,1.19115233,0.40177162,0.9506176,0.615272779,1.603915,0.131268615,False,shared_heat,1.10238005,1.01649123
WP_NOTCH_SIGNALING_WP61,Notch Signaling Wp61,WikiPathways,1.5028177,0.123944702,1.28244481,0.314539776,1.59871964,0.10816478,False,shared_heat,1.43278292,1.3158283
WP_NOVEL_INTRACELLULAR_COMPONENTS_OF_RIGILIKE_RECEPTOR_PATHWAY,Novel Intracellular Components of Rigilike Receptor Pathway,WikiPathways,1.15988877,0.423370193,0.958771528,0.610603637,1.85193975,0.0344248085,True,cGAS_amplified,1.01146199,2.41057318
WP_NRF2ARE_REGULATION,Nrf2are Regulation,WikiPathways,-1.06473815,0.534239903,-1.20976208,0.435260965,0.894240755,0.850186875,False,shared_heat,-1.11369011,0.833239412
WP_NRF2_PATHWAY,Nrf2 Pathway,WikiPathways,1.41852775,0.156080217,1.47925384,0.115985283,0.799345604,0.9419265,False,shared_heat,1.44955356,1.2446286
WP_NRP1TRIGGERED_SIGNALING_IN_PANCREATIC_CANCER,Nrp1triggered Signaling in Pancreatic Cancer,WikiPathways,1.31040027,0.284115594,1.34692528,0.278155473,1.12045571,0.565748141,False,shared_heat,1.28838226,1.34692856
WP_NUCLEAR_RECEPTORS,Nuclear Receptors,WikiPathways,1.60695304,0.123944702,1.48786523,0.225569713,0.730347213,0.9419265,False,shared_heat,1.5351763,1.12280098
WP_NUCLEAR_RECEPTORS_METAPATHWAY,Nuclear Receptors Metapathway,WikiPathways,1.42233196,0.0723156235,1.37913356,0.101631169,1.15989492,0.425985632,False,shared_heat,1.37783568,1.33266939
WP_NUCLEOSOME_REMODELING_COMPLEX,Nucleosome Remodeling Complex,WikiPathways,-0.904866476,0.693606283,0.669915168,0.911926377,-1.76035657,0.0808599431,False,shared_heat,-0.755698031,0.525277125
WP_NUCLEOTIDEBINDING_OLIGOMERIZATION_DOMAIN_NOD_PATHWAY,Nucleotidebinding Oligomerization Domain Nod Pathway,WikiPathways,-1.43697188,0.219098043,-1.3692344,0.298904485,0.883752523,0.853213719,False,shared_heat,-1.42335134,1.19556097
WP_NUCLEOTIDE_EXCISION_REPAIR,Nucleotide Excision Repair,WikiPathways,-0.816486227,0.808033008,1.08504767,0.502090655,-1.96455547,0.0116597903,True,sign_reversal,0.758111164,-0.830897414
WP_NUCLEOTIDE_EXCISION_REPAIR_IN_XERODERMA_PIGMENTOSUM,Nucleotide Excision Repair in Xeroderma Pigmentosum,WikiPathways,0.810721301,0.823863059,1.23313615,0.375199567,-1.75649317,0.0435281837,True,cGAS_dampened,0.944119401,-0.752620604
WP_OMEGA6FATTY_ACIDS_IN_SENESCENCE,Omega6fatty Acids in Senescence,WikiPathways,1.57541092,0.114097795,1.59878441,0.10985265,0.640602346,0.981089923,False,shared_heat,1.5843201,0.996643726
WP_ONCOSTATIN_M_SIGNALING,Oncostatin M Signaling,WikiPathways,1.08110509,0.479860455,1.02324312,0.546972021,1.10927916,0.56488497,False,shared_heat,1.02599425,1.32530696
WP_OPIOID_RECEPTOR_PATHWAYS,Opioid Receptor Pathways,WikiPathways,1.03312037,0.563326818,0.97743551,0.588118813,1.07262514,0.636735606,False,shared_heat,0.921278469,-1.04724472
WP_OREXIN_RECEPTOR_PATHWAY,Orexin Receptor Pathway,WikiPathways,1.90056805,0.0011780409,1.80167956,0.00304411739,0.736070003,0.981089923,False,shared_heat,1.83554482,0.801036287
WP_OSTEOARTHRITIC_CHONDROCYTE_HYPERTROPHY,Osteoarthritic Chondrocyte Hypertrophy,WikiPathways,1.71016461,0.0482667232,1.62452989,0.0899125611,-0.907861157,0.850186875,False,shared_heat,1.64150088,0.848296662
WP_OSTEOBLAST_DIFFERENTIATION_AND_RELATED_DISEASES,Osteoblast Differentiation and Related Diseases,WikiPathways,1.24950359,0.310530319,1.14925592,0.435260965,0.998649641,0.752035872,False,shared_heat,1.17232406,1.25445132
WP_OVARIAN_INFERTILITY,Ovarian Infertility,WikiPathways,1.46743242,0.205121906,1.39612793,0.274052725,1.15838309,0.544931587,False,shared_heat,1.47517387,1.15110309
WP_OVERLAP_BETWEEN_SIGNAL_TRANSDUCTION_PATHWAYS_CONTRIBUTING_TO_LMNA_LAMINOPATHIES,Overlap Between Signal Transduction Pathways Contributing to Lmna Laminopathies,WikiPathways,1.73466192,0.0320073465,1.51927171,0.121233624,1.43793802,0.213500209,False,shared_heat,1.59033987,0.785553735
WP_OVERVIEW_OF_PROINFLAMMATORY_AND_PROFIBROTIC_MEDIATORS,Overview of Proinflammatory and Profibrotic Mediators,WikiPathways,2.50545137,2.02405617e-08,2.52670672,4.31134177e-08,1.37948727,0.251671033,False,shared_heat,2.46612618,1.20196207
WP_OXIDATIVE_DAMAGE_RESPONSE,Oxidative Damage Response,WikiPathways,1.46986669,0.195711431,1.6201227,0.101631169,0.755255662,0.9419265,False,shared_heat,1.60161166,1.11917899
WP_OXIDATIVE_PHOSPHORYLATION,Oxidative Phosphorylation,WikiPathways,-1.6446187,0.0483860858,-1.41064225,0.212456253,-1.19861612,0.446573864,False,shared_heat,-1.54569742,-2.25465736
WP_OXIDATIVE_STRESS_RESPONSE,Oxidative Stress Response,WikiPathways,1.10534791,0.479860455,1.19470777,0.435260965,-0.893672918,0.852041668,False,shared_heat,1.12621352,1.14122981
WP_OXYSTEROLS_DERIVED_FROM_CHOLESTEROL,Oxysterols Derived from Cholesterol,WikiPathways,-1.28820478,0.360125614,-1.47161505,0.225569713,-0.602873239,0.981709541,False,shared_heat,-1.34874673,-1.34001277
WP_P38_MAPK_SIGNALING,P38 MAPK Signaling,WikiPathways,-0.902383429,0.704443475,-1.06285836,0.521777665,1.60177506,0.145916977,False,shared_heat,-0.926883418,-0.770625166
WP_P53_TRANSCRIPTIONAL_GENE_NETWORK,p53 Transcriptional Gene Network,WikiPathways,1.33160306,0.228538191,1.48685923,0.110993656,-1.08924666,0.575411225,False,shared_heat,1.43259805,1.33288331
WP_PANCREATIC_ADENOCARCINOMA_PATHWAY,Pancreatic Adenocarcinoma Pathway,WikiPathways,1.17718831,0.386418193,1.07721527,0.492151417,1.06514042,0.625701123,False,shared_heat,1.13107789,1.14024118
WP_PARKINSONS_DISEASE_PATHWAY,Parkinsons Disease Pathway,WikiPathways,0.927551313,0.668162169,0.966150629,0.596171653,-0.860922496,0.872640438,False,shared_heat,0.967385305,1.09378118
WP_PARKINUBIQUITIN_PROTEASOMAL_SYSTEM_PATHWAY,Parkinubiquitin Proteasomal System Pathway,WikiPathways,0.782611208,0.849915868,0.751378622,0.885472877,0.741991337,0.953578095,False,shared_heat,0.791581417,-0.687611318
WP_PATHOGENIC_ESCHERICHIA_COLI_INFECTION,Pathogenic Escherichia Coli Infection,WikiPathways,1.02283556,0.567069562,1.12089646,0.473699803,-1.23937842,0.414904979,False,shared_heat,1.07596837,-1.13572344
WP_PATHWAYS_AFFECTED_IN_ADENOID_CYSTIC_CARCINOMA,Pathways Affected in Adenoid Cystic Carcinoma,WikiPathways,-0.920087588,0.683488656,-0.884944416,0.682162803,0.77215922,0.935801153,False,shared_heat,-0.881479295,1.06284533
WP_PDGFRBETA_PATHWAY,Pdgfrbeta Pathway,WikiPathways,-1.28788124,0.34111832,-1.40593357,0.256701358,1.87755806,0.0344248085,True,cGAS_dampened,-1.22773677,1.39195088
WP_PDGF_PATHWAY,PDGF Pathway,WikiPathways,-1.02836257,0.566556327,-0.969793155,0.596171653,1.24437335,0.421421961,False,shared_heat,-0.993843326,0.998943481
WP_PHOTODYNAMIC_THERAPYINDUCED_AP1_SURVIVAL_SIGNALING,Photodynamic Therapyinduced AP-1 Survival Signaling,WikiPathways,1.6722611,0.0482667232,1.81193592,0.017307987,-1.04373715,0.662943687,False,shared_heat,1.80300993,0.843202851
WP_PHOTODYNAMIC_THERAPYINDUCED_HIF1_SURVIVAL_SIGNALING,Photodynamic Therapyinduced HIF-1 Survival Signaling,WikiPathways,1.5343985,0.135931249,1.59131872,0.10985265,-0.71864537,0.953578095,False,shared_heat,1.58861359,-1.06638712
WP_PHOTODYNAMIC_THERAPYINDUCED_NFE2L2_NRF2_SURVIVAL_SIGNALING,Photodynamic Therapyinduced Nfe2l2 Nrf2 Survival Signaling,WikiPathways,0.881104801,0.711818345,1.00720394,0.56482146,-0.877237274,0.858447408,False,shared_heat,0.890462323,1.43681951
WP_PHOTODYNAMIC_THERAPYINDUCED_NFKB_SURVIVAL_SIGNALING,Photodynamic Therapyinduced NF-kappaB Survival Signaling,WikiPathways,2.00611126,0.00327442926,1.85220277,0.0173571695,1.17686558,0.495654179,False,shared_heat,1.93148339,1.11060549
WP_PHOTODYNAMIC_THERAPYINDUCED_UNFOLDED_PROTEIN_RESPONSE,Photodynamic Therapyinduced Unfolded Protein Response,WikiPathways,1.00909741,0.591876821,1.02229175,0.557006398,-1.03819304,0.68434708,False,shared_heat,1.00516926,0.708198555
WP_PHYSICOCHEMICAL_FEATURES_AND_TOXICITYASSOCIATED_PATHWAYS,Physicochemical Features and Toxicityassociated Pathways,WikiPathways,-0.895070736,0.711818345,-1.0229194,0.554888534,1.33379908,0.312446991,False,shared_heat,-0.996684735,0.933029411
WP_PHYSIOLOGICAL_AND_PATHOLOGICAL_HYPERTROPHY_OF_THE_HEART,Physiological and Pathological Hypertrophy of the Heart,WikiPathways,-1.00169355,0.596799721,-0.923575008,0.640398478,0.605686683,0.981089923,False,shared_heat,-0.948863462,0.940270351
WP_PI3KAKTMTOR_SIGNALING_AND_THERAPEUTIC_OPPORTUNITIES_IN_PROSTATE_CANCER,Pi3kaktmtor Signaling and Therapeutic Opportunities in Prostate Cancer,WikiPathways,-1.06698212,0.530413582,-1.12627603,0.491039411,1.38041177,0.317505695,False,shared_heat,-1.12192171,-1.21999479
WP_PI3KAKTMTOR_VITAMIN_D3_SIGNALING,Pi3kaktmtor Vitamin D3 Signaling,WikiPathways,1.10117662,0.488341754,1.03975689,0.545777985,0.94319409,0.807645945,False,shared_heat,1.10185998,1.7377722
WP_PI3KAKT_SIGNALING,Pi3kakt Signaling,WikiPathways,1.74898501,0.00166553421,1.73557187,0.00277179214,1.03973922,0.646910591,False,shared_heat,1.74490914,1.16135365
WP_PLEURAL_MESOTHELIOMA,Pleural Mesothelioma,WikiPathways,1.67712383,0.00166553421,1.69835032,0.00153722077,1.25510575,0.24362545,False,shared_heat,1.67419879,1.25583051
WP_PLURIPOTENT_STEM_CELL_DIFFERENTIATION_PATHWAY,Pluripotent Stem Cell Differentiation Pathway,WikiPathways,1.612023,0.113142386,1.65778046,0.0961471717,1.0811871,0.635668055,False,shared_heat,1.59954366,-0.696324699
WP_POLYCYSTIC_KIDNEY_DISEASE_PATHWAY,Polycystic Kidney Disease Pathway,WikiPathways,-0.808537526,0.818024852,-0.943000418,0.632415192,0.497194235,0.999761197,False,shared_heat,-0.929946705,1.5893158
WP_PPAR_SIGNALING,Ppar Signaling,WikiPathways,0.939125695,0.657461958,-0.819812755,0.767442959,1.09966617,0.605642095,False,shared_heat,0.88302833,-0.882930713
WP_PRADERWILLI_AND_ANGELMAN_SYNDROME,Praderwilli and Angelman Syndrome,WikiPathways,1.50509837,0.138915576,1.52062723,0.125794421,-0.727953579,0.953578095,False,shared_heat,1.52694935,1.43107847
WP_PREIMPLANTATION_EMBRYO,Preimplantation Embryo,WikiPathways,1.16325281,0.432132565,1.38590608,0.274052725,-1.44323283,0.244891825,False,shared_heat,1.31813339,0.974614227
WP_PRIMARY_FOCAL_SEGMENTAL_GLOMERULOSCLEROSIS_FSGS,Primary Focal Segmental Glomerulosclerosis Fsgs,WikiPathways,1.33626187,0.26613146,1.39305896,0.233351603,-1.05481243,0.646910591,False,shared_heat,1.38510027,0.995360964
WP_PRIMARY_OVARIAN_INSUFFICIENCY,Primary Ovarian Insufficiency,WikiPathways,1.42577286,0.200077816,1.63875597,0.0749975707,-0.977147101,0.780005682,False,shared_heat,1.51895652,1.42685158
WP_PRION_DISEASE_PATHWAY,Prion Disease Pathway,WikiPathways,1.2277569,0.392053647,1.16287335,0.450835585,-0.862647706,0.870602381,False,shared_heat,1.19189969,1.29985851
WP_PROLACTIN_SIGNALING,Prolactin Signaling,WikiPathways,1.0185747,0.566556327,-1.07089318,0.502162199,1.53491112,0.11635694,False,shared_heat,-0.914354898,1.30857897
WP_PROSTAGLANDIN_AND_LEUKOTRIENE_METABOLISM_IN_SENESCENCE,Prostaglandin and Leukotriene Metabolism in Senescence,WikiPathways,1.73425168,0.0581248862,1.61985772,0.11125581,0.916299215,0.836173742,False,shared_heat,1.56316662,-0.859839318
WP_PROSTAGLANDIN_SIGNALING,Prostaglandin Signaling,WikiPathways,1.56537049,0.12066925,1.35106681,0.299118407,1.42454451,0.260041223,False,shared_heat,1.45816113,1.65198478
WP_PROSTAGLANDIN_SYNTHESIS_AND_REGULATION,Prostaglandin Synthesis and Regulation,WikiPathways,1.81126521,0.0320073465,1.8511655,0.0241078742,-0.70813011,0.953578095,False,shared_heat,1.80655012,-0.775374726
WP_PROTEASOME_DEGRADATION,Proteasome Degradation,WikiPathways,-1.63456139,0.0581248862,-1.5945721,0.0839674697,1.13784933,0.535746814,False,shared_heat,-1.61689151,-0.810813116
WP_PROXIMAL_TUBULE_TRANSPORT,Proximal Tubule Transport,WikiPathways,-1.24761449,0.379259274,-1.25566211,0.393062551,-0.99940846,0.752035872,False,shared_heat,-1.27900029,-1.57554546
WP_PYRIMIDINE_METABOLISM,Pyrimidine Metabolism,WikiPathways,0.995905028,0.596799721,1.03169199,0.539503855,-1.553503,0.11635694,False,shared_heat,0.982558766,-0.827993971
WP_RAC1PAK1P38MMP2_PATHWAY,Rac1pak1p38mmp2 Pathway,WikiPathways,1.07082511,0.491306206,1.12236267,0.450835585,1.18531135,0.469070157,False,shared_heat,1.08750391,1.01466524
WP_RANKLRANK_SIGNALING,Ranklrank Signaling,WikiPathways,1.16421706,0.414284553,1.16893895,0.435260965,1.3950981,0.251660688,False,shared_heat,1.16712658,0.966537772
WP_RAS_SIGNALING,Ras Signaling,WikiPathways,1.15319077,0.394404704,-1.054869,0.511949112,1.38554113,0.205792507,False,shared_heat,1.07196518,1.31668527
WP_REGUCALCIN_IN_PROXIMAL_TUBULE_EPITHELIAL_KIDNEY_CELLS,Regucalcin in Proximal Tubule Epithelial Kidney Cells,WikiPathways,1.07824282,0.509908721,1.08587967,0.502805217,-0.837760821,0.887299897,False,shared_heat,1.14497897,1.11594343
WP_REGULATION_OF_ACTIN_CYTOSKELETON,Regulation of Actin Cytoskeleton,WikiPathways,1.54669138,0.0723156235,1.40258013,0.171464893,1.43015195,0.192676777,False,shared_heat,1.48427321,1.43912919
WP_REGULATION_OF_TOLLLIKE_RECEPTOR_SIGNALING,Regulation of Tolllike Receptor Signaling,WikiPathways,1.21372726,0.326237822,-1.18213596,0.399003715,1.47021466,0.134878357,False,shared_heat,1.15197157,1.703824
WP_REGULATORY_CIRCUITS_OF_STAT3_SIGNALING,Regulatory Circuits of STAT3 Signaling,WikiPathways,-1.20472086,0.377409014,-1.23558611,0.364296388,0.742649371,0.953578095,False,shared_heat,-1.16065733,0.850680125
WP_RELATIONSHIP_BETWEEN_INFLAMMATION_COX2_AND_EGFR,Relationship Between Inflammation COX-2 and Egfr,WikiPathways,1.56986866,0.138453904,1.27871912,0.382682796,1.4322486,0.276699092,False,shared_heat,1.36841708,1.14211193
WP_RESISTIN_AS_A_REGULATOR_OF_INFLAMMATION,Resistin As A Regulator of Inflammation,WikiPathways,0.88099199,0.711818345,-0.933672855,0.634798738,1.24147139,0.451261187,False,shared_heat,-0.921071993,1.02125563
WP_RETINOBLASTOMA_GENE_IN_CANCER,Retinoblastoma Gene in Cancer,WikiPathways,1.18239693,0.377409014,1.62515164,0.0359817849,-1.83013118,0.0109919762,True,KO_only,1.40915585,-0.780819016
WP_RNAPOLYMERASE_II_TRANSCRIPTION_THE_PREINITIATION_COMPLEX,Rnapolymerase II Transcription the Preinitiation Complex,WikiPathways,0.752573949,0.852145818,0.686576773,0.919923734,-1.371611,0.309800321,False,shared_heat,0.785691997,-0.997532289
WP_SARSCOV2_INNATE_IMMUNITY_EVASION_AND_CELLSPECIFIC_IMMUNE_RESPONSE,Sarscov2 Innate Immunity Evasion and Cellspecific Immune Response,WikiPathways,1.22368871,0.371012631,-1.22469531,0.393062551,2.35887229,3.48908535e-05,True,sign_reversal,1.02754627,2.49529233
WP_SELECTIVE_EXPRESSION_OF_CHEMOKINE_RECEPTORS_DURING_TCELL_POLARIZATION,Selective Expression of Chemokine Receptors During Tcell Polarization,WikiPathways,1.94603679,0.00793303529,1.80679172,0.0328702594,0.871117574,0.864067691,False,shared_heat,1.91397365,0.950420575
WP_SELENIUM_METABOLISM_AND_SELENOPROTEINS,Selenium Metabolism and Selenoproteins,WikiPathways,-0.74061533,0.852145818,-0.811251084,0.767442959,-0.597556701,0.984850388,False,shared_heat,-0.797500962,-1.08480763
WP_SELENIUM_MICRONUTRIENT_NETWORK,Selenium Micronutrient Network,WikiPathways,1.02373694,0.566556327,1.06814505,0.503194313,-0.836680721,0.911224051,False,shared_heat,1.0141779,-1.32972851
WP_SENESCENCEASSOCIATED_SECRETORY_PHENOTYPE_SASP,Senescenceassociated Secretory Phenotype Sasp,WikiPathways,1.34580131,0.263596892,1.38659596,0.240164478,-0.758527251,0.953578095,False,shared_heat,1.33361221,-0.935952154
WP_SENESCENCE_AND_AUTOPHAGY_IN_CANCER,Senescence and Autophagy in Cancer,WikiPathways,1.71437015,0.0199097751,1.59275185,0.0566010111,1.27678636,0.343919467,False,shared_heat,1.55281726,1.47410572
WP_SEROTONIN_HTR1_GROUP_AND_FOS_PATHWAY,Serotonin Htr1 Group and Fos Pathway,WikiPathways,0.986069063,0.610847016,0.88797719,0.676950151,1.15124279,0.544931587,False,shared_heat,0.960376573,1.12445667
WP_SIGNAL_TRANSDUCTION_THROUGH_IL1R,Signal Transduction Through IL-1r,WikiPathways,1.60404301,0.101802469,1.39335797,0.259817678,1.18367116,0.495654179,False,shared_heat,1.52462721,0.697851717
WP_SMALL_CELL_LUNG_CANCER,Small Cell Lung Cancer,WikiPathways,1.61867698,0.0389481301,1.64983835,0.0328702594,0.871565593,0.887299897,False,shared_heat,1.62980555,1.39178621
WP_SMITHMAGENIS_AND_POTOCKILUPSKI_SYNDROME_COPY_NUMBER_VARIATION,Smithmagenis and Potockilupski Syndrome Copy Number Variation,WikiPathways,-1.15962684,0.418902121,-1.114512,0.473699803,-0.86057477,0.890373523,False,shared_heat,-1.10061988,0.75346563
WP_SODIUM_CHANNEL_IN_EPILEPSY,Sodium Channel in Epilepsy,WikiPathways,1.169465,0.436237232,1.17746119,0.450835585,0.878055794,0.852957032,False,shared_heat,1.17622484,1.03724787
WP_SPINAL_CORD_INJURY,Spinal Cord Injury,WikiPathways,1.54459791,0.0710474517,1.52819817,0.0864592895,-1.2411438,0.353650976,False,shared_heat,1.51007301,-1.18243749
WP_SPLICING_FACTOR_NOVA_REGULATED_SYNAPTIC_PROTEINS,Splicing Factor Nova Regulated Synaptic Proteins,WikiPathways,-1.20627794,0.419955536,-1.01207767,0.564889459,0.810285207,0.898694683,False,shared_heat,-1.12191631,-0.994011719
WP_STEROL_REGULATORY_ELEMENTBINDING_PROTEINS_SREBP_SIGNALING,Sterol Regulatory Elementbinding Proteins Srebp Signaling,WikiPathways,-1.29774851,0.284115594,-1.65833561,0.0526116578,1.65471606,0.0764074724,False,shared_heat,-1.47882305,1.72216381
WP_STRIATED_MUSCLE_CONTRACTION_PATHWAY,Striated Muscle Contraction Pathway,WikiPathways,1.11055302,0.476753,1.17519823,0.446389111,0.665446957,0.96163888,False,shared_heat,1.11594653,-1.18947934
WP_SUDDEN_INFANT_DEATH_SYNDROME_SIDS_SUSCEPTIBILITY_PATHWAYS,Sudden Infant Death Syndrome Sids Susceptibility Pathways,WikiPathways,1.76347634,0.014448576,1.83730205,0.00357813315,-0.93320364,0.84651385,False,shared_heat,1.80684647,0.992655327
WP_SYNAPTIC_SIGNALING_ASSOCIATED_WITH_AUTISM_SPECTRUM_DISORDER,Synaptic Signaling Associated With Autism Spectrum Disorder,WikiPathways,1.42784998,0.218712957,1.3449722,0.304881412,0.791043927,0.922431428,False,shared_heat,1.349108,1.89064508
WP_SYNAPTIC_VESICLE_PATHWAY,Synaptic Vesicle Pathway,WikiPathways,-0.755541966,0.834976139,-0.88443591,0.676918424,0.984006943,0.769571992,False,shared_heat,-0.83796699,1.02661238
WP_TARGETED_AGENTS_IN_TRIPLE_NEGATIVE_BREAST_CANCER,Targeted Agents in Triple Negative Breast Cancer,WikiPathways,-0.821479841,0.783852694,-0.918688008,0.649461827,1.31030734,0.356564337,False,shared_heat,-0.858829162,1.58049045
WP_TARGETED_THERAPY_IN_BREAST_CANCER,Targeted Therapy in Breast Cancer,WikiPathways,1.37662278,0.283445121,1.12703705,0.491039411,1.34591538,0.353650976,False,shared_heat,1.23258176,1.10669828
WP_TARGET_OF_RAPAMYCIN_SIGNALING,Target of Rapamycin Signaling,WikiPathways,-0.671395531,0.922698585,0.88391633,0.676950151,0.800738788,0.916608463,False,shared_heat,0.783337042,1.33421696
WP_TAR_SYNDROME,Tar Syndrome,WikiPathways,-1.18871831,0.394404704,-1.21894036,0.393062551,0.902579295,0.852957032,False,shared_heat,-1.19572608,-0.9220347
WP_TCA_CYCLE_AKA_KREBS_OR_CITRIC_ACID_CYCLE,TCA Cycle Aka Krebs or Citric Acid Cycle,WikiPathways,-1.06261259,0.534689292,-0.90768496,0.655965074,-0.626748559,0.981089923,False,shared_heat,-1.02912685,-1.37690605
WP_TCELL_ACTIVATION_SARSCOV2,Tcell Activation Sarscov2,WikiPathways,1.49115086,0.0988434731,1.33971163,0.233291393,1.4524376,0.163193286,False,shared_heat,1.42239781,-0.869677404
WP_TCELL_ANTIGEN_RECEPTOR_TCR_PATHWAY_DURING_STAPHYLOCOCCUS_AUREUS_INFECTION,Tcell Antigen Receptor TCR Pathway During Staphylococcus Aureus Infection,WikiPathways,1.31081531,0.269028263,1.12408483,0.450835585,1.62923998,0.0835316766,False,shared_heat,1.22273388,0.960204878
WP_TCELL_RECEPTOR_SIGNALING,Tcell Receptor Signaling,WikiPathways,1.25863632,0.284115594,1.05676724,0.503194313,1.90495806,0.0104651038,True,cGAS_amplified,1.10598152,1.11469032
WP_TGFBETA_RECEPTOR_SIGNALING,TGF-beta Receptor Signaling,WikiPathways,1.0999844,0.474489983,-1.08541443,0.502162199,1.17553512,0.491172082,False,shared_heat,-1.0752594,0.713407699
WP_TGFBETA_RECEPTOR_SIGNALING_IN_SKELETAL_DYSPLASIAS,TGF-beta Receptor Signaling in Skeletal Dysplasias,WikiPathways,-1.14615063,0.432132565,-1.16985201,0.435260965,1.28726882,0.356825378,False,shared_heat,-1.1489549,0.864934703
WP_TH17_CELL_DIFFERENTIATION_PATHWAY,Th17 Cell Differentiation Pathway,WikiPathways,1.05262371,0.51975765,-1.10590783,0.478322036,1.06975133,0.625701123,False,shared_heat,-1.03445919,0.939352761
WP_THERMOGENESIS,Thermogenesis,WikiPathways,1.26887329,0.310382536,1.19424482,0.416064426,0.787476252,0.935801153,False,shared_heat,1.23577203,1.49341694
WP_THYMIC_STROMAL_LYMPHOPOIETIN_TSLP_SIGNALING,Thymic Stromal Lymphopoietin Tslp Signaling,WikiPathways,-0.962345098,0.638281256,-1.19058723,0.435260965,1.61622705,0.11635694,False,shared_heat,-1.07992561,1.11836329
WP_THYROID_HORMONES_PRODUCTION_AND_PERIPHERAL_DOWNSTREAM_SIGNALING_EFFECTS,Thyroid Hormones Production and Peripheral Downstream Signaling Effects,WikiPathways,-0.927459753,0.680754385,-1.1173686,0.473699803,1.47281185,0.192676777,False,shared_heat,-1.00618087,1.40129971
WP_THYROID_STIMULATING_HORMONE_TSH_SIGNALING,Thyroid Stimulating Hormone Tsh Signaling,WikiPathways,-1.08666228,0.484380282,-1.14712039,0.450835585,0.838932054,0.899259408,False,shared_heat,-1.09561443,0.873955956
WP_TLR4_SIGNALING_AND_TOLERANCE,TLR4 Signaling and Tolerance,WikiPathways,0.798010703,0.788793184,-1.18439092,0.450835585,1.70592297,0.10816478,False,shared_heat,-0.950392089,1.69392715
WP_TNFALPHA_SIGNALING,TNF-alphalpha Signaling,WikiPathways,1.29718807,0.26613146,1.16125137,0.435260965,1.28958536,0.333109663,False,shared_heat,1.22425703,1.41415802
WP_TNFRELATED_WEAK_INDUCER_OF_APOPTOSIS_TWEAK_SIGNALING,Tnfrelated Weak Inducer of Apoptosis Tweak Signaling,WikiPathways,-0.869369069,0.7358184,-0.990031929,0.576905878,1.50544081,0.176975935,False,shared_heat,-0.916937873,1.51409516
WP_TOLLLIKE_RECEPTOR_SIGNALING,Tolllike Receptor Signaling,WikiPathways,1.23884965,0.320622705,1.21752485,0.364955634,1.27357903,0.353650976,False,shared_heat,1.24209973,1.84166986
WP_TOLLLIKE_RECEPTOR_SIGNALING_RELATED_TO_MYD88,Tolllike Receptor Signaling Related to Myd88,WikiPathways,0.881215042,0.711818345,-1.14226189,0.473699803,1.7414188,0.0835316766,False,shared_heat,-0.966414526,1.80637799
WP_TRANSCRIPTIONAL_REGULATION_OF_MEMORY_B_CELL_DIFFERENTIATION,Transcriptional Regulation of Memory B Cell Differentiation,WikiPathways,1.18459909,0.403415355,1.17296583,0.435260965,-0.762029825,0.949260977,False,shared_heat,1.16607189,0.921592064
WP_TRANSCRIPTION_ACTIVATION_RNAPOLYMERASE_I_AND_KAT2AB_AND_INHIBITION_NURD_COMPLEX,Transcription Activation Rnapolymerase I and Kat2ab and Inhibition Nurd Complex,WikiPathways,-0.870951664,0.722038051,-0.894585039,0.672464871,-0.590904299,0.986200536,False,shared_heat,-0.927625942,-1.2670001
WP_TRANSLATION_FACTORS,Translation Factors,WikiPathways,1.1432783,0.438261056,1.10545114,0.491039411,0.897160378,0.852041668,False,shared_heat,1.15146161,1.00643936
WP_TRANSLATION_INHIBITORS_IN_CHRONICALLY_ACTIVATED_PDGFRA_CELLS,Translation Inhibitors in Chronically Activated Pdgfra Cells,WikiPathways,1.00108695,0.596799721,-0.954217873,0.613174581,1.1327068,0.553829053,False,shared_heat,0.985071214,0.853620544
WP_TRANSSULFURATION_ONECARBON_METABOLISM_AND_RELATED_PATHWAYS,Transsulfuration Onecarbon Metabolism and Related Pathways,WikiPathways,0.964500493,0.638281256,0.999824906,0.566600912,-0.955289721,0.804422061,False,shared_heat,0.904547389,-0.951842765
WP_TROP2_REGULATORY_SIGNALING,Trop2 Regulatory Signaling,WikiPathways,1.21129802,0.377409014,1.2700559,0.32526919,0.790504702,0.935801153,False,shared_heat,1.25582192,0.727754461
WP_TRYPTOPHAN_METABOLISM,Tryptophan Metabolism,WikiPathways,-1.66413497,0.0762698579,-1.63983209,0.0973571277,-1.01361659,0.726358976,False,shared_heat,-1.57441235,-1.92534683
WP_TYPE_2_PAPILLARY_RENAL_CELL_CARCINOMA,Type 2 Papillary Renal Cell Carcinoma,WikiPathways,1.68917154,0.072722643,1.54215706,0.170502525,-0.582923173,0.986200536,False,shared_heat,1.59040725,-0.630618942
WP_TYPE_II_INTERFERON_SIGNALING,Type II Interferon Signaling,WikiPathways,-1.40500419,0.218712957,-1.55021337,0.11125581,2.01168385,0.0104651038,True,cGAS_dampened,-1.54388748,2.34145164
WP_TYPE_I_INTERFERON_INDUCTION_AND_SIGNALING_DURING_SARSCOV2_INFECTION,Type I Interferon Induction and Signaling During Sarscov2 Infection,WikiPathways,-1.37253321,0.273369546,-1.99687588,0.00355865454,2.64437127,1.60789069e-08,True,KO_only,-1.71870222,2.58139079
WP_TYROBP_CAUSAL_NETWORK_IN_MICROGLIA,Tyrobp Causal Network in Microglia,WikiPathways,1.60214961,0.100738243,1.47600837,0.195686864,1.24489814,0.428888065,False,shared_heat,1.50247867,-1.45806657
WP_TYROSINE_KINASE_INHIBITORS_IN_GLIOBLASTOMA,Tyrosine Kinase Inhibitors in Glioblastoma,WikiPathways,-0.975750017,0.629130805,-1.03093497,0.554888534,1.40112327,0.296991699,False,shared_heat,-1.01277684,1.28922814
WP_T_CELL_MODULATION_AND_DESMOPLASIA_IN_PANCREATIC_CANCER,T Cell Modulation and Desmoplasia in Pancreatic Cancer,WikiPathways,2.02296006,0.00132752955,1.97098812,0.00395525734,-0.56053423,0.999761197,False,shared_heat,2.01570588,1.01036369
WP_T_CELL_RECEPTOR_AND_COSTIMULATORY_SIGNALING,T Cell Receptor and Costimulatory Signaling,WikiPathways,-1.25967856,0.368467755,-1.38833429,0.267479073,1.60265122,0.134878357,False,shared_heat,-1.31500651,-0.77395761
WP_ULCERATIVE_COLITIS_SIGNALING,Ulcerative Colitis Signaling,WikiPathways,1.24887929,0.389415034,1.06628101,0.521777665,0.919714097,0.830997792,False,shared_heat,1.17070284,0.914900161
WP_UNFOLDED_PROTEIN_RESPONSE,Unfolded Protein Response,WikiPathways,-1.40118897,0.250919237,-1.3979794,0.274052725,-0.703224413,0.953578095,False,shared_heat,-1.46490277,-1.27508305
WP_UREA_CYCLE_AND_ASSOCIATED_PATHWAYS,Urea Cycle and Associated Pathways,WikiPathways,1.03082711,0.566556327,1.14486526,0.473699803,-0.790832713,0.920993621,False,shared_heat,1.08004072,-0.877362902
WP_UROTENSINIIMEDIATED_SIGNALING,Urotensiniimediated Signaling,WikiPathways,-1.03669008,0.546263119,-1.1218293,0.464177103,-0.975268671,0.780643834,False,shared_heat,-1.06968857,1.04292562
WP_UTERINE_NATURAL_KILLER_CELLS_AND_PROGESTERONE_ESTROGEN_AND_CHORIONIC_GONADOTROPIN,Uterine Natural Killer Cells and Progesterone Estrogen and Chorionic Gonadotr...,WikiPathways,1.07253805,0.507692975,0.978566162,0.590797309,1.0412963,0.678668346,False,shared_heat,0.97413143,1.44468268
WP_VEGFAVEGFR2_SIGNALING,Vegfavegfr2 Signaling,WikiPathways,1.95999443,2.24717651e-06,1.8822184,4.38251677e-05,1.17664029,0.353650976,False,shared_heat,1.90269872,1.01014568
WP_VITAMIN_A_AND_CAROTENOID_METABOLISM,Vitamin A and Carotenoid Metabolism,WikiPathways,1.86841199,0.0199097751,1.97368112,0.00695774902,-0.946203675,0.807645945,False,shared_heat,1.92845436,0.943269205
WP_VITAMIN_B12_METABOLISM,Vitamin B12 Metabolism,WikiPathways,1.16867261,0.427744052,0.972106061,0.593542021,0.820191347,0.899259408,False,shared_heat,0.991532351,1.49813546
WP_VITAMIN_D_IN_INFLAMMATORY_DISEASES,Vitamin D in Inflammatory Diseases,WikiPathways,1.376467,0.273369546,1.28953605,0.364955634,1.30485497,0.384266116,False,shared_heat,1.3461226,1.41885778
WP_VITAMIN_D_RECEPTOR_PATHWAY,Vitamin D Receptor Pathway,WikiPathways,1.35621973,0.200077816,1.25834469,0.304881412,-0.893936309,0.873935111,False,shared_heat,1.30115797,1.02969497
WP_WHITE_FAT_CELL_DIFFERENTIATION,White Fat Cell Differentiation,WikiPathways,1.3296527,0.305505429,1.34463641,0.316509112,1.03955424,0.68833805,False,shared_heat,1.33813147,-0.838349285
WP_WNT_SIGNALING,Wnt Signaling,WikiPathways,0.784427834,0.852145818,-0.909627878,0.668284771,1.46300062,0.200037945,False,shared_heat,-0.826704268,0.477479462
WP_WNT_SIGNALING_AND_PLURIPOTENCY,Wnt Signaling and Pluripotency,WikiPathways,0.946575354,0.657461958,-0.898400148,0.682162803,1.43522597,0.205792507,False,shared_heat,0.870420659,0.765884969
WP_WNT_SIGNALING_NETPATH,Wnt Signaling Netpath,WikiPathways,-0.94534725,0.656347603,-1.38802108,0.256701358,1.72226157,0.0764074724,False,shared_heat,-1.2024626,1.34040703
WRNIP1_TARGET_GENES,Wrnip1 Target Genes,TF_Targets,1.17704786,0.202254786,1.08746549,0.344977725,1.10191725,0.629455445,False,shared_heat,1.12831283,1.07498409
YBX1_TARGET_GENES,Ybx1 Target Genes,TF_Targets,1.04901816,0.480475172,0.900444663,0.658669793,-1.33006229,0.530561444,False,shared_heat,1.02134896,-0.982744486
ZA_UNIPROT_Q9UM89_UNREVIEWED_GENES_TARGET_GENES,Za Uniprot Q9um89 Unreviewed Genes Target Genes,TF_Targets,1.39197715,0.202254786,1.35990015,0.24181439,0.806109421,0.999658814,False,shared_heat,1.4248404,1.02751143
ZBED4_TARGET_GENES,Zbed4 Target Genes,TF_Targets,1.32513594,0.184111691,1.42360951,0.120897692,-1.27791496,0.47436684,False,shared_heat,1.31940774,0.710055592
ZBED5_TARGET_GENES,Zbed5 Target Genes,TF_Targets,1.25873906,0.0876944365,1.12902839,0.252111949,1.10650084,0.591007529,False,shared_heat,1.18959125,-1.030412
ZBTB12_TARGET_GENES,Zbtb12 Target Genes,TF_Targets,-1.17765805,0.202254786,-1.22250907,0.193246,0.922485579,0.97975828,False,shared_heat,-1.20286184,-0.911095042
ZBTB18_TARGET_GENES,Zbtb18 Target Genes,TF_Targets,1.3642775,0.0687707889,1.34413157,0.0973767112,1.12570654,0.605921012,False,shared_heat,1.30508058,1.06381851
ZBTB1_TARGET_GENES,Zbtb1 Target Genes,TF_Targets,-0.679791383,0.914443944,0.7166001,0.885777328,-1.11717195,0.73838064,False,shared_heat,-0.665209821,0.58966642
ZBTB44_TARGET_GENES,Zbtb44 Target Genes,TF_Targets,1.11922247,0.30363668,1.05508222,0.420032798,1.15836433,0.580002225,False,shared_heat,1.087281,-0.994793515
ZBTB5_TARGET_GENES,Zbtb5 Target Genes,TF_Targets,1.11936746,0.329339618,1.05349611,0.435701366,1.07414815,0.73838064,False,shared_heat,1.07556932,-0.821674492
ZC3H11A_TARGET_GENES,Zc3h11a Target Genes,TF_Targets,1.23980709,0.184111691,1.16630311,0.261481705,1.19863783,0.512443945,False,shared_heat,1.20366644,1.19321135
ZFHX3_TARGET_GENES,Zfhx3 Target Genes,TF_Targets,1.18965565,0.154605216,1.12853071,0.239090661,0.956069411,0.945161002,False,shared_heat,1.15712587,-1.21363077
ZFP28_TARGET_GENES,Zfp28 Target Genes,TF_Targets,0.974963426,0.569459286,0.935682422,0.616996224,-0.541692839,0.999658814,False,shared_heat,-0.930347369,0.947535203
ZFP3_TARGET_GENES,Zfp3 Target Genes,TF_Targets,1.47256466,0.0843892684,1.28804109,0.235681693,1.27734558,0.501716407,False,shared_heat,1.39793152,-0.986833382
ZFP91_TARGET_GENES,Zfp91 Target Genes,TF_Targets,1.29860519,0.0687707889,1.15615849,0.239090661,1.29893082,0.272354625,False,shared_heat,1.2286357,0.934269648
ZIM3_TARGET_GENES,Zim3 Target Genes,TF_Targets,-1.19991553,0.202439416,-1.20782063,0.235681693,1.07431404,0.736348645,False,shared_heat,-1.21582923,-0.897887448
ZMYM2_TARGET_GENES,Zmym2 Target Genes,TF_Targets,1.4287361,0.160059853,1.22422233,0.307486142,-0.866804994,0.97975828,False,shared_heat,1.28468543,-1.38362409
ZNF101_TARGET_GENES,Znf101 Target Genes,TF_Targets,1.16867394,0.284544234,1.06607925,0.422820579,-0.940860024,0.939204022,False,shared_heat,1.07580571,-0.741486561
ZNF10_TARGET_GENES,Znf10 Target Genes,TF_Targets,1.20745101,0.202196164,-1.03715587,0.467103792,1.15386697,0.580002225,False,shared_heat,1.11936633,1.34598245
ZNF133_TARGET_GENES,Znf133 Target Genes,TF_Targets,1.2612251,0.264089537,0.913722679,0.66263798,1.54976009,0.272354625,False,shared_heat,1.1805422,1.12376314
ZNF134_TARGET_GENES,Znf134 Target Genes,TF_Targets,1.1890447,0.202439416,1.06260865,0.397417201,1.25978297,0.375786574,False,shared_heat,1.08265744,1.17375043
ZNF140_TARGET_GENES,Znf140 Target Genes,TF_Targets,1.16229162,0.279055422,1.1767443,0.276110521,0.918242943,0.965084805,False,shared_heat,1.14293332,1.0194094
ZNF146_TARGET_GENES,Znf146 Target Genes,TF_Targets,-0.938385338,0.685206755,-1.00231158,0.535584216,1.07102141,0.73838064,False,shared_heat,-0.969250544,1.02245045
ZNF157_TARGET_GENES,Znf157 Target Genes,TF_Targets,-0.972170123,0.571895361,-1.04906968,0.493906164,-0.565814062,0.999658814,False,shared_heat,-0.981787856,-1.20489941
ZNF165_TARGET_GENES,Znf165 Target Genes,TF_Targets,-1.08243931,0.435754493,-1.14446222,0.395217643,0.77115901,0.999658814,False,shared_heat,-1.09757735,0.948717925
ZNF16_TARGET_GENES,Znf16 Target Genes,TF_Targets,1.19460518,0.339748035,0.940206418,0.608111481,1.45445725,0.4032992,False,shared_heat,1.08354677,-1.22872507
ZNF175_TARGET_GENES,Znf175 Target Genes,TF_Targets,1.20743495,0.202254786,1.08261135,0.3771691,1.47830464,0.12276911,False,shared_heat,1.12999958,1.64560414
ZNF184_TARGET_GENES,Znf184 Target Genes,TF_Targets,1.18901804,0.190782686,-1.10693479,0.336067135,0.956795276,0.939204022,False,shared_heat,1.09961286,1.04044227
ZNF197_TARGET_GENES,Znf197 Target Genes,TF_Targets,-0.96443,0.600583155,-1.04383632,0.467103792,1.03760205,0.799766843,False,shared_heat,-0.948806282,1.18335333
ZNF213_TARGET_GENES,Znf213 Target Genes,TF_Targets,-1.19171626,0.264800959,-1.26943968,0.235498197,1.39859692,0.309935642,False,shared_heat,-1.18788094,0.871438537
ZNF223_TARGET_GENES,Znf223 Target Genes,TF_Targets,-1.13179835,0.346106318,-1.23255181,0.278002572,1.09896385,0.73838064,False,shared_heat,-1.13189756,-1.01002911
ZNF224_TARGET_GENES,Znf224 Target Genes,TF_Targets,-1.05785876,0.388169598,-1.08498848,0.370485608,0.902494262,0.999658814,False,shared_heat,-1.11425006,0.978586672
ZNF22_TARGET_GENES,Znf22 Target Genes,TF_Targets,1.14442307,0.264800959,1.07747694,0.3771691,1.27176922,0.375786574,False,shared_heat,1.10341754,1.041913
ZNF236_TARGET_GENES,Znf236 Target Genes,TF_Targets,0.923102355,0.66597839,0.86539109,0.788043654,0.931028336,0.939204022,False,shared_heat,0.917995165,-0.894281628
ZNF250_TARGET_GENES,Znf250 Target Genes,TF_Targets,-1.15523732,0.293275222,-1.11170195,0.3771691,-0.710238097,0.999658814,False,shared_heat,-1.16070126,-0.943664708
ZNF257_TARGET_GENES,Znf257 Target Genes,TF_Targets,1.19010648,0.250232586,1.06574656,0.417313264,0.858392019,0.999658814,False,shared_heat,1.08619861,-1.12159028
ZNF260_TARGET_GENES,Znf260 Target Genes,TF_Targets,-1.45746779,0.0445799614,-1.47971918,0.0506723781,0.77193207,0.999658814,False,shared_heat,-1.52113594,0.804571563
ZNF274_TARGET_GENES,Znf274 Target Genes,TF_Targets,1.34068909,0.0769433512,1.27441929,0.141404639,0.882451335,0.999658814,False,shared_heat,1.32202351,1.19825156
ZNF282_TARGET_GENES,Znf282 Target Genes,TF_Targets,1.10833986,0.297809235,1.03023883,0.466155341,0.816047058,0.999658814,False,shared_heat,1.04422493,-1.04587503
ZNF2_TARGET_GENES,Znf2 Target Genes,TF_Targets,1.26495966,0.126381156,1.13566666,0.276580341,1.12274313,0.583883987,False,shared_heat,1.22657773,1.1900934
ZNF30_TARGET_GENES,Znf30 Target Genes,TF_Targets,1.12968182,0.260822922,1.05976616,0.389695736,1.23235671,0.375786574,False,shared_heat,1.09273659,-0.893227693
ZNF318_TARGET_GENES,Znf318 Target Genes,TF_Targets,1.46742131,0.00993436225,1.34867962,0.0506723781,1.64026522,0.00852779779,True,WT_only,1.42576354,1.46759484
ZNF320_TARGET_GENES,Znf320 Target Genes,TF_Targets,1.36898889,0.0367693905,1.37417171,0.0429390833,0.980356648,0.885657469,False,shared_heat,1.34975336,1.10386157
ZNF322_TARGET_GENES,Znf322 Target Genes,TF_Targets,1.24771701,0.165535774,1.32077844,0.107720563,1.06065411,0.73838064,False,shared_heat,1.26353219,-0.893066845
ZNF329_TARGET_GENES,Znf329 Target Genes,TF_Targets,-1.15932194,0.297030911,-1.25090754,0.239090661,0.968913936,0.885657469,False,shared_heat,-1.18315367,-0.843956055
ZNF331_TARGET_GENES,Znf331 Target Genes,TF_Targets,-0.992249489,0.550570209,-0.968134752,0.583364609,-1.01273287,0.842282796,False,shared_heat,-0.985027496,-0.720614965
ZNF33A_TARGET_GENES,Znf33a Target Genes,TF_Targets,1.24569615,0.264800959,1.21833459,0.300810582,-0.809614835,0.999658814,False,shared_heat,1.23641565,1.1092865
ZNF34_TARGET_GENES,Znf34 Target Genes,TF_Targets,-0.80126036,0.837009899,-1.01565975,0.525106387,1.25450903,0.552202014,False,shared_heat,-0.900767745,-0.710629844
ZNF350_TARGET_GENES,Znf350 Target Genes,TF_Targets,1.45940247,0.00825777392,1.39841247,0.023962165,0.998061287,0.867321643,False,shared_heat,1.42451312,-1.19573846
ZNF354B_TARGET_GENES,Znf354b Target Genes,TF_Targets,-0.916366336,0.657341343,-0.971676717,0.578283692,-0.930077041,0.93832709,False,shared_heat,-0.898218857,-1.19301133
ZNF362_TARGET_GENES,Znf362 Target Genes,TF_Targets,-1.16794917,0.268774704,-1.23605252,0.235681693,0.67505279,0.999658814,False,shared_heat,-1.1516035,1.16758045
ZNF37A_TARGET_GENES,Znf37a Target Genes,TF_Targets,1.1301293,0.379196581,1.25593969,0.298055399,-1.01225464,0.842282796,False,shared_heat,1.22206668,-1.05101696
ZNF391_TARGET_GENES,Znf391 Target Genes,TF_Targets,1.40216386,0.0367693905,1.34165697,0.0764473786,1.08423622,0.695944794,False,shared_heat,1.38867738,1.41601824
ZNF394_TARGET_GENES,Znf394 Target Genes,TF_Targets,1.49506285,0.0109826377,1.43473445,0.0265821408,1.32079068,0.272354625,False,shared_heat,1.45728976,1.30534588
ZNF407_TARGET_GENES,Znf407 Target Genes,TF_Targets,1.32166823,0.0357290505,1.28387731,0.0608715702,0.899726544,0.999658814,False,shared_heat,1.31503121,-0.843864526
ZNF410_TARGET_GENES,Znf410 Target Genes,TF_Targets,1.197005,0.238463623,1.07826699,0.397417201,1.16608825,0.580002225,False,shared_heat,1.12216756,-1.0979046
ZNF41_TARGET_GENES,Znf41 Target Genes,TF_Targets,0.809499989,0.816517095,1.01803104,0.523966508,-1.2361336,0.580002225,False,shared_heat,0.881290328,0.672599667
ZNF423_TARGET_GENES,Znf423 Target Genes,TF_Targets,1.4296421,0.0214402992,1.36448115,0.0506723781,0.925925109,0.97975828,False,shared_heat,1.39518434,1.18594141
ZNF426_TARGET_GENES,Znf426 Target Genes,TF_Targets,0.973005394,0.569671808,0.895910267,0.678415191,-0.785659651,0.999658814,False,shared_heat,0.931656263,-0.722377091
ZNF436_TARGET_GENES,Znf436 Target Genes,TF_Targets,1.52772971,0.0371047522,1.48152451,0.0679564259,1.27255377,0.460585014,False,shared_heat,1.50807713,-1.02424221
ZNF486_TARGET_GENES,Znf486 Target Genes,TF_Targets,1.37255142,0.192744543,1.19122653,0.34297606,1.03589683,0.819941564,False,shared_heat,1.194584,-0.899071513
ZNF490_TARGET_GENES,Znf490 Target Genes,TF_Targets,1.43141435,0.0878150519,1.40255492,0.120897692,0.913008786,0.962545604,False,shared_heat,1.42986148,-0.924579983
ZNF507_TARGET_GENES,Znf507 Target Genes,TF_Targets,-1.07584655,0.387810611,-1.10317104,0.376350764,-0.974850444,0.885657469,False,shared_heat,-1.07349873,-1.33049221
ZNF512B_TARGET_GENES,Znf512b Target Genes,TF_Targets,-1.3819706,0.165535774,-1.46170704,0.120897692,0.945038945,0.909111985,False,shared_heat,-1.40543316,1.58508331
ZNF512_TARGET_GENES,Znf512 Target Genes,TF_Targets,1.11744949,0.339748035,-1.12844066,0.368371207,0.960044247,0.896669213,False,shared_heat,-1.04592216,1.57311616
ZNF513_TARGET_GENES,Znf513 Target Genes,TF_Targets,1.18821094,0.230305927,1.18452633,0.247233627,-0.808889589,0.999658814,False,shared_heat,1.22286378,1.01987035
ZNF524_TARGET_GENES,Znf524 Target Genes,TF_Targets,1.18675332,0.284544234,1.20026624,0.298055399,0.673451877,0.999658814,False,shared_heat,1.19005771,-0.920069251
ZNF528_TARGET_GENES,Znf528 Target Genes,TF_Targets,1.22918311,0.200124032,1.24626691,0.203602608,0.783659963,0.999658814,False,shared_heat,1.23629114,-0.857549167
ZNF532_TARGET_GENES,Znf532 Target Genes,TF_Targets,0.801595613,0.795943466,-0.777617995,0.81811366,1.15630161,0.699446227,False,shared_heat,0.719269638,0.903340428
ZNF547_TARGET_GENES,Znf547 Target Genes,TF_Targets,1.33607964,0.176813497,1.33434919,0.195041241,-1.10680775,0.706523375,False,shared_heat,1.31078545,0.795182989
ZNF549_TARGET_GENES,Znf549 Target Genes,TF_Targets,1.59224675,0.00242499998,1.57695604,0.00678218217,0.889416719,0.999658814,False,shared_heat,1.57066879,1.1783738
ZNF555_TARGET_GENES,Znf555 Target Genes,TF_Targets,1.23875862,0.297809235,1.06675016,0.467103792,0.749599028,0.999658814,False,shared_heat,1.15712234,0.467773102
ZNF558_TARGET_GENES,Znf558 Target Genes,TF_Targets,1.25444928,0.250232586,1.20742307,0.303129693,0.825571462,0.999658814,False,shared_heat,1.20123671,1.51588551
ZNF561_TARGET_GENES,Znf561 Target Genes,TF_Targets,-0.963271864,0.616882481,0.951090921,0.657053448,-0.858867366,0.999658814,False,shared_heat,0.963163161,-0.910348018
ZNF563_TARGET_GENES,Znf563 Target Genes,TF_Targets,1.45260907,0.0485856213,1.47810696,0.0506723781,-1.14181873,0.583722661,False,shared_heat,1.50981023,1.10373642
ZNF577_TARGET_GENES,Znf577 Target Genes,TF_Targets,1.32389992,0.165535774,1.11271183,0.370485608,1.44363211,0.272354625,False,shared_heat,1.21230928,0.810923912
ZNF579_TARGET_GENES,Znf579 Target Genes,TF_Targets,-1.09395959,0.34931599,-1.21759661,0.239090661,0.9995138,0.861231591,False,shared_heat,-1.13660554,0.934363649
ZNF581_TARGET_GENES,Znf581 Target Genes,TF_Targets,-1.27501175,0.206672836,-1.22999459,0.270826934,-1.1898845,0.580002225,False,shared_heat,-1.25079944,-1.41807391
ZNF582_TARGET_GENES,Znf582 Target Genes,TF_Targets,1.55036757,0.138639832,1.17579393,0.383790165,1.11838581,0.73838064,False,shared_heat,1.35560846,1.35270624
ZNF584_TARGET_GENES,Znf584 Target Genes,TF_Targets,1.08100036,0.402327935,1.17013832,0.317051255,0.787803068,0.999658814,False,shared_heat,1.11419448,1.27345144
ZNF585B_TARGET_GENES,Znf585b Target Genes,TF_Targets,-0.885567661,0.693733787,-1.00485707,0.535762505,1.21926702,0.591007529,False,shared_heat,-0.944443686,-0.970184361
ZNF589_TARGET_GENES,Znf589 Target Genes,TF_Targets,1.10349379,0.339748035,0.978129393,0.581033531,1.23313018,0.475811869,False,shared_heat,0.97331688,1.31199163
ZNF592_TARGET_GENES,Znf592 Target Genes,TF_Targets,1.39296979,0.0135966008,1.23762119,0.106066937,1.39265915,0.106115418,False,shared_heat,1.29493208,1.42339104
ZNF595_TARGET_GENES,Znf595 Target Genes,TF_Targets,-0.990518544,0.553096277,-1.02175835,0.525106387,-0.615795855,0.999658814,False,shared_heat,-1.06183276,-0.740937697
ZNF596_TARGET_GENES,Znf596 Target Genes,TF_Targets,1.30759106,0.154605216,1.34777801,0.120897692,0.73524748,0.999658814,False,shared_heat,1.30328577,1.55288832
ZNF597_TARGET_GENES,Znf597 Target Genes,TF_Targets,1.5081228,0.0112914608,1.38730177,0.0519143139,1.45939734,0.121999134,False,shared_heat,1.39104841,1.42347187
ZNF610_TARGET_GENES,Znf610 Target Genes,TF_Targets,1.19615987,0.220139296,1.18869742,0.243139951,-1.00266802,0.856335082,False,shared_heat,1.2242785,1.11696917
ZNF618_TARGET_GENES,Znf618 Target Genes,TF_Targets,-1.14735549,0.250232586,-1.2822013,0.120897692,1.27138984,0.329010223,False,shared_heat,-1.18430753,1.29647767
ZNF622_TARGET_GENES,Znf622 Target Genes,TF_Targets,1.00507644,0.534370206,0.807345521,0.788043654,0.932430105,0.90725107,False,shared_heat,0.91441418,-0.923484478
ZNF623_TARGET_GENES,Znf623 Target Genes,TF_Targets,1.52341582,0.0504951253,1.39714224,0.128169671,1.24983891,0.512443945,False,shared_heat,1.49239474,1.18268245
ZNF660_TARGET_GENES,Znf660 Target Genes,TF_Targets,1.12825614,0.301209794,1.08304917,0.384148677,0.98582605,0.875872718,False,shared_heat,1.10361401,1.0614263
ZNF664_TARGET_GENES,Znf664 Target Genes,TF_Targets,1.08723033,0.346106318,-1.04266525,0.456536046,1.39660645,0.236274626,False,shared_heat,-0.989501124,1.00677954
ZNF667_TARGET_GENES,Znf667 Target Genes,TF_Targets,0.922082799,0.630220226,0.781918029,0.810553938,1.19347123,0.655283856,False,shared_heat,0.81605679,0.905829328
ZNF669_TARGET_GENES,Znf669 Target Genes,TF_Targets,-1.49192979,0.160059853,-1.3594311,0.247233627,-0.901201557,0.939204022,False,shared_heat,-1.33161076,-1.42895623
ZNF677_TARGET_GENES,Znf677 Target Genes,TF_Targets,1.27387039,0.273564789,1.19974508,0.351824032,0.638959249,0.999658814,False,shared_heat,1.23898183,-0.61984143
ZNF680_TARGET_GENES,Znf680 Target Genes,TF_Targets,-1.12688927,0.305039709,-1.23134477,0.235681693,1.14768987,0.583722661,False,shared_heat,-1.18505908,1.01469244
ZNF697_TARGET_GENES,Znf697 Target Genes,TF_Targets,1.0075747,0.530408003,0.923809193,0.638589995,-0.75229615,0.999658814,False,shared_heat,0.947242155,-0.728588574
ZNF708_TARGET_GENES,Znf708 Target Genes,TF_Targets,-1.25013993,0.299641373,-1.11195164,0.432073701,-0.9871967,0.871866957,False,shared_heat,-1.1333619,-0.980537862
ZNF711_TARGET_GENES,Znf711 Target Genes,TF_Targets,1.18730244,0.176813497,1.09863598,0.307486142,0.879471684,0.999658814,False,shared_heat,1.12998994,-0.947592174
ZNF740_TARGET_GENES,Znf740 Target Genes,TF_Targets,1.59042414,0.00057497147,1.53972961,0.00251424437,0.926012943,0.982132964,False,shared_heat,1.56779586,1.45544023
ZNF746_TARGET_GENES,Znf746 Target Genes,TF_Targets,-1.20232274,0.319447643,-1.38568261,0.235498197,1.19075528,0.641316448,False,shared_heat,-1.26931976,1.80552449
ZNF766_TARGET_GENES,Znf766 Target Genes,TF_Targets,1.39937171,0.0337202019,1.25604737,0.134576455,1.23817814,0.375786574,False,shared_heat,1.31857368,1.4350559
ZNF768_TARGET_GENES,Znf768 Target Genes,TF_Targets,1.50471515,0.00779157536,1.3042805,0.0823859778,1.54819696,0.024057914,True,WT_only,1.3863739,1.31014865
ZNF781_TARGET_GENES,Znf781 Target Genes,TF_Targets,0.946471341,0.603675673,0.853365893,0.754895324,-0.744246672,0.999658814,False,shared_heat,0.88671792,0.485517213
ZNF784_TARGET_GENES,Znf784 Target Genes,TF_Targets,-1.40025407,0.106979968,-1.31588215,0.195041241,-0.926892059,0.952831122,False,shared_heat,-1.41028659,-0.8284558
ZNF7_TARGET_GENES,Znf7 Target Genes,TF_Targets,1.36408843,0.068332183,1.30814859,0.120897692,1.21924478,0.467591807,False,shared_heat,1.32862157,-1.04831858
ZNF816_TARGET_GENES,Znf816 Target Genes,TF_Targets,-0.994761523,0.548350965,-1.03761537,0.475969461,-0.851703556,0.999658814,False,shared_heat,-1.02051664,-0.953860548
ZNF830_TARGET_GENES,Znf830 Target Genes,TF_Targets,-0.94227427,0.625024425,-1.01413918,0.525106387,-1.05834155,0.772774417,False,shared_heat,-1.01041514,-1.16759699
ZNF843_TARGET_GENES,Znf843 Target Genes,TF_Targets,1.06617259,0.387810611,-0.97385136,0.593653364,0.917989263,0.97975828,False,shared_heat,1.03080265,-0.942459321
ZNF85_TARGET_GENES,Znf85 Target Genes,TF_Targets,1.15667231,0.319447643,1.17129446,0.330590276,1.18048546,0.599626669,False,shared_heat,1.21121843,0.698176154
ZNF8_TARGET_GENES,Znf8 Target Genes,TF_Targets,1.04865281,0.417220698,1.08588117,0.370485608,1.18547355,0.512443945,False,shared_heat,1.0825061,1.16850766
ZNF92_TARGET_GENES,Znf92 Target Genes,TF_Targets,1.55650318,0.00311738461,1.37880164,0.0358070268,1.51704601,0.024057914,True,cGAS_amplified,1.43561592,0.927705995
ZSCAN21_TARGET_GENES,Zscan21 Target Genes,TF_Targets,1.30107512,0.176813497,1.1248631,0.360868406,1.08240767,0.73838064,False,shared_heat,1.24694469,1.0412907
ZSCAN23_TARGET_GENES,Zscan23 Target Genes,TF_Targets,-1.1435486,0.387810611,-1.09490302,0.451921792,0.755818792,0.999658814,False,shared_heat,-1.1302513,0.805902806
ZSCAN2_TARGET_GENES,Zscan2 Target Genes,TF_Targets,1.13105367,0.280956089,1.09879381,0.353567081,-1.01871867,0.819941564,False,shared_heat,1.12182905,-1.1645683
ZSCAN30_TARGET_GENES,Zscan30 Target Genes,TF_Targets,1.20464222,0.160059853,1.20764162,0.153823428,1.01513792,0.82807787,False,shared_heat,1.21196039,1.07016855
ZSCAN31_TARGET_GENES,Zscan31 Target Genes,TF_Targets,-1.06906403,0.388169598,-0.993668294,0.548911756,-1.00692975,0.842282796,False,shared_heat,-1.02907461,-1.16241892
ZSCAN4_TARGET_GENES,Zscan4 Target Genes,TF_Targets,1.12433741,0.278167249,-1.18520396,0.235681693,1.12457395,0.583722661,False,shared_heat,-1.1124608,0.990220347
ZSCAN5C_TARGET_GENES,Zscan5c Target Genes,TF_Targets,1.11751584,0.388169598,0.966121749,0.581033531,0.871432666,0.974991564,False,shared_heat,1.00781802,1.37097113
ZSCAN5DP_TARGET_GENES,Zscan5dp Target Genes,TF_Targets,1.20060636,0.165535774,1.13906895,0.247233627,1.02731167,0.799766843,False,shared_heat,1.16804382,-1.26577554
ZZZ3_TARGET_GENES,Zzz3 Target Genes,TF_Targets,-0.862393207,0.77322435,-0.977371599,0.576697864,0.879462231,0.97975828,False,shared_heat,-0.939359963,-0.993296501
